End Time,Meter,Start Time,avgAmp,avgPf,avgTHD,avgVolt,l1Amp,l1Kva,l1Kvar,l1Kw,l1Pf,l1THD,l1Volt,l2Amp,l2Kva,l2Kvar,l2Kw,l2Pf,l2THD,l2Volt,l3Amp,l3Kva,l3Kvar,l3Kw,l3Pf,l3THD,l3Volt,totalKva,totalKvar,totalKw
2026-01-23 00:00:59,Meter 1,2026-01-23 00:00:00,41.27,91.29,0.00,214.82,55.86,6.86,-1.90,5.70,94.85,0.00,214.83,36.13,4.51,0.14,4.21,99.94,0.00,214.88,31.80,3.96,-2.07,2.67,79.07,0.00,214.74,15.33,-3.83,12.58
2026-01-23 00:01:59,Meter 1,2026-01-23 00:01:00,50.12,99.05,0.00,214.76,70.25,8.62,-0.45,5.40,99.65,0.00,214.81,40.91,5.11,1.00,4.47,97.57,0.00,215.05,39.19,4.88,0.16,4.27,99.93,0.00,214.41,18.60,0.72,14.14
2026-01-23 00:02:59,Meter 1,2026-01-23 00:02:00,30.31,99.03,0.00,214.80,38.88,4.78,-0.46,4.58,99.51,0.00,214.97,25.40,3.17,-0.11,2.95,99.93,0.00,214.86,26.64,3.32,-0.66,3.00,97.66,0.00,214.57,11.26,-1.23,10.54
2026-01-23 00:03:59,Meter 1,2026-01-23 00:03:00,58.97,99.96,0.00,214.80,72.46,8.90,-0.26,5.39,99.88,0.00,214.99,47.31,5.90,-0.06,4.17,99.99,0.00,214.86,57.13,7.11,0.01,4.86,100.00,0.00,214.53,21.91,-0.31,14.43
2026-01-23 00:04:59,Meter 1,2026-01-23 00:04:00,37.58,93.70,0.00,214.85,48.19,5.92,-2.24,5.09,91.53,0.00,215.03,35.00,4.37,-0.13,4.24,99.95,0.00,214.83,29.55,3.68,-1.48,2.98,89.60,0.00,214.68,13.97,-3.85,12.31
2026-01-23 00:05:59,Meter 1,2026-01-23 00:05:00,49.32,99.59,0.00,214.79,63.19,7.76,0.07,5.30,99.99,0.00,214.80,43.94,5.48,0.72,4.55,98.78,0.00,214.97,40.84,5.09,0.00,4.80,100.00,0.00,214.61,18.33,0.78,14.65
2026-01-23 00:06:59,Meter 1,2026-01-23 00:06:00,53.55,98.75,0.00,214.52,69.61,8.54,-1.48,5.57,96.63,0.00,214.61,42.00,5.23,0.07,5.02,99.99,0.00,214.46,49.04,6.10,-0.42,4.82,99.63,0.00,214.47,19.87,-1.83,15.40
2026-01-23 00:07:59,Meter 1,2026-01-23 00:07:00,58.43,98.87,0.00,214.51,77.31,9.48,-1.44,5.84,97.08,0.00,214.62,46.90,5.84,0.51,5.45,99.56,0.00,214.57,51.06,6.35,0.13,4.86,99.97,0.00,214.32,21.67,-0.80,16.16
2026-01-23 00:08:59,Meter 1,2026-01-23 00:08:00,51.37,99.67,0.00,214.47,59.28,7.27,-0.63,5.39,99.32,0.00,214.51,42.14,5.25,-0.34,4.31,99.69,0.00,214.63,52.69,6.55,-0.03,5.16,100.00,0.00,214.26,19.07,-1.00,14.87
2026-01-23 00:09:59,Meter 1,2026-01-23 00:09:00,38.10,99.41,0.00,214.47,41.40,5.08,-0.67,4.57,98.93,0.00,214.61,31.63,3.94,0.14,3.79,99.93,0.00,214.47,41.28,5.13,0.56,4.96,99.37,0.00,214.32,14.15,0.03,13.32
2026-01-23 00:10:59,Meter 1,2026-01-23 00:10:00,43.36,99.12,0.00,214.57,48.14,5.90,-0.84,3.80,97.65,0.00,214.61,36.80,4.59,0.09,3.63,99.97,0.00,214.74,45.15,5.62,0.35,4.80,99.74,0.00,214.36,16.11,-0.40,12.23
2026-01-23 00:11:59,Meter 1,2026-01-23 00:11:00,48.11,98.67,0.00,214.47,59.19,7.25,-1.04,3.85,96.56,0.00,214.53,37.04,4.62,0.26,3.83,99.78,0.00,214.77,48.10,5.98,0.44,5.36,99.67,0.00,214.09,17.85,-0.34,13.04
2026-01-23 00:12:59,Meter 1,2026-01-23 00:12:00,49.40,97.73,0.00,214.42,60.68,7.43,-1.26,3.51,94.16,0.00,214.39,37.43,4.66,-0.09,3.48,99.96,0.00,214.66,50.11,6.23,0.75,5.49,99.07,0.00,214.21,18.33,-0.60,12.48
2026-01-23 00:13:59,Meter 1,2026-01-23 00:13:00,53.07,98.06,0.00,214.43,65.57,8.04,-1.98,5.95,94.91,0.00,214.57,41.98,5.23,-0.25,5.11,99.88,0.00,214.64,51.67,6.42,-0.65,5.94,99.41,0.00,214.09,19.69,-2.88,17.01
2026-01-23 00:14:59,Meter 1,2026-01-23 00:14:00,40.87,95.80,0.00,214.37,50.54,6.19,-1.41,5.30,96.63,0.00,214.53,29.58,3.69,-1.35,3.23,92.25,0.00,214.62,42.49,5.28,-0.87,4.99,98.51,0.00,213.96,15.16,-3.63,13.52
2026-01-23 00:15:59,Meter 1,2026-01-23 00:15:00,63.66,99.68,0.00,214.26,82.83,10.14,0.04,7.59,100.00,0.00,214.46,45.90,5.72,-0.22,5.04,99.90,0.00,214.58,62.24,7.73,0.96,7.24,99.13,0.00,213.74,23.58,0.78,19.87
2026-01-23 00:16:59,Meter 1,2026-01-23 00:16:00,46.60,99.68,0.00,214.27,57.95,7.10,-0.87,6.87,99.21,0.00,214.46,36.14,4.50,-0.25,4.38,99.83,0.00,214.50,45.71,5.68,-0.00,5.60,100.00,0.00,213.87,17.27,-1.13,16.84
2026-01-23 00:17:59,Meter 1,2026-01-23 00:17:00,43.65,99.50,0.00,214.28,54.04,6.61,-0.51,6.48,99.69,0.00,214.51,28.61,3.57,-0.07,3.41,99.98,0.00,214.63,48.29,5.99,0.88,5.71,98.82,0.00,213.70,16.17,0.31,15.60
2026-01-23 00:18:59,Meter 1,2026-01-23 00:18:00,59.35,98.06,0.00,214.28,72.36,8.86,1.07,6.96,98.84,0.00,214.49,40.19,5.01,0.23,4.06,99.84,0.00,214.59,65.51,8.13,2.11,6.78,95.48,0.00,213.75,22.00,3.41,17.81
2026-01-23 00:19:59,Meter 1,2026-01-23 00:19:00,50.58,99.70,0.00,214.32,65.11,7.98,-0.80,7.37,99.42,0.00,214.54,35.98,4.48,-0.35,4.30,99.68,0.00,214.42,50.64,6.29,-0.07,6.13,99.99,0.00,213.99,18.75,-1.22,17.80
2026-01-23 00:20:59,Meter 1,2026-01-23 00:20:00,57.86,99.54,0.00,214.38,74.08,9.08,-1.28,7.95,98.73,0.00,214.47,41.92,5.22,-0.01,4.70,100.00,0.00,214.52,57.56,7.15,0.26,5.90,99.90,0.00,214.16,21.45,-1.03,18.56
2026-01-23 00:21:59,Meter 1,2026-01-23 00:21:00,44.50,98.89,0.00,214.45,51.54,6.32,-1.28,5.79,97.64,0.00,214.56,34.28,4.27,-0.54,3.96,99.07,0.00,214.64,47.67,5.92,0.15,5.73,99.96,0.00,214.15,16.51,-1.67,15.49
2026-01-23 00:22:59,Meter 1,2026-01-23 00:22:00,48.62,97.17,0.00,214.51,57.66,7.07,0.46,4.63,99.50,0.00,214.71,41.39,5.16,0.88,3.76,97.39,0.00,214.63,46.80,5.82,1.80,5.28,94.63,0.00,214.18,18.05,3.14,13.67
2026-01-23 00:23:59,Meter 1,2026-01-23 00:23:00,26.92,97.79,0.00,214.56,31.76,3.90,-1.10,3.47,95.36,0.00,214.75,26.48,3.30,0.59,2.93,98.01,0.00,214.67,22.52,2.80,-0.03,2.63,99.99,0.00,214.27,10.00,-0.53,9.03
2026-01-23 00:24:59,Meter 1,2026-01-23 00:24:00,26.14,90.87,0.00,214.52,30.20,3.70,-2.05,2.40,76.17,0.00,214.74,23.46,2.92,-0.01,2.60,100.00,0.00,214.58,24.78,3.08,-0.70,2.55,96.45,0.00,214.24,9.71,-2.75,7.56
2026-01-23 00:25:59,Meter 1,2026-01-23 00:25:00,51.85,95.23,0.00,214.56,59.49,7.29,-2.59,4.74,87.71,0.00,214.64,42.73,5.33,-0.38,4.37,99.63,0.00,214.88,53.34,6.63,-0.87,4.72,98.35,0.00,214.17,19.25,-3.84,13.82
2026-01-23 00:26:59,Meter 1,2026-01-23 00:26:00,54.13,93.24,0.00,214.68,64.37,7.90,-2.26,4.22,88.17,0.00,214.93,39.41,4.92,-1.28,3.05,92.25,0.00,214.92,58.62,7.29,-0.57,4.77,99.30,0.00,214.19,20.10,-4.10,12.04
2026-01-23 00:27:59,Meter 1,2026-01-23 00:27:00,51.36,92.39,0.00,214.61,61.60,7.56,-2.75,4.45,85.03,0.00,214.81,36.52,4.55,-1.15,3.34,94.58,0.00,214.66,55.95,6.96,-0.98,4.34,97.55,0.00,214.36,19.07,-4.88,12.13
2026-01-23 00:28:59,Meter 1,2026-01-23 00:28:00,49.55,96.30,0.00,214.52,69.27,8.50,-1.78,3.52,89.30,0.00,214.85,30.25,3.77,-0.25,2.96,99.64,0.00,214.46,49.13,6.10,0.08,3.46,99.98,0.00,214.26,18.38,-1.95,9.95
2026-01-23 00:29:59,Meter 1,2026-01-23 00:29:00,39.51,98.15,0.00,214.51,44.77,5.49,-0.76,3.24,97.38,0.00,214.77,27.92,3.48,-0.21,2.76,99.71,0.00,214.56,45.83,5.69,1.15,4.92,97.36,0.00,214.20,14.67,0.18,10.93
2026-01-23 00:30:59,Meter 1,2026-01-23 00:30:00,56.50,98.14,0.00,214.49,72.00,8.83,-1.55,4.72,94.97,0.00,214.84,38.81,4.84,-0.35,3.85,99.58,0.00,214.53,58.70,7.29,0.31,5.66,99.85,0.00,214.09,20.96,-1.60,14.23
2026-01-23 00:31:59,Meter 1,2026-01-23 00:31:00,47.83,97.42,0.00,214.38,57.99,7.10,-0.99,4.10,97.21,0.00,214.44,35.00,4.36,0.56,3.89,98.97,0.00,214.69,50.50,6.28,1.60,5.53,96.08,0.00,214.01,17.74,1.17,13.52
2026-01-23 00:32:59,Meter 1,2026-01-23 00:32:00,62.23,99.38,0.00,214.39,77.87,9.54,0.13,6.53,99.98,0.00,214.61,44.49,5.55,0.03,4.39,100.00,0.00,214.66,64.33,7.99,1.26,6.48,98.16,0.00,213.90,23.07,1.42,17.40
2026-01-23 00:33:59,Meter 1,2026-01-23 00:33:00,57.37,98.21,0.00,214.47,65.14,7.98,0.61,6.69,99.59,0.00,214.50,47.09,5.87,0.59,5.07,99.32,0.00,214.73,59.89,7.45,2.14,7.08,95.73,0.00,214.17,21.30,3.34,18.84
2026-01-23 00:34:59,Meter 1,2026-01-23 00:34:00,53.21,99.21,0.00,214.44,60.28,7.39,0.23,7.29,99.95,0.00,214.40,43.94,5.47,0.50,5.38,99.57,0.00,214.68,55.43,6.89,1.33,6.73,98.11,0.00,214.24,19.75,2.06,19.40
2026-01-23 00:35:59,Meter 1,2026-01-23 00:35:00,59.33,99.83,0.00,214.47,73.72,9.04,-0.28,6.83,99.92,0.00,214.24,47.84,5.95,0.15,4.75,99.95,0.00,214.69,56.43,7.02,0.49,5.55,99.61,0.00,214.47,22.01,0.37,17.14
2026-01-23 00:36:59,Meter 1,2026-01-23 00:36:00,63.45,99.67,0.00,214.46,77.59,9.52,-0.46,6.72,99.77,0.00,214.43,54.42,6.77,0.28,5.08,99.85,0.00,214.53,58.34,7.25,0.66,5.99,99.40,0.00,214.41,23.55,0.48,17.78
2026-01-23 00:37:59,Meter 1,2026-01-23 00:37:00,52.12,98.68,0.00,214.57,68.17,8.36,-1.00,4.58,97.69,0.00,214.50,33.47,4.17,-0.47,2.79,98.64,0.00,214.70,54.72,6.81,0.30,4.03,99.72,0.00,214.50,19.34,-1.17,11.39
2026-01-23 00:38:59,Meter 1,2026-01-23 00:38:00,46.24,91.45,0.00,214.72,68.81,8.44,-1.91,3.20,85.89,0.00,214.65,26.34,3.28,-1.04,2.09,89.53,0.00,214.89,43.57,5.43,-0.44,2.98,98.93,0.00,214.60,17.15,-3.39,8.27
2026-01-23 00:39:59,Meter 1,2026-01-23 00:39:00,37.54,94.84,0.00,214.65,49.10,6.02,-2.28,4.12,87.48,0.00,214.69,28.38,3.54,-0.60,3.24,98.35,0.00,214.91,35.13,4.37,-0.59,3.60,98.69,0.00,214.35,13.93,-3.47,10.96
2026-01-23 00:40:59,Meter 1,2026-01-23 00:40:00,39.97,95.91,0.00,214.72,48.92,6.00,-2.10,4.42,90.28,0.00,214.66,31.91,3.98,-0.60,3.36,98.43,0.00,215.04,39.07,4.87,-0.64,4.48,99.01,0.00,214.47,14.85,-3.34,12.26
2026-01-23 00:41:59,Meter 1,2026-01-23 00:41:00,33.18,95.06,0.00,214.68,41.96,5.15,-2.14,3.65,86.26,0.00,214.68,25.82,3.22,-0.16,2.92,99.85,0.00,214.85,31.76,3.95,-0.47,3.48,99.08,0.00,214.51,12.32,-2.77,10.04
2026-01-23 00:42:59,Meter 1,2026-01-23 00:42:00,38.70,95.12,0.00,214.73,48.67,5.98,-2.31,4.34,88.24,0.00,214.92,30.42,3.79,-0.63,3.51,98.42,0.00,214.75,37.01,4.60,-0.67,4.11,98.71,0.00,214.51,14.38,-3.61,11.96
2026-01-23 00:43:59,Meter 1,2026-01-23 00:43:00,42.32,94.25,0.00,214.78,46.42,5.70,-2.19,5.00,91.62,0.00,214.96,32.37,4.04,-1.20,3.43,94.37,0.00,214.93,48.15,5.99,-1.23,4.71,96.77,0.00,214.45,15.73,-4.62,13.14
2026-01-23 00:44:59,Meter 1,2026-01-23 00:44:00,37.24,99.40,0.00,214.75,45.48,5.58,-0.21,3.66,99.83,0.00,214.87,25.90,3.23,0.02,2.56,100.00,0.00,214.92,40.34,5.02,0.87,4.76,98.36,0.00,214.46,13.83,0.68,10.98
2026-01-23 00:45:59,Meter 1,2026-01-23 00:45:00,26.76,96.43,0.00,214.68,29.64,3.64,-1.30,2.94,91.47,0.00,214.77,26.71,3.33,0.59,2.96,98.09,0.00,214.94,23.93,2.98,-0.20,2.69,99.73,0.00,214.33,9.95,-0.91,8.60
2026-01-23 00:46:59,Meter 1,2026-01-23 00:46:00,52.10,99.47,0.00,214.63,58.32,7.15,-0.93,5.31,98.50,0.00,214.69,42.59,5.31,0.20,4.77,99.92,0.00,214.94,55.38,6.89,-0.01,6.09,100.00,0.00,214.25,19.35,-0.74,16.17
2026-01-23 00:47:59,Meter 1,2026-01-23 00:47:00,37.18,96.54,0.00,214.62,49.83,6.11,-1.46,3.64,92.83,0.00,214.72,28.68,3.58,0.23,3.33,99.77,0.00,214.82,33.04,4.11,-0.66,2.64,97.02,0.00,214.32,13.80,-1.89,9.61
2026-01-23 00:48:59,Meter 1,2026-01-23 00:48:00,44.13,99.00,0.00,214.67,61.67,7.57,-0.50,3.43,98.95,0.00,214.95,38.10,4.75,0.55,2.89,98.24,0.00,214.66,32.61,4.05,0.19,3.18,99.82,0.00,214.39,16.38,0.24,9.50
2026-01-23 00:49:59,Meter 1,2026-01-23 00:49:00,36.97,96.71,0.00,214.55,49.74,6.10,-1.43,3.52,92.62,0.00,214.72,29.33,3.66,0.40,3.38,99.30,0.00,214.68,31.84,3.96,-0.52,2.69,98.20,0.00,214.25,13.72,-1.55,9.59
2026-01-23 00:50:59,Meter 1,2026-01-23 00:50:00,42.56,96.81,0.00,214.48,46.79,5.73,0.45,5.37,99.65,0.00,214.71,34.19,4.26,1.23,3.88,95.32,0.00,214.69,46.72,5.80,1.70,5.45,95.45,0.00,214.03,15.80,3.38,14.70
2026-01-23 00:51:59,Meter 1,2026-01-23 00:51:00,52.16,97.67,0.00,214.67,70.41,8.64,-0.07,4.67,99.99,0.00,214.96,35.58,4.44,1.01,3.74,96.52,0.00,214.73,50.51,6.28,1.25,4.61,96.51,0.00,214.31,19.36,2.20,13.02
2026-01-23 00:52:59,Meter 1,2026-01-23 00:52:00,55.89,99.21,0.00,214.68,66.71,8.18,0.44,6.17,99.75,0.00,214.91,38.21,4.77,-0.38,3.20,99.31,0.00,214.92,62.74,7.80,1.06,6.22,98.59,0.00,214.21,20.76,1.12,15.59
2026-01-23 00:53:59,Meter 1,2026-01-23 00:53:00,42.75,97.69,0.00,214.82,52.35,6.43,-0.35,3.96,99.62,0.00,215.07,29.81,3.72,-0.85,2.53,94.86,0.00,214.96,46.08,5.73,0.93,5.48,98.59,0.00,214.43,15.88,-0.27,11.97
2026-01-23 00:54:59,Meter 1,2026-01-23 00:54:00,49.00,99.19,0.00,214.71,63.60,7.81,-1.15,5.27,97.69,0.00,214.90,36.87,4.60,-0.20,4.20,99.89,0.00,214.76,46.52,5.79,-0.03,5.07,100.00,0.00,214.47,18.19,-1.38,14.55
2026-01-23 00:55:59,Meter 1,2026-01-23 00:55:00,43.64,98.42,0.00,214.72,55.01,6.76,-1.06,6.53,98.70,0.00,214.84,36.45,4.54,-0.73,4.37,98.65,0.00,214.71,39.46,4.91,-0.97,4.70,97.93,0.00,214.61,16.21,-2.76,15.59
2026-01-23 00:56:59,Meter 1,2026-01-23 00:56:00,60.95,96.35,0.00,214.80,75.26,9.25,-1.54,5.69,96.53,0.00,214.88,49.27,6.14,-0.96,4.06,97.33,0.00,214.82,58.32,7.26,-1.39,4.34,95.19,0.00,214.70,22.65,-3.89,14.09
2026-01-23 00:57:59,Meter 1,2026-01-23 00:57:00,48.02,99.59,0.00,214.72,57.56,7.07,0.18,5.28,99.94,0.00,214.87,45.30,5.65,0.53,4.52,99.31,0.00,214.83,41.20,5.13,0.49,4.92,99.52,0.00,214.47,17.84,1.20,14.72
2026-01-23 00:58:59,Meter 1,2026-01-23 00:58:00,61.53,99.50,0.00,214.77,73.33,9.01,-0.46,6.65,99.77,0.00,215.02,51.18,6.38,0.79,5.41,98.96,0.00,214.66,60.08,7.47,0.36,5.31,99.77,0.00,214.64,22.87,0.70,17.37
2026-01-23 00:59:59,Meter 1,2026-01-23 00:59:00,60.03,98.35,0.00,214.74,77.79,9.55,0.39,6.25,99.81,0.00,214.92,50.78,6.34,0.93,5.02,98.34,0.00,214.94,51.53,6.41,1.39,5.47,96.91,0.00,214.36,22.30,2.71,16.75
2026-01-23 01:00:59,Meter 1,2026-01-23 01:00:00,62.49,98.90,0.00,214.79,82.77,10.17,-0.96,6.59,98.95,0.00,214.89,50.90,6.35,1.17,5.56,97.85,0.00,214.83,53.78,6.69,0.22,4.44,99.88,0.00,214.63,23.21,0.42,16.59
2026-01-23 01:01:59,Meter 1,2026-01-23 01:01:00,54.12,99.51,0.00,214.91,76.89,9.46,-0.24,6.28,99.93,0.00,215.07,38.94,4.86,0.18,4.30,99.91,0.00,214.84,46.53,5.79,0.74,4.50,98.68,0.00,214.81,20.11,0.68,15.08
2026-01-23 01:02:59,Meter 1,2026-01-23 01:02:00,55.16,99.73,0.00,214.87,72.88,8.96,-0.70,6.55,99.44,0.00,215.19,40.72,5.09,-0.18,4.20,99.91,0.00,214.94,51.86,6.45,0.26,4.43,99.83,0.00,214.48,20.49,-0.62,15.18
2026-01-23 01:03:59,Meter 1,2026-01-23 01:03:00,51.32,99.18,0.00,214.86,56.23,6.91,-0.58,6.75,99.63,0.00,215.25,44.47,5.56,-0.02,5.45,100.00,0.00,214.97,53.27,6.62,1.32,6.38,97.91,0.00,214.35,19.09,0.72,18.58
2026-01-23 01:04:59,Meter 1,2026-01-23 01:04:00,54.80,98.84,0.00,214.83,62.40,7.67,-0.17,7.02,99.97,0.00,215.19,44.88,5.60,0.27,5.40,99.88,0.00,214.75,57.12,7.10,1.77,6.70,96.67,0.00,214.55,20.38,1.87,19.13
2026-01-23 01:05:59,Meter 1,2026-01-23 01:05:00,52.13,97.60,0.00,214.78,72.44,8.90,-1.68,5.88,96.13,0.00,215.02,35.50,4.43,-0.96,4.08,97.37,0.00,214.67,48.46,6.03,-0.57,4.79,99.30,0.00,214.65,19.36,-3.21,14.75
2026-01-23 01:07:59,Meter 1,2026-01-23 01:07:00,51.15,99.45,0.00,214.94,70.54,8.68,-0.82,4.68,98.49,0.00,215.25,43.10,5.38,0.14,4.03,99.94,0.00,214.87,39.82,4.96,-0.18,4.28,99.92,0.00,214.71,19.01,-0.86,12.99
2026-01-23 01:08:59,Meter 1,2026-01-23 01:08:00,55.97,98.43,0.00,214.89,70.44,8.66,-0.30,4.85,99.81,0.00,215.13,43.40,5.42,0.87,4.48,98.16,0.00,214.84,54.05,6.73,1.28,5.42,97.33,0.00,214.69,20.81,1.85,14.76
2026-01-23 01:09:59,Meter 1,2026-01-23 01:09:00,58.88,99.39,0.00,214.93,76.40,9.39,-1.27,6.79,98.30,0.00,215.09,47.03,5.87,0.25,4.79,99.86,0.00,215.01,53.20,6.63,-0.01,5.04,100.00,0.00,214.70,21.89,-1.02,16.62
2026-01-23 01:10:59,Meter 1,2026-01-23 01:10:00,47.63,99.03,0.00,214.82,59.82,7.35,-0.27,4.46,99.82,0.00,215.10,36.66,4.58,0.37,3.95,99.57,0.00,214.97,46.40,5.77,1.18,5.43,97.70,0.00,214.38,17.70,1.28,13.84
2026-01-23 01:11:59,Meter 1,2026-01-23 01:11:00,52.58,99.68,0.00,214.93,70.42,8.65,-0.56,5.46,99.48,0.00,214.94,36.86,4.60,-0.15,4.37,99.94,0.00,215.15,50.47,6.29,0.48,5.35,99.60,0.00,214.71,19.54,-0.23,15.19
2026-01-23 01:12:59,Meter 1,2026-01-23 01:12:00,50.57,99.20,0.00,214.91,70.77,8.69,-0.24,3.59,99.77,0.00,214.84,36.62,4.57,-0.39,2.62,98.90,0.00,215.15,44.31,5.52,0.58,3.91,98.92,0.00,214.73,18.78,-0.06,10.12
2026-01-23 01:13:59,Meter 1,2026-01-23 01:13:00,43.09,99.17,0.00,214.89,62.25,7.65,-0.28,3.64,99.71,0.00,214.85,22.62,2.82,-0.30,2.16,99.06,0.00,215.07,44.41,5.54,0.56,3.54,98.75,0.00,214.76,16.00,-0.01,9.35
2026-01-23 01:14:59,Meter 1,2026-01-23 01:14:00,51.72,99.58,0.00,214.91,66.65,8.19,0.16,6.48,99.97,0.00,214.94,38.31,4.78,-0.07,4.01,99.99,0.00,215.12,50.21,6.26,0.90,5.71,98.78,0.00,214.67,19.23,0.99,16.20
2026-01-23 01:15:59,Meter 1,2026-01-23 01:15:00,53.64,98.90,0.00,215.04,69.47,8.54,-0.68,5.69,99.29,0.00,215.12,35.06,4.38,-0.59,3.36,98.47,0.00,215.13,56.40,7.03,-0.57,3.88,98.95,0.00,214.85,19.95,-1.84,12.93
2026-01-23 01:16:59,Meter 1,2026-01-23 01:16:00,49.39,98.43,0.00,214.92,68.14,8.37,-1.08,4.66,97.41,0.00,215.05,37.21,4.65,0.31,3.32,99.56,0.00,215.13,42.83,5.33,0.82,4.39,98.30,0.00,214.57,18.35,0.05,12.37
2026-01-23 01:17:59,Meter 1,2026-01-23 01:17:00,57.32,99.68,0.00,215.07,70.60,8.68,-0.57,5.33,99.43,0.00,215.11,44.36,5.54,-0.22,3.83,99.84,0.00,215.24,57.00,7.11,0.39,5.65,99.76,0.00,214.85,21.33,-0.40,14.81
2026-01-23 01:18:59,Meter 1,2026-01-23 01:18:00,50.55,99.65,0.00,215.01,62.62,7.69,-0.79,5.45,98.97,0.00,214.99,40.35,5.04,-0.03,4.23,100.00,0.00,215.25,48.67,6.07,0.08,5.08,99.99,0.00,214.79,18.80,-0.74,14.76
2026-01-23 01:19:59,Meter 1,2026-01-23 01:19:00,61.73,98.99,0.00,214.96,69.42,8.53,-0.73,6.21,99.31,0.00,214.94,51.86,6.47,1.29,5.95,97.73,0.00,215.09,63.90,7.97,0.18,5.33,99.94,0.00,214.85,22.97,0.74,17.49
2026-01-23 01:20:59,Meter 1,2026-01-23 01:20:00,61.72,99.63,0.00,214.95,74.41,9.14,-0.48,6.36,99.72,0.00,214.87,54.67,6.82,0.59,5.28,99.38,0.00,215.27,56.09,6.99,-0.35,5.38,99.79,0.00,214.71,22.96,-0.24,17.02
2026-01-23 01:21:59,Meter 1,2026-01-23 01:21:00,55.37,99.24,0.00,214.76,70.09,8.60,-0.76,8.23,99.57,0.00,214.70,48.84,6.09,0.80,5.63,99.02,0.00,214.97,47.17,5.88,-0.66,5.02,99.13,0.00,214.59,20.57,-0.63,18.87
2026-01-23 01:22:59,Meter 1,2026-01-23 01:22:00,51.29,98.19,0.00,214.96,69.70,8.57,-1.15,3.61,95.32,0.00,214.99,40.99,5.12,0.34,3.20,99.44,0.00,215.07,43.17,5.38,-0.23,3.62,99.79,0.00,214.82,19.06,-1.04,10.43
2026-01-23 01:23:59,Meter 1,2026-01-23 01:23:00,36.10,95.01,0.00,215.01,45.35,5.57,-1.87,3.56,88.51,0.00,214.93,29.54,3.69,0.02,2.76,100.00,0.00,215.24,33.40,4.17,-0.64,2.37,96.52,0.00,214.85,13.43,-2.50,8.69
2026-01-23 01:24:59,Meter 1,2026-01-23 01:24:00,27.10,92.61,0.00,215.12,32.14,3.95,-1.89,2.97,84.28,0.00,215.17,22.27,2.78,-0.70,2.33,95.76,0.00,215.29,26.89,3.35,-0.67,3.11,97.78,0.00,214.90,10.09,-3.26,8.40
2026-01-23 01:25:59,Meter 1,2026-01-23 01:25:00,43.92,95.19,0.00,215.18,56.25,6.91,-1.95,3.76,88.77,0.00,215.16,27.91,3.49,-0.65,2.76,97.37,0.00,215.51,47.61,5.94,-0.44,4.15,99.43,0.00,214.87,16.34,-3.04,10.67
2026-01-23 01:26:59,Meter 1,2026-01-23 01:26:00,41.85,96.82,0.00,215.21,57.80,7.10,-0.91,2.90,95.38,0.00,215.26,26.06,3.26,-0.30,2.40,99.23,0.00,215.62,41.71,5.20,1.25,4.19,95.84,0.00,214.77,15.57,0.04,9.48
2026-01-23 01:27:59,Meter 1,2026-01-23 01:27:00,53.94,98.17,0.00,215.13,57.24,7.03,-1.30,5.38,97.19,0.00,214.98,39.78,4.97,-0.73,4.21,98.54,0.00,215.49,64.80,8.09,0.99,6.30,98.79,0.00,214.94,20.09,-1.04,15.89
2026-01-23 01:28:59,Meter 1,2026-01-23 01:28:00,31.55,94.90,0.00,215.13,34.22,4.21,-1.91,3.28,86.45,0.00,215.10,24.52,3.06,-0.37,2.74,99.08,0.00,215.37,35.90,4.48,0.55,4.28,99.18,0.00,214.93,11.75,-1.73,10.30
2026-01-23 01:29:59,Meter 1,2026-01-23 01:29:00,46.74,98.61,0.00,215.14,46.15,5.67,-0.40,4.78,99.65,0.00,214.99,33.39,4.17,-0.37,3.59,99.48,0.00,215.40,60.67,7.57,1.63,6.18,96.71,0.00,215.04,17.42,0.86,14.54
2026-01-23 01:30:59,Meter 1,2026-01-23 01:30:00,45.02,97.44,0.00,215.07,49.61,6.10,-0.89,4.78,98.31,0.00,214.88,32.22,4.02,-1.12,3.18,94.35,0.00,215.36,53.22,6.64,-0.42,5.03,99.66,0.00,214.98,16.76,-2.43,12.99
2026-01-23 01:31:59,Meter 1,2026-01-23 01:31:00,33.18,99.67,0.00,215.18,38.23,4.71,-0.40,4.02,99.51,0.00,215.21,28.62,3.57,0.21,3.29,99.79,0.00,215.17,32.68,4.08,0.30,3.81,99.69,0.00,215.16,12.36,0.11,11.11
2026-01-23 01:32:59,Meter 1,2026-01-23 01:32:00,49.84,98.72,0.00,215.09,67.56,8.31,0.36,3.53,99.49,0.00,215.21,37.97,4.74,0.36,2.87,99.23,0.00,215.10,44.00,5.48,0.92,3.99,97.44,0.00,214.95,18.54,1.64,10.39
2026-01-23 01:33:59,Meter 1,2026-01-23 01:33:00,36.37,98.90,0.00,215.17,44.31,5.45,0.57,3.56,98.74,0.00,215.35,25.59,3.20,-0.15,2.42,99.80,0.00,215.39,39.20,4.89,0.89,4.57,98.15,0.00,214.78,13.54,1.31,10.55
2026-01-23 01:34:59,Meter 1,2026-01-23 01:34:00,49.70,94.94,0.00,215.08,69.86,8.59,-1.26,3.54,94.22,0.00,215.34,30.37,3.80,-0.94,2.59,93.96,0.00,215.20,48.85,6.09,-0.96,3.62,96.65,0.00,214.72,18.47,-3.16,9.75
2026-01-23 01:35:59,Meter 1,2026-01-23 01:35:00,50.67,87.15,0.00,215.24,71.00,8.73,-0.21,2.83,99.73,0.00,215.40,30.20,3.78,-1.67,1.31,61.74,0.00,215.49,50.80,6.34,-0.03,4.04,100.00,0.00,214.82,18.85,-1.92,8.18
2026-01-23 01:36:59,Meter 1,2026-01-23 01:36:00,51.14,81.46,0.00,215.13,66.88,8.23,-1.45,1.60,74.13,0.00,215.47,38.39,4.80,-1.36,1.34,70.29,0.00,215.17,48.14,6.00,0.10,3.83,99.96,0.00,214.74,19.02,-2.71,6.78
2026-01-23 01:37:59,Meter 1,2026-01-23 01:37:00,52.92,85.58,0.00,215.13,62.79,7.73,-1.73,2.70,84.23,0.00,215.50,33.56,4.20,-1.77,1.91,73.39,0.00,215.15,62.40,7.77,-0.61,4.58,99.14,0.00,214.75,19.69,-4.11,9.19
2026-01-23 01:38:59,Meter 1,2026-01-23 01:38:00,38.77,61.32,0.00,215.21,54.22,6.68,-1.62,0.81,44.56,0.00,215.68,23.21,2.90,-1.52,0.67,40.52,0.00,215.16,38.88,4.84,-0.42,2.79,98.89,0.00,214.79,14.42,-3.55,4.26
2026-01-23 01:39:59,Meter 1,2026-01-23 01:39:00,50.96,89.33,0.00,215.17,74.23,9.14,-1.46,2.05,81.40,0.00,215.59,31.59,3.95,-0.98,1.70,86.67,0.00,215.17,47.07,5.86,-0.13,3.18,99.91,0.00,214.76,18.95,-2.57,6.93
2026-01-23 01:40:59,Meter 1,2026-01-23 01:40:00,46.45,91.70,0.00,215.22,69.34,8.54,-1.20,2.10,86.85,0.00,215.54,25.85,3.23,-0.92,1.72,88.30,0.00,215.20,44.14,5.50,0.09,3.08,99.96,0.00,214.91,17.27,-2.02,6.90
2026-01-23 01:41:59,Meter 1,2026-01-23 01:41:00,47.64,93.22,0.00,215.23,65.42,8.06,-1.38,2.48,87.44,0.00,215.54,29.62,3.70,-0.84,2.09,92.71,0.00,215.14,47.90,5.97,-0.38,3.86,99.52,0.00,215.03,17.73,-2.60,8.42
2026-01-23 01:42:59,Meter 1,2026-01-23 01:42:00,46.13,96.19,0.00,215.32,51.66,6.36,-1.07,3.99,96.60,0.00,215.38,36.44,4.55,-1.11,2.90,93.34,0.00,215.36,50.29,6.28,-0.64,3.85,98.63,0.00,215.23,17.19,-2.83,10.74
2026-01-23 01:43:59,Meter 1,2026-01-23 01:43:00,24.97,96.83,0.00,215.36,25.32,3.12,-0.98,2.39,92.55,0.00,215.47,26.53,3.31,0.48,2.89,98.67,0.00,215.19,23.06,2.88,0.30,2.45,99.27,0.00,215.41,9.31,-0.21,7.73
2026-01-23 01:44:59,Meter 1,2026-01-23 01:44:00,55.55,98.23,0.00,215.31,73.48,9.05,0.19,3.57,99.87,0.00,215.41,44.33,5.54,0.75,3.89,98.18,0.00,215.30,48.83,6.09,1.15,4.31,96.65,0.00,215.24,20.69,2.08,11.78
2026-01-23 01:45:59,Meter 1,2026-01-23 01:45:00,51.94,98.37,0.00,215.29,70.36,8.66,0.66,4.10,98.72,0.00,215.33,37.34,4.67,0.51,3.89,99.16,0.00,215.39,48.13,6.01,1.05,4.36,97.22,0.00,215.17,19.34,2.22,12.35
2026-01-23 01:46:59,Meter 1,2026-01-23 01:46:00,54.42,99.03,0.00,215.30,70.08,8.63,0.66,5.01,99.15,0.00,215.36,44.96,5.62,-0.05,3.85,99.99,0.00,215.33,48.24,6.02,0.99,4.82,97.95,0.00,215.21,20.27,1.60,13.68
2026-01-23 01:47:59,Meter 1,2026-01-23 01:47:00,50.69,96.81,0.00,215.20,72.23,8.88,0.61,6.00,99.49,0.00,215.27,27.99,3.50,-0.92,2.48,93.75,0.00,215.39,51.86,6.47,1.24,5.10,97.17,0.00,214.93,18.85,0.93,13.58
2026-01-23 01:48:59,Meter 1,2026-01-23 01:48:00,28.51,90.88,0.00,215.32,35.02,4.31,-0.70,3.63,98.18,0.00,215.36,19.94,2.49,-1.48,1.66,74.51,0.00,215.43,30.58,3.82,-0.13,3.62,99.94,0.00,215.18,10.62,-2.31,8.90
2026-01-23 01:49:59,Meter 1,2026-01-23 01:49:00,42.36,91.40,0.00,215.29,64.50,7.93,-0.30,3.50,99.64,0.00,215.27,21.91,2.74,-1.41,1.58,74.60,0.00,215.59,40.66,5.08,0.09,3.72,99.97,0.00,215.02,15.75,-1.62,8.81
2026-01-23 01:50:59,Meter 1,2026-01-23 01:50:00,31.10,97.98,0.00,215.18,42.51,5.23,0.30,3.64,99.66,0.00,215.25,16.79,2.10,-0.44,1.56,96.20,0.00,215.49,33.99,4.24,0.71,3.57,98.09,0.00,214.81,11.57,0.57,8.77
2026-01-23 01:51:59,Meter 1,2026-01-23 01:51:00,42.74,90.36,0.00,215.14,57.71,7.10,-1.63,3.39,90.18,0.00,215.19,26.08,3.26,-1.53,2.43,84.64,0.00,215.33,44.44,5.54,-1.06,3.78,96.25,0.00,214.89,15.90,-4.22,9.60
2026-01-23 01:52:59,Meter 1,2026-01-23 01:52:00,48.40,96.90,0.00,215.14,50.35,6.19,-0.36,4.88,99.72,0.00,215.23,36.68,4.59,-1.36,3.05,91.33,0.00,215.52,58.17,7.25,-0.43,5.05,99.63,0.00,214.68,18.03,-2.16,12.98
2026-01-23 01:53:59,Meter 1,2026-01-23 01:53:00,32.30,87.49,0.00,215.21,35.82,4.41,-1.86,3.75,89.56,0.00,215.38,28.11,3.51,-1.93,2.75,81.78,0.00,215.40,32.97,4.11,-1.65,3.64,91.12,0.00,214.83,12.03,-5.44,10.14
2026-01-23 01:54:59,Meter 1,2026-01-23 01:54:00,47.00,94.95,0.00,215.14,69.19,8.50,-2.11,4.64,91.04,0.00,215.23,33.23,4.15,-0.35,3.63,99.54,0.00,215.39,38.59,4.81,-1.08,3.06,94.26,0.00,214.79,17.47,-3.54,11.33
2026-01-23 01:55:59,Meter 1,2026-01-23 01:55:00,58.59,99.25,0.00,215.10,69.71,8.57,-1.08,5.22,97.94,0.00,215.31,48.04,6.01,0.09,4.82,99.98,0.00,215.36,58.04,7.23,-0.27,4.37,99.82,0.00,214.62,21.81,-1.25,14.41
2026-01-23 01:56:59,Meter 1,2026-01-23 01:56:00,58.34,98.90,0.00,215.08,68.28,8.39,-1.38,6.63,97.90,0.00,215.26,52.20,6.53,0.67,5.89,99.35,0.00,215.31,54.54,6.80,-0.48,4.59,99.45,0.00,214.67,21.71,-1.19,17.11
2026-01-23 01:57:59,Meter 1,2026-01-23 01:57:00,49.50,99.42,0.00,215.05,64.61,7.94,-0.29,5.92,99.88,0.00,215.09,46.43,5.80,0.87,5.02,98.52,0.00,215.28,37.44,4.67,0.24,4.37,99.85,0.00,214.79,18.41,0.83,15.30
2026-01-23 01:58:59,Meter 1,2026-01-23 01:58:00,55.34,99.69,0.00,215.10,74.04,9.10,-0.50,6.09,99.67,0.00,214.90,44.22,5.52,0.57,5.19,99.41,0.00,215.38,47.76,5.96,-0.10,4.73,99.98,0.00,215.01,20.58,-0.03,16.01
2026-01-23 01:59:59,Meter 1,2026-01-23 01:59:00,48.07,98.92,0.00,215.20,64.19,7.90,-0.96,4.68,97.95,0.00,214.99,40.17,5.02,-0.49,3.67,99.12,0.00,215.45,39.83,4.97,0.37,4.71,99.70,0.00,215.16,17.89,-1.08,13.06
2026-01-23 02:00:59,Meter 1,2026-01-23 02:00:00,39.59,96.69,0.00,215.06,44.96,5.53,-1.83,4.64,93.01,0.00,214.97,32.88,4.10,-0.64,3.71,98.56,0.00,215.19,40.93,5.11,-0.67,3.81,98.50,0.00,215.01,14.74,-3.14,12.17
2026-01-23 02:01:59,Meter 1,2026-01-23 02:01:00,49.76,97.52,0.00,215.20,60.22,7.41,-1.84,5.25,94.39,0.00,215.03,38.84,4.85,-0.53,4.08,99.17,0.00,215.40,50.24,6.27,-0.61,4.29,99.00,0.00,215.16,18.53,-2.98,13.62
2026-01-23 02:02:59,Meter 1,2026-01-23 02:02:00,53.29,99.12,0.00,215.41,73.33,9.03,-0.97,5.66,98.55,0.00,215.42,37.62,4.70,-0.66,4.22,98.81,0.00,215.47,48.91,6.11,0.05,4.89,100.00,0.00,215.35,19.85,-1.59,14.77
2026-01-23 02:03:59,Meter 1,2026-01-23 02:03:00,46.91,97.46,0.00,215.30,66.27,8.16,-1.20,5.19,97.44,0.00,215.30,36.43,4.55,-0.81,3.71,97.68,0.00,215.42,38.02,4.75,-0.98,4.08,97.26,0.00,215.18,17.46,-2.99,12.97
2026-01-23 02:04:59,Meter 1,2026-01-23 02:04:00,42.72,94.98,0.00,215.29,57.29,7.05,-1.71,5.93,96.07,0.00,215.31,35.10,4.39,-0.53,4.29,99.25,0.00,215.48,35.77,4.46,-1.73,3.49,89.63,0.00,215.08,15.90,-3.97,13.72
2026-01-23 02:05:59,Meter 1,2026-01-23 02:05:00,40.97,98.61,0.00,215.23,52.02,6.40,-0.86,6.11,99.02,0.00,215.18,33.15,4.14,-0.89,3.95,97.55,0.00,215.46,37.74,4.71,-0.52,4.18,99.25,0.00,215.06,15.25,-2.27,14.23
2026-01-23 02:06:59,Meter 1,2026-01-23 02:06:00,52.75,94.39,0.00,215.31,76.01,9.36,-2.40,6.29,93.43,0.00,215.33,39.15,4.89,-0.72,4.68,98.84,0.00,215.41,43.08,5.38,-1.76,3.84,90.91,0.00,215.21,19.63,-4.88,14.81
2026-01-23 02:07:59,Meter 1,2026-01-23 02:07:00,45.35,95.28,0.00,215.39,62.28,7.67,-2.10,5.10,92.48,0.00,215.42,39.15,4.90,-0.08,4.61,99.99,0.00,215.53,34.60,4.32,-1.33,3.47,93.37,0.00,215.23,16.89,-3.50,13.18
2026-01-23 02:08:59,Meter 1,2026-01-23 02:08:00,49.43,99.45,0.00,215.37,66.32,8.16,-0.80,4.76,98.61,0.00,215.49,43.14,5.40,0.24,4.59,99.86,0.00,215.64,38.84,4.85,0.21,4.43,99.89,0.00,214.97,18.41,-0.35,13.78
2026-01-23 02:09:59,Meter 1,2026-01-23 02:09:00,45.26,94.88,0.00,215.42,66.86,8.23,-1.52,2.92,88.68,0.00,215.45,31.37,3.92,0.47,3.29,99.00,0.00,215.60,37.54,4.69,-0.61,2.41,96.95,0.00,215.21,16.85,-1.66,8.61
2026-01-23 02:10:59,Meter 1,2026-01-23 02:10:00,65.79,98.65,0.00,215.30,77.53,9.53,-1.73,6.30,96.44,0.00,215.16,59.56,7.45,0.56,6.21,99.60,0.00,215.69,60.29,7.53,-0.23,5.64,99.92,0.00,215.06,24.51,-1.40,18.15
2026-01-23 02:11:59,Meter 1,2026-01-23 02:11:00,47.39,93.20,0.00,215.35,68.53,8.44,-1.87,3.40,87.65,0.00,215.18,27.79,3.47,-0.44,2.38,98.36,0.00,215.49,45.84,5.73,-0.88,2.34,93.61,0.00,215.37,17.64,-3.19,8.12
2026-01-23 02:12:59,Meter 1,2026-01-23 02:12:00,43.63,90.36,0.00,215.44,64.24,7.91,-1.70,2.82,85.56,0.00,215.21,27.07,3.39,-0.63,2.00,95.32,0.00,215.80,39.59,4.95,-1.00,2.09,90.21,0.00,215.32,16.24,-3.34,6.91
2026-01-23 02:13:59,Meter 1,2026-01-23 02:13:00,53.69,98.37,0.00,215.41,65.39,8.05,-1.53,6.60,97.43,0.00,215.07,43.88,5.49,-0.98,4.61,97.81,0.00,215.82,51.78,6.48,-0.29,5.72,99.87,0.00,215.34,20.01,-2.79,16.92
2026-01-23 02:14:59,Meter 1,2026-01-23 02:14:00,50.50,98.64,0.00,215.43,59.05,7.27,-1.00,6.31,98.76,0.00,215.21,43.47,5.44,-1.10,4.70,97.35,0.00,215.80,48.98,6.12,0.38,6.01,99.80,0.00,215.27,18.83,-1.72,17.02
2026-01-23 02:15:59,Meter 1,2026-01-23 02:15:00,37.66,90.76,0.00,215.35,48.92,6.01,-1.53,4.87,95.39,0.00,215.18,29.20,3.65,-0.92,2.70,94.66,0.00,215.82,34.85,4.36,-1.98,2.86,82.23,0.00,215.06,14.02,-4.43,10.42
2026-01-23 02:16:59,Meter 1,2026-01-23 02:16:00,49.74,96.09,0.00,215.43,65.15,8.01,-0.59,4.43,99.13,0.00,215.36,37.90,4.74,-1.59,3.14,89.21,0.00,215.92,46.17,5.77,-0.18,4.80,99.93,0.00,215.01,18.53,-2.36,12.37
2026-01-23 02:17:59,Meter 1,2026-01-23 02:17:00,53.01,99.07,0.00,215.29,63.18,7.77,-0.44,4.71,99.56,0.00,215.16,37.23,4.66,-0.77,3.54,97.72,0.00,215.71,58.62,7.32,0.18,4.80,99.93,0.00,215.01,19.75,-1.03,13.05
2026-01-23 02:18:59,Meter 1,2026-01-23 02:18:00,35.86,87.72,0.00,215.35,52.41,6.45,-0.69,1.30,88.48,0.00,215.28,20.57,2.57,-0.65,1.07,85.62,0.00,215.62,34.61,4.32,-0.67,1.30,89.06,0.00,215.15,13.34,-2.00,3.68
2026-01-23 02:19:59,Meter 1,2026-01-23 02:19:00,39.63,95.01,0.00,215.50,50.53,6.22,-0.93,2.55,93.90,0.00,215.45,28.66,3.59,-0.46,2.49,98.31,0.00,215.80,39.70,4.96,-0.89,2.21,92.82,0.00,215.24,14.77,-2.28,7.25
2026-01-23 02:20:59,Meter 1,2026-01-23 02:20:00,49.00,99.80,0.00,215.40,57.29,7.05,-0.18,5.13,99.94,0.00,215.58,43.14,5.40,-0.25,4.59,99.85,0.00,215.62,46.57,5.81,0.46,5.09,99.60,0.00,215.01,18.27,0.03,14.81
2026-01-23 02:21:59,Meter 1,2026-01-23 02:21:00,60.00,99.15,0.00,215.15,67.45,8.29,-0.30,6.82,99.91,0.00,215.33,49.41,6.18,0.36,5.12,99.76,0.00,215.46,63.14,7.87,1.33,6.21,97.77,0.00,214.66,22.34,1.39,18.15
2026-01-23 02:22:59,Meter 1,2026-01-23 02:22:00,55.10,99.20,0.00,215.18,57.48,7.06,-0.70,5.52,99.21,0.00,215.26,46.54,5.82,-0.31,4.91,99.81,0.00,215.54,61.28,7.64,1.06,6.24,98.59,0.00,214.74,20.53,0.05,16.68
2026-01-23 02:23:59,Meter 1,2026-01-23 02:23:00,51.67,99.43,0.00,215.27,58.39,7.18,-0.69,5.33,99.18,0.00,215.26,42.17,5.28,-0.54,4.04,99.10,0.00,215.74,54.45,6.80,0.09,5.31,99.99,0.00,214.82,19.25,-1.14,14.68
2026-01-23 02:24:59,Meter 1,2026-01-23 02:24:00,34.71,98.91,0.00,215.23,38.92,4.79,-0.62,4.49,99.07,0.00,215.34,28.80,3.60,-0.63,3.29,98.21,0.00,215.46,36.42,4.54,-0.46,4.40,99.46,0.00,214.89,12.93,-1.71,12.18
2026-01-23 02:25:59,Meter 1,2026-01-23 02:25:00,44.27,99.24,0.00,215.19,45.75,5.62,-0.52,4.93,99.44,0.00,215.28,35.26,4.41,-0.65,3.54,98.37,0.00,215.51,51.81,6.46,-0.22,4.93,99.90,0.00,214.78,16.50,-1.39,13.41
2026-01-23 02:26:59,Meter 1,2026-01-23 02:26:00,38.91,95.15,0.00,215.29,57.17,7.03,-0.53,2.24,97.30,0.00,215.29,23.10,2.89,-0.74,1.44,89.03,0.00,215.58,36.47,4.55,-0.27,2.05,99.12,0.00,214.99,14.47,-1.54,5.74
2026-01-23 02:27:59,Meter 1,2026-01-23 02:27:00,44.02,95.68,0.00,215.41,61.77,7.60,-0.00,2.81,100.00,0.00,215.51,28.95,3.62,-1.03,1.82,87.05,0.00,215.71,41.34,5.16,-0.04,3.20,99.99,0.00,215.01,16.39,-1.07,7.84
2026-01-23 02:28:59,Meter 1,2026-01-23 02:28:00,46.77,97.44,0.00,215.27,58.56,7.20,0.68,4.62,98.93,0.00,215.11,35.18,4.40,-0.97,2.90,94.78,0.00,215.81,46.57,5.82,0.89,5.31,98.62,0.00,214.90,17.41,0.60,12.82
2026-01-23 02:29:59,Meter 1,2026-01-23 02:29:00,37.82,99.78,0.00,215.27,45.80,5.63,-0.19,5.45,99.94,0.00,215.10,31.22,3.90,-0.28,3.70,99.72,0.00,215.72,36.44,4.55,-0.35,4.44,99.69,0.00,214.98,14.09,-0.82,13.59
2026-01-23 02:30:59,Meter 1,2026-01-23 02:30:00,25.44,95.62,0.00,215.37,26.34,3.24,0.76,2.91,96.76,0.00,215.39,16.34,2.04,-0.63,1.66,93.53,0.00,215.74,33.66,4.20,1.06,3.93,96.58,0.00,214.99,9.49,1.19,8.50
2026-01-23 02:31:59,Meter 1,2026-01-23 02:31:00,54.06,99.63,0.00,215.31,64.25,7.91,-0.25,4.83,99.86,0.00,215.37,36.47,4.56,-0.43,3.61,99.29,0.00,215.53,61.46,7.67,0.37,5.09,99.74,0.00,215.03,20.14,-0.32,13.52
2026-01-23 02:32:59,Meter 1,2026-01-23 02:32:00,55.76,98.85,0.00,215.27,53.96,6.64,0.16,4.59,99.94,0.00,215.35,46.12,5.76,-0.20,4.45,99.90,0.00,215.37,67.21,8.39,1.77,6.75,96.71,0.00,215.09,20.79,1.73,15.79
2026-01-23 02:33:59,Meter 1,2026-01-23 02:33:00,46.90,97.18,0.00,215.46,60.21,7.42,-0.16,2.59,99.82,0.00,215.59,28.30,3.54,-0.63,1.96,95.28,0.00,215.53,52.19,6.52,1.20,4.39,96.45,0.00,215.26,17.48,0.42,8.95
2026-01-23 02:34:59,Meter 1,2026-01-23 02:34:00,51.73,97.90,0.00,215.44,59.52,7.33,-0.29,2.28,99.19,0.00,215.67,39.63,4.96,-0.12,2.40,99.87,0.00,215.55,56.05,6.99,1.67,4.91,94.64,0.00,215.10,19.29,1.26,9.58
2026-01-23 02:35:59,Meter 1,2026-01-23 02:35:00,51.59,98.21,0.00,215.47,45.72,5.63,0.46,5.41,99.65,0.00,215.68,41.23,5.16,0.20,4.97,99.92,0.00,215.58,67.81,8.46,2.60,7.96,95.08,0.00,215.15,19.26,3.25,18.34
2026-01-23 02:36:59,Meter 1,2026-01-23 02:36:00,45.11,97.17,0.00,215.49,40.14,4.95,0.89,4.16,97.81,0.00,215.69,35.02,4.38,0.08,3.99,99.98,0.00,215.63,60.18,7.51,2.59,6.96,93.71,0.00,215.14,16.84,3.56,15.12
2026-01-23 02:37:59,Meter 1,2026-01-23 02:37:00,27.77,66.06,0.00,215.62,36.93,4.56,-1.46,0.99,56.12,0.00,215.68,16.32,2.04,-1.27,0.63,44.36,0.00,215.64,30.05,3.76,-0.51,2.34,97.71,0.00,215.55,10.35,-3.24,3.96
2026-01-23 02:38:59,Meter 1,2026-01-23 02:38:00,47.34,97.78,0.00,215.53,44.63,5.50,-0.23,3.90,99.82,0.00,215.56,36.36,4.55,-0.74,3.76,98.14,0.00,215.81,61.04,7.63,1.91,6.08,95.39,0.00,215.22,17.68,0.94,13.75
2026-01-23 02:39:59,Meter 1,2026-01-23 02:39:00,58.54,98.16,0.00,215.58,61.42,7.57,-1.12,5.28,97.83,0.00,215.41,49.57,6.20,-1.16,4.68,97.08,0.00,215.77,64.62,8.08,0.62,6.54,99.56,0.00,215.58,21.85,-1.66,16.50
2026-01-23 02:40:59,Meter 1,2026-01-23 02:40:00,49.83,98.40,0.00,215.58,54.10,6.66,-0.18,4.06,99.91,0.00,215.46,41.22,5.16,-0.88,3.84,97.47,0.00,215.89,54.17,6.77,1.34,6.31,97.81,0.00,215.39,18.60,0.29,14.21
2026-01-23 02:41:59,Meter 1,2026-01-23 02:41:00,53.09,97.62,0.00,215.42,56.53,6.96,-0.55,3.76,98.95,0.00,215.29,42.11,5.26,-0.92,3.73,97.11,0.00,215.66,60.63,7.58,1.68,6.47,96.79,0.00,215.32,19.80,0.21,13.96
2026-01-23 02:42:59,Meter 1,2026-01-23 02:42:00,58.06,98.68,0.00,215.24,59.76,7.35,-0.96,5.20,98.32,0.00,215.16,52.43,6.55,-0.02,5.68,100.00,0.00,215.55,61.99,7.74,1.53,7.01,97.71,0.00,215.01,21.64,0.54,17.88
2026-01-23 02:43:59,Meter 1,2026-01-23 02:43:00,59.04,99.40,0.00,215.18,65.11,8.00,-0.43,5.94,99.74,0.00,215.12,52.87,6.61,0.21,5.85,99.94,0.00,215.64,59.14,7.38,1.15,6.62,98.52,0.00,214.79,21.99,0.93,18.41
2026-01-23 02:44:59,Meter 1,2026-01-23 02:44:00,27.18,94.72,0.00,215.22,28.56,3.51,-1.25,2.25,87.49,0.00,215.20,19.76,2.47,-0.53,2.03,96.79,0.00,215.58,33.22,4.15,-0.18,3.72,99.88,0.00,214.89,10.13,-1.96,8.00
2026-01-23 02:45:59,Meter 1,2026-01-23 02:45:00,53.93,99.85,0.00,215.27,65.06,7.99,-0.22,5.47,99.92,0.00,215.24,40.71,5.09,-0.37,4.44,99.66,0.00,215.73,56.02,6.99,0.15,5.63,99.97,0.00,214.82,20.08,-0.44,15.54
2026-01-23 02:46:59,Meter 1,2026-01-23 02:46:00,46.12,95.36,0.00,215.23,68.01,8.35,0.73,5.70,99.19,0.00,215.21,24.14,3.02,-1.14,2.10,87.93,0.00,215.76,46.21,5.77,0.73,5.03,98.97,0.00,214.71,17.14,0.32,12.84
2026-01-23 02:47:59,Meter 1,2026-01-23 02:47:00,51.07,99.76,0.00,215.26,65.29,8.03,0.31,6.46,99.88,0.00,215.16,35.75,4.47,0.01,4.33,100.00,0.00,215.57,52.17,6.52,0.65,5.87,99.39,0.00,215.06,19.01,0.97,16.66
2026-01-23 02:48:59,Meter 1,2026-01-23 02:48:00,57.00,99.75,0.00,215.22,75.42,9.28,0.11,6.45,99.99,0.00,215.24,39.24,4.91,-0.27,4.37,99.81,0.00,215.48,56.33,7.03,0.64,6.15,99.46,0.00,214.95,21.21,0.48,16.97
2026-01-23 02:49:59,Meter 1,2026-01-23 02:49:00,55.20,98.60,0.00,215.42,77.24,9.51,0.89,5.18,98.56,0.00,215.57,38.28,4.79,-0.47,3.42,99.06,0.00,215.73,50.08,6.25,1.10,5.70,98.18,0.00,214.97,20.55,1.52,14.30
2026-01-23 02:50:59,Meter 1,2026-01-23 02:50:00,34.82,96.74,0.00,215.49,40.47,4.98,-0.13,4.38,99.96,0.00,215.65,23.72,2.97,-1.09,2.28,90.29,0.00,215.66,40.27,5.03,-0.08,4.31,99.98,0.00,215.18,12.98,-1.29,10.97
2026-01-23 02:51:59,Meter 1,2026-01-23 02:51:00,55.15,99.46,0.00,215.25,76.27,9.38,-0.35,5.25,99.78,0.00,215.33,37.74,4.72,-0.58,3.47,98.62,0.00,215.46,51.43,6.42,-0.12,4.55,99.97,0.00,214.95,20.52,-1.05,13.27
2026-01-23 02:52:59,Meter 1,2026-01-23 02:52:00,42.54,97.83,0.00,215.29,47.49,5.84,0.56,4.39,99.19,0.00,215.35,31.26,3.91,-1.01,3.19,95.34,0.00,215.58,48.88,6.10,0.86,5.88,98.95,0.00,214.93,15.85,0.41,13.47
2026-01-23 02:53:59,Meter 1,2026-01-23 02:53:00,57.49,99.48,0.00,215.35,76.39,9.41,-0.85,4.88,98.52,0.00,215.47,42.32,5.29,0.07,4.75,99.99,0.00,215.35,53.76,6.71,0.21,5.48,99.93,0.00,215.24,21.41,-0.58,15.11
2026-01-23 02:54:59,Meter 1,2026-01-23 02:54:00,49.90,99.16,0.00,215.35,62.49,7.69,-0.03,3.69,100.00,0.00,215.40,35.72,4.47,-0.50,3.49,98.98,0.00,215.51,51.48,6.43,1.01,5.80,98.51,0.00,215.14,18.59,0.47,12.98
2026-01-23 02:55:59,Meter 1,2026-01-23 02:55:00,39.40,98.07,0.00,215.40,38.79,4.78,-0.42,3.47,99.27,0.00,215.42,29.82,3.73,-0.91,3.07,95.90,0.00,215.57,49.59,6.19,0.81,5.80,99.04,0.00,215.20,14.70,-0.52,12.34
2026-01-23 02:56:59,Meter 1,2026-01-23 02:56:00,36.27,98.71,0.00,215.24,29.53,3.63,0.17,3.26,99.86,0.00,215.27,27.50,3.44,-0.36,3.24,99.38,0.00,215.58,51.79,6.46,1.58,6.19,96.88,0.00,214.86,13.53,1.39,12.69
2026-01-23 02:57:59,Meter 1,2026-01-23 02:57:00,49.91,97.85,0.00,215.29,66.90,8.23,-0.14,3.07,99.90,0.00,215.27,33.45,4.18,-0.88,2.68,95.00,0.00,215.49,49.37,6.16,0.92,5.53,98.64,0.00,215.10,18.58,-0.10,11.28
2026-01-23 02:58:59,Meter 1,2026-01-23 02:58:00,50.29,99.63,0.00,215.23,62.44,7.68,-0.77,5.53,99.04,0.00,215.14,36.33,4.54,-0.23,4.42,99.86,0.00,215.52,52.10,6.51,0.08,5.74,99.99,0.00,215.03,18.72,-0.92,15.69
2026-01-23 02:59:59,Meter 1,2026-01-23 02:59:00,37.68,98.08,0.00,215.37,46.64,5.74,0.06,2.52,99.97,0.00,215.30,22.54,2.82,-0.24,2.06,99.35,0.00,215.79,43.84,5.48,1.44,4.34,94.92,0.00,215.01,14.03,1.26,8.92
2026-01-23 03:00:59,Meter 1,2026-01-23 03:00:00,54.39,98.66,0.00,215.33,59.40,7.31,0.10,4.07,99.97,0.00,215.21,43.62,5.45,-0.85,3.49,97.14,0.00,215.63,60.14,7.51,0.88,5.77,98.86,0.00,215.15,20.27,0.12,13.32
2026-01-23 03:01:59,Meter 1,2026-01-23 03:01:00,59.85,99.71,0.00,215.19,69.14,8.50,-0.07,5.53,99.99,0.00,215.05,42.43,5.30,-0.33,4.55,99.73,0.00,215.43,67.98,8.49,0.72,6.54,99.40,0.00,215.09,22.29,0.31,16.62
2026-01-23 03:02:59,Meter 1,2026-01-23 03:02:00,55.65,99.37,0.00,215.22,70.03,8.61,-0.27,5.02,99.85,0.00,215.12,37.71,4.71,-0.64,3.67,98.52,0.00,215.44,59.21,7.39,0.43,5.76,99.72,0.00,215.08,20.72,-0.48,14.45
2026-01-23 03:03:59,Meter 1,2026-01-23 03:03:00,40.14,98.61,0.00,215.25,55.49,6.83,-0.42,2.72,98.82,0.00,215.54,21.70,2.71,-0.33,1.74,98.27,0.00,215.29,43.23,5.39,0.58,3.57,98.73,0.00,214.93,14.93,-0.17,8.03
2026-01-23 03:04:59,Meter 1,2026-01-23 03:04:00,46.57,92.73,0.00,215.33,56.21,6.92,0.15,2.39,99.80,0.00,215.55,32.61,4.08,-1.17,1.64,81.31,0.00,215.50,50.90,6.35,1.30,5.25,97.07,0.00,214.94,17.35,0.28,9.28
2026-01-23 03:05:59,Meter 1,2026-01-23 03:05:00,43.42,95.77,0.00,215.25,58.30,7.18,-1.24,2.31,88.06,0.00,215.53,27.89,3.49,-0.30,2.59,99.35,0.00,215.22,44.07,5.49,-0.15,3.44,99.91,0.00,215.00,16.16,-1.69,8.34
2026-01-23 03:06:59,Meter 1,2026-01-23 03:06:00,46.70,94.53,0.00,215.26,65.39,8.05,-1.06,1.79,86.10,0.00,215.42,29.84,3.73,-0.37,2.16,98.59,0.00,215.33,44.88,5.60,-0.47,3.16,98.90,0.00,215.03,17.38,-1.90,7.12
2026-01-23 03:07:59,Meter 1,2026-01-23 03:07:00,43.38,99.15,0.00,215.22,55.73,6.86,-0.43,2.56,98.59,0.00,215.38,34.35,4.29,-0.07,2.54,99.97,0.00,215.30,40.06,4.99,0.64,4.27,98.91,0.00,214.99,16.15,0.14,9.37
2026-01-23 03:08:59,Meter 1,2026-01-23 03:08:00,56.31,99.06,0.00,215.31,63.94,7.87,-0.72,4.07,98.48,0.00,215.36,43.77,5.47,-0.57,3.63,98.78,0.00,215.55,61.22,7.64,-0.22,5.42,99.92,0.00,215.01,20.98,-1.51,13.11
2026-01-23 03:09:59,Meter 1,2026-01-23 03:09:00,34.96,96.50,0.00,215.33,44.26,5.45,-1.20,3.02,92.98,0.00,215.33,22.78,2.85,-0.54,2.35,97.46,0.00,215.57,37.84,4.73,-0.52,3.82,99.07,0.00,215.10,13.02,-2.26,9.19
2026-01-23 03:10:59,Meter 1,2026-01-23 03:10:00,38.60,96.32,0.00,215.23,49.46,6.08,-1.19,2.87,92.36,0.00,215.43,21.93,2.74,-0.60,2.35,96.88,0.00,215.42,44.42,5.54,-0.35,4.70,99.73,0.00,214.85,14.37,-2.14,9.92
2026-01-23 03:11:59,Meter 1,2026-01-23 03:11:00,46.65,94.28,0.00,215.45,67.34,8.29,-0.58,2.69,97.76,0.00,215.45,27.43,3.43,-0.98,1.60,85.15,0.00,215.76,45.17,5.64,0.12,3.44,99.94,0.00,215.14,17.37,-1.44,7.73
2026-01-23 03:12:59,Meter 1,2026-01-23 03:12:00,36.09,96.51,0.00,215.39,40.63,5.00,0.69,4.55,98.87,0.00,215.44,26.90,3.37,-1.20,2.68,91.27,0.00,215.74,40.75,5.09,0.53,4.76,99.38,0.00,215.00,13.45,0.02,12.00
2026-01-23 03:13:59,Meter 1,2026-01-23 03:13:00,38.39,95.44,0.00,215.25,58.25,7.16,-0.16,3.41,99.89,0.00,215.25,21.16,2.65,-0.91,1.63,87.26,0.00,215.64,35.76,4.46,-0.29,2.23,99.17,0.00,214.86,14.27,-1.36,7.26
2026-01-23 03:14:59,Meter 1,2026-01-23 03:14:00,40.36,95.76,0.00,215.34,57.53,7.07,-0.21,3.74,99.84,0.00,215.33,21.98,2.75,-1.08,2.01,88.06,0.00,215.80,41.57,5.19,-0.36,3.30,99.40,0.00,214.89,15.02,-1.66,9.05
2026-01-23 03:15:59,Meter 1,2026-01-23 03:15:00,45.12,98.30,0.00,215.30,53.30,6.55,1.45,6.24,97.41,0.00,215.37,30.77,3.85,-0.42,3.72,99.38,0.00,215.77,51.28,6.40,1.22,6.22,98.12,0.00,214.77,16.81,2.26,16.18
2026-01-23 03:16:59,Meter 1,2026-01-23 03:16:00,58.35,99.58,0.00,215.11,74.85,9.20,-0.04,5.14,100.00,0.00,215.18,37.02,4.63,-0.42,3.56,99.30,0.00,215.44,63.17,7.88,0.52,5.02,99.46,0.00,214.72,21.70,0.06,13.72
2026-01-23 03:17:59,Meter 1,2026-01-23 03:17:00,48.15,99.17,0.00,215.54,72.95,8.99,-0.04,2.74,99.99,0.00,215.76,25.65,3.21,-0.32,2.33,99.07,0.00,215.77,45.86,5.73,0.65,3.66,98.45,0.00,215.09,17.93,0.29,8.74
2026-01-23 03:18:59,Meter 1,2026-01-23 03:18:00,30.06,96.86,0.00,215.68,30.78,3.79,0.33,3.36,99.52,0.00,215.71,21.92,2.75,-1.04,2.29,91.13,0.00,216.03,37.48,4.69,0.16,4.62,99.94,0.00,215.29,11.23,-0.55,10.28
2026-01-23 03:19:59,Meter 1,2026-01-23 03:19:00,29.93,90.34,0.00,215.61,35.48,4.37,-1.99,2.60,79.31,0.00,215.66,23.45,2.94,-0.97,2.48,93.06,0.00,215.76,30.86,3.86,-0.56,3.34,98.64,0.00,215.41,11.17,-3.53,8.42
2026-01-23 03:20:59,Meter 1,2026-01-23 03:20:00,49.57,98.26,0.00,215.49,65.12,8.03,-0.44,2.61,98.62,0.00,215.67,35.67,4.46,-0.23,2.60,99.62,0.00,215.53,47.91,5.98,1.14,4.23,96.53,0.00,215.28,18.47,0.48,9.44
2026-01-23 03:21:59,Meter 1,2026-01-23 03:21:00,48.49,91.76,0.00,215.49,63.13,7.78,-1.03,2.17,90.31,0.00,215.56,36.38,4.55,-1.28,2.17,86.06,0.00,215.62,45.96,5.74,0.54,3.65,98.92,0.00,215.28,18.07,-1.77,7.99
2026-01-23 03:22:59,Meter 1,2026-01-23 03:22:00,48.55,84.21,0.00,215.46,65.88,8.12,-2.06,2.49,77.00,0.00,215.60,32.03,4.01,-1.66,2.08,78.15,0.00,215.48,47.73,5.96,-0.83,3.63,97.47,0.00,215.30,18.09,-4.56,8.20
2026-01-23 03:23:59,Meter 1,2026-01-23 03:23:00,41.92,99.04,0.00,215.29,50.90,6.27,-0.36,5.71,99.80,0.00,215.23,30.83,3.85,-0.71,3.36,97.87,0.00,215.44,44.03,5.50,0.56,5.34,99.45,0.00,215.19,15.62,-0.50,14.42
2026-01-23 03:24:59,Meter 1,2026-01-23 03:24:00,34.48,84.76,0.00,215.35,43.49,5.36,-1.81,1.66,67.63,0.00,215.50,24.01,3.00,-1.06,1.92,87.53,0.00,215.37,35.95,4.49,-0.36,2.68,99.13,0.00,215.17,12.85,-3.22,6.26
2026-01-23 03:25:59,Meter 1,2026-01-23 03:25:00,43.86,94.28,0.00,215.34,53.29,6.56,-1.47,3.59,92.48,0.00,215.53,32.10,4.02,-1.36,3.08,91.49,0.00,215.53,46.18,5.76,-0.68,4.49,98.86,0.00,214.95,16.34,-3.52,11.16
2026-01-23 03:26:59,Meter 1,2026-01-23 03:26:00,39.56,99.23,0.00,215.35,48.52,5.97,-0.30,3.19,99.55,0.00,215.55,29.31,3.67,-0.38,2.94,99.17,0.00,215.56,40.84,5.10,0.69,4.80,98.98,0.00,214.93,14.74,0.00,10.93
2026-01-23 03:27:59,Meter 1,2026-01-23 03:27:00,29.05,97.26,0.00,215.42,22.81,2.81,0.14,2.53,99.85,0.00,215.73,18.36,2.30,-0.77,1.91,92.81,0.00,215.66,45.97,5.73,0.75,5.58,99.12,0.00,214.86,10.84,0.12,10.01
2026-01-23 03:28:59,Meter 1,2026-01-23 03:28:00,60.86,99.49,0.00,215.30,74.27,9.14,0.10,5.06,99.98,0.00,215.33,47.07,5.88,0.62,4.53,99.08,0.00,215.46,61.25,7.65,0.61,5.52,99.40,0.00,215.12,22.67,1.32,15.11
2026-01-23 03:29:59,Meter 1,2026-01-23 03:29:00,63.06,99.70,0.00,215.32,75.78,9.33,0.06,5.14,99.99,0.00,215.34,47.02,5.88,0.40,4.53,99.61,0.00,215.52,66.37,8.29,0.54,5.35,99.49,0.00,215.09,23.49,1.01,15.02
2026-01-23 03:30:59,Meter 1,2026-01-23 03:30:00,45.77,99.65,0.00,215.25,51.39,6.32,-0.58,5.92,99.53,0.00,215.18,42.99,5.37,0.16,5.21,99.95,0.00,215.52,42.93,5.36,-0.55,5.25,99.46,0.00,215.05,17.06,-0.96,16.38
2026-01-23 03:31:59,Meter 1,2026-01-23 03:31:00,36.16,99.01,0.00,215.35,40.38,4.97,-0.90,4.24,97.81,0.00,215.43,34.89,4.36,0.10,4.18,99.97,0.00,215.50,33.22,4.15,-0.48,3.91,99.25,0.00,215.11,13.48,-1.28,12.32
2026-01-23 03:32:59,Meter 1,2026-01-23 03:32:00,54.33,99.49,0.00,215.37,68.82,8.47,-0.24,5.40,99.90,0.00,215.39,38.49,4.82,-0.59,4.10,98.98,0.00,215.68,55.68,6.95,-0.44,4.77,99.58,0.00,215.03,20.24,-1.27,14.27
2026-01-23 03:33:59,Meter 1,2026-01-23 03:33:00,41.60,97.73,0.00,215.34,51.48,6.33,-0.95,5.09,98.29,0.00,215.40,31.53,3.94,-1.00,3.68,96.50,0.00,215.64,41.78,5.22,-0.86,4.75,98.40,0.00,214.99,15.49,-2.81,13.52
2026-01-23 03:34:59,Meter 1,2026-01-23 03:34:00,39.59,91.23,0.00,215.36,54.23,6.67,-0.11,3.80,99.96,0.00,215.45,27.45,3.44,-1.29,1.41,73.91,0.00,215.74,37.11,4.63,0.24,3.95,99.81,0.00,214.89,14.74,-1.16,9.17
2026-01-23 03:35:59,Meter 1,2026-01-23 03:35:00,48.08,95.93,0.00,215.25,56.92,7.00,0.04,4.51,100.00,0.00,215.34,31.52,3.94,-1.30,2.43,88.20,0.00,215.59,55.81,6.96,-0.40,4.46,99.59,0.00,214.83,17.91,-1.66,11.40
2026-01-23 03:36:59,Meter 1,2026-01-23 03:36:00,34.70,90.72,0.00,215.24,42.55,5.23,-1.41,4.16,94.72,0.00,215.24,27.18,3.40,-1.72,2.77,84.92,0.00,215.51,34.37,4.29,-1.47,3.59,92.53,0.00,214.96,12.92,-4.60,10.53
2026-01-23 03:37:59,Meter 1,2026-01-23 03:37:00,47.11,90.18,0.00,215.22,67.98,8.36,0.53,4.11,99.19,0.00,215.28,34.80,4.35,-1.57,1.61,71.64,0.00,215.40,38.54,4.81,-0.32,4.12,99.70,0.00,214.98,17.52,-1.36,9.84
2026-01-23 03:38:59,Meter 1,2026-01-23 03:38:00,41.94,97.56,0.00,215.40,62.13,7.65,0.16,5.02,99.95,0.00,215.35,30.17,3.77,-0.98,2.47,92.96,0.00,215.74,33.51,4.19,-0.28,4.00,99.76,0.00,215.11,15.61,-1.09,11.50
2026-01-23 03:39:59,Meter 1,2026-01-23 03:39:00,62.79,99.55,0.00,215.22,81.32,10.01,-0.72,7.23,99.50,0.00,215.03,55.26,6.90,0.09,5.67,99.99,0.00,215.40,51.79,6.47,-0.62,4.74,99.17,0.00,215.24,23.37,-1.25,17.64
2026-01-23 03:40:59,Meter 1,2026-01-23 03:40:00,65.99,99.60,0.00,215.15,82.11,10.10,-0.82,7.55,99.42,0.00,215.19,60.67,7.58,0.60,7.01,99.64,0.00,215.27,55.20,6.89,0.40,5.74,99.76,0.00,215.00,24.56,0.18,20.30
2026-01-23 03:41:59,Meter 1,2026-01-23 03:41:00,78.71,99.70,0.00,215.10,95.68,11.77,-0.68,10.10,99.77,0.00,215.10,73.47,9.17,0.96,8.83,99.42,0.00,215.19,66.97,8.35,0.34,7.81,99.91,0.00,215.00,29.30,0.61,26.73
2026-01-23 03:42:59,Meter 1,2026-01-23 03:42:00,60.81,99.14,0.00,215.17,75.33,9.26,-1.08,6.84,98.78,0.00,215.08,53.12,6.63,0.93,5.73,98.70,0.00,215.37,53.98,6.74,0.18,4.77,99.93,0.00,215.06,22.64,0.04,17.35
2026-01-23 03:43:59,Meter 1,2026-01-23 03:43:00,51.74,97.50,0.00,215.25,63.41,7.80,-0.80,5.74,99.04,0.00,215.25,47.35,5.92,1.45,5.20,96.31,0.00,215.52,44.48,5.55,1.25,5.14,97.15,0.00,214.98,19.27,1.91,16.08
2026-01-23 03:44:59,Meter 1,2026-01-23 03:44:00,55.96,98.62,0.00,215.18,66.79,8.21,-1.00,4.36,97.48,0.00,215.28,38.45,4.81,-0.34,3.19,99.44,0.00,215.41,62.64,7.81,0.92,6.27,98.94,0.00,214.85,20.83,-0.42,13.83
2026-01-23 03:45:59,Meter 1,2026-01-23 03:45:00,62.44,98.26,0.00,215.19,76.33,9.39,-1.73,5.42,95.28,0.00,215.35,50.42,6.30,0.04,4.54,100.00,0.00,215.37,60.58,7.56,0.55,5.40,99.49,0.00,214.86,23.25,-1.14,15.37
2026-01-23 03:46:59,Meter 1,2026-01-23 03:46:00,52.42,97.48,0.00,215.13,65.65,8.08,-2.28,6.10,93.66,0.00,215.26,45.01,5.62,0.82,5.45,98.89,0.00,215.17,46.59,5.81,0.21,4.74,99.90,0.00,214.95,19.51,-1.25,16.28
2026-01-23 03:47:59,Meter 1,2026-01-23 03:47:00,52.44,98.94,0.00,215.11,62.02,7.63,-0.74,4.46,98.64,0.00,215.16,40.28,5.03,-0.36,3.50,99.47,0.00,215.19,55.01,6.86,0.80,4.96,98.72,0.00,214.97,19.52,-0.30,12.92
2026-01-23 03:48:59,Meter 1,2026-01-23 03:48:00,53.56,97.97,0.00,215.16,64.45,7.93,-1.77,5.17,94.61,0.00,215.15,44.40,5.55,0.00,4.61,100.00,0.00,215.34,51.84,6.47,-0.54,4.56,99.31,0.00,214.98,19.94,-2.31,14.34
2026-01-23 03:49:59,Meter 1,2026-01-23 03:49:00,51.89,97.53,0.00,215.04,67.37,8.29,-2.06,5.82,94.26,0.00,215.13,43.39,5.42,0.19,5.23,99.94,0.00,215.12,44.92,5.60,-0.77,4.26,98.39,0.00,214.87,19.30,-2.65,15.32
2026-01-23 03:50:59,Meter 1,2026-01-23 03:50:00,35.39,83.76,0.00,215.25,49.45,6.08,-2.48,3.08,77.89,0.00,215.16,23.77,2.97,-0.96,2.46,93.19,0.00,215.51,32.94,4.11,-1.58,2.13,80.21,0.00,215.07,13.17,-5.02,7.67
2026-01-23 03:51:59,Meter 1,2026-01-23 03:51:00,23.61,97.03,0.00,215.20,26.65,3.28,-1.07,2.53,92.16,0.00,215.17,21.25,2.66,-0.01,2.35,100.00,0.00,215.53,22.93,2.86,-0.38,2.59,98.92,0.00,214.89,8.79,-1.46,7.46
2026-01-23 03:52:59,Meter 1,2026-01-23 03:52:00,28.12,87.79,0.00,215.22,37.22,4.58,-1.90,3.69,88.93,0.00,215.11,25.35,3.17,-0.25,2.82,99.61,0.00,215.60,21.79,2.72,-1.58,1.78,74.83,0.00,214.94,10.46,-3.73,8.29
2026-01-23 03:53:59,Meter 1,2026-01-23 03:53:00,40.71,94.04,0.00,215.25,52.46,6.45,-1.56,4.70,94.89,0.00,215.14,32.46,4.06,-0.82,3.62,97.55,0.00,215.64,37.22,4.65,-1.72,3.49,89.68,0.00,214.98,15.16,-4.10,11.81
2026-01-23 03:54:59,Meter 1,2026-01-23 03:54:00,37.33,99.45,0.00,215.12,53.49,6.57,-0.50,3.58,99.05,0.00,214.94,24.77,3.09,0.00,2.52,100.00,0.00,215.59,33.75,4.21,-0.30,2.50,99.30,0.00,214.84,13.88,-0.79,8.60
2026-01-23 03:55:59,Meter 1,2026-01-23 03:55:00,50.17,98.34,0.00,215.07,67.85,8.34,-0.13,5.23,99.97,0.00,214.95,39.39,4.92,-0.98,3.00,95.10,0.00,215.40,43.27,5.40,0.14,4.79,99.96,0.00,214.86,18.66,-0.97,13.03
2026-01-23 03:56:59,Meter 1,2026-01-23 03:56:00,56.90,99.28,0.00,215.08,73.29,9.01,0.64,7.20,99.60,0.00,215.11,42.75,5.34,0.07,4.66,99.99,0.00,215.34,54.67,6.82,1.19,6.26,98.24,0.00,214.78,21.17,1.90,18.12
2026-01-23 03:57:59,Meter 1,2026-01-23 03:57:00,35.21,98.65,0.00,214.99,45.45,5.59,-0.43,4.57,99.56,0.00,215.15,29.06,3.63,0.39,3.09,99.21,0.00,215.15,31.13,3.88,0.83,3.42,97.18,0.00,214.67,13.09,0.79,11.09
2026-01-23 03:58:59,Meter 1,2026-01-23 03:58:00,51.82,97.75,0.00,214.88,71.45,8.78,-0.22,5.21,99.91,0.00,214.80,36.11,4.51,0.40,3.43,99.32,0.00,215.10,47.88,5.97,1.59,4.39,94.01,0.00,214.72,19.25,1.78,13.04
2026-01-23 03:59:59,Meter 1,2026-01-23 03:59:00,47.24,99.24,0.00,215.05,62.11,7.64,-1.18,5.89,98.06,0.00,215.01,33.45,4.18,-0.32,3.76,99.64,0.00,215.26,46.15,5.76,-0.03,4.52,100.00,0.00,214.87,17.57,-1.53,14.17
2026-01-23 04:00:59,Meter 1,2026-01-23 04:00:00,55.70,98.81,0.00,214.97,67.54,8.30,-0.10,5.13,99.98,0.00,215.00,41.48,5.18,-0.54,3.37,98.76,0.00,215.27,58.07,7.24,1.17,5.34,97.68,0.00,214.63,20.71,0.53,13.84
2026-01-23 04:01:59,Meter 1,2026-01-23 04:01:00,46.22,98.50,0.00,214.93,69.50,8.54,-1.17,4.20,96.34,0.00,214.92,29.03,3.62,0.12,2.94,99.92,0.00,215.10,40.13,5.00,-0.34,2.72,99.25,0.00,214.79,17.16,-1.38,9.86
2026-01-23 04:02:59,Meter 1,2026-01-23 04:02:00,54.31,97.52,0.00,214.94,70.26,8.63,-1.23,5.52,97.62,0.00,214.86,39.83,4.97,-0.37,4.06,99.59,0.00,215.12,52.84,6.59,-1.14,3.61,95.36,0.00,214.85,20.19,-2.74,13.19
2026-01-23 04:03:59,Meter 1,2026-01-23 04:03:00,45.00,99.83,0.00,214.91,52.01,6.39,-0.49,6.22,99.70,0.00,214.94,42.02,5.24,0.16,5.08,99.95,0.00,215.02,40.98,5.11,-0.29,5.03,99.83,0.00,214.76,16.74,-0.61,16.33
2026-01-23 04:04:59,Meter 1,2026-01-23 04:04:00,42.92,96.46,0.00,214.95,57.57,7.07,-1.24,3.78,95.00,0.00,214.90,32.44,4.05,0.63,3.43,98.33,0.00,215.16,38.74,4.83,-0.64,2.20,96.06,0.00,214.80,15.95,-1.24,9.40
2026-01-23 04:05:59,Meter 1,2026-01-23 04:05:00,45.70,99.87,0.00,215.02,58.54,7.19,-0.31,3.75,99.66,0.00,214.86,38.78,4.84,0.09,3.22,99.96,0.00,215.32,39.79,4.96,-0.04,3.61,100.00,0.00,214.89,17.00,-0.25,10.57
2026-01-23 04:06:59,Meter 1,2026-01-23 04:06:00,52.66,99.54,0.00,215.01,68.05,8.36,-0.48,5.23,99.58,0.00,215.00,44.02,5.50,-0.21,4.31,99.88,0.00,215.31,45.92,5.72,-0.60,4.59,99.16,0.00,214.70,19.58,-1.29,14.13
2026-01-23 04:07:59,Meter 1,2026-01-23 04:07:00,51.95,95.48,0.00,214.94,72.52,8.91,-1.01,5.30,98.23,0.00,214.92,35.54,4.44,-0.57,3.35,98.58,0.00,215.19,47.80,5.96,-1.55,3.13,89.64,0.00,214.70,19.30,-3.13,11.77
2026-01-23 04:08:59,Meter 1,2026-01-23 04:08:00,27.07,98.40,0.00,214.94,31.46,3.86,0.02,3.36,100.00,0.00,215.01,19.09,2.38,-0.62,1.97,95.46,0.00,215.19,30.66,3.82,0.26,3.56,99.74,0.00,214.61,10.07,-0.33,8.89
2026-01-23 04:09:59,Meter 1,2026-01-23 04:09:00,40.79,95.65,0.00,214.93,45.11,5.54,0.08,5.23,99.99,0.00,214.91,28.06,3.50,-1.53,2.72,87.19,0.00,215.12,49.20,6.13,-0.35,5.32,99.78,0.00,214.77,15.18,-1.81,13.27
2026-01-23 04:10:59,Meter 1,2026-01-23 04:10:00,46.84,95.58,0.00,215.03,68.48,8.42,-1.49,3.60,92.38,0.00,214.94,29.46,3.68,-0.56,2.36,97.33,0.00,215.20,42.59,5.31,-0.67,2.69,97.04,0.00,214.93,17.41,-2.72,8.66
2026-01-23 04:11:59,Meter 1,2026-01-23 04:11:00,56.22,96.72,0.00,215.10,66.34,8.16,-0.60,4.44,99.08,0.00,215.24,43.67,5.46,-1.32,2.91,91.11,0.00,215.28,58.65,7.31,-0.12,5.48,99.98,0.00,214.77,20.93,-2.04,12.83
2026-01-23 04:12:59,Meter 1,2026-01-23 04:12:00,53.45,99.25,0.00,215.05,69.26,8.51,-0.17,4.58,99.93,0.00,215.13,35.70,4.46,-0.65,3.05,97.82,0.00,215.41,55.39,6.90,0.08,4.42,99.98,0.00,214.61,19.87,-0.74,12.06
2026-01-23 04:13:59,Meter 1,2026-01-23 04:13:00,25.81,93.34,0.00,215.18,31.47,3.87,-1.09,2.93,93.78,0.00,215.21,20.53,2.57,-0.95,2.07,90.85,0.00,215.37,25.44,3.17,-0.80,2.55,95.38,0.00,214.95,9.61,-2.84,7.55
2026-01-23 04:14:59,Meter 1,2026-01-23 04:14:00,49.40,96.90,0.00,215.08,57.28,7.04,0.14,3.58,99.92,0.00,215.01,39.29,4.91,-1.03,2.28,91.16,0.00,215.42,51.63,6.44,0.42,4.81,99.63,0.00,214.82,18.39,-0.47,10.67
2026-01-23 04:15:59,Meter 1,2026-01-23 04:15:00,47.40,98.24,0.00,215.06,55.85,6.87,-0.30,4.14,99.75,0.00,214.91,39.56,4.94,-0.94,3.08,95.68,0.00,215.28,46.80,5.84,0.67,5.65,99.31,0.00,215.00,17.64,-0.56,12.87
2026-01-23 04:16:59,Meter 1,2026-01-23 04:16:00,42.29,95.66,0.00,215.06,63.13,7.77,-1.13,2.06,87.67,0.00,215.36,32.01,4.00,-0.27,2.48,99.43,0.00,215.07,31.73,3.95,-0.15,2.94,99.88,0.00,214.74,15.72,-1.54,7.49
2026-01-23 04:17:59,Meter 1,2026-01-23 04:17:00,39.98,98.29,0.00,215.00,56.93,7.00,-0.70,2.18,95.25,0.00,215.22,23.18,2.89,-0.14,2.26,99.81,0.00,214.94,39.83,4.96,0.21,3.35,99.81,0.00,214.86,14.86,-0.63,7.78
2026-01-23 04:18:59,Meter 1,2026-01-23 04:18:00,25.77,99.20,0.00,214.88,26.08,3.21,0.39,2.62,98.88,0.00,215.06,20.25,2.53,-0.09,2.12,99.90,0.00,214.88,30.97,3.85,0.57,3.66,98.82,0.00,214.71,9.59,0.87,8.40
2026-01-23 04:19:59,Meter 1,2026-01-23 04:19:00,50.48,99.17,0.00,214.81,64.86,7.97,0.36,5.25,99.77,0.00,214.99,38.65,4.82,-0.19,2.99,99.79,0.00,214.94,47.93,5.96,1.13,5.51,97.96,0.00,214.50,18.75,1.30,13.74
2026-01-23 04:20:59,Meter 1,2026-01-23 04:20:00,41.26,95.09,0.00,214.90,43.33,5.32,0.56,3.95,99.00,0.00,215.06,25.37,3.17,-1.18,2.09,87.13,0.00,215.09,55.10,6.86,0.83,6.27,99.14,0.00,214.53,15.35,0.22,12.30
2026-01-23 04:21:59,Meter 1,2026-01-23 04:21:00,45.28,89.89,0.00,215.06,64.22,7.90,-1.04,2.84,93.89,0.00,215.15,25.60,3.20,-1.60,1.87,76.01,0.00,215.17,46.02,5.74,-0.30,4.32,99.76,0.00,214.85,16.83,-2.94,9.03
2026-01-23 04:22:59,Meter 1,2026-01-23 04:22:00,57.05,94.81,0.00,214.75,69.42,8.52,-0.36,5.98,99.82,0.00,214.62,40.88,5.10,-1.57,2.51,84.84,0.00,215.09,60.84,7.58,-0.38,5.87,99.79,0.00,214.53,21.19,-2.31,14.36
2026-01-23 04:23:59,Meter 1,2026-01-23 04:23:00,33.66,86.60,0.00,214.69,38.70,4.75,0.20,3.96,99.88,0.00,214.74,17.61,2.20,-1.47,1.18,62.49,0.00,215.08,44.68,5.56,1.21,5.23,97.42,0.00,214.27,12.50,-0.07,10.37
2026-01-23 04:24:59,Meter 1,2026-01-23 04:24:00,45.31,91.85,0.00,214.81,65.55,8.05,-0.79,4.12,98.21,0.00,214.85,25.42,3.17,-1.26,1.55,77.55,0.00,214.96,44.97,5.60,0.27,4.19,99.80,0.00,214.61,16.82,-1.78,9.85
2026-01-23 04:25:59,Meter 1,2026-01-23 04:25:00,57.62,97.71,0.00,214.77,71.80,8.82,-0.03,7.32,100.00,0.00,214.67,39.74,4.95,-1.40,3.61,93.18,0.00,214.93,61.31,7.64,0.22,7.17,99.95,0.00,214.71,21.41,-1.22,18.10
2026-01-23 04:26:59,Meter 1,2026-01-23 04:26:00,54.87,99.31,0.00,214.80,77.78,9.55,-0.68,4.98,99.08,0.00,214.70,31.80,3.97,-0.26,3.03,99.65,0.00,215.07,55.04,6.86,0.65,5.12,99.20,0.00,214.62,20.37,-0.28,13.12
2026-01-23 04:27:59,Meter 1,2026-01-23 04:27:00,57.38,98.48,0.00,214.89,69.98,8.59,0.58,5.72,99.49,0.00,214.94,39.17,4.89,-0.44,3.19,99.08,0.00,215.21,62.97,7.85,1.62,6.30,96.86,0.00,214.52,21.33,1.76,15.21
2026-01-23 04:28:59,Meter 1,2026-01-23 04:28:00,56.30,98.70,0.00,214.86,73.37,9.01,-1.12,6.29,98.44,0.00,214.84,41.40,5.16,-0.58,4.41,99.15,0.00,215.03,54.11,6.74,-0.88,5.05,98.50,0.00,214.69,20.92,-2.59,15.76
2026-01-23 04:29:59,Meter 1,2026-01-23 04:29:00,61.45,99.80,0.00,214.79,72.72,8.92,-0.55,6.88,99.68,0.00,214.76,49.42,6.17,-0.35,4.87,99.74,0.00,215.10,62.20,7.75,-0.15,5.98,99.97,0.00,214.51,22.84,-1.05,17.73
2026-01-23 04:30:59,Meter 1,2026-01-23 04:30:00,57.01,99.19,0.00,214.67,67.85,8.33,0.60,5.53,99.41,0.00,214.62,40.92,5.10,-0.16,3.60,99.90,0.00,214.90,62.25,7.75,1.12,5.92,98.26,0.00,214.49,21.18,1.56,15.04
2026-01-23 04:31:59,Meter 1,2026-01-23 04:31:00,48.54,99.38,0.00,214.70,60.11,7.38,-0.84,5.54,98.87,0.00,214.55,37.14,4.63,0.31,4.23,99.73,0.00,214.82,48.38,6.03,0.50,5.31,99.55,0.00,214.74,18.03,-0.02,15.09
2026-01-23 04:32:59,Meter 1,2026-01-23 04:32:00,60.07,98.78,0.00,214.62,72.44,8.89,-0.23,6.20,99.93,0.00,214.47,35.81,4.46,-0.93,3.43,96.53,0.00,214.75,71.96,8.96,0.39,7.75,99.88,0.00,214.63,22.31,-0.77,17.39
2026-01-23 04:33:59,Meter 1,2026-01-23 04:33:00,36.10,93.54,0.00,214.71,43.52,5.34,0.67,5.07,99.14,0.00,214.65,19.53,2.43,-1.18,1.80,83.55,0.00,214.90,45.23,5.63,1.13,5.48,97.94,0.00,214.57,13.41,0.61,12.35
2026-01-23 04:34:59,Meter 1,2026-01-23 04:34:00,56.79,99.19,0.00,214.78,72.16,8.86,0.58,7.75,99.72,0.00,214.85,45.53,5.68,-0.56,4.81,99.34,0.00,214.90,52.67,6.56,1.04,5.99,98.52,0.00,214.58,21.10,1.07,18.56
2026-01-23 04:35:59,Meter 1,2026-01-23 04:35:00,70.14,99.37,0.00,214.65,90.14,11.07,-1.65,9.64,98.57,0.00,214.79,60.18,7.50,0.65,7.11,99.58,0.00,214.54,60.11,7.48,-0.18,6.77,99.97,0.00,214.62,26.05,-1.17,23.52
2026-01-23 04:36:59,Meter 1,2026-01-23 04:36:00,111.55,96.03,0.00,214.59,149.18,18.32,-5.88,15.98,93.84,0.00,214.44,128.26,15.95,4.94,14.66,94.76,0.00,214.46,57.20,7.12,0.66,6.39,99.47,0.00,214.87,41.40,-0.28,37.03
2026-01-23 04:37:59,Meter 1,2026-01-23 04:37:00,117.96,94.98,0.00,214.58,161.92,19.88,-6.60,17.82,93.78,0.00,214.22,124.99,15.54,4.30,14.61,95.94,0.00,214.59,66.98,8.35,-2.02,6.30,95.22,0.00,214.92,43.76,-4.32,38.73
2026-01-23 04:38:59,Meter 1,2026-01-23 04:38:00,112.14,96.61,0.00,214.61,151.59,18.61,-6.01,16.27,93.81,0.00,214.28,125.55,15.62,4.20,14.49,96.04,0.00,214.70,59.29,7.39,-0.12,6.54,99.98,0.00,214.85,41.61,-1.92,37.30
2026-01-23 04:39:59,Meter 1,2026-01-23 04:39:00,86.25,99.50,0.00,214.76,111.13,13.64,-1.47,10.41,99.02,0.00,214.61,75.44,9.40,0.75,7.77,99.53,0.00,214.95,72.17,8.99,-0.21,7.37,99.96,0.00,214.72,32.04,-0.93,25.54
2026-01-23 04:40:59,Meter 1,2026-01-23 04:40:00,93.45,98.55,0.00,214.81,119.30,14.64,-2.83,10.92,96.80,0.00,214.68,80.90,10.09,1.25,8.64,98.96,0.00,215.09,80.14,9.99,-0.43,8.57,99.87,0.00,214.65,34.72,-2.01,28.14
2026-01-23 04:41:59,Meter 1,2026-01-23 04:41:00,89.07,98.52,0.00,214.79,112.46,13.80,-2.55,12.64,98.03,0.00,214.53,88.91,11.08,2.29,10.09,97.53,0.00,215.09,65.83,8.21,0.02,7.68,100.00,0.00,214.75,33.09,-0.24,30.40
2026-01-23 04:42:59,Meter 1,2026-01-23 04:42:00,84.66,98.82,0.00,214.71,112.35,13.79,-2.44,10.60,97.45,0.00,214.59,73.88,9.21,1.14,8.30,99.07,0.00,214.89,67.76,8.44,-0.26,7.02,99.93,0.00,214.66,31.44,-1.56,25.92
2026-01-23 04:43:59,Meter 1,2026-01-23 04:43:00,107.30,97.71,0.00,214.61,141.18,17.31,-4.58,14.60,95.43,0.00,214.31,102.01,12.70,2.49,11.60,97.77,0.00,214.96,78.72,9.81,-0.29,8.35,99.94,0.00,214.54,39.82,-2.37,34.56
2026-01-23 04:44:59,Meter 1,2026-01-23 04:44:00,89.89,95.51,0.00,214.55,117.05,14.36,-4.38,12.23,94.14,0.00,214.59,99.20,12.36,3.65,11.41,95.24,0.00,214.63,53.42,6.64,1.42,5.81,97.13,0.00,214.42,33.36,0.69,29.45
2026-01-23 04:45:59,Meter 1,2026-01-23 04:45:00,87.59,98.09,0.00,214.63,116.82,14.33,-3.70,12.39,95.83,0.00,214.59,85.17,10.61,1.74,9.74,98.44,0.00,214.86,60.77,7.56,-0.04,7.10,100.00,0.00,214.45,32.51,-2.00,29.23
2026-01-23 04:46:59,Meter 1,2026-01-23 04:46:00,79.25,99.10,0.00,214.75,106.61,13.08,-2.40,11.00,97.70,0.00,214.71,69.45,8.66,0.60,7.87,99.71,0.00,214.96,61.68,7.68,-0.33,7.21,99.90,0.00,214.59,29.43,-2.13,26.07
2026-01-23 04:47:59,Meter 1,2026-01-23 04:47:00,79.81,99.49,0.00,214.69,101.00,12.39,-1.48,10.24,98.97,0.00,214.73,62.24,7.76,-0.05,6.96,100.00,0.00,214.97,76.20,9.49,-0.78,7.72,99.50,0.00,214.37,29.64,-2.31,24.92
2026-01-23 04:48:59,Meter 1,2026-01-23 04:48:00,69.29,98.29,0.00,214.60,81.99,10.06,-1.89,9.63,98.14,0.00,214.57,72.89,9.08,1.45,8.71,98.64,0.00,214.72,53.00,6.60,1.22,6.13,98.09,0.00,214.52,25.74,0.78,24.48
2026-01-23 04:49:59,Meter 1,2026-01-23 04:49:00,66.09,99.68,0.00,214.74,79.78,9.79,-1.13,9.38,99.28,0.00,214.66,60.13,7.50,-0.17,7.07,99.97,0.00,214.91,58.37,7.27,0.44,6.93,99.80,0.00,214.64,24.56,-0.85,23.38
2026-01-23 04:50:59,Meter 1,2026-01-23 04:50:00,89.74,98.65,0.00,214.56,117.26,14.37,-2.30,12.40,98.33,0.00,214.37,75.90,9.45,0.74,8.95,99.66,0.00,214.89,76.05,9.47,-1.53,7.45,97.95,0.00,214.43,33.30,-3.09,28.81
2026-01-23 04:51:59,Meter 1,2026-01-23 04:51:00,81.51,98.03,0.00,214.59,105.97,12.99,-1.51,12.46,99.27,0.00,214.45,67.71,8.44,-0.05,8.00,100.00,0.00,215.01,70.84,8.82,-2.42,7.23,94.82,0.00,214.31,30.25,-3.99,27.69
2026-01-23 04:52:59,Meter 1,2026-01-23 04:52:00,79.84,98.64,0.00,214.57,107.93,13.23,0.04,10.99,100.00,0.00,214.41,59.22,7.38,-0.25,6.54,99.93,0.00,214.92,72.37,9.01,-2.14,7.34,96.00,0.00,214.37,29.62,-2.35,24.87
2026-01-23 04:53:59,Meter 1,2026-01-23 04:53:00,80.97,98.75,0.00,214.74,106.35,13.05,-0.33,10.19,99.95,0.00,214.61,64.16,8.00,-0.44,6.46,99.77,0.00,215.04,72.40,9.02,-1.94,7.15,96.52,0.00,214.57,30.07,-2.71,23.81
2026-01-23 04:54:59,Meter 1,2026-01-23 04:54:00,71.54,98.30,0.00,214.67,82.79,10.16,-0.19,8.94,99.98,0.00,214.70,72.63,9.05,2.19,8.49,96.84,0.00,214.81,59.19,7.37,1.31,6.61,98.10,0.00,214.49,26.58,3.30,24.04
2026-01-23 04:55:59,Meter 1,2026-01-23 04:55:00,84.63,96.77,0.00,214.59,98.46,12.08,-1.84,11.35,98.71,0.00,214.52,90.08,11.22,3.07,10.56,96.03,0.00,214.74,65.34,8.13,2.27,7.39,95.59,0.00,214.49,31.43,3.49,29.30
2026-01-23 04:56:59,Meter 1,2026-01-23 04:56:00,72.70,99.12,0.00,214.93,90.10,11.07,-1.49,7.23,97.93,0.00,215.09,59.27,7.40,-0.64,6.03,99.44,0.00,215.08,68.73,8.56,0.03,7.76,100.00,0.00,214.63,27.03,-2.10,21.02
2026-01-23 04:57:59,Meter 1,2026-01-23 04:57:00,63.87,98.40,0.00,214.88,70.69,8.68,-1.05,6.48,98.71,0.00,214.98,50.87,6.35,-1.34,5.04,96.62,0.00,215.03,70.05,8.72,0.46,8.40,99.85,0.00,214.62,23.76,-1.94,19.92
2026-01-23 04:58:59,Meter 1,2026-01-23 04:58:00,62.30,96.50,0.00,214.73,62.26,7.65,-1.35,5.44,97.04,0.00,214.89,58.92,7.35,1.00,6.90,98.97,0.00,214.76,65.72,8.18,2.61,6.88,93.50,0.00,214.55,23.17,2.25,19.22
2026-01-23 04:59:59,Meter 1,2026-01-23 04:59:00,58.43,96.04,0.00,214.73,53.58,6.58,-1.35,5.80,97.39,0.00,215.02,60.97,7.61,1.39,7.11,98.14,0.00,214.72,60.76,7.55,2.72,6.67,92.59,0.00,214.44,21.74,2.76,19.58
2026-01-23 05:00:59,Meter 1,2026-01-23 05:00:00,71.63,98.99,0.00,214.57,87.52,10.74,-0.99,6.72,98.94,0.00,214.66,60.03,7.48,0.50,6.79,99.73,0.00,214.57,67.33,8.37,1.26,6.74,98.30,0.00,214.49,26.59,0.77,20.26
2026-01-23 05:01:59,Meter 1,2026-01-23 05:01:00,68.26,99.22,0.00,214.52,80.53,9.88,-0.62,6.18,99.51,0.00,214.43,56.50,7.03,0.06,6.04,100.00,0.00,214.62,67.76,8.43,1.34,6.89,98.16,0.00,214.51,25.34,0.78,19.11
2026-01-23 05:02:59,Meter 1,2026-01-23 05:02:00,59.34,97.75,0.00,214.63,62.94,7.72,-1.42,7.35,98.19,0.00,214.60,65.19,8.12,1.50,7.75,98.18,0.00,214.80,49.90,6.21,1.47,5.73,96.88,0.00,214.50,22.06,1.55,20.83
2026-01-23 05:03:59,Meter 1,2026-01-23 05:03:00,67.51,98.59,0.00,214.66,79.48,9.75,-1.03,8.57,99.28,0.00,214.57,52.90,6.59,-1.43,5.63,96.93,0.00,214.94,70.15,8.74,-0.70,7.34,99.55,0.00,214.46,25.08,-3.16,21.55
2026-01-23 05:04:59,Meter 1,2026-01-23 05:04:00,61.83,97.97,0.00,214.62,71.64,8.79,-0.33,8.50,99.93,0.00,214.73,57.46,7.17,0.75,6.75,99.38,0.00,214.79,56.38,7.01,2.17,6.32,94.59,0.00,214.33,22.97,2.60,21.58
2026-01-23 05:05:59,Meter 1,2026-01-23 05:05:00,77.95,99.48,0.00,214.55,101.64,12.46,-1.61,10.02,98.73,0.00,214.52,65.48,8.16,0.37,7.23,99.87,0.00,214.84,66.74,8.30,0.37,7.01,99.86,0.00,214.29,28.92,-0.87,24.25
2026-01-23 05:06:59,Meter 1,2026-01-23 05:06:00,61.39,99.36,0.00,214.74,77.91,9.56,0.05,7.14,100.00,0.00,214.96,47.41,5.92,-0.87,4.71,98.36,0.00,214.98,58.85,7.32,0.50,6.84,99.74,0.00,214.28,22.80,-0.32,18.70
2026-01-23 05:07:59,Meter 1,2026-01-23 05:07:00,94.34,96.79,0.00,214.41,120.42,14.76,-2.64,12.56,97.86,0.00,214.31,94.47,11.75,3.21,10.80,95.86,0.00,214.51,68.13,8.47,1.91,7.20,96.66,0.00,214.41,34.99,2.47,30.56
2026-01-23 05:08:59,Meter 1,2026-01-23 05:08:00,76.06,97.38,0.00,214.51,79.81,9.79,-1.79,8.83,98.02,0.00,214.48,79.73,9.93,2.32,9.39,97.09,0.00,214.65,68.65,8.54,1.96,7.85,97.03,0.00,214.39,28.25,2.49,26.08
2026-01-23 05:09:59,Meter 1,2026-01-23 05:09:00,81.69,98.29,0.00,214.59,89.59,10.99,-1.08,7.57,98.99,0.00,214.61,72.68,9.05,1.64,8.23,98.07,0.00,214.72,82.81,10.30,1.75,8.22,97.79,0.00,214.45,30.35,2.31,24.02
2026-01-23 05:10:59,Meter 1,2026-01-23 05:10:00,92.43,94.11,0.00,214.42,97.34,11.94,-3.15,11.01,96.14,0.00,214.46,111.90,13.92,5.01,12.77,93.09,0.00,214.40,68.06,8.46,2.96,7.55,93.09,0.00,214.42,34.32,4.82,31.32
2026-01-23 05:11:59,Meter 1,2026-01-23 05:11:00,83.18,98.29,0.00,214.46,99.81,12.24,-1.86,10.12,98.35,0.00,214.55,79.96,9.96,2.27,8.95,96.93,0.00,214.57,69.77,8.67,0.73,8.17,99.61,0.00,214.27,30.87,1.14,27.24
2026-01-23 05:12:59,Meter 1,2026-01-23 05:12:00,70.86,98.48,0.00,214.52,86.13,10.56,-1.03,6.60,98.80,0.00,214.66,61.11,7.62,1.41,6.57,97.76,0.00,214.69,65.35,8.12,0.96,6.39,98.89,0.00,214.22,26.30,1.34,19.55
2026-01-23 05:13:59,Meter 1,2026-01-23 05:13:00,60.11,97.97,0.00,214.58,64.05,7.86,-1.61,7.25,97.61,0.00,214.72,54.58,6.80,-0.97,6.19,98.79,0.00,214.62,61.71,7.67,-1.61,7.07,97.50,0.00,214.39,22.33,-4.19,20.51
2026-01-23 05:14:59,Meter 1,2026-01-23 05:14:00,61.15,99.48,0.00,214.41,64.43,7.90,-0.58,7.56,99.70,0.00,214.43,63.49,7.90,1.12,7.61,98.93,0.00,214.47,55.54,6.90,0.41,6.58,99.80,0.00,214.32,22.71,0.95,21.74
2026-01-23 05:15:59,Meter 1,2026-01-23 05:15:00,61.08,98.90,0.00,214.58,66.94,8.21,-0.27,7.09,99.93,0.00,214.50,60.52,7.54,1.25,6.95,98.42,0.00,214.73,55.78,6.94,1.16,6.34,98.36,0.00,214.52,22.69,2.14,20.38
2026-01-23 05:16:59,Meter 1,2026-01-23 05:16:00,83.81,97.47,0.00,214.47,104.76,12.85,-3.22,11.14,96.06,0.00,214.32,92.28,11.48,2.94,10.69,96.43,0.00,214.55,54.39,6.77,-0.23,6.03,99.93,0.00,214.54,31.10,-0.51,27.85
2026-01-23 05:17:59,Meter 1,2026-01-23 05:17:00,78.67,97.56,0.00,214.48,101.82,12.49,-2.15,9.43,97.51,0.00,214.46,71.56,8.91,0.62,8.20,99.72,0.00,214.56,62.62,7.79,-1.91,6.12,95.45,0.00,214.41,29.18,-3.44,23.75
2026-01-23 05:18:59,Meter 1,2026-01-23 05:18:00,76.85,98.76,0.00,214.58,94.85,11.64,-1.50,8.92,98.61,0.00,214.50,64.45,8.03,-0.35,7.09,99.88,0.00,214.69,71.25,8.87,-1.56,7.27,97.78,0.00,214.54,28.53,-3.41,23.28
2026-01-23 05:19:59,Meter 1,2026-01-23 05:19:00,76.85,98.77,0.00,214.48,96.68,11.86,-1.98,8.22,97.21,0.00,214.59,69.51,8.66,0.87,8.02,99.41,0.00,214.53,64.36,8.00,-0.51,6.46,99.68,0.00,214.33,28.52,-1.62,22.69
2026-01-23 05:20:59,Meter 1,2026-01-23 05:20:00,77.82,98.63,0.00,214.33,95.54,11.71,-2.14,9.18,97.39,0.00,214.46,74.63,9.29,1.49,8.77,98.58,0.00,214.33,63.28,7.86,-0.26,6.52,99.92,0.00,214.20,28.86,-0.91,24.46
2026-01-23 05:21:59,Meter 1,2026-01-23 05:21:00,70.10,98.53,0.00,214.45,86.16,10.56,-0.62,7.13,99.63,0.00,214.51,54.51,6.79,-1.31,4.79,96.45,0.00,214.70,69.62,8.66,-0.71,7.04,99.50,0.00,214.15,26.01,-2.64,18.96
2026-01-23 05:22:59,Meter 1,2026-01-23 05:22:00,88.83,98.63,0.00,214.13,113.49,13.90,-1.76,11.70,98.89,0.00,214.13,86.85,10.79,2.53,10.22,97.08,0.00,214.22,66.14,8.21,0.27,7.20,99.93,0.00,214.04,32.90,1.03,29.12
2026-01-23 05:23:59,Meter 1,2026-01-23 05:23:00,87.89,99.34,0.00,214.10,109.59,13.42,-1.64,11.37,98.98,0.00,214.06,80.52,10.00,0.96,9.40,99.48,0.00,214.22,73.58,9.14,-0.76,8.01,99.55,0.00,214.04,32.56,-1.44,28.77
2026-01-23 05:24:59,Meter 1,2026-01-23 05:24:00,83.08,95.07,0.00,214.15,100.25,12.29,-3.91,10.96,94.19,0.00,214.11,98.17,12.19,4.38,11.18,93.13,0.00,214.02,50.82,6.31,1.13,5.43,97.90,0.00,214.33,30.79,1.60,27.57
2026-01-23 05:25:59,Meter 1,2026-01-23 05:25:00,82.41,97.29,0.00,214.32,103.86,12.74,-2.50,9.22,96.52,0.00,214.34,83.21,10.35,2.48,9.02,96.41,0.00,214.25,60.16,7.47,0.89,6.05,98.95,0.00,214.37,30.56,0.87,24.29
2026-01-23 05:26:59,Meter 1,2026-01-23 05:26:00,69.22,98.71,0.00,214.31,78.55,9.64,-1.52,7.27,97.89,0.00,214.38,66.20,8.23,1.43,7.57,98.26,0.00,214.20,62.91,7.81,-0.08,6.27,99.99,0.00,214.35,25.68,-0.17,21.11
2026-01-23 05:27:59,Meter 1,2026-01-23 05:27:00,97.40,97.81,0.00,214.30,113.82,13.96,-3.56,12.40,96.11,0.00,214.31,91.47,11.37,1.91,10.62,98.42,0.00,214.16,86.92,10.80,-1.49,9.85,98.88,0.00,214.44,36.13,-3.14,32.87
2026-01-23 05:28:59,Meter 1,2026-01-23 05:28:00,92.08,98.44,0.00,214.42,111.94,13.74,-3.06,11.47,96.61,0.00,214.47,90.99,11.32,1.01,10.18,99.51,0.00,214.34,73.32,9.11,-1.08,8.54,99.20,0.00,214.44,34.17,-3.14,30.18
2026-01-23 05:29:59,Meter 1,2026-01-23 05:29:00,96.29,97.70,0.00,214.47,113.62,13.95,-4.06,13.08,95.51,0.00,214.55,99.38,12.36,2.23,11.87,98.29,0.00,214.36,75.86,9.43,-1.05,8.88,99.30,0.00,214.51,35.74,-2.88,33.83
2026-01-23 05:30:59,Meter 1,2026-01-23 05:30:00,70.91,99.01,0.00,214.46,80.13,9.83,-1.65,6.73,97.13,0.00,214.71,55.63,6.93,-0.22,5.22,99.91,0.00,214.57,76.96,9.56,0.07,7.44,100.00,0.00,214.11,26.32,-1.80,19.38
2026-01-23 05:31:59,Meter 1,2026-01-23 05:31:00,57.71,93.31,0.00,214.31,73.51,9.01,-3.21,5.59,86.70,0.00,214.37,52.12,6.48,1.54,5.71,96.54,0.00,214.37,47.51,5.90,1.19,4.52,96.68,0.00,214.19,21.40,-0.48,15.82
2026-01-23 05:32:59,Meter 1,2026-01-23 05:32:00,97.90,97.62,0.00,214.15,123.18,15.10,-4.17,11.67,94.16,0.00,214.09,92.36,11.47,1.62,10.12,98.74,0.00,214.11,78.15,9.71,0.16,7.93,99.98,0.00,214.26,36.27,-2.39,29.72
2026-01-23 05:33:59,Meter 1,2026-01-23 05:33:00,70.61,94.99,0.00,214.16,92.56,11.34,-2.79,6.57,92.06,0.00,214.28,64.27,7.99,1.81,6.41,96.23,0.00,214.10,55.02,6.83,1.27,4.81,96.68,0.00,214.09,26.16,0.30,17.79
2026-01-23 05:34:59,Meter 1,2026-01-23 05:34:00,77.14,98.42,0.00,214.17,92.11,11.29,-2.86,10.48,96.48,0.00,214.30,64.56,8.02,-0.44,7.46,99.83,0.00,214.14,74.76,9.28,-1.14,7.84,98.96,0.00,214.08,28.59,-4.43,25.77
2026-01-23 05:35:59,Meter 1,2026-01-23 05:35:00,58.95,95.46,0.00,214.13,78.44,9.61,-2.87,7.34,93.12,0.00,214.15,54.29,6.74,1.97,5.81,94.71,0.00,214.10,44.14,5.48,0.55,3.20,98.55,0.00,214.16,21.83,-0.35,16.35
2026-01-23 05:36:59,Meter 1,2026-01-23 05:36:00,92.33,98.43,0.00,214.03,118.11,14.46,-2.17,11.70,98.33,0.00,214.11,86.68,10.77,2.28,9.59,97.28,0.00,214.03,72.21,8.96,-0.55,6.84,99.68,0.00,213.94,34.19,-0.43,28.14
2026-01-23 05:37:59,Meter 1,2026-01-23 05:37:00,66.11,94.86,0.00,213.99,86.52,10.58,-1.03,8.71,99.31,0.00,214.02,69.08,8.58,3.50,7.36,90.29,0.00,214.11,42.73,5.30,1.26,3.83,94.99,0.00,213.85,24.47,3.74,19.90
2026-01-23 05:38:59,Meter 1,2026-01-23 05:38:00,68.82,99.08,0.00,214.07,86.42,10.57,-1.07,7.81,99.07,0.00,214.01,58.41,7.26,1.09,6.11,98.43,0.00,214.27,61.63,7.65,-0.35,4.75,99.73,0.00,213.91,25.48,-0.33,18.66
2026-01-23 05:39:59,Meter 1,2026-01-23 05:39:00,52.49,98.26,0.00,214.19,66.55,8.15,-0.72,6.64,99.41,0.00,214.27,48.73,6.06,1.47,4.99,95.95,0.00,214.18,42.18,5.24,0.49,4.48,99.41,0.00,214.11,19.45,1.23,16.11
2026-01-23 05:40:59,Meter 1,2026-01-23 05:40:00,74.51,99.06,0.00,214.12,95.37,11.68,-1.55,8.00,98.18,0.00,214.20,60.85,7.56,0.84,5.94,99.02,0.00,214.10,67.31,8.35,0.06,6.29,99.99,0.00,214.07,27.60,-0.65,20.22
2026-01-23 05:41:59,Meter 1,2026-01-23 05:41:00,67.04,99.54,0.00,214.06,83.62,10.24,-0.90,8.39,99.43,0.00,214.14,54.59,6.78,0.03,5.60,100.00,0.00,214.09,62.90,7.80,0.90,7.08,99.20,0.00,213.97,24.83,0.03,21.07
2026-01-23 05:42:59,Meter 1,2026-01-23 05:42:00,77.06,97.36,0.00,214.10,97.22,11.91,-2.44,9.03,96.54,0.00,214.14,70.23,8.73,1.34,7.26,98.35,0.00,214.15,63.71,7.91,1.64,6.77,97.19,0.00,214.01,28.54,0.54,23.07
2026-01-23 05:43:59,Meter 1,2026-01-23 05:43:00,67.03,97.02,0.00,214.02,84.65,10.37,-2.07,6.56,95.36,0.00,214.10,53.53,6.65,0.99,5.45,98.38,0.00,213.96,62.93,7.81,1.36,5.75,97.32,0.00,213.99,24.82,0.28,17.76
2026-01-23 05:44:59,Meter 1,2026-01-23 05:44:00,68.71,96.60,0.00,213.95,87.50,10.71,-2.00,6.28,95.28,0.00,214.15,53.39,6.63,1.22,5.04,97.17,0.00,213.86,65.23,8.08,1.53,6.49,97.34,0.00,213.84,25.43,0.75,17.81
2026-01-23 05:45:59,Meter 1,2026-01-23 05:45:00,63.92,97.95,0.00,214.06,77.00,9.42,-2.34,6.92,94.73,0.00,214.02,44.13,5.48,-0.60,4.95,99.27,0.00,214.22,70.62,8.77,-0.45,8.10,99.85,0.00,213.94,23.67,-3.39,19.98
2026-01-23 05:46:59,Meter 1,2026-01-23 05:46:00,58.94,96.43,0.00,214.12,77.69,9.51,-2.87,7.58,93.51,0.00,213.92,55.28,6.87,1.70,6.03,96.25,0.00,214.33,43.84,5.45,0.45,4.64,99.53,0.00,214.10,21.82,-0.73,18.25
2026-01-23 05:47:59,Meter 1,2026-01-23 05:47:00,74.38,99.07,0.00,214.17,94.91,11.63,-1.68,8.69,98.18,0.00,214.19,64.07,7.96,0.90,7.01,99.19,0.00,214.19,64.15,7.97,-0.33,5.63,99.83,0.00,214.15,27.56,-1.11,21.32
2026-01-23 05:48:59,Meter 1,2026-01-23 05:48:00,59.81,99.56,0.00,214.27,77.90,9.55,-0.71,8.21,99.63,0.00,214.19,51.77,6.44,0.58,5.57,99.46,0.00,214.33,49.76,6.18,-0.49,5.53,99.61,0.00,214.28,22.17,-0.61,19.31
2026-01-23 05:49:59,Meter 1,2026-01-23 05:49:00,53.03,99.46,0.00,214.16,64.73,7.94,-0.79,7.21,99.41,0.00,214.23,50.07,6.22,0.85,5.90,98.98,0.00,214.05,44.29,5.50,0.02,4.84,100.00,0.00,214.21,19.65,0.09,17.95
2026-01-23 05:50:59,Meter 1,2026-01-23 05:50:00,66.95,99.44,0.00,214.19,81.33,9.97,-1.21,9.06,99.12,0.00,214.37,60.00,7.46,-0.30,6.93,99.90,0.00,214.11,59.51,7.39,-0.81,6.84,99.31,0.00,214.11,24.82,-2.32,22.83
2026-01-23 05:51:59,Meter 1,2026-01-23 05:51:00,83.04,99.07,0.00,213.97,96.20,11.77,0.81,10.30,99.69,0.00,214.00,57.81,7.18,-1.25,5.89,97.80,0.00,214.13,95.11,11.80,0.77,10.35,99.73,0.00,213.78,30.75,0.32,26.54
2026-01-23 05:52:59,Meter 1,2026-01-23 05:52:00,73.73,97.16,0.00,213.73,88.29,10.80,-0.55,10.43,99.86,0.00,213.70,67.79,8.41,2.00,7.77,96.85,0.00,213.75,65.11,8.07,2.48,7.36,94.77,0.00,213.74,27.27,3.93,25.56
2026-01-23 05:53:59,Meter 1,2026-01-23 05:53:00,87.21,99.11,0.00,213.81,104.77,12.81,0.37,11.34,99.95,0.00,213.89,65.33,8.11,0.72,7.04,99.48,0.00,213.90,91.53,11.34,2.09,10.03,97.90,0.00,213.64,32.26,3.17,28.41
2026-01-23 05:54:59,Meter 1,2026-01-23 05:54:00,87.83,99.31,0.00,213.93,108.05,13.22,-1.44,11.70,99.25,0.00,213.85,72.31,8.98,0.97,8.20,99.31,0.00,214.03,83.14,10.32,1.00,8.77,99.36,0.00,213.90,32.51,0.53,28.67
2026-01-23 05:55:59,Meter 1,2026-01-23 05:55:00,83.57,99.51,0.00,213.84,103.83,12.70,-1.02,10.96,99.57,0.00,213.94,70.28,8.72,0.68,8.31,99.67,0.00,213.88,76.62,9.50,1.01,8.48,99.30,0.00,213.71,30.92,0.68,27.75
2026-01-23 05:56:59,Meter 1,2026-01-23 05:56:00,76.64,99.95,0.00,213.93,89.17,10.91,-0.53,10.24,99.87,0.00,214.08,64.65,8.03,-0.14,7.24,99.98,0.00,213.94,76.11,9.43,0.06,8.42,100.00,0.00,213.77,28.38,-0.61,25.90
2026-01-23 05:57:59,Meter 1,2026-01-23 05:57:00,88.62,97.25,0.00,213.74,111.77,13.66,-1.71,10.75,98.76,0.00,213.91,86.12,10.69,2.38,9.82,97.20,0.00,213.77,67.98,8.42,2.18,7.26,95.79,0.00,213.54,32.77,2.84,27.82
2026-01-23 05:58:59,Meter 1,2026-01-23 05:58:00,93.98,98.93,0.00,214.00,119.33,14.62,-2.06,12.27,98.61,0.00,214.14,83.25,10.34,1.78,9.23,98.18,0.00,213.92,79.36,9.84,0.04,8.40,100.00,0.00,213.94,34.80,-0.24,29.90
2026-01-23 05:59:59,Meter 1,2026-01-23 05:59:00,67.06,99.91,0.00,214.06,82.18,10.06,-0.26,8.28,99.95,0.00,214.17,52.73,6.55,-0.36,5.32,99.77,0.00,214.05,66.28,8.22,0.05,7.42,100.00,0.00,213.95,24.84,-0.57,21.01
2026-01-23 06:00:59,Meter 1,2026-01-23 06:00:00,58.49,95.90,0.00,214.03,70.44,8.62,-0.79,7.41,99.44,0.00,213.93,41.51,5.15,-1.80,3.81,90.45,0.00,214.17,63.53,7.89,-1.55,7.32,97.82,0.00,214.01,21.66,-4.14,18.54
2026-01-23 06:01:59,Meter 1,2026-01-23 06:01:00,93.61,96.59,0.00,213.66,123.33,15.07,-4.40,13.98,95.40,0.00,213.52,98.49,12.20,3.43,11.58,95.89,0.00,213.71,59.00,7.31,1.18,6.68,98.49,0.00,213.74,34.59,0.21,32.23
2026-01-23 06:02:59,Meter 1,2026-01-23 06:02:00,88.18,98.42,0.00,213.66,116.22,14.20,-3.10,12.35,96.99,0.00,213.50,72.45,8.98,0.41,8.26,99.88,0.00,213.77,75.89,9.41,-1.37,7.60,98.41,0.00,213.71,32.59,-4.06,28.20
2026-01-23 06:03:59,Meter 1,2026-01-23 06:03:00,77.32,99.01,0.00,213.78,101.79,12.45,-2.14,10.27,97.84,0.00,213.84,66.09,8.20,0.63,7.50,99.62,0.00,213.68,64.07,7.94,-0.09,7.01,99.59,0.00,213.83,28.59,-1.61,24.78
2026-01-23 06:04:59,Meter 1,2026-01-23 06:04:00,80.59,99.69,0.00,213.77,95.30,11.66,-1.23,9.53,99.17,0.00,213.89,63.33,7.86,-0.31,6.68,99.89,0.00,213.74,83.13,10.30,-0.13,8.97,99.99,0.00,213.68,29.81,-1.67,25.18
2026-01-23 06:05:59,Meter 1,2026-01-23 06:05:00,74.70,99.33,0.00,213.62,94.31,11.53,-1.00,8.54,99.32,0.00,213.87,60.10,7.45,0.87,6.82,99.19,0.00,213.46,69.69,8.62,0.75,7.31,99.48,0.00,213.54,27.61,0.62,22.67
2026-01-23 06:06:59,Meter 1,2026-01-23 06:06:00,58.26,98.70,0.00,213.78,66.47,8.13,0.40,7.09,99.84,0.00,214.09,42.03,5.22,0.27,4.59,99.83,0.00,213.75,66.30,8.21,2.07,7.53,96.44,0.00,213.49,21.56,2.73,19.21
2026-01-23 06:07:59,Meter 1,2026-01-23 06:07:00,66.01,98.12,0.00,213.70,76.15,9.31,-1.17,7.85,98.91,0.00,213.97,57.19,7.10,1.09,6.65,98.68,0.00,213.61,64.68,8.00,1.80,6.91,96.78,0.00,213.52,24.42,1.72,21.41
2026-01-23 06:08:59,Meter 1,2026-01-23 06:08:00,67.68,99.53,0.00,213.74,76.89,9.41,-1.40,8.69,98.73,0.00,214.03,52.27,6.49,-0.07,5.87,99.99,0.00,213.62,73.88,9.15,0.44,8.86,99.88,0.00,213.57,25.04,-1.03,23.42
2026-01-23 06:09:59,Meter 1,2026-01-23 06:09:00,75.94,98.09,0.00,213.66,90.95,11.12,-1.20,7.92,98.88,0.00,213.91,65.35,8.11,1.52,7.05,97.76,0.00,213.60,71.51,8.85,1.64,7.39,97.62,0.00,213.46,28.08,1.96,22.37
2026-01-23 06:10:59,Meter 1,2026-01-23 06:10:00,93.60,97.90,0.00,213.42,118.12,14.42,-3.65,11.26,95.13,0.00,213.52,85.89,10.64,1.67,10.09,98.67,0.00,213.50,76.81,9.50,-0.34,7.96,99.91,0.00,213.23,34.56,-2.32,29.31
2026-01-23 06:11:59,Meter 1,2026-01-23 06:11:00,89.61,98.00,0.00,213.31,116.82,14.25,-2.16,12.77,98.59,0.00,213.37,84.07,10.41,2.76,9.24,95.83,0.00,213.38,67.95,8.40,-0.74,7.86,99.56,0.00,213.16,33.06,-0.15,29.87
2026-01-23 06:12:59,Meter 1,2026-01-23 06:12:00,74.37,99.14,0.00,213.54,97.13,11.86,-1.31,10.19,99.18,0.00,213.56,54.01,6.70,-0.32,5.75,99.85,0.00,213.69,71.98,8.91,-1.39,7.65,98.40,0.00,213.37,27.47,-3.02,23.59
2026-01-23 06:13:59,Meter 1,2026-01-23 06:13:00,65.60,96.62,0.00,213.51,76.88,9.39,-1.36,8.50,98.75,0.00,213.60,51.53,6.39,-2.01,5.07,92.97,0.00,213.55,68.39,8.46,-1.51,7.75,98.15,0.00,213.38,24.24,-4.88,21.33
2026-01-23 06:14:59,Meter 1,2026-01-23 06:14:00,64.74,99.05,0.00,213.50,83.10,10.15,-0.38,8.38,99.90,0.00,213.70,48.21,5.98,-1.04,4.42,97.35,0.00,213.55,62.89,7.78,-0.32,7.42,99.91,0.00,213.24,23.91,-1.73,20.22
2026-01-23 06:15:59,Meter 1,2026-01-23 06:15:00,62.83,94.97,0.00,213.46,67.78,8.28,-1.48,7.73,98.22,0.00,213.63,47.11,5.84,-2.41,4.34,87.41,0.00,213.54,73.61,9.10,-1.02,8.42,99.28,0.00,213.22,23.22,-4.90,20.48
2026-01-23 06:16:59,Meter 1,2026-01-23 06:16:00,77.73,98.83,0.00,213.58,96.00,11.73,-0.68,9.03,99.71,0.00,213.60,56.76,7.04,-1.41,5.43,96.80,0.00,213.65,80.42,9.96,-0.16,8.43,99.98,0.00,213.48,28.72,-2.25,22.88
2026-01-23 06:17:59,Meter 1,2026-01-23 06:17:00,84.50,99.86,0.00,213.45,107.66,13.13,-1.00,11.26,99.60,0.00,213.44,62.51,7.75,0.05,7.12,100.00,0.00,213.71,83.32,10.31,0.19,8.75,99.98,0.00,213.19,31.19,-0.77,27.13
2026-01-23 06:18:59,Meter 1,2026-01-23 06:18:00,96.24,96.99,0.00,213.20,117.42,14.31,-2.32,13.15,98.48,0.00,213.05,96.32,11.92,3.10,11.20,96.37,0.00,213.34,74.97,9.27,2.44,8.50,96.11,0.00,213.19,35.50,3.22,32.85
2026-01-23 06:19:59,Meter 1,2026-01-23 06:19:00,94.07,97.10,0.00,213.15,112.64,13.72,-1.30,11.76,99.40,0.00,213.08,87.12,10.78,2.79,9.84,96.19,0.00,213.35,82.44,10.19,2.77,9.16,95.71,0.00,213.01,34.70,4.27,30.76
2026-01-23 06:20:59,Meter 1,2026-01-23 06:20:00,92.75,96.74,0.00,213.12,111.28,13.56,-1.73,11.64,98.91,0.00,213.03,89.08,11.01,3.08,10.27,95.79,0.00,213.20,77.91,9.63,2.55,8.24,95.52,0.00,213.12,34.21,3.90,30.15
2026-01-23 06:21:59,Meter 1,2026-01-23 06:21:00,95.21,97.69,0.00,213.19,120.68,14.73,-2.23,11.68,98.22,0.00,213.19,86.79,10.73,2.66,9.87,96.57,0.00,213.07,78.17,9.66,1.59,8.52,98.30,0.00,213.31,35.12,2.01,30.07
2026-01-23 06:22:59,Meter 1,2026-01-23 06:22:00,83.35,98.90,0.00,213.24,105.85,12.91,-2.05,10.82,98.25,0.00,213.13,69.61,8.61,1.19,7.77,98.85,0.00,213.39,74.60,9.23,0.75,8.37,99.60,0.00,213.20,30.75,-0.11,26.95
2026-01-23 06:24:59,Meter 1,2026-01-23 06:24:00,73.86,98.74,0.00,213.35,94.39,11.52,-1.03,8.05,99.20,0.00,213.56,58.43,7.24,0.92,6.72,99.07,0.00,213.42,68.75,8.50,1.54,7.48,97.94,0.00,213.07,27.26,1.44,22.25
2026-01-23 06:25:59,Meter 1,2026-01-23 06:25:00,73.84,98.66,0.00,213.41,88.23,10.77,-2.65,9.80,96.52,0.00,213.51,67.64,8.38,0.16,7.81,99.98,0.00,213.51,65.64,8.12,-0.78,7.67,99.48,0.00,213.20,27.27,-3.28,25.29
2026-01-23 06:26:59,Meter 1,2026-01-23 06:26:00,67.76,96.75,0.00,213.53,82.48,10.07,-2.03,7.55,96.56,0.00,213.72,47.19,5.86,-1.44,4.41,95.04,0.00,213.72,73.62,9.11,-1.41,8.44,98.64,0.00,213.14,25.03,-4.88,20.39
2026-01-23 06:27:59,Meter 1,2026-01-23 06:27:00,72.22,98.57,0.00,213.36,88.66,10.81,-2.22,7.58,95.96,0.00,213.49,55.29,6.86,-0.44,6.37,99.77,0.00,213.65,72.70,8.99,-0.05,7.73,100.00,0.00,212.95,26.65,-2.71,21.67
2026-01-23 06:28:59,Meter 1,2026-01-23 06:28:00,71.57,98.85,0.00,213.36,87.95,10.72,-1.86,7.28,96.87,0.00,213.43,57.00,7.07,-0.03,6.43,100.00,0.00,213.64,69.77,8.63,0.62,7.55,99.67,0.00,213.01,26.42,-1.27,21.26
2026-01-23 06:29:59,Meter 1,2026-01-23 06:29:00,82.22,98.11,0.00,213.27,102.09,12.45,-3.08,9.35,94.99,0.00,213.48,70.34,8.71,0.93,8.03,99.34,0.00,213.34,74.24,9.17,-0.05,7.65,100.00,0.00,212.99,30.34,-2.19,25.03
2026-01-23 06:30:59,Meter 1,2026-01-23 06:30:00,78.24,97.63,0.00,213.23,97.57,11.90,-3.10,8.39,93.81,0.00,213.32,64.62,8.00,-0.23,7.38,99.95,0.00,213.37,72.53,8.96,-1.04,7.85,99.13,0.00,213.01,28.86,-4.38,23.63
2026-01-23 06:31:59,Meter 1,2026-01-23 06:31:00,100.24,97.99,0.00,213.20,128.32,15.65,-3.45,13.65,96.95,0.00,213.27,95.20,11.78,2.71,11.04,97.11,0.00,213.26,77.22,9.54,-0.34,7.67,99.90,0.00,213.06,36.97,-1.07,32.35
2026-01-23 06:32:59,Meter 1,2026-01-23 06:32:00,64.19,97.29,0.00,213.25,71.03,8.66,0.94,8.31,99.36,0.00,213.40,55.84,6.92,1.66,6.33,96.73,0.00,213.50,65.69,8.12,2.26,7.53,95.78,0.00,212.84,23.70,4.86,22.17
2026-01-23 06:33:59,Meter 1,2026-01-23 06:33:00,83.86,99.74,0.00,213.27,101.44,12.37,-0.60,9.59,99.81,0.00,213.28,68.99,8.54,0.83,7.67,99.42,0.00,213.47,81.14,10.03,-0.12,8.83,99.99,0.00,213.08,30.95,0.11,26.08
2026-01-23 06:34:59,Meter 1,2026-01-23 06:34:00,77.97,98.59,0.00,213.27,92.41,11.27,-0.17,9.48,99.98,0.00,213.31,68.75,8.52,1.63,7.65,97.80,0.00,213.45,72.75,8.99,1.73,8.51,97.99,0.00,213.06,28.78,3.19,25.63
2026-01-23 06:35:59,Meter 1,2026-01-23 06:35:00,74.99,99.87,0.00,213.30,96.33,11.74,-0.32,9.21,99.94,0.00,213.22,58.73,7.27,0.37,6.26,99.82,0.00,213.59,69.92,8.65,0.47,8.07,99.83,0.00,213.10,27.67,0.51,23.54
2026-01-23 06:36:59,Meter 1,2026-01-23 06:36:00,80.56,99.17,0.00,213.26,94.84,11.56,-1.14,10.40,99.41,0.00,213.33,76.73,9.50,1.69,8.81,98.22,0.00,213.38,70.12,8.67,-0.35,7.59,99.89,0.00,213.07,29.73,0.19,26.80
2026-01-23 06:37:59,Meter 1,2026-01-23 06:37:00,65.89,98.62,0.00,213.35,79.72,9.73,0.09,8.12,99.99,0.00,213.62,53.06,6.58,1.00,6.08,98.69,0.00,213.34,64.89,8.02,1.66,6.85,97.19,0.00,213.09,24.32,2.74,21.05
2026-01-23 06:38:59,Meter 1,2026-01-23 06:38:00,88.04,98.09,0.00,213.25,111.51,13.60,-1.71,10.56,98.71,0.00,213.44,77.81,9.64,1.88,8.66,97.73,0.00,213.27,74.81,9.24,1.70,8.04,97.83,0.00,213.03,32.48,1.86,27.27
2026-01-23 06:39:59,Meter 1,2026-01-23 06:39:00,92.17,98.24,0.00,213.21,118.80,14.49,-2.74,11.41,97.24,0.00,213.28,82.34,10.19,1.80,9.55,98.28,0.00,213.25,75.37,9.31,1.05,8.22,99.20,0.00,213.11,33.99,0.10,29.18
2026-01-23 06:40:59,Meter 1,2026-01-23 06:40:00,76.89,98.60,0.00,213.35,91.23,11.13,-1.29,7.79,98.66,0.00,213.50,57.57,7.13,-1.28,5.29,97.19,0.00,213.42,81.85,10.12,-0.28,8.59,99.95,0.00,213.15,28.39,-2.84,21.67
2026-01-23 06:41:59,Meter 1,2026-01-23 06:41:00,75.21,98.94,0.00,213.40,86.70,10.58,-1.65,8.88,98.33,0.00,213.74,57.63,7.15,-0.99,5.81,98.57,0.00,213.51,81.29,10.05,-0.37,8.55,99.91,0.00,212.95,27.77,-3.01,23.25
2026-01-23 06:42:59,Meter 1,2026-01-23 06:42:00,75.89,98.20,0.00,213.17,92.26,11.24,-0.89,8.62,99.47,0.00,213.37,63.17,7.83,1.34,6.76,98.09,0.00,213.30,72.24,8.92,2.04,8.19,97.04,0.00,212.84,27.99,2.49,23.57
2026-01-23 06:43:59,Meter 1,2026-01-23 06:43:00,96.04,97.60,0.00,213.06,118.77,14.47,-3.22,11.67,96.39,0.00,213.27,90.25,11.17,2.73,10.22,96.61,0.00,213.15,79.11,9.76,0.58,8.74,99.78,0.00,212.76,35.40,0.09,30.63
2026-01-23 06:44:59,Meter 1,2026-01-23 06:44:00,70.87,99.20,0.00,213.20,84.42,10.29,-1.64,8.94,98.36,0.00,213.47,62.32,7.72,0.83,7.28,99.35,0.00,213.28,65.88,8.14,-0.38,7.58,99.87,0.00,212.84,26.15,-1.18,23.80
2026-01-23 06:45:59,Meter 1,2026-01-23 06:45:00,88.03,98.65,0.00,213.11,109.95,13.39,-3.16,11.69,96.54,0.00,213.10,78.41,9.70,0.62,8.92,99.76,0.00,213.33,75.72,9.36,-0.67,8.09,99.66,0.00,212.88,32.45,-3.20,28.69
2026-01-23 06:46:59,Meter 1,2026-01-23 06:46:00,91.99,98.66,0.00,213.03,116.81,14.22,-1.90,11.83,98.73,0.00,213.20,86.73,10.74,2.14,10.01,97.78,0.00,213.24,72.42,8.94,0.84,8.17,99.47,0.00,212.65,33.90,1.08,30.01
2026-01-23 06:47:59,Meter 1,2026-01-23 06:47:00,90.27,98.16,0.00,213.02,124.47,15.15,-2.45,12.87,98.23,0.00,212.98,81.64,10.10,2.52,9.15,96.42,0.00,213.35,64.70,7.99,0.41,7.18,99.84,0.00,212.73,33.24,0.48,29.20
2026-01-23 06:48:59,Meter 1,2026-01-23 06:48:00,93.53,97.86,0.00,213.09,122.92,14.98,-3.79,13.37,96.22,0.00,213.00,87.38,10.80,2.18,9.93,97.67,0.00,213.24,70.28,8.69,-0.60,7.50,99.68,0.00,213.03,34.47,-2.20,30.79
2026-01-23 06:49:59,Meter 1,2026-01-23 06:49:00,89.97,97.94,0.00,212.96,106.55,12.98,-2.04,12.60,98.71,0.00,213.11,93.08,11.51,3.05,10.94,96.32,0.00,213.05,70.29,8.67,1.31,8.30,98.77,0.00,212.71,33.16,2.32,31.83
2026-01-23 06:50:59,Meter 1,2026-01-23 06:50:00,104.83,96.29,0.00,212.85,133.84,16.29,-2.28,13.96,98.70,0.00,212.86,103.75,12.82,4.23,11.52,93.86,0.00,212.97,76.90,9.49,2.37,8.49,96.32,0.00,212.72,38.60,4.32,33.97
2026-01-23 06:51:59,Meter 1,2026-01-23 06:51:00,90.19,98.92,0.00,212.91,106.28,12.95,-1.38,12.18,99.36,0.00,213.11,81.29,10.05,1.98,9.02,97.68,0.00,212.86,83.01,10.24,0.71,9.68,99.73,0.00,212.78,33.24,1.31,30.88
2026-01-23 06:52:59,Meter 1,2026-01-23 06:52:00,79.42,99.60,0.00,213.17,92.93,11.34,-1.43,9.29,98.84,0.00,213.49,55.93,6.92,-0.13,5.66,99.97,0.00,213.11,89.39,11.03,0.18,10.10,99.98,0.00,212.92,29.30,-1.38,25.05
2026-01-23 06:53:59,Meter 1,2026-01-23 06:53:00,85.83,97.34,0.00,213.07,104.38,12.72,-1.58,10.60,98.90,0.00,213.12,74.89,9.26,2.09,8.39,97.04,0.00,213.06,78.23,9.66,2.54,8.79,96.08,0.00,213.03,31.65,3.04,27.78
2026-01-23 06:54:59,Meter 1,2026-01-23 06:54:00,73.84,98.17,0.00,213.13,83.10,10.13,-1.32,9.41,99.03,0.00,213.18,65.52,8.10,1.75,7.37,97.30,0.00,213.14,72.90,9.01,1.66,8.57,98.17,0.00,213.07,27.24,2.09,25.35
2026-01-23 06:55:59,Meter 1,2026-01-23 06:55:00,102.25,97.24,0.00,213.01,133.19,16.25,-4.47,13.64,95.02,0.00,213.19,100.43,12.41,2.88,11.50,97.01,0.00,212.77,73.12,9.02,-0.61,7.88,99.70,0.00,213.08,37.68,-2.20,33.01
2026-01-23 06:56:59,Meter 1,2026-01-23 06:56:00,79.66,99.13,0.00,213.15,95.39,11.63,-1.94,9.05,97.77,0.00,213.43,69.24,8.57,0.70,8.10,99.63,0.00,213.11,74.36,9.18,0.14,8.09,99.99,0.00,212.90,29.38,-1.11,25.25
2026-01-23 06:57:59,Meter 1,2026-01-23 06:57:00,74.82,99.75,0.00,213.15,93.94,11.46,-1.08,9.15,99.31,0.00,213.15,58.17,7.19,0.19,6.01,99.95,0.00,213.13,72.35,8.94,0.13,8.13,99.99,0.00,213.16,27.59,-0.75,23.30
2026-01-23 06:58:59,Meter 1,2026-01-23 06:58:00,75.71,99.38,0.00,213.06,97.29,11.86,-1.30,9.82,99.13,0.00,213.23,66.20,8.19,0.83,6.99,99.29,0.00,213.10,63.64,7.85,0.56,7.36,99.72,0.00,212.86,27.90,0.09,24.18
2026-01-23 06:59:59,Meter 1,2026-01-23 06:59:00,89.56,97.88,0.00,213.12,119.93,14.64,-3.72,13.88,96.59,0.00,213.05,81.22,10.03,1.15,9.68,99.30,0.00,212.93,67.52,8.35,-1.69,7.83,97.75,0.00,213.39,33.01,-4.26,31.39
2026-01-23 07:00:59,Meter 1,2026-01-23 07:00:00,83.27,99.82,0.00,213.03,112.82,13.76,-0.87,11.50,99.71,0.00,213.24,63.80,7.89,0.29,6.87,99.91,0.00,212.85,73.17,9.03,-0.43,7.57,99.84,0.00,212.99,30.68,-1.01,25.94
2026-01-23 07:01:59,Meter 1,2026-01-23 07:01:00,78.70,98.57,0.00,212.87,90.95,11.08,-0.17,10.85,99.99,0.00,213.00,64.88,8.02,1.41,7.52,98.29,0.00,212.88,80.26,9.90,2.18,9.43,97.43,0.00,212.75,28.99,3.42,27.81
2026-01-23 07:02:59,Meter 1,2026-01-23 07:02:00,89.98,97.48,0.00,212.69,116.28,14.15,0.18,12.53,99.99,0.00,212.88,83.43,10.30,2.81,9.24,95.67,0.00,212.59,70.24,8.65,2.03,7.78,96.77,0.00,212.59,33.11,5.02,29.56
2026-01-23 07:03:59,Meter 1,2026-01-23 07:03:00,87.13,98.66,0.00,212.82,109.94,13.39,-0.27,11.60,99.97,0.00,213.25,77.32,9.56,1.95,8.89,97.69,0.00,212.72,74.14,9.13,1.46,7.90,98.33,0.00,212.48,32.08,3.14,28.39
2026-01-23 07:04:59,Meter 1,2026-01-23 07:04:00,76.62,99.80,0.00,212.97,98.29,11.98,-0.80,11.06,99.74,0.00,213.24,60.59,7.49,0.10,6.42,99.99,0.00,212.93,70.97,8.75,-0.61,7.62,99.68,0.00,212.74,28.23,-1.30,25.10
2026-01-23 07:05:59,Meter 1,2026-01-23 07:05:00,77.29,99.58,0.00,212.88,102.45,12.48,-0.44,9.81,99.90,0.00,213.08,66.30,8.19,0.85,6.78,99.23,0.00,212.75,63.13,7.78,0.59,6.71,99.62,0.00,212.81,28.46,0.99,23.30
2026-01-23 07:06:59,Meter 1,2026-01-23 07:06:00,87.84,96.57,0.00,212.99,112.99,13.77,-3.80,12.84,95.89,0.00,213.04,86.63,10.70,1.51,10.10,98.91,0.00,212.93,63.89,7.89,-2.12,6.39,94.91,0.00,213.01,32.37,-4.41,29.33
2026-01-23 07:07:59,Meter 1,2026-01-23 07:07:00,89.59,97.47,0.00,212.96,114.83,14.00,-3.10,11.89,96.77,0.00,213.19,94.01,11.62,3.22,10.84,95.86,0.00,212.86,59.95,7.39,0.40,6.05,99.78,0.00,212.82,33.01,0.53,28.78
2026-01-23 07:08:59,Meter 1,2026-01-23 07:08:00,68.28,97.53,0.00,213.04,83.16,10.14,-1.45,9.37,98.82,0.00,213.25,73.68,9.12,2.56,8.23,95.50,0.00,212.99,48.00,5.92,1.02,5.40,98.27,0.00,212.88,25.18,2.12,22.99
2026-01-23 07:09:59,Meter 1,2026-01-23 07:09:00,69.94,98.53,0.00,213.04,88.83,10.82,-2.37,8.60,96.40,0.00,213.14,65.45,8.10,0.54,7.74,99.76,0.00,213.11,55.53,6.86,-0.63,5.92,99.44,0.00,212.87,25.78,-2.47,22.27
2026-01-23 07:10:59,Meter 1,2026-01-23 07:10:00,79.84,97.83,0.00,213.02,111.31,13.56,-2.35,10.57,97.62,0.00,213.08,59.89,7.41,-0.82,6.05,99.09,0.00,213.12,68.34,8.44,-1.60,6.14,96.77,0.00,212.85,29.40,-4.77,22.76
2026-01-23 07:11:59,Meter 1,2026-01-23 07:11:00,68.15,98.55,0.00,212.96,89.35,10.90,-1.66,8.14,97.98,0.00,213.21,59.11,7.31,1.17,6.82,98.57,0.00,212.74,55.99,6.90,0.78,5.74,99.09,0.00,212.93,25.11,0.28,20.70
2026-01-23 07:12:59,Meter 1,2026-01-23 07:12:00,68.51,96.80,0.00,213.11,85.64,10.45,-3.20,9.49,94.74,0.00,213.30,63.70,7.88,-0.29,7.62,99.93,0.00,213.01,56.18,6.94,-1.90,6.27,95.72,0.00,213.03,25.26,-5.39,23.38
2026-01-23 07:13:59,Meter 1,2026-01-23 07:13:00,73.39,97.52,0.00,212.96,87.99,10.72,-2.66,10.09,96.70,0.00,213.22,77.13,9.55,2.30,9.01,96.88,0.00,213.03,55.06,6.79,0.92,6.38,98.98,0.00,212.64,27.05,0.56,25.48
2026-01-23 07:14:59,Meter 1,2026-01-23 07:14:00,70.88,98.48,0.00,212.99,90.11,10.98,-0.73,8.98,99.67,0.00,213.28,63.16,7.82,1.36,7.13,98.22,0.00,213.03,59.37,7.32,1.50,6.67,97.56,0.00,212.64,26.12,2.14,22.78
2026-01-23 07:15:59,Meter 1,2026-01-23 07:15:00,82.30,99.58,0.00,212.73,111.88,13.61,-1.56,10.49,98.92,0.00,212.85,67.30,8.31,0.35,7.55,99.89,0.00,212.78,67.71,8.35,-0.26,7.00,99.93,0.00,212.57,30.27,-1.47,25.03
2026-01-23 07:16:59,Meter 1,2026-01-23 07:16:00,73.04,99.59,0.00,212.89,93.60,11.40,-1.26,11.03,99.36,0.00,212.97,61.29,7.57,0.19,7.09,99.96,0.00,212.93,64.21,7.92,-0.79,7.53,99.46,0.00,212.77,26.90,-1.86,25.65
2026-01-23 07:17:59,Meter 1,2026-01-23 07:17:00,66.14,98.00,0.00,212.89,71.82,8.75,0.96,8.20,99.31,0.00,213.21,54.56,6.75,1.14,6.23,98.37,0.00,212.80,72.02,8.88,2.31,8.30,96.32,0.00,212.65,24.37,4.42,22.72
2026-01-23 07:18:59,Meter 1,2026-01-23 07:18:00,76.87,99.07,0.00,212.86,96.22,11.73,-1.51,8.43,98.44,0.00,213.09,69.40,8.57,0.04,6.70,100.00,0.00,212.66,65.00,8.01,-1.07,6.73,98.76,0.00,212.82,28.31,-2.53,21.86
2026-01-23 07:19:59,Meter 1,2026-01-23 07:19:00,40.87,93.11,0.00,212.87,45.23,5.51,-1.20,4.97,97.18,0.00,213.12,47.57,5.88,2.14,5.12,92.25,0.00,212.62,29.82,3.68,1.42,2.92,89.88,0.00,212.87,15.07,2.36,13.01
2026-01-23 07:20:59,Meter 1,2026-01-23 07:20:00,68.81,99.49,0.00,213.04,81.90,9.98,-1.11,7.00,98.75,0.00,213.08,61.70,7.63,0.25,5.43,99.89,0.00,213.01,62.84,7.76,-0.34,5.84,99.83,0.00,213.02,25.37,-1.20,18.26
2026-01-23 07:22:59,Meter 1,2026-01-23 07:22:00,40.87,99.51,0.00,213.02,52.11,6.35,-0.24,5.20,99.89,0.00,213.06,33.82,4.18,-0.24,3.00,99.67,0.00,212.98,36.69,4.53,0.61,4.15,98.95,0.00,213.03,15.06,0.12,12.35
2026-01-23 07:23:59,Meter 1,2026-01-23 07:23:00,48.73,98.78,0.00,212.91,68.35,8.32,-1.06,4.73,97.57,0.00,213.12,37.18,4.60,-0.09,2.95,99.95,0.00,212.95,40.68,5.02,0.58,3.74,98.82,0.00,212.67,17.94,-0.58,11.42
2026-01-23 07:24:59,Meter 1,2026-01-23 07:24:00,41.77,99.09,0.00,212.84,57.89,7.05,-0.11,4.36,99.97,0.00,213.16,31.01,3.84,0.01,2.16,100.00,0.00,212.84,36.40,4.49,0.91,3.84,97.31,0.00,212.51,15.37,0.80,10.35
2026-01-23 07:25:59,Meter 1,2026-01-23 07:25:00,36.78,94.04,0.00,212.77,43.80,5.33,-1.28,4.68,96.46,0.00,213.04,32.00,3.96,1.04,3.18,95.04,0.00,212.87,34.55,4.26,1.59,3.41,90.61,0.00,212.40,13.54,1.36,11.27
2026-01-23 07:26:59,Meter 1,2026-01-23 07:26:00,77.98,98.59,0.00,212.78,94.60,11.51,-1.92,8.91,97.76,0.00,213.04,62.83,7.77,-1.20,6.38,98.28,0.00,212.89,76.51,9.43,-0.58,8.00,99.74,0.00,212.42,28.71,-3.70,23.28
2026-01-23 07:27:59,Meter 1,2026-01-23 07:27:00,48.13,96.60,0.00,212.77,63.82,7.77,-0.52,4.22,99.26,0.00,213.21,38.35,4.74,0.46,2.76,98.64,0.00,212.80,42.23,5.20,1.79,4.17,91.89,0.00,212.30,17.71,1.73,11.15
2026-01-23 07:28:59,Meter 1,2026-01-23 07:28:00,78.74,98.95,0.00,212.91,97.80,11.92,-1.75,11.04,98.77,0.00,213.27,65.24,8.07,-0.55,7.29,99.71,0.00,212.84,73.19,9.02,-1.41,7.71,98.37,0.00,212.61,29.01,-3.71,26.04
2026-01-23 07:29:59,Meter 1,2026-01-23 07:29:00,69.81,99.12,0.00,212.86,87.08,10.61,-1.81,9.03,98.05,0.00,213.23,66.22,8.19,0.89,7.84,99.36,0.00,212.69,56.15,6.92,-0.19,6.04,99.95,0.00,212.65,25.72,-1.10,22.91
2026-01-23 07:30:59,Meter 1,2026-01-23 07:30:00,70.03,95.19,0.00,212.70,89.77,10.93,-1.46,8.82,98.65,0.00,212.99,72.09,8.90,3.28,7.88,92.32,0.00,212.54,48.23,5.94,1.45,4.23,94.61,0.00,212.56,25.77,3.26,20.92
2026-01-23 07:31:59,Meter 1,2026-01-23 07:31:00,70.80,97.03,0.00,212.78,89.20,10.86,0.95,7.51,99.21,0.00,213.17,59.13,7.31,1.56,5.16,95.70,0.00,212.71,64.06,7.89,1.64,5.76,96.17,0.00,212.47,26.06,4.16,18.43
2026-01-23 07:32:59,Meter 1,2026-01-23 07:32:00,86.11,99.25,0.00,212.90,105.46,12.84,-1.57,10.46,98.89,0.00,213.01,72.09,8.91,0.50,7.43,99.77,0.00,212.95,80.77,9.97,-1.05,7.72,99.09,0.00,212.75,31.72,-2.12,25.62
2026-01-23 07:33:59,Meter 1,2026-01-23 07:33:00,69.06,99.88,0.00,212.82,88.53,10.77,-0.24,8.98,99.96,0.00,213.05,56.05,6.93,0.39,5.78,99.77,0.00,212.99,62.61,7.72,0.30,7.26,99.91,0.00,212.40,25.42,0.45,22.02
2026-01-23 07:34:59,Meter 1,2026-01-23 07:34:00,81.20,99.41,0.00,212.80,98.38,11.97,-1.75,11.51,98.87,0.00,212.98,70.87,8.76,0.31,7.96,99.92,0.00,213.01,74.36,9.17,-0.89,8.26,99.42,0.00,212.41,29.90,-2.33,27.72
2026-01-23 07:35:59,Meter 1,2026-01-23 07:35:00,52.57,96.57,0.00,212.90,71.63,8.72,-1.59,4.06,93.13,0.00,213.29,35.42,4.38,0.34,3.50,99.53,0.00,212.89,50.67,6.24,1.09,4.41,97.06,0.00,212.50,19.35,-0.16,11.97
2026-01-23 07:36:59,Meter 1,2026-01-23 07:36:00,58.41,94.32,0.00,212.65,70.82,8.61,-2.93,7.72,93.48,0.00,212.81,60.88,7.52,2.65,6.73,93.06,0.00,212.74,43.53,5.36,1.33,4.85,96.42,0.00,212.41,21.49,1.05,19.30
2026-01-23 07:37:59,Meter 1,2026-01-23 07:37:00,60.95,98.08,0.00,212.63,78.39,9.53,-1.72,9.11,98.26,0.00,212.93,48.50,6.00,0.86,5.60,98.83,0.00,212.79,55.97,6.89,1.58,6.50,97.15,0.00,212.18,22.42,0.72,21.21
2026-01-23 07:38:59,Meter 1,2026-01-23 07:38:00,65.11,98.92,0.00,212.60,89.91,10.94,-0.60,9.32,99.80,0.00,212.97,46.53,5.75,0.40,4.43,99.60,0.00,212.58,58.89,7.25,1.57,6.71,97.37,0.00,212.26,23.93,1.37,20.46
2026-01-23 07:39:59,Meter 1,2026-01-23 07:39:00,64.26,98.32,0.00,212.78,79.61,9.70,-1.18,6.34,98.30,0.00,213.14,58.34,7.21,0.46,5.21,99.62,0.00,212.64,54.82,6.75,1.38,5.57,97.05,0.00,212.55,23.66,0.66,17.12
2026-01-23 07:40:59,Meter 1,2026-01-23 07:40:00,87.82,96.26,0.00,212.56,115.64,14.06,-4.29,12.53,94.60,0.00,212.56,97.48,12.03,3.70,11.00,94.78,0.00,212.61,50.34,6.21,0.64,5.79,99.40,0.00,212.52,32.29,0.05,29.31
2026-01-23 07:41:59,Meter 1,2026-01-23 07:41:00,95.00,97.56,0.00,212.68,115.39,14.04,-4.08,13.18,95.53,0.00,212.83,94.09,11.61,2.17,11.13,98.16,0.00,212.65,75.52,9.31,-1.27,8.89,98.99,0.00,212.56,34.96,-3.19,33.19
2026-01-23 07:42:59,Meter 1,2026-01-23 07:42:00,88.11,98.03,0.00,212.78,101.64,12.37,-2.88,10.29,96.29,0.00,212.97,79.85,9.86,0.89,9.01,99.51,0.00,212.74,82.85,10.21,-1.54,8.23,98.30,0.00,212.65,32.45,-3.53,27.54
2026-01-23 07:43:59,Meter 1,2026-01-23 07:43:00,80.43,98.21,0.00,212.70,106.46,12.94,-2.42,10.12,97.27,0.00,212.75,75.40,9.31,1.75,8.44,97.92,0.00,212.84,59.44,7.33,-0.51,4.89,99.46,0.00,212.50,29.59,-1.18,23.45
2026-01-23 07:44:59,Meter 1,2026-01-23 07:44:00,81.62,97.81,0.00,212.61,106.16,12.91,-2.11,11.07,98.23,0.00,212.74,84.62,10.45,2.99,9.64,95.52,0.00,212.64,54.09,6.66,0.39,4.91,99.68,0.00,212.46,30.02,1.27,25.61
2026-01-23 07:45:59,Meter 1,2026-01-23 07:45:00,63.70,94.96,0.00,212.60,78.35,9.52,0.30,8.16,99.93,0.00,212.79,55.61,6.87,2.16,5.95,94.01,0.00,212.72,57.15,7.04,2.57,5.63,90.95,0.00,212.29,23.43,5.03,19.74
2026-01-23 07:46:59,Meter 1,2026-01-23 07:46:00,90.04,98.93,0.00,212.58,116.61,14.18,0.52,12.65,99.91,0.00,212.79,75.28,9.30,1.72,7.80,97.65,0.00,212.65,78.22,9.63,1.00,8.00,99.23,0.00,212.31,33.11,3.24,28.45
2026-01-23 07:47:59,Meter 1,2026-01-23 07:47:00,98.74,98.19,0.00,212.57,132.70,16.13,-1.38,14.77,99.57,0.00,212.45,93.84,11.57,3.02,10.16,95.85,0.00,212.69,69.69,8.59,1.03,7.86,99.16,0.00,212.58,36.30,2.67,32.78
2026-01-23 07:48:59,Meter 1,2026-01-23 07:48:00,69.14,99.58,0.00,212.67,96.63,11.75,-1.01,10.98,99.58,0.00,212.72,56.02,6.92,0.62,6.48,99.55,0.00,212.77,54.78,6.75,0.53,5.93,99.61,0.00,212.52,25.42,0.14,23.40
2026-01-23 07:49:59,Meter 1,2026-01-23 07:49:00,104.03,96.34,0.00,212.48,139.22,16.92,-5.41,15.12,94.15,0.00,212.29,115.94,14.29,4.31,13.37,95.18,0.00,212.55,56.95,7.02,0.50,6.28,99.68,0.00,212.61,38.23,-0.60,34.78
2026-01-23 07:50:59,Meter 1,2026-01-23 07:50:00,67.46,97.52,0.00,212.96,80.44,9.80,-1.24,7.46,98.65,0.00,213.11,54.58,6.75,-1.49,5.01,95.83,0.00,213.07,67.38,8.31,-1.26,6.34,98.08,0.00,212.69,24.86,-3.99,18.81
2026-01-23 07:51:59,Meter 1,2026-01-23 07:51:00,69.86,98.31,0.00,212.77,86.16,10.49,-1.95,9.45,97.94,0.00,212.94,62.32,7.70,0.10,6.78,99.99,0.00,212.75,61.11,7.53,-1.72,6.85,97.00,0.00,212.61,25.72,-3.57,23.08
2026-01-23 07:52:59,Meter 1,2026-01-23 07:52:00,67.01,98.76,0.00,212.76,91.14,11.09,-1.67,10.42,98.74,0.00,212.84,57.34,7.08,1.05,6.49,98.72,0.00,212.84,52.55,6.48,-0.93,6.00,98.81,0.00,212.58,24.65,-1.56,22.90
2026-01-23 07:53:59,Meter 1,2026-01-23 07:53:00,77.27,98.10,0.00,212.76,92.13,11.22,-1.85,9.74,98.25,0.00,212.84,79.03,9.76,2.29,9.22,97.04,0.00,212.68,60.65,7.48,0.93,6.53,99.01,0.00,212.75,28.45,1.37,25.49
2026-01-23 07:54:59,Meter 1,2026-01-23 07:54:00,95.06,97.83,0.00,212.67,124.62,15.18,-4.15,12.55,94.93,0.00,212.80,83.14,10.25,1.28,9.49,99.11,0.00,212.42,77.43,9.54,-0.88,8.44,99.46,0.00,212.78,34.98,-3.76,30.48
2026-01-23 07:55:59,Meter 1,2026-01-23 07:55:00,111.50,96.76,0.00,212.54,137.66,16.77,-4.46,14.16,95.38,0.00,212.68,114.63,14.12,4.19,13.12,95.25,0.00,212.14,82.23,10.12,0.79,9.15,99.63,0.00,212.79,41.02,0.52,36.44
2026-01-23 07:56:59,Meter 1,2026-01-23 07:56:00,86.34,97.64,0.00,212.70,108.82,13.26,-1.86,9.69,98.21,0.00,213.02,77.87,9.62,2.32,8.70,96.64,0.00,212.49,72.32,8.91,1.54,7.71,98.07,0.00,212.59,31.78,2.00,26.10
2026-01-23 07:57:59,Meter 1,2026-01-23 07:57:00,107.47,96.24,0.00,212.32,150.36,18.27,-4.96,17.28,96.12,0.00,212.05,106.58,13.11,3.94,11.88,94.91,0.00,212.25,65.47,8.07,-1.63,7.45,97.68,0.00,212.67,39.45,-2.65,36.61
2026-01-23 07:58:59,Meter 1,2026-01-23 07:58:00,100.08,97.22,0.00,212.68,130.99,15.95,-5.16,14.48,94.19,0.00,212.67,102.56,12.65,2.63,12.21,97.76,0.00,212.55,66.70,8.23,-0.56,7.61,99.73,0.00,212.83,36.82,-3.10,34.29
2026-01-23 07:59:59,Meter 1,2026-01-23 07:59:00,79.44,99.15,0.00,212.73,102.86,12.51,-2.13,11.37,98.29,0.00,212.79,68.04,8.40,0.91,7.53,99.27,0.00,212.84,67.42,8.31,-0.33,6.84,99.88,0.00,212.57,29.23,-1.54,25.74
2026-01-23 08:00:59,Meter 1,2026-01-23 08:00:00,103.91,96.40,0.00,212.55,129.70,15.77,-3.87,13.79,96.28,0.00,212.63,111.76,13.79,3.97,12.84,95.53,0.00,212.63,70.27,8.66,1.85,7.95,97.39,0.00,212.39,38.22,1.95,34.57
2026-01-23 08:01:59,Meter 1,2026-01-23 08:01:00,123.95,95.71,0.00,212.31,161.14,19.57,-5.65,17.47,95.15,0.00,212.31,138.34,17.04,5.82,15.63,93.72,0.00,212.34,72.38,8.91,1.47,7.76,98.26,0.00,212.28,45.52,1.63,40.86
2026-01-23 08:02:59,Meter 1,2026-01-23 08:02:00,110.73,96.51,0.00,212.59,151.07,18.38,-5.75,15.58,93.82,0.00,212.58,111.13,13.70,3.48,12.79,96.49,0.00,212.54,69.99,8.63,-0.87,6.94,99.22,0.00,212.64,40.71,-3.14,35.32
2026-01-23 08:03:59,Meter 1,2026-01-23 08:03:00,107.18,96.24,0.00,212.59,145.51,17.70,-4.31,16.03,96.57,0.00,212.54,114.94,14.17,4.79,12.99,93.83,0.00,212.58,61.10,7.53,1.22,6.59,98.32,0.00,212.63,39.40,1.70,35.61
2026-01-23 08:04:59,Meter 1,2026-01-23 08:04:00,99.18,97.12,0.00,212.56,136.18,16.56,-4.12,14.94,96.41,0.00,212.57,100.45,12.39,3.74,11.31,94.95,0.00,212.56,60.91,7.51,-0.02,6.83,100.00,0.00,212.56,36.46,-0.39,33.09
2026-01-23 08:05:59,Meter 1,2026-01-23 08:05:00,74.71,97.73,0.00,212.62,89.66,10.91,-2.71,7.68,94.30,0.00,212.90,69.92,8.64,0.96,8.11,99.31,0.00,212.60,64.55,7.95,0.63,6.89,99.59,0.00,212.36,27.49,-1.12,22.67
2026-01-23 08:06:59,Meter 1,2026-01-23 08:06:00,68.08,98.65,0.00,212.53,81.73,9.94,-0.35,8.59,99.92,0.00,212.76,57.48,7.09,1.45,6.42,97.54,0.00,212.50,65.05,8.01,1.30,7.44,98.50,0.00,212.33,25.04,2.41,22.45
2026-01-23 08:07:59,Meter 1,2026-01-23 08:07:00,87.79,96.34,0.00,212.53,111.90,13.61,-3.92,11.72,94.83,0.00,212.54,83.13,10.25,1.34,9.45,99.01,0.00,212.52,68.34,8.42,-2.09,6.47,95.17,0.00,212.53,32.28,-4.67,27.63
2026-01-23 08:08:59,Meter 1,2026-01-23 08:08:00,88.54,96.49,0.00,212.33,118.81,14.43,-4.29,12.61,94.66,0.00,212.35,80.47,9.91,1.41,9.26,98.85,0.00,212.35,66.34,8.17,-1.95,6.64,95.94,0.00,212.30,32.51,-4.83,28.51
2026-01-23 08:09:59,Meter 1,2026-01-23 08:09:00,117.26,95.93,0.00,212.35,151.68,18.43,-6.36,16.27,93.14,0.00,212.08,135.49,16.67,5.15,15.65,94.98,0.00,212.38,64.62,7.96,0.58,7.02,99.67,0.00,212.59,43.07,-0.63,38.93
2026-01-23 08:10:59,Meter 1,2026-01-23 08:10:00,95.65,97.09,0.00,212.47,123.54,15.02,-3.77,13.00,96.05,0.00,212.39,99.11,12.21,3.66,11.43,95.23,0.00,212.44,64.30,7.92,0.13,6.67,99.98,0.00,212.57,35.15,0.02,31.10
2026-01-23 08:11:59,Meter 1,2026-01-23 08:11:00,103.51,95.18,0.00,212.45,144.45,17.55,-4.94,15.64,95.35,0.00,212.33,102.55,12.64,3.75,11.27,94.90,0.00,212.54,63.54,7.83,-2.01,6.34,95.31,0.00,212.49,38.02,-3.21,33.25
2026-01-23 08:12:59,Meter 1,2026-01-23 08:12:00,80.79,98.93,0.00,212.47,108.18,13.14,-1.76,11.58,98.87,0.00,212.40,70.21,8.66,1.50,7.73,98.16,0.00,212.67,63.99,7.89,-0.44,6.56,99.77,0.00,212.34,29.68,-0.70,25.88
2026-01-23 08:13:59,Meter 1,2026-01-23 08:13:00,94.56,98.14,0.00,212.25,127.51,15.48,-3.15,13.65,97.44,0.00,211.97,89.89,11.06,2.03,10.41,98.15,0.00,212.39,66.28,8.17,-1.04,6.69,98.81,0.00,212.38,34.70,-2.16,30.75
2026-01-23 08:14:59,Meter 1,2026-01-23 08:14:00,72.60,99.32,0.00,212.31,100.21,12.16,-0.79,11.90,99.78,0.00,212.08,63.28,7.79,1.37,7.33,98.28,0.00,212.52,54.30,6.69,-0.31,6.39,99.88,0.00,212.34,26.65,0.28,25.61
2026-01-23 08:15:59,Meter 1,2026-01-23 08:15:00,99.01,97.98,0.00,212.23,129.45,15.72,-1.60,14.50,99.40,0.00,212.25,100.93,12.43,3.41,11.42,95.82,0.00,212.20,66.66,8.20,1.24,7.67,98.71,0.00,212.23,36.35,3.06,33.59
2026-01-23 08:16:59,Meter 1,2026-01-23 08:16:00,98.13,98.12,0.00,212.33,135.41,16.45,-2.23,15.06,98.92,0.00,212.19,96.66,11.90,3.25,10.44,95.48,0.00,212.32,62.34,7.68,-0.21,6.74,99.95,0.00,212.48,36.03,0.81,32.25
2026-01-23 08:17:59,Meter 1,2026-01-23 08:17:00,77.03,99.15,0.00,212.44,92.76,11.27,-0.63,9.58,99.78,0.00,212.69,76.30,9.42,1.62,8.23,98.11,0.00,212.47,62.01,7.63,0.64,6.87,99.57,0.00,212.15,28.32,1.63,24.68
2026-01-23 08:18:59,Meter 1,2026-01-23 08:18:00,86.74,98.06,0.00,212.40,115.22,13.99,-2.86,11.80,97.18,0.00,212.45,84.46,10.41,1.71,9.97,98.56,0.00,212.50,60.53,7.45,-1.06,5.90,98.43,0.00,212.24,31.86,-2.21,27.67
2026-01-23 08:19:59,Meter 1,2026-01-23 08:19:00,113.95,95.13,0.00,212.25,137.25,16.66,-4.56,15.89,96.12,0.00,212.09,135.77,16.72,6.04,15.47,93.15,0.00,212.40,68.82,8.48,2.28,7.93,96.12,0.00,212.25,41.85,3.76,39.29
2026-01-23 08:20:59,Meter 1,2026-01-23 08:20:00,82.87,97.54,0.00,212.42,102.98,12.51,-1.17,10.98,99.44,0.00,212.55,79.62,9.82,2.62,8.95,95.97,0.00,212.49,66.00,8.12,1.82,7.56,97.22,0.00,212.20,30.46,3.28,27.49
2026-01-23 08:21:59,Meter 1,2026-01-23 08:21:00,78.42,98.44,0.00,212.37,99.57,12.08,-1.06,10.43,99.48,0.00,212.23,69.58,8.58,1.75,7.67,97.49,0.00,212.66,66.12,8.15,1.38,7.52,98.35,0.00,212.21,28.81,2.07,25.62
2026-01-23 08:22:59,Meter 1,2026-01-23 08:22:00,116.06,96.02,0.00,212.14,159.99,19.42,-5.76,17.96,95.22,0.00,211.83,122.31,15.03,5.14,13.83,93.73,0.00,212.13,65.87,8.11,-0.97,7.14,99.10,0.00,212.47,42.57,-1.59,38.92
2026-01-23 08:23:59,Meter 1,2026-01-23 08:23:00,88.60,97.60,0.00,212.39,117.78,14.32,-3.44,11.89,96.06,0.00,212.24,79.35,9.77,2.13,8.94,97.29,0.00,212.27,68.66,8.46,-0.74,6.99,99.44,0.00,212.65,32.55,-2.06,27.82
2026-01-23 08:24:59,Meter 1,2026-01-23 08:24:00,94.37,96.78,0.00,212.23,117.55,14.27,-3.76,13.22,96.19,0.00,211.85,99.55,12.24,3.96,11.13,94.23,0.00,212.28,66.00,8.13,-0.30,7.75,99.92,0.00,212.56,34.65,-0.10,32.10
2026-01-23 08:25:59,Meter 1,2026-01-23 08:25:00,101.80,96.63,0.00,212.38,118.27,14.37,-3.67,13.74,96.61,0.00,212.14,115.43,14.21,4.72,13.27,94.23,0.00,212.36,71.72,8.84,1.19,8.53,99.04,0.00,212.64,37.42,2.24,35.54
2026-01-23 08:26:59,Meter 1,2026-01-23 08:26:00,81.55,96.63,0.00,212.51,89.21,10.85,-1.10,10.51,99.46,0.00,212.30,89.40,11.01,3.75,10.07,93.72,0.00,212.52,66.02,8.14,2.02,7.66,96.70,0.00,212.70,30.00,4.67,28.24
2026-01-23 08:27:59,Meter 1,2026-01-23 08:27:00,110.29,96.22,0.00,212.26,140.89,17.11,-5.25,16.05,95.04,0.00,211.95,129.30,15.90,5.49,14.79,93.74,0.00,212.26,60.68,7.48,0.33,6.86,99.89,0.00,212.58,40.49,0.57,37.71
2026-01-23 08:28:59,Meter 1,2026-01-23 08:28:00,83.29,96.51,0.00,212.23,95.42,11.60,-1.96,11.16,98.49,0.00,212.06,93.77,11.53,4.06,10.62,93.42,0.00,212.10,60.66,7.47,1.56,7.01,97.62,0.00,212.52,30.60,3.65,28.79
2026-01-23 08:29:59,Meter 1,2026-01-23 08:29:00,78.11,97.68,0.00,212.27,96.53,11.72,-0.24,11.09,99.98,0.00,212.28,73.20,9.02,2.70,8.04,94.78,0.00,212.27,64.60,7.95,1.41,7.52,98.28,0.00,212.26,28.69,3.88,26.66
2026-01-23 08:30:59,Meter 1,2026-01-23 08:30:00,86.88,97.63,0.00,212.18,117.58,14.27,-2.10,13.75,98.85,0.00,211.96,86.22,10.61,3.39,9.39,94.04,0.00,212.23,56.83,7.00,0.13,6.61,99.98,0.00,212.36,31.88,1.42,29.74
2026-01-23 08:31:59,Meter 1,2026-01-23 08:31:00,107.85,96.38,0.00,212.06,138.61,16.80,-3.53,16.16,97.70,0.00,211.64,116.96,14.38,5.21,13.06,92.87,0.00,212.31,67.98,8.37,1.36,7.96,98.57,0.00,212.24,39.55,3.04,37.18
2026-01-23 08:32:59,Meter 1,2026-01-23 08:32:00,86.53,97.81,0.00,212.20,99.95,12.12,-0.83,11.66,99.75,0.00,212.11,83.39,10.27,2.13,9.79,97.72,0.00,212.43,76.25,9.38,2.54,8.67,95.97,0.00,212.05,31.78,3.83,30.12
2026-01-23 08:33:59,Meter 1,2026-01-23 08:33:00,107.21,96.27,0.00,212.12,132.25,16.04,-3.51,14.44,97.18,0.00,211.95,114.12,14.05,4.36,13.17,94.92,0.00,212.34,75.27,9.26,2.13,8.08,96.70,0.00,212.08,39.35,2.99,35.69
2026-01-23 08:34:59,Meter 1,2026-01-23 08:34:00,106.78,94.95,0.00,212.10,129.51,15.72,-4.84,14.48,94.84,0.00,211.95,121.18,14.90,4.74,13.92,94.66,0.00,212.14,69.65,8.57,2.44,7.71,95.35,0.00,212.21,39.19,2.34,36.12
2026-01-23 08:35:59,Meter 1,2026-01-23 08:35:00,109.68,96.79,0.00,212.29,144.27,17.53,-5.19,15.08,94.55,0.00,212.20,108.28,13.33,3.67,12.32,95.85,0.00,212.19,76.50,9.42,0.22,7.70,99.96,0.00,212.47,40.28,-1.31,35.10
2026-01-23 08:36:59,Meter 1,2026-01-23 08:36:00,91.87,97.07,0.00,212.42,117.62,14.30,-2.87,11.50,97.02,0.00,212.64,88.34,10.90,2.43,10.20,97.27,0.00,212.37,69.65,8.57,1.88,7.41,96.93,0.00,212.27,33.76,1.44,29.11
2026-01-23 08:37:59,Meter 1,2026-01-23 08:37:00,92.15,97.02,0.00,212.34,126.87,15.42,-4.45,13.86,95.22,0.00,212.35,89.70,11.05,2.73,10.14,96.58,0.00,212.27,59.87,7.37,-0.74,6.13,99.28,0.00,212.40,33.84,-2.46,30.14
2026-01-23 08:38:59,Meter 1,2026-01-23 08:38:00,93.64,97.60,0.00,212.26,137.09,16.64,-3.70,15.83,97.38,0.00,212.18,85.77,10.56,2.53,9.83,96.84,0.00,212.34,58.05,7.15,-1.06,6.20,98.57,0.00,212.26,34.35,-2.23,31.86
2026-01-23 08:39:59,Meter 1,2026-01-23 08:39:00,77.18,97.77,0.00,212.46,95.34,11.59,0.61,10.10,99.82,0.00,212.56,63.93,7.89,2.32,6.66,94.43,0.00,212.47,72.26,8.90,1.15,8.35,99.07,0.00,212.34,28.37,4.08,25.11
2026-01-23 08:40:59,Meter 1,2026-01-23 08:40:00,84.05,98.42,0.00,212.37,112.50,13.67,-1.39,11.96,99.33,0.00,212.48,77.63,9.57,2.44,8.48,96.11,0.00,212.30,62.03,7.63,0.41,6.63,99.81,0.00,212.33,30.87,1.45,27.06
2026-01-23 08:41:59,Meter 1,2026-01-23 08:41:00,98.46,97.55,0.00,212.30,129.96,15.79,-3.87,13.90,96.33,0.00,212.31,99.36,12.24,2.79,11.53,97.20,0.00,212.26,66.06,8.13,-0.88,6.55,99.11,0.00,212.33,36.16,-1.97,31.98
2026-01-23 08:42:59,Meter 1,2026-01-23 08:42:00,84.36,98.06,0.00,212.31,113.06,13.73,-2.71,13.21,97.96,0.00,212.19,80.24,9.88,1.94,9.31,97.90,0.00,212.42,59.78,7.36,-1.27,6.86,98.32,0.00,212.33,30.97,-2.05,29.37
2026-01-23 08:43:59,Meter 1,2026-01-23 08:43:00,84.64,98.09,0.00,212.23,113.71,13.80,-1.96,13.13,98.91,0.00,212.16,81.23,10.00,2.80,9.13,95.62,0.00,212.33,58.98,7.26,0.48,6.95,99.76,0.00,212.21,31.06,1.32,29.21
2026-01-23 08:44:59,Meter 1,2026-01-23 08:44:00,80.53,97.97,0.00,212.43,104.28,12.67,0.19,10.55,99.98,0.00,212.50,68.71,8.47,2.07,7.62,96.51,0.00,212.46,68.59,8.44,1.73,7.46,97.43,0.00,212.31,29.59,3.99,25.63
2026-01-23 08:45:59,Meter 1,2026-01-23 08:45:00,84.40,98.47,0.00,212.36,108.81,13.22,-2.46,12.39,98.09,0.00,212.47,76.31,9.41,1.77,8.64,97.95,0.00,212.34,68.08,8.38,-0.83,7.43,99.38,0.00,212.27,31.00,-1.51,28.46
2026-01-23 08:46:59,Meter 1,2026-01-23 08:46:00,102.51,96.73,0.00,212.06,140.41,17.04,-3.98,15.84,96.99,0.00,212.11,104.87,12.90,3.78,11.85,95.28,0.00,212.00,62.27,7.65,-1.39,6.68,97.92,0.00,212.07,37.60,-1.58,34.37
2026-01-23 08:47:59,Meter 1,2026-01-23 08:47:00,88.64,97.80,0.00,212.05,106.08,12.87,-2.64,12.02,97.67,0.00,212.22,101.48,12.49,3.17,11.83,96.58,0.00,212.03,58.35,7.17,0.87,6.64,99.16,0.00,211.89,32.53,1.40,30.49
2026-01-23 08:48:59,Meter 1,2026-01-23 08:48:00,104.06,96.91,0.00,211.99,135.45,16.43,-4.15,14.64,96.20,0.00,212.05,120.34,14.80,4.35,13.73,95.32,0.00,211.94,56.40,6.93,0.78,6.20,99.21,0.00,212.00,38.17,0.98,34.57
2026-01-23 08:49:59,Meter 1,2026-01-23 08:49:00,84.60,98.03,0.00,212.18,112.36,13.63,-1.80,11.15,98.72,0.00,212.29,86.39,10.65,2.85,9.19,95.52,0.00,212.35,55.06,6.77,0.30,5.54,99.86,0.00,211.90,31.05,1.34,25.88
2026-01-23 08:50:59,Meter 1,2026-01-23 08:50:00,92.08,97.72,0.00,212.21,117.31,14.24,-2.33,10.78,97.75,0.00,212.54,94.33,11.63,2.86,10.76,96.64,0.00,212.17,64.60,7.94,1.07,6.79,98.77,0.00,211.91,33.81,1.61,28.32
2026-01-23 08:51:59,Meter 1,2026-01-23 08:51:00,86.25,97.85,0.00,212.21,114.73,13.93,-3.07,12.02,96.89,0.00,212.25,82.97,10.22,2.38,9.16,96.79,0.00,212.23,61.05,7.51,-0.31,6.14,99.87,0.00,212.15,31.66,-1.01,27.31
2026-01-23 08:52:59,Meter 1,2026-01-23 08:52:00,63.51,99.61,0.00,212.34,85.41,10.37,-0.70,9.46,99.73,0.00,212.49,53.17,6.56,0.78,5.85,99.13,0.00,212.38,51.94,6.39,0.15,5.87,99.97,0.00,212.14,23.32,0.23,21.18
2026-01-23 08:53:59,Meter 1,2026-01-23 08:53:00,74.92,97.57,0.00,212.28,89.49,10.87,-0.12,10.60,99.99,0.00,212.50,71.51,8.82,2.47,8.12,95.67,0.00,212.33,63.77,7.84,1.83,7.37,97.04,0.00,212.02,27.53,4.18,26.09
2026-01-23 08:54:59,Meter 1,2026-01-23 08:54:00,72.69,99.52,0.00,212.33,94.29,11.45,-0.47,8.71,99.86,0.00,212.66,51.47,6.35,0.59,5.28,99.38,0.00,212.40,72.33,8.89,0.98,8.37,99.32,0.00,211.94,26.69,1.10,22.36
2026-01-23 08:55:59,Meter 1,2026-01-23 08:55:00,89.06,99.03,0.00,212.31,119.57,14.52,-2.15,11.64,98.33,0.00,212.52,81.32,10.03,1.48,9.39,98.78,0.00,212.36,66.28,8.15,0.19,6.81,99.96,0.00,212.06,32.70,-0.49,27.84
2026-01-23 08:56:59,Meter 1,2026-01-23 08:56:00,78.10,99.36,0.00,212.24,105.97,12.85,-1.60,11.24,99.00,0.00,212.44,61.05,7.53,0.88,6.79,99.17,0.00,212.44,67.26,8.27,-0.30,7.21,99.91,0.00,211.83,28.66,-1.02,25.24
2026-01-23 08:57:59,Meter 1,2026-01-23 08:57:00,80.71,99.20,0.00,212.26,103.69,12.60,-2.12,11.40,98.31,0.00,212.45,67.47,8.31,0.46,7.49,99.81,0.00,212.19,70.97,8.73,-0.76,7.41,99.48,0.00,212.15,29.64,-2.42,26.30
2026-01-23 08:58:59,Meter 1,2026-01-23 08:58:00,98.98,97.07,0.00,212.20,124.85,15.15,-2.95,13.71,97.76,0.00,212.20,104.98,12.93,3.77,12.20,95.55,0.00,212.28,67.12,8.26,1.49,7.16,97.91,0.00,212.12,36.34,2.30,33.07
2026-01-23 08:59:59,Meter 1,2026-01-23 08:59:00,70.95,99.86,0.00,212.39,93.82,11.39,-0.14,9.00,99.99,0.00,212.65,50.36,6.22,0.04,5.22,100.00,0.00,212.59,68.68,8.45,0.70,7.60,99.58,0.00,211.93,26.06,0.60,21.82
2026-01-23 09:00:59,Meter 1,2026-01-23 09:00:00,75.85,97.41,0.00,212.22,88.91,10.78,-0.29,10.52,99.96,0.00,212.30,68.18,8.41,1.98,7.89,97.00,0.00,212.50,70.46,8.67,2.57,8.05,95.27,0.00,211.85,27.86,4.25,26.46
2026-01-23 09:01:59,Meter 1,2026-01-23 09:01:00,67.63,99.51,0.00,212.17,87.15,10.57,0.14,9.72,99.99,0.00,212.41,48.72,6.01,0.61,5.29,99.34,0.00,212.39,67.02,8.24,0.98,7.64,99.19,0.00,211.71,24.81,1.73,22.64
2026-01-23 09:02:59,Meter 1,2026-01-23 09:02:00,79.86,96.22,0.00,212.30,82.87,10.06,-0.86,9.56,99.60,0.00,212.73,80.23,9.90,3.11,9.14,94.65,0.00,212.34,76.47,9.39,2.98,8.53,94.42,0.00,211.83,29.36,5.23,27.23
2026-01-23 09:03:59,Meter 1,2026-01-23 09:03:00,81.24,99.17,0.00,212.20,94.31,11.43,-1.97,10.07,98.15,0.00,212.40,70.18,8.66,0.89,7.92,99.38,0.00,212.53,79.23,9.74,-0.12,7.77,99.99,0.00,211.69,29.83,-1.20,25.76
2026-01-23 09:04:59,Meter 1,2026-01-23 09:04:00,71.96,98.23,0.00,212.32,90.20,10.94,-0.31,8.25,99.93,0.00,212.50,54.85,6.77,1.40,5.79,97.20,0.00,212.68,70.82,8.71,1.73,7.69,97.56,0.00,211.79,26.42,2.82,21.73
2026-01-23 09:05:59,Meter 1,2026-01-23 09:05:00,83.02,97.28,0.00,212.22,98.53,11.96,-0.97,9.30,99.46,0.00,212.41,72.80,8.98,2.23,8.10,96.42,0.00,212.36,77.74,9.56,2.35,8.03,95.98,0.00,211.90,30.49,3.60,25.42
2026-01-23 09:06:59,Meter 1,2026-01-23 09:06:00,77.09,97.48,0.00,212.27,95.83,11.63,0.06,8.92,100.00,0.00,212.43,58.97,7.27,1.78,6.03,95.89,0.00,212.38,76.47,9.40,2.15,7.96,96.54,0.00,212.01,28.31,3.99,22.91
2026-01-23 09:07:59,Meter 1,2026-01-23 09:07:00,84.74,98.58,0.00,212.22,112.56,13.65,-2.19,10.81,98.00,0.00,212.21,71.15,8.77,1.60,7.56,97.84,0.00,212.46,70.51,8.68,0.32,7.32,99.90,0.00,211.98,31.10,-0.28,25.69
2026-01-23 09:08:59,Meter 1,2026-01-23 09:08:00,83.22,97.48,0.00,212.20,99.12,12.03,-3.93,9.86,92.89,0.00,212.27,77.15,9.50,0.86,9.11,99.56,0.00,212.29,73.40,9.03,-0.06,7.54,100.00,0.00,212.04,30.56,-3.14,26.51
2026-01-23 09:09:59,Meter 1,2026-01-23 09:09:00,73.41,97.48,0.00,212.08,78.07,9.46,-1.53,8.67,98.48,0.00,212.21,68.05,8.39,1.47,7.93,98.32,0.00,212.36,74.12,9.11,2.55,8.34,95.62,0.00,211.68,26.96,2.49,24.93
2026-01-23 09:10:59,Meter 1,2026-01-23 09:10:00,95.03,97.96,0.00,212.01,119.98,14.54,-3.44,11.71,95.94,0.00,212.08,83.42,10.27,1.41,9.71,98.97,0.00,212.22,81.69,10.04,1.21,8.40,98.97,0.00,211.71,34.85,-0.82,29.82
2026-01-23 09:11:59,Meter 1,2026-01-23 09:11:00,72.35,96.66,0.00,211.99,79.38,9.62,0.99,8.60,99.34,0.00,212.21,56.50,6.96,1.10,6.49,98.60,0.00,212.15,81.16,9.96,3.68,8.67,92.03,0.00,211.60,26.55,5.77,23.76
2026-01-23 09:12:59,Meter 1,2026-01-23 09:12:00,76.19,99.03,0.00,212.23,89.51,10.86,-0.85,8.52,99.50,0.00,212.38,55.06,6.79,-0.85,6.26,99.09,0.00,212.49,83.99,10.33,1.61,9.18,98.49,0.00,211.81,27.98,-0.09,23.96
2026-01-23 09:13:59,Meter 1,2026-01-23 09:13:00,97.71,96.24,0.00,211.92,119.52,14.47,-1.38,12.62,99.41,0.00,211.94,90.28,11.12,3.31,10.13,95.06,0.00,212.23,83.34,10.24,3.13,8.83,94.24,0.00,211.58,35.83,5.06,31.58
2026-01-23 09:14:59,Meter 1,2026-01-23 09:14:00,85.05,99.73,0.00,212.15,106.34,12.89,-1.06,9.99,99.44,0.00,212.29,66.65,8.22,0.16,7.63,99.98,0.00,212.50,82.16,10.10,0.58,8.71,99.78,0.00,211.66,31.21,-0.32,26.32
2026-01-23 09:15:59,Meter 1,2026-01-23 09:15:00,96.22,99.16,0.00,212.04,127.35,15.42,-1.52,13.11,99.34,0.00,211.97,87.12,10.73,1.94,10.02,98.18,0.00,212.42,74.18,9.12,0.20,7.67,99.97,0.00,211.73,35.28,0.62,30.80
2026-01-23 09:16:59,Meter 1,2026-01-23 09:16:00,100.04,97.14,0.00,212.01,127.29,15.41,-0.72,13.62,99.86,0.00,212.06,95.88,11.82,3.64,10.90,94.84,0.00,212.36,76.96,9.46,2.16,8.22,96.71,0.00,211.60,36.69,5.09,32.74
2026-01-23 09:17:59,Meter 1,2026-01-23 09:17:00,65.13,99.27,0.00,212.21,81.08,9.83,-1.06,9.42,99.38,0.00,212.35,51.33,6.33,-0.37,5.72,99.79,0.00,212.48,62.97,7.74,-1.17,6.99,98.64,0.00,211.79,23.91,-2.59,22.14
2026-01-23 09:18:59,Meter 1,2026-01-23 09:18:00,77.26,99.19,0.00,212.22,99.00,12.01,-0.22,9.27,99.97,0.00,212.60,60.90,7.52,1.06,6.90,98.85,0.00,212.38,71.87,8.83,1.21,7.59,98.76,0.00,211.68,28.36,2.04,23.75
2026-01-23 09:19:59,Meter 1,2026-01-23 09:19:00,106.37,95.99,0.00,212.07,146.72,17.79,-4.54,15.04,95.73,0.00,212.09,98.59,12.14,3.50,11.02,95.30,0.00,212.15,73.80,9.07,-1.68,6.65,96.95,0.00,211.95,39.00,-2.72,32.71
2026-01-23 09:20:59,Meter 1,2026-01-23 09:20:00,72.68,98.76,0.00,212.17,90.63,11.00,-1.93,8.08,97.25,0.00,212.48,64.86,8.00,0.67,7.47,99.60,0.00,212.20,62.53,7.68,0.69,6.44,99.43,0.00,211.83,26.68,-0.58,21.99
2026-01-23 09:21:59,Meter 1,2026-01-23 09:21:00,66.93,98.75,0.00,212.26,82.51,10.03,-1.69,7.35,97.44,0.00,212.60,53.41,6.58,-0.80,6.06,99.15,0.00,212.16,64.86,7.97,-0.56,6.70,99.65,0.00,212.03,24.58,-3.05,20.11
2026-01-23 09:22:59,Meter 1,2026-01-23 09:22:00,72.25,99.16,0.00,212.01,99.74,12.10,-0.82,11.65,99.75,0.00,212.27,60.55,7.46,1.43,6.80,97.86,0.00,211.99,56.46,6.93,0.34,6.58,99.87,0.00,211.78,26.49,0.94,25.03
2026-01-23 09:23:59,Meter 1,2026-01-23 09:23:00,80.04,97.71,0.00,212.13,107.09,13.00,-3.21,10.58,95.68,0.00,212.39,70.88,8.73,0.46,8.12,99.84,0.00,212.12,62.15,7.64,-1.46,6.53,97.60,0.00,211.86,29.36,-4.21,25.23
2026-01-23 09:24:59,Meter 1,2026-01-23 09:24:00,80.23,99.22,0.00,212.19,98.06,11.90,-0.11,8.64,99.99,0.00,212.61,64.67,7.98,1.20,6.33,98.24,0.00,212.17,77.96,9.57,0.85,7.99,99.44,0.00,211.80,29.45,1.95,22.96
2026-01-23 09:25:59,Meter 1,2026-01-23 09:25:00,75.50,99.46,0.00,212.10,93.14,11.30,0.20,8.50,99.97,0.00,212.51,58.92,7.26,1.04,5.78,98.43,0.00,212.06,74.43,9.14,0.12,7.94,99.99,0.00,211.74,27.70,1.36,22.23
2026-01-23 09:26:59,Meter 1,2026-01-23 09:26:00,83.49,98.51,0.00,212.19,96.65,11.74,-2.65,10.53,96.98,0.00,212.42,94.90,11.69,1.00,11.40,99.62,0.00,212.14,58.93,7.24,-0.96,6.53,98.94,0.00,212.02,30.67,-2.60,28.46
2026-01-23 09:27:59,Meter 1,2026-01-23 09:27:00,74.82,98.57,0.00,212.03,100.62,12.20,-0.45,11.33,99.92,0.00,212.21,72.50,8.93,2.41,8.04,95.79,0.00,212.16,51.33,6.31,0.01,5.88,100.00,0.00,211.72,27.44,1.97,25.25
2026-01-23 09:28:59,Meter 1,2026-01-23 09:28:00,69.46,99.53,0.00,212.12,92.32,11.19,-0.11,8.66,99.99,0.00,212.17,56.89,7.01,0.32,5.67,99.84,0.00,212.33,59.17,7.28,-0.89,5.60,98.76,0.00,211.86,25.48,-0.69,19.93
2026-01-23 09:29:59,Meter 1,2026-01-23 09:29:00,84.97,98.31,0.00,211.92,101.99,12.35,-0.41,12.12,99.94,0.00,211.87,94.50,11.63,3.00,11.01,96.47,0.00,212.26,58.41,7.18,1.18,6.78,98.52,0.00,211.63,31.16,3.77,29.92
2026-01-23 09:30:59,Meter 1,2026-01-23 09:30:00,91.23,98.32,0.00,212.00,112.29,13.60,-0.82,12.51,99.79,0.00,212.01,101.67,12.52,3.11,11.76,96.67,0.00,212.27,59.74,7.34,1.21,6.89,98.50,0.00,211.73,33.47,3.50,31.15
2026-01-23 09:31:59,Meter 1,2026-01-23 09:31:00,91.83,97.87,0.00,211.88,124.83,15.11,-3.45,12.22,96.24,0.00,211.93,81.07,9.98,1.93,9.22,97.88,0.00,212.11,69.60,8.55,-0.65,6.47,99.49,0.00,211.60,33.64,-2.17,27.91
2026-01-23 09:32:59,Meter 1,2026-01-23 09:32:00,77.08,98.62,0.00,212.04,95.36,11.56,-2.51,8.45,95.87,0.00,212.41,67.75,8.35,0.03,7.57,100.00,0.00,212.12,68.14,8.36,-0.07,6.56,99.99,0.00,211.59,28.28,-2.55,22.58
2026-01-23 09:33:59,Meter 1,2026-01-23 09:33:00,98.56,96.90,0.00,211.72,128.17,15.51,-4.86,13.23,93.88,0.00,211.95,97.12,11.95,2.58,11.00,97.36,0.00,211.88,70.40,8.64,-0.70,6.76,99.47,0.00,211.34,36.10,-2.98,30.99
2026-01-23 09:34:59,Meter 1,2026-01-23 09:34:00,89.64,97.51,0.00,211.87,116.13,14.08,-3.86,12.32,95.43,0.00,212.19,89.81,11.05,2.54,10.39,97.14,0.00,211.77,62.99,7.73,-0.16,6.79,99.97,0.00,211.64,32.86,-1.48,29.50
2026-01-23 09:35:59,Meter 1,2026-01-23 09:35:00,69.58,97.51,0.00,212.09,86.85,10.54,-2.09,8.14,96.86,0.00,212.43,65.17,8.03,1.07,7.31,98.94,0.00,212.08,56.71,6.96,1.67,6.36,96.72,0.00,211.78,25.53,0.65,21.81
2026-01-23 09:36:59,Meter 1,2026-01-23 09:36:00,76.21,99.02,0.00,212.07,103.80,12.59,-2.39,9.92,97.22,0.00,212.17,60.30,7.43,0.30,6.29,99.89,0.00,212.17,64.51,7.93,-0.20,6.49,99.95,0.00,211.88,27.94,-2.29,22.70
2026-01-23 09:37:59,Meter 1,2026-01-23 09:37:00,79.24,98.15,0.00,211.96,110.15,13.34,-3.55,11.42,95.49,0.00,211.86,67.02,8.25,0.15,7.67,99.98,0.00,212.32,60.56,7.45,-0.94,6.49,98.98,0.00,211.71,29.03,-4.33,25.59
2026-01-23 09:38:59,Meter 1,2026-01-23 09:38:00,81.92,98.20,0.00,211.91,107.45,13.02,-2.20,10.64,97.92,0.00,211.89,74.84,9.21,1.63,8.18,98.07,0.00,212.11,63.47,7.80,1.03,6.18,98.63,0.00,211.73,30.02,0.46,25.01
2026-01-23 09:39:59,Meter 1,2026-01-23 09:39:00,103.00,96.40,0.00,211.71,136.70,16.54,-3.18,14.49,97.68,0.00,211.42,104.62,12.85,4.36,11.52,93.53,0.00,211.95,67.67,8.32,1.43,7.00,97.99,0.00,211.77,37.71,2.61,33.01
2026-01-23 09:40:59,Meter 1,2026-01-23 09:40:00,89.12,98.49,0.00,211.91,111.64,13.53,-2.68,10.04,96.62,0.00,211.92,78.54,9.66,0.98,8.97,99.41,0.00,212.01,77.19,9.48,0.90,8.60,99.46,0.00,211.79,32.67,-0.80,27.61
2026-01-23 09:41:59,Meter 1,2026-01-23 09:41:00,90.19,97.31,0.00,211.70,121.48,14.71,-3.77,13.88,96.50,0.00,211.47,90.77,11.14,3.09,10.44,95.89,0.00,211.76,58.34,7.17,0.63,6.60,99.55,0.00,211.88,33.02,-0.05,30.92
2026-01-23 09:42:59,Meter 1,2026-01-23 09:42:00,113.19,96.71,0.00,211.67,151.01,18.30,-6.06,17.06,94.23,0.00,211.63,118.41,14.53,3.79,13.88,96.47,0.00,211.51,70.14,8.61,-0.87,8.19,99.44,0.00,211.87,41.44,-3.14,39.14
2026-01-23 09:43:59,Meter 1,2026-01-23 09:43:00,82.64,98.62,0.00,211.92,109.86,13.33,-1.56,12.08,99.18,0.00,212.18,74.43,9.16,1.87,8.11,97.44,0.00,211.70,63.64,7.81,0.91,7.34,99.25,0.00,211.89,30.30,1.22,27.53
2026-01-23 09:44:59,Meter 1,2026-01-23 09:44:00,78.31,99.08,0.00,211.71,101.93,12.35,-0.68,10.21,99.78,0.00,211.88,69.14,8.50,1.24,7.11,98.52,0.00,211.57,63.86,7.83,1.06,7.24,98.94,0.00,211.69,28.68,1.62,24.56
2026-01-23 09:45:59,Meter 1,2026-01-23 09:45:00,83.16,98.84,0.00,211.82,108.17,13.13,-2.19,10.46,97.87,0.00,212.02,71.77,8.82,1.28,8.19,98.81,0.00,211.47,69.54,8.53,-0.38,7.01,99.85,0.00,211.96,30.48,-1.30,25.66
2026-01-23 09:46:59,Meter 1,2026-01-23 09:46:00,77.07,98.89,0.00,211.89,94.79,11.50,-1.82,9.28,98.13,0.00,212.25,71.85,8.84,1.29,8.44,98.84,0.00,211.64,64.58,7.92,0.55,6.96,99.69,0.00,211.79,28.26,0.02,24.68
2026-01-23 09:47:59,Meter 1,2026-01-23 09:47:00,107.58,97.14,0.00,211.75,138.18,16.75,-4.61,14.43,95.26,0.00,211.79,113.91,13.99,3.73,13.08,96.17,0.00,211.61,70.65,8.67,0.09,7.38,99.99,0.00,211.85,39.41,-0.79,34.90
2026-01-23 09:48:59,Meter 1,2026-01-23 09:48:00,84.06,98.37,0.00,211.97,103.52,12.56,-2.54,9.26,96.45,0.00,212.16,78.40,9.65,1.31,9.09,98.97,0.00,211.87,70.26,8.63,0.58,7.41,99.69,0.00,211.87,30.83,-0.64,25.76
2026-01-23 09:49:59,Meter 1,2026-01-23 09:49:00,82.82,98.24,0.00,211.88,110.03,13.35,-2.98,10.05,95.87,0.00,212.12,75.28,9.26,0.80,8.72,99.58,0.00,211.71,63.15,7.75,-0.82,6.69,99.26,0.00,211.81,30.35,-3.00,25.46
2026-01-23 09:50:59,Meter 1,2026-01-23 09:50:00,76.78,99.02,0.00,211.91,104.67,12.70,-1.68,10.14,98.66,0.00,212.23,64.65,7.96,1.02,6.45,98.78,0.00,211.77,61.02,7.49,-0.57,6.53,99.62,0.00,211.74,28.14,-1.23,23.12
2026-01-23 09:51:59,Meter 1,2026-01-23 09:51:00,74.96,99.38,0.00,211.92,99.48,12.06,-1.78,9.38,98.25,0.00,212.29,55.03,6.78,0.19,5.72,99.94,0.00,211.86,70.36,8.63,-0.24,7.78,99.95,0.00,211.59,27.47,-1.83,22.88
2026-01-23 09:52:59,Meter 1,2026-01-23 09:52:00,68.09,99.63,0.00,211.90,86.81,10.51,-0.30,8.29,99.93,0.00,212.11,52.54,6.47,0.04,6.06,100.00,0.00,212.15,64.92,7.97,1.03,7.05,98.95,0.00,211.43,24.95,0.76,21.40
2026-01-23 09:53:59,Meter 1,2026-01-23 09:53:00,88.93,97.29,0.00,211.98,120.27,14.58,-4.03,12.61,95.25,0.00,211.91,83.32,10.25,0.81,9.93,99.67,0.00,212.12,63.20,7.77,-1.66,6.57,96.96,0.00,211.91,32.60,-4.88,29.11
2026-01-23 09:54:59,Meter 1,2026-01-23 09:54:00,95.31,97.57,0.00,211.60,124.47,15.07,-2.63,14.00,98.29,0.00,211.45,90.82,11.15,3.41,10.04,94.70,0.00,211.64,70.65,8.67,-0.57,7.66,99.73,0.00,211.71,34.88,0.21,31.70
2026-01-23 09:55:59,Meter 1,2026-01-23 09:55:00,69.76,99.35,0.00,211.73,89.45,10.83,-1.24,9.26,99.11,0.00,211.95,57.28,7.04,-0.39,6.17,99.80,0.00,211.73,62.55,7.67,-0.93,6.99,99.13,0.00,211.52,25.55,-2.56,22.42
2026-01-23 09:56:59,Meter 1,2026-01-23 09:56:00,84.92,97.77,0.00,211.53,99.49,12.04,-1.22,11.77,99.46,0.00,211.71,92.94,11.42,2.89,10.78,96.59,0.00,211.55,62.33,7.64,1.71,7.17,97.27,0.00,211.34,31.10,3.38,29.72
2026-01-23 09:57:59,Meter 1,2026-01-23 09:57:00,78.22,99.57,0.00,211.74,97.14,11.77,-1.38,9.47,98.95,0.00,211.94,65.79,8.09,0.31,7.39,99.91,0.00,211.71,71.74,8.80,-0.40,7.10,99.84,0.00,211.58,28.66,-1.48,23.96
2026-01-23 09:58:59,Meter 1,2026-01-23 09:58:00,84.10,98.02,0.00,211.73,110.28,13.37,-3.35,12.60,96.64,0.00,211.88,78.49,9.64,0.92,9.25,99.51,0.00,211.56,63.54,7.80,-1.46,7.02,97.91,0.00,211.74,30.81,-3.89,28.87
2026-01-23 09:59:59,Meter 1,2026-01-23 09:59:00,83.40,99.81,0.00,211.77,112.53,13.63,-0.89,11.16,99.68,0.00,211.68,64.62,7.94,0.48,6.99,99.76,0.00,211.82,73.05,8.97,-0.05,7.10,100.00,0.00,211.81,30.54,-0.46,25.25
2026-01-23 10:00:59,Meter 1,2026-01-23 10:00:00,68.34,99.06,0.00,211.97,82.82,10.04,-1.47,9.46,98.82,0.00,211.89,57.58,7.08,-0.82,6.68,99.25,0.00,212.12,64.63,7.95,-1.00,7.43,99.12,0.00,211.89,25.07,-3.28,23.57
2026-01-23 10:01:59,Meter 1,2026-01-23 10:01:00,79.69,98.15,0.00,211.89,102.77,12.45,0.65,11.18,99.83,0.00,211.91,72.89,8.97,1.92,8.13,97.31,0.00,212.06,63.40,7.79,1.71,7.21,97.29,0.00,211.70,29.21,4.29,26.52
2026-01-23 10:02:59,Meter 1,2026-01-23 10:02:00,81.80,97.86,0.00,211.86,101.25,12.26,0.02,11.88,100.00,0.00,211.75,77.16,9.49,2.40,8.87,96.53,0.00,212.03,67.00,8.23,1.93,7.76,97.04,0.00,211.80,29.98,4.36,28.51
2026-01-23 10:03:59,Meter 1,2026-01-23 10:03:00,78.41,97.79,0.00,211.87,103.03,12.48,0.60,10.20,99.83,0.00,211.81,70.23,8.64,2.19,7.90,96.37,0.00,212.09,61.96,7.61,1.61,6.62,97.17,0.00,211.71,28.73,4.40,24.72
2026-01-23 10:04:59,Meter 1,2026-01-23 10:04:00,83.92,97.43,0.00,211.75,113.24,13.69,0.72,12.96,99.84,0.00,211.40,78.73,9.67,3.01,8.68,94.47,0.00,212.17,59.78,7.35,1.41,6.93,97.99,0.00,211.68,30.72,5.15,28.56
2026-01-23 10:05:59,Meter 1,2026-01-23 10:05:00,79.34,99.27,0.00,211.91,97.82,11.83,-0.91,11.51,99.69,0.00,211.77,81.54,10.04,1.87,9.61,98.17,0.00,212.39,58.64,7.21,0.22,6.75,99.95,0.00,211.57,29.08,1.18,27.87
2026-01-23 10:06:59,Meter 1,2026-01-23 10:06:00,90.58,98.38,0.00,211.83,119.44,14.46,-0.90,12.06,99.72,0.00,211.69,87.99,10.82,2.97,9.95,95.82,0.00,212.13,64.32,7.90,0.60,6.66,99.59,0.00,211.66,33.18,2.67,28.67
2026-01-23 10:07:59,Meter 1,2026-01-23 10:07:00,68.77,99.30,0.00,211.90,90.77,10.99,-0.77,9.66,99.68,0.00,211.90,53.66,6.61,-0.78,5.96,99.16,0.00,212.20,61.89,7.60,-0.91,6.57,99.06,0.00,211.62,25.20,-2.45,22.19
2026-01-23 10:08:59,Meter 1,2026-01-23 10:08:00,79.18,98.58,0.00,211.88,103.47,12.54,-3.10,11.33,96.45,0.00,211.88,71.77,8.83,-0.12,8.44,99.99,0.00,211.99,62.31,7.66,-0.84,7.00,99.29,0.00,211.78,29.02,-4.06,26.77
2026-01-23 10:09:59,Meter 1,2026-01-23 10:09:00,59.76,99.56,0.00,211.87,78.46,9.50,0.07,9.27,100.00,0.00,211.86,46.13,5.68,0.66,5.19,99.19,0.00,212.15,54.68,6.72,0.66,6.38,99.48,0.00,211.61,21.89,1.39,20.84
2026-01-23 10:10:59,Meter 1,2026-01-23 10:10:00,74.49,98.13,0.00,211.73,97.75,11.83,-0.63,10.25,99.81,0.00,211.86,65.46,8.05,1.74,7.17,97.16,0.00,211.86,60.25,7.39,1.58,6.83,97.42,0.00,211.46,27.28,2.69,24.24
2026-01-23 10:11:59,Meter 1,2026-01-23 10:11:00,76.34,98.72,0.00,211.78,94.58,11.46,-1.49,7.86,98.25,0.00,211.89,63.95,7.86,0.44,7.35,99.82,0.00,211.79,70.50,8.65,1.45,7.31,98.09,0.00,211.65,27.97,0.39,22.53
2026-01-23 10:12:59,Meter 1,2026-01-23 10:12:00,64.01,98.70,0.00,211.79,85.62,10.37,-1.04,8.35,99.23,0.00,211.80,51.72,6.36,0.94,4.69,98.06,0.00,211.84,54.68,6.71,-0.85,5.41,98.79,0.00,211.71,23.44,-0.95,18.46
2026-01-23 10:13:59,Meter 1,2026-01-23 10:13:00,90.83,97.68,0.00,211.76,117.74,14.26,-2.11,11.96,98.48,0.00,211.65,91.47,11.24,2.74,10.22,96.59,0.00,211.93,63.28,7.77,1.35,6.61,97.98,0.00,211.71,33.27,1.98,28.79
2026-01-23 10:14:59,Meter 1,2026-01-23 10:14:00,72.71,97.16,0.00,211.75,103.37,12.52,-1.91,11.99,98.76,0.00,211.68,62.29,7.65,1.89,6.67,96.20,0.00,211.85,52.48,6.45,-1.54,5.69,96.51,0.00,211.71,26.62,-1.56,24.35
2026-01-23 10:15:59,Meter 1,2026-01-23 10:15:00,96.04,97.03,0.00,211.62,118.39,14.34,-2.62,13.55,98.19,0.00,211.57,108.87,13.36,4.40,12.36,94.21,0.00,211.52,60.87,7.47,1.09,6.62,98.68,0.00,211.78,35.17,2.87,32.52
2026-01-23 10:16:59,Meter 1,2026-01-23 10:16:00,82.99,98.23,0.00,211.77,110.13,13.34,-2.10,10.65,98.10,0.00,211.77,75.58,9.29,2.12,8.44,97.00,0.00,211.84,63.27,7.77,-0.51,5.66,99.60,0.00,211.72,30.40,-0.50,24.75
2026-01-23 10:17:59,Meter 1,2026-01-23 10:17:00,70.24,98.22,0.00,211.88,86.45,10.47,-2.18,7.61,96.14,0.00,211.98,60.76,7.48,-0.25,7.06,99.94,0.00,212.04,63.51,7.80,-1.07,6.30,98.58,0.00,211.61,25.75,-3.50,20.97
2026-01-23 10:18:59,Meter 1,2026-01-23 10:18:00,84.94,97.94,0.00,211.72,106.37,12.87,-0.95,11.04,99.63,0.00,211.75,87.57,10.77,3.24,9.85,94.99,0.00,211.89,60.87,7.47,0.84,6.64,99.21,0.00,211.51,31.11,3.14,27.53
2026-01-23 10:19:59,Meter 1,2026-01-23 10:19:00,74.25,98.74,0.00,211.71,88.18,10.67,-0.67,9.76,99.77,0.00,211.85,70.30,8.65,1.80,8.11,97.64,0.00,211.95,64.26,7.88,1.15,7.40,98.81,0.00,211.34,27.20,2.28,25.27
2026-01-23 10:20:59,Meter 1,2026-01-23 10:20:00,77.31,98.93,0.00,211.80,96.23,11.65,-1.11,9.61,99.34,0.00,211.95,69.26,8.52,1.49,7.58,98.12,0.00,211.98,66.44,8.15,0.81,6.99,99.34,0.00,211.49,28.33,1.19,24.19
2026-01-23 10:21:59,Meter 1,2026-01-23 10:21:00,92.23,97.44,0.00,211.60,120.05,14.53,-0.84,13.27,99.80,0.00,211.73,88.93,10.93,3.45,9.87,94.42,0.00,211.64,67.70,8.30,1.55,7.83,98.09,0.00,211.44,33.76,4.16,30.97
2026-01-23 10:22:59,Meter 1,2026-01-23 10:22:00,77.73,99.25,0.00,211.74,95.21,11.53,-1.54,10.96,99.03,0.00,211.88,66.28,8.15,0.16,7.47,99.98,0.00,211.77,71.69,8.80,-1.27,7.91,98.74,0.00,211.57,28.48,-2.64,26.35
2026-01-23 10:23:59,Meter 1,2026-01-23 10:23:00,86.69,98.64,0.00,211.75,114.47,13.86,-2.53,11.83,97.79,0.00,211.70,71.45,8.78,0.52,8.26,99.81,0.00,211.93,74.14,9.11,-1.37,7.37,98.31,0.00,211.63,31.74,-3.38,27.47
2026-01-23 10:24:59,Meter 1,2026-01-23 10:24:00,121.95,98.24,0.00,211.49,160.95,19.45,-3.78,18.66,98.01,0.00,211.30,126.64,15.55,3.89,14.90,96.75,0.00,211.78,78.24,9.60,-0.28,9.15,99.95,0.00,211.38,44.60,-0.17,42.71
2026-01-23 10:25:59,Meter 1,2026-01-23 10:25:00,96.55,99.38,0.00,211.55,126.32,15.27,-2.15,13.90,98.82,0.00,211.53,82.56,10.14,0.25,9.91,99.97,0.00,211.85,80.77,9.91,-1.05,9.16,99.35,0.00,211.28,35.32,-2.96,32.97
2026-01-23 10:26:59,Meter 1,2026-01-23 10:26:00,96.09,99.21,0.00,211.47,120.23,14.54,-0.31,12.93,99.97,0.00,211.52,87.81,10.78,1.95,10.18,98.22,0.00,211.63,80.23,9.83,0.96,9.00,99.44,0.00,211.25,35.15,2.60,32.11
2026-01-23 10:27:59,Meter 1,2026-01-23 10:27:00,93.42,99.36,0.00,211.48,116.17,14.05,-2.14,12.57,98.58,0.00,211.69,87.04,10.69,0.94,10.36,99.59,0.00,211.52,77.05,9.44,-0.34,8.57,99.92,0.00,211.24,34.18,-1.54,31.50
2026-01-23 10:28:59,Meter 1,2026-01-23 10:28:00,115.13,98.04,0.00,211.27,152.10,18.40,-2.77,17.01,98.70,0.00,211.35,114.84,14.07,3.62,13.12,96.40,0.00,211.10,78.45,9.60,1.26,8.96,99.02,0.00,211.35,42.08,2.11,39.09
2026-01-23 10:29:59,Meter 1,2026-01-23 10:29:00,118.63,97.57,0.00,211.18,151.83,18.36,-2.93,17.79,98.67,0.00,211.43,126.16,15.46,4.53,14.53,95.47,0.00,210.99,77.90,9.53,1.55,9.06,98.57,0.00,211.12,43.35,3.15,41.38
2026-01-23 10:30:59,Meter 1,2026-01-23 10:30:00,95.79,99.86,0.00,211.44,132.22,16.00,-0.06,14.49,100.00,0.00,211.72,72.53,8.91,0.70,7.84,99.61,0.00,211.31,82.62,10.11,0.25,9.10,99.96,0.00,211.29,35.02,0.88,31.44
2026-01-23 10:31:59,Meter 1,2026-01-23 10:31:00,118.71,99.17,0.00,211.31,151.28,18.30,-2.85,17.81,98.74,0.00,211.40,119.59,14.66,2.19,14.11,98.82,0.00,211.17,85.25,10.44,-0.35,10.14,99.94,0.00,211.37,43.40,-1.01,42.05
2026-01-23 10:32:59,Meter 1,2026-01-23 10:32:00,117.49,99.44,0.00,211.30,148.64,17.98,-2.37,16.82,99.02,0.00,211.23,110.80,13.58,1.41,13.21,99.43,0.00,211.21,93.02,11.40,0.50,10.16,99.88,0.00,211.44,42.95,-0.46,40.20
2026-01-23 10:33:59,Meter 1,2026-01-23 10:33:00,127.57,98.85,0.00,211.24,168.47,20.37,-3.38,19.04,98.46,0.00,211.15,125.68,15.39,2.92,14.84,98.12,0.00,211.13,88.54,10.85,-0.18,9.64,99.98,0.00,211.45,46.61,-0.63,43.52
2026-01-23 10:34:59,Meter 1,2026-01-23 10:34:00,137.80,98.13,0.00,211.44,178.64,21.61,-3.53,20.02,98.48,0.00,211.46,143.28,17.58,4.12,16.72,97.10,0.00,211.48,91.49,11.21,1.59,10.15,98.80,0.00,211.39,50.40,2.17,46.89
2026-01-23 10:35:59,Meter 1,2026-01-23 10:35:00,133.72,98.53,0.00,211.50,182.27,22.05,-4.60,20.31,97.53,0.00,211.53,133.80,16.43,3.14,15.85,98.09,0.00,211.59,85.07,10.43,0.23,9.41,99.97,0.00,211.40,48.91,-1.23,45.57
2026-01-23 10:36:59,Meter 1,2026-01-23 10:36:00,110.44,99.39,0.00,211.49,148.26,17.93,-2.14,16.75,99.19,0.00,211.58,100.29,12.32,1.27,11.69,99.42,0.00,211.62,82.76,10.14,-0.80,8.61,99.57,0.00,211.28,40.39,-1.68,37.05
2026-01-23 10:37:59,Meter 1,2026-01-23 10:37:00,91.35,98.47,0.00,211.61,118.37,14.33,-1.81,13.79,99.15,0.00,211.86,77.57,9.53,-0.84,9.01,99.57,0.00,211.61,78.12,9.57,-2.20,8.31,96.69,0.00,211.36,33.44,-4.85,31.11
2026-01-23 10:38:59,Meter 1,2026-01-23 10:38:00,116.97,99.09,0.00,211.57,153.86,18.62,-1.65,17.35,99.55,0.00,211.61,117.28,14.40,2.88,13.68,97.86,0.00,211.58,79.76,9.78,0.47,8.76,99.86,0.00,211.50,42.80,1.69,39.79
2026-01-23 10:39:59,Meter 1,2026-01-23 10:39:00,107.86,99.14,0.00,211.46,148.10,17.90,-1.30,16.54,99.69,0.00,211.49,94.41,11.59,0.79,11.14,99.75,0.00,211.64,81.07,9.94,-1.71,8.40,97.99,0.00,211.24,39.43,-2.23,36.09
2026-01-23 10:40:59,Meter 1,2026-01-23 10:40:00,100.81,98.84,0.00,211.71,141.67,17.14,-0.60,15.76,99.93,0.00,211.80,90.38,11.12,0.26,10.34,99.97,0.00,211.92,70.37,8.63,-1.77,6.63,96.62,0.00,211.40,36.89,-2.12,32.73
2026-01-23 10:41:59,Meter 1,2026-01-23 10:41:00,103.50,99.25,0.00,211.67,141.08,17.07,0.51,15.53,99.95,0.00,211.71,101.15,12.44,2.14,11.46,98.30,0.00,211.91,68.27,8.38,0.68,6.83,99.51,0.00,211.40,37.88,3.33,33.81
2026-01-23 10:42:59,Meter 1,2026-01-23 10:42:00,113.30,99.17,0.00,211.59,156.34,18.91,-2.80,18.39,98.86,0.00,211.59,117.12,14.39,1.93,14.12,99.08,0.00,211.77,66.45,8.15,0.70,7.56,99.58,0.00,211.41,41.45,-0.17,40.07
2026-01-23 10:43:59,Meter 1,2026-01-23 10:43:00,102.87,99.34,0.00,211.69,157.20,19.03,-2.43,18.71,99.17,0.00,211.69,88.42,10.87,-0.26,10.64,99.97,0.00,211.85,63.00,7.73,-1.10,7.30,98.88,0.00,211.52,37.63,-3.79,36.64
2026-01-23 10:44:59,Meter 1,2026-01-23 10:44:00,115.48,99.44,0.00,211.61,151.46,18.33,-2.17,17.68,99.25,0.00,211.55,106.14,13.03,1.65,12.42,99.13,0.00,211.70,88.83,10.90,-0.33,9.84,99.94,0.00,211.57,42.26,-0.85,39.95
2026-01-23 10:45:59,Meter 1,2026-01-23 10:45:00,114.81,98.98,0.00,211.58,157.80,19.09,-0.69,17.68,99.92,0.00,211.70,104.50,12.84,1.98,11.72,98.59,0.00,211.66,82.13,10.07,1.44,8.04,98.42,0.00,211.38,42.00,2.74,37.43
2026-01-23 10:46:59,Meter 1,2026-01-23 10:46:00,135.28,97.19,0.00,211.41,174.22,21.07,-3.12,20.04,98.81,0.00,211.57,144.71,17.77,4.58,16.86,96.51,0.00,211.40,86.90,10.64,2.76,9.77,96.24,0.00,211.25,49.48,4.21,46.67
2026-01-23 10:47:59,Meter 1,2026-01-23 10:47:00,122.25,98.31,0.00,211.48,152.14,18.41,-3.65,16.95,97.76,0.00,211.68,131.16,16.10,2.84,15.69,98.40,0.00,211.44,83.45,10.22,1.50,9.45,98.77,0.00,211.34,44.74,0.69,42.09
2026-01-23 10:48:59,Meter 1,2026-01-23 10:48:00,105.30,98.93,0.00,211.53,130.38,15.77,-1.53,14.71,99.46,0.00,211.59,109.81,13.49,2.11,12.99,98.71,0.00,211.62,75.72,9.28,1.48,8.82,98.62,0.00,211.38,38.54,2.06,36.52
2026-01-23 10:49:59,Meter 1,2026-01-23 10:49:00,120.16,98.82,0.00,211.51,163.50,19.77,-3.16,18.43,98.56,0.00,211.35,118.08,14.49,2.88,13.90,97.92,0.00,211.73,78.90,9.68,-0.17,8.32,99.98,0.00,211.45,43.94,-0.45,40.66
2026-01-23 10:50:59,Meter 1,2026-01-23 10:50:00,114.84,98.87,0.00,211.50,168.06,20.32,-2.38,19.29,99.25,0.00,211.24,105.15,12.90,1.49,12.41,99.29,0.00,211.69,71.32,8.76,-1.35,6.75,98.07,0.00,211.56,41.97,-2.23,38.46
2026-01-23 10:51:59,Meter 1,2026-01-23 10:51:00,110.72,98.92,0.00,211.49,149.20,18.03,-1.06,17.14,99.81,0.00,211.41,108.31,13.30,2.73,12.68,97.75,0.00,211.77,74.65,9.16,1.08,8.49,99.20,0.00,211.29,40.49,2.75,38.31
2026-01-23 10:52:59,Meter 1,2026-01-23 10:52:00,109.19,98.90,0.00,211.53,141.02,17.06,-1.28,16.23,99.69,0.00,211.43,112.66,13.83,3.08,13.05,97.33,0.00,211.60,73.88,9.06,0.70,8.59,99.67,0.00,211.56,39.95,2.49,37.87
2026-01-23 10:53:59,Meter 1,2026-01-23 10:53:00,110.06,99.38,0.00,211.69,137.49,16.67,-2.22,14.93,98.91,0.00,211.70,105.24,12.92,1.54,12.53,99.25,0.00,211.51,87.45,10.73,-0.25,9.76,99.97,0.00,211.86,40.32,-0.93,37.22
2026-01-23 10:54:59,Meter 1,2026-01-23 10:54:00,95.19,99.91,0.00,211.72,128.98,15.62,-0.45,14.34,99.95,0.00,211.85,85.84,10.55,0.63,9.79,99.79,0.00,211.73,70.75,8.68,-0.13,7.60,99.98,0.00,211.59,34.85,0.04,31.72
2026-01-23 10:55:59,Meter 1,2026-01-23 10:55:00,97.61,99.81,0.00,211.72,131.15,15.88,-0.23,14.45,99.99,0.00,211.96,86.07,10.59,0.95,9.87,99.54,0.00,211.75,75.61,9.27,0.40,8.44,99.89,0.00,211.44,35.74,1.11,32.75
2026-01-23 10:56:59,Meter 1,2026-01-23 10:56:00,104.63,99.09,0.00,211.63,138.47,16.74,-3.31,16.21,97.98,0.00,211.58,92.88,11.41,-0.09,11.19,100.00,0.00,211.90,82.56,10.13,-1.16,9.78,99.30,0.00,211.40,38.29,-4.57,37.18
2026-01-23 10:57:59,Meter 1,2026-01-23 10:57:00,107.56,99.25,0.00,211.59,143.00,17.29,-3.03,15.75,98.20,0.00,211.39,96.53,11.86,0.95,11.41,99.65,0.00,211.91,83.15,10.21,-0.40,9.14,99.90,0.00,211.47,39.35,-2.48,36.30
2026-01-23 10:58:59,Meter 1,2026-01-23 10:58:00,115.02,98.81,0.00,211.54,153.47,18.56,-4.01,16.93,97.31,0.00,211.34,113.33,13.91,1.66,13.50,99.25,0.00,211.70,78.27,9.61,-0.44,8.24,99.86,0.00,211.58,42.08,-2.78,38.67
2026-01-23 10:59:59,Meter 1,2026-01-23 10:59:00,115.25,99.06,0.00,211.56,151.04,18.27,-3.28,16.58,98.10,0.00,211.28,114.33,14.03,1.83,13.64,99.12,0.00,211.71,80.38,9.87,-0.17,7.97,99.98,0.00,211.69,42.17,-1.63,38.19
2026-01-23 11:00:59,Meter 1,2026-01-23 11:00:00,130.38,96.57,0.00,211.32,177.99,21.48,-1.03,21.34,99.88,0.00,210.99,142.81,17.51,6.47,16.12,92.80,0.00,211.65,70.36,8.63,2.04,8.15,97.02,0.00,211.31,47.63,7.47,45.61
2026-01-23 11:01:59,Meter 1,2026-01-23 11:01:00,113.93,99.02,0.00,211.53,149.72,18.11,-1.77,16.71,99.44,0.00,211.58,112.55,13.82,2.46,12.98,98.26,0.00,211.65,79.52,9.75,-0.94,8.19,99.35,0.00,211.36,41.68,-0.25,37.87
2026-01-23 11:02:59,Meter 1,2026-01-23 11:02:00,112.08,97.44,0.00,211.45,147.10,17.78,-4.46,16.92,96.70,0.00,211.31,116.15,14.25,2.26,13.88,98.70,0.00,211.68,72.97,8.95,-1.99,7.82,96.92,0.00,211.36,40.98,-4.18,38.63
2026-01-23 11:03:59,Meter 1,2026-01-23 11:03:00,110.32,98.06,0.00,211.47,129.98,15.71,-2.22,14.14,98.79,0.00,211.57,123.94,15.23,4.34,14.37,95.73,0.00,211.66,77.05,9.44,0.70,8.47,99.66,0.00,211.19,40.38,2.82,36.98
2026-01-23 11:04:59,Meter 1,2026-01-23 11:04:00,90.36,99.34,0.00,211.59,112.23,13.58,-1.43,12.07,99.31,0.00,211.86,100.79,12.39,1.84,12.09,98.86,0.00,211.62,58.08,7.12,0.34,6.16,99.85,0.00,211.30,33.09,0.75,30.33
2026-01-23 11:05:59,Meter 1,2026-01-23 11:05:00,102.32,97.78,0.00,211.58,122.42,14.80,0.18,14.49,99.99,0.00,211.65,115.43,14.19,4.02,13.42,95.80,0.00,211.82,69.10,8.47,1.81,8.03,97.56,0.00,211.28,37.47,6.01,35.94
2026-01-23 11:06:59,Meter 1,2026-01-23 11:06:00,102.34,97.70,0.00,211.64,126.00,15.22,0.97,14.85,99.79,0.00,211.67,106.24,13.07,3.19,12.44,96.86,0.00,212.06,74.78,9.17,2.36,8.61,96.44,0.00,211.17,37.47,6.52,35.90
2026-01-23 11:07:59,Meter 1,2026-01-23 11:07:00,85.46,98.93,0.00,211.74,117.42,14.19,-0.88,12.76,99.76,0.00,211.89,73.36,9.04,-0.48,8.46,99.84,0.00,212.18,65.60,8.05,-1.56,6.42,97.17,0.00,211.14,31.28,-2.91,27.63
2026-01-23 11:08:59,Meter 1,2026-01-23 11:08:00,92.80,99.96,0.00,211.61,129.57,15.66,0.12,14.33,100.00,0.00,211.82,78.94,9.72,0.43,8.97,99.88,0.00,212.01,69.89,8.57,0.06,7.31,100.00,0.00,211.01,33.94,0.61,30.61
2026-01-23 11:09:59,Meter 1,2026-01-23 11:09:00,103.05,99.53,0.00,211.67,133.57,16.17,-2.14,14.39,98.91,0.00,211.76,103.11,12.68,0.97,12.22,99.69,0.00,211.81,72.46,8.89,0.04,7.71,100.00,0.00,211.43,37.73,-1.12,34.32
2026-01-23 11:10:59,Meter 1,2026-01-23 11:10:00,93.92,99.87,0.00,211.63,125.80,15.22,-1.13,14.55,99.70,0.00,211.57,84.24,10.35,0.38,9.77,99.92,0.00,211.89,71.72,8.80,0.16,7.75,99.98,0.00,211.42,34.37,-0.59,32.07
2026-01-23 11:11:59,Meter 1,2026-01-23 11:11:00,102.03,98.89,0.00,211.72,119.53,14.48,-1.99,12.94,98.83,0.00,211.67,114.41,14.06,2.87,13.55,97.83,0.00,211.81,72.15,8.86,0.00,7.66,100.00,0.00,211.68,37.39,0.88,34.15
2026-01-23 11:12:59,Meter 1,2026-01-23 11:12:00,104.69,98.12,0.00,211.74,120.63,14.61,-3.77,12.86,95.96,0.00,211.59,115.81,14.22,2.38,13.57,98.50,0.00,211.77,77.62,9.54,-0.40,8.78,99.89,0.00,211.85,38.37,-1.79,35.21
2026-01-23 11:13:59,Meter 1,2026-01-23 11:13:00,87.15,99.69,0.00,211.77,104.28,12.64,-0.41,11.37,99.93,0.00,212.00,81.54,10.03,1.17,9.41,99.24,0.00,211.76,75.64,9.28,0.38,8.75,99.91,0.00,211.53,31.94,1.14,29.53
2026-01-23 11:14:59,Meter 1,2026-01-23 11:14:00,107.26,99.26,0.00,211.78,136.11,16.49,-2.44,15.78,98.83,0.00,211.81,107.78,13.25,1.54,12.85,99.29,0.00,211.85,77.89,9.56,-0.70,8.48,99.66,0.00,211.67,39.30,-1.60,37.12
2026-01-23 11:15:59,Meter 1,2026-01-23 11:15:00,85.15,99.07,0.00,211.94,95.51,11.58,-1.83,10.40,98.49,0.00,212.12,85.24,10.49,-0.37,10.06,99.93,0.00,212.02,74.71,9.17,-1.16,7.35,98.78,0.00,211.68,31.24,-3.35,27.81
2026-01-23 11:16:59,Meter 1,2026-01-23 11:16:00,69.43,97.35,0.00,211.76,77.16,9.34,-1.14,7.45,98.85,0.00,211.95,78.46,9.65,1.86,9.25,98.04,0.00,211.87,52.69,6.46,1.58,4.89,95.16,0.00,211.46,25.46,2.30,21.60
2026-01-23 11:17:59,Meter 1,2026-01-23 11:17:00,52.22,97.23,0.00,211.82,48.83,5.92,-0.16,5.41,99.95,0.00,212.07,65.82,8.10,1.32,7.78,98.60,0.00,211.80,42.00,5.15,1.73,4.44,93.15,0.00,211.59,19.17,2.89,17.63
2026-01-23 11:18:59,Meter 1,2026-01-23 11:18:00,86.32,98.43,0.00,211.63,97.89,11.85,0.08,11.13,100.00,0.00,211.68,86.89,10.68,1.58,10.23,98.84,0.00,211.80,74.18,9.10,2.34,8.58,96.46,0.00,211.40,31.62,4.00,29.94
2026-01-23 11:19:59,Meter 1,2026-01-23 11:19:00,95.33,98.04,0.00,211.56,104.44,12.64,-0.05,12.03,100.00,0.00,211.52,98.65,12.11,2.48,11.60,97.79,0.00,211.65,82.91,10.17,2.66,9.57,96.34,0.00,211.50,34.92,5.10,33.20
2026-01-23 11:20:59,Meter 1,2026-01-23 11:20:00,106.30,98.06,0.00,211.54,135.87,16.44,-2.23,15.16,98.93,0.00,211.28,107.81,13.22,3.17,12.61,96.98,0.00,211.69,75.22,9.24,1.46,7.79,98.28,0.00,211.65,38.90,2.40,35.56
2026-01-23 11:21:59,Meter 1,2026-01-23 11:21:00,101.51,99.21,0.00,211.76,120.53,14.59,-2.51,12.80,98.13,0.00,211.59,106.03,13.02,1.23,12.57,99.52,0.00,211.94,77.99,9.58,-0.20,8.37,99.97,0.00,211.76,37.20,-1.48,33.73
2026-01-23 11:22:59,Meter 1,2026-01-23 11:22:00,90.12,97.77,0.00,211.75,102.97,12.46,-2.62,10.95,97.26,0.00,211.43,92.07,11.31,-0.20,10.83,99.98,0.00,212.02,75.31,9.26,-1.99,6.90,96.08,0.00,211.81,33.03,-4.81,28.69
2026-01-23 11:23:59,Meter 1,2026-01-23 11:23:00,77.09,98.20,0.00,211.69,89.43,10.82,-2.03,7.84,96.81,0.00,211.51,85.61,10.52,1.10,10.03,99.40,0.00,212.00,56.23,6.91,-0.91,4.98,98.39,0.00,211.55,28.24,-1.83,22.85
2026-01-23 11:24:59,Meter 1,2026-01-23 11:24:00,74.02,97.78,0.00,211.78,86.93,10.52,-1.59,6.49,97.13,0.00,211.70,82.50,10.14,1.14,9.50,99.29,0.00,212.05,52.63,6.46,-1.02,4.01,96.92,0.00,211.58,27.13,-1.47,20.01
2026-01-23 11:25:59,Meter 1,2026-01-23 11:25:00,82.23,96.31,0.00,211.79,87.22,10.56,-2.52,8.05,95.44,0.00,211.83,87.09,10.71,-0.54,10.15,99.86,0.00,211.94,72.37,8.89,-2.33,6.23,93.63,0.00,211.60,30.16,-5.39,24.43
2026-01-23 11:26:59,Meter 1,2026-01-23 11:26:00,78.06,96.79,0.00,211.65,89.67,10.85,-2.62,8.21,95.29,0.00,211.62,80.18,9.86,-0.16,9.32,99.99,0.00,211.92,64.32,7.89,-1.68,5.17,95.11,0.00,211.41,28.60,-4.46,22.71
2026-01-23 11:27:59,Meter 1,2026-01-23 11:27:00,97.46,99.48,0.00,211.51,122.78,14.84,-1.64,13.05,99.22,0.00,211.30,99.75,12.24,1.31,11.69,99.38,0.00,211.80,69.84,8.57,0.42,7.56,99.84,0.00,211.44,35.66,0.08,32.30
2026-01-23 11:28:59,Meter 1,2026-01-23 11:28:00,80.20,96.69,0.00,211.55,88.65,10.71,-1.26,8.32,98.86,0.00,211.47,75.09,9.23,2.28,8.70,96.74,0.00,212.03,76.86,9.43,2.75,7.92,94.48,0.00,211.14,29.37,3.76,24.94
2026-01-23 11:29:59,Meter 1,2026-01-23 11:29:00,76.72,98.78,0.00,211.64,78.84,9.53,-0.88,6.18,99.01,0.00,211.46,69.44,8.53,1.33,8.01,98.66,0.00,212.09,81.87,10.06,1.48,8.95,98.66,0.00,211.38,28.12,1.93,23.14
2026-01-23 11:30:59,Meter 1,2026-01-23 11:30:00,63.20,97.56,0.00,211.86,72.56,8.78,-2.49,7.78,95.23,0.00,211.78,55.36,6.81,-0.48,6.50,99.73,0.00,212.20,61.67,7.58,-1.53,7.07,97.73,0.00,211.61,23.17,-4.51,21.35
2026-01-23 11:31:59,Meter 1,2026-01-23 11:31:00,65.40,98.32,0.00,211.64,78.68,9.51,-0.50,6.99,99.74,0.00,211.52,59.49,7.32,1.28,6.68,98.21,0.00,212.13,58.04,7.13,1.57,6.26,97.00,0.00,211.27,23.95,2.35,19.93
2026-01-23 11:32:59,Meter 1,2026-01-23 11:32:00,63.65,99.06,0.00,211.71,64.97,7.85,-0.72,6.63,99.42,0.00,211.56,69.31,8.53,0.99,8.22,99.28,0.00,212.21,56.67,6.96,1.04,5.88,98.49,0.00,211.36,23.34,1.31,20.73
2026-01-23 11:33:59,Meter 1,2026-01-23 11:33:00,72.60,98.00,0.00,211.52,87.57,10.57,0.07,10.32,100.00,0.00,211.40,75.32,9.26,1.98,8.84,97.59,0.00,212.00,54.90,6.74,1.72,6.22,96.40,0.00,211.16,26.57,3.77,25.38
2026-01-23 11:34:59,Meter 1,2026-01-23 11:34:00,77.27,98.62,0.00,211.48,92.26,11.14,-1.61,8.48,98.24,0.00,211.37,84.16,10.34,1.73,9.72,98.45,0.00,211.95,55.40,6.80,0.75,5.76,99.16,0.00,211.13,28.28,0.87,23.96
2026-01-23 11:35:59,Meter 1,2026-01-23 11:35:00,82.19,96.68,0.00,211.64,91.92,11.11,-3.22,10.23,95.38,0.00,211.57,86.05,10.58,-0.14,10.29,99.99,0.00,212.06,68.60,8.42,-2.51,7.38,94.68,0.00,211.29,30.11,-5.87,27.89
2026-01-23 11:36:59,Meter 1,2026-01-23 11:36:00,89.24,99.29,0.00,211.39,104.36,12.59,-1.43,11.01,99.17,0.00,211.35,85.70,10.53,1.59,10.03,98.77,0.00,211.93,77.66,9.52,0.30,8.81,99.94,0.00,210.89,32.64,0.46,29.85
2026-01-23 11:37:59,Meter 1,2026-01-23 11:37:00,101.95,98.63,0.00,211.36,118.57,14.32,-2.93,13.65,97.77,0.00,211.16,102.68,12.59,1.81,12.14,98.90,0.00,211.65,84.61,10.38,-1.19,9.38,99.21,0.00,211.28,37.29,-2.31,35.17
2026-01-23 11:38:59,Meter 1,2026-01-23 11:38:00,82.31,96.20,0.00,211.49,100.04,12.10,-3.38,9.87,94.60,0.00,211.33,88.19,10.82,1.87,10.30,98.39,0.00,211.65,58.70,7.20,-1.60,5.19,95.59,0.00,211.48,30.12,-3.11,25.36
2026-01-23 11:39:59,Meter 1,2026-01-23 11:39:00,85.59,98.48,0.00,211.54,107.07,12.95,-2.02,12.53,98.73,0.00,211.33,77.63,9.53,-0.78,9.13,99.64,0.00,211.78,72.05,8.85,-2.01,8.14,97.08,0.00,211.51,31.32,-4.81,29.80
2026-01-23 11:40:59,Meter 1,2026-01-23 11:40:00,76.23,96.43,0.00,211.74,84.34,10.21,-3.19,9.01,94.26,0.00,211.80,73.50,9.04,-1.10,8.65,99.19,0.00,211.86,70.86,8.70,-2.37,7.96,95.85,0.00,211.56,27.95,-6.66,25.62
2026-01-23 11:41:59,Meter 1,2026-01-23 11:41:00,66.48,94.34,0.00,211.48,63.20,7.65,-2.06,6.98,95.90,0.00,211.47,86.26,10.58,2.94,9.90,95.87,0.00,211.49,49.99,6.13,2.37,5.29,91.25,0.00,211.49,24.36,3.25,22.17
2026-01-23 11:42:59,Meter 1,2026-01-23 11:42:00,85.18,97.92,0.00,211.57,96.50,11.68,-2.63,8.09,95.10,0.00,211.73,85.61,10.52,1.21,9.96,99.28,0.00,211.61,73.44,9.00,-0.72,6.40,99.37,0.00,211.37,31.20,-2.14,24.45
2026-01-23 11:43:59,Meter 1,2026-01-23 11:43:00,77.51,96.31,0.00,211.41,81.80,9.89,-2.28,8.67,96.71,0.00,211.49,96.59,11.86,3.39,11.08,95.61,0.00,211.61,54.15,6.63,1.48,5.54,96.61,0.00,211.13,28.38,2.59,25.29
2026-01-23 11:44:59,Meter 1,2026-01-23 11:44:00,96.99,98.75,0.00,211.46,107.62,13.01,-2.61,12.38,97.86,0.00,211.31,92.18,11.31,1.83,10.77,98.58,0.00,211.74,91.18,11.19,-0.68,10.71,99.80,0.00,211.34,35.51,-1.45,33.85
2026-01-23 11:45:59,Meter 1,2026-01-23 11:45:00,82.11,96.58,0.00,211.26,98.29,11.87,-1.92,11.28,98.58,0.00,211.30,83.85,10.29,3.44,9.48,94.00,0.00,211.46,64.19,7.86,1.79,7.36,97.16,0.00,211.02,30.02,3.32,28.12
2026-01-23 11:46:59,Meter 1,2026-01-23 11:46:00,106.30,98.09,0.00,211.33,135.48,16.36,-2.58,14.97,98.55,0.00,211.02,99.83,12.24,3.33,11.31,95.92,0.00,211.63,83.59,10.26,0.58,9.48,99.81,0.00,211.33,38.85,1.34,35.75
2026-01-23 11:47:59,Meter 1,2026-01-23 11:47:00,76.82,98.74,0.00,211.57,98.48,11.92,-1.38,9.80,99.03,0.00,211.59,68.28,8.39,1.79,7.84,97.50,0.00,211.67,63.72,7.82,0.47,6.09,99.70,0.00,211.45,28.12,0.88,23.73
2026-01-23 11:48:59,Meter 1,2026-01-23 11:48:00,89.98,98.73,0.00,211.50,107.24,12.96,-2.26,12.03,98.28,0.00,211.33,86.68,10.64,1.60,10.19,98.79,0.00,211.76,76.03,9.33,-0.99,7.49,99.13,0.00,211.42,32.93,-1.66,29.72
2026-01-23 11:49:59,Meter 1,2026-01-23 11:49:00,87.99,98.72,0.00,211.49,109.48,13.23,-1.42,10.87,99.16,0.00,211.33,94.35,11.58,2.59,11.09,97.39,0.00,211.78,60.15,7.38,0.55,6.16,99.60,0.00,211.37,32.20,1.72,28.12
2026-01-23 11:50:59,Meter 1,2026-01-23 11:50:00,80.88,99.51,0.00,211.50,93.39,11.28,-1.04,9.20,99.37,0.00,211.43,84.94,10.44,1.30,10.10,99.18,0.00,211.88,64.29,7.89,-0.08,6.69,99.99,0.00,211.19,29.61,0.18,25.99
2026-01-23 11:51:59,Meter 1,2026-01-23 11:51:00,78.85,99.46,0.00,211.50,93.74,11.33,-1.34,9.69,99.06,0.00,211.53,78.39,9.63,0.98,9.04,99.42,0.00,211.70,64.43,7.90,0.32,6.99,99.90,0.00,211.27,28.86,-0.04,25.73
2026-01-23 11:52:59,Meter 1,2026-01-23 11:52:00,101.85,97.90,0.00,211.39,128.11,15.48,-2.81,13.45,97.89,0.00,211.32,104.57,12.83,2.77,11.86,97.38,0.00,211.60,72.86,8.93,1.42,7.91,98.42,0.00,211.27,37.25,1.38,33.22
2026-01-23 11:53:59,Meter 1,2026-01-23 11:53:00,75.30,99.89,0.00,211.47,90.41,10.94,-0.37,8.99,99.91,0.00,211.50,67.07,8.23,0.28,7.33,99.93,0.00,211.55,68.42,8.39,0.42,7.42,99.84,0.00,211.35,27.56,0.33,23.74
2026-01-23 11:54:59,Meter 1,2026-01-23 11:54:00,97.19,99.42,0.00,211.29,113.89,13.77,-1.18,12.72,99.57,0.00,211.49,89.55,10.99,1.25,10.73,99.33,0.00,211.28,88.13,10.79,1.14,10.12,99.37,0.00,211.11,35.54,1.21,33.58
2026-01-23 11:55:59,Meter 1,2026-01-23 11:55:00,89.12,99.82,0.00,211.38,112.05,13.56,-0.34,11.24,99.95,0.00,211.47,71.24,8.74,0.15,7.72,99.98,0.00,211.30,84.08,10.30,0.93,9.47,99.52,0.00,211.37,32.59,0.73,28.43
2026-01-23 11:56:59,Meter 1,2026-01-23 11:56:00,87.67,99.12,0.00,211.37,107.22,12.98,-2.36,11.58,97.98,0.00,211.51,91.19,11.18,0.90,10.90,99.66,0.00,211.09,64.61,7.91,-0.51,6.86,99.73,0.00,211.49,32.07,-1.97,29.34
2026-01-23 11:57:59,Meter 1,2026-01-23 11:57:00,87.10,99.30,0.00,211.41,106.02,12.83,-2.05,11.12,98.35,0.00,211.65,82.90,10.17,0.23,9.46,99.97,0.00,211.26,72.38,8.86,-0.68,7.37,99.57,0.00,211.31,31.87,-2.50,27.95
2026-01-23 11:58:59,Meter 1,2026-01-23 11:58:00,116.08,97.84,0.00,211.22,144.91,17.52,-1.57,15.91,99.52,0.00,211.33,123.16,15.10,4.23,14.23,95.86,0.00,211.19,80.17,9.81,1.63,8.35,98.15,0.00,211.15,42.43,4.29,38.50
2026-01-23 11:59:59,Meter 1,2026-01-23 11:59:00,101.14,97.98,0.00,211.30,130.29,15.73,-1.11,14.17,99.69,0.00,211.11,100.93,12.38,3.85,11.31,94.67,0.00,211.60,72.19,8.85,0.71,7.77,99.58,0.00,211.20,36.96,3.45,33.24
2026-01-23 12:00:59,Meter 1,2026-01-23 12:00:00,100.34,97.57,0.00,211.32,121.96,14.74,-0.72,12.67,99.84,0.00,211.40,100.95,12.39,3.72,11.49,95.15,0.00,211.44,78.11,9.57,1.79,8.27,97.74,0.00,211.13,36.69,4.78,32.43
2026-01-23 12:01:59,Meter 1,2026-01-23 12:01:00,77.25,98.46,0.00,211.51,95.70,11.57,-2.32,10.44,97.63,0.00,211.41,70.59,8.67,0.63,8.01,99.69,0.00,211.75,65.47,8.03,-1.34,6.69,98.07,0.00,211.35,28.27,-3.02,25.15
2026-01-23 12:02:59,Meter 1,2026-01-23 12:02:00,81.06,96.94,0.00,211.37,103.12,12.46,-3.39,11.64,96.02,0.00,211.20,72.91,8.94,0.88,8.51,99.47,0.00,211.52,67.16,8.24,-2.37,7.48,95.32,0.00,211.39,29.64,-4.88,27.64
2026-01-23 12:03:59,Meter 1,2026-01-23 12:03:00,95.61,98.87,0.00,211.31,120.84,14.60,-2.95,12.53,97.34,0.00,211.25,82.63,10.14,0.96,9.66,99.51,0.00,211.50,83.35,10.21,-0.65,9.07,99.75,0.00,211.17,34.95,-2.64,31.25
2026-01-23 12:04:59,Meter 1,2026-01-23 12:04:00,102.55,99.56,0.00,211.20,139.78,16.88,-1.71,15.26,99.38,0.00,211.15,85.35,10.46,1.14,9.82,99.33,0.00,211.33,82.52,10.11,0.16,8.94,99.98,0.00,211.14,37.45,-0.40,34.01
2026-01-23 12:05:59,Meter 1,2026-01-23 12:05:00,89.16,99.47,0.00,211.35,109.49,13.24,-1.87,11.10,98.62,0.00,211.06,74.17,9.08,-0.41,8.46,99.88,0.00,211.41,83.81,10.28,0.40,8.76,99.90,0.00,211.60,32.61,-1.87,28.33
2026-01-23 12:06:59,Meter 1,2026-01-23 12:06:00,101.70,97.63,0.00,211.36,116.72,14.13,-4.11,12.46,94.95,0.00,211.06,112.96,13.83,2.60,13.31,98.14,0.00,211.24,75.42,9.25,-0.48,7.43,99.79,0.00,211.80,37.21,-2.00,33.20
2026-01-23 12:07:59,Meter 1,2026-01-23 12:07:00,75.81,99.40,0.00,211.40,81.88,9.90,-0.96,8.08,99.30,0.00,211.32,78.89,9.68,0.97,9.07,99.44,0.00,211.45,66.65,8.17,0.77,7.44,99.47,0.00,211.41,27.75,0.78,24.59
2026-01-23 12:08:59,Meter 1,2026-01-23 12:08:00,102.57,98.08,0.00,211.28,121.11,14.63,-2.43,12.78,98.24,0.00,211.00,114.90,14.09,3.52,13.48,96.75,0.00,211.39,71.70,8.79,0.88,7.11,99.24,0.00,211.44,37.50,1.97,33.37
2026-01-23 12:09:59,Meter 1,2026-01-23 12:09:00,85.12,98.50,0.00,211.42,97.64,11.80,-2.53,10.02,96.96,0.00,211.14,91.01,11.17,1.05,10.64,99.52,0.00,211.64,66.72,8.18,-0.95,6.81,99.03,0.00,211.48,31.15,-2.43,27.47
2026-01-23 12:10:59,Meter 1,2026-01-23 12:10:00,118.08,96.67,0.00,211.23,140.30,16.94,-5.73,15.17,93.55,0.00,210.93,131.68,16.14,3.86,15.43,97.01,0.00,211.33,82.24,10.08,-0.89,8.50,99.45,0.00,211.44,43.16,-2.76,39.10
2026-01-23 12:11:59,Meter 1,2026-01-23 12:11:00,96.22,97.62,0.00,211.26,115.07,13.89,-3.20,12.58,96.90,0.00,210.96,105.45,12.93,3.18,12.27,96.80,0.00,211.45,68.14,8.35,0.97,7.37,99.14,0.00,211.36,35.18,0.94,32.21
2026-01-23 12:12:59,Meter 1,2026-01-23 12:12:00,81.07,97.09,0.00,211.23,87.59,10.57,-0.59,10.36,99.84,0.00,210.96,93.23,11.44,3.67,10.67,94.57,0.00,211.52,62.39,7.64,1.84,7.15,96.85,0.00,211.21,29.65,4.92,28.19
2026-01-23 12:13:59,Meter 1,2026-01-23 12:13:00,92.33,98.86,0.00,211.37,105.56,12.74,-0.64,11.04,99.83,0.00,211.15,74.00,9.09,1.77,8.71,97.99,0.00,211.85,97.43,11.95,1.75,11.07,98.77,0.00,211.11,33.77,2.88,30.82
2026-01-23 12:14:59,Meter 1,2026-01-23 12:14:00,75.24,98.59,0.00,211.51,94.20,11.38,-2.27,9.01,96.97,0.00,211.24,61.25,7.52,-0.24,6.84,99.94,0.00,211.83,70.26,8.62,-1.08,7.16,98.87,0.00,211.47,27.53,-3.60,23.01
2026-01-23 12:15:59,Meter 1,2026-01-23 12:15:00,73.86,99.62,0.00,211.51,98.97,11.96,-1.26,11.05,99.35,0.00,211.40,62.69,7.70,0.42,7.20,99.83,0.00,211.74,59.92,7.35,-0.55,6.68,99.67,0.00,211.39,27.01,-1.38,24.93
2026-01-23 12:16:59,Meter 1,2026-01-23 12:16:00,83.89,99.19,0.00,211.49,117.76,14.23,-0.36,12.30,99.96,0.00,211.30,67.97,8.35,1.58,7.96,98.09,0.00,211.84,65.93,8.09,0.73,7.35,99.52,0.00,211.32,30.66,1.95,27.62
2026-01-23 12:17:59,Meter 1,2026-01-23 12:17:00,99.94,98.62,0.00,211.43,141.13,17.05,-3.31,15.61,97.82,0.00,211.19,88.52,10.86,1.85,10.47,98.47,0.00,211.67,70.17,8.61,-0.67,7.21,99.57,0.00,211.44,36.52,-2.13,33.28
2026-01-23 12:18:59,Meter 1,2026-01-23 12:18:00,108.83,97.88,0.00,211.35,137.96,16.68,-2.52,16.24,98.81,0.00,211.19,121.16,14.86,3.87,14.24,96.51,0.00,211.43,67.36,8.26,1.44,7.80,98.33,0.00,211.44,39.79,2.79,38.29
2026-01-23 12:19:59,Meter 1,2026-01-23 12:19:00,91.15,98.54,0.00,211.67,120.46,14.59,-2.46,12.30,98.06,0.00,211.65,79.88,9.81,0.00,8.88,100.00,0.00,211.61,73.10,8.97,-1.71,7.61,97.56,0.00,211.74,33.37,-4.17,28.79
2026-01-23 12:20:59,Meter 1,2026-01-23 12:20:00,97.08,98.68,0.00,211.68,125.47,15.20,-2.54,13.29,98.22,0.00,211.61,97.48,11.97,1.80,11.40,98.78,0.00,211.66,68.30,8.38,-0.91,6.49,99.03,0.00,211.78,35.55,-1.65,31.18
2026-01-23 12:21:59,Meter 1,2026-01-23 12:21:00,90.25,98.76,0.00,211.76,107.26,13.00,-2.09,10.88,98.20,0.00,211.70,90.60,11.13,1.52,10.68,99.00,0.00,211.68,72.90,8.95,-0.90,6.65,99.09,0.00,211.91,33.08,-1.47,28.22
2026-01-23 12:22:59,Meter 1,2026-01-23 12:22:00,100.68,98.43,0.00,211.67,118.16,14.31,-2.89,12.36,97.38,0.00,211.56,101.56,12.47,1.98,12.01,98.67,0.00,211.69,82.32,10.10,-1.06,8.59,99.25,0.00,211.74,36.88,-1.97,32.95
2026-01-23 12:23:59,Meter 1,2026-01-23 12:23:00,100.67,98.98,0.00,211.48,136.04,16.45,-2.30,15.12,98.86,0.00,211.47,90.94,11.17,1.76,10.64,98.66,0.00,211.59,75.03,9.20,-0.87,7.95,99.41,0.00,211.38,36.82,-1.41,33.70
2026-01-23 12:24:59,Meter 1,2026-01-23 12:24:00,74.10,97.65,0.00,211.72,90.45,10.94,-2.24,10.42,97.76,0.00,211.82,72.48,8.92,-0.57,8.55,99.78,0.00,211.96,59.37,7.28,-1.98,6.31,95.40,0.00,211.38,27.15,-4.79,25.28
2026-01-23 12:25:59,Meter 1,2026-01-23 12:25:00,82.18,99.55,0.00,211.54,104.01,12.57,-1.19,10.13,99.31,0.00,211.50,76.78,9.44,0.95,8.83,99.43,0.00,211.78,65.76,8.06,0.30,7.24,99.91,0.00,211.34,30.07,0.05,26.19
2026-01-23 12:26:59,Meter 1,2026-01-23 12:26:00,84.65,98.15,0.00,211.44,103.44,12.51,-3.14,11.68,96.57,0.00,211.37,80.81,9.92,1.44,9.50,98.87,0.00,211.49,69.70,8.55,-1.08,7.58,99.01,0.00,211.47,30.97,-2.77,28.76
2026-01-23 12:27:59,Meter 1,2026-01-23 12:27:00,89.42,99.16,0.00,211.51,107.33,12.98,-2.36,10.70,97.65,0.00,211.48,77.90,9.57,0.05,8.89,100.00,0.00,211.69,83.05,10.18,0.54,9.34,99.83,0.00,211.35,32.73,-1.77,28.93
2026-01-23 12:28:59,Meter 1,2026-01-23 12:28:00,83.04,97.88,0.00,211.44,92.19,11.14,0.92,9.87,99.57,0.00,211.62,70.51,8.67,1.23,8.22,98.90,0.00,211.70,86.42,10.58,3.17,9.82,95.16,0.00,211.01,30.39,5.31,27.90
2026-01-23 12:29:59,Meter 1,2026-01-23 12:29:00,84.67,99.60,0.00,211.52,118.75,14.35,-0.95,12.58,99.72,0.00,211.48,55.96,6.88,-0.59,5.84,99.50,0.00,211.81,79.30,9.72,0.80,8.56,99.57,0.00,211.27,30.95,-0.73,26.98
2026-01-23 12:30:59,Meter 1,2026-01-23 12:30:00,82.99,98.46,0.00,211.42,114.77,13.86,-0.09,12.42,100.00,0.00,211.46,62.93,7.73,0.94,6.96,99.10,0.00,211.68,71.25,8.73,2.26,8.05,96.29,0.00,211.12,30.33,3.11,27.43
2026-01-23 12:31:59,Meter 1,2026-01-23 12:31:00,85.88,98.91,0.00,211.35,125.70,15.17,-1.06,13.89,99.71,0.00,211.41,68.32,8.40,1.36,7.74,98.49,0.00,211.70,63.63,7.79,1.25,7.18,98.52,0.00,210.95,31.36,1.55,28.80
2026-01-23 12:32:59,Meter 1,2026-01-23 12:32:00,85.74,99.81,0.00,211.45,116.99,14.14,-1.24,12.07,99.47,0.00,211.58,60.55,7.44,0.11,6.44,99.99,0.00,211.66,79.68,9.76,-0.18,8.75,99.98,0.00,211.12,31.34,-1.31,27.26
2026-01-23 12:33:59,Meter 1,2026-01-23 12:33:00,92.78,98.09,0.00,211.41,121.08,14.63,-3.59,13.24,96.50,0.00,211.61,81.84,10.06,1.93,9.39,97.94,0.00,211.50,75.43,9.23,-0.48,8.21,99.83,0.00,211.11,33.93,-2.14,30.84
2026-01-23 12:34:59,Meter 1,2026-01-23 12:34:00,108.60,98.34,0.00,211.06,138.33,16.70,-3.25,13.83,97.35,0.00,211.09,112.86,13.83,2.85,12.97,97.67,0.00,211.01,74.60,9.12,0.09,7.63,99.99,0.00,211.07,39.66,-0.31,34.43
2026-01-23 12:35:59,Meter 1,2026-01-23 12:35:00,78.91,99.10,0.00,211.44,100.20,12.12,-0.31,11.97,99.97,0.00,211.44,79.36,9.74,1.91,9.40,97.99,0.00,211.48,57.17,7.00,0.78,6.70,99.34,0.00,211.39,28.87,2.38,28.07
2026-01-23 12:36:59,Meter 1,2026-01-23 12:36:00,85.07,99.28,0.00,211.55,115.14,13.91,-2.03,11.68,98.52,0.00,211.32,81.82,10.05,0.85,9.07,99.56,0.00,211.85,58.26,7.15,-0.43,6.22,99.76,0.00,211.49,31.12,-1.61,26.96
2026-01-23 12:37:59,Meter 1,2026-01-23 12:37:00,83.50,99.24,0.00,211.66,104.86,12.69,-1.88,10.69,98.49,0.00,211.59,77.26,9.49,-0.29,8.26,99.94,0.00,211.77,68.38,8.39,-0.84,7.02,99.30,0.00,211.63,30.58,-3.01,25.98
2026-01-23 12:38:59,Meter 1,2026-01-23 12:38:00,76.26,99.36,0.00,211.61,97.68,11.82,-0.52,9.47,99.85,0.00,211.77,62.46,7.68,-1.20,6.31,98.25,0.00,211.67,68.64,8.41,0.07,7.29,99.99,0.00,211.40,27.91,-1.64,23.08
2026-01-23 12:39:59,Meter 1,2026-01-23 12:39:00,81.23,98.99,0.00,211.70,99.72,12.08,-2.33,10.34,97.55,0.00,211.87,73.91,9.09,-0.74,8.25,99.60,0.00,211.65,70.07,8.59,-0.46,7.56,99.81,0.00,211.57,29.76,-3.53,26.15
2026-01-23 12:40:59,Meter 1,2026-01-23 12:40:00,88.53,98.97,0.00,211.56,114.42,13.84,-0.58,12.32,99.89,0.00,211.63,76.17,9.36,0.85,8.52,99.50,0.00,211.63,75.00,9.19,1.92,8.45,97.50,0.00,211.42,32.40,2.20,29.29
2026-01-23 12:41:59,Meter 1,2026-01-23 12:41:00,93.27,99.03,0.00,211.43,120.25,14.53,0.39,12.74,99.95,0.00,211.58,68.42,8.41,0.44,7.74,99.84,0.00,211.61,91.14,11.16,2.47,10.40,97.29,0.00,211.09,34.10,3.31,30.87
2026-01-23 12:42:59,Meter 1,2026-01-23 12:42:00,95.76,98.59,0.00,211.40,114.33,13.82,-1.88,12.37,98.86,0.00,211.29,92.43,11.34,2.11,10.61,98.09,0.00,211.54,80.52,9.87,1.46,9.35,98.81,0.00,211.36,35.03,1.68,32.33
2026-01-23 12:43:59,Meter 1,2026-01-23 12:43:00,93.06,98.46,0.00,211.47,116.11,14.02,-3.15,12.63,97.02,0.00,211.06,90.88,11.15,1.08,10.67,99.49,0.00,211.83,72.20,8.87,-1.10,7.23,98.86,0.00,211.52,34.04,-3.17,30.53
2026-01-23 12:44:59,Meter 1,2026-01-23 12:44:00,88.30,98.03,0.00,211.33,105.47,12.74,0.38,10.39,99.93,0.00,211.42,86.74,10.65,2.32,9.82,97.33,0.00,211.51,72.69,8.90,2.07,8.04,96.83,0.00,211.07,32.29,4.77,28.25
2026-01-23 12:45:59,Meter 1,2026-01-23 12:45:00,76.43,99.63,0.00,211.39,95.00,11.48,-1.26,9.84,99.19,0.00,211.37,59.20,7.27,-0.39,6.31,99.81,0.00,211.62,75.08,9.20,-0.40,7.89,99.87,0.00,211.19,27.95,-2.04,24.03
2026-01-23 12:46:59,Meter 1,2026-01-23 12:46:00,93.23,99.74,0.00,211.39,122.09,14.75,-1.12,12.56,99.60,0.00,211.52,71.97,8.84,0.61,8.19,99.73,0.00,211.58,85.61,10.48,0.38,8.73,99.90,0.00,211.06,34.08,-0.13,29.48
2026-01-23 12:47:59,Meter 1,2026-01-23 12:47:00,79.58,99.83,0.00,211.37,115.30,13.93,0.97,12.02,99.68,0.00,211.53,53.94,6.63,0.32,5.44,99.83,0.00,211.46,69.49,8.51,0.00,7.34,100.00,0.00,211.14,29.07,1.29,24.80
2026-01-23 12:48:59,Meter 1,2026-01-23 12:48:00,80.60,98.12,0.00,211.46,106.58,12.89,-0.67,11.24,99.82,0.00,211.58,54.42,6.69,-1.75,5.18,94.72,0.00,211.52,80.80,9.90,-0.53,8.46,99.80,0.00,211.29,29.47,-2.96,24.89
2026-01-23 12:49:59,Meter 1,2026-01-23 12:49:00,88.95,99.31,0.00,211.35,125.66,15.18,0.52,13.50,99.93,0.00,211.32,66.48,8.16,0.31,7.04,99.90,0.00,211.57,74.70,9.15,1.58,7.99,98.11,0.00,211.16,32.49,2.40,28.53
2026-01-23 12:50:59,Meter 1,2026-01-23 12:50:00,101.57,96.52,0.00,211.19,118.21,14.28,-1.70,13.33,99.20,0.00,211.05,103.29,12.65,3.89,11.73,94.92,0.00,211.17,83.20,10.19,2.94,9.38,95.43,0.00,211.36,37.13,5.13,34.45
2026-01-23 12:51:59,Meter 1,2026-01-23 12:51:00,63.87,98.55,0.00,211.22,73.16,8.84,0.88,6.13,98.99,0.00,211.38,47.97,5.89,0.79,5.38,98.95,0.00,211.21,70.47,8.62,1.57,7.20,97.71,0.00,211.06,23.35,3.23,18.70
2026-01-23 12:52:59,Meter 1,2026-01-23 12:52:00,83.68,99.92,0.00,211.22,98.08,11.85,-0.15,10.24,99.99,0.00,211.40,71.75,8.81,-0.21,8.14,99.97,0.00,211.28,81.20,9.93,0.56,9.05,99.81,0.00,210.97,30.59,0.20,27.43
2026-01-23 12:53:59,Meter 1,2026-01-23 12:53:00,64.98,94.95,0.00,211.23,80.65,9.75,1.19,7.85,98.87,0.00,211.21,59.91,7.35,2.03,6.34,95.23,0.00,211.22,54.40,6.66,2.66,5.75,90.76,0.00,211.27,23.75,5.88,19.94
2026-01-23 12:54:59,Meter 1,2026-01-23 12:54:00,71.39,99.06,0.00,211.49,79.41,9.60,-1.21,8.45,98.99,0.00,211.56,63.48,7.80,-1.26,7.22,98.52,0.00,211.63,71.27,8.73,-0.64,7.78,99.66,0.00,211.29,26.14,-3.11,23.44
2026-01-23 12:55:59,Meter 1,2026-01-23 12:55:00,76.29,98.99,0.00,211.33,98.21,11.87,0.23,8.74,99.97,0.00,211.43,64.42,7.91,0.76,6.74,99.38,0.00,211.29,66.23,8.11,1.44,6.50,97.62,0.00,211.26,27.89,2.43,21.98
2026-01-23 12:56:59,Meter 1,2026-01-23 12:56:00,72.91,98.05,0.00,211.42,87.32,10.56,-2.11,10.09,97.88,0.00,211.57,66.11,8.12,-1.12,7.85,98.99,0.00,211.39,65.29,7.99,-1.80,7.54,97.28,0.00,211.30,26.67,-5.03,25.47
2026-01-23 12:57:59,Meter 1,2026-01-23 12:57:00,77.90,99.57,0.00,211.33,86.69,10.48,-1.47,9.75,98.88,0.00,211.54,74.52,9.15,0.35,8.69,99.92,0.00,211.30,72.48,8.87,-0.37,8.26,99.90,0.00,211.16,28.50,-1.49,26.69
2026-01-23 12:58:59,Meter 1,2026-01-23 12:58:00,75.98,97.50,0.00,211.29,90.64,10.95,-1.63,9.02,98.41,0.00,211.54,78.60,9.66,2.67,8.90,95.78,0.00,211.42,58.69,7.18,1.24,6.64,98.29,0.00,210.93,27.79,2.28,24.56
2026-01-23 12:59:59,Meter 1,2026-01-23 12:59:00,73.09,97.69,0.00,211.47,94.89,11.48,-2.77,7.45,93.72,0.00,211.84,53.17,6.54,-0.58,5.95,99.53,0.00,211.40,71.20,8.71,-0.40,6.89,99.83,0.00,211.19,26.73,-3.75,20.30
2026-01-23 13:00:59,Meter 1,2026-01-23 13:00:00,63.62,97.49,0.00,211.28,64.16,7.75,-1.38,6.94,98.08,0.00,211.60,59.31,7.29,1.37,6.89,98.08,0.00,211.22,67.39,8.24,2.14,7.66,96.30,0.00,211.01,23.28,2.14,21.49
2026-01-23 13:01:59,Meter 1,2026-01-23 13:01:00,85.43,98.50,0.00,211.24,98.72,11.92,-2.44,9.04,96.56,0.00,211.47,74.78,9.19,1.16,8.67,99.11,0.00,211.40,82.79,10.12,0.53,9.33,99.84,0.00,210.85,31.23,-0.74,27.04
2026-01-23 13:02:59,Meter 1,2026-01-23 13:02:00,105.97,99.40,0.00,211.20,138.87,16.74,-2.76,15.28,98.40,0.00,211.15,87.45,10.74,0.13,10.41,99.99,0.00,211.61,91.60,11.21,-0.61,9.85,99.81,0.00,210.83,38.70,-3.25,35.54
2026-01-23 13:03:59,Meter 1,2026-01-23 13:03:00,97.00,99.49,0.00,211.22,122.64,14.79,-1.94,13.16,98.93,0.00,211.19,84.37,10.37,0.93,9.87,99.56,0.00,211.60,83.98,10.28,0.06,8.22,100.00,0.00,210.87,35.43,-0.95,31.24
2026-01-23 13:04:59,Meter 1,2026-01-23 13:04:00,91.77,99.85,0.00,211.32,106.87,12.90,-0.98,11.01,99.61,0.00,211.40,77.41,9.51,0.20,9.12,99.98,0.00,211.57,91.03,11.14,-0.21,8.98,99.97,0.00,210.98,33.56,-0.99,29.11
2026-01-23 13:05:59,Meter 1,2026-01-23 13:05:00,86.08,98.70,0.00,211.37,106.09,12.82,-2.06,11.60,98.46,0.00,211.23,80.86,9.93,0.11,9.48,99.99,0.00,211.55,71.30,8.74,-1.58,7.15,97.64,0.00,211.34,31.48,-3.53,28.23
2026-01-23 13:06:59,Meter 1,2026-01-23 13:06:00,88.03,99.61,0.00,211.36,107.28,12.95,-0.80,12.73,99.80,0.00,211.39,85.12,10.46,0.36,10.25,99.94,0.00,211.61,71.69,8.78,-1.14,8.42,99.09,0.00,211.08,32.20,-1.58,31.40
2026-01-23 13:07:59,Meter 1,2026-01-23 13:07:00,87.67,99.81,0.00,211.25,98.56,11.90,-0.99,11.20,99.61,0.00,211.57,83.89,10.32,-0.03,9.94,100.00,0.00,211.47,80.55,9.85,-0.49,8.23,99.82,0.00,210.73,32.06,-1.51,29.37
2026-01-23 13:08:59,Meter 1,2026-01-23 13:08:00,78.51,97.93,0.00,211.28,97.76,11.81,-0.45,8.83,99.87,0.00,211.54,69.13,8.50,1.55,7.27,97.81,0.00,211.35,68.64,8.39,1.77,6.16,96.13,0.00,210.96,28.70,2.87,22.26
2026-01-23 13:09:59,Meter 1,2026-01-23 13:09:00,73.65,97.14,0.00,211.31,90.14,10.89,-1.90,7.34,96.82,0.00,211.52,70.56,8.67,1.39,7.97,98.52,0.00,211.41,60.25,7.37,1.67,5.80,96.09,0.00,211.01,26.93,1.16,21.11
2026-01-23 13:10:59,Meter 1,2026-01-23 13:10:00,83.12,97.89,0.00,211.32,96.48,11.66,-3.03,8.63,94.35,0.00,211.40,73.52,9.03,0.78,8.60,99.59,0.00,211.43,79.35,9.71,0.61,8.24,99.72,0.00,211.12,30.40,-1.63,25.47
2026-01-23 13:11:59,Meter 1,2026-01-23 13:11:00,92.67,99.27,0.00,211.39,108.21,13.06,-2.28,11.48,98.08,0.00,211.30,73.02,8.97,-0.64,8.42,99.72,0.00,211.76,96.78,11.86,0.05,10.76,100.00,0.00,211.10,33.90,-2.87,30.66
2026-01-23 13:12:59,Meter 1,2026-01-23 13:12:00,57.47,98.91,0.00,211.33,70.55,8.52,-0.27,6.09,99.90,0.00,211.70,46.97,5.78,-0.15,5.03,99.95,0.00,211.42,54.89,6.71,1.56,6.08,96.86,0.00,210.86,21.01,1.13,17.19
2026-01-23 13:13:59,Meter 1,2026-01-23 13:13:00,51.23,98.98,0.00,211.25,52.32,6.32,-0.50,5.99,99.66,0.00,211.67,50.93,6.26,-0.34,6.02,99.84,0.00,211.32,50.45,6.16,1.32,5.72,97.45,0.00,210.75,18.74,0.48,17.73
2026-01-23 13:14:59,Meter 1,2026-01-23 13:14:00,66.69,98.77,0.00,211.27,93.16,11.25,-1.02,8.40,99.27,0.00,211.60,46.93,5.77,-1.21,4.97,97.17,0.00,211.45,59.97,7.33,0.32,6.24,99.87,0.00,210.77,24.35,-1.92,19.61
2026-01-23 13:15:59,Meter 1,2026-01-23 13:15:00,86.90,98.82,0.00,211.27,111.26,13.43,-2.79,12.92,97.74,0.00,211.31,73.46,9.02,-0.41,8.74,99.89,0.00,211.51,75.98,9.30,-1.35,8.71,98.83,0.00,210.99,31.75,-4.55,30.37
2026-01-23 13:16:59,Meter 1,2026-01-23 13:16:00,73.55,99.06,0.00,211.24,103.95,12.56,-1.37,9.97,99.07,0.00,211.34,63.30,7.77,1.41,7.14,98.10,0.00,211.31,53.42,6.53,0.02,4.47,100.00,0.00,211.07,26.86,0.06,21.58
2026-01-23 13:17:59,Meter 1,2026-01-23 13:17:00,76.61,99.88,0.00,211.22,106.23,12.82,-0.07,10.81,100.00,0.00,211.25,61.64,7.57,0.55,6.77,99.67,0.00,211.43,61.95,7.58,0.10,6.52,99.99,0.00,210.98,27.97,0.58,24.10
2026-01-23 13:18:59,Meter 1,2026-01-23 13:18:00,87.20,99.82,0.00,211.29,105.23,12.72,0.48,10.51,99.90,0.00,211.68,60.67,7.46,-0.15,6.59,99.97,0.00,211.22,95.69,11.69,-0.95,10.60,99.60,0.00,210.98,31.87,-0.62,27.70
2026-01-23 13:19:59,Meter 1,2026-01-23 13:19:00,90.14,99.55,0.00,211.28,110.79,13.38,-0.52,11.69,99.90,0.00,211.47,73.14,8.99,-0.54,8.32,99.79,0.00,211.44,86.48,10.58,-1.28,8.84,98.97,0.00,210.92,32.94,-2.34,28.85
2026-01-23 13:20:59,Meter 1,2026-01-23 13:20:00,83.59,99.36,0.00,211.28,103.96,12.57,1.08,12.21,99.61,0.00,211.60,72.17,8.87,1.32,8.31,98.76,0.00,211.21,74.64,9.12,0.61,7.88,99.70,0.00,211.04,30.56,3.02,28.40
2026-01-23 13:21:59,Meter 1,2026-01-23 13:21:00,83.38,99.52,0.00,211.26,102.95,12.44,0.30,11.22,99.96,0.00,211.66,71.24,8.76,1.20,7.96,98.88,0.00,211.20,75.94,9.28,0.59,7.70,99.71,0.00,210.93,30.48,2.09,26.88
2026-01-23 13:22:59,Meter 1,2026-01-23 13:22:00,100.40,99.40,0.00,211.20,121.33,14.66,-1.71,13.12,99.17,0.00,211.68,93.33,11.47,1.47,10.72,99.07,0.00,211.05,86.56,10.57,0.29,9.00,99.95,0.00,210.86,36.70,0.05,32.84
2026-01-23 13:23:59,Meter 1,2026-01-23 13:23:00,86.21,98.93,0.00,211.40,103.81,12.57,-2.44,9.44,96.82,0.00,211.91,79.70,9.80,0.08,9.35,100.00,0.00,211.14,75.10,9.18,0.20,7.90,99.97,0.00,211.15,31.54,-2.16,26.69
2026-01-23 13:24:59,Meter 1,2026-01-23 13:24:00,65.59,98.32,0.00,211.29,67.19,8.12,0.41,7.43,99.85,0.00,211.62,56.49,6.94,0.95,6.50,98.95,0.00,211.30,73.09,8.93,2.40,8.39,96.15,0.00,210.94,24.00,3.75,22.32
2026-01-23 13:25:59,Meter 1,2026-01-23 13:25:00,103.52,99.46,0.00,211.25,120.93,14.60,-2.37,14.19,98.63,0.00,211.20,91.68,11.25,0.07,11.06,100.00,0.00,211.45,97.96,11.99,-0.81,11.71,99.76,0.00,211.11,37.85,-3.11,36.96
2026-01-23 13:26:59,Meter 1,2026-01-23 13:26:00,85.85,99.02,0.00,211.37,114.33,13.81,-1.80,11.25,98.74,0.00,211.31,77.28,9.49,1.30,9.02,98.98,0.00,211.60,65.95,8.08,0.78,6.70,99.33,0.00,211.19,31.38,0.28,26.97
2026-01-23 13:27:59,Meter 1,2026-01-23 13:27:00,79.94,99.40,0.00,211.29,100.83,12.18,-0.70,9.83,99.75,0.00,211.48,75.53,9.28,0.90,8.82,99.48,0.00,211.36,63.45,7.76,0.93,6.44,98.97,0.00,211.03,29.22,1.14,25.09
2026-01-23 13:28:59,Meter 1,2026-01-23 13:28:00,90.11,97.88,0.00,211.38,101.17,12.23,-3.03,11.34,96.62,0.00,211.57,90.88,11.17,-1.63,10.36,98.78,0.00,211.49,78.28,9.58,-1.64,8.66,98.25,0.00,211.09,32.98,-6.30,30.35
2026-01-23 13:29:59,Meter 1,2026-01-23 13:29:00,66.24,98.52,0.00,211.44,83.10,10.06,-1.98,6.76,95.98,0.00,211.73,55.51,6.82,-0.34,6.11,99.84,0.00,211.29,60.11,7.35,0.40,5.53,99.74,0.00,211.31,24.23,-1.92,18.40
2026-01-23 13:30:59,Meter 1,2026-01-23 13:30:00,69.94,98.76,0.00,211.29,86.22,10.42,-0.09,6.57,99.99,0.00,211.40,61.11,7.50,1.00,6.27,98.74,0.00,211.20,62.48,7.64,1.42,6.26,97.53,0.00,211.28,25.57,2.34,19.10
2026-01-23 13:31:59,Meter 1,2026-01-23 13:31:00,87.87,99.38,0.00,211.16,112.85,13.63,-1.44,11.76,99.26,0.00,211.43,73.85,9.07,-0.96,8.28,99.33,0.00,211.12,76.92,9.40,-0.77,8.27,99.56,0.00,210.93,32.10,-3.18,28.30
2026-01-23 13:32:59,Meter 1,2026-01-23 13:32:00,70.47,98.69,0.00,211.30,80.99,9.80,-0.00,7.41,100.00,0.00,211.45,61.79,7.58,0.80,6.38,99.23,0.00,211.14,68.63,8.40,1.83,7.11,96.85,0.00,211.30,25.77,2.62,20.90
2026-01-23 13:33:59,Meter 1,2026-01-23 13:33:00,65.22,97.16,0.00,211.26,80.64,9.73,0.94,7.47,99.21,0.00,211.16,42.71,5.24,1.15,4.27,96.56,0.00,211.53,72.29,8.85,2.37,7.84,95.72,0.00,211.09,23.83,4.46,19.58
2026-01-23 13:34:59,Meter 1,2026-01-23 13:34:00,83.97,98.91,0.00,211.39,102.58,12.39,-2.23,10.72,97.90,0.00,211.34,60.54,7.44,-1.01,6.99,98.97,0.00,211.66,88.80,10.88,-0.53,10.02,99.86,0.00,211.18,30.71,-3.78,27.74
2026-01-23 13:35:59,Meter 1,2026-01-23 13:35:00,77.74,99.86,0.00,211.42,96.25,11.64,-0.39,8.88,99.90,0.00,211.37,56.91,6.99,-0.37,5.83,99.80,0.00,211.48,80.07,9.81,0.37,8.04,99.89,0.00,211.41,28.43,-0.39,22.75
2026-01-23 13:36:59,Meter 1,2026-01-23 13:36:00,81.83,97.83,0.00,211.19,107.81,13.02,-0.81,10.72,99.72,0.00,211.04,74.13,9.09,2.51,8.10,95.52,0.00,211.23,63.54,7.78,1.22,6.44,98.26,0.00,211.30,29.89,2.91,25.25
2026-01-23 13:37:59,Meter 1,2026-01-23 13:37:00,110.15,99.75,0.00,211.00,136.73,16.49,-1.76,15.60,99.37,0.00,210.76,109.88,13.46,0.00,13.18,100.00,0.00,211.22,83.84,10.26,0.47,9.65,99.88,0.00,211.02,40.21,-1.29,38.43
2026-01-23 13:38:59,Meter 1,2026-01-23 13:38:00,111.93,99.90,0.00,211.11,127.25,15.35,-0.34,12.71,99.96,0.00,211.03,106.79,13.10,0.81,11.22,99.74,0.00,211.30,101.73,12.45,0.01,10.36,100.00,0.00,210.99,40.90,0.48,34.28
2026-01-23 13:39:59,Meter 1,2026-01-23 13:39:00,82.20,98.74,0.00,211.20,101.50,12.24,-1.91,9.57,98.06,0.00,211.06,76.67,9.41,0.14,7.71,99.98,0.00,211.52,68.44,8.38,-1.19,6.14,98.17,0.00,211.02,30.03,-2.96,23.43
2026-01-23 13:40:59,Meter 1,2026-01-23 13:40:00,76.33,95.98,0.00,211.44,97.72,11.81,-2.57,10.30,97.03,0.00,211.37,64.67,7.94,-2.14,7.36,96.03,0.00,211.57,66.60,8.16,-2.37,7.11,94.88,0.00,211.38,27.92,-7.08,24.78
2026-01-23 13:41:59,Meter 1,2026-01-23 13:41:00,72.51,99.61,0.00,211.44,93.49,11.30,0.30,9.17,99.95,0.00,211.58,62.34,7.66,0.91,6.33,98.99,0.00,211.49,61.68,7.55,0.30,6.17,99.88,0.00,211.24,26.52,1.50,21.68
2026-01-23 13:42:59,Meter 1,2026-01-23 13:42:00,79.58,97.98,0.00,211.55,88.46,10.70,-2.18,8.37,96.77,0.00,211.53,70.76,8.69,-0.79,8.39,99.56,0.00,211.54,79.53,9.75,-1.96,8.78,97.61,0.00,211.59,29.15,-4.93,25.54
2026-01-23 13:43:59,Meter 1,2026-01-23 13:43:00,64.38,99.24,0.00,211.44,79.80,9.65,-1.26,6.06,97.92,0.00,211.50,59.37,7.29,-0.07,6.36,99.99,0.00,211.49,53.97,6.61,-0.33,5.42,99.82,0.00,211.33,23.55,-1.65,17.84
2026-01-23 13:44:59,Meter 1,2026-01-23 13:44:00,70.54,99.45,0.00,211.45,90.65,10.95,-1.33,7.75,98.57,0.00,211.35,61.39,7.54,0.18,6.68,99.96,0.00,211.66,59.56,7.30,0.35,5.61,99.81,0.00,211.35,25.80,-0.80,20.04
2026-01-23 13:45:59,Meter 1,2026-01-23 13:45:00,64.94,97.34,0.00,211.48,78.09,9.44,0.59,6.42,99.58,0.00,211.58,52.97,6.51,1.19,5.58,97.80,0.00,211.67,63.76,7.81,2.22,6.52,94.64,0.00,211.19,23.76,4.01,18.52
2026-01-23 13:46:59,Meter 1,2026-01-23 13:46:00,67.00,97.76,0.00,211.39,75.85,9.17,0.83,6.12,99.09,0.00,211.51,50.58,6.21,0.76,5.74,99.12,0.00,211.53,74.57,9.13,2.56,7.84,95.06,0.00,211.14,24.51,4.16,19.70
2026-01-23 13:47:59,Meter 1,2026-01-23 13:47:00,88.90,98.74,0.00,211.54,93.01,11.25,-2.23,10.78,97.92,0.00,211.76,81.51,10.02,-1.67,9.67,98.54,0.00,211.55,92.18,11.29,-0.76,11.03,99.76,0.00,211.31,32.57,-4.66,31.48
2026-01-23 13:48:59,Meter 1,2026-01-23 13:48:00,81.99,98.03,0.00,211.33,103.03,12.45,0.32,9.57,99.94,0.00,211.54,63.84,7.84,1.36,6.94,98.13,0.00,211.39,79.10,9.68,2.40,8.27,96.03,0.00,211.04,29.97,4.09,24.77
2026-01-23 13:49:59,Meter 1,2026-01-23 13:49:00,92.93,99.59,0.00,211.44,108.75,13.14,-1.25,12.40,99.49,0.00,211.68,75.87,9.33,-1.05,8.69,99.28,0.00,211.65,94.16,11.53,-0.10,10.58,100.00,0.00,211.00,34.00,-2.40,31.66
2026-01-23 13:50:59,Meter 1,2026-01-23 13:50:00,95.33,99.80,0.00,211.44,126.19,15.24,-0.34,13.46,99.97,0.00,211.29,70.76,8.69,-0.82,7.73,99.45,0.00,211.81,89.04,10.92,-0.09,9.84,100.00,0.00,211.22,34.85,-1.25,31.03
2026-01-23 13:51:59,Meter 1,2026-01-23 13:51:00,67.87,97.34,0.00,211.35,87.44,10.56,1.23,6.57,98.30,0.00,211.53,46.11,5.67,1.11,4.42,96.97,0.00,211.58,70.07,8.58,1.77,6.76,96.74,0.00,210.92,24.80,4.11,17.75
2026-01-23 13:52:59,Meter 1,2026-01-23 13:52:00,87.61,97.74,0.00,211.56,107.04,12.96,-2.78,11.19,97.04,0.00,211.49,74.88,9.19,0.60,8.50,99.75,0.00,211.50,80.92,9.92,-2.22,8.07,96.43,0.00,211.68,32.07,-4.40,27.76
2026-01-23 13:53:59,Meter 1,2026-01-23 13:53:00,59.37,96.63,0.00,211.65,78.45,9.51,-1.27,7.05,98.43,0.00,211.75,45.14,5.55,-0.50,4.94,99.50,0.00,211.44,54.52,6.68,-1.94,4.56,91.97,0.00,211.76,21.73,-3.71,16.55
2026-01-23 13:54:59,Meter 1,2026-01-23 13:54:00,94.85,96.02,0.00,211.42,121.97,14.76,-3.47,12.75,96.47,0.00,211.23,94.06,11.53,1.00,10.94,99.33,0.00,211.33,68.51,8.40,-2.63,6.21,92.26,0.00,211.71,34.69,-5.10,29.90
2026-01-23 13:55:59,Meter 1,2026-01-23 13:55:00,88.39,97.02,0.00,211.52,104.52,12.64,-2.13,12.25,98.52,0.00,211.44,87.41,10.74,-1.53,10.39,98.93,0.00,211.67,73.24,8.98,-2.97,7.91,93.62,0.00,211.47,32.36,-6.64,30.54
2026-01-23 13:56:59,Meter 1,2026-01-23 13:56:00,79.24,98.34,0.00,211.38,105.94,12.81,-2.92,11.89,97.11,0.00,211.29,78.53,9.63,0.14,9.45,99.99,0.00,211.34,53.23,6.52,-1.14,5.49,97.92,0.00,211.52,28.97,-3.92,26.83
2026-01-23 13:57:59,Meter 1,2026-01-23 13:57:00,83.74,98.19,0.00,211.38,103.85,12.56,-2.95,8.86,94.86,0.00,211.42,82.08,10.07,0.10,9.23,99.99,0.00,211.27,65.28,8.00,-0.45,5.82,99.70,0.00,211.45,30.63,-3.30,23.90
2026-01-23 13:58:59,Meter 1,2026-01-23 13:58:00,69.65,98.63,0.00,211.48,81.33,9.85,-0.42,6.94,99.82,0.00,211.65,65.77,8.07,0.70,7.35,99.55,0.00,211.26,61.85,7.57,1.51,5.57,96.52,0.00,211.52,25.50,1.79,19.86
2026-01-23 13:59:59,Meter 1,2026-01-23 13:59:00,88.22,97.37,0.00,211.54,104.40,12.63,-3.55,11.66,95.66,0.00,211.64,86.05,10.57,-1.63,10.00,98.70,0.00,211.49,74.20,9.09,-1.75,8.08,97.74,0.00,211.49,32.30,-6.93,29.73
2026-01-23 14:00:59,Meter 1,2026-01-23 14:00:00,84.63,98.67,0.00,211.16,105.31,12.71,-0.62,10.40,99.82,0.00,211.02,71.56,8.77,1.46,7.06,97.93,0.00,211.28,77.03,9.43,1.45,7.68,98.27,0.00,211.16,30.92,2.29,25.14
2026-01-23 14:01:59,Meter 1,2026-01-23 14:01:00,89.70,99.42,0.00,211.22,120.15,14.50,-1.38,13.16,99.45,0.00,211.08,84.14,10.32,1.51,9.73,98.82,0.00,211.47,64.81,7.94,-0.00,7.18,100.00,0.00,211.11,32.76,0.12,30.06
2026-01-23 14:02:59,Meter 1,2026-01-23 14:02:00,86.55,96.68,0.00,211.47,116.99,14.13,-3.39,13.50,97.00,0.00,211.50,78.55,9.66,-0.97,9.38,99.47,0.00,211.76,64.11,7.86,-2.65,7.03,93.57,0.00,211.16,31.65,-7.01,29.92
2026-01-23 14:03:59,Meter 1,2026-01-23 14:03:00,89.83,99.49,0.00,211.34,122.55,14.80,-1.39,12.96,99.43,0.00,211.48,72.58,8.92,-0.61,8.30,99.73,0.00,211.58,74.36,9.10,-0.88,7.36,99.30,0.00,210.97,32.82,-2.87,28.62
2026-01-23 14:04:59,Meter 1,2026-01-23 14:04:00,49.79,97.69,0.00,211.29,60.51,7.31,-0.26,7.01,99.93,0.00,211.45,45.79,5.62,1.61,5.07,95.29,0.00,211.34,43.06,5.27,1.01,4.77,97.85,0.00,211.08,18.20,2.36,16.85
2026-01-23 14:05:59,Meter 1,2026-01-23 14:05:00,99.35,99.31,0.00,211.16,131.54,15.87,-2.38,14.83,98.74,0.00,211.23,82.62,10.14,0.45,9.65,99.89,0.00,211.34,83.90,10.27,-1.02,8.63,99.31,0.00,210.90,36.28,-2.95,33.11
2026-01-23 14:06:59,Meter 1,2026-01-23 14:06:00,93.00,98.92,0.00,211.29,129.61,15.66,-1.12,13.67,99.66,0.00,211.58,75.64,9.30,1.83,8.45,97.73,0.00,211.36,73.74,9.02,0.90,8.00,99.38,0.00,210.94,33.97,1.61,30.12
2026-01-23 14:07:59,Meter 1,2026-01-23 14:07:00,95.06,98.75,0.00,211.55,123.22,14.90,-3.13,12.47,96.98,0.00,211.74,75.89,9.34,-0.22,8.75,99.97,0.00,211.71,86.06,10.54,-1.05,8.78,99.30,0.00,211.21,34.78,-4.40,29.99
2026-01-23 14:08:59,Meter 1,2026-01-23 14:08:00,83.38,98.10,0.00,211.68,102.68,12.41,-2.43,11.47,97.83,0.00,211.75,63.02,7.76,-1.56,6.97,97.59,0.00,211.98,84.46,10.36,-1.29,8.54,98.88,0.00,211.32,30.53,-5.28,26.99
2026-01-23 14:09:59,Meter 1,2026-01-23 14:09:00,89.19,99.89,0.00,211.46,114.15,13.80,-0.47,12.18,99.93,0.00,211.53,68.83,8.46,0.07,7.51,100.00,0.00,211.56,84.59,10.36,0.66,9.05,99.73,0.00,211.29,32.62,0.27,28.74
2026-01-23 14:10:59,Meter 1,2026-01-23 14:10:00,64.35,99.77,0.00,211.41,76.07,9.19,-0.71,8.99,99.69,0.00,211.43,58.38,7.17,0.61,6.96,99.62,0.00,211.55,58.59,7.18,0.12,6.81,99.98,0.00,211.26,23.54,0.02,22.76
2026-01-23 14:11:59,Meter 1,2026-01-23 14:11:00,85.23,97.39,0.00,211.61,108.26,13.09,-2.49,12.35,98.03,0.00,211.52,77.44,9.52,-1.54,9.05,98.59,0.00,211.77,69.98,8.58,-2.42,7.84,95.55,0.00,211.53,31.20,-6.45,29.24
2026-01-23 14:12:59,Meter 1,2026-01-23 14:12:00,71.97,99.99,0.00,211.60,93.23,11.27,-0.21,11.03,99.98,0.00,211.58,66.18,8.14,-0.02,7.85,100.00,0.00,211.79,56.51,6.93,-0.11,6.60,99.99,0.00,211.42,26.34,-0.35,25.48
2026-01-23 14:13:59,Meter 1,2026-01-23 14:13:00,77.01,96.31,0.00,211.70,95.58,11.58,-2.54,9.64,96.70,0.00,211.79,66.14,8.13,-1.11,7.64,98.96,0.00,211.59,69.30,8.50,-2.30,5.95,93.27,0.00,211.72,28.21,-5.95,23.24
2026-01-23 14:14:59,Meter 1,2026-01-23 14:14:00,80.58,99.56,0.00,211.41,113.38,13.72,-1.26,11.26,99.38,0.00,211.43,66.57,8.17,0.76,7.30,99.46,0.00,211.29,61.79,7.57,-0.30,5.12,99.83,0.00,211.50,29.45,-0.79,23.68
2026-01-23 14:15:59,Meter 1,2026-01-23 14:15:00,87.11,99.73,0.00,211.37,123.33,14.90,-0.45,12.84,99.94,0.00,211.43,78.26,9.62,1.05,8.55,99.26,0.00,211.55,59.75,7.32,0.03,6.35,100.00,0.00,211.15,31.83,0.63,27.75
2026-01-23 14:16:59,Meter 1,2026-01-23 14:16:00,98.41,98.50,0.00,211.36,136.74,16.50,-2.79,14.85,98.28,0.00,211.18,82.39,10.12,0.74,9.60,99.70,0.00,211.75,76.11,9.33,-1.68,7.38,97.52,0.00,211.16,35.95,-3.73,31.83
2026-01-23 14:17:59,Meter 1,2026-01-23 14:17:00,73.72,99.71,0.00,211.46,95.16,11.50,0.09,8.74,100.00,0.00,211.55,61.34,7.54,0.87,6.88,99.21,0.00,211.69,64.65,7.92,0.25,6.83,99.93,0.00,211.16,26.96,1.21,22.45
2026-01-23 14:18:59,Meter 1,2026-01-23 14:18:00,91.71,98.61,0.00,211.31,108.92,13.15,-2.11,11.40,98.33,0.00,211.27,92.50,11.36,2.44,10.85,97.56,0.00,211.49,73.71,9.03,0.29,7.69,99.93,0.00,211.19,33.54,0.62,29.93
2026-01-23 14:19:59,Meter 1,2026-01-23 14:19:00,113.61,98.59,0.00,211.30,141.31,17.07,-3.22,16.15,98.07,0.00,211.00,114.32,14.01,2.90,13.44,97.76,0.00,211.40,85.19,10.44,0.28,9.33,99.96,0.00,211.51,41.53,-0.05,38.92
2026-01-23 14:20:59,Meter 1,2026-01-23 14:20:00,98.11,98.98,0.00,211.26,125.86,15.19,-2.43,14.26,98.58,0.00,211.05,85.83,10.53,1.79,9.99,98.43,0.00,211.49,82.65,10.13,-0.30,8.84,99.94,0.00,211.24,35.85,-0.94,33.09
2026-01-23 14:21:59,Meter 1,2026-01-23 14:21:00,89.41,99.14,0.00,211.36,120.15,14.51,-2.67,14.06,98.24,0.00,211.21,74.88,9.19,1.13,8.86,99.20,0.00,211.61,73.19,8.97,0.14,8.67,99.99,0.00,211.24,32.67,-1.40,31.59
2026-01-23 14:22:59,Meter 1,2026-01-23 14:22:00,92.73,98.74,0.00,211.44,116.20,14.04,-3.06,13.21,97.42,0.00,211.56,80.64,9.91,1.46,9.40,98.82,0.00,211.65,81.36,9.96,0.18,8.73,99.98,0.00,211.09,33.92,-1.42,31.34
2026-01-23 14:23:59,Meter 1,2026-01-23 14:23:00,76.40,96.15,0.00,211.24,99.40,12.00,-1.90,9.48,98.04,0.00,211.47,70.71,8.69,1.87,7.80,97.23,0.00,211.45,59.09,7.23,2.43,6.24,93.18,0.00,210.79,27.91,2.40,23.52
2026-01-23 14:24:59,Meter 1,2026-01-23 14:24:00,78.30,99.40,0.00,211.35,91.00,10.99,-1.32,10.35,99.19,0.00,211.36,75.60,9.28,0.94,8.88,99.44,0.00,211.48,68.29,8.36,0.73,7.79,99.57,0.00,211.21,28.64,0.35,27.02
2026-01-23 14:25:59,Meter 1,2026-01-23 14:25:00,79.95,98.27,0.00,211.20,91.20,11.00,-0.97,10.25,99.56,0.00,211.29,72.85,8.95,1.42,8.48,98.62,0.00,211.45,75.81,9.27,2.27,8.54,96.65,0.00,210.86,29.23,2.72,27.26
2026-01-23 14:26:59,Meter 1,2026-01-23 14:26:00,77.98,98.74,0.00,211.28,90.08,10.87,-0.94,10.53,99.61,0.00,211.32,73.87,9.08,1.71,8.65,98.09,0.00,211.65,69.99,8.57,1.43,8.22,98.53,0.00,210.86,28.51,2.20,27.40
2026-01-23 14:27:59,Meter 1,2026-01-23 14:27:00,96.03,98.87,0.00,211.27,121.01,14.62,-2.21,13.85,98.75,0.00,211.31,95.83,11.76,1.23,11.44,99.42,0.00,211.37,71.26,8.72,-1.47,8.22,98.45,0.00,211.13,35.10,-2.45,33.52
2026-01-23 14:28:59,Meter 1,2026-01-23 14:28:00,77.85,98.85,0.00,211.42,92.72,11.20,-0.86,8.17,99.45,0.00,211.56,78.02,9.60,1.79,8.90,98.03,0.00,211.64,62.79,7.69,0.80,5.79,99.07,0.00,211.07,28.48,1.73,22.87
2026-01-23 14:29:59,Meter 1,2026-01-23 14:29:00,68.78,97.88,0.00,211.33,80.10,9.66,0.45,8.98,99.87,0.00,211.24,75.85,9.32,2.17,8.80,97.08,0.00,211.75,50.39,6.17,1.45,5.50,96.69,0.00,210.99,25.16,4.08,23.29
2026-01-23 14:30:59,Meter 1,2026-01-23 14:30:00,93.80,99.30,0.00,211.33,118.52,14.30,-1.31,11.69,99.38,0.00,211.38,90.68,11.15,1.79,10.47,98.56,0.00,211.75,72.21,8.84,0.25,7.52,99.95,0.00,210.87,34.29,0.73,29.69
2026-01-23 14:31:59,Meter 1,2026-01-23 14:31:00,82.12,98.67,0.00,211.25,105.16,12.67,-0.73,10.28,99.75,0.00,211.25,78.53,9.66,1.86,9.07,97.96,0.00,211.76,62.66,7.67,1.15,6.17,98.29,0.00,210.74,30.00,2.28,25.52
2026-01-23 14:32:59,Meter 1,2026-01-23 14:32:00,82.27,99.19,0.00,211.13,108.78,13.11,0.22,12.10,99.98,0.00,211.03,73.67,9.05,1.13,8.49,99.13,0.00,211.61,64.36,7.88,1.19,6.68,98.45,0.00,210.76,30.03,2.53,27.27
2026-01-23 14:33:59,Meter 1,2026-01-23 14:33:00,93.75,99.65,0.00,211.33,128.82,15.54,-0.27,13.80,99.98,0.00,211.23,75.06,9.22,0.97,8.83,99.40,0.00,211.72,77.37,9.48,0.79,8.46,99.57,0.00,211.05,34.24,1.49,31.08
2026-01-23 14:34:59,Meter 1,2026-01-23 14:34:00,76.90,99.32,0.00,211.24,89.88,10.84,-0.37,10.63,99.94,0.00,210.95,81.04,9.95,1.46,9.67,98.88,0.00,211.61,59.76,7.32,0.90,6.86,99.15,0.00,211.16,28.11,1.99,27.15
2026-01-23 14:35:59,Meter 1,2026-01-23 14:35:00,80.62,99.76,0.00,211.32,105.76,12.77,-0.14,11.08,99.99,0.00,211.13,66.49,8.16,0.88,7.34,99.29,0.00,211.58,69.62,8.53,0.00,7.01,100.00,0.00,211.25,29.46,0.74,25.43
2026-01-23 14:36:59,Meter 1,2026-01-23 14:36:00,72.41,99.28,0.00,211.35,89.12,10.77,-1.46,9.50,98.83,0.00,211.28,72.27,8.87,1.07,8.45,99.21,0.00,211.48,55.83,6.84,0.39,5.97,99.79,0.00,211.29,26.48,-0.01,23.92
2026-01-23 14:37:59,Meter 1,2026-01-23 14:37:00,69.34,99.74,0.00,211.44,84.01,10.16,-0.65,9.38,99.76,0.00,211.49,58.25,7.16,0.35,6.49,99.86,0.00,211.52,65.76,8.05,-0.57,6.46,99.61,0.00,211.30,25.37,-0.87,22.33
2026-01-23 14:38:59,Meter 1,2026-01-23 14:38:00,85.00,98.34,0.00,211.43,108.35,13.09,-2.56,10.57,97.19,0.00,211.47,79.26,9.74,1.02,9.42,99.42,0.00,211.58,67.39,8.26,-1.21,6.74,98.42,0.00,211.23,31.09,-2.75,26.73
2026-01-23 14:39:59,Meter 1,2026-01-23 14:39:00,86.02,97.86,0.00,211.41,109.43,13.22,-3.08,10.94,96.26,0.00,211.52,91.01,11.19,2.49,10.59,97.35,0.00,211.53,57.64,7.06,-0.16,5.97,99.97,0.00,211.16,31.47,-0.75,27.50
2026-01-23 14:40:59,Meter 1,2026-01-23 14:40:00,95.22,99.01,0.00,211.51,119.27,14.42,-2.24,12.19,98.36,0.00,211.62,91.57,11.26,1.27,10.44,99.27,0.00,211.57,74.83,9.17,-0.81,7.42,99.41,0.00,211.33,34.85,-1.77,30.05
2026-01-23 14:41:59,Meter 1,2026-01-23 14:41:00,74.77,98.34,0.00,211.46,89.58,10.83,-1.17,8.61,99.09,0.00,211.51,82.34,10.12,2.22,9.34,97.30,0.00,211.59,52.38,6.42,0.97,5.81,98.64,0.00,211.27,27.36,2.02,23.76
2026-01-23 14:42:59,Meter 1,2026-01-23 14:42:00,92.86,99.27,0.00,211.46,111.04,13.41,-2.04,10.99,98.33,0.00,211.51,83.34,10.25,0.97,9.86,99.52,0.00,211.75,84.19,10.32,0.20,9.41,99.98,0.00,211.13,33.98,-0.86,30.25
2026-01-23 14:43:59,Meter 1,2026-01-23 14:43:00,86.36,99.28,0.00,211.50,99.92,12.07,-2.23,11.29,98.11,0.00,211.47,73.38,9.02,-0.10,8.59,99.99,0.00,211.75,85.77,10.52,-0.70,9.64,99.74,0.00,211.27,31.61,-3.03,29.52
2026-01-23 14:44:59,Meter 1,2026-01-23 14:44:00,98.38,99.16,0.00,211.40,116.41,14.07,-2.50,11.61,97.76,0.00,211.56,89.68,11.02,0.39,10.60,99.93,0.00,211.44,89.04,10.90,-0.65,9.98,99.79,0.00,211.21,35.99,-2.77,32.20
2026-01-23 14:45:59,Meter 1,2026-01-23 14:45:00,78.64,99.75,0.00,211.43,85.33,10.30,-0.61,9.82,99.81,0.00,211.47,69.07,8.49,0.69,8.16,99.64,0.00,211.79,81.52,9.99,0.61,9.68,99.80,0.00,211.04,28.78,0.70,27.67
2026-01-23 14:46:59,Meter 1,2026-01-23 14:46:00,104.36,98.36,0.00,211.36,132.67,16.00,-3.81,15.35,97.05,0.00,211.25,106.59,13.10,1.24,12.88,99.54,0.00,211.86,73.82,9.05,-1.52,8.59,98.47,0.00,210.98,38.15,-4.09,36.82
2026-01-23 14:47:59,Meter 1,2026-01-23 14:47:00,81.78,96.53,0.00,211.12,94.32,11.36,1.02,10.80,99.56,0.00,211.28,84.51,10.39,3.23,9.66,94.83,0.00,211.62,66.50,8.13,2.41,7.51,95.21,0.00,210.45,29.88,6.66,27.97
2026-01-23 14:48:59,Meter 1,2026-01-23 14:48:00,90.94,99.75,0.00,211.53,105.54,12.75,-1.17,11.45,99.48,0.00,211.82,89.72,11.05,0.31,10.61,99.96,0.00,211.77,77.55,9.50,-0.54,8.72,99.81,0.00,211.01,33.29,-1.40,30.78
2026-01-23 14:49:59,Meter 1,2026-01-23 14:49:00,80.08,99.55,0.00,211.64,100.87,12.19,-1.07,11.79,99.59,0.00,211.63,74.18,9.13,-0.59,8.77,99.78,0.00,212.03,65.20,8.00,-0.86,7.18,99.29,0.00,211.25,29.32,-2.52,27.74
2026-01-23 14:50:59,Meter 1,2026-01-23 14:50:00,81.47,97.69,0.00,211.57,89.96,10.87,-1.78,10.23,98.53,0.00,211.50,87.59,10.77,2.96,10.07,95.94,0.00,211.86,66.87,8.20,1.32,7.79,98.59,0.00,211.35,29.84,2.51,28.10
2026-01-23 14:51:59,Meter 1,2026-01-23 14:51:00,80.54,99.45,0.00,211.70,93.83,11.35,-1.63,9.22,98.47,0.00,211.68,79.12,9.74,0.46,9.38,99.88,0.00,211.96,68.68,8.43,-0.10,7.19,99.99,0.00,211.45,29.51,-1.27,25.79
2026-01-23 14:52:59,Meter 1,2026-01-23 14:52:00,84.33,98.27,0.00,211.68,106.60,12.87,-2.93,12.30,97.28,0.00,211.63,69.71,8.59,-0.78,8.23,99.55,0.00,212.23,76.67,9.41,-1.81,8.91,97.99,0.00,211.19,30.87,-5.52,29.43
2026-01-23 14:53:59,Meter 1,2026-01-23 14:53:00,71.32,98.96,0.00,211.71,88.85,10.74,-0.62,10.11,99.81,0.00,211.74,54.29,6.69,1.47,6.10,97.21,0.00,212.09,70.82,8.69,0.45,8.38,99.85,0.00,211.31,26.11,1.30,24.59
2026-01-23 14:54:59,Meter 1,2026-01-23 14:54:00,90.84,98.88,0.00,211.65,103.56,12.52,-1.07,10.68,99.50,0.00,211.91,78.48,9.67,2.21,9.04,97.15,0.00,211.90,90.47,11.08,0.01,10.11,100.00,0.00,211.14,33.27,1.14,29.83
2026-01-23 14:55:59,Meter 1,2026-01-23 14:55:00,82.30,99.04,0.00,211.63,108.78,13.16,-2.22,10.15,97.69,0.00,211.91,68.80,8.47,0.51,7.77,99.79,0.00,211.68,69.34,8.49,-0.60,7.06,99.64,0.00,211.29,30.12,-2.31,24.98
2026-01-23 14:56:59,Meter 1,2026-01-23 14:56:00,80.35,98.56,0.00,211.67,105.39,12.73,-0.28,9.91,99.96,0.00,211.96,63.01,7.77,1.71,7.18,97.28,0.00,212.04,72.64,8.90,1.37,7.62,98.43,0.00,211.00,29.40,2.79,24.71
2026-01-23 14:57:59,Meter 1,2026-01-23 14:57:00,71.68,99.27,0.00,211.47,87.11,10.53,-0.94,9.83,99.54,0.00,211.68,66.05,8.13,0.99,7.71,99.18,0.00,211.64,61.89,7.58,0.98,7.18,99.08,0.00,211.10,26.23,1.03,24.72
2026-01-23 14:58:59,Meter 1,2026-01-23 14:58:00,84.73,99.29,0.00,211.59,107.17,12.96,-0.52,11.12,99.89,0.00,211.81,72.01,8.86,1.01,8.47,99.29,0.00,211.75,75.02,9.19,1.28,7.86,98.70,0.00,211.19,31.01,1.78,27.44
2026-01-23 14:59:59,Meter 1,2026-01-23 14:59:00,83.56,98.27,0.00,211.60,97.84,11.83,0.22,10.07,99.98,0.00,211.76,73.94,9.10,1.85,8.46,97.70,0.00,211.80,78.90,9.67,2.16,8.80,97.13,0.00,211.23,30.60,4.23,27.33
2026-01-23 15:00:59,Meter 1,2026-01-23 15:00:00,85.80,99.47,0.00,211.58,104.87,12.68,-1.69,11.73,98.98,0.00,211.76,86.41,10.63,1.01,10.29,99.52,0.00,211.70,66.12,8.10,0.33,7.58,99.91,0.00,211.29,31.41,-0.35,29.59
2026-01-23 15:01:59,Meter 1,2026-01-23 15:01:00,79.26,97.70,0.00,211.58,93.62,11.32,0.83,10.79,99.70,0.00,211.70,74.02,9.11,2.07,8.69,97.28,0.00,211.76,70.13,8.59,2.19,7.63,96.11,0.00,211.28,29.02,5.10,27.11
2026-01-23 15:02:59,Meter 1,2026-01-23 15:02:00,96.61,98.00,0.00,211.57,120.51,14.56,-0.98,12.95,99.72,0.00,211.33,95.85,11.78,2.92,10.94,96.61,0.00,211.97,73.47,9.02,1.66,7.54,97.67,0.00,211.42,35.36,3.60,31.44
2026-01-23 15:03:59,Meter 1,2026-01-23 15:03:00,87.67,97.60,0.00,211.58,94.39,11.41,0.16,10.68,99.99,0.00,211.52,91.33,11.23,2.80,10.70,96.73,0.00,211.91,77.29,9.48,2.52,8.74,96.09,0.00,211.30,32.12,5.48,30.11
2026-01-23 15:04:59,Meter 1,2026-01-23 15:04:00,96.24,99.67,0.00,211.63,108.13,13.08,-0.67,12.06,99.85,0.00,211.65,83.70,10.30,0.80,10.04,99.69,0.00,211.83,96.88,11.88,1.17,11.40,99.47,0.00,211.41,35.25,1.31,33.50
2026-01-23 15:05:59,Meter 1,2026-01-23 15:05:00,78.34,98.92,0.00,211.64,92.40,11.17,-0.29,10.84,99.96,0.00,211.66,64.36,7.92,1.17,7.61,98.85,0.00,211.89,78.28,9.60,1.86,9.02,97.95,0.00,211.37,28.69,2.73,27.47
2026-01-23 15:06:59,Meter 1,2026-01-23 15:06:00,87.31,98.05,0.00,211.56,108.50,13.13,-1.78,10.52,98.60,0.00,211.64,73.39,9.02,1.78,8.10,97.67,0.00,211.61,80.05,9.81,1.69,8.09,97.88,0.00,211.42,31.96,1.69,26.72
2026-01-23 15:07:59,Meter 1,2026-01-23 15:07:00,76.63,98.60,0.00,211.66,89.21,10.79,-0.55,8.55,99.80,0.00,211.93,58.02,7.15,1.07,6.33,98.61,0.00,211.81,82.66,10.13,2.07,8.88,97.40,0.00,211.25,28.06,2.59,23.77
2026-01-23 15:08:59,Meter 1,2026-01-23 15:08:00,68.62,97.49,0.00,211.84,79.76,9.66,-0.04,8.03,100.00,0.00,211.98,58.30,7.18,1.41,6.54,97.76,0.00,211.98,67.80,8.32,2.59,7.65,94.72,0.00,211.54,25.16,3.96,22.22
2026-01-23 15:09:59,Meter 1,2026-01-23 15:09:00,86.91,99.39,0.00,211.68,116.21,14.06,-0.51,12.08,99.91,0.00,211.86,78.07,9.61,1.29,8.67,98.90,0.00,211.86,66.46,8.15,0.75,6.60,99.37,0.00,211.32,31.82,1.53,27.35
2026-01-23 15:10:59,Meter 1,2026-01-23 15:10:00,90.71,99.59,0.00,211.62,118.45,14.33,-1.15,12.21,99.56,0.00,211.72,87.12,10.72,0.61,10.19,99.82,0.00,211.76,66.56,8.16,-0.74,6.72,99.40,0.00,211.38,33.20,-1.27,29.12
2026-01-23 15:11:59,Meter 1,2026-01-23 15:11:00,103.65,98.56,0.00,211.61,131.34,15.88,-3.15,14.51,97.72,0.00,211.75,105.87,13.02,1.62,12.52,99.18,0.00,211.72,73.73,9.04,-1.16,7.32,98.77,0.00,211.34,37.94,-2.69,34.35
2026-01-23 15:12:59,Meter 1,2026-01-23 15:12:00,76.83,99.48,0.00,211.69,80.76,9.76,-0.76,9.41,99.68,0.00,211.98,78.27,9.65,1.06,9.25,99.35,0.00,211.97,71.47,8.76,-0.85,7.81,99.41,0.00,211.13,28.17,-0.55,26.47
2026-01-23 15:13:59,Meter 1,2026-01-23 15:13:00,85.42,99.12,0.00,211.62,93.59,11.32,-1.41,10.60,99.13,0.00,211.86,95.43,11.75,0.51,11.56,99.90,0.00,211.74,67.24,8.24,-1.40,7.53,98.32,0.00,211.27,31.30,-2.30,29.69
2026-01-23 15:14:59,Meter 1,2026-01-23 15:14:00,83.38,99.03,0.00,211.59,91.06,11.01,0.30,9.73,99.95,0.00,211.88,96.74,11.91,2.55,11.27,97.53,0.00,211.76,62.35,7.64,0.62,6.99,99.60,0.00,211.12,30.56,3.48,27.99
2026-01-23 15:15:59,Meter 1,2026-01-23 15:15:00,73.80,99.20,0.00,211.66,83.15,10.06,-1.26,8.65,98.95,0.00,211.77,75.53,9.29,-0.18,8.64,99.98,0.00,211.81,62.73,7.69,-1.01,6.08,98.65,0.00,211.40,27.04,-2.44,23.37
2026-01-23 15:16:59,Meter 1,2026-01-23 15:16:00,78.20,99.63,0.00,211.56,100.04,12.09,-0.95,11.19,99.64,0.00,211.64,72.84,8.96,-0.26,8.36,99.95,0.00,211.85,61.74,7.57,-0.72,5.99,99.28,0.00,211.18,28.62,-1.93,25.54
2026-01-23 15:17:59,Meter 1,2026-01-23 15:17:00,77.82,98.02,0.00,211.61,86.18,10.42,-1.81,8.47,97.79,0.00,211.85,79.92,9.84,-1.01,9.25,99.41,0.00,211.80,67.34,8.25,-1.68,6.52,96.85,0.00,211.18,28.51,-4.50,24.24
2026-01-23 15:18:59,Meter 1,2026-01-23 15:18:00,83.39,99.19,0.00,211.62,100.67,12.18,1.12,9.90,99.37,0.00,212.21,70.40,8.68,1.24,7.99,98.81,0.00,211.63,79.10,9.67,1.00,8.88,99.38,0.00,211.02,30.53,3.36,26.76
2026-01-23 15:19:59,Meter 1,2026-01-23 15:19:00,85.61,99.58,0.00,211.52,113.16,13.69,-1.35,11.26,99.29,0.00,212.01,72.07,8.87,0.18,8.17,99.98,0.00,211.51,71.59,8.76,-0.69,6.72,99.47,0.00,211.03,31.32,-1.87,26.15
2026-01-23 15:20:59,Meter 1,2026-01-23 15:20:00,88.08,98.17,0.00,211.58,100.64,12.17,-3.24,11.41,96.20,0.00,211.84,87.01,10.71,0.00,10.45,100.00,0.00,211.67,76.59,9.38,-1.67,8.96,98.31,0.00,211.25,32.26,-4.90,30.82
2026-01-23 15:21:59,Meter 1,2026-01-23 15:21:00,80.67,99.00,0.00,211.61,85.58,10.36,-1.80,9.32,98.19,0.00,212.03,73.22,9.01,-0.52,8.49,99.81,0.00,211.55,83.21,10.19,-1.23,8.67,99.00,0.00,211.25,29.56,-3.55,26.48
2026-01-23 15:22:59,Meter 1,2026-01-23 15:22:00,100.56,97.67,0.00,212.47,127.99,15.54,-3.90,14.37,96.51,0.00,212.57,107.53,13.28,3.29,12.58,96.75,0.00,212.65,66.16,8.14,-0.50,6.90,99.74,0.00,212.18,36.96,-1.11,33.85
2026-01-23 15:23:59,Meter 1,2026-01-23 15:23:00,100.30,98.45,0.00,212.57,123.12,14.96,-3.63,12.69,96.13,0.00,212.84,104.65,12.94,0.83,12.59,99.79,0.00,212.71,73.12,9.00,-0.85,7.94,99.43,0.00,212.15,36.90,-3.66,33.22
2026-01-23 15:24:59,Meter 1,2026-01-23 15:24:00,95.92,97.25,0.00,212.52,108.11,13.15,-3.97,11.66,94.66,0.00,212.90,114.28,14.11,2.37,13.61,98.52,0.00,212.29,65.37,8.04,-1.28,7.52,98.58,0.00,212.37,35.30,-2.89,32.80
2026-01-23 15:25:59,Meter 1,2026-01-23 15:25:00,108.01,97.74,0.00,212.60,116.59,14.18,-2.65,11.37,97.38,0.00,213.03,132.91,16.43,4.38,15.35,96.16,0.00,212.46,74.52,9.17,0.64,7.84,99.67,0.00,212.32,39.78,2.37,34.56
2026-01-23 15:26:59,Meter 1,2026-01-23 15:26:00,87.55,98.51,0.00,212.75,93.82,11.42,-2.26,7.93,96.16,0.00,213.23,91.44,11.31,1.11,10.46,99.44,0.00,212.58,77.39,9.52,-0.28,7.45,99.93,0.00,212.43,32.26,-1.43,25.83
2026-01-23 15:27:59,Meter 1,2026-01-23 15:27:00,90.31,99.03,0.00,212.70,99.18,12.08,-1.35,8.89,98.87,0.00,213.20,98.05,12.13,1.87,11.47,98.69,0.00,212.46,73.71,9.06,0.73,7.55,99.53,0.00,212.43,33.27,1.25,27.91
2026-01-23 15:28:59,Meter 1,2026-01-23 15:28:00,89.22,99.63,0.00,212.72,108.40,13.20,-1.32,9.78,99.10,0.00,213.15,89.10,11.02,0.59,10.17,99.83,0.00,212.44,70.15,8.63,-0.20,7.30,99.96,0.00,212.57,32.85,-0.93,27.26
2026-01-23 15:29:59,Meter 1,2026-01-23 15:29:00,96.43,99.59,0.00,212.73,110.60,13.47,-1.45,10.30,99.03,0.00,213.19,90.98,11.25,0.47,10.60,99.90,0.00,212.50,87.72,10.79,-0.54,9.66,99.84,0.00,212.49,35.51,-1.51,30.56
2026-01-23 15:30:59,Meter 1,2026-01-23 15:30:00,90.09,98.54,0.00,212.78,85.61,10.42,-0.05,9.25,100.00,0.00,213.08,97.41,12.05,2.83,11.50,97.11,0.00,212.70,87.26,10.75,1.71,9.84,98.51,0.00,212.54,33.22,4.50,30.59
2026-01-23 15:31:59,Meter 1,2026-01-23 15:31:00,85.06,98.88,0.00,212.88,98.30,11.98,-1.75,9.57,98.37,0.00,213.29,85.47,10.58,-0.40,10.21,99.92,0.00,212.70,71.42,8.79,-1.36,7.38,98.34,0.00,212.65,31.35,-3.52,27.16
2026-01-23 15:32:59,Meter 1,2026-01-23 15:32:00,85.02,98.07,0.00,212.75,92.61,11.27,-2.34,10.00,97.38,0.00,213.09,88.89,10.99,-0.50,10.45,99.88,0.00,212.60,73.56,9.06,-1.82,7.17,96.94,0.00,212.55,31.32,-4.65,27.62
2026-01-23 15:33:59,Meter 1,2026-01-23 15:33:00,83.01,98.29,0.00,212.91,94.48,11.51,-2.40,8.15,95.92,0.00,213.14,81.82,10.12,-0.38,9.42,99.92,0.00,212.86,72.72,8.96,-0.97,6.97,99.05,0.00,212.73,30.59,-3.75,24.55
2026-01-23 15:34:59,Meter 1,2026-01-23 15:34:00,80.45,98.97,0.00,212.85,88.11,10.74,-1.35,7.61,98.46,0.00,213.29,85.85,10.62,1.11,9.88,99.37,0.00,212.59,67.39,8.30,0.98,7.13,99.07,0.00,212.67,29.66,0.74,24.62
2026-01-23 15:35:59,Meter 1,2026-01-23 15:35:00,91.33,98.28,0.00,212.66,102.66,12.49,-2.88,10.50,96.44,0.00,212.78,104.50,12.91,2.08,12.24,98.59,0.00,212.68,66.83,8.23,0.44,7.04,99.81,0.00,212.53,33.63,-0.37,29.78
2026-01-23 15:36:59,Meter 1,2026-01-23 15:36:00,93.70,97.56,0.00,212.65,107.29,13.05,-1.57,12.48,99.22,0.00,212.77,110.41,13.64,3.47,12.99,96.61,0.00,212.69,63.40,7.81,1.88,7.33,96.87,0.00,212.49,34.50,3.78,32.81
2026-01-23 15:37:59,Meter 1,2026-01-23 15:37:00,87.61,97.88,0.00,212.72,107.68,13.10,-0.78,11.14,99.75,0.00,213.02,86.25,10.67,2.44,9.96,97.13,0.00,212.68,68.90,8.48,1.90,7.29,96.76,0.00,212.45,32.25,3.56,28.39
2026-01-23 15:38:59,Meter 1,2026-01-23 15:38:00,85.79,98.91,0.00,212.85,94.88,11.55,-2.36,9.13,96.82,0.00,213.11,81.55,10.09,0.33,9.49,99.94,0.00,212.83,80.95,9.98,-0.20,9.01,99.98,0.00,212.61,31.61,-2.23,27.64
2026-01-23 15:39:59,Meter 1,2026-01-23 15:39:00,78.60,99.28,0.00,212.69,82.77,10.06,-1.62,8.32,98.16,0.00,212.93,73.32,9.07,0.47,8.28,99.84,0.00,212.86,79.71,9.82,0.47,8.67,99.86,0.00,212.28,28.95,-0.68,25.28
2026-01-23 15:40:59,Meter 1,2026-01-23 15:40:00,68.63,99.43,0.00,212.78,83.30,10.13,-0.97,8.03,99.29,0.00,213.03,63.04,7.80,0.62,7.33,99.65,0.00,212.98,59.54,7.33,0.73,6.42,99.36,0.00,212.34,25.27,0.38,21.77
2026-01-23 15:41:59,Meter 1,2026-01-23 15:41:00,63.89,98.60,0.00,212.71,60.26,7.33,0.36,6.56,99.85,0.00,213.05,69.01,8.54,0.63,8.30,99.71,0.00,212.80,62.40,7.68,1.96,6.94,96.22,0.00,212.28,23.55,2.95,21.81
2026-01-23 15:42:59,Meter 1,2026-01-23 15:42:00,77.08,98.81,0.00,212.69,89.22,10.84,-1.70,10.48,98.71,0.00,212.80,75.72,9.37,-1.55,9.01,98.56,0.00,212.96,66.29,8.17,-1.00,7.77,99.18,0.00,212.32,28.37,-4.25,27.25
2026-01-23 15:43:59,Meter 1,2026-01-23 15:43:00,74.97,99.05,0.00,212.85,81.15,9.88,-1.41,8.82,98.74,0.00,213.06,76.15,9.42,-1.32,8.99,98.94,0.00,212.94,67.61,8.33,-0.80,7.83,99.49,0.00,212.56,27.63,-3.53,25.63
2026-01-23 15:44:59,Meter 1,2026-01-23 15:44:00,93.95,99.20,0.00,212.70,107.11,13.03,-2.26,10.35,97.70,0.00,213.00,94.58,11.70,0.31,11.27,99.96,0.00,212.76,80.16,9.87,-0.27,7.68,99.94,0.00,212.34,34.59,-2.22,29.30
2026-01-23 15:45:59,Meter 1,2026-01-23 15:45:00,79.74,98.46,0.00,212.65,89.53,10.88,-0.66,9.05,99.73,0.00,212.82,76.72,9.49,1.56,8.70,98.43,0.00,212.78,72.97,8.99,1.71,7.09,97.22,0.00,212.33,29.35,2.61,24.83
2026-01-23 15:46:59,Meter 1,2026-01-23 15:46:00,85.03,99.36,0.00,212.70,110.21,13.40,-1.86,11.19,98.65,0.00,212.89,77.09,9.53,-0.16,9.17,99.98,0.00,212.81,67.79,8.35,-0.75,7.19,99.46,0.00,212.40,31.28,-2.77,27.55
2026-01-23 15:47:59,Meter 1,2026-01-23 15:47:00,77.28,96.53,0.00,212.99,86.53,10.53,-2.69,6.50,92.40,0.00,213.27,67.43,8.36,-1.32,7.62,98.53,0.00,213.31,77.88,9.61,-1.44,8.70,98.66,0.00,212.39,28.49,-5.46,22.83
2026-01-23 15:48:59,Meter 1,2026-01-23 15:48:00,79.45,99.26,0.00,212.75,94.87,11.53,-1.63,8.21,98.08,0.00,212.94,71.53,8.85,0.43,8.33,99.87,0.00,212.98,71.95,8.87,-0.47,7.95,99.83,0.00,212.34,29.25,-1.67,24.50
2026-01-23 15:49:59,Meter 1,2026-01-23 15:49:00,66.44,99.47,0.00,212.77,73.93,9.00,-1.05,7.35,99.00,0.00,213.05,62.46,7.72,-0.18,6.43,99.96,0.00,212.78,62.93,7.75,-0.64,5.99,99.44,0.00,212.49,24.47,-1.87,19.77
2026-01-23 15:50:59,Meter 1,2026-01-23 15:50:00,65.21,95.95,0.00,212.84,68.13,8.30,-2.26,5.97,93.55,0.00,213.34,67.95,8.41,-1.73,7.95,97.72,0.00,212.70,59.54,7.33,-1.74,6.47,96.57,0.00,212.47,24.04,-5.72,20.39
2026-01-23 15:51:59,Meter 1,2026-01-23 15:51:00,66.52,98.28,0.00,212.86,78.94,9.62,-0.96,7.01,99.08,0.00,213.39,58.30,7.22,-1.04,6.25,98.66,0.00,212.67,62.32,7.67,-1.54,6.26,97.09,0.00,212.54,24.51,-3.54,19.52
2026-01-23 15:52:59,Meter 1,2026-01-23 15:52:00,69.16,99.11,0.00,212.89,78.73,9.59,0.80,6.23,99.19,0.00,213.20,63.08,7.81,0.82,6.80,99.29,0.00,212.89,65.67,8.09,1.02,6.64,98.85,0.00,212.58,25.49,2.63,19.67
2026-01-23 15:53:59,Meter 1,2026-01-23 15:53:00,71.13,98.02,0.00,212.84,81.46,9.91,1.06,6.67,98.77,0.00,213.11,61.84,7.65,0.85,7.04,99.28,0.00,212.90,70.09,8.64,2.13,7.33,96.02,0.00,212.51,26.20,4.03,21.04
2026-01-23 15:54:59,Meter 1,2026-01-23 15:54:00,92.08,98.52,0.00,212.90,108.36,13.20,-2.66,10.30,96.82,0.00,213.20,92.32,11.42,1.19,11.06,99.43,0.00,212.85,75.55,9.31,0.96,8.17,99.32,0.00,212.66,33.93,-0.52,29.54
2026-01-23 15:55:59,Meter 1,2026-01-23 15:55:00,74.24,97.40,0.00,212.81,95.51,11.62,1.01,10.77,99.56,0.00,213.12,58.59,7.25,1.15,6.79,98.60,0.00,212.89,68.62,8.45,2.78,7.70,94.05,0.00,212.42,27.32,4.94,25.26
2026-01-23 15:56:59,Meter 1,2026-01-23 15:56:00,87.79,98.52,0.00,212.82,89.17,10.85,-0.19,10.43,99.98,0.00,213.25,84.21,10.43,2.00,10.05,98.08,0.00,212.97,89.98,11.08,2.37,10.41,97.51,0.00,212.25,32.36,4.17,30.89
2026-01-23 15:57:59,Meter 1,2026-01-23 15:57:00,102.48,99.30,0.00,212.71,114.64,13.93,-2.00,10.82,98.34,0.00,213.15,90.17,11.17,0.90,10.77,99.65,0.00,212.99,102.62,12.63,0.48,11.94,99.92,0.00,212.00,37.73,-0.62,33.53
2026-01-23 15:58:59,Meter 1,2026-01-23 15:58:00,81.12,99.50,0.00,212.85,90.83,11.04,0.62,7.84,99.69,0.00,213.25,64.15,7.95,0.37,7.40,99.88,0.00,213.19,88.39,10.89,1.41,9.60,98.94,0.00,212.11,29.88,2.39,24.84
2026-01-23 15:59:59,Meter 1,2026-01-23 15:59:00,74.23,99.70,0.00,212.91,84.17,10.24,0.21,7.62,99.96,0.00,213.13,57.12,7.08,0.27,6.69,99.92,0.00,213.22,81.41,10.04,1.19,9.41,99.21,0.00,212.38,27.35,1.67,23.72
2026-01-23 16:00:59,Meter 1,2026-01-23 16:00:00,72.69,99.92,0.00,212.76,87.70,10.67,-0.36,8.34,99.91,0.00,213.07,57.36,7.10,0.26,6.38,99.92,0.00,212.84,73.01,8.99,-0.28,7.14,99.92,0.00,212.36,26.76,-0.39,21.87
2026-01-23 16:01:59,Meter 1,2026-01-23 16:01:00,87.88,98.44,0.00,212.74,106.88,13.01,0.32,11.80,99.96,0.00,213.17,89.52,11.08,1.89,10.41,98.39,0.00,212.69,67.24,8.27,1.87,7.42,96.97,0.00,212.35,32.36,4.08,29.63
2026-01-23 16:02:59,Meter 1,2026-01-23 16:02:00,69.88,98.73,0.00,213.00,72.57,8.84,-1.43,8.39,98.57,0.00,213.21,74.27,9.19,-0.86,8.63,99.50,0.00,213.00,62.80,7.75,-1.38,7.02,98.13,0.00,212.78,25.78,-3.67,24.04
2026-01-23 16:03:59,Meter 1,2026-01-23 16:03:00,83.10,98.57,0.00,212.90,99.54,12.13,-2.40,9.44,96.92,0.00,213.38,83.56,10.35,0.56,9.92,99.84,0.00,212.82,66.18,8.15,-0.91,6.26,98.96,0.00,212.52,30.62,-2.75,25.62
2026-01-23 16:04:59,Meter 1,2026-01-23 16:04:00,83.23,98.99,0.00,212.87,103.24,12.56,-1.40,10.40,99.10,0.00,213.04,71.15,8.81,-0.58,8.00,99.74,0.00,213.07,75.29,9.28,-1.51,7.73,98.14,0.00,212.50,30.65,-3.49,26.13
2026-01-23 16:05:59,Meter 1,2026-01-23 16:05:00,64.46,99.18,0.00,212.92,65.67,7.99,0.63,6.99,99.60,0.00,213.20,65.50,8.11,0.96,7.77,99.24,0.00,213.01,62.22,7.67,1.20,7.31,98.69,0.00,212.56,23.77,2.79,22.07
2026-01-23 16:06:59,Meter 1,2026-01-23 16:06:00,73.88,99.97,0.00,212.88,93.28,11.36,-0.13,8.09,99.99,0.00,213.26,60.93,7.54,-0.08,6.79,99.99,0.00,212.87,67.45,8.31,-0.24,6.50,99.93,0.00,212.51,27.21,-0.45,21.38
2026-01-23 16:07:59,Meter 1,2026-01-23 16:07:00,85.90,99.83,0.00,212.79,111.45,13.54,-0.90,11.12,99.67,0.00,213.05,79.63,9.86,0.36,9.53,99.93,0.00,213.16,66.61,8.21,0.32,7.05,99.90,0.00,212.18,31.61,-0.22,27.70
2026-01-23 16:08:59,Meter 1,2026-01-23 16:08:00,78.77,98.87,0.00,212.78,97.43,11.84,-1.88,9.90,98.24,0.00,213.17,75.27,9.32,0.18,8.98,99.98,0.00,213.07,63.61,7.83,-1.22,6.71,98.39,0.00,212.10,29.00,-2.92,25.60
2026-01-23 16:09:59,Meter 1,2026-01-23 16:09:00,67.57,99.02,0.00,212.82,76.10,9.24,0.68,8.40,99.68,0.00,213.06,58.43,7.24,0.63,6.86,99.58,0.00,213.27,68.18,8.40,1.57,7.36,97.79,0.00,212.12,24.89,2.88,22.62
2026-01-23 16:10:59,Meter 1,2026-01-23 16:10:00,77.49,99.47,0.00,212.86,91.86,11.17,-1.18,7.52,98.80,0.00,213.32,62.91,7.80,-0.62,7.27,99.63,0.00,213.16,77.69,9.57,-0.13,7.57,99.99,0.00,212.11,28.54,-1.93,22.37
2026-01-23 16:11:59,Meter 1,2026-01-23 16:11:00,80.49,99.44,0.00,212.69,81.74,9.93,-0.88,8.23,99.43,0.00,213.20,79.19,9.81,0.04,9.56,100.00,0.00,213.07,80.54,9.91,1.39,9.24,98.88,0.00,211.79,29.65,0.55,27.02
2026-01-23 16:12:59,Meter 1,2026-01-23 16:12:00,77.61,98.76,0.00,212.81,78.34,9.51,0.66,9.11,99.74,0.00,213.38,67.46,8.38,1.21,8.06,98.88,0.00,213.35,87.01,10.71,2.25,10.25,97.67,0.00,211.70,28.59,4.13,27.43
2026-01-23 16:13:59,Meter 1,2026-01-23 16:13:00,88.43,99.15,0.00,212.70,98.68,11.99,0.04,9.72,100.00,0.00,213.15,79.84,9.89,1.30,9.43,99.07,0.00,213.02,86.78,10.68,1.81,9.92,98.38,0.00,211.94,32.56,3.14,29.07
2026-01-23 16:14:59,Meter 1,2026-01-23 16:14:00,78.41,97.83,0.00,212.73,92.91,11.29,-0.86,10.49,99.66,0.00,212.90,78.52,9.71,2.18,9.21,97.32,0.00,212.98,63.81,7.86,1.98,7.30,96.51,0.00,212.31,28.87,3.29,27.00
2026-01-23 16:15:59,Meter 1,2026-01-23 16:15:00,83.05,97.08,0.00,212.76,90.31,10.98,-1.13,9.52,99.31,0.00,213.00,90.74,11.23,3.02,10.52,96.12,0.00,212.97,68.09,8.39,2.27,7.62,95.82,0.00,212.32,30.60,4.17,27.65
2026-01-23 16:16:59,Meter 1,2026-01-23 16:16:00,69.58,98.50,0.00,212.79,71.53,8.69,0.06,7.77,100.00,0.00,213.14,58.23,7.21,1.38,6.71,97.94,0.00,213.12,78.97,9.73,1.96,8.73,97.57,0.00,212.10,25.63,3.41,23.22
2026-01-23 16:17:59,Meter 1,2026-01-23 16:17:00,66.29,99.50,0.00,212.95,76.81,9.35,-0.86,6.20,99.05,0.00,213.22,54.43,6.74,-0.34,6.45,99.86,0.00,213.14,67.63,8.34,0.68,7.55,99.59,0.00,212.51,24.43,-0.52,20.19
2026-01-23 16:18:59,Meter 1,2026-01-23 16:18:00,69.19,97.37,0.00,213.09,83.46,10.16,-1.95,6.92,96.27,0.00,213.21,54.14,6.71,-1.57,6.01,96.73,0.00,213.40,69.98,8.64,-1.05,7.78,99.10,0.00,212.66,25.51,-4.57,20.70
2026-01-23 16:19:59,Meter 1,2026-01-23 16:19:00,82.99,99.41,0.00,213.01,89.84,10.93,0.12,8.05,99.99,0.00,213.29,72.19,8.95,0.37,8.55,99.91,0.00,213.23,86.92,10.72,1.87,10.07,98.33,0.00,212.51,30.60,2.36,26.67
2026-01-23 16:20:59,Meter 1,2026-01-23 16:20:00,81.70,99.60,0.00,212.95,95.32,11.59,-0.29,9.45,99.95,0.00,213.03,73.94,9.16,-0.09,9.00,99.99,0.00,213.24,75.84,9.36,1.31,8.54,98.84,0.00,212.58,30.11,0.92,26.99
2026-01-23 16:21:59,Meter 1,2026-01-23 16:21:00,80.30,99.79,0.00,212.86,86.71,10.54,-0.64,7.55,99.64,0.00,212.85,69.55,8.60,-0.27,8.06,99.94,0.00,213.16,84.64,10.44,0.60,9.42,99.80,0.00,212.58,29.59,-0.31,25.03
2026-01-23 16:22:59,Meter 1,2026-01-23 16:22:00,94.45,99.45,0.00,212.72,116.71,14.17,-1.69,12.15,99.05,0.00,212.51,93.42,11.55,1.27,11.07,99.34,0.00,213.21,73.21,9.04,0.23,7.52,99.96,0.00,212.45,34.76,-0.19,30.74
2026-01-23 16:23:59,Meter 1,2026-01-23 16:23:00,87.50,98.88,0.00,212.75,97.74,11.88,-1.86,9.88,98.27,0.00,212.84,88.76,10.97,0.56,10.72,99.86,0.00,212.92,76.00,9.37,-1.27,7.33,98.52,0.00,212.49,32.23,-2.57,27.93
2026-01-23 16:24:59,Meter 1,2026-01-23 16:24:00,90.66,98.17,0.00,212.67,101.42,12.32,-3.33,11.61,96.13,0.00,212.62,101.62,12.56,0.70,12.38,99.84,0.00,212.97,68.94,8.50,-1.39,8.04,98.54,0.00,212.42,33.38,-4.01,32.03
2026-01-23 16:25:59,Meter 1,2026-01-23 16:25:00,76.17,97.68,0.00,212.65,82.93,10.08,-2.84,9.38,95.70,0.00,212.79,78.13,9.66,-1.15,9.37,99.26,0.00,212.81,67.45,8.31,-1.56,7.81,98.07,0.00,212.34,28.05,-5.55,26.56
2026-01-23 16:26:59,Meter 1,2026-01-23 16:26:00,79.41,99.39,0.00,212.65,96.03,11.66,-1.18,9.27,99.20,0.00,212.61,72.30,8.94,0.54,8.50,99.80,0.00,212.99,69.91,8.62,0.84,6.48,99.17,0.00,212.35,29.22,0.21,24.25
2026-01-23 16:27:59,Meter 1,2026-01-23 16:27:00,75.88,98.39,0.00,212.64,84.70,10.30,-1.14,7.29,98.79,0.00,212.80,75.73,9.36,1.12,8.83,99.21,0.00,212.72,67.22,8.28,1.61,6.63,97.17,0.00,212.41,27.94,1.58,22.75
2026-01-23 16:28:59,Meter 1,2026-01-23 16:28:00,82.89,98.31,0.00,212.61,93.93,11.41,-2.14,9.24,97.41,0.00,212.70,83.97,10.38,1.67,9.92,98.60,0.00,212.86,70.78,8.72,1.03,6.92,98.91,0.00,212.28,30.51,0.56,26.07
2026-01-23 16:29:59,Meter 1,2026-01-23 16:29:00,80.33,99.42,0.00,212.69,88.10,10.71,-1.19,7.97,98.91,0.00,212.92,71.60,8.85,0.95,8.28,99.35,0.00,212.77,81.30,10.01,-0.08,8.50,100.00,0.00,212.39,29.58,-0.31,24.75
2026-01-23 16:30:59,Meter 1,2026-01-23 16:30:00,70.41,99.48,0.00,212.68,64.45,7.85,-0.93,6.98,99.13,0.00,213.08,73.59,9.10,0.55,8.87,99.81,0.00,212.49,73.20,9.01,0.85,8.57,99.51,0.00,212.46,25.95,0.48,24.42
2026-01-23 16:31:59,Meter 1,2026-01-23 16:31:00,75.82,97.45,0.00,212.56,87.34,10.62,-1.36,9.59,99.01,0.00,212.63,78.18,9.65,2.69,8.79,95.63,0.00,212.47,61.93,7.63,1.55,7.08,97.69,0.00,212.57,27.90,2.88,25.46
2026-01-23 16:32:59,Meter 1,2026-01-23 16:32:00,74.46,99.25,0.00,212.55,105.39,12.80,-2.23,10.51,97.82,0.00,212.69,58.99,7.29,0.26,6.77,99.93,0.00,212.69,59.02,7.27,0.04,5.67,100.00,0.00,212.27,27.36,-1.93,22.94
2026-01-23 16:33:59,Meter 1,2026-01-23 16:33:00,70.77,96.37,0.00,212.62,82.83,10.07,-1.89,8.81,97.76,0.00,212.69,74.05,9.15,2.62,8.47,95.54,0.00,212.75,55.43,6.83,1.79,5.99,95.79,0.00,212.43,26.04,2.52,23.27
2026-01-23 16:34:59,Meter 1,2026-01-23 16:34:00,83.04,96.54,0.00,212.59,99.87,12.14,-2.88,11.60,97.06,0.00,212.46,95.90,11.83,3.80,11.07,94.58,0.00,212.71,53.36,6.58,1.26,6.19,97.99,0.00,212.60,30.55,2.18,28.86
2026-01-23 16:35:59,Meter 1,2026-01-23 16:35:00,101.21,95.54,0.00,212.66,124.88,15.19,-4.65,13.02,94.19,0.00,212.53,124.12,15.31,5.19,14.24,93.96,0.00,212.66,54.62,6.74,0.87,4.92,98.48,0.00,212.79,37.24,1.41,32.19
2026-01-23 16:36:59,Meter 1,2026-01-23 16:36:00,100.85,98.63,0.00,212.70,114.14,13.87,-2.66,13.27,98.05,0.00,212.67,110.70,13.68,2.77,13.13,97.85,0.00,212.95,77.70,9.58,-0.08,8.09,100.00,0.00,212.49,37.13,0.03,34.49
2026-01-23 16:37:59,Meter 1,2026-01-23 16:37:00,81.53,97.95,0.00,212.70,91.52,11.13,-0.38,8.37,99.90,0.00,212.89,78.35,9.69,2.66,8.81,95.73,0.00,212.79,74.72,9.20,1.41,7.35,98.22,0.00,212.41,30.02,3.69,24.54
2026-01-23 16:38:59,Meter 1,2026-01-23 16:38:00,84.74,98.33,0.00,212.56,102.51,12.46,-0.69,10.06,99.77,0.00,212.82,78.74,9.73,2.45,8.90,96.43,0.00,212.64,72.98,8.98,1.11,7.13,98.81,0.00,212.22,31.17,2.87,26.09
2026-01-23 16:39:59,Meter 1,2026-01-23 16:39:00,78.58,97.43,0.00,212.87,83.98,10.22,-2.97,9.26,95.23,0.00,213.06,80.07,9.91,-0.83,9.49,99.62,0.00,213.06,71.68,8.84,-1.78,7.70,97.42,0.00,212.50,28.96,-5.58,26.45
2026-01-23 16:40:59,Meter 1,2026-01-23 16:40:00,47.02,96.30,0.00,212.58,40.86,4.97,0.98,4.43,97.66,0.00,213.08,45.80,5.67,1.32,5.24,96.97,0.00,212.58,54.39,6.69,2.14,6.04,94.28,0.00,212.06,17.32,4.43,15.71
2026-01-23 16:41:59,Meter 1,2026-01-23 16:41:00,81.79,99.42,0.00,212.63,91.35,11.11,-1.50,8.86,98.61,0.00,212.82,71.84,8.87,-0.66,8.30,99.68,0.00,212.64,82.16,10.12,-0.22,8.30,99.97,0.00,212.43,30.10,-2.37,25.47
2026-01-23 16:42:59,Meter 1,2026-01-23 16:42:00,64.16,96.98,0.00,212.52,68.69,8.35,0.07,6.65,99.99,0.00,212.89,63.26,7.82,1.48,7.36,98.03,0.00,212.43,60.51,7.44,2.41,6.06,92.92,0.00,212.25,23.61,3.97,20.06
2026-01-23 16:43:59,Meter 1,2026-01-23 16:43:00,81.50,99.62,0.00,212.74,87.71,10.68,-1.53,10.11,98.87,0.00,213.03,77.47,9.57,-0.05,9.20,100.00,0.00,212.54,79.31,9.77,-0.15,8.68,99.98,0.00,212.65,30.02,-1.73,27.98
2026-01-23 16:44:59,Meter 1,2026-01-23 16:44:00,62.27,98.78,0.00,212.77,68.05,8.29,-0.60,4.71,99.21,0.00,213.11,55.44,6.85,-0.14,6.53,99.98,0.00,212.59,63.34,7.80,1.53,6.27,97.15,0.00,212.60,22.94,0.80,17.51
2026-01-23 16:45:59,Meter 1,2026-01-23 16:45:00,85.89,98.67,0.00,212.67,93.14,11.33,-2.97,10.66,96.32,0.00,212.86,86.32,10.67,0.43,10.43,99.92,0.00,212.72,78.22,9.64,-0.61,8.80,99.76,0.00,212.44,31.63,-3.16,29.89
2026-01-23 16:46:59,Meter 1,2026-01-23 16:46:00,85.47,98.28,0.00,212.46,94.18,11.44,-0.45,8.70,99.87,0.00,212.62,65.78,8.12,1.94,7.40,96.72,0.00,212.62,96.46,11.87,2.11,11.15,98.26,0.00,212.13,31.43,3.60,27.25
2026-01-23 16:47:59,Meter 1,2026-01-23 16:47:00,81.56,98.43,0.00,212.45,94.45,11.48,-0.26,8.06,99.95,0.00,212.70,66.69,8.24,1.76,7.20,97.14,0.00,212.47,83.53,10.27,1.60,8.32,98.20,0.00,212.19,29.99,3.10,23.58
2026-01-23 16:48:59,Meter 1,2026-01-23 16:48:00,78.85,98.99,0.00,212.53,90.82,11.04,0.49,8.39,99.83,0.00,212.71,73.15,9.03,1.52,7.98,98.23,0.00,212.52,72.59,8.93,1.06,7.10,98.91,0.00,212.37,29.01,3.07,23.48
2026-01-23 16:49:59,Meter 1,2026-01-23 16:49:00,75.25,97.99,0.00,212.81,84.56,10.30,-1.66,9.78,98.60,0.00,212.90,73.85,9.12,-1.62,8.51,98.23,0.00,212.72,67.33,8.30,-1.87,7.63,97.13,0.00,212.82,27.72,-5.14,25.92
2026-01-23 16:50:59,Meter 1,2026-01-23 16:50:00,69.07,97.61,0.00,212.48,89.83,10.92,0.36,10.34,99.94,0.00,212.47,61.84,7.63,1.93,7.03,96.42,0.00,212.49,55.54,6.84,1.72,6.29,96.46,0.00,212.48,25.39,4.02,23.66
2026-01-23 16:51:59,Meter 1,2026-01-23 16:51:00,96.06,99.64,0.00,212.48,120.93,14.70,-1.21,12.89,99.56,0.00,212.41,88.42,10.90,0.85,10.20,99.65,0.00,212.43,78.83,9.71,-0.60,7.98,99.71,0.00,212.59,35.31,-0.96,31.07
2026-01-23 16:52:59,Meter 1,2026-01-23 16:52:00,80.64,98.77,0.00,212.44,97.51,11.86,0.21,8.85,99.97,0.00,212.75,78.50,9.69,1.84,8.60,97.78,0.00,212.21,65.90,8.10,1.15,6.69,98.55,0.00,212.35,29.65,3.20,24.14
2026-01-23 16:53:59,Meter 1,2026-01-23 16:53:00,78.44,98.96,0.00,212.64,81.46,9.92,-1.74,9.09,98.21,0.00,212.86,77.34,9.54,-0.25,9.09,99.96,0.00,212.30,76.50,9.42,-1.34,8.24,98.69,0.00,212.76,28.89,-3.34,26.41
2026-01-23 16:54:59,Meter 1,2026-01-23 16:54:00,62.49,98.89,0.00,212.72,57.51,7.00,-0.02,5.60,100.00,0.00,213.17,59.79,7.40,1.30,6.77,98.20,0.00,212.61,70.17,8.63,1.46,8.25,98.47,0.00,212.38,23.03,2.73,20.62
2026-01-23 16:55:59,Meter 1,2026-01-23 16:55:00,89.63,98.69,0.00,212.57,103.53,12.60,-2.76,10.29,96.59,0.00,213.11,89.59,11.07,1.01,10.83,99.57,0.00,212.29,75.76,9.31,-0.35,8.66,99.92,0.00,212.31,32.98,-2.10,29.78
2026-01-23 16:56:59,Meter 1,2026-01-23 16:56:00,88.66,98.59,0.00,212.59,94.68,11.53,-2.53,10.09,96.99,0.00,213.05,92.46,11.42,0.87,10.88,99.68,0.00,212.24,78.83,9.69,-1.07,7.86,99.08,0.00,212.49,32.64,-2.74,28.83
2026-01-23 16:57:59,Meter 1,2026-01-23 16:57:00,81.10,99.72,0.00,212.60,101.54,12.36,-0.54,8.60,99.80,0.00,213.02,78.40,9.69,1.00,8.74,99.36,0.00,212.44,63.36,7.79,-0.09,5.86,99.99,0.00,212.35,29.84,0.36,23.19
2026-01-23 16:58:59,Meter 1,2026-01-23 16:58:00,71.81,99.22,0.00,212.71,86.20,10.49,-1.00,6.47,98.83,0.00,213.05,73.81,9.12,1.11,8.12,99.09,0.00,212.55,55.42,6.82,-0.33,4.77,99.75,0.00,212.54,26.44,-0.23,19.36
2026-01-23 16:59:59,Meter 1,2026-01-23 16:59:00,68.88,99.37,0.00,212.66,80.74,9.82,-0.09,6.57,99.99,0.00,212.95,65.76,8.13,0.33,7.61,99.90,0.00,212.61,60.15,7.40,-1.08,5.68,98.23,0.00,212.41,25.35,-0.84,19.85
2026-01-23 17:00:59,Meter 1,2026-01-23 17:00:00,63.60,99.75,0.00,212.63,75.26,9.15,0.57,7.30,99.69,0.00,212.69,59.65,7.37,0.34,6.79,99.87,0.00,212.77,55.87,6.88,0.48,5.90,99.67,0.00,212.42,23.40,1.39,19.99
2026-01-23 17:01:59,Meter 1,2026-01-23 17:01:00,90.68,99.35,0.00,212.58,108.73,13.20,-2.08,12.01,98.53,0.00,212.76,74.39,9.20,-0.19,8.78,99.98,0.00,212.87,88.93,10.95,-0.91,9.55,99.55,0.00,212.11,33.35,-3.18,30.34
2026-01-23 17:02:59,Meter 1,2026-01-23 17:02:00,70.77,99.18,0.00,212.70,72.12,8.76,-0.67,7.58,99.62,0.00,213.07,58.60,7.26,-1.18,6.76,98.51,0.00,212.98,81.57,10.04,-1.03,9.47,99.41,0.00,212.04,26.06,-2.87,23.81
2026-01-23 17:03:59,Meter 1,2026-01-23 17:03:00,67.41,97.75,0.00,212.78,77.33,9.41,-0.39,5.85,99.77,0.00,213.18,45.82,5.67,-1.54,4.19,93.87,0.00,212.78,79.07,9.74,0.74,8.22,99.59,0.00,212.37,24.82,-1.19,18.26
2026-01-23 17:04:59,Meter 1,2026-01-23 17:04:00,66.39,99.35,0.00,212.66,72.08,8.77,0.20,5.89,99.94,0.00,212.99,50.62,6.26,-0.41,4.87,99.65,0.00,212.66,76.48,9.41,1.46,8.27,98.48,0.00,212.32,24.44,1.25,19.03
2026-01-23 17:05:59,Meter 1,2026-01-23 17:05:00,70.16,99.46,0.00,212.54,67.74,8.24,-0.03,5.78,100.00,0.00,212.68,62.61,7.72,-0.42,6.73,99.81,0.00,212.37,80.13,9.87,1.48,8.62,98.56,0.00,212.58,25.83,1.02,21.14
2026-01-23 17:06:59,Meter 1,2026-01-23 17:06:00,78.50,99.77,0.00,212.43,82.26,10.00,-0.49,7.39,99.78,0.00,212.58,68.70,8.48,-0.18,7.75,99.97,0.00,212.38,84.53,10.40,0.85,8.88,99.55,0.00,212.32,28.87,0.18,24.01
2026-01-23 17:07:59,Meter 1,2026-01-23 17:07:00,84.04,99.85,0.00,212.58,104.58,12.70,-0.84,9.88,99.64,0.00,212.58,69.36,8.57,-0.18,8.10,99.98,0.00,212.81,78.19,9.63,-0.30,8.57,99.94,0.00,212.35,30.91,-1.33,26.55
2026-01-23 17:08:59,Meter 1,2026-01-23 17:08:00,77.26,99.12,0.00,212.64,95.88,11.66,-1.29,8.71,98.92,0.00,212.79,61.05,7.54,-1.19,6.99,98.58,0.00,212.71,74.84,9.22,-0.42,8.09,99.86,0.00,212.42,28.42,-2.90,23.78
2026-01-23 17:09:59,Meter 1,2026-01-23 17:09:00,65.68,97.52,0.00,212.71,62.38,7.59,-1.35,6.89,98.13,0.00,212.92,54.77,6.77,-1.97,6.05,95.06,0.00,212.77,79.90,9.84,-1.07,9.43,99.36,0.00,212.44,24.20,-4.40,22.36
2026-01-23 17:10:59,Meter 1,2026-01-23 17:10:00,72.31,99.33,0.00,212.58,74.48,9.05,0.61,6.23,99.52,0.00,212.84,57.98,7.17,-0.17,6.29,99.96,0.00,212.70,84.47,10.40,1.63,9.29,98.50,0.00,212.18,26.61,2.07,21.82
2026-01-23 17:11:59,Meter 1,2026-01-23 17:11:00,63.02,99.54,0.00,212.63,59.90,7.28,0.21,6.90,99.96,0.00,212.94,61.82,7.64,0.09,7.48,99.99,0.00,212.70,67.35,8.29,1.29,7.85,98.68,0.00,212.23,23.22,1.59,22.23
2026-01-23 17:12:59,Meter 1,2026-01-23 17:12:00,71.66,99.62,0.00,212.63,80.14,9.75,-0.66,6.62,99.51,0.00,212.86,61.32,7.58,-0.50,7.14,99.76,0.00,212.67,73.52,9.05,0.73,7.94,99.58,0.00,212.35,26.37,-0.42,21.70
2026-01-23 17:13:59,Meter 1,2026-01-23 17:13:00,55.68,98.26,0.00,212.59,45.59,5.54,0.56,5.06,99.40,0.00,212.52,57.93,7.15,0.42,6.94,99.82,0.00,212.77,63.53,7.83,2.23,7.26,95.58,0.00,212.49,20.52,3.21,19.26
2026-01-23 17:14:59,Meter 1,2026-01-23 17:14:00,69.51,99.19,0.00,212.56,85.92,10.44,-0.89,8.22,99.42,0.00,212.43,49.41,6.10,-1.01,5.28,98.21,0.00,212.73,73.19,9.02,0.23,7.39,99.95,0.00,212.53,25.56,-1.67,20.89
2026-01-23 17:15:59,Meter 1,2026-01-23 17:15:00,69.73,99.52,0.00,212.49,89.97,10.93,0.00,8.36,100.00,0.00,212.48,47.09,5.81,-0.11,5.18,99.98,0.00,212.60,72.14,8.88,1.37,8.01,98.57,0.00,212.37,25.63,1.27,21.55
2026-01-23 17:16:59,Meter 1,2026-01-23 17:16:00,69.96,99.63,0.00,212.63,85.00,10.33,-0.08,6.79,99.99,0.00,212.80,50.01,6.18,-0.33,4.89,99.77,0.00,212.72,74.87,9.22,1.08,8.12,99.12,0.00,212.38,25.73,0.67,19.80
2026-01-23 17:17:59,Meter 1,2026-01-23 17:17:00,62.53,98.45,0.00,212.56,68.52,8.33,-0.90,7.82,99.35,0.00,212.90,47.51,5.87,-1.46,5.06,96.06,0.00,212.66,71.56,8.80,-0.29,8.20,99.94,0.00,212.10,23.00,-2.66,21.08
2026-01-23 17:18:59,Meter 1,2026-01-23 17:18:00,90.79,99.49,0.00,212.27,99.12,12.04,0.65,7.76,99.65,0.00,212.78,79.65,9.84,0.40,8.82,99.90,0.00,212.20,93.60,11.49,1.55,10.42,98.92,0.00,211.81,33.36,2.59,27.01
2026-01-23 17:19:59,Meter 1,2026-01-23 17:19:00,90.58,99.75,0.00,212.26,113.73,13.79,0.02,9.17,100.00,0.00,212.62,75.08,9.27,0.17,8.51,99.98,0.00,212.45,82.93,10.19,1.11,9.18,99.27,0.00,211.71,33.26,1.31,26.86
2026-01-23 17:20:59,Meter 1,2026-01-23 17:20:00,75.87,98.88,0.00,212.29,89.77,10.89,1.12,7.96,99.02,0.00,212.48,62.40,7.70,0.37,7.18,99.86,0.00,212.47,75.43,9.27,1.74,8.08,97.75,0.00,211.91,27.87,3.24,23.22
2026-01-23 17:21:59,Meter 1,2026-01-23 17:21:00,72.17,98.90,0.00,212.27,83.92,10.18,0.75,8.90,99.64,0.00,212.37,58.55,7.23,0.43,6.83,99.80,0.00,212.54,74.03,9.11,2.04,8.51,97.26,0.00,211.92,26.51,3.22,24.24
2026-01-23 17:22:59,Meter 1,2026-01-23 17:22:00,68.46,99.02,0.00,212.31,84.59,10.27,1.20,7.34,98.70,0.00,212.38,58.67,7.24,0.65,6.42,99.50,0.00,212.37,62.11,7.64,0.88,5.78,98.85,0.00,212.19,25.15,2.73,19.54
2026-01-23 17:23:59,Meter 1,2026-01-23 17:23:00,56.20,99.10,0.00,212.37,67.61,8.21,0.52,5.69,99.58,0.00,212.55,52.03,6.42,0.74,5.64,99.16,0.00,212.33,48.96,6.02,0.78,4.58,98.57,0.00,212.24,20.65,2.04,15.91
2026-01-23 17:24:59,Meter 1,2026-01-23 17:24:00,58.07,99.53,0.00,212.37,72.80,8.84,0.01,7.97,100.00,0.00,212.48,53.16,6.56,1.01,6.17,98.69,0.00,212.43,48.24,5.93,0.22,4.70,99.89,0.00,212.20,21.33,1.25,18.85
2026-01-23 17:25:59,Meter 1,2026-01-23 17:25:00,51.10,98.00,0.00,212.33,56.19,6.83,1.08,5.37,98.03,0.00,212.65,49.08,6.06,0.86,5.67,98.86,0.00,212.17,48.02,5.90,1.28,5.23,97.12,0.00,212.17,18.79,3.23,16.27
2026-01-23 17:26:59,Meter 1,2026-01-23 17:26:00,68.20,99.79,0.00,212.32,76.71,9.32,-0.61,6.14,99.51,0.00,212.74,56.78,7.01,-0.34,6.24,99.85,0.00,212.11,71.10,8.73,-0.07,7.49,100.00,0.00,212.12,25.06,-1.02,19.88
2026-01-23 17:27:59,Meter 1,2026-01-23 17:27:00,84.38,98.78,0.00,212.41,97.91,11.89,-0.79,10.62,99.72,0.00,212.67,66.37,8.20,-1.80,7.52,97.25,0.00,212.42,88.84,10.92,-1.13,9.96,99.37,0.00,212.12,31.01,-3.72,28.09
2026-01-23 17:28:59,Meter 1,2026-01-23 17:28:00,67.11,99.97,0.00,212.31,82.08,9.98,-0.06,6.47,100.00,0.00,212.71,58.49,7.22,-0.13,6.45,99.98,0.00,212.14,60.76,7.46,0.21,5.83,99.94,0.00,212.09,24.66,0.02,18.76
2026-01-23 17:29:59,Meter 1,2026-01-23 17:29:00,73.24,99.21,0.00,212.46,92.63,11.26,-0.70,7.97,99.62,0.00,212.73,52.45,6.48,-0.81,5.81,99.05,0.00,212.39,74.62,9.18,-1.04,7.09,98.95,0.00,212.26,26.91,-2.54,20.87
2026-01-23 17:30:59,Meter 1,2026-01-23 17:30:00,54.78,99.88,0.00,212.34,62.88,7.64,-0.16,6.71,99.97,0.00,212.57,43.82,5.41,-0.20,4.96,99.92,0.00,212.35,57.66,7.09,-0.42,5.83,99.74,0.00,212.09,20.13,-0.78,17.50
2026-01-23 17:31:59,Meter 1,2026-01-23 17:31:00,38.09,99.22,0.00,212.26,48.53,5.90,0.61,5.45,99.39,0.00,212.54,31.50,3.88,-0.56,3.47,98.73,0.00,212.07,34.23,4.20,-0.36,3.69,99.52,0.00,212.16,13.99,-0.31,12.61
2026-01-23 17:32:59,Meter 1,2026-01-23 17:32:00,67.46,99.40,0.00,212.19,92.37,11.22,0.63,7.70,99.67,0.00,212.47,49.22,6.07,-0.13,4.78,99.96,0.00,211.92,60.78,7.46,-0.77,4.47,98.56,0.00,212.18,24.75,-0.27,16.95
2026-01-23 17:33:59,Meter 1,2026-01-23 17:33:00,75.06,98.22,0.00,212.24,99.54,12.09,-0.20,11.71,99.99,0.00,212.25,60.34,7.43,-0.92,6.99,99.14,0.00,212.05,65.30,8.03,-2.26,7.30,95.53,0.00,212.41,27.56,-3.38,26.00
2026-01-23 17:34:59,Meter 1,2026-01-23 17:34:00,70.82,99.25,0.00,212.16,91.20,11.08,1.61,9.48,98.58,0.00,212.28,57.54,7.09,0.07,6.31,99.99,0.00,211.93,63.72,7.83,0.84,6.58,99.19,0.00,212.26,25.99,2.53,22.36
2026-01-23 17:35:59,Meter 1,2026-01-23 17:35:00,72.73,97.33,0.00,212.13,84.49,10.26,-0.79,9.95,99.69,0.00,212.35,63.75,7.85,-2.03,7.19,96.24,0.00,211.85,69.96,8.59,-2.24,7.75,96.05,0.00,212.20,26.71,-5.06,24.89
2026-01-23 17:36:59,Meter 1,2026-01-23 17:36:00,60.82,99.55,0.00,212.12,69.24,8.40,0.92,7.15,99.18,0.00,212.46,50.13,6.18,0.12,5.83,99.98,0.00,211.99,63.08,7.74,0.73,7.24,99.49,0.00,211.90,22.33,1.78,20.22
2026-01-23 17:37:59,Meter 1,2026-01-23 17:37:00,74.35,99.91,0.00,212.21,97.28,11.81,0.39,8.88,99.90,0.00,212.37,62.85,7.75,-0.02,7.15,100.00,0.00,212.24,62.92,7.73,-0.36,6.19,99.83,0.00,212.03,27.29,0.01,22.22
2026-01-23 17:38:59,Meter 1,2026-01-23 17:38:00,77.58,98.79,0.00,212.26,94.85,11.52,-1.29,8.74,98.93,0.00,212.39,62.13,7.66,-1.22,7.12,98.57,0.00,212.21,75.75,9.31,-1.19,7.80,98.86,0.00,212.19,28.49,-3.69,23.66
2026-01-23 17:39:59,Meter 1,2026-01-23 17:39:00,70.38,99.84,0.00,212.10,79.43,9.64,-0.05,7.97,100.00,0.00,212.28,58.39,7.19,-0.43,6.53,99.78,0.00,211.99,73.33,9.01,0.55,7.61,99.74,0.00,212.04,25.84,0.07,22.11
2026-01-23 17:40:59,Meter 1,2026-01-23 17:40:00,83.90,99.52,0.00,212.09,109.37,13.27,-1.30,10.61,99.25,0.00,212.03,70.54,8.68,0.91,8.17,99.38,0.00,212.04,71.80,8.83,0.29,7.21,99.92,0.00,212.21,30.78,-0.10,25.98
2026-01-23 17:41:59,Meter 1,2026-01-23 17:41:00,79.97,99.07,0.00,212.08,98.57,11.95,-0.39,9.52,99.92,0.00,212.01,68.10,8.39,0.45,7.67,99.82,0.00,212.22,73.24,9.00,1.73,7.55,97.47,0.00,212.00,29.34,1.80,24.75
2026-01-23 17:42:59,Meter 1,2026-01-23 17:42:00,84.80,99.75,0.00,212.12,104.35,12.65,-0.77,10.88,99.75,0.00,212.06,70.57,8.69,-0.25,8.22,99.95,0.00,212.25,79.48,9.77,0.81,8.56,99.55,0.00,212.06,31.12,-0.21,27.65
2026-01-23 17:43:59,Meter 1,2026-01-23 17:43:00,79.92,99.74,0.00,212.17,91.06,11.04,-0.96,9.00,99.44,0.00,212.17,71.46,8.81,0.55,8.48,99.79,0.00,212.28,77.25,9.50,-0.06,8.11,100.00,0.00,212.05,29.35,-0.47,25.60
2026-01-23 17:44:59,Meter 1,2026-01-23 17:44:00,68.62,99.93,0.00,212.00,79.14,9.59,-0.37,8.90,99.92,0.00,211.99,57.94,7.14,-0.00,6.76,100.00,0.00,212.13,68.78,8.45,0.38,7.89,99.88,0.00,211.88,25.18,0.01,23.54
2026-01-23 17:45:59,Meter 1,2026-01-23 17:45:00,69.58,99.30,0.00,211.97,79.09,9.59,0.11,7.97,99.99,0.00,212.31,54.31,6.70,0.89,5.88,98.88,0.00,211.96,75.33,9.24,1.25,8.86,99.02,0.00,211.64,25.52,2.25,22.71
2026-01-23 17:46:59,Meter 1,2026-01-23 17:46:00,73.89,99.08,0.00,212.00,92.59,11.23,-0.03,8.13,100.00,0.00,212.28,68.06,8.39,1.53,7.41,97.92,0.00,211.99,61.03,7.49,0.67,5.75,99.33,0.00,211.75,27.10,2.18,21.30
2026-01-23 17:47:59,Meter 1,2026-01-23 17:47:00,54.60,99.61,0.00,212.07,69.95,8.48,-1.02,8.19,99.23,0.00,212.19,47.06,5.80,-0.24,5.56,99.91,0.00,212.09,46.81,5.75,-0.41,5.22,99.70,0.00,211.94,20.03,-1.67,18.97
2026-01-23 17:48:59,Meter 1,2026-01-23 17:48:00,79.93,98.89,0.00,212.07,99.81,12.09,-1.40,9.70,98.97,0.00,212.06,64.96,8.01,-1.19,7.61,98.81,0.00,212.40,75.03,9.22,-1.21,8.03,98.88,0.00,211.74,29.32,-3.80,25.34
2026-01-23 17:49:59,Meter 1,2026-01-23 17:49:00,69.11,97.78,0.00,211.84,87.59,10.59,0.52,9.99,99.87,0.00,211.69,61.34,7.55,1.55,7.15,97.72,0.00,212.22,58.40,7.18,2.00,6.61,95.74,0.00,211.61,25.32,4.07,23.75
2026-01-23 17:50:59,Meter 1,2026-01-23 17:50:00,81.64,99.88,0.00,212.04,101.07,12.25,-0.38,11.44,99.95,0.00,212.07,66.02,8.14,-0.33,7.86,99.91,0.00,212.26,77.82,9.56,-0.58,8.70,99.78,0.00,211.79,29.94,-1.28,27.99
2026-01-23 17:51:59,Meter 1,2026-01-23 17:51:00,72.88,99.39,0.00,212.17,92.80,11.26,-1.07,8.43,99.20,0.00,212.24,60.22,7.42,-0.37,6.88,99.86,0.00,212.28,65.60,8.06,-0.84,6.24,99.11,0.00,211.99,26.74,-2.28,21.55
2026-01-23 17:52:59,Meter 1,2026-01-23 17:52:00,72.04,99.65,0.00,212.06,88.38,10.72,-0.60,8.53,99.75,0.00,212.12,56.74,6.99,-0.55,6.05,99.58,0.00,212.03,71.01,8.72,0.59,6.66,99.61,0.00,212.02,26.43,-0.56,21.24
2026-01-23 17:53:59,Meter 1,2026-01-23 17:53:00,85.83,99.67,0.00,212.00,97.19,11.79,-1.18,8.44,99.03,0.00,212.15,71.49,8.80,0.11,8.18,99.99,0.00,211.84,88.83,10.91,-0.06,9.30,100.00,0.00,212.02,31.50,-1.13,25.91
2026-01-23 17:54:59,Meter 1,2026-01-23 17:54:00,68.92,99.53,0.00,211.99,74.20,9.01,-1.17,8.22,99.01,0.00,212.07,63.56,7.82,0.55,7.57,99.74,0.00,211.75,69.01,8.47,-0.41,7.71,99.86,0.00,212.14,25.30,-1.03,23.50
2026-01-23 17:55:59,Meter 1,2026-01-23 17:55:00,74.50,99.12,0.00,212.05,90.16,10.94,-1.42,9.15,98.82,0.00,212.15,68.58,8.44,0.11,8.16,99.99,0.00,211.83,64.77,7.96,-1.12,6.52,98.56,0.00,212.17,27.34,-2.43,23.83
2026-01-23 17:56:59,Meter 1,2026-01-23 17:56:00,78.71,99.91,0.00,211.87,88.70,10.75,-0.32,8.99,99.94,0.00,211.75,70.09,8.61,-0.05,8.03,100.00,0.00,211.77,77.33,9.50,0.49,7.78,99.80,0.00,212.10,28.87,0.13,24.80
2026-01-23 17:57:59,Meter 1,2026-01-23 17:57:00,67.26,99.35,0.00,212.20,86.02,10.45,-1.28,9.48,99.09,0.00,212.10,51.23,6.31,0.17,6.00,99.96,0.00,212.07,64.54,7.94,-0.92,6.48,99.00,0.00,212.43,24.69,-2.03,21.96
2026-01-23 17:58:59,Meter 1,2026-01-23 17:58:00,64.80,98.92,0.00,212.63,97.52,11.87,-0.48,11.68,99.92,0.00,212.51,48.89,6.03,1.35,5.69,97.31,0.00,212.55,47.99,5.92,0.52,5.44,99.54,0.00,212.83,23.81,1.39,22.81
2026-01-23 17:59:59,Meter 1,2026-01-23 17:59:00,68.88,98.96,0.00,212.81,83.27,10.15,-0.58,7.72,99.72,0.00,212.94,57.75,7.13,1.01,6.30,98.74,0.00,212.58,65.62,8.09,1.20,6.70,98.43,0.00,212.92,25.37,1.63,20.72
2026-01-23 18:00:59,Meter 1,2026-01-23 18:00:00,72.24,99.84,0.00,213.04,87.05,10.62,-0.49,9.71,99.87,0.00,213.32,60.54,7.49,0.55,7.19,99.71,0.00,212.84,69.14,8.52,0.24,7.77,99.95,0.00,212.96,26.63,0.31,24.66
2026-01-23 18:01:59,Meter 1,2026-01-23 18:01:00,71.24,99.82,0.00,213.18,86.40,10.53,-0.34,8.44,99.92,0.00,213.39,54.44,6.75,-0.17,5.96,99.96,0.00,213.27,72.87,9.00,0.70,7.75,99.59,0.00,212.90,26.27,0.19,22.15
2026-01-23 18:02:59,Meter 1,2026-01-23 18:02:00,70.71,99.90,0.00,213.08,75.58,9.20,0.25,8.57,99.96,0.00,213.22,59.96,7.43,0.37,7.23,99.87,0.00,213.22,76.59,9.45,0.47,9.00,99.87,0.00,212.80,26.08,1.09,24.80
2026-01-23 18:03:59,Meter 1,2026-01-23 18:03:00,73.63,98.95,0.00,213.15,85.51,10.42,-0.61,8.75,99.76,0.00,213.35,59.57,7.38,-1.36,6.59,97.93,0.00,213.16,75.81,9.36,-1.08,8.34,99.18,0.00,212.93,27.16,-3.05,23.67
2026-01-23 18:04:59,Meter 1,2026-01-23 18:04:00,65.36,99.63,0.00,213.04,85.46,10.42,0.71,10.01,99.75,0.00,213.30,60.17,7.45,0.69,7.26,99.55,0.00,212.85,50.45,6.22,0.53,5.73,99.58,0.00,212.96,24.09,1.93,23.00
2026-01-23 18:05:59,Meter 1,2026-01-23 18:05:00,76.63,98.36,0.00,212.92,99.32,12.10,-0.49,10.79,99.90,0.00,212.96,63.54,7.85,-1.14,7.06,98.72,0.00,212.86,67.03,8.27,-1.81,6.64,96.48,0.00,212.94,28.22,-3.45,24.50
2026-01-23 18:06:59,Meter 1,2026-01-23 18:06:00,69.60,97.89,0.00,213.11,79.41,9.68,-0.99,8.66,99.35,0.00,213.23,64.90,8.03,-1.19,7.21,98.66,0.00,213.07,64.48,7.96,-2.06,6.74,95.64,0.00,213.04,25.67,-4.24,22.61
2026-01-23 18:07:59,Meter 1,2026-01-23 18:07:00,71.80,99.33,0.00,213.03,92.08,11.22,-0.90,9.44,99.54,0.00,213.04,64.04,7.92,0.75,7.56,99.52,0.00,212.93,59.26,7.32,-0.80,5.44,98.94,0.00,213.11,26.46,-0.96,22.44
2026-01-23 18:08:59,Meter 1,2026-01-23 18:08:00,83.10,99.43,0.00,213.01,98.51,12.00,-1.52,10.75,99.01,0.00,213.01,74.89,9.26,0.18,8.69,99.98,0.00,212.98,75.89,9.37,-0.93,7.75,99.29,0.00,213.03,30.63,-2.26,27.19
2026-01-23 18:09:59,Meter 1,2026-01-23 18:09:00,66.52,99.14,0.00,212.98,68.42,8.34,-0.21,6.64,99.95,0.00,213.17,59.80,7.40,-0.17,6.46,99.97,0.00,212.80,71.34,8.80,1.67,7.30,97.50,0.00,212.97,24.53,1.28,20.40
2026-01-23 18:10:59,Meter 1,2026-01-23 18:10:00,69.01,98.80,0.00,212.74,81.03,9.85,0.25,7.96,99.95,0.00,212.99,60.76,7.52,1.10,7.21,98.85,0.00,212.86,65.25,8.04,1.54,6.88,97.59,0.00,212.38,25.41,2.90,22.05
2026-01-23 18:11:59,Meter 1,2026-01-23 18:11:00,77.37,99.70,0.00,212.90,93.44,11.38,-0.12,9.93,99.99,0.00,213.33,60.53,7.50,0.13,6.90,99.98,0.00,212.91,78.15,9.62,1.23,9.21,99.12,0.00,212.46,28.50,1.23,26.04
2026-01-23 18:12:59,Meter 1,2026-01-23 18:12:00,74.38,98.84,0.00,212.98,79.75,9.71,0.03,8.27,100.00,0.00,213.32,62.57,7.75,0.68,7.19,99.56,0.00,213.07,80.81,9.96,2.37,9.39,96.97,0.00,212.54,27.42,3.08,24.85
2026-01-23 18:13:59,Meter 1,2026-01-23 18:13:00,72.72,99.40,0.00,213.10,88.99,10.85,-1.15,8.96,99.18,0.00,213.56,59.09,7.32,0.77,6.87,99.38,0.00,212.95,70.07,8.64,0.66,7.70,99.63,0.00,212.78,26.81,0.28,23.53
2026-01-23 18:14:59,Meter 1,2026-01-23 18:14:00,63.04,98.11,0.00,213.01,78.19,9.53,-0.29,7.16,99.92,0.00,213.53,50.81,6.29,1.25,5.39,97.41,0.00,212.78,60.11,7.40,1.65,6.61,97.02,0.00,212.70,23.23,2.61,19.16
2026-01-23 18:15:59,Meter 1,2026-01-23 18:15:00,78.83,99.53,0.00,213.03,104.21,12.71,-0.90,10.53,99.64,0.00,213.47,63.27,7.83,-0.12,7.00,99.99,0.00,212.72,69.00,8.50,-0.95,6.60,98.97,0.00,212.91,29.05,-1.97,24.13
2026-01-23 18:16:59,Meter 1,2026-01-23 18:16:00,57.29,96.38,0.00,213.01,67.65,8.24,0.88,7.81,99.37,0.00,213.26,54.54,6.75,1.98,6.22,95.28,0.00,212.95,49.67,6.12,1.91,5.50,94.50,0.00,212.82,21.12,4.77,19.53
2026-01-23 18:17:59,Meter 1,2026-01-23 18:17:00,81.70,99.54,0.00,212.97,116.27,14.15,0.02,12.78,100.00,0.00,213.01,70.41,8.72,1.41,8.40,98.62,0.00,213.13,58.41,7.21,0.00,5.73,100.00,0.00,212.77,30.08,1.43,26.91
2026-01-23 18:18:59,Meter 1,2026-01-23 18:18:00,74.10,99.31,0.00,213.01,106.71,13.00,-0.31,11.59,99.96,0.00,213.28,59.63,7.39,-0.00,7.02,100.00,0.00,213.07,55.95,6.90,-1.04,5.08,97.95,0.00,212.66,27.28,-1.36,23.70
2026-01-23 18:19:59,Meter 1,2026-01-23 18:19:00,80.25,98.41,0.00,213.16,94.94,11.58,-1.27,9.21,99.07,0.00,213.47,70.12,8.68,-0.69,8.05,99.63,0.00,213.00,75.69,9.34,-2.15,7.95,96.54,0.00,213.00,29.60,-4.10,25.21
2026-01-23 18:20:59,Meter 1,2026-01-23 18:20:00,76.38,98.53,0.00,213.10,94.09,11.48,-1.30,8.91,98.95,0.00,213.61,64.20,7.95,-0.87,7.41,99.32,0.00,212.76,70.84,8.73,-1.73,7.30,97.31,0.00,212.95,28.17,-3.90,23.62
2026-01-23 18:21:59,Meter 1,2026-01-23 18:21:00,54.65,97.90,0.00,213.11,58.96,7.20,0.88,6.43,99.08,0.00,213.60,45.29,5.61,0.48,5.31,99.60,0.00,212.64,59.70,7.35,2.12,6.45,95.02,0.00,213.08,20.16,3.47,18.19
2026-01-23 18:22:59,Meter 1,2026-01-23 18:22:00,64.72,99.34,0.00,213.06,71.21,8.69,-0.46,8.47,99.85,0.00,213.31,59.88,7.41,-1.30,7.09,98.37,0.00,212.78,63.06,7.78,-0.47,7.58,99.81,0.00,213.08,23.87,-2.23,23.15
2026-01-23 18:23:59,Meter 1,2026-01-23 18:23:00,73.85,98.47,0.00,212.99,87.72,10.71,-1.91,8.23,97.42,0.00,213.41,71.72,8.87,-0.21,7.78,99.96,0.00,212.61,62.10,7.65,-1.25,6.21,98.03,0.00,212.97,27.23,-3.37,22.22
2026-01-23 18:24:59,Meter 1,2026-01-23 18:24:00,81.30,98.47,0.00,212.95,109.19,13.32,-1.97,12.59,98.80,0.00,213.05,69.00,8.52,-0.93,7.97,99.33,0.00,212.68,65.71,8.11,-1.77,7.45,97.29,0.00,213.11,29.95,-4.67,28.01
2026-01-23 18:25:59,Meter 1,2026-01-23 18:25:00,79.36,99.65,0.00,212.97,87.53,10.65,-1.21,10.25,99.31,0.00,212.96,70.28,8.70,-0.69,8.19,99.65,0.00,213.12,80.28,9.91,0.08,9.25,100.00,0.00,212.82,29.26,-1.82,27.69
2026-01-23 18:26:59,Meter 1,2026-01-23 18:26:00,68.82,99.52,0.00,213.04,78.83,9.60,-0.40,6.83,99.83,0.00,213.05,57.95,7.17,-0.50,5.98,99.66,0.00,213.11,69.69,8.60,-0.94,6.92,99.09,0.00,212.97,25.38,-1.84,19.72
2026-01-23 18:27:59,Meter 1,2026-01-23 18:27:00,69.34,97.32,0.00,213.19,77.45,9.45,-0.87,8.77,99.51,0.00,213.30,65.27,8.08,-2.30,7.24,95.30,0.00,213.17,65.31,8.07,-1.77,7.25,97.15,0.00,213.12,25.59,-4.94,23.26
2026-01-23 18:28:59,Meter 1,2026-01-23 18:28:00,54.38,99.64,0.00,213.14,68.62,8.37,-0.16,5.33,99.95,0.00,213.34,49.00,6.07,0.74,5.58,99.14,0.00,213.02,45.54,5.62,0.23,3.85,99.83,0.00,213.07,20.06,0.80,14.76
2026-01-23 18:29:59,Meter 1,2026-01-23 18:29:00,62.50,99.65,0.00,213.21,75.15,9.17,0.11,5.73,99.98,0.00,213.53,54.46,6.75,0.21,4.46,99.89,0.00,213.01,57.90,7.14,0.71,5.18,99.07,0.00,213.10,23.06,1.03,15.37
2026-01-23 18:30:59,Meter 1,2026-01-23 18:30:00,49.50,96.46,0.00,213.03,67.56,8.24,1.01,4.89,97.92,0.00,213.47,42.13,5.22,0.99,3.43,96.05,0.00,212.83,38.82,4.78,1.22,3.87,95.40,0.00,212.80,18.24,3.22,12.19
2026-01-23 18:31:59,Meter 1,2026-01-23 18:31:00,57.28,99.52,0.00,213.08,77.76,9.49,1.07,7.64,99.03,0.00,213.53,44.52,5.51,0.07,4.10,99.99,0.00,212.85,49.56,6.11,0.53,5.49,99.54,0.00,212.87,21.11,1.67,17.23
2026-01-23 18:32:59,Meter 1,2026-01-23 18:32:00,74.59,99.01,0.00,213.08,87.53,10.68,-0.21,8.20,99.97,0.00,213.41,63.19,7.82,-1.61,6.68,97.22,0.00,212.94,73.05,9.01,-0.45,7.92,99.84,0.00,212.90,27.51,-2.27,22.80
2026-01-23 18:33:59,Meter 1,2026-01-23 18:33:00,65.37,98.75,0.00,213.13,76.99,9.40,-1.57,8.68,98.40,0.00,213.53,64.94,8.04,-1.35,7.77,98.52,0.00,212.85,54.18,6.68,-0.72,6.21,99.34,0.00,213.00,24.12,-3.64,22.65
2026-01-23 18:34:59,Meter 1,2026-01-23 18:34:00,74.13,99.10,0.00,213.05,79.54,9.71,0.38,9.30,99.92,0.00,213.44,63.25,7.83,-1.69,7.33,97.45,0.00,212.75,79.61,9.81,0.36,9.61,99.93,0.00,212.96,27.34,-0.95,26.24
2026-01-23 18:35:59,Meter 1,2026-01-23 18:35:00,80.61,97.80,0.00,213.18,85.30,10.42,-0.88,7.63,99.35,0.00,213.67,67.46,8.36,-2.52,7.29,94.52,0.00,212.83,89.06,10.98,-0.94,9.61,99.53,0.00,213.04,29.75,-4.33,24.53
2026-01-23 18:36:59,Meter 1,2026-01-23 18:36:00,53.19,98.46,0.00,213.08,66.22,8.08,-0.04,3.96,99.99,0.00,213.45,44.98,5.57,-0.16,4.23,99.93,0.00,212.78,48.38,5.96,1.48,4.75,95.46,0.00,213.02,19.61,1.28,12.94
2026-01-23 18:37:59,Meter 1,2026-01-23 18:37:00,67.29,98.55,0.00,213.17,81.77,9.96,-1.53,9.54,98.74,0.00,213.32,58.81,7.29,-1.66,6.82,97.16,0.00,213.28,61.29,7.57,-0.50,7.13,99.76,0.00,212.89,24.82,-3.69,23.48
2026-01-23 18:38:59,Meter 1,2026-01-23 18:38:00,66.35,96.92,0.00,213.27,77.35,9.43,-1.56,7.40,97.86,0.00,213.47,58.12,7.20,-2.37,6.16,93.32,0.00,213.33,63.59,7.85,-0.64,7.10,99.59,0.00,213.03,24.49,-4.57,20.66
2026-01-23 18:39:59,Meter 1,2026-01-23 18:39:00,38.95,97.20,0.00,213.15,38.08,4.65,0.20,4.36,99.90,0.00,213.29,38.20,4.73,0.70,4.41,98.75,0.00,213.05,40.55,5.01,1.76,4.44,92.94,0.00,213.09,14.38,2.66,13.20
2026-01-23 18:40:59,Meter 1,2026-01-23 18:40:00,66.48,98.39,0.00,213.12,76.97,9.39,0.02,6.44,100.00,0.00,213.41,59.66,7.39,1.16,6.58,98.49,0.00,213.02,62.82,7.75,1.49,5.63,96.69,0.00,212.94,24.53,2.67,18.66
2026-01-23 18:41:59,Meter 1,2026-01-23 18:41:00,79.74,99.89,0.00,213.13,93.96,11.46,-0.63,9.96,99.80,0.00,213.48,62.94,7.80,-0.27,7.45,99.93,0.00,213.10,82.32,10.15,-0.33,9.17,99.94,0.00,212.82,29.41,-1.23,26.58
2026-01-23 18:42:59,Meter 1,2026-01-23 18:42:00,83.80,99.51,0.00,213.03,105.03,12.79,1.43,10.90,99.15,0.00,213.24,68.41,8.47,0.42,7.94,99.86,0.00,213.13,77.97,9.62,0.89,9.06,99.52,0.00,212.73,30.88,2.74,27.90
2026-01-23 18:43:59,Meter 1,2026-01-23 18:43:00,57.57,99.82,0.00,213.21,67.24,8.21,-0.21,7.52,99.96,0.00,213.51,56.42,6.98,0.22,6.78,99.95,0.00,212.90,49.06,6.05,-0.53,5.62,99.57,0.00,213.23,21.25,-0.51,19.93
2026-01-23 18:44:59,Meter 1,2026-01-23 18:44:00,84.62,98.99,0.00,213.09,108.98,13.29,0.78,11.66,99.78,0.00,213.36,68.71,8.51,-1.67,7.35,97.52,0.00,212.93,76.18,9.40,-0.65,8.01,99.67,0.00,212.97,31.19,-1.54,27.02
2026-01-23 18:45:59,Meter 1,2026-01-23 18:45:00,57.33,99.45,0.00,213.19,70.07,8.56,-0.51,7.69,99.78,0.00,213.73,54.11,6.70,-0.86,6.39,99.10,0.00,212.81,47.81,5.89,-0.54,5.11,99.45,0.00,213.02,21.15,-1.90,19.19
2026-01-23 18:46:59,Meter 1,2026-01-23 18:46:00,57.30,99.85,0.00,213.03,74.40,9.07,-0.70,8.54,99.66,0.00,213.31,54.09,6.69,0.23,6.53,99.94,0.00,212.80,43.40,5.35,0.15,4.83,99.95,0.00,212.99,21.12,-0.33,19.90
2026-01-23 18:47:59,Meter 1,2026-01-23 18:47:00,73.33,99.03,0.00,213.00,93.90,11.45,0.72,8.54,99.64,0.00,213.31,56.43,6.98,0.45,5.27,99.64,0.00,212.80,69.66,8.59,1.26,5.90,97.79,0.00,212.90,27.02,2.43,19.71
2026-01-23 18:48:59,Meter 1,2026-01-23 18:48:00,75.34,99.95,0.00,212.98,105.71,12.89,-0.45,8.55,99.86,0.00,213.38,56.16,6.95,-0.04,5.39,100.00,0.00,212.84,64.15,7.91,0.00,5.52,100.00,0.00,212.73,27.74,-0.48,19.45
2026-01-23 18:49:59,Meter 1,2026-01-23 18:49:00,65.73,99.30,0.00,213.00,88.16,10.76,-1.06,9.79,99.42,0.00,213.25,55.98,6.92,-0.10,6.43,99.99,0.00,212.61,53.04,6.54,-1.03,5.85,98.49,0.00,213.15,24.22,-2.19,22.07
2026-01-23 18:50:59,Meter 1,2026-01-23 18:50:00,75.58,99.76,0.00,212.85,109.64,13.35,-0.26,11.28,99.97,0.00,212.84,46.88,5.79,0.52,4.48,99.33,0.00,212.78,70.21,8.66,-0.07,6.22,99.99,0.00,212.93,27.81,0.20,21.98
2026-01-23 18:51:59,Meter 1,2026-01-23 18:51:00,70.62,93.71,0.00,213.19,85.33,10.41,-2.44,8.36,95.99,0.00,213.40,58.05,7.19,-2.16,5.67,93.48,0.00,213.06,68.47,8.45,-2.63,6.02,91.66,0.00,213.10,26.05,-7.22,20.06
2026-01-23 18:52:59,Meter 1,2026-01-23 18:52:00,51.32,99.57,0.00,213.01,58.14,7.09,-0.73,5.98,99.26,0.00,213.35,56.02,6.94,0.59,6.45,99.59,0.00,212.91,39.80,4.91,0.23,4.40,99.86,0.00,212.77,18.93,0.09,16.83
2026-01-23 18:53:59,Meter 1,2026-01-23 18:53:00,73.71,94.40,0.00,213.09,84.22,10.26,-2.80,8.35,94.82,0.00,213.23,69.52,8.61,-1.21,8.00,98.88,0.00,213.18,67.38,8.32,-2.88,5.79,89.51,0.00,212.86,27.19,-6.89,22.14
2026-01-23 18:54:59,Meter 1,2026-01-23 18:54:00,68.44,99.61,0.00,213.21,84.97,10.37,-0.80,7.13,99.37,0.00,213.47,62.91,7.79,-0.10,6.78,99.99,0.00,213.12,57.44,7.09,-0.55,5.23,99.46,0.00,213.05,25.25,-1.46,19.14
2026-01-23 18:55:59,Meter 1,2026-01-23 18:55:00,74.42,97.25,0.00,213.16,91.38,11.15,-2.35,8.59,96.45,0.00,213.53,66.11,8.19,-0.67,7.57,99.61,0.00,212.99,65.77,8.11,-1.81,5.95,95.68,0.00,212.96,27.45,-4.83,22.11
2026-01-23 18:56:59,Meter 1,2026-01-23 18:56:00,81.73,98.10,0.00,213.21,97.32,11.87,-1.89,11.32,98.63,0.00,213.54,73.10,9.06,-2.04,8.35,97.13,0.00,213.06,74.78,9.23,-1.45,8.37,98.54,0.00,213.03,30.16,-5.38,28.03
2026-01-23 18:57:59,Meter 1,2026-01-23 18:57:00,48.39,96.11,0.00,213.15,51.17,6.24,-0.69,5.62,99.26,0.00,213.64,51.41,6.37,1.24,6.01,97.92,0.00,212.95,42.59,5.25,1.99,4.40,91.15,0.00,212.86,17.86,2.54,16.03
2026-01-23 18:58:59,Meter 1,2026-01-23 18:58:00,83.80,98.16,0.00,213.28,83.33,10.16,-2.06,9.39,97.68,0.00,213.45,72.14,8.94,-2.02,8.21,97.11,0.00,213.42,95.93,11.85,-0.85,10.79,99.69,0.00,212.97,30.95,-4.93,28.39
2026-01-23 18:59:59,Meter 1,2026-01-23 18:59:00,86.77,99.54,0.00,212.99,104.54,12.72,-0.65,10.76,99.82,0.00,213.33,67.27,8.34,-0.60,7.66,99.69,0.00,213.19,88.48,10.90,1.38,10.15,99.09,0.00,212.43,31.97,0.12,28.57
2026-01-23 19:00:59,Meter 1,2026-01-23 19:00:00,79.45,99.23,0.00,212.95,95.74,11.65,0.06,9.52,100.00,0.00,213.29,69.81,8.65,0.61,7.51,99.67,0.00,213.12,72.79,8.97,1.35,6.66,98.01,0.00,212.45,29.27,2.02,23.70
2026-01-23 19:01:59,Meter 1,2026-01-23 19:01:00,63.34,97.29,0.00,213.01,80.84,9.84,0.53,7.25,99.73,0.00,213.39,60.88,7.55,1.55,6.79,97.48,0.00,213.18,48.30,5.95,1.55,4.57,94.67,0.00,212.45,23.34,3.64,18.61
2026-01-23 19:02:59,Meter 1,2026-01-23 19:02:00,62.42,98.63,0.00,212.96,94.17,11.46,1.49,9.11,98.68,0.00,213.36,39.24,4.87,0.53,4.33,99.25,0.00,213.17,53.86,6.63,0.97,4.71,97.94,0.00,212.35,22.96,2.99,18.15
2026-01-23 19:03:59,Meter 1,2026-01-23 19:03:00,76.38,96.99,0.00,212.98,93.83,11.41,0.00,10.71,100.00,0.00,213.08,59.54,7.38,-2.20,6.43,94.62,0.00,213.30,75.78,9.35,-2.14,7.70,96.35,0.00,212.57,28.14,-4.34,24.84
2026-01-23 19:04:59,Meter 1,2026-01-23 19:04:00,76.17,96.41,0.00,213.03,93.35,11.37,-0.45,10.87,99.83,0.00,213.14,61.40,7.60,-2.07,6.81,95.57,0.00,213.21,73.75,9.10,-2.79,7.70,93.84,0.00,212.73,28.07,-5.31,25.38
2026-01-23 19:05:59,Meter 1,2026-01-23 19:05:00,54.04,99.75,0.00,212.99,71.65,8.73,0.46,5.14,99.61,0.00,213.18,49.56,6.14,0.44,5.37,99.66,0.00,213.04,40.92,5.05,0.06,3.98,99.99,0.00,212.76,19.91,0.96,14.49
2026-01-23 19:06:59,Meter 1,2026-01-23 19:06:00,82.44,97.33,0.00,213.12,85.88,10.47,-1.14,8.88,99.19,0.00,213.44,71.85,8.90,-2.11,7.77,96.49,0.00,213.01,89.57,11.05,-2.64,9.46,96.31,0.00,212.92,30.42,-5.90,26.11
2026-01-23 19:07:59,Meter 1,2026-01-23 19:07:00,74.12,96.06,0.00,213.23,85.53,10.43,-1.15,7.54,98.87,0.00,213.60,58.58,7.26,-2.33,6.09,93.39,0.00,213.24,78.24,9.65,-2.44,8.29,95.93,0.00,212.86,27.35,-5.92,21.93
2026-01-23 19:08:59,Meter 1,2026-01-23 19:08:00,64.76,99.96,0.00,213.01,93.59,11.39,-0.05,9.23,100.00,0.00,213.27,47.12,5.84,0.04,5.50,100.00,0.00,213.15,53.58,6.61,0.24,5.08,99.89,0.00,212.63,23.84,0.22,19.81
2026-01-23 19:09:59,Meter 1,2026-01-23 19:09:00,76.17,98.44,0.00,213.10,87.49,10.67,-0.94,8.88,99.45,0.00,213.54,66.09,8.19,-1.73,7.35,97.34,0.00,213.01,74.93,9.24,-1.36,7.83,98.52,0.00,212.75,28.09,-4.02,24.06
2026-01-23 19:10:59,Meter 1,2026-01-23 19:10:00,46.76,97.43,0.00,213.00,52.83,6.45,0.36,6.08,99.83,0.00,213.61,49.26,6.10,1.22,5.68,97.75,0.00,212.58,38.19,4.70,1.35,3.97,94.71,0.00,212.80,17.25,2.93,15.73
2026-01-23 19:11:59,Meter 1,2026-01-23 19:11:00,63.67,98.86,0.00,213.18,69.44,8.48,-0.07,8.03,100.00,0.00,213.68,58.14,7.20,-1.46,6.44,97.52,0.00,212.92,63.44,7.82,-0.92,6.70,99.07,0.00,212.95,23.50,-2.45,21.17
2026-01-23 19:12:59,Meter 1,2026-01-23 19:12:00,74.50,99.22,0.00,213.17,95.17,11.62,-0.96,9.28,99.47,0.00,213.57,63.96,7.92,-0.76,7.11,99.43,0.00,212.79,64.38,7.94,-0.95,6.02,98.77,0.00,213.17,27.48,-2.68,22.40
2026-01-23 19:13:59,Meter 1,2026-01-23 19:13:00,67.15,99.44,0.00,213.06,89.98,10.97,0.65,8.86,99.73,0.00,213.41,55.40,6.86,-0.98,5.75,98.59,0.00,212.85,56.09,6.91,-0.09,5.93,99.99,0.00,212.91,24.75,-0.42,20.54
2026-01-23 19:14:59,Meter 1,2026-01-23 19:14:00,74.81,99.62,0.00,213.05,94.74,11.55,-0.06,9.38,100.00,0.00,213.62,66.31,8.22,-0.67,7.25,99.58,0.00,212.89,63.38,7.81,-0.75,6.25,99.29,0.00,212.64,27.58,-1.48,22.88
2026-01-23 19:15:59,Meter 1,2026-01-23 19:15:00,64.56,99.63,0.00,213.06,79.38,9.67,0.60,6.86,99.62,0.00,213.41,57.96,7.18,0.28,6.49,99.91,0.00,213.08,56.35,6.95,0.67,5.87,99.35,0.00,212.68,23.80,1.55,19.22
2026-01-23 19:16:59,Meter 1,2026-01-23 19:16:00,73.95,99.93,0.00,212.97,87.64,10.67,-0.05,7.84,100.00,0.00,213.23,56.02,6.94,0.34,6.45,99.86,0.00,213.08,78.18,9.64,-0.30,8.43,99.94,0.00,212.61,27.25,-0.01,22.72
2026-01-23 19:17:59,Meter 1,2026-01-23 19:17:00,81.50,97.95,0.00,212.88,104.02,12.69,0.68,9.43,99.74,0.00,213.22,65.33,8.08,1.81,7.42,97.16,0.00,212.50,75.13,9.25,1.99,7.89,96.96,0.00,212.92,30.02,4.48,24.75
2026-01-23 19:18:59,Meter 1,2026-01-23 19:18:00,68.31,99.57,0.00,213.04,76.82,9.38,-0.13,8.70,99.99,0.00,213.30,53.17,6.57,-0.94,5.91,98.75,0.00,212.70,74.94,9.24,0.16,8.45,99.98,0.00,213.14,25.19,-0.91,23.06
2026-01-23 19:19:59,Meter 1,2026-01-23 19:19:00,66.18,98.02,0.00,212.80,66.96,8.16,0.78,7.23,99.42,0.00,213.08,50.33,6.22,0.61,5.77,99.45,0.00,212.65,81.23,10.00,2.99,9.30,95.18,0.00,212.65,24.38,4.38,22.30
2026-01-23 19:20:59,Meter 1,2026-01-23 19:20:00,71.46,97.81,0.00,212.92,89.95,10.95,0.43,8.88,99.88,0.00,213.03,53.05,6.57,0.48,6.02,99.69,0.00,213.03,71.37,8.80,2.78,7.55,93.86,0.00,212.70,26.32,3.69,22.46
2026-01-23 19:21:59,Meter 1,2026-01-23 19:21:00,81.01,99.72,0.00,213.04,103.85,12.65,-1.11,12.25,99.60,0.00,213.26,68.51,8.48,-0.76,8.20,99.58,0.00,213.09,70.67,8.72,-0.11,8.38,99.99,0.00,212.78,29.85,-1.97,28.83
2026-01-23 19:22:59,Meter 1,2026-01-23 19:22:00,73.95,99.57,0.00,213.01,97.00,11.82,-0.25,9.75,99.97,0.00,213.21,60.62,7.50,-0.82,6.54,99.22,0.00,212.93,64.23,7.92,0.62,6.28,99.52,0.00,212.89,27.25,-0.45,22.57
2026-01-23 19:23:59,Meter 1,2026-01-23 19:23:00,67.65,99.13,0.00,212.97,85.29,10.39,0.97,9.47,99.48,0.00,213.42,60.42,7.49,0.31,7.20,99.91,0.00,213.00,57.24,7.05,1.24,6.11,98.00,0.00,212.49,24.93,2.52,22.78
2026-01-23 19:24:59,Meter 1,2026-01-23 19:24:00,78.67,99.92,0.00,212.94,106.67,12.99,0.53,10.94,99.88,0.00,213.44,66.23,8.21,-0.25,7.72,99.95,0.00,212.98,63.13,7.77,-0.24,6.37,99.93,0.00,212.41,28.97,0.03,25.02
2026-01-23 19:25:59,Meter 1,2026-01-23 19:25:00,72.49,99.76,0.00,213.05,77.36,9.42,-0.29,8.45,99.94,0.00,213.72,69.27,8.59,-0.50,8.36,99.82,0.00,213.08,70.83,8.72,-0.84,8.41,99.50,0.00,212.34,26.74,-1.63,25.23
2026-01-23 19:26:59,Meter 1,2026-01-23 19:26:00,74.34,98.27,0.00,213.09,78.05,9.51,-1.26,9.04,99.05,0.00,213.68,70.97,8.80,-1.50,8.45,98.45,0.00,213.06,74.01,9.12,-1.99,8.41,97.32,0.00,212.52,27.43,-4.75,25.91
2026-01-23 19:27:59,Meter 1,2026-01-23 19:27:00,49.74,96.94,0.00,212.93,68.42,8.34,1.39,7.65,98.39,0.00,213.63,47.81,5.93,1.33,5.56,97.27,0.00,212.80,32.98,4.06,1.01,3.12,95.15,0.00,212.37,18.32,3.72,16.33
2026-01-23 19:28:59,Meter 1,2026-01-23 19:28:00,81.84,99.39,0.00,213.14,92.02,11.22,0.35,10.93,99.95,0.00,213.87,75.29,9.34,-0.52,9.13,99.84,0.00,213.03,78.22,9.63,-1.56,8.57,98.38,0.00,212.54,30.20,-1.72,28.62
2026-01-23 19:29:59,Meter 1,2026-01-23 19:29:00,75.66,99.27,0.00,213.05,86.76,10.58,1.15,8.46,99.09,0.00,213.69,66.57,8.26,0.74,7.63,99.53,0.00,212.93,73.66,9.07,0.89,6.98,99.19,0.00,212.52,27.90,2.78,23.08
2026-01-23 19:30:59,Meter 1,2026-01-23 19:30:00,72.44,98.82,0.00,213.22,89.12,10.88,-0.40,9.40,99.91,0.00,213.75,63.25,7.84,-1.46,7.45,98.12,0.00,213.06,64.95,8.01,-1.34,7.47,98.43,0.00,212.84,26.73,-3.20,24.33
2026-01-23 19:31:59,Meter 1,2026-01-23 19:31:00,77.46,98.09,0.00,213.14,93.98,11.46,-0.15,9.01,99.99,0.00,213.58,59.81,7.41,-1.99,6.65,95.81,0.00,213.06,78.57,9.69,-1.34,7.60,98.47,0.00,212.77,28.56,-3.49,23.27
2026-01-23 19:32:59,Meter 1,2026-01-23 19:32:00,75.02,94.90,0.00,213.15,99.92,12.19,-0.25,8.73,99.96,0.00,213.61,47.12,5.84,-2.38,4.49,88.33,0.00,213.01,78.01,9.62,-2.00,7.25,96.41,0.00,212.83,27.65,-4.63,20.48
2026-01-23 19:33:59,Meter 1,2026-01-23 19:33:00,63.93,96.45,0.00,213.16,96.09,11.73,0.10,8.63,99.99,0.00,213.70,37.21,4.61,-1.49,3.40,91.61,0.00,212.93,58.51,7.21,-1.05,4.88,97.75,0.00,212.85,23.55,-2.44,16.92
2026-01-23 19:34:59,Meter 1,2026-01-23 19:34:00,55.31,97.78,0.00,213.19,82.73,10.10,1.08,9.90,99.41,0.00,213.83,28.52,3.54,-1.08,2.99,94.05,0.00,212.87,54.67,6.73,0.35,6.54,99.86,0.00,212.86,20.37,0.34,19.44
2026-01-23 19:35:59,Meter 1,2026-01-23 19:35:00,46.14,99.34,0.00,213.38,57.98,7.09,-0.70,6.84,99.48,0.00,214.13,30.20,3.75,-0.60,3.48,98.54,0.00,212.94,50.25,6.19,-0.09,6.04,99.99,0.00,213.06,17.03,-1.39,16.37
2026-01-23 19:36:59,Meter 1,2026-01-23 19:36:00,45.38,98.97,0.00,213.29,48.81,5.96,0.54,4.47,99.27,0.00,213.93,36.23,4.49,0.28,4.13,99.77,0.00,213.01,51.11,6.30,1.19,5.66,97.87,0.00,212.94,16.76,2.01,14.26
2026-01-23 19:37:59,Meter 1,2026-01-23 19:37:00,50.06,98.63,0.00,213.33,53.75,6.57,-1.51,6.13,97.09,0.00,213.82,48.99,6.07,-0.83,5.85,99.02,0.00,212.91,47.43,5.85,-0.39,5.65,99.76,0.00,213.25,18.49,-2.72,17.62
2026-01-23 19:38:59,Meter 1,2026-01-23 19:38:00,71.26,99.81,0.00,213.30,84.22,10.29,-0.21,6.87,99.96,0.00,213.92,62.21,7.71,-0.38,6.68,99.84,0.00,212.96,67.33,8.30,0.63,7.18,99.62,0.00,213.03,26.31,0.05,20.72
2026-01-23 19:39:59,Meter 1,2026-01-23 19:39:00,74.52,99.74,0.00,213.26,86.19,10.51,-0.31,7.57,99.92,0.00,213.49,67.12,8.32,-0.13,7.63,99.99,0.00,213.32,70.25,8.67,0.90,7.71,99.33,0.00,212.97,27.51,0.45,22.90
2026-01-23 19:40:59,Meter 1,2026-01-23 19:40:00,54.00,96.08,0.00,213.05,63.18,7.70,0.40,7.50,99.86,0.00,213.26,46.37,5.74,0.52,5.52,99.55,0.00,213.10,52.44,6.47,2.88,5.58,88.83,0.00,212.79,19.91,3.81,18.59
2026-01-23 19:41:59,Meter 1,2026-01-23 19:41:00,79.35,99.29,0.00,213.13,104.35,12.73,-1.61,10.68,98.88,0.00,213.34,59.58,7.38,-0.80,6.81,99.31,0.00,213.08,74.14,9.15,-0.58,7.32,99.68,0.00,212.97,29.25,-3.00,24.82
2026-01-23 19:42:59,Meter 1,2026-01-23 19:42:00,57.15,99.82,0.00,213.21,74.61,9.10,0.07,6.40,99.99,0.00,213.57,46.50,5.76,0.11,5.34,99.98,0.00,213.14,50.34,6.21,0.52,5.03,99.48,0.00,212.91,21.08,0.69,16.78
2026-01-23 19:43:59,Meter 1,2026-01-23 19:43:00,73.14,99.61,0.00,213.17,91.73,11.19,-0.18,7.15,99.97,0.00,213.67,52.86,6.55,-0.86,5.81,98.93,0.00,213.00,74.81,9.22,-0.29,7.66,99.93,0.00,212.84,26.97,-1.33,20.62
2026-01-23 19:44:59,Meter 1,2026-01-23 19:44:00,68.78,99.46,0.00,213.16,84.13,10.26,0.70,7.38,99.56,0.00,213.73,51.70,6.42,-0.43,5.43,99.69,0.00,213.16,70.51,8.69,1.02,7.68,99.14,0.00,212.58,25.36,1.29,20.49
2026-01-23 19:45:59,Meter 1,2026-01-23 19:45:00,64.27,98.74,0.00,213.14,83.28,10.14,0.33,9.50,99.94,0.00,213.47,41.41,5.14,-1.27,4.53,96.31,0.00,213.32,68.14,8.40,-0.16,7.61,99.98,0.00,212.63,23.68,-1.09,21.64
2026-01-23 19:46:59,Meter 1,2026-01-23 19:46:00,78.49,98.65,0.00,213.15,107.37,13.08,0.26,11.76,99.97,0.00,213.53,55.52,6.89,-1.51,6.05,97.01,0.00,213.38,72.57,8.95,-1.08,7.38,98.95,0.00,212.53,28.92,-2.33,25.20
2026-01-23 19:47:59,Meter 1,2026-01-23 19:47:00,43.01,94.61,0.00,213.04,66.30,8.07,1.86,7.71,97.21,0.00,213.22,29.78,3.69,1.30,3.04,91.93,0.00,213.18,32.94,4.06,1.21,3.56,94.68,0.00,212.71,15.83,4.37,14.31
2026-01-23 19:48:59,Meter 1,2026-01-23 19:48:00,47.52,98.65,0.00,213.18,64.21,7.83,0.83,7.18,99.34,0.00,213.48,36.60,4.54,0.34,3.95,99.62,0.00,213.21,41.74,5.15,1.18,4.71,96.99,0.00,212.86,17.51,2.36,15.84
2026-01-23 19:49:59,Meter 1,2026-01-23 19:49:00,61.29,97.47,0.00,213.33,76.26,9.31,-1.46,7.38,98.09,0.00,213.82,51.11,6.34,-0.78,6.01,99.16,0.00,213.16,56.49,6.97,-1.95,6.04,95.15,0.00,213.00,22.62,-4.20,19.43
2026-01-23 19:50:59,Meter 1,2026-01-23 19:50:00,67.93,99.75,0.00,213.26,78.40,9.57,-0.35,6.47,99.85,0.00,213.84,57.35,7.12,-0.19,6.02,99.95,0.00,213.11,68.04,8.39,-0.62,5.78,99.44,0.00,212.82,25.07,-1.16,18.28
2026-01-23 19:51:59,Meter 1,2026-01-23 19:51:00,73.43,98.26,0.00,213.25,89.60,10.93,-1.64,8.44,98.17,0.00,214.00,61.26,7.61,-1.48,6.83,97.74,0.00,213.12,69.44,8.55,-1.05,6.89,98.87,0.00,212.62,27.09,-4.16,22.16
2026-01-23 19:52:59,Meter 1,2026-01-23 19:52:00,78.35,99.15,0.00,213.32,78.37,9.56,-1.22,8.40,98.96,0.00,214.00,64.54,8.02,-1.26,7.60,98.66,0.00,213.36,92.14,11.36,-0.58,10.16,99.84,0.00,212.59,28.94,-3.05,26.16
2026-01-23 19:53:59,Meter 1,2026-01-23 19:53:00,72.35,97.61,0.00,213.41,74.12,9.05,-1.37,8.15,98.62,0.00,214.11,58.33,7.24,-2.27,6.47,94.39,0.00,213.27,84.61,10.43,-0.59,10.01,99.82,0.00,212.87,26.73,-4.23,24.63
2026-01-23 19:54:59,Meter 1,2026-01-23 19:54:00,77.18,99.26,0.00,213.26,96.12,11.73,-0.64,8.26,99.71,0.00,213.71,59.51,7.38,-1.27,6.52,98.16,0.00,213.23,75.91,9.36,-0.30,7.92,99.93,0.00,212.85,28.47,-2.21,22.71
2026-01-23 19:55:59,Meter 1,2026-01-23 19:55:00,75.53,98.37,0.00,212.96,105.70,12.87,0.82,10.10,99.67,0.00,213.49,51.09,6.34,-0.12,5.38,99.98,0.00,213.08,69.80,8.59,2.08,6.67,95.47,0.00,212.31,27.80,2.78,22.14
2026-01-23 19:56:59,Meter 1,2026-01-23 19:56:00,64.41,99.14,0.00,213.08,86.55,10.54,-0.19,8.62,99.97,0.00,213.31,54.83,6.80,0.74,6.24,99.30,0.00,213.28,51.86,6.40,1.06,5.43,98.13,0.00,212.66,23.73,1.61,20.29
2026-01-23 19:57:59,Meter 1,2026-01-23 19:57:00,66.14,99.51,0.00,213.16,88.66,10.80,0.29,9.20,99.95,0.00,213.33,55.93,6.93,-0.61,6.35,99.54,0.00,213.33,53.84,6.65,0.86,6.14,99.03,0.00,212.82,24.38,0.54,21.69
2026-01-23 19:58:59,Meter 1,2026-01-23 19:58:00,83.03,97.16,0.00,213.22,105.46,12.86,-1.66,10.41,98.76,0.00,213.45,69.25,8.58,-1.90,7.94,97.26,0.00,213.30,74.37,9.18,-2.39,7.67,95.46,0.00,212.91,30.62,-5.95,26.03
2026-01-23 19:59:59,Meter 1,2026-01-23 19:59:00,54.19,99.20,0.00,213.18,73.68,8.98,0.28,6.59,99.91,0.00,213.38,49.54,6.14,0.82,5.27,98.82,0.00,213.18,39.35,4.86,0.59,3.91,98.88,0.00,212.98,19.98,1.69,15.76
2026-01-23 20:00:59,Meter 1,2026-01-23 20:00:00,58.49,96.86,0.00,213.33,71.71,8.76,-2.15,8.11,96.67,0.00,213.61,56.36,6.98,-0.59,6.78,99.62,0.00,213.09,47.41,5.85,-1.80,5.09,94.27,0.00,213.30,21.60,-4.54,19.97
2026-01-23 20:01:59,Meter 1,2026-01-23 20:01:00,64.06,98.58,0.00,213.31,81.58,9.96,-0.26,7.80,99.94,0.00,213.93,50.66,6.29,1.38,5.63,97.14,0.00,213.10,59.95,7.39,0.96,5.78,98.65,0.00,212.92,23.64,2.07,19.21
2026-01-23 20:02:59,Meter 1,2026-01-23 20:02:00,58.12,98.23,0.00,213.41,67.08,8.20,-2.06,7.65,96.58,0.00,214.03,51.55,6.40,-0.81,6.10,99.13,0.00,213.20,55.73,6.88,-0.94,6.56,98.99,0.00,213.01,21.47,-3.80,20.32
2026-01-23 20:03:59,Meter 1,2026-01-23 20:03:00,77.84,96.38,0.00,213.35,99.16,12.11,-2.99,10.75,96.33,0.00,214.00,61.27,7.60,-1.99,6.92,96.09,0.00,213.07,73.08,9.01,-2.14,8.14,96.73,0.00,212.96,28.73,-7.12,25.81
2026-01-23 20:04:59,Meter 1,2026-01-23 20:04:00,86.03,99.74,0.00,213.26,113.50,13.85,-0.89,12.11,99.73,0.00,213.83,64.04,7.95,-0.32,7.29,99.91,0.00,213.17,80.56,9.93,-0.74,8.06,99.58,0.00,212.78,31.73,-1.95,27.46
2026-01-23 20:05:59,Meter 1,2026-01-23 20:05:00,76.64,99.81,0.00,213.20,103.76,12.67,-0.38,8.32,99.90,0.00,213.84,56.66,7.03,0.54,6.00,99.59,0.00,212.92,69.51,8.56,0.20,6.37,99.95,0.00,212.83,28.26,0.36,20.69
2026-01-23 20:06:59,Meter 1,2026-01-23 20:06:00,80.74,98.91,0.00,213.34,95.50,11.66,-1.17,11.33,99.47,0.00,213.71,66.21,8.21,-1.42,7.74,98.36,0.00,213.28,80.49,9.94,-1.36,9.13,98.90,0.00,213.02,29.80,-3.96,28.19
2026-01-23 20:07:59,Meter 1,2026-01-23 20:07:00,48.21,96.70,0.00,213.11,64.61,7.88,0.10,7.69,99.99,0.00,213.67,47.54,5.89,1.49,5.47,96.49,0.00,212.82,32.46,4.00,1.21,3.23,93.63,0.00,212.83,17.77,2.80,16.39
2026-01-23 20:08:59,Meter 1,2026-01-23 20:08:00,81.03,96.93,0.00,213.36,97.31,11.89,-1.80,11.48,98.79,0.00,213.92,74.82,9.28,-2.03,8.79,97.44,0.00,213.06,70.96,8.75,-2.61,7.59,94.56,0.00,213.11,29.92,-6.44,27.86
2026-01-23 20:09:59,Meter 1,2026-01-23 20:09:00,51.87,97.46,0.00,213.20,64.97,7.93,-0.06,7.62,100.00,0.00,213.63,48.15,5.97,1.68,5.46,95.59,0.00,212.92,42.50,5.24,1.23,4.74,96.79,0.00,213.05,19.14,2.85,17.82
2026-01-23 20:10:59,Meter 1,2026-01-23 20:10:00,57.16,98.93,0.00,213.23,65.24,7.97,-0.90,5.78,98.81,0.00,213.72,51.54,6.39,1.16,5.95,98.16,0.00,212.95,54.69,6.74,0.30,5.29,99.84,0.00,213.01,21.10,0.56,17.02
2026-01-23 20:11:59,Meter 1,2026-01-23 20:11:00,73.78,94.12,0.00,213.36,84.42,10.30,-2.87,9.57,95.78,0.00,213.65,70.85,8.79,-1.98,8.27,97.24,0.00,213.32,66.07,8.16,-3.53,7.01,89.33,0.00,213.11,27.25,-8.38,24.85
2026-01-23 20:12:59,Meter 1,2026-01-23 20:12:00,83.24,96.40,0.00,213.24,104.60,12.76,-2.06,12.37,98.64,0.00,213.54,76.81,9.52,-1.62,9.09,98.44,0.00,213.16,68.30,8.43,-3.16,7.47,92.11,0.00,213.03,30.71,-6.84,28.94
2026-01-23 20:13:59,Meter 1,2026-01-23 20:13:00,80.21,96.80,0.00,213.21,95.49,11.66,-1.76,9.44,98.30,0.00,213.60,68.93,8.54,-1.03,7.94,99.18,0.00,213.02,76.20,9.40,-2.45,6.17,92.94,0.00,213.03,29.60,-5.24,23.56
2026-01-23 20:14:59,Meter 1,2026-01-23 20:14:00,88.40,98.52,0.00,213.16,109.24,13.32,-1.56,13.01,99.29,0.00,213.14,77.29,9.56,-1.32,9.18,98.98,0.00,213.20,78.66,9.72,-2.16,9.07,97.28,0.00,213.13,32.60,-5.04,31.26
2026-01-23 20:15:59,Meter 1,2026-01-23 20:15:00,85.54,99.66,0.00,213.13,101.61,12.38,-0.96,10.29,99.57,0.00,213.11,74.28,9.19,-0.13,8.74,99.99,0.00,213.26,80.73,9.97,-0.86,8.06,99.43,0.00,213.03,31.55,-1.95,27.09
2026-01-23 20:16:59,Meter 1,2026-01-23 20:16:00,66.69,99.61,0.00,213.16,83.55,10.18,-0.93,7.44,99.23,0.00,213.27,45.87,5.68,-0.44,4.92,99.60,0.00,213.33,70.64,8.72,0.08,7.48,99.99,0.00,212.88,24.59,-1.29,19.84
2026-01-23 20:17:59,Meter 1,2026-01-23 20:17:00,41.01,96.71,0.00,213.30,38.73,4.72,-0.72,4.34,98.66,0.00,213.68,32.91,4.08,0.66,3.61,98.35,0.00,213.31,51.40,6.34,2.22,5.67,93.11,0.00,212.92,15.15,2.17,13.61
2026-01-23 20:18:59,Meter 1,2026-01-23 20:18:00,34.74,93.74,0.00,213.41,44.70,5.45,0.48,5.00,99.55,0.00,213.81,24.86,3.09,0.67,2.40,96.30,0.00,213.48,34.68,4.28,2.02,3.31,85.37,0.00,212.93,12.82,3.17,10.71
2026-01-23 20:19:59,Meter 1,2026-01-23 20:19:00,71.69,96.72,0.00,213.45,102.32,12.49,-1.83,9.94,98.35,0.00,213.68,45.39,5.63,-1.72,4.64,93.77,0.00,213.58,67.37,8.33,-1.23,6.13,98.04,0.00,213.08,26.45,-4.78,20.71
2026-01-23 20:20:59,Meter 1,2026-01-23 20:20:00,66.22,99.74,0.00,213.42,93.16,11.38,-0.52,7.81,99.78,0.00,213.74,43.21,5.36,-0.23,4.33,99.86,0.00,213.33,62.30,7.70,0.49,5.39,99.59,0.00,213.20,24.43,-0.27,17.53
2026-01-23 20:21:59,Meter 1,2026-01-23 20:21:00,65.49,99.65,0.00,213.38,78.08,9.54,-0.37,5.42,99.76,0.00,213.86,52.24,6.48,-0.07,5.59,99.99,0.00,213.22,66.14,8.16,0.84,6.56,99.19,0.00,213.06,24.18,0.39,17.57
2026-01-23 20:22:59,Meter 1,2026-01-23 20:22:00,70.90,98.77,0.00,213.25,90.12,10.99,1.45,7.14,98.01,0.00,213.65,54.57,6.77,0.09,5.76,99.99,0.00,213.25,68.00,8.39,1.03,5.55,98.31,0.00,212.84,26.15,2.57,18.45
2026-01-23 20:23:59,Meter 1,2026-01-23 20:23:00,81.41,99.62,0.00,213.28,103.80,12.65,0.98,8.65,99.37,0.00,213.76,63.30,7.86,0.15,7.08,99.98,0.00,213.47,77.14,9.52,0.68,6.90,99.51,0.00,212.62,30.03,1.81,22.62
2026-01-23 20:24:59,Meter 1,2026-01-23 20:24:00,77.11,96.67,0.00,213.22,92.81,11.32,1.79,7.90,97.52,0.00,213.76,61.99,7.69,1.30,6.97,98.29,0.00,213.27,76.53,9.44,2.48,6.95,94.19,0.00,212.62,28.44,5.58,21.82
2026-01-23 20:25:59,Meter 1,2026-01-23 20:25:00,93.81,99.39,0.00,213.00,122.00,14.85,1.92,11.80,98.71,0.00,213.34,66.22,8.21,0.19,7.56,99.97,0.00,213.20,93.19,11.49,0.98,9.89,99.51,0.00,212.46,34.55,3.09,29.25
2026-01-23 20:26:59,Meter 1,2026-01-23 20:26:00,78.84,98.28,0.00,213.08,89.44,10.90,1.75,7.78,97.57,0.00,213.39,59.91,7.42,0.11,6.61,99.99,0.00,213.12,87.16,10.75,2.16,9.09,97.29,0.00,212.74,29.07,4.02,23.48
2026-01-23 20:27:59,Meter 1,2026-01-23 20:27:00,83.52,99.79,0.00,213.12,101.09,12.33,0.77,8.92,99.63,0.00,213.27,73.59,9.11,-0.28,8.48,99.95,0.00,213.11,75.89,9.37,0.50,7.75,99.80,0.00,212.98,30.80,0.99,25.15
2026-01-23 20:28:59,Meter 1,2026-01-23 20:28:00,76.98,99.12,0.00,213.22,81.27,9.92,-0.37,9.61,99.93,0.00,213.35,77.56,9.60,-1.48,9.21,98.74,0.00,213.17,72.10,8.91,-1.36,8.38,98.71,0.00,213.15,28.42,-3.21,27.20
2026-01-23 20:29:59,Meter 1,2026-01-23 20:29:00,55.85,99.20,0.00,213.17,57.25,6.99,0.08,6.64,99.99,0.00,213.45,54.47,6.74,-1.39,6.31,97.64,0.00,213.00,55.84,6.89,0.14,6.55,99.98,0.00,213.05,20.62,-1.18,19.49
2026-01-23 20:30:59,Meter 1,2026-01-23 20:30:00,67.60,98.53,0.00,213.33,80.76,9.85,-0.53,7.78,99.77,0.00,213.69,59.59,7.39,-1.41,6.59,97.77,0.00,213.35,62.44,7.71,-1.24,6.18,98.05,0.00,212.94,24.95,-3.18,20.54
2026-01-23 20:31:59,Meter 1,2026-01-23 20:31:00,62.94,98.82,0.00,213.40,79.29,9.69,-0.83,8.11,99.49,0.00,213.74,49.90,6.19,-0.74,5.69,99.16,0.00,213.27,59.63,7.37,-1.37,6.45,97.81,0.00,213.18,23.24,-2.94,20.26
2026-01-23 20:32:59,Meter 1,2026-01-23 20:32:00,80.32,99.37,0.00,213.40,96.25,11.75,-0.53,10.84,99.88,0.00,213.68,70.21,8.71,-0.93,7.57,99.26,0.00,213.43,74.48,9.20,-1.12,7.73,98.97,0.00,213.09,29.66,-2.57,26.14
2026-01-23 20:33:59,Meter 1,2026-01-23 20:33:00,69.87,98.80,0.00,213.29,84.95,10.37,0.62,7.22,99.63,0.00,213.80,61.55,7.63,0.61,6.70,99.59,0.00,213.13,63.11,7.78,1.49,6.13,97.18,0.00,212.93,25.79,2.72,20.05
2026-01-23 20:34:59,Meter 1,2026-01-23 20:34:00,73.84,98.00,0.00,213.43,85.42,10.43,-1.15,10.08,99.36,0.00,213.99,60.07,7.46,-1.93,6.87,96.28,0.00,213.29,76.01,9.38,-1.64,8.96,98.36,0.00,213.01,27.27,-4.72,25.90
2026-01-23 20:35:59,Meter 1,2026-01-23 20:35:00,74.65,99.77,0.00,213.44,84.25,10.28,-0.56,9.01,99.81,0.00,213.88,57.74,7.17,-0.65,6.62,99.52,0.00,213.45,81.98,10.12,0.10,8.75,99.99,0.00,212.99,27.58,-1.10,24.38
2026-01-23 20:36:59,Meter 1,2026-01-23 20:36:00,68.17,99.08,0.00,213.56,70.33,8.59,-0.94,8.22,99.35,0.00,213.95,65.99,8.19,-1.47,7.79,98.26,0.00,213.56,68.19,8.43,-0.70,8.02,99.63,0.00,213.18,25.21,-3.11,24.02
2026-01-23 20:37:59,Meter 1,2026-01-23 20:37:00,60.09,97.89,0.00,213.43,69.40,8.48,0.85,4.90,98.54,0.00,213.83,59.40,7.37,0.94,6.57,99.00,0.00,213.18,51.48,6.36,1.38,4.81,96.14,0.00,213.28,22.20,3.16,16.28
2026-01-23 20:38:59,Meter 1,2026-01-23 20:38:00,78.07,99.01,0.00,213.41,97.16,11.88,-1.28,9.32,99.06,0.00,213.66,60.70,7.52,-0.93,6.95,99.12,0.00,213.13,76.36,9.44,-1.22,7.97,98.86,0.00,213.44,28.83,-3.43,24.24
2026-01-23 20:39:59,Meter 1,2026-01-23 20:39:00,69.95,97.79,0.00,213.51,83.27,10.20,-1.37,7.63,98.41,0.00,213.85,58.62,7.26,-1.58,6.49,97.16,0.00,212.96,67.96,8.40,-1.37,6.44,97.79,0.00,213.72,25.85,-4.33,20.56
2026-01-23 20:40:59,Meter 1,2026-01-23 20:40:00,41.47,96.26,0.00,213.30,51.57,6.30,1.15,5.45,97.83,0.00,213.50,40.57,5.02,0.65,4.56,99.01,0.00,213.03,32.27,3.99,1.22,2.86,91.92,0.00,213.37,15.31,3.02,12.87
2026-01-23 20:41:59,Meter 1,2026-01-23 20:41:00,53.13,99.79,0.00,213.33,65.58,8.00,0.81,7.70,99.45,0.00,213.54,50.08,6.21,0.23,6.04,99.93,0.00,213.34,43.72,5.40,-0.09,5.14,99.98,0.00,213.13,19.61,0.95,18.87
2026-01-23 20:42:59,Meter 1,2026-01-23 20:42:00,70.73,98.77,0.00,213.41,85.49,10.42,-0.05,10.09,100.00,0.00,213.40,54.74,6.79,-1.57,6.28,97.00,0.00,213.76,71.95,8.90,-0.94,7.93,99.31,0.00,213.07,26.11,-2.56,24.30
2026-01-23 20:43:59,Meter 1,2026-01-23 20:43:00,59.60,98.56,0.00,213.45,81.00,9.88,1.54,6.79,97.52,0.00,213.54,39.36,4.88,0.40,4.20,99.55,0.00,213.76,58.44,7.23,0.89,5.26,98.61,0.00,213.05,21.99,2.83,16.25
2026-01-23 20:44:59,Meter 1,2026-01-23 20:44:00,65.83,99.33,0.00,213.38,86.20,10.52,-0.01,7.98,100.00,0.00,213.75,39.56,4.91,0.35,4.18,99.65,0.00,213.44,71.73,8.86,1.27,6.86,98.33,0.00,212.94,24.28,1.61,19.03
2026-01-23 20:45:59,Meter 1,2026-01-23 20:45:00,74.59,97.56,0.00,213.41,109.33,13.34,-0.55,11.13,99.88,0.00,213.66,45.41,5.63,-1.42,4.88,96.03,0.00,213.57,69.05,8.53,-1.67,6.41,96.77,0.00,213.00,27.50,-3.63,22.41
2026-01-23 20:46:59,Meter 1,2026-01-23 20:46:00,73.01,97.24,0.00,213.59,86.31,10.55,-1.53,7.29,97.88,0.00,214.17,62.38,7.75,-1.78,7.07,96.96,0.00,213.55,70.34,8.69,-1.71,6.69,96.88,0.00,213.06,26.99,-5.02,21.05
2026-01-23 20:47:59,Meter 1,2026-01-23 20:47:00,51.13,98.28,0.00,213.38,56.28,6.88,-0.10,5.04,99.98,0.00,214.07,49.01,6.08,0.84,5.76,98.94,0.00,213.05,48.11,5.93,1.35,4.57,95.91,0.00,213.02,18.89,2.09,15.37
2026-01-23 20:48:59,Meter 1,2026-01-23 20:48:00,67.26,99.85,0.00,213.46,74.21,9.06,0.14,7.38,99.98,0.00,214.08,57.51,7.14,-0.00,6.60,100.00,0.00,213.42,70.06,8.65,0.62,6.72,99.58,0.00,212.88,24.85,0.76,20.70
2026-01-23 20:49:59,Meter 1,2026-01-23 20:49:00,69.74,98.97,0.00,213.57,83.04,10.13,-0.95,6.99,99.09,0.00,214.21,60.24,7.49,-1.29,6.98,98.32,0.00,213.76,65.95,8.14,-0.68,6.77,99.50,0.00,212.74,25.77,-2.92,20.73
2026-01-23 20:50:59,Meter 1,2026-01-23 20:50:00,51.13,96.74,0.00,213.52,54.77,6.69,0.74,6.25,99.31,0.00,214.13,49.21,6.12,1.36,5.76,97.34,0.00,213.58,49.42,6.10,2.06,5.47,93.58,0.00,212.84,18.90,4.16,17.48
2026-01-23 20:51:59,Meter 1,2026-01-23 20:51:00,66.50,97.23,0.00,213.27,90.50,11.03,0.97,9.12,99.44,0.00,213.72,52.18,6.48,1.14,6.03,98.26,0.00,213.45,56.83,7.01,1.86,5.13,93.98,0.00,212.65,24.52,3.97,20.28
2026-01-23 20:52:59,Meter 1,2026-01-23 20:52:00,82.50,99.65,0.00,213.41,96.18,11.73,-0.35,10.77,99.95,0.00,213.95,69.45,8.63,-1.06,8.07,99.14,0.00,213.53,81.88,10.11,-0.43,8.66,99.87,0.00,212.73,30.47,-1.85,27.49
2026-01-23 20:53:59,Meter 1,2026-01-23 20:53:00,52.42,96.71,0.00,213.39,55.48,6.77,0.94,5.06,98.31,0.00,214.03,43.18,5.36,1.16,4.74,97.15,0.00,213.38,58.62,7.23,2.25,6.62,94.68,0.00,212.78,19.37,4.35,16.43
2026-01-23 20:54:59,Meter 1,2026-01-23 20:54:00,79.81,97.89,0.00,213.49,95.09,11.61,-1.27,8.86,98.99,0.00,214.03,62.29,7.73,-1.99,6.84,96.01,0.00,213.48,82.05,10.13,-1.48,8.98,98.68,0.00,212.96,29.48,-4.74,24.68
2026-01-23 20:55:59,Meter 1,2026-01-23 20:55:00,52.37,96.06,0.00,213.36,63.68,7.78,1.85,6.72,96.42,0.00,213.72,40.79,5.06,1.10,4.59,97.27,0.00,213.22,52.64,6.50,2.05,5.91,94.50,0.00,213.15,19.33,4.99,17.23
2026-01-23 20:56:59,Meter 1,2026-01-23 20:56:00,85.67,98.37,0.00,213.29,113.99,13.91,-0.48,11.55,99.91,0.00,213.56,62.92,7.80,-1.65,6.86,97.23,0.00,213.33,80.10,9.89,-1.54,7.53,97.96,0.00,212.98,31.60,-3.67,25.94
2026-01-23 20:57:59,Meter 1,2026-01-23 20:57:00,80.65,98.36,0.00,213.33,113.31,13.83,-0.09,13.69,100.00,0.00,213.62,61.33,7.60,-2.00,7.11,96.27,0.00,213.33,67.31,8.31,-1.23,7.86,98.80,0.00,213.03,29.74,-3.32,28.67
2026-01-23 20:58:59,Meter 1,2026-01-23 20:58:00,60.68,99.74,0.00,213.32,89.98,10.98,0.88,9.71,99.59,0.00,213.55,42.58,5.28,-0.15,4.83,99.95,0.00,213.37,49.48,6.11,-0.40,4.85,99.67,0.00,213.03,22.37,0.33,19.39
2026-01-23 20:59:59,Meter 1,2026-01-23 20:59:00,78.64,97.55,0.00,213.58,106.45,13.01,-0.45,10.44,99.91,0.00,214.14,57.14,7.10,-1.54,6.23,97.10,0.00,213.43,72.33,8.93,-2.13,7.00,95.65,0.00,213.18,29.04,-4.12,23.66
2026-01-23 21:00:59,Meter 1,2026-01-23 21:00:00,76.51,98.74,0.00,213.53,96.83,11.84,0.04,11.62,100.00,0.00,213.93,61.12,7.58,-1.20,7.19,98.64,0.00,213.38,71.57,8.84,-1.81,8.04,97.57,0.00,213.28,28.26,-2.97,26.85
2026-01-23 21:01:59,Meter 1,2026-01-23 21:01:00,74.22,99.86,0.00,213.51,107.73,13.17,-0.09,10.56,100.00,0.00,214.00,51.37,6.37,0.43,5.75,99.72,0.00,213.24,63.57,7.85,-0.30,5.95,99.87,0.00,213.30,27.40,0.04,22.26
2026-01-23 21:02:59,Meter 1,2026-01-23 21:02:00,78.10,99.62,0.00,213.60,102.08,12.48,-0.68,10.69,99.80,0.00,214.01,57.62,7.15,0.45,6.44,99.76,0.00,213.40,74.59,9.22,-0.94,7.95,99.31,0.00,213.38,28.85,-1.17,25.07
2026-01-23 21:03:59,Meter 1,2026-01-23 21:03:00,74.34,98.35,0.00,213.71,84.97,10.40,-1.14,8.10,99.02,0.00,214.13,50.79,6.31,-1.49,5.17,96.08,0.00,213.56,87.26,10.79,-0.25,9.03,99.96,0.00,213.44,27.49,-2.89,22.30
2026-01-23 21:04:59,Meter 1,2026-01-23 21:04:00,65.60,98.94,0.00,213.50,79.62,9.74,0.35,6.33,99.85,0.00,213.93,51.68,6.41,-0.03,5.32,100.00,0.00,213.25,65.50,8.09,1.42,5.64,96.97,0.00,213.33,24.24,1.74,17.29
2026-01-23 21:05:59,Meter 1,2026-01-23 21:05:00,72.93,98.54,0.00,213.69,92.10,11.25,-1.24,10.98,99.37,0.00,213.78,57.00,7.07,-1.67,6.68,97.01,0.00,213.82,69.71,8.63,-1.03,8.26,99.23,0.00,213.46,26.96,-3.94,25.92
2026-01-23 21:06:59,Meter 1,2026-01-23 21:06:00,85.63,98.66,0.00,213.67,105.67,12.92,-0.97,10.34,99.56,0.00,213.92,66.99,8.32,-1.88,7.46,96.97,0.00,213.68,84.25,10.42,-0.89,8.41,99.45,0.00,213.40,31.66,-3.74,26.21
2026-01-23 21:07:59,Meter 1,2026-01-23 21:07:00,77.85,99.17,0.00,213.76,92.77,11.33,0.12,9.87,99.99,0.00,213.98,60.69,7.54,-1.24,6.70,98.32,0.00,213.98,80.09,9.92,1.02,7.88,99.18,0.00,213.33,28.79,-0.11,24.45
2026-01-23 21:08:59,Meter 1,2026-01-23 21:08:00,66.59,98.57,0.00,213.82,77.74,9.52,-1.19,8.14,98.94,0.00,214.22,61.02,7.58,-1.29,7.19,98.42,0.00,213.58,61.01,7.55,-1.24,6.75,98.36,0.00,213.67,24.65,-3.73,22.07
2026-01-23 21:09:59,Meter 1,2026-01-23 21:09:00,67.65,98.75,0.00,213.74,79.37,9.70,0.74,8.20,99.59,0.00,214.07,59.07,7.34,0.74,6.79,99.41,0.00,213.86,64.52,7.98,1.79,7.44,97.24,0.00,213.28,25.02,3.27,22.43
2026-01-23 21:10:59,Meter 1,2026-01-23 21:10:00,82.74,99.82,0.00,213.76,97.45,11.90,-0.76,11.50,99.78,0.00,214.02,68.47,8.51,-0.62,8.22,99.71,0.00,214.07,82.31,10.19,0.21,9.82,99.98,0.00,213.19,30.60,-1.17,29.54
2026-01-23 21:11:59,Meter 1,2026-01-23 21:11:00,87.28,99.75,0.00,213.81,96.43,11.79,-1.05,10.44,99.50,0.00,213.88,83.53,10.37,0.42,9.79,99.91,0.00,213.87,81.88,10.15,-0.50,8.60,99.83,0.00,213.69,32.31,-1.13,28.84
2026-01-23 21:12:59,Meter 1,2026-01-23 21:12:00,77.78,99.53,0.00,213.84,86.19,10.55,-1.47,10.10,98.95,0.00,214.06,76.43,9.49,0.12,9.28,99.99,0.00,213.78,70.71,8.76,-0.70,8.44,99.66,0.00,213.67,28.79,-2.05,27.82
2026-01-23 21:13:59,Meter 1,2026-01-23 21:13:00,63.70,94.62,0.00,213.68,80.54,9.85,0.68,9.28,99.73,0.00,213.90,57.69,7.16,1.76,6.52,96.54,0.00,213.62,52.87,6.54,3.02,5.48,87.60,0.00,213.52,23.55,5.46,21.28
2026-01-23 21:14:59,Meter 1,2026-01-23 21:14:00,77.89,99.76,0.00,213.64,102.23,12.50,-1.19,10.77,99.39,0.00,213.84,63.27,7.85,0.27,7.48,99.94,0.00,213.50,68.17,8.43,-0.25,6.82,99.93,0.00,213.58,28.78,-1.17,25.07
2026-01-23 21:15:59,Meter 1,2026-01-23 21:15:00,82.76,98.81,0.00,213.74,93.64,11.46,-1.30,10.71,99.27,0.00,214.05,70.50,8.75,-1.48,8.00,98.33,0.00,213.62,84.14,10.41,-1.38,8.95,98.84,0.00,213.54,30.62,-4.16,27.67
2026-01-23 21:16:59,Meter 1,2026-01-23 21:16:00,72.14,98.83,0.00,213.65,85.34,10.43,-1.78,8.76,98.01,0.00,214.01,61.91,7.69,-0.91,7.33,99.24,0.00,213.56,69.17,8.55,-0.96,7.70,99.23,0.00,213.39,26.67,-3.64,23.79
2026-01-23 21:17:59,Meter 1,2026-01-23 21:17:00,60.68,99.55,0.00,213.63,77.53,9.48,-0.78,7.05,99.40,0.00,213.87,44.20,5.48,0.55,4.70,99.31,0.00,213.47,60.30,7.46,0.18,5.52,99.95,0.00,213.54,22.42,-0.04,17.27
2026-01-23 21:18:59,Meter 1,2026-01-23 21:18:00,77.70,99.51,0.00,213.62,92.53,11.31,-0.62,9.36,99.78,0.00,213.78,56.78,7.05,-0.95,6.00,98.76,0.00,213.68,83.79,10.37,-0.08,9.67,100.00,0.00,213.41,28.72,-1.64,25.03
2026-01-23 21:19:59,Meter 1,2026-01-23 21:19:00,71.70,99.32,0.00,213.70,90.84,11.09,0.20,8.97,99.97,0.00,213.61,52.44,6.51,0.32,5.11,99.80,0.00,213.95,71.83,8.90,1.46,7.54,98.19,0.00,213.54,26.50,1.98,21.63
2026-01-23 21:20:59,Meter 1,2026-01-23 21:20:00,68.94,99.72,0.00,213.80,90.20,11.03,0.15,8.21,99.98,0.00,213.88,54.90,6.82,0.26,5.72,99.89,0.00,213.90,61.71,7.65,0.78,6.40,99.27,0.00,213.62,25.49,1.19,20.33
2026-01-23 21:21:59,Meter 1,2026-01-23 21:21:00,69.87,99.69,0.00,213.82,87.07,10.64,0.25,8.43,99.96,0.00,213.94,60.00,7.45,0.93,6.99,99.12,0.00,213.98,62.54,7.75,0.13,6.11,99.98,0.00,213.53,25.85,1.31,21.53
2026-01-23 21:22:59,Meter 1,2026-01-23 21:22:00,95.54,99.31,0.00,213.76,119.68,14.62,-1.53,14.31,99.44,0.00,213.85,85.48,10.62,-0.08,10.27,100.00,0.00,213.96,81.46,10.09,-1.62,9.21,98.49,0.00,213.46,35.33,-3.22,33.80
2026-01-23 21:23:59,Meter 1,2026-01-23 21:23:00,78.24,98.66,0.00,213.70,84.36,10.30,0.32,8.44,99.93,0.00,213.85,77.17,9.59,1.83,8.59,97.81,0.00,213.95,73.20,9.06,1.36,7.13,98.23,0.00,213.30,28.95,3.51,24.15
2026-01-23 21:24:59,Meter 1,2026-01-23 21:24:00,78.68,98.98,0.00,213.83,88.63,10.83,-1.20,10.35,99.33,0.00,213.99,76.14,9.47,-0.81,9.15,99.61,0.00,214.19,71.27,8.83,-1.68,8.26,97.99,0.00,213.33,29.12,-3.69,27.76
2026-01-23 21:25:59,Meter 1,2026-01-23 21:25:00,56.73,99.43,0.00,213.84,60.08,7.34,-0.16,6.78,99.88,0.00,213.96,52.74,6.55,0.06,6.18,99.02,0.00,214.00,57.36,7.11,0.54,6.71,99.39,0.00,213.56,21.00,0.44,19.67
2026-01-23 21:26:59,Meter 1,2026-01-23 21:26:00,58.01,99.73,0.00,213.95,65.41,8.00,0.05,5.36,100.00,0.00,214.02,45.50,5.66,0.19,5.30,99.93,0.00,214.17,63.12,7.83,0.81,6.64,99.27,0.00,213.66,21.48,1.05,17.31
2026-01-23 21:27:59,Meter 1,2026-01-23 21:27:00,70.51,97.49,0.00,213.92,74.13,9.06,-1.37,8.02,98.57,0.00,214.04,64.44,8.01,-2.30,7.22,95.28,0.00,214.12,72.96,9.04,-1.37,8.13,98.61,0.00,213.59,26.12,-5.04,23.38
2026-01-23 21:28:59,Meter 1,2026-01-23 21:28:00,73.67,99.21,0.00,213.92,87.97,10.76,0.28,7.32,99.93,0.00,214.21,53.16,6.61,-1.18,5.44,97.75,0.00,214.10,79.89,9.90,0.27,8.06,99.94,0.00,213.45,27.27,-0.63,20.82
2026-01-23 21:29:59,Meter 1,2026-01-23 21:29:00,53.91,99.37,0.00,213.88,63.55,7.78,-0.29,5.52,99.86,0.00,214.30,43.48,5.41,-0.70,4.66,98.89,0.00,213.85,54.71,6.77,0.66,5.76,99.35,0.00,213.50,19.95,-0.34,15.94
2026-01-23 21:30:59,Meter 1,2026-01-23 21:30:00,82.54,98.47,0.00,213.88,105.06,12.84,-0.69,10.80,99.80,0.00,214.10,61.81,7.69,-1.89,6.85,96.38,0.00,214.16,80.75,10.00,-1.06,8.51,99.24,0.00,213.38,30.53,-3.64,26.16
2026-01-23 21:31:59,Meter 1,2026-01-23 21:31:00,86.30,99.52,0.00,213.74,105.25,12.85,-0.22,11.43,99.98,0.00,213.96,67.17,8.35,-1.31,7.71,98.59,0.00,214.11,86.48,10.71,0.00,9.51,100.00,0.00,213.15,31.91,-1.53,28.64
2026-01-23 21:32:59,Meter 1,2026-01-23 21:32:00,55.89,96.19,0.00,213.68,66.71,8.14,1.65,7.26,97.51,0.00,214.05,48.41,6.02,0.86,5.64,98.86,0.00,213.94,52.56,6.50,2.40,5.72,92.21,0.00,213.04,20.66,4.91,18.62
2026-01-23 21:33:59,Meter 1,2026-01-23 21:33:00,55.37,95.13,0.00,213.84,73.25,8.96,1.26,6.15,97.95,0.00,214.32,45.00,5.60,1.53,4.58,94.83,0.00,213.91,47.87,5.92,2.06,5.05,92.62,0.00,213.28,20.48,4.85,15.77
2026-01-23 21:34:59,Meter 1,2026-01-23 21:34:00,60.31,98.65,0.00,213.88,79.97,9.77,0.77,6.48,99.31,0.00,214.08,43.72,5.44,0.46,4.75,99.54,0.00,214.27,57.23,7.09,1.34,5.46,97.11,0.00,213.29,22.30,2.56,16.69
2026-01-23 21:35:59,Meter 1,2026-01-23 21:35:00,72.93,99.22,0.00,213.89,78.68,9.61,-0.64,8.77,99.73,0.00,214.17,54.55,6.79,-1.12,6.18,98.40,0.00,214.22,85.58,10.60,-0.91,9.38,99.53,0.00,213.27,27.00,-2.67,24.33
2026-01-23 21:36:59,Meter 1,2026-01-23 21:36:00,63.75,99.51,0.00,213.94,80.45,9.84,-0.38,8.58,99.90,0.00,214.17,47.12,5.86,-0.76,5.48,99.06,0.00,214.19,63.67,7.89,-0.63,6.74,99.57,0.00,213.45,23.59,-1.76,20.80
2026-01-23 21:37:59,Meter 1,2026-01-23 21:37:00,44.72,96.34,0.00,214.01,53.00,6.49,1.07,5.84,98.36,0.00,214.26,34.03,4.23,0.24,3.69,99.79,0.00,213.95,47.12,5.84,2.13,4.63,90.89,0.00,213.82,16.56,3.44,14.17
2026-01-23 21:38:59,Meter 1,2026-01-23 21:38:00,81.81,99.11,0.00,213.91,108.06,13.22,-0.39,12.84,99.95,0.00,214.06,60.76,7.55,-1.60,6.96,97.46,0.00,214.00,76.62,9.50,-0.36,8.20,99.90,0.00,213.69,30.27,-2.35,28.01
2026-01-23 21:39:59,Meter 1,2026-01-23 21:39:00,70.74,99.06,0.00,214.02,95.50,11.69,0.33,9.91,99.95,0.00,214.06,54.98,6.83,0.19,6.28,99.95,0.00,214.11,61.75,7.66,1.46,6.15,97.29,0.00,213.90,26.18,1.98,22.33
2026-01-23 21:40:59,Meter 1,2026-01-23 21:40:00,64.85,99.05,0.00,214.11,78.81,9.66,0.38,6.90,99.85,0.00,214.25,56.73,7.05,-0.12,5.84,99.98,0.00,214.05,59.00,7.32,1.27,5.38,97.33,0.00,214.02,24.03,1.52,18.12
2026-01-23 21:41:59,Meter 1,2026-01-23 21:41:00,70.52,97.91,0.00,214.06,78.70,9.64,-1.57,8.85,98.46,0.00,214.33,59.86,7.44,-1.27,7.06,98.42,0.00,213.96,73.01,9.05,-2.16,8.38,96.84,0.00,213.90,26.13,-5.00,24.29
2026-01-23 21:42:59,Meter 1,2026-01-23 21:42:00,69.82,99.42,0.00,214.01,86.74,10.62,-0.08,8.67,100.00,0.00,214.03,59.36,7.37,-1.18,6.27,98.26,0.00,214.00,63.36,7.86,0.10,6.44,99.99,0.00,214.01,25.85,-1.16,21.38
2026-01-23 21:43:59,Meter 1,2026-01-23 21:43:00,57.84,99.03,0.00,213.88,62.90,7.70,0.67,7.43,99.60,0.00,213.89,49.42,6.14,0.17,5.83,99.96,0.00,213.89,61.21,7.59,1.62,7.16,97.52,0.00,213.85,21.42,2.46,20.43
2026-01-23 21:44:59,Meter 1,2026-01-23 21:44:00,63.65,99.73,0.00,214.08,68.59,8.40,0.41,6.47,99.80,0.00,214.00,56.96,7.07,-0.56,6.25,99.60,0.00,214.10,65.41,8.12,0.48,7.46,99.79,0.00,214.13,23.60,0.34,20.18
2026-01-23 21:45:59,Meter 1,2026-01-23 21:45:00,68.98,98.42,0.00,214.14,74.22,9.09,-0.87,7.59,99.35,0.00,213.87,61.43,7.63,-1.69,6.82,97.06,0.00,214.38,71.27,8.86,-1.09,7.06,98.84,0.00,214.17,25.57,-3.64,21.47
2026-01-23 21:46:59,Meter 1,2026-01-23 21:46:00,61.73,97.09,0.00,214.06,67.76,8.29,-1.73,7.54,97.47,0.00,213.90,54.99,6.83,-1.27,6.45,98.11,0.00,214.32,62.44,7.75,-2.12,6.98,95.68,0.00,213.97,22.88,-5.12,20.97
2026-01-23 21:47:59,Meter 1,2026-01-23 21:47:00,51.66,98.37,0.00,213.87,68.70,8.40,0.49,8.03,99.82,0.00,213.65,35.97,4.46,-0.32,4.04,99.69,0.00,214.12,50.30,6.24,1.75,5.71,95.59,0.00,213.83,19.10,1.93,17.78
2026-01-23 21:48:59,Meter 1,2026-01-23 21:48:00,67.69,97.24,0.00,214.02,77.62,9.50,-1.27,9.10,99.05,0.00,213.93,53.22,6.61,-1.79,5.96,95.80,0.00,214.09,72.22,8.96,-2.09,8.19,96.89,0.00,214.03,25.07,-5.14,23.25
2026-01-23 21:49:59,Meter 1,2026-01-23 21:49:00,45.80,96.65,0.00,213.99,49.15,6.02,0.94,5.67,98.64,0.00,214.20,35.34,4.39,0.18,4.06,99.91,0.00,213.94,52.90,6.55,2.55,5.75,91.39,0.00,213.81,16.97,3.67,15.48
2026-01-23 21:50:59,Meter 1,2026-01-23 21:50:00,56.83,99.87,0.00,213.99,68.50,8.39,0.10,8.03,99.99,0.00,214.41,42.70,5.31,-0.45,5.03,99.61,0.00,213.93,59.28,7.34,0.02,6.97,100.00,0.00,213.62,21.04,-0.32,20.04
2026-01-23 21:51:59,Meter 1,2026-01-23 21:51:00,58.86,97.91,0.00,213.91,70.49,8.62,0.83,8.36,99.51,0.00,214.26,42.42,5.28,-1.60,4.63,94.50,0.00,214.01,63.66,7.88,0.58,7.61,99.71,0.00,213.46,21.78,-0.19,20.59
2026-01-23 21:52:59,Meter 1,2026-01-23 21:52:00,64.62,98.56,0.00,213.99,73.07,8.94,0.34,8.66,99.92,0.00,214.33,54.85,6.82,-1.88,6.25,95.77,0.00,214.05,65.95,8.17,-0.07,7.72,100.00,0.00,213.59,23.93,-1.61,22.63
2026-01-23 21:53:59,Meter 1,2026-01-23 21:53:00,62.81,98.36,0.00,213.75,85.37,10.43,1.44,10.12,99.00,0.00,214.12,42.06,5.23,0.11,4.96,99.97,0.00,213.97,61.01,7.55,2.03,7.03,96.09,0.00,213.16,23.21,3.58,22.11
2026-01-23 21:54:59,Meter 1,2026-01-23 21:54:00,76.22,99.02,0.00,213.85,105.43,12.89,1.11,11.84,99.56,0.00,214.08,57.43,7.14,-0.54,6.56,99.66,0.00,213.99,65.79,8.15,1.60,7.56,97.83,0.00,213.49,28.18,2.16,25.96
2026-01-23 21:55:59,Meter 1,2026-01-23 21:55:00,45.59,93.25,0.00,213.82,54.40,6.66,1.83,6.08,95.75,0.00,214.12,43.61,5.42,1.56,4.88,95.24,0.00,213.67,38.76,4.80,1.91,3.69,88.75,0.00,213.66,16.87,5.30,14.64
2026-01-23 21:56:59,Meter 1,2026-01-23 21:56:00,52.86,95.69,0.00,213.88,64.41,7.88,1.98,7.03,96.26,0.00,214.27,47.41,5.89,1.32,5.49,97.21,0.00,213.85,46.76,5.79,1.94,5.16,93.58,0.00,213.51,19.56,5.24,17.68
2026-01-23 21:57:59,Meter 1,2026-01-23 21:57:00,73.59,99.80,0.00,214.02,88.27,10.81,-0.12,8.21,99.99,0.00,214.32,66.07,8.22,-0.64,7.55,99.64,0.00,214.00,66.42,8.23,-0.48,7.28,99.78,0.00,213.74,27.25,-1.24,23.03
2026-01-23 21:58:59,Meter 1,2026-01-23 21:58:00,48.23,97.85,0.00,213.97,57.60,7.05,0.80,4.39,98.40,0.00,214.32,43.23,5.38,0.94,4.71,98.06,0.00,213.99,43.86,5.43,1.14,4.61,97.10,0.00,213.60,17.86,2.87,13.72
2026-01-23 21:59:59,Meter 1,2026-01-23 21:59:00,57.64,98.47,0.00,213.84,80.87,9.90,1.27,9.26,99.06,0.00,214.04,48.01,5.96,0.68,5.67,99.29,0.00,213.79,44.03,5.45,1.23,4.96,97.07,0.00,213.68,21.31,3.18,19.88
2026-01-23 22:00:59,Meter 1,2026-01-23 22:00:00,77.82,99.67,0.00,213.99,86.52,10.60,-0.00,9.40,100.00,0.00,214.33,73.28,9.10,-0.77,8.01,99.54,0.00,213.76,73.65,9.12,-0.77,7.53,99.47,0.00,213.89,28.83,-1.55,24.94
2026-01-23 22:01:59,Meter 1,2026-01-23 22:01:00,50.64,99.91,0.00,214.04,76.31,9.35,0.46,6.27,99.73,0.00,214.39,28.65,3.56,0.03,2.51,99.99,0.00,213.90,46.95,5.82,-0.03,3.32,100.00,0.00,213.83,18.73,0.47,12.10
2026-01-23 22:02:59,Meter 1,2026-01-23 22:02:00,60.38,99.36,0.00,214.01,77.83,9.53,0.46,7.18,99.80,0.00,214.22,35.75,4.45,-0.42,3.14,99.11,0.00,214.10,67.55,8.37,0.91,6.99,99.16,0.00,213.70,22.34,0.95,17.31
2026-01-23 22:03:59,Meter 1,2026-01-23 22:03:00,55.73,98.95,0.00,214.07,75.46,9.24,0.03,6.72,100.00,0.00,214.29,31.33,3.90,-0.65,2.53,96.89,0.00,214.08,60.39,7.49,0.20,5.95,99.95,0.00,213.82,20.62,-0.42,15.19
2026-01-23 22:04:59,Meter 1,2026-01-23 22:04:00,47.05,96.01,0.00,214.19,66.51,8.15,-0.72,7.73,99.57,0.00,214.32,28.10,3.49,-1.34,2.81,90.22,0.00,214.19,46.54,5.77,-0.96,5.02,98.23,0.00,214.04,17.42,-3.02,15.56
2026-01-23 22:05:59,Meter 1,2026-01-23 22:05:00,66.17,93.83,0.00,214.30,72.81,8.93,-1.89,8.51,97.62,0.00,214.53,48.40,6.02,-2.97,4.99,85.89,0.00,214.24,77.30,9.59,-1.89,9.27,97.98,0.00,214.12,24.55,-6.75,22.77
2026-01-23 22:06:59,Meter 1,2026-01-23 22:06:00,74.60,99.17,0.00,214.14,81.64,10.00,0.80,9.80,99.67,0.00,214.30,60.30,7.50,-0.32,7.32,99.91,0.00,214.30,81.85,10.15,2.02,9.79,97.94,0.00,213.83,27.65,2.50,26.91
2026-01-23 22:07:59,Meter 1,2026-01-23 22:07:00,72.64,97.95,0.00,214.15,95.30,11.67,1.99,8.98,97.63,0.00,214.41,57.75,7.19,0.45,5.83,99.71,0.00,214.24,64.88,8.04,1.69,6.22,96.50,0.00,213.81,26.90,4.13,21.03
2026-01-23 22:08:59,Meter 1,2026-01-23 22:08:00,75.49,98.16,0.00,214.17,96.05,11.77,-0.19,10.96,99.99,0.00,214.29,62.35,7.75,-1.47,7.04,97.88,0.00,214.21,68.08,8.45,-1.83,6.84,96.61,0.00,214.02,27.97,-3.49,24.83
2026-01-23 22:09:59,Meter 1,2026-01-23 22:09:00,46.54,99.57,0.00,214.09,60.04,7.35,0.24,5.78,99.91,0.00,214.05,39.19,4.87,0.67,4.28,98.81,0.00,214.11,40.39,5.01,0.03,3.09,99.99,0.00,214.12,17.24,0.94,13.15
2026-01-23 22:10:59,Meter 1,2026-01-23 22:10:00,87.42,98.07,0.00,214.05,120.05,14.70,-0.76,13.40,99.84,0.00,214.07,67.79,8.42,-1.61,7.68,97.88,0.00,214.14,74.43,9.23,-2.00,7.33,96.48,0.00,213.95,32.36,-4.37,28.41
2026-01-23 22:11:59,Meter 1,2026-01-23 22:11:00,71.01,99.05,0.00,214.08,100.10,12.24,0.28,11.89,99.97,0.00,213.89,47.14,5.86,-0.57,5.65,99.50,0.00,214.41,65.80,8.17,-1.66,7.54,97.67,0.00,213.94,26.28,-1.95,25.08
2026-01-23 22:12:59,Meter 1,2026-01-23 22:12:00,83.55,99.14,0.00,213.82,111.84,13.68,1.62,11.28,98.98,0.00,213.93,61.17,7.59,-0.09,6.22,99.99,0.00,213.77,77.63,9.62,1.42,7.97,98.46,0.00,213.75,30.89,2.95,25.47
2026-01-23 22:13:59,Meter 1,2026-01-23 22:13:00,44.66,97.95,0.00,214.14,60.53,7.42,1.10,7.16,98.84,0.00,214.26,32.04,3.98,0.31,3.77,99.66,0.00,214.13,41.39,5.14,1.48,4.68,95.35,0.00,214.03,16.54,2.89,15.61
2026-01-23 22:14:59,Meter 1,2026-01-23 22:14:00,40.59,94.41,0.00,214.20,48.86,5.99,0.88,5.74,98.85,0.00,214.42,32.40,4.03,1.02,3.64,96.28,0.00,214.15,40.51,5.03,2.21,4.11,88.09,0.00,214.02,15.05,4.11,13.50
2026-01-23 22:15:59,Meter 1,2026-01-23 22:15:00,83.08,98.08,0.00,214.20,96.02,11.77,-1.72,10.96,98.80,0.00,214.44,71.89,8.94,-2.50,8.16,95.59,0.00,214.08,81.32,10.09,-0.50,9.39,99.86,0.00,214.08,30.80,-4.72,28.51
2026-01-23 22:16:59,Meter 1,2026-01-23 22:16:00,68.24,99.68,0.00,214.07,93.57,11.47,-1.16,10.89,99.44,0.00,214.23,53.71,6.67,-0.25,6.38,99.92,0.00,213.79,57.46,7.12,0.52,6.58,99.69,0.00,214.19,25.27,-0.89,23.85
2026-01-23 22:17:59,Meter 1,2026-01-23 22:17:00,89.50,98.75,0.00,214.17,115.01,14.09,-1.22,13.25,99.58,0.00,214.22,71.24,8.86,-2.11,8.03,96.72,0.00,214.19,82.26,10.21,-0.31,9.19,99.94,0.00,214.10,33.16,-3.64,30.47
2026-01-23 22:18:59,Meter 1,2026-01-23 22:18:00,64.02,99.17,0.00,214.14,82.34,10.09,0.04,7.19,100.00,0.00,214.28,41.88,5.21,-0.36,4.62,99.70,0.00,214.07,67.84,8.42,1.52,7.11,97.80,0.00,214.07,23.71,1.20,18.92
2026-01-23 22:19:59,Meter 1,2026-01-23 22:19:00,52.21,98.21,0.00,214.10,66.74,8.18,0.57,5.94,99.55,0.00,214.27,31.64,3.93,-0.49,3.26,98.89,0.00,214.08,58.26,7.23,1.52,5.37,96.20,0.00,213.96,19.34,1.60,14.57
2026-01-23 22:20:59,Meter 1,2026-01-23 22:20:00,79.03,98.02,0.00,214.07,92.31,11.31,-1.01,10.40,99.53,0.00,214.20,62.98,7.83,-2.35,6.85,94.61,0.00,214.01,81.80,10.14,-0.35,9.21,99.93,0.00,213.99,29.28,-3.70,26.46
2026-01-23 22:21:59,Meter 1,2026-01-23 22:21:00,62.50,99.37,0.00,213.97,89.30,10.93,0.37,8.51,99.90,0.00,214.12,46.71,5.80,-0.04,4.54,100.00,0.00,213.90,51.48,6.38,0.99,5.18,98.21,0.00,213.90,23.12,1.32,18.23
2026-01-23 22:22:59,Meter 1,2026-01-23 22:22:00,49.41,99.91,0.00,214.12,64.85,7.95,0.13,7.33,99.98,0.00,214.28,43.07,5.35,0.15,5.01,99.96,0.00,214.01,40.32,5.00,-0.26,3.91,99.79,0.00,214.05,18.30,0.02,16.25
2026-01-23 22:23:59,Meter 1,2026-01-23 22:23:00,68.21,99.31,0.00,213.96,95.17,11.67,0.06,9.74,100.00,0.00,214.08,55.27,6.86,0.74,6.11,99.27,0.00,213.67,54.18,6.72,-0.71,4.33,98.67,0.00,214.15,25.24,0.08,20.19
2026-01-23 22:24:59,Meter 1,2026-01-23 22:24:00,64.70,99.16,0.00,214.09,78.88,9.67,0.89,6.54,99.10,0.00,214.15,56.17,6.97,0.62,5.97,99.46,0.00,213.88,59.07,7.33,0.80,5.43,98.92,0.00,214.25,23.97,2.31,17.94
2026-01-23 22:25:59,Meter 1,2026-01-23 22:25:00,67.59,99.29,0.00,214.10,75.39,9.24,0.31,7.93,99.93,0.00,214.13,62.55,7.77,-1.05,7.12,98.93,0.00,214.08,64.81,8.04,1.09,7.71,99.01,0.00,214.11,25.05,0.35,22.76
2026-01-23 22:26:59,Meter 1,2026-01-23 22:26:00,43.41,97.44,0.00,214.12,60.65,7.43,-0.04,5.60,100.00,0.00,214.10,27.06,3.36,0.70,2.93,97.28,0.00,214.09,42.50,5.28,1.28,3.91,95.05,0.00,214.18,16.07,1.94,12.44
2026-01-23 22:27:59,Meter 1,2026-01-23 22:27:00,79.09,97.57,0.00,213.99,91.81,11.24,-1.55,10.76,98.98,0.00,214.14,56.95,7.08,-2.20,6.33,94.44,0.00,214.04,88.53,10.98,-1.27,10.53,99.29,0.00,213.80,29.29,-5.02,27.62
2026-01-23 22:28:59,Meter 1,2026-01-23 22:28:00,72.59,96.90,0.00,213.82,92.94,11.37,1.93,8.48,97.50,0.00,214.07,50.94,6.33,0.85,4.69,98.40,0.00,213.72,73.88,9.15,2.60,7.75,94.81,0.00,213.67,26.85,5.38,20.92
2026-01-23 22:29:59,Meter 1,2026-01-23 22:29:00,54.01,94.80,0.00,213.74,86.91,10.63,1.83,10.15,98.41,0.00,213.92,32.20,4.00,1.26,3.50,94.07,0.00,213.61,42.91,5.31,1.89,4.40,91.91,0.00,213.68,19.94,4.98,18.05
2026-01-23 22:30:59,Meter 1,2026-01-23 22:30:00,74.64,99.34,0.00,213.78,104.36,12.76,1.37,12.37,99.39,0.00,213.85,53.78,6.68,-0.63,6.34,99.51,0.00,213.91,65.77,8.15,1.05,7.89,99.13,0.00,213.58,27.58,1.79,26.60
2026-01-23 22:31:59,Meter 1,2026-01-23 22:31:00,78.19,99.49,0.00,214.07,104.66,12.82,0.81,9.91,99.67,0.00,214.28,67.16,8.35,-1.01,6.96,98.96,0.00,213.99,62.75,7.78,-0.38,6.80,99.85,0.00,213.93,28.95,-0.58,23.68
2026-01-23 22:32:59,Meter 1,2026-01-23 22:32:00,54.99,96.94,0.00,213.99,78.00,9.56,2.00,7.14,96.28,0.00,214.24,42.39,5.27,0.80,4.73,98.60,0.00,213.87,44.57,5.52,1.18,4.01,95.95,0.00,213.87,20.35,3.98,15.88
2026-01-23 22:33:59,Meter 1,2026-01-23 22:33:00,38.47,97.71,0.00,213.93,49.58,6.06,1.33,5.48,97.18,0.00,214.16,36.62,4.55,0.96,4.13,97.42,0.00,214.03,29.23,3.62,0.52,2.98,98.53,0.00,213.60,14.24,2.80,12.58
2026-01-23 22:34:59,Meter 1,2026-01-23 22:34:00,71.39,99.00,0.00,214.09,86.18,10.54,-0.28,9.28,99.95,0.00,214.25,62.66,7.80,-1.16,7.00,98.66,0.00,214.41,65.33,8.10,-1.16,6.40,98.39,0.00,213.60,26.44,-2.60,22.68
2026-01-23 22:35:59,Meter 1,2026-01-23 22:35:00,82.30,99.72,0.00,213.92,110.11,13.46,-0.28,9.35,99.96,0.00,214.23,58.01,7.22,-0.73,5.79,99.22,0.00,214.12,78.79,9.76,0.13,7.99,99.99,0.00,213.41,30.44,-0.88,23.13
2026-01-23 22:36:59,Meter 1,2026-01-23 22:36:00,80.71,97.69,0.00,214.21,96.23,11.80,-0.92,7.76,99.30,0.00,214.65,63.56,7.91,-2.26,6.15,93.84,0.00,214.04,82.33,10.20,-0.30,8.23,99.93,0.00,213.93,29.92,-3.48,22.14
2026-01-23 22:37:59,Meter 1,2026-01-23 22:37:00,71.89,98.36,0.00,214.25,95.09,11.67,-1.19,6.42,98.33,0.00,214.73,53.76,6.69,-1.38,5.31,96.80,0.00,213.89,66.82,8.28,-0.23,6.23,99.93,0.00,214.14,26.64,-2.79,17.96
2026-01-23 22:38:59,Meter 1,2026-01-23 22:38:00,81.41,98.83,0.00,214.26,94.07,11.55,-0.92,8.80,99.46,0.00,214.75,67.20,8.36,-1.56,6.52,97.24,0.00,213.96,82.96,10.28,0.54,8.41,99.79,0.00,214.06,30.19,-1.94,23.73
2026-01-23 22:39:59,Meter 1,2026-01-23 22:39:00,77.84,98.01,0.00,214.33,91.63,11.25,-1.79,7.30,97.14,0.00,214.73,64.31,8.00,-1.60,6.68,97.26,0.00,214.02,77.57,9.62,-0.64,7.50,99.63,0.00,214.23,28.87,-4.03,21.48
2026-01-23 22:40:59,Meter 1,2026-01-23 22:40:00,70.67,98.61,0.00,214.13,91.40,11.21,0.27,5.92,99.90,0.00,214.44,55.79,6.93,0.78,5.54,99.02,0.00,213.87,64.83,8.03,1.51,5.94,96.91,0.00,214.07,26.18,2.57,17.41
2026-01-23 22:41:59,Meter 1,2026-01-23 22:41:00,80.09,99.02,0.00,214.19,103.30,12.67,-0.98,10.16,99.54,0.00,214.48,57.36,7.13,-1.06,5.96,98.45,0.00,213.99,79.61,9.87,-1.02,7.43,99.07,0.00,214.11,29.67,-3.06,23.55
2026-01-23 22:42:59,Meter 1,2026-01-23 22:42:00,75.93,96.78,0.00,214.28,92.03,11.30,-1.25,8.86,99.02,0.00,214.54,56.81,7.07,-2.15,5.82,93.81,0.00,214.01,78.93,9.79,-1.80,7.92,97.51,0.00,214.30,28.16,-5.20,22.60
2026-01-23 22:43:59,Meter 1,2026-01-23 22:43:00,39.57,96.57,0.00,214.27,48.68,5.98,1.20,4.62,96.78,0.00,214.43,27.10,3.37,0.47,2.59,98.38,0.00,213.95,42.93,5.33,1.47,4.28,94.55,0.00,214.43,14.67,3.14,11.48
2026-01-23 22:44:59,Meter 1,2026-01-23 22:44:00,57.36,98.44,0.00,214.25,67.95,8.34,-0.09,5.64,99.99,0.00,214.35,38.01,4.72,1.26,3.98,95.34,0.00,214.03,66.11,8.21,-0.16,7.27,99.98,0.00,214.38,21.27,1.02,16.90
2026-01-23 22:45:59,Meter 1,2026-01-23 22:45:00,80.41,98.39,0.00,214.24,93.05,11.41,-0.97,8.51,99.35,0.00,214.41,66.21,8.24,-1.03,7.38,99.04,0.00,214.19,81.98,10.17,-2.13,8.22,96.80,0.00,214.11,29.82,-4.14,24.10
2026-01-23 22:46:59,Meter 1,2026-01-23 22:46:00,75.05,98.57,0.00,214.26,97.94,12.00,0.04,10.08,100.00,0.00,214.14,60.82,7.56,-0.57,6.80,99.66,0.00,214.47,66.39,8.25,-1.66,5.76,96.06,0.00,214.16,27.81,-2.19,22.64
2026-01-23 22:47:59,Meter 1,2026-01-23 22:47:00,77.13,99.61,0.00,214.20,104.78,12.83,0.34,11.43,99.96,0.00,213.97,59.47,7.39,0.50,6.63,99.71,0.00,214.44,67.12,8.34,-0.76,5.85,99.17,0.00,214.20,28.56,0.08,23.91
2026-01-23 22:48:59,Meter 1,2026-01-23 22:48:00,74.93,98.86,0.00,214.17,102.17,12.50,0.43,10.75,99.92,0.00,214.02,61.41,7.64,-1.59,6.32,96.98,0.00,214.55,61.20,7.60,0.54,6.78,99.68,0.00,213.95,27.74,-0.61,23.85
2026-01-23 22:49:59,Meter 1,2026-01-23 22:49:00,79.05,96.20,0.00,214.43,89.07,10.92,-1.75,8.90,98.12,0.00,214.46,69.67,8.68,-2.85,7.20,92.96,0.00,214.60,78.42,9.75,-1.87,8.23,97.52,0.00,214.21,29.34,-6.47,24.33
2026-01-23 22:50:59,Meter 1,2026-01-23 22:50:00,65.41,98.42,0.00,214.35,79.27,9.72,0.53,6.28,99.65,0.00,214.42,55.43,6.90,-1.43,5.34,96.59,0.00,214.47,61.53,7.64,0.89,6.24,99.00,0.00,214.15,24.26,-0.02,17.86
2026-01-23 22:51:59,Meter 1,2026-01-23 22:51:00,69.67,97.95,0.00,214.43,77.86,9.53,-0.12,8.17,99.99,0.00,214.37,60.30,7.52,-2.26,6.28,94.11,0.00,214.87,70.86,8.81,0.54,7.55,99.75,0.00,214.04,25.86,-1.84,22.01
2026-01-23 22:52:59,Meter 1,2026-01-23 22:52:00,54.77,98.16,0.00,214.39,63.78,7.81,-0.30,7.61,99.92,0.00,214.28,43.84,5.46,-1.50,4.98,95.76,0.00,214.68,56.69,7.05,-1.05,6.67,98.79,0.00,214.20,20.32,-2.85,19.27
2026-01-23 22:53:59,Meter 1,2026-01-23 22:53:00,53.55,99.74,0.00,214.27,63.73,7.82,-0.70,7.22,99.53,0.00,214.40,45.81,5.70,-0.42,5.41,99.70,0.00,214.11,51.12,6.35,-0.08,5.97,99.99,0.00,214.31,19.86,-1.20,18.60
2026-01-23 22:54:59,Meter 1,2026-01-23 22:54:00,74.13,99.02,0.00,214.38,85.94,10.54,-0.26,9.73,99.96,0.00,214.58,63.53,7.91,-1.67,7.12,97.36,0.00,214.48,72.92,9.05,0.61,8.36,99.73,0.00,214.07,27.50,-1.32,25.21
2026-01-23 22:55:59,Meter 1,2026-01-23 22:55:00,68.25,98.89,0.00,214.59,79.29,9.74,-0.19,6.65,99.96,0.00,214.79,60.41,7.53,-1.50,5.92,96.94,0.00,214.55,65.06,8.08,0.49,7.17,99.77,0.00,214.42,25.35,-1.20,19.74
2026-01-23 22:56:59,Meter 1,2026-01-23 22:56:00,77.23,97.91,0.00,214.58,91.58,11.24,-1.61,8.42,98.23,0.00,214.96,62.61,7.81,-1.68,6.36,96.67,0.00,214.57,77.50,9.62,-1.23,7.97,98.83,0.00,214.20,28.68,-4.52,22.76
2026-01-23 22:57:59,Meter 1,2026-01-23 22:57:00,74.94,97.70,0.00,214.56,91.73,11.26,-1.90,8.06,97.33,0.00,214.87,61.78,7.71,-1.45,6.42,97.55,0.00,214.68,71.30,8.86,-1.46,7.61,98.21,0.00,214.14,27.82,-4.81,22.08
2026-01-23 22:58:59,Meter 1,2026-01-23 22:58:00,69.66,95.18,0.00,214.58,73.48,9.02,-2.48,7.81,95.32,0.00,214.98,59.00,7.36,-2.18,6.29,94.47,0.00,214.64,76.50,9.50,-2.32,7.72,95.75,0.00,214.11,25.88,-6.98,21.82
2026-01-23 22:59:59,Meter 1,2026-01-23 22:59:00,56.27,95.45,0.00,214.44,70.96,8.70,0.25,4.14,99.81,0.00,214.75,43.33,5.40,1.27,4.06,95.48,0.00,214.48,54.53,6.77,2.40,5.28,91.05,0.00,214.08,20.87,3.92,13.49
2026-01-23 23:00:59,Meter 1,2026-01-23 23:00:00,60.96,96.66,0.00,214.20,77.40,9.48,0.21,6.07,99.94,0.00,214.49,45.89,5.71,0.89,5.00,98.46,0.00,214.24,59.58,7.39,2.27,5.19,91.59,0.00,213.87,22.58,3.37,16.26
2026-01-23 23:01:59,Meter 1,2026-01-23 23:01:00,77.96,98.58,0.00,214.21,95.86,11.75,-1.32,11.08,99.30,0.00,214.57,64.93,8.08,-1.75,7.56,97.42,0.00,214.12,73.10,9.06,-1.21,8.63,99.03,0.00,213.95,28.90,-4.28,27.26
2026-01-23 23:02:59,Meter 1,2026-01-23 23:02:00,54.37,94.21,0.00,214.17,55.66,6.82,1.74,5.62,95.52,0.00,214.52,48.14,6.00,1.03,5.51,98.29,0.00,214.21,59.30,7.35,3.25,6.28,88.84,0.00,213.79,20.16,6.02,17.41
2026-01-23 23:03:59,Meter 1,2026-01-23 23:03:00,54.91,93.50,0.00,214.25,61.35,7.52,1.36,4.61,95.93,0.00,214.50,45.20,5.63,1.26,4.84,96.77,0.00,214.30,58.18,7.22,2.74,5.03,87.79,0.00,213.94,20.36,5.36,14.48
2026-01-23 23:04:59,Meter 1,2026-01-23 23:04:00,60.38,98.86,0.00,214.40,67.46,8.27,1.04,6.88,98.88,0.00,214.66,55.00,6.85,-0.80,6.15,99.17,0.00,214.45,58.69,7.28,1.19,6.85,98.53,0.00,214.08,22.41,1.43,19.87
2026-01-23 23:05:59,Meter 1,2026-01-23 23:05:00,55.65,99.63,0.00,214.44,64.59,7.91,0.70,7.04,99.50,0.00,214.62,51.23,6.39,0.64,6.07,99.45,0.00,214.73,51.14,6.35,-0.19,5.83,99.94,0.00,213.98,20.65,1.15,18.94
2026-01-23 23:06:59,Meter 1,2026-01-23 23:06:00,75.35,96.97,0.00,214.46,84.08,10.30,-0.87,9.48,99.58,0.00,214.66,67.14,8.38,-2.69,7.45,94.04,0.00,214.82,74.82,9.29,-1.99,8.39,97.29,0.00,213.89,27.97,-5.56,25.32
2026-01-23 23:07:59,Meter 1,2026-01-23 23:07:00,43.87,93.58,0.00,214.25,51.52,6.31,1.09,5.91,98.33,0.00,214.45,42.40,5.28,1.19,4.74,97.01,0.00,214.36,37.68,4.67,2.17,3.56,85.39,0.00,213.94,16.27,4.45,14.21
2026-01-23 23:08:59,Meter 1,2026-01-23 23:08:00,76.87,95.12,0.00,214.36,91.20,11.18,-1.89,7.92,97.27,0.00,214.61,67.69,8.43,-2.65,7.34,94.04,0.00,214.42,71.73,8.90,-2.60,7.20,94.06,0.00,214.05,28.52,-7.14,22.46
2026-01-23 23:09:59,Meter 1,2026-01-23 23:09:00,65.75,99.63,0.00,214.28,71.39,8.75,-0.87,7.49,99.34,0.00,214.53,65.48,8.16,-0.72,7.54,99.55,0.00,214.39,60.38,7.49,-0.08,7.11,99.99,0.00,213.92,24.40,-1.66,22.14
2026-01-23 23:10:59,Meter 1,2026-01-23 23:10:00,53.87,98.92,0.00,214.33,61.48,7.53,0.62,7.01,99.62,0.00,214.65,45.72,5.70,0.80,5.14,98.83,0.00,214.45,54.42,6.75,1.18,6.37,98.32,0.00,213.88,19.98,2.60,18.53
2026-01-23 23:11:59,Meter 1,2026-01-23 23:11:00,56.21,96.10,0.00,214.31,74.58,9.13,0.98,5.29,98.34,0.00,214.47,43.28,5.40,0.99,4.04,97.14,0.00,214.71,50.78,6.30,1.98,4.94,92.82,0.00,213.74,20.83,3.94,14.26
2026-01-23 23:12:59,Meter 1,2026-01-23 23:12:00,72.32,98.14,0.00,214.35,89.38,10.94,-0.35,8.25,99.91,0.00,214.41,56.12,6.99,-1.84,5.34,94.52,0.00,214.69,71.45,8.88,-0.14,8.07,99.98,0.00,213.94,26.81,-2.34,21.66
2026-01-23 23:13:59,Meter 1,2026-01-23 23:13:00,66.91,98.50,0.00,214.08,94.22,11.52,1.28,9.55,99.11,0.00,214.02,40.14,5.00,0.52,4.09,99.20,0.00,214.49,66.36,8.24,1.52,6.29,97.20,0.00,213.74,24.75,3.32,19.93
2026-01-23 23:14:59,Meter 1,2026-01-23 23:14:00,72.38,99.31,0.00,214.26,77.57,9.49,-0.01,7.58,100.00,0.00,214.14,56.70,7.06,-1.20,6.32,98.25,0.00,214.63,82.87,10.30,-0.64,8.08,99.69,0.00,214.02,26.85,-1.84,21.98
2026-01-23 23:15:59,Meter 1,2026-01-23 23:15:00,56.82,90.10,0.00,214.09,55.64,6.81,2.20,5.48,92.81,0.00,214.27,49.44,6.15,2.14,5.48,93.16,0.00,214.36,65.40,8.11,4.20,6.59,84.34,0.00,213.65,21.07,8.54,17.55
2026-01-23 23:16:59,Meter 1,2026-01-23 23:16:00,60.30,92.98,0.00,214.07,76.08,9.31,2.14,5.81,93.85,0.00,214.19,50.76,6.31,1.22,5.05,97.19,0.00,214.16,54.05,6.70,2.93,5.41,87.90,0.00,213.86,22.33,6.29,16.27
2026-01-23 23:17:59,Meter 1,2026-01-23 23:17:00,76.68,97.32,0.00,214.23,78.78,9.65,-0.96,8.32,99.34,0.00,214.24,67.82,8.44,-2.78,7.19,93.25,0.00,214.43,83.43,10.36,-0.95,8.37,99.36,0.00,214.03,28.45,-4.70,23.88
2026-01-23 23:18:59,Meter 1,2026-01-23 23:18:00,43.80,90.71,0.00,214.02,47.91,5.87,1.64,4.40,93.73,0.00,214.19,41.14,5.11,1.73,4.23,92.59,0.00,214.00,42.36,5.25,2.34,3.92,85.82,0.00,213.88,16.23,5.71,12.54
2026-01-23 23:19:59,Meter 1,2026-01-23 23:19:00,69.37,99.27,0.00,214.16,80.20,9.82,0.38,6.13,99.81,0.00,214.37,58.98,7.34,0.33,6.30,99.86,0.00,214.33,68.92,8.55,1.19,6.05,98.13,0.00,213.78,25.71,1.90,18.47
2026-01-23 23:20:59,Meter 1,2026-01-23 23:20:00,75.95,94.69,0.00,214.19,87.28,10.69,-2.23,9.99,97.60,0.00,214.30,65.68,8.17,-3.13,7.15,91.62,0.00,214.31,74.89,9.29,-2.82,8.44,94.84,0.00,213.95,28.16,-8.18,25.58
2026-01-23 23:21:59,Meter 1,2026-01-23 23:21:00,74.38,96.71,0.00,214.23,84.26,10.32,-1.43,7.29,98.12,0.00,214.32,62.98,7.84,-2.49,6.67,93.67,0.00,214.53,75.88,9.42,-1.42,7.67,98.32,0.00,213.85,27.58,-5.35,21.62
2026-01-23 23:22:59,Meter 1,2026-01-23 23:22:00,74.24,97.54,0.00,214.24,73.07,8.95,-1.98,8.08,97.13,0.00,214.39,68.47,8.53,-2.31,7.81,95.89,0.00,214.46,81.16,10.07,-0.85,9.47,99.60,0.00,213.87,27.55,-5.14,25.36
2026-01-23 23:23:59,Meter 1,2026-01-23 23:23:00,47.41,92.79,0.00,214.03,43.28,5.29,0.87,4.69,98.33,0.00,214.12,39.61,4.93,1.88,4.17,91.13,0.00,214.27,59.34,7.36,3.20,6.22,88.92,0.00,213.71,17.58,5.95,15.08
2026-01-23 23:24:59,Meter 1,2026-01-23 23:24:00,73.29,97.64,0.00,214.11,77.77,9.52,-0.95,8.61,99.39,0.00,214.23,53.98,6.72,-2.10,5.56,93.55,0.00,214.32,88.13,10.93,-0.24,9.52,99.97,0.00,213.79,27.17,-3.29,23.69
2026-01-23 23:25:59,Meter 1,2026-01-23 23:25:00,59.35,98.50,0.00,214.08,74.25,9.09,-0.54,6.06,99.60,0.00,214.25,36.95,4.60,-1.11,3.76,95.89,0.00,214.31,66.85,8.29,-0.08,7.21,99.99,0.00,213.68,21.97,-1.74,17.02
2026-01-23 23:26:59,Meter 1,2026-01-23 23:26:00,61.44,97.08,0.00,213.99,79.83,9.76,1.36,7.72,98.49,0.00,214.06,39.54,4.92,0.11,3.82,99.96,0.00,214.20,64.94,8.05,2.67,6.65,92.79,0.00,213.69,22.73,4.14,18.18
2026-01-23 23:27:59,Meter 1,2026-01-23 23:27:00,80.35,96.97,0.00,214.15,103.12,12.63,-1.45,9.84,98.93,0.00,214.29,57.19,7.11,-2.29,5.48,92.30,0.00,214.22,80.73,10.02,-0.70,8.72,99.68,0.00,213.95,29.76,-4.43,24.03
2026-01-23 23:28:59,Meter 1,2026-01-23 23:28:00,47.91,91.22,0.00,214.00,45.02,5.51,1.13,3.86,95.98,0.00,214.29,42.41,5.27,1.18,4.66,96.96,0.00,214.00,56.30,6.97,3.95,5.41,80.74,0.00,213.71,17.76,6.26,13.93
2026-01-23 23:29:59,Meter 1,2026-01-23 23:29:00,49.18,95.96,0.00,213.98,51.03,6.25,0.27,4.52,99.82,0.00,214.47,44.86,5.58,1.21,5.19,97.37,0.00,213.79,51.65,6.39,2.52,5.43,90.68,0.00,213.68,18.22,4.01,15.15
2026-01-23 23:30:59,Meter 1,2026-01-23 23:30:00,81.48,97.48,0.00,214.14,97.50,11.94,-0.89,8.53,99.46,0.00,214.34,64.61,8.04,-2.58,6.72,93.34,0.00,214.19,82.33,10.21,-0.76,8.84,99.63,0.00,213.88,30.19,-4.24,24.09
2026-01-23 23:31:59,Meter 1,2026-01-23 23:31:00,81.48,97.48,0.00,214.14,97.50,11.94,-0.89,8.53,99.46,0.00,214.34,64.61,8.04,-2.58,6.72,93.34,0.00,214.19,82.33,10.21,-0.76,8.84,99.63,0.00,213.88,30.19,-4.24,24.09
2026-01-23 23:32:59,Meter 1,2026-01-23 23:32:00,80.10,99.84,0.00,213.95,94.36,11.55,-0.05,9.12,100.00,0.00,214.17,67.58,8.40,-0.59,7.95,99.72,0.00,213.94,78.35,9.71,-0.56,8.83,99.80,0.00,213.73,29.66,-1.20,25.90
2026-01-23 23:33:59,Meter 1,2026-01-23 23:33:00,67.27,93.02,0.00,213.83,78.37,9.58,2.04,6.57,95.52,0.00,214.01,59.74,7.42,2.61,6.44,92.70,0.00,213.90,63.71,7.89,2.98,6.48,90.84,0.00,213.58,24.90,7.63,19.49
2026-01-23 23:34:59,Meter 1,2026-01-23 23:34:00,79.69,99.11,0.00,213.99,96.63,11.82,-0.56,8.48,99.78,0.00,214.13,66.53,8.27,-1.33,7.38,98.41,0.00,214.11,75.91,9.41,-1.08,8.18,99.15,0.00,213.73,29.51,-2.97,24.03
2026-01-23 23:35:59,Meter 1,2026-01-23 23:35:00,62.31,95.18,0.00,213.92,70.28,8.60,1.62,6.07,96.61,0.00,214.24,53.17,6.61,1.67,5.80,96.10,0.00,214.01,63.47,7.86,2.77,6.92,92.83,0.00,213.50,23.07,6.06,18.79
2026-01-23 23:36:59,Meter 1,2026-01-23 23:36:00,66.95,95.85,0.00,214.06,70.73,8.66,-1.03,8.14,99.20,0.00,214.33,58.79,7.32,-3.00,6.22,90.06,0.00,214.17,71.32,8.84,-1.42,7.61,98.30,0.00,213.69,24.81,-5.46,21.96
2026-01-23 23:37:59,Meter 1,2026-01-23 23:37:00,42.78,95.72,0.00,213.94,48.42,5.93,0.49,5.35,99.58,0.00,214.13,38.16,4.74,0.63,4.34,98.96,0.00,213.91,41.75,5.17,2.22,4.26,88.63,0.00,213.78,15.84,3.35,13.95
2026-01-23 23:38:59,Meter 1,2026-01-23 23:38:00,42.41,96.67,0.00,214.04,50.86,6.22,0.97,4.14,97.36,0.00,214.11,37.90,4.71,0.65,4.26,98.84,0.00,214.20,38.47,4.77,1.25,3.40,93.81,0.00,213.81,15.71,2.88,11.80
2026-01-23 23:39:59,Meter 1,2026-01-23 23:39:00,64.65,99.62,0.00,214.11,83.97,10.28,0.06,6.17,99.99,0.00,214.13,49.08,6.10,-0.44,5.24,99.64,0.00,214.27,60.91,7.56,-0.69,5.50,99.23,0.00,213.93,23.94,-1.07,16.92
2026-01-23 23:40:59,Meter 1,2026-01-23 23:40:00,60.20,99.56,0.00,214.15,75.80,9.28,0.05,5.79,100.00,0.00,214.21,47.16,5.87,-0.46,5.11,99.60,0.00,214.44,57.62,7.15,-0.70,5.12,99.07,0.00,213.82,22.30,-1.12,16.02
2026-01-23 23:41:59,Meter 1,2026-01-23 23:41:00,60.26,99.93,0.00,214.13,81.60,9.98,0.25,5.63,99.90,0.00,214.19,45.94,5.72,-0.09,5.14,99.99,0.00,214.44,53.22,6.60,-0.21,4.81,99.90,0.00,213.75,22.31,-0.05,15.58
2026-01-23 23:42:59,Meter 1,2026-01-23 23:42:00,58.96,98.44,0.00,214.37,65.83,8.06,-1.03,7.29,99.02,0.00,214.45,56.32,7.02,-1.72,6.45,96.64,0.00,214.71,54.73,6.80,-0.54,6.49,99.65,0.00,213.95,21.88,-3.29,20.23
2026-01-23 23:43:59,Meter 1,2026-01-23 23:43:00,67.39,98.80,0.00,214.23,77.25,9.45,-0.43,7.67,99.84,0.00,214.15,53.90,6.71,-1.32,5.47,97.21,0.00,214.69,71.02,8.82,-0.78,6.80,99.35,0.00,213.87,24.98,-2.52,19.94
2026-01-23 23:44:59,Meter 1,2026-01-23 23:44:00,75.45,97.28,0.00,214.26,100.39,12.28,-0.90,9.62,99.57,0.00,214.17,49.03,6.11,-1.62,5.19,95.42,0.00,214.78,76.92,9.56,-1.80,7.01,96.85,0.00,213.83,27.94,-4.32,21.82
2026-01-23 23:45:59,Meter 1,2026-01-23 23:45:00,66.12,97.99,0.00,214.28,77.02,9.43,-0.05,8.64,100.00,0.00,214.09,44.81,5.58,-1.37,4.87,96.26,0.00,214.70,76.53,9.51,-1.68,7.74,97.72,0.00,214.06,24.52,-3.11,21.25
2026-01-23 23:46:59,Meter 1,2026-01-23 23:46:00,75.25,98.14,0.00,214.27,81.75,10.02,-0.83,8.76,99.55,0.00,214.36,63.73,7.93,-2.14,7.11,95.77,0.00,214.32,80.26,9.96,-1.20,8.82,99.09,0.00,214.14,27.91,-4.16,24.68
2026-01-23 23:47:59,Meter 1,2026-01-23 23:47:00,73.08,96.53,0.00,214.40,79.31,9.73,-1.34,8.32,98.73,0.00,214.51,61.12,7.61,-2.88,6.59,91.60,0.00,214.43,78.81,9.79,-1.03,8.43,99.27,0.00,214.27,27.13,-5.25,23.33
2026-01-23 23:48:59,Meter 1,2026-01-23 23:48:00,58.19,96.81,0.00,214.37,61.96,7.60,1.48,6.72,97.65,0.00,214.69,49.92,6.22,-0.15,5.71,99.97,0.00,214.36,62.70,7.78,2.82,7.03,92.82,0.00,214.06,21.60,4.15,19.46
2026-01-23 23:49:59,Meter 1,2026-01-23 23:49:00,80.37,98.49,0.00,214.38,109.99,13.48,-0.67,11.65,99.84,0.00,214.52,61.89,7.71,-2.00,6.56,95.64,0.00,214.56,69.23,8.60,-0.12,7.23,99.99,0.00,214.07,29.79,-2.79,25.44
2026-01-23 23:50:59,Meter 1,2026-01-23 23:50:00,71.93,96.15,0.00,214.57,83.84,10.29,-1.28,8.14,98.79,0.00,214.70,61.34,7.64,-2.96,6.19,90.18,0.00,214.65,70.60,8.78,-0.78,7.60,99.48,0.00,214.36,26.71,-5.02,21.93
2026-01-23 23:51:59,Meter 1,2026-01-23 23:51:00,53.97,97.70,0.00,214.42,70.77,8.68,0.35,4.20,99.66,0.00,214.74,38.75,4.83,0.22,3.61,99.81,0.00,214.39,52.39,6.50,1.70,4.55,93.64,0.00,214.13,20.01,2.27,12.36
2026-01-23 23:52:59,Meter 1,2026-01-23 23:52:00,38.35,92.46,0.00,214.42,42.19,5.18,0.97,3.58,96.54,0.00,214.87,32.07,4.00,1.01,3.39,95.81,0.00,214.25,40.79,5.06,2.17,3.50,85.04,0.00,214.13,14.24,4.15,10.47
2026-01-23 23:53:59,Meter 1,2026-01-23 23:53:00,77.94,94.51,0.00,214.53,94.16,11.56,-1.00,8.07,99.24,0.00,214.79,58.73,7.32,-2.95,5.70,88.77,0.00,214.57,80.93,10.05,-2.15,6.96,95.53,0.00,214.22,28.93,-6.11,20.72
2026-01-23 23:54:59,Meter 1,2026-01-23 23:54:00,75.40,93.77,0.00,214.57,84.46,10.37,-1.56,8.79,98.46,0.00,214.91,64.37,8.03,-3.24,6.80,90.30,0.00,214.58,77.38,9.61,-3.03,7.41,92.56,0.00,214.23,28.01,-7.83,23.00
2026-01-23 23:55:59,Meter 1,2026-01-23 23:55:00,60.58,94.34,0.00,214.37,81.91,10.05,1.41,7.45,98.26,0.00,214.65,42.14,5.25,1.59,4.34,93.92,0.00,214.21,57.68,7.16,2.25,4.89,90.85,0.00,214.26,22.46,5.25,16.69
2026-01-23 23:56:59,Meter 1,2026-01-23 23:56:00,68.60,95.05,0.00,214.56,77.55,9.52,-1.37,9.12,98.89,0.00,214.84,54.66,6.81,-2.65,5.84,91.04,0.00,214.51,73.58,9.14,-2.50,7.79,95.22,0.00,214.32,25.48,-6.52,22.75
2026-01-23 23:57:59,Meter 1,2026-01-23 23:57:00,72.24,99.85,0.00,214.37,93.66,11.49,0.03,8.45,100.00,0.00,214.51,50.74,6.31,-0.07,5.47,99.99,0.00,214.31,72.31,8.98,-0.63,6.74,99.56,0.00,214.29,26.78,-0.67,20.65
2026-01-23 23:58:59,Meter 1,2026-01-23 23:58:00,62.32,96.52,0.00,214.30,87.26,10.69,1.43,8.20,98.52,0.00,214.45,40.72,5.07,1.44,4.22,94.61,0.00,214.44,58.99,7.32,1.42,5.17,96.44,0.00,214.00,23.09,4.29,17.59
2026-01-23 23:59:59,Meter 1,2026-01-23 23:59:00,70.43,97.85,0.00,214.50,78.12,9.59,-0.49,8.84,99.85,0.00,214.71,54.81,6.83,-2.09,5.72,93.94,0.00,214.54,78.36,9.73,-0.56,8.32,99.78,0.00,214.26,26.15,-3.14,22.88
