End Time,Meter,Start Time,avgAmp,avgPf,avgTHD,avgVolt,l1Amp,l1Kva,l1Kvar,l1Kw,l1Pf,l1THD,l1Volt,l2Amp,l2Kva,l2Kvar,l2Kw,l2Pf,l2THD,l2Volt,l3Amp,l3Kva,l3Kvar,l3Kw,l3Pf,l3THD,l3Volt,totalKva,totalKvar,totalKw
1/23/2026 5:00,Meter 1,1/23/2026 5:00,71.63,98.99,0,214.57,87.52,10.74,-0.99,6.72,98.94,0,214.66,60.03,7.48,0.5,6.79,99.73,0,214.57,67.33,8.37,1.26,6.74,98.3,0,214.49,26.59,0.77,20.26
1/23/2026 5:01,Meter 1,1/23/2026 5:01,68.26,99.22,0,214.52,80.53,9.88,-0.62,6.18,99.51,0,214.43,56.5,7.03,0.06,6.04,100,0,214.62,67.76,8.43,1.34,6.89,98.16,0,214.51,25.34,0.78,19.11
1/23/2026 5:02,Meter 1,1/23/2026 5:02,59.34,97.75,0,214.63,62.94,7.72,-1.42,7.35,98.19,0,214.6,65.19,8.12,1.5,7.75,98.18,0,214.8,49.9,6.21,1.47,5.73,96.88,0,214.5,22.06,1.55,20.83
1/23/2026 5:03,Meter 1,1/23/2026 5:03,67.51,98.59,0,214.66,79.48,9.75,-1.03,8.57,99.28,0,214.57,52.9,6.59,-1.43,5.63,96.93,0,214.94,70.15,8.74,-0.7,7.34,99.55,0,214.46,25.08,-3.16,21.55
1/23/2026 5:04,Meter 1,1/23/2026 5:04,61.83,97.97,0,214.62,71.64,8.79,-0.33,8.5,99.93,0,214.73,57.46,7.17,0.75,6.75,99.38,0,214.79,56.38,7.01,2.17,6.32,94.59,0,214.33,22.97,2.6,21.58
1/23/2026 5:05,Meter 1,1/23/2026 5:05,77.95,99.48,0,214.55,101.64,12.46,-1.61,10.02,98.73,0,214.52,65.48,8.16,0.37,7.23,99.87,0,214.84,66.74,8.3,0.37,7.01,99.86,0,214.29,28.92,-0.87,24.25
1/23/2026 5:06,Meter 1,1/23/2026 5:06,61.39,99.36,0,214.74,77.91,9.56,0.05,7.14,100,0,214.96,47.41,5.92,-0.87,4.71,98.36,0,214.98,58.85,7.32,0.5,6.84,99.74,0,214.28,22.8,-0.32,18.7
1/23/2026 5:07,Meter 1,1/23/2026 5:07,94.34,96.79,0,214.41,120.42,14.76,-2.64,12.56,97.86,0,214.31,94.47,11.75,3.21,10.8,95.86,0,214.51,68.13,8.47,1.91,7.2,96.66,0,214.41,34.99,2.47,30.56
1/23/2026 5:08,Meter 1,1/23/2026 5:08,76.06,97.38,0,214.51,79.81,9.79,-1.79,8.83,98.02,0,214.48,79.73,9.93,2.32,9.39,97.09,0,214.65,68.65,8.54,1.96,7.85,97.03,0,214.39,28.25,2.49,26.08
1/23/2026 5:09,Meter 1,1/23/2026 5:09,81.69,98.29,0,214.59,89.59,10.99,-1.08,7.57,98.99,0,214.61,72.68,9.05,1.64,8.23,98.07,0,214.72,82.81,10.3,1.75,8.22,97.79,0,214.45,30.35,2.31,24.02
1/23/2026 5:10,Meter 1,1/23/2026 5:10,92.43,94.11,0,214.42,97.34,11.94,-3.15,11.01,96.14,0,214.46,111.9,13.92,5.01,12.77,93.09,0,214.4,68.06,8.46,2.96,7.55,93.09,0,214.42,34.32,4.82,31.32
1/23/2026 5:11,Meter 1,1/23/2026 5:11,83.18,98.29,0,214.46,99.81,12.24,-1.86,10.12,98.35,0,214.55,79.96,9.96,2.27,8.95,96.93,0,214.57,69.77,8.67,0.73,8.17,99.61,0,214.27,30.87,1.14,27.24
1/23/2026 5:12,Meter 1,1/23/2026 5:12,70.86,98.48,0,214.52,86.13,10.56,-1.03,6.6,98.8,0,214.66,61.11,7.62,1.41,6.57,97.76,0,214.69,65.35,8.12,0.96,6.39,98.89,0,214.22,26.3,1.34,19.55
1/23/2026 5:13,Meter 1,1/23/2026 5:13,60.11,97.97,0,214.58,64.05,7.86,-1.61,7.25,97.61,0,214.72,54.58,6.8,-0.97,6.19,98.79,0,214.62,61.71,7.67,-1.61,7.07,97.5,0,214.39,22.33,-4.19,20.51
1/23/2026 5:14,Meter 1,1/23/2026 5:14,61.15,99.48,0,214.41,64.43,7.9,-0.58,7.56,99.7,0,214.43,63.49,7.9,1.12,7.61,98.93,0,214.47,55.54,6.9,0.41,6.58,99.8,0,214.32,22.71,0.95,21.74
1/23/2026 5:15,Meter 1,1/23/2026 5:15,61.08,98.9,0,214.58,66.94,8.21,-0.27,7.09,99.93,0,214.5,60.52,7.54,1.25,6.95,98.42,0,214.73,55.78,6.94,1.16,6.34,98.36,0,214.52,22.69,2.14,20.38
1/23/2026 5:16,Meter 1,1/23/2026 5:16,83.81,97.47,0,214.47,104.76,12.85,-3.22,11.14,96.06,0,214.32,92.28,11.48,2.94,10.69,96.43,0,214.55,54.39,6.77,-0.23,6.03,99.93,0,214.54,31.1,-0.51,27.85
1/23/2026 5:17,Meter 1,1/23/2026 5:17,78.67,97.56,0,214.48,101.82,12.49,-2.15,9.43,97.51,0,214.46,71.56,8.91,0.62,8.2,99.72,0,214.56,62.62,7.79,-1.91,6.12,95.45,0,214.41,29.18,-3.44,23.75
1/23/2026 5:18,Meter 1,1/23/2026 5:18,76.85,98.76,0,214.58,94.85,11.64,-1.5,8.92,98.61,0,214.5,64.45,8.03,-0.35,7.09,99.88,0,214.69,71.25,8.87,-1.56,7.27,97.78,0,214.54,28.53,-3.41,23.28
1/23/2026 5:19,Meter 1,1/23/2026 5:19,76.85,98.77,0,214.48,96.68,11.86,-1.98,8.22,97.21,0,214.59,69.51,8.66,0.87,8.02,99.41,0,214.53,64.36,8,-0.51,6.46,99.68,0,214.33,28.52,-1.62,22.69
1/23/2026 5:20,Meter 1,1/23/2026 5:20,77.82,98.63,0,214.33,95.54,11.71,-2.14,9.18,97.39,0,214.46,74.63,9.29,1.49,8.77,98.58,0,214.33,63.28,7.86,-0.26,6.52,99.92,0,214.2,28.86,-0.91,24.46
1/23/2026 5:21,Meter 1,1/23/2026 5:21,70.1,98.53,0,214.45,86.16,10.56,-0.62,7.13,99.63,0,214.51,54.51,6.79,-1.31,4.79,96.45,0,214.7,69.62,8.66,-0.71,7.04,99.5,0,214.15,26.01,-2.64,18.96
1/23/2026 5:22,Meter 1,1/23/2026 5:22,88.83,98.63,0,214.13,113.49,13.9,-1.76,11.7,98.89,0,214.13,86.85,10.79,2.53,10.22,97.08,0,214.22,66.14,8.21,0.27,7.2,99.93,0,214.04,32.9,1.03,29.12
1/23/2026 5:23,Meter 1,1/23/2026 5:23,87.89,99.34,0,214.1,109.59,13.42,-1.64,11.37,98.98,0,214.06,80.52,10,0.96,9.4,99.48,0,214.22,73.58,9.14,-0.76,8.01,99.55,0,214.04,32.56,-1.44,28.77
1/23/2026 5:24,Meter 1,1/23/2026 5:24,83.08,95.07,0,214.15,100.25,12.29,-3.91,10.96,94.19,0,214.11,98.17,12.19,4.38,11.18,93.13,0,214.02,50.82,6.31,1.13,5.43,97.9,0,214.33,30.79,1.6,27.57
1/23/2026 5:25,Meter 1,1/23/2026 5:25,82.41,97.29,0,214.32,103.86,12.74,-2.5,9.22,96.52,0,214.34,83.21,10.35,2.48,9.02,96.41,0,214.25,60.16,7.47,0.89,6.05,98.95,0,214.37,30.56,0.87,24.29
1/23/2026 5:26,Meter 1,1/23/2026 5:26,69.22,98.71,0,214.31,78.55,9.64,-1.52,7.27,97.89,0,214.38,66.2,8.23,1.43,7.57,98.26,0,214.2,62.91,7.81,-0.08,6.27,99.99,0,214.35,25.68,-0.17,21.11
1/23/2026 5:27,Meter 1,1/23/2026 5:27,97.4,97.81,0,214.3,113.82,13.96,-3.56,12.4,96.11,0,214.31,91.47,11.37,1.91,10.62,98.42,0,214.16,86.92,10.8,-1.49,9.85,98.88,0,214.44,36.13,-3.14,32.87
1/23/2026 5:28,Meter 1,1/23/2026 5:28,92.08,98.44,0,214.42,111.94,13.74,-3.06,11.47,96.61,0,214.47,90.99,11.32,1.01,10.18,99.51,0,214.34,73.32,9.11,-1.08,8.54,99.2,0,214.44,34.17,-3.14,30.18
1/23/2026 5:29,Meter 1,1/23/2026 5:29,96.29,97.7,0,214.47,113.62,13.95,-4.06,13.08,95.51,0,214.55,99.38,12.36,2.23,11.87,98.29,0,214.36,75.86,9.43,-1.05,8.88,99.3,0,214.51,35.74,-2.88,33.83
1/23/2026 5:30,Meter 1,1/23/2026 5:30,70.91,99.01,0,214.46,80.13,9.83,-1.65,6.73,97.13,0,214.71,55.63,6.93,-0.22,5.22,99.91,0,214.57,76.96,9.56,0.07,7.44,100,0,214.11,26.32,-1.8,19.38
1/23/2026 5:31,Meter 1,1/23/2026 5:31,57.71,93.31,0,214.31,73.51,9.01,-3.21,5.59,86.7,0,214.37,52.12,6.48,1.54,5.71,96.54,0,214.37,47.51,5.9,1.19,4.52,96.68,0,214.19,21.4,-0.48,15.82
1/23/2026 5:32,Meter 1,1/23/2026 5:32,97.9,97.62,0,214.15,123.18,15.1,-4.17,11.67,94.16,0,214.09,92.36,11.47,1.62,10.12,98.74,0,214.11,78.15,9.71,0.16,7.93,99.98,0,214.26,36.27,-2.39,29.72
1/23/2026 5:33,Meter 1,1/23/2026 5:33,70.61,94.99,0,214.16,92.56,11.34,-2.79,6.57,92.06,0,214.28,64.27,7.99,1.81,6.41,96.23,0,214.1,55.02,6.83,1.27,4.81,96.68,0,214.09,26.16,0.3,17.79
1/23/2026 5:34,Meter 1,1/23/2026 5:34,77.14,98.42,0,214.17,92.11,11.29,-2.86,10.48,96.48,0,214.3,64.56,8.02,-0.44,7.46,99.83,0,214.14,74.76,9.28,-1.14,7.84,98.96,0,214.08,28.59,-4.43,25.77
1/23/2026 5:35,Meter 1,1/23/2026 5:35,58.95,95.46,0,214.13,78.44,9.61,-2.87,7.34,93.12,0,214.15,54.29,6.74,1.97,5.81,94.71,0,214.1,44.14,5.48,0.55,3.2,98.55,0,214.16,21.83,-0.35,16.35
1/23/2026 5:36,Meter 1,1/23/2026 5:36,92.33,98.43,0,214.03,118.11,14.46,-2.17,11.7,98.33,0,214.11,86.68,10.77,2.28,9.59,97.28,0,214.03,72.21,8.96,-0.55,6.84,99.68,0,213.94,34.19,-0.43,28.14
1/23/2026 5:37,Meter 1,1/23/2026 5:37,66.11,94.86,0,213.99,86.52,10.58,-1.03,8.71,99.31,0,214.02,69.08,8.58,3.5,7.36,90.29,0,214.11,42.73,5.3,1.26,3.83,94.99,0,213.85,24.47,3.74,19.9
1/23/2026 5:38,Meter 1,1/23/2026 5:38,68.82,99.08,0,214.07,86.42,10.57,-1.07,7.81,99.07,0,214.01,58.41,7.26,1.09,6.11,98.43,0,214.27,61.63,7.65,-0.35,4.75,99.73,0,213.91,25.48,-0.33,18.66
1/23/2026 5:39,Meter 1,1/23/2026 5:39,52.49,98.26,0,214.19,66.55,8.15,-0.72,6.64,99.41,0,214.27,48.73,6.06,1.47,4.99,95.95,0,214.18,42.18,5.24,0.49,4.48,99.41,0,214.11,19.45,1.23,16.11
1/23/2026 5:40,Meter 1,1/23/2026 5:40,74.51,99.06,0,214.12,95.37,11.68,-1.55,8,98.18,0,214.2,60.85,7.56,0.84,5.94,99.02,0,214.1,67.31,8.35,0.06,6.29,99.99,0,214.07,27.6,-0.65,20.22
1/23/2026 5:41,Meter 1,1/23/2026 5:41,67.04,99.54,0,214.06,83.62,10.24,-0.9,8.39,99.43,0,214.14,54.59,6.78,0.03,5.6,100,0,214.09,62.9,7.8,0.9,7.08,99.2,0,213.97,24.83,0.03,21.07
1/23/2026 5:42,Meter 1,1/23/2026 5:42,77.06,97.36,0,214.1,97.22,11.91,-2.44,9.03,96.54,0,214.14,70.23,8.73,1.34,7.26,98.35,0,214.15,63.71,7.91,1.64,6.77,97.19,0,214.01,28.54,0.54,23.07
1/23/2026 5:43,Meter 1,1/23/2026 5:43,67.03,97.02,0,214.02,84.65,10.37,-2.07,6.56,95.36,0,214.1,53.53,6.65,0.99,5.45,98.38,0,213.96,62.93,7.81,1.36,5.75,97.32,0,213.99,24.82,0.28,17.76
1/23/2026 5:44,Meter 1,1/23/2026 5:44,68.71,96.6,0,213.95,87.5,10.71,-2,6.28,95.28,0,214.15,53.39,6.63,1.22,5.04,97.17,0,213.86,65.23,8.08,1.53,6.49,97.34,0,213.84,25.43,0.75,17.81
1/23/2026 5:45,Meter 1,1/23/2026 5:45,63.92,97.95,0,214.06,77,9.42,-2.34,6.92,94.73,0,214.02,44.13,5.48,-0.6,4.95,99.27,0,214.22,70.62,8.77,-0.45,8.1,99.85,0,213.94,23.67,-3.39,19.98
1/23/2026 5:46,Meter 1,1/23/2026 5:46,58.94,96.43,0,214.12,77.69,9.51,-2.87,7.58,93.51,0,213.92,55.28,6.87,1.7,6.03,96.25,0,214.33,43.84,5.45,0.45,4.64,99.53,0,214.1,21.82,-0.73,18.25
1/23/2026 5:47,Meter 1,1/23/2026 5:47,74.38,99.07,0,214.17,94.91,11.63,-1.68,8.69,98.18,0,214.19,64.07,7.96,0.9,7.01,99.19,0,214.19,64.15,7.97,-0.33,5.63,99.83,0,214.15,27.56,-1.11,21.32
1/23/2026 5:48,Meter 1,1/23/2026 5:48,59.81,99.56,0,214.27,77.9,9.55,-0.71,8.21,99.63,0,214.19,51.77,6.44,0.58,5.57,99.46,0,214.33,49.76,6.18,-0.49,5.53,99.61,0,214.28,22.17,-0.61,19.31
1/23/2026 5:49,Meter 1,1/23/2026 5:49,53.03,99.46,0,214.16,64.73,7.94,-0.79,7.21,99.41,0,214.23,50.07,6.22,0.85,5.9,98.98,0,214.05,44.29,5.5,0.02,4.84,100,0,214.21,19.65,0.09,17.95
1/23/2026 5:50,Meter 1,1/23/2026 5:50,66.95,99.44,0,214.19,81.33,9.97,-1.21,9.06,99.12,0,214.37,60,7.46,-0.3,6.93,99.9,0,214.11,59.51,7.39,-0.81,6.84,99.31,0,214.11,24.82,-2.32,22.83
1/23/2026 5:51,Meter 1,1/23/2026 5:51,83.04,99.07,0,213.97,96.2,11.77,0.81,10.3,99.69,0,214,57.81,7.18,-1.25,5.89,97.8,0,214.13,95.11,11.8,0.77,10.35,99.73,0,213.78,30.75,0.32,26.54
1/23/2026 5:52,Meter 1,1/23/2026 5:52,73.73,97.16,0,213.73,88.29,10.8,-0.55,10.43,99.86,0,213.7,67.79,8.41,2,7.77,96.85,0,213.75,65.11,8.07,2.48,7.36,94.77,0,213.74,27.27,3.93,25.56
1/23/2026 5:53,Meter 1,1/23/2026 5:53,87.21,99.11,0,213.81,104.77,12.81,0.37,11.34,99.95,0,213.89,65.33,8.11,0.72,7.04,99.48,0,213.9,91.53,11.34,2.09,10.03,97.9,0,213.64,32.26,3.17,28.41
1/23/2026 5:54,Meter 1,1/23/2026 5:54,87.83,99.31,0,213.93,108.05,13.22,-1.44,11.7,99.25,0,213.85,72.31,8.98,0.97,8.2,99.31,0,214.03,83.14,10.32,1,8.77,99.36,0,213.9,32.51,0.53,28.67
1/23/2026 5:55,Meter 1,1/23/2026 5:55,83.57,99.51,0,213.84,103.83,12.7,-1.02,10.96,99.57,0,213.94,70.28,8.72,0.68,8.31,99.67,0,213.88,76.62,9.5,1.01,8.48,99.3,0,213.71,30.92,0.68,27.75
1/23/2026 5:56,Meter 1,1/23/2026 5:56,76.64,99.95,0,213.93,89.17,10.91,-0.53,10.24,99.87,0,214.08,64.65,8.03,-0.14,7.24,99.98,0,213.94,76.11,9.43,0.06,8.42,100,0,213.77,28.38,-0.61,25.9
1/23/2026 5:57,Meter 1,1/23/2026 5:57,88.62,97.25,0,213.74,111.77,13.66,-1.71,10.75,98.76,0,213.91,86.12,10.69,2.38,9.82,97.2,0,213.77,67.98,8.42,2.18,7.26,95.79,0,213.54,32.77,2.84,27.82
1/23/2026 5:58,Meter 1,1/23/2026 5:58,93.98,98.93,0,214,119.33,14.62,-2.06,12.27,98.61,0,214.14,83.25,10.34,1.78,9.23,98.18,0,213.92,79.36,9.84,0.04,8.4,100,0,213.94,34.8,-0.24,29.9
1/23/2026 5:59,Meter 1,1/23/2026 5:59,67.06,99.91,0,214.06,82.18,10.06,-0.26,8.28,99.95,0,214.17,52.73,6.55,-0.36,5.32,99.77,0,214.05,66.28,8.22,0.05,7.42,100,0,213.95,24.84,-0.57,21.01
1/23/2026 6:00,Meter 1,1/23/2026 6:00,58.49,95.9,0,214.03,70.44,8.62,-0.79,7.41,99.44,0,213.93,41.51,5.15,-1.8,3.81,90.45,0,214.17,63.53,7.89,-1.55,7.32,97.82,0,214.01,21.66,-4.14,18.54
1/23/2026 6:01,Meter 1,1/23/2026 6:01,93.61,96.59,0,213.66,123.33,15.07,-4.4,13.98,95.4,0,213.52,98.49,12.2,3.43,11.58,95.89,0,213.71,59,7.31,1.18,6.68,98.49,0,213.74,34.59,0.21,32.23
1/23/2026 6:02,Meter 1,1/23/2026 6:02,88.18,98.42,0,213.66,116.22,14.2,-3.1,12.35,96.99,0,213.5,72.45,8.98,0.41,8.26,99.88,0,213.77,75.89,9.41,-1.37,7.6,98.41,0,213.71,32.59,-4.06,28.2
1/23/2026 6:03,Meter 1,1/23/2026 6:03,77.32,99.01,0,213.78,101.79,12.45,-2.14,10.27,97.84,0,213.84,66.09,8.2,0.63,7.5,99.62,0,213.68,64.07,7.94,-0.09,7.01,99.59,0,213.83,28.59,-1.61,24.78
1/23/2026 6:04,Meter 1,1/23/2026 6:04,80.59,99.69,0,213.77,95.3,11.66,-1.23,9.53,99.17,0,213.89,63.33,7.86,-0.31,6.68,99.89,0,213.74,83.13,10.3,-0.13,8.97,99.99,0,213.68,29.81,-1.67,25.18
1/23/2026 6:05,Meter 1,1/23/2026 6:05,74.7,99.33,0,213.62,94.31,11.53,-1,8.54,99.32,0,213.87,60.1,7.45,0.87,6.82,99.19,0,213.46,69.69,8.62,0.75,7.31,99.48,0,213.54,27.61,0.62,22.67
1/23/2026 6:06,Meter 1,1/23/2026 6:06,58.26,98.7,0,213.78,66.47,8.13,0.4,7.09,99.84,0,214.09,42.03,5.22,0.27,4.59,99.83,0,213.75,66.3,8.21,2.07,7.53,96.44,0,213.49,21.56,2.73,19.21
1/23/2026 6:07,Meter 1,1/23/2026 6:07,66.01,98.12,0,213.7,76.15,9.31,-1.17,7.85,98.91,0,213.97,57.19,7.1,1.09,6.65,98.68,0,213.61,64.68,8,1.8,6.91,96.78,0,213.52,24.42,1.72,21.41
1/23/2026 6:08,Meter 1,1/23/2026 6:08,67.68,99.53,0,213.74,76.89,9.41,-1.4,8.69,98.73,0,214.03,52.27,6.49,-0.07,5.87,99.99,0,213.62,73.88,9.15,0.44,8.86,99.88,0,213.57,25.04,-1.03,23.42
1/23/2026 6:09,Meter 1,1/23/2026 6:09,75.94,98.09,0,213.66,90.95,11.12,-1.2,7.92,98.88,0,213.91,65.35,8.11,1.52,7.05,97.76,0,213.6,71.51,8.85,1.64,7.39,97.62,0,213.46,28.08,1.96,22.37
1/23/2026 6:10,Meter 1,1/23/2026 6:10,93.6,97.9,0,213.42,118.12,14.42,-3.65,11.26,95.13,0,213.52,85.89,10.64,1.67,10.09,98.67,0,213.5,76.81,9.5,-0.34,7.96,99.91,0,213.23,34.56,-2.32,29.31
1/23/2026 6:11,Meter 1,1/23/2026 6:11,89.61,98,0,213.31,116.82,14.25,-2.16,12.77,98.59,0,213.37,84.07,10.41,2.76,9.24,95.83,0,213.38,67.95,8.4,-0.74,7.86,99.56,0,213.16,33.06,-0.15,29.87
1/23/2026 6:12,Meter 1,1/23/2026 6:12,74.37,99.14,0,213.54,97.13,11.86,-1.31,10.19,99.18,0,213.56,54.01,6.7,-0.32,5.75,99.85,0,213.69,71.98,8.91,-1.39,7.65,98.4,0,213.37,27.47,-3.02,23.59
1/23/2026 6:13,Meter 1,1/23/2026 6:13,65.6,96.62,0,213.51,76.88,9.39,-1.36,8.5,98.75,0,213.6,51.53,6.39,-2.01,5.07,92.97,0,213.55,68.39,8.46,-1.51,7.75,98.15,0,213.38,24.24,-4.88,21.33
1/23/2026 6:14,Meter 1,1/23/2026 6:14,64.74,99.05,0,213.5,83.1,10.15,-0.38,8.38,99.9,0,213.7,48.21,5.98,-1.04,4.42,97.35,0,213.55,62.89,7.78,-0.32,7.42,99.91,0,213.24,23.91,-1.73,20.22
1/23/2026 6:15,Meter 1,1/23/2026 6:15,62.83,94.97,0,213.46,67.78,8.28,-1.48,7.73,98.22,0,213.63,47.11,5.84,-2.41,4.34,87.41,0,213.54,73.61,9.1,-1.02,8.42,99.28,0,213.22,23.22,-4.9,20.48
1/23/2026 6:16,Meter 1,1/23/2026 6:16,77.73,98.83,0,213.58,96,11.73,-0.68,9.03,99.71,0,213.6,56.76,7.04,-1.41,5.43,96.8,0,213.65,80.42,9.96,-0.16,8.43,99.98,0,213.48,28.72,-2.25,22.88
1/23/2026 6:17,Meter 1,1/23/2026 6:17,84.5,99.86,0,213.45,107.66,13.13,-1,11.26,99.6,0,213.44,62.51,7.75,0.05,7.12,100,0,213.71,83.32,10.31,0.19,8.75,99.98,0,213.19,31.19,-0.77,27.13
1/23/2026 6:18,Meter 1,1/23/2026 6:18,96.24,96.99,0,213.2,117.42,14.31,-2.32,13.15,98.48,0,213.05,96.32,11.92,3.1,11.2,96.37,0,213.34,74.97,9.27,2.44,8.5,96.11,0,213.19,35.5,3.22,32.85
1/23/2026 6:19,Meter 1,1/23/2026 6:19,94.07,97.1,0,213.15,112.64,13.72,-1.3,11.76,99.4,0,213.08,87.12,10.78,2.79,9.84,96.19,0,213.35,82.44,10.19,2.77,9.16,95.71,0,213.01,34.7,4.27,30.76
1/23/2026 6:20,Meter 1,1/23/2026 6:20,92.75,96.74,0,213.12,111.28,13.56,-1.73,11.64,98.91,0,213.03,89.08,11.01,3.08,10.27,95.79,0,213.2,77.91,9.63,2.55,8.24,95.52,0,213.12,34.21,3.9,30.15
1/23/2026 6:21,Meter 1,1/23/2026 6:21,95.21,97.69,0,213.19,120.68,14.73,-2.23,11.68,98.22,0,213.19,86.79,10.73,2.66,9.87,96.57,0,213.07,78.17,9.66,1.59,8.52,98.3,0,213.31,35.12,2.01,30.07
1/23/2026 6:22,Meter 1,1/23/2026 6:22,83.35,98.9,0,213.24,105.85,12.91,-2.05,10.82,98.25,0,213.13,69.61,8.61,1.19,7.77,98.85,0,213.39,74.6,9.23,0.75,8.37,99.6,0,213.2,30.75,-0.11,26.95
1/23/2026 6:24,Meter 1,1/23/2026 6:24,73.86,98.74,0,213.35,94.39,11.52,-1.03,8.05,99.2,0,213.56,58.43,7.24,0.92,6.72,99.07,0,213.42,68.75,8.5,1.54,7.48,97.94,0,213.07,27.26,1.44,22.25
1/23/2026 6:25,Meter 1,1/23/2026 6:25,73.84,98.66,0,213.41,88.23,10.77,-2.65,9.8,96.52,0,213.51,67.64,8.38,0.16,7.81,99.98,0,213.51,65.64,8.12,-0.78,7.67,99.48,0,213.2,27.27,-3.28,25.29
1/23/2026 6:26,Meter 1,1/23/2026 6:26,67.76,96.75,0,213.53,82.48,10.07,-2.03,7.55,96.56,0,213.72,47.19,5.86,-1.44,4.41,95.04,0,213.72,73.62,9.11,-1.41,8.44,98.64,0,213.14,25.03,-4.88,20.39
1/23/2026 6:27,Meter 1,1/23/2026 6:27,72.22,98.57,0,213.36,88.66,10.81,-2.22,7.58,95.96,0,213.49,55.29,6.86,-0.44,6.37,99.77,0,213.65,72.7,8.99,-0.05,7.73,100,0,212.95,26.65,-2.71,21.67
1/23/2026 6:28,Meter 1,1/23/2026 6:28,71.57,98.85,0,213.36,87.95,10.72,-1.86,7.28,96.87,0,213.43,57,7.07,-0.03,6.43,100,0,213.64,69.77,8.63,0.62,7.55,99.67,0,213.01,26.42,-1.27,21.26
1/23/2026 6:29,Meter 1,1/23/2026 6:29,82.22,98.11,0,213.27,102.09,12.45,-3.08,9.35,94.99,0,213.48,70.34,8.71,0.93,8.03,99.34,0,213.34,74.24,9.17,-0.05,7.65,100,0,212.99,30.34,-2.19,25.03
1/23/2026 6:30,Meter 1,1/23/2026 6:30,78.24,97.63,0,213.23,97.57,11.9,-3.1,8.39,93.81,0,213.32,64.62,8,-0.23,7.38,99.95,0,213.37,72.53,8.96,-1.04,7.85,99.13,0,213.01,28.86,-4.38,23.63
1/23/2026 6:31,Meter 1,1/23/2026 6:31,100.24,97.99,0,213.2,128.32,15.65,-3.45,13.65,96.95,0,213.27,95.2,11.78,2.71,11.04,97.11,0,213.26,77.22,9.54,-0.34,7.67,99.9,0,213.06,36.97,-1.07,32.35
1/23/2026 6:32,Meter 1,1/23/2026 6:32,64.19,97.29,0,213.25,71.03,8.66,0.94,8.31,99.36,0,213.4,55.84,6.92,1.66,6.33,96.73,0,213.5,65.69,8.12,2.26,7.53,95.78,0,212.84,23.7,4.86,22.17
1/23/2026 6:33,Meter 1,1/23/2026 6:33,83.86,99.74,0,213.27,101.44,12.37,-0.6,9.59,99.81,0,213.28,68.99,8.54,0.83,7.67,99.42,0,213.47,81.14,10.03,-0.12,8.83,99.99,0,213.08,30.95,0.11,26.08
1/23/2026 6:34,Meter 1,1/23/2026 6:34,77.97,98.59,0,213.27,92.41,11.27,-0.17,9.48,99.98,0,213.31,68.75,8.52,1.63,7.65,97.8,0,213.45,72.75,8.99,1.73,8.51,97.99,0,213.06,28.78,3.19,25.63
1/23/2026 6:35,Meter 1,1/23/2026 6:35,74.99,99.87,0,213.3,96.33,11.74,-0.32,9.21,99.94,0,213.22,58.73,7.27,0.37,6.26,99.82,0,213.59,69.92,8.65,0.47,8.07,99.83,0,213.1,27.67,0.51,23.54
1/23/2026 6:36,Meter 1,1/23/2026 6:36,80.56,99.17,0,213.26,94.84,11.56,-1.14,10.4,99.41,0,213.33,76.73,9.5,1.69,8.81,98.22,0,213.38,70.12,8.67,-0.35,7.59,99.89,0,213.07,29.73,0.19,26.8
1/23/2026 6:37,Meter 1,1/23/2026 6:37,65.89,98.62,0,213.35,79.72,9.73,0.09,8.12,99.99,0,213.62,53.06,6.58,1,6.08,98.69,0,213.34,64.89,8.02,1.66,6.85,97.19,0,213.09,24.32,2.74,21.05
1/23/2026 6:38,Meter 1,1/23/2026 6:38,88.04,98.09,0,213.25,111.51,13.6,-1.71,10.56,98.71,0,213.44,77.81,9.64,1.88,8.66,97.73,0,213.27,74.81,9.24,1.7,8.04,97.83,0,213.03,32.48,1.86,27.27
1/23/2026 6:39,Meter 1,1/23/2026 6:39,92.17,98.24,0,213.21,118.8,14.49,-2.74,11.41,97.24,0,213.28,82.34,10.19,1.8,9.55,98.28,0,213.25,75.37,9.31,1.05,8.22,99.2,0,213.11,33.99,0.1,29.18
1/23/2026 6:40,Meter 1,1/23/2026 6:40,76.89,98.6,0,213.35,91.23,11.13,-1.29,7.79,98.66,0,213.5,57.57,7.13,-1.28,5.29,97.19,0,213.42,81.85,10.12,-0.28,8.59,99.95,0,213.15,28.39,-2.84,21.67
1/23/2026 6:41,Meter 1,1/23/2026 6:41,75.21,98.94,0,213.4,86.7,10.58,-1.65,8.88,98.33,0,213.74,57.63,7.15,-0.99,5.81,98.57,0,213.51,81.29,10.05,-0.37,8.55,99.91,0,212.95,27.77,-3.01,23.25
1/23/2026 6:42,Meter 1,1/23/2026 6:42,75.89,98.2,0,213.17,92.26,11.24,-0.89,8.62,99.47,0,213.37,63.17,7.83,1.34,6.76,98.09,0,213.3,72.24,8.92,2.04,8.19,97.04,0,212.84,27.99,2.49,23.57
1/23/2026 6:43,Meter 1,1/23/2026 6:43,96.04,97.6,0,213.06,118.77,14.47,-3.22,11.67,96.39,0,213.27,90.25,11.17,2.73,10.22,96.61,0,213.15,79.11,9.76,0.58,8.74,99.78,0,212.76,35.4,0.09,30.63
1/23/2026 6:44,Meter 1,1/23/2026 6:44,70.87,99.2,0,213.2,84.42,10.29,-1.64,8.94,98.36,0,213.47,62.32,7.72,0.83,7.28,99.35,0,213.28,65.88,8.14,-0.38,7.58,99.87,0,212.84,26.15,-1.18,23.8
1/23/2026 6:45,Meter 1,1/23/2026 6:45,88.03,98.65,0,213.11,109.95,13.39,-3.16,11.69,96.54,0,213.1,78.41,9.7,0.62,8.92,99.76,0,213.33,75.72,9.36,-0.67,8.09,99.66,0,212.88,32.45,-3.2,28.69
1/23/2026 6:46,Meter 1,1/23/2026 6:46,91.99,98.66,0,213.03,116.81,14.22,-1.9,11.83,98.73,0,213.2,86.73,10.74,2.14,10.01,97.78,0,213.24,72.42,8.94,0.84,8.17,99.47,0,212.65,33.9,1.08,30.01
1/23/2026 6:47,Meter 1,1/23/2026 6:47,90.27,98.16,0,213.02,124.47,15.15,-2.45,12.87,98.23,0,212.98,81.64,10.1,2.52,9.15,96.42,0,213.35,64.7,7.99,0.41,7.18,99.84,0,212.73,33.24,0.48,29.2
1/23/2026 6:48,Meter 1,1/23/2026 6:48,93.53,97.86,0,213.09,122.92,14.98,-3.79,13.37,96.22,0,213,87.38,10.8,2.18,9.93,97.67,0,213.24,70.28,8.69,-0.6,7.5,99.68,0,213.03,34.47,-2.2,30.79
1/23/2026 6:49,Meter 1,1/23/2026 6:49,89.97,97.94,0,212.96,106.55,12.98,-2.04,12.6,98.71,0,213.11,93.08,11.51,3.05,10.94,96.32,0,213.05,70.29,8.67,1.31,8.3,98.77,0,212.71,33.16,2.32,31.83
1/23/2026 6:50,Meter 1,1/23/2026 6:50,104.83,96.29,0,212.85,133.84,16.29,-2.28,13.96,98.7,0,212.86,103.75,12.82,4.23,11.52,93.86,0,212.97,76.9,9.49,2.37,8.49,96.32,0,212.72,38.6,4.32,33.97
1/23/2026 6:51,Meter 1,1/23/2026 6:51,90.19,98.92,0,212.91,106.28,12.95,-1.38,12.18,99.36,0,213.11,81.29,10.05,1.98,9.02,97.68,0,212.86,83.01,10.24,0.71,9.68,99.73,0,212.78,33.24,1.31,30.88
1/23/2026 6:52,Meter 1,1/23/2026 6:52,79.42,99.6,0,213.17,92.93,11.34,-1.43,9.29,98.84,0,213.49,55.93,6.92,-0.13,5.66,99.97,0,213.11,89.39,11.03,0.18,10.1,99.98,0,212.92,29.3,-1.38,25.05
1/23/2026 6:53,Meter 1,1/23/2026 6:53,85.83,97.34,0,213.07,104.38,12.72,-1.58,10.6,98.9,0,213.12,74.89,9.26,2.09,8.39,97.04,0,213.06,78.23,9.66,2.54,8.79,96.08,0,213.03,31.65,3.04,27.78
1/23/2026 6:54,Meter 1,1/23/2026 6:54,73.84,98.17,0,213.13,83.1,10.13,-1.32,9.41,99.03,0,213.18,65.52,8.1,1.75,7.37,97.3,0,213.14,72.9,9.01,1.66,8.57,98.17,0,213.07,27.24,2.09,25.35
1/23/2026 6:55,Meter 1,1/23/2026 6:55,102.25,97.24,0,213.01,133.19,16.25,-4.47,13.64,95.02,0,213.19,100.43,12.41,2.88,11.5,97.01,0,212.77,73.12,9.02,-0.61,7.88,99.7,0,213.08,37.68,-2.2,33.01
1/23/2026 6:56,Meter 1,1/23/2026 6:56,79.66,99.13,0,213.15,95.39,11.63,-1.94,9.05,97.77,0,213.43,69.24,8.57,0.7,8.1,99.63,0,213.11,74.36,9.18,0.14,8.09,99.99,0,212.9,29.38,-1.11,25.25
1/23/2026 6:57,Meter 1,1/23/2026 6:57,74.82,99.75,0,213.15,93.94,11.46,-1.08,9.15,99.31,0,213.15,58.17,7.19,0.19,6.01,99.95,0,213.13,72.35,8.94,0.13,8.13,99.99,0,213.16,27.59,-0.75,23.3
1/23/2026 6:58,Meter 1,1/23/2026 6:58,75.71,99.38,0,213.06,97.29,11.86,-1.3,9.82,99.13,0,213.23,66.2,8.19,0.83,6.99,99.29,0,213.1,63.64,7.85,0.56,7.36,99.72,0,212.86,27.9,0.09,24.18
1/23/2026 6:59,Meter 1,1/23/2026 6:59,89.56,97.88,0,213.12,119.93,14.64,-3.72,13.88,96.59,0,213.05,81.22,10.03,1.15,9.68,99.3,0,212.93,67.52,8.35,-1.69,7.83,97.75,0,213.39,33.01,-4.26,31.39
1/23/2026 7:00,Meter 1,1/23/2026 7:00,83.27,99.82,0,213.03,112.82,13.76,-0.87,11.5,99.71,0,213.24,63.8,7.89,0.29,6.87,99.91,0,212.85,73.17,9.03,-0.43,7.57,99.84,0,212.99,30.68,-1.01,25.94
1/23/2026 7:01,Meter 1,1/23/2026 7:01,78.7,98.57,0,212.87,90.95,11.08,-0.17,10.85,99.99,0,213,64.88,8.02,1.41,7.52,98.29,0,212.88,80.26,9.9,2.18,9.43,97.43,0,212.75,28.99,3.42,27.81
1/23/2026 7:02,Meter 1,1/23/2026 7:02,89.98,97.48,0,212.69,116.28,14.15,0.18,12.53,99.99,0,212.88,83.43,10.3,2.81,9.24,95.67,0,212.59,70.24,8.65,2.03,7.78,96.77,0,212.59,33.11,5.02,29.56
1/23/2026 7:03,Meter 1,1/23/2026 7:03,87.13,98.66,0,212.82,109.94,13.39,-0.27,11.6,99.97,0,213.25,77.32,9.56,1.95,8.89,97.69,0,212.72,74.14,9.13,1.46,7.9,98.33,0,212.48,32.08,3.14,28.39
1/23/2026 7:04,Meter 1,1/23/2026 7:04,76.62,99.8,0,212.97,98.29,11.98,-0.8,11.06,99.74,0,213.24,60.59,7.49,0.1,6.42,99.99,0,212.93,70.97,8.75,-0.61,7.62,99.68,0,212.74,28.23,-1.3,25.1
1/23/2026 7:05,Meter 1,1/23/2026 7:05,77.29,99.58,0,212.88,102.45,12.48,-0.44,9.81,99.9,0,213.08,66.3,8.19,0.85,6.78,99.23,0,212.75,63.13,7.78,0.59,6.71,99.62,0,212.81,28.46,0.99,23.3
1/23/2026 7:06,Meter 1,1/23/2026 7:06,87.84,96.57,0,212.99,112.99,13.77,-3.8,12.84,95.89,0,213.04,86.63,10.7,1.51,10.1,98.91,0,212.93,63.89,7.89,-2.12,6.39,94.91,0,213.01,32.37,-4.41,29.33
1/23/2026 7:07,Meter 1,1/23/2026 7:07,89.59,97.47,0,212.96,114.83,14,-3.1,11.89,96.77,0,213.19,94.01,11.62,3.22,10.84,95.86,0,212.86,59.95,7.39,0.4,6.05,99.78,0,212.82,33.01,0.53,28.78
1/23/2026 7:08,Meter 1,1/23/2026 7:08,68.28,97.53,0,213.04,83.16,10.14,-1.45,9.37,98.82,0,213.25,73.68,9.12,2.56,8.23,95.5,0,212.99,48,5.92,1.02,5.4,98.27,0,212.88,25.18,2.12,22.99
1/23/2026 7:09,Meter 1,1/23/2026 7:09,69.94,98.53,0,213.04,88.83,10.82,-2.37,8.6,96.4,0,213.14,65.45,8.1,0.54,7.74,99.76,0,213.11,55.53,6.86,-0.63,5.92,99.44,0,212.87,25.78,-2.47,22.27
1/23/2026 7:10,Meter 1,1/23/2026 7:10,79.84,97.83,0,213.02,111.31,13.56,-2.35,10.57,97.62,0,213.08,59.89,7.41,-0.82,6.05,99.09,0,213.12,68.34,8.44,-1.6,6.14,96.77,0,212.85,29.4,-4.77,22.76
1/23/2026 7:11,Meter 1,1/23/2026 7:11,68.15,98.55,0,212.96,89.35,10.9,-1.66,8.14,97.98,0,213.21,59.11,7.31,1.17,6.82,98.57,0,212.74,55.99,6.9,0.78,5.74,99.09,0,212.93,25.11,0.28,20.7
1/23/2026 7:12,Meter 1,1/23/2026 7:12,68.51,96.8,0,213.11,85.64,10.45,-3.2,9.49,94.74,0,213.3,63.7,7.88,-0.29,7.62,99.93,0,213.01,56.18,6.94,-1.9,6.27,95.72,0,213.03,25.26,-5.39,23.38
1/23/2026 7:13,Meter 1,1/23/2026 7:13,73.39,97.52,0,212.96,87.99,10.72,-2.66,10.09,96.7,0,213.22,77.13,9.55,2.3,9.01,96.88,0,213.03,55.06,6.79,0.92,6.38,98.98,0,212.64,27.05,0.56,25.48
1/23/2026 7:14,Meter 1,1/23/2026 7:14,70.88,98.48,0,212.99,90.11,10.98,-0.73,8.98,99.67,0,213.28,63.16,7.82,1.36,7.13,98.22,0,213.03,59.37,7.32,1.5,6.67,97.56,0,212.64,26.12,2.14,22.78
1/23/2026 7:15,Meter 1,1/23/2026 7:15,82.3,99.58,0,212.73,111.88,13.61,-1.56,10.49,98.92,0,212.85,67.3,8.31,0.35,7.55,99.89,0,212.78,67.71,8.35,-0.26,7,99.93,0,212.57,30.27,-1.47,25.03
1/23/2026 7:16,Meter 1,1/23/2026 7:16,73.04,99.59,0,212.89,93.6,11.4,-1.26,11.03,99.36,0,212.97,61.29,7.57,0.19,7.09,99.96,0,212.93,64.21,7.92,-0.79,7.53,99.46,0,212.77,26.9,-1.86,25.65
1/23/2026 7:17,Meter 1,1/23/2026 7:17,66.14,98,0,212.89,71.82,8.75,0.96,8.2,99.31,0,213.21,54.56,6.75,1.14,6.23,98.37,0,212.8,72.02,8.88,2.31,8.3,96.32,0,212.65,24.37,4.42,22.72
1/23/2026 7:18,Meter 1,1/23/2026 7:18,76.87,99.07,0,212.86,96.22,11.73,-1.51,8.43,98.44,0,213.09,69.4,8.57,0.04,6.7,100,0,212.66,65,8.01,-1.07,6.73,98.76,0,212.82,28.31,-2.53,21.86
1/23/2026 7:19,Meter 1,1/23/2026 7:19,40.87,93.11,0,212.87,45.23,5.51,-1.2,4.97,97.18,0,213.12,47.57,5.88,2.14,5.12,92.25,0,212.62,29.82,3.68,1.42,2.92,89.88,0,212.87,15.07,2.36,13.01
1/23/2026 7:20,Meter 1,1/23/2026 7:20,68.81,99.49,0,213.04,81.9,9.98,-1.11,7,98.75,0,213.08,61.7,7.63,0.25,5.43,99.89,0,213.01,62.84,7.76,-0.34,5.84,99.83,0,213.02,25.37,-1.2,18.26
1/23/2026 7:22,Meter 1,1/23/2026 7:22,40.87,99.51,0,213.02,52.11,6.35,-0.24,5.2,99.89,0,213.06,33.82,4.18,-0.24,3,99.67,0,212.98,36.69,4.53,0.61,4.15,98.95,0,213.03,15.06,0.12,12.35
1/23/2026 7:23,Meter 1,1/23/2026 7:23,48.73,98.78,0,212.91,68.35,8.32,-1.06,4.73,97.57,0,213.12,37.18,4.6,-0.09,2.95,99.95,0,212.95,40.68,5.02,0.58,3.74,98.82,0,212.67,17.94,-0.58,11.42
1/23/2026 7:24,Meter 1,1/23/2026 7:24,41.77,99.09,0,212.84,57.89,7.05,-0.11,4.36,99.97,0,213.16,31.01,3.84,0.01,2.16,100,0,212.84,36.4,4.49,0.91,3.84,97.31,0,212.51,15.37,0.8,10.35
1/23/2026 7:25,Meter 1,1/23/2026 7:25,36.78,94.04,0,212.77,43.8,5.33,-1.28,4.68,96.46,0,213.04,32,3.96,1.04,3.18,95.04,0,212.87,34.55,4.26,1.59,3.41,90.61,0,212.4,13.54,1.36,11.27
1/23/2026 7:26,Meter 1,1/23/2026 7:26,77.98,98.59,0,212.78,94.6,11.51,-1.92,8.91,97.76,0,213.04,62.83,7.77,-1.2,6.38,98.28,0,212.89,76.51,9.43,-0.58,8,99.74,0,212.42,28.71,-3.7,23.28
1/23/2026 7:27,Meter 1,1/23/2026 7:27,48.13,96.6,0,212.77,63.82,7.77,-0.52,4.22,99.26,0,213.21,38.35,4.74,0.46,2.76,98.64,0,212.8,42.23,5.2,1.79,4.17,91.89,0,212.3,17.71,1.73,11.15
1/23/2026 7:28,Meter 1,1/23/2026 7:28,78.74,98.95,0,212.91,97.8,11.92,-1.75,11.04,98.77,0,213.27,65.24,8.07,-0.55,7.29,99.71,0,212.84,73.19,9.02,-1.41,7.71,98.37,0,212.61,29.01,-3.71,26.04
1/23/2026 7:29,Meter 1,1/23/2026 7:29,69.81,99.12,0,212.86,87.08,10.61,-1.81,9.03,98.05,0,213.23,66.22,8.19,0.89,7.84,99.36,0,212.69,56.15,6.92,-0.19,6.04,99.95,0,212.65,25.72,-1.1,22.91
1/23/2026 7:30,Meter 1,1/23/2026 7:30,70.03,95.19,0,212.7,89.77,10.93,-1.46,8.82,98.65,0,212.99,72.09,8.9,3.28,7.88,92.32,0,212.54,48.23,5.94,1.45,4.23,94.61,0,212.56,25.77,3.26,20.92
1/23/2026 7:31,Meter 1,1/23/2026 7:31,70.8,97.03,0,212.78,89.2,10.86,0.95,7.51,99.21,0,213.17,59.13,7.31,1.56,5.16,95.7,0,212.71,64.06,7.89,1.64,5.76,96.17,0,212.47,26.06,4.16,18.43
1/23/2026 7:32,Meter 1,1/23/2026 7:32,86.11,99.25,0,212.9,105.46,12.84,-1.57,10.46,98.89,0,213.01,72.09,8.91,0.5,7.43,99.77,0,212.95,80.77,9.97,-1.05,7.72,99.09,0,212.75,31.72,-2.12,25.62
1/23/2026 7:33,Meter 1,1/23/2026 7:33,69.06,99.88,0,212.82,88.53,10.77,-0.24,8.98,99.96,0,213.05,56.05,6.93,0.39,5.78,99.77,0,212.99,62.61,7.72,0.3,7.26,99.91,0,212.4,25.42,0.45,22.02
1/23/2026 7:34,Meter 1,1/23/2026 7:34,81.2,99.41,0,212.8,98.38,11.97,-1.75,11.51,98.87,0,212.98,70.87,8.76,0.31,7.96,99.92,0,213.01,74.36,9.17,-0.89,8.26,99.42,0,212.41,29.9,-2.33,27.72
1/23/2026 7:35,Meter 1,1/23/2026 7:35,52.57,96.57,0,212.9,71.63,8.72,-1.59,4.06,93.13,0,213.29,35.42,4.38,0.34,3.5,99.53,0,212.89,50.67,6.24,1.09,4.41,97.06,0,212.5,19.35,-0.16,11.97
1/23/2026 7:36,Meter 1,1/23/2026 7:36,58.41,94.32,0,212.65,70.82,8.61,-2.93,7.72,93.48,0,212.81,60.88,7.52,2.65,6.73,93.06,0,212.74,43.53,5.36,1.33,4.85,96.42,0,212.41,21.49,1.05,19.3
1/23/2026 7:37,Meter 1,1/23/2026 7:37,60.95,98.08,0,212.63,78.39,9.53,-1.72,9.11,98.26,0,212.93,48.5,6,0.86,5.6,98.83,0,212.79,55.97,6.89,1.58,6.5,97.15,0,212.18,22.42,0.72,21.21
1/23/2026 7:38,Meter 1,1/23/2026 7:38,65.11,98.92,0,212.6,89.91,10.94,-0.6,9.32,99.8,0,212.97,46.53,5.75,0.4,4.43,99.6,0,212.58,58.89,7.25,1.57,6.71,97.37,0,212.26,23.93,1.37,20.46
1/23/2026 7:39,Meter 1,1/23/2026 7:39,64.26,98.32,0,212.78,79.61,9.7,-1.18,6.34,98.3,0,213.14,58.34,7.21,0.46,5.21,99.62,0,212.64,54.82,6.75,1.38,5.57,97.05,0,212.55,23.66,0.66,17.12
1/23/2026 7:40,Meter 1,1/23/2026 7:40,87.82,96.26,0,212.56,115.64,14.06,-4.29,12.53,94.6,0,212.56,97.48,12.03,3.7,11,94.78,0,212.61,50.34,6.21,0.64,5.79,99.4,0,212.52,32.29,0.05,29.31
1/23/2026 7:41,Meter 1,1/23/2026 7:41,95,97.56,0,212.68,115.39,14.04,-4.08,13.18,95.53,0,212.83,94.09,11.61,2.17,11.13,98.16,0,212.65,75.52,9.31,-1.27,8.89,98.99,0,212.56,34.96,-3.19,33.19
1/23/2026 7:42,Meter 1,1/23/2026 7:42,88.11,98.03,0,212.78,101.64,12.37,-2.88,10.29,96.29,0,212.97,79.85,9.86,0.89,9.01,99.51,0,212.74,82.85,10.21,-1.54,8.23,98.3,0,212.65,32.45,-3.53,27.54
1/23/2026 7:43,Meter 1,1/23/2026 7:43,80.43,98.21,0,212.7,106.46,12.94,-2.42,10.12,97.27,0,212.75,75.4,9.31,1.75,8.44,97.92,0,212.84,59.44,7.33,-0.51,4.89,99.46,0,212.5,29.59,-1.18,23.45
1/23/2026 7:44,Meter 1,1/23/2026 7:44,81.62,97.81,0,212.61,106.16,12.91,-2.11,11.07,98.23,0,212.74,84.62,10.45,2.99,9.64,95.52,0,212.64,54.09,6.66,0.39,4.91,99.68,0,212.46,30.02,1.27,25.61
1/23/2026 7:45,Meter 1,1/23/2026 7:45,63.7,94.96,0,212.6,78.35,9.52,0.3,8.16,99.93,0,212.79,55.61,6.87,2.16,5.95,94.01,0,212.72,57.15,7.04,2.57,5.63,90.95,0,212.29,23.43,5.03,19.74
1/23/2026 7:46,Meter 1,1/23/2026 7:46,90.04,98.93,0,212.58,116.61,14.18,0.52,12.65,99.91,0,212.79,75.28,9.3,1.72,7.8,97.65,0,212.65,78.22,9.63,1,8,99.23,0,212.31,33.11,3.24,28.45
1/23/2026 7:47,Meter 1,1/23/2026 7:47,98.74,98.19,0,212.57,132.7,16.13,-1.38,14.77,99.57,0,212.45,93.84,11.57,3.02,10.16,95.85,0,212.69,69.69,8.59,1.03,7.86,99.16,0,212.58,36.3,2.67,32.78
1/23/2026 7:48,Meter 1,1/23/2026 7:48,69.14,99.58,0,212.67,96.63,11.75,-1.01,10.98,99.58,0,212.72,56.02,6.92,0.62,6.48,99.55,0,212.77,54.78,6.75,0.53,5.93,99.61,0,212.52,25.42,0.14,23.4
1/23/2026 7:49,Meter 1,1/23/2026 7:49,104.03,96.34,0,212.48,139.22,16.92,-5.41,15.12,94.15,0,212.29,115.94,14.29,4.31,13.37,95.18,0,212.55,56.95,7.02,0.5,6.28,99.68,0,212.61,38.23,-0.6,34.78
1/23/2026 7:50,Meter 1,1/23/2026 7:50,67.46,97.52,0,212.96,80.44,9.8,-1.24,7.46,98.65,0,213.11,54.58,6.75,-1.49,5.01,95.83,0,213.07,67.38,8.31,-1.26,6.34,98.08,0,212.69,24.86,-3.99,18.81
1/23/2026 7:51,Meter 1,1/23/2026 7:51,69.86,98.31,0,212.77,86.16,10.49,-1.95,9.45,97.94,0,212.94,62.32,7.7,0.1,6.78,99.99,0,212.75,61.11,7.53,-1.72,6.85,97,0,212.61,25.72,-3.57,23.08
1/23/2026 7:52,Meter 1,1/23/2026 7:52,67.01,98.76,0,212.76,91.14,11.09,-1.67,10.42,98.74,0,212.84,57.34,7.08,1.05,6.49,98.72,0,212.84,52.55,6.48,-0.93,6,98.81,0,212.58,24.65,-1.56,22.9
1/23/2026 7:53,Meter 1,1/23/2026 7:53,77.27,98.1,0,212.76,92.13,11.22,-1.85,9.74,98.25,0,212.84,79.03,9.76,2.29,9.22,97.04,0,212.68,60.65,7.48,0.93,6.53,99.01,0,212.75,28.45,1.37,25.49
1/23/2026 7:54,Meter 1,1/23/2026 7:54,95.06,97.83,0,212.67,124.62,15.18,-4.15,12.55,94.93,0,212.8,83.14,10.25,1.28,9.49,99.11,0,212.42,77.43,9.54,-0.88,8.44,99.46,0,212.78,34.98,-3.76,30.48
1/23/2026 7:55,Meter 1,1/23/2026 7:55,111.5,96.76,0,212.54,137.66,16.77,-4.46,14.16,95.38,0,212.68,114.63,14.12,4.19,13.12,95.25,0,212.14,82.23,10.12,0.79,9.15,99.63,0,212.79,41.02,0.52,36.44
1/23/2026 7:56,Meter 1,1/23/2026 7:56,86.34,97.64,0,212.7,108.82,13.26,-1.86,9.69,98.21,0,213.02,77.87,9.62,2.32,8.7,96.64,0,212.49,72.32,8.91,1.54,7.71,98.07,0,212.59,31.78,2,26.1
1/23/2026 7:57,Meter 1,1/23/2026 7:57,107.47,96.24,0,212.32,150.36,18.27,-4.96,17.28,96.12,0,212.05,106.58,13.11,3.94,11.88,94.91,0,212.25,65.47,8.07,-1.63,7.45,97.68,0,212.67,39.45,-2.65,36.61
1/23/2026 7:58,Meter 1,1/23/2026 7:58,100.08,97.22,0,212.68,130.99,15.95,-5.16,14.48,94.19,0,212.67,102.56,12.65,2.63,12.21,97.76,0,212.55,66.7,8.23,-0.56,7.61,99.73,0,212.83,36.82,-3.1,34.29
1/23/2026 7:59,Meter 1,1/23/2026 7:59,79.44,99.15,0,212.73,102.86,12.51,-2.13,11.37,98.29,0,212.79,68.04,8.4,0.91,7.53,99.27,0,212.84,67.42,8.31,-0.33,6.84,99.88,0,212.57,29.23,-1.54,25.74
1/23/2026 8:00,Meter 1,1/23/2026 8:00,103.91,96.4,0,212.55,129.7,15.77,-3.87,13.79,96.28,0,212.63,111.76,13.79,3.97,12.84,95.53,0,212.63,70.27,8.66,1.85,7.95,97.39,0,212.39,38.22,1.95,34.57
1/23/2026 8:01,Meter 1,1/23/2026 8:01,123.95,95.71,0,212.31,161.14,19.57,-5.65,17.47,95.15,0,212.31,138.34,17.04,5.82,15.63,93.72,0,212.34,72.38,8.91,1.47,7.76,98.26,0,212.28,45.52,1.63,40.86
1/23/2026 8:02,Meter 1,1/23/2026 8:02,110.73,96.51,0,212.59,151.07,18.38,-5.75,15.58,93.82,0,212.58,111.13,13.7,3.48,12.79,96.49,0,212.54,69.99,8.63,-0.87,6.94,99.22,0,212.64,40.71,-3.14,35.32
1/23/2026 8:03,Meter 1,1/23/2026 8:03,107.18,96.24,0,212.59,145.51,17.7,-4.31,16.03,96.57,0,212.54,114.94,14.17,4.79,12.99,93.83,0,212.58,61.1,7.53,1.22,6.59,98.32,0,212.63,39.4,1.7,35.61
1/23/2026 8:04,Meter 1,1/23/2026 8:04,99.18,97.12,0,212.56,136.18,16.56,-4.12,14.94,96.41,0,212.57,100.45,12.39,3.74,11.31,94.95,0,212.56,60.91,7.51,-0.02,6.83,100,0,212.56,36.46,-0.39,33.09
1/23/2026 8:05,Meter 1,1/23/2026 8:05,74.71,97.73,0,212.62,89.66,10.91,-2.71,7.68,94.3,0,212.9,69.92,8.64,0.96,8.11,99.31,0,212.6,64.55,7.95,0.63,6.89,99.59,0,212.36,27.49,-1.12,22.67
1/23/2026 8:06,Meter 1,1/23/2026 8:06,68.08,98.65,0,212.53,81.73,9.94,-0.35,8.59,99.92,0,212.76,57.48,7.09,1.45,6.42,97.54,0,212.5,65.05,8.01,1.3,7.44,98.5,0,212.33,25.04,2.41,22.45
1/23/2026 8:07,Meter 1,1/23/2026 8:07,87.79,96.34,0,212.53,111.9,13.61,-3.92,11.72,94.83,0,212.54,83.13,10.25,1.34,9.45,99.01,0,212.52,68.34,8.42,-2.09,6.47,95.17,0,212.53,32.28,-4.67,27.63
1/23/2026 8:08,Meter 1,1/23/2026 8:08,88.54,96.49,0,212.33,118.81,14.43,-4.29,12.61,94.66,0,212.35,80.47,9.91,1.41,9.26,98.85,0,212.35,66.34,8.17,-1.95,6.64,95.94,0,212.3,32.51,-4.83,28.51
1/23/2026 8:09,Meter 1,1/23/2026 8:09,117.26,95.93,0,212.35,151.68,18.43,-6.36,16.27,93.14,0,212.08,135.49,16.67,5.15,15.65,94.98,0,212.38,64.62,7.96,0.58,7.02,99.67,0,212.59,43.07,-0.63,38.93
1/23/2026 8:10,Meter 1,1/23/2026 8:10,95.65,97.09,0,212.47,123.54,15.02,-3.77,13,96.05,0,212.39,99.11,12.21,3.66,11.43,95.23,0,212.44,64.3,7.92,0.13,6.67,99.98,0,212.57,35.15,0.02,31.1
1/23/2026 8:11,Meter 1,1/23/2026 8:11,103.51,95.18,0,212.45,144.45,17.55,-4.94,15.64,95.35,0,212.33,102.55,12.64,3.75,11.27,94.9,0,212.54,63.54,7.83,-2.01,6.34,95.31,0,212.49,38.02,-3.21,33.25
1/23/2026 8:12,Meter 1,1/23/2026 8:12,80.79,98.93,0,212.47,108.18,13.14,-1.76,11.58,98.87,0,212.4,70.21,8.66,1.5,7.73,98.16,0,212.67,63.99,7.89,-0.44,6.56,99.77,0,212.34,29.68,-0.7,25.88
1/23/2026 8:13,Meter 1,1/23/2026 8:13,94.56,98.14,0,212.25,127.51,15.48,-3.15,13.65,97.44,0,211.97,89.89,11.06,2.03,10.41,98.15,0,212.39,66.28,8.17,-1.04,6.69,98.81,0,212.38,34.7,-2.16,30.75
1/23/2026 8:14,Meter 1,1/23/2026 8:14,72.6,99.32,0,212.31,100.21,12.16,-0.79,11.9,99.78,0,212.08,63.28,7.79,1.37,7.33,98.28,0,212.52,54.3,6.69,-0.31,6.39,99.88,0,212.34,26.65,0.28,25.61
1/23/2026 8:15,Meter 1,1/23/2026 8:15,99.01,97.98,0,212.23,129.45,15.72,-1.6,14.5,99.4,0,212.25,100.93,12.43,3.41,11.42,95.82,0,212.2,66.66,8.2,1.24,7.67,98.71,0,212.23,36.35,3.06,33.59
1/23/2026 8:16,Meter 1,1/23/2026 8:16,98.13,98.12,0,212.33,135.41,16.45,-2.23,15.06,98.92,0,212.19,96.66,11.9,3.25,10.44,95.48,0,212.32,62.34,7.68,-0.21,6.74,99.95,0,212.48,36.03,0.81,32.25
1/23/2026 8:17,Meter 1,1/23/2026 8:17,77.03,99.15,0,212.44,92.76,11.27,-0.63,9.58,99.78,0,212.69,76.3,9.42,1.62,8.23,98.11,0,212.47,62.01,7.63,0.64,6.87,99.57,0,212.15,28.32,1.63,24.68
1/23/2026 8:18,Meter 1,1/23/2026 8:18,86.74,98.06,0,212.4,115.22,13.99,-2.86,11.8,97.18,0,212.45,84.46,10.41,1.71,9.97,98.56,0,212.5,60.53,7.45,-1.06,5.9,98.43,0,212.24,31.86,-2.21,27.67
1/23/2026 8:19,Meter 1,1/23/2026 8:19,113.95,95.13,0,212.25,137.25,16.66,-4.56,15.89,96.12,0,212.09,135.77,16.72,6.04,15.47,93.15,0,212.4,68.82,8.48,2.28,7.93,96.12,0,212.25,41.85,3.76,39.29
1/23/2026 8:20,Meter 1,1/23/2026 8:20,82.87,97.54,0,212.42,102.98,12.51,-1.17,10.98,99.44,0,212.55,79.62,9.82,2.62,8.95,95.97,0,212.49,66,8.12,1.82,7.56,97.22,0,212.2,30.46,3.28,27.49
1/23/2026 8:21,Meter 1,1/23/2026 8:21,78.42,98.44,0,212.37,99.57,12.08,-1.06,10.43,99.48,0,212.23,69.58,8.58,1.75,7.67,97.49,0,212.66,66.12,8.15,1.38,7.52,98.35,0,212.21,28.81,2.07,25.62
1/23/2026 8:22,Meter 1,1/23/2026 8:22,116.06,96.02,0,212.14,159.99,19.42,-5.76,17.96,95.22,0,211.83,122.31,15.03,5.14,13.83,93.73,0,212.13,65.87,8.11,-0.97,7.14,99.1,0,212.47,42.57,-1.59,38.92
1/23/2026 8:23,Meter 1,1/23/2026 8:23,88.6,97.6,0,212.39,117.78,14.32,-3.44,11.89,96.06,0,212.24,79.35,9.77,2.13,8.94,97.29,0,212.27,68.66,8.46,-0.74,6.99,99.44,0,212.65,32.55,-2.06,27.82
1/23/2026 8:24,Meter 1,1/23/2026 8:24,94.37,96.78,0,212.23,117.55,14.27,-3.76,13.22,96.19,0,211.85,99.55,12.24,3.96,11.13,94.23,0,212.28,66,8.13,-0.3,7.75,99.92,0,212.56,34.65,-0.1,32.1
1/23/2026 8:25,Meter 1,1/23/2026 8:25,101.8,96.63,0,212.38,118.27,14.37,-3.67,13.74,96.61,0,212.14,115.43,14.21,4.72,13.27,94.23,0,212.36,71.72,8.84,1.19,8.53,99.04,0,212.64,37.42,2.24,35.54
1/23/2026 8:26,Meter 1,1/23/2026 8:26,81.55,96.63,0,212.51,89.21,10.85,-1.1,10.51,99.46,0,212.3,89.4,11.01,3.75,10.07,93.72,0,212.52,66.02,8.14,2.02,7.66,96.7,0,212.7,30,4.67,28.24
1/23/2026 8:27,Meter 1,1/23/2026 8:27,110.29,96.22,0,212.26,140.89,17.11,-5.25,16.05,95.04,0,211.95,129.3,15.9,5.49,14.79,93.74,0,212.26,60.68,7.48,0.33,6.86,99.89,0,212.58,40.49,0.57,37.71
1/23/2026 8:28,Meter 1,1/23/2026 8:28,83.29,96.51,0,212.23,95.42,11.6,-1.96,11.16,98.49,0,212.06,93.77,11.53,4.06,10.62,93.42,0,212.1,60.66,7.47,1.56,7.01,97.62,0,212.52,30.6,3.65,28.79
1/23/2026 8:29,Meter 1,1/23/2026 8:29,78.11,97.68,0,212.27,96.53,11.72,-0.24,11.09,99.98,0,212.28,73.2,9.02,2.7,8.04,94.78,0,212.27,64.6,7.95,1.41,7.52,98.28,0,212.26,28.69,3.88,26.66
1/23/2026 8:30,Meter 1,1/23/2026 8:30,86.88,97.63,0,212.18,117.58,14.27,-2.1,13.75,98.85,0,211.96,86.22,10.61,3.39,9.39,94.04,0,212.23,56.83,7,0.13,6.61,99.98,0,212.36,31.88,1.42,29.74
1/23/2026 8:31,Meter 1,1/23/2026 8:31,107.85,96.38,0,212.06,138.61,16.8,-3.53,16.16,97.7,0,211.64,116.96,14.38,5.21,13.06,92.87,0,212.31,67.98,8.37,1.36,7.96,98.57,0,212.24,39.55,3.04,37.18
1/23/2026 8:32,Meter 1,1/23/2026 8:32,86.53,97.81,0,212.2,99.95,12.12,-0.83,11.66,99.75,0,212.11,83.39,10.27,2.13,9.79,97.72,0,212.43,76.25,9.38,2.54,8.67,95.97,0,212.05,31.78,3.83,30.12
1/23/2026 8:33,Meter 1,1/23/2026 8:33,107.21,96.27,0,212.12,132.25,16.04,-3.51,14.44,97.18,0,211.95,114.12,14.05,4.36,13.17,94.92,0,212.34,75.27,9.26,2.13,8.08,96.7,0,212.08,39.35,2.99,35.69
1/23/2026 8:34,Meter 1,1/23/2026 8:34,106.78,94.95,0,212.1,129.51,15.72,-4.84,14.48,94.84,0,211.95,121.18,14.9,4.74,13.92,94.66,0,212.14,69.65,8.57,2.44,7.71,95.35,0,212.21,39.19,2.34,36.12
1/23/2026 8:35,Meter 1,1/23/2026 8:35,109.68,96.79,0,212.29,144.27,17.53,-5.19,15.08,94.55,0,212.2,108.28,13.33,3.67,12.32,95.85,0,212.19,76.5,9.42,0.22,7.7,99.96,0,212.47,40.28,-1.31,35.1
1/23/2026 8:36,Meter 1,1/23/2026 8:36,91.87,97.07,0,212.42,117.62,14.3,-2.87,11.5,97.02,0,212.64,88.34,10.9,2.43,10.2,97.27,0,212.37,69.65,8.57,1.88,7.41,96.93,0,212.27,33.76,1.44,29.11
1/23/2026 8:37,Meter 1,1/23/2026 8:37,92.15,97.02,0,212.34,126.87,15.42,-4.45,13.86,95.22,0,212.35,89.7,11.05,2.73,10.14,96.58,0,212.27,59.87,7.37,-0.74,6.13,99.28,0,212.4,33.84,-2.46,30.14
1/23/2026 8:38,Meter 1,1/23/2026 8:38,93.64,97.6,0,212.26,137.09,16.64,-3.7,15.83,97.38,0,212.18,85.77,10.56,2.53,9.83,96.84,0,212.34,58.05,7.15,-1.06,6.2,98.57,0,212.26,34.35,-2.23,31.86
1/23/2026 8:39,Meter 1,1/23/2026 8:39,77.18,97.77,0,212.46,95.34,11.59,0.61,10.1,99.82,0,212.56,63.93,7.89,2.32,6.66,94.43,0,212.47,72.26,8.9,1.15,8.35,99.07,0,212.34,28.37,4.08,25.11
1/23/2026 8:40,Meter 1,1/23/2026 8:40,84.05,98.42,0,212.37,112.5,13.67,-1.39,11.96,99.33,0,212.48,77.63,9.57,2.44,8.48,96.11,0,212.3,62.03,7.63,0.41,6.63,99.81,0,212.33,30.87,1.45,27.06
1/23/2026 8:41,Meter 1,1/23/2026 8:41,98.46,97.55,0,212.3,129.96,15.79,-3.87,13.9,96.33,0,212.31,99.36,12.24,2.79,11.53,97.2,0,212.26,66.06,8.13,-0.88,6.55,99.11,0,212.33,36.16,-1.97,31.98
1/23/2026 8:42,Meter 1,1/23/2026 8:42,84.36,98.06,0,212.31,113.06,13.73,-2.71,13.21,97.96,0,212.19,80.24,9.88,1.94,9.31,97.9,0,212.42,59.78,7.36,-1.27,6.86,98.32,0,212.33,30.97,-2.05,29.37
1/23/2026 8:43,Meter 1,1/23/2026 8:43,84.64,98.09,0,212.23,113.71,13.8,-1.96,13.13,98.91,0,212.16,81.23,10,2.8,9.13,95.62,0,212.33,58.98,7.26,0.48,6.95,99.76,0,212.21,31.06,1.32,29.21
1/23/2026 8:44,Meter 1,1/23/2026 8:44,80.53,97.97,0,212.43,104.28,12.67,0.19,10.55,99.98,0,212.5,68.71,8.47,2.07,7.62,96.51,0,212.46,68.59,8.44,1.73,7.46,97.43,0,212.31,29.59,3.99,25.63
1/23/2026 8:45,Meter 1,1/23/2026 8:45,84.4,98.47,0,212.36,108.81,13.22,-2.46,12.39,98.09,0,212.47,76.31,9.41,1.77,8.64,97.95,0,212.34,68.08,8.38,-0.83,7.43,99.38,0,212.27,31,-1.51,28.46
1/23/2026 8:46,Meter 1,1/23/2026 8:46,102.51,96.73,0,212.06,140.41,17.04,-3.98,15.84,96.99,0,212.11,104.87,12.9,3.78,11.85,95.28,0,212,62.27,7.65,-1.39,6.68,97.92,0,212.07,37.6,-1.58,34.37
1/23/2026 8:47,Meter 1,1/23/2026 8:47,88.64,97.8,0,212.05,106.08,12.87,-2.64,12.02,97.67,0,212.22,101.48,12.49,3.17,11.83,96.58,0,212.03,58.35,7.17,0.87,6.64,99.16,0,211.89,32.53,1.4,30.49
1/23/2026 8:48,Meter 1,1/23/2026 8:48,104.06,96.91,0,211.99,135.45,16.43,-4.15,14.64,96.2,0,212.05,120.34,14.8,4.35,13.73,95.32,0,211.94,56.4,6.93,0.78,6.2,99.21,0,212,38.17,0.98,34.57
1/23/2026 8:49,Meter 1,1/23/2026 8:49,84.6,98.03,0,212.18,112.36,13.63,-1.8,11.15,98.72,0,212.29,86.39,10.65,2.85,9.19,95.52,0,212.35,55.06,6.77,0.3,5.54,99.86,0,211.9,31.05,1.34,25.88
1/23/2026 8:50,Meter 1,1/23/2026 8:50,92.08,97.72,0,212.21,117.31,14.24,-2.33,10.78,97.75,0,212.54,94.33,11.63,2.86,10.76,96.64,0,212.17,64.6,7.94,1.07,6.79,98.77,0,211.91,33.81,1.61,28.32
1/23/2026 8:51,Meter 1,1/23/2026 8:51,86.25,97.85,0,212.21,114.73,13.93,-3.07,12.02,96.89,0,212.25,82.97,10.22,2.38,9.16,96.79,0,212.23,61.05,7.51,-0.31,6.14,99.87,0,212.15,31.66,-1.01,27.31
1/23/2026 8:52,Meter 1,1/23/2026 8:52,63.51,99.61,0,212.34,85.41,10.37,-0.7,9.46,99.73,0,212.49,53.17,6.56,0.78,5.85,99.13,0,212.38,51.94,6.39,0.15,5.87,99.97,0,212.14,23.32,0.23,21.18
1/23/2026 8:53,Meter 1,1/23/2026 8:53,74.92,97.57,0,212.28,89.49,10.87,-0.12,10.6,99.99,0,212.5,71.51,8.82,2.47,8.12,95.67,0,212.33,63.77,7.84,1.83,7.37,97.04,0,212.02,27.53,4.18,26.09
1/23/2026 8:54,Meter 1,1/23/2026 8:54,72.69,99.52,0,212.33,94.29,11.45,-0.47,8.71,99.86,0,212.66,51.47,6.35,0.59,5.28,99.38,0,212.4,72.33,8.89,0.98,8.37,99.32,0,211.94,26.69,1.1,22.36
1/23/2026 8:55,Meter 1,1/23/2026 8:55,89.06,99.03,0,212.31,119.57,14.52,-2.15,11.64,98.33,0,212.52,81.32,10.03,1.48,9.39,98.78,0,212.36,66.28,8.15,0.19,6.81,99.96,0,212.06,32.7,-0.49,27.84
1/23/2026 8:56,Meter 1,1/23/2026 8:56,78.1,99.36,0,212.24,105.97,12.85,-1.6,11.24,99,0,212.44,61.05,7.53,0.88,6.79,99.17,0,212.44,67.26,8.27,-0.3,7.21,99.91,0,211.83,28.66,-1.02,25.24
1/23/2026 8:57,Meter 1,1/23/2026 8:57,80.71,99.2,0,212.26,103.69,12.6,-2.12,11.4,98.31,0,212.45,67.47,8.31,0.46,7.49,99.81,0,212.19,70.97,8.73,-0.76,7.41,99.48,0,212.15,29.64,-2.42,26.3
1/23/2026 8:58,Meter 1,1/23/2026 8:58,98.98,97.07,0,212.2,124.85,15.15,-2.95,13.71,97.76,0,212.2,104.98,12.93,3.77,12.2,95.55,0,212.28,67.12,8.26,1.49,7.16,97.91,0,212.12,36.34,2.3,33.07
1/23/2026 8:59,Meter 1,1/23/2026 8:59,70.95,99.86,0,212.39,93.82,11.39,-0.14,9,99.99,0,212.65,50.36,6.22,0.04,5.22,100,0,212.59,68.68,8.45,0.7,7.6,99.58,0,211.93,26.06,0.6,21.82
1/23/2026 9:00,Meter 1,1/23/2026 9:00,75.85,97.41,0,212.22,88.91,10.78,-0.29,10.52,99.96,0,212.3,68.18,8.41,1.98,7.89,97,0,212.5,70.46,8.67,2.57,8.05,95.27,0,211.85,27.86,4.25,26.46
1/23/2026 9:01,Meter 1,1/23/2026 9:01,67.63,99.51,0,212.17,87.15,10.57,0.14,9.72,99.99,0,212.41,48.72,6.01,0.61,5.29,99.34,0,212.39,67.02,8.24,0.98,7.64,99.19,0,211.71,24.81,1.73,22.64
1/23/2026 9:02,Meter 1,1/23/2026 9:02,79.86,96.22,0,212.3,82.87,10.06,-0.86,9.56,99.6,0,212.73,80.23,9.9,3.11,9.14,94.65,0,212.34,76.47,9.39,2.98,8.53,94.42,0,211.83,29.36,5.23,27.23
1/23/2026 9:03,Meter 1,1/23/2026 9:03,81.24,99.17,0,212.2,94.31,11.43,-1.97,10.07,98.15,0,212.4,70.18,8.66,0.89,7.92,99.38,0,212.53,79.23,9.74,-0.12,7.77,99.99,0,211.69,29.83,-1.2,25.76
1/23/2026 9:04,Meter 1,1/23/2026 9:04,71.96,98.23,0,212.32,90.2,10.94,-0.31,8.25,99.93,0,212.5,54.85,6.77,1.4,5.79,97.2,0,212.68,70.82,8.71,1.73,7.69,97.56,0,211.79,26.42,2.82,21.73
1/23/2026 9:05,Meter 1,1/23/2026 9:05,83.02,97.28,0,212.22,98.53,11.96,-0.97,9.3,99.46,0,212.41,72.8,8.98,2.23,8.1,96.42,0,212.36,77.74,9.56,2.35,8.03,95.98,0,211.9,30.49,3.6,25.42
1/23/2026 9:06,Meter 1,1/23/2026 9:06,77.09,97.48,0,212.27,95.83,11.63,0.06,8.92,100,0,212.43,58.97,7.27,1.78,6.03,95.89,0,212.38,76.47,9.4,2.15,7.96,96.54,0,212.01,28.31,3.99,22.91
1/23/2026 9:07,Meter 1,1/23/2026 9:07,84.74,98.58,0,212.22,112.56,13.65,-2.19,10.81,98,0,212.21,71.15,8.77,1.6,7.56,97.84,0,212.46,70.51,8.68,0.32,7.32,99.9,0,211.98,31.1,-0.28,25.69
1/23/2026 9:08,Meter 1,1/23/2026 9:08,83.22,97.48,0,212.2,99.12,12.03,-3.93,9.86,92.89,0,212.27,77.15,9.5,0.86,9.11,99.56,0,212.29,73.4,9.03,-0.06,7.54,100,0,212.04,30.56,-3.14,26.51
1/23/2026 9:09,Meter 1,1/23/2026 9:09,73.41,97.48,0,212.08,78.07,9.46,-1.53,8.67,98.48,0,212.21,68.05,8.39,1.47,7.93,98.32,0,212.36,74.12,9.11,2.55,8.34,95.62,0,211.68,26.96,2.49,24.93
1/23/2026 9:10,Meter 1,1/23/2026 9:10,95.03,97.96,0,212.01,119.98,14.54,-3.44,11.71,95.94,0,212.08,83.42,10.27,1.41,9.71,98.97,0,212.22,81.69,10.04,1.21,8.4,98.97,0,211.71,34.85,-0.82,29.82
1/23/2026 9:11,Meter 1,1/23/2026 9:11,72.35,96.66,0,211.99,79.38,9.62,0.99,8.6,99.34,0,212.21,56.5,6.96,1.1,6.49,98.6,0,212.15,81.16,9.96,3.68,8.67,92.03,0,211.6,26.55,5.77,23.76
1/23/2026 9:12,Meter 1,1/23/2026 9:12,76.19,99.03,0,212.23,89.51,10.86,-0.85,8.52,99.5,0,212.38,55.06,6.79,-0.85,6.26,99.09,0,212.49,83.99,10.33,1.61,9.18,98.49,0,211.81,27.98,-0.09,23.96
1/23/2026 9:13,Meter 1,1/23/2026 9:13,97.71,96.24,0,211.92,119.52,14.47,-1.38,12.62,99.41,0,211.94,90.28,11.12,3.31,10.13,95.06,0,212.23,83.34,10.24,3.13,8.83,94.24,0,211.58,35.83,5.06,31.58
1/23/2026 9:14,Meter 1,1/23/2026 9:14,85.05,99.73,0,212.15,106.34,12.89,-1.06,9.99,99.44,0,212.29,66.65,8.22,0.16,7.63,99.98,0,212.5,82.16,10.1,0.58,8.71,99.78,0,211.66,31.21,-0.32,26.32
1/23/2026 9:15,Meter 1,1/23/2026 9:15,96.22,99.16,0,212.04,127.35,15.42,-1.52,13.11,99.34,0,211.97,87.12,10.73,1.94,10.02,98.18,0,212.42,74.18,9.12,0.2,7.67,99.97,0,211.73,35.28,0.62,30.8
1/23/2026 9:16,Meter 1,1/23/2026 9:16,100.04,97.14,0,212.01,127.29,15.41,-0.72,13.62,99.86,0,212.06,95.88,11.82,3.64,10.9,94.84,0,212.36,76.96,9.46,2.16,8.22,96.71,0,211.6,36.69,5.09,32.74
1/23/2026 9:17,Meter 1,1/23/2026 9:17,65.13,99.27,0,212.21,81.08,9.83,-1.06,9.42,99.38,0,212.35,51.33,6.33,-0.37,5.72,99.79,0,212.48,62.97,7.74,-1.17,6.99,98.64,0,211.79,23.91,-2.59,22.14
1/23/2026 9:18,Meter 1,1/23/2026 9:18,77.26,99.19,0,212.22,99,12.01,-0.22,9.27,99.97,0,212.6,60.9,7.52,1.06,6.9,98.85,0,212.38,71.87,8.83,1.21,7.59,98.76,0,211.68,28.36,2.04,23.75
1/23/2026 9:19,Meter 1,1/23/2026 9:19,106.37,95.99,0,212.07,146.72,17.79,-4.54,15.04,95.73,0,212.09,98.59,12.14,3.5,11.02,95.3,0,212.15,73.8,9.07,-1.68,6.65,96.95,0,211.95,39,-2.72,32.71
1/23/2026 9:20,Meter 1,1/23/2026 9:20,72.68,98.76,0,212.17,90.63,11,-1.93,8.08,97.25,0,212.48,64.86,8,0.67,7.47,99.6,0,212.2,62.53,7.68,0.69,6.44,99.43,0,211.83,26.68,-0.58,21.99
1/23/2026 9:21,Meter 1,1/23/2026 9:21,66.93,98.75,0,212.26,82.51,10.03,-1.69,7.35,97.44,0,212.6,53.41,6.58,-0.8,6.06,99.15,0,212.16,64.86,7.97,-0.56,6.7,99.65,0,212.03,24.58,-3.05,20.11
1/23/2026 9:22,Meter 1,1/23/2026 9:22,72.25,99.16,0,212.01,99.74,12.1,-0.82,11.65,99.75,0,212.27,60.55,7.46,1.43,6.8,97.86,0,211.99,56.46,6.93,0.34,6.58,99.87,0,211.78,26.49,0.94,25.03
1/23/2026 9:23,Meter 1,1/23/2026 9:23,80.04,97.71,0,212.13,107.09,13,-3.21,10.58,95.68,0,212.39,70.88,8.73,0.46,8.12,99.84,0,212.12,62.15,7.64,-1.46,6.53,97.6,0,211.86,29.36,-4.21,25.23
1/23/2026 9:24,Meter 1,1/23/2026 9:24,80.23,99.22,0,212.19,98.06,11.9,-0.11,8.64,99.99,0,212.61,64.67,7.98,1.2,6.33,98.24,0,212.17,77.96,9.57,0.85,7.99,99.44,0,211.8,29.45,1.95,22.96
1/23/2026 9:25,Meter 1,1/23/2026 9:25,75.5,99.46,0,212.1,93.14,11.3,0.2,8.5,99.97,0,212.51,58.92,7.26,1.04,5.78,98.43,0,212.06,74.43,9.14,0.12,7.94,99.99,0,211.74,27.7,1.36,22.23
1/23/2026 9:26,Meter 1,1/23/2026 9:26,83.49,98.51,0,212.19,96.65,11.74,-2.65,10.53,96.98,0,212.42,94.9,11.69,1,11.4,99.62,0,212.14,58.93,7.24,-0.96,6.53,98.94,0,212.02,30.67,-2.6,28.46
1/23/2026 9:27,Meter 1,1/23/2026 9:27,74.82,98.57,0,212.03,100.62,12.2,-0.45,11.33,99.92,0,212.21,72.5,8.93,2.41,8.04,95.79,0,212.16,51.33,6.31,0.01,5.88,100,0,211.72,27.44,1.97,25.25
1/23/2026 9:28,Meter 1,1/23/2026 9:28,69.46,99.53,0,212.12,92.32,11.19,-0.11,8.66,99.99,0,212.17,56.89,7.01,0.32,5.67,99.84,0,212.33,59.17,7.28,-0.89,5.6,98.76,0,211.86,25.48,-0.69,19.93
1/23/2026 9:29,Meter 1,1/23/2026 9:29,84.97,98.31,0,211.92,101.99,12.35,-0.41,12.12,99.94,0,211.87,94.5,11.63,3,11.01,96.47,0,212.26,58.41,7.18,1.18,6.78,98.52,0,211.63,31.16,3.77,29.92
1/23/2026 9:30,Meter 1,1/23/2026 9:30,91.23,98.32,0,212,112.29,13.6,-0.82,12.51,99.79,0,212.01,101.67,12.52,3.11,11.76,96.67,0,212.27,59.74,7.34,1.21,6.89,98.5,0,211.73,33.47,3.5,31.15
1/23/2026 9:31,Meter 1,1/23/2026 9:31,91.83,97.87,0,211.88,124.83,15.11,-3.45,12.22,96.24,0,211.93,81.07,9.98,1.93,9.22,97.88,0,212.11,69.6,8.55,-0.65,6.47,99.49,0,211.6,33.64,-2.17,27.91
1/23/2026 9:32,Meter 1,1/23/2026 9:32,77.08,98.62,0,212.04,95.36,11.56,-2.51,8.45,95.87,0,212.41,67.75,8.35,0.03,7.57,100,0,212.12,68.14,8.36,-0.07,6.56,99.99,0,211.59,28.28,-2.55,22.58
1/23/2026 9:33,Meter 1,1/23/2026 9:33,98.56,96.9,0,211.72,128.17,15.51,-4.86,13.23,93.88,0,211.95,97.12,11.95,2.58,11,97.36,0,211.88,70.4,8.64,-0.7,6.76,99.47,0,211.34,36.1,-2.98,30.99
1/23/2026 9:34,Meter 1,1/23/2026 9:34,89.64,97.51,0,211.87,116.13,14.08,-3.86,12.32,95.43,0,212.19,89.81,11.05,2.54,10.39,97.14,0,211.77,62.99,7.73,-0.16,6.79,99.97,0,211.64,32.86,-1.48,29.5
1/23/2026 9:35,Meter 1,1/23/2026 9:35,69.58,97.51,0,212.09,86.85,10.54,-2.09,8.14,96.86,0,212.43,65.17,8.03,1.07,7.31,98.94,0,212.08,56.71,6.96,1.67,6.36,96.72,0,211.78,25.53,0.65,21.81
1/23/2026 9:36,Meter 1,1/23/2026 9:36,76.21,99.02,0,212.07,103.8,12.59,-2.39,9.92,97.22,0,212.17,60.3,7.43,0.3,6.29,99.89,0,212.17,64.51,7.93,-0.2,6.49,99.95,0,211.88,27.94,-2.29,22.7
1/23/2026 9:37,Meter 1,1/23/2026 9:37,79.24,98.15,0,211.96,110.15,13.34,-3.55,11.42,95.49,0,211.86,67.02,8.25,0.15,7.67,99.98,0,212.32,60.56,7.45,-0.94,6.49,98.98,0,211.71,29.03,-4.33,25.59
1/23/2026 9:38,Meter 1,1/23/2026 9:38,81.92,98.2,0,211.91,107.45,13.02,-2.2,10.64,97.92,0,211.89,74.84,9.21,1.63,8.18,98.07,0,212.11,63.47,7.8,1.03,6.18,98.63,0,211.73,30.02,0.46,25.01
1/23/2026 9:39,Meter 1,1/23/2026 9:39,103,96.4,0,211.71,136.7,16.54,-3.18,14.49,97.68,0,211.42,104.62,12.85,4.36,11.52,93.53,0,211.95,67.67,8.32,1.43,7,97.99,0,211.77,37.71,2.61,33.01
1/23/2026 9:40,Meter 1,1/23/2026 9:40,89.12,98.49,0,211.91,111.64,13.53,-2.68,10.04,96.62,0,211.92,78.54,9.66,0.98,8.97,99.41,0,212.01,77.19,9.48,0.9,8.6,99.46,0,211.79,32.67,-0.8,27.61
1/23/2026 9:41,Meter 1,1/23/2026 9:41,90.19,97.31,0,211.7,121.48,14.71,-3.77,13.88,96.5,0,211.47,90.77,11.14,3.09,10.44,95.89,0,211.76,58.34,7.17,0.63,6.6,99.55,0,211.88,33.02,-0.05,30.92
1/23/2026 9:42,Meter 1,1/23/2026 9:42,113.19,96.71,0,211.67,151.01,18.3,-6.06,17.06,94.23,0,211.63,118.41,14.53,3.79,13.88,96.47,0,211.51,70.14,8.61,-0.87,8.19,99.44,0,211.87,41.44,-3.14,39.14
1/23/2026 9:43,Meter 1,1/23/2026 9:43,82.64,98.62,0,211.92,109.86,13.33,-1.56,12.08,99.18,0,212.18,74.43,9.16,1.87,8.11,97.44,0,211.7,63.64,7.81,0.91,7.34,99.25,0,211.89,30.3,1.22,27.53
1/23/2026 9:44,Meter 1,1/23/2026 9:44,78.31,99.08,0,211.71,101.93,12.35,-0.68,10.21,99.78,0,211.88,69.14,8.5,1.24,7.11,98.52,0,211.57,63.86,7.83,1.06,7.24,98.94,0,211.69,28.68,1.62,24.56
1/23/2026 9:45,Meter 1,1/23/2026 9:45,83.16,98.84,0,211.82,108.17,13.13,-2.19,10.46,97.87,0,212.02,71.77,8.82,1.28,8.19,98.81,0,211.47,69.54,8.53,-0.38,7.01,99.85,0,211.96,30.48,-1.3,25.66
1/23/2026 9:46,Meter 1,1/23/2026 9:46,77.07,98.89,0,211.89,94.79,11.5,-1.82,9.28,98.13,0,212.25,71.85,8.84,1.29,8.44,98.84,0,211.64,64.58,7.92,0.55,6.96,99.69,0,211.79,28.26,0.02,24.68
1/23/2026 9:47,Meter 1,1/23/2026 9:47,107.58,97.14,0,211.75,138.18,16.75,-4.61,14.43,95.26,0,211.79,113.91,13.99,3.73,13.08,96.17,0,211.61,70.65,8.67,0.09,7.38,99.99,0,211.85,39.41,-0.79,34.9
1/23/2026 9:48,Meter 1,1/23/2026 9:48,84.06,98.37,0,211.97,103.52,12.56,-2.54,9.26,96.45,0,212.16,78.4,9.65,1.31,9.09,98.97,0,211.87,70.26,8.63,0.58,7.41,99.69,0,211.87,30.83,-0.64,25.76
1/23/2026 9:49,Meter 1,1/23/2026 9:49,82.82,98.24,0,211.88,110.03,13.35,-2.98,10.05,95.87,0,212.12,75.28,9.26,0.8,8.72,99.58,0,211.71,63.15,7.75,-0.82,6.69,99.26,0,211.81,30.35,-3,25.46
1/23/2026 9:50,Meter 1,1/23/2026 9:50,76.78,99.02,0,211.91,104.67,12.7,-1.68,10.14,98.66,0,212.23,64.65,7.96,1.02,6.45,98.78,0,211.77,61.02,7.49,-0.57,6.53,99.62,0,211.74,28.14,-1.23,23.12
1/23/2026 9:51,Meter 1,1/23/2026 9:51,74.96,99.38,0,211.92,99.48,12.06,-1.78,9.38,98.25,0,212.29,55.03,6.78,0.19,5.72,99.94,0,211.86,70.36,8.63,-0.24,7.78,99.95,0,211.59,27.47,-1.83,22.88
1/23/2026 9:52,Meter 1,1/23/2026 9:52,68.09,99.63,0,211.9,86.81,10.51,-0.3,8.29,99.93,0,212.11,52.54,6.47,0.04,6.06,100,0,212.15,64.92,7.97,1.03,7.05,98.95,0,211.43,24.95,0.76,21.4
1/23/2026 9:53,Meter 1,1/23/2026 9:53,88.93,97.29,0,211.98,120.27,14.58,-4.03,12.61,95.25,0,211.91,83.32,10.25,0.81,9.93,99.67,0,212.12,63.2,7.77,-1.66,6.57,96.96,0,211.91,32.6,-4.88,29.11
1/23/2026 9:54,Meter 1,1/23/2026 9:54,95.31,97.57,0,211.6,124.47,15.07,-2.63,14,98.29,0,211.45,90.82,11.15,3.41,10.04,94.7,0,211.64,70.65,8.67,-0.57,7.66,99.73,0,211.71,34.88,0.21,31.7
1/23/2026 9:55,Meter 1,1/23/2026 9:55,69.76,99.35,0,211.73,89.45,10.83,-1.24,9.26,99.11,0,211.95,57.28,7.04,-0.39,6.17,99.8,0,211.73,62.55,7.67,-0.93,6.99,99.13,0,211.52,25.55,-2.56,22.42
1/23/2026 9:56,Meter 1,1/23/2026 9:56,84.92,97.77,0,211.53,99.49,12.04,-1.22,11.77,99.46,0,211.71,92.94,11.42,2.89,10.78,96.59,0,211.55,62.33,7.64,1.71,7.17,97.27,0,211.34,31.1,3.38,29.72
1/23/2026 9:57,Meter 1,1/23/2026 9:57,78.22,99.57,0,211.74,97.14,11.77,-1.38,9.47,98.95,0,211.94,65.79,8.09,0.31,7.39,99.91,0,211.71,71.74,8.8,-0.4,7.1,99.84,0,211.58,28.66,-1.48,23.96
1/23/2026 9:58,Meter 1,1/23/2026 9:58,84.1,98.02,0,211.73,110.28,13.37,-3.35,12.6,96.64,0,211.88,78.49,9.64,0.92,9.25,99.51,0,211.56,63.54,7.8,-1.46,7.02,97.91,0,211.74,30.81,-3.89,28.87
1/23/2026 9:59,Meter 1,1/23/2026 9:59,83.4,99.81,0,211.77,112.53,13.63,-0.89,11.16,99.68,0,211.68,64.62,7.94,0.48,6.99,99.76,0,211.82,73.05,8.97,-0.05,7.1,100,0,211.81,30.54,-0.46,25.25
1/23/2026 10:00,Meter 1,1/23/2026 10:00,68.34,99.06,0,211.97,82.82,10.04,-1.47,9.46,98.82,0,211.89,57.58,7.08,-0.82,6.68,99.25,0,212.12,64.63,7.95,-1,7.43,99.12,0,211.89,25.07,-3.28,23.57
1/23/2026 10:01,Meter 1,1/23/2026 10:01,79.69,98.15,0,211.89,102.77,12.45,0.65,11.18,99.83,0,211.91,72.89,8.97,1.92,8.13,97.31,0,212.06,63.4,7.79,1.71,7.21,97.29,0,211.7,29.21,4.29,26.52
1/23/2026 10:02,Meter 1,1/23/2026 10:02,81.8,97.86,0,211.86,101.25,12.26,0.02,11.88,100,0,211.75,77.16,9.49,2.4,8.87,96.53,0,212.03,67,8.23,1.93,7.76,97.04,0,211.8,29.98,4.36,28.51
1/23/2026 10:03,Meter 1,1/23/2026 10:03,78.41,97.79,0,211.87,103.03,12.48,0.6,10.2,99.83,0,211.81,70.23,8.64,2.19,7.9,96.37,0,212.09,61.96,7.61,1.61,6.62,97.17,0,211.71,28.73,4.4,24.72
1/23/2026 10:04,Meter 1,1/23/2026 10:04,83.92,97.43,0,211.75,113.24,13.69,0.72,12.96,99.84,0,211.4,78.73,9.67,3.01,8.68,94.47,0,212.17,59.78,7.35,1.41,6.93,97.99,0,211.68,30.72,5.15,28.56
1/23/2026 10:05,Meter 1,1/23/2026 10:05,79.34,99.27,0,211.91,97.82,11.83,-0.91,11.51,99.69,0,211.77,81.54,10.04,1.87,9.61,98.17,0,212.39,58.64,7.21,0.22,6.75,99.95,0,211.57,29.08,1.18,27.87
1/23/2026 10:06,Meter 1,1/23/2026 10:06,90.58,98.38,0,211.83,119.44,14.46,-0.9,12.06,99.72,0,211.69,87.99,10.82,2.97,9.95,95.82,0,212.13,64.32,7.9,0.6,6.66,99.59,0,211.66,33.18,2.67,28.67
1/23/2026 10:07,Meter 1,1/23/2026 10:07,68.77,99.3,0,211.9,90.77,10.99,-0.77,9.66,99.68,0,211.9,53.66,6.61,-0.78,5.96,99.16,0,212.2,61.89,7.6,-0.91,6.57,99.06,0,211.62,25.2,-2.45,22.19
1/23/2026 10:08,Meter 1,1/23/2026 10:08,79.18,98.58,0,211.88,103.47,12.54,-3.1,11.33,96.45,0,211.88,71.77,8.83,-0.12,8.44,99.99,0,211.99,62.31,7.66,-0.84,7,99.29,0,211.78,29.02,-4.06,26.77
1/23/2026 10:09,Meter 1,1/23/2026 10:09,59.76,99.56,0,211.87,78.46,9.5,0.07,9.27,100,0,211.86,46.13,5.68,0.66,5.19,99.19,0,212.15,54.68,6.72,0.66,6.38,99.48,0,211.61,21.89,1.39,20.84
1/23/2026 10:10,Meter 1,1/23/2026 10:10,74.49,98.13,0,211.73,97.75,11.83,-0.63,10.25,99.81,0,211.86,65.46,8.05,1.74,7.17,97.16,0,211.86,60.25,7.39,1.58,6.83,97.42,0,211.46,27.28,2.69,24.24
1/23/2026 10:11,Meter 1,1/23/2026 10:11,76.34,98.72,0,211.78,94.58,11.46,-1.49,7.86,98.25,0,211.89,63.95,7.86,0.44,7.35,99.82,0,211.79,70.5,8.65,1.45,7.31,98.09,0,211.65,27.97,0.39,22.53
1/23/2026 10:12,Meter 1,1/23/2026 10:12,64.01,98.7,0,211.79,85.62,10.37,-1.04,8.35,99.23,0,211.8,51.72,6.36,0.94,4.69,98.06,0,211.84,54.68,6.71,-0.85,5.41,98.79,0,211.71,23.44,-0.95,18.46
1/23/2026 10:13,Meter 1,1/23/2026 10:13,90.83,97.68,0,211.76,117.74,14.26,-2.11,11.96,98.48,0,211.65,91.47,11.24,2.74,10.22,96.59,0,211.93,63.28,7.77,1.35,6.61,97.98,0,211.71,33.27,1.98,28.79
1/23/2026 10:14,Meter 1,1/23/2026 10:14,72.71,97.16,0,211.75,103.37,12.52,-1.91,11.99,98.76,0,211.68,62.29,7.65,1.89,6.67,96.2,0,211.85,52.48,6.45,-1.54,5.69,96.51,0,211.71,26.62,-1.56,24.35
1/23/2026 10:15,Meter 1,1/23/2026 10:15,96.04,97.03,0,211.62,118.39,14.34,-2.62,13.55,98.19,0,211.57,108.87,13.36,4.4,12.36,94.21,0,211.52,60.87,7.47,1.09,6.62,98.68,0,211.78,35.17,2.87,32.52
1/23/2026 10:16,Meter 1,1/23/2026 10:16,82.99,98.23,0,211.77,110.13,13.34,-2.1,10.65,98.1,0,211.77,75.58,9.29,2.12,8.44,97,0,211.84,63.27,7.77,-0.51,5.66,99.6,0,211.72,30.4,-0.5,24.75
1/23/2026 10:17,Meter 1,1/23/2026 10:17,70.24,98.22,0,211.88,86.45,10.47,-2.18,7.61,96.14,0,211.98,60.76,7.48,-0.25,7.06,99.94,0,212.04,63.51,7.8,-1.07,6.3,98.58,0,211.61,25.75,-3.5,20.97
1/23/2026 10:18,Meter 1,1/23/2026 10:18,84.94,97.94,0,211.72,106.37,12.87,-0.95,11.04,99.63,0,211.75,87.57,10.77,3.24,9.85,94.99,0,211.89,60.87,7.47,0.84,6.64,99.21,0,211.51,31.11,3.14,27.53
1/23/2026 10:19,Meter 1,1/23/2026 10:19,74.25,98.74,0,211.71,88.18,10.67,-0.67,9.76,99.77,0,211.85,70.3,8.65,1.8,8.11,97.64,0,211.95,64.26,7.88,1.15,7.4,98.81,0,211.34,27.2,2.28,25.27
1/23/2026 10:20,Meter 1,1/23/2026 10:20,77.31,98.93,0,211.8,96.23,11.65,-1.11,9.61,99.34,0,211.95,69.26,8.52,1.49,7.58,98.12,0,211.98,66.44,8.15,0.81,6.99,99.34,0,211.49,28.33,1.19,24.19
1/23/2026 10:21,Meter 1,1/23/2026 10:21,92.23,97.44,0,211.6,120.05,14.53,-0.84,13.27,99.8,0,211.73,88.93,10.93,3.45,9.87,94.42,0,211.64,67.7,8.3,1.55,7.83,98.09,0,211.44,33.76,4.16,30.97
1/23/2026 10:22,Meter 1,1/23/2026 10:22,77.73,99.25,0,211.74,95.21,11.53,-1.54,10.96,99.03,0,211.88,66.28,8.15,0.16,7.47,99.98,0,211.77,71.69,8.8,-1.27,7.91,98.74,0,211.57,28.48,-2.64,26.35
1/23/2026 10:23,Meter 1,1/23/2026 10:23,86.69,98.64,0,211.75,114.47,13.86,-2.53,11.83,97.79,0,211.7,71.45,8.78,0.52,8.26,99.81,0,211.93,74.14,9.11,-1.37,7.37,98.31,0,211.63,31.74,-3.38,27.47
1/23/2026 10:24,Meter 1,1/23/2026 10:24,121.95,98.24,0,211.49,160.95,19.45,-3.78,18.66,98.01,0,211.3,126.64,15.55,3.89,14.9,96.75,0,211.78,78.24,9.6,-0.28,9.15,99.95,0,211.38,44.6,-0.17,42.71
1/23/2026 10:25,Meter 1,1/23/2026 10:25,96.55,99.38,0,211.55,126.32,15.27,-2.15,13.9,98.82,0,211.53,82.56,10.14,0.25,9.91,99.97,0,211.85,80.77,9.91,-1.05,9.16,99.35,0,211.28,35.32,-2.96,32.97
1/23/2026 10:26,Meter 1,1/23/2026 10:26,96.09,99.21,0,211.47,120.23,14.54,-0.31,12.93,99.97,0,211.52,87.81,10.78,1.95,10.18,98.22,0,211.63,80.23,9.83,0.96,9,99.44,0,211.25,35.15,2.6,32.11
1/23/2026 10:27,Meter 1,1/23/2026 10:27,93.42,99.36,0,211.48,116.17,14.05,-2.14,12.57,98.58,0,211.69,87.04,10.69,0.94,10.36,99.59,0,211.52,77.05,9.44,-0.34,8.57,99.92,0,211.24,34.18,-1.54,31.5
1/23/2026 10:28,Meter 1,1/23/2026 10:28,115.13,98.04,0,211.27,152.1,18.4,-2.77,17.01,98.7,0,211.35,114.84,14.07,3.62,13.12,96.4,0,211.1,78.45,9.6,1.26,8.96,99.02,0,211.35,42.08,2.11,39.09
1/23/2026 10:29,Meter 1,1/23/2026 10:29,118.63,97.57,0,211.18,151.83,18.36,-2.93,17.79,98.67,0,211.43,126.16,15.46,4.53,14.53,95.47,0,210.99,77.9,9.53,1.55,9.06,98.57,0,211.12,43.35,3.15,41.38
1/23/2026 10:30,Meter 1,1/23/2026 10:30,95.79,99.86,0,211.44,132.22,16,-0.06,14.49,100,0,211.72,72.53,8.91,0.7,7.84,99.61,0,211.31,82.62,10.11,0.25,9.1,99.96,0,211.29,35.02,0.88,31.44
1/23/2026 10:31,Meter 1,1/23/2026 10:31,118.71,99.17,0,211.31,151.28,18.3,-2.85,17.81,98.74,0,211.4,119.59,14.66,2.19,14.11,98.82,0,211.17,85.25,10.44,-0.35,10.14,99.94,0,211.37,43.4,-1.01,42.05
1/23/2026 10:32,Meter 1,1/23/2026 10:32,117.49,99.44,0,211.3,148.64,17.98,-2.37,16.82,99.02,0,211.23,110.8,13.58,1.41,13.21,99.43,0,211.21,93.02,11.4,0.5,10.16,99.88,0,211.44,42.95,-0.46,40.2
1/23/2026 10:33,Meter 1,1/23/2026 10:33,127.57,98.85,0,211.24,168.47,20.37,-3.38,19.04,98.46,0,211.15,125.68,15.39,2.92,14.84,98.12,0,211.13,88.54,10.85,-0.18,9.64,99.98,0,211.45,46.61,-0.63,43.52
1/23/2026 10:34,Meter 1,1/23/2026 10:34,137.8,98.13,0,211.44,178.64,21.61,-3.53,20.02,98.48,0,211.46,143.28,17.58,4.12,16.72,97.1,0,211.48,91.49,11.21,1.59,10.15,98.8,0,211.39,50.4,2.17,46.89
1/23/2026 10:35,Meter 1,1/23/2026 10:35,133.72,98.53,0,211.5,182.27,22.05,-4.6,20.31,97.53,0,211.53,133.8,16.43,3.14,15.85,98.09,0,211.59,85.07,10.43,0.23,9.41,99.97,0,211.4,48.91,-1.23,45.57
1/23/2026 10:36,Meter 1,1/23/2026 10:36,110.44,99.39,0,211.49,148.26,17.93,-2.14,16.75,99.19,0,211.58,100.29,12.32,1.27,11.69,99.42,0,211.62,82.76,10.14,-0.8,8.61,99.57,0,211.28,40.39,-1.68,37.05
1/23/2026 10:37,Meter 1,1/23/2026 10:37,91.35,98.47,0,211.61,118.37,14.33,-1.81,13.79,99.15,0,211.86,77.57,9.53,-0.84,9.01,99.57,0,211.61,78.12,9.57,-2.2,8.31,96.69,0,211.36,33.44,-4.85,31.11
1/23/2026 10:38,Meter 1,1/23/2026 10:38,116.97,99.09,0,211.57,153.86,18.62,-1.65,17.35,99.55,0,211.61,117.28,14.4,2.88,13.68,97.86,0,211.58,79.76,9.78,0.47,8.76,99.86,0,211.5,42.8,1.69,39.79
1/23/2026 10:39,Meter 1,1/23/2026 10:39,107.86,99.14,0,211.46,148.1,17.9,-1.3,16.54,99.69,0,211.49,94.41,11.59,0.79,11.14,99.75,0,211.64,81.07,9.94,-1.71,8.4,97.99,0,211.24,39.43,-2.23,36.09
1/23/2026 10:40,Meter 1,1/23/2026 10:40,100.81,98.84,0,211.71,141.67,17.14,-0.6,15.76,99.93,0,211.8,90.38,11.12,0.26,10.34,99.97,0,211.92,70.37,8.63,-1.77,6.63,96.62,0,211.4,36.89,-2.12,32.73
1/23/2026 10:41,Meter 1,1/23/2026 10:41,103.5,99.25,0,211.67,141.08,17.07,0.51,15.53,99.95,0,211.71,101.15,12.44,2.14,11.46,98.3,0,211.91,68.27,8.38,0.68,6.83,99.51,0,211.4,37.88,3.33,33.81
1/23/2026 10:42,Meter 1,1/23/2026 10:42,113.3,99.17,0,211.59,156.34,18.91,-2.8,18.39,98.86,0,211.59,117.12,14.39,1.93,14.12,99.08,0,211.77,66.45,8.15,0.7,7.56,99.58,0,211.41,41.45,-0.17,40.07
1/23/2026 10:43,Meter 1,1/23/2026 10:43,102.87,99.34,0,211.69,157.2,19.03,-2.43,18.71,99.17,0,211.69,88.42,10.87,-0.26,10.64,99.97,0,211.85,63,7.73,-1.1,7.3,98.88,0,211.52,37.63,-3.79,36.64
1/23/2026 10:44,Meter 1,1/23/2026 10:44,115.48,99.44,0,211.61,151.46,18.33,-2.17,17.68,99.25,0,211.55,106.14,13.03,1.65,12.42,99.13,0,211.7,88.83,10.9,-0.33,9.84,99.94,0,211.57,42.26,-0.85,39.95
1/23/2026 10:45,Meter 1,1/23/2026 10:45,114.81,98.98,0,211.58,157.8,19.09,-0.69,17.68,99.92,0,211.7,104.5,12.84,1.98,11.72,98.59,0,211.66,82.13,10.07,1.44,8.04,98.42,0,211.38,42,2.74,37.43
1/23/2026 10:46,Meter 1,1/23/2026 10:46,135.28,97.19,0,211.41,174.22,21.07,-3.12,20.04,98.81,0,211.57,144.71,17.77,4.58,16.86,96.51,0,211.4,86.9,10.64,2.76,9.77,96.24,0,211.25,49.48,4.21,46.67
1/23/2026 10:47,Meter 1,1/23/2026 10:47,122.25,98.31,0,211.48,152.14,18.41,-3.65,16.95,97.76,0,211.68,131.16,16.1,2.84,15.69,98.4,0,211.44,83.45,10.22,1.5,9.45,98.77,0,211.34,44.74,0.69,42.09
1/23/2026 10:48,Meter 1,1/23/2026 10:48,105.3,98.93,0,211.53,130.38,15.77,-1.53,14.71,99.46,0,211.59,109.81,13.49,2.11,12.99,98.71,0,211.62,75.72,9.28,1.48,8.82,98.62,0,211.38,38.54,2.06,36.52
1/23/2026 10:49,Meter 1,1/23/2026 10:49,120.16,98.82,0,211.51,163.5,19.77,-3.16,18.43,98.56,0,211.35,118.08,14.49,2.88,13.9,97.92,0,211.73,78.9,9.68,-0.17,8.32,99.98,0,211.45,43.94,-0.45,40.66
1/23/2026 10:50,Meter 1,1/23/2026 10:50,114.84,98.87,0,211.5,168.06,20.32,-2.38,19.29,99.25,0,211.24,105.15,12.9,1.49,12.41,99.29,0,211.69,71.32,8.76,-1.35,6.75,98.07,0,211.56,41.97,-2.23,38.46
1/23/2026 10:51,Meter 1,1/23/2026 10:51,110.72,98.92,0,211.49,149.2,18.03,-1.06,17.14,99.81,0,211.41,108.31,13.3,2.73,12.68,97.75,0,211.77,74.65,9.16,1.08,8.49,99.2,0,211.29,40.49,2.75,38.31
1/23/2026 10:52,Meter 1,1/23/2026 10:52,109.19,98.9,0,211.53,141.02,17.06,-1.28,16.23,99.69,0,211.43,112.66,13.83,3.08,13.05,97.33,0,211.6,73.88,9.06,0.7,8.59,99.67,0,211.56,39.95,2.49,37.87
1/23/2026 10:53,Meter 1,1/23/2026 10:53,110.06,99.38,0,211.69,137.49,16.67,-2.22,14.93,98.91,0,211.7,105.24,12.92,1.54,12.53,99.25,0,211.51,87.45,10.73,-0.25,9.76,99.97,0,211.86,40.32,-0.93,37.22
1/23/2026 10:54,Meter 1,1/23/2026 10:54,95.19,99.91,0,211.72,128.98,15.62,-0.45,14.34,99.95,0,211.85,85.84,10.55,0.63,9.79,99.79,0,211.73,70.75,8.68,-0.13,7.6,99.98,0,211.59,34.85,0.04,31.72
1/23/2026 10:55,Meter 1,1/23/2026 10:55,97.61,99.81,0,211.72,131.15,15.88,-0.23,14.45,99.99,0,211.96,86.07,10.59,0.95,9.87,99.54,0,211.75,75.61,9.27,0.4,8.44,99.89,0,211.44,35.74,1.11,32.75
1/23/2026 10:56,Meter 1,1/23/2026 10:56,104.63,99.09,0,211.63,138.47,16.74,-3.31,16.21,97.98,0,211.58,92.88,11.41,-0.09,11.19,100,0,211.9,82.56,10.13,-1.16,9.78,99.3,0,211.4,38.29,-4.57,37.18
1/23/2026 10:57,Meter 1,1/23/2026 10:57,107.56,99.25,0,211.59,143,17.29,-3.03,15.75,98.2,0,211.39,96.53,11.86,0.95,11.41,99.65,0,211.91,83.15,10.21,-0.4,9.14,99.9,0,211.47,39.35,-2.48,36.3
1/23/2026 10:58,Meter 1,1/23/2026 10:58,115.02,98.81,0,211.54,153.47,18.56,-4.01,16.93,97.31,0,211.34,113.33,13.91,1.66,13.5,99.25,0,211.7,78.27,9.61,-0.44,8.24,99.86,0,211.58,42.08,-2.78,38.67
1/23/2026 10:59,Meter 1,1/23/2026 10:59,115.25,99.06,0,211.56,151.04,18.27,-3.28,16.58,98.1,0,211.28,114.33,14.03,1.83,13.64,99.12,0,211.71,80.38,9.87,-0.17,7.97,99.98,0,211.69,42.17,-1.63,38.19
1/23/2026 11:00,Meter 1,1/23/2026 11:00,130.38,96.57,0,211.32,177.99,21.48,-1.03,21.34,99.88,0,210.99,142.81,17.51,6.47,16.12,92.8,0,211.65,70.36,8.63,2.04,8.15,97.02,0,211.31,47.63,7.47,45.61
1/23/2026 11:01,Meter 1,1/23/2026 11:01,113.93,99.02,0,211.53,149.72,18.11,-1.77,16.71,99.44,0,211.58,112.55,13.82,2.46,12.98,98.26,0,211.65,79.52,9.75,-0.94,8.19,99.35,0,211.36,41.68,-0.25,37.87
1/23/2026 11:02,Meter 1,1/23/2026 11:02,112.08,97.44,0,211.45,147.1,17.78,-4.46,16.92,96.7,0,211.31,116.15,14.25,2.26,13.88,98.7,0,211.68,72.97,8.95,-1.99,7.82,96.92,0,211.36,40.98,-4.18,38.63
1/23/2026 11:03,Meter 1,1/23/2026 11:03,110.32,98.06,0,211.47,129.98,15.71,-2.22,14.14,98.79,0,211.57,123.94,15.23,4.34,14.37,95.73,0,211.66,77.05,9.44,0.7,8.47,99.66,0,211.19,40.38,2.82,36.98
1/23/2026 11:04,Meter 1,1/23/2026 11:04,90.36,99.34,0,211.59,112.23,13.58,-1.43,12.07,99.31,0,211.86,100.79,12.39,1.84,12.09,98.86,0,211.62,58.08,7.12,0.34,6.16,99.85,0,211.3,33.09,0.75,30.33
1/23/2026 11:05,Meter 1,1/23/2026 11:05,102.32,97.78,0,211.58,122.42,14.8,0.18,14.49,99.99,0,211.65,115.43,14.19,4.02,13.42,95.8,0,211.82,69.1,8.47,1.81,8.03,97.56,0,211.28,37.47,6.01,35.94
1/23/2026 11:06,Meter 1,1/23/2026 11:06,102.34,97.7,0,211.64,126,15.22,0.97,14.85,99.79,0,211.67,106.24,13.07,3.19,12.44,96.86,0,212.06,74.78,9.17,2.36,8.61,96.44,0,211.17,37.47,6.52,35.9
1/23/2026 11:07,Meter 1,1/23/2026 11:07,85.46,98.93,0,211.74,117.42,14.19,-0.88,12.76,99.76,0,211.89,73.36,9.04,-0.48,8.46,99.84,0,212.18,65.6,8.05,-1.56,6.42,97.17,0,211.14,31.28,-2.91,27.63
1/23/2026 11:08,Meter 1,1/23/2026 11:08,92.8,99.96,0,211.61,129.57,15.66,0.12,14.33,100,0,211.82,78.94,9.72,0.43,8.97,99.88,0,212.01,69.89,8.57,0.06,7.31,100,0,211.01,33.94,0.61,30.61
1/23/2026 11:09,Meter 1,1/23/2026 11:09,103.05,99.53,0,211.67,133.57,16.17,-2.14,14.39,98.91,0,211.76,103.11,12.68,0.97,12.22,99.69,0,211.81,72.46,8.89,0.04,7.71,100,0,211.43,37.73,-1.12,34.32
1/23/2026 11:10,Meter 1,1/23/2026 11:10,93.92,99.87,0,211.63,125.8,15.22,-1.13,14.55,99.7,0,211.57,84.24,10.35,0.38,9.77,99.92,0,211.89,71.72,8.8,0.16,7.75,99.98,0,211.42,34.37,-0.59,32.07
1/23/2026 11:11,Meter 1,1/23/2026 11:11,102.03,98.89,0,211.72,119.53,14.48,-1.99,12.94,98.83,0,211.67,114.41,14.06,2.87,13.55,97.83,0,211.81,72.15,8.86,0,7.66,100,0,211.68,37.39,0.88,34.15
1/23/2026 11:12,Meter 1,1/23/2026 11:12,104.69,98.12,0,211.74,120.63,14.61,-3.77,12.86,95.96,0,211.59,115.81,14.22,2.38,13.57,98.5,0,211.77,77.62,9.54,-0.4,8.78,99.89,0,211.85,38.37,-1.79,35.21
1/23/2026 11:13,Meter 1,1/23/2026 11:13,87.15,99.69,0,211.77,104.28,12.64,-0.41,11.37,99.93,0,212,81.54,10.03,1.17,9.41,99.24,0,211.76,75.64,9.28,0.38,8.75,99.91,0,211.53,31.94,1.14,29.53
1/23/2026 11:14,Meter 1,1/23/2026 11:14,107.26,99.26,0,211.78,136.11,16.49,-2.44,15.78,98.83,0,211.81,107.78,13.25,1.54,12.85,99.29,0,211.85,77.89,9.56,-0.7,8.48,99.66,0,211.67,39.3,-1.6,37.12
1/23/2026 11:15,Meter 1,1/23/2026 11:15,85.15,99.07,0,211.94,95.51,11.58,-1.83,10.4,98.49,0,212.12,85.24,10.49,-0.37,10.06,99.93,0,212.02,74.71,9.17,-1.16,7.35,98.78,0,211.68,31.24,-3.35,27.81
1/23/2026 11:16,Meter 1,1/23/2026 11:16,69.43,97.35,0,211.76,77.16,9.34,-1.14,7.45,98.85,0,211.95,78.46,9.65,1.86,9.25,98.04,0,211.87,52.69,6.46,1.58,4.89,95.16,0,211.46,25.46,2.3,21.6
1/23/2026 11:17,Meter 1,1/23/2026 11:17,52.22,97.23,0,211.82,48.83,5.92,-0.16,5.41,99.95,0,212.07,65.82,8.1,1.32,7.78,98.6,0,211.8,42,5.15,1.73,4.44,93.15,0,211.59,19.17,2.89,17.63
1/23/2026 11:18,Meter 1,1/23/2026 11:18,86.32,98.43,0,211.63,97.89,11.85,0.08,11.13,100,0,211.68,86.89,10.68,1.58,10.23,98.84,0,211.8,74.18,9.1,2.34,8.58,96.46,0,211.4,31.62,4,29.94
1/23/2026 11:19,Meter 1,1/23/2026 11:19,95.33,98.04,0,211.56,104.44,12.64,-0.05,12.03,100,0,211.52,98.65,12.11,2.48,11.6,97.79,0,211.65,82.91,10.17,2.66,9.57,96.34,0,211.5,34.92,5.1,33.2
1/23/2026 11:20,Meter 1,1/23/2026 11:20,106.3,98.06,0,211.54,135.87,16.44,-2.23,15.16,98.93,0,211.28,107.81,13.22,3.17,12.61,96.98,0,211.69,75.22,9.24,1.46,7.79,98.28,0,211.65,38.9,2.4,35.56
1/23/2026 11:21,Meter 1,1/23/2026 11:21,101.51,99.21,0,211.76,120.53,14.59,-2.51,12.8,98.13,0,211.59,106.03,13.02,1.23,12.57,99.52,0,211.94,77.99,9.58,-0.2,8.37,99.97,0,211.76,37.2,-1.48,33.73
1/23/2026 11:22,Meter 1,1/23/2026 11:22,90.12,97.77,0,211.75,102.97,12.46,-2.62,10.95,97.26,0,211.43,92.07,11.31,-0.2,10.83,99.98,0,212.02,75.31,9.26,-1.99,6.9,96.08,0,211.81,33.03,-4.81,28.69
1/23/2026 11:23,Meter 1,1/23/2026 11:23,77.09,98.2,0,211.69,89.43,10.82,-2.03,7.84,96.81,0,211.51,85.61,10.52,1.1,10.03,99.4,0,212,56.23,6.91,-0.91,4.98,98.39,0,211.55,28.24,-1.83,22.85
1/23/2026 11:24,Meter 1,1/23/2026 11:24,74.02,97.78,0,211.78,86.93,10.52,-1.59,6.49,97.13,0,211.7,82.5,10.14,1.14,9.5,99.29,0,212.05,52.63,6.46,-1.02,4.01,96.92,0,211.58,27.13,-1.47,20.01
1/23/2026 11:25,Meter 1,1/23/2026 11:25,82.23,96.31,0,211.79,87.22,10.56,-2.52,8.05,95.44,0,211.83,87.09,10.71,-0.54,10.15,99.86,0,211.94,72.37,8.89,-2.33,6.23,93.63,0,211.6,30.16,-5.39,24.43
1/23/2026 11:26,Meter 1,1/23/2026 11:26,78.06,96.79,0,211.65,89.67,10.85,-2.62,8.21,95.29,0,211.62,80.18,9.86,-0.16,9.32,99.99,0,211.92,64.32,7.89,-1.68,5.17,95.11,0,211.41,28.6,-4.46,22.71
1/23/2026 11:27,Meter 1,1/23/2026 11:27,97.46,99.48,0,211.51,122.78,14.84,-1.64,13.05,99.22,0,211.3,99.75,12.24,1.31,11.69,99.38,0,211.8,69.84,8.57,0.42,7.56,99.84,0,211.44,35.66,0.08,32.3
1/23/2026 11:28,Meter 1,1/23/2026 11:28,80.2,96.69,0,211.55,88.65,10.71,-1.26,8.32,98.86,0,211.47,75.09,9.23,2.28,8.7,96.74,0,212.03,76.86,9.43,2.75,7.92,94.48,0,211.14,29.37,3.76,24.94
1/23/2026 11:29,Meter 1,1/23/2026 11:29,76.72,98.78,0,211.64,78.84,9.53,-0.88,6.18,99.01,0,211.46,69.44,8.53,1.33,8.01,98.66,0,212.09,81.87,10.06,1.48,8.95,98.66,0,211.38,28.12,1.93,23.14
1/23/2026 11:30,Meter 1,1/23/2026 11:30,63.2,97.56,0,211.86,72.56,8.78,-2.49,7.78,95.23,0,211.78,55.36,6.81,-0.48,6.5,99.73,0,212.2,61.67,7.58,-1.53,7.07,97.73,0,211.61,23.17,-4.51,21.35
1/23/2026 11:31,Meter 1,1/23/2026 11:31,65.4,98.32,0,211.64,78.68,9.51,-0.5,6.99,99.74,0,211.52,59.49,7.32,1.28,6.68,98.21,0,212.13,58.04,7.13,1.57,6.26,97,0,211.27,23.95,2.35,19.93
1/23/2026 11:32,Meter 1,1/23/2026 11:32,63.65,99.06,0,211.71,64.97,7.85,-0.72,6.63,99.42,0,211.56,69.31,8.53,0.99,8.22,99.28,0,212.21,56.67,6.96,1.04,5.88,98.49,0,211.36,23.34,1.31,20.73
1/23/2026 11:33,Meter 1,1/23/2026 11:33,72.6,98,0,211.52,87.57,10.57,0.07,10.32,100,0,211.4,75.32,9.26,1.98,8.84,97.59,0,212,54.9,6.74,1.72,6.22,96.4,0,211.16,26.57,3.77,25.38
1/23/2026 11:34,Meter 1,1/23/2026 11:34,77.27,98.62,0,211.48,92.26,11.14,-1.61,8.48,98.24,0,211.37,84.16,10.34,1.73,9.72,98.45,0,211.95,55.4,6.8,0.75,5.76,99.16,0,211.13,28.28,0.87,23.96
1/23/2026 11:35,Meter 1,1/23/2026 11:35,82.19,96.68,0,211.64,91.92,11.11,-3.22,10.23,95.38,0,211.57,86.05,10.58,-0.14,10.29,99.99,0,212.06,68.6,8.42,-2.51,7.38,94.68,0,211.29,30.11,-5.87,27.89
1/23/2026 11:36,Meter 1,1/23/2026 11:36,89.24,99.29,0,211.39,104.36,12.59,-1.43,11.01,99.17,0,211.35,85.7,10.53,1.59,10.03,98.77,0,211.93,77.66,9.52,0.3,8.81,99.94,0,210.89,32.64,0.46,29.85
1/23/2026 11:37,Meter 1,1/23/2026 11:37,101.95,98.63,0,211.36,118.57,14.32,-2.93,13.65,97.77,0,211.16,102.68,12.59,1.81,12.14,98.9,0,211.65,84.61,10.38,-1.19,9.38,99.21,0,211.28,37.29,-2.31,35.17
1/23/2026 11:38,Meter 1,1/23/2026 11:38,82.31,96.2,0,211.49,100.04,12.1,-3.38,9.87,94.6,0,211.33,88.19,10.82,1.87,10.3,98.39,0,211.65,58.7,7.2,-1.6,5.19,95.59,0,211.48,30.12,-3.11,25.36
1/23/2026 11:39,Meter 1,1/23/2026 11:39,85.59,98.48,0,211.54,107.07,12.95,-2.02,12.53,98.73,0,211.33,77.63,9.53,-0.78,9.13,99.64,0,211.78,72.05,8.85,-2.01,8.14,97.08,0,211.51,31.32,-4.81,29.8
1/23/2026 11:40,Meter 1,1/23/2026 11:40,76.23,96.43,0,211.74,84.34,10.21,-3.19,9.01,94.26,0,211.8,73.5,9.04,-1.1,8.65,99.19,0,211.86,70.86,8.7,-2.37,7.96,95.85,0,211.56,27.95,-6.66,25.62
1/23/2026 11:41,Meter 1,1/23/2026 11:41,66.48,94.34,0,211.48,63.2,7.65,-2.06,6.98,95.9,0,211.47,86.26,10.58,2.94,9.9,95.87,0,211.49,49.99,6.13,2.37,5.29,91.25,0,211.49,24.36,3.25,22.17
1/23/2026 11:42,Meter 1,1/23/2026 11:42,85.18,97.92,0,211.57,96.5,11.68,-2.63,8.09,95.1,0,211.73,85.61,10.52,1.21,9.96,99.28,0,211.61,73.44,9,-0.72,6.4,99.37,0,211.37,31.2,-2.14,24.45
1/23/2026 11:43,Meter 1,1/23/2026 11:43,77.51,96.31,0,211.41,81.8,9.89,-2.28,8.67,96.71,0,211.49,96.59,11.86,3.39,11.08,95.61,0,211.61,54.15,6.63,1.48,5.54,96.61,0,211.13,28.38,2.59,25.29
1/23/2026 11:44,Meter 1,1/23/2026 11:44,96.99,98.75,0,211.46,107.62,13.01,-2.61,12.38,97.86,0,211.31,92.18,11.31,1.83,10.77,98.58,0,211.74,91.18,11.19,-0.68,10.71,99.8,0,211.34,35.51,-1.45,33.85
1/23/2026 11:45,Meter 1,1/23/2026 11:45,82.11,96.58,0,211.26,98.29,11.87,-1.92,11.28,98.58,0,211.3,83.85,10.29,3.44,9.48,94,0,211.46,64.19,7.86,1.79,7.36,97.16,0,211.02,30.02,3.32,28.12
1/23/2026 11:46,Meter 1,1/23/2026 11:46,106.3,98.09,0,211.33,135.48,16.36,-2.58,14.97,98.55,0,211.02,99.83,12.24,3.33,11.31,95.92,0,211.63,83.59,10.26,0.58,9.48,99.81,0,211.33,38.85,1.34,35.75
1/23/2026 11:47,Meter 1,1/23/2026 11:47,76.82,98.74,0,211.57,98.48,11.92,-1.38,9.8,99.03,0,211.59,68.28,8.39,1.79,7.84,97.5,0,211.67,63.72,7.82,0.47,6.09,99.7,0,211.45,28.12,0.88,23.73
1/23/2026 11:48,Meter 1,1/23/2026 11:48,89.98,98.73,0,211.5,107.24,12.96,-2.26,12.03,98.28,0,211.33,86.68,10.64,1.6,10.19,98.79,0,211.76,76.03,9.33,-0.99,7.49,99.13,0,211.42,32.93,-1.66,29.72
1/23/2026 11:49,Meter 1,1/23/2026 11:49,87.99,98.72,0,211.49,109.48,13.23,-1.42,10.87,99.16,0,211.33,94.35,11.58,2.59,11.09,97.39,0,211.78,60.15,7.38,0.55,6.16,99.6,0,211.37,32.2,1.72,28.12
1/23/2026 11:50,Meter 1,1/23/2026 11:50,80.88,99.51,0,211.5,93.39,11.28,-1.04,9.2,99.37,0,211.43,84.94,10.44,1.3,10.1,99.18,0,211.88,64.29,7.89,-0.08,6.69,99.99,0,211.19,29.61,0.18,25.99
1/23/2026 11:51,Meter 1,1/23/2026 11:51,78.85,99.46,0,211.5,93.74,11.33,-1.34,9.69,99.06,0,211.53,78.39,9.63,0.98,9.04,99.42,0,211.7,64.43,7.9,0.32,6.99,99.9,0,211.27,28.86,-0.04,25.73
1/23/2026 11:52,Meter 1,1/23/2026 11:52,101.85,97.9,0,211.39,128.11,15.48,-2.81,13.45,97.89,0,211.32,104.57,12.83,2.77,11.86,97.38,0,211.6,72.86,8.93,1.42,7.91,98.42,0,211.27,37.25,1.38,33.22
1/23/2026 11:53,Meter 1,1/23/2026 11:53,75.3,99.89,0,211.47,90.41,10.94,-0.37,8.99,99.91,0,211.5,67.07,8.23,0.28,7.33,99.93,0,211.55,68.42,8.39,0.42,7.42,99.84,0,211.35,27.56,0.33,23.74
1/23/2026 11:54,Meter 1,1/23/2026 11:54,97.19,99.42,0,211.29,113.89,13.77,-1.18,12.72,99.57,0,211.49,89.55,10.99,1.25,10.73,99.33,0,211.28,88.13,10.79,1.14,10.12,99.37,0,211.11,35.54,1.21,33.58
1/23/2026 11:55,Meter 1,1/23/2026 11:55,89.12,99.82,0,211.38,112.05,13.56,-0.34,11.24,99.95,0,211.47,71.24,8.74,0.15,7.72,99.98,0,211.3,84.08,10.3,0.93,9.47,99.52,0,211.37,32.59,0.73,28.43
1/23/2026 11:56,Meter 1,1/23/2026 11:56,87.67,99.12,0,211.37,107.22,12.98,-2.36,11.58,97.98,0,211.51,91.19,11.18,0.9,10.9,99.66,0,211.09,64.61,7.91,-0.51,6.86,99.73,0,211.49,32.07,-1.97,29.34
1/23/2026 11:57,Meter 1,1/23/2026 11:57,87.1,99.3,0,211.41,106.02,12.83,-2.05,11.12,98.35,0,211.65,82.9,10.17,0.23,9.46,99.97,0,211.26,72.38,8.86,-0.68,7.37,99.57,0,211.31,31.87,-2.5,27.95
1/23/2026 11:58,Meter 1,1/23/2026 11:58,116.08,97.84,0,211.22,144.91,17.52,-1.57,15.91,99.52,0,211.33,123.16,15.1,4.23,14.23,95.86,0,211.19,80.17,9.81,1.63,8.35,98.15,0,211.15,42.43,4.29,38.5
1/23/2026 11:59,Meter 1,1/23/2026 11:59,101.14,97.98,0,211.3,130.29,15.73,-1.11,14.17,99.69,0,211.11,100.93,12.38,3.85,11.31,94.67,0,211.6,72.19,8.85,0.71,7.77,99.58,0,211.2,36.96,3.45,33.24
1/23/2026 12:00,Meter 1,1/23/2026 12:00,100.34,97.57,0,211.32,121.96,14.74,-0.72,12.67,99.84,0,211.4,100.95,12.39,3.72,11.49,95.15,0,211.44,78.11,9.57,1.79,8.27,97.74,0,211.13,36.69,4.78,32.43
1/23/2026 12:01,Meter 1,1/23/2026 12:01,77.25,98.46,0,211.51,95.7,11.57,-2.32,10.44,97.63,0,211.41,70.59,8.67,0.63,8.01,99.69,0,211.75,65.47,8.03,-1.34,6.69,98.07,0,211.35,28.27,-3.02,25.15
1/23/2026 12:02,Meter 1,1/23/2026 12:02,81.06,96.94,0,211.37,103.12,12.46,-3.39,11.64,96.02,0,211.2,72.91,8.94,0.88,8.51,99.47,0,211.52,67.16,8.24,-2.37,7.48,95.32,0,211.39,29.64,-4.88,27.64
1/23/2026 12:03,Meter 1,1/23/2026 12:03,95.61,98.87,0,211.31,120.84,14.6,-2.95,12.53,97.34,0,211.25,82.63,10.14,0.96,9.66,99.51,0,211.5,83.35,10.21,-0.65,9.07,99.75,0,211.17,34.95,-2.64,31.25
1/23/2026 12:04,Meter 1,1/23/2026 12:04,102.55,99.56,0,211.2,139.78,16.88,-1.71,15.26,99.38,0,211.15,85.35,10.46,1.14,9.82,99.33,0,211.33,82.52,10.11,0.16,8.94,99.98,0,211.14,37.45,-0.4,34.01
1/23/2026 12:05,Meter 1,1/23/2026 12:05,89.16,99.47,0,211.35,109.49,13.24,-1.87,11.1,98.62,0,211.06,74.17,9.08,-0.41,8.46,99.88,0,211.41,83.81,10.28,0.4,8.76,99.9,0,211.6,32.61,-1.87,28.33
1/23/2026 12:06,Meter 1,1/23/2026 12:06,101.7,97.63,0,211.36,116.72,14.13,-4.11,12.46,94.95,0,211.06,112.96,13.83,2.6,13.31,98.14,0,211.24,75.42,9.25,-0.48,7.43,99.79,0,211.8,37.21,-2,33.2
1/23/2026 12:07,Meter 1,1/23/2026 12:07,75.81,99.4,0,211.4,81.88,9.9,-0.96,8.08,99.3,0,211.32,78.89,9.68,0.97,9.07,99.44,0,211.45,66.65,8.17,0.77,7.44,99.47,0,211.41,27.75,0.78,24.59
1/23/2026 12:08,Meter 1,1/23/2026 12:08,102.57,98.08,0,211.28,121.11,14.63,-2.43,12.78,98.24,0,211,114.9,14.09,3.52,13.48,96.75,0,211.39,71.7,8.79,0.88,7.11,99.24,0,211.44,37.5,1.97,33.37
1/23/2026 12:09,Meter 1,1/23/2026 12:09,85.12,98.5,0,211.42,97.64,11.8,-2.53,10.02,96.96,0,211.14,91.01,11.17,1.05,10.64,99.52,0,211.64,66.72,8.18,-0.95,6.81,99.03,0,211.48,31.15,-2.43,27.47
1/23/2026 12:10,Meter 1,1/23/2026 12:10,118.08,96.67,0,211.23,140.3,16.94,-5.73,15.17,93.55,0,210.93,131.68,16.14,3.86,15.43,97.01,0,211.33,82.24,10.08,-0.89,8.5,99.45,0,211.44,43.16,-2.76,39.1
1/23/2026 12:11,Meter 1,1/23/2026 12:11,96.22,97.62,0,211.26,115.07,13.89,-3.2,12.58,96.9,0,210.96,105.45,12.93,3.18,12.27,96.8,0,211.45,68.14,8.35,0.97,7.37,99.14,0,211.36,35.18,0.94,32.21
1/23/2026 12:12,Meter 1,1/23/2026 12:12,81.07,97.09,0,211.23,87.59,10.57,-0.59,10.36,99.84,0,210.96,93.23,11.44,3.67,10.67,94.57,0,211.52,62.39,7.64,1.84,7.15,96.85,0,211.21,29.65,4.92,28.19
1/23/2026 12:13,Meter 1,1/23/2026 12:13,92.33,98.86,0,211.37,105.56,12.74,-0.64,11.04,99.83,0,211.15,74,9.09,1.77,8.71,97.99,0,211.85,97.43,11.95,1.75,11.07,98.77,0,211.11,33.77,2.88,30.82
1/23/2026 12:14,Meter 1,1/23/2026 12:14,75.24,98.59,0,211.51,94.2,11.38,-2.27,9.01,96.97,0,211.24,61.25,7.52,-0.24,6.84,99.94,0,211.83,70.26,8.62,-1.08,7.16,98.87,0,211.47,27.53,-3.6,23.01
1/23/2026 12:15,Meter 1,1/23/2026 12:15,73.86,99.62,0,211.51,98.97,11.96,-1.26,11.05,99.35,0,211.4,62.69,7.7,0.42,7.2,99.83,0,211.74,59.92,7.35,-0.55,6.68,99.67,0,211.39,27.01,-1.38,24.93
1/23/2026 12:16,Meter 1,1/23/2026 12:16,83.89,99.19,0,211.49,117.76,14.23,-0.36,12.3,99.96,0,211.3,67.97,8.35,1.58,7.96,98.09,0,211.84,65.93,8.09,0.73,7.35,99.52,0,211.32,30.66,1.95,27.62
1/23/2026 12:17,Meter 1,1/23/2026 12:17,99.94,98.62,0,211.43,141.13,17.05,-3.31,15.61,97.82,0,211.19,88.52,10.86,1.85,10.47,98.47,0,211.67,70.17,8.61,-0.67,7.21,99.57,0,211.44,36.52,-2.13,33.28
1/23/2026 12:18,Meter 1,1/23/2026 12:18,108.83,97.88,0,211.35,137.96,16.68,-2.52,16.24,98.81,0,211.19,121.16,14.86,3.87,14.24,96.51,0,211.43,67.36,8.26,1.44,7.8,98.33,0,211.44,39.79,2.79,38.29
1/23/2026 12:19,Meter 1,1/23/2026 12:19,91.15,98.54,0,211.67,120.46,14.59,-2.46,12.3,98.06,0,211.65,79.88,9.81,0,8.88,100,0,211.61,73.1,8.97,-1.71,7.61,97.56,0,211.74,33.37,-4.17,28.79
1/23/2026 12:20,Meter 1,1/23/2026 12:20,97.08,98.68,0,211.68,125.47,15.2,-2.54,13.29,98.22,0,211.61,97.48,11.97,1.8,11.4,98.78,0,211.66,68.3,8.38,-0.91,6.49,99.03,0,211.78,35.55,-1.65,31.18
1/23/2026 12:21,Meter 1,1/23/2026 12:21,90.25,98.76,0,211.76,107.26,13,-2.09,10.88,98.2,0,211.7,90.6,11.13,1.52,10.68,99,0,211.68,72.9,8.95,-0.9,6.65,99.09,0,211.91,33.08,-1.47,28.22
1/23/2026 12:22,Meter 1,1/23/2026 12:22,100.68,98.43,0,211.67,118.16,14.31,-2.89,12.36,97.38,0,211.56,101.56,12.47,1.98,12.01,98.67,0,211.69,82.32,10.1,-1.06,8.59,99.25,0,211.74,36.88,-1.97,32.95
1/23/2026 12:23,Meter 1,1/23/2026 12:23,100.67,98.98,0,211.48,136.04,16.45,-2.3,15.12,98.86,0,211.47,90.94,11.17,1.76,10.64,98.66,0,211.59,75.03,9.2,-0.87,7.95,99.41,0,211.38,36.82,-1.41,33.7
1/23/2026 12:24,Meter 1,1/23/2026 12:24,74.1,97.65,0,211.72,90.45,10.94,-2.24,10.42,97.76,0,211.82,72.48,8.92,-0.57,8.55,99.78,0,211.96,59.37,7.28,-1.98,6.31,95.4,0,211.38,27.15,-4.79,25.28
1/23/2026 12:25,Meter 1,1/23/2026 12:25,82.18,99.55,0,211.54,104.01,12.57,-1.19,10.13,99.31,0,211.5,76.78,9.44,0.95,8.83,99.43,0,211.78,65.76,8.06,0.3,7.24,99.91,0,211.34,30.07,0.05,26.19
1/23/2026 12:26,Meter 1,1/23/2026 12:26,84.65,98.15,0,211.44,103.44,12.51,-3.14,11.68,96.57,0,211.37,80.81,9.92,1.44,9.5,98.87,0,211.49,69.7,8.55,-1.08,7.58,99.01,0,211.47,30.97,-2.77,28.76
1/23/2026 12:27,Meter 1,1/23/2026 12:27,89.42,99.16,0,211.51,107.33,12.98,-2.36,10.7,97.65,0,211.48,77.9,9.57,0.05,8.89,100,0,211.69,83.05,10.18,0.54,9.34,99.83,0,211.35,32.73,-1.77,28.93
1/23/2026 12:28,Meter 1,1/23/2026 12:28,83.04,97.88,0,211.44,92.19,11.14,0.92,9.87,99.57,0,211.62,70.51,8.67,1.23,8.22,98.9,0,211.7,86.42,10.58,3.17,9.82,95.16,0,211.01,30.39,5.31,27.9
1/23/2026 12:29,Meter 1,1/23/2026 12:29,84.67,99.6,0,211.52,118.75,14.35,-0.95,12.58,99.72,0,211.48,55.96,6.88,-0.59,5.84,99.5,0,211.81,79.3,9.72,0.8,8.56,99.57,0,211.27,30.95,-0.73,26.98
1/23/2026 12:30,Meter 1,1/23/2026 12:30,82.99,98.46,0,211.42,114.77,13.86,-0.09,12.42,100,0,211.46,62.93,7.73,0.94,6.96,99.1,0,211.68,71.25,8.73,2.26,8.05,96.29,0,211.12,30.33,3.11,27.43
1/23/2026 12:31,Meter 1,1/23/2026 12:31,85.88,98.91,0,211.35,125.7,15.17,-1.06,13.89,99.71,0,211.41,68.32,8.4,1.36,7.74,98.49,0,211.7,63.63,7.79,1.25,7.18,98.52,0,210.95,31.36,1.55,28.8
1/23/2026 12:32,Meter 1,1/23/2026 12:32,85.74,99.81,0,211.45,116.99,14.14,-1.24,12.07,99.47,0,211.58,60.55,7.44,0.11,6.44,99.99,0,211.66,79.68,9.76,-0.18,8.75,99.98,0,211.12,31.34,-1.31,27.26
1/23/2026 12:33,Meter 1,1/23/2026 12:33,92.78,98.09,0,211.41,121.08,14.63,-3.59,13.24,96.5,0,211.61,81.84,10.06,1.93,9.39,97.94,0,211.5,75.43,9.23,-0.48,8.21,99.83,0,211.11,33.93,-2.14,30.84
1/23/2026 12:34,Meter 1,1/23/2026 12:34,108.6,98.34,0,211.06,138.33,16.7,-3.25,13.83,97.35,0,211.09,112.86,13.83,2.85,12.97,97.67,0,211.01,74.6,9.12,0.09,7.63,99.99,0,211.07,39.66,-0.31,34.43
1/23/2026 12:35,Meter 1,1/23/2026 12:35,78.91,99.1,0,211.44,100.2,12.12,-0.31,11.97,99.97,0,211.44,79.36,9.74,1.91,9.4,97.99,0,211.48,57.17,7,0.78,6.7,99.34,0,211.39,28.87,2.38,28.07
1/23/2026 12:36,Meter 1,1/23/2026 12:36,85.07,99.28,0,211.55,115.14,13.91,-2.03,11.68,98.52,0,211.32,81.82,10.05,0.85,9.07,99.56,0,211.85,58.26,7.15,-0.43,6.22,99.76,0,211.49,31.12,-1.61,26.96
1/23/2026 12:37,Meter 1,1/23/2026 12:37,83.5,99.24,0,211.66,104.86,12.69,-1.88,10.69,98.49,0,211.59,77.26,9.49,-0.29,8.26,99.94,0,211.77,68.38,8.39,-0.84,7.02,99.3,0,211.63,30.58,-3.01,25.98
1/23/2026 12:38,Meter 1,1/23/2026 12:38,76.26,99.36,0,211.61,97.68,11.82,-0.52,9.47,99.85,0,211.77,62.46,7.68,-1.2,6.31,98.25,0,211.67,68.64,8.41,0.07,7.29,99.99,0,211.4,27.91,-1.64,23.08
1/23/2026 12:39,Meter 1,1/23/2026 12:39,81.23,98.99,0,211.7,99.72,12.08,-2.33,10.34,97.55,0,211.87,73.91,9.09,-0.74,8.25,99.6,0,211.65,70.07,8.59,-0.46,7.56,99.81,0,211.57,29.76,-3.53,26.15
1/23/2026 12:40,Meter 1,1/23/2026 12:40,88.53,98.97,0,211.56,114.42,13.84,-0.58,12.32,99.89,0,211.63,76.17,9.36,0.85,8.52,99.5,0,211.63,75,9.19,1.92,8.45,97.5,0,211.42,32.4,2.2,29.29
1/23/2026 12:41,Meter 1,1/23/2026 12:41,93.27,99.03,0,211.43,120.25,14.53,0.39,12.74,99.95,0,211.58,68.42,8.41,0.44,7.74,99.84,0,211.61,91.14,11.16,2.47,10.4,97.29,0,211.09,34.1,3.31,30.87
1/23/2026 12:42,Meter 1,1/23/2026 12:42,95.76,98.59,0,211.4,114.33,13.82,-1.88,12.37,98.86,0,211.29,92.43,11.34,2.11,10.61,98.09,0,211.54,80.52,9.87,1.46,9.35,98.81,0,211.36,35.03,1.68,32.33
1/23/2026 12:43,Meter 1,1/23/2026 12:43,93.06,98.46,0,211.47,116.11,14.02,-3.15,12.63,97.02,0,211.06,90.88,11.15,1.08,10.67,99.49,0,211.83,72.2,8.87,-1.1,7.23,98.86,0,211.52,34.04,-3.17,30.53
1/23/2026 12:44,Meter 1,1/23/2026 12:44,88.3,98.03,0,211.33,105.47,12.74,0.38,10.39,99.93,0,211.42,86.74,10.65,2.32,9.82,97.33,0,211.51,72.69,8.9,2.07,8.04,96.83,0,211.07,32.29,4.77,28.25
1/23/2026 12:45,Meter 1,1/23/2026 12:45,76.43,99.63,0,211.39,95,11.48,-1.26,9.84,99.19,0,211.37,59.2,7.27,-0.39,6.31,99.81,0,211.62,75.08,9.2,-0.4,7.89,99.87,0,211.19,27.95,-2.04,24.03
1/23/2026 12:46,Meter 1,1/23/2026 12:46,93.23,99.74,0,211.39,122.09,14.75,-1.12,12.56,99.6,0,211.52,71.97,8.84,0.61,8.19,99.73,0,211.58,85.61,10.48,0.38,8.73,99.9,0,211.06,34.08,-0.13,29.48
1/23/2026 12:47,Meter 1,1/23/2026 12:47,79.58,99.83,0,211.37,115.3,13.93,0.97,12.02,99.68,0,211.53,53.94,6.63,0.32,5.44,99.83,0,211.46,69.49,8.51,0,7.34,100,0,211.14,29.07,1.29,24.8
1/23/2026 12:48,Meter 1,1/23/2026 12:48,80.6,98.12,0,211.46,106.58,12.89,-0.67,11.24,99.82,0,211.58,54.42,6.69,-1.75,5.18,94.72,0,211.52,80.8,9.9,-0.53,8.46,99.8,0,211.29,29.47,-2.96,24.89
1/23/2026 12:49,Meter 1,1/23/2026 12:49,88.95,99.31,0,211.35,125.66,15.18,0.52,13.5,99.93,0,211.32,66.48,8.16,0.31,7.04,99.9,0,211.57,74.7,9.15,1.58,7.99,98.11,0,211.16,32.49,2.4,28.53
1/23/2026 12:50,Meter 1,1/23/2026 12:50,101.57,96.52,0,211.19,118.21,14.28,-1.7,13.33,99.2,0,211.05,103.29,12.65,3.89,11.73,94.92,0,211.17,83.2,10.19,2.94,9.38,95.43,0,211.36,37.13,5.13,34.45
1/23/2026 12:51,Meter 1,1/23/2026 12:51,63.87,98.55,0,211.22,73.16,8.84,0.88,6.13,98.99,0,211.38,47.97,5.89,0.79,5.38,98.95,0,211.21,70.47,8.62,1.57,7.2,97.71,0,211.06,23.35,3.23,18.7
1/23/2026 12:52,Meter 1,1/23/2026 12:52,83.68,99.92,0,211.22,98.08,11.85,-0.15,10.24,99.99,0,211.4,71.75,8.81,-0.21,8.14,99.97,0,211.28,81.2,9.93,0.56,9.05,99.81,0,210.97,30.59,0.2,27.43
1/23/2026 12:53,Meter 1,1/23/2026 12:53,64.98,94.95,0,211.23,80.65,9.75,1.19,7.85,98.87,0,211.21,59.91,7.35,2.03,6.34,95.23,0,211.22,54.4,6.66,2.66,5.75,90.76,0,211.27,23.75,5.88,19.94
1/23/2026 12:54,Meter 1,1/23/2026 12:54,71.39,99.06,0,211.49,79.41,9.6,-1.21,8.45,98.99,0,211.56,63.48,7.8,-1.26,7.22,98.52,0,211.63,71.27,8.73,-0.64,7.78,99.66,0,211.29,26.14,-3.11,23.44
1/23/2026 12:55,Meter 1,1/23/2026 12:55,76.29,98.99,0,211.33,98.21,11.87,0.23,8.74,99.97,0,211.43,64.42,7.91,0.76,6.74,99.38,0,211.29,66.23,8.11,1.44,6.5,97.62,0,211.26,27.89,2.43,21.98
1/23/2026 12:56,Meter 1,1/23/2026 12:56,72.91,98.05,0,211.42,87.32,10.56,-2.11,10.09,97.88,0,211.57,66.11,8.12,-1.12,7.85,98.99,0,211.39,65.29,7.99,-1.8,7.54,97.28,0,211.3,26.67,-5.03,25.47
1/23/2026 12:57,Meter 1,1/23/2026 12:57,77.9,99.57,0,211.33,86.69,10.48,-1.47,9.75,98.88,0,211.54,74.52,9.15,0.35,8.69,99.92,0,211.3,72.48,8.87,-0.37,8.26,99.9,0,211.16,28.5,-1.49,26.69
1/23/2026 12:58,Meter 1,1/23/2026 12:58,75.98,97.5,0,211.29,90.64,10.95,-1.63,9.02,98.41,0,211.54,78.6,9.66,2.67,8.9,95.78,0,211.42,58.69,7.18,1.24,6.64,98.29,0,210.93,27.79,2.28,24.56
1/23/2026 12:59,Meter 1,1/23/2026 12:59,73.09,97.69,0,211.47,94.89,11.48,-2.77,7.45,93.72,0,211.84,53.17,6.54,-0.58,5.95,99.53,0,211.4,71.2,8.71,-0.4,6.89,99.83,0,211.19,26.73,-3.75,20.3
1/23/2026 13:00,Meter 1,1/23/2026 13:00,63.62,97.49,0,211.28,64.16,7.75,-1.38,6.94,98.08,0,211.6,59.31,7.29,1.37,6.89,98.08,0,211.22,67.39,8.24,2.14,7.66,96.3,0,211.01,23.28,2.14,21.49
1/23/2026 13:01,Meter 1,1/23/2026 13:01,85.43,98.5,0,211.24,98.72,11.92,-2.44,9.04,96.56,0,211.47,74.78,9.19,1.16,8.67,99.11,0,211.4,82.79,10.12,0.53,9.33,99.84,0,210.85,31.23,-0.74,27.04
1/23/2026 13:02,Meter 1,1/23/2026 13:02,105.97,99.4,0,211.2,138.87,16.74,-2.76,15.28,98.4,0,211.15,87.45,10.74,0.13,10.41,99.99,0,211.61,91.6,11.21,-0.61,9.85,99.81,0,210.83,38.7,-3.25,35.54
1/23/2026 13:03,Meter 1,1/23/2026 13:03,97,99.49,0,211.22,122.64,14.79,-1.94,13.16,98.93,0,211.19,84.37,10.37,0.93,9.87,99.56,0,211.6,83.98,10.28,0.06,8.22,100,0,210.87,35.43,-0.95,31.24
1/23/2026 13:04,Meter 1,1/23/2026 13:04,91.77,99.85,0,211.32,106.87,12.9,-0.98,11.01,99.61,0,211.4,77.41,9.51,0.2,9.12,99.98,0,211.57,91.03,11.14,-0.21,8.98,99.97,0,210.98,33.56,-0.99,29.11
1/23/2026 13:05,Meter 1,1/23/2026 13:05,86.08,98.7,0,211.37,106.09,12.82,-2.06,11.6,98.46,0,211.23,80.86,9.93,0.11,9.48,99.99,0,211.55,71.3,8.74,-1.58,7.15,97.64,0,211.34,31.48,-3.53,28.23
1/23/2026 13:06,Meter 1,1/23/2026 13:06,88.03,99.61,0,211.36,107.28,12.95,-0.8,12.73,99.8,0,211.39,85.12,10.46,0.36,10.25,99.94,0,211.61,71.69,8.78,-1.14,8.42,99.09,0,211.08,32.2,-1.58,31.4
1/23/2026 13:07,Meter 1,1/23/2026 13:07,87.67,99.81,0,211.25,98.56,11.9,-0.99,11.2,99.61,0,211.57,83.89,10.32,-0.03,9.94,100,0,211.47,80.55,9.85,-0.49,8.23,99.82,0,210.73,32.06,-1.51,29.37
1/23/2026 13:08,Meter 1,1/23/2026 13:08,78.51,97.93,0,211.28,97.76,11.81,-0.45,8.83,99.87,0,211.54,69.13,8.5,1.55,7.27,97.81,0,211.35,68.64,8.39,1.77,6.16,96.13,0,210.96,28.7,2.87,22.26
1/23/2026 13:09,Meter 1,1/23/2026 13:09,73.65,97.14,0,211.31,90.14,10.89,-1.9,7.34,96.82,0,211.52,70.56,8.67,1.39,7.97,98.52,0,211.41,60.25,7.37,1.67,5.8,96.09,0,211.01,26.93,1.16,21.11
1/23/2026 13:10,Meter 1,1/23/2026 13:10,83.12,97.89,0,211.32,96.48,11.66,-3.03,8.63,94.35,0,211.4,73.52,9.03,0.78,8.6,99.59,0,211.43,79.35,9.71,0.61,8.24,99.72,0,211.12,30.4,-1.63,25.47
1/23/2026 13:11,Meter 1,1/23/2026 13:11,92.67,99.27,0,211.39,108.21,13.06,-2.28,11.48,98.08,0,211.3,73.02,8.97,-0.64,8.42,99.72,0,211.76,96.78,11.86,0.05,10.76,100,0,211.1,33.9,-2.87,30.66
1/23/2026 13:12,Meter 1,1/23/2026 13:12,57.47,98.91,0,211.33,70.55,8.52,-0.27,6.09,99.9,0,211.7,46.97,5.78,-0.15,5.03,99.95,0,211.42,54.89,6.71,1.56,6.08,96.86,0,210.86,21.01,1.13,17.19
1/23/2026 13:13,Meter 1,1/23/2026 13:13,51.23,98.98,0,211.25,52.32,6.32,-0.5,5.99,99.66,0,211.67,50.93,6.26,-0.34,6.02,99.84,0,211.32,50.45,6.16,1.32,5.72,97.45,0,210.75,18.74,0.48,17.73
1/23/2026 13:14,Meter 1,1/23/2026 13:14,66.69,98.77,0,211.27,93.16,11.25,-1.02,8.4,99.27,0,211.6,46.93,5.77,-1.21,4.97,97.17,0,211.45,59.97,7.33,0.32,6.24,99.87,0,210.77,24.35,-1.92,19.61
1/23/2026 13:15,Meter 1,1/23/2026 13:15,86.9,98.82,0,211.27,111.26,13.43,-2.79,12.92,97.74,0,211.31,73.46,9.02,-0.41,8.74,99.89,0,211.51,75.98,9.3,-1.35,8.71,98.83,0,210.99,31.75,-4.55,30.37
1/23/2026 13:16,Meter 1,1/23/2026 13:16,73.55,99.06,0,211.24,103.95,12.56,-1.37,9.97,99.07,0,211.34,63.3,7.77,1.41,7.14,98.1,0,211.31,53.42,6.53,0.02,4.47,100,0,211.07,26.86,0.06,21.58
1/23/2026 13:17,Meter 1,1/23/2026 13:17,76.61,99.88,0,211.22,106.23,12.82,-0.07,10.81,100,0,211.25,61.64,7.57,0.55,6.77,99.67,0,211.43,61.95,7.58,0.1,6.52,99.99,0,210.98,27.97,0.58,24.1
1/23/2026 13:18,Meter 1,1/23/2026 13:18,87.2,99.82,0,211.29,105.23,12.72,0.48,10.51,99.9,0,211.68,60.67,7.46,-0.15,6.59,99.97,0,211.22,95.69,11.69,-0.95,10.6,99.6,0,210.98,31.87,-0.62,27.7
1/23/2026 13:19,Meter 1,1/23/2026 13:19,90.14,99.55,0,211.28,110.79,13.38,-0.52,11.69,99.9,0,211.47,73.14,8.99,-0.54,8.32,99.79,0,211.44,86.48,10.58,-1.28,8.84,98.97,0,210.92,32.94,-2.34,28.85
1/23/2026 13:20,Meter 1,1/23/2026 13:20,83.59,99.36,0,211.28,103.96,12.57,1.08,12.21,99.61,0,211.6,72.17,8.87,1.32,8.31,98.76,0,211.21,74.64,9.12,0.61,7.88,99.7,0,211.04,30.56,3.02,28.4
1/23/2026 13:21,Meter 1,1/23/2026 13:21,83.38,99.52,0,211.26,102.95,12.44,0.3,11.22,99.96,0,211.66,71.24,8.76,1.2,7.96,98.88,0,211.2,75.94,9.28,0.59,7.7,99.71,0,210.93,30.48,2.09,26.88
1/23/2026 13:22,Meter 1,1/23/2026 13:22,100.4,99.4,0,211.2,121.33,14.66,-1.71,13.12,99.17,0,211.68,93.33,11.47,1.47,10.72,99.07,0,211.05,86.56,10.57,0.29,9,99.95,0,210.86,36.7,0.05,32.84
1/23/2026 13:23,Meter 1,1/23/2026 13:23,86.21,98.93,0,211.4,103.81,12.57,-2.44,9.44,96.82,0,211.91,79.7,9.8,0.08,9.35,100,0,211.14,75.1,9.18,0.2,7.9,99.97,0,211.15,31.54,-2.16,26.69
1/23/2026 13:24,Meter 1,1/23/2026 13:24,65.59,98.32,0,211.29,67.19,8.12,0.41,7.43,99.85,0,211.62,56.49,6.94,0.95,6.5,98.95,0,211.3,73.09,8.93,2.4,8.39,96.15,0,210.94,24,3.75,22.32
1/23/2026 13:25,Meter 1,1/23/2026 13:25,103.52,99.46,0,211.25,120.93,14.6,-2.37,14.19,98.63,0,211.2,91.68,11.25,0.07,11.06,100,0,211.45,97.96,11.99,-0.81,11.71,99.76,0,211.11,37.85,-3.11,36.96
1/23/2026 13:26,Meter 1,1/23/2026 13:26,85.85,99.02,0,211.37,114.33,13.81,-1.8,11.25,98.74,0,211.31,77.28,9.49,1.3,9.02,98.98,0,211.6,65.95,8.08,0.78,6.7,99.33,0,211.19,31.38,0.28,26.97
1/23/2026 13:27,Meter 1,1/23/2026 13:27,79.94,99.4,0,211.29,100.83,12.18,-0.7,9.83,99.75,0,211.48,75.53,9.28,0.9,8.82,99.48,0,211.36,63.45,7.76,0.93,6.44,98.97,0,211.03,29.22,1.14,25.09
1/23/2026 13:28,Meter 1,1/23/2026 13:28,90.11,97.88,0,211.38,101.17,12.23,-3.03,11.34,96.62,0,211.57,90.88,11.17,-1.63,10.36,98.78,0,211.49,78.28,9.58,-1.64,8.66,98.25,0,211.09,32.98,-6.3,30.35
1/23/2026 13:29,Meter 1,1/23/2026 13:29,66.24,98.52,0,211.44,83.1,10.06,-1.98,6.76,95.98,0,211.73,55.51,6.82,-0.34,6.11,99.84,0,211.29,60.11,7.35,0.4,5.53,99.74,0,211.31,24.23,-1.92,18.4
1/23/2026 13:30,Meter 1,1/23/2026 13:30,69.94,98.76,0,211.29,86.22,10.42,-0.09,6.57,99.99,0,211.4,61.11,7.5,1,6.27,98.74,0,211.2,62.48,7.64,1.42,6.26,97.53,0,211.28,25.57,2.34,19.1
1/23/2026 13:31,Meter 1,1/23/2026 13:31,87.87,99.38,0,211.16,112.85,13.63,-1.44,11.76,99.26,0,211.43,73.85,9.07,-0.96,8.28,99.33,0,211.12,76.92,9.4,-0.77,8.27,99.56,0,210.93,32.1,-3.18,28.3
1/23/2026 13:32,Meter 1,1/23/2026 13:32,70.47,98.69,0,211.3,80.99,9.8,0,7.41,100,0,211.45,61.79,7.58,0.8,6.38,99.23,0,211.14,68.63,8.4,1.83,7.11,96.85,0,211.3,25.77,2.62,20.9
1/23/2026 13:33,Meter 1,1/23/2026 13:33,65.22,97.16,0,211.26,80.64,9.73,0.94,7.47,99.21,0,211.16,42.71,5.24,1.15,4.27,96.56,0,211.53,72.29,8.85,2.37,7.84,95.72,0,211.09,23.83,4.46,19.58
1/23/2026 13:34,Meter 1,1/23/2026 13:34,83.97,98.91,0,211.39,102.58,12.39,-2.23,10.72,97.9,0,211.34,60.54,7.44,-1.01,6.99,98.97,0,211.66,88.8,10.88,-0.53,10.02,99.86,0,211.18,30.71,-3.78,27.74
1/23/2026 13:35,Meter 1,1/23/2026 13:35,77.74,99.86,0,211.42,96.25,11.64,-0.39,8.88,99.9,0,211.37,56.91,6.99,-0.37,5.83,99.8,0,211.48,80.07,9.81,0.37,8.04,99.89,0,211.41,28.43,-0.39,22.75
1/23/2026 13:36,Meter 1,1/23/2026 13:36,81.83,97.83,0,211.19,107.81,13.02,-0.81,10.72,99.72,0,211.04,74.13,9.09,2.51,8.1,95.52,0,211.23,63.54,7.78,1.22,6.44,98.26,0,211.3,29.89,2.91,25.25
1/23/2026 13:37,Meter 1,1/23/2026 13:37,110.15,99.75,0,211,136.73,16.49,-1.76,15.6,99.37,0,210.76,109.88,13.46,0,13.18,100,0,211.22,83.84,10.26,0.47,9.65,99.88,0,211.02,40.21,-1.29,38.43
1/23/2026 13:38,Meter 1,1/23/2026 13:38,111.93,99.9,0,211.11,127.25,15.35,-0.34,12.71,99.96,0,211.03,106.79,13.1,0.81,11.22,99.74,0,211.3,101.73,12.45,0.01,10.36,100,0,210.99,40.9,0.48,34.28
1/23/2026 13:39,Meter 1,1/23/2026 13:39,82.2,98.74,0,211.2,101.5,12.24,-1.91,9.57,98.06,0,211.06,76.67,9.41,0.14,7.71,99.98,0,211.52,68.44,8.38,-1.19,6.14,98.17,0,211.02,30.03,-2.96,23.43
1/23/2026 13:40,Meter 1,1/23/2026 13:40,76.33,95.98,0,211.44,97.72,11.81,-2.57,10.3,97.03,0,211.37,64.67,7.94,-2.14,7.36,96.03,0,211.57,66.6,8.16,-2.37,7.11,94.88,0,211.38,27.92,-7.08,24.78
1/23/2026 13:41,Meter 1,1/23/2026 13:41,72.51,99.61,0,211.44,93.49,11.3,0.3,9.17,99.95,0,211.58,62.34,7.66,0.91,6.33,98.99,0,211.49,61.68,7.55,0.3,6.17,99.88,0,211.24,26.52,1.5,21.68
1/23/2026 13:42,Meter 1,1/23/2026 13:42,79.58,97.98,0,211.55,88.46,10.7,-2.18,8.37,96.77,0,211.53,70.76,8.69,-0.79,8.39,99.56,0,211.54,79.53,9.75,-1.96,8.78,97.61,0,211.59,29.15,-4.93,25.54
1/23/2026 13:43,Meter 1,1/23/2026 13:43,64.38,99.24,0,211.44,79.8,9.65,-1.26,6.06,97.92,0,211.5,59.37,7.29,-0.07,6.36,99.99,0,211.49,53.97,6.61,-0.33,5.42,99.82,0,211.33,23.55,-1.65,17.84
1/23/2026 13:44,Meter 1,1/23/2026 13:44,70.54,99.45,0,211.45,90.65,10.95,-1.33,7.75,98.57,0,211.35,61.39,7.54,0.18,6.68,99.96,0,211.66,59.56,7.3,0.35,5.61,99.81,0,211.35,25.8,-0.8,20.04
1/23/2026 13:45,Meter 1,1/23/2026 13:45,64.94,97.34,0,211.48,78.09,9.44,0.59,6.42,99.58,0,211.58,52.97,6.51,1.19,5.58,97.8,0,211.67,63.76,7.81,2.22,6.52,94.64,0,211.19,23.76,4.01,18.52
1/23/2026 13:46,Meter 1,1/23/2026 13:46,67,97.76,0,211.39,75.85,9.17,0.83,6.12,99.09,0,211.51,50.58,6.21,0.76,5.74,99.12,0,211.53,74.57,9.13,2.56,7.84,95.06,0,211.14,24.51,4.16,19.7
1/23/2026 13:47,Meter 1,1/23/2026 13:47,88.9,98.74,0,211.54,93.01,11.25,-2.23,10.78,97.92,0,211.76,81.51,10.02,-1.67,9.67,98.54,0,211.55,92.18,11.29,-0.76,11.03,99.76,0,211.31,32.57,-4.66,31.48
1/23/2026 13:48,Meter 1,1/23/2026 13:48,81.99,98.03,0,211.33,103.03,12.45,0.32,9.57,99.94,0,211.54,63.84,7.84,1.36,6.94,98.13,0,211.39,79.1,9.68,2.4,8.27,96.03,0,211.04,29.97,4.09,24.77
1/23/2026 13:49,Meter 1,1/23/2026 13:49,92.93,99.59,0,211.44,108.75,13.14,-1.25,12.4,99.49,0,211.68,75.87,9.33,-1.05,8.69,99.28,0,211.65,94.16,11.53,-0.1,10.58,100,0,211,34,-2.4,31.66
1/23/2026 13:50,Meter 1,1/23/2026 13:50,95.33,99.8,0,211.44,126.19,15.24,-0.34,13.46,99.97,0,211.29,70.76,8.69,-0.82,7.73,99.45,0,211.81,89.04,10.92,-0.09,9.84,100,0,211.22,34.85,-1.25,31.03
1/23/2026 13:51,Meter 1,1/23/2026 13:51,67.87,97.34,0,211.35,87.44,10.56,1.23,6.57,98.3,0,211.53,46.11,5.67,1.11,4.42,96.97,0,211.58,70.07,8.58,1.77,6.76,96.74,0,210.92,24.8,4.11,17.75
1/23/2026 13:52,Meter 1,1/23/2026 13:52,87.61,97.74,0,211.56,107.04,12.96,-2.78,11.19,97.04,0,211.49,74.88,9.19,0.6,8.5,99.75,0,211.5,80.92,9.92,-2.22,8.07,96.43,0,211.68,32.07,-4.4,27.76
1/23/2026 13:53,Meter 1,1/23/2026 13:53,59.37,96.63,0,211.65,78.45,9.51,-1.27,7.05,98.43,0,211.75,45.14,5.55,-0.5,4.94,99.5,0,211.44,54.52,6.68,-1.94,4.56,91.97,0,211.76,21.73,-3.71,16.55
1/23/2026 13:54,Meter 1,1/23/2026 13:54,94.85,96.02,0,211.42,121.97,14.76,-3.47,12.75,96.47,0,211.23,94.06,11.53,1,10.94,99.33,0,211.33,68.51,8.4,-2.63,6.21,92.26,0,211.71,34.69,-5.1,29.9
1/23/2026 13:55,Meter 1,1/23/2026 13:55,88.39,97.02,0,211.52,104.52,12.64,-2.13,12.25,98.52,0,211.44,87.41,10.74,-1.53,10.39,98.93,0,211.67,73.24,8.98,-2.97,7.91,93.62,0,211.47,32.36,-6.64,30.54
1/23/2026 13:56,Meter 1,1/23/2026 13:56,79.24,98.34,0,211.38,105.94,12.81,-2.92,11.89,97.11,0,211.29,78.53,9.63,0.14,9.45,99.99,0,211.34,53.23,6.52,-1.14,5.49,97.92,0,211.52,28.97,-3.92,26.83
1/23/2026 13:57,Meter 1,1/23/2026 13:57,83.74,98.19,0,211.38,103.85,12.56,-2.95,8.86,94.86,0,211.42,82.08,10.07,0.1,9.23,99.99,0,211.27,65.28,8,-0.45,5.82,99.7,0,211.45,30.63,-3.3,23.9
1/23/2026 13:58,Meter 1,1/23/2026 13:58,69.65,98.63,0,211.48,81.33,9.85,-0.42,6.94,99.82,0,211.65,65.77,8.07,0.7,7.35,99.55,0,211.26,61.85,7.57,1.51,5.57,96.52,0,211.52,25.5,1.79,19.86
1/23/2026 13:59,Meter 1,1/23/2026 13:59,88.22,97.37,0,211.54,104.4,12.63,-3.55,11.66,95.66,0,211.64,86.05,10.57,-1.63,10,98.7,0,211.49,74.2,9.09,-1.75,8.08,97.74,0,211.49,32.3,-6.93,29.73
1/23/2026 14:00,Meter 1,1/23/2026 14:00,84.63,98.67,0,211.16,105.31,12.71,-0.62,10.4,99.82,0,211.02,71.56,8.77,1.46,7.06,97.93,0,211.28,77.03,9.43,1.45,7.68,98.27,0,211.16,30.92,2.29,25.14
1/23/2026 14:01,Meter 1,1/23/2026 14:01,89.7,99.42,0,211.22,120.15,14.5,-1.38,13.16,99.45,0,211.08,84.14,10.32,1.51,9.73,98.82,0,211.47,64.81,7.94,0,7.18,100,0,211.11,32.76,0.12,30.06
1/23/2026 14:02,Meter 1,1/23/2026 14:02,86.55,96.68,0,211.47,116.99,14.13,-3.39,13.5,97,0,211.5,78.55,9.66,-0.97,9.38,99.47,0,211.76,64.11,7.86,-2.65,7.03,93.57,0,211.16,31.65,-7.01,29.92
1/23/2026 14:03,Meter 1,1/23/2026 14:03,89.83,99.49,0,211.34,122.55,14.8,-1.39,12.96,99.43,0,211.48,72.58,8.92,-0.61,8.3,99.73,0,211.58,74.36,9.1,-0.88,7.36,99.3,0,210.97,32.82,-2.87,28.62
1/23/2026 14:04,Meter 1,1/23/2026 14:04,49.79,97.69,0,211.29,60.51,7.31,-0.26,7.01,99.93,0,211.45,45.79,5.62,1.61,5.07,95.29,0,211.34,43.06,5.27,1.01,4.77,97.85,0,211.08,18.2,2.36,16.85
1/23/2026 14:05,Meter 1,1/23/2026 14:05,99.35,99.31,0,211.16,131.54,15.87,-2.38,14.83,98.74,0,211.23,82.62,10.14,0.45,9.65,99.89,0,211.34,83.9,10.27,-1.02,8.63,99.31,0,210.9,36.28,-2.95,33.11
1/23/2026 14:06,Meter 1,1/23/2026 14:06,93,98.92,0,211.29,129.61,15.66,-1.12,13.67,99.66,0,211.58,75.64,9.3,1.83,8.45,97.73,0,211.36,73.74,9.02,0.9,8,99.38,0,210.94,33.97,1.61,30.12
1/23/2026 14:07,Meter 1,1/23/2026 14:07,95.06,98.75,0,211.55,123.22,14.9,-3.13,12.47,96.98,0,211.74,75.89,9.34,-0.22,8.75,99.97,0,211.71,86.06,10.54,-1.05,8.78,99.3,0,211.21,34.78,-4.4,29.99
1/23/2026 14:08,Meter 1,1/23/2026 14:08,83.38,98.1,0,211.68,102.68,12.41,-2.43,11.47,97.83,0,211.75,63.02,7.76,-1.56,6.97,97.59,0,211.98,84.46,10.36,-1.29,8.54,98.88,0,211.32,30.53,-5.28,26.99
1/23/2026 14:09,Meter 1,1/23/2026 14:09,89.19,99.89,0,211.46,114.15,13.8,-0.47,12.18,99.93,0,211.53,68.83,8.46,0.07,7.51,100,0,211.56,84.59,10.36,0.66,9.05,99.73,0,211.29,32.62,0.27,28.74
1/23/2026 14:10,Meter 1,1/23/2026 14:10,64.35,99.77,0,211.41,76.07,9.19,-0.71,8.99,99.69,0,211.43,58.38,7.17,0.61,6.96,99.62,0,211.55,58.59,7.18,0.12,6.81,99.98,0,211.26,23.54,0.02,22.76
1/23/2026 14:11,Meter 1,1/23/2026 14:11,85.23,97.39,0,211.61,108.26,13.09,-2.49,12.35,98.03,0,211.52,77.44,9.52,-1.54,9.05,98.59,0,211.77,69.98,8.58,-2.42,7.84,95.55,0,211.53,31.2,-6.45,29.24
1/23/2026 14:12,Meter 1,1/23/2026 14:12,71.97,99.99,0,211.6,93.23,11.27,-0.21,11.03,99.98,0,211.58,66.18,8.14,-0.02,7.85,100,0,211.79,56.51,6.93,-0.11,6.6,99.99,0,211.42,26.34,-0.35,25.48
1/23/2026 14:13,Meter 1,1/23/2026 14:13,77.01,96.31,0,211.7,95.58,11.58,-2.54,9.64,96.7,0,211.79,66.14,8.13,-1.11,7.64,98.96,0,211.59,69.3,8.5,-2.3,5.95,93.27,0,211.72,28.21,-5.95,23.24
1/23/2026 14:14,Meter 1,1/23/2026 14:14,80.58,99.56,0,211.41,113.38,13.72,-1.26,11.26,99.38,0,211.43,66.57,8.17,0.76,7.3,99.46,0,211.29,61.79,7.57,-0.3,5.12,99.83,0,211.5,29.45,-0.79,23.68
1/23/2026 14:15,Meter 1,1/23/2026 14:15,87.11,99.73,0,211.37,123.33,14.9,-0.45,12.84,99.94,0,211.43,78.26,9.62,1.05,8.55,99.26,0,211.55,59.75,7.32,0.03,6.35,100,0,211.15,31.83,0.63,27.75
1/23/2026 14:16,Meter 1,1/23/2026 14:16,98.41,98.5,0,211.36,136.74,16.5,-2.79,14.85,98.28,0,211.18,82.39,10.12,0.74,9.6,99.7,0,211.75,76.11,9.33,-1.68,7.38,97.52,0,211.16,35.95,-3.73,31.83
1/23/2026 14:17,Meter 1,1/23/2026 14:17,73.72,99.71,0,211.46,95.16,11.5,0.09,8.74,100,0,211.55,61.34,7.54,0.87,6.88,99.21,0,211.69,64.65,7.92,0.25,6.83,99.93,0,211.16,26.96,1.21,22.45
1/23/2026 14:18,Meter 1,1/23/2026 14:18,91.71,98.61,0,211.31,108.92,13.15,-2.11,11.4,98.33,0,211.27,92.5,11.36,2.44,10.85,97.56,0,211.49,73.71,9.03,0.29,7.69,99.93,0,211.19,33.54,0.62,29.93
1/23/2026 14:19,Meter 1,1/23/2026 14:19,113.61,98.59,0,211.3,141.31,17.07,-3.22,16.15,98.07,0,211,114.32,14.01,2.9,13.44,97.76,0,211.4,85.19,10.44,0.28,9.33,99.96,0,211.51,41.53,-0.05,38.92
1/23/2026 14:20,Meter 1,1/23/2026 14:20,98.11,98.98,0,211.26,125.86,15.19,-2.43,14.26,98.58,0,211.05,85.83,10.53,1.79,9.99,98.43,0,211.49,82.65,10.13,-0.3,8.84,99.94,0,211.24,35.85,-0.94,33.09
1/23/2026 14:21,Meter 1,1/23/2026 14:21,89.41,99.14,0,211.36,120.15,14.51,-2.67,14.06,98.24,0,211.21,74.88,9.19,1.13,8.86,99.2,0,211.61,73.19,8.97,0.14,8.67,99.99,0,211.24,32.67,-1.4,31.59
1/23/2026 14:22,Meter 1,1/23/2026 14:22,92.73,98.74,0,211.44,116.2,14.04,-3.06,13.21,97.42,0,211.56,80.64,9.91,1.46,9.4,98.82,0,211.65,81.36,9.96,0.18,8.73,99.98,0,211.09,33.92,-1.42,31.34
1/23/2026 14:23,Meter 1,1/23/2026 14:23,76.4,96.15,0,211.24,99.4,12,-1.9,9.48,98.04,0,211.47,70.71,8.69,1.87,7.8,97.23,0,211.45,59.09,7.23,2.43,6.24,93.18,0,210.79,27.91,2.4,23.52
1/23/2026 14:24,Meter 1,1/23/2026 14:24,78.3,99.4,0,211.35,91,10.99,-1.32,10.35,99.19,0,211.36,75.6,9.28,0.94,8.88,99.44,0,211.48,68.29,8.36,0.73,7.79,99.57,0,211.21,28.64,0.35,27.02
1/23/2026 14:25,Meter 1,1/23/2026 14:25,79.95,98.27,0,211.2,91.2,11,-0.97,10.25,99.56,0,211.29,72.85,8.95,1.42,8.48,98.62,0,211.45,75.81,9.27,2.27,8.54,96.65,0,210.86,29.23,2.72,27.26
1/23/2026 14:26,Meter 1,1/23/2026 14:26,77.98,98.74,0,211.28,90.08,10.87,-0.94,10.53,99.61,0,211.32,73.87,9.08,1.71,8.65,98.09,0,211.65,69.99,8.57,1.43,8.22,98.53,0,210.86,28.51,2.2,27.4
1/23/2026 14:27,Meter 1,1/23/2026 14:27,96.03,98.87,0,211.27,121.01,14.62,-2.21,13.85,98.75,0,211.31,95.83,11.76,1.23,11.44,99.42,0,211.37,71.26,8.72,-1.47,8.22,98.45,0,211.13,35.1,-2.45,33.52
1/23/2026 14:28,Meter 1,1/23/2026 14:28,77.85,98.85,0,211.42,92.72,11.2,-0.86,8.17,99.45,0,211.56,78.02,9.6,1.79,8.9,98.03,0,211.64,62.79,7.69,0.8,5.79,99.07,0,211.07,28.48,1.73,22.87
1/23/2026 14:29,Meter 1,1/23/2026 14:29,68.78,97.88,0,211.33,80.1,9.66,0.45,8.98,99.87,0,211.24,75.85,9.32,2.17,8.8,97.08,0,211.75,50.39,6.17,1.45,5.5,96.69,0,210.99,25.16,4.08,23.29
1/23/2026 14:30,Meter 1,1/23/2026 14:30,93.8,99.3,0,211.33,118.52,14.3,-1.31,11.69,99.38,0,211.38,90.68,11.15,1.79,10.47,98.56,0,211.75,72.21,8.84,0.25,7.52,99.95,0,210.87,34.29,0.73,29.69
1/23/2026 14:31,Meter 1,1/23/2026 14:31,82.12,98.67,0,211.25,105.16,12.67,-0.73,10.28,99.75,0,211.25,78.53,9.66,1.86,9.07,97.96,0,211.76,62.66,7.67,1.15,6.17,98.29,0,210.74,30,2.28,25.52
1/23/2026 14:32,Meter 1,1/23/2026 14:32,82.27,99.19,0,211.13,108.78,13.11,0.22,12.1,99.98,0,211.03,73.67,9.05,1.13,8.49,99.13,0,211.61,64.36,7.88,1.19,6.68,98.45,0,210.76,30.03,2.53,27.27
1/23/2026 14:33,Meter 1,1/23/2026 14:33,93.75,99.65,0,211.33,128.82,15.54,-0.27,13.8,99.98,0,211.23,75.06,9.22,0.97,8.83,99.4,0,211.72,77.37,9.48,0.79,8.46,99.57,0,211.05,34.24,1.49,31.08
1/23/2026 14:34,Meter 1,1/23/2026 14:34,76.9,99.32,0,211.24,89.88,10.84,-0.37,10.63,99.94,0,210.95,81.04,9.95,1.46,9.67,98.88,0,211.61,59.76,7.32,0.9,6.86,99.15,0,211.16,28.11,1.99,27.15
1/23/2026 14:35,Meter 1,1/23/2026 14:35,80.62,99.76,0,211.32,105.76,12.77,-0.14,11.08,99.99,0,211.13,66.49,8.16,0.88,7.34,99.29,0,211.58,69.62,8.53,0,7.01,100,0,211.25,29.46,0.74,25.43
1/23/2026 14:36,Meter 1,1/23/2026 14:36,72.41,99.28,0,211.35,89.12,10.77,-1.46,9.5,98.83,0,211.28,72.27,8.87,1.07,8.45,99.21,0,211.48,55.83,6.84,0.39,5.97,99.79,0,211.29,26.48,-0.01,23.92
1/23/2026 14:37,Meter 1,1/23/2026 14:37,69.34,99.74,0,211.44,84.01,10.16,-0.65,9.38,99.76,0,211.49,58.25,7.16,0.35,6.49,99.86,0,211.52,65.76,8.05,-0.57,6.46,99.61,0,211.3,25.37,-0.87,22.33
1/23/2026 14:38,Meter 1,1/23/2026 14:38,85,98.34,0,211.43,108.35,13.09,-2.56,10.57,97.19,0,211.47,79.26,9.74,1.02,9.42,99.42,0,211.58,67.39,8.26,-1.21,6.74,98.42,0,211.23,31.09,-2.75,26.73
1/23/2026 14:39,Meter 1,1/23/2026 14:39,86.02,97.86,0,211.41,109.43,13.22,-3.08,10.94,96.26,0,211.52,91.01,11.19,2.49,10.59,97.35,0,211.53,57.64,7.06,-0.16,5.97,99.97,0,211.16,31.47,-0.75,27.5
1/23/2026 14:40,Meter 1,1/23/2026 14:40,95.22,99.01,0,211.51,119.27,14.42,-2.24,12.19,98.36,0,211.62,91.57,11.26,1.27,10.44,99.27,0,211.57,74.83,9.17,-0.81,7.42,99.41,0,211.33,34.85,-1.77,30.05
1/23/2026 14:41,Meter 1,1/23/2026 14:41,74.77,98.34,0,211.46,89.58,10.83,-1.17,8.61,99.09,0,211.51,82.34,10.12,2.22,9.34,97.3,0,211.59,52.38,6.42,0.97,5.81,98.64,0,211.27,27.36,2.02,23.76
1/23/2026 14:42,Meter 1,1/23/2026 14:42,92.86,99.27,0,211.46,111.04,13.41,-2.04,10.99,98.33,0,211.51,83.34,10.25,0.97,9.86,99.52,0,211.75,84.19,10.32,0.2,9.41,99.98,0,211.13,33.98,-0.86,30.25
1/23/2026 14:43,Meter 1,1/23/2026 14:43,86.36,99.28,0,211.5,99.92,12.07,-2.23,11.29,98.11,0,211.47,73.38,9.02,-0.1,8.59,99.99,0,211.75,85.77,10.52,-0.7,9.64,99.74,0,211.27,31.61,-3.03,29.52
1/23/2026 14:44,Meter 1,1/23/2026 14:44,98.38,99.16,0,211.4,116.41,14.07,-2.5,11.61,97.76,0,211.56,89.68,11.02,0.39,10.6,99.93,0,211.44,89.04,10.9,-0.65,9.98,99.79,0,211.21,35.99,-2.77,32.2
1/23/2026 14:45,Meter 1,1/23/2026 14:45,78.64,99.75,0,211.43,85.33,10.3,-0.61,9.82,99.81,0,211.47,69.07,8.49,0.69,8.16,99.64,0,211.79,81.52,9.99,0.61,9.68,99.8,0,211.04,28.78,0.7,27.67
1/23/2026 14:46,Meter 1,1/23/2026 14:46,104.36,98.36,0,211.36,132.67,16,-3.81,15.35,97.05,0,211.25,106.59,13.1,1.24,12.88,99.54,0,211.86,73.82,9.05,-1.52,8.59,98.47,0,210.98,38.15,-4.09,36.82
1/23/2026 14:47,Meter 1,1/23/2026 14:47,81.78,96.53,0,211.12,94.32,11.36,1.02,10.8,99.56,0,211.28,84.51,10.39,3.23,9.66,94.83,0,211.62,66.5,8.13,2.41,7.51,95.21,0,210.45,29.88,6.66,27.97
1/23/2026 14:48,Meter 1,1/23/2026 14:48,90.94,99.75,0,211.53,105.54,12.75,-1.17,11.45,99.48,0,211.82,89.72,11.05,0.31,10.61,99.96,0,211.77,77.55,9.5,-0.54,8.72,99.81,0,211.01,33.29,-1.4,30.78
1/23/2026 14:49,Meter 1,1/23/2026 14:49,80.08,99.55,0,211.64,100.87,12.19,-1.07,11.79,99.59,0,211.63,74.18,9.13,-0.59,8.77,99.78,0,212.03,65.2,8,-0.86,7.18,99.29,0,211.25,29.32,-2.52,27.74
1/23/2026 14:50,Meter 1,1/23/2026 14:50,81.47,97.69,0,211.57,89.96,10.87,-1.78,10.23,98.53,0,211.5,87.59,10.77,2.96,10.07,95.94,0,211.86,66.87,8.2,1.32,7.79,98.59,0,211.35,29.84,2.51,28.1
1/23/2026 14:51,Meter 1,1/23/2026 14:51,80.54,99.45,0,211.7,93.83,11.35,-1.63,9.22,98.47,0,211.68,79.12,9.74,0.46,9.38,99.88,0,211.96,68.68,8.43,-0.1,7.19,99.99,0,211.45,29.51,-1.27,25.79
1/23/2026 14:52,Meter 1,1/23/2026 14:52,84.33,98.27,0,211.68,106.6,12.87,-2.93,12.3,97.28,0,211.63,69.71,8.59,-0.78,8.23,99.55,0,212.23,76.67,9.41,-1.81,8.91,97.99,0,211.19,30.87,-5.52,29.43
1/23/2026 14:53,Meter 1,1/23/2026 14:53,71.32,98.96,0,211.71,88.85,10.74,-0.62,10.11,99.81,0,211.74,54.29,6.69,1.47,6.1,97.21,0,212.09,70.82,8.69,0.45,8.38,99.85,0,211.31,26.11,1.3,24.59
1/23/2026 14:54,Meter 1,1/23/2026 14:54,90.84,98.88,0,211.65,103.56,12.52,-1.07,10.68,99.5,0,211.91,78.48,9.67,2.21,9.04,97.15,0,211.9,90.47,11.08,0.01,10.11,100,0,211.14,33.27,1.14,29.83
1/23/2026 14:55,Meter 1,1/23/2026 14:55,82.3,99.04,0,211.63,108.78,13.16,-2.22,10.15,97.69,0,211.91,68.8,8.47,0.51,7.77,99.79,0,211.68,69.34,8.49,-0.6,7.06,99.64,0,211.29,30.12,-2.31,24.98
1/23/2026 14:56,Meter 1,1/23/2026 14:56,80.35,98.56,0,211.67,105.39,12.73,-0.28,9.91,99.96,0,211.96,63.01,7.77,1.71,7.18,97.28,0,212.04,72.64,8.9,1.37,7.62,98.43,0,211,29.4,2.79,24.71
1/23/2026 14:57,Meter 1,1/23/2026 14:57,71.68,99.27,0,211.47,87.11,10.53,-0.94,9.83,99.54,0,211.68,66.05,8.13,0.99,7.71,99.18,0,211.64,61.89,7.58,0.98,7.18,99.08,0,211.1,26.23,1.03,24.72
1/23/2026 14:58,Meter 1,1/23/2026 14:58,84.73,99.29,0,211.59,107.17,12.96,-0.52,11.12,99.89,0,211.81,72.01,8.86,1.01,8.47,99.29,0,211.75,75.02,9.19,1.28,7.86,98.7,0,211.19,31.01,1.78,27.44
1/23/2026 14:59,Meter 1,1/23/2026 14:59,83.56,98.27,0,211.6,97.84,11.83,0.22,10.07,99.98,0,211.76,73.94,9.1,1.85,8.46,97.7,0,211.8,78.9,9.67,2.16,8.8,97.13,0,211.23,30.6,4.23,27.33
1/23/2026 15:00,Meter 1,1/23/2026 15:00,85.8,99.47,0,211.58,104.87,12.68,-1.69,11.73,98.98,0,211.76,86.41,10.63,1.01,10.29,99.52,0,211.7,66.12,8.1,0.33,7.58,99.91,0,211.29,31.41,-0.35,29.59
1/23/2026 15:01,Meter 1,1/23/2026 15:01,79.26,97.7,0,211.58,93.62,11.32,0.83,10.79,99.7,0,211.7,74.02,9.11,2.07,8.69,97.28,0,211.76,70.13,8.59,2.19,7.63,96.11,0,211.28,29.02,5.1,27.11
1/23/2026 15:02,Meter 1,1/23/2026 15:02,96.61,98,0,211.57,120.51,14.56,-0.98,12.95,99.72,0,211.33,95.85,11.78,2.92,10.94,96.61,0,211.97,73.47,9.02,1.66,7.54,97.67,0,211.42,35.36,3.6,31.44
1/23/2026 15:03,Meter 1,1/23/2026 15:03,87.67,97.6,0,211.58,94.39,11.41,0.16,10.68,99.99,0,211.52,91.33,11.23,2.8,10.7,96.73,0,211.91,77.29,9.48,2.52,8.74,96.09,0,211.3,32.12,5.48,30.11
1/23/2026 15:04,Meter 1,1/23/2026 15:04,96.24,99.67,0,211.63,108.13,13.08,-0.67,12.06,99.85,0,211.65,83.7,10.3,0.8,10.04,99.69,0,211.83,96.88,11.88,1.17,11.4,99.47,0,211.41,35.25,1.31,33.5
1/23/2026 15:05,Meter 1,1/23/2026 15:05,78.34,98.92,0,211.64,92.4,11.17,-0.29,10.84,99.96,0,211.66,64.36,7.92,1.17,7.61,98.85,0,211.89,78.28,9.6,1.86,9.02,97.95,0,211.37,28.69,2.73,27.47
1/23/2026 15:06,Meter 1,1/23/2026 15:06,87.31,98.05,0,211.56,108.5,13.13,-1.78,10.52,98.6,0,211.64,73.39,9.02,1.78,8.1,97.67,0,211.61,80.05,9.81,1.69,8.09,97.88,0,211.42,31.96,1.69,26.72
1/23/2026 15:07,Meter 1,1/23/2026 15:07,76.63,98.6,0,211.66,89.21,10.79,-0.55,8.55,99.8,0,211.93,58.02,7.15,1.07,6.33,98.61,0,211.81,82.66,10.13,2.07,8.88,97.4,0,211.25,28.06,2.59,23.77
1/23/2026 15:08,Meter 1,1/23/2026 15:08,68.62,97.49,0,211.84,79.76,9.66,-0.04,8.03,100,0,211.98,58.3,7.18,1.41,6.54,97.76,0,211.98,67.8,8.32,2.59,7.65,94.72,0,211.54,25.16,3.96,22.22
1/23/2026 15:09,Meter 1,1/23/2026 15:09,86.91,99.39,0,211.68,116.21,14.06,-0.51,12.08,99.91,0,211.86,78.07,9.61,1.29,8.67,98.9,0,211.86,66.46,8.15,0.75,6.6,99.37,0,211.32,31.82,1.53,27.35
1/23/2026 15:10,Meter 1,1/23/2026 15:10,90.71,99.59,0,211.62,118.45,14.33,-1.15,12.21,99.56,0,211.72,87.12,10.72,0.61,10.19,99.82,0,211.76,66.56,8.16,-0.74,6.72,99.4,0,211.38,33.2,-1.27,29.12
1/23/2026 15:11,Meter 1,1/23/2026 15:11,103.65,98.56,0,211.61,131.34,15.88,-3.15,14.51,97.72,0,211.75,105.87,13.02,1.62,12.52,99.18,0,211.72,73.73,9.04,-1.16,7.32,98.77,0,211.34,37.94,-2.69,34.35
1/23/2026 15:12,Meter 1,1/23/2026 15:12,76.83,99.48,0,211.69,80.76,9.76,-0.76,9.41,99.68,0,211.98,78.27,9.65,1.06,9.25,99.35,0,211.97,71.47,8.76,-0.85,7.81,99.41,0,211.13,28.17,-0.55,26.47
1/23/2026 15:13,Meter 1,1/23/2026 15:13,85.42,99.12,0,211.62,93.59,11.32,-1.41,10.6,99.13,0,211.86,95.43,11.75,0.51,11.56,99.9,0,211.74,67.24,8.24,-1.4,7.53,98.32,0,211.27,31.3,-2.3,29.69
1/23/2026 15:14,Meter 1,1/23/2026 15:14,83.38,99.03,0,211.59,91.06,11.01,0.3,9.73,99.95,0,211.88,96.74,11.91,2.55,11.27,97.53,0,211.76,62.35,7.64,0.62,6.99,99.6,0,211.12,30.56,3.48,27.99
1/23/2026 15:15,Meter 1,1/23/2026 15:15,73.8,99.2,0,211.66,83.15,10.06,-1.26,8.65,98.95,0,211.77,75.53,9.29,-0.18,8.64,99.98,0,211.81,62.73,7.69,-1.01,6.08,98.65,0,211.4,27.04,-2.44,23.37
1/23/2026 15:16,Meter 1,1/23/2026 15:16,78.2,99.63,0,211.56,100.04,12.09,-0.95,11.19,99.64,0,211.64,72.84,8.96,-0.26,8.36,99.95,0,211.85,61.74,7.57,-0.72,5.99,99.28,0,211.18,28.62,-1.93,25.54
1/23/2026 15:17,Meter 1,1/23/2026 15:17,77.82,98.02,0,211.61,86.18,10.42,-1.81,8.47,97.79,0,211.85,79.92,9.84,-1.01,9.25,99.41,0,211.8,67.34,8.25,-1.68,6.52,96.85,0,211.18,28.51,-4.5,24.24
1/23/2026 15:18,Meter 1,1/23/2026 15:18,83.39,99.19,0,211.62,100.67,12.18,1.12,9.9,99.37,0,212.21,70.4,8.68,1.24,7.99,98.81,0,211.63,79.1,9.67,1,8.88,99.38,0,211.02,30.53,3.36,26.76
1/23/2026 15:19,Meter 1,1/23/2026 15:19,85.61,99.58,0,211.52,113.16,13.69,-1.35,11.26,99.29,0,212.01,72.07,8.87,0.18,8.17,99.98,0,211.51,71.59,8.76,-0.69,6.72,99.47,0,211.03,31.32,-1.87,26.15
1/23/2026 15:20,Meter 1,1/23/2026 15:20,88.08,98.17,0,211.58,100.64,12.17,-3.24,11.41,96.2,0,211.84,87.01,10.71,0,10.45,100,0,211.67,76.59,9.38,-1.67,8.96,98.31,0,211.25,32.26,-4.9,30.82
1/23/2026 15:21,Meter 1,1/23/2026 15:21,80.67,99,0,211.61,85.58,10.36,-1.8,9.32,98.19,0,212.03,73.22,9.01,-0.52,8.49,99.81,0,211.55,83.21,10.19,-1.23,8.67,99,0,211.25,29.56,-3.55,26.48
1/23/2026 15:22,Meter 1,1/23/2026 15:22,100.56,97.67,0,212.47,127.99,15.54,-3.9,14.37,96.51,0,212.57,107.53,13.28,3.29,12.58,96.75,0,212.65,66.16,8.14,-0.5,6.9,99.74,0,212.18,36.96,-1.11,33.85
1/23/2026 15:23,Meter 1,1/23/2026 15:23,100.3,98.45,0,212.57,123.12,14.96,-3.63,12.69,96.13,0,212.84,104.65,12.94,0.83,12.59,99.79,0,212.71,73.12,9,-0.85,7.94,99.43,0,212.15,36.9,-3.66,33.22
1/23/2026 15:24,Meter 1,1/23/2026 15:24,95.92,97.25,0,212.52,108.11,13.15,-3.97,11.66,94.66,0,212.9,114.28,14.11,2.37,13.61,98.52,0,212.29,65.37,8.04,-1.28,7.52,98.58,0,212.37,35.3,-2.89,32.8
1/23/2026 15:25,Meter 1,1/23/2026 15:25,108.01,97.74,0,212.6,116.59,14.18,-2.65,11.37,97.38,0,213.03,132.91,16.43,4.38,15.35,96.16,0,212.46,74.52,9.17,0.64,7.84,99.67,0,212.32,39.78,2.37,34.56
1/23/2026 15:26,Meter 1,1/23/2026 15:26,87.55,98.51,0,212.75,93.82,11.42,-2.26,7.93,96.16,0,213.23,91.44,11.31,1.11,10.46,99.44,0,212.58,77.39,9.52,-0.28,7.45,99.93,0,212.43,32.26,-1.43,25.83
1/23/2026 15:27,Meter 1,1/23/2026 15:27,90.31,99.03,0,212.7,99.18,12.08,-1.35,8.89,98.87,0,213.2,98.05,12.13,1.87,11.47,98.69,0,212.46,73.71,9.06,0.73,7.55,99.53,0,212.43,33.27,1.25,27.91
1/23/2026 15:28,Meter 1,1/23/2026 15:28,89.22,99.63,0,212.72,108.4,13.2,-1.32,9.78,99.1,0,213.15,89.1,11.02,0.59,10.17,99.83,0,212.44,70.15,8.63,-0.2,7.3,99.96,0,212.57,32.85,-0.93,27.26
1/23/2026 15:29,Meter 1,1/23/2026 15:29,96.43,99.59,0,212.73,110.6,13.47,-1.45,10.3,99.03,0,213.19,90.98,11.25,0.47,10.6,99.9,0,212.5,87.72,10.79,-0.54,9.66,99.84,0,212.49,35.51,-1.51,30.56
1/23/2026 15:30,Meter 1,1/23/2026 15:30,90.09,98.54,0,212.78,85.61,10.42,-0.05,9.25,100,0,213.08,97.41,12.05,2.83,11.5,97.11,0,212.7,87.26,10.75,1.71,9.84,98.51,0,212.54,33.22,4.5,30.59
1/23/2026 15:31,Meter 1,1/23/2026 15:31,85.06,98.88,0,212.88,98.3,11.98,-1.75,9.57,98.37,0,213.29,85.47,10.58,-0.4,10.21,99.92,0,212.7,71.42,8.79,-1.36,7.38,98.34,0,212.65,31.35,-3.52,27.16
1/23/2026 15:32,Meter 1,1/23/2026 15:32,85.02,98.07,0,212.75,92.61,11.27,-2.34,10,97.38,0,213.09,88.89,10.99,-0.5,10.45,99.88,0,212.6,73.56,9.06,-1.82,7.17,96.94,0,212.55,31.32,-4.65,27.62
1/23/2026 15:33,Meter 1,1/23/2026 15:33,83.01,98.29,0,212.91,94.48,11.51,-2.4,8.15,95.92,0,213.14,81.82,10.12,-0.38,9.42,99.92,0,212.86,72.72,8.96,-0.97,6.97,99.05,0,212.73,30.59,-3.75,24.55
1/23/2026 15:34,Meter 1,1/23/2026 15:34,80.45,98.97,0,212.85,88.11,10.74,-1.35,7.61,98.46,0,213.29,85.85,10.62,1.11,9.88,99.37,0,212.59,67.39,8.3,0.98,7.13,99.07,0,212.67,29.66,0.74,24.62
1/23/2026 15:35,Meter 1,1/23/2026 15:35,91.33,98.28,0,212.66,102.66,12.49,-2.88,10.5,96.44,0,212.78,104.5,12.91,2.08,12.24,98.59,0,212.68,66.83,8.23,0.44,7.04,99.81,0,212.53,33.63,-0.37,29.78
1/23/2026 15:36,Meter 1,1/23/2026 15:36,93.7,97.56,0,212.65,107.29,13.05,-1.57,12.48,99.22,0,212.77,110.41,13.64,3.47,12.99,96.61,0,212.69,63.4,7.81,1.88,7.33,96.87,0,212.49,34.5,3.78,32.81
1/23/2026 15:37,Meter 1,1/23/2026 15:37,87.61,97.88,0,212.72,107.68,13.1,-0.78,11.14,99.75,0,213.02,86.25,10.67,2.44,9.96,97.13,0,212.68,68.9,8.48,1.9,7.29,96.76,0,212.45,32.25,3.56,28.39
1/23/2026 15:38,Meter 1,1/23/2026 15:38,85.79,98.91,0,212.85,94.88,11.55,-2.36,9.13,96.82,0,213.11,81.55,10.09,0.33,9.49,99.94,0,212.83,80.95,9.98,-0.2,9.01,99.98,0,212.61,31.61,-2.23,27.64
1/23/2026 15:39,Meter 1,1/23/2026 15:39,78.6,99.28,0,212.69,82.77,10.06,-1.62,8.32,98.16,0,212.93,73.32,9.07,0.47,8.28,99.84,0,212.86,79.71,9.82,0.47,8.67,99.86,0,212.28,28.95,-0.68,25.28
1/23/2026 15:40,Meter 1,1/23/2026 15:40,68.63,99.43,0,212.78,83.3,10.13,-0.97,8.03,99.29,0,213.03,63.04,7.8,0.62,7.33,99.65,0,212.98,59.54,7.33,0.73,6.42,99.36,0,212.34,25.27,0.38,21.77
1/23/2026 15:41,Meter 1,1/23/2026 15:41,63.89,98.6,0,212.71,60.26,7.33,0.36,6.56,99.85,0,213.05,69.01,8.54,0.63,8.3,99.71,0,212.8,62.4,7.68,1.96,6.94,96.22,0,212.28,23.55,2.95,21.81
1/23/2026 15:42,Meter 1,1/23/2026 15:42,77.08,98.81,0,212.69,89.22,10.84,-1.7,10.48,98.71,0,212.8,75.72,9.37,-1.55,9.01,98.56,0,212.96,66.29,8.17,-1,7.77,99.18,0,212.32,28.37,-4.25,27.25
1/23/2026 15:43,Meter 1,1/23/2026 15:43,74.97,99.05,0,212.85,81.15,9.88,-1.41,8.82,98.74,0,213.06,76.15,9.42,-1.32,8.99,98.94,0,212.94,67.61,8.33,-0.8,7.83,99.49,0,212.56,27.63,-3.53,25.63
1/23/2026 15:44,Meter 1,1/23/2026 15:44,93.95,99.2,0,212.7,107.11,13.03,-2.26,10.35,97.7,0,213,94.58,11.7,0.31,11.27,99.96,0,212.76,80.16,9.87,-0.27,7.68,99.94,0,212.34,34.59,-2.22,29.3
1/23/2026 15:45,Meter 1,1/23/2026 15:45,79.74,98.46,0,212.65,89.53,10.88,-0.66,9.05,99.73,0,212.82,76.72,9.49,1.56,8.7,98.43,0,212.78,72.97,8.99,1.71,7.09,97.22,0,212.33,29.35,2.61,24.83
1/23/2026 15:46,Meter 1,1/23/2026 15:46,85.03,99.36,0,212.7,110.21,13.4,-1.86,11.19,98.65,0,212.89,77.09,9.53,-0.16,9.17,99.98,0,212.81,67.79,8.35,-0.75,7.19,99.46,0,212.4,31.28,-2.77,27.55
1/23/2026 15:47,Meter 1,1/23/2026 15:47,77.28,96.53,0,212.99,86.53,10.53,-2.69,6.5,92.4,0,213.27,67.43,8.36,-1.32,7.62,98.53,0,213.31,77.88,9.61,-1.44,8.7,98.66,0,212.39,28.49,-5.46,22.83
1/23/2026 15:48,Meter 1,1/23/2026 15:48,79.45,99.26,0,212.75,94.87,11.53,-1.63,8.21,98.08,0,212.94,71.53,8.85,0.43,8.33,99.87,0,212.98,71.95,8.87,-0.47,7.95,99.83,0,212.34,29.25,-1.67,24.5
1/23/2026 15:49,Meter 1,1/23/2026 15:49,66.44,99.47,0,212.77,73.93,9,-1.05,7.35,99,0,213.05,62.46,7.72,-0.18,6.43,99.96,0,212.78,62.93,7.75,-0.64,5.99,99.44,0,212.49,24.47,-1.87,19.77
1/23/2026 15:50,Meter 1,1/23/2026 15:50,65.21,95.95,0,212.84,68.13,8.3,-2.26,5.97,93.55,0,213.34,67.95,8.41,-1.73,7.95,97.72,0,212.7,59.54,7.33,-1.74,6.47,96.57,0,212.47,24.04,-5.72,20.39
1/23/2026 15:51,Meter 1,1/23/2026 15:51,66.52,98.28,0,212.86,78.94,9.62,-0.96,7.01,99.08,0,213.39,58.3,7.22,-1.04,6.25,98.66,0,212.67,62.32,7.67,-1.54,6.26,97.09,0,212.54,24.51,-3.54,19.52
1/23/2026 15:52,Meter 1,1/23/2026 15:52,69.16,99.11,0,212.89,78.73,9.59,0.8,6.23,99.19,0,213.2,63.08,7.81,0.82,6.8,99.29,0,212.89,65.67,8.09,1.02,6.64,98.85,0,212.58,25.49,2.63,19.67
1/23/2026 15:53,Meter 1,1/23/2026 15:53,71.13,98.02,0,212.84,81.46,9.91,1.06,6.67,98.77,0,213.11,61.84,7.65,0.85,7.04,99.28,0,212.9,70.09,8.64,2.13,7.33,96.02,0,212.51,26.2,4.03,21.04
1/23/2026 15:54,Meter 1,1/23/2026 15:54,92.08,98.52,0,212.9,108.36,13.2,-2.66,10.3,96.82,0,213.2,92.32,11.42,1.19,11.06,99.43,0,212.85,75.55,9.31,0.96,8.17,99.32,0,212.66,33.93,-0.52,29.54
1/23/2026 15:55,Meter 1,1/23/2026 15:55,74.24,97.4,0,212.81,95.51,11.62,1.01,10.77,99.56,0,213.12,58.59,7.25,1.15,6.79,98.6,0,212.89,68.62,8.45,2.78,7.7,94.05,0,212.42,27.32,4.94,25.26
1/23/2026 15:56,Meter 1,1/23/2026 15:56,87.79,98.52,0,212.82,89.17,10.85,-0.19,10.43,99.98,0,213.25,84.21,10.43,2,10.05,98.08,0,212.97,89.98,11.08,2.37,10.41,97.51,0,212.25,32.36,4.17,30.89
1/23/2026 15:57,Meter 1,1/23/2026 15:57,102.48,99.3,0,212.71,114.64,13.93,-2,10.82,98.34,0,213.15,90.17,11.17,0.9,10.77,99.65,0,212.99,102.62,12.63,0.48,11.94,99.92,0,212,37.73,-0.62,33.53
1/23/2026 15:58,Meter 1,1/23/2026 15:58,81.12,99.5,0,212.85,90.83,11.04,0.62,7.84,99.69,0,213.25,64.15,7.95,0.37,7.4,99.88,0,213.19,88.39,10.89,1.41,9.6,98.94,0,212.11,29.88,2.39,24.84
1/23/2026 15:59,Meter 1,1/23/2026 15:59,74.23,99.7,0,212.91,84.17,10.24,0.21,7.62,99.96,0,213.13,57.12,7.08,0.27,6.69,99.92,0,213.22,81.41,10.04,1.19,9.41,99.21,0,212.38,27.35,1.67,23.72
1/23/2026 16:00,Meter 1,1/23/2026 16:00,72.69,99.92,0,212.76,87.7,10.67,-0.36,8.34,99.91,0,213.07,57.36,7.1,0.26,6.38,99.92,0,212.84,73.01,8.99,-0.28,7.14,99.92,0,212.36,26.76,-0.39,21.87
1/23/2026 16:01,Meter 1,1/23/2026 16:01,87.88,98.44,0,212.74,106.88,13.01,0.32,11.8,99.96,0,213.17,89.52,11.08,1.89,10.41,98.39,0,212.69,67.24,8.27,1.87,7.42,96.97,0,212.35,32.36,4.08,29.63
1/23/2026 16:02,Meter 1,1/23/2026 16:02,69.88,98.73,0,213,72.57,8.84,-1.43,8.39,98.57,0,213.21,74.27,9.19,-0.86,8.63,99.5,0,213,62.8,7.75,-1.38,7.02,98.13,0,212.78,25.78,-3.67,24.04
1/23/2026 16:03,Meter 1,1/23/2026 16:03,83.1,98.57,0,212.9,99.54,12.13,-2.4,9.44,96.92,0,213.38,83.56,10.35,0.56,9.92,99.84,0,212.82,66.18,8.15,-0.91,6.26,98.96,0,212.52,30.62,-2.75,25.62
1/23/2026 16:04,Meter 1,1/23/2026 16:04,83.23,98.99,0,212.87,103.24,12.56,-1.4,10.4,99.1,0,213.04,71.15,8.81,-0.58,8,99.74,0,213.07,75.29,9.28,-1.51,7.73,98.14,0,212.5,30.65,-3.49,26.13
1/23/2026 16:05,Meter 1,1/23/2026 16:05,64.46,99.18,0,212.92,65.67,7.99,0.63,6.99,99.6,0,213.2,65.5,8.11,0.96,7.77,99.24,0,213.01,62.22,7.67,1.2,7.31,98.69,0,212.56,23.77,2.79,22.07
1/23/2026 16:06,Meter 1,1/23/2026 16:06,73.88,99.97,0,212.88,93.28,11.36,-0.13,8.09,99.99,0,213.26,60.93,7.54,-0.08,6.79,99.99,0,212.87,67.45,8.31,-0.24,6.5,99.93,0,212.51,27.21,-0.45,21.38
1/23/2026 16:07,Meter 1,1/23/2026 16:07,85.9,99.83,0,212.79,111.45,13.54,-0.9,11.12,99.67,0,213.05,79.63,9.86,0.36,9.53,99.93,0,213.16,66.61,8.21,0.32,7.05,99.9,0,212.18,31.61,-0.22,27.7
1/23/2026 16:08,Meter 1,1/23/2026 16:08,78.77,98.87,0,212.78,97.43,11.84,-1.88,9.9,98.24,0,213.17,75.27,9.32,0.18,8.98,99.98,0,213.07,63.61,7.83,-1.22,6.71,98.39,0,212.1,29,-2.92,25.6
1/23/2026 16:09,Meter 1,1/23/2026 16:09,67.57,99.02,0,212.82,76.1,9.24,0.68,8.4,99.68,0,213.06,58.43,7.24,0.63,6.86,99.58,0,213.27,68.18,8.4,1.57,7.36,97.79,0,212.12,24.89,2.88,22.62
1/23/2026 16:10,Meter 1,1/23/2026 16:10,77.49,99.47,0,212.86,91.86,11.17,-1.18,7.52,98.8,0,213.32,62.91,7.8,-0.62,7.27,99.63,0,213.16,77.69,9.57,-0.13,7.57,99.99,0,212.11,28.54,-1.93,22.37
1/23/2026 16:11,Meter 1,1/23/2026 16:11,80.49,99.44,0,212.69,81.74,9.93,-0.88,8.23,99.43,0,213.2,79.19,9.81,0.04,9.56,100,0,213.07,80.54,9.91,1.39,9.24,98.88,0,211.79,29.65,0.55,27.02
1/23/2026 16:12,Meter 1,1/23/2026 16:12,77.61,98.76,0,212.81,78.34,9.51,0.66,9.11,99.74,0,213.38,67.46,8.38,1.21,8.06,98.88,0,213.35,87.01,10.71,2.25,10.25,97.67,0,211.7,28.59,4.13,27.43
1/23/2026 16:13,Meter 1,1/23/2026 16:13,88.43,99.15,0,212.7,98.68,11.99,0.04,9.72,100,0,213.15,79.84,9.89,1.3,9.43,99.07,0,213.02,86.78,10.68,1.81,9.92,98.38,0,211.94,32.56,3.14,29.07
1/23/2026 16:14,Meter 1,1/23/2026 16:14,78.41,97.83,0,212.73,92.91,11.29,-0.86,10.49,99.66,0,212.9,78.52,9.71,2.18,9.21,97.32,0,212.98,63.81,7.86,1.98,7.3,96.51,0,212.31,28.87,3.29,27
1/23/2026 16:15,Meter 1,1/23/2026 16:15,83.05,97.08,0,212.76,90.31,10.98,-1.13,9.52,99.31,0,213,90.74,11.23,3.02,10.52,96.12,0,212.97,68.09,8.39,2.27,7.62,95.82,0,212.32,30.6,4.17,27.65
1/23/2026 16:16,Meter 1,1/23/2026 16:16,69.58,98.5,0,212.79,71.53,8.69,0.06,7.77,100,0,213.14,58.23,7.21,1.38,6.71,97.94,0,213.12,78.97,9.73,1.96,8.73,97.57,0,212.1,25.63,3.41,23.22
1/23/2026 16:17,Meter 1,1/23/2026 16:17,66.29,99.5,0,212.95,76.81,9.35,-0.86,6.2,99.05,0,213.22,54.43,6.74,-0.34,6.45,99.86,0,213.14,67.63,8.34,0.68,7.55,99.59,0,212.51,24.43,-0.52,20.19
1/23/2026 16:18,Meter 1,1/23/2026 16:18,69.19,97.37,0,213.09,83.46,10.16,-1.95,6.92,96.27,0,213.21,54.14,6.71,-1.57,6.01,96.73,0,213.4,69.98,8.64,-1.05,7.78,99.1,0,212.66,25.51,-4.57,20.7
1/23/2026 16:19,Meter 1,1/23/2026 16:19,82.99,99.41,0,213.01,89.84,10.93,0.12,8.05,99.99,0,213.29,72.19,8.95,0.37,8.55,99.91,0,213.23,86.92,10.72,1.87,10.07,98.33,0,212.51,30.6,2.36,26.67
1/23/2026 16:20,Meter 1,1/23/2026 16:20,81.7,99.6,0,212.95,95.32,11.59,-0.29,9.45,99.95,0,213.03,73.94,9.16,-0.09,9,99.99,0,213.24,75.84,9.36,1.31,8.54,98.84,0,212.58,30.11,0.92,26.99
1/23/2026 16:21,Meter 1,1/23/2026 16:21,80.3,99.79,0,212.86,86.71,10.54,-0.64,7.55,99.64,0,212.85,69.55,8.6,-0.27,8.06,99.94,0,213.16,84.64,10.44,0.6,9.42,99.8,0,212.58,29.59,-0.31,25.03
1/23/2026 16:22,Meter 1,1/23/2026 16:22,94.45,99.45,0,212.72,116.71,14.17,-1.69,12.15,99.05,0,212.51,93.42,11.55,1.27,11.07,99.34,0,213.21,73.21,9.04,0.23,7.52,99.96,0,212.45,34.76,-0.19,30.74
1/23/2026 16:23,Meter 1,1/23/2026 16:23,87.5,98.88,0,212.75,97.74,11.88,-1.86,9.88,98.27,0,212.84,88.76,10.97,0.56,10.72,99.86,0,212.92,76,9.37,-1.27,7.33,98.52,0,212.49,32.23,-2.57,27.93
1/23/2026 16:24,Meter 1,1/23/2026 16:24,90.66,98.17,0,212.67,101.42,12.32,-3.33,11.61,96.13,0,212.62,101.62,12.56,0.7,12.38,99.84,0,212.97,68.94,8.5,-1.39,8.04,98.54,0,212.42,33.38,-4.01,32.03
1/23/2026 16:25,Meter 1,1/23/2026 16:25,76.17,97.68,0,212.65,82.93,10.08,-2.84,9.38,95.7,0,212.79,78.13,9.66,-1.15,9.37,99.26,0,212.81,67.45,8.31,-1.56,7.81,98.07,0,212.34,28.05,-5.55,26.56
1/23/2026 16:26,Meter 1,1/23/2026 16:26,79.41,99.39,0,212.65,96.03,11.66,-1.18,9.27,99.2,0,212.61,72.3,8.94,0.54,8.5,99.8,0,212.99,69.91,8.62,0.84,6.48,99.17,0,212.35,29.22,0.21,24.25
1/23/2026 16:27,Meter 1,1/23/2026 16:27,75.88,98.39,0,212.64,84.7,10.3,-1.14,7.29,98.79,0,212.8,75.73,9.36,1.12,8.83,99.21,0,212.72,67.22,8.28,1.61,6.63,97.17,0,212.41,27.94,1.58,22.75
1/23/2026 16:28,Meter 1,1/23/2026 16:28,82.89,98.31,0,212.61,93.93,11.41,-2.14,9.24,97.41,0,212.7,83.97,10.38,1.67,9.92,98.6,0,212.86,70.78,8.72,1.03,6.92,98.91,0,212.28,30.51,0.56,26.07
1/23/2026 16:29,Meter 1,1/23/2026 16:29,80.33,99.42,0,212.69,88.1,10.71,-1.19,7.97,98.91,0,212.92,71.6,8.85,0.95,8.28,99.35,0,212.77,81.3,10.01,-0.08,8.5,100,0,212.39,29.58,-0.31,24.75
1/23/2026 16:30,Meter 1,1/23/2026 16:30,70.41,99.48,0,212.68,64.45,7.85,-0.93,6.98,99.13,0,213.08,73.59,9.1,0.55,8.87,99.81,0,212.49,73.2,9.01,0.85,8.57,99.51,0,212.46,25.95,0.48,24.42
1/23/2026 16:31,Meter 1,1/23/2026 16:31,75.82,97.45,0,212.56,87.34,10.62,-1.36,9.59,99.01,0,212.63,78.18,9.65,2.69,8.79,95.63,0,212.47,61.93,7.63,1.55,7.08,97.69,0,212.57,27.9,2.88,25.46
1/23/2026 16:32,Meter 1,1/23/2026 16:32,74.46,99.25,0,212.55,105.39,12.8,-2.23,10.51,97.82,0,212.69,58.99,7.29,0.26,6.77,99.93,0,212.69,59.02,7.27,0.04,5.67,100,0,212.27,27.36,-1.93,22.94
1/23/2026 16:33,Meter 1,1/23/2026 16:33,70.77,96.37,0,212.62,82.83,10.07,-1.89,8.81,97.76,0,212.69,74.05,9.15,2.62,8.47,95.54,0,212.75,55.43,6.83,1.79,5.99,95.79,0,212.43,26.04,2.52,23.27
1/23/2026 16:34,Meter 1,1/23/2026 16:34,83.04,96.54,0,212.59,99.87,12.14,-2.88,11.6,97.06,0,212.46,95.9,11.83,3.8,11.07,94.58,0,212.71,53.36,6.58,1.26,6.19,97.99,0,212.6,30.55,2.18,28.86
1/23/2026 16:35,Meter 1,1/23/2026 16:35,101.21,95.54,0,212.66,124.88,15.19,-4.65,13.02,94.19,0,212.53,124.12,15.31,5.19,14.24,93.96,0,212.66,54.62,6.74,0.87,4.92,98.48,0,212.79,37.24,1.41,32.19
1/23/2026 16:36,Meter 1,1/23/2026 16:36,100.85,98.63,0,212.7,114.14,13.87,-2.66,13.27,98.05,0,212.67,110.7,13.68,2.77,13.13,97.85,0,212.95,77.7,9.58,-0.08,8.09,100,0,212.49,37.13,0.03,34.49
1/23/2026 16:37,Meter 1,1/23/2026 16:37,81.53,97.95,0,212.7,91.52,11.13,-0.38,8.37,99.9,0,212.89,78.35,9.69,2.66,8.81,95.73,0,212.79,74.72,9.2,1.41,7.35,98.22,0,212.41,30.02,3.69,24.54
1/23/2026 16:38,Meter 1,1/23/2026 16:38,84.74,98.33,0,212.56,102.51,12.46,-0.69,10.06,99.77,0,212.82,78.74,9.73,2.45,8.9,96.43,0,212.64,72.98,8.98,1.11,7.13,98.81,0,212.22,31.17,2.87,26.09
1/23/2026 16:39,Meter 1,1/23/2026 16:39,78.58,97.43,0,212.87,83.98,10.22,-2.97,9.26,95.23,0,213.06,80.07,9.91,-0.83,9.49,99.62,0,213.06,71.68,8.84,-1.78,7.7,97.42,0,212.5,28.96,-5.58,26.45
1/23/2026 16:40,Meter 1,1/23/2026 16:40,47.02,96.3,0,212.58,40.86,4.97,0.98,4.43,97.66,0,213.08,45.8,5.67,1.32,5.24,96.97,0,212.58,54.39,6.69,2.14,6.04,94.28,0,212.06,17.32,4.43,15.71
1/23/2026 16:41,Meter 1,1/23/2026 16:41,81.79,99.42,0,212.63,91.35,11.11,-1.5,8.86,98.61,0,212.82,71.84,8.87,-0.66,8.3,99.68,0,212.64,82.16,10.12,-0.22,8.3,99.97,0,212.43,30.1,-2.37,25.47
1/23/2026 16:42,Meter 1,1/23/2026 16:42,64.16,96.98,0,212.52,68.69,8.35,0.07,6.65,99.99,0,212.89,63.26,7.82,1.48,7.36,98.03,0,212.43,60.51,7.44,2.41,6.06,92.92,0,212.25,23.61,3.97,20.06
1/23/2026 16:43,Meter 1,1/23/2026 16:43,81.5,99.62,0,212.74,87.71,10.68,-1.53,10.11,98.87,0,213.03,77.47,9.57,-0.05,9.2,100,0,212.54,79.31,9.77,-0.15,8.68,99.98,0,212.65,30.02,-1.73,27.98
1/23/2026 16:44,Meter 1,1/23/2026 16:44,62.27,98.78,0,212.77,68.05,8.29,-0.6,4.71,99.21,0,213.11,55.44,6.85,-0.14,6.53,99.98,0,212.59,63.34,7.8,1.53,6.27,97.15,0,212.6,22.94,0.8,17.51
1/23/2026 16:45,Meter 1,1/23/2026 16:45,85.89,98.67,0,212.67,93.14,11.33,-2.97,10.66,96.32,0,212.86,86.32,10.67,0.43,10.43,99.92,0,212.72,78.22,9.64,-0.61,8.8,99.76,0,212.44,31.63,-3.16,29.89
1/23/2026 16:46,Meter 1,1/23/2026 16:46,85.47,98.28,0,212.46,94.18,11.44,-0.45,8.7,99.87,0,212.62,65.78,8.12,1.94,7.4,96.72,0,212.62,96.46,11.87,2.11,11.15,98.26,0,212.13,31.43,3.6,27.25
1/23/2026 16:47,Meter 1,1/23/2026 16:47,81.56,98.43,0,212.45,94.45,11.48,-0.26,8.06,99.95,0,212.7,66.69,8.24,1.76,7.2,97.14,0,212.47,83.53,10.27,1.6,8.32,98.2,0,212.19,29.99,3.1,23.58
1/23/2026 16:48,Meter 1,1/23/2026 16:48,78.85,98.99,0,212.53,90.82,11.04,0.49,8.39,99.83,0,212.71,73.15,9.03,1.52,7.98,98.23,0,212.52,72.59,8.93,1.06,7.1,98.91,0,212.37,29.01,3.07,23.48
1/23/2026 16:49,Meter 1,1/23/2026 16:49,75.25,97.99,0,212.81,84.56,10.3,-1.66,9.78,98.6,0,212.9,73.85,9.12,-1.62,8.51,98.23,0,212.72,67.33,8.3,-1.87,7.63,97.13,0,212.82,27.72,-5.14,25.92
1/23/2026 16:50,Meter 1,1/23/2026 16:50,69.07,97.61,0,212.48,89.83,10.92,0.36,10.34,99.94,0,212.47,61.84,7.63,1.93,7.03,96.42,0,212.49,55.54,6.84,1.72,6.29,96.46,0,212.48,25.39,4.02,23.66
1/23/2026 16:51,Meter 1,1/23/2026 16:51,96.06,99.64,0,212.48,120.93,14.7,-1.21,12.89,99.56,0,212.41,88.42,10.9,0.85,10.2,99.65,0,212.43,78.83,9.71,-0.6,7.98,99.71,0,212.59,35.31,-0.96,31.07
1/23/2026 16:52,Meter 1,1/23/2026 16:52,80.64,98.77,0,212.44,97.51,11.86,0.21,8.85,99.97,0,212.75,78.5,9.69,1.84,8.6,97.78,0,212.21,65.9,8.1,1.15,6.69,98.55,0,212.35,29.65,3.2,24.14
1/23/2026 16:53,Meter 1,1/23/2026 16:53,78.44,98.96,0,212.64,81.46,9.92,-1.74,9.09,98.21,0,212.86,77.34,9.54,-0.25,9.09,99.96,0,212.3,76.5,9.42,-1.34,8.24,98.69,0,212.76,28.89,-3.34,26.41
1/23/2026 16:54,Meter 1,1/23/2026 16:54,62.49,98.89,0,212.72,57.51,7,-0.02,5.6,100,0,213.17,59.79,7.4,1.3,6.77,98.2,0,212.61,70.17,8.63,1.46,8.25,98.47,0,212.38,23.03,2.73,20.62
1/23/2026 16:55,Meter 1,1/23/2026 16:55,89.63,98.69,0,212.57,103.53,12.6,-2.76,10.29,96.59,0,213.11,89.59,11.07,1.01,10.83,99.57,0,212.29,75.76,9.31,-0.35,8.66,99.92,0,212.31,32.98,-2.1,29.78
1/23/2026 16:56,Meter 1,1/23/2026 16:56,88.66,98.59,0,212.59,94.68,11.53,-2.53,10.09,96.99,0,213.05,92.46,11.42,0.87,10.88,99.68,0,212.24,78.83,9.69,-1.07,7.86,99.08,0,212.49,32.64,-2.74,28.83
1/23/2026 16:57,Meter 1,1/23/2026 16:57,81.1,99.72,0,212.6,101.54,12.36,-0.54,8.6,99.8,0,213.02,78.4,9.69,1,8.74,99.36,0,212.44,63.36,7.79,-0.09,5.86,99.99,0,212.35,29.84,0.36,23.19
1/23/2026 16:58,Meter 1,1/23/2026 16:58,71.81,99.22,0,212.71,86.2,10.49,-1,6.47,98.83,0,213.05,73.81,9.12,1.11,8.12,99.09,0,212.55,55.42,6.82,-0.33,4.77,99.75,0,212.54,26.44,-0.23,19.36
1/23/2026 16:59,Meter 1,1/23/2026 16:59,68.88,99.37,0,212.66,80.74,9.82,-0.09,6.57,99.99,0,212.95,65.76,8.13,0.33,7.61,99.9,0,212.61,60.15,7.4,-1.08,5.68,98.23,0,212.41,25.35,-0.84,19.85
1/23/2026 17:00,Meter 1,1/23/2026 17:00,63.6,99.75,0,212.63,75.26,9.15,0.57,7.3,99.69,0,212.69,59.65,7.37,0.34,6.79,99.87,0,212.77,55.87,6.88,0.48,5.9,99.67,0,212.42,23.4,1.39,19.99
1/23/2026 17:01,Meter 1,1/23/2026 17:01,90.68,99.35,0,212.58,108.73,13.2,-2.08,12.01,98.53,0,212.76,74.39,9.2,-0.19,8.78,99.98,0,212.87,88.93,10.95,-0.91,9.55,99.55,0,212.11,33.35,-3.18,30.34
1/23/2026 17:02,Meter 1,1/23/2026 17:02,70.77,99.18,0,212.7,72.12,8.76,-0.67,7.58,99.62,0,213.07,58.6,7.26,-1.18,6.76,98.51,0,212.98,81.57,10.04,-1.03,9.47,99.41,0,212.04,26.06,-2.87,23.81
1/23/2026 17:03,Meter 1,1/23/2026 17:03,67.41,97.75,0,212.78,77.33,9.41,-0.39,5.85,99.77,0,213.18,45.82,5.67,-1.54,4.19,93.87,0,212.78,79.07,9.74,0.74,8.22,99.59,0,212.37,24.82,-1.19,18.26
1/23/2026 17:04,Meter 1,1/23/2026 17:04,66.39,99.35,0,212.66,72.08,8.77,0.2,5.89,99.94,0,212.99,50.62,6.26,-0.41,4.87,99.65,0,212.66,76.48,9.41,1.46,8.27,98.48,0,212.32,24.44,1.25,19.03
1/23/2026 17:05,Meter 1,1/23/2026 17:05,70.16,99.46,0,212.54,67.74,8.24,-0.03,5.78,100,0,212.68,62.61,7.72,-0.42,6.73,99.81,0,212.37,80.13,9.87,1.48,8.62,98.56,0,212.58,25.83,1.02,21.14
1/23/2026 17:06,Meter 1,1/23/2026 17:06,78.5,99.77,0,212.43,82.26,10,-0.49,7.39,99.78,0,212.58,68.7,8.48,-0.18,7.75,99.97,0,212.38,84.53,10.4,0.85,8.88,99.55,0,212.32,28.87,0.18,24.01
1/23/2026 17:07,Meter 1,1/23/2026 17:07,84.04,99.85,0,212.58,104.58,12.7,-0.84,9.88,99.64,0,212.58,69.36,8.57,-0.18,8.1,99.98,0,212.81,78.19,9.63,-0.3,8.57,99.94,0,212.35,30.91,-1.33,26.55
1/23/2026 17:08,Meter 1,1/23/2026 17:08,77.26,99.12,0,212.64,95.88,11.66,-1.29,8.71,98.92,0,212.79,61.05,7.54,-1.19,6.99,98.58,0,212.71,74.84,9.22,-0.42,8.09,99.86,0,212.42,28.42,-2.9,23.78
1/23/2026 17:09,Meter 1,1/23/2026 17:09,65.68,97.52,0,212.71,62.38,7.59,-1.35,6.89,98.13,0,212.92,54.77,6.77,-1.97,6.05,95.06,0,212.77,79.9,9.84,-1.07,9.43,99.36,0,212.44,24.2,-4.4,22.36
1/23/2026 17:10,Meter 1,1/23/2026 17:10,72.31,99.33,0,212.58,74.48,9.05,0.61,6.23,99.52,0,212.84,57.98,7.17,-0.17,6.29,99.96,0,212.7,84.47,10.4,1.63,9.29,98.5,0,212.18,26.61,2.07,21.82
1/23/2026 17:11,Meter 1,1/23/2026 17:11,63.02,99.54,0,212.63,59.9,7.28,0.21,6.9,99.96,0,212.94,61.82,7.64,0.09,7.48,99.99,0,212.7,67.35,8.29,1.29,7.85,98.68,0,212.23,23.22,1.59,22.23
1/23/2026 17:12,Meter 1,1/23/2026 17:12,71.66,99.62,0,212.63,80.14,9.75,-0.66,6.62,99.51,0,212.86,61.32,7.58,-0.5,7.14,99.76,0,212.67,73.52,9.05,0.73,7.94,99.58,0,212.35,26.37,-0.42,21.7
1/23/2026 17:13,Meter 1,1/23/2026 17:13,55.68,98.26,0,212.59,45.59,5.54,0.56,5.06,99.4,0,212.52,57.93,7.15,0.42,6.94,99.82,0,212.77,63.53,7.83,2.23,7.26,95.58,0,212.49,20.52,3.21,19.26
1/23/2026 17:14,Meter 1,1/23/2026 17:14,69.51,99.19,0,212.56,85.92,10.44,-0.89,8.22,99.42,0,212.43,49.41,6.1,-1.01,5.28,98.21,0,212.73,73.19,9.02,0.23,7.39,99.95,0,212.53,25.56,-1.67,20.89
1/23/2026 17:15,Meter 1,1/23/2026 17:15,69.73,99.52,0,212.49,89.97,10.93,0,8.36,100,0,212.48,47.09,5.81,-0.11,5.18,99.98,0,212.6,72.14,8.88,1.37,8.01,98.57,0,212.37,25.63,1.27,21.55
1/23/2026 17:16,Meter 1,1/23/2026 17:16,69.96,99.63,0,212.63,85,10.33,-0.08,6.79,99.99,0,212.8,50.01,6.18,-0.33,4.89,99.77,0,212.72,74.87,9.22,1.08,8.12,99.12,0,212.38,25.73,0.67,19.8
1/23/2026 17:17,Meter 1,1/23/2026 17:17,62.53,98.45,0,212.56,68.52,8.33,-0.9,7.82,99.35,0,212.9,47.51,5.87,-1.46,5.06,96.06,0,212.66,71.56,8.8,-0.29,8.2,99.94,0,212.1,23,-2.66,21.08
1/23/2026 17:18,Meter 1,1/23/2026 17:18,90.79,99.49,0,212.27,99.12,12.04,0.65,7.76,99.65,0,212.78,79.65,9.84,0.4,8.82,99.9,0,212.2,93.6,11.49,1.55,10.42,98.92,0,211.81,33.36,2.59,27.01
1/23/2026 17:19,Meter 1,1/23/2026 17:19,90.58,99.75,0,212.26,113.73,13.79,0.02,9.17,100,0,212.62,75.08,9.27,0.17,8.51,99.98,0,212.45,82.93,10.19,1.11,9.18,99.27,0,211.71,33.26,1.31,26.86
1/23/2026 17:20,Meter 1,1/23/2026 17:20,75.87,98.88,0,212.29,89.77,10.89,1.12,7.96,99.02,0,212.48,62.4,7.7,0.37,7.18,99.86,0,212.47,75.43,9.27,1.74,8.08,97.75,0,211.91,27.87,3.24,23.22
1/23/2026 17:21,Meter 1,1/23/2026 17:21,72.17,98.9,0,212.27,83.92,10.18,0.75,8.9,99.64,0,212.37,58.55,7.23,0.43,6.83,99.8,0,212.54,74.03,9.11,2.04,8.51,97.26,0,211.92,26.51,3.22,24.24
1/23/2026 17:22,Meter 1,1/23/2026 17:22,68.46,99.02,0,212.31,84.59,10.27,1.2,7.34,98.7,0,212.38,58.67,7.24,0.65,6.42,99.5,0,212.37,62.11,7.64,0.88,5.78,98.85,0,212.19,25.15,2.73,19.54
1/23/2026 17:23,Meter 1,1/23/2026 17:23,56.2,99.1,0,212.37,67.61,8.21,0.52,5.69,99.58,0,212.55,52.03,6.42,0.74,5.64,99.16,0,212.33,48.96,6.02,0.78,4.58,98.57,0,212.24,20.65,2.04,15.91
1/23/2026 17:24,Meter 1,1/23/2026 17:24,58.07,99.53,0,212.37,72.8,8.84,0.01,7.97,100,0,212.48,53.16,6.56,1.01,6.17,98.69,0,212.43,48.24,5.93,0.22,4.7,99.89,0,212.2,21.33,1.25,18.85
1/23/2026 17:25,Meter 1,1/23/2026 17:25,51.1,98,0,212.33,56.19,6.83,1.08,5.37,98.03,0,212.65,49.08,6.06,0.86,5.67,98.86,0,212.17,48.02,5.9,1.28,5.23,97.12,0,212.17,18.79,3.23,16.27
1/23/2026 17:26,Meter 1,1/23/2026 17:26,68.2,99.79,0,212.32,76.71,9.32,-0.61,6.14,99.51,0,212.74,56.78,7.01,-0.34,6.24,99.85,0,212.11,71.1,8.73,-0.07,7.49,100,0,212.12,25.06,-1.02,19.88
1/23/2026 17:27,Meter 1,1/23/2026 17:27,84.38,98.78,0,212.41,97.91,11.89,-0.79,10.62,99.72,0,212.67,66.37,8.2,-1.8,7.52,97.25,0,212.42,88.84,10.92,-1.13,9.96,99.37,0,212.12,31.01,-3.72,28.09
1/23/2026 17:28,Meter 1,1/23/2026 17:28,67.11,99.97,0,212.31,82.08,9.98,-0.06,6.47,100,0,212.71,58.49,7.22,-0.13,6.45,99.98,0,212.14,60.76,7.46,0.21,5.83,99.94,0,212.09,24.66,0.02,18.76
1/23/2026 17:29,Meter 1,1/23/2026 17:29,73.24,99.21,0,212.46,92.63,11.26,-0.7,7.97,99.62,0,212.73,52.45,6.48,-0.81,5.81,99.05,0,212.39,74.62,9.18,-1.04,7.09,98.95,0,212.26,26.91,-2.54,20.87
1/23/2026 17:30,Meter 1,1/23/2026 17:30,54.78,99.88,0,212.34,62.88,7.64,-0.16,6.71,99.97,0,212.57,43.82,5.41,-0.2,4.96,99.92,0,212.35,57.66,7.09,-0.42,5.83,99.74,0,212.09,20.13,-0.78,17.5
1/23/2026 17:31,Meter 1,1/23/2026 17:31,38.09,99.22,0,212.26,48.53,5.9,0.61,5.45,99.39,0,212.54,31.5,3.88,-0.56,3.47,98.73,0,212.07,34.23,4.2,-0.36,3.69,99.52,0,212.16,13.99,-0.31,12.61
1/23/2026 17:32,Meter 1,1/23/2026 17:32,67.46,99.4,0,212.19,92.37,11.22,0.63,7.7,99.67,0,212.47,49.22,6.07,-0.13,4.78,99.96,0,211.92,60.78,7.46,-0.77,4.47,98.56,0,212.18,24.75,-0.27,16.95
1/23/2026 17:33,Meter 1,1/23/2026 17:33,75.06,98.22,0,212.24,99.54,12.09,-0.2,11.71,99.99,0,212.25,60.34,7.43,-0.92,6.99,99.14,0,212.05,65.3,8.03,-2.26,7.3,95.53,0,212.41,27.56,-3.38,26
1/23/2026 17:34,Meter 1,1/23/2026 17:34,70.82,99.25,0,212.16,91.2,11.08,1.61,9.48,98.58,0,212.28,57.54,7.09,0.07,6.31,99.99,0,211.93,63.72,7.83,0.84,6.58,99.19,0,212.26,25.99,2.53,22.36
1/23/2026 17:35,Meter 1,1/23/2026 17:35,72.73,97.33,0,212.13,84.49,10.26,-0.79,9.95,99.69,0,212.35,63.75,7.85,-2.03,7.19,96.24,0,211.85,69.96,8.59,-2.24,7.75,96.05,0,212.2,26.71,-5.06,24.89
1/23/2026 17:36,Meter 1,1/23/2026 17:36,60.82,99.55,0,212.12,69.24,8.4,0.92,7.15,99.18,0,212.46,50.13,6.18,0.12,5.83,99.98,0,211.99,63.08,7.74,0.73,7.24,99.49,0,211.9,22.33,1.78,20.22
1/23/2026 17:37,Meter 1,1/23/2026 17:37,74.35,99.91,0,212.21,97.28,11.81,0.39,8.88,99.9,0,212.37,62.85,7.75,-0.02,7.15,100,0,212.24,62.92,7.73,-0.36,6.19,99.83,0,212.03,27.29,0.01,22.22
1/23/2026 17:38,Meter 1,1/23/2026 17:38,77.58,98.79,0,212.26,94.85,11.52,-1.29,8.74,98.93,0,212.39,62.13,7.66,-1.22,7.12,98.57,0,212.21,75.75,9.31,-1.19,7.8,98.86,0,212.19,28.49,-3.69,23.66
1/23/2026 17:39,Meter 1,1/23/2026 17:39,70.38,99.84,0,212.1,79.43,9.64,-0.05,7.97,100,0,212.28,58.39,7.19,-0.43,6.53,99.78,0,211.99,73.33,9.01,0.55,7.61,99.74,0,212.04,25.84,0.07,22.11
1/23/2026 17:40,Meter 1,1/23/2026 17:40,83.9,99.52,0,212.09,109.37,13.27,-1.3,10.61,99.25,0,212.03,70.54,8.68,0.91,8.17,99.38,0,212.04,71.8,8.83,0.29,7.21,99.92,0,212.21,30.78,-0.1,25.98
1/23/2026 17:41,Meter 1,1/23/2026 17:41,79.97,99.07,0,212.08,98.57,11.95,-0.39,9.52,99.92,0,212.01,68.1,8.39,0.45,7.67,99.82,0,212.22,73.24,9,1.73,7.55,97.47,0,212,29.34,1.8,24.75
1/23/2026 17:42,Meter 1,1/23/2026 17:42,84.8,99.75,0,212.12,104.35,12.65,-0.77,10.88,99.75,0,212.06,70.57,8.69,-0.25,8.22,99.95,0,212.25,79.48,9.77,0.81,8.56,99.55,0,212.06,31.12,-0.21,27.65
1/23/2026 17:43,Meter 1,1/23/2026 17:43,79.92,99.74,0,212.17,91.06,11.04,-0.96,9,99.44,0,212.17,71.46,8.81,0.55,8.48,99.79,0,212.28,77.25,9.5,-0.06,8.11,100,0,212.05,29.35,-0.47,25.6
1/23/2026 17:44,Meter 1,1/23/2026 17:44,68.62,99.93,0,212,79.14,9.59,-0.37,8.9,99.92,0,211.99,57.94,7.14,0,6.76,100,0,212.13,68.78,8.45,0.38,7.89,99.88,0,211.88,25.18,0.01,23.54
1/23/2026 17:45,Meter 1,1/23/2026 17:45,69.58,99.3,0,211.97,79.09,9.59,0.11,7.97,99.99,0,212.31,54.31,6.7,0.89,5.88,98.88,0,211.96,75.33,9.24,1.25,8.86,99.02,0,211.64,25.52,2.25,22.71
1/23/2026 17:46,Meter 1,1/23/2026 17:46,73.89,99.08,0,212,92.59,11.23,-0.03,8.13,100,0,212.28,68.06,8.39,1.53,7.41,97.92,0,211.99,61.03,7.49,0.67,5.75,99.33,0,211.75,27.1,2.18,21.3
1/23/2026 17:47,Meter 1,1/23/2026 17:47,54.6,99.61,0,212.07,69.95,8.48,-1.02,8.19,99.23,0,212.19,47.06,5.8,-0.24,5.56,99.91,0,212.09,46.81,5.75,-0.41,5.22,99.7,0,211.94,20.03,-1.67,18.97
1/23/2026 17:48,Meter 1,1/23/2026 17:48,79.93,98.89,0,212.07,99.81,12.09,-1.4,9.7,98.97,0,212.06,64.96,8.01,-1.19,7.61,98.81,0,212.4,75.03,9.22,-1.21,8.03,98.88,0,211.74,29.32,-3.8,25.34
1/23/2026 17:49,Meter 1,1/23/2026 17:49,69.11,97.78,0,211.84,87.59,10.59,0.52,9.99,99.87,0,211.69,61.34,7.55,1.55,7.15,97.72,0,212.22,58.4,7.18,2,6.61,95.74,0,211.61,25.32,4.07,23.75
1/23/2026 17:50,Meter 1,1/23/2026 17:50,81.64,99.88,0,212.04,101.07,12.25,-0.38,11.44,99.95,0,212.07,66.02,8.14,-0.33,7.86,99.91,0,212.26,77.82,9.56,-0.58,8.7,99.78,0,211.79,29.94,-1.28,27.99
1/23/2026 17:51,Meter 1,1/23/2026 17:51,72.88,99.39,0,212.17,92.8,11.26,-1.07,8.43,99.2,0,212.24,60.22,7.42,-0.37,6.88,99.86,0,212.28,65.6,8.06,-0.84,6.24,99.11,0,211.99,26.74,-2.28,21.55
1/23/2026 17:52,Meter 1,1/23/2026 17:52,72.04,99.65,0,212.06,88.38,10.72,-0.6,8.53,99.75,0,212.12,56.74,6.99,-0.55,6.05,99.58,0,212.03,71.01,8.72,0.59,6.66,99.61,0,212.02,26.43,-0.56,21.24
1/23/2026 17:53,Meter 1,1/23/2026 17:53,85.83,99.67,0,212,97.19,11.79,-1.18,8.44,99.03,0,212.15,71.49,8.8,0.11,8.18,99.99,0,211.84,88.83,10.91,-0.06,9.3,100,0,212.02,31.5,-1.13,25.91
1/23/2026 17:54,Meter 1,1/23/2026 17:54,68.92,99.53,0,211.99,74.2,9.01,-1.17,8.22,99.01,0,212.07,63.56,7.82,0.55,7.57,99.74,0,211.75,69.01,8.47,-0.41,7.71,99.86,0,212.14,25.3,-1.03,23.5
1/23/2026 17:55,Meter 1,1/23/2026 17:55,74.5,99.12,0,212.05,90.16,10.94,-1.42,9.15,98.82,0,212.15,68.58,8.44,0.11,8.16,99.99,0,211.83,64.77,7.96,-1.12,6.52,98.56,0,212.17,27.34,-2.43,23.83
1/23/2026 17:56,Meter 1,1/23/2026 17:56,78.71,99.91,0,211.87,88.7,10.75,-0.32,8.99,99.94,0,211.75,70.09,8.61,-0.05,8.03,100,0,211.77,77.33,9.5,0.49,7.78,99.8,0,212.1,28.87,0.13,24.8
1/23/2026 17:57,Meter 1,1/23/2026 17:57,67.26,99.35,0,212.2,86.02,10.45,-1.28,9.48,99.09,0,212.1,51.23,6.31,0.17,6,99.96,0,212.07,64.54,7.94,-0.92,6.48,99,0,212.43,24.69,-2.03,21.96
1/23/2026 17:58,Meter 1,1/23/2026 17:58,64.8,98.92,0,212.63,97.52,11.87,-0.48,11.68,99.92,0,212.51,48.89,6.03,1.35,5.69,97.31,0,212.55,47.99,5.92,0.52,5.44,99.54,0,212.83,23.81,1.39,22.81
1/23/2026 17:59,Meter 1,1/23/2026 17:59,68.88,98.96,0,212.81,83.27,10.15,-0.58,7.72,99.72,0,212.94,57.75,7.13,1.01,6.3,98.74,0,212.58,65.62,8.09,1.2,6.7,98.43,0,212.92,25.37,1.63,20.72
1/23/2026 18:00,Meter 1,1/23/2026 18:00,72.24,99.84,0,213.04,87.05,10.62,-0.49,9.71,99.87,0,213.32,60.54,7.49,0.55,7.19,99.71,0,212.84,69.14,8.52,0.24,7.77,99.95,0,212.96,26.63,0.31,24.66
1/23/2026 18:01,Meter 1,1/23/2026 18:01,71.24,99.82,0,213.18,86.4,10.53,-0.34,8.44,99.92,0,213.39,54.44,6.75,-0.17,5.96,99.96,0,213.27,72.87,9,0.7,7.75,99.59,0,212.9,26.27,0.19,22.15
1/23/2026 18:02,Meter 1,1/23/2026 18:02,70.71,99.9,0,213.08,75.58,9.2,0.25,8.57,99.96,0,213.22,59.96,7.43,0.37,7.23,99.87,0,213.22,76.59,9.45,0.47,9,99.87,0,212.8,26.08,1.09,24.8
1/23/2026 18:03,Meter 1,1/23/2026 18:03,73.63,98.95,0,213.15,85.51,10.42,-0.61,8.75,99.76,0,213.35,59.57,7.38,-1.36,6.59,97.93,0,213.16,75.81,9.36,-1.08,8.34,99.18,0,212.93,27.16,-3.05,23.67
1/23/2026 18:04,Meter 1,1/23/2026 18:04,65.36,99.63,0,213.04,85.46,10.42,0.71,10.01,99.75,0,213.3,60.17,7.45,0.69,7.26,99.55,0,212.85,50.45,6.22,0.53,5.73,99.58,0,212.96,24.09,1.93,23
1/23/2026 18:05,Meter 1,1/23/2026 18:05,76.63,98.36,0,212.92,99.32,12.1,-0.49,10.79,99.9,0,212.96,63.54,7.85,-1.14,7.06,98.72,0,212.86,67.03,8.27,-1.81,6.64,96.48,0,212.94,28.22,-3.45,24.5
1/23/2026 18:06,Meter 1,1/23/2026 18:06,69.6,97.89,0,213.11,79.41,9.68,-0.99,8.66,99.35,0,213.23,64.9,8.03,-1.19,7.21,98.66,0,213.07,64.48,7.96,-2.06,6.74,95.64,0,213.04,25.67,-4.24,22.61
1/23/2026 18:07,Meter 1,1/23/2026 18:07,71.8,99.33,0,213.03,92.08,11.22,-0.9,9.44,99.54,0,213.04,64.04,7.92,0.75,7.56,99.52,0,212.93,59.26,7.32,-0.8,5.44,98.94,0,213.11,26.46,-0.96,22.44
1/23/2026 18:08,Meter 1,1/23/2026 18:08,83.1,99.43,0,213.01,98.51,12,-1.52,10.75,99.01,0,213.01,74.89,9.26,0.18,8.69,99.98,0,212.98,75.89,9.37,-0.93,7.75,99.29,0,213.03,30.63,-2.26,27.19
1/23/2026 18:09,Meter 1,1/23/2026 18:09,66.52,99.14,0,212.98,68.42,8.34,-0.21,6.64,99.95,0,213.17,59.8,7.4,-0.17,6.46,99.97,0,212.8,71.34,8.8,1.67,7.3,97.5,0,212.97,24.53,1.28,20.4
1/23/2026 18:10,Meter 1,1/23/2026 18:10,69.01,98.8,0,212.74,81.03,9.85,0.25,7.96,99.95,0,212.99,60.76,7.52,1.1,7.21,98.85,0,212.86,65.25,8.04,1.54,6.88,97.59,0,212.38,25.41,2.9,22.05
1/23/2026 18:11,Meter 1,1/23/2026 18:11,77.37,99.7,0,212.9,93.44,11.38,-0.12,9.93,99.99,0,213.33,60.53,7.5,0.13,6.9,99.98,0,212.91,78.15,9.62,1.23,9.21,99.12,0,212.46,28.5,1.23,26.04
1/23/2026 18:12,Meter 1,1/23/2026 18:12,74.38,98.84,0,212.98,79.75,9.71,0.03,8.27,100,0,213.32,62.57,7.75,0.68,7.19,99.56,0,213.07,80.81,9.96,2.37,9.39,96.97,0,212.54,27.42,3.08,24.85
1/23/2026 18:13,Meter 1,1/23/2026 18:13,72.72,99.4,0,213.1,88.99,10.85,-1.15,8.96,99.18,0,213.56,59.09,7.32,0.77,6.87,99.38,0,212.95,70.07,8.64,0.66,7.7,99.63,0,212.78,26.81,0.28,23.53
1/23/2026 18:14,Meter 1,1/23/2026 18:14,63.04,98.11,0,213.01,78.19,9.53,-0.29,7.16,99.92,0,213.53,50.81,6.29,1.25,5.39,97.41,0,212.78,60.11,7.4,1.65,6.61,97.02,0,212.7,23.23,2.61,19.16
1/23/2026 18:15,Meter 1,1/23/2026 18:15,78.83,99.53,0,213.03,104.21,12.71,-0.9,10.53,99.64,0,213.47,63.27,7.83,-0.12,7,99.99,0,212.72,69,8.5,-0.95,6.6,98.97,0,212.91,29.05,-1.97,24.13
1/23/2026 18:16,Meter 1,1/23/2026 18:16,57.29,96.38,0,213.01,67.65,8.24,0.88,7.81,99.37,0,213.26,54.54,6.75,1.98,6.22,95.28,0,212.95,49.67,6.12,1.91,5.5,94.5,0,212.82,21.12,4.77,19.53
1/23/2026 18:17,Meter 1,1/23/2026 18:17,81.7,99.54,0,212.97,116.27,14.15,0.02,12.78,100,0,213.01,70.41,8.72,1.41,8.4,98.62,0,213.13,58.41,7.21,0,5.73,100,0,212.77,30.08,1.43,26.91
1/23/2026 18:18,Meter 1,1/23/2026 18:18,74.1,99.31,0,213.01,106.71,13,-0.31,11.59,99.96,0,213.28,59.63,7.39,0,7.02,100,0,213.07,55.95,6.9,-1.04,5.08,97.95,0,212.66,27.28,-1.36,23.7
1/23/2026 18:19,Meter 1,1/23/2026 18:19,80.25,98.41,0,213.16,94.94,11.58,-1.27,9.21,99.07,0,213.47,70.12,8.68,-0.69,8.05,99.63,0,213,75.69,9.34,-2.15,7.95,96.54,0,213,29.6,-4.1,25.21
1/23/2026 18:20,Meter 1,1/23/2026 18:20,76.38,98.53,0,213.1,94.09,11.48,-1.3,8.91,98.95,0,213.61,64.2,7.95,-0.87,7.41,99.32,0,212.76,70.84,8.73,-1.73,7.3,97.31,0,212.95,28.17,-3.9,23.62
1/23/2026 18:21,Meter 1,1/23/2026 18:21,54.65,97.9,0,213.11,58.96,7.2,0.88,6.43,99.08,0,213.6,45.29,5.61,0.48,5.31,99.6,0,212.64,59.7,7.35,2.12,6.45,95.02,0,213.08,20.16,3.47,18.19
1/23/2026 18:22,Meter 1,1/23/2026 18:22,64.72,99.34,0,213.06,71.21,8.69,-0.46,8.47,99.85,0,213.31,59.88,7.41,-1.3,7.09,98.37,0,212.78,63.06,7.78,-0.47,7.58,99.81,0,213.08,23.87,-2.23,23.15
1/23/2026 18:23,Meter 1,1/23/2026 18:23,73.85,98.47,0,212.99,87.72,10.71,-1.91,8.23,97.42,0,213.41,71.72,8.87,-0.21,7.78,99.96,0,212.61,62.1,7.65,-1.25,6.21,98.03,0,212.97,27.23,-3.37,22.22
1/23/2026 18:24,Meter 1,1/23/2026 18:24,81.3,98.47,0,212.95,109.19,13.32,-1.97,12.59,98.8,0,213.05,69,8.52,-0.93,7.97,99.33,0,212.68,65.71,8.11,-1.77,7.45,97.29,0,213.11,29.95,-4.67,28.01
1/23/2026 18:25,Meter 1,1/23/2026 18:25,79.36,99.65,0,212.97,87.53,10.65,-1.21,10.25,99.31,0,212.96,70.28,8.7,-0.69,8.19,99.65,0,213.12,80.28,9.91,0.08,9.25,100,0,212.82,29.26,-1.82,27.69
1/23/2026 18:26,Meter 1,1/23/2026 18:26,68.82,99.52,0,213.04,78.83,9.6,-0.4,6.83,99.83,0,213.05,57.95,7.17,-0.5,5.98,99.66,0,213.11,69.69,8.6,-0.94,6.92,99.09,0,212.97,25.38,-1.84,19.72
1/23/2026 18:27,Meter 1,1/23/2026 18:27,69.34,97.32,0,213.19,77.45,9.45,-0.87,8.77,99.51,0,213.3,65.27,8.08,-2.3,7.24,95.3,0,213.17,65.31,8.07,-1.77,7.25,97.15,0,213.12,25.59,-4.94,23.26
1/23/2026 18:28,Meter 1,1/23/2026 18:28,54.38,99.64,0,213.14,68.62,8.37,-0.16,5.33,99.95,0,213.34,49,6.07,0.74,5.58,99.14,0,213.02,45.54,5.62,0.23,3.85,99.83,0,213.07,20.06,0.8,14.76
1/23/2026 18:29,Meter 1,1/23/2026 18:29,62.5,99.65,0,213.21,75.15,9.17,0.11,5.73,99.98,0,213.53,54.46,6.75,0.21,4.46,99.89,0,213.01,57.9,7.14,0.71,5.18,99.07,0,213.1,23.06,1.03,15.37
1/23/2026 18:30,Meter 1,1/23/2026 18:30,49.5,96.46,0,213.03,67.56,8.24,1.01,4.89,97.92,0,213.47,42.13,5.22,0.99,3.43,96.05,0,212.83,38.82,4.78,1.22,3.87,95.4,0,212.8,18.24,3.22,12.19
1/23/2026 18:31,Meter 1,1/23/2026 18:31,57.28,99.52,0,213.08,77.76,9.49,1.07,7.64,99.03,0,213.53,44.52,5.51,0.07,4.1,99.99,0,212.85,49.56,6.11,0.53,5.49,99.54,0,212.87,21.11,1.67,17.23
1/23/2026 18:32,Meter 1,1/23/2026 18:32,74.59,99.01,0,213.08,87.53,10.68,-0.21,8.2,99.97,0,213.41,63.19,7.82,-1.61,6.68,97.22,0,212.94,73.05,9.01,-0.45,7.92,99.84,0,212.9,27.51,-2.27,22.8
1/23/2026 18:33,Meter 1,1/23/2026 18:33,65.37,98.75,0,213.13,76.99,9.4,-1.57,8.68,98.4,0,213.53,64.94,8.04,-1.35,7.77,98.52,0,212.85,54.18,6.68,-0.72,6.21,99.34,0,213,24.12,-3.64,22.65
1/23/2026 18:34,Meter 1,1/23/2026 18:34,74.13,99.1,0,213.05,79.54,9.71,0.38,9.3,99.92,0,213.44,63.25,7.83,-1.69,7.33,97.45,0,212.75,79.61,9.81,0.36,9.61,99.93,0,212.96,27.34,-0.95,26.24
1/23/2026 18:35,Meter 1,1/23/2026 18:35,80.61,97.8,0,213.18,85.3,10.42,-0.88,7.63,99.35,0,213.67,67.46,8.36,-2.52,7.29,94.52,0,212.83,89.06,10.98,-0.94,9.61,99.53,0,213.04,29.75,-4.33,24.53
1/23/2026 18:36,Meter 1,1/23/2026 18:36,53.19,98.46,0,213.08,66.22,8.08,-0.04,3.96,99.99,0,213.45,44.98,5.57,-0.16,4.23,99.93,0,212.78,48.38,5.96,1.48,4.75,95.46,0,213.02,19.61,1.28,12.94
1/23/2026 18:37,Meter 1,1/23/2026 18:37,67.29,98.55,0,213.17,81.77,9.96,-1.53,9.54,98.74,0,213.32,58.81,7.29,-1.66,6.82,97.16,0,213.28,61.29,7.57,-0.5,7.13,99.76,0,212.89,24.82,-3.69,23.48
1/23/2026 18:38,Meter 1,1/23/2026 18:38,66.35,96.92,0,213.27,77.35,9.43,-1.56,7.4,97.86,0,213.47,58.12,7.2,-2.37,6.16,93.32,0,213.33,63.59,7.85,-0.64,7.1,99.59,0,213.03,24.49,-4.57,20.66
1/23/2026 18:39,Meter 1,1/23/2026 18:39,38.95,97.2,0,213.15,38.08,4.65,0.2,4.36,99.9,0,213.29,38.2,4.73,0.7,4.41,98.75,0,213.05,40.55,5.01,1.76,4.44,92.94,0,213.09,14.38,2.66,13.2
1/23/2026 18:40,Meter 1,1/23/2026 18:40,66.48,98.39,0,213.12,76.97,9.39,0.02,6.44,100,0,213.41,59.66,7.39,1.16,6.58,98.49,0,213.02,62.82,7.75,1.49,5.63,96.69,0,212.94,24.53,2.67,18.66
1/23/2026 18:41,Meter 1,1/23/2026 18:41,79.74,99.89,0,213.13,93.96,11.46,-0.63,9.96,99.8,0,213.48,62.94,7.8,-0.27,7.45,99.93,0,213.1,82.32,10.15,-0.33,9.17,99.94,0,212.82,29.41,-1.23,26.58
1/23/2026 18:42,Meter 1,1/23/2026 18:42,83.8,99.51,0,213.03,105.03,12.79,1.43,10.9,99.15,0,213.24,68.41,8.47,0.42,7.94,99.86,0,213.13,77.97,9.62,0.89,9.06,99.52,0,212.73,30.88,2.74,27.9
1/23/2026 18:43,Meter 1,1/23/2026 18:43,57.57,99.82,0,213.21,67.24,8.21,-0.21,7.52,99.96,0,213.51,56.42,6.98,0.22,6.78,99.95,0,212.9,49.06,6.05,-0.53,5.62,99.57,0,213.23,21.25,-0.51,19.93
1/23/2026 18:44,Meter 1,1/23/2026 18:44,84.62,98.99,0,213.09,108.98,13.29,0.78,11.66,99.78,0,213.36,68.71,8.51,-1.67,7.35,97.52,0,212.93,76.18,9.4,-0.65,8.01,99.67,0,212.97,31.19,-1.54,27.02
1/23/2026 18:45,Meter 1,1/23/2026 18:45,57.33,99.45,0,213.19,70.07,8.56,-0.51,7.69,99.78,0,213.73,54.11,6.7,-0.86,6.39,99.1,0,212.81,47.81,5.89,-0.54,5.11,99.45,0,213.02,21.15,-1.9,19.19
1/23/2026 18:46,Meter 1,1/23/2026 18:46,57.3,99.85,0,213.03,74.4,9.07,-0.7,8.54,99.66,0,213.31,54.09,6.69,0.23,6.53,99.94,0,212.8,43.4,5.35,0.15,4.83,99.95,0,212.99,21.12,-0.33,19.9
1/23/2026 18:47,Meter 1,1/23/2026 18:47,73.33,99.03,0,213,93.9,11.45,0.72,8.54,99.64,0,213.31,56.43,6.98,0.45,5.27,99.64,0,212.8,69.66,8.59,1.26,5.9,97.79,0,212.9,27.02,2.43,19.71
1/23/2026 18:48,Meter 1,1/23/2026 18:48,75.34,99.95,0,212.98,105.71,12.89,-0.45,8.55,99.86,0,213.38,56.16,6.95,-0.04,5.39,100,0,212.84,64.15,7.91,0,5.52,100,0,212.73,27.74,-0.48,19.45
1/23/2026 18:49,Meter 1,1/23/2026 18:49,65.73,99.3,0,213,88.16,10.76,-1.06,9.79,99.42,0,213.25,55.98,6.92,-0.1,6.43,99.99,0,212.61,53.04,6.54,-1.03,5.85,98.49,0,213.15,24.22,-2.19,22.07
1/23/2026 18:50,Meter 1,1/23/2026 18:50,75.58,99.76,0,212.85,109.64,13.35,-0.26,11.28,99.97,0,212.84,46.88,5.79,0.52,4.48,99.33,0,212.78,70.21,8.66,-0.07,6.22,99.99,0,212.93,27.81,0.2,21.98
1/23/2026 18:51,Meter 1,1/23/2026 18:51,70.62,93.71,0,213.19,85.33,10.41,-2.44,8.36,95.99,0,213.4,58.05,7.19,-2.16,5.67,93.48,0,213.06,68.47,8.45,-2.63,6.02,91.66,0,213.1,26.05,-7.22,20.06
1/23/2026 18:52,Meter 1,1/23/2026 18:52,51.32,99.57,0,213.01,58.14,7.09,-0.73,5.98,99.26,0,213.35,56.02,6.94,0.59,6.45,99.59,0,212.91,39.8,4.91,0.23,4.4,99.86,0,212.77,18.93,0.09,16.83
1/23/2026 18:53,Meter 1,1/23/2026 18:53,73.71,94.4,0,213.09,84.22,10.26,-2.8,8.35,94.82,0,213.23,69.52,8.61,-1.21,8,98.88,0,213.18,67.38,8.32,-2.88,5.79,89.51,0,212.86,27.19,-6.89,22.14
1/23/2026 18:54,Meter 1,1/23/2026 18:54,68.44,99.61,0,213.21,84.97,10.37,-0.8,7.13,99.37,0,213.47,62.91,7.79,-0.1,6.78,99.99,0,213.12,57.44,7.09,-0.55,5.23,99.46,0,213.05,25.25,-1.46,19.14
1/23/2026 18:55,Meter 1,1/23/2026 18:55,74.42,97.25,0,213.16,91.38,11.15,-2.35,8.59,96.45,0,213.53,66.11,8.19,-0.67,7.57,99.61,0,212.99,65.77,8.11,-1.81,5.95,95.68,0,212.96,27.45,-4.83,22.11
1/23/2026 18:56,Meter 1,1/23/2026 18:56,81.73,98.1,0,213.21,97.32,11.87,-1.89,11.32,98.63,0,213.54,73.1,9.06,-2.04,8.35,97.13,0,213.06,74.78,9.23,-1.45,8.37,98.54,0,213.03,30.16,-5.38,28.03
1/23/2026 18:57,Meter 1,1/23/2026 18:57,48.39,96.11,0,213.15,51.17,6.24,-0.69,5.62,99.26,0,213.64,51.41,6.37,1.24,6.01,97.92,0,212.95,42.59,5.25,1.99,4.4,91.15,0,212.86,17.86,2.54,16.03
1/23/2026 18:58,Meter 1,1/23/2026 18:58,83.8,98.16,0,213.28,83.33,10.16,-2.06,9.39,97.68,0,213.45,72.14,8.94,-2.02,8.21,97.11,0,213.42,95.93,11.85,-0.85,10.79,99.69,0,212.97,30.95,-4.93,28.39
1/23/2026 18:59,Meter 1,1/23/2026 18:59,86.77,99.54,0,212.99,104.54,12.72,-0.65,10.76,99.82,0,213.33,67.27,8.34,-0.6,7.66,99.69,0,213.19,88.48,10.9,1.38,10.15,99.09,0,212.43,31.97,0.12,28.57
1/23/2026 19:00,Meter 1,1/23/2026 19:00,79.45,99.23,0,212.95,95.74,11.65,0.06,9.52,100,0,213.29,69.81,8.65,0.61,7.51,99.67,0,213.12,72.79,8.97,1.35,6.66,98.01,0,212.45,29.27,2.02,23.7
1/23/2026 19:01,Meter 1,1/23/2026 19:01,63.34,97.29,0,213.01,80.84,9.84,0.53,7.25,99.73,0,213.39,60.88,7.55,1.55,6.79,97.48,0,213.18,48.3,5.95,1.55,4.57,94.67,0,212.45,23.34,3.64,18.61
1/23/2026 19:02,Meter 1,1/23/2026 19:02,62.42,98.63,0,212.96,94.17,11.46,1.49,9.11,98.68,0,213.36,39.24,4.87,0.53,4.33,99.25,0,213.17,53.86,6.63,0.97,4.71,97.94,0,212.35,22.96,2.99,18.15
1/23/2026 19:03,Meter 1,1/23/2026 19:03,76.38,96.99,0,212.98,93.83,11.41,0,10.71,100,0,213.08,59.54,7.38,-2.2,6.43,94.62,0,213.3,75.78,9.35,-2.14,7.7,96.35,0,212.57,28.14,-4.34,24.84
1/23/2026 19:04,Meter 1,1/23/2026 19:04,76.17,96.41,0,213.03,93.35,11.37,-0.45,10.87,99.83,0,213.14,61.4,7.6,-2.07,6.81,95.57,0,213.21,73.75,9.1,-2.79,7.7,93.84,0,212.73,28.07,-5.31,25.38
1/23/2026 19:05,Meter 1,1/23/2026 19:05,54.04,99.75,0,212.99,71.65,8.73,0.46,5.14,99.61,0,213.18,49.56,6.14,0.44,5.37,99.66,0,213.04,40.92,5.05,0.06,3.98,99.99,0,212.76,19.91,0.96,14.49
1/23/2026 19:06,Meter 1,1/23/2026 19:06,82.44,97.33,0,213.12,85.88,10.47,-1.14,8.88,99.19,0,213.44,71.85,8.9,-2.11,7.77,96.49,0,213.01,89.57,11.05,-2.64,9.46,96.31,0,212.92,30.42,-5.9,26.11
1/23/2026 19:07,Meter 1,1/23/2026 19:07,74.12,96.06,0,213.23,85.53,10.43,-1.15,7.54,98.87,0,213.6,58.58,7.26,-2.33,6.09,93.39,0,213.24,78.24,9.65,-2.44,8.29,95.93,0,212.86,27.35,-5.92,21.93
1/23/2026 19:08,Meter 1,1/23/2026 19:08,64.76,99.96,0,213.01,93.59,11.39,-0.05,9.23,100,0,213.27,47.12,5.84,0.04,5.5,100,0,213.15,53.58,6.61,0.24,5.08,99.89,0,212.63,23.84,0.22,19.81
1/23/2026 19:09,Meter 1,1/23/2026 19:09,76.17,98.44,0,213.1,87.49,10.67,-0.94,8.88,99.45,0,213.54,66.09,8.19,-1.73,7.35,97.34,0,213.01,74.93,9.24,-1.36,7.83,98.52,0,212.75,28.09,-4.02,24.06
1/23/2026 19:10,Meter 1,1/23/2026 19:10,46.76,97.43,0,213,52.83,6.45,0.36,6.08,99.83,0,213.61,49.26,6.1,1.22,5.68,97.75,0,212.58,38.19,4.7,1.35,3.97,94.71,0,212.8,17.25,2.93,15.73
1/23/2026 19:11,Meter 1,1/23/2026 19:11,63.67,98.86,0,213.18,69.44,8.48,-0.07,8.03,100,0,213.68,58.14,7.2,-1.46,6.44,97.52,0,212.92,63.44,7.82,-0.92,6.7,99.07,0,212.95,23.5,-2.45,21.17
1/23/2026 19:12,Meter 1,1/23/2026 19:12,74.5,99.22,0,213.17,95.17,11.62,-0.96,9.28,99.47,0,213.57,63.96,7.92,-0.76,7.11,99.43,0,212.79,64.38,7.94,-0.95,6.02,98.77,0,213.17,27.48,-2.68,22.4
1/23/2026 19:13,Meter 1,1/23/2026 19:13,67.15,99.44,0,213.06,89.98,10.97,0.65,8.86,99.73,0,213.41,55.4,6.86,-0.98,5.75,98.59,0,212.85,56.09,6.91,-0.09,5.93,99.99,0,212.91,24.75,-0.42,20.54
1/23/2026 19:14,Meter 1,1/23/2026 19:14,74.81,99.62,0,213.05,94.74,11.55,-0.06,9.38,100,0,213.62,66.31,8.22,-0.67,7.25,99.58,0,212.89,63.38,7.81,-0.75,6.25,99.29,0,212.64,27.58,-1.48,22.88
1/23/2026 19:15,Meter 1,1/23/2026 19:15,64.56,99.63,0,213.06,79.38,9.67,0.6,6.86,99.62,0,213.41,57.96,7.18,0.28,6.49,99.91,0,213.08,56.35,6.95,0.67,5.87,99.35,0,212.68,23.8,1.55,19.22
1/23/2026 19:16,Meter 1,1/23/2026 19:16,73.95,99.93,0,212.97,87.64,10.67,-0.05,7.84,100,0,213.23,56.02,6.94,0.34,6.45,99.86,0,213.08,78.18,9.64,-0.3,8.43,99.94,0,212.61,27.25,-0.01,22.72
1/23/2026 19:17,Meter 1,1/23/2026 19:17,81.5,97.95,0,212.88,104.02,12.69,0.68,9.43,99.74,0,213.22,65.33,8.08,1.81,7.42,97.16,0,212.5,75.13,9.25,1.99,7.89,96.96,0,212.92,30.02,4.48,24.75
1/23/2026 19:18,Meter 1,1/23/2026 19:18,68.31,99.57,0,213.04,76.82,9.38,-0.13,8.7,99.99,0,213.3,53.17,6.57,-0.94,5.91,98.75,0,212.7,74.94,9.24,0.16,8.45,99.98,0,213.14,25.19,-0.91,23.06
1/23/2026 19:19,Meter 1,1/23/2026 19:19,66.18,98.02,0,212.8,66.96,8.16,0.78,7.23,99.42,0,213.08,50.33,6.22,0.61,5.77,99.45,0,212.65,81.23,10,2.99,9.3,95.18,0,212.65,24.38,4.38,22.3
1/23/2026 19:20,Meter 1,1/23/2026 19:20,71.46,97.81,0,212.92,89.95,10.95,0.43,8.88,99.88,0,213.03,53.05,6.57,0.48,6.02,99.69,0,213.03,71.37,8.8,2.78,7.55,93.86,0,212.7,26.32,3.69,22.46
1/23/2026 19:21,Meter 1,1/23/2026 19:21,81.01,99.72,0,213.04,103.85,12.65,-1.11,12.25,99.6,0,213.26,68.51,8.48,-0.76,8.2,99.58,0,213.09,70.67,8.72,-0.11,8.38,99.99,0,212.78,29.85,-1.97,28.83
1/23/2026 19:22,Meter 1,1/23/2026 19:22,73.95,99.57,0,213.01,97,11.82,-0.25,9.75,99.97,0,213.21,60.62,7.5,-0.82,6.54,99.22,0,212.93,64.23,7.92,0.62,6.28,99.52,0,212.89,27.25,-0.45,22.57
1/23/2026 19:23,Meter 1,1/23/2026 19:23,67.65,99.13,0,212.97,85.29,10.39,0.97,9.47,99.48,0,213.42,60.42,7.49,0.31,7.2,99.91,0,213,57.24,7.05,1.24,6.11,98,0,212.49,24.93,2.52,22.78
1/23/2026 19:24,Meter 1,1/23/2026 19:24,78.67,99.92,0,212.94,106.67,12.99,0.53,10.94,99.88,0,213.44,66.23,8.21,-0.25,7.72,99.95,0,212.98,63.13,7.77,-0.24,6.37,99.93,0,212.41,28.97,0.03,25.02
1/23/2026 19:25,Meter 1,1/23/2026 19:25,72.49,99.76,0,213.05,77.36,9.42,-0.29,8.45,99.94,0,213.72,69.27,8.59,-0.5,8.36,99.82,0,213.08,70.83,8.72,-0.84,8.41,99.5,0,212.34,26.74,-1.63,25.23
1/23/2026 19:26,Meter 1,1/23/2026 19:26,74.34,98.27,0,213.09,78.05,9.51,-1.26,9.04,99.05,0,213.68,70.97,8.8,-1.5,8.45,98.45,0,213.06,74.01,9.12,-1.99,8.41,97.32,0,212.52,27.43,-4.75,25.91
1/23/2026 19:27,Meter 1,1/23/2026 19:27,49.74,96.94,0,212.93,68.42,8.34,1.39,7.65,98.39,0,213.63,47.81,5.93,1.33,5.56,97.27,0,212.8,32.98,4.06,1.01,3.12,95.15,0,212.37,18.32,3.72,16.33
1/23/2026 19:28,Meter 1,1/23/2026 19:28,81.84,99.39,0,213.14,92.02,11.22,0.35,10.93,99.95,0,213.87,75.29,9.34,-0.52,9.13,99.84,0,213.03,78.22,9.63,-1.56,8.57,98.38,0,212.54,30.2,-1.72,28.62
1/23/2026 19:29,Meter 1,1/23/2026 19:29,75.66,99.27,0,213.05,86.76,10.58,1.15,8.46,99.09,0,213.69,66.57,8.26,0.74,7.63,99.53,0,212.93,73.66,9.07,0.89,6.98,99.19,0,212.52,27.9,2.78,23.08
1/23/2026 19:30,Meter 1,1/23/2026 19:30,72.44,98.82,0,213.22,89.12,10.88,-0.4,9.4,99.91,0,213.75,63.25,7.84,-1.46,7.45,98.12,0,213.06,64.95,8.01,-1.34,7.47,98.43,0,212.84,26.73,-3.2,24.33
1/23/2026 19:31,Meter 1,1/23/2026 19:31,77.46,98.09,0,213.14,93.98,11.46,-0.15,9.01,99.99,0,213.58,59.81,7.41,-1.99,6.65,95.81,0,213.06,78.57,9.69,-1.34,7.6,98.47,0,212.77,28.56,-3.49,23.27
1/23/2026 19:32,Meter 1,1/23/2026 19:32,75.02,94.9,0,213.15,99.92,12.19,-0.25,8.73,99.96,0,213.61,47.12,5.84,-2.38,4.49,88.33,0,213.01,78.01,9.62,-2,7.25,96.41,0,212.83,27.65,-4.63,20.48
1/23/2026 19:33,Meter 1,1/23/2026 19:33,63.93,96.45,0,213.16,96.09,11.73,0.1,8.63,99.99,0,213.7,37.21,4.61,-1.49,3.4,91.61,0,212.93,58.51,7.21,-1.05,4.88,97.75,0,212.85,23.55,-2.44,16.92
1/23/2026 19:34,Meter 1,1/23/2026 19:34,55.31,97.78,0,213.19,82.73,10.1,1.08,9.9,99.41,0,213.83,28.52,3.54,-1.08,2.99,94.05,0,212.87,54.67,6.73,0.35,6.54,99.86,0,212.86,20.37,0.34,19.44
1/23/2026 19:35,Meter 1,1/23/2026 19:35,46.14,99.34,0,213.38,57.98,7.09,-0.7,6.84,99.48,0,214.13,30.2,3.75,-0.6,3.48,98.54,0,212.94,50.25,6.19,-0.09,6.04,99.99,0,213.06,17.03,-1.39,16.37
1/23/2026 19:36,Meter 1,1/23/2026 19:36,45.38,98.97,0,213.29,48.81,5.96,0.54,4.47,99.27,0,213.93,36.23,4.49,0.28,4.13,99.77,0,213.01,51.11,6.3,1.19,5.66,97.87,0,212.94,16.76,2.01,14.26
1/23/2026 19:37,Meter 1,1/23/2026 19:37,50.06,98.63,0,213.33,53.75,6.57,-1.51,6.13,97.09,0,213.82,48.99,6.07,-0.83,5.85,99.02,0,212.91,47.43,5.85,-0.39,5.65,99.76,0,213.25,18.49,-2.72,17.62
1/23/2026 19:38,Meter 1,1/23/2026 19:38,71.26,99.81,0,213.3,84.22,10.29,-0.21,6.87,99.96,0,213.92,62.21,7.71,-0.38,6.68,99.84,0,212.96,67.33,8.3,0.63,7.18,99.62,0,213.03,26.31,0.05,20.72
1/23/2026 19:39,Meter 1,1/23/2026 19:39,74.52,99.74,0,213.26,86.19,10.51,-0.31,7.57,99.92,0,213.49,67.12,8.32,-0.13,7.63,99.99,0,213.32,70.25,8.67,0.9,7.71,99.33,0,212.97,27.51,0.45,22.9
1/23/2026 19:40,Meter 1,1/23/2026 19:40,54,96.08,0,213.05,63.18,7.7,0.4,7.5,99.86,0,213.26,46.37,5.74,0.52,5.52,99.55,0,213.1,52.44,6.47,2.88,5.58,88.83,0,212.79,19.91,3.81,18.59
1/23/2026 19:41,Meter 1,1/23/2026 19:41,79.35,99.29,0,213.13,104.35,12.73,-1.61,10.68,98.88,0,213.34,59.58,7.38,-0.8,6.81,99.31,0,213.08,74.14,9.15,-0.58,7.32,99.68,0,212.97,29.25,-3,24.82
1/23/2026 19:42,Meter 1,1/23/2026 19:42,57.15,99.82,0,213.21,74.61,9.1,0.07,6.4,99.99,0,213.57,46.5,5.76,0.11,5.34,99.98,0,213.14,50.34,6.21,0.52,5.03,99.48,0,212.91,21.08,0.69,16.78
1/23/2026 19:43,Meter 1,1/23/2026 19:43,73.14,99.61,0,213.17,91.73,11.19,-0.18,7.15,99.97,0,213.67,52.86,6.55,-0.86,5.81,98.93,0,213,74.81,9.22,-0.29,7.66,99.93,0,212.84,26.97,-1.33,20.62
1/23/2026 19:44,Meter 1,1/23/2026 19:44,68.78,99.46,0,213.16,84.13,10.26,0.7,7.38,99.56,0,213.73,51.7,6.42,-0.43,5.43,99.69,0,213.16,70.51,8.69,1.02,7.68,99.14,0,212.58,25.36,1.29,20.49
1/23/2026 19:45,Meter 1,1/23/2026 19:45,64.27,98.74,0,213.14,83.28,10.14,0.33,9.5,99.94,0,213.47,41.41,5.14,-1.27,4.53,96.31,0,213.32,68.14,8.4,-0.16,7.61,99.98,0,212.63,23.68,-1.09,21.64
1/23/2026 19:46,Meter 1,1/23/2026 19:46,78.49,98.65,0,213.15,107.37,13.08,0.26,11.76,99.97,0,213.53,55.52,6.89,-1.51,6.05,97.01,0,213.38,72.57,8.95,-1.08,7.38,98.95,0,212.53,28.92,-2.33,25.2
1/23/2026 19:47,Meter 1,1/23/2026 19:47,43.01,94.61,0,213.04,66.3,8.07,1.86,7.71,97.21,0,213.22,29.78,3.69,1.3,3.04,91.93,0,213.18,32.94,4.06,1.21,3.56,94.68,0,212.71,15.83,4.37,14.31
1/23/2026 19:48,Meter 1,1/23/2026 19:48,47.52,98.65,0,213.18,64.21,7.83,0.83,7.18,99.34,0,213.48,36.6,4.54,0.34,3.95,99.62,0,213.21,41.74,5.15,1.18,4.71,96.99,0,212.86,17.51,2.36,15.84
1/23/2026 19:49,Meter 1,1/23/2026 19:49,61.29,97.47,0,213.33,76.26,9.31,-1.46,7.38,98.09,0,213.82,51.11,6.34,-0.78,6.01,99.16,0,213.16,56.49,6.97,-1.95,6.04,95.15,0,213,22.62,-4.2,19.43
1/23/2026 19:50,Meter 1,1/23/2026 19:50,67.93,99.75,0,213.26,78.4,9.57,-0.35,6.47,99.85,0,213.84,57.35,7.12,-0.19,6.02,99.95,0,213.11,68.04,8.39,-0.62,5.78,99.44,0,212.82,25.07,-1.16,18.28
1/23/2026 19:51,Meter 1,1/23/2026 19:51,73.43,98.26,0,213.25,89.6,10.93,-1.64,8.44,98.17,0,214,61.26,7.61,-1.48,6.83,97.74,0,213.12,69.44,8.55,-1.05,6.89,98.87,0,212.62,27.09,-4.16,22.16
1/23/2026 19:52,Meter 1,1/23/2026 19:52,78.35,99.15,0,213.32,78.37,9.56,-1.22,8.4,98.96,0,214,64.54,8.02,-1.26,7.6,98.66,0,213.36,92.14,11.36,-0.58,10.16,99.84,0,212.59,28.94,-3.05,26.16
1/23/2026 19:53,Meter 1,1/23/2026 19:53,72.35,97.61,0,213.41,74.12,9.05,-1.37,8.15,98.62,0,214.11,58.33,7.24,-2.27,6.47,94.39,0,213.27,84.61,10.43,-0.59,10.01,99.82,0,212.87,26.73,-4.23,24.63
1/23/2026 19:54,Meter 1,1/23/2026 19:54,77.18,99.26,0,213.26,96.12,11.73,-0.64,8.26,99.71,0,213.71,59.51,7.38,-1.27,6.52,98.16,0,213.23,75.91,9.36,-0.3,7.92,99.93,0,212.85,28.47,-2.21,22.71
1/23/2026 19:55,Meter 1,1/23/2026 19:55,75.53,98.37,0,212.96,105.7,12.87,0.82,10.1,99.67,0,213.49,51.09,6.34,-0.12,5.38,99.98,0,213.08,69.8,8.59,2.08,6.67,95.47,0,212.31,27.8,2.78,22.14
1/23/2026 19:56,Meter 1,1/23/2026 19:56,64.41,99.14,0,213.08,86.55,10.54,-0.19,8.62,99.97,0,213.31,54.83,6.8,0.74,6.24,99.3,0,213.28,51.86,6.4,1.06,5.43,98.13,0,212.66,23.73,1.61,20.29
1/23/2026 19:57,Meter 1,1/23/2026 19:57,66.14,99.51,0,213.16,88.66,10.8,0.29,9.2,99.95,0,213.33,55.93,6.93,-0.61,6.35,99.54,0,213.33,53.84,6.65,0.86,6.14,99.03,0,212.82,24.38,0.54,21.69
1/23/2026 19:58,Meter 1,1/23/2026 19:58,83.03,97.16,0,213.22,105.46,12.86,-1.66,10.41,98.76,0,213.45,69.25,8.58,-1.9,7.94,97.26,0,213.3,74.37,9.18,-2.39,7.67,95.46,0,212.91,30.62,-5.95,26.03
1/23/2026 19:59,Meter 1,1/23/2026 19:59,54.19,99.2,0,213.18,73.68,8.98,0.28,6.59,99.91,0,213.38,49.54,6.14,0.82,5.27,98.82,0,213.18,39.35,4.86,0.59,3.91,98.88,0,212.98,19.98,1.69,15.76
1/23/2026 20:00,Meter 1,1/23/2026 20:00,58.49,96.86,0,213.33,71.71,8.76,-2.15,8.11,96.67,0,213.61,56.36,6.98,-0.59,6.78,99.62,0,213.09,47.41,5.85,-1.8,5.09,94.27,0,213.3,21.6,-4.54,19.97
1/23/2026 20:01,Meter 1,1/23/2026 20:01,64.06,98.58,0,213.31,81.58,9.96,-0.26,7.8,99.94,0,213.93,50.66,6.29,1.38,5.63,97.14,0,213.1,59.95,7.39,0.96,5.78,98.65,0,212.92,23.64,2.07,19.21
1/23/2026 20:02,Meter 1,1/23/2026 20:02,58.12,98.23,0,213.41,67.08,8.2,-2.06,7.65,96.58,0,214.03,51.55,6.4,-0.81,6.1,99.13,0,213.2,55.73,6.88,-0.94,6.56,98.99,0,213.01,21.47,-3.8,20.32
1/23/2026 20:03,Meter 1,1/23/2026 20:03,77.84,96.38,0,213.35,99.16,12.11,-2.99,10.75,96.33,0,214,61.27,7.6,-1.99,6.92,96.09,0,213.07,73.08,9.01,-2.14,8.14,96.73,0,212.96,28.73,-7.12,25.81
1/23/2026 20:04,Meter 1,1/23/2026 20:04,86.03,99.74,0,213.26,113.5,13.85,-0.89,12.11,99.73,0,213.83,64.04,7.95,-0.32,7.29,99.91,0,213.17,80.56,9.93,-0.74,8.06,99.58,0,212.78,31.73,-1.95,27.46
1/23/2026 20:05,Meter 1,1/23/2026 20:05,76.64,99.81,0,213.2,103.76,12.67,-0.38,8.32,99.9,0,213.84,56.66,7.03,0.54,6,99.59,0,212.92,69.51,8.56,0.2,6.37,99.95,0,212.83,28.26,0.36,20.69
1/23/2026 20:06,Meter 1,1/23/2026 20:06,80.74,98.91,0,213.34,95.5,11.66,-1.17,11.33,99.47,0,213.71,66.21,8.21,-1.42,7.74,98.36,0,213.28,80.49,9.94,-1.36,9.13,98.9,0,213.02,29.8,-3.96,28.19
1/23/2026 20:07,Meter 1,1/23/2026 20:07,48.21,96.7,0,213.11,64.61,7.88,0.1,7.69,99.99,0,213.67,47.54,5.89,1.49,5.47,96.49,0,212.82,32.46,4,1.21,3.23,93.63,0,212.83,17.77,2.8,16.39
1/23/2026 20:08,Meter 1,1/23/2026 20:08,81.03,96.93,0,213.36,97.31,11.89,-1.8,11.48,98.79,0,213.92,74.82,9.28,-2.03,8.79,97.44,0,213.06,70.96,8.75,-2.61,7.59,94.56,0,213.11,29.92,-6.44,27.86
1/23/2026 20:09,Meter 1,1/23/2026 20:09,51.87,97.46,0,213.2,64.97,7.93,-0.06,7.62,100,0,213.63,48.15,5.97,1.68,5.46,95.59,0,212.92,42.5,5.24,1.23,4.74,96.79,0,213.05,19.14,2.85,17.82
1/23/2026 20:10,Meter 1,1/23/2026 20:10,57.16,98.93,0,213.23,65.24,7.97,-0.9,5.78,98.81,0,213.72,51.54,6.39,1.16,5.95,98.16,0,212.95,54.69,6.74,0.3,5.29,99.84,0,213.01,21.1,0.56,17.02
1/23/2026 20:11,Meter 1,1/23/2026 20:11,73.78,94.12,0,213.36,84.42,10.3,-2.87,9.57,95.78,0,213.65,70.85,8.79,-1.98,8.27,97.24,0,213.32,66.07,8.16,-3.53,7.01,89.33,0,213.11,27.25,-8.38,24.85
1/23/2026 20:12,Meter 1,1/23/2026 20:12,83.24,96.4,0,213.24,104.6,12.76,-2.06,12.37,98.64,0,213.54,76.81,9.52,-1.62,9.09,98.44,0,213.16,68.3,8.43,-3.16,7.47,92.11,0,213.03,30.71,-6.84,28.94
1/23/2026 20:13,Meter 1,1/23/2026 20:13,80.21,96.8,0,213.21,95.49,11.66,-1.76,9.44,98.3,0,213.6,68.93,8.54,-1.03,7.94,99.18,0,213.02,76.2,9.4,-2.45,6.17,92.94,0,213.03,29.6,-5.24,23.56
1/23/2026 20:14,Meter 1,1/23/2026 20:14,88.4,98.52,0,213.16,109.24,13.32,-1.56,13.01,99.29,0,213.14,77.29,9.56,-1.32,9.18,98.98,0,213.2,78.66,9.72,-2.16,9.07,97.28,0,213.13,32.6,-5.04,31.26
1/23/2026 20:15,Meter 1,1/23/2026 20:15,85.54,99.66,0,213.13,101.61,12.38,-0.96,10.29,99.57,0,213.11,74.28,9.19,-0.13,8.74,99.99,0,213.26,80.73,9.97,-0.86,8.06,99.43,0,213.03,31.55,-1.95,27.09
1/23/2026 20:16,Meter 1,1/23/2026 20:16,66.69,99.61,0,213.16,83.55,10.18,-0.93,7.44,99.23,0,213.27,45.87,5.68,-0.44,4.92,99.6,0,213.33,70.64,8.72,0.08,7.48,99.99,0,212.88,24.59,-1.29,19.84
1/23/2026 20:17,Meter 1,1/23/2026 20:17,41.01,96.71,0,213.3,38.73,4.72,-0.72,4.34,98.66,0,213.68,32.91,4.08,0.66,3.61,98.35,0,213.31,51.4,6.34,2.22,5.67,93.11,0,212.92,15.15,2.17,13.61
1/23/2026 20:18,Meter 1,1/23/2026 20:18,34.74,93.74,0,213.41,44.7,5.45,0.48,5,99.55,0,213.81,24.86,3.09,0.67,2.4,96.3,0,213.48,34.68,4.28,2.02,3.31,85.37,0,212.93,12.82,3.17,10.71
1/23/2026 20:19,Meter 1,1/23/2026 20:19,71.69,96.72,0,213.45,102.32,12.49,-1.83,9.94,98.35,0,213.68,45.39,5.63,-1.72,4.64,93.77,0,213.58,67.37,8.33,-1.23,6.13,98.04,0,213.08,26.45,-4.78,20.71
1/23/2026 20:20,Meter 1,1/23/2026 20:20,66.22,99.74,0,213.42,93.16,11.38,-0.52,7.81,99.78,0,213.74,43.21,5.36,-0.23,4.33,99.86,0,213.33,62.3,7.7,0.49,5.39,99.59,0,213.2,24.43,-0.27,17.53
1/23/2026 20:21,Meter 1,1/23/2026 20:21,65.49,99.65,0,213.38,78.08,9.54,-0.37,5.42,99.76,0,213.86,52.24,6.48,-0.07,5.59,99.99,0,213.22,66.14,8.16,0.84,6.56,99.19,0,213.06,24.18,0.39,17.57
1/23/2026 20:22,Meter 1,1/23/2026 20:22,70.9,98.77,0,213.25,90.12,10.99,1.45,7.14,98.01,0,213.65,54.57,6.77,0.09,5.76,99.99,0,213.25,68,8.39,1.03,5.55,98.31,0,212.84,26.15,2.57,18.45
1/23/2026 20:23,Meter 1,1/23/2026 20:23,81.41,99.62,0,213.28,103.8,12.65,0.98,8.65,99.37,0,213.76,63.3,7.86,0.15,7.08,99.98,0,213.47,77.14,9.52,0.68,6.9,99.51,0,212.62,30.03,1.81,22.62
1/23/2026 20:24,Meter 1,1/23/2026 20:24,77.11,96.67,0,213.22,92.81,11.32,1.79,7.9,97.52,0,213.76,61.99,7.69,1.3,6.97,98.29,0,213.27,76.53,9.44,2.48,6.95,94.19,0,212.62,28.44,5.58,21.82
1/23/2026 20:25,Meter 1,1/23/2026 20:25,93.81,99.39,0,213,122,14.85,1.92,11.8,98.71,0,213.34,66.22,8.21,0.19,7.56,99.97,0,213.2,93.19,11.49,0.98,9.89,99.51,0,212.46,34.55,3.09,29.25
1/23/2026 20:26,Meter 1,1/23/2026 20:26,78.84,98.28,0,213.08,89.44,10.9,1.75,7.78,97.57,0,213.39,59.91,7.42,0.11,6.61,99.99,0,213.12,87.16,10.75,2.16,9.09,97.29,0,212.74,29.07,4.02,23.48
1/23/2026 20:27,Meter 1,1/23/2026 20:27,83.52,99.79,0,213.12,101.09,12.33,0.77,8.92,99.63,0,213.27,73.59,9.11,-0.28,8.48,99.95,0,213.11,75.89,9.37,0.5,7.75,99.8,0,212.98,30.8,0.99,25.15
1/23/2026 20:28,Meter 1,1/23/2026 20:28,76.98,99.12,0,213.22,81.27,9.92,-0.37,9.61,99.93,0,213.35,77.56,9.6,-1.48,9.21,98.74,0,213.17,72.1,8.91,-1.36,8.38,98.71,0,213.15,28.42,-3.21,27.2
1/23/2026 20:29,Meter 1,1/23/2026 20:29,55.85,99.2,0,213.17,57.25,6.99,0.08,6.64,99.99,0,213.45,54.47,6.74,-1.39,6.31,97.64,0,213,55.84,6.89,0.14,6.55,99.98,0,213.05,20.62,-1.18,19.49
1/23/2026 20:30,Meter 1,1/23/2026 20:30,67.6,98.53,0,213.33,80.76,9.85,-0.53,7.78,99.77,0,213.69,59.59,7.39,-1.41,6.59,97.77,0,213.35,62.44,7.71,-1.24,6.18,98.05,0,212.94,24.95,-3.18,20.54
1/23/2026 20:31,Meter 1,1/23/2026 20:31,62.94,98.82,0,213.4,79.29,9.69,-0.83,8.11,99.49,0,213.74,49.9,6.19,-0.74,5.69,99.16,0,213.27,59.63,7.37,-1.37,6.45,97.81,0,213.18,23.24,-2.94,20.26
1/23/2026 20:32,Meter 1,1/23/2026 20:32,80.32,99.37,0,213.4,96.25,11.75,-0.53,10.84,99.88,0,213.68,70.21,8.71,-0.93,7.57,99.26,0,213.43,74.48,9.2,-1.12,7.73,98.97,0,213.09,29.66,-2.57,26.14
1/23/2026 20:33,Meter 1,1/23/2026 20:33,69.87,98.8,0,213.29,84.95,10.37,0.62,7.22,99.63,0,213.8,61.55,7.63,0.61,6.7,99.59,0,213.13,63.11,7.78,1.49,6.13,97.18,0,212.93,25.79,2.72,20.05
1/23/2026 20:34,Meter 1,1/23/2026 20:34,73.84,98,0,213.43,85.42,10.43,-1.15,10.08,99.36,0,213.99,60.07,7.46,-1.93,6.87,96.28,0,213.29,76.01,9.38,-1.64,8.96,98.36,0,213.01,27.27,-4.72,25.9
1/23/2026 20:35,Meter 1,1/23/2026 20:35,74.65,99.77,0,213.44,84.25,10.28,-0.56,9.01,99.81,0,213.88,57.74,7.17,-0.65,6.62,99.52,0,213.45,81.98,10.12,0.1,8.75,99.99,0,212.99,27.58,-1.1,24.38
1/23/2026 20:36,Meter 1,1/23/2026 20:36,68.17,99.08,0,213.56,70.33,8.59,-0.94,8.22,99.35,0,213.95,65.99,8.19,-1.47,7.79,98.26,0,213.56,68.19,8.43,-0.7,8.02,99.63,0,213.18,25.21,-3.11,24.02
1/23/2026 20:37,Meter 1,1/23/2026 20:37,60.09,97.89,0,213.43,69.4,8.48,0.85,4.9,98.54,0,213.83,59.4,7.37,0.94,6.57,99,0,213.18,51.48,6.36,1.38,4.81,96.14,0,213.28,22.2,3.16,16.28
1/23/2026 20:38,Meter 1,1/23/2026 20:38,78.07,99.01,0,213.41,97.16,11.88,-1.28,9.32,99.06,0,213.66,60.7,7.52,-0.93,6.95,99.12,0,213.13,76.36,9.44,-1.22,7.97,98.86,0,213.44,28.83,-3.43,24.24
1/23/2026 20:39,Meter 1,1/23/2026 20:39,69.95,97.79,0,213.51,83.27,10.2,-1.37,7.63,98.41,0,213.85,58.62,7.26,-1.58,6.49,97.16,0,212.96,67.96,8.4,-1.37,6.44,97.79,0,213.72,25.85,-4.33,20.56
1/23/2026 20:40,Meter 1,1/23/2026 20:40,41.47,96.26,0,213.3,51.57,6.3,1.15,5.45,97.83,0,213.5,40.57,5.02,0.65,4.56,99.01,0,213.03,32.27,3.99,1.22,2.86,91.92,0,213.37,15.31,3.02,12.87
1/23/2026 20:41,Meter 1,1/23/2026 20:41,53.13,99.79,0,213.33,65.58,8,0.81,7.7,99.45,0,213.54,50.08,6.21,0.23,6.04,99.93,0,213.34,43.72,5.4,-0.09,5.14,99.98,0,213.13,19.61,0.95,18.87
1/23/2026 20:42,Meter 1,1/23/2026 20:42,70.73,98.77,0,213.41,85.49,10.42,-0.05,10.09,100,0,213.4,54.74,6.79,-1.57,6.28,97,0,213.76,71.95,8.9,-0.94,7.93,99.31,0,213.07,26.11,-2.56,24.3
1/23/2026 20:43,Meter 1,1/23/2026 20:43,59.6,98.56,0,213.45,81,9.88,1.54,6.79,97.52,0,213.54,39.36,4.88,0.4,4.2,99.55,0,213.76,58.44,7.23,0.89,5.26,98.61,0,213.05,21.99,2.83,16.25
1/23/2026 20:44,Meter 1,1/23/2026 20:44,65.83,99.33,0,213.38,86.2,10.52,-0.01,7.98,100,0,213.75,39.56,4.91,0.35,4.18,99.65,0,213.44,71.73,8.86,1.27,6.86,98.33,0,212.94,24.28,1.61,19.03
1/23/2026 20:45,Meter 1,1/23/2026 20:45,74.59,97.56,0,213.41,109.33,13.34,-0.55,11.13,99.88,0,213.66,45.41,5.63,-1.42,4.88,96.03,0,213.57,69.05,8.53,-1.67,6.41,96.77,0,213,27.5,-3.63,22.41
1/23/2026 20:46,Meter 1,1/23/2026 20:46,73.01,97.24,0,213.59,86.31,10.55,-1.53,7.29,97.88,0,214.17,62.38,7.75,-1.78,7.07,96.96,0,213.55,70.34,8.69,-1.71,6.69,96.88,0,213.06,26.99,-5.02,21.05
1/23/2026 20:47,Meter 1,1/23/2026 20:47,51.13,98.28,0,213.38,56.28,6.88,-0.1,5.04,99.98,0,214.07,49.01,6.08,0.84,5.76,98.94,0,213.05,48.11,5.93,1.35,4.57,95.91,0,213.02,18.89,2.09,15.37
1/23/2026 20:48,Meter 1,1/23/2026 20:48,67.26,99.85,0,213.46,74.21,9.06,0.14,7.38,99.98,0,214.08,57.51,7.14,0,6.6,100,0,213.42,70.06,8.65,0.62,6.72,99.58,0,212.88,24.85,0.76,20.7
1/23/2026 20:49,Meter 1,1/23/2026 20:49,69.74,98.97,0,213.57,83.04,10.13,-0.95,6.99,99.09,0,214.21,60.24,7.49,-1.29,6.98,98.32,0,213.76,65.95,8.14,-0.68,6.77,99.5,0,212.74,25.77,-2.92,20.73
1/23/2026 20:50,Meter 1,1/23/2026 20:50,51.13,96.74,0,213.52,54.77,6.69,0.74,6.25,99.31,0,214.13,49.21,6.12,1.36,5.76,97.34,0,213.58,49.42,6.1,2.06,5.47,93.58,0,212.84,18.9,4.16,17.48
1/23/2026 20:51,Meter 1,1/23/2026 20:51,66.5,97.23,0,213.27,90.5,11.03,0.97,9.12,99.44,0,213.72,52.18,6.48,1.14,6.03,98.26,0,213.45,56.83,7.01,1.86,5.13,93.98,0,212.65,24.52,3.97,20.28
1/23/2026 20:52,Meter 1,1/23/2026 20:52,82.5,99.65,0,213.41,96.18,11.73,-0.35,10.77,99.95,0,213.95,69.45,8.63,-1.06,8.07,99.14,0,213.53,81.88,10.11,-0.43,8.66,99.87,0,212.73,30.47,-1.85,27.49
1/23/2026 20:53,Meter 1,1/23/2026 20:53,52.42,96.71,0,213.39,55.48,6.77,0.94,5.06,98.31,0,214.03,43.18,5.36,1.16,4.74,97.15,0,213.38,58.62,7.23,2.25,6.62,94.68,0,212.78,19.37,4.35,16.43
1/23/2026 20:54,Meter 1,1/23/2026 20:54,79.81,97.89,0,213.49,95.09,11.61,-1.27,8.86,98.99,0,214.03,62.29,7.73,-1.99,6.84,96.01,0,213.48,82.05,10.13,-1.48,8.98,98.68,0,212.96,29.48,-4.74,24.68
1/23/2026 20:55,Meter 1,1/23/2026 20:55,52.37,96.06,0,213.36,63.68,7.78,1.85,6.72,96.42,0,213.72,40.79,5.06,1.1,4.59,97.27,0,213.22,52.64,6.5,2.05,5.91,94.5,0,213.15,19.33,4.99,17.23
1/23/2026 20:56,Meter 1,1/23/2026 20:56,85.67,98.37,0,213.29,113.99,13.91,-0.48,11.55,99.91,0,213.56,62.92,7.8,-1.65,6.86,97.23,0,213.33,80.1,9.89,-1.54,7.53,97.96,0,212.98,31.6,-3.67,25.94
1/23/2026 20:57,Meter 1,1/23/2026 20:57,80.65,98.36,0,213.33,113.31,13.83,-0.09,13.69,100,0,213.62,61.33,7.6,-2,7.11,96.27,0,213.33,67.31,8.31,-1.23,7.86,98.8,0,213.03,29.74,-3.32,28.67
1/23/2026 20:58,Meter 1,1/23/2026 20:58,60.68,99.74,0,213.32,89.98,10.98,0.88,9.71,99.59,0,213.55,42.58,5.28,-0.15,4.83,99.95,0,213.37,49.48,6.11,-0.4,4.85,99.67,0,213.03,22.37,0.33,19.39
1/23/2026 20:59,Meter 1,1/23/2026 20:59,78.64,97.55,0,213.58,106.45,13.01,-0.45,10.44,99.91,0,214.14,57.14,7.1,-1.54,6.23,97.1,0,213.43,72.33,8.93,-2.13,7,95.65,0,213.18,29.04,-4.12,23.66
1/23/2026 21:00,Meter 1,1/23/2026 21:00,76.51,98.74,0,213.53,96.83,11.84,0.04,11.62,100,0,213.93,61.12,7.58,-1.2,7.19,98.64,0,213.38,71.57,8.84,-1.81,8.04,97.57,0,213.28,28.26,-2.97,26.85
1/23/2026 21:01,Meter 1,1/23/2026 21:01,74.22,99.86,0,213.51,107.73,13.17,-0.09,10.56,100,0,214,51.37,6.37,0.43,5.75,99.72,0,213.24,63.57,7.85,-0.3,5.95,99.87,0,213.3,27.4,0.04,22.26
1/23/2026 21:02,Meter 1,1/23/2026 21:02,78.1,99.62,0,213.6,102.08,12.48,-0.68,10.69,99.8,0,214.01,57.62,7.15,0.45,6.44,99.76,0,213.4,74.59,9.22,-0.94,7.95,99.31,0,213.38,28.85,-1.17,25.07
1/23/2026 21:03,Meter 1,1/23/2026 21:03,74.34,98.35,0,213.71,84.97,10.4,-1.14,8.1,99.02,0,214.13,50.79,6.31,-1.49,5.17,96.08,0,213.56,87.26,10.79,-0.25,9.03,99.96,0,213.44,27.49,-2.89,22.3
1/23/2026 21:04,Meter 1,1/23/2026 21:04,65.6,98.94,0,213.5,79.62,9.74,0.35,6.33,99.85,0,213.93,51.68,6.41,-0.03,5.32,100,0,213.25,65.5,8.09,1.42,5.64,96.97,0,213.33,24.24,1.74,17.29
1/23/2026 21:05,Meter 1,1/23/2026 21:05,72.93,98.54,0,213.69,92.1,11.25,-1.24,10.98,99.37,0,213.78,57,7.07,-1.67,6.68,97.01,0,213.82,69.71,8.63,-1.03,8.26,99.23,0,213.46,26.96,-3.94,25.92
1/23/2026 21:06,Meter 1,1/23/2026 21:06,85.63,98.66,0,213.67,105.67,12.92,-0.97,10.34,99.56,0,213.92,66.99,8.32,-1.88,7.46,96.97,0,213.68,84.25,10.42,-0.89,8.41,99.45,0,213.4,31.66,-3.74,26.21
1/23/2026 21:07,Meter 1,1/23/2026 21:07,77.85,99.17,0,213.76,92.77,11.33,0.12,9.87,99.99,0,213.98,60.69,7.54,-1.24,6.7,98.32,0,213.98,80.09,9.92,1.02,7.88,99.18,0,213.33,28.79,-0.11,24.45
1/23/2026 21:08,Meter 1,1/23/2026 21:08,66.59,98.57,0,213.82,77.74,9.52,-1.19,8.14,98.94,0,214.22,61.02,7.58,-1.29,7.19,98.42,0,213.58,61.01,7.55,-1.24,6.75,98.36,0,213.67,24.65,-3.73,22.07
1/23/2026 21:09,Meter 1,1/23/2026 21:09,67.65,98.75,0,213.74,79.37,9.7,0.74,8.2,99.59,0,214.07,59.07,7.34,0.74,6.79,99.41,0,213.86,64.52,7.98,1.79,7.44,97.24,0,213.28,25.02,3.27,22.43
1/23/2026 21:10,Meter 1,1/23/2026 21:10,82.74,99.82,0,213.76,97.45,11.9,-0.76,11.5,99.78,0,214.02,68.47,8.51,-0.62,8.22,99.71,0,214.07,82.31,10.19,0.21,9.82,99.98,0,213.19,30.6,-1.17,29.54
1/23/2026 21:11,Meter 1,1/23/2026 21:11,87.28,99.75,0,213.81,96.43,11.79,-1.05,10.44,99.5,0,213.88,83.53,10.37,0.42,9.79,99.91,0,213.87,81.88,10.15,-0.5,8.6,99.83,0,213.69,32.31,-1.13,28.84
1/23/2026 21:12,Meter 1,1/23/2026 21:12,77.78,99.53,0,213.84,86.19,10.55,-1.47,10.1,98.95,0,214.06,76.43,9.49,0.12,9.28,99.99,0,213.78,70.71,8.76,-0.7,8.44,99.66,0,213.67,28.79,-2.05,27.82
1/23/2026 21:13,Meter 1,1/23/2026 21:13,63.7,94.62,0,213.68,80.54,9.85,0.68,9.28,99.73,0,213.9,57.69,7.16,1.76,6.52,96.54,0,213.62,52.87,6.54,3.02,5.48,87.6,0,213.52,23.55,5.46,21.28
1/23/2026 21:14,Meter 1,1/23/2026 21:14,77.89,99.76,0,213.64,102.23,12.5,-1.19,10.77,99.39,0,213.84,63.27,7.85,0.27,7.48,99.94,0,213.5,68.17,8.43,-0.25,6.82,99.93,0,213.58,28.78,-1.17,25.07
1/23/2026 21:15,Meter 1,1/23/2026 21:15,82.76,98.81,0,213.74,93.64,11.46,-1.3,10.71,99.27,0,214.05,70.5,8.75,-1.48,8,98.33,0,213.62,84.14,10.41,-1.38,8.95,98.84,0,213.54,30.62,-4.16,27.67
1/23/2026 21:16,Meter 1,1/23/2026 21:16,72.14,98.83,0,213.65,85.34,10.43,-1.78,8.76,98.01,0,214.01,61.91,7.69,-0.91,7.33,99.24,0,213.56,69.17,8.55,-0.96,7.7,99.23,0,213.39,26.67,-3.64,23.79
1/23/2026 21:17,Meter 1,1/23/2026 21:17,60.68,99.55,0,213.63,77.53,9.48,-0.78,7.05,99.4,0,213.87,44.2,5.48,0.55,4.7,99.31,0,213.47,60.3,7.46,0.18,5.52,99.95,0,213.54,22.42,-0.04,17.27
1/23/2026 21:18,Meter 1,1/23/2026 21:18,77.7,99.51,0,213.62,92.53,11.31,-0.62,9.36,99.78,0,213.78,56.78,7.05,-0.95,6,98.76,0,213.68,83.79,10.37,-0.08,9.67,100,0,213.41,28.72,-1.64,25.03
1/23/2026 21:19,Meter 1,1/23/2026 21:19,71.7,99.32,0,213.7,90.84,11.09,0.2,8.97,99.97,0,213.61,52.44,6.51,0.32,5.11,99.8,0,213.95,71.83,8.9,1.46,7.54,98.19,0,213.54,26.5,1.98,21.63
1/23/2026 21:20,Meter 1,1/23/2026 21:20,68.94,99.72,0,213.8,90.2,11.03,0.15,8.21,99.98,0,213.88,54.9,6.82,0.26,5.72,99.89,0,213.9,61.71,7.65,0.78,6.4,99.27,0,213.62,25.49,1.19,20.33
1/23/2026 21:21,Meter 1,1/23/2026 21:21,69.87,99.69,0,213.82,87.07,10.64,0.25,8.43,99.96,0,213.94,60,7.45,0.93,6.99,99.12,0,213.98,62.54,7.75,0.13,6.11,99.98,0,213.53,25.85,1.31,21.53
1/23/2026 21:22,Meter 1,1/23/2026 21:22,95.54,99.31,0,213.76,119.68,14.62,-1.53,14.31,99.44,0,213.85,85.48,10.62,-0.08,10.27,100,0,213.96,81.46,10.09,-1.62,9.21,98.49,0,213.46,35.33,-3.22,33.8
1/23/2026 21:23,Meter 1,1/23/2026 21:23,78.24,98.66,0,213.7,84.36,10.3,0.32,8.44,99.93,0,213.85,77.17,9.59,1.83,8.59,97.81,0,213.95,73.2,9.06,1.36,7.13,98.23,0,213.3,28.95,3.51,24.15
1/23/2026 21:24,Meter 1,1/23/2026 21:24,78.68,98.98,0,213.83,88.63,10.83,-1.2,10.35,99.33,0,213.99,76.14,9.47,-0.81,9.15,99.61,0,214.19,71.27,8.83,-1.68,8.26,97.99,0,213.33,29.12,-3.69,27.76
1/23/2026 21:25,Meter 1,1/23/2026 21:25,56.73,99.43,0,213.84,60.08,7.34,-0.16,6.78,99.88,0,213.96,52.74,6.55,0.06,6.18,99.02,0,214,57.36,7.11,0.54,6.71,99.39,0,213.56,21,0.44,19.67
1/23/2026 21:26,Meter 1,1/23/2026 21:26,58.01,99.73,0,213.95,65.41,8,0.05,5.36,100,0,214.02,45.5,5.66,0.19,5.3,99.93,0,214.17,63.12,7.83,0.81,6.64,99.27,0,213.66,21.48,1.05,17.31
1/23/2026 21:27,Meter 1,1/23/2026 21:27,70.51,97.49,0,213.92,74.13,9.06,-1.37,8.02,98.57,0,214.04,64.44,8.01,-2.3,7.22,95.28,0,214.12,72.96,9.04,-1.37,8.13,98.61,0,213.59,26.12,-5.04,23.38
1/23/2026 21:28,Meter 1,1/23/2026 21:28,73.67,99.21,0,213.92,87.97,10.76,0.28,7.32,99.93,0,214.21,53.16,6.61,-1.18,5.44,97.75,0,214.1,79.89,9.9,0.27,8.06,99.94,0,213.45,27.27,-0.63,20.82
1/23/2026 21:29,Meter 1,1/23/2026 21:29,53.91,99.37,0,213.88,63.55,7.78,-0.29,5.52,99.86,0,214.3,43.48,5.41,-0.7,4.66,98.89,0,213.85,54.71,6.77,0.66,5.76,99.35,0,213.5,19.95,-0.34,15.94
1/23/2026 21:30,Meter 1,1/23/2026 21:30,82.54,98.47,0,213.88,105.06,12.84,-0.69,10.8,99.8,0,214.1,61.81,7.69,-1.89,6.85,96.38,0,214.16,80.75,10,-1.06,8.51,99.24,0,213.38,30.53,-3.64,26.16
1/23/2026 21:31,Meter 1,1/23/2026 21:31,86.3,99.52,0,213.74,105.25,12.85,-0.22,11.43,99.98,0,213.96,67.17,8.35,-1.31,7.71,98.59,0,214.11,86.48,10.71,0,9.51,100,0,213.15,31.91,-1.53,28.64
1/23/2026 21:32,Meter 1,1/23/2026 21:32,55.89,96.19,0,213.68,66.71,8.14,1.65,7.26,97.51,0,214.05,48.41,6.02,0.86,5.64,98.86,0,213.94,52.56,6.5,2.4,5.72,92.21,0,213.04,20.66,4.91,18.62
1/23/2026 21:33,Meter 1,1/23/2026 21:33,55.37,95.13,0,213.84,73.25,8.96,1.26,6.15,97.95,0,214.32,45,5.6,1.53,4.58,94.83,0,213.91,47.87,5.92,2.06,5.05,92.62,0,213.28,20.48,4.85,15.77
1/23/2026 21:34,Meter 1,1/23/2026 21:34,60.31,98.65,0,213.88,79.97,9.77,0.77,6.48,99.31,0,214.08,43.72,5.44,0.46,4.75,99.54,0,214.27,57.23,7.09,1.34,5.46,97.11,0,213.29,22.3,2.56,16.69
1/23/2026 21:35,Meter 1,1/23/2026 21:35,72.93,99.22,0,213.89,78.68,9.61,-0.64,8.77,99.73,0,214.17,54.55,6.79,-1.12,6.18,98.4,0,214.22,85.58,10.6,-0.91,9.38,99.53,0,213.27,27,-2.67,24.33
1/23/2026 21:36,Meter 1,1/23/2026 21:36,63.75,99.51,0,213.94,80.45,9.84,-0.38,8.58,99.9,0,214.17,47.12,5.86,-0.76,5.48,99.06,0,214.19,63.67,7.89,-0.63,6.74,99.57,0,213.45,23.59,-1.76,20.8
1/23/2026 21:37,Meter 1,1/23/2026 21:37,44.72,96.34,0,214.01,53,6.49,1.07,5.84,98.36,0,214.26,34.03,4.23,0.24,3.69,99.79,0,213.95,47.12,5.84,2.13,4.63,90.89,0,213.82,16.56,3.44,14.17
1/23/2026 21:38,Meter 1,1/23/2026 21:38,81.81,99.11,0,213.91,108.06,13.22,-0.39,12.84,99.95,0,214.06,60.76,7.55,-1.6,6.96,97.46,0,214,76.62,9.5,-0.36,8.2,99.9,0,213.69,30.27,-2.35,28.01
1/23/2026 21:39,Meter 1,1/23/2026 21:39,70.74,99.06,0,214.02,95.5,11.69,0.33,9.91,99.95,0,214.06,54.98,6.83,0.19,6.28,99.95,0,214.11,61.75,7.66,1.46,6.15,97.29,0,213.9,26.18,1.98,22.33
1/23/2026 21:40,Meter 1,1/23/2026 21:40,64.85,99.05,0,214.11,78.81,9.66,0.38,6.9,99.85,0,214.25,56.73,7.05,-0.12,5.84,99.98,0,214.05,59,7.32,1.27,5.38,97.33,0,214.02,24.03,1.52,18.12
1/23/2026 21:41,Meter 1,1/23/2026 21:41,70.52,97.91,0,214.06,78.7,9.64,-1.57,8.85,98.46,0,214.33,59.86,7.44,-1.27,7.06,98.42,0,213.96,73.01,9.05,-2.16,8.38,96.84,0,213.9,26.13,-5,24.29
1/23/2026 21:42,Meter 1,1/23/2026 21:42,69.82,99.42,0,214.01,86.74,10.62,-0.08,8.67,100,0,214.03,59.36,7.37,-1.18,6.27,98.26,0,214,63.36,7.86,0.1,6.44,99.99,0,214.01,25.85,-1.16,21.38
1/23/2026 21:43,Meter 1,1/23/2026 21:43,57.84,99.03,0,213.88,62.9,7.7,0.67,7.43,99.6,0,213.89,49.42,6.14,0.17,5.83,99.96,0,213.89,61.21,7.59,1.62,7.16,97.52,0,213.85,21.42,2.46,20.43
1/23/2026 21:44,Meter 1,1/23/2026 21:44,63.65,99.73,0,214.08,68.59,8.4,0.41,6.47,99.8,0,214,56.96,7.07,-0.56,6.25,99.6,0,214.1,65.41,8.12,0.48,7.46,99.79,0,214.13,23.6,0.34,20.18
1/23/2026 21:45,Meter 1,1/23/2026 21:45,68.98,98.42,0,214.14,74.22,9.09,-0.87,7.59,99.35,0,213.87,61.43,7.63,-1.69,6.82,97.06,0,214.38,71.27,8.86,-1.09,7.06,98.84,0,214.17,25.57,-3.64,21.47
1/23/2026 21:46,Meter 1,1/23/2026 21:46,61.73,97.09,0,214.06,67.76,8.29,-1.73,7.54,97.47,0,213.9,54.99,6.83,-1.27,6.45,98.11,0,214.32,62.44,7.75,-2.12,6.98,95.68,0,213.97,22.88,-5.12,20.97
1/23/2026 21:47,Meter 1,1/23/2026 21:47,51.66,98.37,0,213.87,68.7,8.4,0.49,8.03,99.82,0,213.65,35.97,4.46,-0.32,4.04,99.69,0,214.12,50.3,6.24,1.75,5.71,95.59,0,213.83,19.1,1.93,17.78
1/23/2026 21:48,Meter 1,1/23/2026 21:48,67.69,97.24,0,214.02,77.62,9.5,-1.27,9.1,99.05,0,213.93,53.22,6.61,-1.79,5.96,95.8,0,214.09,72.22,8.96,-2.09,8.19,96.89,0,214.03,25.07,-5.14,23.25
1/23/2026 21:49,Meter 1,1/23/2026 21:49,45.8,96.65,0,213.99,49.15,6.02,0.94,5.67,98.64,0,214.2,35.34,4.39,0.18,4.06,99.91,0,213.94,52.9,6.55,2.55,5.75,91.39,0,213.81,16.97,3.67,15.48
1/23/2026 21:50,Meter 1,1/23/2026 21:50,56.83,99.87,0,213.99,68.5,8.39,0.1,8.03,99.99,0,214.41,42.7,5.31,-0.45,5.03,99.61,0,213.93,59.28,7.34,0.02,6.97,100,0,213.62,21.04,-0.32,20.04
1/23/2026 21:51,Meter 1,1/23/2026 21:51,58.86,97.91,0,213.91,70.49,8.62,0.83,8.36,99.51,0,214.26,42.42,5.28,-1.6,4.63,94.5,0,214.01,63.66,7.88,0.58,7.61,99.71,0,213.46,21.78,-0.19,20.59
1/23/2026 21:52,Meter 1,1/23/2026 21:52,64.62,98.56,0,213.99,73.07,8.94,0.34,8.66,99.92,0,214.33,54.85,6.82,-1.88,6.25,95.77,0,214.05,65.95,8.17,-0.07,7.72,100,0,213.59,23.93,-1.61,22.63
1/23/2026 21:53,Meter 1,1/23/2026 21:53,62.81,98.36,0,213.75,85.37,10.43,1.44,10.12,99,0,214.12,42.06,5.23,0.11,4.96,99.97,0,213.97,61.01,7.55,2.03,7.03,96.09,0,213.16,23.21,3.58,22.11
1/23/2026 21:54,Meter 1,1/23/2026 21:54,76.22,99.02,0,213.85,105.43,12.89,1.11,11.84,99.56,0,214.08,57.43,7.14,-0.54,6.56,99.66,0,213.99,65.79,8.15,1.6,7.56,97.83,0,213.49,28.18,2.16,25.96
1/23/2026 21:55,Meter 1,1/23/2026 21:55,45.59,93.25,0,213.82,54.4,6.66,1.83,6.08,95.75,0,214.12,43.61,5.42,1.56,4.88,95.24,0,213.67,38.76,4.8,1.91,3.69,88.75,0,213.66,16.87,5.3,14.64
1/23/2026 21:56,Meter 1,1/23/2026 21:56,52.86,95.69,0,213.88,64.41,7.88,1.98,7.03,96.26,0,214.27,47.41,5.89,1.32,5.49,97.21,0,213.85,46.76,5.79,1.94,5.16,93.58,0,213.51,19.56,5.24,17.68
1/23/2026 21:57,Meter 1,1/23/2026 21:57,73.59,99.8,0,214.02,88.27,10.81,-0.12,8.21,99.99,0,214.32,66.07,8.22,-0.64,7.55,99.64,0,214,66.42,8.23,-0.48,7.28,99.78,0,213.74,27.25,-1.24,23.03
1/23/2026 21:58,Meter 1,1/23/2026 21:58,48.23,97.85,0,213.97,57.6,7.05,0.8,4.39,98.4,0,214.32,43.23,5.38,0.94,4.71,98.06,0,213.99,43.86,5.43,1.14,4.61,97.1,0,213.6,17.86,2.87,13.72
1/23/2026 21:59,Meter 1,1/23/2026 21:59,57.64,98.47,0,213.84,80.87,9.9,1.27,9.26,99.06,0,214.04,48.01,5.96,0.68,5.67,99.29,0,213.79,44.03,5.45,1.23,4.96,97.07,0,213.68,21.31,3.18,19.88
1/23/2026 22:00,Meter 1,1/23/2026 22:00,77.82,99.67,0,213.99,86.52,10.6,0,9.4,100,0,214.33,73.28,9.1,-0.77,8.01,99.54,0,213.76,73.65,9.12,-0.77,7.53,99.47,0,213.89,28.83,-1.55,24.94
1/23/2026 22:01,Meter 1,1/23/2026 22:01,50.64,99.91,0,214.04,76.31,9.35,0.46,6.27,99.73,0,214.39,28.65,3.56,0.03,2.51,99.99,0,213.9,46.95,5.82,-0.03,3.32,100,0,213.83,18.73,0.47,12.1
1/23/2026 22:02,Meter 1,1/23/2026 22:02,60.38,99.36,0,214.01,77.83,9.53,0.46,7.18,99.8,0,214.22,35.75,4.45,-0.42,3.14,99.11,0,214.1,67.55,8.37,0.91,6.99,99.16,0,213.7,22.34,0.95,17.31
1/23/2026 22:03,Meter 1,1/23/2026 22:03,55.73,98.95,0,214.07,75.46,9.24,0.03,6.72,100,0,214.29,31.33,3.9,-0.65,2.53,96.89,0,214.08,60.39,7.49,0.2,5.95,99.95,0,213.82,20.62,-0.42,15.19
1/23/2026 22:04,Meter 1,1/23/2026 22:04,47.05,96.01,0,214.19,66.51,8.15,-0.72,7.73,99.57,0,214.32,28.1,3.49,-1.34,2.81,90.22,0,214.19,46.54,5.77,-0.96,5.02,98.23,0,214.04,17.42,-3.02,15.56
1/23/2026 22:05,Meter 1,1/23/2026 22:05,66.17,93.83,0,214.3,72.81,8.93,-1.89,8.51,97.62,0,214.53,48.4,6.02,-2.97,4.99,85.89,0,214.24,77.3,9.59,-1.89,9.27,97.98,0,214.12,24.55,-6.75,22.77
1/23/2026 22:06,Meter 1,1/23/2026 22:06,74.6,99.17,0,214.14,81.64,10,0.8,9.8,99.67,0,214.3,60.3,7.5,-0.32,7.32,99.91,0,214.3,81.85,10.15,2.02,9.79,97.94,0,213.83,27.65,2.5,26.91
1/23/2026 22:07,Meter 1,1/23/2026 22:07,72.64,97.95,0,214.15,95.3,11.67,1.99,8.98,97.63,0,214.41,57.75,7.19,0.45,5.83,99.71,0,214.24,64.88,8.04,1.69,6.22,96.5,0,213.81,26.9,4.13,21.03
1/23/2026 22:08,Meter 1,1/23/2026 22:08,75.49,98.16,0,214.17,96.05,11.77,-0.19,10.96,99.99,0,214.29,62.35,7.75,-1.47,7.04,97.88,0,214.21,68.08,8.45,-1.83,6.84,96.61,0,214.02,27.97,-3.49,24.83
1/23/2026 22:09,Meter 1,1/23/2026 22:09,46.54,99.57,0,214.09,60.04,7.35,0.24,5.78,99.91,0,214.05,39.19,4.87,0.67,4.28,98.81,0,214.11,40.39,5.01,0.03,3.09,99.99,0,214.12,17.24,0.94,13.15
1/23/2026 22:10,Meter 1,1/23/2026 22:10,87.42,98.07,0,214.05,120.05,14.7,-0.76,13.4,99.84,0,214.07,67.79,8.42,-1.61,7.68,97.88,0,214.14,74.43,9.23,-2,7.33,96.48,0,213.95,32.36,-4.37,28.41
1/23/2026 22:11,Meter 1,1/23/2026 22:11,71.01,99.05,0,214.08,100.1,12.24,0.28,11.89,99.97,0,213.89,47.14,5.86,-0.57,5.65,99.5,0,214.41,65.8,8.17,-1.66,7.54,97.67,0,213.94,26.28,-1.95,25.08
1/23/2026 22:12,Meter 1,1/23/2026 22:12,83.55,99.14,0,213.82,111.84,13.68,1.62,11.28,98.98,0,213.93,61.17,7.59,-0.09,6.22,99.99,0,213.77,77.63,9.62,1.42,7.97,98.46,0,213.75,30.89,2.95,25.47
1/23/2026 22:13,Meter 1,1/23/2026 22:13,44.66,97.95,0,214.14,60.53,7.42,1.1,7.16,98.84,0,214.26,32.04,3.98,0.31,3.77,99.66,0,214.13,41.39,5.14,1.48,4.68,95.35,0,214.03,16.54,2.89,15.61
1/23/2026 22:14,Meter 1,1/23/2026 22:14,40.59,94.41,0,214.2,48.86,5.99,0.88,5.74,98.85,0,214.42,32.4,4.03,1.02,3.64,96.28,0,214.15,40.51,5.03,2.21,4.11,88.09,0,214.02,15.05,4.11,13.5
1/23/2026 22:15,Meter 1,1/23/2026 22:15,83.08,98.08,0,214.2,96.02,11.77,-1.72,10.96,98.8,0,214.44,71.89,8.94,-2.5,8.16,95.59,0,214.08,81.32,10.09,-0.5,9.39,99.86,0,214.08,30.8,-4.72,28.51
1/23/2026 22:16,Meter 1,1/23/2026 22:16,68.24,99.68,0,214.07,93.57,11.47,-1.16,10.89,99.44,0,214.23,53.71,6.67,-0.25,6.38,99.92,0,213.79,57.46,7.12,0.52,6.58,99.69,0,214.19,25.27,-0.89,23.85
1/23/2026 22:17,Meter 1,1/23/2026 22:17,89.5,98.75,0,214.17,115.01,14.09,-1.22,13.25,99.58,0,214.22,71.24,8.86,-2.11,8.03,96.72,0,214.19,82.26,10.21,-0.31,9.19,99.94,0,214.1,33.16,-3.64,30.47
1/23/2026 22:18,Meter 1,1/23/2026 22:18,64.02,99.17,0,214.14,82.34,10.09,0.04,7.19,100,0,214.28,41.88,5.21,-0.36,4.62,99.7,0,214.07,67.84,8.42,1.52,7.11,97.8,0,214.07,23.71,1.2,18.92
1/23/2026 22:19,Meter 1,1/23/2026 22:19,52.21,98.21,0,214.1,66.74,8.18,0.57,5.94,99.55,0,214.27,31.64,3.93,-0.49,3.26,98.89,0,214.08,58.26,7.23,1.52,5.37,96.2,0,213.96,19.34,1.6,14.57
1/23/2026 22:20,Meter 1,1/23/2026 22:20,79.03,98.02,0,214.07,92.31,11.31,-1.01,10.4,99.53,0,214.2,62.98,7.83,-2.35,6.85,94.61,0,214.01,81.8,10.14,-0.35,9.21,99.93,0,213.99,29.28,-3.7,26.46
1/23/2026 22:21,Meter 1,1/23/2026 22:21,62.5,99.37,0,213.97,89.3,10.93,0.37,8.51,99.9,0,214.12,46.71,5.8,-0.04,4.54,100,0,213.9,51.48,6.38,0.99,5.18,98.21,0,213.9,23.12,1.32,18.23
1/23/2026 22:22,Meter 1,1/23/2026 22:22,49.41,99.91,0,214.12,64.85,7.95,0.13,7.33,99.98,0,214.28,43.07,5.35,0.15,5.01,99.96,0,214.01,40.32,5,-0.26,3.91,99.79,0,214.05,18.3,0.02,16.25
1/23/2026 22:23,Meter 1,1/23/2026 22:23,68.21,99.31,0,213.96,95.17,11.67,0.06,9.74,100,0,214.08,55.27,6.86,0.74,6.11,99.27,0,213.67,54.18,6.72,-0.71,4.33,98.67,0,214.15,25.24,0.08,20.19
1/23/2026 22:24,Meter 1,1/23/2026 22:24,64.7,99.16,0,214.09,78.88,9.67,0.89,6.54,99.1,0,214.15,56.17,6.97,0.62,5.97,99.46,0,213.88,59.07,7.33,0.8,5.43,98.92,0,214.25,23.97,2.31,17.94
1/23/2026 22:25,Meter 1,1/23/2026 22:25,67.59,99.29,0,214.1,75.39,9.24,0.31,7.93,99.93,0,214.13,62.55,7.77,-1.05,7.12,98.93,0,214.08,64.81,8.04,1.09,7.71,99.01,0,214.11,25.05,0.35,22.76
1/23/2026 22:26,Meter 1,1/23/2026 22:26,43.41,97.44,0,214.12,60.65,7.43,-0.04,5.6,100,0,214.1,27.06,3.36,0.7,2.93,97.28,0,214.09,42.5,5.28,1.28,3.91,95.05,0,214.18,16.07,1.94,12.44
1/23/2026 22:27,Meter 1,1/23/2026 22:27,79.09,97.57,0,213.99,91.81,11.24,-1.55,10.76,98.98,0,214.14,56.95,7.08,-2.2,6.33,94.44,0,214.04,88.53,10.98,-1.27,10.53,99.29,0,213.8,29.29,-5.02,27.62
1/23/2026 22:28,Meter 1,1/23/2026 22:28,72.59,96.9,0,213.82,92.94,11.37,1.93,8.48,97.5,0,214.07,50.94,6.33,0.85,4.69,98.4,0,213.72,73.88,9.15,2.6,7.75,94.81,0,213.67,26.85,5.38,20.92
1/23/2026 22:29,Meter 1,1/23/2026 22:29,54.01,94.8,0,213.74,86.91,10.63,1.83,10.15,98.41,0,213.92,32.2,4,1.26,3.5,94.07,0,213.61,42.91,5.31,1.89,4.4,91.91,0,213.68,19.94,4.98,18.05
1/23/2026 22:30,Meter 1,1/23/2026 22:30,74.64,99.34,0,213.78,104.36,12.76,1.37,12.37,99.39,0,213.85,53.78,6.68,-0.63,6.34,99.51,0,213.91,65.77,8.15,1.05,7.89,99.13,0,213.58,27.58,1.79,26.6
1/23/2026 22:31,Meter 1,1/23/2026 22:31,78.19,99.49,0,214.07,104.66,12.82,0.81,9.91,99.67,0,214.28,67.16,8.35,-1.01,6.96,98.96,0,213.99,62.75,7.78,-0.38,6.8,99.85,0,213.93,28.95,-0.58,23.68
1/23/2026 22:32,Meter 1,1/23/2026 22:32,54.99,96.94,0,213.99,78,9.56,2,7.14,96.28,0,214.24,42.39,5.27,0.8,4.73,98.6,0,213.87,44.57,5.52,1.18,4.01,95.95,0,213.87,20.35,3.98,15.88
1/23/2026 22:33,Meter 1,1/23/2026 22:33,38.47,97.71,0,213.93,49.58,6.06,1.33,5.48,97.18,0,214.16,36.62,4.55,0.96,4.13,97.42,0,214.03,29.23,3.62,0.52,2.98,98.53,0,213.6,14.24,2.8,12.58
1/23/2026 22:34,Meter 1,1/23/2026 22:34,71.39,99,0,214.09,86.18,10.54,-0.28,9.28,99.95,0,214.25,62.66,7.8,-1.16,7,98.66,0,214.41,65.33,8.1,-1.16,6.4,98.39,0,213.6,26.44,-2.6,22.68
1/23/2026 22:35,Meter 1,1/23/2026 22:35,82.3,99.72,0,213.92,110.11,13.46,-0.28,9.35,99.96,0,214.23,58.01,7.22,-0.73,5.79,99.22,0,214.12,78.79,9.76,0.13,7.99,99.99,0,213.41,30.44,-0.88,23.13
1/23/2026 22:36,Meter 1,1/23/2026 22:36,80.71,97.69,0,214.21,96.23,11.8,-0.92,7.76,99.3,0,214.65,63.56,7.91,-2.26,6.15,93.84,0,214.04,82.33,10.2,-0.3,8.23,99.93,0,213.93,29.92,-3.48,22.14
1/23/2026 22:37,Meter 1,1/23/2026 22:37,71.89,98.36,0,214.25,95.09,11.67,-1.19,6.42,98.33,0,214.73,53.76,6.69,-1.38,5.31,96.8,0,213.89,66.82,8.28,-0.23,6.23,99.93,0,214.14,26.64,-2.79,17.96
1/23/2026 22:38,Meter 1,1/23/2026 22:38,81.41,98.83,0,214.26,94.07,11.55,-0.92,8.8,99.46,0,214.75,67.2,8.36,-1.56,6.52,97.24,0,213.96,82.96,10.28,0.54,8.41,99.79,0,214.06,30.19,-1.94,23.73
1/23/2026 22:39,Meter 1,1/23/2026 22:39,77.84,98.01,0,214.33,91.63,11.25,-1.79,7.3,97.14,0,214.73,64.31,8,-1.6,6.68,97.26,0,214.02,77.57,9.62,-0.64,7.5,99.63,0,214.23,28.87,-4.03,21.48
1/23/2026 22:40,Meter 1,1/23/2026 22:40,70.67,98.61,0,214.13,91.4,11.21,0.27,5.92,99.9,0,214.44,55.79,6.93,0.78,5.54,99.02,0,213.87,64.83,8.03,1.51,5.94,96.91,0,214.07,26.18,2.57,17.41
1/23/2026 22:41,Meter 1,1/23/2026 22:41,80.09,99.02,0,214.19,103.3,12.67,-0.98,10.16,99.54,0,214.48,57.36,7.13,-1.06,5.96,98.45,0,213.99,79.61,9.87,-1.02,7.43,99.07,0,214.11,29.67,-3.06,23.55
1/23/2026 22:42,Meter 1,1/23/2026 22:42,75.93,96.78,0,214.28,92.03,11.3,-1.25,8.86,99.02,0,214.54,56.81,7.07,-2.15,5.82,93.81,0,214.01,78.93,9.79,-1.8,7.92,97.51,0,214.3,28.16,-5.2,22.6
1/23/2026 22:43,Meter 1,1/23/2026 22:43,39.57,96.57,0,214.27,48.68,5.98,1.2,4.62,96.78,0,214.43,27.1,3.37,0.47,2.59,98.38,0,213.95,42.93,5.33,1.47,4.28,94.55,0,214.43,14.67,3.14,11.48
1/23/2026 22:44,Meter 1,1/23/2026 22:44,57.36,98.44,0,214.25,67.95,8.34,-0.09,5.64,99.99,0,214.35,38.01,4.72,1.26,3.98,95.34,0,214.03,66.11,8.21,-0.16,7.27,99.98,0,214.38,21.27,1.02,16.9
1/23/2026 22:45,Meter 1,1/23/2026 22:45,80.41,98.39,0,214.24,93.05,11.41,-0.97,8.51,99.35,0,214.41,66.21,8.24,-1.03,7.38,99.04,0,214.19,81.98,10.17,-2.13,8.22,96.8,0,214.11,29.82,-4.14,24.1
1/23/2026 22:46,Meter 1,1/23/2026 22:46,75.05,98.57,0,214.26,97.94,12,0.04,10.08,100,0,214.14,60.82,7.56,-0.57,6.8,99.66,0,214.47,66.39,8.25,-1.66,5.76,96.06,0,214.16,27.81,-2.19,22.64
1/23/2026 22:47,Meter 1,1/23/2026 22:47,77.13,99.61,0,214.2,104.78,12.83,0.34,11.43,99.96,0,213.97,59.47,7.39,0.5,6.63,99.71,0,214.44,67.12,8.34,-0.76,5.85,99.17,0,214.2,28.56,0.08,23.91
1/23/2026 22:48,Meter 1,1/23/2026 22:48,74.93,98.86,0,214.17,102.17,12.5,0.43,10.75,99.92,0,214.02,61.41,7.64,-1.59,6.32,96.98,0,214.55,61.2,7.6,0.54,6.78,99.68,0,213.95,27.74,-0.61,23.85
1/23/2026 22:49,Meter 1,1/23/2026 22:49,79.05,96.2,0,214.43,89.07,10.92,-1.75,8.9,98.12,0,214.46,69.67,8.68,-2.85,7.2,92.96,0,214.6,78.42,9.75,-1.87,8.23,97.52,0,214.21,29.34,-6.47,24.33
1/23/2026 22:50,Meter 1,1/23/2026 22:50,65.41,98.42,0,214.35,79.27,9.72,0.53,6.28,99.65,0,214.42,55.43,6.9,-1.43,5.34,96.59,0,214.47,61.53,7.64,0.89,6.24,99,0,214.15,24.26,-0.02,17.86
1/23/2026 22:51,Meter 1,1/23/2026 22:51,69.67,97.95,0,214.43,77.86,9.53,-0.12,8.17,99.99,0,214.37,60.3,7.52,-2.26,6.28,94.11,0,214.87,70.86,8.81,0.54,7.55,99.75,0,214.04,25.86,-1.84,22.01
1/23/2026 22:52,Meter 1,1/23/2026 22:52,54.77,98.16,0,214.39,63.78,7.81,-0.3,7.61,99.92,0,214.28,43.84,5.46,-1.5,4.98,95.76,0,214.68,56.69,7.05,-1.05,6.67,98.79,0,214.2,20.32,-2.85,19.27
1/23/2026 22:53,Meter 1,1/23/2026 22:53,53.55,99.74,0,214.27,63.73,7.82,-0.7,7.22,99.53,0,214.4,45.81,5.7,-0.42,5.41,99.7,0,214.11,51.12,6.35,-0.08,5.97,99.99,0,214.31,19.86,-1.2,18.6
1/23/2026 22:54,Meter 1,1/23/2026 22:54,74.13,99.02,0,214.38,85.94,10.54,-0.26,9.73,99.96,0,214.58,63.53,7.91,-1.67,7.12,97.36,0,214.48,72.92,9.05,0.61,8.36,99.73,0,214.07,27.5,-1.32,25.21
1/23/2026 22:55,Meter 1,1/23/2026 22:55,68.25,98.89,0,214.59,79.29,9.74,-0.19,6.65,99.96,0,214.79,60.41,7.53,-1.5,5.92,96.94,0,214.55,65.06,8.08,0.49,7.17,99.77,0,214.42,25.35,-1.2,19.74
1/23/2026 22:56,Meter 1,1/23/2026 22:56,77.23,97.91,0,214.58,91.58,11.24,-1.61,8.42,98.23,0,214.96,62.61,7.81,-1.68,6.36,96.67,0,214.57,77.5,9.62,-1.23,7.97,98.83,0,214.2,28.68,-4.52,22.76
1/23/2026 22:57,Meter 1,1/23/2026 22:57,74.94,97.7,0,214.56,91.73,11.26,-1.9,8.06,97.33,0,214.87,61.78,7.71,-1.45,6.42,97.55,0,214.68,71.3,8.86,-1.46,7.61,98.21,0,214.14,27.82,-4.81,22.08
1/23/2026 22:58,Meter 1,1/23/2026 22:58,69.66,95.18,0,214.58,73.48,9.02,-2.48,7.81,95.32,0,214.98,59,7.36,-2.18,6.29,94.47,0,214.64,76.5,9.5,-2.32,7.72,95.75,0,214.11,25.88,-6.98,21.82
1/23/2026 22:59,Meter 1,1/23/2026 22:59,56.27,95.45,0,214.44,70.96,8.7,0.25,4.14,99.81,0,214.75,43.33,5.4,1.27,4.06,95.48,0,214.48,54.53,6.77,2.4,5.28,91.05,0,214.08,20.87,3.92,13.49
1/23/2026 23:00,Meter 1,1/23/2026 23:00,60.96,96.66,0,214.2,77.4,9.48,0.21,6.07,99.94,0,214.49,45.89,5.71,0.89,5,98.46,0,214.24,59.58,7.39,2.27,5.19,91.59,0,213.87,22.58,3.37,16.26
1/23/2026 23:01,Meter 1,1/23/2026 23:01,77.96,98.58,0,214.21,95.86,11.75,-1.32,11.08,99.3,0,214.57,64.93,8.08,-1.75,7.56,97.42,0,214.12,73.1,9.06,-1.21,8.63,99.03,0,213.95,28.9,-4.28,27.26
1/23/2026 23:02,Meter 1,1/23/2026 23:02,54.37,94.21,0,214.17,55.66,6.82,1.74,5.62,95.52,0,214.52,48.14,6,1.03,5.51,98.29,0,214.21,59.3,7.35,3.25,6.28,88.84,0,213.79,20.16,6.02,17.41
1/23/2026 23:03,Meter 1,1/23/2026 23:03,54.91,93.5,0,214.25,61.35,7.52,1.36,4.61,95.93,0,214.5,45.2,5.63,1.26,4.84,96.77,0,214.3,58.18,7.22,2.74,5.03,87.79,0,213.94,20.36,5.36,14.48
1/23/2026 23:04,Meter 1,1/23/2026 23:04,60.38,98.86,0,214.4,67.46,8.27,1.04,6.88,98.88,0,214.66,55,6.85,-0.8,6.15,99.17,0,214.45,58.69,7.28,1.19,6.85,98.53,0,214.08,22.41,1.43,19.87
1/23/2026 23:05,Meter 1,1/23/2026 23:05,55.65,99.63,0,214.44,64.59,7.91,0.7,7.04,99.5,0,214.62,51.23,6.39,0.64,6.07,99.45,0,214.73,51.14,6.35,-0.19,5.83,99.94,0,213.98,20.65,1.15,18.94
1/23/2026 23:06,Meter 1,1/23/2026 23:06,75.35,96.97,0,214.46,84.08,10.3,-0.87,9.48,99.58,0,214.66,67.14,8.38,-2.69,7.45,94.04,0,214.82,74.82,9.29,-1.99,8.39,97.29,0,213.89,27.97,-5.56,25.32
1/23/2026 23:07,Meter 1,1/23/2026 23:07,43.87,93.58,0,214.25,51.52,6.31,1.09,5.91,98.33,0,214.45,42.4,5.28,1.19,4.74,97.01,0,214.36,37.68,4.67,2.17,3.56,85.39,0,213.94,16.27,4.45,14.21
1/23/2026 23:08,Meter 1,1/23/2026 23:08,76.87,95.12,0,214.36,91.2,11.18,-1.89,7.92,97.27,0,214.61,67.69,8.43,-2.65,7.34,94.04,0,214.42,71.73,8.9,-2.6,7.2,94.06,0,214.05,28.52,-7.14,22.46
1/23/2026 23:09,Meter 1,1/23/2026 23:09,65.75,99.63,0,214.28,71.39,8.75,-0.87,7.49,99.34,0,214.53,65.48,8.16,-0.72,7.54,99.55,0,214.39,60.38,7.49,-0.08,7.11,99.99,0,213.92,24.4,-1.66,22.14
1/23/2026 23:10,Meter 1,1/23/2026 23:10,53.87,98.92,0,214.33,61.48,7.53,0.62,7.01,99.62,0,214.65,45.72,5.7,0.8,5.14,98.83,0,214.45,54.42,6.75,1.18,6.37,98.32,0,213.88,19.98,2.6,18.53
1/23/2026 23:11,Meter 1,1/23/2026 23:11,56.21,96.1,0,214.31,74.58,9.13,0.98,5.29,98.34,0,214.47,43.28,5.4,0.99,4.04,97.14,0,214.71,50.78,6.3,1.98,4.94,92.82,0,213.74,20.83,3.94,14.26
1/23/2026 23:12,Meter 1,1/23/2026 23:12,72.32,98.14,0,214.35,89.38,10.94,-0.35,8.25,99.91,0,214.41,56.12,6.99,-1.84,5.34,94.52,0,214.69,71.45,8.88,-0.14,8.07,99.98,0,213.94,26.81,-2.34,21.66
1/23/2026 23:13,Meter 1,1/23/2026 23:13,66.91,98.5,0,214.08,94.22,11.52,1.28,9.55,99.11,0,214.02,40.14,5,0.52,4.09,99.2,0,214.49,66.36,8.24,1.52,6.29,97.2,0,213.74,24.75,3.32,19.93
1/23/2026 23:14,Meter 1,1/23/2026 23:14,72.38,99.31,0,214.26,77.57,9.49,-0.01,7.58,100,0,214.14,56.7,7.06,-1.2,6.32,98.25,0,214.63,82.87,10.3,-0.64,8.08,99.69,0,214.02,26.85,-1.84,21.98
1/23/2026 23:15,Meter 1,1/23/2026 23:15,56.82,90.1,0,214.09,55.64,6.81,2.2,5.48,92.81,0,214.27,49.44,6.15,2.14,5.48,93.16,0,214.36,65.4,8.11,4.2,6.59,84.34,0,213.65,21.07,8.54,17.55
1/23/2026 23:16,Meter 1,1/23/2026 23:16,60.3,92.98,0,214.07,76.08,9.31,2.14,5.81,93.85,0,214.19,50.76,6.31,1.22,5.05,97.19,0,214.16,54.05,6.7,2.93,5.41,87.9,0,213.86,22.33,6.29,16.27
1/23/2026 23:17,Meter 1,1/23/2026 23:17,76.68,97.32,0,214.23,78.78,9.65,-0.96,8.32,99.34,0,214.24,67.82,8.44,-2.78,7.19,93.25,0,214.43,83.43,10.36,-0.95,8.37,99.36,0,214.03,28.45,-4.7,23.88
1/23/2026 23:18,Meter 1,1/23/2026 23:18,43.8,90.71,0,214.02,47.91,5.87,1.64,4.4,93.73,0,214.19,41.14,5.11,1.73,4.23,92.59,0,214,42.36,5.25,2.34,3.92,85.82,0,213.88,16.23,5.71,12.54
1/23/2026 23:19,Meter 1,1/23/2026 23:19,69.37,99.27,0,214.16,80.2,9.82,0.38,6.13,99.81,0,214.37,58.98,7.34,0.33,6.3,99.86,0,214.33,68.92,8.55,1.19,6.05,98.13,0,213.78,25.71,1.9,18.47
1/23/2026 23:20,Meter 1,1/23/2026 23:20,75.95,94.69,0,214.19,87.28,10.69,-2.23,9.99,97.6,0,214.3,65.68,8.17,-3.13,7.15,91.62,0,214.31,74.89,9.29,-2.82,8.44,94.84,0,213.95,28.16,-8.18,25.58
1/23/2026 23:21,Meter 1,1/23/2026 23:21,74.38,96.71,0,214.23,84.26,10.32,-1.43,7.29,98.12,0,214.32,62.98,7.84,-2.49,6.67,93.67,0,214.53,75.88,9.42,-1.42,7.67,98.32,0,213.85,27.58,-5.35,21.62
1/23/2026 23:22,Meter 1,1/23/2026 23:22,74.24,97.54,0,214.24,73.07,8.95,-1.98,8.08,97.13,0,214.39,68.47,8.53,-2.31,7.81,95.89,0,214.46,81.16,10.07,-0.85,9.47,99.6,0,213.87,27.55,-5.14,25.36
1/23/2026 23:23,Meter 1,1/23/2026 23:23,47.41,92.79,0,214.03,43.28,5.29,0.87,4.69,98.33,0,214.12,39.61,4.93,1.88,4.17,91.13,0,214.27,59.34,7.36,3.2,6.22,88.92,0,213.71,17.58,5.95,15.08
1/23/2026 23:24,Meter 1,1/23/2026 23:24,73.29,97.64,0,214.11,77.77,9.52,-0.95,8.61,99.39,0,214.23,53.98,6.72,-2.1,5.56,93.55,0,214.32,88.13,10.93,-0.24,9.52,99.97,0,213.79,27.17,-3.29,23.69
1/23/2026 23:25,Meter 1,1/23/2026 23:25,59.35,98.5,0,214.08,74.25,9.09,-0.54,6.06,99.6,0,214.25,36.95,4.6,-1.11,3.76,95.89,0,214.31,66.85,8.29,-0.08,7.21,99.99,0,213.68,21.97,-1.74,17.02
1/23/2026 23:26,Meter 1,1/23/2026 23:26,61.44,97.08,0,213.99,79.83,9.76,1.36,7.72,98.49,0,214.06,39.54,4.92,0.11,3.82,99.96,0,214.2,64.94,8.05,2.67,6.65,92.79,0,213.69,22.73,4.14,18.18
1/23/2026 23:27,Meter 1,1/23/2026 23:27,80.35,96.97,0,214.15,103.12,12.63,-1.45,9.84,98.93,0,214.29,57.19,7.11,-2.29,5.48,92.3,0,214.22,80.73,10.02,-0.7,8.72,99.68,0,213.95,29.76,-4.43,24.03
1/23/2026 23:28,Meter 1,1/23/2026 23:28,47.91,91.22,0,214,45.02,5.51,1.13,3.86,95.98,0,214.29,42.41,5.27,1.18,4.66,96.96,0,214,56.3,6.97,3.95,5.41,80.74,0,213.71,17.76,6.26,13.93
1/23/2026 23:29,Meter 1,1/23/2026 23:29,49.18,95.96,0,213.98,51.03,6.25,0.27,4.52,99.82,0,214.47,44.86,5.58,1.21,5.19,97.37,0,213.79,51.65,6.39,2.52,5.43,90.68,0,213.68,18.22,4.01,15.15
1/23/2026 23:30,Meter 1,1/23/2026 23:30,81.48,97.48,0,214.14,97.5,11.94,-0.89,8.53,99.46,0,214.34,64.61,8.04,-2.58,6.72,93.34,0,214.19,82.33,10.21,-0.76,8.84,99.63,0,213.88,30.19,-4.24,24.09
1/23/2026 23:31,Meter 1,1/23/2026 23:31,81.48,97.48,0,214.14,97.5,11.94,-0.89,8.53,99.46,0,214.34,64.61,8.04,-2.58,6.72,93.34,0,214.19,82.33,10.21,-0.76,8.84,99.63,0,213.88,30.19,-4.24,24.09
1/23/2026 23:32,Meter 1,1/23/2026 23:32,80.1,99.84,0,213.95,94.36,11.55,-0.05,9.12,100,0,214.17,67.58,8.4,-0.59,7.95,99.72,0,213.94,78.35,9.71,-0.56,8.83,99.8,0,213.73,29.66,-1.2,25.9
1/23/2026 23:33,Meter 1,1/23/2026 23:33,67.27,93.02,0,213.83,78.37,9.58,2.04,6.57,95.52,0,214.01,59.74,7.42,2.61,6.44,92.7,0,213.9,63.71,7.89,2.98,6.48,90.84,0,213.58,24.9,7.63,19.49
1/23/2026 23:34,Meter 1,1/23/2026 23:34,79.69,99.11,0,213.99,96.63,11.82,-0.56,8.48,99.78,0,214.13,66.53,8.27,-1.33,7.38,98.41,0,214.11,75.91,9.41,-1.08,8.18,99.15,0,213.73,29.51,-2.97,24.03
1/23/2026 23:35,Meter 1,1/23/2026 23:35,62.31,95.18,0,213.92,70.28,8.6,1.62,6.07,96.61,0,214.24,53.17,6.61,1.67,5.8,96.1,0,214.01,63.47,7.86,2.77,6.92,92.83,0,213.5,23.07,6.06,18.79
1/23/2026 23:36,Meter 1,1/23/2026 23:36,66.95,95.85,0,214.06,70.73,8.66,-1.03,8.14,99.2,0,214.33,58.79,7.32,-3,6.22,90.06,0,214.17,71.32,8.84,-1.42,7.61,98.3,0,213.69,24.81,-5.46,21.96
1/23/2026 23:37,Meter 1,1/23/2026 23:37,42.78,95.72,0,213.94,48.42,5.93,0.49,5.35,99.58,0,214.13,38.16,4.74,0.63,4.34,98.96,0,213.91,41.75,5.17,2.22,4.26,88.63,0,213.78,15.84,3.35,13.95
1/23/2026 23:38,Meter 1,1/23/2026 23:38,42.41,96.67,0,214.04,50.86,6.22,0.97,4.14,97.36,0,214.11,37.9,4.71,0.65,4.26,98.84,0,214.2,38.47,4.77,1.25,3.4,93.81,0,213.81,15.71,2.88,11.8
1/23/2026 23:39,Meter 1,1/23/2026 23:39,64.65,99.62,0,214.11,83.97,10.28,0.06,6.17,99.99,0,214.13,49.08,6.1,-0.44,5.24,99.64,0,214.27,60.91,7.56,-0.69,5.5,99.23,0,213.93,23.94,-1.07,16.92
1/23/2026 23:40,Meter 1,1/23/2026 23:40,60.2,99.56,0,214.15,75.8,9.28,0.05,5.79,100,0,214.21,47.16,5.87,-0.46,5.11,99.6,0,214.44,57.62,7.15,-0.7,5.12,99.07,0,213.82,22.3,-1.12,16.02
1/23/2026 23:41,Meter 1,1/23/2026 23:41,60.26,99.93,0,214.13,81.6,9.98,0.25,5.63,99.9,0,214.19,45.94,5.72,-0.09,5.14,99.99,0,214.44,53.22,6.6,-0.21,4.81,99.9,0,213.75,22.31,-0.05,15.58
1/23/2026 23:42,Meter 1,1/23/2026 23:42,58.96,98.44,0,214.37,65.83,8.06,-1.03,7.29,99.02,0,214.45,56.32,7.02,-1.72,6.45,96.64,0,214.71,54.73,6.8,-0.54,6.49,99.65,0,213.95,21.88,-3.29,20.23
1/23/2026 23:43,Meter 1,1/23/2026 23:43,67.39,98.8,0,214.23,77.25,9.45,-0.43,7.67,99.84,0,214.15,53.9,6.71,-1.32,5.47,97.21,0,214.69,71.02,8.82,-0.78,6.8,99.35,0,213.87,24.98,-2.52,19.94
1/23/2026 23:44,Meter 1,1/23/2026 23:44,75.45,97.28,0,214.26,100.39,12.28,-0.9,9.62,99.57,0,214.17,49.03,6.11,-1.62,5.19,95.42,0,214.78,76.92,9.56,-1.8,7.01,96.85,0,213.83,27.94,-4.32,21.82
1/23/2026 23:45,Meter 1,1/23/2026 23:45,66.12,97.99,0,214.28,77.02,9.43,-0.05,8.64,100,0,214.09,44.81,5.58,-1.37,4.87,96.26,0,214.7,76.53,9.51,-1.68,7.74,97.72,0,214.06,24.52,-3.11,21.25
1/23/2026 23:46,Meter 1,1/23/2026 23:46,75.25,98.14,0,214.27,81.75,10.02,-0.83,8.76,99.55,0,214.36,63.73,7.93,-2.14,7.11,95.77,0,214.32,80.26,9.96,-1.2,8.82,99.09,0,214.14,27.91,-4.16,24.68
1/23/2026 23:47,Meter 1,1/23/2026 23:47,73.08,96.53,0,214.4,79.31,9.73,-1.34,8.32,98.73,0,214.51,61.12,7.61,-2.88,6.59,91.6,0,214.43,78.81,9.79,-1.03,8.43,99.27,0,214.27,27.13,-5.25,23.33
1/23/2026 23:48,Meter 1,1/23/2026 23:48,58.19,96.81,0,214.37,61.96,7.6,1.48,6.72,97.65,0,214.69,49.92,6.22,-0.15,5.71,99.97,0,214.36,62.7,7.78,2.82,7.03,92.82,0,214.06,21.6,4.15,19.46
1/23/2026 23:49,Meter 1,1/23/2026 23:49,80.37,98.49,0,214.38,109.99,13.48,-0.67,11.65,99.84,0,214.52,61.89,7.71,-2,6.56,95.64,0,214.56,69.23,8.6,-0.12,7.23,99.99,0,214.07,29.79,-2.79,25.44
1/23/2026 23:50,Meter 1,1/23/2026 23:50,71.93,96.15,0,214.57,83.84,10.29,-1.28,8.14,98.79,0,214.7,61.34,7.64,-2.96,6.19,90.18,0,214.65,70.6,8.78,-0.78,7.6,99.48,0,214.36,26.71,-5.02,21.93
1/23/2026 23:51,Meter 1,1/23/2026 23:51,53.97,97.7,0,214.42,70.77,8.68,0.35,4.2,99.66,0,214.74,38.75,4.83,0.22,3.61,99.81,0,214.39,52.39,6.5,1.7,4.55,93.64,0,214.13,20.01,2.27,12.36
1/23/2026 23:52,Meter 1,1/23/2026 23:52,38.35,92.46,0,214.42,42.19,5.18,0.97,3.58,96.54,0,214.87,32.07,4,1.01,3.39,95.81,0,214.25,40.79,5.06,2.17,3.5,85.04,0,214.13,14.24,4.15,10.47
1/23/2026 23:53,Meter 1,1/23/2026 23:53,77.94,94.51,0,214.53,94.16,11.56,-1,8.07,99.24,0,214.79,58.73,7.32,-2.95,5.7,88.77,0,214.57,80.93,10.05,-2.15,6.96,95.53,0,214.22,28.93,-6.11,20.72
1/23/2026 23:54,Meter 1,1/23/2026 23:54,75.4,93.77,0,214.57,84.46,10.37,-1.56,8.79,98.46,0,214.91,64.37,8.03,-3.24,6.8,90.3,0,214.58,77.38,9.61,-3.03,7.41,92.56,0,214.23,28.01,-7.83,23
1/23/2026 23:55,Meter 1,1/23/2026 23:55,60.58,94.34,0,214.37,81.91,10.05,1.41,7.45,98.26,0,214.65,42.14,5.25,1.59,4.34,93.92,0,214.21,57.68,7.16,2.25,4.89,90.85,0,214.26,22.46,5.25,16.69
1/23/2026 23:56,Meter 1,1/23/2026 23:56,68.6,95.05,0,214.56,77.55,9.52,-1.37,9.12,98.89,0,214.84,54.66,6.81,-2.65,5.84,91.04,0,214.51,73.58,9.14,-2.5,7.79,95.22,0,214.32,25.48,-6.52,22.75
1/23/2026 23:57,Meter 1,1/23/2026 23:57,72.24,99.85,0,214.37,93.66,11.49,0.03,8.45,100,0,214.51,50.74,6.31,-0.07,5.47,99.99,0,214.31,72.31,8.98,-0.63,6.74,99.56,0,214.29,26.78,-0.67,20.65
1/23/2026 23:58,Meter 1,1/23/2026 23:58,62.32,96.52,0,214.3,87.26,10.69,1.43,8.2,98.52,0,214.45,40.72,5.07,1.44,4.22,94.61,0,214.44,58.99,7.32,1.42,5.17,96.44,0,214,23.09,4.29,17.59
1/23/2026 23:59,Meter 1,1/23/2026 23:59,70.43,97.85,0,214.5,78.12,9.59,-0.49,8.84,99.85,0,214.71,54.81,6.83,-2.09,5.72,93.94,0,214.54,78.36,9.73,-0.56,8.32,99.78,0,214.26,26.15,-3.14,22.88
