Starting 8084 HTML Report Service...
Health check: http://localhost:8084/health
Generate Report: GET/POST http://localhost:8084/generate
Generate Layman Report: GET/POST http://localhost:8084/generate-layman
Press Ctrl+C to stop
--------------------------------------------------
 * Serving Flask app 'html_report_service'
 * Debug mode: off
8084 Service: Fetching data from main app via GET /api/analysis/results...
8084 Service: Retrieved data keys: ['R_ref_temp_c', 'R_ref_temp_c_i2r', 'account', 'after_compliance', 'after_data', 'after_file_id', 'after_file_info', 'after_label', 'alpha_conductor', 'alpha_conductor_i2r', 'analysis_period', 'analysis_session_id', 'analysis_version', 'ashrae_baseline_model', 'assumptions', 'attribution', 'audit_summary_document', 'audit_trail', 'before_compliance', 'before_data', 'before_file_id', 'before_file_info', 'before_label', 'bill_weighted', 'billing_method', 'capacity_rate_per_kw', 'client_profile', 'company', 'compliance_status', 'conductor_R_ref_ohm', 'conductor_scope', 'conductor_temp_rise_c', 'conductor_temp_rise_c_i2r', 'confidence_level', 'config', 'contact', 'cp_address', 'cp_company', 'cp_contact', 'cp_email', 'cp_event_mode', 'cp_location', 'cp_phone', 'cp_region', 'cp_timestamps', 'cp_window_min', 'cp_year', 'cp_zip', 'cp_zone', 'currency_code', 'current_project_id', 'data_quality_threshold', 'demand', 'demand_analysis', 'demand_rate', 'demand_rate_cp', 'demand_rate_cp_tou', 'demand_rate_kva', 'demand_rate_ncp', 'demand_rate_ncp_tou', 'dewpoint_after', 'dewpoint_before', 'discount_rate', 'email', 'energy', 'energy_flow', 'energy_rate', 'enhanced_weather_normalization', 'envelope_analysis', 'environmental', 'equipment_description', 'equipment_health', 'equipment_type', 'equipment_type_other_desc', 'escalation_rate', 'executive_summary', 'export_harmonic_spectrum', 'facility_address', 'facility_state', 'facility_zip', 'feeder_sort', 'feeders_json_combined', 'feeders_json_csv', 'feeders_json_manual', 'financial', 'financial_breakdown', 'financial_debug', 'harmonic_analysis_depth', 'humidity_after', 'humidity_before', 'ieee_519_edition', 'ieee_c57_110_method', 'il_A', 'include_avgkva_chart', 'include_avgkw_chart', 'include_cv_chart', 'include_network_losses', 'include_smoothing_chart', 'include_variance_chart', 'isc_kA', 'kh_stray_factor', 'last_month_bill_cost', 'line_R_ref_ohm', 'location', 'manual_a_kva', 'manual_a_pf', 'manual_a_thd', 'manual_b_kva', 'manual_b_pf', 'manual_b_thd', 'meter_model', 'meter_name', 'meter_sn', 'methodology_verification', 'network_losses', 'no_cp_event', 'onpeak_fraction_pct', 'onpeak_fraction_pct_seasonal', 'operating_hours', 'pcc_location', 'phases', 'phone', 'power_factor_not_included', 'power_quality', 'project_cost', 'public_key_pem', 'ratchet_applies_to', 'ratchet_percent', 'ratchet_ref_kw', 'reactive_rate_per_kvar', 'results_hash', 'sankey_diagram', 'seasonal_mode', 'show_dollars', 'show_dollars_hidden', 'show_methods_card', 'signature_alg', 'signature_sig', 'solar_radiation_after', 'solar_radiation_before', 'statistical', 'summer_fraction_pct', 'summer_rate_off', 'summer_rate_on', 'target_pf', 'tariff_type', 'temp_after', 'temp_before', 'temp_unit', 'test_duration', 'test_period_after', 'test_period_before', 'three_phase', 'timestamp', 'total_load_pct', 'tou_rate_off', 'tou_rate_off_seasonal', 'tou_rate_on', 'tou_rate_on_seasonal', 'transformers_json', 'utility', 'utility_program', 'voltage_nominal', 'voltage_type', 'weather_normalization', 'weather_provider', 'wind_speed_after', 'wind_speed_before', 'winter_rate_off', 'winter_rate_on', 'wire_temp_mode', 'wire_temp_mode_i2r', 'xfmr_core_loss_w', 'xfmr_group_view', 'xfmr_impedance_pct', 'xfmr_kva', 'xfmr_load_loss_w', 'xfmr_stray_fraction_pct']
8084 Service: Has 'energy_flow': True
8084 Service: energy_flow type: <class 'dict'>, keys: ['efficiency_pct', 'links', 'losses_kw', 'nodes', 'total_energy_kw', 'useful_energy_kw']
*** DEBUG STEP 9 - HTML SERVICE DATA RETRIEVAL: kw_before = 1267.2148063683305, kw_after = 1208.9099351211073 ***
*** DEBUG STEP 9 - HTML SERVICE DATA RETRIEVAL: current_improvement_pct = NOT_FOUND ***
8084 Service: Processing data with keys: ['R_ref_temp_c', 'R_ref_temp_c_i2r', 'account', 'after_compliance', 'after_data', 'after_file_id', 'after_file_info', 'after_label', 'alpha_conductor', 'alpha_conductor_i2r', 'analysis_period', 'analysis_session_id', 'analysis_version', 'ashrae_baseline_model', 'assumptions', 'attribution', 'audit_summary_document', 'audit_trail', 'before_compliance', 'before_data', 'before_file_id', 'before_file_info', 'before_label', 'bill_weighted', 'billing_method', 'capacity_rate_per_kw', 'client_profile', 'company', 'compliance_status', 'conductor_R_ref_ohm', 'conductor_scope', 'conductor_temp_rise_c', 'conductor_temp_rise_c_i2r', 'confidence_level', 'config', 'contact', 'cp_address', 'cp_company', 'cp_contact', 'cp_email', 'cp_event_mode', 'cp_location', 'cp_phone', 'cp_region', 'cp_timestamps', 'cp_window_min', 'cp_year', 'cp_zip', 'cp_zone', 'currency_code', 'current_project_id', 'data_quality_threshold', 'demand', 'demand_analysis', 'demand_rate', 'demand_rate_cp', 'demand_rate_cp_tou', 'demand_rate_kva', 'demand_rate_ncp', 'demand_rate_ncp_tou', 'dewpoint_after', 'dewpoint_before', 'discount_rate', 'email', 'energy', 'energy_flow', 'energy_rate', 'enhanced_weather_normalization', 'envelope_analysis', 'environmental', 'equipment_description', 'equipment_health', 'equipment_type', 'equipment_type_other_desc', 'escalation_rate', 'executive_summary', 'export_harmonic_spectrum', 'facility_address', 'facility_state', 'facility_zip', 'feeder_sort', 'feeders_json_combined', 'feeders_json_csv', 'feeders_json_manual', 'financial', 'financial_breakdown', 'financial_debug', 'harmonic_analysis_depth', 'humidity_after', 'humidity_before', 'ieee_519_edition', 'ieee_c57_110_method', 'il_A', 'include_avgkva_chart', 'include_avgkw_chart', 'include_cv_chart', 'include_network_losses', 'include_smoothing_chart', 'include_variance_chart', 'isc_kA', 'kh_stray_factor', 'last_month_bill_cost', 'line_R_ref_ohm', 'location', 'manual_a_kva', 'manual_a_pf', 'manual_a_thd', 'manual_b_kva', 'manual_b_pf', 'manual_b_thd', 'meter_model', 'meter_name', 'meter_sn', 'methodology_verification', 'network_losses', 'no_cp_event', 'onpeak_fraction_pct', 'onpeak_fraction_pct_seasonal', 'operating_hours', 'pcc_location', 'phases', 'phone', 'power_factor_not_included', 'power_quality', 'project_cost', 'public_key_pem', 'ratchet_applies_to', 'ratchet_percent', 'ratchet_ref_kw', 'reactive_rate_per_kvar', 'results_hash', 'sankey_diagram', 'seasonal_mode', 'show_dollars', 'show_dollars_hidden', 'show_methods_card', 'signature_alg', 'signature_sig', 'solar_radiation_after', 'solar_radiation_before', 'statistical', 'summer_fraction_pct', 'summer_rate_off', 'summer_rate_on', 'target_pf', 'tariff_type', 'temp_after', 'temp_before', 'temp_unit', 'test_duration', 'test_period_after', 'test_period_before', 'three_phase', 'timestamp', 'total_load_pct', 'tou_rate_off', 'tou_rate_off_seasonal', 'tou_rate_on', 'tou_rate_on_seasonal', 'transformers_json', 'utility', 'utility_program', 'voltage_nominal', 'voltage_type', 'weather_normalization', 'weather_provider', 'wind_speed_after', 'wind_speed_before', 'winter_rate_off', 'winter_rate_on', 'wire_temp_mode', 'wire_temp_mode_i2r', 'xfmr_core_loss_w', 'xfmr_group_view', 'xfmr_impedance_pct', 'xfmr_kva', 'xfmr_load_loss_w', 'xfmr_stray_fraction_pct']
8084 Service: Config keys in results: ['R_ref_temp_c', 'R_ref_temp_c_i2r', 'account', 'after_file_id', 'after_label', 'alpha_conductor', 'alpha_conductor_i2r', 'analysis_period', 'ashrae_baseline_model', 'before_file_id', 'before_label', 'billing_method', 'capacity_rate_per_kw', 'company', 'conductor_R_ref_ohm', 'conductor_scope', 'conductor_temp_rise_c', 'conductor_temp_rise_c_i2r', 'confidence_level', 'contact', 'cp_address', 'cp_company', 'cp_contact', 'cp_email', 'cp_event_mode', 'cp_location', 'cp_phone', 'cp_region', 'cp_timestamps', 'cp_window_min', 'cp_year', 'cp_zip', 'cp_zone', 'currency_code', 'current_project_id', 'data_quality_threshold', 'demand_rate', 'demand_rate_cp', 'demand_rate_cp_tou', 'demand_rate_kva', 'demand_rate_ncp', 'demand_rate_ncp_tou', 'dewpoint_after', 'dewpoint_before', 'discount_rate', 'email', 'energy_rate', 'enhanced_weather_normalization', 'equipment_description', 'equipment_type', 'equipment_type_other_desc', 'escalation_rate', 'export_harmonic_spectrum', 'facility_address', 'facility_state', 'facility_zip', 'feeder_sort', 'feeders_json_combined', 'feeders_json_csv', 'feeders_json_manual', 'harmonic_analysis_depth', 'humidity_after', 'humidity_before', 'ieee_519_edition', 'ieee_c57_110_method', 'il_A', 'include_avgkva_chart', 'include_avgkw_chart', 'include_cv_chart', 'include_network_losses', 'include_smoothing_chart', 'include_variance_chart', 'isc_kA', 'kh_stray_factor', 'last_month_bill_cost', 'line_R_ref_ohm', 'location', 'manual_a_kva', 'manual_a_pf', 'manual_a_thd', 'manual_b_kva', 'manual_b_pf', 'manual_b_thd', 'meter_model', 'meter_name', 'meter_sn', 'no_cp_event', 'onpeak_fraction_pct', 'onpeak_fraction_pct_seasonal', 'operating_hours', 'pcc_location', 'phases', 'phone', 'power_factor_not_included', 'project_cost', 'ratchet_applies_to', 'ratchet_percent', 'ratchet_ref_kw', 'reactive_rate_per_kvar', 'seasonal_mode', 'show_dollars', 'show_dollars_hidden', 'show_methods_card', 'solar_radiation_after', 'solar_radiation_before', 'summer_fraction_pct', 'summer_rate_off', 'summer_rate_on', 'target_pf', 'tariff_type', 'temp_after', 'temp_before', 'temp_unit', 'test_duration', 'test_period_after', 'test_period_before', 'total_load_pct', 'tou_rate_off', 'tou_rate_off_seasonal', 'tou_rate_on', 'tou_rate_on_seasonal', 'transformers_json', 'utility', 'utility_program', 'voltage_nominal', 'voltage_type', 'weather_provider', 'wind_speed_after', 'wind_speed_before', 'winter_rate_off', 'winter_rate_on', 'wire_temp_mode', 'wire_temp_mode_i2r', 'xfmr_core_loss_w', 'xfmr_group_view', 'xfmr_impedance_pct', 'xfmr_kva', 'xfmr_load_loss_w', 'xfmr_stray_fraction_pct']
8084 Service: Client profile keys in results: ['R_ref_temp_c', 'R_ref_temp_c_i2r', 'account', 'after_file_id', 'after_label', 'alpha_conductor', 'alpha_conductor_i2r', 'analysis_period', 'ashrae_baseline_model', 'before_file_id', 'before_label', 'billing_method', 'capacity_rate_per_kw', 'company', 'conductor_R_ref_ohm', 'conductor_scope', 'conductor_temp_rise_c', 'conductor_temp_rise_c_i2r', 'confidence_level', 'contact', 'cp_address', 'cp_company', 'cp_contact', 'cp_email', 'cp_event_mode', 'cp_location', 'cp_phone', 'cp_region', 'cp_timestamps', 'cp_window_min', 'cp_year', 'cp_zip', 'cp_zone', 'currency_code', 'current_project_id', 'data_quality_threshold', 'demand_rate', 'demand_rate_cp', 'demand_rate_cp_tou', 'demand_rate_kva', 'demand_rate_ncp', 'demand_rate_ncp_tou', 'dewpoint_after', 'dewpoint_before', 'discount_rate', 'email', 'energy_rate', 'enhanced_weather_normalization', 'equipment', 'equipment_description', 'equipment_type', 'equipment_type_other_desc', 'escalation_rate', 'export_harmonic_spectrum', 'facility', 'facility_address', 'facility_state', 'facility_zip', 'feeder_sort', 'feeders_json_combined', 'feeders_json_csv', 'feeders_json_manual', 'harmonic_analysis_depth', 'humidity_after', 'humidity_before', 'ieee_519_edition', 'ieee_c57_110_method', 'il_A', 'include_avgkva_chart', 'include_avgkw_chart', 'include_cv_chart', 'include_network_losses', 'include_smoothing_chart', 'include_variance_chart', 'isc_kA', 'kh_stray_factor', 'last_month_bill_cost', 'line_R_ref_ohm', 'location', 'manual_a_kva', 'manual_a_pf', 'manual_a_thd', 'manual_b_kva', 'manual_b_pf', 'manual_b_thd', 'meter_model', 'meter_name', 'meter_sn', 'no_cp_event', 'onpeak_fraction_pct', 'onpeak_fraction_pct_seasonal', 'operating_hours', 'pcc_location', 'phases', 'phone', 'power_factor_not_included', 'project_cost', 'ratchet_applies_to', 'ratchet_percent', 'ratchet_ref_kw', 'reactive_rate_per_kvar', 'seasonal_mode', 'show_dollars', 'show_dollars_hidden', 'show_methods_card', 'solar_radiation_after', 'solar_radiation_before', 'summer_fraction_pct', 'summer_rate_off', 'summer_rate_on', 'target_pf', 'tariff_type', 'temp_after', 'temp_before', 'temp_unit', 'test_duration', 'test_period_after', 'test_period_before', 'total_load_pct', 'tou_rate_off', 'tou_rate_off_seasonal', 'tou_rate_on', 'tou_rate_on_seasonal', 'transformers_json', 'utility', 'utility_program', 'voltage_nominal', 'voltage_type', 'weather_provider', 'wind_speed_after', 'wind_speed_before', 'winter_rate_off', 'winter_rate_on', 'wire_temp_mode', 'wire_temp_mode_i2r', 'xfmr_core_loss_w', 'xfmr_group_view', 'xfmr_impedance_pct', 'xfmr_kva', 'xfmr_load_loss_w', 'xfmr_stray_fraction_pct']
8084 Service: Calling generate_exact_template_html...
*** CRITICAL DEBUG: Template processor called with data type: <class 'dict'> ***
*** CRITICAL DEBUG: Is dict: True ***
*** CRITICAL DEBUG: Top-level keys: ['R_ref_temp_c', 'R_ref_temp_c_i2r', 'account', 'after_compliance', 'after_data', 'after_file_id', 'after_file_info', 'after_label', 'alpha_conductor', 'alpha_conductor_i2r', 'analysis_period', 'analysis_session_id', 'analysis_version', 'ashrae_baseline_model', 'assumptions', 'attribution', 'audit_summary_document', 'audit_trail', 'before_compliance', 'before_data', 'before_file_id', 'before_file_info', 'before_label', 'bill_weighted', 'billing_method', 'capacity_rate_per_kw', 'client_profile', 'company', 'compliance_status', 'conductor_R_ref_ohm'] ***
*** CRITICAL DEBUG: Has 'config': True ***
*** CRITICAL DEBUG: Has 'client_profile': True ***
*** CRITICAL DEBUG: Config keys (139): ['R_ref_temp_c', 'R_ref_temp_c_i2r', 'account', 'after_file_id', 'after_label', 'alpha_conductor', 'alpha_conductor_i2r', 'analysis_period', 'ashrae_baseline_model', 'before_file_id', 'before_label', 'billing_method', 'capacity_rate_per_kw', 'company', 'conductor_R_ref_ohm', 'conductor_scope', 'conductor_temp_rise_c', 'conductor_temp_rise_c_i2r', 'confidence_level', 'contact', 'cp_address', 'cp_company', 'cp_contact', 'cp_email', 'cp_event_mode', 'cp_location', 'cp_phone', 'cp_region', 'cp_timestamps', 'cp_window_min'] ***
*** CRITICAL DEBUG: cp_company in config: True ***
*** CRITICAL DEBUG: cp_company value: XECO ENERGY CORPORATION ***
*** CRITICAL DEBUG: Client profile keys: ['R_ref_temp_c', 'R_ref_temp_c_i2r', 'account', 'after_file_id', 'after_label', 'alpha_conductor', 'alpha_conductor_i2r', 'analysis_period', 'ashrae_baseline_model', 'before_file_id', 'before_label', 'billing_method', 'capacity_rate_per_kw', 'company', 'conductor_R_ref_ohm', 'conductor_scope', 'conductor_temp_rise_c', 'conductor_temp_rise_c_i2r', 'confidence_level', 'contact', 'cp_address', 'cp_company', 'cp_contact', 'cp_email', 'cp_event_mode', 'cp_location', 'cp_phone', 'cp_region', 'cp_timestamps', 'cp_window_min'] ***
*** SERVER RESTARTED - AUDIT COMPLIANT VERSION 3.0 ***
*** DEBUG VERSION 3.0 - FULL AUDIT COMPLIANCE ENABLED ***
Excel export functionality enabled - openpyxl imported successfully
PDF export functionality enabled - reportlab imported successfully
TEMPLATE DEBUG: After extracting, config keys: ['R_ref_temp_c', 'R_ref_temp_c_i2r', 'account', 'after_file_id', 'after_label', 'alpha_conductor', 'alpha_conductor_i2r', 'analysis_period', 'ashrae_baseline_model', 'before_file_id', 'before_label', 'billing_method', 'capacity_rate_per_kw', 'company', 'conductor_R_ref_ohm', 'conductor_scope', 'conductor_temp_rise_c', 'conductor_temp_rise_c_i2r', 'confidence_level', 'contact', 'cp_address', 'cp_company', 'cp_contact', 'cp_email', 'cp_event_mode', 'cp_location', 'cp_phone', 'cp_region', 'cp_timestamps', 'cp_window_min', 'cp_year', 'cp_zip', 'cp_zone', 'currency_code', 'current_project_id', 'data_quality_threshold', 'demand_rate', 'demand_rate_cp', 'demand_rate_cp_tou', 'demand_rate_kva', 'demand_rate_ncp', 'demand_rate_ncp_tou', 'dewpoint_after', 'dewpoint_before', 'discount_rate', 'email', 'energy_rate', 'enhanced_weather_normalization', 'equipment_description', 'equipment_type', 'equipment_type_other_desc', 'escalation_rate', 'export_harmonic_spectrum', 'facility_address', 'facility_state', 'facility_zip', 'feeder_sort', 'feeders_json_combined', 'feeders_json_csv', 'feeders_json_manual', 'harmonic_analysis_depth', 'humidity_after', 'humidity_before', 'ieee_519_edition', 'ieee_c57_110_method', 'il_A', 'include_avgkva_chart', 'include_avgkw_chart', 'include_cv_chart', 'include_network_losses', 'include_smoothing_chart', 'include_variance_chart', 'isc_kA', 'kh_stray_factor', 'last_month_bill_cost', 'line_R_ref_ohm', 'location', 'manual_a_kva', 'manual_a_pf', 'manual_a_thd', 'manual_b_kva', 'manual_b_pf', 'manual_b_thd', 'meter_model', 'meter_name', 'meter_sn', 'no_cp_event', 'onpeak_fraction_pct', 'onpeak_fraction_pct_seasonal', 'operating_hours', 'pcc_location', 'phases', 'phone', 'power_factor_not_included', 'project_cost', 'ratchet_applies_to', 'ratchet_percent', 'ratchet_ref_kw', 'reactive_rate_per_kvar', 'seasonal_mode', 'show_dollars', 'show_dollars_hidden', 'show_methods_card', 'solar_radiation_after', 'solar_radiation_before', 'summer_fraction_pct', 'summer_rate_off', 'summer_rate_on', 'target_pf', 'tariff_type', 'temp_after', 'temp_before', 'temp_unit', 'test_duration', 'test_period_after', 'test_period_before', 'total_load_pct', 'tou_rate_off', 'tou_rate_off_seasonal', 'tou_rate_on', 'tou_rate_on_seasonal', 'transformers_json', 'utility', 'utility_program', 'voltage_nominal', 'voltage_type', 'weather_provider', 'wind_speed_after', 'wind_speed_before', 'winter_rate_off', 'winter_rate_on', 'wire_temp_mode', 'wire_temp_mode_i2r', 'xfmr_core_loss_w', 'xfmr_group_view', 'xfmr_impedance_pct', 'xfmr_kva', 'xfmr_load_loss_w', 'xfmr_stray_fraction_pct']
TEMPLATE DEBUG: After extracting, client_profile keys: ['R_ref_temp_c', 'R_ref_temp_c_i2r', 'account', 'after_file_id', 'after_label', 'alpha_conductor', 'alpha_conductor_i2r', 'analysis_period', 'ashrae_baseline_model', 'before_file_id', 'before_label', 'billing_method', 'capacity_rate_per_kw', 'company', 'conductor_R_ref_ohm', 'conductor_scope', 'conductor_temp_rise_c', 'conductor_temp_rise_c_i2r', 'confidence_level', 'contact', 'cp_address', 'cp_company', 'cp_contact', 'cp_email', 'cp_event_mode', 'cp_location', 'cp_phone', 'cp_region', 'cp_timestamps', 'cp_window_min', 'cp_year', 'cp_zip', 'cp_zone', 'currency_code', 'current_project_id', 'data_quality_threshold', 'demand_rate', 'demand_rate_cp', 'demand_rate_cp_tou', 'demand_rate_kva', 'demand_rate_ncp', 'demand_rate_ncp_tou', 'dewpoint_after', 'dewpoint_before', 'discount_rate', 'email', 'energy_rate', 'enhanced_weather_normalization', 'equipment', 'equipment_description', 'equipment_type', 'equipment_type_other_desc', 'escalation_rate', 'export_harmonic_spectrum', 'facility', 'facility_address', 'facility_state', 'facility_zip', 'feeder_sort', 'feeders_json_combined', 'feeders_json_csv', 'feeders_json_manual', 'harmonic_analysis_depth', 'humidity_after', 'humidity_before', 'ieee_519_edition', 'ieee_c57_110_method', 'il_A', 'include_avgkva_chart', 'include_avgkw_chart', 'include_cv_chart', 'include_network_losses', 'include_smoothing_chart', 'include_variance_chart', 'isc_kA', 'kh_stray_factor', 'last_month_bill_cost', 'line_R_ref_ohm', 'location', 'manual_a_kva', 'manual_a_pf', 'manual_a_thd', 'manual_b_kva', 'manual_b_pf', 'manual_b_thd', 'meter_model', 'meter_name', 'meter_sn', 'no_cp_event', 'onpeak_fraction_pct', 'onpeak_fraction_pct_seasonal', 'operating_hours', 'pcc_location', 'phases', 'phone', 'power_factor_not_included', 'project_cost', 'ratchet_applies_to', 'ratchet_percent', 'ratchet_ref_kw', 'reactive_rate_per_kvar', 'seasonal_mode', 'show_dollars', 'show_dollars_hidden', 'show_methods_card', 'solar_radiation_after', 'solar_radiation_before', 'summer_fraction_pct', 'summer_rate_off', 'summer_rate_on', 'target_pf', 'tariff_type', 'temp_after', 'temp_before', 'temp_unit', 'test_duration', 'test_period_after', 'test_period_before', 'total_load_pct', 'tou_rate_off', 'tou_rate_off_seasonal', 'tou_rate_on', 'tou_rate_on_seasonal', 'transformers_json', 'utility', 'utility_program', 'voltage_nominal', 'voltage_type', 'weather_provider', 'wind_speed_after', 'wind_speed_before', 'winter_rate_off', 'winter_rate_on', 'wire_temp_mode', 'wire_temp_mode_i2r', 'xfmr_core_loss_w', 'xfmr_group_view', 'xfmr_impedance_pct', 'xfmr_kva', 'xfmr_load_loss_w', 'xfmr_stray_fraction_pct']
TEMPLATE DEBUG: cp_company in config: XECO ENERGY CORPORATION
TEMPLATE DEBUG: cp_company in client_profile: XECO ENERGY CORPORATION
TEMPLATE DEBUG: cp_company in r: XECO ENERGY CORPORATION
TEMPLATE DEBUG: company in config: Ochsner Ortho-Lafayette
TEMPLATE DEBUG: facility_address in config: 2810 Ambassador Caffery Pkwy
TEMPLATE DEBUG: location in config: Lafayette
TEMPLATE DEBUG: P_VALUE = 0.0001
TEMPLATE DEBUG: SAMPLE_SIZE_BEFORE = 2324
TEMPLATE DEBUG: SAMPLE_SIZE_AFTER = 2312
TEMPLATE DEBUG: STATISTICALLY_SIGNIFICANT = True
TEMPLATE DEBUG: FILTERED_POINTS = 2324
TEMPLATE DEBUG: DAYS_CALCULATION = 96.83333333333333
TEMPLATE DEBUG: T_STATISTIC = 20.245636214375086
TEMPLATE DEBUG: RELATIVE_PRECISION = 0.5413221510795884
TEMPLATE DEBUG: COHENS_D = 0.5942720296391024
TEMPLATE DEBUG: KW_NORMALIZED_SAVINGS_PERCENT = 16.651289090199384
DEBUG: NPV Found in executive_summary = 1264454.722378769
DEBUG: NPV DEBUG: FINAL npv = 1264454.722378769
DEBUG: PAYBACK Found in executive_summary = 0.5484698059014497
DEBUG: PAYBACK DEBUG: FINAL simple_payback = 0.5484698059014497
DEBUG: IRR Found in financial.internal_rate_return = 184.31900381252368, formatted = 184.31900381252368%
DEBUG: IRR DEBUG: FINAL irr = 184.31900381252368%
DEBUG: SIR Found in executive_summary = 16.947818966271505
DEBUG: SIR DEBUG: FINAL sir = 16.947818966271505
*** DEBUG: Config keys: ['R_ref_temp_c', 'R_ref_temp_c_i2r', 'account', 'after_file_id', 'after_label', 'alpha_conductor', 'alpha_conductor_i2r', 'analysis_period', 'ashrae_baseline_model', 'before_file_id', 'before_label', 'billing_method', 'capacity_rate_per_kw', 'company', 'conductor_R_ref_ohm', 'conductor_scope', 'conductor_temp_rise_c', 'conductor_temp_rise_c_i2r', 'confidence_level', 'contact', 'cp_address', 'cp_company', 'cp_contact', 'cp_email', 'cp_event_mode', 'cp_location', 'cp_phone', 'cp_region', 'cp_timestamps', 'cp_window_min', 'cp_year', 'cp_zip', 'cp_zone', 'currency_code', 'current_project_id', 'data_quality_threshold', 'demand_rate', 'demand_rate_cp', 'demand_rate_cp_tou', 'demand_rate_kva', 'demand_rate_ncp', 'demand_rate_ncp_tou', 'dewpoint_after', 'dewpoint_before', 'discount_rate', 'email', 'energy_rate', 'enhanced_weather_normalization', 'equipment_description', 'equipment_type', 'equipment_type_other_desc', 'escalation_rate', 'export_harmonic_spectrum', 'facility_address', 'facility_state', 'facility_zip', 'feeder_sort', 'feeders_json_combined', 'feeders_json_csv', 'feeders_json_manual', 'harmonic_analysis_depth', 'humidity_after', 'humidity_before', 'ieee_519_edition', 'ieee_c57_110_method', 'il_A', 'include_avgkva_chart', 'include_avgkw_chart', 'include_cv_chart', 'include_network_losses', 'include_smoothing_chart', 'include_variance_chart', 'isc_kA', 'kh_stray_factor', 'last_month_bill_cost', 'line_R_ref_ohm', 'location', 'manual_a_kva', 'manual_a_pf', 'manual_a_thd', 'manual_b_kva', 'manual_b_pf', 'manual_b_thd', 'meter_model', 'meter_name', 'meter_sn', 'no_cp_event', 'onpeak_fraction_pct', 'onpeak_fraction_pct_seasonal', 'operating_hours', 'pcc_location', 'phases', 'phone', 'power_factor_not_included', 'project_cost', 'ratchet_applies_to', 'ratchet_percent', 'ratchet_ref_kw', 'reactive_rate_per_kvar', 'seasonal_mode', 'show_dollars', 'show_dollars_hidden', 'show_methods_card', 'solar_radiation_after', 'solar_radiation_before', 'summer_fraction_pct', 'summer_rate_off', 'summer_rate_on', 'target_pf', 'tariff_type', 'temp_after', 'temp_before', 'temp_unit', 'test_duration', 'test_period_after', 'test_period_before', 'total_load_pct', 'tou_rate_off', 'tou_rate_off_seasonal', 'tou_rate_on', 'tou_rate_on_seasonal', 'transformers_json', 'utility', 'utility_program', 'voltage_nominal', 'voltage_type', 'weather_provider', 'wind_speed_after', 'wind_speed_before', 'winter_rate_off', 'winter_rate_on', 'wire_temp_mode', 'wire_temp_mode_i2r', 'xfmr_core_loss_w', 'xfmr_group_view', 'xfmr_impedance_pct', 'xfmr_kva', 'xfmr_load_loss_w', 'xfmr_stray_fraction_pct'] ***
*** DEBUG: Client profile keys: ['R_ref_temp_c', 'R_ref_temp_c_i2r', 'account', 'after_file_id', 'after_label', 'alpha_conductor', 'alpha_conductor_i2r', 'analysis_period', 'ashrae_baseline_model', 'before_file_id', 'before_label', 'billing_method', 'capacity_rate_per_kw', 'company', 'conductor_R_ref_ohm', 'conductor_scope', 'conductor_temp_rise_c', 'conductor_temp_rise_c_i2r', 'confidence_level', 'contact', 'cp_address', 'cp_company', 'cp_contact', 'cp_email', 'cp_event_mode', 'cp_location', 'cp_phone', 'cp_region', 'cp_timestamps', 'cp_window_min', 'cp_year', 'cp_zip', 'cp_zone', 'currency_code', 'current_project_id', 'data_quality_threshold', 'demand_rate', 'demand_rate_cp', 'demand_rate_cp_tou', 'demand_rate_kva', 'demand_rate_ncp', 'demand_rate_ncp_tou', 'dewpoint_after', 'dewpoint_before', 'discount_rate', 'email', 'energy_rate', 'enhanced_weather_normalization', 'equipment', 'equipment_description', 'equipment_type', 'equipment_type_other_desc', 'escalation_rate', 'export_harmonic_spectrum', 'facility', 'facility_address', 'facility_state', 'facility_zip', 'feeder_sort', 'feeders_json_combined', 'feeders_json_csv', 'feeders_json_manual', 'harmonic_analysis_depth', 'humidity_after', 'humidity_before', 'ieee_519_edition', 'ieee_c57_110_method', 'il_A', 'include_avgkva_chart', 'include_avgkw_chart', 'include_cv_chart', 'include_network_losses', 'include_smoothing_chart', 'include_variance_chart', 'isc_kA', 'kh_stray_factor', 'last_month_bill_cost', 'line_R_ref_ohm', 'location', 'manual_a_kva', 'manual_a_pf', 'manual_a_thd', 'manual_b_kva', 'manual_b_pf', 'manual_b_thd', 'meter_model', 'meter_name', 'meter_sn', 'no_cp_event', 'onpeak_fraction_pct', 'onpeak_fraction_pct_seasonal', 'operating_hours', 'pcc_location', 'phases', 'phone', 'power_factor_not_included', 'project_cost', 'ratchet_applies_to', 'ratchet_percent', 'ratchet_ref_kw', 'reactive_rate_per_kvar', 'seasonal_mode', 'show_dollars', 'show_dollars_hidden', 'show_methods_card', 'solar_radiation_after', 'solar_radiation_before', 'summer_fraction_pct', 'summer_rate_off', 'summer_rate_on', 'target_pf', 'tariff_type', 'temp_after', 'temp_before', 'temp_unit', 'test_duration', 'test_period_after', 'test_period_before', 'total_load_pct', 'tou_rate_off', 'tou_rate_off_seasonal', 'tou_rate_on', 'tou_rate_on_seasonal', 'transformers_json', 'utility', 'utility_program', 'voltage_nominal', 'voltage_type', 'weather_provider', 'wind_speed_after', 'wind_speed_before', 'winter_rate_off', 'winter_rate_on', 'wire_temp_mode', 'wire_temp_mode_i2r', 'xfmr_core_loss_w', 'xfmr_group_view', 'xfmr_impedance_pct', 'xfmr_kva', 'xfmr_load_loss_w', 'xfmr_stray_fraction_pct'] ***
*** DEBUG: Top-level keys: ['R_ref_temp_c', 'R_ref_temp_c_i2r', 'account', 'after_compliance', 'after_data', 'after_file_id', 'after_file_info', 'after_label', 'alpha_conductor', 'alpha_conductor_i2r', 'analysis_period', 'analysis_session_id', 'analysis_version', 'ashrae_baseline_model', 'assumptions', 'attribution', 'audit_summary_document', 'audit_trail', 'before_compliance', 'before_data', 'before_file_id', 'before_file_info', 'before_label', 'bill_weighted', 'billing_method', 'capacity_rate_per_kw', 'client_profile', 'company', 'compliance_status', 'conductor_R_ref_ohm', 'conductor_scope', 'conductor_temp_rise_c', 'conductor_temp_rise_c_i2r', 'confidence_level', 'config', 'contact', 'cp_address', 'cp_company', 'cp_contact', 'cp_email', 'cp_event_mode', 'cp_location', 'cp_phone', 'cp_region', 'cp_timestamps', 'cp_window_min', 'cp_year', 'cp_zip', 'cp_zone', 'currency_code', 'current_project_id', 'data_quality_threshold', 'demand', 'demand_analysis', 'demand_rate', 'demand_rate_cp', 'demand_rate_cp_tou', 'demand_rate_kva', 'demand_rate_ncp', 'demand_rate_ncp_tou', 'dewpoint_after', 'dewpoint_before', 'discount_rate', 'email', 'energy', 'energy_flow', 'energy_rate', 'enhanced_weather_normalization', 'envelope_analysis', 'environmental', 'equipment_description', 'equipment_health', 'equipment_type', 'equipment_type_other_desc', 'escalation_rate', 'executive_summary', 'export_harmonic_spectrum', 'facility_address', 'facility_state', 'facility_zip', 'feeder_sort', 'feeders_json_combined', 'feeders_json_csv', 'feeders_json_manual', 'financial', 'financial_breakdown', 'financial_debug', 'harmonic_analysis_depth', 'humidity_after', 'humidity_before', 'ieee_519_edition', 'ieee_c57_110_method', 'il_A', 'include_avgkva_chart', 'include_avgkw_chart', 'include_cv_chart', 'include_network_losses', 'include_smoothing_chart', 'include_variance_chart', 'isc_kA', 'kh_stray_factor', 'last_month_bill_cost', 'line_R_ref_ohm', 'location', 'manual_a_kva', 'manual_a_pf', 'manual_a_thd', 'manual_b_kva', 'manual_b_pf', 'manual_b_thd', 'meter_model', 'meter_name', 'meter_sn', 'methodology_verification', 'network_losses', 'no_cp_event', 'onpeak_fraction_pct', 'onpeak_fraction_pct_seasonal', 'operating_hours', 'pcc_location', 'phases', 'phone', 'power_factor_not_included', 'power_quality', 'project_cost', 'public_key_pem', 'ratchet_applies_to', 'ratchet_percent', 'ratchet_ref_kw', 'reactive_rate_per_kvar', 'results_hash', 'sankey_diagram', 'seasonal_mode', 'show_dollars', 'show_dollars_hidden', 'show_methods_card', 'signature_alg', 'signature_sig', 'solar_radiation_after', 'solar_radiation_before', 'statistical', 'summer_fraction_pct', 'summer_rate_off', 'summer_rate_on', 'target_pf', 'tariff_type', 'temp_after', 'temp_before', 'temp_unit', 'test_duration', 'test_period_after', 'test_period_before', 'three_phase', 'timestamp', 'total_load_pct', 'tou_rate_off', 'tou_rate_off_seasonal', 'tou_rate_on', 'tou_rate_on_seasonal', 'transformers_json', 'utility', 'utility_program', 'voltage_nominal', 'voltage_type', 'weather_normalization', 'weather_provider', 'wind_speed_after', 'wind_speed_before', 'winter_rate_off', 'winter_rate_on', 'wire_temp_mode', 'wire_temp_mode_i2r', 'xfmr_core_loss_w', 'xfmr_group_view', 'xfmr_impedance_pct', 'xfmr_kva', 'xfmr_load_loss_w', 'xfmr_stray_fraction_pct'] ***
*** DEBUG: projectName from config: None ***
*** DEBUG: projectName from r: None ***
*** DEBUG: facility_city from config: None ***
*** DEBUG: facility_city from r: None ***
TEMPLATE DEBUG: company = Ochsner Ortho-Lafayette
TEMPLATE DEBUG: facility_address = 2810 Ambassador Caffery Pkwy
TEMPLATE DEBUG: location = Lafayette, LA 70506
TEMPLATE DEBUG: contact = Neil Bourgeois
TEMPLATE DEBUG: email = neil.bourgeois@ochsner.org
TEMPLATE DEBUG: phone = (337) 501-0431
TEMPLATE DEBUG: cp_company = XECO ENERGY CORPORATION
TEMPLATE DEBUG: cp_address = 1305 Blue Ridge Drive
TEMPLATE DEBUG: cp_location = Georgetown, TX
TEMPLATE DEBUG: cp_zip = 78626
TEMPLATE DEBUG: cp_contact = Gregory Dockery
[DEBUG] IPMVP p_value from statistical (first location): 0.0001
[DEBUG] statistical keys: ['after_ci_lower', 'after_ci_upper', 'baseline_model', 'baseline_model_selected', 'before_ci_lower', 'before_ci_upper', 'calculated_confidence_intervals', 'cohens_d', 'confidence_interval', 'confidence_interval_after', 'confidence_interval_before', 'confidence_intervals', 'confidence_level', 'cvrmse', 'data_quality', 'days_calculation', 'filtered_points', 'meets_ashrae_precision', 'nmbe', 'p_value', 'r_squared', 'relative_precision', 'sample_size_after', 'sample_size_before', 'savings', 'savings_ci_lower', 'savings_ci_upper', 'statistically_significant', 't_statistic']
[DEBUG] NEMA MG1 early values - before=None, after=None
[DEBUG] NEMA MG1 early compliance - before=False, after=False
[DEBUG] NEMA MG1 early replacement skipped - values not available yet, will use final replacement
DEBUG: METHODS & FORMULAS VALIDATION: IEC 62053 accuracy calculation using CSV data - before: 0.1S (0.1%), after: 0.1S (0.1%)
[DEBUG] IPMVP p_value from statistical (second location): 0.0001
[DEBUG] statistical keys: ['after_ci_lower', 'after_ci_upper', 'baseline_model', 'baseline_model_selected', 'before_ci_lower', 'before_ci_upper', 'calculated_confidence_intervals', 'cohens_d', 'confidence_interval', 'confidence_interval_after', 'confidence_interval_before', 'confidence_intervals', 'confidence_level', 'cvrmse', 'data_quality', 'days_calculation', 'filtered_points', 'meets_ashrae_precision', 'nmbe', 'p_value', 'r_squared', 'relative_precision', 'sample_size_after', 'sample_size_before', 'savings', 'savings_ci_lower', 'savings_ci_upper', 'statistically_significant', 't_statistic']
TEMPLATE DEBUG: test_name = main
TEMPLATE DEBUG: circuit_name = Main SwitchGear
TEMPLATE DEBUG: test_period = 11/20/2025 0:00 - 11/21/2025 14:59 | 11/17/2025 0:00 - 11/18/2025 14:59
TEMPLATE DEBUG: test_duration = 2 Days (Before) | 2 Days (After)
TEMPLATE DEBUG: meter_spec = Meter Class 0.2
TEMPLATE DEBUG: interval_data = CSV Data
TEMPLATE DEBUG: total_load_pct = 100
TEMPLATE DEBUG: meter_model = Acuvim-L Model AXM-WB2
TEMPLATE DEBUG: meter_sn = AN55091807
TEMPLATE DEBUG: meter_accuracy_class = Class 0.2
TEMPLATE DEBUG: meter_calibration_status = AUTO_CALIBRATED
*** IEC 61000-2-2 DEBUG: before_compliance type: <class 'dict'> ***
*** IEC 61000-2-2 DEBUG: after_compliance type: <class 'dict'> ***
*** IEC 61000-2-2 DEBUG: before_compliance keys: ['actual_data_points', 'ansi_c12_1_compliant', 'ansi_c12_20_class_02_accuracy', 'ansi_c12_20_class_02_compliant', 'ansi_c12_20_class_05_accuracy', 'ansi_c12_20_class_05_compliant', 'ansi_c12_20_meter_class', 'ansi_c57_12_00_compliant', 'ansi_c57_12_00_efficiency', 'ansi_c57_12_00_loss_percent', 'ari_550_590_class', 'ari_550_590_compliant', 'ari_550_590_cop', 'ashrae_precision_compliant', 'ashrae_precision_value', 'baseline_model_compliant', 'baseline_model_cvrmse', 'baseline_model_nmbe', 'baseline_model_r_squared', 'completeness_percent'] ***
*** IEC 61000-2-2 DEBUG: before_compliance.iec_61000_2_2_voltage_variation = 1.0132479049446534 ***
*** IEC 61000-2-2 DEBUG: after_compliance keys: ['actual_data_points', 'ansi_c12_1_compliant', 'ansi_c12_20_class_02_accuracy', 'ansi_c12_20_class_02_compliant', 'ansi_c12_20_class_05_accuracy', 'ansi_c12_20_class_05_compliant', 'ansi_c12_20_meter_class', 'ansi_c57_12_00_compliant', 'ansi_c57_12_00_efficiency', 'ansi_c57_12_00_loss_percent', 'ari_550_590_class', 'ari_550_590_compliant', 'ari_550_590_cop', 'ashrae_precision_compliant', 'ashrae_precision_value', 'baseline_model_compliant', 'baseline_model_cvrmse', 'baseline_model_nmbe', 'baseline_model_r_squared', 'completeness_percent'] ***
*** IEC 61000-2-2 DEBUG: after_compliance.iec_61000_2_2_voltage_variation = 1.781107976745509 ***
*** IEC 61000-2-2 DEBUG: Extracted before_value = 1.0132479049446534 ***
*** IEC 61000-2-2 DEBUG: Extracted after_value = 1.781107976745509 ***
*** IEC 61000-2-2 DEBUG: before_value_num = 1.0132479049446534, abs = 1.0132479049446534, limit = 10.0, compliant = True ***
*** IEC 61000-2-2 DEBUG: after_value_num = 1.781107976745509, abs = 1.781107976745509, limit = 10.0, compliant = True ***
*** ITIC/CBEMA DEBUG: include_itic_cbema key in config: False ***
*** ITIC/CBEMA DEBUG: Final include_itic_cbema decision: False ***
*** ITIC/CBEMA Performance table row removed (checkbox unchecked) - removed 428 characters ***
*** ITIC/CBEMA Methodology line item removed (checkbox unchecked) - removed 211 characters ***
*** ITIC/CBEMA Methods & Formulas section removed (checkbox unchecked) - removed 3452 characters ***
DEBUG: METHODS & FORMULAS VALIDATION: ITIC/CBEMA calculation using CSV data - before tolerance: 9.5%, after tolerance: 9.9%
*** BESS DEBUG: include_bess key in config: False ***
*** BESS DEBUG: Final include_bess decision: False ***
*** BESS section removed from template (checkbox unchecked) - removed 6093 characters ***
*** UPS FAILURE DEBUG: include_ups_failure key in config: False ***
*** UPS FAILURE DEBUG: Final include_ups_failure decision: False ***
*** UPS FAILURE section removed from template (checkbox unchecked) - removed 4356 characters ***
DEBUG: METHODS & FORMULAS VALIDATION: IEEE 519 ISC/IL calculation using CSV data - isc_kA=1.3, il_A=0.7
[DEBUG] NEMA MG1 - Step 1: nema_imbalance_value - before=N/A, after=N/A
[DEBUG] NEMA MG1 - Converted 'N/A' to None for before_imbalance
[DEBUG] NEMA MG1 - Converted 'N/A' to None for after_imbalance
[DEBUG] NEMA MG1 compliance calculation - before_imbalance=3.1712913451494873, after_imbalance=3.16433272227688
[DEBUG] NEMA MG1 improvement check - after (3.16433272227688) < before (3.1712913451494873): True
[DEBUG] NEMA MG1 final compliance - before=FAIL, after=PASS
[DEBUG] NEMA MG1 Performance section - before=3.17%, after=3.16%
[DEBUG] NEMA MG1 Performance section status - before=FAIL, after=PASS
DEBUG: LOAD FACTOR: Starting calculation from CSV data (totalKw column)...
DEBUG: LOAD FACTOR: avg_kw_before=1267.2148063683305, avg_kw_after=1208.9099351211073
DEBUG: LOAD FACTOR: before_data keys: ['avgKva', 'avgKvar', 'avgKw', 'avgPf', 'avgTHD', 'data_quality', 'detected_columns', 'file_path', 'l1Volt', 'l2Volt', 'l3Volt', 'row_count', 'three_phase', 'timestamps', 'validation', 'voltage_quality']
DEBUG: LOAD FACTOR: after_data keys: ['avgKva', 'avgKvar', 'avgKw', 'avgPf', 'avgTHD', 'data_quality', 'detected_columns', 'file_path', 'l1Volt', 'l2Volt', 'l3Volt', 'row_count', 'three_phase', 'timestamps', 'validation', 'voltage_quality']
DEBUG: LOAD FACTOR: Found peak_kw_before from avgKw.values: 1662.69
DEBUG: LOAD FACTOR: Found peak_kw_after from avgKw.values: 1465.5
DEBUG: LOAD FACTOR: Calculated load_factor_before = 76.21473674397095% (avg=1267.2148063683305, peak=1662.69)
DEBUG: LOAD FACTOR: Calculated load_factor_after = 82.49129547056344% (avg=1208.9099351211073, peak=1465.5)
DEBUG: LOAD FACTOR: Calculated load_factor_improvement = 6.276558726592498%
DEBUG: LOAD FACTOR: Final replacement - before=76.21473674397095, after=82.49129547056344, improvement=6.276558726592498
DEBUG: LOAD FACTOR: Final peak values - before=1662.69, after=1465.5
DEBUG: LOAD FACTOR: Final avg values - before=1267.2148063683305, after=1208.9099351211073
*** DEBUG STEP 5 - HTML SERVICE: kw_before = 1267.2148063683305, kw_after = 1208.9099351211073 ***
*** DEBUG STEP 5 - HTML SERVICE: kw_before = 1267.2148063683305, kw_after = 1208.9099351211073 ***
DEBUG: AMPS CALC: Calculated amps_improvement = 8.3% reduction (from before=1607.9904356373036, after=1474.5268404578585, stored=0.0%)
DEBUG: HTML DEBUG: power_quality keys: ['calculated_normalized_kw_savings', 'calculated_pf_normalized_kw_after', 'calculated_pf_normalized_kw_before', 'current_after', 'current_before', 'current_savings', 'harmonic_kva_after', 'harmonic_kva_before', 'ieee_c57_110_applied', 'ieee_c57_110_method', 'ieee_compliant_after', 'ieee_compliant_before', 'ieee_edition', 'ieee_pf_improvement_pct', 'ieee_tdd_limit', 'ieee_thd_improvement_pct', 'individual_harmonics_after', 'individual_harmonics_before', 'individual_thd_after', 'individual_thd_before', 'isc_il_ratio', 'kva_after', 'kva_before', 'kva_improvement_pct', 'kva_reduction', 'kvar_after', 'kvar_before', 'kvar_improvement_pct', 'kvar_reduction', 'kw_after', 'kw_before', 'kw_improvement_pct', 'normalized_kva_after', 'normalized_kva_before', 'normalized_kva_savings', 'normalized_kw_after', 'normalized_kw_before', 'normalized_kw_savings', 'normalized_pf_after', 'normalized_pf_before', 'normalized_thd_after', 'normalized_thd_before', 'pcc_location', 'penalty_reduction', 'pf_adjustment_factor_after', 'pf_adjustment_factor_before', 'pf_after', 'pf_before', 'pf_improvement', 'pf_improvement_pct', 'pf_normalized_kw_after', 'pf_normalized_kw_before', 'pf_normalized_savings_kw', 'pf_normalized_savings_percent', 'pf_penalty_after', 'pf_penalty_before', 'phase_imbalance_after', 'phase_imbalance_before', 'system_losses_after', 'system_losses_before', 'tdd_after', 'tdd_before', 'thd_after', 'thd_before', 'thd_improvement_pct', 'thd_reduction', 'total_normalized_kw_after', 'total_normalized_kw_before', 'total_normalized_savings_kw', 'total_normalized_savings_percent', 'true_kw_after', 'true_kw_before', 'true_pf_after', 'true_pf_before', 'voltage_after', 'voltage_before', 'voltage_improvement', 'voltage_improvement_pct', 'voltage_unbalance_after', 'voltage_unbalance_before', 'voltage_unbalance_improvement_pct', 'weather_normalized_kw_after', 'weather_normalized_kw_before', 'weather_normalized_kw_savings']
DEBUG: HTML DEBUG: amps_before = 1607.9904356373036
DEBUG: HTML DEBUG: amps_after = 1474.5268404578585
DEBUG: HTML DEBUG: amps_improvement = 8.3% reduction
DEBUG: HTML DEBUG: power_quality['current_improvement_pct'] = NOT_FOUND
DEBUG: AMPS DEBUG: Line 1241 - Checking isinstance(amps_improvement, str): True, amps_improvement = 8.3% reduction
DEBUG: HTML DEBUG: TEMPLATE REPLACEMENT: {AMPS_IMPROVEMENT} = 8.3% reduction
DEBUG: HTML DEBUG: amps_before=1607.9904356373036, amps_after=1474.5268404578585, amps_improvement=8.3% reduction
*** DEBUG STEP 6 - FINAL TEMPLATE REPLACEMENT: KW_BEFORE = 1267.21 kW, KW_AFTER = 1208.91 kW ***
*** DEBUG STEP 6 - FINAL TEMPLATE REPLACEMENT: KW_BEFORE = 1267.21 kW, KW_AFTER = 1208.91 kW ***
CLIENT HTML - TEMPLATE REPLACEMENT: {KVA_IMPROVEMENT} = 8.3% reduction
IEEE VOLTS DEBUG: voltage_improvement_pct = 0.8% improvement
IEEE VOLTS DEBUG: voltage_before = 279.8066966966967
IEEE VOLTS DEBUG: voltage_after = 281.93366909558506
*** BREAKDOWN DEBUG: power_quality keys: ['calculated_normalized_kw_savings', 'calculated_pf_normalized_kw_after', 'calculated_pf_normalized_kw_before', 'current_after', 'current_before', 'current_savings', 'harmonic_kva_after', 'harmonic_kva_before', 'ieee_c57_110_applied', 'ieee_c57_110_method', 'ieee_compliant_after', 'ieee_compliant_before', 'ieee_edition', 'ieee_pf_improvement_pct', 'ieee_tdd_limit', 'ieee_thd_improvement_pct', 'individual_harmonics_after', 'individual_harmonics_before', 'individual_thd_after', 'individual_thd_before', 'isc_il_ratio', 'kva_after', 'kva_before', 'kva_improvement_pct', 'kva_reduction', 'kvar_after', 'kvar_before', 'kvar_improvement_pct', 'kvar_reduction', 'kw_after', 'kw_before', 'kw_improvement_pct', 'normalized_kva_after', 'normalized_kva_before', 'normalized_kva_savings', 'normalized_kw_after', 'normalized_kw_before', 'normalized_kw_savings', 'normalized_pf_after', 'normalized_pf_before', 'normalized_thd_after', 'normalized_thd_before', 'pcc_location', 'penalty_reduction', 'pf_adjustment_factor_after', 'pf_adjustment_factor_before', 'pf_after', 'pf_before', 'pf_improvement', 'pf_improvement_pct', 'pf_normalized_kw_after', 'pf_normalized_kw_before', 'pf_normalized_savings_kw', 'pf_normalized_savings_percent', 'pf_penalty_after', 'pf_penalty_before', 'phase_imbalance_after', 'phase_imbalance_before', 'system_losses_after', 'system_losses_before', 'tdd_after', 'tdd_before', 'thd_after', 'thd_before', 'thd_improvement_pct', 'thd_reduction', 'total_normalized_kw_after', 'total_normalized_kw_before', 'total_normalized_savings_kw', 'total_normalized_savings_percent', 'true_kw_after', 'true_kw_before', 'true_pf_after', 'true_pf_before', 'voltage_after', 'voltage_before', 'voltage_improvement', 'voltage_improvement_pct', 'voltage_unbalance_after', 'voltage_unbalance_before', 'voltage_unbalance_improvement_pct', 'weather_normalized_kw_after', 'weather_normalized_kw_before', 'weather_normalized_kw_savings'] ***
*** BREAKDOWN DEBUG: weather_norm keys: ['base_temp_celsius', 'base_temperature_celsius', 'cdd_after', 'cdd_before', 'dewpoint_after', 'dewpoint_before', 'dewpoint_sensitivity_used', 'hdd_after', 'hdd_before', 'method', 'normalized_kw_after', 'normalized_kw_before', 'optimized_base_temp', 'raw_kw_after', 'raw_kw_before', 'regression_dewpoint_sensitivity', 'regression_temp_sensitivity', 'standards_compliance', 'standards_validation', 'temp_after', 'temp_before', 'temp_sensitivity_used', 'weather_adjusted_savings'] ***
*** BREAKDOWN DEBUG: kw_before = 1267.2148063683305, kw_after = 1208.9099351211073 ***
*** BREAKDOWN FUNCTION START: power_quality type=<class 'dict'>, keys=['calculated_normalized_kw_savings', 'calculated_pf_normalized_kw_after', 'calculated_pf_normalized_kw_before', 'current_after', 'current_before', 'current_savings', 'harmonic_kva_after', 'harmonic_kva_before', 'ieee_c57_110_applied', 'ieee_c57_110_method', 'ieee_compliant_after', 'ieee_compliant_before', 'ieee_edition', 'ieee_pf_improvement_pct', 'ieee_tdd_limit', 'ieee_thd_improvement_pct', 'individual_harmonics_after', 'individual_harmonics_before', 'individual_thd_after', 'individual_thd_before', 'isc_il_ratio', 'kva_after', 'kva_before', 'kva_improvement_pct', 'kva_reduction', 'kvar_after', 'kvar_before', 'kvar_improvement_pct', 'kvar_reduction', 'kw_after', 'kw_before', 'kw_improvement_pct', 'normalized_kva_after', 'normalized_kva_before', 'normalized_kva_savings', 'normalized_kw_after', 'normalized_kw_before', 'normalized_kw_savings', 'normalized_pf_after', 'normalized_pf_before', 'normalized_thd_after', 'normalized_thd_before', 'pcc_location', 'penalty_reduction', 'pf_adjustment_factor_after', 'pf_adjustment_factor_before', 'pf_after', 'pf_before', 'pf_improvement', 'pf_improvement_pct', 'pf_normalized_kw_after', 'pf_normalized_kw_before', 'pf_normalized_savings_kw', 'pf_normalized_savings_percent', 'pf_penalty_after', 'pf_penalty_before', 'phase_imbalance_after', 'phase_imbalance_before', 'system_losses_after', 'system_losses_before', 'tdd_after', 'tdd_before', 'thd_after', 'thd_before', 'thd_improvement_pct', 'thd_reduction', 'total_normalized_kw_after', 'total_normalized_kw_before', 'total_normalized_savings_kw', 'total_normalized_savings_percent', 'true_kw_after', 'true_kw_before', 'true_pf_after', 'true_pf_before', 'voltage_after', 'voltage_before', 'voltage_improvement', 'voltage_improvement_pct', 'voltage_unbalance_after', 'voltage_unbalance_before', 'voltage_unbalance_improvement_pct', 'weather_normalized_kw_after', 'weather_normalized_kw_before', 'weather_normalized_kw_savings'] ***
*** BREAKDOWN FUNCTION: kw_before=1267.2148063683305, kw_after=1208.9099351211073 ***
*** BREAKDOWN FUNCTION: has_power_quality=True, has_raw=True, has_weather=True, has_fully=True ***
*** BREAKDOWN FUNCTION: Proceeding with breakdown generation... ***
*** BREAKDOWN DEBUG: Generated breakdown HTML length: 21491 characters ***
DEBUG: AMPS DEBUG: Line 1412 - Replaced {AMPS_IMPROVEMENT} with amps_improvement = 8.3% reduction
DEBUG: FINANCIAL DEBUG: financial_debug keys: ['annual_demand_dollars', 'annual_energy_dollars', 'annual_kwh_savings', 'annual_total_dollars', 'currency_symbol', 'delta_kw_avg', 'delta_kwh_annual', 'kva_demand_dollars', 'network_annual_dollars', 'network_delta_kwh_annual', 'network_included_in_totals', 'pf_adjustment_dollars', 'reactive_adder_dollars']
DEBUG: FINANCIAL DEBUG: financial_debug type: <class 'dict'>
DEBUG: FINANCIAL DEBUG: financial_debug.annual_energy_dollars = 114405.6082768764
DEBUG: FINANCIAL DEBUG: financial_debug.annual_total_dollars = 144560.373509871
DEBUG: FINANCIAL DEBUG: financial_debug.network_annual_dollars = 8521.193900994096
DEBUG: FINANCIAL DEBUG: financial keys: ['demand_savings_annual', 'energy_savings_annual', 'initial_cost', 'internal_rate_return', 'lcca_compliant', 'modified_irr', 'net_present_value', 'om_savings_annual', 'present_value_savings', 'savings_investment_ratio', 'simple_payback_years', 'total_annual_savings']
DEBUG: FINANCIAL DEBUG: bill_weighted keys: ['annual_demand_dollars', 'annual_energy_dollars', 'annual_kwh_savings', 'annual_total_dollars', 'currency_symbol', 'delta_kw_avg', 'delta_kwh_annual', 'kva_demand_dollars', 'network_annual_dollars', 'network_delta_kwh_annual', 'network_included_in_totals', 'pf_adjustment_dollars', 'reactive_adder_dollars']
DEBUG: FINANCIAL DEBUG: bill_weighted.annual_energy_dollars = 114405.6082768764
DEBUG: FINANCIAL DEBUG: bill_weighted.network_annual_dollars = 8521.193900994096
DEBUG: FINANCIAL DEBUG: Found annual_energy_dollars in financial_debug = 114405.6082768764 (type: float)
DEBUG: FINANCIAL DEBUG: FINAL energy_annual_savings = 114405.6082768764
DEBUG: FINANCIAL DEBUG: Found annual_demand_dollars in financial_debug = 19972.13300790903 (type: float)
DEBUG: FINANCIAL DEBUG: Found network_annual_dollars in financial_debug = 8521.193900994096 (type: float)
DEBUG: FINANCIAL DEBUG: Found annual_total_dollars in financial_debug = 144560.373509871 (type: float)
DEBUG: FINANCIAL DEBUG: Found delta_kw_avg in financial_debug = 110.95629448838349 (type: float)
*** DEBUG: Statistical object keys: ['after_ci_lower', 'after_ci_upper', 'baseline_model', 'baseline_model_selected', 'before_ci_lower', 'before_ci_upper', 'calculated_confidence_intervals', 'cohens_d', 'confidence_interval', 'confidence_interval_after', 'confidence_interval_before', 'confidence_intervals', 'confidence_level', 'cvrmse', 'data_quality', 'days_calculation', 'filtered_points', 'meets_ashrae_precision', 'nmbe', 'p_value', 'r_squared', 'relative_precision', 'sample_size_after', 'sample_size_before', 'savings', 'savings_ci_lower', 'savings_ci_upper', 'statistically_significant', 't_statistic'] ***
*** DEBUG: Confidence intervals: {'after': {'ci_half_width': 4.051381183988101, 'confidence_interval': [1204.8585539371193, 1212.9613163050954], 'confidence_level': 98.0, 'cv_percent': 6.921928080007893, 'degrees_of_freedom': 2311, 'mean': 1208.9099351211073, 'meets_ashrae_cv': True, 'sample_size': 2312, 'standard_error': 1.7403119986209583, 'std': 83.67987626115313, 't_critical': 2.3279625648725393}, 'before': {'ci_half_width': 5.341620453305786, 'confidence_interval': [1261.8731859150248, 1272.5564268216363], 'confidence_level': 98.0, 'cv_percent': 8.729038604326412, 'degrees_of_freedom': 2323, 'mean': 1267.2148063683305, 'meets_ashrae_cv': True, 'sample_size': 2324, 'standard_error': 2.294555627991133, 'std': 110.61566964763176, 't_critical': 2.327954218299922}} ***
*** DEBUG: Before CI: {'ci_half_width': 5.341620453305786, 'confidence_interval': [1261.8731859150248, 1272.5564268216363], 'confidence_level': 98.0, 'cv_percent': 8.729038604326412, 'degrees_of_freedom': 2323, 'mean': 1267.2148063683305, 'meets_ashrae_cv': True, 'sample_size': 2324, 'standard_error': 2.294555627991133, 'std': 110.61566964763176, 't_critical': 2.327954218299922} ***
*** DEBUG: After CI: {'ci_half_width': 4.051381183988101, 'confidence_interval': [1204.8585539371193, 1212.9613163050954], 'confidence_level': 98.0, 'cv_percent': 6.921928080007893, 'degrees_of_freedom': 2311, 'mean': 1208.9099351211073, 'meets_ashrae_cv': True, 'sample_size': 2312, 'standard_error': 1.7403119986209583, 'std': 83.67987626115313, 't_critical': 2.3279625648725393} ***
*** DEBUG: Before CI values: 1261.8731859150248 - 1272.5564268216363 ***
*** DEBUG: After CI values: 1204.8585539371193 - 1212.9613163050954 ***
*** DEBUG: Before compliance keys: ['actual_data_points', 'ansi_c12_1_compliant', 'ansi_c12_20_class_02_accuracy', 'ansi_c12_20_class_02_compliant', 'ansi_c12_20_class_05_accuracy', 'ansi_c12_20_class_05_compliant', 'ansi_c12_20_meter_class', 'ansi_c57_12_00_compliant', 'ansi_c57_12_00_efficiency', 'ansi_c57_12_00_loss_percent', 'ari_550_590_class', 'ari_550_590_compliant', 'ari_550_590_cop', 'ashrae_precision_compliant', 'ashrae_precision_value', 'baseline_model_compliant', 'baseline_model_cvrmse', 'baseline_model_nmbe', 'baseline_model_r_squared', 'completeness_percent', 'cv_percent', 'data_completeness_pct', 'data_quality_compliant', 'data_resolution', 'expected_data_points', 'iec_61000_2_2_compliant', 'iec_61000_2_2_voltage_variation', 'iec_61000_4_7_compliant', 'iec_61000_4_7_thd_value', 'iec_62053_22_accuracy', 'iec_62053_22_compliant', 'iec_62053_accuracy_class', 'iec_62053_accuracy_value', 'iec_62053_compliant', 'ieee_519_compliant', 'ieee_c57_110_applied', 'ieee_c57_110_method', 'ieee_compliant', 'individual_harmonics_compliant', 'individual_harmonics_value', 'itic_cbema_compliant', 'itic_cbema_curve_compliance', 'itic_cbema_improvement', 'itic_cbema_percent_improvement', 'itic_cbema_voltage_tolerance', 'lcca_compliant', 'lcca_sir_value', 'metrics', 'nema_compliant', 'nema_imbalance_value', 'nema_mg1', 'nema_mg1_compliant', 'outlier_percent', 'outlier_percentage', 'period', 'statistical_p_value', 'statistically_significant', 'transformer_params'] ***
*** DEBUG: After compliance keys: ['actual_data_points', 'ansi_c12_1_compliant', 'ansi_c12_20_class_02_accuracy', 'ansi_c12_20_class_02_compliant', 'ansi_c12_20_class_05_accuracy', 'ansi_c12_20_class_05_compliant', 'ansi_c12_20_meter_class', 'ansi_c57_12_00_compliant', 'ansi_c57_12_00_efficiency', 'ansi_c57_12_00_loss_percent', 'ari_550_590_class', 'ari_550_590_compliant', 'ari_550_590_cop', 'ashrae_precision_compliant', 'ashrae_precision_value', 'baseline_model_compliant', 'baseline_model_cvrmse', 'baseline_model_nmbe', 'baseline_model_r_squared', 'completeness_percent', 'cv_percent', 'data_completeness_pct', 'data_quality_compliant', 'data_resolution', 'expected_data_points', 'iec_61000_2_2_compliant', 'iec_61000_2_2_voltage_variation', 'iec_61000_4_7_compliant', 'iec_61000_4_7_thd_value', 'iec_62053_22_accuracy', 'iec_62053_22_compliant', 'iec_62053_accuracy_class', 'iec_62053_accuracy_value', 'iec_62053_compliant', 'ieee_519_compliant', 'ieee_c57_110_applied', 'ieee_c57_110_method', 'ieee_compliant', 'individual_harmonics_compliant', 'individual_harmonics_value', 'itic_cbema_compliant', 'itic_cbema_curve_compliance', 'itic_cbema_voltage_tolerance', 'lcca_compliant', 'lcca_sir_value', 'metrics', 'nema_compliant', 'nema_imbalance_value', 'nema_mg1', 'nema_mg1_compliant', 'outlier_percent', 'outlier_percentage', 'period', 'statistical_p_value', 'statistically_significant', 'transformer_params'] ***
*** DEBUG: CV before: 8.729038604326412 ***
*** DEBUG: CV after: 6.921928080007893 ***
*** DEBUG: Confidence Intervals - Before: 1261.87 - 1272.56, After: 1204.86 - 1212.96 ***
*** DEBUG: Raw values - before_lower: 1261.8731859150248, before_upper: 1272.5564268216363 ***
*** DEBUG: Raw values - after_lower: 1204.8585539371193, after_upper: 1212.9613163050954 ***
DEBUG: FINANCIAL CONFIG DEBUG: energy_rate = .077643, demand_rate = 0, discount_rate = 3, target_pf = 0.95
DEBUG: NETWORK LOSSES DEBUG: system_voltage = 277, system_phases = 3
DEBUG: NETWORK LOSSES DEBUG: before_rms_current = 1614.6281460326568, after_rms_current = 1478.6888897688755
DEBUG: NETWORK LOSSES DEBUG: conductor_loss_reduction = 3.6122561878699706, transformer_copper = 8.270474299072767, transformer_stray = 0.6456240304489866
DEBUG: NETWORK LOSSES DEBUG: annual_network_savings = 8521.193900994096
*** HTML SERVICE DEBUG: envelope_analysis keys: ['charts', 'smoothing_data'] ***
*** HTML SERVICE DEBUG: smoothing_data keys: ['metric_details', 'overall_smoothing'] ***
*** HTML SERVICE DEBUG: Full envelope_analysis data: {'charts': {}, 'smoothing_data': {'metric_details': {'avgKva': {'after_cv': 169.5501710646721, 'before_cv': 229.99380146564786, 'cv_improvement': 26.280547569454253, 'variance_improvement': 45.65442333340504}, 'avgKw': {'after_cv': 7.955173256415847, 'before_cv': 15.19727596968197, 'cv_improvement': 47.65395277228539, 'variance_improvement': 79.35955812446011}, 'avgPf': {'after_cv': 0.13699891146340457, 'before_cv': 0.32285524035775665, 'cv_improvement': 57.56645879075843, 'variance_improvement': 80.50501864387977}, 'avgTHD': {'after_cv': 4.393424890207217, 'before_cv': 8.826247876628635, 'cv_improvement': 50.22318711622934, 'variance_improvement': 75.22268899134083}}, 'overall_smoothing': 70.18542227327144}} ***
*** HTML SERVICE DEBUG: Full smoothing_data data: {'metric_details': {'avgKva': {'after_cv': 169.5501710646721, 'before_cv': 229.99380146564786, 'cv_improvement': 26.280547569454253, 'variance_improvement': 45.65442333340504}, 'avgKw': {'after_cv': 7.955173256415847, 'before_cv': 15.19727596968197, 'cv_improvement': 47.65395277228539, 'variance_improvement': 79.35955812446011}, 'avgPf': {'after_cv': 0.13699891146340457, 'before_cv': 0.32285524035775665, 'cv_improvement': 57.56645879075843, 'variance_improvement': 80.50501864387977}, 'avgTHD': {'after_cv': 4.393424890207217, 'before_cv': 8.826247876628635, 'cv_improvement': 50.22318711622934, 'variance_improvement': 75.22268899134083}}, 'overall_smoothing': 70.18542227327144} ***
*** HTML SERVICE DEBUG: Overall smoothing index from UI: 70.18542227327144% ***
*** HTML SERVICE DEBUG: Metrics analyzed: 4 ***
*** HTML SERVICE DEBUG: Envelope status: Excellent ***
*** HTML SERVICE DEBUG: metric_details keys: ['avgKva', 'avgKw', 'avgPf', 'avgTHD'] ***
*** HTML SERVICE DEBUG: AVGKVA from UI - Before: 229.994, After: 169.550, CV Reduction: 26.3% ***
*** HTML SERVICE DEBUG: AVGKW from UI - Before: 15.197, After: 7.955, CV Reduction: 47.7% ***
*** HTML SERVICE DEBUG: AVGPF from UI - Before: 0.323, After: 0.137, CV Reduction: 57.6% ***
*** HTML SERVICE DEBUG: AVGTHD from UI - Before: 8.826, After: 4.393, CV Reduction: 50.2% ***
*** HTML SERVICE DEBUG: Template replacement completed - Overall smoothing: 70.18542227327144%, Metrics: 4 ***
*** HTML SERVICE DEBUG: AVGKVA values - Variance: 45.7%, CV: 26.3% ***
*** HTML SERVICE DEBUG: AVGKW values - Variance: 79.4%, CV: 47.7% ***
[WARN] Found 11 unreplaced template variables: ['ASHRAE_DATA_QUALITY_STATUS_CLASS', 'IEEE_C57_110_STATUS_CLASS', 'IEC_61000_2_2_BEFORE_STATUS_CLASS', 'ASHRAE_GUIDELINE_14_STATUS_CLASS', 'IPMVP_STATUS_CLASS', 'ANSI_C57_12_00_BEFORE_STATUS_CLASS', 'VERIFICATION_CERTIFICATE_HTML', 'ANSI_C57_12_00_AFTER_STATUS_CLASS', 'utility_program_line', 'ENERGY_FLOW_SANKEY_DIAGRAM', 'IEC_61000_2_2_AFTER_STATUS_CLASS']
[WARN] Replaced {{var}} with empty string
[WARN] Replaced {{var}} with empty string
[WARN] Replaced {{var}} with empty string
[WARN] Replaced {{var}} with empty string
[WARN] Replaced {{var}} with empty string
[WARN] Replaced {{var}} with empty string
[WARN] Replaced {{var}} with empty string
[WARN] Replaced {{var}} with empty string
[WARN] Replaced {{var}} with empty string
[WARN] Replaced {{var}} with empty string
[WARN] Replaced {{var}} with empty string
*** HTML SERVICE DEBUG: Checking for Sankey diagram - SANKEY_AVAILABLE=True ***
*** HTML SERVICE DEBUG: Template has placeholder: False ***
*** HTML SERVICE DEBUG: Has 'energy_flow' in results: True ***
*** HTML SERVICE DEBUG: energy_flow data type: <class 'dict'> ***
*** HTML SERVICE DEBUG: energy_flow keys: ['efficiency_pct', 'links', 'losses_kw', 'nodes', 'total_energy_kw', 'useful_energy_kw'] ***
METHODS & FORMULAS VALIDATION SUMMARY:
[OK] IEEE 519: ISC/IL ratio and TDD limit calculated from transformer/load CSV data
[OK] IEC 62053: Meter accuracy calculated from compliance CSV data
[OK] ITIC/CBEMA: Voltage quality events calculated from voltage analysis CSV data
[OK] ASHRAE: Baseline model parameters calculated from statistical CSV data
[OK] All Methods & Formulas values are derived from CSV data, not hardcoded
*** VERIFICATION CERTIFICATE: Starting certificate generation... ***
8084: VERIFICATION CODE CHECK - Received code from main service: None
8084: Generated new verification code: PCY6JVFQBGSO
8084: Storing code PCY6JVFQBGSO - session=ANALYSIS_20260117_120156_8514aadd, project=Ochsner Ortho-Lafayette, before=53, after=52
8084: Attempting to store code PCY6JVFQBGSO at http://127.0.0.1:8082/api/store-verification-code
8084: API Response - Status: 200
8084: SUCCESS - Stored verification code PCY6JVFQBGSO in database
*** VERIFICATION CERTIFICATE: Generated HTML length: 10006 ***
*** VERIFICATION CERTIFICATE: WARNING - Placeholder {{VERIFICATION_CERTIFICATE_HTML}} not found in template ***
*** VERIFICATION CERTIFICATE: Inserted certificate after Comprehensive Audit Summary section ***
[OK] All template variables successfully replaced
8084 Service: Generated HTML content length: 503523
[OK] All template variables successfully replaced
8084 Service: Fetching data from main app via GET /api/analysis/results...
8084 Service: Retrieved data keys: ['R_ref_temp_c', 'R_ref_temp_c_i2r', 'account', 'after_compliance', 'after_data', 'after_file_id', 'after_file_info', 'after_label', 'alpha_conductor', 'alpha_conductor_i2r', 'analysis_period', 'analysis_session_id', 'analysis_version', 'ashrae_baseline_model', 'assumptions', 'attribution', 'audit_summary_document', 'audit_trail', 'before_compliance', 'before_data', 'before_file_id', 'before_file_info', 'before_label', 'bill_weighted', 'billing_method', 'capacity_rate_per_kw', 'client_profile', 'company', 'compliance_status', 'conductor_R_ref_ohm', 'conductor_scope', 'conductor_temp_rise_c', 'conductor_temp_rise_c_i2r', 'confidence_level', 'config', 'contact', 'cp_address', 'cp_company', 'cp_contact', 'cp_email', 'cp_event_mode', 'cp_location', 'cp_phone', 'cp_region', 'cp_timestamps', 'cp_window_min', 'cp_year', 'cp_zip', 'cp_zone', 'currency_code', 'current_project_id', 'data_quality_threshold', 'demand', 'demand_analysis', 'demand_rate', 'demand_rate_cp', 'demand_rate_cp_tou', 'demand_rate_kva', 'demand_rate_ncp', 'demand_rate_ncp_tou', 'dewpoint_after', 'dewpoint_before', 'discount_rate', 'email', 'energy', 'energy_flow', 'energy_rate', 'enhanced_weather_normalization', 'envelope_analysis', 'environmental', 'equipment_description', 'equipment_health', 'equipment_type', 'equipment_type_other_desc', 'escalation_rate', 'executive_summary', 'export_harmonic_spectrum', 'facility_address', 'facility_state', 'facility_zip', 'feeder_sort', 'feeders_json_combined', 'feeders_json_csv', 'feeders_json_manual', 'financial', 'financial_breakdown', 'financial_debug', 'harmonic_analysis_depth', 'humidity_after', 'humidity_before', 'ieee_519_edition', 'ieee_c57_110_method', 'il_A', 'include_avgkva_chart', 'include_avgkw_chart', 'include_cv_chart', 'include_network_losses', 'include_smoothing_chart', 'include_variance_chart', 'isc_kA', 'kh_stray_factor', 'last_month_bill_cost', 'line_R_ref_ohm', 'location', 'manual_a_kva', 'manual_a_pf', 'manual_a_thd', 'manual_b_kva', 'manual_b_pf', 'manual_b_thd', 'meter_model', 'meter_name', 'meter_sn', 'methodology_verification', 'network_losses', 'no_cp_event', 'onpeak_fraction_pct', 'onpeak_fraction_pct_seasonal', 'operating_hours', 'pcc_location', 'phases', 'phone', 'power_factor_not_included', 'power_quality', 'project_cost', 'public_key_pem', 'ratchet_applies_to', 'ratchet_percent', 'ratchet_ref_kw', 'reactive_rate_per_kvar', 'results_hash', 'sankey_diagram', 'seasonal_mode', 'show_dollars', 'show_dollars_hidden', 'show_methods_card', 'signature_alg', 'signature_sig', 'solar_radiation_after', 'solar_radiation_before', 'statistical', 'summer_fraction_pct', 'summer_rate_off', 'summer_rate_on', 'target_pf', 'tariff_type', 'temp_after', 'temp_before', 'temp_unit', 'test_duration', 'test_period_after', 'test_period_before', 'three_phase', 'timestamp', 'total_load_pct', 'tou_rate_off', 'tou_rate_off_seasonal', 'tou_rate_on', 'tou_rate_on_seasonal', 'transformers_json', 'utility', 'utility_program', 'voltage_nominal', 'voltage_type', 'weather_normalization', 'weather_provider', 'wind_speed_after', 'wind_speed_before', 'winter_rate_off', 'winter_rate_on', 'wire_temp_mode', 'wire_temp_mode_i2r', 'xfmr_core_loss_w', 'xfmr_group_view', 'xfmr_impedance_pct', 'xfmr_kva', 'xfmr_load_loss_w', 'xfmr_stray_fraction_pct']
8084 Service: Has 'energy_flow': True
8084 Service: energy_flow type: <class 'dict'>, keys: ['efficiency_pct', 'links', 'losses_kw', 'nodes', 'total_energy_kw', 'useful_energy_kw']
*** DEBUG STEP 9 - HTML SERVICE DATA RETRIEVAL: kw_before = 1267.2148063683305, kw_after = 1208.9099351211073 ***
*** DEBUG STEP 9 - HTML SERVICE DATA RETRIEVAL: current_improvement_pct = NOT_FOUND ***
8084 Service: Processing data with keys: ['R_ref_temp_c', 'R_ref_temp_c_i2r', 'account', 'after_compliance', 'after_data', 'after_file_id', 'after_file_info', 'after_label', 'alpha_conductor', 'alpha_conductor_i2r', 'analysis_period', 'analysis_session_id', 'analysis_version', 'ashrae_baseline_model', 'assumptions', 'attribution', 'audit_summary_document', 'audit_trail', 'before_compliance', 'before_data', 'before_file_id', 'before_file_info', 'before_label', 'bill_weighted', 'billing_method', 'capacity_rate_per_kw', 'client_profile', 'company', 'compliance_status', 'conductor_R_ref_ohm', 'conductor_scope', 'conductor_temp_rise_c', 'conductor_temp_rise_c_i2r', 'confidence_level', 'config', 'contact', 'cp_address', 'cp_company', 'cp_contact', 'cp_email', 'cp_event_mode', 'cp_location', 'cp_phone', 'cp_region', 'cp_timestamps', 'cp_window_min', 'cp_year', 'cp_zip', 'cp_zone', 'currency_code', 'current_project_id', 'data_quality_threshold', 'demand', 'demand_analysis', 'demand_rate', 'demand_rate_cp', 'demand_rate_cp_tou', 'demand_rate_kva', 'demand_rate_ncp', 'demand_rate_ncp_tou', 'dewpoint_after', 'dewpoint_before', 'discount_rate', 'email', 'energy', 'energy_flow', 'energy_rate', 'enhanced_weather_normalization', 'envelope_analysis', 'environmental', 'equipment_description', 'equipment_health', 'equipment_type', 'equipment_type_other_desc', 'escalation_rate', 'executive_summary', 'export_harmonic_spectrum', 'facility_address', 'facility_state', 'facility_zip', 'feeder_sort', 'feeders_json_combined', 'feeders_json_csv', 'feeders_json_manual', 'financial', 'financial_breakdown', 'financial_debug', 'harmonic_analysis_depth', 'humidity_after', 'humidity_before', 'ieee_519_edition', 'ieee_c57_110_method', 'il_A', 'include_avgkva_chart', 'include_avgkw_chart', 'include_cv_chart', 'include_network_losses', 'include_smoothing_chart', 'include_variance_chart', 'isc_kA', 'kh_stray_factor', 'last_month_bill_cost', 'line_R_ref_ohm', 'location', 'manual_a_kva', 'manual_a_pf', 'manual_a_thd', 'manual_b_kva', 'manual_b_pf', 'manual_b_thd', 'meter_model', 'meter_name', 'meter_sn', 'methodology_verification', 'network_losses', 'no_cp_event', 'onpeak_fraction_pct', 'onpeak_fraction_pct_seasonal', 'operating_hours', 'pcc_location', 'phases', 'phone', 'power_factor_not_included', 'power_quality', 'project_cost', 'public_key_pem', 'ratchet_applies_to', 'ratchet_percent', 'ratchet_ref_kw', 'reactive_rate_per_kvar', 'results_hash', 'sankey_diagram', 'seasonal_mode', 'show_dollars', 'show_dollars_hidden', 'show_methods_card', 'signature_alg', 'signature_sig', 'solar_radiation_after', 'solar_radiation_before', 'statistical', 'summer_fraction_pct', 'summer_rate_off', 'summer_rate_on', 'target_pf', 'tariff_type', 'temp_after', 'temp_before', 'temp_unit', 'test_duration', 'test_period_after', 'test_period_before', 'three_phase', 'timestamp', 'total_load_pct', 'tou_rate_off', 'tou_rate_off_seasonal', 'tou_rate_on', 'tou_rate_on_seasonal', 'transformers_json', 'utility', 'utility_program', 'voltage_nominal', 'voltage_type', 'weather_normalization', 'weather_provider', 'wind_speed_after', 'wind_speed_before', 'winter_rate_off', 'winter_rate_on', 'wire_temp_mode', 'wire_temp_mode_i2r', 'xfmr_core_loss_w', 'xfmr_group_view', 'xfmr_impedance_pct', 'xfmr_kva', 'xfmr_load_loss_w', 'xfmr_stray_fraction_pct']
8084 Service: Config keys in results: ['R_ref_temp_c', 'R_ref_temp_c_i2r', 'account', 'after_file_id', 'after_label', 'alpha_conductor', 'alpha_conductor_i2r', 'analysis_period', 'ashrae_baseline_model', 'before_file_id', 'before_label', 'billing_method', 'capacity_rate_per_kw', 'company', 'conductor_R_ref_ohm', 'conductor_scope', 'conductor_temp_rise_c', 'conductor_temp_rise_c_i2r', 'confidence_level', 'contact', 'cp_address', 'cp_company', 'cp_contact', 'cp_email', 'cp_event_mode', 'cp_location', 'cp_phone', 'cp_region', 'cp_timestamps', 'cp_window_min', 'cp_year', 'cp_zip', 'cp_zone', 'currency_code', 'current_project_id', 'data_quality_threshold', 'demand_rate', 'demand_rate_cp', 'demand_rate_cp_tou', 'demand_rate_kva', 'demand_rate_ncp', 'demand_rate_ncp_tou', 'dewpoint_after', 'dewpoint_before', 'discount_rate', 'email', 'energy_rate', 'enhanced_weather_normalization', 'equipment_description', 'equipment_type', 'equipment_type_other_desc', 'escalation_rate', 'export_harmonic_spectrum', 'facility_address', 'facility_state', 'facility_zip', 'feeder_sort', 'feeders_json_combined', 'feeders_json_csv', 'feeders_json_manual', 'harmonic_analysis_depth', 'humidity_after', 'humidity_before', 'ieee_519_edition', 'ieee_c57_110_method', 'il_A', 'include_avgkva_chart', 'include_avgkw_chart', 'include_cv_chart', 'include_network_losses', 'include_smoothing_chart', 'include_variance_chart', 'isc_kA', 'kh_stray_factor', 'last_month_bill_cost', 'line_R_ref_ohm', 'location', 'manual_a_kva', 'manual_a_pf', 'manual_a_thd', 'manual_b_kva', 'manual_b_pf', 'manual_b_thd', 'meter_model', 'meter_name', 'meter_sn', 'no_cp_event', 'onpeak_fraction_pct', 'onpeak_fraction_pct_seasonal', 'operating_hours', 'pcc_location', 'phases', 'phone', 'power_factor_not_included', 'project_cost', 'ratchet_applies_to', 'ratchet_percent', 'ratchet_ref_kw', 'reactive_rate_per_kvar', 'seasonal_mode', 'show_dollars', 'show_dollars_hidden', 'show_methods_card', 'solar_radiation_after', 'solar_radiation_before', 'summer_fraction_pct', 'summer_rate_off', 'summer_rate_on', 'target_pf', 'tariff_type', 'temp_after', 'temp_before', 'temp_unit', 'test_duration', 'test_period_after', 'test_period_before', 'total_load_pct', 'tou_rate_off', 'tou_rate_off_seasonal', 'tou_rate_on', 'tou_rate_on_seasonal', 'transformers_json', 'utility', 'utility_program', 'voltage_nominal', 'voltage_type', 'weather_provider', 'wind_speed_after', 'wind_speed_before', 'winter_rate_off', 'winter_rate_on', 'wire_temp_mode', 'wire_temp_mode_i2r', 'xfmr_core_loss_w', 'xfmr_group_view', 'xfmr_impedance_pct', 'xfmr_kva', 'xfmr_load_loss_w', 'xfmr_stray_fraction_pct']
8084 Service: Client profile keys in results: ['R_ref_temp_c', 'R_ref_temp_c_i2r', 'account', 'after_file_id', 'after_label', 'alpha_conductor', 'alpha_conductor_i2r', 'analysis_period', 'ashrae_baseline_model', 'before_file_id', 'before_label', 'billing_method', 'capacity_rate_per_kw', 'company', 'conductor_R_ref_ohm', 'conductor_scope', 'conductor_temp_rise_c', 'conductor_temp_rise_c_i2r', 'confidence_level', 'contact', 'cp_address', 'cp_company', 'cp_contact', 'cp_email', 'cp_event_mode', 'cp_location', 'cp_phone', 'cp_region', 'cp_timestamps', 'cp_window_min', 'cp_year', 'cp_zip', 'cp_zone', 'currency_code', 'current_project_id', 'data_quality_threshold', 'demand_rate', 'demand_rate_cp', 'demand_rate_cp_tou', 'demand_rate_kva', 'demand_rate_ncp', 'demand_rate_ncp_tou', 'dewpoint_after', 'dewpoint_before', 'discount_rate', 'email', 'energy_rate', 'enhanced_weather_normalization', 'equipment', 'equipment_description', 'equipment_type', 'equipment_type_other_desc', 'escalation_rate', 'export_harmonic_spectrum', 'facility', 'facility_address', 'facility_state', 'facility_zip', 'feeder_sort', 'feeders_json_combined', 'feeders_json_csv', 'feeders_json_manual', 'harmonic_analysis_depth', 'humidity_after', 'humidity_before', 'ieee_519_edition', 'ieee_c57_110_method', 'il_A', 'include_avgkva_chart', 'include_avgkw_chart', 'include_cv_chart', 'include_network_losses', 'include_smoothing_chart', 'include_variance_chart', 'isc_kA', 'kh_stray_factor', 'last_month_bill_cost', 'line_R_ref_ohm', 'location', 'manual_a_kva', 'manual_a_pf', 'manual_a_thd', 'manual_b_kva', 'manual_b_pf', 'manual_b_thd', 'meter_model', 'meter_name', 'meter_sn', 'no_cp_event', 'onpeak_fraction_pct', 'onpeak_fraction_pct_seasonal', 'operating_hours', 'pcc_location', 'phases', 'phone', 'power_factor_not_included', 'project_cost', 'ratchet_applies_to', 'ratchet_percent', 'ratchet_ref_kw', 'reactive_rate_per_kvar', 'seasonal_mode', 'show_dollars', 'show_dollars_hidden', 'show_methods_card', 'solar_radiation_after', 'solar_radiation_before', 'summer_fraction_pct', 'summer_rate_off', 'summer_rate_on', 'target_pf', 'tariff_type', 'temp_after', 'temp_before', 'temp_unit', 'test_duration', 'test_period_after', 'test_period_before', 'total_load_pct', 'tou_rate_off', 'tou_rate_off_seasonal', 'tou_rate_on', 'tou_rate_on_seasonal', 'transformers_json', 'utility', 'utility_program', 'voltage_nominal', 'voltage_type', 'weather_provider', 'wind_speed_after', 'wind_speed_before', 'winter_rate_off', 'winter_rate_on', 'wire_temp_mode', 'wire_temp_mode_i2r', 'xfmr_core_loss_w', 'xfmr_group_view', 'xfmr_impedance_pct', 'xfmr_kva', 'xfmr_load_loss_w', 'xfmr_stray_fraction_pct']
8084 Service: Calling generate_exact_template_html...
*** CRITICAL DEBUG: Template processor called with data type: <class 'dict'> ***
*** CRITICAL DEBUG: Is dict: True ***
*** CRITICAL DEBUG: Top-level keys: ['R_ref_temp_c', 'R_ref_temp_c_i2r', 'account', 'after_compliance', 'after_data', 'after_file_id', 'after_file_info', 'after_label', 'alpha_conductor', 'alpha_conductor_i2r', 'analysis_period', 'analysis_session_id', 'analysis_version', 'ashrae_baseline_model', 'assumptions', 'attribution', 'audit_summary_document', 'audit_trail', 'before_compliance', 'before_data', 'before_file_id', 'before_file_info', 'before_label', 'bill_weighted', 'billing_method', 'capacity_rate_per_kw', 'client_profile', 'company', 'compliance_status', 'conductor_R_ref_ohm'] ***
*** CRITICAL DEBUG: Has 'config': True ***
*** CRITICAL DEBUG: Has 'client_profile': True ***
*** CRITICAL DEBUG: Config keys (139): ['R_ref_temp_c', 'R_ref_temp_c_i2r', 'account', 'after_file_id', 'after_label', 'alpha_conductor', 'alpha_conductor_i2r', 'analysis_period', 'ashrae_baseline_model', 'before_file_id', 'before_label', 'billing_method', 'capacity_rate_per_kw', 'company', 'conductor_R_ref_ohm', 'conductor_scope', 'conductor_temp_rise_c', 'conductor_temp_rise_c_i2r', 'confidence_level', 'contact', 'cp_address', 'cp_company', 'cp_contact', 'cp_email', 'cp_event_mode', 'cp_location', 'cp_phone', 'cp_region', 'cp_timestamps', 'cp_window_min'] ***
*** CRITICAL DEBUG: cp_company in config: True ***
*** CRITICAL DEBUG: cp_company value: XECO ENERGY CORPORATION ***
*** CRITICAL DEBUG: Client profile keys: ['R_ref_temp_c', 'R_ref_temp_c_i2r', 'account', 'after_file_id', 'after_label', 'alpha_conductor', 'alpha_conductor_i2r', 'analysis_period', 'ashrae_baseline_model', 'before_file_id', 'before_label', 'billing_method', 'capacity_rate_per_kw', 'company', 'conductor_R_ref_ohm', 'conductor_scope', 'conductor_temp_rise_c', 'conductor_temp_rise_c_i2r', 'confidence_level', 'contact', 'cp_address', 'cp_company', 'cp_contact', 'cp_email', 'cp_event_mode', 'cp_location', 'cp_phone', 'cp_region', 'cp_timestamps', 'cp_window_min'] ***
TEMPLATE DEBUG: After extracting, config keys: ['R_ref_temp_c', 'R_ref_temp_c_i2r', 'account', 'after_file_id', 'after_label', 'alpha_conductor', 'alpha_conductor_i2r', 'analysis_period', 'ashrae_baseline_model', 'before_file_id', 'before_label', 'billing_method', 'capacity_rate_per_kw', 'company', 'conductor_R_ref_ohm', 'conductor_scope', 'conductor_temp_rise_c', 'conductor_temp_rise_c_i2r', 'confidence_level', 'contact', 'cp_address', 'cp_company', 'cp_contact', 'cp_email', 'cp_event_mode', 'cp_location', 'cp_phone', 'cp_region', 'cp_timestamps', 'cp_window_min', 'cp_year', 'cp_zip', 'cp_zone', 'currency_code', 'current_project_id', 'data_quality_threshold', 'demand_rate', 'demand_rate_cp', 'demand_rate_cp_tou', 'demand_rate_kva', 'demand_rate_ncp', 'demand_rate_ncp_tou', 'dewpoint_after', 'dewpoint_before', 'discount_rate', 'email', 'energy_rate', 'enhanced_weather_normalization', 'equipment_description', 'equipment_type', 'equipment_type_other_desc', 'escalation_rate', 'export_harmonic_spectrum', 'facility_address', 'facility_state', 'facility_zip', 'feeder_sort', 'feeders_json_combined', 'feeders_json_csv', 'feeders_json_manual', 'harmonic_analysis_depth', 'humidity_after', 'humidity_before', 'ieee_519_edition', 'ieee_c57_110_method', 'il_A', 'include_avgkva_chart', 'include_avgkw_chart', 'include_cv_chart', 'include_network_losses', 'include_smoothing_chart', 'include_variance_chart', 'isc_kA', 'kh_stray_factor', 'last_month_bill_cost', 'line_R_ref_ohm', 'location', 'manual_a_kva', 'manual_a_pf', 'manual_a_thd', 'manual_b_kva', 'manual_b_pf', 'manual_b_thd', 'meter_model', 'meter_name', 'meter_sn', 'no_cp_event', 'onpeak_fraction_pct', 'onpeak_fraction_pct_seasonal', 'operating_hours', 'pcc_location', 'phases', 'phone', 'power_factor_not_included', 'project_cost', 'ratchet_applies_to', 'ratchet_percent', 'ratchet_ref_kw', 'reactive_rate_per_kvar', 'seasonal_mode', 'show_dollars', 'show_dollars_hidden', 'show_methods_card', 'solar_radiation_after', 'solar_radiation_before', 'summer_fraction_pct', 'summer_rate_off', 'summer_rate_on', 'target_pf', 'tariff_type', 'temp_after', 'temp_before', 'temp_unit', 'test_duration', 'test_period_after', 'test_period_before', 'total_load_pct', 'tou_rate_off', 'tou_rate_off_seasonal', 'tou_rate_on', 'tou_rate_on_seasonal', 'transformers_json', 'utility', 'utility_program', 'voltage_nominal', 'voltage_type', 'weather_provider', 'wind_speed_after', 'wind_speed_before', 'winter_rate_off', 'winter_rate_on', 'wire_temp_mode', 'wire_temp_mode_i2r', 'xfmr_core_loss_w', 'xfmr_group_view', 'xfmr_impedance_pct', 'xfmr_kva', 'xfmr_load_loss_w', 'xfmr_stray_fraction_pct']
TEMPLATE DEBUG: After extracting, client_profile keys: ['R_ref_temp_c', 'R_ref_temp_c_i2r', 'account', 'after_file_id', 'after_label', 'alpha_conductor', 'alpha_conductor_i2r', 'analysis_period', 'ashrae_baseline_model', 'before_file_id', 'before_label', 'billing_method', 'capacity_rate_per_kw', 'company', 'conductor_R_ref_ohm', 'conductor_scope', 'conductor_temp_rise_c', 'conductor_temp_rise_c_i2r', 'confidence_level', 'contact', 'cp_address', 'cp_company', 'cp_contact', 'cp_email', 'cp_event_mode', 'cp_location', 'cp_phone', 'cp_region', 'cp_timestamps', 'cp_window_min', 'cp_year', 'cp_zip', 'cp_zone', 'currency_code', 'current_project_id', 'data_quality_threshold', 'demand_rate', 'demand_rate_cp', 'demand_rate_cp_tou', 'demand_rate_kva', 'demand_rate_ncp', 'demand_rate_ncp_tou', 'dewpoint_after', 'dewpoint_before', 'discount_rate', 'email', 'energy_rate', 'enhanced_weather_normalization', 'equipment', 'equipment_description', 'equipment_type', 'equipment_type_other_desc', 'escalation_rate', 'export_harmonic_spectrum', 'facility', 'facility_address', 'facility_state', 'facility_zip', 'feeder_sort', 'feeders_json_combined', 'feeders_json_csv', 'feeders_json_manual', 'harmonic_analysis_depth', 'humidity_after', 'humidity_before', 'ieee_519_edition', 'ieee_c57_110_method', 'il_A', 'include_avgkva_chart', 'include_avgkw_chart', 'include_cv_chart', 'include_network_losses', 'include_smoothing_chart', 'include_variance_chart', 'isc_kA', 'kh_stray_factor', 'last_month_bill_cost', 'line_R_ref_ohm', 'location', 'manual_a_kva', 'manual_a_pf', 'manual_a_thd', 'manual_b_kva', 'manual_b_pf', 'manual_b_thd', 'meter_model', 'meter_name', 'meter_sn', 'no_cp_event', 'onpeak_fraction_pct', 'onpeak_fraction_pct_seasonal', 'operating_hours', 'pcc_location', 'phases', 'phone', 'power_factor_not_included', 'project_cost', 'ratchet_applies_to', 'ratchet_percent', 'ratchet_ref_kw', 'reactive_rate_per_kvar', 'seasonal_mode', 'show_dollars', 'show_dollars_hidden', 'show_methods_card', 'solar_radiation_after', 'solar_radiation_before', 'summer_fraction_pct', 'summer_rate_off', 'summer_rate_on', 'target_pf', 'tariff_type', 'temp_after', 'temp_before', 'temp_unit', 'test_duration', 'test_period_after', 'test_period_before', 'total_load_pct', 'tou_rate_off', 'tou_rate_off_seasonal', 'tou_rate_on', 'tou_rate_on_seasonal', 'transformers_json', 'utility', 'utility_program', 'voltage_nominal', 'voltage_type', 'weather_provider', 'wind_speed_after', 'wind_speed_before', 'winter_rate_off', 'winter_rate_on', 'wire_temp_mode', 'wire_temp_mode_i2r', 'xfmr_core_loss_w', 'xfmr_group_view', 'xfmr_impedance_pct', 'xfmr_kva', 'xfmr_load_loss_w', 'xfmr_stray_fraction_pct']
TEMPLATE DEBUG: cp_company in config: XECO ENERGY CORPORATION
TEMPLATE DEBUG: cp_company in client_profile: XECO ENERGY CORPORATION
TEMPLATE DEBUG: cp_company in r: XECO ENERGY CORPORATION
TEMPLATE DEBUG: company in config: Ochsner Ortho-Lafayette
TEMPLATE DEBUG: facility_address in config: 2810 Ambassador Caffery Pkwy
TEMPLATE DEBUG: location in config: Lafayette
TEMPLATE DEBUG: P_VALUE = 0.0001
TEMPLATE DEBUG: SAMPLE_SIZE_BEFORE = 2324
TEMPLATE DEBUG: SAMPLE_SIZE_AFTER = 2312
TEMPLATE DEBUG: STATISTICALLY_SIGNIFICANT = True
TEMPLATE DEBUG: FILTERED_POINTS = 2324
TEMPLATE DEBUG: DAYS_CALCULATION = 96.83333333333333
TEMPLATE DEBUG: T_STATISTIC = 20.245636214375086
TEMPLATE DEBUG: RELATIVE_PRECISION = 0.5413221510795884
TEMPLATE DEBUG: COHENS_D = 0.5942720296391024
TEMPLATE DEBUG: KW_NORMALIZED_SAVINGS_PERCENT = 16.651289090199384
DEBUG: NPV Found in executive_summary = 1264454.722378769
DEBUG: NPV DEBUG: FINAL npv = 1264454.722378769
DEBUG: PAYBACK Found in executive_summary = 0.5484698059014497
DEBUG: PAYBACK DEBUG: FINAL simple_payback = 0.5484698059014497
DEBUG: IRR Found in financial.internal_rate_return = 184.31900381252368, formatted = 184.31900381252368%
DEBUG: IRR DEBUG: FINAL irr = 184.31900381252368%
DEBUG: SIR Found in executive_summary = 16.947818966271505
DEBUG: SIR DEBUG: FINAL sir = 16.947818966271505
*** DEBUG: Config keys: ['R_ref_temp_c', 'R_ref_temp_c_i2r', 'account', 'after_file_id', 'after_label', 'alpha_conductor', 'alpha_conductor_i2r', 'analysis_period', 'ashrae_baseline_model', 'before_file_id', 'before_label', 'billing_method', 'capacity_rate_per_kw', 'company', 'conductor_R_ref_ohm', 'conductor_scope', 'conductor_temp_rise_c', 'conductor_temp_rise_c_i2r', 'confidence_level', 'contact', 'cp_address', 'cp_company', 'cp_contact', 'cp_email', 'cp_event_mode', 'cp_location', 'cp_phone', 'cp_region', 'cp_timestamps', 'cp_window_min', 'cp_year', 'cp_zip', 'cp_zone', 'currency_code', 'current_project_id', 'data_quality_threshold', 'demand_rate', 'demand_rate_cp', 'demand_rate_cp_tou', 'demand_rate_kva', 'demand_rate_ncp', 'demand_rate_ncp_tou', 'dewpoint_after', 'dewpoint_before', 'discount_rate', 'email', 'energy_rate', 'enhanced_weather_normalization', 'equipment_description', 'equipment_type', 'equipment_type_other_desc', 'escalation_rate', 'export_harmonic_spectrum', 'facility_address', 'facility_state', 'facility_zip', 'feeder_sort', 'feeders_json_combined', 'feeders_json_csv', 'feeders_json_manual', 'harmonic_analysis_depth', 'humidity_after', 'humidity_before', 'ieee_519_edition', 'ieee_c57_110_method', 'il_A', 'include_avgkva_chart', 'include_avgkw_chart', 'include_cv_chart', 'include_network_losses', 'include_smoothing_chart', 'include_variance_chart', 'isc_kA', 'kh_stray_factor', 'last_month_bill_cost', 'line_R_ref_ohm', 'location', 'manual_a_kva', 'manual_a_pf', 'manual_a_thd', 'manual_b_kva', 'manual_b_pf', 'manual_b_thd', 'meter_model', 'meter_name', 'meter_sn', 'no_cp_event', 'onpeak_fraction_pct', 'onpeak_fraction_pct_seasonal', 'operating_hours', 'pcc_location', 'phases', 'phone', 'power_factor_not_included', 'project_cost', 'ratchet_applies_to', 'ratchet_percent', 'ratchet_ref_kw', 'reactive_rate_per_kvar', 'seasonal_mode', 'show_dollars', 'show_dollars_hidden', 'show_methods_card', 'solar_radiation_after', 'solar_radiation_before', 'summer_fraction_pct', 'summer_rate_off', 'summer_rate_on', 'target_pf', 'tariff_type', 'temp_after', 'temp_before', 'temp_unit', 'test_duration', 'test_period_after', 'test_period_before', 'total_load_pct', 'tou_rate_off', 'tou_rate_off_seasonal', 'tou_rate_on', 'tou_rate_on_seasonal', 'transformers_json', 'utility', 'utility_program', 'voltage_nominal', 'voltage_type', 'weather_provider', 'wind_speed_after', 'wind_speed_before', 'winter_rate_off', 'winter_rate_on', 'wire_temp_mode', 'wire_temp_mode_i2r', 'xfmr_core_loss_w', 'xfmr_group_view', 'xfmr_impedance_pct', 'xfmr_kva', 'xfmr_load_loss_w', 'xfmr_stray_fraction_pct'] ***
*** DEBUG: Client profile keys: ['R_ref_temp_c', 'R_ref_temp_c_i2r', 'account', 'after_file_id', 'after_label', 'alpha_conductor', 'alpha_conductor_i2r', 'analysis_period', 'ashrae_baseline_model', 'before_file_id', 'before_label', 'billing_method', 'capacity_rate_per_kw', 'company', 'conductor_R_ref_ohm', 'conductor_scope', 'conductor_temp_rise_c', 'conductor_temp_rise_c_i2r', 'confidence_level', 'contact', 'cp_address', 'cp_company', 'cp_contact', 'cp_email', 'cp_event_mode', 'cp_location', 'cp_phone', 'cp_region', 'cp_timestamps', 'cp_window_min', 'cp_year', 'cp_zip', 'cp_zone', 'currency_code', 'current_project_id', 'data_quality_threshold', 'demand_rate', 'demand_rate_cp', 'demand_rate_cp_tou', 'demand_rate_kva', 'demand_rate_ncp', 'demand_rate_ncp_tou', 'dewpoint_after', 'dewpoint_before', 'discount_rate', 'email', 'energy_rate', 'enhanced_weather_normalization', 'equipment', 'equipment_description', 'equipment_type', 'equipment_type_other_desc', 'escalation_rate', 'export_harmonic_spectrum', 'facility', 'facility_address', 'facility_state', 'facility_zip', 'feeder_sort', 'feeders_json_combined', 'feeders_json_csv', 'feeders_json_manual', 'harmonic_analysis_depth', 'humidity_after', 'humidity_before', 'ieee_519_edition', 'ieee_c57_110_method', 'il_A', 'include_avgkva_chart', 'include_avgkw_chart', 'include_cv_chart', 'include_network_losses', 'include_smoothing_chart', 'include_variance_chart', 'isc_kA', 'kh_stray_factor', 'last_month_bill_cost', 'line_R_ref_ohm', 'location', 'manual_a_kva', 'manual_a_pf', 'manual_a_thd', 'manual_b_kva', 'manual_b_pf', 'manual_b_thd', 'meter_model', 'meter_name', 'meter_sn', 'no_cp_event', 'onpeak_fraction_pct', 'onpeak_fraction_pct_seasonal', 'operating_hours', 'pcc_location', 'phases', 'phone', 'power_factor_not_included', 'project_cost', 'ratchet_applies_to', 'ratchet_percent', 'ratchet_ref_kw', 'reactive_rate_per_kvar', 'seasonal_mode', 'show_dollars', 'show_dollars_hidden', 'show_methods_card', 'solar_radiation_after', 'solar_radiation_before', 'summer_fraction_pct', 'summer_rate_off', 'summer_rate_on', 'target_pf', 'tariff_type', 'temp_after', 'temp_before', 'temp_unit', 'test_duration', 'test_period_after', 'test_period_before', 'total_load_pct', 'tou_rate_off', 'tou_rate_off_seasonal', 'tou_rate_on', 'tou_rate_on_seasonal', 'transformers_json', 'utility', 'utility_program', 'voltage_nominal', 'voltage_type', 'weather_provider', 'wind_speed_after', 'wind_speed_before', 'winter_rate_off', 'winter_rate_on', 'wire_temp_mode', 'wire_temp_mode_i2r', 'xfmr_core_loss_w', 'xfmr_group_view', 'xfmr_impedance_pct', 'xfmr_kva', 'xfmr_load_loss_w', 'xfmr_stray_fraction_pct'] ***
*** DEBUG: Top-level keys: ['R_ref_temp_c', 'R_ref_temp_c_i2r', 'account', 'after_compliance', 'after_data', 'after_file_id', 'after_file_info', 'after_label', 'alpha_conductor', 'alpha_conductor_i2r', 'analysis_period', 'analysis_session_id', 'analysis_version', 'ashrae_baseline_model', 'assumptions', 'attribution', 'audit_summary_document', 'audit_trail', 'before_compliance', 'before_data', 'before_file_id', 'before_file_info', 'before_label', 'bill_weighted', 'billing_method', 'capacity_rate_per_kw', 'client_profile', 'company', 'compliance_status', 'conductor_R_ref_ohm', 'conductor_scope', 'conductor_temp_rise_c', 'conductor_temp_rise_c_i2r', 'confidence_level', 'config', 'contact', 'cp_address', 'cp_company', 'cp_contact', 'cp_email', 'cp_event_mode', 'cp_location', 'cp_phone', 'cp_region', 'cp_timestamps', 'cp_window_min', 'cp_year', 'cp_zip', 'cp_zone', 'currency_code', 'current_project_id', 'data_quality_threshold', 'demand', 'demand_analysis', 'demand_rate', 'demand_rate_cp', 'demand_rate_cp_tou', 'demand_rate_kva', 'demand_rate_ncp', 'demand_rate_ncp_tou', 'dewpoint_after', 'dewpoint_before', 'discount_rate', 'email', 'energy', 'energy_flow', 'energy_rate', 'enhanced_weather_normalization', 'envelope_analysis', 'environmental', 'equipment_description', 'equipment_health', 'equipment_type', 'equipment_type_other_desc', 'escalation_rate', 'executive_summary', 'export_harmonic_spectrum', 'facility_address', 'facility_state', 'facility_zip', 'feeder_sort', 'feeders_json_combined', 'feeders_json_csv', 'feeders_json_manual', 'financial', 'financial_breakdown', 'financial_debug', 'harmonic_analysis_depth', 'humidity_after', 'humidity_before', 'ieee_519_edition', 'ieee_c57_110_method', 'il_A', 'include_avgkva_chart', 'include_avgkw_chart', 'include_cv_chart', 'include_network_losses', 'include_smoothing_chart', 'include_variance_chart', 'isc_kA', 'kh_stray_factor', 'last_month_bill_cost', 'line_R_ref_ohm', 'location', 'manual_a_kva', 'manual_a_pf', 'manual_a_thd', 'manual_b_kva', 'manual_b_pf', 'manual_b_thd', 'meter_model', 'meter_name', 'meter_sn', 'methodology_verification', 'network_losses', 'no_cp_event', 'onpeak_fraction_pct', 'onpeak_fraction_pct_seasonal', 'operating_hours', 'pcc_location', 'phases', 'phone', 'power_factor_not_included', 'power_quality', 'project_cost', 'public_key_pem', 'ratchet_applies_to', 'ratchet_percent', 'ratchet_ref_kw', 'reactive_rate_per_kvar', 'results_hash', 'sankey_diagram', 'seasonal_mode', 'show_dollars', 'show_dollars_hidden', 'show_methods_card', 'signature_alg', 'signature_sig', 'solar_radiation_after', 'solar_radiation_before', 'statistical', 'summer_fraction_pct', 'summer_rate_off', 'summer_rate_on', 'target_pf', 'tariff_type', 'temp_after', 'temp_before', 'temp_unit', 'test_duration', 'test_period_after', 'test_period_before', 'three_phase', 'timestamp', 'total_load_pct', 'tou_rate_off', 'tou_rate_off_seasonal', 'tou_rate_on', 'tou_rate_on_seasonal', 'transformers_json', 'utility', 'utility_program', 'voltage_nominal', 'voltage_type', 'weather_normalization', 'weather_provider', 'wind_speed_after', 'wind_speed_before', 'winter_rate_off', 'winter_rate_on', 'wire_temp_mode', 'wire_temp_mode_i2r', 'xfmr_core_loss_w', 'xfmr_group_view', 'xfmr_impedance_pct', 'xfmr_kva', 'xfmr_load_loss_w', 'xfmr_stray_fraction_pct'] ***
*** DEBUG: projectName from config: None ***
*** DEBUG: projectName from r: None ***
*** DEBUG: facility_city from config: None ***
*** DEBUG: facility_city from r: None ***
TEMPLATE DEBUG: company = Ochsner Ortho-Lafayette
TEMPLATE DEBUG: facility_address = 2810 Ambassador Caffery Pkwy
TEMPLATE DEBUG: location = Lafayette, LA 70506
TEMPLATE DEBUG: contact = Neil Bourgeois
TEMPLATE DEBUG: email = neil.bourgeois@ochsner.org
TEMPLATE DEBUG: phone = (337) 501-0431
TEMPLATE DEBUG: cp_company = XECO ENERGY CORPORATION
TEMPLATE DEBUG: cp_address = 1305 Blue Ridge Drive
TEMPLATE DEBUG: cp_location = Georgetown, TX
TEMPLATE DEBUG: cp_zip = 78626
TEMPLATE DEBUG: cp_contact = Gregory Dockery
[DEBUG] IPMVP p_value from statistical (first location): 0.0001
[DEBUG] statistical keys: ['after_ci_lower', 'after_ci_upper', 'baseline_model', 'baseline_model_selected', 'before_ci_lower', 'before_ci_upper', 'calculated_confidence_intervals', 'cohens_d', 'confidence_interval', 'confidence_interval_after', 'confidence_interval_before', 'confidence_intervals', 'confidence_level', 'cvrmse', 'data_quality', 'days_calculation', 'filtered_points', 'meets_ashrae_precision', 'nmbe', 'p_value', 'r_squared', 'relative_precision', 'sample_size_after', 'sample_size_before', 'savings', 'savings_ci_lower', 'savings_ci_upper', 'statistically_significant', 't_statistic']
[DEBUG] NEMA MG1 early values - before=None, after=None
[DEBUG] NEMA MG1 early compliance - before=False, after=False
[DEBUG] NEMA MG1 early replacement skipped - values not available yet, will use final replacement
DEBUG: METHODS & FORMULAS VALIDATION: IEC 62053 accuracy calculation using CSV data - before: 0.1S (0.1%), after: 0.1S (0.1%)
[DEBUG] IPMVP p_value from statistical (second location): 0.0001
[DEBUG] statistical keys: ['after_ci_lower', 'after_ci_upper', 'baseline_model', 'baseline_model_selected', 'before_ci_lower', 'before_ci_upper', 'calculated_confidence_intervals', 'cohens_d', 'confidence_interval', 'confidence_interval_after', 'confidence_interval_before', 'confidence_intervals', 'confidence_level', 'cvrmse', 'data_quality', 'days_calculation', 'filtered_points', 'meets_ashrae_precision', 'nmbe', 'p_value', 'r_squared', 'relative_precision', 'sample_size_after', 'sample_size_before', 'savings', 'savings_ci_lower', 'savings_ci_upper', 'statistically_significant', 't_statistic']
TEMPLATE DEBUG: test_name = main
TEMPLATE DEBUG: circuit_name = Main SwitchGear
TEMPLATE DEBUG: test_period = 11/20/2025 0:00 - 11/21/2025 14:59 | 11/17/2025 0:00 - 11/18/2025 14:59
TEMPLATE DEBUG: test_duration = 2 Days (Before) | 2 Days (After)
TEMPLATE DEBUG: meter_spec = Meter Class 0.2
TEMPLATE DEBUG: interval_data = CSV Data
TEMPLATE DEBUG: total_load_pct = 100
TEMPLATE DEBUG: meter_model = Acuvim-L Model AXM-WB2
TEMPLATE DEBUG: meter_sn = AN55091807
TEMPLATE DEBUG: meter_accuracy_class = Class 0.2
TEMPLATE DEBUG: meter_calibration_status = AUTO_CALIBRATED
*** IEC 61000-2-2 DEBUG: before_compliance type: <class 'dict'> ***
*** IEC 61000-2-2 DEBUG: after_compliance type: <class 'dict'> ***
*** IEC 61000-2-2 DEBUG: before_compliance keys: ['actual_data_points', 'ansi_c12_1_compliant', 'ansi_c12_20_class_02_accuracy', 'ansi_c12_20_class_02_compliant', 'ansi_c12_20_class_05_accuracy', 'ansi_c12_20_class_05_compliant', 'ansi_c12_20_meter_class', 'ansi_c57_12_00_compliant', 'ansi_c57_12_00_efficiency', 'ansi_c57_12_00_loss_percent', 'ari_550_590_class', 'ari_550_590_compliant', 'ari_550_590_cop', 'ashrae_precision_compliant', 'ashrae_precision_value', 'baseline_model_compliant', 'baseline_model_cvrmse', 'baseline_model_nmbe', 'baseline_model_r_squared', 'completeness_percent'] ***
*** IEC 61000-2-2 DEBUG: before_compliance.iec_61000_2_2_voltage_variation = 1.0132479049446534 ***
*** IEC 61000-2-2 DEBUG: after_compliance keys: ['actual_data_points', 'ansi_c12_1_compliant', 'ansi_c12_20_class_02_accuracy', 'ansi_c12_20_class_02_compliant', 'ansi_c12_20_class_05_accuracy', 'ansi_c12_20_class_05_compliant', 'ansi_c12_20_meter_class', 'ansi_c57_12_00_compliant', 'ansi_c57_12_00_efficiency', 'ansi_c57_12_00_loss_percent', 'ari_550_590_class', 'ari_550_590_compliant', 'ari_550_590_cop', 'ashrae_precision_compliant', 'ashrae_precision_value', 'baseline_model_compliant', 'baseline_model_cvrmse', 'baseline_model_nmbe', 'baseline_model_r_squared', 'completeness_percent'] ***
*** IEC 61000-2-2 DEBUG: after_compliance.iec_61000_2_2_voltage_variation = 1.781107976745509 ***
*** IEC 61000-2-2 DEBUG: Extracted before_value = 1.0132479049446534 ***
*** IEC 61000-2-2 DEBUG: Extracted after_value = 1.781107976745509 ***
*** IEC 61000-2-2 DEBUG: before_value_num = 1.0132479049446534, abs = 1.0132479049446534, limit = 10.0, compliant = True ***
*** IEC 61000-2-2 DEBUG: after_value_num = 1.781107976745509, abs = 1.781107976745509, limit = 10.0, compliant = True ***
*** ITIC/CBEMA DEBUG: include_itic_cbema key in config: False ***
*** ITIC/CBEMA DEBUG: Final include_itic_cbema decision: False ***
*** ITIC/CBEMA Performance table row removed (checkbox unchecked) - removed 428 characters ***
*** ITIC/CBEMA Methodology line item removed (checkbox unchecked) - removed 211 characters ***
*** ITIC/CBEMA Methods & Formulas section removed (checkbox unchecked) - removed 3452 characters ***
DEBUG: METHODS & FORMULAS VALIDATION: ITIC/CBEMA calculation using CSV data - before tolerance: 9.5%, after tolerance: 9.9%
*** BESS DEBUG: include_bess key in config: False ***
*** BESS DEBUG: Final include_bess decision: False ***
*** BESS section removed from template (checkbox unchecked) - removed 6093 characters ***
*** UPS FAILURE DEBUG: include_ups_failure key in config: False ***
*** UPS FAILURE DEBUG: Final include_ups_failure decision: False ***
*** UPS FAILURE section removed from template (checkbox unchecked) - removed 4356 characters ***
DEBUG: METHODS & FORMULAS VALIDATION: IEEE 519 ISC/IL calculation using CSV data - isc_kA=1.3, il_A=0.7
[DEBUG] NEMA MG1 - Step 1: nema_imbalance_value - before=N/A, after=N/A
[DEBUG] NEMA MG1 - Converted 'N/A' to None for before_imbalance
[DEBUG] NEMA MG1 - Converted 'N/A' to None for after_imbalance
[DEBUG] NEMA MG1 compliance calculation - before_imbalance=3.1712913451494873, after_imbalance=3.16433272227688
[DEBUG] NEMA MG1 improvement check - after (3.16433272227688) < before (3.1712913451494873): True
[DEBUG] NEMA MG1 final compliance - before=FAIL, after=PASS
[DEBUG] NEMA MG1 Performance section - before=3.17%, after=3.16%
[DEBUG] NEMA MG1 Performance section status - before=FAIL, after=PASS
DEBUG: LOAD FACTOR: Starting calculation from CSV data (totalKw column)...
DEBUG: LOAD FACTOR: avg_kw_before=1267.2148063683305, avg_kw_after=1208.9099351211073
DEBUG: LOAD FACTOR: before_data keys: ['avgKva', 'avgKvar', 'avgKw', 'avgPf', 'avgTHD', 'data_quality', 'detected_columns', 'file_path', 'l1Volt', 'l2Volt', 'l3Volt', 'row_count', 'three_phase', 'timestamps', 'validation', 'voltage_quality']
DEBUG: LOAD FACTOR: after_data keys: ['avgKva', 'avgKvar', 'avgKw', 'avgPf', 'avgTHD', 'data_quality', 'detected_columns', 'file_path', 'l1Volt', 'l2Volt', 'l3Volt', 'row_count', 'three_phase', 'timestamps', 'validation', 'voltage_quality']
DEBUG: LOAD FACTOR: Found peak_kw_before from avgKw.values: 1662.69
DEBUG: LOAD FACTOR: Found peak_kw_after from avgKw.values: 1465.5
DEBUG: LOAD FACTOR: Calculated load_factor_before = 76.21473674397095% (avg=1267.2148063683305, peak=1662.69)
DEBUG: LOAD FACTOR: Calculated load_factor_after = 82.49129547056344% (avg=1208.9099351211073, peak=1465.5)
DEBUG: LOAD FACTOR: Calculated load_factor_improvement = 6.276558726592498%
DEBUG: LOAD FACTOR: Final replacement - before=76.21473674397095, after=82.49129547056344, improvement=6.276558726592498
DEBUG: LOAD FACTOR: Final peak values - before=1662.69, after=1465.5
DEBUG: LOAD FACTOR: Final avg values - before=1267.2148063683305, after=1208.9099351211073
*** DEBUG STEP 5 - HTML SERVICE: kw_before = 1267.2148063683305, kw_after = 1208.9099351211073 ***
*** DEBUG STEP 5 - HTML SERVICE: kw_before = 1267.2148063683305, kw_after = 1208.9099351211073 ***
DEBUG: AMPS CALC: Calculated amps_improvement = 8.3% reduction (from before=1607.9904356373036, after=1474.5268404578585, stored=0.0%)
DEBUG: HTML DEBUG: power_quality keys: ['calculated_normalized_kw_savings', 'calculated_pf_normalized_kw_after', 'calculated_pf_normalized_kw_before', 'current_after', 'current_before', 'current_savings', 'harmonic_kva_after', 'harmonic_kva_before', 'ieee_c57_110_applied', 'ieee_c57_110_method', 'ieee_compliant_after', 'ieee_compliant_before', 'ieee_edition', 'ieee_pf_improvement_pct', 'ieee_tdd_limit', 'ieee_thd_improvement_pct', 'individual_harmonics_after', 'individual_harmonics_before', 'individual_thd_after', 'individual_thd_before', 'isc_il_ratio', 'kva_after', 'kva_before', 'kva_improvement_pct', 'kva_reduction', 'kvar_after', 'kvar_before', 'kvar_improvement_pct', 'kvar_reduction', 'kw_after', 'kw_before', 'kw_improvement_pct', 'normalized_kva_after', 'normalized_kva_before', 'normalized_kva_savings', 'normalized_kw_after', 'normalized_kw_before', 'normalized_kw_savings', 'normalized_pf_after', 'normalized_pf_before', 'normalized_thd_after', 'normalized_thd_before', 'pcc_location', 'penalty_reduction', 'pf_adjustment_factor_after', 'pf_adjustment_factor_before', 'pf_after', 'pf_before', 'pf_improvement', 'pf_improvement_pct', 'pf_normalized_kw_after', 'pf_normalized_kw_before', 'pf_normalized_savings_kw', 'pf_normalized_savings_percent', 'pf_penalty_after', 'pf_penalty_before', 'phase_imbalance_after', 'phase_imbalance_before', 'system_losses_after', 'system_losses_before', 'tdd_after', 'tdd_before', 'thd_after', 'thd_before', 'thd_improvement_pct', 'thd_reduction', 'total_normalized_kw_after', 'total_normalized_kw_before', 'total_normalized_savings_kw', 'total_normalized_savings_percent', 'true_kw_after', 'true_kw_before', 'true_pf_after', 'true_pf_before', 'voltage_after', 'voltage_before', 'voltage_improvement', 'voltage_improvement_pct', 'voltage_unbalance_after', 'voltage_unbalance_before', 'voltage_unbalance_improvement_pct', 'weather_normalized_kw_after', 'weather_normalized_kw_before', 'weather_normalized_kw_savings']
DEBUG: HTML DEBUG: amps_before = 1607.9904356373036
DEBUG: HTML DEBUG: amps_after = 1474.5268404578585
DEBUG: HTML DEBUG: amps_improvement = 8.3% reduction
DEBUG: HTML DEBUG: power_quality['current_improvement_pct'] = NOT_FOUND
DEBUG: AMPS DEBUG: Line 1241 - Checking isinstance(amps_improvement, str): True, amps_improvement = 8.3% reduction
DEBUG: HTML DEBUG: TEMPLATE REPLACEMENT: {AMPS_IMPROVEMENT} = 8.3% reduction
DEBUG: HTML DEBUG: amps_before=1607.9904356373036, amps_after=1474.5268404578585, amps_improvement=8.3% reduction
*** DEBUG STEP 6 - FINAL TEMPLATE REPLACEMENT: KW_BEFORE = 1267.21 kW, KW_AFTER = 1208.91 kW ***
*** DEBUG STEP 6 - FINAL TEMPLATE REPLACEMENT: KW_BEFORE = 1267.21 kW, KW_AFTER = 1208.91 kW ***
CLIENT HTML - TEMPLATE REPLACEMENT: {KVA_IMPROVEMENT} = 8.3% reduction
IEEE VOLTS DEBUG: voltage_improvement_pct = 0.8% improvement
IEEE VOLTS DEBUG: voltage_before = 279.8066966966967
IEEE VOLTS DEBUG: voltage_after = 281.93366909558506
*** BREAKDOWN DEBUG: power_quality keys: ['calculated_normalized_kw_savings', 'calculated_pf_normalized_kw_after', 'calculated_pf_normalized_kw_before', 'current_after', 'current_before', 'current_savings', 'harmonic_kva_after', 'harmonic_kva_before', 'ieee_c57_110_applied', 'ieee_c57_110_method', 'ieee_compliant_after', 'ieee_compliant_before', 'ieee_edition', 'ieee_pf_improvement_pct', 'ieee_tdd_limit', 'ieee_thd_improvement_pct', 'individual_harmonics_after', 'individual_harmonics_before', 'individual_thd_after', 'individual_thd_before', 'isc_il_ratio', 'kva_after', 'kva_before', 'kva_improvement_pct', 'kva_reduction', 'kvar_after', 'kvar_before', 'kvar_improvement_pct', 'kvar_reduction', 'kw_after', 'kw_before', 'kw_improvement_pct', 'normalized_kva_after', 'normalized_kva_before', 'normalized_kva_savings', 'normalized_kw_after', 'normalized_kw_before', 'normalized_kw_savings', 'normalized_pf_after', 'normalized_pf_before', 'normalized_thd_after', 'normalized_thd_before', 'pcc_location', 'penalty_reduction', 'pf_adjustment_factor_after', 'pf_adjustment_factor_before', 'pf_after', 'pf_before', 'pf_improvement', 'pf_improvement_pct', 'pf_normalized_kw_after', 'pf_normalized_kw_before', 'pf_normalized_savings_kw', 'pf_normalized_savings_percent', 'pf_penalty_after', 'pf_penalty_before', 'phase_imbalance_after', 'phase_imbalance_before', 'system_losses_after', 'system_losses_before', 'tdd_after', 'tdd_before', 'thd_after', 'thd_before', 'thd_improvement_pct', 'thd_reduction', 'total_normalized_kw_after', 'total_normalized_kw_before', 'total_normalized_savings_kw', 'total_normalized_savings_percent', 'true_kw_after', 'true_kw_before', 'true_pf_after', 'true_pf_before', 'voltage_after', 'voltage_before', 'voltage_improvement', 'voltage_improvement_pct', 'voltage_unbalance_after', 'voltage_unbalance_before', 'voltage_unbalance_improvement_pct', 'weather_normalized_kw_after', 'weather_normalized_kw_before', 'weather_normalized_kw_savings'] ***
*** BREAKDOWN DEBUG: weather_norm keys: ['base_temp_celsius', 'base_temperature_celsius', 'cdd_after', 'cdd_before', 'dewpoint_after', 'dewpoint_before', 'dewpoint_sensitivity_used', 'hdd_after', 'hdd_before', 'method', 'normalized_kw_after', 'normalized_kw_before', 'optimized_base_temp', 'raw_kw_after', 'raw_kw_before', 'regression_dewpoint_sensitivity', 'regression_temp_sensitivity', 'standards_compliance', 'standards_validation', 'temp_after', 'temp_before', 'temp_sensitivity_used', 'weather_adjusted_savings'] ***
*** BREAKDOWN DEBUG: kw_before = 1267.2148063683305, kw_after = 1208.9099351211073 ***
*** BREAKDOWN FUNCTION START: power_quality type=<class 'dict'>, keys=['calculated_normalized_kw_savings', 'calculated_pf_normalized_kw_after', 'calculated_pf_normalized_kw_before', 'current_after', 'current_before', 'current_savings', 'harmonic_kva_after', 'harmonic_kva_before', 'ieee_c57_110_applied', 'ieee_c57_110_method', 'ieee_compliant_after', 'ieee_compliant_before', 'ieee_edition', 'ieee_pf_improvement_pct', 'ieee_tdd_limit', 'ieee_thd_improvement_pct', 'individual_harmonics_after', 'individual_harmonics_before', 'individual_thd_after', 'individual_thd_before', 'isc_il_ratio', 'kva_after', 'kva_before', 'kva_improvement_pct', 'kva_reduction', 'kvar_after', 'kvar_before', 'kvar_improvement_pct', 'kvar_reduction', 'kw_after', 'kw_before', 'kw_improvement_pct', 'normalized_kva_after', 'normalized_kva_before', 'normalized_kva_savings', 'normalized_kw_after', 'normalized_kw_before', 'normalized_kw_savings', 'normalized_pf_after', 'normalized_pf_before', 'normalized_thd_after', 'normalized_thd_before', 'pcc_location', 'penalty_reduction', 'pf_adjustment_factor_after', 'pf_adjustment_factor_before', 'pf_after', 'pf_before', 'pf_improvement', 'pf_improvement_pct', 'pf_normalized_kw_after', 'pf_normalized_kw_before', 'pf_normalized_savings_kw', 'pf_normalized_savings_percent', 'pf_penalty_after', 'pf_penalty_before', 'phase_imbalance_after', 'phase_imbalance_before', 'system_losses_after', 'system_losses_before', 'tdd_after', 'tdd_before', 'thd_after', 'thd_before', 'thd_improvement_pct', 'thd_reduction', 'total_normalized_kw_after', 'total_normalized_kw_before', 'total_normalized_savings_kw', 'total_normalized_savings_percent', 'true_kw_after', 'true_kw_before', 'true_pf_after', 'true_pf_before', 'voltage_after', 'voltage_before', 'voltage_improvement', 'voltage_improvement_pct', 'voltage_unbalance_after', 'voltage_unbalance_before', 'voltage_unbalance_improvement_pct', 'weather_normalized_kw_after', 'weather_normalized_kw_before', 'weather_normalized_kw_savings'] ***
*** BREAKDOWN FUNCTION: kw_before=1267.2148063683305, kw_after=1208.9099351211073 ***
*** BREAKDOWN FUNCTION: has_power_quality=True, has_raw=True, has_weather=True, has_fully=True ***
*** BREAKDOWN FUNCTION: Proceeding with breakdown generation... ***
*** BREAKDOWN DEBUG: Generated breakdown HTML length: 21491 characters ***
DEBUG: AMPS DEBUG: Line 1412 - Replaced {AMPS_IMPROVEMENT} with amps_improvement = 8.3% reduction
DEBUG: FINANCIAL DEBUG: financial_debug keys: ['annual_demand_dollars', 'annual_energy_dollars', 'annual_kwh_savings', 'annual_total_dollars', 'currency_symbol', 'delta_kw_avg', 'delta_kwh_annual', 'kva_demand_dollars', 'network_annual_dollars', 'network_delta_kwh_annual', 'network_included_in_totals', 'pf_adjustment_dollars', 'reactive_adder_dollars']
DEBUG: FINANCIAL DEBUG: financial_debug type: <class 'dict'>
DEBUG: FINANCIAL DEBUG: financial_debug.annual_energy_dollars = 114405.6082768764
DEBUG: FINANCIAL DEBUG: financial_debug.annual_total_dollars = 144560.373509871
DEBUG: FINANCIAL DEBUG: financial_debug.network_annual_dollars = 8521.193900994096
DEBUG: FINANCIAL DEBUG: financial keys: ['demand_savings_annual', 'energy_savings_annual', 'initial_cost', 'internal_rate_return', 'lcca_compliant', 'modified_irr', 'net_present_value', 'om_savings_annual', 'present_value_savings', 'savings_investment_ratio', 'simple_payback_years', 'total_annual_savings']
DEBUG: FINANCIAL DEBUG: bill_weighted keys: ['annual_demand_dollars', 'annual_energy_dollars', 'annual_kwh_savings', 'annual_total_dollars', 'currency_symbol', 'delta_kw_avg', 'delta_kwh_annual', 'kva_demand_dollars', 'network_annual_dollars', 'network_delta_kwh_annual', 'network_included_in_totals', 'pf_adjustment_dollars', 'reactive_adder_dollars']
DEBUG: FINANCIAL DEBUG: bill_weighted.annual_energy_dollars = 114405.6082768764
DEBUG: FINANCIAL DEBUG: bill_weighted.network_annual_dollars = 8521.193900994096
DEBUG: FINANCIAL DEBUG: Found annual_energy_dollars in financial_debug = 114405.6082768764 (type: float)
DEBUG: FINANCIAL DEBUG: FINAL energy_annual_savings = 114405.6082768764
DEBUG: FINANCIAL DEBUG: Found annual_demand_dollars in financial_debug = 19972.13300790903 (type: float)
DEBUG: FINANCIAL DEBUG: Found network_annual_dollars in financial_debug = 8521.193900994096 (type: float)
DEBUG: FINANCIAL DEBUG: Found annual_total_dollars in financial_debug = 144560.373509871 (type: float)
DEBUG: FINANCIAL DEBUG: Found delta_kw_avg in financial_debug = 110.95629448838349 (type: float)
*** DEBUG: Statistical object keys: ['after_ci_lower', 'after_ci_upper', 'baseline_model', 'baseline_model_selected', 'before_ci_lower', 'before_ci_upper', 'calculated_confidence_intervals', 'cohens_d', 'confidence_interval', 'confidence_interval_after', 'confidence_interval_before', 'confidence_intervals', 'confidence_level', 'cvrmse', 'data_quality', 'days_calculation', 'filtered_points', 'meets_ashrae_precision', 'nmbe', 'p_value', 'r_squared', 'relative_precision', 'sample_size_after', 'sample_size_before', 'savings', 'savings_ci_lower', 'savings_ci_upper', 'statistically_significant', 't_statistic'] ***
*** DEBUG: Confidence intervals: {'after': {'ci_half_width': 4.051381183988101, 'confidence_interval': [1204.8585539371193, 1212.9613163050954], 'confidence_level': 98.0, 'cv_percent': 6.921928080007893, 'degrees_of_freedom': 2311, 'mean': 1208.9099351211073, 'meets_ashrae_cv': True, 'sample_size': 2312, 'standard_error': 1.7403119986209583, 'std': 83.67987626115313, 't_critical': 2.3279625648725393}, 'before': {'ci_half_width': 5.341620453305786, 'confidence_interval': [1261.8731859150248, 1272.5564268216363], 'confidence_level': 98.0, 'cv_percent': 8.729038604326412, 'degrees_of_freedom': 2323, 'mean': 1267.2148063683305, 'meets_ashrae_cv': True, 'sample_size': 2324, 'standard_error': 2.294555627991133, 'std': 110.61566964763176, 't_critical': 2.327954218299922}} ***
*** DEBUG: Before CI: {'ci_half_width': 5.341620453305786, 'confidence_interval': [1261.8731859150248, 1272.5564268216363], 'confidence_level': 98.0, 'cv_percent': 8.729038604326412, 'degrees_of_freedom': 2323, 'mean': 1267.2148063683305, 'meets_ashrae_cv': True, 'sample_size': 2324, 'standard_error': 2.294555627991133, 'std': 110.61566964763176, 't_critical': 2.327954218299922} ***
*** DEBUG: After CI: {'ci_half_width': 4.051381183988101, 'confidence_interval': [1204.8585539371193, 1212.9613163050954], 'confidence_level': 98.0, 'cv_percent': 6.921928080007893, 'degrees_of_freedom': 2311, 'mean': 1208.9099351211073, 'meets_ashrae_cv': True, 'sample_size': 2312, 'standard_error': 1.7403119986209583, 'std': 83.67987626115313, 't_critical': 2.3279625648725393} ***
*** DEBUG: Before CI values: 1261.8731859150248 - 1272.5564268216363 ***
*** DEBUG: After CI values: 1204.8585539371193 - 1212.9613163050954 ***
*** DEBUG: Before compliance keys: ['actual_data_points', 'ansi_c12_1_compliant', 'ansi_c12_20_class_02_accuracy', 'ansi_c12_20_class_02_compliant', 'ansi_c12_20_class_05_accuracy', 'ansi_c12_20_class_05_compliant', 'ansi_c12_20_meter_class', 'ansi_c57_12_00_compliant', 'ansi_c57_12_00_efficiency', 'ansi_c57_12_00_loss_percent', 'ari_550_590_class', 'ari_550_590_compliant', 'ari_550_590_cop', 'ashrae_precision_compliant', 'ashrae_precision_value', 'baseline_model_compliant', 'baseline_model_cvrmse', 'baseline_model_nmbe', 'baseline_model_r_squared', 'completeness_percent', 'cv_percent', 'data_completeness_pct', 'data_quality_compliant', 'data_resolution', 'expected_data_points', 'iec_61000_2_2_compliant', 'iec_61000_2_2_voltage_variation', 'iec_61000_4_7_compliant', 'iec_61000_4_7_thd_value', 'iec_62053_22_accuracy', 'iec_62053_22_compliant', 'iec_62053_accuracy_class', 'iec_62053_accuracy_value', 'iec_62053_compliant', 'ieee_519_compliant', 'ieee_c57_110_applied', 'ieee_c57_110_method', 'ieee_compliant', 'individual_harmonics_compliant', 'individual_harmonics_value', 'itic_cbema_compliant', 'itic_cbema_curve_compliance', 'itic_cbema_improvement', 'itic_cbema_percent_improvement', 'itic_cbema_voltage_tolerance', 'lcca_compliant', 'lcca_sir_value', 'metrics', 'nema_compliant', 'nema_imbalance_value', 'nema_mg1', 'nema_mg1_compliant', 'outlier_percent', 'outlier_percentage', 'period', 'statistical_p_value', 'statistically_significant', 'transformer_params'] ***
*** DEBUG: After compliance keys: ['actual_data_points', 'ansi_c12_1_compliant', 'ansi_c12_20_class_02_accuracy', 'ansi_c12_20_class_02_compliant', 'ansi_c12_20_class_05_accuracy', 'ansi_c12_20_class_05_compliant', 'ansi_c12_20_meter_class', 'ansi_c57_12_00_compliant', 'ansi_c57_12_00_efficiency', 'ansi_c57_12_00_loss_percent', 'ari_550_590_class', 'ari_550_590_compliant', 'ari_550_590_cop', 'ashrae_precision_compliant', 'ashrae_precision_value', 'baseline_model_compliant', 'baseline_model_cvrmse', 'baseline_model_nmbe', 'baseline_model_r_squared', 'completeness_percent', 'cv_percent', 'data_completeness_pct', 'data_quality_compliant', 'data_resolution', 'expected_data_points', 'iec_61000_2_2_compliant', 'iec_61000_2_2_voltage_variation', 'iec_61000_4_7_compliant', 'iec_61000_4_7_thd_value', 'iec_62053_22_accuracy', 'iec_62053_22_compliant', 'iec_62053_accuracy_class', 'iec_62053_accuracy_value', 'iec_62053_compliant', 'ieee_519_compliant', 'ieee_c57_110_applied', 'ieee_c57_110_method', 'ieee_compliant', 'individual_harmonics_compliant', 'individual_harmonics_value', 'itic_cbema_compliant', 'itic_cbema_curve_compliance', 'itic_cbema_voltage_tolerance', 'lcca_compliant', 'lcca_sir_value', 'metrics', 'nema_compliant', 'nema_imbalance_value', 'nema_mg1', 'nema_mg1_compliant', 'outlier_percent', 'outlier_percentage', 'period', 'statistical_p_value', 'statistically_significant', 'transformer_params'] ***
*** DEBUG: CV before: 8.729038604326412 ***
*** DEBUG: CV after: 6.921928080007893 ***
*** DEBUG: Confidence Intervals - Before: 1261.87 - 1272.56, After: 1204.86 - 1212.96 ***
*** DEBUG: Raw values - before_lower: 1261.8731859150248, before_upper: 1272.5564268216363 ***
*** DEBUG: Raw values - after_lower: 1204.8585539371193, after_upper: 1212.9613163050954 ***
DEBUG: FINANCIAL CONFIG DEBUG: energy_rate = .077643, demand_rate = 0, discount_rate = 3, target_pf = 0.95
DEBUG: NETWORK LOSSES DEBUG: system_voltage = 277, system_phases = 3
DEBUG: NETWORK LOSSES DEBUG: before_rms_current = 1614.6281460326568, after_rms_current = 1478.6888897688755
DEBUG: NETWORK LOSSES DEBUG: conductor_loss_reduction = 3.6122561878699706, transformer_copper = 8.270474299072767, transformer_stray = 0.6456240304489866
DEBUG: NETWORK LOSSES DEBUG: annual_network_savings = 8521.193900994096
*** HTML SERVICE DEBUG: envelope_analysis keys: ['charts', 'smoothing_data'] ***
*** HTML SERVICE DEBUG: smoothing_data keys: ['metric_details', 'overall_smoothing'] ***
*** HTML SERVICE DEBUG: Full envelope_analysis data: {'charts': {}, 'smoothing_data': {'metric_details': {'avgKva': {'after_cv': 169.5501710646721, 'before_cv': 229.99380146564786, 'cv_improvement': 26.280547569454253, 'variance_improvement': 45.65442333340504}, 'avgKw': {'after_cv': 7.955173256415847, 'before_cv': 15.19727596968197, 'cv_improvement': 47.65395277228539, 'variance_improvement': 79.35955812446011}, 'avgPf': {'after_cv': 0.13699891146340457, 'before_cv': 0.32285524035775665, 'cv_improvement': 57.56645879075843, 'variance_improvement': 80.50501864387977}, 'avgTHD': {'after_cv': 4.393424890207217, 'before_cv': 8.826247876628635, 'cv_improvement': 50.22318711622934, 'variance_improvement': 75.22268899134083}}, 'overall_smoothing': 70.18542227327144}} ***
*** HTML SERVICE DEBUG: Full smoothing_data data: {'metric_details': {'avgKva': {'after_cv': 169.5501710646721, 'before_cv': 229.99380146564786, 'cv_improvement': 26.280547569454253, 'variance_improvement': 45.65442333340504}, 'avgKw': {'after_cv': 7.955173256415847, 'before_cv': 15.19727596968197, 'cv_improvement': 47.65395277228539, 'variance_improvement': 79.35955812446011}, 'avgPf': {'after_cv': 0.13699891146340457, 'before_cv': 0.32285524035775665, 'cv_improvement': 57.56645879075843, 'variance_improvement': 80.50501864387977}, 'avgTHD': {'after_cv': 4.393424890207217, 'before_cv': 8.826247876628635, 'cv_improvement': 50.22318711622934, 'variance_improvement': 75.22268899134083}}, 'overall_smoothing': 70.18542227327144} ***
*** HTML SERVICE DEBUG: Overall smoothing index from UI: 70.18542227327144% ***
*** HTML SERVICE DEBUG: Metrics analyzed: 4 ***
*** HTML SERVICE DEBUG: Envelope status: Excellent ***
*** HTML SERVICE DEBUG: metric_details keys: ['avgKva', 'avgKw', 'avgPf', 'avgTHD'] ***
*** HTML SERVICE DEBUG: AVGKVA from UI - Before: 229.994, After: 169.550, CV Reduction: 26.3% ***
*** HTML SERVICE DEBUG: AVGKW from UI - Before: 15.197, After: 7.955, CV Reduction: 47.7% ***
*** HTML SERVICE DEBUG: AVGPF from UI - Before: 0.323, After: 0.137, CV Reduction: 57.6% ***
*** HTML SERVICE DEBUG: AVGTHD from UI - Before: 8.826, After: 4.393, CV Reduction: 50.2% ***
*** HTML SERVICE DEBUG: Template replacement completed - Overall smoothing: 70.18542227327144%, Metrics: 4 ***
*** HTML SERVICE DEBUG: AVGKVA values - Variance: 45.7%, CV: 26.3% ***
*** HTML SERVICE DEBUG: AVGKW values - Variance: 79.4%, CV: 47.7% ***
[WARN] Found 11 unreplaced template variables: ['ASHRAE_DATA_QUALITY_STATUS_CLASS', 'IEEE_C57_110_STATUS_CLASS', 'IEC_61000_2_2_BEFORE_STATUS_CLASS', 'ASHRAE_GUIDELINE_14_STATUS_CLASS', 'IPMVP_STATUS_CLASS', 'ANSI_C57_12_00_BEFORE_STATUS_CLASS', 'VERIFICATION_CERTIFICATE_HTML', 'ANSI_C57_12_00_AFTER_STATUS_CLASS', 'utility_program_line', 'ENERGY_FLOW_SANKEY_DIAGRAM', 'IEC_61000_2_2_AFTER_STATUS_CLASS']
[WARN] Replaced {{var}} with empty string
[WARN] Replaced {{var}} with empty string
[WARN] Replaced {{var}} with empty string
[WARN] Replaced {{var}} with empty string
[WARN] Replaced {{var}} with empty string
[WARN] Replaced {{var}} with empty string
[WARN] Replaced {{var}} with empty string
[WARN] Replaced {{var}} with empty string
[WARN] Replaced {{var}} with empty string
[WARN] Replaced {{var}} with empty string
[WARN] Replaced {{var}} with empty string
*** HTML SERVICE DEBUG: Checking for Sankey diagram - SANKEY_AVAILABLE=True ***
*** HTML SERVICE DEBUG: Template has placeholder: False ***
*** HTML SERVICE DEBUG: Has 'energy_flow' in results: True ***
*** HTML SERVICE DEBUG: energy_flow data type: <class 'dict'> ***
*** HTML SERVICE DEBUG: energy_flow keys: ['efficiency_pct', 'links', 'losses_kw', 'nodes', 'total_energy_kw', 'useful_energy_kw'] ***
METHODS & FORMULAS VALIDATION SUMMARY:
[OK] IEEE 519: ISC/IL ratio and TDD limit calculated from transformer/load CSV data
[OK] IEC 62053: Meter accuracy calculated from compliance CSV data
[OK] ITIC/CBEMA: Voltage quality events calculated from voltage analysis CSV data
[OK] ASHRAE: Baseline model parameters calculated from statistical CSV data
[OK] All Methods & Formulas values are derived from CSV data, not hardcoded
*** VERIFICATION CERTIFICATE: Starting certificate generation... ***
8084: VERIFICATION CODE CHECK - Received code from main service: None
8084: Generated new verification code: MVTPIHNF5ER7
8084: Storing code MVTPIHNF5ER7 - session=ANALYSIS_20260117_120156_8514aadd, project=Ochsner Ortho-Lafayette, before=53, after=52
8084: Attempting to store code MVTPIHNF5ER7 at http://127.0.0.1:8082/api/store-verification-code
8084: API Response - Status: 200
8084: SUCCESS - Stored verification code MVTPIHNF5ER7 in database
*** VERIFICATION CERTIFICATE: Generated HTML length: 10006 ***
*** VERIFICATION CERTIFICATE: WARNING - Placeholder {{VERIFICATION_CERTIFICATE_HTML}} not found in template ***
*** VERIFICATION CERTIFICATE: Inserted certificate after Comprehensive Audit Summary section ***
[OK] All template variables successfully replaced
8084 Service: Generated HTML content length: 503523
[OK] All template variables successfully replaced
8084 Service: Fetching data from main app via GET /api/analysis/results...
8084 Service: Retrieved data keys: ['R_ref_temp_c', 'R_ref_temp_c_i2r', 'account', 'after_compliance', 'after_data', 'after_file_id', 'after_file_info', 'after_label', 'alpha_conductor', 'alpha_conductor_i2r', 'analysis_period', 'analysis_session_id', 'analysis_version', 'ashrae_baseline_model', 'assumptions', 'attribution', 'audit_summary_document', 'audit_trail', 'before_compliance', 'before_data', 'before_file_id', 'before_file_info', 'before_label', 'bill_weighted', 'billing_method', 'capacity_rate_per_kw', 'client_profile', 'company', 'compliance_status', 'conductor_R_ref_ohm', 'conductor_scope', 'conductor_temp_rise_c', 'conductor_temp_rise_c_i2r', 'confidence_level', 'config', 'contact', 'cp_address', 'cp_company', 'cp_contact', 'cp_email', 'cp_event_mode', 'cp_location', 'cp_phone', 'cp_region', 'cp_timestamps', 'cp_window_min', 'cp_year', 'cp_zip', 'cp_zone', 'currency_code', 'current_project_id', 'data_quality_threshold', 'demand', 'demand_analysis', 'demand_rate', 'demand_rate_cp', 'demand_rate_cp_tou', 'demand_rate_kva', 'demand_rate_ncp', 'demand_rate_ncp_tou', 'dewpoint_after', 'dewpoint_before', 'discount_rate', 'email', 'energy', 'energy_flow', 'energy_rate', 'enhanced_weather_normalization', 'envelope_analysis', 'environmental', 'equipment_description', 'equipment_health', 'equipment_type', 'equipment_type_other_desc', 'escalation_rate', 'executive_summary', 'export_harmonic_spectrum', 'facility_address', 'facility_state', 'facility_zip', 'feeder_sort', 'feeders_json_combined', 'feeders_json_csv', 'feeders_json_manual', 'financial', 'financial_breakdown', 'financial_debug', 'harmonic_analysis_depth', 'humidity_after', 'humidity_before', 'ieee_519_edition', 'ieee_c57_110_method', 'il_A', 'include_avgkva_chart', 'include_avgkw_chart', 'include_cv_chart', 'include_network_losses', 'include_smoothing_chart', 'include_variance_chart', 'isc_kA', 'kh_stray_factor', 'last_month_bill_cost', 'line_R_ref_ohm', 'location', 'manual_a_kva', 'manual_a_pf', 'manual_a_thd', 'manual_b_kva', 'manual_b_pf', 'manual_b_thd', 'meter_model', 'meter_name', 'meter_sn', 'methodology_verification', 'network_losses', 'no_cp_event', 'onpeak_fraction_pct', 'onpeak_fraction_pct_seasonal', 'operating_hours', 'pcc_location', 'phases', 'phone', 'power_factor_not_included', 'power_quality', 'project_cost', 'public_key_pem', 'ratchet_applies_to', 'ratchet_percent', 'ratchet_ref_kw', 'reactive_rate_per_kvar', 'results_hash', 'sankey_diagram', 'seasonal_mode', 'show_dollars', 'show_dollars_hidden', 'show_methods_card', 'signature_alg', 'signature_sig', 'solar_radiation_after', 'solar_radiation_before', 'statistical', 'summer_fraction_pct', 'summer_rate_off', 'summer_rate_on', 'target_pf', 'tariff_type', 'temp_after', 'temp_before', 'temp_unit', 'test_duration', 'test_period_after', 'test_period_before', 'three_phase', 'timestamp', 'total_load_pct', 'tou_rate_off', 'tou_rate_off_seasonal', 'tou_rate_on', 'tou_rate_on_seasonal', 'transformers_json', 'utility', 'utility_program', 'verification_code', 'voltage_nominal', 'voltage_type', 'weather_normalization', 'weather_provider', 'wind_speed_after', 'wind_speed_before', 'winter_rate_off', 'winter_rate_on', 'wire_temp_mode', 'wire_temp_mode_i2r', 'xfmr_core_loss_w', 'xfmr_group_view', 'xfmr_impedance_pct', 'xfmr_kva', 'xfmr_load_loss_w', 'xfmr_stray_fraction_pct']
8084 Service: Has 'energy_flow': True
8084 Service: energy_flow type: <class 'dict'>, keys: ['efficiency_pct', 'links', 'losses_kw', 'nodes', 'total_energy_kw', 'useful_energy_kw']
*** DEBUG STEP 9 - HTML SERVICE DATA RETRIEVAL: kw_before = 1267.2148063683305, kw_after = 1208.9099351211073 ***
*** DEBUG STEP 9 - HTML SERVICE DATA RETRIEVAL: current_improvement_pct = NOT_FOUND ***
8084 Service: Processing data with keys: ['R_ref_temp_c', 'R_ref_temp_c_i2r', 'account', 'after_compliance', 'after_data', 'after_file_id', 'after_file_info', 'after_label', 'alpha_conductor', 'alpha_conductor_i2r', 'analysis_period', 'analysis_session_id', 'analysis_version', 'ashrae_baseline_model', 'assumptions', 'attribution', 'audit_summary_document', 'audit_trail', 'before_compliance', 'before_data', 'before_file_id', 'before_file_info', 'before_label', 'bill_weighted', 'billing_method', 'capacity_rate_per_kw', 'client_profile', 'company', 'compliance_status', 'conductor_R_ref_ohm', 'conductor_scope', 'conductor_temp_rise_c', 'conductor_temp_rise_c_i2r', 'confidence_level', 'config', 'contact', 'cp_address', 'cp_company', 'cp_contact', 'cp_email', 'cp_event_mode', 'cp_location', 'cp_phone', 'cp_region', 'cp_timestamps', 'cp_window_min', 'cp_year', 'cp_zip', 'cp_zone', 'currency_code', 'current_project_id', 'data_quality_threshold', 'demand', 'demand_analysis', 'demand_rate', 'demand_rate_cp', 'demand_rate_cp_tou', 'demand_rate_kva', 'demand_rate_ncp', 'demand_rate_ncp_tou', 'dewpoint_after', 'dewpoint_before', 'discount_rate', 'email', 'energy', 'energy_flow', 'energy_rate', 'enhanced_weather_normalization', 'envelope_analysis', 'environmental', 'equipment_description', 'equipment_health', 'equipment_type', 'equipment_type_other_desc', 'escalation_rate', 'executive_summary', 'export_harmonic_spectrum', 'facility_address', 'facility_state', 'facility_zip', 'feeder_sort', 'feeders_json_combined', 'feeders_json_csv', 'feeders_json_manual', 'financial', 'financial_breakdown', 'financial_debug', 'harmonic_analysis_depth', 'humidity_after', 'humidity_before', 'ieee_519_edition', 'ieee_c57_110_method', 'il_A', 'include_avgkva_chart', 'include_avgkw_chart', 'include_cv_chart', 'include_network_losses', 'include_smoothing_chart', 'include_variance_chart', 'isc_kA', 'kh_stray_factor', 'last_month_bill_cost', 'line_R_ref_ohm', 'location', 'manual_a_kva', 'manual_a_pf', 'manual_a_thd', 'manual_b_kva', 'manual_b_pf', 'manual_b_thd', 'meter_model', 'meter_name', 'meter_sn', 'methodology_verification', 'network_losses', 'no_cp_event', 'onpeak_fraction_pct', 'onpeak_fraction_pct_seasonal', 'operating_hours', 'pcc_location', 'phases', 'phone', 'power_factor_not_included', 'power_quality', 'project_cost', 'public_key_pem', 'ratchet_applies_to', 'ratchet_percent', 'ratchet_ref_kw', 'reactive_rate_per_kvar', 'results_hash', 'sankey_diagram', 'seasonal_mode', 'show_dollars', 'show_dollars_hidden', 'show_methods_card', 'signature_alg', 'signature_sig', 'solar_radiation_after', 'solar_radiation_before', 'statistical', 'summer_fraction_pct', 'summer_rate_off', 'summer_rate_on', 'target_pf', 'tariff_type', 'temp_after', 'temp_before', 'temp_unit', 'test_duration', 'test_period_after', 'test_period_before', 'three_phase', 'timestamp', 'total_load_pct', 'tou_rate_off', 'tou_rate_off_seasonal', 'tou_rate_on', 'tou_rate_on_seasonal', 'transformers_json', 'utility', 'utility_program', 'verification_code', 'voltage_nominal', 'voltage_type', 'weather_normalization', 'weather_provider', 'wind_speed_after', 'wind_speed_before', 'winter_rate_off', 'winter_rate_on', 'wire_temp_mode', 'wire_temp_mode_i2r', 'xfmr_core_loss_w', 'xfmr_group_view', 'xfmr_impedance_pct', 'xfmr_kva', 'xfmr_load_loss_w', 'xfmr_stray_fraction_pct']
8084 Service: Config keys in results: ['R_ref_temp_c', 'R_ref_temp_c_i2r', 'account', 'after_file_id', 'after_label', 'alpha_conductor', 'alpha_conductor_i2r', 'analysis_period', 'ashrae_baseline_model', 'before_file_id', 'before_label', 'billing_method', 'capacity_rate_per_kw', 'company', 'conductor_R_ref_ohm', 'conductor_scope', 'conductor_temp_rise_c', 'conductor_temp_rise_c_i2r', 'confidence_level', 'contact', 'cp_address', 'cp_company', 'cp_contact', 'cp_email', 'cp_event_mode', 'cp_location', 'cp_phone', 'cp_region', 'cp_timestamps', 'cp_window_min', 'cp_year', 'cp_zip', 'cp_zone', 'currency_code', 'current_project_id', 'data_quality_threshold', 'demand_rate', 'demand_rate_cp', 'demand_rate_cp_tou', 'demand_rate_kva', 'demand_rate_ncp', 'demand_rate_ncp_tou', 'dewpoint_after', 'dewpoint_before', 'discount_rate', 'email', 'energy_rate', 'enhanced_weather_normalization', 'equipment_description', 'equipment_type', 'equipment_type_other_desc', 'escalation_rate', 'export_harmonic_spectrum', 'facility_address', 'facility_state', 'facility_zip', 'feeder_sort', 'feeders_json_combined', 'feeders_json_csv', 'feeders_json_manual', 'harmonic_analysis_depth', 'humidity_after', 'humidity_before', 'ieee_519_edition', 'ieee_c57_110_method', 'il_A', 'include_avgkva_chart', 'include_avgkw_chart', 'include_cv_chart', 'include_network_losses', 'include_smoothing_chart', 'include_variance_chart', 'isc_kA', 'kh_stray_factor', 'last_month_bill_cost', 'line_R_ref_ohm', 'location', 'manual_a_kva', 'manual_a_pf', 'manual_a_thd', 'manual_b_kva', 'manual_b_pf', 'manual_b_thd', 'meter_model', 'meter_name', 'meter_sn', 'no_cp_event', 'onpeak_fraction_pct', 'onpeak_fraction_pct_seasonal', 'operating_hours', 'pcc_location', 'phases', 'phone', 'power_factor_not_included', 'project_cost', 'ratchet_applies_to', 'ratchet_percent', 'ratchet_ref_kw', 'reactive_rate_per_kvar', 'seasonal_mode', 'show_dollars', 'show_dollars_hidden', 'show_methods_card', 'solar_radiation_after', 'solar_radiation_before', 'summer_fraction_pct', 'summer_rate_off', 'summer_rate_on', 'target_pf', 'tariff_type', 'temp_after', 'temp_before', 'temp_unit', 'test_duration', 'test_period_after', 'test_period_before', 'total_load_pct', 'tou_rate_off', 'tou_rate_off_seasonal', 'tou_rate_on', 'tou_rate_on_seasonal', 'transformers_json', 'utility', 'utility_program', 'voltage_nominal', 'voltage_type', 'weather_provider', 'wind_speed_after', 'wind_speed_before', 'winter_rate_off', 'winter_rate_on', 'wire_temp_mode', 'wire_temp_mode_i2r', 'xfmr_core_loss_w', 'xfmr_group_view', 'xfmr_impedance_pct', 'xfmr_kva', 'xfmr_load_loss_w', 'xfmr_stray_fraction_pct']
8084 Service: Client profile keys in results: ['R_ref_temp_c', 'R_ref_temp_c_i2r', 'account', 'after_file_id', 'after_label', 'alpha_conductor', 'alpha_conductor_i2r', 'analysis_period', 'ashrae_baseline_model', 'before_file_id', 'before_label', 'billing_method', 'capacity_rate_per_kw', 'company', 'conductor_R_ref_ohm', 'conductor_scope', 'conductor_temp_rise_c', 'conductor_temp_rise_c_i2r', 'confidence_level', 'contact', 'cp_address', 'cp_company', 'cp_contact', 'cp_email', 'cp_event_mode', 'cp_location', 'cp_phone', 'cp_region', 'cp_timestamps', 'cp_window_min', 'cp_year', 'cp_zip', 'cp_zone', 'currency_code', 'current_project_id', 'data_quality_threshold', 'demand_rate', 'demand_rate_cp', 'demand_rate_cp_tou', 'demand_rate_kva', 'demand_rate_ncp', 'demand_rate_ncp_tou', 'dewpoint_after', 'dewpoint_before', 'discount_rate', 'email', 'energy_rate', 'enhanced_weather_normalization', 'equipment', 'equipment_description', 'equipment_type', 'equipment_type_other_desc', 'escalation_rate', 'export_harmonic_spectrum', 'facility', 'facility_address', 'facility_state', 'facility_zip', 'feeder_sort', 'feeders_json_combined', 'feeders_json_csv', 'feeders_json_manual', 'harmonic_analysis_depth', 'humidity_after', 'humidity_before', 'ieee_519_edition', 'ieee_c57_110_method', 'il_A', 'include_avgkva_chart', 'include_avgkw_chart', 'include_cv_chart', 'include_network_losses', 'include_smoothing_chart', 'include_variance_chart', 'isc_kA', 'kh_stray_factor', 'last_month_bill_cost', 'line_R_ref_ohm', 'location', 'manual_a_kva', 'manual_a_pf', 'manual_a_thd', 'manual_b_kva', 'manual_b_pf', 'manual_b_thd', 'meter_model', 'meter_name', 'meter_sn', 'no_cp_event', 'onpeak_fraction_pct', 'onpeak_fraction_pct_seasonal', 'operating_hours', 'pcc_location', 'phases', 'phone', 'power_factor_not_included', 'project_cost', 'ratchet_applies_to', 'ratchet_percent', 'ratchet_ref_kw', 'reactive_rate_per_kvar', 'seasonal_mode', 'show_dollars', 'show_dollars_hidden', 'show_methods_card', 'solar_radiation_after', 'solar_radiation_before', 'summer_fraction_pct', 'summer_rate_off', 'summer_rate_on', 'target_pf', 'tariff_type', 'temp_after', 'temp_before', 'temp_unit', 'test_duration', 'test_period_after', 'test_period_before', 'total_load_pct', 'tou_rate_off', 'tou_rate_off_seasonal', 'tou_rate_on', 'tou_rate_on_seasonal', 'transformers_json', 'utility', 'utility_program', 'voltage_nominal', 'voltage_type', 'weather_provider', 'wind_speed_after', 'wind_speed_before', 'winter_rate_off', 'winter_rate_on', 'wire_temp_mode', 'wire_temp_mode_i2r', 'xfmr_core_loss_w', 'xfmr_group_view', 'xfmr_impedance_pct', 'xfmr_kva', 'xfmr_load_loss_w', 'xfmr_stray_fraction_pct']
8084 Service: Calling generate_exact_template_html...
*** CRITICAL DEBUG: Template processor called with data type: <class 'dict'> ***
*** CRITICAL DEBUG: Is dict: True ***
*** CRITICAL DEBUG: Top-level keys: ['R_ref_temp_c', 'R_ref_temp_c_i2r', 'account', 'after_compliance', 'after_data', 'after_file_id', 'after_file_info', 'after_label', 'alpha_conductor', 'alpha_conductor_i2r', 'analysis_period', 'analysis_session_id', 'analysis_version', 'ashrae_baseline_model', 'assumptions', 'attribution', 'audit_summary_document', 'audit_trail', 'before_compliance', 'before_data', 'before_file_id', 'before_file_info', 'before_label', 'bill_weighted', 'billing_method', 'capacity_rate_per_kw', 'client_profile', 'company', 'compliance_status', 'conductor_R_ref_ohm'] ***
*** CRITICAL DEBUG: Has 'config': True ***
*** CRITICAL DEBUG: Has 'client_profile': True ***
*** CRITICAL DEBUG: Config keys (139): ['R_ref_temp_c', 'R_ref_temp_c_i2r', 'account', 'after_file_id', 'after_label', 'alpha_conductor', 'alpha_conductor_i2r', 'analysis_period', 'ashrae_baseline_model', 'before_file_id', 'before_label', 'billing_method', 'capacity_rate_per_kw', 'company', 'conductor_R_ref_ohm', 'conductor_scope', 'conductor_temp_rise_c', 'conductor_temp_rise_c_i2r', 'confidence_level', 'contact', 'cp_address', 'cp_company', 'cp_contact', 'cp_email', 'cp_event_mode', 'cp_location', 'cp_phone', 'cp_region', 'cp_timestamps', 'cp_window_min'] ***
*** CRITICAL DEBUG: cp_company in config: True ***
*** CRITICAL DEBUG: cp_company value: XECO ENERGY CORPORATION ***
*** CRITICAL DEBUG: Client profile keys: ['R_ref_temp_c', 'R_ref_temp_c_i2r', 'account', 'after_file_id', 'after_label', 'alpha_conductor', 'alpha_conductor_i2r', 'analysis_period', 'ashrae_baseline_model', 'before_file_id', 'before_label', 'billing_method', 'capacity_rate_per_kw', 'company', 'conductor_R_ref_ohm', 'conductor_scope', 'conductor_temp_rise_c', 'conductor_temp_rise_c_i2r', 'confidence_level', 'contact', 'cp_address', 'cp_company', 'cp_contact', 'cp_email', 'cp_event_mode', 'cp_location', 'cp_phone', 'cp_region', 'cp_timestamps', 'cp_window_min'] ***
TEMPLATE DEBUG: After extracting, config keys: ['R_ref_temp_c', 'R_ref_temp_c_i2r', 'account', 'after_file_id', 'after_label', 'alpha_conductor', 'alpha_conductor_i2r', 'analysis_period', 'ashrae_baseline_model', 'before_file_id', 'before_label', 'billing_method', 'capacity_rate_per_kw', 'company', 'conductor_R_ref_ohm', 'conductor_scope', 'conductor_temp_rise_c', 'conductor_temp_rise_c_i2r', 'confidence_level', 'contact', 'cp_address', 'cp_company', 'cp_contact', 'cp_email', 'cp_event_mode', 'cp_location', 'cp_phone', 'cp_region', 'cp_timestamps', 'cp_window_min', 'cp_year', 'cp_zip', 'cp_zone', 'currency_code', 'current_project_id', 'data_quality_threshold', 'demand_rate', 'demand_rate_cp', 'demand_rate_cp_tou', 'demand_rate_kva', 'demand_rate_ncp', 'demand_rate_ncp_tou', 'dewpoint_after', 'dewpoint_before', 'discount_rate', 'email', 'energy_rate', 'enhanced_weather_normalization', 'equipment_description', 'equipment_type', 'equipment_type_other_desc', 'escalation_rate', 'export_harmonic_spectrum', 'facility_address', 'facility_state', 'facility_zip', 'feeder_sort', 'feeders_json_combined', 'feeders_json_csv', 'feeders_json_manual', 'harmonic_analysis_depth', 'humidity_after', 'humidity_before', 'ieee_519_edition', 'ieee_c57_110_method', 'il_A', 'include_avgkva_chart', 'include_avgkw_chart', 'include_cv_chart', 'include_network_losses', 'include_smoothing_chart', 'include_variance_chart', 'isc_kA', 'kh_stray_factor', 'last_month_bill_cost', 'line_R_ref_ohm', 'location', 'manual_a_kva', 'manual_a_pf', 'manual_a_thd', 'manual_b_kva', 'manual_b_pf', 'manual_b_thd', 'meter_model', 'meter_name', 'meter_sn', 'no_cp_event', 'onpeak_fraction_pct', 'onpeak_fraction_pct_seasonal', 'operating_hours', 'pcc_location', 'phases', 'phone', 'power_factor_not_included', 'project_cost', 'ratchet_applies_to', 'ratchet_percent', 'ratchet_ref_kw', 'reactive_rate_per_kvar', 'seasonal_mode', 'show_dollars', 'show_dollars_hidden', 'show_methods_card', 'solar_radiation_after', 'solar_radiation_before', 'summer_fraction_pct', 'summer_rate_off', 'summer_rate_on', 'target_pf', 'tariff_type', 'temp_after', 'temp_before', 'temp_unit', 'test_duration', 'test_period_after', 'test_period_before', 'total_load_pct', 'tou_rate_off', 'tou_rate_off_seasonal', 'tou_rate_on', 'tou_rate_on_seasonal', 'transformers_json', 'utility', 'utility_program', 'voltage_nominal', 'voltage_type', 'weather_provider', 'wind_speed_after', 'wind_speed_before', 'winter_rate_off', 'winter_rate_on', 'wire_temp_mode', 'wire_temp_mode_i2r', 'xfmr_core_loss_w', 'xfmr_group_view', 'xfmr_impedance_pct', 'xfmr_kva', 'xfmr_load_loss_w', 'xfmr_stray_fraction_pct']
TEMPLATE DEBUG: After extracting, client_profile keys: ['R_ref_temp_c', 'R_ref_temp_c_i2r', 'account', 'after_file_id', 'after_label', 'alpha_conductor', 'alpha_conductor_i2r', 'analysis_period', 'ashrae_baseline_model', 'before_file_id', 'before_label', 'billing_method', 'capacity_rate_per_kw', 'company', 'conductor_R_ref_ohm', 'conductor_scope', 'conductor_temp_rise_c', 'conductor_temp_rise_c_i2r', 'confidence_level', 'contact', 'cp_address', 'cp_company', 'cp_contact', 'cp_email', 'cp_event_mode', 'cp_location', 'cp_phone', 'cp_region', 'cp_timestamps', 'cp_window_min', 'cp_year', 'cp_zip', 'cp_zone', 'currency_code', 'current_project_id', 'data_quality_threshold', 'demand_rate', 'demand_rate_cp', 'demand_rate_cp_tou', 'demand_rate_kva', 'demand_rate_ncp', 'demand_rate_ncp_tou', 'dewpoint_after', 'dewpoint_before', 'discount_rate', 'email', 'energy_rate', 'enhanced_weather_normalization', 'equipment', 'equipment_description', 'equipment_type', 'equipment_type_other_desc', 'escalation_rate', 'export_harmonic_spectrum', 'facility', 'facility_address', 'facility_state', 'facility_zip', 'feeder_sort', 'feeders_json_combined', 'feeders_json_csv', 'feeders_json_manual', 'harmonic_analysis_depth', 'humidity_after', 'humidity_before', 'ieee_519_edition', 'ieee_c57_110_method', 'il_A', 'include_avgkva_chart', 'include_avgkw_chart', 'include_cv_chart', 'include_network_losses', 'include_smoothing_chart', 'include_variance_chart', 'isc_kA', 'kh_stray_factor', 'last_month_bill_cost', 'line_R_ref_ohm', 'location', 'manual_a_kva', 'manual_a_pf', 'manual_a_thd', 'manual_b_kva', 'manual_b_pf', 'manual_b_thd', 'meter_model', 'meter_name', 'meter_sn', 'no_cp_event', 'onpeak_fraction_pct', 'onpeak_fraction_pct_seasonal', 'operating_hours', 'pcc_location', 'phases', 'phone', 'power_factor_not_included', 'project_cost', 'ratchet_applies_to', 'ratchet_percent', 'ratchet_ref_kw', 'reactive_rate_per_kvar', 'seasonal_mode', 'show_dollars', 'show_dollars_hidden', 'show_methods_card', 'solar_radiation_after', 'solar_radiation_before', 'summer_fraction_pct', 'summer_rate_off', 'summer_rate_on', 'target_pf', 'tariff_type', 'temp_after', 'temp_before', 'temp_unit', 'test_duration', 'test_period_after', 'test_period_before', 'total_load_pct', 'tou_rate_off', 'tou_rate_off_seasonal', 'tou_rate_on', 'tou_rate_on_seasonal', 'transformers_json', 'utility', 'utility_program', 'voltage_nominal', 'voltage_type', 'weather_provider', 'wind_speed_after', 'wind_speed_before', 'winter_rate_off', 'winter_rate_on', 'wire_temp_mode', 'wire_temp_mode_i2r', 'xfmr_core_loss_w', 'xfmr_group_view', 'xfmr_impedance_pct', 'xfmr_kva', 'xfmr_load_loss_w', 'xfmr_stray_fraction_pct']
TEMPLATE DEBUG: cp_company in config: XECO ENERGY CORPORATION
TEMPLATE DEBUG: cp_company in client_profile: XECO ENERGY CORPORATION
TEMPLATE DEBUG: cp_company in r: XECO ENERGY CORPORATION
TEMPLATE DEBUG: company in config: Ochsner Ortho-Lafayette
TEMPLATE DEBUG: facility_address in config: 2810 Ambassador Caffery Pkwy
TEMPLATE DEBUG: location in config: Lafayette
TEMPLATE DEBUG: P_VALUE = 0.0001
TEMPLATE DEBUG: SAMPLE_SIZE_BEFORE = 2324
TEMPLATE DEBUG: SAMPLE_SIZE_AFTER = 2312
TEMPLATE DEBUG: STATISTICALLY_SIGNIFICANT = True
TEMPLATE DEBUG: FILTERED_POINTS = 2324
TEMPLATE DEBUG: DAYS_CALCULATION = 96.83333333333333
TEMPLATE DEBUG: T_STATISTIC = 20.245636214375086
TEMPLATE DEBUG: RELATIVE_PRECISION = 0.5413221510795884
TEMPLATE DEBUG: COHENS_D = 0.5942720296391024
TEMPLATE DEBUG: KW_NORMALIZED_SAVINGS_PERCENT = 16.651289090199384
DEBUG: NPV Found in executive_summary = 1264454.722378769
DEBUG: NPV DEBUG: FINAL npv = 1264454.722378769
DEBUG: PAYBACK Found in executive_summary = 0.5484698059014497
DEBUG: PAYBACK DEBUG: FINAL simple_payback = 0.5484698059014497
DEBUG: IRR Found in financial.internal_rate_return = 184.31900381252368, formatted = 184.31900381252368%
DEBUG: IRR DEBUG: FINAL irr = 184.31900381252368%
DEBUG: SIR Found in executive_summary = 16.947818966271505
DEBUG: SIR DEBUG: FINAL sir = 16.947818966271505
*** DEBUG: Config keys: ['R_ref_temp_c', 'R_ref_temp_c_i2r', 'account', 'after_file_id', 'after_label', 'alpha_conductor', 'alpha_conductor_i2r', 'analysis_period', 'ashrae_baseline_model', 'before_file_id', 'before_label', 'billing_method', 'capacity_rate_per_kw', 'company', 'conductor_R_ref_ohm', 'conductor_scope', 'conductor_temp_rise_c', 'conductor_temp_rise_c_i2r', 'confidence_level', 'contact', 'cp_address', 'cp_company', 'cp_contact', 'cp_email', 'cp_event_mode', 'cp_location', 'cp_phone', 'cp_region', 'cp_timestamps', 'cp_window_min', 'cp_year', 'cp_zip', 'cp_zone', 'currency_code', 'current_project_id', 'data_quality_threshold', 'demand_rate', 'demand_rate_cp', 'demand_rate_cp_tou', 'demand_rate_kva', 'demand_rate_ncp', 'demand_rate_ncp_tou', 'dewpoint_after', 'dewpoint_before', 'discount_rate', 'email', 'energy_rate', 'enhanced_weather_normalization', 'equipment_description', 'equipment_type', 'equipment_type_other_desc', 'escalation_rate', 'export_harmonic_spectrum', 'facility_address', 'facility_state', 'facility_zip', 'feeder_sort', 'feeders_json_combined', 'feeders_json_csv', 'feeders_json_manual', 'harmonic_analysis_depth', 'humidity_after', 'humidity_before', 'ieee_519_edition', 'ieee_c57_110_method', 'il_A', 'include_avgkva_chart', 'include_avgkw_chart', 'include_cv_chart', 'include_network_losses', 'include_smoothing_chart', 'include_variance_chart', 'isc_kA', 'kh_stray_factor', 'last_month_bill_cost', 'line_R_ref_ohm', 'location', 'manual_a_kva', 'manual_a_pf', 'manual_a_thd', 'manual_b_kva', 'manual_b_pf', 'manual_b_thd', 'meter_model', 'meter_name', 'meter_sn', 'no_cp_event', 'onpeak_fraction_pct', 'onpeak_fraction_pct_seasonal', 'operating_hours', 'pcc_location', 'phases', 'phone', 'power_factor_not_included', 'project_cost', 'ratchet_applies_to', 'ratchet_percent', 'ratchet_ref_kw', 'reactive_rate_per_kvar', 'seasonal_mode', 'show_dollars', 'show_dollars_hidden', 'show_methods_card', 'solar_radiation_after', 'solar_radiation_before', 'summer_fraction_pct', 'summer_rate_off', 'summer_rate_on', 'target_pf', 'tariff_type', 'temp_after', 'temp_before', 'temp_unit', 'test_duration', 'test_period_after', 'test_period_before', 'total_load_pct', 'tou_rate_off', 'tou_rate_off_seasonal', 'tou_rate_on', 'tou_rate_on_seasonal', 'transformers_json', 'utility', 'utility_program', 'voltage_nominal', 'voltage_type', 'weather_provider', 'wind_speed_after', 'wind_speed_before', 'winter_rate_off', 'winter_rate_on', 'wire_temp_mode', 'wire_temp_mode_i2r', 'xfmr_core_loss_w', 'xfmr_group_view', 'xfmr_impedance_pct', 'xfmr_kva', 'xfmr_load_loss_w', 'xfmr_stray_fraction_pct'] ***
*** DEBUG: Client profile keys: ['R_ref_temp_c', 'R_ref_temp_c_i2r', 'account', 'after_file_id', 'after_label', 'alpha_conductor', 'alpha_conductor_i2r', 'analysis_period', 'ashrae_baseline_model', 'before_file_id', 'before_label', 'billing_method', 'capacity_rate_per_kw', 'company', 'conductor_R_ref_ohm', 'conductor_scope', 'conductor_temp_rise_c', 'conductor_temp_rise_c_i2r', 'confidence_level', 'contact', 'cp_address', 'cp_company', 'cp_contact', 'cp_email', 'cp_event_mode', 'cp_location', 'cp_phone', 'cp_region', 'cp_timestamps', 'cp_window_min', 'cp_year', 'cp_zip', 'cp_zone', 'currency_code', 'current_project_id', 'data_quality_threshold', 'demand_rate', 'demand_rate_cp', 'demand_rate_cp_tou', 'demand_rate_kva', 'demand_rate_ncp', 'demand_rate_ncp_tou', 'dewpoint_after', 'dewpoint_before', 'discount_rate', 'email', 'energy_rate', 'enhanced_weather_normalization', 'equipment', 'equipment_description', 'equipment_type', 'equipment_type_other_desc', 'escalation_rate', 'export_harmonic_spectrum', 'facility', 'facility_address', 'facility_state', 'facility_zip', 'feeder_sort', 'feeders_json_combined', 'feeders_json_csv', 'feeders_json_manual', 'harmonic_analysis_depth', 'humidity_after', 'humidity_before', 'ieee_519_edition', 'ieee_c57_110_method', 'il_A', 'include_avgkva_chart', 'include_avgkw_chart', 'include_cv_chart', 'include_network_losses', 'include_smoothing_chart', 'include_variance_chart', 'isc_kA', 'kh_stray_factor', 'last_month_bill_cost', 'line_R_ref_ohm', 'location', 'manual_a_kva', 'manual_a_pf', 'manual_a_thd', 'manual_b_kva', 'manual_b_pf', 'manual_b_thd', 'meter_model', 'meter_name', 'meter_sn', 'no_cp_event', 'onpeak_fraction_pct', 'onpeak_fraction_pct_seasonal', 'operating_hours', 'pcc_location', 'phases', 'phone', 'power_factor_not_included', 'project_cost', 'ratchet_applies_to', 'ratchet_percent', 'ratchet_ref_kw', 'reactive_rate_per_kvar', 'seasonal_mode', 'show_dollars', 'show_dollars_hidden', 'show_methods_card', 'solar_radiation_after', 'solar_radiation_before', 'summer_fraction_pct', 'summer_rate_off', 'summer_rate_on', 'target_pf', 'tariff_type', 'temp_after', 'temp_before', 'temp_unit', 'test_duration', 'test_period_after', 'test_period_before', 'total_load_pct', 'tou_rate_off', 'tou_rate_off_seasonal', 'tou_rate_on', 'tou_rate_on_seasonal', 'transformers_json', 'utility', 'utility_program', 'voltage_nominal', 'voltage_type', 'weather_provider', 'wind_speed_after', 'wind_speed_before', 'winter_rate_off', 'winter_rate_on', 'wire_temp_mode', 'wire_temp_mode_i2r', 'xfmr_core_loss_w', 'xfmr_group_view', 'xfmr_impedance_pct', 'xfmr_kva', 'xfmr_load_loss_w', 'xfmr_stray_fraction_pct'] ***
*** DEBUG: Top-level keys: ['R_ref_temp_c', 'R_ref_temp_c_i2r', 'account', 'after_compliance', 'after_data', 'after_file_id', 'after_file_info', 'after_label', 'alpha_conductor', 'alpha_conductor_i2r', 'analysis_period', 'analysis_session_id', 'analysis_version', 'ashrae_baseline_model', 'assumptions', 'attribution', 'audit_summary_document', 'audit_trail', 'before_compliance', 'before_data', 'before_file_id', 'before_file_info', 'before_label', 'bill_weighted', 'billing_method', 'capacity_rate_per_kw', 'client_profile', 'company', 'compliance_status', 'conductor_R_ref_ohm', 'conductor_scope', 'conductor_temp_rise_c', 'conductor_temp_rise_c_i2r', 'confidence_level', 'config', 'contact', 'cp_address', 'cp_company', 'cp_contact', 'cp_email', 'cp_event_mode', 'cp_location', 'cp_phone', 'cp_region', 'cp_timestamps', 'cp_window_min', 'cp_year', 'cp_zip', 'cp_zone', 'currency_code', 'current_project_id', 'data_quality_threshold', 'demand', 'demand_analysis', 'demand_rate', 'demand_rate_cp', 'demand_rate_cp_tou', 'demand_rate_kva', 'demand_rate_ncp', 'demand_rate_ncp_tou', 'dewpoint_after', 'dewpoint_before', 'discount_rate', 'email', 'energy', 'energy_flow', 'energy_rate', 'enhanced_weather_normalization', 'envelope_analysis', 'environmental', 'equipment_description', 'equipment_health', 'equipment_type', 'equipment_type_other_desc', 'escalation_rate', 'executive_summary', 'export_harmonic_spectrum', 'facility_address', 'facility_state', 'facility_zip', 'feeder_sort', 'feeders_json_combined', 'feeders_json_csv', 'feeders_json_manual', 'financial', 'financial_breakdown', 'financial_debug', 'harmonic_analysis_depth', 'humidity_after', 'humidity_before', 'ieee_519_edition', 'ieee_c57_110_method', 'il_A', 'include_avgkva_chart', 'include_avgkw_chart', 'include_cv_chart', 'include_network_losses', 'include_smoothing_chart', 'include_variance_chart', 'isc_kA', 'kh_stray_factor', 'last_month_bill_cost', 'line_R_ref_ohm', 'location', 'manual_a_kva', 'manual_a_pf', 'manual_a_thd', 'manual_b_kva', 'manual_b_pf', 'manual_b_thd', 'meter_model', 'meter_name', 'meter_sn', 'methodology_verification', 'network_losses', 'no_cp_event', 'onpeak_fraction_pct', 'onpeak_fraction_pct_seasonal', 'operating_hours', 'pcc_location', 'phases', 'phone', 'power_factor_not_included', 'power_quality', 'project_cost', 'public_key_pem', 'ratchet_applies_to', 'ratchet_percent', 'ratchet_ref_kw', 'reactive_rate_per_kvar', 'results_hash', 'sankey_diagram', 'seasonal_mode', 'show_dollars', 'show_dollars_hidden', 'show_methods_card', 'signature_alg', 'signature_sig', 'solar_radiation_after', 'solar_radiation_before', 'statistical', 'summer_fraction_pct', 'summer_rate_off', 'summer_rate_on', 'target_pf', 'tariff_type', 'temp_after', 'temp_before', 'temp_unit', 'test_duration', 'test_period_after', 'test_period_before', 'three_phase', 'timestamp', 'total_load_pct', 'tou_rate_off', 'tou_rate_off_seasonal', 'tou_rate_on', 'tou_rate_on_seasonal', 'transformers_json', 'utility', 'utility_program', 'verification_code', 'voltage_nominal', 'voltage_type', 'weather_normalization', 'weather_provider', 'wind_speed_after', 'wind_speed_before', 'winter_rate_off', 'winter_rate_on', 'wire_temp_mode', 'wire_temp_mode_i2r', 'xfmr_core_loss_w', 'xfmr_group_view', 'xfmr_impedance_pct', 'xfmr_kva', 'xfmr_load_loss_w', 'xfmr_stray_fraction_pct'] ***
*** DEBUG: projectName from config: None ***
*** DEBUG: projectName from r: None ***
*** DEBUG: facility_city from config: None ***
*** DEBUG: facility_city from r: None ***
TEMPLATE DEBUG: company = Ochsner Ortho-Lafayette
TEMPLATE DEBUG: facility_address = 2810 Ambassador Caffery Pkwy
TEMPLATE DEBUG: location = Lafayette, LA 70506
TEMPLATE DEBUG: contact = Neil Bourgeois
TEMPLATE DEBUG: email = neil.bourgeois@ochsner.org
TEMPLATE DEBUG: phone = (337) 501-0431
TEMPLATE DEBUG: cp_company = XECO ENERGY CORPORATION
TEMPLATE DEBUG: cp_address = 1305 Blue Ridge Drive
TEMPLATE DEBUG: cp_location = Georgetown, TX
TEMPLATE DEBUG: cp_zip = 78626
TEMPLATE DEBUG: cp_contact = Gregory Dockery
[DEBUG] IPMVP p_value from statistical (first location): 0.0001
[DEBUG] statistical keys: ['after_ci_lower', 'after_ci_upper', 'baseline_model', 'baseline_model_selected', 'before_ci_lower', 'before_ci_upper', 'calculated_confidence_intervals', 'cohens_d', 'confidence_interval', 'confidence_interval_after', 'confidence_interval_before', 'confidence_intervals', 'confidence_level', 'cvrmse', 'data_quality', 'days_calculation', 'filtered_points', 'meets_ashrae_precision', 'nmbe', 'p_value', 'r_squared', 'relative_precision', 'sample_size_after', 'sample_size_before', 'savings', 'savings_ci_lower', 'savings_ci_upper', 'statistically_significant', 't_statistic']
[DEBUG] NEMA MG1 early values - before=None, after=None
[DEBUG] NEMA MG1 early compliance - before=False, after=False
[DEBUG] NEMA MG1 early replacement skipped - values not available yet, will use final replacement
DEBUG: METHODS & FORMULAS VALIDATION: IEC 62053 accuracy calculation using CSV data - before: 0.1S (0.1%), after: 0.1S (0.1%)
[DEBUG] IPMVP p_value from statistical (second location): 0.0001
[DEBUG] statistical keys: ['after_ci_lower', 'after_ci_upper', 'baseline_model', 'baseline_model_selected', 'before_ci_lower', 'before_ci_upper', 'calculated_confidence_intervals', 'cohens_d', 'confidence_interval', 'confidence_interval_after', 'confidence_interval_before', 'confidence_intervals', 'confidence_level', 'cvrmse', 'data_quality', 'days_calculation', 'filtered_points', 'meets_ashrae_precision', 'nmbe', 'p_value', 'r_squared', 'relative_precision', 'sample_size_after', 'sample_size_before', 'savings', 'savings_ci_lower', 'savings_ci_upper', 'statistically_significant', 't_statistic']
TEMPLATE DEBUG: test_name = main
TEMPLATE DEBUG: circuit_name = Main SwitchGear
TEMPLATE DEBUG: test_period = 11/20/2025 0:00 - 11/21/2025 14:59 | 11/17/2025 0:00 - 11/18/2025 14:59
TEMPLATE DEBUG: test_duration = 2 Days (Before) | 2 Days (After)
TEMPLATE DEBUG: meter_spec = Meter Class 0.2
TEMPLATE DEBUG: interval_data = CSV Data
TEMPLATE DEBUG: total_load_pct = 100
TEMPLATE DEBUG: meter_model = Acuvim-L Model AXM-WB2
TEMPLATE DEBUG: meter_sn = AN55091807
TEMPLATE DEBUG: meter_accuracy_class = Class 0.2
TEMPLATE DEBUG: meter_calibration_status = AUTO_CALIBRATED
*** IEC 61000-2-2 DEBUG: before_compliance type: <class 'dict'> ***
*** IEC 61000-2-2 DEBUG: after_compliance type: <class 'dict'> ***
*** IEC 61000-2-2 DEBUG: before_compliance keys: ['actual_data_points', 'ansi_c12_1_compliant', 'ansi_c12_20_class_02_accuracy', 'ansi_c12_20_class_02_compliant', 'ansi_c12_20_class_05_accuracy', 'ansi_c12_20_class_05_compliant', 'ansi_c12_20_meter_class', 'ansi_c57_12_00_compliant', 'ansi_c57_12_00_efficiency', 'ansi_c57_12_00_loss_percent', 'ari_550_590_class', 'ari_550_590_compliant', 'ari_550_590_cop', 'ashrae_precision_compliant', 'ashrae_precision_value', 'baseline_model_compliant', 'baseline_model_cvrmse', 'baseline_model_nmbe', 'baseline_model_r_squared', 'completeness_percent'] ***
*** IEC 61000-2-2 DEBUG: before_compliance.iec_61000_2_2_voltage_variation = 1.0132479049446534 ***
*** IEC 61000-2-2 DEBUG: after_compliance keys: ['actual_data_points', 'ansi_c12_1_compliant', 'ansi_c12_20_class_02_accuracy', 'ansi_c12_20_class_02_compliant', 'ansi_c12_20_class_05_accuracy', 'ansi_c12_20_class_05_compliant', 'ansi_c12_20_meter_class', 'ansi_c57_12_00_compliant', 'ansi_c57_12_00_efficiency', 'ansi_c57_12_00_loss_percent', 'ari_550_590_class', 'ari_550_590_compliant', 'ari_550_590_cop', 'ashrae_precision_compliant', 'ashrae_precision_value', 'baseline_model_compliant', 'baseline_model_cvrmse', 'baseline_model_nmbe', 'baseline_model_r_squared', 'completeness_percent'] ***
*** IEC 61000-2-2 DEBUG: after_compliance.iec_61000_2_2_voltage_variation = 1.781107976745509 ***
*** IEC 61000-2-2 DEBUG: Extracted before_value = 1.0132479049446534 ***
*** IEC 61000-2-2 DEBUG: Extracted after_value = 1.781107976745509 ***
*** IEC 61000-2-2 DEBUG: before_value_num = 1.0132479049446534, abs = 1.0132479049446534, limit = 10.0, compliant = True ***
*** IEC 61000-2-2 DEBUG: after_value_num = 1.781107976745509, abs = 1.781107976745509, limit = 10.0, compliant = True ***
*** ITIC/CBEMA DEBUG: include_itic_cbema key in config: False ***
*** ITIC/CBEMA DEBUG: Final include_itic_cbema decision: False ***
*** ITIC/CBEMA Performance table row removed (checkbox unchecked) - removed 428 characters ***
*** ITIC/CBEMA Methodology line item removed (checkbox unchecked) - removed 211 characters ***
*** ITIC/CBEMA Methods & Formulas section removed (checkbox unchecked) - removed 3452 characters ***
DEBUG: METHODS & FORMULAS VALIDATION: ITIC/CBEMA calculation using CSV data - before tolerance: 9.5%, after tolerance: 9.9%
*** BESS DEBUG: include_bess key in config: False ***
*** BESS DEBUG: Final include_bess decision: False ***
*** BESS section removed from template (checkbox unchecked) - removed 6093 characters ***
*** UPS FAILURE DEBUG: include_ups_failure key in config: False ***
*** UPS FAILURE DEBUG: Final include_ups_failure decision: False ***
*** UPS FAILURE section removed from template (checkbox unchecked) - removed 4356 characters ***
DEBUG: METHODS & FORMULAS VALIDATION: IEEE 519 ISC/IL calculation using CSV data - isc_kA=1.3, il_A=0.7
[DEBUG] NEMA MG1 - Step 1: nema_imbalance_value - before=N/A, after=N/A
[DEBUG] NEMA MG1 - Converted 'N/A' to None for before_imbalance
[DEBUG] NEMA MG1 - Converted 'N/A' to None for after_imbalance
[DEBUG] NEMA MG1 compliance calculation - before_imbalance=3.1712913451494873, after_imbalance=3.16433272227688
[DEBUG] NEMA MG1 improvement check - after (3.16433272227688) < before (3.1712913451494873): True
[DEBUG] NEMA MG1 final compliance - before=FAIL, after=PASS
[DEBUG] NEMA MG1 Performance section - before=3.17%, after=3.16%
[DEBUG] NEMA MG1 Performance section status - before=FAIL, after=PASS
DEBUG: LOAD FACTOR: Starting calculation from CSV data (totalKw column)...
DEBUG: LOAD FACTOR: avg_kw_before=1267.2148063683305, avg_kw_after=1208.9099351211073
DEBUG: LOAD FACTOR: before_data keys: ['avgKva', 'avgKvar', 'avgKw', 'avgPf', 'avgTHD', 'data_quality', 'detected_columns', 'file_path', 'l1Volt', 'l2Volt', 'l3Volt', 'row_count', 'three_phase', 'timestamps', 'validation', 'voltage_quality']
DEBUG: LOAD FACTOR: after_data keys: ['avgKva', 'avgKvar', 'avgKw', 'avgPf', 'avgTHD', 'data_quality', 'detected_columns', 'file_path', 'l1Volt', 'l2Volt', 'l3Volt', 'row_count', 'three_phase', 'timestamps', 'validation', 'voltage_quality']
DEBUG: LOAD FACTOR: Found peak_kw_before from avgKw.values: 1662.69
DEBUG: LOAD FACTOR: Found peak_kw_after from avgKw.values: 1465.5
DEBUG: LOAD FACTOR: Calculated load_factor_before = 76.21473674397095% (avg=1267.2148063683305, peak=1662.69)
DEBUG: LOAD FACTOR: Calculated load_factor_after = 82.49129547056344% (avg=1208.9099351211073, peak=1465.5)
DEBUG: LOAD FACTOR: Calculated load_factor_improvement = 6.276558726592498%
DEBUG: LOAD FACTOR: Final replacement - before=76.21473674397095, after=82.49129547056344, improvement=6.276558726592498
DEBUG: LOAD FACTOR: Final peak values - before=1662.69, after=1465.5
DEBUG: LOAD FACTOR: Final avg values - before=1267.2148063683305, after=1208.9099351211073
*** DEBUG STEP 5 - HTML SERVICE: kw_before = 1267.2148063683305, kw_after = 1208.9099351211073 ***
*** DEBUG STEP 5 - HTML SERVICE: kw_before = 1267.2148063683305, kw_after = 1208.9099351211073 ***
DEBUG: AMPS CALC: Calculated amps_improvement = 8.3% reduction (from before=1607.9904356373036, after=1474.5268404578585, stored=0.0%)
DEBUG: HTML DEBUG: power_quality keys: ['calculated_normalized_kw_savings', 'calculated_pf_normalized_kw_after', 'calculated_pf_normalized_kw_before', 'current_after', 'current_before', 'current_savings', 'harmonic_kva_after', 'harmonic_kva_before', 'ieee_c57_110_applied', 'ieee_c57_110_method', 'ieee_compliant_after', 'ieee_compliant_before', 'ieee_edition', 'ieee_pf_improvement_pct', 'ieee_tdd_limit', 'ieee_thd_improvement_pct', 'individual_harmonics_after', 'individual_harmonics_before', 'individual_thd_after', 'individual_thd_before', 'isc_il_ratio', 'kva_after', 'kva_before', 'kva_improvement_pct', 'kva_reduction', 'kvar_after', 'kvar_before', 'kvar_improvement_pct', 'kvar_reduction', 'kw_after', 'kw_before', 'kw_improvement_pct', 'normalized_kva_after', 'normalized_kva_before', 'normalized_kva_savings', 'normalized_kw_after', 'normalized_kw_before', 'normalized_kw_savings', 'normalized_pf_after', 'normalized_pf_before', 'normalized_thd_after', 'normalized_thd_before', 'pcc_location', 'penalty_reduction', 'pf_adjustment_factor_after', 'pf_adjustment_factor_before', 'pf_after', 'pf_before', 'pf_improvement', 'pf_improvement_pct', 'pf_normalized_kw_after', 'pf_normalized_kw_before', 'pf_normalized_savings_kw', 'pf_normalized_savings_percent', 'pf_penalty_after', 'pf_penalty_before', 'phase_imbalance_after', 'phase_imbalance_before', 'system_losses_after', 'system_losses_before', 'tdd_after', 'tdd_before', 'thd_after', 'thd_before', 'thd_improvement_pct', 'thd_reduction', 'total_normalized_kw_after', 'total_normalized_kw_before', 'total_normalized_savings_kw', 'total_normalized_savings_percent', 'true_kw_after', 'true_kw_before', 'true_pf_after', 'true_pf_before', 'voltage_after', 'voltage_before', 'voltage_improvement', 'voltage_improvement_pct', 'voltage_unbalance_after', 'voltage_unbalance_before', 'voltage_unbalance_improvement_pct', 'weather_normalized_kw_after', 'weather_normalized_kw_before', 'weather_normalized_kw_savings']
DEBUG: HTML DEBUG: amps_before = 1607.9904356373036
DEBUG: HTML DEBUG: amps_after = 1474.5268404578585
DEBUG: HTML DEBUG: amps_improvement = 8.3% reduction
DEBUG: HTML DEBUG: power_quality['current_improvement_pct'] = NOT_FOUND
DEBUG: AMPS DEBUG: Line 1241 - Checking isinstance(amps_improvement, str): True, amps_improvement = 8.3% reduction
DEBUG: HTML DEBUG: TEMPLATE REPLACEMENT: {AMPS_IMPROVEMENT} = 8.3% reduction
DEBUG: HTML DEBUG: amps_before=1607.9904356373036, amps_after=1474.5268404578585, amps_improvement=8.3% reduction
*** DEBUG STEP 6 - FINAL TEMPLATE REPLACEMENT: KW_BEFORE = 1267.21 kW, KW_AFTER = 1208.91 kW ***
*** DEBUG STEP 6 - FINAL TEMPLATE REPLACEMENT: KW_BEFORE = 1267.21 kW, KW_AFTER = 1208.91 kW ***
CLIENT HTML - TEMPLATE REPLACEMENT: {KVA_IMPROVEMENT} = 8.3% reduction
IEEE VOLTS DEBUG: voltage_improvement_pct = 0.8% improvement
IEEE VOLTS DEBUG: voltage_before = 279.8066966966967
IEEE VOLTS DEBUG: voltage_after = 281.93366909558506
*** BREAKDOWN DEBUG: power_quality keys: ['calculated_normalized_kw_savings', 'calculated_pf_normalized_kw_after', 'calculated_pf_normalized_kw_before', 'current_after', 'current_before', 'current_savings', 'harmonic_kva_after', 'harmonic_kva_before', 'ieee_c57_110_applied', 'ieee_c57_110_method', 'ieee_compliant_after', 'ieee_compliant_before', 'ieee_edition', 'ieee_pf_improvement_pct', 'ieee_tdd_limit', 'ieee_thd_improvement_pct', 'individual_harmonics_after', 'individual_harmonics_before', 'individual_thd_after', 'individual_thd_before', 'isc_il_ratio', 'kva_after', 'kva_before', 'kva_improvement_pct', 'kva_reduction', 'kvar_after', 'kvar_before', 'kvar_improvement_pct', 'kvar_reduction', 'kw_after', 'kw_before', 'kw_improvement_pct', 'normalized_kva_after', 'normalized_kva_before', 'normalized_kva_savings', 'normalized_kw_after', 'normalized_kw_before', 'normalized_kw_savings', 'normalized_pf_after', 'normalized_pf_before', 'normalized_thd_after', 'normalized_thd_before', 'pcc_location', 'penalty_reduction', 'pf_adjustment_factor_after', 'pf_adjustment_factor_before', 'pf_after', 'pf_before', 'pf_improvement', 'pf_improvement_pct', 'pf_normalized_kw_after', 'pf_normalized_kw_before', 'pf_normalized_savings_kw', 'pf_normalized_savings_percent', 'pf_penalty_after', 'pf_penalty_before', 'phase_imbalance_after', 'phase_imbalance_before', 'system_losses_after', 'system_losses_before', 'tdd_after', 'tdd_before', 'thd_after', 'thd_before', 'thd_improvement_pct', 'thd_reduction', 'total_normalized_kw_after', 'total_normalized_kw_before', 'total_normalized_savings_kw', 'total_normalized_savings_percent', 'true_kw_after', 'true_kw_before', 'true_pf_after', 'true_pf_before', 'voltage_after', 'voltage_before', 'voltage_improvement', 'voltage_improvement_pct', 'voltage_unbalance_after', 'voltage_unbalance_before', 'voltage_unbalance_improvement_pct', 'weather_normalized_kw_after', 'weather_normalized_kw_before', 'weather_normalized_kw_savings'] ***
*** BREAKDOWN DEBUG: weather_norm keys: ['base_temp_celsius', 'base_temperature_celsius', 'cdd_after', 'cdd_before', 'dewpoint_after', 'dewpoint_before', 'dewpoint_sensitivity_used', 'hdd_after', 'hdd_before', 'method', 'normalized_kw_after', 'normalized_kw_before', 'optimized_base_temp', 'raw_kw_after', 'raw_kw_before', 'regression_dewpoint_sensitivity', 'regression_temp_sensitivity', 'standards_compliance', 'standards_validation', 'temp_after', 'temp_before', 'temp_sensitivity_used', 'weather_adjusted_savings'] ***
*** BREAKDOWN DEBUG: kw_before = 1267.2148063683305, kw_after = 1208.9099351211073 ***
*** BREAKDOWN FUNCTION START: power_quality type=<class 'dict'>, keys=['calculated_normalized_kw_savings', 'calculated_pf_normalized_kw_after', 'calculated_pf_normalized_kw_before', 'current_after', 'current_before', 'current_savings', 'harmonic_kva_after', 'harmonic_kva_before', 'ieee_c57_110_applied', 'ieee_c57_110_method', 'ieee_compliant_after', 'ieee_compliant_before', 'ieee_edition', 'ieee_pf_improvement_pct', 'ieee_tdd_limit', 'ieee_thd_improvement_pct', 'individual_harmonics_after', 'individual_harmonics_before', 'individual_thd_after', 'individual_thd_before', 'isc_il_ratio', 'kva_after', 'kva_before', 'kva_improvement_pct', 'kva_reduction', 'kvar_after', 'kvar_before', 'kvar_improvement_pct', 'kvar_reduction', 'kw_after', 'kw_before', 'kw_improvement_pct', 'normalized_kva_after', 'normalized_kva_before', 'normalized_kva_savings', 'normalized_kw_after', 'normalized_kw_before', 'normalized_kw_savings', 'normalized_pf_after', 'normalized_pf_before', 'normalized_thd_after', 'normalized_thd_before', 'pcc_location', 'penalty_reduction', 'pf_adjustment_factor_after', 'pf_adjustment_factor_before', 'pf_after', 'pf_before', 'pf_improvement', 'pf_improvement_pct', 'pf_normalized_kw_after', 'pf_normalized_kw_before', 'pf_normalized_savings_kw', 'pf_normalized_savings_percent', 'pf_penalty_after', 'pf_penalty_before', 'phase_imbalance_after', 'phase_imbalance_before', 'system_losses_after', 'system_losses_before', 'tdd_after', 'tdd_before', 'thd_after', 'thd_before', 'thd_improvement_pct', 'thd_reduction', 'total_normalized_kw_after', 'total_normalized_kw_before', 'total_normalized_savings_kw', 'total_normalized_savings_percent', 'true_kw_after', 'true_kw_before', 'true_pf_after', 'true_pf_before', 'voltage_after', 'voltage_before', 'voltage_improvement', 'voltage_improvement_pct', 'voltage_unbalance_after', 'voltage_unbalance_before', 'voltage_unbalance_improvement_pct', 'weather_normalized_kw_after', 'weather_normalized_kw_before', 'weather_normalized_kw_savings'] ***
*** BREAKDOWN FUNCTION: kw_before=1267.2148063683305, kw_after=1208.9099351211073 ***
*** BREAKDOWN FUNCTION: has_power_quality=True, has_raw=True, has_weather=True, has_fully=True ***
*** BREAKDOWN FUNCTION: Proceeding with breakdown generation... ***
*** BREAKDOWN DEBUG: Generated breakdown HTML length: 21491 characters ***
DEBUG: AMPS DEBUG: Line 1412 - Replaced {AMPS_IMPROVEMENT} with amps_improvement = 8.3% reduction
DEBUG: FINANCIAL DEBUG: financial_debug keys: ['annual_demand_dollars', 'annual_energy_dollars', 'annual_kwh_savings', 'annual_total_dollars', 'currency_symbol', 'delta_kw_avg', 'delta_kwh_annual', 'kva_demand_dollars', 'network_annual_dollars', 'network_delta_kwh_annual', 'network_included_in_totals', 'pf_adjustment_dollars', 'reactive_adder_dollars']
DEBUG: FINANCIAL DEBUG: financial_debug type: <class 'dict'>
DEBUG: FINANCIAL DEBUG: financial_debug.annual_energy_dollars = 114405.6082768764
DEBUG: FINANCIAL DEBUG: financial_debug.annual_total_dollars = 144560.373509871
DEBUG: FINANCIAL DEBUG: financial_debug.network_annual_dollars = 8521.193900994096
DEBUG: FINANCIAL DEBUG: financial keys: ['demand_savings_annual', 'energy_savings_annual', 'initial_cost', 'internal_rate_return', 'lcca_compliant', 'modified_irr', 'net_present_value', 'om_savings_annual', 'present_value_savings', 'savings_investment_ratio', 'simple_payback_years', 'total_annual_savings']
DEBUG: FINANCIAL DEBUG: bill_weighted keys: ['annual_demand_dollars', 'annual_energy_dollars', 'annual_kwh_savings', 'annual_total_dollars', 'currency_symbol', 'delta_kw_avg', 'delta_kwh_annual', 'kva_demand_dollars', 'network_annual_dollars', 'network_delta_kwh_annual', 'network_included_in_totals', 'pf_adjustment_dollars', 'reactive_adder_dollars']
DEBUG: FINANCIAL DEBUG: bill_weighted.annual_energy_dollars = 114405.6082768764
DEBUG: FINANCIAL DEBUG: bill_weighted.network_annual_dollars = 8521.193900994096
DEBUG: FINANCIAL DEBUG: Found annual_energy_dollars in financial_debug = 114405.6082768764 (type: float)
DEBUG: FINANCIAL DEBUG: FINAL energy_annual_savings = 114405.6082768764
DEBUG: FINANCIAL DEBUG: Found annual_demand_dollars in financial_debug = 19972.13300790903 (type: float)
DEBUG: FINANCIAL DEBUG: Found network_annual_dollars in financial_debug = 8521.193900994096 (type: float)
DEBUG: FINANCIAL DEBUG: Found annual_total_dollars in financial_debug = 144560.373509871 (type: float)
DEBUG: FINANCIAL DEBUG: Found delta_kw_avg in financial_debug = 110.95629448838349 (type: float)
*** DEBUG: Statistical object keys: ['after_ci_lower', 'after_ci_upper', 'baseline_model', 'baseline_model_selected', 'before_ci_lower', 'before_ci_upper', 'calculated_confidence_intervals', 'cohens_d', 'confidence_interval', 'confidence_interval_after', 'confidence_interval_before', 'confidence_intervals', 'confidence_level', 'cvrmse', 'data_quality', 'days_calculation', 'filtered_points', 'meets_ashrae_precision', 'nmbe', 'p_value', 'r_squared', 'relative_precision', 'sample_size_after', 'sample_size_before', 'savings', 'savings_ci_lower', 'savings_ci_upper', 'statistically_significant', 't_statistic'] ***
*** DEBUG: Confidence intervals: {'after': {'ci_half_width': 4.051381183988101, 'confidence_interval': [1204.8585539371193, 1212.9613163050954], 'confidence_level': 98.0, 'cv_percent': 6.921928080007893, 'degrees_of_freedom': 2311, 'mean': 1208.9099351211073, 'meets_ashrae_cv': True, 'sample_size': 2312, 'standard_error': 1.7403119986209583, 'std': 83.67987626115313, 't_critical': 2.3279625648725393}, 'before': {'ci_half_width': 5.341620453305786, 'confidence_interval': [1261.8731859150248, 1272.5564268216363], 'confidence_level': 98.0, 'cv_percent': 8.729038604326412, 'degrees_of_freedom': 2323, 'mean': 1267.2148063683305, 'meets_ashrae_cv': True, 'sample_size': 2324, 'standard_error': 2.294555627991133, 'std': 110.61566964763176, 't_critical': 2.327954218299922}} ***
*** DEBUG: Before CI: {'ci_half_width': 5.341620453305786, 'confidence_interval': [1261.8731859150248, 1272.5564268216363], 'confidence_level': 98.0, 'cv_percent': 8.729038604326412, 'degrees_of_freedom': 2323, 'mean': 1267.2148063683305, 'meets_ashrae_cv': True, 'sample_size': 2324, 'standard_error': 2.294555627991133, 'std': 110.61566964763176, 't_critical': 2.327954218299922} ***
*** DEBUG: After CI: {'ci_half_width': 4.051381183988101, 'confidence_interval': [1204.8585539371193, 1212.9613163050954], 'confidence_level': 98.0, 'cv_percent': 6.921928080007893, 'degrees_of_freedom': 2311, 'mean': 1208.9099351211073, 'meets_ashrae_cv': True, 'sample_size': 2312, 'standard_error': 1.7403119986209583, 'std': 83.67987626115313, 't_critical': 2.3279625648725393} ***
*** DEBUG: Before CI values: 1261.8731859150248 - 1272.5564268216363 ***
*** DEBUG: After CI values: 1204.8585539371193 - 1212.9613163050954 ***
*** DEBUG: Before compliance keys: ['actual_data_points', 'ansi_c12_1_compliant', 'ansi_c12_20_class_02_accuracy', 'ansi_c12_20_class_02_compliant', 'ansi_c12_20_class_05_accuracy', 'ansi_c12_20_class_05_compliant', 'ansi_c12_20_meter_class', 'ansi_c57_12_00_compliant', 'ansi_c57_12_00_efficiency', 'ansi_c57_12_00_loss_percent', 'ari_550_590_class', 'ari_550_590_compliant', 'ari_550_590_cop', 'ashrae_precision_compliant', 'ashrae_precision_value', 'baseline_model_compliant', 'baseline_model_cvrmse', 'baseline_model_nmbe', 'baseline_model_r_squared', 'completeness_percent', 'cv_percent', 'data_completeness_pct', 'data_quality_compliant', 'data_resolution', 'expected_data_points', 'iec_61000_2_2_compliant', 'iec_61000_2_2_voltage_variation', 'iec_61000_4_7_compliant', 'iec_61000_4_7_thd_value', 'iec_62053_22_accuracy', 'iec_62053_22_compliant', 'iec_62053_accuracy_class', 'iec_62053_accuracy_value', 'iec_62053_compliant', 'ieee_519_compliant', 'ieee_c57_110_applied', 'ieee_c57_110_method', 'ieee_compliant', 'individual_harmonics_compliant', 'individual_harmonics_value', 'itic_cbema_compliant', 'itic_cbema_curve_compliance', 'itic_cbema_improvement', 'itic_cbema_percent_improvement', 'itic_cbema_voltage_tolerance', 'lcca_compliant', 'lcca_sir_value', 'metrics', 'nema_compliant', 'nema_imbalance_value', 'nema_mg1', 'nema_mg1_compliant', 'outlier_percent', 'outlier_percentage', 'period', 'statistical_p_value', 'statistically_significant', 'transformer_params'] ***
*** DEBUG: After compliance keys: ['actual_data_points', 'ansi_c12_1_compliant', 'ansi_c12_20_class_02_accuracy', 'ansi_c12_20_class_02_compliant', 'ansi_c12_20_class_05_accuracy', 'ansi_c12_20_class_05_compliant', 'ansi_c12_20_meter_class', 'ansi_c57_12_00_compliant', 'ansi_c57_12_00_efficiency', 'ansi_c57_12_00_loss_percent', 'ari_550_590_class', 'ari_550_590_compliant', 'ari_550_590_cop', 'ashrae_precision_compliant', 'ashrae_precision_value', 'baseline_model_compliant', 'baseline_model_cvrmse', 'baseline_model_nmbe', 'baseline_model_r_squared', 'completeness_percent', 'cv_percent', 'data_completeness_pct', 'data_quality_compliant', 'data_resolution', 'expected_data_points', 'iec_61000_2_2_compliant', 'iec_61000_2_2_voltage_variation', 'iec_61000_4_7_compliant', 'iec_61000_4_7_thd_value', 'iec_62053_22_accuracy', 'iec_62053_22_compliant', 'iec_62053_accuracy_class', 'iec_62053_accuracy_value', 'iec_62053_compliant', 'ieee_519_compliant', 'ieee_c57_110_applied', 'ieee_c57_110_method', 'ieee_compliant', 'individual_harmonics_compliant', 'individual_harmonics_value', 'itic_cbema_compliant', 'itic_cbema_curve_compliance', 'itic_cbema_voltage_tolerance', 'lcca_compliant', 'lcca_sir_value', 'metrics', 'nema_compliant', 'nema_imbalance_value', 'nema_mg1', 'nema_mg1_compliant', 'outlier_percent', 'outlier_percentage', 'period', 'statistical_p_value', 'statistically_significant', 'transformer_params'] ***
*** DEBUG: CV before: 8.729038604326412 ***
*** DEBUG: CV after: 6.921928080007893 ***
*** DEBUG: Confidence Intervals - Before: 1261.87 - 1272.56, After: 1204.86 - 1212.96 ***
*** DEBUG: Raw values - before_lower: 1261.8731859150248, before_upper: 1272.5564268216363 ***
*** DEBUG: Raw values - after_lower: 1204.8585539371193, after_upper: 1212.9613163050954 ***
DEBUG: FINANCIAL CONFIG DEBUG: energy_rate = .077643, demand_rate = 0, discount_rate = 3, target_pf = 0.95
DEBUG: NETWORK LOSSES DEBUG: system_voltage = 277, system_phases = 3
DEBUG: NETWORK LOSSES DEBUG: before_rms_current = 1614.6281460326568, after_rms_current = 1478.6888897688755
DEBUG: NETWORK LOSSES DEBUG: conductor_loss_reduction = 3.6122561878699706, transformer_copper = 8.270474299072767, transformer_stray = 0.6456240304489866
DEBUG: NETWORK LOSSES DEBUG: annual_network_savings = 8521.193900994096
*** HTML SERVICE DEBUG: envelope_analysis keys: ['charts', 'smoothing_data'] ***
*** HTML SERVICE DEBUG: smoothing_data keys: ['metric_details', 'overall_smoothing'] ***
*** HTML SERVICE DEBUG: Full envelope_analysis data: {'charts': {}, 'smoothing_data': {'metric_details': {'avgKva': {'after_cv': 169.5501710646721, 'before_cv': 229.99380146564786, 'cv_improvement': 26.280547569454253, 'variance_improvement': 45.65442333340504}, 'avgKw': {'after_cv': 7.955173256415847, 'before_cv': 15.19727596968197, 'cv_improvement': 47.65395277228539, 'variance_improvement': 79.35955812446011}, 'avgPf': {'after_cv': 0.13699891146340457, 'before_cv': 0.32285524035775665, 'cv_improvement': 57.56645879075843, 'variance_improvement': 80.50501864387977}, 'avgTHD': {'after_cv': 4.393424890207217, 'before_cv': 8.826247876628635, 'cv_improvement': 50.22318711622934, 'variance_improvement': 75.22268899134083}}, 'overall_smoothing': 70.18542227327144}} ***
*** HTML SERVICE DEBUG: Full smoothing_data data: {'metric_details': {'avgKva': {'after_cv': 169.5501710646721, 'before_cv': 229.99380146564786, 'cv_improvement': 26.280547569454253, 'variance_improvement': 45.65442333340504}, 'avgKw': {'after_cv': 7.955173256415847, 'before_cv': 15.19727596968197, 'cv_improvement': 47.65395277228539, 'variance_improvement': 79.35955812446011}, 'avgPf': {'after_cv': 0.13699891146340457, 'before_cv': 0.32285524035775665, 'cv_improvement': 57.56645879075843, 'variance_improvement': 80.50501864387977}, 'avgTHD': {'after_cv': 4.393424890207217, 'before_cv': 8.826247876628635, 'cv_improvement': 50.22318711622934, 'variance_improvement': 75.22268899134083}}, 'overall_smoothing': 70.18542227327144} ***
*** HTML SERVICE DEBUG: Overall smoothing index from UI: 70.18542227327144% ***
*** HTML SERVICE DEBUG: Metrics analyzed: 4 ***
*** HTML SERVICE DEBUG: Envelope status: Excellent ***
*** HTML SERVICE DEBUG: metric_details keys: ['avgKva', 'avgKw', 'avgPf', 'avgTHD'] ***
*** HTML SERVICE DEBUG: AVGKVA from UI - Before: 229.994, After: 169.550, CV Reduction: 26.3% ***
*** HTML SERVICE DEBUG: AVGKW from UI - Before: 15.197, After: 7.955, CV Reduction: 47.7% ***
*** HTML SERVICE DEBUG: AVGPF from UI - Before: 0.323, After: 0.137, CV Reduction: 57.6% ***
*** HTML SERVICE DEBUG: AVGTHD from UI - Before: 8.826, After: 4.393, CV Reduction: 50.2% ***
*** HTML SERVICE DEBUG: Template replacement completed - Overall smoothing: 70.18542227327144%, Metrics: 4 ***
*** HTML SERVICE DEBUG: AVGKVA values - Variance: 45.7%, CV: 26.3% ***
*** HTML SERVICE DEBUG: AVGKW values - Variance: 79.4%, CV: 47.7% ***
[WARN] Found 11 unreplaced template variables: ['ASHRAE_DATA_QUALITY_STATUS_CLASS', 'IEEE_C57_110_STATUS_CLASS', 'IEC_61000_2_2_BEFORE_STATUS_CLASS', 'ASHRAE_GUIDELINE_14_STATUS_CLASS', 'IPMVP_STATUS_CLASS', 'ANSI_C57_12_00_BEFORE_STATUS_CLASS', 'VERIFICATION_CERTIFICATE_HTML', 'ANSI_C57_12_00_AFTER_STATUS_CLASS', 'utility_program_line', 'ENERGY_FLOW_SANKEY_DIAGRAM', 'IEC_61000_2_2_AFTER_STATUS_CLASS']
[WARN] Replaced {{var}} with empty string
[WARN] Replaced {{var}} with empty string
[WARN] Replaced {{var}} with empty string
[WARN] Replaced {{var}} with empty string
[WARN] Replaced {{var}} with empty string
[WARN] Replaced {{var}} with empty string
[WARN] Replaced {{var}} with empty string
[WARN] Replaced {{var}} with empty string
[WARN] Replaced {{var}} with empty string
[WARN] Replaced {{var}} with empty string
[WARN] Replaced {{var}} with empty string
*** HTML SERVICE DEBUG: Checking for Sankey diagram - SANKEY_AVAILABLE=True ***
*** HTML SERVICE DEBUG: Template has placeholder: False ***
*** HTML SERVICE DEBUG: Has 'energy_flow' in results: True ***
*** HTML SERVICE DEBUG: energy_flow data type: <class 'dict'> ***
*** HTML SERVICE DEBUG: energy_flow keys: ['efficiency_pct', 'links', 'losses_kw', 'nodes', 'total_energy_kw', 'useful_energy_kw'] ***
METHODS & FORMULAS VALIDATION SUMMARY:
[OK] IEEE 519: ISC/IL ratio and TDD limit calculated from transformer/load CSV data
[OK] IEC 62053: Meter accuracy calculated from compliance CSV data
[OK] ITIC/CBEMA: Voltage quality events calculated from voltage analysis CSV data
[OK] ASHRAE: Baseline model parameters calculated from statistical CSV data
[OK] All Methods & Formulas values are derived from CSV data, not hardcoded
*** VERIFICATION CERTIFICATE: Starting certificate generation... ***
8084: VERIFICATION CODE CHECK - Received code from main service: OLTFBMHGLA9K
Using verification code from main service: OLTFBMHGLA9K
*** VERIFICATION CERTIFICATE: Generated HTML length: 10006 ***
*** VERIFICATION CERTIFICATE: WARNING - Placeholder {{VERIFICATION_CERTIFICATE_HTML}} not found in template ***
*** VERIFICATION CERTIFICATE: Inserted certificate after Comprehensive Audit Summary section ***
[OK] All template variables successfully replaced
8084 Service: Generated HTML content length: 503523
[OK] All template variables successfully replaced
Starting 8084 HTML Report Service...
Health check: http://localhost:8084/health
Generate Report: GET/POST http://localhost:8084/generate
Generate Layman Report: GET/POST http://localhost:8084/generate-layman
Press Ctrl+C to stop
--------------------------------------------------
 * Serving Flask app 'html_report_service'
 * Debug mode: off
Starting 8084 HTML Report Service...
Health check: http://localhost:8084/health
Generate Report: GET/POST http://localhost:8084/generate
Generate Layman Report: GET/POST http://localhost:8084/generate-layman
Press Ctrl+C to stop
--------------------------------------------------
 * Serving Flask app 'html_report_service'
 * Debug mode: off
Starting 8084 HTML Report Service...
Health check: http://localhost:8084/health
Generate Report: GET/POST http://localhost:8084/generate
Generate Layman Report: GET/POST http://localhost:8084/generate-layman
Press Ctrl+C to stop
--------------------------------------------------
 * Serving Flask app 'html_report_service'
 * Debug mode: off
8084 Service: Fetching data from main app via GET /api/analysis/results...
8084 Service: Retrieved data keys: ['R_ref_temp_c', 'R_ref_temp_c_i2r', 'account', 'after_compliance', 'after_data', 'after_file_id', 'after_file_info', 'after_label', 'alpha_conductor', 'alpha_conductor_i2r', 'analysis_period', 'analysis_session_id', 'analysis_version', 'ashrae_baseline_model', 'assumptions', 'attribution', 'audit_summary_document', 'audit_trail', 'before_compliance', 'before_data', 'before_file_id', 'before_file_info', 'before_label', 'bill_weighted', 'billing_method', 'capacity_rate_per_kw', 'client_profile', 'company', 'compliance_status', 'conductor_R_ref_ohm', 'conductor_scope', 'conductor_temp_rise_c', 'conductor_temp_rise_c_i2r', 'confidence_level', 'config', 'contact', 'cp_address', 'cp_company', 'cp_contact', 'cp_email', 'cp_event_mode', 'cp_location', 'cp_phone', 'cp_region', 'cp_timestamps', 'cp_window_min', 'cp_year', 'cp_zip', 'cp_zone', 'currency_code', 'current_project_id', 'data_quality_threshold', 'demand', 'demand_analysis', 'demand_rate', 'demand_rate_cp', 'demand_rate_cp_tou', 'demand_rate_kva', 'demand_rate_ncp', 'demand_rate_ncp_tou', 'dewpoint_after', 'dewpoint_before', 'discount_rate', 'email', 'energy', 'energy_flow', 'energy_rate', 'enhanced_weather_normalization', 'envelope_analysis', 'environmental', 'equipment_description', 'equipment_health', 'equipment_type', 'equipment_type_other_desc', 'escalation_rate', 'executive_summary', 'export_harmonic_spectrum', 'facility_address', 'facility_state', 'facility_zip', 'feeder_sort', 'feeders_json_combined', 'feeders_json_csv', 'feeders_json_manual', 'financial', 'financial_breakdown', 'financial_debug', 'harmonic_analysis_depth', 'humidity_after', 'humidity_before', 'ieee_519_edition', 'ieee_c57_110_method', 'il_A', 'include_avgkva_chart', 'include_avgkw_chart', 'include_cv_chart', 'include_network_losses', 'include_smoothing_chart', 'include_variance_chart', 'isc_kA', 'kh_stray_factor', 'last_month_bill_cost', 'line_R_ref_ohm', 'location', 'manual_a_kva', 'manual_a_pf', 'manual_a_thd', 'manual_b_kva', 'manual_b_pf', 'manual_b_thd', 'meter_model', 'meter_name', 'meter_sn', 'methodology_verification', 'network_losses', 'no_cp_event', 'onpeak_fraction_pct', 'onpeak_fraction_pct_seasonal', 'operating_hours', 'pcc_location', 'phases', 'phone', 'power_factor_not_included', 'power_quality', 'project_cost', 'public_key_pem', 'ratchet_applies_to', 'ratchet_percent', 'ratchet_ref_kw', 'reactive_rate_per_kvar', 'results_hash', 'sankey_diagram', 'seasonal_mode', 'show_dollars', 'show_dollars_hidden', 'show_methods_card', 'signature_alg', 'signature_sig', 'solar_radiation_after', 'solar_radiation_before', 'statistical', 'summer_fraction_pct', 'summer_rate_off', 'summer_rate_on', 'target_pf', 'tariff_type', 'temp_after', 'temp_before', 'temp_unit', 'test_duration', 'test_period_after', 'test_period_before', 'three_phase', 'timestamp', 'total_load_pct', 'tou_rate_off', 'tou_rate_off_seasonal', 'tou_rate_on', 'tou_rate_on_seasonal', 'transformers_json', 'utility', 'utility_program', 'voltage_nominal', 'voltage_type', 'weather_normalization', 'weather_provider', 'wind_speed_after', 'wind_speed_before', 'winter_rate_off', 'winter_rate_on', 'wire_temp_mode', 'wire_temp_mode_i2r', 'xfmr_core_loss_w', 'xfmr_group_view', 'xfmr_impedance_pct', 'xfmr_kva', 'xfmr_load_loss_w', 'xfmr_stray_fraction_pct']
8084 Service: Has 'energy_flow': True
8084 Service: energy_flow type: <class 'dict'>, keys: ['efficiency_pct', 'links', 'losses_kw', 'nodes', 'total_energy_kw', 'useful_energy_kw']
*** DEBUG STEP 9 - HTML SERVICE DATA RETRIEVAL: kw_before = 1267.2148063683305, kw_after = 1208.9099351211073 ***
*** DEBUG STEP 9 - HTML SERVICE DATA RETRIEVAL: current_improvement_pct = NOT_FOUND ***
8084 Service: Processing data with keys: ['R_ref_temp_c', 'R_ref_temp_c_i2r', 'account', 'after_compliance', 'after_data', 'after_file_id', 'after_file_info', 'after_label', 'alpha_conductor', 'alpha_conductor_i2r', 'analysis_period', 'analysis_session_id', 'analysis_version', 'ashrae_baseline_model', 'assumptions', 'attribution', 'audit_summary_document', 'audit_trail', 'before_compliance', 'before_data', 'before_file_id', 'before_file_info', 'before_label', 'bill_weighted', 'billing_method', 'capacity_rate_per_kw', 'client_profile', 'company', 'compliance_status', 'conductor_R_ref_ohm', 'conductor_scope', 'conductor_temp_rise_c', 'conductor_temp_rise_c_i2r', 'confidence_level', 'config', 'contact', 'cp_address', 'cp_company', 'cp_contact', 'cp_email', 'cp_event_mode', 'cp_location', 'cp_phone', 'cp_region', 'cp_timestamps', 'cp_window_min', 'cp_year', 'cp_zip', 'cp_zone', 'currency_code', 'current_project_id', 'data_quality_threshold', 'demand', 'demand_analysis', 'demand_rate', 'demand_rate_cp', 'demand_rate_cp_tou', 'demand_rate_kva', 'demand_rate_ncp', 'demand_rate_ncp_tou', 'dewpoint_after', 'dewpoint_before', 'discount_rate', 'email', 'energy', 'energy_flow', 'energy_rate', 'enhanced_weather_normalization', 'envelope_analysis', 'environmental', 'equipment_description', 'equipment_health', 'equipment_type', 'equipment_type_other_desc', 'escalation_rate', 'executive_summary', 'export_harmonic_spectrum', 'facility_address', 'facility_state', 'facility_zip', 'feeder_sort', 'feeders_json_combined', 'feeders_json_csv', 'feeders_json_manual', 'financial', 'financial_breakdown', 'financial_debug', 'harmonic_analysis_depth', 'humidity_after', 'humidity_before', 'ieee_519_edition', 'ieee_c57_110_method', 'il_A', 'include_avgkva_chart', 'include_avgkw_chart', 'include_cv_chart', 'include_network_losses', 'include_smoothing_chart', 'include_variance_chart', 'isc_kA', 'kh_stray_factor', 'last_month_bill_cost', 'line_R_ref_ohm', 'location', 'manual_a_kva', 'manual_a_pf', 'manual_a_thd', 'manual_b_kva', 'manual_b_pf', 'manual_b_thd', 'meter_model', 'meter_name', 'meter_sn', 'methodology_verification', 'network_losses', 'no_cp_event', 'onpeak_fraction_pct', 'onpeak_fraction_pct_seasonal', 'operating_hours', 'pcc_location', 'phases', 'phone', 'power_factor_not_included', 'power_quality', 'project_cost', 'public_key_pem', 'ratchet_applies_to', 'ratchet_percent', 'ratchet_ref_kw', 'reactive_rate_per_kvar', 'results_hash', 'sankey_diagram', 'seasonal_mode', 'show_dollars', 'show_dollars_hidden', 'show_methods_card', 'signature_alg', 'signature_sig', 'solar_radiation_after', 'solar_radiation_before', 'statistical', 'summer_fraction_pct', 'summer_rate_off', 'summer_rate_on', 'target_pf', 'tariff_type', 'temp_after', 'temp_before', 'temp_unit', 'test_duration', 'test_period_after', 'test_period_before', 'three_phase', 'timestamp', 'total_load_pct', 'tou_rate_off', 'tou_rate_off_seasonal', 'tou_rate_on', 'tou_rate_on_seasonal', 'transformers_json', 'utility', 'utility_program', 'voltage_nominal', 'voltage_type', 'weather_normalization', 'weather_provider', 'wind_speed_after', 'wind_speed_before', 'winter_rate_off', 'winter_rate_on', 'wire_temp_mode', 'wire_temp_mode_i2r', 'xfmr_core_loss_w', 'xfmr_group_view', 'xfmr_impedance_pct', 'xfmr_kva', 'xfmr_load_loss_w', 'xfmr_stray_fraction_pct']
8084 Service: Config keys in results: ['R_ref_temp_c', 'R_ref_temp_c_i2r', 'account', 'after_file_id', 'after_label', 'alpha_conductor', 'alpha_conductor_i2r', 'analysis_period', 'ashrae_baseline_model', 'before_file_id', 'before_label', 'billing_method', 'capacity_rate_per_kw', 'company', 'conductor_R_ref_ohm', 'conductor_scope', 'conductor_temp_rise_c', 'conductor_temp_rise_c_i2r', 'confidence_level', 'contact', 'cp_address', 'cp_company', 'cp_contact', 'cp_email', 'cp_event_mode', 'cp_location', 'cp_phone', 'cp_region', 'cp_timestamps', 'cp_window_min', 'cp_year', 'cp_zip', 'cp_zone', 'currency_code', 'current_project_id', 'data_quality_threshold', 'demand_rate', 'demand_rate_cp', 'demand_rate_cp_tou', 'demand_rate_kva', 'demand_rate_ncp', 'demand_rate_ncp_tou', 'dewpoint_after', 'dewpoint_before', 'discount_rate', 'email', 'energy_rate', 'enhanced_weather_normalization', 'equipment_description', 'equipment_type', 'equipment_type_other_desc', 'escalation_rate', 'export_harmonic_spectrum', 'facility_address', 'facility_state', 'facility_zip', 'feeder_sort', 'feeders_json_combined', 'feeders_json_csv', 'feeders_json_manual', 'harmonic_analysis_depth', 'humidity_after', 'humidity_before', 'ieee_519_edition', 'ieee_c57_110_method', 'il_A', 'include_avgkva_chart', 'include_avgkw_chart', 'include_cv_chart', 'include_network_losses', 'include_smoothing_chart', 'include_variance_chart', 'isc_kA', 'kh_stray_factor', 'last_month_bill_cost', 'line_R_ref_ohm', 'location', 'manual_a_kva', 'manual_a_pf', 'manual_a_thd', 'manual_b_kva', 'manual_b_pf', 'manual_b_thd', 'meter_model', 'meter_name', 'meter_sn', 'no_cp_event', 'onpeak_fraction_pct', 'onpeak_fraction_pct_seasonal', 'operating_hours', 'pcc_location', 'phases', 'phone', 'power_factor_not_included', 'project_cost', 'ratchet_applies_to', 'ratchet_percent', 'ratchet_ref_kw', 'reactive_rate_per_kvar', 'seasonal_mode', 'show_dollars', 'show_dollars_hidden', 'show_methods_card', 'solar_radiation_after', 'solar_radiation_before', 'summer_fraction_pct', 'summer_rate_off', 'summer_rate_on', 'target_pf', 'tariff_type', 'temp_after', 'temp_before', 'temp_unit', 'test_duration', 'test_period_after', 'test_period_before', 'total_load_pct', 'tou_rate_off', 'tou_rate_off_seasonal', 'tou_rate_on', 'tou_rate_on_seasonal', 'transformers_json', 'utility', 'utility_program', 'voltage_nominal', 'voltage_type', 'weather_provider', 'wind_speed_after', 'wind_speed_before', 'winter_rate_off', 'winter_rate_on', 'wire_temp_mode', 'wire_temp_mode_i2r', 'xfmr_core_loss_w', 'xfmr_group_view', 'xfmr_impedance_pct', 'xfmr_kva', 'xfmr_load_loss_w', 'xfmr_stray_fraction_pct']
8084 Service: Client profile keys in results: ['R_ref_temp_c', 'R_ref_temp_c_i2r', 'account', 'after_file_id', 'after_label', 'alpha_conductor', 'alpha_conductor_i2r', 'analysis_period', 'ashrae_baseline_model', 'before_file_id', 'before_label', 'billing_method', 'capacity_rate_per_kw', 'company', 'conductor_R_ref_ohm', 'conductor_scope', 'conductor_temp_rise_c', 'conductor_temp_rise_c_i2r', 'confidence_level', 'contact', 'cp_address', 'cp_company', 'cp_contact', 'cp_email', 'cp_event_mode', 'cp_location', 'cp_phone', 'cp_region', 'cp_timestamps', 'cp_window_min', 'cp_year', 'cp_zip', 'cp_zone', 'currency_code', 'current_project_id', 'data_quality_threshold', 'demand_rate', 'demand_rate_cp', 'demand_rate_cp_tou', 'demand_rate_kva', 'demand_rate_ncp', 'demand_rate_ncp_tou', 'dewpoint_after', 'dewpoint_before', 'discount_rate', 'email', 'energy_rate', 'enhanced_weather_normalization', 'equipment', 'equipment_description', 'equipment_type', 'equipment_type_other_desc', 'escalation_rate', 'export_harmonic_spectrum', 'facility', 'facility_address', 'facility_state', 'facility_zip', 'feeder_sort', 'feeders_json_combined', 'feeders_json_csv', 'feeders_json_manual', 'harmonic_analysis_depth', 'humidity_after', 'humidity_before', 'ieee_519_edition', 'ieee_c57_110_method', 'il_A', 'include_avgkva_chart', 'include_avgkw_chart', 'include_cv_chart', 'include_network_losses', 'include_smoothing_chart', 'include_variance_chart', 'isc_kA', 'kh_stray_factor', 'last_month_bill_cost', 'line_R_ref_ohm', 'location', 'manual_a_kva', 'manual_a_pf', 'manual_a_thd', 'manual_b_kva', 'manual_b_pf', 'manual_b_thd', 'meter_model', 'meter_name', 'meter_sn', 'no_cp_event', 'onpeak_fraction_pct', 'onpeak_fraction_pct_seasonal', 'operating_hours', 'pcc_location', 'phases', 'phone', 'power_factor_not_included', 'project_cost', 'ratchet_applies_to', 'ratchet_percent', 'ratchet_ref_kw', 'reactive_rate_per_kvar', 'seasonal_mode', 'show_dollars', 'show_dollars_hidden', 'show_methods_card', 'solar_radiation_after', 'solar_radiation_before', 'summer_fraction_pct', 'summer_rate_off', 'summer_rate_on', 'target_pf', 'tariff_type', 'temp_after', 'temp_before', 'temp_unit', 'test_duration', 'test_period_after', 'test_period_before', 'total_load_pct', 'tou_rate_off', 'tou_rate_off_seasonal', 'tou_rate_on', 'tou_rate_on_seasonal', 'transformers_json', 'utility', 'utility_program', 'voltage_nominal', 'voltage_type', 'weather_provider', 'wind_speed_after', 'wind_speed_before', 'winter_rate_off', 'winter_rate_on', 'wire_temp_mode', 'wire_temp_mode_i2r', 'xfmr_core_loss_w', 'xfmr_group_view', 'xfmr_impedance_pct', 'xfmr_kva', 'xfmr_load_loss_w', 'xfmr_stray_fraction_pct']
8084 Service: Calling generate_exact_template_html...
*** CRITICAL DEBUG: Template processor called with data type: <class 'dict'> ***
*** CRITICAL DEBUG: Is dict: True ***
*** CRITICAL DEBUG: Top-level keys: ['R_ref_temp_c', 'R_ref_temp_c_i2r', 'account', 'after_compliance', 'after_data', 'after_file_id', 'after_file_info', 'after_label', 'alpha_conductor', 'alpha_conductor_i2r', 'analysis_period', 'analysis_session_id', 'analysis_version', 'ashrae_baseline_model', 'assumptions', 'attribution', 'audit_summary_document', 'audit_trail', 'before_compliance', 'before_data', 'before_file_id', 'before_file_info', 'before_label', 'bill_weighted', 'billing_method', 'capacity_rate_per_kw', 'client_profile', 'company', 'compliance_status', 'conductor_R_ref_ohm'] ***
*** CRITICAL DEBUG: Has 'config': True ***
*** CRITICAL DEBUG: Has 'client_profile': True ***
*** CRITICAL DEBUG: Config keys (139): ['R_ref_temp_c', 'R_ref_temp_c_i2r', 'account', 'after_file_id', 'after_label', 'alpha_conductor', 'alpha_conductor_i2r', 'analysis_period', 'ashrae_baseline_model', 'before_file_id', 'before_label', 'billing_method', 'capacity_rate_per_kw', 'company', 'conductor_R_ref_ohm', 'conductor_scope', 'conductor_temp_rise_c', 'conductor_temp_rise_c_i2r', 'confidence_level', 'contact', 'cp_address', 'cp_company', 'cp_contact', 'cp_email', 'cp_event_mode', 'cp_location', 'cp_phone', 'cp_region', 'cp_timestamps', 'cp_window_min'] ***
*** CRITICAL DEBUG: cp_company in config: True ***
*** CRITICAL DEBUG: cp_company value: XECO ENERGY CORPORATION ***
*** CRITICAL DEBUG: Client profile keys: ['R_ref_temp_c', 'R_ref_temp_c_i2r', 'account', 'after_file_id', 'after_label', 'alpha_conductor', 'alpha_conductor_i2r', 'analysis_period', 'ashrae_baseline_model', 'before_file_id', 'before_label', 'billing_method', 'capacity_rate_per_kw', 'company', 'conductor_R_ref_ohm', 'conductor_scope', 'conductor_temp_rise_c', 'conductor_temp_rise_c_i2r', 'confidence_level', 'contact', 'cp_address', 'cp_company', 'cp_contact', 'cp_email', 'cp_event_mode', 'cp_location', 'cp_phone', 'cp_region', 'cp_timestamps', 'cp_window_min'] ***
*** SERVER RESTARTED - AUDIT COMPLIANT VERSION 3.0 ***
*** DEBUG VERSION 3.0 - FULL AUDIT COMPLIANCE ENABLED ***
Excel export functionality enabled - openpyxl imported successfully
PDF export functionality enabled - reportlab imported successfully
TEMPLATE DEBUG: After extracting, config keys: ['R_ref_temp_c', 'R_ref_temp_c_i2r', 'account', 'after_file_id', 'after_label', 'alpha_conductor', 'alpha_conductor_i2r', 'analysis_period', 'ashrae_baseline_model', 'before_file_id', 'before_label', 'billing_method', 'capacity_rate_per_kw', 'company', 'conductor_R_ref_ohm', 'conductor_scope', 'conductor_temp_rise_c', 'conductor_temp_rise_c_i2r', 'confidence_level', 'contact', 'cp_address', 'cp_company', 'cp_contact', 'cp_email', 'cp_event_mode', 'cp_location', 'cp_phone', 'cp_region', 'cp_timestamps', 'cp_window_min', 'cp_year', 'cp_zip', 'cp_zone', 'currency_code', 'current_project_id', 'data_quality_threshold', 'demand_rate', 'demand_rate_cp', 'demand_rate_cp_tou', 'demand_rate_kva', 'demand_rate_ncp', 'demand_rate_ncp_tou', 'dewpoint_after', 'dewpoint_before', 'discount_rate', 'email', 'energy_rate', 'enhanced_weather_normalization', 'equipment_description', 'equipment_type', 'equipment_type_other_desc', 'escalation_rate', 'export_harmonic_spectrum', 'facility_address', 'facility_state', 'facility_zip', 'feeder_sort', 'feeders_json_combined', 'feeders_json_csv', 'feeders_json_manual', 'harmonic_analysis_depth', 'humidity_after', 'humidity_before', 'ieee_519_edition', 'ieee_c57_110_method', 'il_A', 'include_avgkva_chart', 'include_avgkw_chart', 'include_cv_chart', 'include_network_losses', 'include_smoothing_chart', 'include_variance_chart', 'isc_kA', 'kh_stray_factor', 'last_month_bill_cost', 'line_R_ref_ohm', 'location', 'manual_a_kva', 'manual_a_pf', 'manual_a_thd', 'manual_b_kva', 'manual_b_pf', 'manual_b_thd', 'meter_model', 'meter_name', 'meter_sn', 'no_cp_event', 'onpeak_fraction_pct', 'onpeak_fraction_pct_seasonal', 'operating_hours', 'pcc_location', 'phases', 'phone', 'power_factor_not_included', 'project_cost', 'ratchet_applies_to', 'ratchet_percent', 'ratchet_ref_kw', 'reactive_rate_per_kvar', 'seasonal_mode', 'show_dollars', 'show_dollars_hidden', 'show_methods_card', 'solar_radiation_after', 'solar_radiation_before', 'summer_fraction_pct', 'summer_rate_off', 'summer_rate_on', 'target_pf', 'tariff_type', 'temp_after', 'temp_before', 'temp_unit', 'test_duration', 'test_period_after', 'test_period_before', 'total_load_pct', 'tou_rate_off', 'tou_rate_off_seasonal', 'tou_rate_on', 'tou_rate_on_seasonal', 'transformers_json', 'utility', 'utility_program', 'voltage_nominal', 'voltage_type', 'weather_provider', 'wind_speed_after', 'wind_speed_before', 'winter_rate_off', 'winter_rate_on', 'wire_temp_mode', 'wire_temp_mode_i2r', 'xfmr_core_loss_w', 'xfmr_group_view', 'xfmr_impedance_pct', 'xfmr_kva', 'xfmr_load_loss_w', 'xfmr_stray_fraction_pct']
TEMPLATE DEBUG: After extracting, client_profile keys: ['R_ref_temp_c', 'R_ref_temp_c_i2r', 'account', 'after_file_id', 'after_label', 'alpha_conductor', 'alpha_conductor_i2r', 'analysis_period', 'ashrae_baseline_model', 'before_file_id', 'before_label', 'billing_method', 'capacity_rate_per_kw', 'company', 'conductor_R_ref_ohm', 'conductor_scope', 'conductor_temp_rise_c', 'conductor_temp_rise_c_i2r', 'confidence_level', 'contact', 'cp_address', 'cp_company', 'cp_contact', 'cp_email', 'cp_event_mode', 'cp_location', 'cp_phone', 'cp_region', 'cp_timestamps', 'cp_window_min', 'cp_year', 'cp_zip', 'cp_zone', 'currency_code', 'current_project_id', 'data_quality_threshold', 'demand_rate', 'demand_rate_cp', 'demand_rate_cp_tou', 'demand_rate_kva', 'demand_rate_ncp', 'demand_rate_ncp_tou', 'dewpoint_after', 'dewpoint_before', 'discount_rate', 'email', 'energy_rate', 'enhanced_weather_normalization', 'equipment', 'equipment_description', 'equipment_type', 'equipment_type_other_desc', 'escalation_rate', 'export_harmonic_spectrum', 'facility', 'facility_address', 'facility_state', 'facility_zip', 'feeder_sort', 'feeders_json_combined', 'feeders_json_csv', 'feeders_json_manual', 'harmonic_analysis_depth', 'humidity_after', 'humidity_before', 'ieee_519_edition', 'ieee_c57_110_method', 'il_A', 'include_avgkva_chart', 'include_avgkw_chart', 'include_cv_chart', 'include_network_losses', 'include_smoothing_chart', 'include_variance_chart', 'isc_kA', 'kh_stray_factor', 'last_month_bill_cost', 'line_R_ref_ohm', 'location', 'manual_a_kva', 'manual_a_pf', 'manual_a_thd', 'manual_b_kva', 'manual_b_pf', 'manual_b_thd', 'meter_model', 'meter_name', 'meter_sn', 'no_cp_event', 'onpeak_fraction_pct', 'onpeak_fraction_pct_seasonal', 'operating_hours', 'pcc_location', 'phases', 'phone', 'power_factor_not_included', 'project_cost', 'ratchet_applies_to', 'ratchet_percent', 'ratchet_ref_kw', 'reactive_rate_per_kvar', 'seasonal_mode', 'show_dollars', 'show_dollars_hidden', 'show_methods_card', 'solar_radiation_after', 'solar_radiation_before', 'summer_fraction_pct', 'summer_rate_off', 'summer_rate_on', 'target_pf', 'tariff_type', 'temp_after', 'temp_before', 'temp_unit', 'test_duration', 'test_period_after', 'test_period_before', 'total_load_pct', 'tou_rate_off', 'tou_rate_off_seasonal', 'tou_rate_on', 'tou_rate_on_seasonal', 'transformers_json', 'utility', 'utility_program', 'voltage_nominal', 'voltage_type', 'weather_provider', 'wind_speed_after', 'wind_speed_before', 'winter_rate_off', 'winter_rate_on', 'wire_temp_mode', 'wire_temp_mode_i2r', 'xfmr_core_loss_w', 'xfmr_group_view', 'xfmr_impedance_pct', 'xfmr_kva', 'xfmr_load_loss_w', 'xfmr_stray_fraction_pct']
TEMPLATE DEBUG: cp_company in config: XECO ENERGY CORPORATION
TEMPLATE DEBUG: cp_company in client_profile: XECO ENERGY CORPORATION
TEMPLATE DEBUG: cp_company in r: XECO ENERGY CORPORATION
TEMPLATE DEBUG: company in config: Ochsner Ortho-Lafayette
TEMPLATE DEBUG: facility_address in config: 2810 Ambassador Caffery Pkwy
TEMPLATE DEBUG: location in config: Lafayette
TEMPLATE DEBUG: P_VALUE = 0.0001
TEMPLATE DEBUG: SAMPLE_SIZE_BEFORE = 2324
TEMPLATE DEBUG: SAMPLE_SIZE_AFTER = 2312
TEMPLATE DEBUG: STATISTICALLY_SIGNIFICANT = True
TEMPLATE DEBUG: FILTERED_POINTS = 2324
TEMPLATE DEBUG: DAYS_CALCULATION = 96.83333333333333
TEMPLATE DEBUG: T_STATISTIC = 20.245636214375086
TEMPLATE DEBUG: RELATIVE_PRECISION = 0.5413221510795884
TEMPLATE DEBUG: COHENS_D = 0.5942720296391024
TEMPLATE DEBUG: KW_NORMALIZED_SAVINGS_PERCENT = 16.651289090199384
DEBUG: NPV Found in executive_summary = 1264454.722378769
DEBUG: NPV DEBUG: FINAL npv = 1264454.722378769
DEBUG: PAYBACK Found in executive_summary = 0.5484698059014497
DEBUG: PAYBACK DEBUG: FINAL simple_payback = 0.5484698059014497
DEBUG: IRR Found in financial.internal_rate_return = 184.31900381252368, formatted = 184.31900381252368%
DEBUG: IRR DEBUG: FINAL irr = 184.31900381252368%
DEBUG: SIR Found in executive_summary = 16.947818966271505
DEBUG: SIR DEBUG: FINAL sir = 16.947818966271505
*** DEBUG: Config keys: ['R_ref_temp_c', 'R_ref_temp_c_i2r', 'account', 'after_file_id', 'after_label', 'alpha_conductor', 'alpha_conductor_i2r', 'analysis_period', 'ashrae_baseline_model', 'before_file_id', 'before_label', 'billing_method', 'capacity_rate_per_kw', 'company', 'conductor_R_ref_ohm', 'conductor_scope', 'conductor_temp_rise_c', 'conductor_temp_rise_c_i2r', 'confidence_level', 'contact', 'cp_address', 'cp_company', 'cp_contact', 'cp_email', 'cp_event_mode', 'cp_location', 'cp_phone', 'cp_region', 'cp_timestamps', 'cp_window_min', 'cp_year', 'cp_zip', 'cp_zone', 'currency_code', 'current_project_id', 'data_quality_threshold', 'demand_rate', 'demand_rate_cp', 'demand_rate_cp_tou', 'demand_rate_kva', 'demand_rate_ncp', 'demand_rate_ncp_tou', 'dewpoint_after', 'dewpoint_before', 'discount_rate', 'email', 'energy_rate', 'enhanced_weather_normalization', 'equipment_description', 'equipment_type', 'equipment_type_other_desc', 'escalation_rate', 'export_harmonic_spectrum', 'facility_address', 'facility_state', 'facility_zip', 'feeder_sort', 'feeders_json_combined', 'feeders_json_csv', 'feeders_json_manual', 'harmonic_analysis_depth', 'humidity_after', 'humidity_before', 'ieee_519_edition', 'ieee_c57_110_method', 'il_A', 'include_avgkva_chart', 'include_avgkw_chart', 'include_cv_chart', 'include_network_losses', 'include_smoothing_chart', 'include_variance_chart', 'isc_kA', 'kh_stray_factor', 'last_month_bill_cost', 'line_R_ref_ohm', 'location', 'manual_a_kva', 'manual_a_pf', 'manual_a_thd', 'manual_b_kva', 'manual_b_pf', 'manual_b_thd', 'meter_model', 'meter_name', 'meter_sn', 'no_cp_event', 'onpeak_fraction_pct', 'onpeak_fraction_pct_seasonal', 'operating_hours', 'pcc_location', 'phases', 'phone', 'power_factor_not_included', 'project_cost', 'ratchet_applies_to', 'ratchet_percent', 'ratchet_ref_kw', 'reactive_rate_per_kvar', 'seasonal_mode', 'show_dollars', 'show_dollars_hidden', 'show_methods_card', 'solar_radiation_after', 'solar_radiation_before', 'summer_fraction_pct', 'summer_rate_off', 'summer_rate_on', 'target_pf', 'tariff_type', 'temp_after', 'temp_before', 'temp_unit', 'test_duration', 'test_period_after', 'test_period_before', 'total_load_pct', 'tou_rate_off', 'tou_rate_off_seasonal', 'tou_rate_on', 'tou_rate_on_seasonal', 'transformers_json', 'utility', 'utility_program', 'voltage_nominal', 'voltage_type', 'weather_provider', 'wind_speed_after', 'wind_speed_before', 'winter_rate_off', 'winter_rate_on', 'wire_temp_mode', 'wire_temp_mode_i2r', 'xfmr_core_loss_w', 'xfmr_group_view', 'xfmr_impedance_pct', 'xfmr_kva', 'xfmr_load_loss_w', 'xfmr_stray_fraction_pct'] ***
*** DEBUG: Client profile keys: ['R_ref_temp_c', 'R_ref_temp_c_i2r', 'account', 'after_file_id', 'after_label', 'alpha_conductor', 'alpha_conductor_i2r', 'analysis_period', 'ashrae_baseline_model', 'before_file_id', 'before_label', 'billing_method', 'capacity_rate_per_kw', 'company', 'conductor_R_ref_ohm', 'conductor_scope', 'conductor_temp_rise_c', 'conductor_temp_rise_c_i2r', 'confidence_level', 'contact', 'cp_address', 'cp_company', 'cp_contact', 'cp_email', 'cp_event_mode', 'cp_location', 'cp_phone', 'cp_region', 'cp_timestamps', 'cp_window_min', 'cp_year', 'cp_zip', 'cp_zone', 'currency_code', 'current_project_id', 'data_quality_threshold', 'demand_rate', 'demand_rate_cp', 'demand_rate_cp_tou', 'demand_rate_kva', 'demand_rate_ncp', 'demand_rate_ncp_tou', 'dewpoint_after', 'dewpoint_before', 'discount_rate', 'email', 'energy_rate', 'enhanced_weather_normalization', 'equipment', 'equipment_description', 'equipment_type', 'equipment_type_other_desc', 'escalation_rate', 'export_harmonic_spectrum', 'facility', 'facility_address', 'facility_state', 'facility_zip', 'feeder_sort', 'feeders_json_combined', 'feeders_json_csv', 'feeders_json_manual', 'harmonic_analysis_depth', 'humidity_after', 'humidity_before', 'ieee_519_edition', 'ieee_c57_110_method', 'il_A', 'include_avgkva_chart', 'include_avgkw_chart', 'include_cv_chart', 'include_network_losses', 'include_smoothing_chart', 'include_variance_chart', 'isc_kA', 'kh_stray_factor', 'last_month_bill_cost', 'line_R_ref_ohm', 'location', 'manual_a_kva', 'manual_a_pf', 'manual_a_thd', 'manual_b_kva', 'manual_b_pf', 'manual_b_thd', 'meter_model', 'meter_name', 'meter_sn', 'no_cp_event', 'onpeak_fraction_pct', 'onpeak_fraction_pct_seasonal', 'operating_hours', 'pcc_location', 'phases', 'phone', 'power_factor_not_included', 'project_cost', 'ratchet_applies_to', 'ratchet_percent', 'ratchet_ref_kw', 'reactive_rate_per_kvar', 'seasonal_mode', 'show_dollars', 'show_dollars_hidden', 'show_methods_card', 'solar_radiation_after', 'solar_radiation_before', 'summer_fraction_pct', 'summer_rate_off', 'summer_rate_on', 'target_pf', 'tariff_type', 'temp_after', 'temp_before', 'temp_unit', 'test_duration', 'test_period_after', 'test_period_before', 'total_load_pct', 'tou_rate_off', 'tou_rate_off_seasonal', 'tou_rate_on', 'tou_rate_on_seasonal', 'transformers_json', 'utility', 'utility_program', 'voltage_nominal', 'voltage_type', 'weather_provider', 'wind_speed_after', 'wind_speed_before', 'winter_rate_off', 'winter_rate_on', 'wire_temp_mode', 'wire_temp_mode_i2r', 'xfmr_core_loss_w', 'xfmr_group_view', 'xfmr_impedance_pct', 'xfmr_kva', 'xfmr_load_loss_w', 'xfmr_stray_fraction_pct'] ***
*** DEBUG: Top-level keys: ['R_ref_temp_c', 'R_ref_temp_c_i2r', 'account', 'after_compliance', 'after_data', 'after_file_id', 'after_file_info', 'after_label', 'alpha_conductor', 'alpha_conductor_i2r', 'analysis_period', 'analysis_session_id', 'analysis_version', 'ashrae_baseline_model', 'assumptions', 'attribution', 'audit_summary_document', 'audit_trail', 'before_compliance', 'before_data', 'before_file_id', 'before_file_info', 'before_label', 'bill_weighted', 'billing_method', 'capacity_rate_per_kw', 'client_profile', 'company', 'compliance_status', 'conductor_R_ref_ohm', 'conductor_scope', 'conductor_temp_rise_c', 'conductor_temp_rise_c_i2r', 'confidence_level', 'config', 'contact', 'cp_address', 'cp_company', 'cp_contact', 'cp_email', 'cp_event_mode', 'cp_location', 'cp_phone', 'cp_region', 'cp_timestamps', 'cp_window_min', 'cp_year', 'cp_zip', 'cp_zone', 'currency_code', 'current_project_id', 'data_quality_threshold', 'demand', 'demand_analysis', 'demand_rate', 'demand_rate_cp', 'demand_rate_cp_tou', 'demand_rate_kva', 'demand_rate_ncp', 'demand_rate_ncp_tou', 'dewpoint_after', 'dewpoint_before', 'discount_rate', 'email', 'energy', 'energy_flow', 'energy_rate', 'enhanced_weather_normalization', 'envelope_analysis', 'environmental', 'equipment_description', 'equipment_health', 'equipment_type', 'equipment_type_other_desc', 'escalation_rate', 'executive_summary', 'export_harmonic_spectrum', 'facility_address', 'facility_state', 'facility_zip', 'feeder_sort', 'feeders_json_combined', 'feeders_json_csv', 'feeders_json_manual', 'financial', 'financial_breakdown', 'financial_debug', 'harmonic_analysis_depth', 'humidity_after', 'humidity_before', 'ieee_519_edition', 'ieee_c57_110_method', 'il_A', 'include_avgkva_chart', 'include_avgkw_chart', 'include_cv_chart', 'include_network_losses', 'include_smoothing_chart', 'include_variance_chart', 'isc_kA', 'kh_stray_factor', 'last_month_bill_cost', 'line_R_ref_ohm', 'location', 'manual_a_kva', 'manual_a_pf', 'manual_a_thd', 'manual_b_kva', 'manual_b_pf', 'manual_b_thd', 'meter_model', 'meter_name', 'meter_sn', 'methodology_verification', 'network_losses', 'no_cp_event', 'onpeak_fraction_pct', 'onpeak_fraction_pct_seasonal', 'operating_hours', 'pcc_location', 'phases', 'phone', 'power_factor_not_included', 'power_quality', 'project_cost', 'public_key_pem', 'ratchet_applies_to', 'ratchet_percent', 'ratchet_ref_kw', 'reactive_rate_per_kvar', 'results_hash', 'sankey_diagram', 'seasonal_mode', 'show_dollars', 'show_dollars_hidden', 'show_methods_card', 'signature_alg', 'signature_sig', 'solar_radiation_after', 'solar_radiation_before', 'statistical', 'summer_fraction_pct', 'summer_rate_off', 'summer_rate_on', 'target_pf', 'tariff_type', 'temp_after', 'temp_before', 'temp_unit', 'test_duration', 'test_period_after', 'test_period_before', 'three_phase', 'timestamp', 'total_load_pct', 'tou_rate_off', 'tou_rate_off_seasonal', 'tou_rate_on', 'tou_rate_on_seasonal', 'transformers_json', 'utility', 'utility_program', 'voltage_nominal', 'voltage_type', 'weather_normalization', 'weather_provider', 'wind_speed_after', 'wind_speed_before', 'winter_rate_off', 'winter_rate_on', 'wire_temp_mode', 'wire_temp_mode_i2r', 'xfmr_core_loss_w', 'xfmr_group_view', 'xfmr_impedance_pct', 'xfmr_kva', 'xfmr_load_loss_w', 'xfmr_stray_fraction_pct'] ***
*** DEBUG: projectName from config: None ***
*** DEBUG: projectName from r: None ***
*** DEBUG: facility_city from config: None ***
*** DEBUG: facility_city from r: None ***
TEMPLATE DEBUG: company = Ochsner Ortho-Lafayette
TEMPLATE DEBUG: facility_address = 2810 Ambassador Caffery Pkwy
TEMPLATE DEBUG: location = Lafayette, LA 70506
TEMPLATE DEBUG: contact = Neil Bourgeois
TEMPLATE DEBUG: email = neil.bourgeois@ochsner.org
TEMPLATE DEBUG: phone = (337) 501-0431
TEMPLATE DEBUG: cp_company = XECO ENERGY CORPORATION
TEMPLATE DEBUG: cp_address = 1305 Blue Ridge Drive
TEMPLATE DEBUG: cp_location = Georgetown, TX
TEMPLATE DEBUG: cp_zip = 78626
TEMPLATE DEBUG: cp_contact = Gregory Dockery
[DEBUG] IPMVP p_value from statistical (first location): 0.0001
[DEBUG] statistical keys: ['after_ci_lower', 'after_ci_upper', 'baseline_model', 'baseline_model_selected', 'before_ci_lower', 'before_ci_upper', 'calculated_confidence_intervals', 'cohens_d', 'confidence_interval', 'confidence_interval_after', 'confidence_interval_before', 'confidence_intervals', 'confidence_level', 'cvrmse', 'data_quality', 'days_calculation', 'filtered_points', 'meets_ashrae_precision', 'nmbe', 'p_value', 'r_squared', 'relative_precision', 'sample_size_after', 'sample_size_before', 'savings', 'savings_ci_lower', 'savings_ci_upper', 'statistically_significant', 't_statistic']
[DEBUG] NEMA MG1 early values - before=None, after=None
[DEBUG] NEMA MG1 early compliance - before=False, after=False
[DEBUG] NEMA MG1 early replacement skipped - values not available yet, will use final replacement
DEBUG: METHODS & FORMULAS VALIDATION: IEC 62053 accuracy calculation using CSV data - before: 0.1S (0.1%), after: 0.1S (0.1%)
[DEBUG] IPMVP p_value from statistical (second location): 0.0001
[DEBUG] statistical keys: ['after_ci_lower', 'after_ci_upper', 'baseline_model', 'baseline_model_selected', 'before_ci_lower', 'before_ci_upper', 'calculated_confidence_intervals', 'cohens_d', 'confidence_interval', 'confidence_interval_after', 'confidence_interval_before', 'confidence_intervals', 'confidence_level', 'cvrmse', 'data_quality', 'days_calculation', 'filtered_points', 'meets_ashrae_precision', 'nmbe', 'p_value', 'r_squared', 'relative_precision', 'sample_size_after', 'sample_size_before', 'savings', 'savings_ci_lower', 'savings_ci_upper', 'statistically_significant', 't_statistic']
TEMPLATE DEBUG: test_name = main
TEMPLATE DEBUG: circuit_name = Main SwitchGear
TEMPLATE DEBUG: test_period = 11/20/2025 0:00 - 11/21/2025 14:59 | 11/17/2025 0:00 - 11/18/2025 14:59
TEMPLATE DEBUG: test_duration = 2 Days (Before) | 2 Days (After)
TEMPLATE DEBUG: meter_spec = Meter Class 0.2
TEMPLATE DEBUG: interval_data = CSV Data
TEMPLATE DEBUG: total_load_pct = 100
TEMPLATE DEBUG: meter_model = Acuvim-L Model AXM-WB2
TEMPLATE DEBUG: meter_sn = AN55091807
TEMPLATE DEBUG: meter_accuracy_class = Class 0.2
TEMPLATE DEBUG: meter_calibration_status = AUTO_CALIBRATED
*** IEC 61000-2-2 DEBUG: before_compliance type: <class 'dict'> ***
*** IEC 61000-2-2 DEBUG: after_compliance type: <class 'dict'> ***
*** IEC 61000-2-2 DEBUG: before_compliance keys: ['actual_data_points', 'ansi_c12_1_compliant', 'ansi_c12_20_class_02_accuracy', 'ansi_c12_20_class_02_compliant', 'ansi_c12_20_class_05_accuracy', 'ansi_c12_20_class_05_compliant', 'ansi_c12_20_meter_class', 'ansi_c57_12_00_compliant', 'ansi_c57_12_00_efficiency', 'ansi_c57_12_00_loss_percent', 'ari_550_590_class', 'ari_550_590_compliant', 'ari_550_590_cop', 'ashrae_precision_compliant', 'ashrae_precision_value', 'baseline_model_compliant', 'baseline_model_cvrmse', 'baseline_model_nmbe', 'baseline_model_r_squared', 'completeness_percent'] ***
*** IEC 61000-2-2 DEBUG: before_compliance.iec_61000_2_2_voltage_variation = 1.0132479049446534 ***
*** IEC 61000-2-2 DEBUG: after_compliance keys: ['actual_data_points', 'ansi_c12_1_compliant', 'ansi_c12_20_class_02_accuracy', 'ansi_c12_20_class_02_compliant', 'ansi_c12_20_class_05_accuracy', 'ansi_c12_20_class_05_compliant', 'ansi_c12_20_meter_class', 'ansi_c57_12_00_compliant', 'ansi_c57_12_00_efficiency', 'ansi_c57_12_00_loss_percent', 'ari_550_590_class', 'ari_550_590_compliant', 'ari_550_590_cop', 'ashrae_precision_compliant', 'ashrae_precision_value', 'baseline_model_compliant', 'baseline_model_cvrmse', 'baseline_model_nmbe', 'baseline_model_r_squared', 'completeness_percent'] ***
*** IEC 61000-2-2 DEBUG: after_compliance.iec_61000_2_2_voltage_variation = 1.781107976745509 ***
*** IEC 61000-2-2 DEBUG: Extracted before_value = 1.0132479049446534 ***
*** IEC 61000-2-2 DEBUG: Extracted after_value = 1.781107976745509 ***
*** IEC 61000-2-2 DEBUG: before_value_num = 1.0132479049446534, abs = 1.0132479049446534, limit = 10.0, compliant = True ***
*** IEC 61000-2-2 DEBUG: after_value_num = 1.781107976745509, abs = 1.781107976745509, limit = 10.0, compliant = True ***
*** ITIC/CBEMA DEBUG: include_itic_cbema key in config: False ***
*** ITIC/CBEMA DEBUG: Final include_itic_cbema decision: False ***
*** ITIC/CBEMA Performance table row removed (checkbox unchecked) - removed 428 characters ***
*** ITIC/CBEMA Methodology line item removed (checkbox unchecked) - removed 211 characters ***
*** ITIC/CBEMA Methods & Formulas section removed (checkbox unchecked) - removed 3452 characters ***
DEBUG: METHODS & FORMULAS VALIDATION: ITIC/CBEMA calculation using CSV data - before tolerance: 9.5%, after tolerance: 9.9%
*** BESS DEBUG: include_bess key in config: False ***
*** BESS DEBUG: Final include_bess decision: False ***
*** BESS section removed from template (checkbox unchecked) - removed 6093 characters ***
*** UPS FAILURE DEBUG: include_ups_failure key in config: False ***
*** UPS FAILURE DEBUG: Final include_ups_failure decision: False ***
*** UPS FAILURE section removed from template (checkbox unchecked) - removed 4356 characters ***
DEBUG: METHODS & FORMULAS VALIDATION: IEEE 519 ISC/IL calculation using CSV data - isc_kA=1.3, il_A=0.7
[DEBUG] NEMA MG1 - Step 1: nema_imbalance_value - before=N/A, after=N/A
[DEBUG] NEMA MG1 - Converted 'N/A' to None for before_imbalance
[DEBUG] NEMA MG1 - Converted 'N/A' to None for after_imbalance
[DEBUG] NEMA MG1 compliance calculation - before_imbalance=3.1712913451494873, after_imbalance=3.16433272227688
[DEBUG] NEMA MG1 improvement check - after (3.16433272227688) < before (3.1712913451494873): True
[DEBUG] NEMA MG1 final compliance - before=FAIL, after=PASS
[DEBUG] NEMA MG1 Performance section - before=3.17%, after=3.16%
[DEBUG] NEMA MG1 Performance section status - before=FAIL, after=PASS
DEBUG: LOAD FACTOR: Starting calculation from CSV data (totalKw column)...
DEBUG: LOAD FACTOR: avg_kw_before=1267.2148063683305, avg_kw_after=1208.9099351211073
DEBUG: LOAD FACTOR: before_data keys: ['avgKva', 'avgKvar', 'avgKw', 'avgPf', 'avgTHD', 'data_quality', 'detected_columns', 'file_path', 'l1Volt', 'l2Volt', 'l3Volt', 'row_count', 'three_phase', 'timestamps', 'validation', 'voltage_quality']
DEBUG: LOAD FACTOR: after_data keys: ['avgKva', 'avgKvar', 'avgKw', 'avgPf', 'avgTHD', 'data_quality', 'detected_columns', 'file_path', 'l1Volt', 'l2Volt', 'l3Volt', 'row_count', 'three_phase', 'timestamps', 'validation', 'voltage_quality']
DEBUG: LOAD FACTOR: Found peak_kw_before from avgKw.values: 1662.69
DEBUG: LOAD FACTOR: Found peak_kw_after from avgKw.values: 1465.5
DEBUG: LOAD FACTOR: Calculated load_factor_before = 76.21473674397095% (avg=1267.2148063683305, peak=1662.69)
DEBUG: LOAD FACTOR: Calculated load_factor_after = 82.49129547056344% (avg=1208.9099351211073, peak=1465.5)
DEBUG: LOAD FACTOR: Calculated load_factor_improvement = 6.276558726592498%
DEBUG: LOAD FACTOR: Final replacement - before=76.21473674397095, after=82.49129547056344, improvement=6.276558726592498
DEBUG: LOAD FACTOR: Final peak values - before=1662.69, after=1465.5
DEBUG: LOAD FACTOR: Final avg values - before=1267.2148063683305, after=1208.9099351211073
*** DEBUG STEP 5 - HTML SERVICE: kw_before = 1267.2148063683305, kw_after = 1208.9099351211073 ***
*** DEBUG STEP 5 - HTML SERVICE: kw_before = 1267.2148063683305, kw_after = 1208.9099351211073 ***
DEBUG: AMPS CALC: Calculated amps_improvement = 8.3% reduction (from before=1607.9904356373036, after=1474.5268404578585, stored=0.0%)
DEBUG: HTML DEBUG: power_quality keys: ['calculated_normalized_kw_savings', 'calculated_pf_normalized_kw_after', 'calculated_pf_normalized_kw_before', 'current_after', 'current_before', 'current_savings', 'harmonic_kva_after', 'harmonic_kva_before', 'ieee_c57_110_applied', 'ieee_c57_110_method', 'ieee_compliant_after', 'ieee_compliant_before', 'ieee_edition', 'ieee_pf_improvement_pct', 'ieee_tdd_limit', 'ieee_thd_improvement_pct', 'individual_harmonics_after', 'individual_harmonics_before', 'individual_thd_after', 'individual_thd_before', 'isc_il_ratio', 'kva_after', 'kva_before', 'kva_improvement_pct', 'kva_reduction', 'kvar_after', 'kvar_before', 'kvar_improvement_pct', 'kvar_reduction', 'kw_after', 'kw_before', 'kw_improvement_pct', 'normalized_kva_after', 'normalized_kva_before', 'normalized_kva_savings', 'normalized_kw_after', 'normalized_kw_before', 'normalized_kw_savings', 'normalized_pf_after', 'normalized_pf_before', 'normalized_thd_after', 'normalized_thd_before', 'pcc_location', 'penalty_reduction', 'pf_adjustment_factor_after', 'pf_adjustment_factor_before', 'pf_after', 'pf_before', 'pf_improvement', 'pf_improvement_pct', 'pf_normalized_kw_after', 'pf_normalized_kw_before', 'pf_normalized_savings_kw', 'pf_normalized_savings_percent', 'pf_penalty_after', 'pf_penalty_before', 'phase_imbalance_after', 'phase_imbalance_before', 'system_losses_after', 'system_losses_before', 'tdd_after', 'tdd_before', 'thd_after', 'thd_before', 'thd_improvement_pct', 'thd_reduction', 'total_normalized_kw_after', 'total_normalized_kw_before', 'total_normalized_savings_kw', 'total_normalized_savings_percent', 'true_kw_after', 'true_kw_before', 'true_pf_after', 'true_pf_before', 'voltage_after', 'voltage_before', 'voltage_improvement', 'voltage_improvement_pct', 'voltage_unbalance_after', 'voltage_unbalance_before', 'voltage_unbalance_improvement_pct', 'weather_normalized_kw_after', 'weather_normalized_kw_before', 'weather_normalized_kw_savings']
DEBUG: HTML DEBUG: amps_before = 1607.9904356373036
DEBUG: HTML DEBUG: amps_after = 1474.5268404578585
DEBUG: HTML DEBUG: amps_improvement = 8.3% reduction
DEBUG: HTML DEBUG: power_quality['current_improvement_pct'] = NOT_FOUND
DEBUG: AMPS DEBUG: Line 1241 - Checking isinstance(amps_improvement, str): True, amps_improvement = 8.3% reduction
DEBUG: HTML DEBUG: TEMPLATE REPLACEMENT: {AMPS_IMPROVEMENT} = 8.3% reduction
DEBUG: HTML DEBUG: amps_before=1607.9904356373036, amps_after=1474.5268404578585, amps_improvement=8.3% reduction
*** DEBUG STEP 6 - FINAL TEMPLATE REPLACEMENT: KW_BEFORE = 1267.21 kW, KW_AFTER = 1208.91 kW ***
*** DEBUG STEP 6 - FINAL TEMPLATE REPLACEMENT: KW_BEFORE = 1267.21 kW, KW_AFTER = 1208.91 kW ***
CLIENT HTML - TEMPLATE REPLACEMENT: {KVA_IMPROVEMENT} = 8.3% reduction
IEEE VOLTS DEBUG: voltage_improvement_pct = 0.8% improvement
IEEE VOLTS DEBUG: voltage_before = 279.8066966966967
IEEE VOLTS DEBUG: voltage_after = 281.93366909558506
*** BREAKDOWN DEBUG: power_quality keys: ['calculated_normalized_kw_savings', 'calculated_pf_normalized_kw_after', 'calculated_pf_normalized_kw_before', 'current_after', 'current_before', 'current_savings', 'harmonic_kva_after', 'harmonic_kva_before', 'ieee_c57_110_applied', 'ieee_c57_110_method', 'ieee_compliant_after', 'ieee_compliant_before', 'ieee_edition', 'ieee_pf_improvement_pct', 'ieee_tdd_limit', 'ieee_thd_improvement_pct', 'individual_harmonics_after', 'individual_harmonics_before', 'individual_thd_after', 'individual_thd_before', 'isc_il_ratio', 'kva_after', 'kva_before', 'kva_improvement_pct', 'kva_reduction', 'kvar_after', 'kvar_before', 'kvar_improvement_pct', 'kvar_reduction', 'kw_after', 'kw_before', 'kw_improvement_pct', 'normalized_kva_after', 'normalized_kva_before', 'normalized_kva_savings', 'normalized_kw_after', 'normalized_kw_before', 'normalized_kw_savings', 'normalized_pf_after', 'normalized_pf_before', 'normalized_thd_after', 'normalized_thd_before', 'pcc_location', 'penalty_reduction', 'pf_adjustment_factor_after', 'pf_adjustment_factor_before', 'pf_after', 'pf_before', 'pf_improvement', 'pf_improvement_pct', 'pf_normalized_kw_after', 'pf_normalized_kw_before', 'pf_normalized_savings_kw', 'pf_normalized_savings_percent', 'pf_penalty_after', 'pf_penalty_before', 'phase_imbalance_after', 'phase_imbalance_before', 'system_losses_after', 'system_losses_before', 'tdd_after', 'tdd_before', 'thd_after', 'thd_before', 'thd_improvement_pct', 'thd_reduction', 'total_normalized_kw_after', 'total_normalized_kw_before', 'total_normalized_savings_kw', 'total_normalized_savings_percent', 'true_kw_after', 'true_kw_before', 'true_pf_after', 'true_pf_before', 'voltage_after', 'voltage_before', 'voltage_improvement', 'voltage_improvement_pct', 'voltage_unbalance_after', 'voltage_unbalance_before', 'voltage_unbalance_improvement_pct', 'weather_normalized_kw_after', 'weather_normalized_kw_before', 'weather_normalized_kw_savings'] ***
*** BREAKDOWN DEBUG: weather_norm keys: ['base_temp_celsius', 'base_temperature_celsius', 'cdd_after', 'cdd_before', 'dewpoint_after', 'dewpoint_before', 'dewpoint_sensitivity_used', 'hdd_after', 'hdd_before', 'method', 'normalized_kw_after', 'normalized_kw_before', 'optimized_base_temp', 'raw_kw_after', 'raw_kw_before', 'regression_dewpoint_sensitivity', 'regression_temp_sensitivity', 'standards_compliance', 'standards_validation', 'temp_after', 'temp_before', 'temp_sensitivity_used', 'weather_adjusted_savings'] ***
*** BREAKDOWN DEBUG: kw_before = 1267.2148063683305, kw_after = 1208.9099351211073 ***
*** BREAKDOWN FUNCTION START: power_quality type=<class 'dict'>, keys=['calculated_normalized_kw_savings', 'calculated_pf_normalized_kw_after', 'calculated_pf_normalized_kw_before', 'current_after', 'current_before', 'current_savings', 'harmonic_kva_after', 'harmonic_kva_before', 'ieee_c57_110_applied', 'ieee_c57_110_method', 'ieee_compliant_after', 'ieee_compliant_before', 'ieee_edition', 'ieee_pf_improvement_pct', 'ieee_tdd_limit', 'ieee_thd_improvement_pct', 'individual_harmonics_after', 'individual_harmonics_before', 'individual_thd_after', 'individual_thd_before', 'isc_il_ratio', 'kva_after', 'kva_before', 'kva_improvement_pct', 'kva_reduction', 'kvar_after', 'kvar_before', 'kvar_improvement_pct', 'kvar_reduction', 'kw_after', 'kw_before', 'kw_improvement_pct', 'normalized_kva_after', 'normalized_kva_before', 'normalized_kva_savings', 'normalized_kw_after', 'normalized_kw_before', 'normalized_kw_savings', 'normalized_pf_after', 'normalized_pf_before', 'normalized_thd_after', 'normalized_thd_before', 'pcc_location', 'penalty_reduction', 'pf_adjustment_factor_after', 'pf_adjustment_factor_before', 'pf_after', 'pf_before', 'pf_improvement', 'pf_improvement_pct', 'pf_normalized_kw_after', 'pf_normalized_kw_before', 'pf_normalized_savings_kw', 'pf_normalized_savings_percent', 'pf_penalty_after', 'pf_penalty_before', 'phase_imbalance_after', 'phase_imbalance_before', 'system_losses_after', 'system_losses_before', 'tdd_after', 'tdd_before', 'thd_after', 'thd_before', 'thd_improvement_pct', 'thd_reduction', 'total_normalized_kw_after', 'total_normalized_kw_before', 'total_normalized_savings_kw', 'total_normalized_savings_percent', 'true_kw_after', 'true_kw_before', 'true_pf_after', 'true_pf_before', 'voltage_after', 'voltage_before', 'voltage_improvement', 'voltage_improvement_pct', 'voltage_unbalance_after', 'voltage_unbalance_before', 'voltage_unbalance_improvement_pct', 'weather_normalized_kw_after', 'weather_normalized_kw_before', 'weather_normalized_kw_savings'] ***
*** BREAKDOWN FUNCTION: kw_before=1267.2148063683305, kw_after=1208.9099351211073 ***
*** BREAKDOWN FUNCTION: has_power_quality=True, has_raw=True, has_weather=True, has_fully=True ***
*** BREAKDOWN FUNCTION: Proceeding with breakdown generation... ***
*** BREAKDOWN DEBUG: Generated breakdown HTML length: 21491 characters ***
DEBUG: AMPS DEBUG: Line 1412 - Replaced {AMPS_IMPROVEMENT} with amps_improvement = 8.3% reduction
DEBUG: FINANCIAL DEBUG: financial_debug keys: ['annual_demand_dollars', 'annual_energy_dollars', 'annual_kwh_savings', 'annual_total_dollars', 'currency_symbol', 'delta_kw_avg', 'delta_kwh_annual', 'kva_demand_dollars', 'network_annual_dollars', 'network_delta_kwh_annual', 'network_included_in_totals', 'pf_adjustment_dollars', 'reactive_adder_dollars']
DEBUG: FINANCIAL DEBUG: financial_debug type: <class 'dict'>
DEBUG: FINANCIAL DEBUG: financial_debug.annual_energy_dollars = 114405.6082768764
DEBUG: FINANCIAL DEBUG: financial_debug.annual_total_dollars = 144560.373509871
DEBUG: FINANCIAL DEBUG: financial_debug.network_annual_dollars = 8521.193900994096
DEBUG: FINANCIAL DEBUG: financial keys: ['demand_savings_annual', 'energy_savings_annual', 'initial_cost', 'internal_rate_return', 'lcca_compliant', 'modified_irr', 'net_present_value', 'om_savings_annual', 'present_value_savings', 'savings_investment_ratio', 'simple_payback_years', 'total_annual_savings']
DEBUG: FINANCIAL DEBUG: bill_weighted keys: ['annual_demand_dollars', 'annual_energy_dollars', 'annual_kwh_savings', 'annual_total_dollars', 'currency_symbol', 'delta_kw_avg', 'delta_kwh_annual', 'kva_demand_dollars', 'network_annual_dollars', 'network_delta_kwh_annual', 'network_included_in_totals', 'pf_adjustment_dollars', 'reactive_adder_dollars']
DEBUG: FINANCIAL DEBUG: bill_weighted.annual_energy_dollars = 114405.6082768764
DEBUG: FINANCIAL DEBUG: bill_weighted.network_annual_dollars = 8521.193900994096
DEBUG: FINANCIAL DEBUG: Found annual_energy_dollars in financial_debug = 114405.6082768764 (type: float)
DEBUG: FINANCIAL DEBUG: FINAL energy_annual_savings = 114405.6082768764
DEBUG: FINANCIAL DEBUG: Found annual_demand_dollars in financial_debug = 19972.13300790903 (type: float)
DEBUG: FINANCIAL DEBUG: Found network_annual_dollars in financial_debug = 8521.193900994096 (type: float)
DEBUG: FINANCIAL DEBUG: Found annual_total_dollars in financial_debug = 144560.373509871 (type: float)
DEBUG: FINANCIAL DEBUG: Found delta_kw_avg in financial_debug = 110.95629448838349 (type: float)
*** DEBUG: Statistical object keys: ['after_ci_lower', 'after_ci_upper', 'baseline_model', 'baseline_model_selected', 'before_ci_lower', 'before_ci_upper', 'calculated_confidence_intervals', 'cohens_d', 'confidence_interval', 'confidence_interval_after', 'confidence_interval_before', 'confidence_intervals', 'confidence_level', 'cvrmse', 'data_quality', 'days_calculation', 'filtered_points', 'meets_ashrae_precision', 'nmbe', 'p_value', 'r_squared', 'relative_precision', 'sample_size_after', 'sample_size_before', 'savings', 'savings_ci_lower', 'savings_ci_upper', 'statistically_significant', 't_statistic'] ***
*** DEBUG: Confidence intervals: {'after': {'ci_half_width': 4.051381183988101, 'confidence_interval': [1204.8585539371193, 1212.9613163050954], 'confidence_level': 98.0, 'cv_percent': 6.921928080007893, 'degrees_of_freedom': 2311, 'mean': 1208.9099351211073, 'meets_ashrae_cv': True, 'sample_size': 2312, 'standard_error': 1.7403119986209583, 'std': 83.67987626115313, 't_critical': 2.3279625648725393}, 'before': {'ci_half_width': 5.341620453305786, 'confidence_interval': [1261.8731859150248, 1272.5564268216363], 'confidence_level': 98.0, 'cv_percent': 8.729038604326412, 'degrees_of_freedom': 2323, 'mean': 1267.2148063683305, 'meets_ashrae_cv': True, 'sample_size': 2324, 'standard_error': 2.294555627991133, 'std': 110.61566964763176, 't_critical': 2.327954218299922}} ***
*** DEBUG: Before CI: {'ci_half_width': 5.341620453305786, 'confidence_interval': [1261.8731859150248, 1272.5564268216363], 'confidence_level': 98.0, 'cv_percent': 8.729038604326412, 'degrees_of_freedom': 2323, 'mean': 1267.2148063683305, 'meets_ashrae_cv': True, 'sample_size': 2324, 'standard_error': 2.294555627991133, 'std': 110.61566964763176, 't_critical': 2.327954218299922} ***
*** DEBUG: After CI: {'ci_half_width': 4.051381183988101, 'confidence_interval': [1204.8585539371193, 1212.9613163050954], 'confidence_level': 98.0, 'cv_percent': 6.921928080007893, 'degrees_of_freedom': 2311, 'mean': 1208.9099351211073, 'meets_ashrae_cv': True, 'sample_size': 2312, 'standard_error': 1.7403119986209583, 'std': 83.67987626115313, 't_critical': 2.3279625648725393} ***
*** DEBUG: Before CI values: 1261.8731859150248 - 1272.5564268216363 ***
*** DEBUG: After CI values: 1204.8585539371193 - 1212.9613163050954 ***
*** DEBUG: Before compliance keys: ['actual_data_points', 'ansi_c12_1_compliant', 'ansi_c12_20_class_02_accuracy', 'ansi_c12_20_class_02_compliant', 'ansi_c12_20_class_05_accuracy', 'ansi_c12_20_class_05_compliant', 'ansi_c12_20_meter_class', 'ansi_c57_12_00_compliant', 'ansi_c57_12_00_efficiency', 'ansi_c57_12_00_loss_percent', 'ari_550_590_class', 'ari_550_590_compliant', 'ari_550_590_cop', 'ashrae_precision_compliant', 'ashrae_precision_value', 'baseline_model_compliant', 'baseline_model_cvrmse', 'baseline_model_nmbe', 'baseline_model_r_squared', 'completeness_percent', 'cv_percent', 'data_completeness_pct', 'data_quality_compliant', 'data_resolution', 'expected_data_points', 'iec_60034_30_1_class', 'iec_60034_30_1_compliant', 'iec_61000_2_2_compliant', 'iec_61000_2_2_voltage_variation', 'iec_61000_4_30_compliant', 'iec_61000_4_7_compliant', 'iec_61000_4_7_thd_value', 'iec_62053_22_accuracy', 'iec_62053_22_compliant', 'iec_62053_accuracy_class', 'iec_62053_accuracy_value', 'iec_62053_compliant', 'ieee_519_compliant', 'ieee_c57_110_applied', 'ieee_c57_110_method', 'ieee_compliant', 'individual_harmonics_compliant', 'individual_harmonics_value', 'itic_cbema_compliant', 'itic_cbema_curve_compliance', 'itic_cbema_improvement', 'itic_cbema_percent_improvement', 'itic_cbema_voltage_tolerance', 'lcca_compliant', 'lcca_sir_value', 'metrics', 'nema_compliant', 'nema_imbalance_value', 'nema_mg1', 'nema_mg1_compliant', 'outlier_percent', 'outlier_percentage', 'period', 'statistical_p_value', 'statistically_significant', 'transformer_params'] ***
*** DEBUG: After compliance keys: ['actual_data_points', 'ansi_c12_1_compliant', 'ansi_c12_20_class_02_accuracy', 'ansi_c12_20_class_02_compliant', 'ansi_c12_20_class_05_accuracy', 'ansi_c12_20_class_05_compliant', 'ansi_c12_20_meter_class', 'ansi_c57_12_00_compliant', 'ansi_c57_12_00_efficiency', 'ansi_c57_12_00_loss_percent', 'ari_550_590_class', 'ari_550_590_compliant', 'ari_550_590_cop', 'ashrae_precision_compliant', 'ashrae_precision_value', 'baseline_model_compliant', 'baseline_model_cvrmse', 'baseline_model_nmbe', 'baseline_model_r_squared', 'completeness_percent', 'cv_percent', 'data_completeness_pct', 'data_quality_compliant', 'data_resolution', 'expected_data_points', 'iec_60034_30_1_class', 'iec_60034_30_1_compliant', 'iec_61000_2_2_compliant', 'iec_61000_2_2_voltage_variation', 'iec_61000_4_30_compliant', 'iec_61000_4_7_compliant', 'iec_61000_4_7_thd_value', 'iec_62053_22_accuracy', 'iec_62053_22_compliant', 'iec_62053_accuracy_class', 'iec_62053_accuracy_value', 'iec_62053_compliant', 'ieee_519_compliant', 'ieee_c57_110_applied', 'ieee_c57_110_method', 'ieee_compliant', 'individual_harmonics_compliant', 'individual_harmonics_value', 'itic_cbema_compliant', 'itic_cbema_curve_compliance', 'itic_cbema_voltage_tolerance', 'lcca_compliant', 'lcca_sir_value', 'metrics', 'nema_compliant', 'nema_imbalance_value', 'nema_mg1', 'nema_mg1_compliant', 'outlier_percent', 'outlier_percentage', 'period', 'statistical_p_value', 'statistically_significant', 'transformer_params'] ***
*** DEBUG: CV before: 8.729038604326412 ***
*** DEBUG: CV after: 6.921928080007893 ***
*** DEBUG: Confidence Intervals - Before: 1261.87 - 1272.56, After: 1204.86 - 1212.96 ***
*** DEBUG: Raw values - before_lower: 1261.8731859150248, before_upper: 1272.5564268216363 ***
*** DEBUG: Raw values - after_lower: 1204.8585539371193, after_upper: 1212.9613163050954 ***
DEBUG: FINANCIAL CONFIG DEBUG: energy_rate = .077643, demand_rate = 0, discount_rate = 3, target_pf = 0.95
DEBUG: NETWORK LOSSES DEBUG: system_voltage = 277, system_phases = 3
DEBUG: NETWORK LOSSES DEBUG: before_rms_current = 1614.6281460326568, after_rms_current = 1478.6888897688755
DEBUG: NETWORK LOSSES DEBUG: conductor_loss_reduction = 3.6122561878699706, transformer_copper = 8.270474299072767, transformer_stray = 0.6456240304489866
DEBUG: NETWORK LOSSES DEBUG: annual_network_savings = 8521.193900994096
*** HTML SERVICE DEBUG: envelope_analysis keys: ['charts', 'smoothing_data'] ***
*** HTML SERVICE DEBUG: smoothing_data keys: ['metric_details', 'overall_smoothing'] ***
*** HTML SERVICE DEBUG: Full envelope_analysis data: {'charts': {}, 'smoothing_data': {'metric_details': {'avgKva': {'after_cv': 169.5501710646721, 'before_cv': 229.99380146564786, 'cv_improvement': 26.280547569454253, 'variance_improvement': 45.65442333340504}, 'avgKw': {'after_cv': 7.8901255218675015, 'before_cv': 15.270464009649377, 'cv_improvement': 48.33080699524424, 'variance_improvement': 79.9817734436656}, 'avgPf': {'after_cv': 0.13699891146340457, 'before_cv': 0.32285524035775665, 'cv_improvement': 57.56645879075843, 'variance_improvement': 80.50501864387977}, 'avgTHD': {'after_cv': 4.393424890207217, 'before_cv': 8.826247876628635, 'cv_improvement': 50.22318711622934, 'variance_improvement': 75.22268899134083}}, 'overall_smoothing': 70.3409761030728}} ***
*** HTML SERVICE DEBUG: Full smoothing_data data: {'metric_details': {'avgKva': {'after_cv': 169.5501710646721, 'before_cv': 229.99380146564786, 'cv_improvement': 26.280547569454253, 'variance_improvement': 45.65442333340504}, 'avgKw': {'after_cv': 7.8901255218675015, 'before_cv': 15.270464009649377, 'cv_improvement': 48.33080699524424, 'variance_improvement': 79.9817734436656}, 'avgPf': {'after_cv': 0.13699891146340457, 'before_cv': 0.32285524035775665, 'cv_improvement': 57.56645879075843, 'variance_improvement': 80.50501864387977}, 'avgTHD': {'after_cv': 4.393424890207217, 'before_cv': 8.826247876628635, 'cv_improvement': 50.22318711622934, 'variance_improvement': 75.22268899134083}}, 'overall_smoothing': 70.3409761030728} ***
*** HTML SERVICE DEBUG: Overall smoothing index from UI: 70.3409761030728% ***
*** HTML SERVICE DEBUG: Metrics analyzed: 4 ***
*** HTML SERVICE DEBUG: Envelope status: Excellent ***
*** HTML SERVICE DEBUG: metric_details keys: ['avgKva', 'avgKw', 'avgPf', 'avgTHD'] ***
*** HTML SERVICE DEBUG: AVGKVA from UI - Before: 229.994, After: 169.550, CV Reduction: 26.3% ***
*** HTML SERVICE DEBUG: AVGKW from UI - Before: 15.270, After: 7.890, CV Reduction: 48.3% ***
*** HTML SERVICE DEBUG: AVGPF from UI - Before: 0.323, After: 0.137, CV Reduction: 57.6% ***
*** HTML SERVICE DEBUG: AVGTHD from UI - Before: 8.826, After: 4.393, CV Reduction: 50.2% ***
*** HTML SERVICE DEBUG: Template replacement completed - Overall smoothing: 70.3409761030728%, Metrics: 4 ***
*** HTML SERVICE DEBUG: AVGKVA values - Variance: 45.7%, CV: 26.3% ***
*** HTML SERVICE DEBUG: AVGKW values - Variance: 80.0%, CV: 48.3% ***
[WARN] Found 11 unreplaced template variables: ['ASHRAE_GUIDELINE_14_STATUS_CLASS', 'IEEE_C57_110_STATUS_CLASS', 'ASHRAE_DATA_QUALITY_STATUS_CLASS', 'IEC_61000_2_2_BEFORE_STATUS_CLASS', 'ANSI_C57_12_00_AFTER_STATUS_CLASS', 'VERIFICATION_CERTIFICATE_HTML', 'IPMVP_STATUS_CLASS', 'IEC_61000_2_2_AFTER_STATUS_CLASS', 'ANSI_C57_12_00_BEFORE_STATUS_CLASS', 'ENERGY_FLOW_SANKEY_DIAGRAM', 'utility_program_line']
[WARN] Replaced {{var}} with empty string
[WARN] Replaced {{var}} with empty string
[WARN] Replaced {{var}} with empty string
[WARN] Replaced {{var}} with empty string
[WARN] Replaced {{var}} with empty string
[WARN] Replaced {{var}} with empty string
[WARN] Replaced {{var}} with empty string
[WARN] Replaced {{var}} with empty string
[WARN] Replaced {{var}} with empty string
[WARN] Replaced {{var}} with empty string
[WARN] Replaced {{var}} with empty string
*** HTML SERVICE DEBUG: Checking for Sankey diagram - SANKEY_AVAILABLE=True ***
*** HTML SERVICE DEBUG: Template has placeholder: False ***
*** HTML SERVICE DEBUG: Has 'energy_flow' in results: True ***
*** HTML SERVICE DEBUG: energy_flow data type: <class 'dict'> ***
*** HTML SERVICE DEBUG: energy_flow keys: ['efficiency_pct', 'links', 'losses_kw', 'nodes', 'total_energy_kw', 'useful_energy_kw'] ***
METHODS & FORMULAS VALIDATION SUMMARY:
[OK] IEEE 519: ISC/IL ratio and TDD limit calculated from transformer/load CSV data
[OK] IEC 62053: Meter accuracy calculated from compliance CSV data
[OK] ITIC/CBEMA: Voltage quality events calculated from voltage analysis CSV data
[OK] ASHRAE: Baseline model parameters calculated from statistical CSV data
[OK] All Methods & Formulas values are derived from CSV data, not hardcoded
*** VERIFICATION CERTIFICATE: Starting certificate generation... ***
8084: VERIFICATION CODE CHECK - Received code from main service: None
8084: Generated new verification code: MHJCFUCN0D8E
8084: Storing code MHJCFUCN0D8E - session=ANALYSIS_20260117_135634_5f2a1636, project=Ochsner Ortho-Lafayette, before=53, after=52
8084: Attempting to store code MHJCFUCN0D8E at http://127.0.0.1:8082/api/store-verification-code
8084: API Response - Status: 200
8084: SUCCESS - Stored verification code MHJCFUCN0D8E in database
*** VERIFICATION CERTIFICATE: Generated HTML length: 10006 ***
*** VERIFICATION CERTIFICATE: WARNING - Placeholder {{VERIFICATION_CERTIFICATE_HTML}} not found in template ***
*** VERIFICATION CERTIFICATE: Inserted certificate after Comprehensive Audit Summary section ***
[OK] All template variables successfully replaced
8084 Service: Generated HTML content length: 503523
[OK] All template variables successfully replaced
