Start Time,End Time,Meter,l1Volt,l1Amp,l1Kw,l1Kva,l1Pf,l1THD,l1Kvar,l2Volt,l2Amp,l2Kw,l2Kva,l2Pf,l2THD,l2Kvar,l3Volt,l3Amp,l3Kw,l3Kva,l3Pf,l3THD,l3Kvar,avgVolt,avgAmp,totalKw,totalKva,avgPf,avgTHD,totalKvar
2026-01-17 00:00:00,2026-01-17 00:00:59,Meter 1,216.02,58.17,6.88,7.17,100.00,0.00,-0.07,215.98,49.85,5.97,6.25,99.94,0.00,0.21,215.35,56.32,6.67,7.04,99.27,0.00,0.81,215.78,54.78,19.52,20.47,99.73,0.00,0.96
2026-01-17 00:01:00,2026-01-17 00:01:59,Meter 1,216.22,56.60,6.28,6.99,99.97,0.00,0.15,216.03,52.30,5.87,6.56,99.36,0.00,0.67,215.53,64.61,7.01,8.08,96.82,0.00,1.81,215.93,57.84,19.16,21.63,98.72,0.00,2.63
2026-01-17 00:02:00,2026-01-17 00:02:59,Meter 1,216.32,55.30,5.56,6.83,98.84,0.00,0.85,216.08,50.61,5.69,6.35,95.11,0.00,1.85,215.64,62.45,6.33,7.81,93.16,0.00,2.47,216.01,56.12,17.57,21.00,95.70,0.00,5.17
2026-01-17 00:03:00,2026-01-17 00:03:59,Meter 1,216.35,57.59,5.47,7.11,97.39,0.00,1.27,216.42,49.63,5.46,6.24,91.20,0.00,2.46,215.42,59.53,5.50,7.45,88.97,0.00,2.82,216.06,55.58,16.43,20.79,92.52,0.00,6.55
2026-01-17 00:04:00,2026-01-17 00:04:59,Meter 1,216.41,59.42,6.69,7.34,99.92,0.00,0.26,216.39,63.14,7.52,7.94,98.12,0.00,1.48,215.71,53.71,6.08,6.73,96.41,0.00,1.67,216.17,58.76,20.28,22.00,98.15,0.00,3.41
2026-01-17 00:05:00,2026-01-17 00:05:59,Meter 1,216.28,76.00,8.36,9.38,99.88,0.00,0.42,216.55,61.54,7.17,7.74,99.40,0.00,0.79,215.62,57.19,6.14,7.16,99.26,0.00,0.75,216.15,64.91,21.66,24.28,99.51,0.00,1.96
2026-01-17 00:06:00,2026-01-17 00:06:59,Meter 1,216.37,56.82,6.09,7.02,99.52,0.00,0.60,216.71,57.10,6.66,7.18,99.63,0.00,0.58,215.77,52.71,5.39,6.61,99.94,0.00,0.19,216.28,55.54,18.15,20.81,99.70,0.00,1.37
2026-01-17 00:07:00,2026-01-17 00:07:59,Meter 1,215.94,61.16,6.50,7.55,99.62,0.00,0.57,216.38,61.58,7.29,7.73,98.93,0.00,1.07,215.79,51.58,5.49,6.46,99.88,0.00,0.27,216.04,58.11,19.29,21.74,99.48,0.00,1.91
2026-01-17 00:08:00,2026-01-17 00:08:59,Meter 1,216.02,54.74,5.95,6.76,99.29,0.00,0.71,216.45,55.93,6.59,7.02,99.51,0.00,0.66,215.81,50.19,5.34,6.29,100.00,0.00,-0.01,216.09,53.62,17.88,20.07,99.60,0.00,1.36
2026-01-17 00:09:00,2026-01-17 00:09:59,Meter 1,216.05,66.81,6.97,8.25,98.78,0.00,1.10,216.43,47.39,5.31,5.95,98.95,0.00,0.77,215.96,57.73,5.45,7.24,100.00,0.00,0.02,216.15,57.31,17.73,21.44,99.25,0.00,1.89
2026-01-17 00:10:00,2026-01-17 00:10:59,Meter 1,215.98,73.32,8.83,9.06,99.36,0.00,1.00,216.24,43.95,5.24,5.51,99.63,0.00,0.45,216.16,47.30,5.61,5.93,99.48,0.00,0.58,216.12,54.86,19.68,20.50,99.49,0.00,2.03
2026-01-17 00:11:00,2026-01-17 00:11:59,Meter 1,216.05,79.35,8.66,9.80,96.39,0.00,2.39,216.01,44.08,4.79,5.53,92.32,0.00,2.00,215.90,51.64,5.01,6.46,95.87,0.00,1.49,215.99,58.36,18.47,21.79,94.86,0.00,5.88
2026-01-17 00:12:00,2026-01-17 00:12:59,Meter 1,215.99,66.41,7.89,8.20,99.49,0.00,0.80,216.20,47.48,5.53,5.95,99.62,0.00,0.48,216.05,58.84,6.74,7.37,98.96,0.00,0.98,216.08,57.58,20.17,21.53,99.36,0.00,2.26
2026-01-17 00:13:00,2026-01-17 00:13:59,Meter 1,215.94,61.20,7.22,7.56,99.74,0.00,0.52,216.30,46.57,5.51,5.84,99.77,0.00,0.38,216.26,58.22,6.78,7.30,98.30,0.00,1.26,216.17,55.33,19.51,20.71,99.27,0.00,2.16
2026-01-17 00:14:00,2026-01-17 00:14:59,Meter 1,214.56,65.50,7.29,8.04,98.80,0.00,1.14,215.00,55.84,6.35,6.96,97.04,0.00,1.58,214.86,65.64,7.45,8.18,98.58,0.00,1.27,214.81,62.33,21.08,23.19,98.14,0.00,3.99
2026-01-17 00:15:00,2026-01-17 00:15:59,Meter 1,214.51,68.42,7.30,8.39,99.28,0.00,0.88,214.80,61.25,6.62,7.63,95.87,0.00,1.96,214.55,71.93,7.44,8.95,95.46,0.00,2.32,214.62,67.20,21.36,24.98,96.87,0.00,5.17
2026-01-17 00:16:00,2026-01-17 00:16:59,Meter 1,214.60,63.28,7.10,7.76,96.23,0.00,2.01,214.84,66.68,7.23,8.31,88.90,0.00,3.72,214.51,66.47,7.28,8.27,90.41,0.00,3.44,214.65,65.48,21.61,24.35,91.84,0.00,9.17
2026-01-17 00:17:00,2026-01-17 00:17:59,Meter 1,214.57,64.16,6.97,7.86,99.19,0.00,0.89,215.24,60.67,6.67,7.57,96.19,0.00,1.89,214.25,61.89,6.48,7.71,96.56,0.00,1.74,214.69,62.24,20.11,23.14,97.31,0.00,4.53
2026-01-17 00:18:00,2026-01-17 00:18:59,Meter 1,214.46,77.46,8.27,9.49,99.11,0.00,1.11,215.17,53.56,5.93,6.68,97.46,0.00,1.36,214.28,69.90,6.93,8.71,98.92,0.00,1.02,214.64,66.97,21.13,24.88,98.50,0.00,3.50
2026-01-17 00:19:00,2026-01-17 00:19:59,Meter 1,214.57,61.53,5.80,7.55,97.41,0.00,1.35,215.13,51.78,5.65,6.46,96.19,0.00,1.61,214.56,65.32,6.65,8.14,98.50,0.00,1.16,214.75,59.55,18.09,22.14,97.37,0.00,4.12
2026-01-17 00:20:00,2026-01-17 00:20:59,Meter 1,214.63,57.67,6.52,7.07,95.83,0.00,1.94,215.19,48.88,5.32,6.10,93.90,0.00,1.95,214.46,57.77,6.42,7.20,94.12,0.00,2.31,214.76,54.77,18.25,20.37,94.61,0.00,6.20
2026-01-17 00:21:00,2026-01-17 00:21:59,Meter 1,214.95,52.93,5.42,6.50,96.46,0.00,1.45,215.23,42.97,4.52,5.37,96.12,0.00,1.25,214.57,56.29,5.97,7.01,96.72,0.00,1.55,214.92,50.73,15.91,18.88,96.44,0.00,4.25
2026-01-17 00:22:00,2026-01-17 00:22:59,Meter 1,214.79,59.81,4.93,7.34,92.80,0.00,1.98,215.31,42.24,4.36,5.27,92.35,0.00,1.81,214.68,55.86,5.32,6.97,95.25,0.00,1.70,214.93,52.64,14.61,19.58,93.47,0.00,5.49
2026-01-17 00:23:00,2026-01-17 00:23:59,Meter 1,215.24,47.88,5.28,5.88,94.31,0.00,1.86,215.37,39.82,4.19,4.98,90.66,0.00,1.95,214.76,55.37,6.19,6.90,93.42,0.00,2.36,215.12,47.69,15.66,17.77,92.80,0.00,6.18
2026-01-17 00:24:00,2026-01-17 00:24:59,Meter 1,215.23,59.66,5.82,7.33,99.02,0.00,0.82,215.30,45.75,4.71,5.72,99.47,0.00,0.49,214.69,64.72,6.58,8.07,98.39,0.00,1.19,215.07,56.71,17.12,21.12,98.96,0.00,2.50
2026-01-17 00:25:00,2026-01-17 00:25:59,Meter 1,215.19,51.13,5.87,6.29,99.44,0.00,0.62,215.00,41.31,4.78,5.16,99.92,0.00,0.19,214.74,57.76,6.83,7.19,99.87,0.00,0.35,214.97,50.07,17.48,18.64,99.75,0.00,1.16
2026-01-17 00:26:00,2026-01-17 00:26:59,Meter 1,214.96,56.75,6.02,6.97,97.07,0.00,1.49,215.07,45.48,4.67,5.68,97.19,0.00,1.13,214.68,65.20,6.82,8.12,94.69,0.00,2.32,214.91,55.81,17.52,20.77,96.32,0.00,4.94
2026-01-17 00:27:00,2026-01-17 00:27:59,Meter 1,214.98,54.85,5.89,6.74,96.34,0.00,1.64,215.13,41.40,4.46,5.17,93.82,0.00,1.65,214.69,58.94,6.46,7.34,91.98,0.00,2.76,214.93,51.73,16.81,19.25,94.05,0.00,6.04
2026-01-17 00:28:00,2026-01-17 00:28:59,Meter 1,214.86,69.04,6.68,8.48,93.71,0.00,2.49,215.07,46.64,5.08,5.82,96.85,0.00,1.31,214.55,64.11,6.60,7.98,95.46,0.00,2.06,214.83,59.93,18.36,22.28,95.34,0.00,5.86
2026-01-17 00:29:00,2026-01-17 00:29:59,Meter 1,215.11,54.06,6.01,6.65,98.32,0.00,1.12,215.04,39.57,4.45,4.94,100.00,0.00,-0.02,214.83,56.50,6.56,7.04,99.10,0.00,0.89,214.99,50.05,17.02,18.63,99.14,0.00,1.99
2026-01-17 00:30:00,2026-01-17 00:30:59,Meter 1,215.24,63.73,7.23,7.83,99.78,0.00,0.48,215.00,55.02,6.20,6.87,98.07,0.00,1.24,214.61,61.27,6.72,7.63,95.97,0.00,1.97,214.95,60.01,20.15,22.33,97.94,0.00,3.68
2026-01-17 00:31:00,2026-01-17 00:31:59,Meter 1,215.07,50.89,5.72,6.25,96.56,0.00,1.54,215.07,42.20,4.61,5.27,95.13,0.00,1.50,214.66,62.77,6.82,7.82,90.85,0.00,3.14,214.93,51.95,17.16,19.34,94.18,0.00,6.17
2026-01-17 00:32:00,2026-01-17 00:32:59,Meter 1,215.18,58.80,6.77,7.22,99.28,0.00,0.81,215.07,47.55,5.39,5.94,99.65,0.00,0.45,214.52,65.89,7.40,8.20,96.50,0.00,2.01,214.92,57.42,19.56,21.37,98.48,0.00,3.28
2026-01-17 00:33:00,2026-01-17 00:33:59,Meter 1,215.14,59.37,6.12,7.29,99.51,0.00,0.61,215.23,53.10,5.66,6.64,97.74,0.00,1.23,214.54,69.72,7.38,8.68,95.64,0.00,2.25,214.97,60.73,19.16,22.61,97.63,0.00,4.08
2026-01-17 00:34:00,2026-01-17 00:34:59,Meter 1,214.98,56.66,6.37,6.95,97.81,0.00,1.36,215.18,41.98,4.54,5.24,99.95,0.00,0.15,214.39,67.11,7.46,8.36,97.07,0.00,1.85,214.85,55.25,18.37,20.55,98.28,0.00,3.35
2026-01-17 00:35:00,2026-01-17 00:35:59,Meter 1,215.18,56.65,5.98,6.96,96.97,0.00,1.51,215.32,41.47,4.42,5.18,98.39,0.00,0.80,214.49,70.12,7.51,8.73,93.26,0.00,2.91,214.99,56.08,17.91,20.87,96.21,0.00,5.22
2026-01-17 00:36:00,2026-01-17 00:36:59,Meter 1,214.84,80.70,8.44,9.90,97.02,0.00,2.11,215.24,49.63,5.41,6.20,98.30,0.00,1.01,214.52,72.81,7.69,9.07,95.24,0.00,2.46,214.87,67.71,21.53,25.17,96.85,0.00,5.58
2026-01-17 00:37:00,2026-01-17 00:37:59,Meter 1,214.98,49.56,5.58,6.09,96.14,0.00,1.60,215.16,35.26,3.99,4.40,99.24,0.00,0.50,214.75,59.34,6.81,7.40,96.41,0.00,1.87,214.96,48.05,16.38,17.89,97.27,0.00,3.97
2026-01-17 00:38:00,2026-01-17 00:38:59,Meter 1,215.31,57.90,4.77,7.13,94.71,0.00,1.62,215.26,31.36,3.24,3.92,97.08,0.00,0.80,215.07,59.12,5.53,7.37,93.73,0.00,2.05,215.21,49.46,13.53,18.42,95.17,0.00,4.47
2026-01-17 00:39:00,2026-01-17 00:39:59,Meter 1,215.20,55.43,5.95,6.82,96.80,0.00,1.54,215.32,42.74,4.73,5.34,93.81,0.00,1.75,214.97,60.33,6.86,7.52,94.19,0.00,2.45,215.16,52.83,17.54,19.68,94.93,0.00,5.74
2026-01-17 00:40:00,2026-01-17 00:40:59,Meter 1,215.22,58.38,5.26,7.18,94.47,0.00,1.83,215.29,47.66,5.20,5.96,93.09,0.00,2.04,214.81,60.01,5.82,7.48,95.47,0.00,1.81,215.10,55.35,16.28,20.62,94.34,0.00,5.68
2026-01-17 00:41:00,2026-01-17 00:41:59,Meter 1,215.04,49.76,5.28,6.11,89.52,0.00,2.63,215.31,53.33,5.50,6.66,84.43,0.00,3.49,214.76,53.88,5.64,6.72,85.95,0.00,3.36,215.04,52.32,16.43,19.49,86.63,0.00,9.48
2026-01-17 00:42:00,2026-01-17 00:42:59,Meter 1,215.02,60.30,6.03,7.41,88.57,0.00,3.16,215.19,49.01,5.01,6.12,87.46,0.00,2.78,214.63,54.92,5.42,6.84,90.14,0.00,2.60,214.95,54.74,16.46,20.37,88.72,0.00,8.54
2026-01-17 00:43:00,2026-01-17 00:43:59,Meter 1,215.06,67.78,7.26,8.33,93.22,0.00,2.82,215.40,51.76,5.51,6.47,88.90,0.00,2.84,214.84,53.87,5.68,6.72,88.98,0.00,2.91,215.10,57.81,18.45,21.52,90.37,0.00,8.57
2026-01-17 00:44:00,2026-01-17 00:44:59,Meter 1,215.28,67.91,6.99,8.35,91.77,0.00,3.02,215.69,39.46,4.24,4.94,98.14,0.00,0.83,214.91,58.66,6.02,7.32,97.41,0.00,1.40,215.30,55.34,17.24,20.61,95.77,0.00,5.25
2026-01-17 00:45:00,2026-01-17 00:45:59,Meter 1,215.22,59.56,6.19,7.32,93.56,0.00,2.33,215.85,35.75,3.87,4.47,99.32,0.00,0.45,214.95,55.61,6.02,6.95,98.49,0.00,1.06,215.34,50.31,16.08,18.74,97.12,0.00,3.85
2026-01-17 00:46:00,2026-01-17 00:46:59,Meter 1,215.23,69.47,6.76,8.53,95.98,0.00,1.98,215.63,41.06,4.32,5.14,99.25,0.00,0.53,214.70,60.14,5.50,7.50,98.74,0.00,0.88,215.19,56.89,16.58,21.17,97.99,0.00,3.39
2026-01-17 00:47:00,2026-01-17 00:47:59,Meter 1,215.48,48.90,5.66,6.01,98.27,0.00,1.07,215.52,35.81,4.05,4.48,97.16,0.00,0.99,214.73,54.01,6.14,6.73,94.43,0.00,2.14,215.24,46.24,15.85,17.23,96.62,0.00,4.19
2026-01-17 00:48:00,2026-01-17 00:48:59,Meter 1,215.67,53.97,6.02,6.64,98.84,0.00,0.92,215.57,41.51,4.47,5.20,97.50,0.00,1.02,214.81,55.19,5.96,6.88,95.93,0.00,1.75,215.35,50.22,16.45,18.72,97.42,0.00,3.70
2026-01-17 00:49:00,2026-01-17 00:49:59,Meter 1,215.32,55.10,6.05,6.78,99.38,0.00,0.68,215.47,44.05,4.84,5.51,99.74,0.00,0.35,214.98,62.60,6.91,7.81,98.21,0.00,1.32,215.26,53.91,17.80,20.10,99.11,0.00,2.35
2026-01-17 00:50:00,2026-01-17 00:50:59,Meter 1,215.28,49.61,5.01,6.10,93.24,0.00,1.94,215.39,49.86,5.19,6.23,87.39,0.00,2.89,214.85,60.52,6.22,7.55,88.85,0.00,3.21,215.17,53.33,16.42,19.88,89.82,0.00,8.04
2026-01-17 00:51:00,2026-01-17 00:51:59,Meter 1,215.42,52.34,5.06,6.44,98.81,0.00,0.79,215.62,39.84,4.34,4.99,93.66,0.00,1.62,215.04,61.00,6.10,7.61,96.26,0.00,1.72,215.36,51.06,15.50,19.04,96.24,0.00,4.13
2026-01-17 00:52:00,2026-01-17 00:52:59,Meter 1,215.24,48.30,4.74,5.94,93.44,0.00,1.81,215.53,35.11,3.72,4.39,89.88,0.00,1.81,215.07,47.74,5.27,5.96,94.10,0.00,1.90,215.28,43.72,13.73,16.29,92.48,0.00,5.52
2026-01-17 00:53:00,2026-01-17 00:53:59,Meter 1,215.37,40.70,3.91,5.00,91.25,0.00,1.75,215.46,32.63,3.35,4.08,89.62,0.00,1.66,214.88,49.82,5.17,6.21,94.67,0.00,1.76,215.24,41.05,12.42,15.30,91.85,0.00,5.17
2026-01-17 00:54:00,2026-01-17 00:54:59,Meter 1,215.45,48.09,5.10,5.92,99.22,0.00,0.64,215.57,33.39,3.53,4.18,99.83,0.00,0.21,214.98,53.33,6.07,6.66,98.57,0.00,1.04,215.33,44.94,14.71,16.75,99.21,0.00,1.88
2026-01-17 00:55:00,2026-01-17 00:55:59,Meter 1,215.40,49.42,5.62,6.08,99.93,0.00,0.22,215.61,35.70,3.81,4.47,95.65,0.00,-1.16,214.84,52.89,6.13,6.60,100.00,0.00,-0.03,215.28,46.00,15.56,17.14,98.52,0.00,-0.97
2026-01-17 00:56:00,2026-01-17 00:56:59,Meter 1,215.31,53.52,5.14,6.58,96.40,0.00,1.42,215.24,35.14,3.74,4.39,95.23,0.00,1.20,214.56,48.66,5.14,6.06,94.63,0.00,1.76,215.04,45.78,14.02,17.03,95.42,0.00,4.37
2026-01-17 00:57:00,2026-01-17 00:57:59,Meter 1,215.16,54.27,5.64,6.66,92.38,0.00,2.34,215.57,38.62,3.94,4.83,91.77,0.00,1.71,214.50,57.25,5.92,7.14,90.14,0.00,2.84,215.08,50.05,15.50,18.63,91.43,0.00,6.89
2026-01-17 00:58:00,2026-01-17 00:58:59,Meter 1,215.38,60.56,6.47,7.44,97.34,0.00,1.52,215.30,44.00,4.60,5.50,99.16,0.00,0.60,214.48,66.47,7.34,8.28,94.86,0.00,2.45,215.05,57.01,18.41,21.22,97.12,0.00,4.57
2026-01-17 00:59:00,2026-01-17 00:59:59,Meter 1,215.26,63.33,6.70,7.77,97.92,0.00,1.39,215.43,45.09,4.65,5.64,99.59,0.00,0.42,214.40,64.03,6.74,7.98,96.54,0.00,1.82,215.03,57.48,18.09,21.39,98.02,0.00,3.63
2026-01-17 01:00:00,2026-01-17 01:00:59,Meter 1,215.20,69.72,7.19,8.56,89.61,0.00,3.56,215.25,46.63,4.95,5.83,89.87,0.00,2.41,214.47,60.87,6.34,7.58,91.10,0.00,2.87,214.97,59.07,18.48,21.97,90.19,0.00,8.85
2026-01-17 01:01:00,2026-01-17 01:01:59,Meter 1,215.10,61.67,6.25,7.57,90.33,0.00,2.97,215.31,47.28,4.82,5.91,87.39,0.00,2.68,214.56,61.83,6.13,7.70,89.16,0.00,3.11,214.99,56.93,17.20,21.19,88.96,0.00,8.76
2026-01-17 01:02:00,2026-01-17 01:02:59,Meter 1,215.01,64.25,5.59,7.89,92.61,0.00,2.28,215.20,48.03,4.90,6.00,91.80,0.00,2.12,214.80,62.30,5.90,7.77,94.58,0.00,2.02,215.00,58.19,16.39,21.66,93.00,0.00,6.42
2026-01-17 01:03:00,2026-01-17 01:03:59,Meter 1,215.08,49.17,5.48,6.04,100.00,0.00,-0.04,215.07,46.36,5.23,5.79,99.97,0.00,0.13,214.80,54.18,6.15,6.75,99.94,0.00,0.22,214.98,49.90,16.87,18.58,99.97,0.00,0.31
2026-01-17 01:04:00,2026-01-17 01:04:59,Meter 1,214.87,51.87,5.90,6.37,99.76,0.00,-0.41,214.96,50.28,5.83,6.27,99.85,0.00,0.31,214.82,53.70,6.21,6.69,99.94,0.00,0.21,214.88,51.95,17.94,19.34,99.85,0.00,0.12
2026-01-17 01:05:00,2026-01-17 01:05:59,Meter 1,214.61,52.59,5.77,6.46,99.95,0.00,0.18,214.65,52.87,5.68,6.58,98.71,0.00,0.92,214.66,59.93,6.27,7.46,99.96,0.00,0.18,214.64,55.13,17.72,20.50,99.54,0.00,1.29
2026-01-17 01:06:00,2026-01-17 01:06:59,Meter 1,214.63,44.13,4.26,5.41,96.36,0.00,1.18,214.66,37.77,3.82,4.71,94.79,0.00,1.29,214.25,50.20,5.37,6.24,94.70,0.00,1.82,214.51,44.03,13.45,16.36,95.28,0.00,4.29
2026-01-17 01:07:00,2026-01-17 01:07:59,Meter 1,214.65,52.16,5.16,6.40,99.95,0.00,0.17,214.42,40.66,4.41,5.06,99.74,0.00,-0.32,214.21,61.28,6.83,7.61,99.19,0.00,0.88,214.43,51.37,16.40,19.07,99.62,0.00,0.72
2026-01-17 01:08:00,2026-01-17 01:08:59,Meter 1,214.69,37.99,4.04,4.66,96.86,0.00,1.04,214.42,34.31,3.61,4.28,92.90,0.00,1.44,214.09,52.11,5.60,6.47,90.29,0.00,2.66,214.40,41.47,13.25,15.40,93.35,0.00,5.14
2026-01-17 01:09:00,2026-01-17 01:09:59,Meter 1,214.82,48.31,4.89,5.93,100.00,0.00,-0.00,214.62,38.42,4.05,4.79,99.29,0.00,0.49,214.10,55.23,6.02,6.86,94.29,0.00,2.13,214.51,47.32,14.97,17.58,97.86,0.00,2.61
2026-01-17 01:10:00,2026-01-17 01:10:59,Meter 1,214.38,55.23,6.25,6.76,95.55,0.00,1.93,214.60,44.44,4.95,5.54,93.77,0.00,1.83,213.93,60.99,6.65,7.58,90.81,0.00,3.07,214.30,53.55,17.85,19.87,93.38,0.00,6.83
2026-01-17 01:11:00,2026-01-17 01:11:59,Meter 1,214.29,54.13,5.44,6.63,92.35,0.00,2.26,214.57,37.33,3.88,4.65,94.27,0.00,1.37,214.11,64.54,6.90,8.02,89.96,0.00,3.35,214.32,52.00,16.21,19.30,92.19,0.00,6.98
2026-01-17 01:12:00,2026-01-17 01:12:59,Meter 1,214.51,60.36,6.39,7.40,95.19,0.00,2.06,214.31,46.38,4.92,5.77,97.45,0.00,1.13,214.28,84.37,9.42,10.48,94.80,0.00,3.16,214.37,63.70,20.74,23.65,95.81,0.00,6.36
2026-01-17 01:13:00,2026-01-17 01:13:59,Meter 1,214.49,64.18,6.85,7.86,96.04,0.00,1.99,214.61,55.27,5.86,6.88,94.57,0.00,2.02,214.10,76.92,8.19,9.56,90.61,0.00,3.82,214.40,65.45,20.90,24.31,93.74,0.00,7.83
2026-01-17 01:14:00,2026-01-17 01:14:59,Meter 1,214.34,76.33,7.86,9.35,93.91,0.00,2.88,214.26,63.28,6.63,7.87,91.31,0.00,2.96,213.82,84.06,8.59,10.43,89.12,0.00,4.37,214.14,74.56,23.07,27.65,91.44,0.00,10.21
2026-01-17 01:15:00,2026-01-17 01:15:59,Meter 1,214.51,69.18,7.37,8.47,94.11,0.00,2.65,214.50,55.74,6.10,6.94,93.16,0.00,2.38,213.98,68.75,7.24,8.54,91.50,0.00,3.19,214.33,64.55,20.70,23.95,92.92,0.00,8.22
2026-01-17 01:16:00,2026-01-17 01:16:59,Meter 1,214.73,55.07,6.14,6.75,99.49,0.00,0.62,214.72,48.66,5.29,6.07,98.69,0.00,0.86,214.14,55.10,5.93,6.85,97.99,0.00,1.21,214.53,52.94,17.35,19.67,98.72,0.00,2.70
2026-01-17 01:17:00,2026-01-17 01:17:59,Meter 1,214.63,54.95,6.05,6.73,98.34,0.00,1.12,214.70,43.71,4.70,5.45,99.58,0.00,0.43,214.06,57.17,6.21,7.10,98.78,0.00,0.98,214.46,51.94,16.96,19.29,98.90,0.00,2.53
2026-01-17 01:18:00,2026-01-17 01:18:59,Meter 1,214.58,52.88,5.60,6.48,99.27,0.00,0.68,214.72,45.60,4.62,5.68,99.86,0.00,0.25,214.18,58.09,6.08,7.22,98.93,0.00,0.90,214.49,52.19,16.31,19.39,99.35,0.00,1.82
2026-01-17 01:19:00,2026-01-17 01:19:59,Meter 1,214.47,41.02,4.49,5.03,97.58,0.00,1.01,214.71,39.07,4.21,4.87,94.51,0.00,1.45,214.24,52.80,5.77,6.57,92.69,0.00,2.34,214.47,44.30,14.47,16.46,94.93,0.00,4.80
2026-01-17 01:20:00,2026-01-17 01:20:59,Meter 1,214.28,67.63,7.32,8.28,95.72,0.00,2.21,214.38,60.23,6.72,7.49,94.98,0.00,2.21,214.07,66.55,7.10,8.27,95.53,0.00,2.20,214.24,64.80,21.14,24.04,95.41,0.00,6.62
2026-01-17 01:21:00,2026-01-17 01:21:59,Meter 1,214.39,47.33,5.46,5.80,99.82,0.00,0.33,214.53,35.70,3.81,4.44,98.94,0.00,-0.56,214.19,50.79,5.81,6.31,99.55,0.00,0.55,214.37,44.61,15.08,16.56,99.44,0.00,0.32
2026-01-17 01:22:00,2026-01-17 01:22:59,Meter 1,214.28,49.81,5.38,6.10,97.54,0.00,1.22,214.69,30.41,3.14,3.79,94.55,0.00,1.08,214.09,45.79,4.91,5.69,93.00,0.00,1.94,214.35,42.00,13.43,15.58,95.03,0.00,4.24
2026-01-17 01:23:00,2026-01-17 01:23:59,Meter 1,214.61,44.78,5.19,5.49,99.93,0.00,-0.20,214.72,36.08,4.11,4.50,100.00,0.00,0.03,214.07,48.76,5.71,6.06,98.70,0.00,0.93,214.47,43.21,15.01,16.04,99.54,0.00,0.76
2026-01-17 01:24:00,2026-01-17 01:24:59,Meter 1,214.56,46.42,4.20,5.69,98.09,0.00,0.83,214.72,33.09,3.32,4.12,99.32,0.00,0.39,214.36,52.55,5.28,6.54,96.69,0.00,1.39,214.55,44.02,12.80,16.35,98.03,0.00,2.61
2026-01-17 01:25:00,2026-01-17 01:25:59,Meter 1,214.34,46.70,4.87,5.72,94.91,0.00,1.61,214.70,40.03,4.13,4.99,94.74,0.00,1.39,214.02,44.32,4.69,5.51,95.69,0.00,1.42,214.36,43.68,13.69,16.21,95.12,0.00,4.43
2026-01-17 01:26:00,2026-01-17 01:26:59,Meter 1,214.44,48.04,4.82,5.88,94.79,0.00,1.62,214.71,36.56,3.81,4.56,95.49,0.00,1.18,214.06,50.30,5.35,6.25,97.07,0.00,1.32,214.40,44.97,13.98,16.69,95.78,0.00,4.13
2026-01-17 01:27:00,2026-01-17 01:27:59,Meter 1,214.54,57.76,6.21,7.08,95.08,0.00,2.02,214.60,51.63,5.37,6.43,93.20,0.00,2.09,214.20,58.11,5.94,7.22,94.82,0.00,1.99,214.45,55.84,17.52,20.74,94.37,0.00,6.10
2026-01-17 01:28:00,2026-01-17 01:28:59,Meter 1,214.48,59.90,6.52,7.35,97.01,0.00,1.63,214.43,50.46,5.52,6.28,96.59,0.00,1.48,214.22,55.90,6.20,6.94,97.08,0.00,1.53,214.38,55.42,18.24,20.57,96.89,0.00,4.64
2026-01-17 01:29:00,2026-01-17 01:29:59,Meter 1,214.35,54.34,5.62,6.66,94.04,0.00,2.03,214.80,36.33,3.88,4.53,96.11,0.00,1.11,214.18,47.77,5.14,5.94,94.18,0.00,1.83,214.44,46.15,14.63,17.12,94.78,0.00,4.98
2026-01-17 01:30:00,2026-01-17 01:30:59,Meter 1,214.52,51.61,5.50,6.32,99.91,0.00,0.23,214.95,43.34,4.55,5.40,99.98,0.00,0.08,214.11,51.94,5.43,6.46,99.17,0.00,0.70,214.53,48.96,15.49,18.19,99.69,0.00,1.02
2026-01-17 01:31:00,2026-01-17 01:31:59,Meter 1,214.41,53.01,4.88,6.49,94.01,0.00,1.77,214.55,41.34,4.11,5.15,87.85,0.00,2.23,213.97,49.46,4.74,6.14,88.69,0.00,2.47,214.31,47.94,13.72,17.78,90.18,0.00,6.47
2026-01-17 01:32:00,2026-01-17 01:32:59,Meter 1,214.54,54.13,5.93,6.63,99.81,0.00,0.36,214.72,43.99,4.79,5.48,99.96,0.00,-0.14,213.90,54.18,5.93,6.73,98.97,0.00,0.86,214.39,50.77,16.66,18.84,99.58,0.00,1.09
2026-01-17 01:33:00,2026-01-17 01:33:59,Meter 1,214.62,62.42,6.73,7.64,97.48,0.00,1.54,214.66,43.59,4.36,5.43,92.53,0.00,1.78,213.89,58.27,5.85,7.24,89.07,0.00,2.98,214.39,54.76,16.93,20.32,93.03,0.00,6.31
2026-01-17 01:34:00,2026-01-17 01:34:59,Meter 1,214.77,58.89,5.31,7.22,91.85,0.00,2.29,214.61,39.66,3.86,4.95,89.40,0.00,1.94,213.99,59.09,5.26,7.34,88.05,0.00,2.83,214.46,52.55,14.44,19.50,89.76,0.00,7.06
2026-01-17 01:35:00,2026-01-17 01:35:59,Meter 1,214.91,55.79,4.66,6.84,97.33,0.00,1.10,214.76,36.15,3.27,4.51,99.62,0.00,0.29,214.18,56.32,5.24,7.00,96.78,0.00,1.36,214.62,49.42,13.18,18.35,97.91,0.00,2.75
2026-01-17 01:36:00,2026-01-17 01:36:59,Meter 1,214.69,53.15,5.73,6.52,99.41,0.00,0.62,215.06,35.38,3.75,4.41,99.96,0.00,-0.10,214.34,53.10,5.91,6.61,98.59,0.00,1.00,214.70,47.21,15.40,17.54,99.32,0.00,1.53
2026-01-17 01:37:00,2026-01-17 01:37:59,Meter 1,214.60,51.63,5.52,6.33,99.46,0.00,0.57,214.93,42.77,4.53,5.33,99.82,0.00,0.27,214.35,57.58,6.00,7.17,99.85,0.00,0.33,214.63,50.66,16.05,18.83,99.71,0.00,1.18
2026-01-17 01:38:00,2026-01-17 01:38:59,Meter 1,214.67,47.01,4.54,5.76,96.88,0.00,1.16,214.75,35.68,3.83,4.45,95.71,0.00,1.16,214.22,49.33,5.39,6.13,99.35,0.00,0.62,214.55,44.01,13.76,16.35,97.31,0.00,2.94
2026-01-17 01:39:00,2026-01-17 01:39:59,Meter 1,214.44,53.75,5.67,6.58,90.88,0.00,2.60,214.88,35.04,3.74,4.37,90.94,0.00,1.71,214.18,43.23,4.94,5.38,98.43,0.00,0.89,214.50,44.01,14.35,16.33,93.42,0.00,5.20
2026-01-17 01:40:00,2026-01-17 01:40:59,Meter 1,214.49,59.75,6.33,7.32,97.54,0.00,1.43,214.97,45.09,4.66,5.62,99.89,0.00,0.22,214.13,58.99,6.15,7.34,99.99,0.00,-0.09,214.53,54.61,17.14,20.28,99.14,0.00,1.56
2026-01-17 01:41:00,2026-01-17 01:41:59,Meter 1,214.47,63.85,7.19,7.82,94.66,0.00,2.45,214.83,45.66,5.20,5.69,98.01,0.00,1.05,214.12,60.96,7.12,7.58,98.15,0.00,1.39,214.47,56.83,19.51,21.09,96.94,0.00,4.89
2026-01-17 01:42:00,2026-01-17 01:42:59,Meter 1,214.61,64.53,6.65,7.90,93.10,0.00,2.61,214.89,49.43,5.39,6.17,95.89,0.00,1.59,213.93,74.98,8.60,9.32,97.43,0.00,1.99,214.48,62.98,20.63,23.39,95.47,0.00,6.19
2026-01-17 01:43:00,2026-01-17 01:43:59,Meter 1,214.72,54.23,4.66,6.65,88.81,0.00,2.41,214.84,37.36,3.57,4.66,87.19,0.00,2.00,214.09,65.68,6.29,8.16,88.76,0.00,3.26,214.55,52.42,14.52,19.47,88.25,0.00,7.68
2026-01-17 01:44:00,2026-01-17 01:44:59,Meter 1,214.59,54.68,6.17,6.70,97.58,0.00,1.38,214.99,40.47,4.26,5.05,90.92,0.00,1.95,214.17,60.82,6.52,7.57,89.32,0.00,3.28,214.58,51.99,16.95,19.31,92.60,0.00,6.62
2026-01-17 01:45:00,2026-01-17 01:45:59,Meter 1,214.74,43.10,4.42,5.29,95.51,0.00,1.37,214.99,41.00,4.30,5.12,89.92,0.00,2.09,214.32,59.78,6.31,7.44,88.52,0.00,3.32,214.68,47.96,15.03,17.84,91.32,0.00,6.78
2026-01-17 01:46:00,2026-01-17 01:46:59,Meter 1,214.78,50.08,5.43,6.14,99.91,0.00,-0.23,215.02,45.64,4.88,5.69,99.59,0.00,-0.44,214.26,66.06,7.44,8.22,99.11,0.00,1.00,214.69,53.93,17.76,20.06,99.54,0.00,0.32
2026-01-17 01:47:00,2026-01-17 01:47:59,Meter 1,214.59,59.98,5.47,7.35,98.90,0.00,0.82,214.91,48.13,5.13,6.00,98.37,0.00,0.94,214.27,71.59,7.28,8.91,97.15,0.00,1.78,214.59,59.90,17.87,22.26,98.14,0.00,3.53
2026-01-17 01:48:00,2026-01-17 01:48:59,Meter 1,214.32,48.64,4.84,5.96,89.92,0.00,2.35,214.79,45.88,4.63,5.72,85.18,0.00,2.84,214.11,53.76,5.50,6.69,87.07,0.00,3.10,214.41,49.43,14.96,18.36,87.39,0.00,8.30
2026-01-17 01:49:00,2026-01-17 01:49:59,Meter 1,214.57,53.33,4.19,6.54,96.73,0.00,1.10,214.59,35.43,3.60,4.41,91.72,0.00,1.57,214.39,49.78,4.65,6.19,93.00,0.00,1.84,214.52,46.18,12.44,17.15,93.81,0.00,4.50
2026-01-17 01:50:00,2026-01-17 01:50:59,Meter 1,214.56,36.83,4.07,4.51,91.55,0.00,1.79,214.89,24.17,2.62,3.01,88.04,0.00,1.41,213.96,37.74,4.22,4.69,90.38,0.00,2.00,214.47,32.91,10.91,12.22,89.99,0.00,5.20
2026-01-17 01:51:00,2026-01-17 01:51:59,Meter 1,214.49,42.14,4.16,5.16,97.96,0.00,0.85,214.95,29.32,2.68,3.66,97.28,0.00,0.64,214.01,42.23,4.40,5.25,95.64,0.00,1.35,214.48,37.89,11.25,14.07,96.96,0.00,2.84
2026-01-17 01:52:00,2026-01-17 01:52:59,Meter 1,214.63,40.13,4.03,4.91,97.00,0.00,1.01,215.20,24.10,2.56,3.01,94.95,0.00,0.85,214.08,45.71,4.51,5.69,90.71,0.00,2.09,214.64,36.64,11.10,13.61,94.22,0.00,3.95
2026-01-17 01:53:00,2026-01-17 01:53:59,Meter 1,214.54,53.08,4.24,6.50,92.40,0.00,1.75,215.21,23.04,2.22,2.88,99.52,0.00,0.22,214.25,48.25,4.48,6.01,94.91,0.00,1.49,214.67,41.46,10.94,15.39,95.61,0.00,3.46
2026-01-17 01:54:00,2026-01-17 01:54:59,Meter 1,214.31,53.45,5.20,6.54,96.29,0.00,1.46,214.87,42.72,3.98,5.32,94.06,0.00,1.44,214.01,45.36,3.96,5.64,90.59,0.00,1.85,214.40,47.18,13.14,17.51,93.65,0.00,4.75
2026-01-17 01:55:00,2026-01-17 01:55:59,Meter 1,214.39,44.70,4.67,5.47,96.44,0.00,1.28,215.09,39.90,3.65,4.97,95.41,0.00,1.15,214.16,55.71,5.68,6.94,92.53,0.00,2.33,214.55,46.77,14.01,17.38,94.79,0.00,4.76
2026-01-17 01:56:00,2026-01-17 01:56:59,Meter 1,214.51,59.94,5.93,7.34,99.36,0.00,0.67,215.06,46.22,4.91,5.76,94.73,0.00,1.66,214.13,55.42,5.44,6.90,94.50,0.00,1.88,214.57,53.86,16.28,20.00,96.20,0.00,4.21
2026-01-17 01:57:00,2026-01-17 01:57:59,Meter 1,214.51,58.52,5.77,7.17,99.98,0.00,-0.12,215.01,45.45,4.70,5.67,96.65,0.00,1.25,214.10,57.10,5.56,7.11,96.01,0.00,1.62,214.54,53.69,16.03,19.94,97.55,0.00,2.75
2026-01-17 01:58:00,2026-01-17 01:58:59,Meter 1,214.63,53.68,6.07,6.58,99.99,0.00,-0.09,214.75,38.08,4.57,4.75,98.34,0.00,0.84,214.36,45.30,5.30,5.63,98.31,0.00,0.99,214.58,45.69,15.94,16.97,98.88,0.00,1.74
2026-01-17 01:59:00,2026-01-17 01:59:59,Meter 1,214.74,40.91,4.43,5.02,99.79,0.00,-0.29,214.63,39.65,4.06,4.94,92.21,0.00,1.70,214.24,36.88,3.67,4.58,92.46,0.00,1.51,214.54,39.15,12.17,14.54,94.82,0.00,2.93
2026-01-17 02:00:00,2026-01-17 02:00:59,Meter 1,214.49,67.97,4.16,8.33,91.35,0.00,-1.85,214.73,39.16,3.84,4.88,99.78,0.00,-0.26,214.31,53.21,3.86,6.62,98.57,0.00,-0.66,214.51,53.45,11.86,19.83,96.57,0.00,-2.77
2026-01-17 02:01:00,2026-01-17 02:01:59,Meter 1,214.80,42.13,4.31,5.17,87.85,0.00,-2.34,214.78,33.84,3.83,4.22,99.49,0.00,-0.39,214.25,31.89,3.50,3.97,91.86,0.00,-1.50,214.61,35.95,11.63,13.35,93.07,0.00,-4.24
2026-01-17 02:02:00,2026-01-17 02:02:59,Meter 1,214.48,72.82,3.94,8.92,89.23,0.00,-1.99,214.81,40.74,3.54,5.08,99.57,0.00,-0.33,214.28,47.99,3.54,5.97,96.86,0.00,-0.91,214.53,53.85,11.02,19.97,95.22,0.00,-3.23
2026-01-17 02:03:00,2026-01-17 02:03:59,Meter 1,214.61,49.40,3.14,6.06,93.16,0.00,-1.23,214.91,40.83,2.84,5.09,87.88,0.00,-1.54,214.62,36.40,4.03,4.53,99.68,0.00,-0.33,214.71,42.21,10.02,15.69,93.57,0.00,-3.09
2026-01-17 02:04:00,2026-01-17 02:04:59,Meter 1,214.75,63.35,2.86,7.77,80.31,0.00,-2.12,215.10,36.60,2.60,4.57,96.70,0.00,-0.69,214.54,29.98,2.68,3.73,96.24,0.00,-0.76,214.80,43.31,8.13,16.07,91.08,0.00,-3.56
2026-01-17 02:05:00,2026-01-17 02:05:59,Meter 1,214.56,44.48,4.89,5.46,91.66,0.00,-2.13,215.08,31.25,3.58,3.89,97.19,0.00,-0.87,214.71,32.89,3.60,4.10,91.22,0.00,-1.62,214.79,36.21,12.08,13.45,93.35,0.00,-4.62
2026-01-17 02:06:00,2026-01-17 02:06:59,Meter 1,214.61,57.79,3.73,7.10,81.41,0.00,-2.66,215.02,26.89,2.89,3.35,99.84,0.00,-0.17,214.84,35.04,1.82,4.37,72.28,0.00,-1.74,214.82,39.91,8.44,14.82,84.51,0.00,-4.56
2026-01-17 02:07:00,2026-01-17 02:07:59,Meter 1,214.63,37.09,3.50,4.55,82.36,0.00,-2.41,215.27,23.17,2.58,2.89,99.37,0.00,-0.29,214.76,20.60,2.07,2.57,88.65,0.00,-1.08,214.89,26.95,8.16,10.01,90.13,0.00,-3.78
2026-01-17 02:08:00,2026-01-17 02:08:59,Meter 1,214.68,61.74,5.32,7.57,95.97,0.00,-1.56,215.34,35.85,3.54,4.48,99.78,0.00,-0.24,214.51,53.22,4.94,6.63,97.37,0.00,-1.16,214.84,50.27,13.80,18.68,97.71,0.00,-2.95
2026-01-17 02:09:00,2026-01-17 02:09:59,Meter 1,214.73,30.93,3.23,3.80,93.79,0.00,-1.20,215.20,22.00,1.98,2.75,85.50,0.00,-1.20,214.58,24.29,2.67,3.03,96.91,0.00,-0.68,214.83,25.74,7.88,9.57,92.07,0.00,-3.08
2026-01-17 02:10:00,2026-01-17 02:10:59,Meter 1,214.58,64.68,5.18,7.94,94.41,0.00,-1.81,215.07,37.48,3.64,4.67,99.88,0.00,0.18,214.75,40.96,3.25,5.11,98.08,0.00,-0.65,214.80,47.71,12.07,17.72,97.46,0.00,-2.27
2026-01-17 02:11:00,2026-01-17 02:11:59,Meter 1,214.51,54.31,6.14,6.66,98.36,0.00,-1.13,214.91,38.44,4.20,4.79,99.52,0.00,-0.41,214.58,48.17,5.14,6.00,99.83,0.00,-0.30,214.67,46.97,15.48,17.45,99.24,0.00,-1.84
2026-01-17 02:12:00,2026-01-17 02:12:59,Meter 1,214.85,74.82,4.22,9.19,94.89,0.00,-1.40,214.90,35.82,3.17,4.47,99.98,0.00,0.07,214.69,40.10,2.10,4.99,88.21,0.00,-1.12,214.81,50.25,9.49,18.65,94.36,0.00,-2.46
2026-01-17 02:13:00,2026-01-17 02:13:59,Meter 1,214.91,48.91,5.89,6.01,99.25,0.00,-0.72,214.98,38.63,4.69,4.82,98.91,0.00,-0.70,214.61,37.73,4.56,4.70,98.52,0.00,-0.79,214.83,41.76,15.14,15.53,98.89,0.00,-2.22
2026-01-17 02:14:00,2026-01-17 02:14:59,Meter 1,214.85,58.28,5.06,7.16,98.41,0.00,-0.91,215.00,45.55,3.84,5.68,98.79,0.00,-0.60,214.73,47.73,4.06,5.95,98.48,0.00,-0.72,214.86,50.52,12.96,18.79,98.56,0.00,-2.23
2026-01-17 02:15:00,2026-01-17 02:15:59,Meter 1,215.07,58.57,3.31,7.20,86.26,0.00,-1.94,214.94,38.42,3.63,4.79,99.95,0.00,-0.11,214.78,32.50,2.49,4.05,93.69,0.00,-0.93,214.93,43.16,9.43,16.04,93.30,0.00,-2.98
2026-01-17 02:16:00,2026-01-17 02:16:59,Meter 1,215.02,64.04,3.73,7.88,79.96,0.00,-2.80,214.70,39.36,3.14,4.91,98.69,0.00,-0.51,215.06,49.93,1.91,6.22,71.62,0.00,-1.86,214.93,51.11,8.78,19.01,83.43,0.00,-5.17
2026-01-17 02:17:00,2026-01-17 02:17:59,Meter 1,215.22,50.00,2.63,6.15,79.55,0.00,-2.00,214.70,30.86,1.91,3.85,83.23,0.00,-1.27,214.88,26.90,2.13,3.35,78.53,0.00,-1.68,214.93,35.92,6.66,13.35,80.44,0.00,-4.95
2026-01-17 02:18:00,2026-01-17 02:18:59,Meter 1,214.99,72.15,3.29,8.88,89.28,0.00,-1.66,214.64,36.37,2.12,4.53,84.80,0.00,-1.33,214.86,44.73,2.93,5.57,87.06,0.00,-1.66,214.83,51.08,8.34,18.98,87.05,0.00,-4.64
2026-01-17 02:19:00,2026-01-17 02:19:59,Meter 1,214.98,66.41,3.81,8.16,95.18,0.00,-1.23,215.09,28.72,2.75,3.59,99.12,0.00,-0.37,214.64,45.15,3.12,5.62,99.10,0.00,-0.42,214.90,46.76,9.68,17.37,97.80,0.00,-2.01
2026-01-17 02:20:00,2026-01-17 02:20:59,Meter 1,214.83,54.86,6.14,6.73,99.37,0.00,-0.69,215.20,36.70,3.31,4.58,96.12,0.00,-0.95,214.40,48.16,4.28,6.00,99.16,0.00,-0.56,214.81,46.57,13.73,17.31,98.22,0.00,-2.20
2026-01-17 02:21:00,2026-01-17 02:21:59,Meter 1,214.53,49.58,5.22,6.08,99.95,0.00,-0.16,215.08,42.32,4.43,5.28,98.97,0.00,-0.64,214.43,68.13,7.15,8.49,98.63,0.00,1.19,214.68,53.34,16.80,19.84,99.19,0.00,0.39
2026-01-17 02:22:00,2026-01-17 02:22:59,Meter 1,214.68,72.17,4.11,8.86,99.47,0.00,-0.42,214.95,28.85,2.79,3.60,97.57,0.00,-0.63,214.52,45.90,3.66,5.72,99.89,0.00,0.17,214.72,48.97,10.55,18.17,98.97,0.00,-0.88
2026-01-17 02:23:00,2026-01-17 02:23:59,Meter 1,214.69,61.19,4.75,7.51,98.08,0.00,-0.95,215.21,37.02,4.28,4.62,99.79,0.00,0.28,214.51,37.88,2.81,4.72,97.42,0.00,-0.65,214.80,45.37,11.85,16.85,98.43,0.00,-1.32
2026-01-17 02:24:00,2026-01-17 02:24:59,Meter 1,214.73,61.44,3.36,7.54,99.97,0.00,0.08,215.25,36.15,2.93,4.51,98.74,0.00,-0.47,214.70,35.25,3.72,4.40,99.40,0.00,0.41,214.89,44.28,10.01,16.45,99.37,0.00,0.02
2026-01-17 02:25:00,2026-01-17 02:25:59,Meter 1,214.82,33.93,3.77,4.16,95.76,0.00,-1.13,215.37,33.08,3.98,4.13,99.91,0.00,0.17,214.63,23.30,2.69,2.91,99.17,0.00,-0.35,214.94,30.10,10.43,11.20,98.28,0.00,-1.31
2026-01-17 02:26:00,2026-01-17 02:26:59,Meter 1,214.89,62.52,5.02,7.67,98.29,0.00,0.94,215.23,48.55,3.97,6.06,99.52,0.00,0.39,214.32,53.96,4.49,6.72,97.87,0.00,0.94,214.81,55.01,13.48,20.45,98.56,0.00,2.27
2026-01-17 02:27:00,2026-01-17 02:27:59,Meter 1,214.84,58.81,5.44,7.21,99.68,0.00,-0.44,215.11,43.38,4.17,5.42,99.10,0.00,-0.56,214.07,53.70,4.25,6.68,100.00,0.00,-0.03,214.67,51.96,13.86,19.31,99.59,0.00,-1.04
2026-01-17 02:28:00,2026-01-17 02:28:59,Meter 1,214.99,78.56,5.27,9.63,98.88,0.00,-0.80,215.03,40.04,3.36,5.00,96.55,0.00,-0.91,214.06,53.43,3.96,6.64,98.98,0.00,-0.57,214.70,57.34,12.58,21.28,98.13,0.00,-2.27
2026-01-17 02:29:00,2026-01-17 02:29:59,Meter 1,215.06,63.79,3.90,7.83,97.09,0.00,-0.96,214.97,31.87,2.85,3.98,97.56,0.00,-0.64,214.39,31.94,2.84,3.97,99.30,0.00,-0.34,214.81,42.53,9.59,15.79,97.98,0.00,-1.94
2026-01-17 02:30:00,2026-01-17 02:30:59,Meter 1,214.98,70.52,4.75,8.66,99.60,0.00,-0.42,215.06,45.31,3.24,5.66,95.31,0.00,-1.03,214.45,56.77,4.99,7.07,99.99,0.00,-0.07,214.83,57.53,12.98,21.38,98.30,0.00,-1.53
2026-01-17 02:31:00,2026-01-17 02:31:59,Meter 1,214.86,46.00,3.67,5.65,89.48,0.00,-1.83,214.85,30.77,3.59,3.84,99.70,0.00,-0.28,214.45,35.52,3.74,4.42,100.00,0.00,-0.02,214.72,37.43,10.99,13.90,96.39,0.00,-2.13
2026-01-17 02:32:00,2026-01-17 02:32:59,Meter 1,214.64,63.90,3.54,7.83,99.68,0.00,-0.29,214.99,38.86,3.08,4.85,98.44,0.00,-0.55,214.30,55.67,4.99,6.93,97.87,0.00,1.04,214.64,52.81,11.61,19.61,98.67,0.00,0.21
2026-01-17 02:33:00,2026-01-17 02:33:59,Meter 1,214.59,42.00,4.18,5.15,95.96,0.00,-1.22,214.78,29.72,3.57,3.70,99.11,0.00,-0.48,214.48,41.40,4.97,5.15,99.83,0.00,0.29,214.62,37.71,12.71,14.01,98.30,0.00,-1.41
2026-01-17 02:34:00,2026-01-17 02:34:59,Meter 1,214.69,59.09,4.41,7.25,99.01,0.00,-0.63,215.09,35.00,3.94,4.37,98.83,0.00,-0.61,214.66,56.55,6.24,7.05,97.86,0.00,1.31,214.81,50.21,14.60,18.67,98.57,0.00,0.08
2026-01-17 02:35:00,2026-01-17 02:35:59,Meter 1,214.74,69.25,5.66,8.50,98.99,0.00,-0.81,214.93,45.16,5.29,5.63,99.46,0.00,0.55,214.44,49.61,5.12,6.17,99.72,0.00,0.38,214.70,54.67,16.07,20.30,99.39,0.00,0.13
2026-01-17 02:36:00,2026-01-17 02:36:59,Meter 1,214.79,66.83,5.52,8.21,99.82,0.00,-0.33,214.81,42.76,4.83,5.33,99.87,0.00,0.24,214.55,49.69,5.51,6.18,99.34,0.00,0.64,214.72,53.09,15.86,19.72,99.68,0.00,0.55
2026-01-17 02:37:00,2026-01-17 02:37:59,Meter 1,214.90,62.04,3.82,7.62,99.99,0.00,0.06,214.89,23.25,2.29,2.90,99.86,0.00,-0.12,214.53,37.80,2.19,4.70,97.25,0.00,-0.52,214.77,41.03,8.29,15.22,99.03,0.00,-0.58
2026-01-17 02:38:00,2026-01-17 02:38:59,Meter 1,214.62,79.69,4.40,9.77,100.00,0.00,-0.02,214.97,32.43,2.70,4.04,99.68,0.00,-0.22,214.43,45.42,2.73,5.66,96.18,0.00,-0.78,214.67,52.51,9.82,19.47,98.62,0.00,-1.02
2026-01-17 02:39:00,2026-01-17 02:39:59,Meter 1,214.69,60.13,4.28,7.37,98.72,0.00,-0.69,215.02,34.26,2.62,4.27,95.29,0.00,-0.83,214.17,51.81,2.90,6.45,93.17,0.00,-1.13,214.63,48.73,9.80,18.09,95.72,0.00,-2.66
2026-01-17 02:40:00,2026-01-17 02:40:59,Meter 1,214.76,68.09,4.53,8.34,99.74,0.00,0.33,215.15,37.03,2.78,4.62,87.95,0.00,-1.50,214.06,41.99,4.39,5.22,99.69,0.00,-0.34,214.65,49.04,11.69,18.19,95.79,0.00,-1.52
2026-01-17 02:41:00,2026-01-17 02:41:59,Meter 1,214.61,61.59,3.47,7.55,99.88,0.00,-0.17,214.72,23.53,2.34,2.93,99.77,0.00,0.16,214.01,33.03,2.05,4.10,99.96,0.00,-0.06,214.45,39.38,7.85,14.58,99.87,0.00,-0.07
2026-01-17 02:42:00,2026-01-17 02:42:59,Meter 1,214.72,46.19,4.89,5.65,96.92,0.00,1.24,215.01,27.55,3.02,3.44,97.84,0.00,-0.64,213.75,43.36,5.26,5.39,99.28,0.00,0.63,214.50,39.04,13.18,14.48,98.01,0.00,1.24
2026-01-17 02:43:00,2026-01-17 02:43:59,Meter 1,214.64,65.66,3.42,8.05,99.93,0.00,-0.12,214.67,26.88,2.55,3.35,99.22,0.00,-0.32,214.00,48.49,3.78,6.02,99.02,0.00,0.53,214.44,47.01,9.75,17.42,99.39,0.00,0.09
2026-01-17 02:44:00,2026-01-17 02:44:59,Meter 1,214.64,71.18,4.51,8.72,99.74,0.00,-0.33,214.78,39.55,2.93,4.93,91.42,0.00,-1.30,214.13,60.09,4.61,7.47,99.50,0.00,-0.46,214.52,56.94,12.05,21.13,96.89,0.00,-2.09
2026-01-17 02:45:00,2026-01-17 02:45:59,Meter 1,214.59,63.19,4.17,7.74,99.18,0.00,-0.54,214.96,37.89,2.87,4.73,89.34,0.00,-1.45,214.10,53.75,4.70,6.69,99.65,0.00,-0.39,214.55,51.61,11.75,19.15,96.06,0.00,-2.38
2026-01-17 02:46:00,2026-01-17 02:46:59,Meter 1,214.56,64.89,3.22,7.95,99.39,0.00,-0.36,214.81,33.84,2.28,4.22,96.71,0.00,-0.60,214.17,32.36,2.25,4.02,95.94,0.00,-0.66,214.51,43.69,7.75,16.19,97.35,0.00,-1.62
2026-01-17 02:47:00,2026-01-17 02:47:59,Meter 1,214.48,66.29,5.32,8.12,99.84,0.00,-0.30,215.07,43.64,4.64,5.44,100.00,0.00,0.01,214.02,45.55,4.33,5.67,99.88,0.00,-0.21,214.52,51.83,14.29,19.23,99.91,0.00,-0.50
2026-01-17 02:48:00,2026-01-17 02:48:59,Meter 1,214.51,75.57,5.64,9.26,99.06,0.00,-0.78,214.99,47.58,4.88,5.93,98.75,0.00,0.78,214.18,61.07,3.64,7.60,98.90,0.00,-0.54,214.56,61.41,14.16,22.79,98.91,0.00,-0.54
2026-01-17 02:49:00,2026-01-17 02:49:59,Meter 1,214.43,46.77,4.07,5.73,89.86,0.00,-1.99,214.79,41.34,4.68,5.15,93.88,0.00,1.72,214.34,24.14,2.03,3.00,96.78,0.00,-0.53,214.52,37.42,10.78,13.89,93.50,0.00,-0.80
2026-01-17 02:50:00,2026-01-17 02:50:59,Meter 1,214.59,72.29,4.07,8.86,96.10,0.00,-1.17,214.91,48.21,4.49,6.01,97.20,0.00,1.09,214.22,45.74,2.90,5.69,99.51,0.00,-0.29,214.57,55.41,11.46,20.56,97.60,0.00,-0.37
2026-01-17 02:51:00,2026-01-17 02:51:59,Meter 1,214.56,52.57,5.10,6.44,95.45,0.00,-1.59,214.86,37.66,3.72,4.69,99.91,0.00,0.16,214.21,48.48,3.22,6.03,96.48,0.00,-0.88,214.54,46.24,12.04,17.17,97.28,0.00,-2.31
2026-01-17 02:52:00,2026-01-17 02:52:59,Meter 1,214.47,50.05,5.69,6.14,98.80,0.00,-0.89,214.71,30.33,3.54,3.78,98.07,0.00,0.70,214.43,22.79,2.30,2.84,95.38,0.00,-0.72,214.54,34.39,11.53,12.75,97.42,0.00,-0.91
2026-01-17 02:53:00,2026-01-17 02:53:59,Meter 1,214.61,53.31,5.36,6.53,99.77,0.00,0.36,214.98,35.88,3.45,4.48,97.91,0.00,-0.72,214.08,48.16,5.31,5.99,99.00,0.00,0.76,214.56,45.78,14.12,17.00,98.90,0.00,0.40
2026-01-17 02:54:00,2026-01-17 02:54:59,Meter 1,214.51,73.26,4.49,8.97,99.57,0.00,-0.42,214.81,39.54,3.22,4.93,99.11,0.00,-0.43,213.99,57.25,4.43,7.12,98.62,0.00,0.75,214.44,56.68,12.14,21.02,99.10,0.00,-0.11
2026-01-17 02:55:00,2026-01-17 02:55:59,Meter 1,214.74,54.69,4.33,6.70,96.57,0.00,-1.16,214.88,27.48,2.98,3.43,99.83,0.00,0.17,214.01,32.95,3.38,4.10,99.77,0.00,0.23,214.54,38.37,10.69,14.23,98.72,0.00,-0.76
2026-01-17 02:56:00,2026-01-17 02:56:59,Meter 1,214.88,73.02,4.91,8.96,94.70,0.00,-1.67,214.99,34.08,3.61,4.25,99.99,0.00,-0.06,214.26,49.41,4.07,6.15,99.88,0.00,-0.20,214.71,52.17,12.59,19.36,98.19,0.00,-1.93
2026-01-17 02:57:00,2026-01-17 02:57:59,Meter 1,214.79,71.88,4.54,8.82,91.35,0.00,-2.02,214.65,42.22,4.35,5.26,98.36,0.00,0.80,214.13,51.19,4.06,6.36,99.36,0.00,0.46,214.53,55.10,12.95,20.44,96.36,0.00,-0.76
2026-01-17 02:58:00,2026-01-17 02:58:59,Meter 1,214.75,39.61,4.00,4.86,96.66,0.00,-1.06,215.05,38.55,4.41,4.81,97.07,0.00,1.09,214.31,29.84,3.22,3.72,99.97,0.00,-0.08,214.70,36.00,11.64,13.38,97.90,0.00,-0.05
2026-01-17 02:59:00,2026-01-17 02:59:59,Meter 1,214.79,70.98,4.53,8.71,92.74,0.00,-1.83,215.18,40.54,4.73,5.06,98.41,0.00,0.85,214.61,38.34,2.95,4.78,94.39,0.00,-1.03,214.86,49.95,12.20,18.55,95.18,0.00,-2.00
2026-01-17 03:00:00,2026-01-17 03:00:59,Meter 1,214.70,35.50,4.08,4.35,99.87,0.00,-0.20,215.07,38.56,4.29,4.81,91.87,0.00,1.85,214.42,36.59,4.28,4.56,98.28,0.00,0.80,214.73,36.88,12.66,13.72,96.68,0.00,2.45
2026-01-17 03:01:00,2026-01-17 03:01:59,Meter 1,214.59,41.06,4.36,5.04,99.88,0.00,0.22,214.85,44.36,4.55,5.53,89.02,0.00,2.33,214.37,33.28,3.00,4.14,89.40,0.00,1.50,214.61,39.57,11.91,14.71,92.77,0.00,4.05
2026-01-17 03:02:00,2026-01-17 03:02:59,Meter 1,214.67,38.84,4.30,4.77,98.85,0.00,0.66,214.81,32.09,3.38,4.00,91.76,0.00,1.46,214.45,29.29,2.96,3.65,90.99,0.00,1.35,214.64,33.41,10.64,12.41,93.87,0.00,3.47
2026-01-17 03:03:00,2026-01-17 03:03:59,Meter 1,214.77,49.07,4.45,6.02,99.92,0.00,0.18,214.84,41.23,3.96,5.14,95.24,0.00,1.27,214.33,42.45,3.29,5.28,96.59,0.00,0.88,214.65,44.25,11.71,16.44,97.25,0.00,2.33
2026-01-17 03:04:00,2026-01-17 03:04:59,Meter 1,214.82,42.86,4.69,5.26,97.37,0.00,1.10,214.74,33.81,3.34,4.22,87.02,0.00,1.89,214.51,38.77,3.78,4.82,88.81,0.00,1.96,214.69,38.48,11.81,14.30,91.07,0.00,4.94
2026-01-17 03:05:00,2026-01-17 03:05:59,Meter 1,214.52,54.00,6.34,6.62,96.69,0.00,1.67,214.66,33.38,3.81,4.16,92.41,0.00,1.57,214.22,31.10,3.56,3.87,93.17,0.00,1.39,214.47,39.49,13.70,14.64,94.09,0.00,4.63
2026-01-17 03:06:00,2026-01-17 03:06:59,Meter 1,214.53,55.55,6.13,6.81,95.38,0.00,1.93,214.96,36.37,3.68,4.54,88.23,0.00,1.96,214.19,34.18,3.55,4.25,90.68,0.00,1.65,214.56,42.03,13.36,15.59,91.43,0.00,5.54
2026-01-17 03:07:00,2026-01-17 03:07:59,Meter 1,214.43,45.22,5.20,5.54,99.74,0.00,0.37,214.81,35.75,3.98,4.45,96.25,0.00,1.12,214.34,34.49,3.79,4.29,97.19,0.00,0.92,214.53,38.49,12.97,14.29,97.73,0.00,2.41
2026-01-17 03:08:00,2026-01-17 03:08:59,Meter 1,214.26,60.25,5.82,7.38,98.40,0.00,1.06,214.75,39.31,3.63,4.89,95.30,0.00,1.15,214.36,44.91,3.75,5.59,93.35,0.00,1.44,214.46,48.16,13.20,17.87,95.68,0.00,3.65
2026-01-17 03:09:00,2026-01-17 03:09:59,Meter 1,214.39,58.00,5.86,7.11,98.39,0.00,1.06,214.71,39.39,3.90,4.91,94.78,0.00,1.31,214.27,43.70,3.78,5.44,95.93,0.00,1.11,214.45,47.03,13.54,17.45,96.36,0.00,3.49
2026-01-17 03:10:00,2026-01-17 03:10:59,Meter 1,214.44,54.97,6.09,6.73,96.95,0.00,1.54,214.92,39.94,3.87,4.98,89.64,0.00,1.92,213.98,39.62,3.88,4.93,86.12,0.00,2.29,214.45,44.85,13.85,16.64,90.90,0.00,5.75
2026-01-17 03:11:00,2026-01-17 03:11:59,Meter 1,214.55,40.56,4.49,4.97,99.87,0.00,0.23,214.83,39.83,4.41,4.97,92.45,0.00,1.82,213.97,40.28,4.36,5.01,89.85,0.00,2.13,214.45,40.22,13.26,14.94,94.06,0.00,4.18
2026-01-17 03:12:00,2026-01-17 03:12:59,Meter 1,214.53,53.79,4.92,6.59,99.02,0.00,-0.69,214.83,51.60,5.13,6.43,89.56,0.00,2.55,214.21,46.87,3.95,5.83,89.63,0.00,1.95,214.52,50.75,14.00,18.85,92.74,0.00,3.81
2026-01-17 03:13:00,2026-01-17 03:13:59,Meter 1,214.59,46.64,5.29,5.71,98.70,0.00,0.86,214.71,54.82,5.48,6.83,82.94,0.00,3.69,214.03,52.89,5.16,6.57,80.59,0.00,3.79,214.44,51.45,15.94,19.12,87.41,0.00,8.35
2026-01-17 03:14:00,2026-01-17 03:14:59,Meter 1,214.70,52.06,4.96,6.38,99.95,0.00,0.15,214.72,52.52,5.13,6.55,87.72,0.00,2.81,214.09,51.55,4.30,6.41,82.55,0.00,2.94,214.50,52.05,14.40,19.34,90.07,0.00,5.90
2026-01-17 03:15:00,2026-01-17 03:15:59,Meter 1,214.87,34.09,3.65,4.18,98.78,0.00,0.57,214.79,35.91,3.35,4.48,85.20,0.00,2.06,214.32,40.61,3.83,5.05,82.52,0.00,2.62,214.66,36.87,10.83,13.71,88.83,0.00,5.25
2026-01-17 03:16:00,2026-01-17 03:16:59,Meter 1,214.71,35.35,4.21,4.34,99.77,0.00,0.29,214.73,36.56,3.78,4.56,84.30,0.00,2.41,214.39,45.43,4.64,5.65,82.62,0.00,3.16,214.61,39.11,12.63,14.54,88.90,0.00,5.86
2026-01-17 03:17:00,2026-01-17 03:17:59,Meter 1,214.64,32.18,3.65,3.95,98.97,0.00,-0.25,214.75,28.92,3.30,3.60,96.16,0.00,1.24,214.45,38.30,4.28,4.77,94.37,0.00,1.65,214.62,33.13,11.23,12.32,96.50,0.00,2.64
2026-01-17 03:18:00,2026-01-17 03:18:59,Meter 1,214.60,34.11,3.75,4.18,99.36,0.00,0.43,214.88,29.57,2.90,3.69,88.63,0.00,1.52,214.18,40.00,4.10,4.97,86.41,0.00,2.39,214.55,34.56,10.75,12.84,91.47,0.00,4.33
2026-01-17 03:19:00,2026-01-17 03:19:59,Meter 1,214.49,42.17,3.57,5.17,99.96,0.00,0.10,214.78,30.87,3.10,3.85,93.50,0.00,1.18,214.21,45.64,4.03,5.68,93.62,0.00,1.51,214.49,39.56,10.70,14.69,95.69,0.00,2.80
2026-01-17 03:20:00,2026-01-17 03:20:59,Meter 1,214.50,44.39,3.55,5.44,97.45,0.00,0.82,214.81,29.39,2.37,3.66,97.47,0.00,0.54,214.15,37.63,2.60,4.68,97.89,0.00,0.54,214.49,37.14,8.51,13.78,97.61,0.00,1.90
2026-01-17 03:21:00,2026-01-17 03:21:59,Meter 1,214.36,46.07,3.33,5.64,98.75,0.00,0.53,214.93,27.36,1.86,3.41,100.00,0.00,-0.02,214.24,41.36,2.31,5.15,99.81,0.00,0.14,214.51,38.26,7.50,14.20,99.52,0.00,0.66
2026-01-17 03:22:00,2026-01-17 03:22:59,Meter 1,214.81,43.45,2.92,5.33,94.12,0.00,1.05,215.18,25.60,2.02,3.20,93.58,0.00,0.76,214.32,37.51,2.82,4.67,98.96,0.00,0.41,214.77,35.52,7.76,13.19,95.55,0.00,2.22
2026-01-17 03:23:00,2026-01-17 03:23:59,Meter 1,214.43,36.64,3.60,4.49,98.67,0.00,0.59,214.93,31.94,2.77,3.98,94.87,0.00,0.92,214.36,29.20,2.29,3.64,99.31,0.00,0.27,214.57,32.59,8.65,12.11,97.61,0.00,1.79
2026-01-17 03:24:00,2026-01-17 03:24:59,Meter 1,214.59,41.98,3.63,5.15,96.40,0.00,1.00,214.87,33.40,2.59,4.16,91.46,0.00,1.14,214.24,34.97,2.37,4.35,98.67,0.00,0.39,214.57,36.78,8.59,13.66,95.51,0.00,2.54
2026-01-17 03:25:00,2026-01-17 03:25:59,Meter 1,214.42,40.17,4.07,4.92,95.18,0.00,1.31,214.82,26.82,2.84,3.34,89.41,0.00,1.42,214.21,24.67,2.79,3.07,99.87,0.00,0.14,214.48,30.55,9.70,11.33,94.82,0.00,2.88
2026-01-17 03:26:00,2026-01-17 03:26:59,Meter 1,214.45,38.88,3.92,4.76,94.69,0.00,1.33,214.96,28.37,2.27,3.54,94.08,0.00,0.82,214.08,32.11,2.82,4.00,96.76,0.00,0.74,214.50,33.12,9.01,12.29,95.18,0.00,2.88
2026-01-17 03:27:00,2026-01-17 03:27:59,Meter 1,214.38,48.73,4.97,5.96,94.85,0.00,1.66,214.95,34.54,2.97,4.31,95.09,0.00,0.97,213.81,45.96,4.24,5.71,89.67,0.00,2.09,214.38,43.08,12.19,15.98,93.20,0.00,4.72
2026-01-17 03:28:00,2026-01-17 03:28:59,Meter 1,214.63,40.42,3.97,4.95,92.39,0.00,1.65,215.05,24.30,2.52,3.03,88.46,0.00,1.33,213.80,42.55,4.53,5.29,87.38,0.00,2.52,214.49,35.76,11.03,13.27,89.41,0.00,5.50
2026-01-17 03:29:00,2026-01-17 03:29:59,Meter 1,214.43,51.00,4.79,6.24,95.15,0.00,1.55,214.87,27.83,2.98,3.47,94.51,0.00,1.03,213.88,50.11,5.03,6.23,93.02,0.00,1.99,214.39,42.98,12.80,15.94,94.23,0.00,4.56
2026-01-17 03:30:00,2026-01-17 03:30:59,Meter 1,214.35,45.74,5.00,5.59,90.58,0.00,2.34,214.77,29.51,3.13,3.68,86.56,0.00,1.81,213.64,50.95,5.42,6.33,86.19,0.00,3.19,214.25,42.07,13.56,15.60,87.78,0.00,7.34
2026-01-17 03:31:00,2026-01-17 03:31:59,Meter 1,214.30,61.05,5.83,7.46,97.00,0.00,1.46,214.94,42.73,4.45,5.33,95.65,0.00,1.36,213.66,52.06,4.85,6.47,95.98,0.00,1.42,214.30,51.95,15.13,19.26,96.21,0.00,4.24
2026-01-17 03:32:00,2026-01-17 03:32:59,Meter 1,214.14,45.82,4.62,5.60,97.91,0.00,0.96,214.88,38.85,3.48,4.84,97.11,0.00,0.85,213.63,42.88,3.97,5.33,95.42,0.00,1.25,214.22,42.52,12.07,15.77,96.81,0.00,3.06
2026-01-17 03:33:00,2026-01-17 03:33:59,Meter 1,214.36,68.35,7.27,8.37,99.13,0.00,0.96,214.83,58.50,6.13,7.29,99.03,0.00,0.86,213.97,67.23,6.76,8.36,98.87,0.00,1.02,214.39,64.69,20.16,24.01,99.01,0.00,2.85
2026-01-17 03:34:00,2026-01-17 03:34:59,Meter 1,214.41,47.22,4.25,5.78,91.99,0.00,1.81,214.76,29.52,2.42,3.68,94.89,0.00,0.80,213.78,48.09,5.19,5.97,95.31,0.00,1.65,214.32,41.61,11.85,15.43,94.06,0.00,4.26
2026-01-17 03:35:00,2026-01-17 03:35:59,Meter 1,214.41,42.96,4.35,5.26,90.17,0.00,2.09,214.80,34.68,2.99,4.32,89.07,0.00,1.53,213.77,39.28,3.67,4.88,90.66,0.00,1.71,214.33,38.97,11.01,14.46,89.97,0.00,5.32
2026-01-17 03:36:00,2026-01-17 03:36:59,Meter 1,214.68,55.45,4.19,6.79,97.52,0.00,0.95,214.82,36.46,3.41,4.55,89.53,0.00,1.70,213.87,44.96,3.84,5.59,96.74,0.00,1.00,214.46,45.62,11.44,16.93,94.60,0.00,3.65
2026-01-17 03:37:00,2026-01-17 03:37:59,Meter 1,214.78,36.32,3.63,4.45,88.01,0.00,1.96,214.89,27.20,2.81,3.39,84.42,0.00,1.78,214.03,36.38,4.06,4.52,91.14,0.00,1.83,214.57,33.30,10.49,12.37,87.85,0.00,5.57
2026-01-17 03:38:00,2026-01-17 03:38:59,Meter 1,214.89,34.90,3.17,4.28,91.33,0.00,1.42,214.92,29.95,2.74,3.74,89.61,0.00,1.36,214.04,31.97,3.23,3.97,97.50,0.00,0.74,214.62,32.27,9.14,11.99,92.81,0.00,3.51
2026-01-17 03:39:00,2026-01-17 03:39:59,Meter 1,214.80,32.06,3.22,3.93,93.69,0.00,1.20,215.02,15.69,1.81,1.96,97.57,0.00,0.41,214.17,26.23,3.17,3.26,98.78,0.00,0.50,214.66,24.66,8.20,9.15,96.68,0.00,2.11
2026-01-17 03:40:00,2026-01-17 03:40:59,Meter 1,214.77,32.28,3.58,3.96,98.47,0.00,0.63,214.81,19.92,2.26,2.48,98.60,0.00,0.38,214.01,27.93,3.04,3.47,99.64,0.00,0.26,214.53,26.71,8.87,9.91,98.90,0.00,1.27
2026-01-17 03:41:00,2026-01-17 03:41:59,Meter 1,214.59,24.65,2.53,3.02,94.45,0.00,0.88,214.97,18.50,1.75,2.31,93.22,0.00,0.68,213.95,26.00,2.97,3.23,94.99,0.00,0.98,214.51,23.05,7.24,8.56,94.22,0.00,2.53
2026-01-17 03:42:00,2026-01-17 03:42:59,Meter 1,214.54,31.32,3.08,3.84,95.97,0.00,0.90,214.81,23.23,1.66,2.90,97.48,0.00,0.38,213.97,28.94,2.54,3.60,97.52,0.00,0.58,214.44,27.83,7.28,10.33,96.99,0.00,1.86
2026-01-17 03:43:00,2026-01-17 03:43:59,Meter 1,214.48,34.01,3.27,4.16,94.81,0.00,1.10,215.05,22.44,1.89,2.80,95.05,0.00,0.62,213.88,27.26,2.83,3.39,99.15,0.00,0.37,214.47,27.90,7.99,10.35,96.34,0.00,2.09
2026-01-17 03:44:00,2026-01-17 03:44:59,Meter 1,214.63,45.60,3.50,5.58,96.54,0.00,0.95,214.93,26.68,2.42,3.33,95.86,0.00,0.72,213.80,38.89,3.18,4.83,96.26,0.00,0.90,214.45,37.05,9.10,13.74,96.22,0.00,2.56
2026-01-17 03:45:00,2026-01-17 03:45:59,Meter 1,214.54,34.70,3.45,4.25,90.59,0.00,1.61,214.99,20.90,2.23,2.61,88.82,0.00,1.15,213.79,33.86,3.69,4.21,89.56,0.00,1.83,214.44,29.82,9.38,11.06,89.66,0.00,4.60
2026-01-17 03:46:00,2026-01-17 03:46:59,Meter 1,214.43,36.32,2.88,4.45,99.76,0.00,0.20,214.78,26.05,2.56,3.25,98.10,0.00,0.51,213.98,32.39,3.17,4.03,94.97,0.00,1.04,214.40,31.59,8.60,11.72,97.61,0.00,1.75
2026-01-17 03:47:00,2026-01-17 03:47:59,Meter 1,214.37,35.62,3.57,4.36,92.81,0.00,1.43,214.68,35.04,3.63,4.37,86.32,0.00,2.12,213.83,42.53,4.46,5.28,90.03,0.00,2.16,214.30,37.73,11.66,14.01,89.72,0.00,5.71
2026-01-17 03:48:00,2026-01-17 03:48:59,Meter 1,214.26,44.13,4.34,5.40,90.30,0.00,2.06,214.99,38.19,3.65,4.76,85.25,0.00,2.24,213.77,43.11,4.50,5.36,89.55,0.00,2.23,214.34,41.81,12.48,15.52,88.37,0.00,6.53
2026-01-17 03:49:00,2026-01-17 03:49:59,Meter 1,214.18,45.55,4.49,5.57,91.15,0.00,2.03,215.13,34.03,2.97,4.24,89.33,0.00,1.49,213.86,40.19,3.40,5.00,84.18,0.00,2.18,214.39,39.92,10.86,14.81,88.22,0.00,5.70
2026-01-17 03:50:00,2026-01-17 03:50:59,Meter 1,214.23,40.60,4.14,4.97,93.87,0.00,1.52,214.94,36.52,3.17,4.55,87.47,0.00,1.76,214.07,37.29,3.22,4.64,85.58,0.00,1.95,214.41,38.13,10.54,14.16,88.97,0.00,5.23
2026-01-17 03:51:00,2026-01-17 03:51:59,Meter 1,214.08,37.80,3.50,4.63,93.42,0.00,1.34,214.75,29.37,2.39,3.65,89.41,0.00,1.20,214.16,34.12,3.29,4.24,93.57,0.00,1.24,214.33,33.76,9.17,12.53,92.13,0.00,3.77
2026-01-17 03:52:00,2026-01-17 03:52:59,Meter 1,214.10,44.74,3.20,5.48,99.86,0.00,0.17,214.68,30.62,2.63,3.81,95.12,0.00,0.85,214.06,47.97,4.59,5.96,98.60,0.00,0.78,214.28,41.11,10.42,15.25,97.86,0.00,1.80
2026-01-17 03:53:00,2026-01-17 03:53:59,Meter 1,214.22,45.28,3.38,5.55,99.98,0.00,0.06,214.42,31.17,2.66,3.88,95.21,0.00,0.85,214.17,47.28,4.18,5.88,92.23,0.00,1.75,214.27,41.25,10.22,15.30,95.81,0.00,2.67
2026-01-17 03:54:00,2026-01-17 03:54:59,Meter 1,214.26,39.20,2.88,4.81,99.50,0.00,-0.29,214.33,21.98,2.07,2.73,99.66,0.00,0.17,214.28,39.26,3.93,4.88,96.95,0.00,0.99,214.29,33.48,8.88,12.42,98.70,0.00,0.88
2026-01-17 03:55:00,2026-01-17 03:55:59,Meter 1,214.37,24.14,2.72,2.96,99.14,0.00,-0.36,214.54,16.22,1.93,2.02,99.93,0.00,0.07,214.17,31.23,3.72,3.88,96.63,0.00,0.99,214.36,23.86,8.36,8.86,98.57,0.00,0.70
2026-01-17 03:56:00,2026-01-17 03:56:59,Meter 1,214.51,24.65,2.82,3.02,97.68,0.00,0.62,214.71,15.95,1.80,1.99,93.57,0.00,0.68,214.08,37.12,4.15,4.61,90.16,0.00,1.99,214.43,25.91,8.76,9.62,93.80,0.00,3.29
2026-01-17 03:57:00,2026-01-17 03:57:59,Meter 1,214.12,37.81,3.48,4.63,99.94,0.00,-0.12,214.54,26.34,2.53,3.28,97.70,0.00,0.55,213.93,39.33,3.93,4.89,92.82,0.00,1.57,214.19,34.49,9.93,12.79,96.82,0.00,2.00
2026-01-17 03:58:00,2026-01-17 03:58:59,Meter 1,214.29,36.50,3.06,4.47,98.69,0.00,0.50,214.96,25.92,2.36,3.23,92.41,0.00,0.97,213.92,40.87,3.51,5.08,97.29,0.00,0.83,214.39,34.43,8.93,12.78,96.13,0.00,2.31
2026-01-17 03:59:00,2026-01-17 03:59:59,Meter 1,214.50,32.64,3.23,4.00,99.50,0.00,0.32,214.70,33.09,2.85,4.12,93.21,0.00,1.11,214.09,36.28,3.05,4.51,97.64,0.00,0.67,214.43,34.01,9.13,12.63,96.78,0.00,2.11
2026-01-17 04:00:00,2026-01-17 04:00:59,Meter 1,214.43,43.09,4.37,5.28,94.86,0.00,1.46,214.59,39.94,3.89,4.98,88.84,0.00,2.01,213.97,42.44,4.03,5.27,93.81,0.00,1.49,214.33,41.82,12.30,15.52,92.50,0.00,4.96
2026-01-17 04:01:00,2026-01-17 04:01:59,Meter 1,214.35,42.64,4.16,5.22,90.64,0.00,1.94,214.58,38.38,3.40,4.78,84.90,0.00,2.12,213.80,45.12,4.12,5.60,88.29,0.00,2.19,214.24,42.05,11.68,15.60,87.94,0.00,6.25
2026-01-17 04:02:00,2026-01-17 04:02:59,Meter 1,214.35,45.20,4.99,5.53,97.04,0.00,1.24,214.42,36.51,4.11,4.55,93.10,0.00,1.61,213.62,42.54,4.81,5.28,95.34,0.00,1.52,214.13,41.42,13.91,15.35,95.16,0.00,4.38
2026-01-17 04:03:00,2026-01-17 04:03:59,Meter 1,214.19,50.10,4.95,6.13,95.22,0.00,1.59,214.37,37.61,3.13,4.68,91.49,0.00,1.38,213.59,53.10,4.88,6.59,85.09,0.00,3.01,214.05,46.94,12.96,17.39,90.60,0.00,5.98
2026-01-17 04:04:00,2026-01-17 04:04:59,Meter 1,214.11,40.41,4.48,4.94,94.81,0.00,1.50,214.60,32.21,3.57,4.01,94.10,0.00,1.28,213.60,50.62,5.34,6.28,86.50,0.00,3.10,214.10,41.08,13.38,15.23,91.80,0.00,5.88
2026-01-17 04:05:00,2026-01-17 04:05:59,Meter 1,213.99,48.82,4.43,5.97,94.60,0.00,1.52,214.55,36.55,3.61,4.55,89.94,0.00,1.76,213.72,57.82,5.30,7.18,89.02,0.00,2.71,214.09,47.73,13.34,17.69,91.19,0.00,5.99
2026-01-17 04:06:00,2026-01-17 04:06:59,Meter 1,214.16,39.97,4.47,4.89,97.74,0.00,0.97,214.17,34.49,3.88,4.29,95.60,0.00,1.19,213.55,45.91,5.09,5.69,91.99,0.00,2.17,213.96,40.12,13.44,14.87,95.11,0.00,4.33
2026-01-17 04:07:00,2026-01-17 04:07:59,Meter 1,214.09,45.63,3.49,5.58,92.17,0.00,1.47,214.34,28.98,2.72,3.60,89.69,0.00,1.34,213.69,52.99,5.11,6.58,89.87,0.00,2.49,214.04,42.53,11.32,15.76,90.58,0.00,5.30
2026-01-17 04:08:00,2026-01-17 04:08:59,Meter 1,214.05,49.32,4.20,6.03,96.68,0.00,1.11,214.29,35.46,2.78,4.41,98.40,0.00,0.50,213.47,55.77,4.90,6.91,92.19,0.00,2.06,213.94,46.85,11.87,17.35,95.76,0.00,3.67
2026-01-17 04:09:00,2026-01-17 04:09:59,Meter 1,214.23,40.37,3.97,4.93,95.85,0.00,1.18,214.34,25.17,2.64,3.13,97.45,0.00,0.61,213.27,59.81,6.36,7.41,94.36,0.00,2.23,213.94,41.78,12.97,15.48,95.89,0.00,4.02
2026-01-17 04:10:00,2026-01-17 04:10:59,Meter 1,214.18,33.50,3.74,4.09,94.63,0.00,1.28,214.36,16.68,1.81,2.08,99.81,0.00,0.11,213.37,42.31,4.74,5.24,91.63,0.00,2.07,213.97,30.83,10.29,11.41,95.35,0.00,3.46
2026-01-17 04:11:00,2026-01-17 04:11:59,Meter 1,214.16,37.20,3.41,4.55,95.87,0.00,1.01,214.34,27.73,2.73,3.45,93.52,0.00,1.03,213.58,51.19,5.18,6.35,94.81,0.00,1.74,214.03,38.71,11.33,14.35,94.73,0.00,3.78
2026-01-17 04:12:00,2026-01-17 04:12:59,Meter 1,214.08,40.24,4.65,4.92,98.07,0.00,0.93,214.40,23.74,2.64,2.95,97.85,0.00,0.56,213.47,42.66,4.69,5.29,92.92,0.00,1.87,213.98,35.55,11.99,13.16,96.28,0.00,3.35
2026-01-17 04:13:00,2026-01-17 04:13:59,Meter 1,213.79,39.68,4.48,4.84,93.97,0.00,1.63,214.51,21.08,2.46,2.62,95.41,0.00,0.77,213.49,41.75,4.70,5.18,91.35,0.00,2.09,213.93,34.17,11.64,12.65,93.57,0.00,4.50
2026-01-17 04:14:00,2026-01-17 04:14:59,Meter 1,213.91,45.46,4.01,5.55,94.82,0.00,1.34,214.58,31.97,2.78,3.98,97.23,0.00,0.67,213.49,46.82,4.67,5.81,93.11,0.00,1.83,213.99,41.42,11.46,15.34,95.05,0.00,3.84
2026-01-17 04:15:00,2026-01-17 04:15:59,Meter 1,214.00,40.55,4.09,4.95,91.83,0.00,1.76,214.66,27.00,2.03,3.36,97.83,0.00,0.43,213.50,42.49,4.05,5.28,90.33,0.00,1.93,214.05,36.68,10.17,13.59,93.33,0.00,4.12
2026-01-17 04:16:00,2026-01-17 04:16:59,Meter 1,214.17,45.59,4.59,5.57,95.09,0.00,1.49,214.49,36.60,2.97,4.56,98.12,0.00,0.58,213.55,46.60,4.39,5.78,92.96,0.00,1.74,214.07,42.93,11.95,15.91,95.39,0.00,3.82
2026-01-17 04:17:00,2026-01-17 04:17:59,Meter 1,214.36,32.64,3.53,3.99,89.75,0.00,1.74,214.59,19.58,2.17,2.44,90.49,0.00,1.02,213.69,31.96,3.42,3.97,86.63,0.00,1.97,214.21,28.06,9.12,10.40,88.95,0.00,4.73
2026-01-17 04:18:00,2026-01-17 04:18:59,Meter 1,214.41,35.17,3.80,4.30,96.05,0.00,1.10,214.81,27.61,2.66,3.44,91.00,0.00,1.21,213.83,31.77,3.21,3.95,88.89,0.00,1.66,214.35,31.52,9.68,11.69,91.98,0.00,3.97
2026-01-17 04:19:00,2026-01-17 04:19:59,Meter 1,214.40,35.69,3.38,4.36,95.95,0.00,0.99,214.52,30.42,2.29,3.79,95.81,0.00,0.68,213.43,40.63,3.40,5.04,86.91,0.00,1.94,214.12,35.58,9.07,13.19,92.89,0.00,3.61
2026-01-17 04:20:00,2026-01-17 04:20:59,Meter 1,214.40,41.93,4.07,5.13,90.25,0.00,1.94,214.67,30.89,2.91,3.85,86.55,0.00,1.69,213.58,53.44,5.34,6.63,84.26,0.00,3.41,214.22,42.09,12.33,15.61,87.02,0.00,7.04
2026-01-17 04:21:00,2026-01-17 04:21:59,Meter 1,214.02,51.61,5.01,6.30,88.21,0.00,2.68,214.36,36.76,3.42,4.57,85.49,0.00,2.08,213.39,53.57,5.22,6.64,83.33,0.00,3.47,213.93,47.31,13.65,17.52,85.68,0.00,8.22
2026-01-17 04:22:00,2026-01-17 04:22:59,Meter 1,213.99,53.53,4.79,6.54,92.31,0.00,2.00,214.16,43.59,3.91,5.42,89.98,0.00,1.89,213.41,55.70,4.99,6.90,85.37,0.00,3.04,213.85,50.94,13.69,18.86,89.22,0.00,6.93
2026-01-17 04:23:00,2026-01-17 04:23:59,Meter 1,213.76,44.31,5.26,5.41,98.84,0.00,0.81,214.14,31.09,3.55,3.86,94.66,0.00,1.21,213.43,36.84,4.11,4.57,90.50,0.00,1.93,213.78,37.41,12.92,13.84,94.67,0.00,3.95
2026-01-17 04:24:00,2026-01-17 04:24:59,Meter 1,214.27,48.84,3.68,5.97,97.60,0.00,0.82,214.26,31.58,2.87,3.93,96.60,0.00,0.77,213.45,45.20,4.16,5.60,95.11,0.00,1.35,213.99,41.87,10.71,15.50,96.43,0.00,2.94
2026-01-17 04:25:00,2026-01-17 04:25:59,Meter 1,214.62,35.40,2.95,4.34,97.62,0.00,0.66,214.30,26.88,2.31,3.35,97.22,0.00,0.56,213.68,43.92,3.90,5.44,95.50,0.00,1.21,214.20,35.40,9.15,13.13,96.78,0.00,2.42
2026-01-17 04:26:00,2026-01-17 04:26:59,Meter 1,214.45,34.16,3.64,4.18,93.76,0.00,1.35,214.49,19.76,1.78,2.46,96.06,0.00,0.52,213.66,22.38,2.23,2.78,95.27,0.00,0.71,214.20,25.44,7.65,9.42,95.03,0.00,2.58
2026-01-17 04:27:00,2026-01-17 04:27:59,Meter 1,214.47,33.62,3.60,4.11,95.30,0.00,1.14,214.53,19.91,1.76,2.48,98.46,0.00,0.31,213.57,23.24,2.46,2.88,95.18,0.00,0.79,214.19,25.59,7.81,9.48,96.31,0.00,2.25
2026-01-17 04:28:00,2026-01-17 04:28:59,Meter 1,214.33,38.33,2.64,4.69,98.68,0.00,0.43,214.58,25.58,1.67,3.19,99.46,0.00,-0.17,213.58,36.08,2.19,4.48,99.97,0.00,0.05,214.16,33.33,6.50,12.35,99.37,0.00,0.31
2026-01-17 04:29:00,2026-01-17 04:29:59,Meter 1,214.46,31.13,3.38,3.81,92.05,0.00,1.44,214.77,18.10,2.04,2.26,94.29,0.00,0.72,213.67,23.80,2.75,2.96,95.36,0.00,0.87,214.30,24.34,8.18,9.02,93.90,0.00,3.03
2026-01-17 04:30:00,2026-01-17 04:30:59,Meter 1,214.36,43.79,3.45,5.36,90.14,0.00,1.66,214.67,23.57,2.29,2.94,92.55,0.00,0.94,213.68,41.89,3.68,5.20,92.03,0.00,1.56,214.24,36.42,9.42,13.49,91.58,0.00,4.16
2026-01-17 04:31:00,2026-01-17 04:31:59,Meter 1,213.81,116.32,12.83,14.23,94.90,0.00,-4.26,214.16,106.97,11.56,13.28,89.14,0.00,5.88,213.93,44.12,3.64,5.48,98.63,0.00,0.61,213.96,89.14,28.03,32.99,94.22,0.00,2.22
2026-01-17 04:32:00,2026-01-17 04:32:59,Meter 1,213.75,131.35,14.74,16.06,94.47,0.00,-5.12,214.16,129.93,14.34,16.13,90.11,0.00,6.90,213.92,48.70,5.16,6.05,98.27,0.00,0.97,213.94,103.33,34.24,38.24,94.28,0.00,2.76
2026-01-17 04:33:00,2026-01-17 04:33:59,Meter 1,213.57,127.68,14.81,15.59,96.68,0.00,-3.91,214.21,129.42,14.11,16.06,88.61,0.00,7.38,213.63,64.87,6.49,8.05,90.53,0.00,3.04,213.80,107.32,35.40,39.70,91.94,0.00,6.51
2026-01-17 04:34:00,2026-01-17 04:34:59,Meter 1,213.85,75.96,9.02,9.28,99.90,0.00,-0.40,214.27,85.42,9.31,10.62,89.44,0.00,4.65,213.59,61.21,6.41,7.60,88.84,0.00,3.31,213.90,74.20,24.74,27.49,92.73,0.00,7.57
2026-01-17 04:35:00,2026-01-17 04:35:59,Meter 1,213.91,78.70,8.75,9.62,99.98,0.00,0.16,214.49,69.72,7.53,8.67,94.63,0.00,2.57,213.70,65.86,7.02,8.18,95.97,0.00,2.05,214.03,71.43,23.29,26.47,96.86,0.00,4.78
2026-01-17 04:36:00,2026-01-17 04:36:59,Meter 1,213.88,72.45,7.83,8.85,99.63,0.00,0.68,214.26,67.70,7.22,8.42,90.84,0.00,3.32,213.51,60.98,6.34,7.56,91.04,0.00,2.88,213.88,67.05,21.39,24.83,93.84,0.00,6.88
2026-01-17 04:37:00,2026-01-17 04:37:59,Meter 1,213.92,80.69,8.50,9.85,99.99,0.00,-0.11,214.24,70.44,7.41,8.76,96.24,0.00,2.09,213.41,69.20,7.17,8.58,96.92,0.00,1.82,213.86,73.44,23.08,27.19,97.72,0.00,3.81
2026-01-17 04:38:00,2026-01-17 04:38:59,Meter 1,213.97,89.74,10.16,10.97,98.71,0.00,-1.65,213.91,91.14,9.88,11.32,90.13,0.00,4.75,213.50,63.40,5.87,7.85,93.26,0.00,2.27,213.79,81.43,25.91,30.14,94.04,0.00,5.37
2026-01-17 04:39:00,2026-01-17 04:39:59,Meter 1,214.03,80.41,8.78,9.83,99.85,0.00,-0.47,213.95,66.31,7.18,8.24,94.97,0.00,2.37,213.58,68.98,7.07,8.55,98.05,0.00,1.42,213.85,71.90,23.03,26.62,97.62,0.00,3.31
2026-01-17 04:40:00,2026-01-17 04:40:59,Meter 1,213.70,93.39,11.01,11.41,98.85,0.00,-1.68,213.97,87.67,9.75,10.88,91.70,0.00,4.24,213.55,63.28,7.17,7.84,94.90,0.00,2.38,213.74,81.44,27.93,30.13,95.15,0.00,4.94
2026-01-17 04:41:00,2026-01-17 04:41:59,Meter 1,213.84,84.28,9.81,10.30,98.32,0.00,-1.82,214.10,66.64,7.69,8.27,98.64,0.00,1.28,213.65,64.77,7.46,8.03,99.99,0.00,0.12,213.86,71.90,24.96,26.61,98.98,0.00,-0.43
2026-01-17 04:42:00,2026-01-17 04:42:59,Meter 1,213.81,65.56,7.59,8.00,99.72,0.00,0.57,213.97,54.27,6.04,6.74,94.78,0.00,2.03,213.26,57.02,5.97,7.06,98.67,0.00,0.98,213.68,58.95,19.60,21.81,97.72,0.00,3.58
2026-01-17 04:43:00,2026-01-17 04:43:59,Meter 1,213.94,77.35,8.95,9.44,99.96,0.00,-0.24,214.34,61.18,6.77,7.61,99.30,0.00,0.81,213.35,61.98,6.90,7.69,99.94,0.00,-0.24,213.88,66.84,22.63,24.74,99.73,0.00,0.32
2026-01-17 04:44:00,2026-01-17 04:44:59,Meter 1,213.79,92.12,11.01,11.25,99.91,0.00,0.47,214.31,78.19,8.65,9.72,91.46,0.00,3.82,213.56,55.72,6.42,6.91,98.01,0.00,1.30,213.89,75.34,26.08,27.88,96.46,0.00,5.60
2026-01-17 04:45:00,2026-01-17 04:45:59,Meter 1,213.95,74.10,7.72,9.06,99.88,0.00,0.38,213.93,62.97,6.81,7.82,97.10,0.00,1.68,213.49,69.78,7.35,8.65,99.46,0.00,0.76,213.79,68.95,21.88,25.52,98.82,0.00,2.82
2026-01-17 04:46:00,2026-01-17 04:46:59,Meter 1,213.98,65.05,6.32,7.95,97.40,0.00,1.47,213.98,64.02,6.67,7.95,89.53,0.00,3.32,213.59,67.96,6.70,8.42,94.31,0.00,2.36,213.85,65.68,19.69,24.33,93.75,0.00,7.15
2026-01-17 04:47:00,2026-01-17 04:47:59,Meter 1,213.97,72.67,7.39,8.88,98.46,0.00,1.31,214.12,57.81,6.21,7.18,96.78,0.00,1.62,213.54,80.60,8.56,9.99,99.14,0.00,1.13,213.88,70.36,22.17,26.06,98.13,0.00,4.06
2026-01-17 04:48:00,2026-01-17 04:48:59,Meter 1,213.58,77.48,8.71,9.46,98.21,0.00,1.67,214.19,70.16,7.47,8.71,90.32,0.00,3.55,213.52,64.89,6.80,8.05,94.00,0.00,2.47,213.76,70.84,22.99,26.22,94.18,0.00,7.69
2026-01-17 04:49:00,2026-01-17 04:49:59,Meter 1,213.55,65.11,7.15,7.94,100.00,0.00,0.00,214.26,64.25,6.98,7.98,92.04,0.00,2.97,213.50,64.94,6.98,8.06,94.29,0.00,2.47,213.77,64.77,21.11,23.98,95.44,0.00,5.43
2026-01-17 04:50:00,2026-01-17 04:50:59,Meter 1,213.43,58.76,6.49,7.16,96.74,0.00,1.70,214.32,46.17,4.83,5.73,92.34,0.00,2.01,213.39,65.20,7.11,8.09,91.27,0.00,3.19,213.71,56.71,18.43,20.99,93.45,0.00,6.89
2026-01-17 04:51:00,2026-01-17 04:51:59,Meter 1,213.41,83.92,9.48,10.24,99.90,0.00,-0.43,214.06,68.14,7.54,8.45,96.73,0.00,1.98,213.38,70.02,7.64,8.68,98.51,0.00,1.33,213.61,74.03,24.66,27.37,98.38,0.00,2.88
2026-01-17 04:52:00,2026-01-17 04:52:59,Meter 1,213.65,72.28,8.53,8.82,99.89,0.00,0.41,213.94,71.19,7.97,8.84,92.54,0.00,3.26,213.25,66.89,7.45,8.28,92.41,0.00,3.08,213.61,70.12,23.94,25.94,94.94,0.00,6.75
2026-01-17 04:53:00,2026-01-17 04:53:59,Meter 1,213.59,69.40,7.00,8.47,99.86,0.00,0.36,213.96,52.15,5.46,6.47,99.12,0.00,0.73,213.22,73.27,7.61,9.08,98.50,0.00,1.33,213.59,64.94,20.08,24.01,99.16,0.00,2.43
2026-01-17 04:54:00,2026-01-17 04:54:59,Meter 1,213.84,52.78,5.84,6.44,96.44,0.00,1.60,214.17,36.71,3.63,4.56,91.56,0.00,1.60,213.23,61.19,6.68,7.58,91.65,0.00,2.92,213.75,50.23,16.16,18.59,93.22,0.00,6.11
2026-01-17 04:55:00,2026-01-17 04:55:59,Meter 1,213.98,58.35,6.05,7.12,99.34,0.00,0.70,214.20,48.30,4.84,6.01,94.80,0.00,1.62,213.10,58.51,6.13,7.25,92.25,0.00,2.57,213.76,55.05,17.02,20.37,95.46,0.00,4.89
2026-01-17 04:56:00,2026-01-17 04:56:59,Meter 1,213.99,62.79,6.76,7.66,99.80,0.00,0.43,214.26,50.67,4.90,6.30,95.00,0.00,1.61,213.01,56.12,5.68,6.95,93.13,0.00,2.22,213.75,56.52,17.34,20.91,95.97,0.00,4.26
2026-01-17 04:57:00,2026-01-17 04:57:59,Meter 1,213.43,105.25,11.83,12.83,98.46,0.00,-2.10,213.93,98.11,10.98,12.17,93.80,0.00,4.06,213.12,68.49,6.95,8.48,95.36,0.00,2.19,213.49,90.62,29.76,33.48,95.87,0.00,4.15
2026-01-17 04:58:00,2026-01-17 04:58:59,Meter 1,213.59,66.11,7.52,8.06,99.73,0.00,0.55,214.12,52.21,5.55,6.48,99.62,0.00,0.49,212.98,69.94,7.71,8.66,96.00,0.00,2.25,213.56,62.75,20.77,23.20,98.45,0.00,3.29
2026-01-17 04:59:00,2026-01-17 04:59:59,Meter 1,213.91,94.85,11.07,11.58,99.98,0.00,-0.21,213.84,96.00,10.32,11.93,90.29,0.00,4.91,213.07,81.98,8.33,10.14,89.36,0.00,4.18,213.61,90.94,29.71,33.64,93.21,0.00,8.88
2026-01-17 05:00:00,2026-01-17 05:00:59,Meter 1,213.71,102.27,8.34,12.49,99.29,0.00,-1.00,213.96,72.68,7.82,9.02,99.26,0.00,0.96,213.43,76.16,8.13,9.44,98.73,0.00,1.31,213.70,83.70,24.29,30.95,99.09,0.00,1.26
2026-01-17 05:01:00,2026-01-17 05:01:59,Meter 1,213.89,88.89,7.67,10.86,99.67,0.00,-0.62,213.97,59.88,6.73,7.44,99.97,0.00,0.16,213.44,74.93,8.30,9.28,99.50,0.00,0.83,213.77,74.56,22.69,27.58,99.72,0.00,0.36
2026-01-17 05:02:00,2026-01-17 05:02:59,Meter 1,213.85,60.67,7.06,7.41,99.33,0.00,-0.82,214.01,64.77,7.69,8.05,98.72,0.00,1.24,213.35,66.44,7.84,8.23,98.30,0.00,1.46,213.74,63.96,22.60,23.69,98.78,0.00,1.88
2026-01-17 05:03:00,2026-01-17 05:03:59,Meter 1,213.76,90.17,7.74,11.01,99.62,0.00,-0.67,214.12,54.33,5.79,6.75,99.39,0.00,-0.64,213.29,64.45,6.65,7.99,99.43,0.00,-0.71,213.72,69.65,20.18,25.74,99.48,0.00,-2.02
2026-01-17 05:04:00,2026-01-17 05:04:59,Meter 1,213.54,95.17,9.44,11.61,98.99,0.00,-1.35,213.90,66.69,7.83,8.27,99.43,0.00,0.84,213.23,72.06,8.00,8.93,99.48,0.00,-0.82,213.56,77.97,25.27,28.81,99.30,0.00,-1.34
2026-01-17 05:05:00,2026-01-17 05:05:59,Meter 1,213.47,98.44,8.90,12.01,99.42,0.00,-0.96,214.08,60.80,6.22,7.54,99.93,0.00,-0.23,213.58,63.14,6.44,7.83,98.57,0.00,-1.10,213.71,74.13,21.55,27.39,99.31,0.00,-2.29
2026-01-17 05:06:00,2026-01-17 05:06:59,Meter 1,213.58,64.86,7.54,7.92,98.39,0.00,-1.37,214.12,63.69,7.57,7.90,99.14,0.00,1.00,213.63,46.62,5.31,5.78,99.87,0.00,0.27,213.78,58.39,20.42,21.61,99.13,0.00,-0.10
2026-01-17 05:07:00,2026-01-17 05:07:59,Meter 1,213.59,67.42,7.89,8.23,99.58,0.00,-0.73,214.14,63.60,7.55,7.89,99.89,0.00,0.36,213.67,52.15,6.09,6.47,99.32,0.00,0.71,213.80,61.06,21.53,22.60,99.60,0.00,0.34
2026-01-17 05:08:00,2026-01-17 05:08:59,Meter 1,213.74,88.84,7.27,10.85,99.98,0.00,-0.15,214.16,56.58,5.49,7.03,99.58,0.00,-0.50,213.52,65.90,6.48,8.17,100.00,0.00,-0.04,213.81,70.44,19.24,26.05,99.85,0.00,-0.69
2026-01-17 05:09:00,2026-01-17 05:09:59,Meter 1,213.72,70.48,7.47,8.61,93.06,0.00,-2.94,214.10,70.26,8.30,8.72,99.58,0.00,0.76,213.61,59.28,6.96,7.35,100.00,0.00,-0.00,213.81,66.68,22.73,24.69,97.55,0.00,-2.18
2026-01-17 05:10:00,2026-01-17 05:10:59,Meter 1,213.56,89.67,7.45,10.95,93.84,0.00,-2.74,214.12,75.18,8.50,9.33,98.78,0.00,1.34,213.55,66.49,6.87,8.25,99.23,0.00,0.86,213.75,77.11,22.82,28.52,97.28,0.00,-0.54
2026-01-17 05:11:00,2026-01-17 05:11:59,Meter 1,213.38,108.00,9.82,13.18,95.16,0.00,-3.17,213.84,99.59,11.18,12.34,93.78,0.00,4.14,213.47,61.92,6.40,7.67,98.23,0.00,1.22,213.56,89.83,27.39,33.20,95.72,0.00,2.19
2026-01-17 05:12:00,2026-01-17 05:12:59,Meter 1,213.25,93.70,10.36,11.43,94.47,0.00,-3.60,214.14,80.02,9.34,9.92,98.53,0.00,1.62,213.51,68.91,7.38,8.55,99.47,0.00,-0.77,213.63,80.87,27.08,29.90,97.49,0.00,-2.74
2026-01-17 05:13:00,2026-01-17 05:13:59,Meter 1,213.15,107.03,9.97,13.05,95.22,0.00,-3.20,214.01,83.46,9.50,10.34,97.67,0.00,2.09,213.47,68.85,7.45,8.54,99.51,0.00,-0.74,213.54,86.44,26.92,31.93,97.47,0.00,-1.85
2026-01-17 05:14:00,2026-01-17 05:14:59,Meter 1,213.30,109.76,12.46,13.39,94.92,0.00,-4.13,213.92,94.71,11.05,11.74,96.55,0.00,2.98,213.56,63.44,7.48,7.87,99.65,0.00,-0.63,213.59,89.31,30.98,33.00,97.04,0.00,-1.78
2026-01-17 05:15:00,2026-01-17 05:15:59,Meter 1,213.39,112.12,11.57,13.68,95.35,0.00,-3.66,214.17,103.14,11.90,12.80,97.89,0.00,2.48,213.60,58.09,6.32,7.21,99.83,0.00,0.37,213.72,91.12,29.79,33.69,97.69,0.00,-0.81
2026-01-17 05:16:00,2026-01-17 05:16:59,Meter 1,213.27,99.85,11.67,12.18,98.17,0.00,-2.26,214.03,84.10,9.84,10.42,97.51,0.00,2.24,213.64,56.87,6.66,7.06,99.79,0.00,-0.44,213.65,80.27,28.17,29.66,98.49,0.00,-0.46
2026-01-17 05:17:00,2026-01-17 05:17:59,Meter 1,213.56,66.18,7.41,8.08,99.78,0.00,-0.49,214.06,68.84,8.02,8.54,96.99,0.00,2.01,213.46,53.07,5.83,6.58,96.93,0.00,1.48,213.69,62.70,21.27,23.20,97.90,0.00,3.00
2026-01-17 05:18:00,2026-01-17 05:18:59,Meter 1,213.06,93.64,10.13,11.43,98.53,0.00,-1.76,213.89,73.70,8.71,9.12,97.95,0.00,1.79,213.93,59.54,6.04,7.39,99.85,0.00,-0.33,213.63,75.63,24.88,27.95,98.78,0.00,-0.30
2026-01-17 05:19:00,2026-01-17 05:19:59,Meter 1,213.05,100.72,9.80,12.30,96.71,0.00,-2.58,213.93,73.44,8.42,9.09,99.11,0.00,1.13,213.88,66.32,6.28,8.23,98.67,0.00,-1.03,213.62,80.16,24.50,29.62,98.16,0.00,-2.48
2026-01-17 05:20:00,2026-01-17 05:20:59,Meter 1,213.34,77.23,7.86,9.43,97.46,0.00,-1.80,213.82,64.51,7.19,7.99,97.71,0.00,1.57,213.71,45.31,4.82,5.62,98.24,0.00,0.92,213.62,62.35,19.87,23.04,97.81,0.00,0.68
2026-01-17 05:21:00,2026-01-17 05:21:59,Meter 1,213.65,77.90,5.91,9.52,96.53,0.00,-1.60,213.86,55.91,5.09,6.93,99.95,0.00,0.15,213.74,49.30,4.07,6.11,99.87,0.00,-0.21,213.75,61.04,15.07,22.57,98.79,0.00,-1.65
2026-01-17 05:22:00,2026-01-17 05:22:59,Meter 1,213.45,120.26,12.37,14.69,95.43,0.00,-3.87,213.87,89.43,9.71,11.08,99.47,0.00,1.00,213.79,79.91,7.94,9.91,98.88,0.00,-1.20,213.70,96.53,30.02,35.69,97.93,0.00,-4.07
2026-01-17 05:23:00,2026-01-17 05:23:59,Meter 1,213.58,51.40,5.40,6.28,90.23,0.00,-2.58,213.68,58.06,6.32,7.20,92.10,0.00,2.68,213.59,30.61,2.84,3.79,88.31,0.00,1.51,213.62,46.69,14.57,17.27,90.21,0.00,1.60
2026-01-17 05:24:00,2026-01-17 05:24:59,Meter 1,213.42,90.26,10.02,11.02,93.79,0.00,-3.71,213.81,64.52,7.37,8.00,99.93,0.00,0.27,213.56,62.18,6.92,7.71,97.62,0.00,-1.54,213.60,72.32,24.31,26.72,97.11,0.00,-4.97
2026-01-17 05:25:00,2026-01-17 05:25:59,Meter 1,213.50,61.51,5.95,7.51,84.53,0.00,-3.76,213.71,65.55,7.32,8.12,93.11,0.00,2.87,213.61,34.43,3.42,4.27,94.92,0.00,1.13,213.61,53.83,16.69,19.90,90.85,0.00,0.24
2026-01-17 05:26:00,2026-01-17 05:26:59,Meter 1,213.37,108.85,10.42,13.29,94.56,0.00,-3.58,213.94,79.36,8.92,9.84,99.67,0.00,0.72,213.58,83.18,7.96,10.32,98.37,0.00,-1.46,213.63,90.46,27.30,33.44,97.53,0.00,-4.32
2026-01-17 05:27:00,2026-01-17 05:27:59,Meter 1,213.36,103.99,9.37,12.69,97.18,0.00,-2.27,213.91,78.09,8.17,9.68,99.25,0.00,1.00,213.47,64.12,6.29,7.95,99.50,0.00,-0.63,213.58,82.07,23.84,30.32,98.64,0.00,-1.90
2026-01-17 05:28:00,2026-01-17 05:28:59,Meter 1,213.44,58.74,5.76,7.17,94.29,0.00,-2.04,213.82,57.27,6.35,7.10,93.06,0.00,2.50,213.42,28.11,2.42,3.48,98.80,0.00,0.38,213.56,48.04,14.53,17.75,95.38,0.00,0.84
2026-01-17 05:29:00,2026-01-17 05:29:59,Meter 1,213.59,106.45,9.38,13.00,96.77,0.00,-2.44,213.83,74.14,8.13,9.19,98.76,0.00,1.29,213.58,65.03,5.56,8.06,96.70,0.00,-1.46,213.67,81.87,23.07,30.26,97.41,0.00,-2.62
2026-01-17 05:30:00,2026-01-17 05:30:59,Meter 1,213.57,95.07,9.41,11.62,90.18,0.00,-4.51,213.56,89.47,10.21,11.09,94.56,0.00,3.51,213.68,44.15,3.95,5.47,97.76,0.00,0.85,213.60,76.23,23.57,28.17,94.17,0.00,-0.15
2026-01-17 05:31:00,2026-01-17 05:31:59,Meter 1,213.71,87.44,7.53,10.68,98.37,0.00,-1.38,213.91,62.25,6.78,7.72,99.91,0.00,0.29,213.50,72.11,6.76,8.94,99.94,0.00,-0.23,213.70,73.93,21.07,27.34,99.41,0.00,-1.31
2026-01-17 05:32:00,2026-01-17 05:32:59,Meter 1,213.52,70.59,6.94,8.62,100.00,0.00,-0.06,213.98,56.98,6.08,7.07,96.73,0.00,1.60,213.51,50.71,5.36,6.29,91.85,0.00,2.31,213.67,59.43,18.38,21.97,96.19,0.00,3.85
2026-01-17 05:33:00,2026-01-17 05:33:59,Meter 1,213.38,53.86,6.20,6.57,99.44,0.00,0.66,213.87,51.03,5.36,6.33,90.58,0.00,2.51,213.42,40.19,3.58,4.98,78.68,0.00,2.81,213.56,48.36,15.14,17.88,89.57,0.00,5.98
2026-01-17 05:34:00,2026-01-17 05:34:59,Meter 1,213.07,115.51,12.53,14.08,98.14,0.00,-2.45,213.85,86.70,9.80,10.74,99.03,0.00,1.38,213.40,77.21,7.73,9.57,98.38,0.00,-1.41,213.44,93.14,30.06,34.39,98.52,0.00,-2.48
2026-01-17 05:35:00,2026-01-17 05:35:59,Meter 1,213.65,84.15,8.73,10.28,99.12,0.00,-1.16,213.80,65.30,6.72,8.10,99.63,0.00,-0.58,213.37,80.16,7.89,9.93,99.72,0.00,-0.59,213.61,76.54,23.34,28.30,99.49,0.00,-2.33
2026-01-17 05:36:00,2026-01-17 05:36:59,Meter 1,212.91,130.83,13.98,15.95,95.45,0.00,-4.37,213.59,95.68,11.04,11.83,98.44,0.00,1.97,213.51,74.64,7.83,9.25,97.10,0.00,-1.93,213.34,100.38,32.85,37.03,97.00,0.00,-4.33
2026-01-17 05:37:00,2026-01-17 05:37:59,Meter 1,213.11,99.02,9.06,12.06,97.03,0.00,-2.26,213.79,67.15,7.38,8.32,99.69,0.00,0.58,213.21,76.71,7.53,9.50,99.61,0.00,-0.67,213.37,80.96,23.97,29.88,98.78,0.00,-2.35
2026-01-17 05:38:00,2026-01-17 05:38:59,Meter 1,213.33,83.54,7.99,10.19,98.15,0.00,-1.56,214.04,58.17,5.87,7.21,96.17,0.00,-1.67,213.33,80.38,9.44,9.97,99.58,0.00,-0.86,213.57,74.03,23.31,27.36,97.97,0.00,-4.10
2026-01-17 05:39:00,2026-01-17 05:39:59,Meter 1,213.42,41.83,4.14,5.11,96.28,0.00,-1.16,213.54,41.66,4.44,5.16,95.48,0.00,1.38,213.37,45.90,4.46,5.68,88.77,0.00,2.31,213.44,43.13,13.04,15.95,93.51,0.00,2.54
2026-01-17 05:40:00,2026-01-17 05:40:59,Meter 1,213.53,74.10,5.51,9.05,96.02,0.00,-1.60,213.71,53.43,4.99,6.62,99.99,0.00,-0.07,213.55,59.05,5.59,7.31,98.96,0.00,0.81,213.60,62.19,16.09,22.99,98.33,0.00,-0.86
2026-01-17 05:41:00,2026-01-17 05:41:59,Meter 1,213.62,82.74,5.48,10.10,98.38,0.00,-1.00,213.87,54.57,5.21,6.77,99.62,0.00,0.46,213.54,60.92,5.47,7.55,97.30,0.00,1.30,213.68,66.08,16.16,24.42,98.43,0.00,0.76
2026-01-17 05:42:00,2026-01-17 05:42:59,Meter 1,213.70,72.67,5.75,8.87,98.19,0.00,-1.11,213.79,56.83,5.14,7.05,99.91,0.00,-0.22,213.31,57.95,6.08,7.17,98.17,0.00,1.18,213.60,62.48,16.97,23.10,98.76,0.00,-0.15
2026-01-17 05:43:00,2026-01-17 05:43:59,Meter 1,213.65,93.00,7.79,11.35,98.47,0.00,-1.38,214.11,64.34,5.84,7.99,97.72,0.00,-1.27,213.33,84.75,8.17,10.50,99.45,0.00,-0.86,213.70,80.69,21.80,29.84,98.55,0.00,-3.51
2026-01-17 05:44:00,2026-01-17 05:44:59,Meter 1,213.60,89.73,7.55,10.95,99.02,0.00,-1.07,214.05,59.69,5.41,7.41,96.32,0.00,-1.51,213.41,87.08,9.18,10.79,99.94,0.00,0.32,213.69,78.83,22.15,29.15,98.43,0.00,-2.25
2026-01-17 05:45:00,2026-01-17 05:45:59,Meter 1,213.52,86.89,6.61,10.60,98.59,0.00,-1.12,213.91,54.45,5.44,6.76,99.81,0.00,-0.33,213.14,79.60,8.09,9.85,99.66,0.00,0.67,213.52,73.64,20.14,27.21,99.35,0.00,-0.79
2026-01-17 05:46:00,2026-01-17 05:46:59,Meter 1,213.34,110.92,11.10,13.52,94.69,0.00,-3.77,213.90,89.43,10.21,11.09,98.91,0.00,1.52,213.11,90.65,9.24,11.23,100.00,0.00,0.08,213.45,97.00,30.55,35.84,97.86,0.00,-2.17
2026-01-17 05:47:00,2026-01-17 05:47:59,Meter 1,213.53,90.26,8.38,11.00,99.67,0.00,-0.69,214.16,65.82,6.81,8.17,99.97,0.00,-0.16,213.13,94.27,9.92,11.68,99.98,0.00,0.18,213.61,83.45,25.12,30.86,99.87,0.00,-0.66
2026-01-17 05:48:00,2026-01-17 05:48:59,Meter 1,213.37,55.82,4.36,6.81,99.31,0.00,-0.51,213.79,47.02,4.81,5.83,96.99,0.00,1.21,213.25,41.11,4.15,5.09,91.87,0.00,1.78,213.47,47.98,13.32,17.73,96.06,0.00,2.48
2026-01-17 05:49:00,2026-01-17 05:49:59,Meter 1,213.24,93.68,9.60,11.41,99.98,0.00,0.18,213.94,65.09,6.64,8.07,99.97,0.00,0.17,212.97,74.84,6.84,9.27,99.97,0.00,0.16,213.38,77.87,23.07,28.75,99.97,0.00,0.51
2026-01-17 05:50:00,2026-01-17 05:50:59,Meter 1,212.95,108.41,11.16,13.20,99.83,0.00,-0.64,213.94,75.01,8.23,9.29,99.89,0.00,0.38,213.15,86.93,8.36,10.77,98.32,0.00,-1.55,213.35,90.12,27.74,33.26,99.35,0.00,-1.81
2026-01-17 05:51:00,2026-01-17 05:51:59,Meter 1,213.14,75.79,7.94,9.24,99.98,0.00,-0.15,213.95,57.23,5.44,7.09,98.55,0.00,-0.94,213.47,77.69,7.54,9.63,97.99,0.00,-1.53,213.52,70.23,20.92,25.97,98.84,0.00,-2.62
2026-01-17 05:52:00,2026-01-17 05:52:59,Meter 1,213.18,94.62,10.96,11.55,97.18,0.00,-2.66,213.61,70.40,8.12,8.71,99.46,0.00,-0.85,213.58,76.01,8.32,9.42,93.83,0.00,-3.07,213.46,80.34,27.39,29.68,96.82,0.00,-6.57
2026-01-17 05:53:00,2026-01-17 05:53:59,Meter 1,213.19,88.70,4.13,10.82,92.41,0.00,-1.71,213.74,52.78,4.48,6.54,99.78,0.00,0.29,213.47,55.55,3.84,6.88,99.04,0.00,-0.54,213.47,65.68,12.45,24.24,97.08,0.00,-1.95
2026-01-17 05:54:00,2026-01-17 05:54:59,Meter 1,213.34,40.35,4.04,4.92,97.92,0.00,-0.84,213.75,42.96,4.77,5.32,99.69,0.00,0.38,213.21,43.23,4.65,5.35,94.92,0.00,1.54,213.43,42.18,13.45,15.60,97.51,0.00,1.08
2026-01-17 05:55:00,2026-01-17 05:55:59,Meter 1,213.45,70.82,4.13,8.63,96.14,0.00,-1.18,213.90,48.11,4.89,5.97,97.76,0.00,1.05,213.06,46.62,3.95,5.77,93.87,0.00,1.45,213.47,55.18,12.96,20.37,95.92,0.00,1.32
2026-01-17 05:56:00,2026-01-17 05:56:59,Meter 1,213.11,111.79,10.65,13.64,95.46,0.00,-3.32,213.54,77.81,8.52,9.63,99.11,0.00,1.15,213.40,76.76,7.96,9.50,99.18,0.00,-1.03,213.35,88.78,27.12,32.77,97.91,0.00,-3.20
2026-01-17 05:57:00,2026-01-17 05:57:59,Meter 1,213.28,87.06,8.35,10.62,98.29,0.00,-1.57,213.86,63.39,6.10,7.86,99.43,0.00,-0.66,213.40,84.44,8.53,10.46,99.27,0.00,-1.04,213.51,78.29,22.99,28.94,98.99,0.00,-3.26
2026-01-17 05:58:00,2026-01-17 05:58:59,Meter 1,213.34,84.29,4.54,10.28,97.53,0.00,-1.03,213.86,59.94,5.56,7.43,97.85,0.00,1.17,213.28,63.16,5.31,7.82,96.38,0.00,1.47,213.50,69.13,15.41,25.53,97.25,0.00,1.61
2026-01-17 05:59:00,2026-01-17 05:59:59,Meter 1,213.27,60.11,5.07,7.33,96.19,0.00,-1.44,213.77,47.14,5.37,5.84,99.23,0.00,0.67,213.30,57.23,6.23,7.09,100.00,0.00,-0.01,213.45,54.83,16.66,20.26,98.47,0.00,-0.78
2026-01-17 06:00:00,2026-01-17 06:00:59,Meter 1,213.14,56.30,6.16,6.87,99.80,0.00,0.39,213.35,63.71,6.65,7.88,88.96,0.00,3.42,213.26,61.30,6.09,7.58,90.92,0.00,2.79,213.25,60.44,18.91,22.33,93.23,0.00,6.60
2026-01-17 06:01:00,2026-01-17 06:01:59,Meter 1,213.45,59.56,6.62,7.26,98.71,0.00,1.07,213.52,54.60,5.68,6.77,89.19,0.00,2.88,212.95,52.68,5.80,6.51,93.67,0.00,2.17,213.31,55.61,18.10,20.54,93.86,0.00,6.12
2026-01-17 06:02:00,2026-01-17 06:02:59,Meter 1,213.22,61.11,6.77,7.45,97.96,0.00,1.39,213.57,53.72,5.69,6.65,90.18,0.00,2.73,213.02,48.89,5.14,6.05,89.32,0.00,2.59,213.27,54.57,17.61,20.15,92.49,0.00,6.71
2026-01-17 06:03:00,2026-01-17 06:03:59,Meter 1,213.14,49.21,5.31,5.99,98.54,0.00,0.92,213.75,36.83,4.10,4.56,99.81,0.00,0.26,212.82,50.88,5.88,6.29,99.26,0.00,0.72,213.23,45.64,15.29,16.85,99.20,0.00,1.89
2026-01-17 06:04:00,2026-01-17 06:04:59,Meter 1,213.14,66.74,7.43,8.12,99.66,0.00,0.61,213.74,53.13,5.36,6.58,96.54,0.00,1.45,212.85,59.29,6.06,7.33,96.55,0.00,1.63,213.24,59.72,18.85,22.04,97.58,0.00,3.70
2026-01-17 06:05:00,2026-01-17 06:05:59,Meter 1,212.69,79.89,9.18,9.72,99.86,0.00,-0.49,213.59,68.79,7.33,8.51,93.21,0.00,2.85,212.98,59.23,6.08,7.33,95.65,0.00,1.85,213.09,69.30,22.59,25.56,96.24,0.00,4.21
2026-01-17 06:06:00,2026-01-17 06:06:59,Meter 1,213.17,63.12,7.01,7.69,98.62,0.00,1.18,213.71,42.43,4.27,5.26,99.59,0.00,0.39,213.05,57.89,6.38,7.16,97.66,0.00,1.41,213.31,54.48,17.66,20.11,98.62,0.00,2.97
2026-01-17 06:07:00,2026-01-17 06:07:59,Meter 1,213.17,68.46,7.80,8.34,99.97,0.00,0.19,213.66,50.93,5.42,6.31,99.33,0.00,0.63,213.06,67.70,7.39,8.38,98.27,0.00,1.39,213.30,62.36,20.61,23.03,99.19,0.00,2.22
2026-01-17 06:08:00,2026-01-17 06:08:59,Meter 1,212.89,68.89,7.66,8.39,99.99,0.00,-0.09,213.60,58.10,6.15,7.19,97.02,0.00,1.54,212.99,67.23,7.27,8.32,96.52,0.00,1.97,213.16,64.74,21.08,23.89,97.84,0.00,3.41
2026-01-17 06:09:00,2026-01-17 06:09:59,Meter 1,212.97,63.78,7.00,7.77,99.78,0.00,-0.47,213.58,59.00,6.58,7.30,94.79,0.00,2.21,213.09,63.29,7.04,7.83,94.52,0.00,2.43,213.21,62.02,20.62,22.90,96.36,0.00,4.18
2026-01-17 06:10:00,2026-01-17 06:10:59,Meter 1,212.89,59.99,6.63,7.30,99.94,0.00,-0.23,213.44,66.66,7.28,8.25,91.31,0.00,3.25,212.86,60.94,6.68,7.53,92.26,0.00,2.79,213.06,62.53,20.60,23.08,94.50,0.00,5.81
2026-01-17 06:11:00,2026-01-17 06:11:59,Meter 1,213.19,56.94,5.85,6.93,99.98,0.00,0.12,213.54,61.38,6.59,7.60,91.06,0.00,2.99,212.70,62.46,6.46,7.72,89.94,0.00,3.14,213.14,60.26,18.90,22.25,93.66,0.00,6.26
2026-01-17 06:12:00,2026-01-17 06:12:59,Meter 1,213.05,90.18,10.20,10.97,99.57,0.00,-0.95,213.33,94.83,10.19,11.74,89.15,0.00,5.18,212.63,63.16,6.05,7.80,91.78,0.00,2.62,213.00,82.72,26.44,30.51,93.50,0.00,6.84
2026-01-17 06:13:00,2026-01-17 06:13:59,Meter 1,213.21,77.34,9.07,9.42,99.74,0.00,-0.65,213.47,69.61,8.01,8.62,96.91,0.00,2.04,212.77,69.34,8.21,8.57,99.69,0.00,0.65,213.15,72.09,25.29,26.61,98.78,0.00,2.04
2026-01-17 06:14:00,2026-01-17 06:14:59,Meter 1,213.23,70.17,7.21,8.55,99.98,0.00,0.15,213.46,58.57,6.45,7.25,96.64,0.00,1.72,212.80,62.63,6.16,7.74,97.35,0.00,1.45,213.16,63.79,19.82,23.54,97.99,0.00,3.31
2026-01-17 06:15:00,2026-01-17 06:15:59,Meter 1,212.99,85.84,9.78,10.44,99.92,0.00,-0.40,213.54,61.24,6.98,7.58,98.03,0.00,1.41,212.74,55.98,6.25,6.92,99.39,0.00,0.69,213.09,67.69,23.01,24.95,99.11,0.00,1.70
2026-01-17 06:16:00,2026-01-17 06:16:59,Meter 1,212.81,70.64,7.32,8.60,99.95,0.00,-0.23,213.46,60.97,6.41,7.54,91.35,0.00,2.85,212.95,57.55,5.13,7.12,92.92,0.00,2.04,213.07,63.05,18.86,23.25,94.74,0.00,4.66
2026-01-17 06:17:00,2026-01-17 06:17:59,Meter 1,213.05,70.23,7.79,8.55,99.86,0.00,-0.42,213.37,55.02,6.01,6.81,98.12,0.00,1.18,212.93,55.03,5.77,6.80,99.16,0.00,0.75,213.12,60.09,19.57,22.16,99.05,0.00,1.52
2026-01-17 06:18:00,2026-01-17 06:18:59,Meter 1,213.13,75.72,8.51,9.23,99.81,0.00,-0.53,213.40,55.19,5.94,6.83,99.39,0.00,0.66,213.03,60.12,6.66,7.43,99.82,0.00,0.40,213.19,63.67,21.10,23.49,99.67,0.00,0.53
2026-01-17 06:19:00,2026-01-17 06:19:59,Meter 1,213.09,65.54,7.20,7.98,99.27,0.00,0.88,213.46,55.79,5.66,6.91,90.79,0.00,2.62,212.87,63.52,6.25,7.85,91.90,0.00,2.68,213.14,61.62,19.12,22.74,93.98,0.00,6.18
2026-01-17 06:20:00,2026-01-17 06:20:59,Meter 1,212.92,70.98,8.03,8.65,99.98,0.00,0.16,213.38,64.05,6.74,7.92,91.10,0.00,3.05,213.08,60.91,6.07,7.53,94.80,0.00,2.04,213.13,65.31,20.84,24.10,95.29,0.00,5.25
2026-01-17 06:21:00,2026-01-17 06:21:59,Meter 1,212.76,80.88,9.35,9.85,99.94,0.00,0.32,213.37,63.08,6.62,7.80,94.56,0.00,2.28,213.19,62.45,6.79,7.73,99.18,0.00,0.88,213.11,68.80,22.76,25.37,97.89,0.00,3.47
2026-01-17 06:22:00,2026-01-17 06:22:59,Meter 1,213.04,73.25,8.28,8.93,99.00,0.00,1.18,213.08,67.07,7.02,8.29,88.12,0.00,3.77,213.02,58.32,5.93,7.20,90.78,0.00,2.74,213.04,66.21,21.23,24.42,92.63,0.00,7.69
2026-01-17 06:23:00,2026-01-17 06:23:59,Meter 1,212.88,77.57,8.42,9.44,99.96,0.00,0.23,213.25,70.61,7.43,8.73,88.55,0.00,3.90,212.95,59.38,5.89,7.34,91.88,0.00,2.53,213.03,69.19,21.74,25.51,93.46,0.00,6.66
2026-01-17 06:24:00,2026-01-17 06:24:59,Meter 1,212.94,72.36,8.22,8.81,99.92,0.00,0.34,213.41,67.41,7.05,8.34,89.33,0.00,3.55,212.86,57.84,5.43,7.15,94.99,0.00,1.79,213.07,65.87,20.70,24.30,94.75,0.00,5.67
2026-01-17 06:25:00,2026-01-17 06:25:59,Meter 1,212.92,74.72,8.60,9.09,99.85,0.00,0.48,213.51,62.10,6.46,7.68,93.22,0.00,2.51,212.89,59.26,6.23,7.33,97.36,0.00,1.46,213.11,65.36,21.29,24.11,96.81,0.00,4.45
2026-01-17 06:26:00,2026-01-17 06:26:59,Meter 1,212.68,85.62,10.10,10.42,99.82,0.00,-0.60,213.30,79.17,8.61,9.78,90.65,0.00,4.01,212.87,52.63,5.75,6.51,93.10,0.00,2.25,212.95,72.47,24.46,26.71,94.53,0.00,5.66
2026-01-17 06:27:00,2026-01-17 06:27:59,Meter 1,212.67,88.18,10.46,10.73,99.92,0.00,-0.41,213.30,63.87,7.13,7.89,93.43,0.00,2.72,212.87,56.56,6.65,6.99,99.94,0.00,0.24,212.95,69.53,24.25,25.61,97.76,0.00,2.54
2026-01-17 06:28:00,2026-01-17 06:28:59,Meter 1,212.77,70.88,7.53,8.62,99.60,0.00,0.67,213.47,50.75,5.43,6.28,96.39,0.00,1.50,212.75,63.51,6.16,7.85,98.47,0.00,1.09,213.00,61.71,19.12,22.75,98.15,0.00,3.26
2026-01-17 06:29:00,2026-01-17 06:29:59,Meter 1,212.68,102.67,12.00,12.49,99.92,0.00,-0.49,213.10,85.76,9.25,10.59,89.97,0.00,4.49,212.92,57.74,5.76,7.13,94.58,0.00,1.98,212.90,82.06,27.01,30.22,94.82,0.00,5.98
2026-01-17 06:30:00,2026-01-17 06:30:59,Meter 1,212.65,84.97,9.90,10.33,99.99,0.00,0.14,213.21,80.27,8.48,9.92,87.75,0.00,4.64,212.75,64.06,6.73,7.91,91.12,0.00,3.04,212.87,76.43,25.11,28.17,92.95,0.00,7.82
2026-01-17 06:31:00,2026-01-17 06:31:59,Meter 1,212.71,72.05,8.02,8.76,99.91,0.00,-0.34,213.14,63.17,6.77,7.81,90.74,0.00,3.13,212.70,72.48,7.59,8.95,95.65,0.00,2.31,212.85,69.23,22.38,25.52,95.44,0.00,5.11
2026-01-17 06:32:00,2026-01-17 06:32:59,Meter 1,212.65,79.97,8.87,9.72,99.99,0.00,-0.12,213.29,58.37,6.23,7.21,97.30,0.00,1.48,212.73,77.74,8.13,9.61,96.94,0.00,2.06,212.89,72.03,23.23,26.54,98.08,0.00,3.42
2026-01-17 06:33:00,2026-01-17 06:33:59,Meter 1,213.02,72.06,8.32,8.77,99.90,0.00,0.38,213.39,57.57,5.98,7.13,91.55,0.00,2.63,212.59,69.85,7.57,8.63,92.51,0.00,3.11,213.00,66.49,21.87,24.52,94.65,0.00,6.11
2026-01-17 06:34:00,2026-01-17 06:34:59,Meter 1,212.68,94.05,10.55,11.43,99.65,0.00,-0.88,213.08,79.98,8.65,9.88,91.35,0.00,3.85,212.55,76.70,7.73,9.47,90.77,0.00,3.58,212.77,83.58,26.93,30.78,93.92,0.00,6.55
2026-01-17 06:35:00,2026-01-17 06:35:59,Meter 1,212.74,81.39,9.32,9.91,100.00,0.00,-0.06,213.00,63.69,6.75,7.87,91.19,0.00,3.04,212.82,67.67,7.08,8.36,92.08,0.00,3.00,212.86,70.92,23.16,26.13,94.43,0.00,5.97
2026-01-17 06:36:00,2026-01-17 06:36:59,Meter 1,212.69,75.41,8.08,9.17,99.93,0.00,0.29,213.03,49.59,5.17,6.13,97.45,0.00,1.19,212.76,66.52,6.56,8.21,96.72,0.00,1.72,212.83,63.84,19.81,23.51,98.03,0.00,3.21
2026-01-17 06:37:00,2026-01-17 06:37:59,Meter 1,212.74,73.32,7.72,8.91,99.96,0.00,0.23,213.09,60.11,6.23,7.43,93.25,0.00,2.41,212.53,71.81,6.94,8.86,92.18,0.00,2.92,212.79,68.41,20.89,25.20,95.13,0.00,5.56
2026-01-17 06:38:00,2026-01-17 06:38:59,Meter 1,212.74,88.63,10.20,10.77,99.98,0.00,-0.19,213.16,69.39,7.49,8.58,93.08,0.00,2.94,212.52,69.60,7.53,8.59,94.74,0.00,2.55,212.81,75.87,25.23,27.94,95.93,0.00,5.30
2026-01-17 06:39:00,2026-01-17 06:39:59,Meter 1,212.41,104.42,12.13,12.68,99.42,0.00,-1.31,213.10,93.12,9.91,11.50,89.34,0.00,4.98,212.54,68.96,7.23,8.51,93.62,0.00,2.71,212.68,88.83,29.27,32.69,94.13,0.00,6.38
2026-01-17 06:40:00,2026-01-17 06:40:59,Meter 1,212.45,81.15,9.46,9.86,100.00,0.00,0.04,212.99,85.86,9.21,10.60,88.55,0.00,4.84,212.56,66.38,7.02,8.19,93.12,0.00,2.75,212.67,77.80,25.69,28.65,93.89,0.00,7.62
2026-01-17 06:41:00,2026-01-17 06:41:59,Meter 1,212.60,98.44,11.07,11.96,99.60,0.00,-0.99,213.08,91.98,10.11,11.36,91.90,0.00,4.33,212.42,75.02,7.98,9.26,96.59,0.00,2.14,212.70,88.48,29.16,32.58,96.03,0.00,5.48
2026-01-17 06:42:00,2026-01-17 06:42:59,Meter 1,212.96,69.81,8.14,8.49,99.83,0.00,0.48,213.25,68.15,7.11,8.43,87.11,0.00,4.01,212.58,67.98,7.24,8.39,88.14,0.00,3.88,212.93,68.65,22.48,25.32,91.69,0.00,8.37
2026-01-17 06:43:00,2026-01-17 06:43:59,Meter 1,213.03,71.41,7.50,8.69,99.97,0.00,0.17,213.19,65.03,6.70,8.05,91.06,0.00,3.04,212.62,76.40,7.66,9.43,92.48,0.00,3.15,212.95,70.95,21.85,26.17,94.50,0.00,6.36
2026-01-17 06:44:00,2026-01-17 06:44:59,Meter 1,213.01,74.70,7.70,9.09,99.18,0.00,-1.00,213.10,54.91,5.90,6.79,98.35,0.00,1.08,212.59,74.27,7.85,9.16,97.13,0.00,1.92,212.90,67.96,21.45,25.05,98.22,0.00,2.01
2026-01-17 06:45:00,2026-01-17 06:45:59,Meter 1,212.71,80.32,8.79,9.76,100.00,0.00,0.01,213.25,54.21,5.65,6.70,91.61,0.00,2.47,212.53,65.18,6.37,8.05,90.87,0.00,2.93,212.83,66.57,20.82,24.51,94.16,0.00,5.41
2026-01-17 06:46:00,2026-01-17 06:46:59,Meter 1,212.65,75.06,7.88,9.12,98.91,0.00,1.17,213.25,47.59,4.75,5.88,98.84,0.00,0.73,212.45,65.20,6.72,8.05,97.57,0.00,1.51,212.79,62.62,19.35,23.05,98.44,0.00,3.41
2026-01-17 06:47:00,2026-01-17 06:47:59,Meter 1,212.65,74.12,8.59,9.00,98.30,0.00,1.60,213.31,48.36,5.30,5.98,94.55,0.00,1.82,212.22,53.72,5.77,6.63,90.50,0.00,2.71,212.73,58.73,19.66,21.61,94.45,0.00,6.14
2026-01-17 06:48:00,2026-01-17 06:48:59,Meter 1,212.54,97.12,10.96,11.80,99.45,0.00,-1.15,213.19,65.66,7.43,8.11,98.21,0.00,1.43,212.52,76.91,8.87,9.50,99.90,0.00,0.40,212.75,79.90,27.26,29.41,99.19,0.00,0.68
2026-01-17 06:49:00,2026-01-17 06:49:59,Meter 1,212.21,100.66,11.35,12.22,99.99,0.00,0.14,212.95,79.04,8.62,9.75,92.50,0.00,3.54,212.47,71.88,7.38,8.87,95.52,0.00,2.29,212.55,83.86,27.35,30.84,96.00,0.00,5.97
2026-01-17 06:50:00,2026-01-17 06:50:59,Meter 1,212.32,86.46,9.40,10.50,99.14,0.00,1.24,213.04,70.64,7.48,8.72,92.16,0.00,3.15,212.45,74.40,7.39,9.18,93.25,0.00,2.86,212.60,77.17,24.26,28.40,94.85,0.00,7.25
2026-01-17 06:51:00,2026-01-17 06:51:59,Meter 1,212.76,66.88,7.24,8.13,98.76,0.00,1.15,213.21,52.73,5.46,6.52,91.26,0.00,2.45,212.49,68.05,6.74,8.40,91.77,0.00,2.92,212.82,62.55,19.43,23.05,93.93,0.00,6.51
2026-01-17 06:52:00,2026-01-17 06:52:59,Meter 1,212.31,66.42,7.46,8.06,99.64,0.00,0.63,212.90,61.83,6.61,7.63,90.14,0.00,3.17,212.45,69.31,7.60,8.55,93.71,0.00,2.83,212.56,65.85,21.67,24.24,94.50,0.00,6.63
2026-01-17 06:53:00,2026-01-17 06:53:59,Meter 1,212.70,69.28,7.67,8.42,98.96,0.00,1.12,213.07,59.04,6.02,7.30,89.17,0.00,3.05,212.35,67.95,7.14,8.38,91.82,0.00,3.08,212.71,65.43,20.83,24.10,93.32,0.00,7.25
2026-01-17 06:54:00,2026-01-17 06:54:59,Meter 1,212.59,73.94,8.34,8.98,99.02,0.00,1.18,213.20,51.75,5.13,6.40,88.07,0.00,2.76,212.33,71.73,7.81,8.85,93.47,0.00,2.97,212.71,65.80,21.29,24.23,93.52,0.00,6.91
2026-01-17 06:55:00,2026-01-17 06:55:59,Meter 1,212.49,72.45,7.79,8.80,100.00,0.00,0.07,213.09,61.81,6.69,7.63,91.98,0.00,2.85,212.58,74.83,7.36,9.24,89.79,0.00,3.61,212.72,69.70,21.84,25.67,93.92,0.00,6.53
2026-01-17 06:56:00,2026-01-17 06:56:59,Meter 1,212.32,97.04,11.44,11.79,98.68,0.00,-1.88,212.72,100.46,10.75,12.38,88.10,0.00,5.77,212.65,60.10,6.39,7.42,88.55,0.00,3.35,212.56,85.87,28.58,31.59,91.78,0.00,7.25
2026-01-17 06:57:00,2026-01-17 06:57:59,Meter 1,212.71,80.79,9.25,9.82,99.87,0.00,-0.47,212.93,62.01,6.77,7.66,92.96,0.00,2.68,212.47,60.74,6.69,7.49,97.00,0.00,1.68,212.70,67.85,22.71,24.97,96.61,0.00,3.89
2026-01-17 06:58:00,2026-01-17 06:58:59,Meter 1,212.60,66.87,7.18,8.12,99.94,0.00,0.26,213.02,53.28,5.71,6.58,92.37,0.00,2.37,212.40,57.79,5.57,7.13,93.45,0.00,2.12,212.67,59.31,18.46,21.83,95.25,0.00,4.75
2026-01-17 06:59:00,2026-01-17 06:59:59,Meter 1,212.31,102.66,11.82,12.48,98.81,0.00,-1.84,212.85,91.94,9.76,11.34,88.66,0.00,5.09,212.69,51.46,5.60,6.35,96.85,0.00,1.44,212.61,82.02,27.18,30.16,94.77,0.00,4.69
2026-01-17 07:00:00,2026-01-17 07:00:59,Meter 1,212.55,87.91,10.30,10.69,99.91,0.00,-0.43,212.98,60.26,6.76,7.44,97.96,0.00,1.39,212.69,56.16,6.33,6.93,99.84,0.00,0.36,212.74,68.11,23.39,25.06,99.24,0.00,1.31
2026-01-17 07:01:00,2026-01-17 07:01:59,Meter 1,212.29,66.69,6.88,8.10,97.09,0.00,1.70,212.85,48.60,5.04,5.99,95.00,0.00,1.66,212.38,63.08,6.10,7.78,95.49,0.00,1.90,212.51,59.45,18.03,21.87,95.86,0.00,5.25
2026-01-17 07:02:00,2026-01-17 07:02:59,Meter 1,211.98,116.46,13.63,14.13,99.96,0.00,-0.40,212.55,93.06,9.63,11.46,86.59,0.00,5.56,212.41,61.97,5.77,7.64,94.06,0.00,2.08,212.31,90.50,29.02,33.23,93.54,0.00,7.24
2026-01-17 07:03:00,2026-01-17 07:03:59,Meter 1,212.52,86.96,9.89,10.56,99.47,0.00,1.02,213.12,65.74,7.11,8.12,92.65,0.00,2.89,212.27,64.36,7.05,7.94,94.49,0.00,2.44,212.64,72.35,24.05,26.62,95.54,0.00,6.35
2026-01-17 07:04:00,2026-01-17 07:04:59,Meter 1,212.14,92.10,10.78,11.17,99.80,0.00,0.68,213.03,86.12,9.12,10.62,87.79,0.00,4.97,212.43,71.17,7.30,8.79,86.64,0.00,4.21,212.53,83.13,27.20,30.58,91.41,0.00,9.86
2026-01-17 07:05:00,2026-01-17 07:05:59,Meter 1,212.42,71.08,7.60,8.64,95.01,0.00,2.50,213.10,50.87,5.28,6.28,90.44,0.00,2.49,212.62,71.71,7.09,8.86,88.46,0.00,3.74,212.71,64.55,19.97,23.77,91.30,0.00,8.72
2026-01-17 07:06:00,2026-01-17 07:06:59,Meter 1,212.29,102.28,11.63,12.43,99.25,0.00,-1.43,212.65,78.29,8.59,9.65,93.81,0.00,3.17,212.60,71.20,7.44,8.78,97.88,0.00,1.56,212.51,83.92,27.66,30.86,96.98,0.00,3.30
2026-01-17 07:07:00,2026-01-17 07:07:59,Meter 1,212.53,75.03,8.44,9.11,99.97,0.00,-0.22,212.78,61.75,6.21,7.62,95.03,0.00,2.03,212.36,67.25,7.28,8.29,97.22,0.00,1.75,212.56,68.01,21.93,25.03,97.41,0.00,3.57
2026-01-17 07:08:00,2026-01-17 07:08:59,Meter 1,212.47,115.40,13.20,14.03,98.29,0.00,-2.47,212.67,99.09,10.69,12.22,91.14,0.00,4.83,212.54,60.72,6.60,7.49,97.83,0.00,1.40,212.56,91.74,30.50,33.73,95.75,0.00,3.75
2026-01-17 07:09:00,2026-01-17 07:09:59,Meter 1,212.51,80.62,8.62,9.79,99.53,0.00,-0.84,212.90,64.28,6.95,7.94,95.93,0.00,2.05,212.35,64.10,6.13,7.90,98.82,0.00,0.95,212.59,69.67,21.70,25.63,98.09,0.00,2.15
2026-01-17 07:10:00,2026-01-17 07:10:59,Meter 1,212.36,63.65,6.27,7.73,99.68,0.00,0.50,213.02,45.24,4.57,5.58,98.55,0.00,0.79,212.45,61.17,5.75,7.55,98.97,0.00,0.83,212.61,56.68,16.59,20.86,99.07,0.00,2.12
2026-01-17 07:11:00,2026-01-17 07:11:59,Meter 1,212.52,55.41,6.30,6.73,100.00,0.00,0.00,213.09,43.90,4.57,5.42,90.40,0.00,2.16,212.62,50.77,5.51,6.27,91.56,0.00,2.42,212.74,50.03,16.38,18.42,93.98,0.00,4.58
2026-01-17 07:12:00,2026-01-17 07:12:59,Meter 1,212.01,79.81,9.18,9.69,97.44,0.00,-2.12,213.07,69.71,7.87,8.59,94.71,0.00,2.67,212.65,54.84,6.36,6.78,99.71,0.00,0.48,212.58,68.12,23.40,25.06,97.29,0.00,1.04
2026-01-17 07:13:00,2026-01-17 07:13:59,Meter 1,212.02,83.48,9.06,10.12,98.80,0.00,-1.41,213.10,70.60,7.81,8.71,94.62,0.00,2.67,212.38,63.83,6.35,7.88,98.54,0.00,1.10,212.50,72.64,23.22,26.71,97.32,0.00,2.36
2026-01-17 07:14:00,2026-01-17 07:14:59,Meter 1,212.15,93.64,10.56,11.37,98.37,0.00,-1.93,212.98,87.67,9.43,10.81,90.11,0.00,4.54,212.51,60.73,5.74,7.50,95.44,0.00,1.80,212.54,80.68,25.73,29.67,94.64,0.00,4.40
2026-01-17 07:15:00,2026-01-17 07:15:59,Meter 1,212.25,89.00,10.11,10.80,99.51,0.00,-1.01,212.99,77.62,8.39,9.58,92.20,0.00,3.52,212.22,64.65,6.68,7.97,93.84,0.00,2.46,212.49,77.09,25.18,28.35,95.18,0.00,4.98
2026-01-17 07:16:00,2026-01-17 07:16:59,Meter 1,212.02,106.26,12.10,12.88,99.08,0.00,-1.65,213.05,79.54,8.63,9.81,93.73,0.00,3.21,212.18,67.46,6.70,8.33,98.71,0.00,1.09,212.42,84.42,27.43,31.01,97.17,0.00,2.65
2026-01-17 07:17:00,2026-01-17 07:17:59,Meter 1,212.35,111.00,12.98,13.46,99.98,0.00,0.28,212.87,78.56,8.04,9.70,87.75,0.00,4.39,211.97,62.65,6.32,7.72,93.11,0.00,2.48,212.40,84.07,27.34,30.88,93.61,0.00,7.14
2026-01-17 07:18:00,2026-01-17 07:18:59,Meter 1,212.18,126.44,14.55,15.34,99.91,0.00,-0.63,212.55,89.02,9.52,10.97,92.04,0.00,4.04,212.19,66.41,6.66,8.18,95.38,0.00,2.10,212.30,93.96,30.73,34.49,95.78,0.00,5.51
2026-01-17 07:19:00,2026-01-17 07:19:59,Meter 1,212.25,128.91,15.19,15.64,99.85,0.00,-0.84,212.37,112.59,11.99,13.88,88.62,0.00,6.27,212.06,68.72,6.88,8.46,89.59,0.00,3.41,212.23,103.41,34.05,37.97,92.69,0.00,8.84
2026-01-17 07:20:00,2026-01-17 07:20:59,Meter 1,212.36,108.07,12.68,13.12,99.71,0.00,0.96,212.31,87.00,9.04,10.72,88.52,0.00,4.75,212.03,64.12,6.37,7.89,89.55,0.00,3.16,212.23,86.40,28.09,31.73,92.60,0.00,8.87
2026-01-17 07:21:00,2026-01-17 07:21:59,Meter 1,212.39,99.44,11.56,12.07,99.74,0.00,-0.84,212.38,91.31,9.90,11.26,89.72,0.00,4.87,212.02,61.11,6.56,7.52,93.10,0.00,2.57,212.26,83.96,28.02,30.84,94.19,0.00,6.61
2026-01-17 07:22:00,2026-01-17 07:22:59,Meter 1,212.91,68.10,7.81,8.27,98.61,0.00,1.32,212.87,51.31,5.33,6.35,89.50,0.00,2.66,211.98,56.24,6.17,6.92,93.90,0.00,2.26,212.58,58.55,19.30,21.54,94.00,0.00,6.23
2026-01-17 07:23:00,2026-01-17 07:23:59,Meter 1,212.87,71.81,8.35,8.72,99.52,0.00,0.82,212.85,52.48,5.64,6.49,92.89,0.00,2.25,212.05,57.46,6.43,7.07,96.10,0.00,1.85,212.59,60.58,20.41,22.29,96.17,0.00,4.91
2026-01-17 07:24:00,2026-01-17 07:24:59,Meter 1,212.56,97.88,11.35,11.87,98.26,0.00,-2.15,213.04,90.05,10.04,11.13,93.80,0.00,3.71,212.01,59.66,6.69,7.35,98.00,0.00,1.36,212.54,82.53,28.08,30.36,96.68,0.00,2.92
2026-01-17 07:25:00,2026-01-17 07:25:59,Meter 1,212.75,71.28,7.79,8.65,99.81,0.00,0.48,213.24,51.46,5.21,6.37,89.37,0.00,2.62,211.94,57.30,5.35,7.06,93.08,0.00,2.10,212.64,60.01,18.35,22.08,94.08,0.00,5.20
2026-01-17 07:26:00,2026-01-17 07:26:59,Meter 1,212.55,84.27,9.90,10.22,99.75,0.00,-0.71,213.04,62.74,6.95,7.75,94.66,0.00,2.37,211.99,53.12,6.06,6.55,98.00,0.00,1.23,212.53,66.71,22.92,24.52,97.47,0.00,2.89
2026-01-17 07:27:00,2026-01-17 07:27:59,Meter 1,212.39,70.07,8.11,8.49,99.22,0.00,-1.02,213.21,51.60,5.86,6.38,100.00,0.00,0.05,211.89,64.66,7.47,7.97,98.73,0.00,1.20,212.50,62.11,21.45,22.84,99.31,0.00,0.23
2026-01-17 07:28:00,2026-01-17 07:28:59,Meter 1,212.49,55.52,6.40,6.73,99.53,0.00,0.62,213.02,42.29,4.67,5.23,96.47,0.00,1.28,211.89,64.02,7.01,7.89,92.59,0.00,2.86,212.47,53.94,18.09,19.84,96.20,0.00,4.76
2026-01-17 07:29:00,2026-01-17 07:29:59,Meter 1,212.21,71.94,7.52,8.72,100.00,0.00,-0.04,213.17,48.52,4.71,5.99,100.00,0.00,-0.01,211.93,76.36,7.93,9.42,96.90,0.00,2.02,212.44,65.61,20.16,24.12,98.96,0.00,1.97
2026-01-17 07:30:00,2026-01-17 07:30:59,Meter 1,212.48,58.78,6.20,7.13,98.21,0.00,1.19,212.99,42.14,4.14,5.21,94.38,0.00,1.45,212.08,70.32,7.07,8.67,90.44,0.00,3.34,212.52,57.08,17.42,21.00,94.34,0.00,5.98
2026-01-17 07:31:00,2026-01-17 07:31:59,Meter 1,211.98,107.88,12.12,13.06,99.68,0.00,-0.97,212.89,86.48,9.24,10.66,90.84,0.00,4.25,211.92,74.80,7.76,9.22,92.07,0.00,3.29,212.26,89.72,29.12,32.95,94.20,0.00,6.57
2026-01-17 07:32:00,2026-01-17 07:32:59,Meter 1,211.99,101.94,11.80,12.35,99.67,0.00,-0.96,212.72,92.02,9.84,11.34,89.55,0.00,4.89,211.91,72.74,7.85,8.96,94.79,0.00,2.64,212.21,88.90,29.50,32.65,94.67,0.00,6.56
2026-01-17 07:33:00,2026-01-17 07:33:59,Meter 1,212.18,91.96,10.25,11.14,99.99,0.00,-0.15,212.91,69.86,7.44,8.62,96.75,0.00,1.94,211.93,66.77,6.78,8.23,98.62,0.00,1.14,212.34,76.20,24.47,27.99,98.45,0.00,2.93
2026-01-17 07:34:00,2026-01-17 07:34:59,Meter 1,212.17,98.86,11.36,11.98,100.00,0.00,-0.04,212.72,81.79,8.66,10.09,92.93,0.00,3.44,211.87,61.37,6.28,7.56,98.27,0.00,1.18,212.26,80.68,26.31,29.63,97.07,0.00,4.59
2026-01-17 07:35:00,2026-01-17 07:35:59,Meter 1,211.96,74.83,8.04,9.07,97.99,0.00,1.64,212.85,57.81,5.91,7.13,92.89,0.00,2.36,211.99,57.30,5.33,7.06,98.43,0.00,0.95,212.27,63.31,19.28,23.25,96.44,0.00,4.95
2026-01-17 07:36:00,2026-01-17 07:36:59,Meter 1,212.33,66.83,7.60,8.11,96.81,0.00,1.97,212.36,59.91,6.06,7.39,85.25,0.00,3.72,211.92,45.84,4.78,5.64,89.34,0.00,2.40,212.20,57.52,18.44,21.13,90.47,0.00,8.09
2026-01-17 07:37:00,2026-01-17 07:37:59,Meter 1,212.05,95.33,11.11,11.56,99.74,0.00,0.81,212.56,78.88,8.32,9.72,89.97,0.00,4.04,212.13,53.31,5.66,6.57,95.61,0.00,1.73,212.24,75.84,25.09,27.84,95.11,0.00,6.58
2026-01-17 07:38:00,2026-01-17 07:38:59,Meter 1,212.26,70.37,7.92,8.54,99.84,0.00,-0.45,212.73,51.18,5.11,6.31,100.00,0.00,-0.00,212.27,56.13,5.91,6.92,99.95,0.00,0.19,212.42,59.23,18.95,21.77,99.93,0.00,-0.27
2026-01-17 07:39:00,2026-01-17 07:39:59,Meter 1,212.32,63.90,6.17,7.75,98.70,0.00,1.00,212.74,42.86,4.04,5.29,92.84,0.00,1.62,212.13,52.01,4.89,6.41,94.57,0.00,1.68,212.40,52.92,15.09,19.45,95.37,0.00,4.30
2026-01-17 07:40:00,2026-01-17 07:40:59,Meter 1,211.99,64.91,7.00,7.87,99.94,0.00,0.24,212.72,48.14,4.93,5.93,92.66,0.00,2.00,212.31,51.34,5.14,6.33,94.63,0.00,1.76,212.34,54.80,17.08,20.13,95.74,0.00,3.99
2026-01-17 07:41:00,2026-01-17 07:41:59,Meter 1,212.23,69.35,8.06,8.41,100.00,0.00,0.08,212.73,45.28,5.05,5.58,99.79,0.00,0.32,212.19,52.12,5.96,6.42,99.24,0.00,0.74,212.38,55.59,19.07,20.42,99.68,0.00,1.14
2026-01-17 07:42:00,2026-01-17 07:42:59,Meter 1,212.07,79.86,8.97,9.69,99.58,0.00,-0.83,212.84,57.14,5.93,7.04,99.22,0.00,0.75,212.26,59.07,6.26,7.28,99.94,0.00,0.21,212.39,65.36,21.16,24.01,99.58,0.00,0.13
2026-01-17 07:43:00,2026-01-17 07:43:59,Meter 1,212.09,77.24,8.83,9.37,99.40,0.00,-0.97,212.71,56.82,5.99,7.00,99.51,0.00,0.60,212.31,53.43,5.66,6.59,99.29,0.00,-0.68,212.37,62.50,20.48,22.96,99.40,0.00,-1.05
2026-01-17 07:44:00,2026-01-17 07:44:59,Meter 1,211.74,128.45,14.77,15.56,99.21,0.00,-1.86,212.50,99.03,10.89,12.19,93.02,0.00,4.30,212.06,61.93,6.12,7.63,99.99,0.00,0.06,212.10,96.47,31.78,35.37,97.41,0.00,2.50
2026-01-17 07:45:00,2026-01-17 07:45:59,Meter 1,212.24,108.75,12.33,13.19,99.93,0.00,-0.47,212.63,93.39,9.83,11.52,88.05,0.00,5.29,212.00,58.44,5.44,7.20,93.47,0.00,2.07,212.29,86.86,27.60,31.90,93.82,0.00,6.89
2026-01-17 07:46:00,2026-01-17 07:46:59,Meter 1,212.33,115.93,13.83,14.06,99.98,0.00,0.26,212.52,107.58,11.36,13.27,87.28,0.00,6.36,211.91,57.07,5.97,7.02,91.38,0.00,2.65,212.25,93.52,31.16,34.35,92.88,0.00,9.27
2026-01-17 07:47:00,2026-01-17 07:47:59,Meter 1,211.99,137.52,16.10,16.67,99.81,0.00,-0.99,212.38,133.49,13.93,16.44,86.65,0.00,8.03,212.03,63.80,6.53,7.85,94.50,0.00,2.26,212.13,111.60,36.57,40.96,93.65,0.00,9.29
2026-01-17 07:48:00,2026-01-17 07:48:59,Meter 1,212.15,106.33,12.40,12.88,99.98,0.00,-0.26,212.38,109.06,11.35,13.44,86.14,0.00,6.70,211.77,56.96,5.60,7.00,91.69,0.00,2.44,212.10,90.78,29.35,33.33,92.60,0.00,8.87
2026-01-17 07:49:00,2026-01-17 07:49:59,Meter 1,212.05,124.06,14.46,15.04,97.56,0.00,-3.25,212.34,111.96,12.76,13.79,94.04,0.00,4.61,211.83,70.03,8.23,8.61,99.91,0.00,0.35,212.08,102.02,35.45,37.44,97.17,0.00,1.71
2026-01-17 07:50:00,2026-01-17 07:50:59,Meter 1,212.14,97.74,11.50,11.86,99.36,0.00,-1.31,212.45,95.63,10.17,11.78,88.56,0.00,5.33,212.11,67.27,7.09,8.28,88.25,0.00,3.78,212.23,86.88,28.76,31.92,92.06,0.00,7.81
2026-01-17 07:51:00,2026-01-17 07:51:59,Meter 1,211.91,115.46,13.40,14.00,98.73,0.00,-2.15,212.29,104.86,11.15,12.90,90.26,0.00,5.32,212.09,70.80,7.22,8.71,93.43,0.00,2.75,212.10,97.04,31.76,35.62,94.14,0.00,5.92
2026-01-17 07:52:00,2026-01-17 07:52:59,Meter 1,212.31,87.68,9.93,10.64,99.99,0.00,-0.14,212.46,66.23,6.85,8.16,94.54,0.00,2.36,212.07,65.87,6.61,8.11,95.75,0.00,1.99,212.28,73.26,23.39,26.91,96.76,0.00,4.21
2026-01-17 07:53:00,2026-01-17 07:53:59,Meter 1,211.98,107.51,12.77,13.04,99.59,0.00,-1.15,212.17,90.60,9.65,11.15,88.36,0.00,5.12,212.14,58.84,6.25,7.24,89.91,0.00,3.04,212.10,85.65,28.68,31.43,92.62,0.00,7.00
2026-01-17 07:54:00,2026-01-17 07:54:59,Meter 1,212.03,77.02,8.48,9.34,99.82,0.00,0.52,212.38,60.52,6.32,7.45,89.91,0.00,3.08,211.96,58.37,5.75,7.18,90.32,0.00,2.73,212.12,65.30,20.55,23.97,93.35,0.00,6.32
2026-01-17 07:55:00,2026-01-17 07:55:59,Meter 1,212.15,79.98,8.64,9.70,99.82,0.00,-0.52,212.33,62.69,6.52,7.72,93.70,0.00,2.43,212.05,56.28,5.22,6.92,97.08,0.00,1.29,212.18,66.32,20.38,24.35,96.87,0.00,3.20
2026-01-17 07:56:00,2026-01-17 07:56:59,Meter 1,212.01,89.20,10.42,10.81,99.91,0.00,-0.43,212.39,76.68,7.77,9.44,87.51,0.00,4.30,211.94,47.41,4.62,5.83,94.67,0.00,1.57,212.11,71.10,22.81,26.09,94.03,0.00,5.44
2026-01-17 07:57:00,2026-01-17 07:57:59,Meter 1,211.86,91.86,10.64,11.14,99.85,0.00,-0.59,212.23,82.66,8.70,10.17,87.54,0.00,4.80,212.11,50.70,4.99,6.24,95.14,0.00,1.61,212.07,75.07,24.32,27.55,94.18,0.00,5.83
2026-01-17 07:58:00,2026-01-17 07:58:59,Meter 1,211.70,115.23,12.98,13.96,98.34,0.00,-2.39,212.20,93.56,10.17,11.50,93.63,0.00,3.82,212.08,61.04,5.84,7.51,100.00,0.00,0.02,211.99,89.94,29.00,32.98,97.32,0.00,1.44
2026-01-17 07:59:00,2026-01-17 07:59:59,Meter 1,212.01,88.48,9.78,10.72,99.68,0.00,-0.78,212.31,64.91,7.27,7.99,98.36,0.00,1.34,211.84,68.51,7.39,8.43,99.96,0.00,-0.22,212.05,73.97,24.44,27.14,99.33,0.00,0.34
2026-01-17 08:00:00,2026-01-17 08:00:59,Meter 1,212.03,76.99,8.85,9.33,99.67,0.00,0.72,212.46,61.28,6.45,7.55,89.39,0.00,3.23,211.99,48.59,5.25,5.98,94.34,0.00,1.85,212.16,62.29,20.55,22.86,94.47,0.00,5.80
2026-01-17 08:01:00,2026-01-17 08:01:59,Meter 1,212.11,114.70,11.06,13.89,96.64,0.00,-2.94,212.64,72.68,7.60,8.96,99.96,0.00,0.21,211.78,75.63,7.56,9.31,99.27,0.00,-0.92,212.18,87.67,26.22,32.16,98.63,0.00,-3.65
2026-01-17 08:02:00,2026-01-17 08:02:59,Meter 1,212.33,113.80,9.85,13.79,98.59,0.00,-1.67,212.69,74.38,7.16,9.18,99.44,0.00,0.76,211.82,74.91,7.30,9.22,97.93,0.00,1.51,212.28,87.70,24.32,32.19,98.66,0.00,0.60
2026-01-17 08:03:00,2026-01-17 08:03:59,Meter 1,211.87,133.93,14.13,16.23,95.07,0.00,-4.61,212.57,101.84,11.38,12.54,95.32,0.00,3.61,212.14,70.21,7.14,8.65,99.97,0.00,0.16,212.19,101.99,32.65,37.42,96.79,0.00,-0.84
2026-01-17 08:04:00,2026-01-17 08:04:59,Meter 1,212.08,114.94,11.86,13.94,90.74,0.00,-5.49,212.41,106.14,11.99,13.07,92.99,0.00,4.74,212.10,53.26,5.22,6.56,91.23,0.00,2.34,212.19,91.45,29.07,33.57,91.65,0.00,1.59
2026-01-17 08:05:00,2026-01-17 08:05:59,Meter 1,211.71,142.25,15.02,17.23,96.09,0.00,-4.33,212.66,110.38,12.45,13.59,94.98,0.00,4.10,212.05,79.23,8.34,9.76,99.51,0.00,0.83,212.14,110.62,35.81,40.58,96.86,0.00,0.60
2026-01-17 08:06:00,2026-01-17 08:06:59,Meter 1,211.87,117.10,11.23,14.20,93.18,0.00,-4.37,212.75,82.94,9.16,10.21,97.82,0.00,1.94,212.49,68.77,6.46,8.49,98.83,0.00,-1.00,212.37,89.60,26.84,32.90,96.61,0.00,-3.43
2026-01-17 08:07:00,2026-01-17 08:07:59,Meter 1,211.56,151.97,16.20,18.43,92.50,0.00,-6.65,212.25,117.57,12.97,14.44,93.06,0.00,5.10,212.56,63.02,6.02,7.77,98.17,0.00,-1.17,212.12,110.85,35.19,40.64,94.58,0.00,-2.71
2026-01-17 08:08:00,2026-01-17 08:08:59,Meter 1,211.76,131.45,13.00,15.94,92.02,0.00,-5.53,212.29,109.29,12.10,13.44,93.90,0.00,4.43,212.38,59.46,4.58,7.33,99.79,0.00,0.30,212.14,100.07,29.68,36.71,95.24,0.00,-0.80
2026-01-17 08:09:00,2026-01-17 08:09:59,Meter 1,211.80,111.89,11.55,13.57,96.82,0.00,-2.98,212.66,78.76,8.58,9.69,99.31,0.00,1.01,212.33,75.94,6.47,9.37,95.59,0.00,-1.99,212.26,88.86,26.60,32.63,97.24,0.00,-3.96
2026-01-17 08:10:00,2026-01-17 08:10:59,Meter 1,211.89,69.11,7.63,8.38,94.85,0.00,-2.55,212.62,64.59,7.45,7.95,97.54,0.00,1.68,212.21,34.05,3.46,4.20,96.33,0.00,0.96,212.24,55.92,18.53,20.53,96.24,0.00,0.10
2026-01-17 08:11:00,2026-01-17 08:11:59,Meter 1,211.76,103.63,10.32,12.56,97.60,0.00,-2.30,212.59,83.75,9.19,10.31,95.10,0.00,2.99,212.26,49.28,4.62,6.07,99.56,0.00,0.43,212.20,78.89,24.13,28.94,97.42,0.00,1.12
2026-01-17 08:12:00,2026-01-17 08:12:59,Meter 1,211.63,122.57,12.36,14.84,98.21,0.00,-2.37,212.64,76.62,8.22,9.43,98.79,0.00,1.29,212.10,63.72,6.13,7.86,99.88,0.00,0.30,212.12,87.64,26.70,32.13,98.96,0.00,-0.78
2026-01-17 08:13:00,2026-01-17 08:13:59,Meter 1,211.52,132.56,14.26,16.05,97.70,0.00,-3.12,212.43,93.04,10.36,11.44,97.57,0.00,2.33,212.01,69.48,6.39,8.56,98.20,0.00,-1.23,211.99,98.36,31.01,36.05,97.82,0.00,-2.01
2026-01-17 08:14:00,2026-01-17 08:14:59,Meter 1,211.86,123.60,12.62,14.98,95.81,0.00,-3.77,212.26,94.41,10.27,11.62,95.59,0.00,3.16,212.00,68.55,4.95,8.44,99.96,0.00,-0.15,212.04,95.52,27.84,35.03,97.12,0.00,-0.76
2026-01-17 08:15:00,2026-01-17 08:15:59,Meter 1,211.80,129.75,13.52,15.73,99.09,0.00,-1.83,212.14,85.54,8.78,10.52,95.28,0.00,2.80,212.07,81.30,6.57,10.00,97.88,0.00,-1.37,212.00,98.86,28.87,36.25,97.42,0.00,-0.41
2026-01-17 08:16:00,2026-01-17 08:16:59,Meter 1,212.16,96.12,11.14,11.66,97.52,0.00,-2.53,212.17,76.90,8.67,9.47,93.73,0.00,3.22,212.02,37.34,4.05,4.59,98.15,0.00,0.79,212.12,70.12,23.86,25.72,96.47,0.00,1.49
2026-01-17 08:17:00,2026-01-17 08:17:59,Meter 1,212.29,71.19,7.96,8.63,99.69,0.00,-0.62,212.10,55.38,6.25,6.82,97.13,0.00,1.53,211.70,36.92,3.73,4.53,97.06,0.00,0.93,212.03,54.50,17.95,19.99,97.96,0.00,1.83
2026-01-17 08:18:00,2026-01-17 08:18:59,Meter 1,211.99,164.49,16.76,19.94,93.14,0.00,-6.55,211.70,140.86,15.53,17.32,91.77,0.00,6.72,211.80,53.20,4.20,6.53,99.09,0.00,0.57,211.83,119.52,36.50,43.79,94.67,0.00,0.74
2026-01-17 08:19:00,2026-01-17 08:19:59,Meter 1,212.17,108.32,10.01,13.13,95.93,0.00,-2.95,212.38,80.90,8.82,9.97,98.98,0.00,1.27,211.84,69.64,5.79,8.57,97.52,0.00,-1.32,212.13,86.29,24.63,31.67,97.48,0.00,-3.00
2026-01-17 08:20:00,2026-01-17 08:20:59,Meter 1,211.94,110.50,10.23,13.40,97.08,0.00,-2.53,212.37,84.42,8.91,10.39,95.61,0.00,2.73,212.04,56.76,4.66,6.99,100.00,0.00,-0.01,212.11,83.90,23.80,30.77,97.56,0.00,0.20
2026-01-17 08:21:00,2026-01-17 08:21:59,Meter 1,211.78,98.88,10.79,11.98,97.38,0.00,-2.52,212.19,83.59,9.18,10.28,99.59,0.00,0.84,212.00,68.95,7.22,8.48,98.03,0.00,-1.45,211.99,83.80,27.19,30.74,98.33,0.00,-3.13
2026-01-17 08:22:00,2026-01-17 08:22:59,Meter 1,211.21,152.70,17.18,18.48,96.42,0.00,-4.72,212.12,128.81,14.13,15.81,92.84,0.00,5.65,212.09,70.77,7.06,8.71,97.93,0.00,-1.46,211.81,117.42,38.37,43.00,95.73,0.00,-0.53
2026-01-17 08:23:00,2026-01-17 08:23:59,Meter 1,211.55,99.29,11.56,12.02,98.65,0.00,-1.92,212.41,71.80,8.30,8.83,98.91,0.00,1.24,211.99,62.84,7.27,7.74,99.75,0.00,-0.51,211.98,77.98,27.13,28.59,99.10,0.00,-1.19
2026-01-17 08:24:00,2026-01-17 08:24:59,Meter 1,211.71,124.88,13.49,15.12,97.48,0.00,-3.09,212.40,90.36,9.93,11.12,97.28,0.00,2.36,211.92,77.13,7.66,9.49,99.98,0.00,0.16,212.01,97.46,31.09,35.73,98.25,0.00,-0.56
2026-01-17 08:25:00,2026-01-17 08:25:59,Meter 1,211.35,133.87,14.28,16.18,96.98,0.00,-3.59,212.47,95.69,10.54,11.77,97.15,0.00,2.57,211.71,79.67,7.73,9.81,99.98,0.00,-0.15,211.84,103.08,32.56,37.75,98.04,0.00,-1.17
2026-01-17 08:26:00,2026-01-17 08:26:59,Meter 1,211.64,119.25,11.36,14.42,97.19,0.00,-2.75,212.75,81.60,8.44,10.05,99.30,0.00,1.00,211.75,77.61,7.31,9.56,100.00,0.00,0.02,212.05,92.82,27.12,34.03,98.83,0.00,-1.73
2026-01-17 08:27:00,2026-01-17 08:27:59,Meter 1,211.56,81.86,6.99,9.89,99.20,0.00,-0.89,212.51,52.74,5.39,6.49,99.33,0.00,0.63,211.53,61.14,5.33,7.52,98.15,0.00,1.04,211.87,65.25,17.71,23.91,98.89,0.00,0.78
2026-01-17 08:28:00,2026-01-17 08:28:59,Meter 1,211.45,96.63,10.06,11.69,99.27,0.00,-1.22,212.45,66.23,6.90,8.14,99.98,0.00,0.12,211.79,78.68,7.40,9.69,99.90,0.00,-0.34,211.89,80.51,24.35,29.52,99.72,0.00,-1.44
2026-01-17 08:29:00,2026-01-17 08:29:59,Meter 1,211.38,102.30,12.03,12.36,99.13,0.00,-1.60,212.30,83.36,9.60,10.25,96.16,0.00,2.74,211.45,65.72,7.41,8.08,94.46,0.00,2.57,211.71,83.79,29.04,30.69,96.58,0.00,3.72
2026-01-17 08:30:00,2026-01-17 08:30:59,Meter 1,211.41,108.46,10.91,13.12,96.09,0.00,-3.14,212.24,81.93,9.52,10.07,97.80,0.00,2.03,211.82,67.99,6.64,8.37,99.08,0.00,0.91,211.83,86.13,27.07,31.55,97.65,0.00,-0.20
2026-01-17 08:31:00,2026-01-17 08:31:59,Meter 1,211.55,95.68,9.32,11.58,99.06,0.00,-1.29,212.27,63.93,6.92,7.86,99.90,0.00,0.30,211.82,75.15,6.61,9.25,99.90,0.00,-0.30,211.88,78.25,22.86,28.69,99.62,0.00,-1.29
2026-01-17 08:32:00,2026-01-17 08:32:59,Meter 1,211.73,83.01,6.63,10.04,99.63,0.00,0.57,212.32,45.72,4.86,5.63,98.40,0.00,0.88,211.57,62.38,5.36,7.67,94.18,0.00,1.91,211.87,63.70,16.85,23.34,97.40,0.00,3.37
2026-01-17 08:33:00,2026-01-17 08:33:59,Meter 1,211.74,87.75,7.10,10.62,100.00,0.00,0.04,212.36,55.37,5.58,6.82,99.46,0.00,0.58,211.58,66.78,6.63,8.21,97.13,0.00,1.62,211.89,69.96,19.32,25.64,98.86,0.00,2.25
2026-01-17 08:34:00,2026-01-17 08:34:59,Meter 1,211.20,103.70,9.88,12.53,98.88,0.00,-1.49,212.30,79.22,8.77,9.73,97.16,0.00,2.14,211.66,60.25,6.07,7.41,95.88,0.00,1.80,211.72,81.06,24.72,29.68,97.30,0.00,2.44
2026-01-17 08:35:00,2026-01-17 08:35:59,Meter 1,211.09,126.12,13.20,15.24,98.59,0.00,-2.24,212.25,84.81,9.20,10.41,96.64,0.00,2.45,211.72,70.92,7.36,8.73,99.98,0.00,-0.13,211.69,93.95,29.76,34.38,98.41,0.00,0.08
2026-01-17 08:36:00,2026-01-17 08:36:59,Meter 1,211.51,93.51,9.51,11.31,99.64,0.00,-0.81,212.41,63.54,6.51,7.82,99.38,0.00,-0.73,211.65,78.83,8.00,9.70,99.76,0.00,-0.56,211.86,78.63,24.02,28.82,99.59,0.00,-2.09
2026-01-17 08:37:00,2026-01-17 08:37:59,Meter 1,211.32,94.87,9.52,11.47,98.86,0.00,-1.45,212.38,65.46,7.13,8.04,99.99,0.00,-0.07,211.73,74.20,7.72,9.13,100.00,0.00,0.00,211.81,78.17,24.37,28.65,99.62,0.00,-1.52
2026-01-17 08:38:00,2026-01-17 08:38:59,Meter 1,211.50,98.20,9.25,11.87,97.03,0.00,-2.31,212.51,75.83,8.49,9.33,98.87,0.00,1.28,211.58,64.10,6.72,7.89,97.52,0.00,1.53,211.86,79.38,24.46,29.09,97.81,0.00,0.50
2026-01-17 08:39:00,2026-01-17 08:39:59,Meter 1,211.52,98.81,10.32,11.95,97.95,0.00,-2.12,212.48,72.54,7.88,8.92,99.96,0.00,0.23,211.69,76.50,7.80,9.42,99.28,0.00,-0.94,211.90,82.62,26.00,30.29,99.06,0.00,-2.83
2026-01-17 08:40:00,2026-01-17 08:40:59,Meter 1,211.82,82.68,6.83,10.00,99.87,0.00,-0.34,212.49,54.82,5.67,6.75,98.35,0.00,1.04,211.50,51.89,5.37,6.38,96.25,0.00,1.51,211.94,63.13,17.88,23.13,98.16,0.00,2.21
2026-01-17 08:41:00,2026-01-17 08:41:59,Meter 1,211.23,117.11,13.35,14.15,96.23,0.00,-3.77,212.39,87.95,10.18,10.81,98.29,0.00,1.90,211.56,67.53,7.71,8.31,99.02,0.00,-1.09,211.73,90.87,31.24,33.26,97.85,0.00,-2.96
2026-01-17 08:42:00,2026-01-17 08:42:59,Meter 1,211.65,84.73,9.27,10.25,98.29,0.00,-1.74,212.46,62.32,7.07,7.67,100.00,0.00,-0.06,211.54,66.50,7.00,8.18,99.54,0.00,-0.67,211.88,71.18,23.33,26.09,99.28,0.00,-2.47
2026-01-17 08:43:00,2026-01-17 08:43:59,Meter 1,211.78,84.02,7.64,10.17,99.34,0.00,-0.88,212.35,59.97,5.40,7.38,99.07,0.00,-0.74,211.54,67.43,6.65,8.29,98.82,0.00,-1.03,211.89,70.47,19.69,25.84,99.08,0.00,-2.65
2026-01-17 08:44:00,2026-01-17 08:44:59,Meter 1,211.66,97.14,8.42,11.74,98.86,0.00,-1.28,212.14,69.55,7.70,8.56,97.13,0.00,1.88,211.39,57.67,5.71,7.08,98.72,0.00,0.92,211.73,74.78,21.83,27.38,98.24,0.00,1.52
2026-01-17 08:45:00,2026-01-17 08:45:59,Meter 1,211.23,124.88,13.11,15.08,96.04,0.00,-3.81,212.00,95.75,10.83,11.76,97.68,0.00,2.37,211.25,67.97,6.85,8.35,99.23,0.00,-0.85,211.49,96.20,30.79,35.18,97.65,0.00,-2.28
2026-01-17 08:46:00,2026-01-17 08:46:59,Meter 1,211.22,97.00,10.45,11.71,99.34,0.00,-1.21,212.23,65.21,6.56,8.01,99.99,0.00,-0.07,211.30,71.52,7.36,8.79,99.37,0.00,-0.83,211.59,77.91,24.38,28.51,99.57,0.00,-2.10
2026-01-17 08:47:00,2026-01-17 08:47:59,Meter 1,211.31,94.79,9.64,11.44,99.91,0.00,0.40,212.23,61.54,7.00,7.57,99.59,0.00,0.64,211.24,68.80,7.24,8.45,98.12,0.00,1.43,211.59,75.04,23.89,27.46,99.21,0.00,2.46
2026-01-17 08:48:00,2026-01-17 08:48:59,Meter 1,211.50,89.79,8.59,10.84,99.57,0.00,-0.80,212.38,58.66,5.93,7.22,99.65,0.00,0.50,211.30,64.96,7.11,7.98,99.54,0.00,0.68,211.73,71.14,21.64,26.05,99.59,0.00,0.38
2026-01-17 08:49:00,2026-01-17 08:49:59,Meter 1,211.36,117.31,12.49,14.17,97.87,0.00,-2.62,212.12,81.31,9.01,9.99,98.44,0.00,1.61,211.40,76.75,7.35,9.43,99.71,0.00,-0.56,211.63,91.79,28.85,33.60,98.68,0.00,-1.57
2026-01-17 08:50:00,2026-01-17 08:50:59,Meter 1,211.61,109.86,10.79,13.27,99.23,0.00,-1.34,212.18,68.42,6.78,8.42,99.39,0.00,0.75,211.26,66.38,6.67,8.15,99.93,0.00,-0.25,211.68,81.55,24.25,29.84,99.52,0.00,-0.84
2026-01-17 08:51:00,2026-01-17 08:51:59,Meter 1,211.74,93.19,8.62,11.28,99.28,0.00,-1.04,211.82,63.90,6.42,7.85,99.85,0.00,0.35,211.57,65.80,5.31,8.08,99.25,0.00,-0.65,211.71,74.30,20.35,27.21,99.46,0.00,-1.34
2026-01-17 08:52:00,2026-01-17 08:52:59,Meter 1,211.53,106.33,10.29,12.87,98.84,0.00,-1.58,211.56,78.22,8.68,9.60,96.35,0.00,2.41,211.60,55.70,4.82,6.83,99.18,0.00,0.62,211.56,80.08,23.80,29.30,98.12,0.00,1.45
2026-01-17 08:53:00,2026-01-17 08:53:59,Meter 1,211.67,97.97,9.02,11.86,99.38,0.00,-1.01,211.65,62.32,6.56,7.66,99.68,0.00,0.53,211.49,69.88,7.68,8.57,99.99,0.00,-0.10,211.60,76.72,23.27,28.08,99.68,0.00,-0.58
2026-01-17 08:54:00,2026-01-17 08:54:59,Meter 1,211.71,106.14,8.63,12.84,99.72,0.00,-0.65,211.52,68.22,7.34,8.38,96.50,0.00,1.99,211.36,56.76,5.58,6.96,97.62,0.00,1.24,211.53,77.04,21.56,28.18,97.95,0.00,2.59
2026-01-17 08:55:00,2026-01-17 08:55:59,Meter 1,211.75,107.34,9.91,12.97,98.81,0.00,-1.54,211.83,69.61,7.32,8.56,99.17,0.00,0.95,211.02,61.61,6.10,7.55,99.99,0.00,-0.07,211.53,79.52,23.33,29.08,99.32,0.00,-0.66
2026-01-17 08:56:00,2026-01-17 08:56:59,Meter 1,211.53,103.20,9.77,12.47,99.19,0.00,-1.25,212.12,81.55,9.05,10.03,97.54,0.00,2.05,211.30,67.85,7.07,8.33,99.19,0.00,0.90,211.65,84.20,25.89,30.83,98.64,0.00,1.70
2026-01-17 08:57:00,2026-01-17 08:57:59,Meter 1,211.54,99.52,9.73,12.02,99.96,0.00,-0.28,212.16,66.50,7.24,8.18,98.63,0.00,1.21,211.13,67.50,7.22,8.29,98.94,0.00,1.06,211.61,77.84,24.19,28.48,99.18,0.00,2.00
2026-01-17 08:58:00,2026-01-17 08:58:59,Meter 1,211.83,78.88,8.72,9.54,99.24,0.00,-1.08,211.96,63.87,7.53,7.86,99.95,0.00,0.23,211.21,62.62,7.04,7.68,98.05,0.00,1.41,211.67,68.46,23.29,25.08,99.08,0.00,0.57
2026-01-17 08:59:00,2026-01-17 08:59:59,Meter 1,211.68,98.66,9.56,11.92,99.93,0.00,-0.35,212.20,59.18,6.08,7.29,99.58,0.00,0.56,211.10,57.53,6.32,7.06,98.82,0.00,0.98,211.66,71.79,21.96,26.26,99.44,0.00,1.19
2026-01-17 09:00:00,2026-01-17 09:00:59,Meter 1,211.45,76.14,8.47,9.19,99.39,0.00,0.94,212.05,49.07,5.11,6.03,98.66,0.00,0.84,211.05,58.67,6.20,7.20,95.15,0.00,2.00,211.52,61.29,19.79,22.42,97.73,0.00,3.79
2026-01-17 09:01:00,2026-01-17 09:01:59,Meter 1,211.11,72.00,7.99,8.68,99.68,0.00,0.64,211.96,51.36,5.19,6.31,99.56,0.00,0.49,210.95,66.32,6.91,8.14,95.99,0.00,2.02,211.34,63.23,20.10,23.13,98.41,0.00,3.15
2026-01-17 09:02:00,2026-01-17 09:02:59,Meter 1,211.24,62.16,7.01,7.49,99.49,0.00,0.71,211.90,44.05,4.61,5.41,94.58,0.00,1.58,210.73,54.47,5.57,6.68,88.38,0.00,2.95,211.29,53.56,17.20,19.58,94.15,0.00,5.24
2026-01-17 09:03:00,2026-01-17 09:03:59,Meter 1,210.82,107.02,12.58,12.90,99.15,0.00,-1.65,211.32,93.73,10.05,11.48,88.98,0.00,5.15,210.86,58.53,5.94,7.17,86.67,0.00,3.42,211.00,86.43,28.57,31.55,91.60,0.00,6.92
2026-01-17 09:04:00,2026-01-17 09:04:59,Meter 1,210.80,103.69,11.65,12.50,99.22,0.00,-1.46,211.39,101.13,10.88,12.39,91.66,0.00,4.74,210.87,71.87,7.24,8.80,94.88,0.00,2.41,211.02,92.23,29.77,33.69,95.25,0.00,5.69
2026-01-17 09:05:00,2026-01-17 09:05:59,Meter 1,210.92,91.54,10.41,11.03,99.77,0.00,-0.71,211.47,79.76,8.53,9.78,92.59,0.00,3.48,210.79,55.59,5.71,6.81,95.85,0.00,1.70,211.06,75.63,24.65,27.62,96.07,0.00,4.46
2026-01-17 09:06:00,2026-01-17 09:06:59,Meter 1,210.76,110.78,12.88,13.34,99.40,0.00,-1.42,211.27,101.20,10.71,12.40,88.25,0.00,5.71,210.68,53.97,5.71,6.60,93.01,0.00,2.26,210.90,88.65,29.30,32.34,93.55,0.00,6.55
2026-01-17 09:07:00,2026-01-17 09:07:59,Meter 1,210.84,111.70,12.75,13.46,99.96,0.00,-0.34,211.13,102.59,11.20,12.56,91.70,0.00,4.87,210.68,72.88,7.62,8.91,95.80,0.00,2.28,210.88,95.72,31.57,34.94,95.82,0.00,6.82
2026-01-17 09:08:00,2026-01-17 09:08:59,Meter 1,210.74,84.77,9.48,10.21,99.99,0.00,0.11,211.41,63.01,6.60,7.72,96.73,0.00,1.73,210.58,71.74,7.74,8.78,97.12,0.00,1.90,210.91,73.17,23.82,26.71,97.95,0.00,3.74
2026-01-17 09:09:00,2026-01-17 09:09:59,Meter 1,211.06,78.95,8.61,9.52,99.55,0.00,0.82,211.31,63.05,6.72,7.73,96.68,0.00,1.77,210.64,80.90,8.41,9.90,94.76,0.00,2.84,211.01,74.30,23.74,27.14,97.00,0.00,5.43
2026-01-17 09:10:00,2026-01-17 09:10:59,Meter 1,211.03,78.70,9.03,9.49,99.92,0.00,0.35,211.24,61.82,6.55,7.58,93.18,0.00,2.55,210.95,63.95,6.82,7.83,92.15,0.00,2.87,211.07,68.16,22.39,24.90,95.08,0.00,5.78
2026-01-17 09:11:00,2026-01-17 09:11:59,Meter 1,210.92,91.92,10.35,11.09,98.88,0.00,1.56,211.09,58.47,6.06,7.16,93.29,0.00,2.34,210.83,68.81,7.10,8.42,91.42,0.00,3.15,210.95,73.07,23.51,26.66,94.53,0.00,7.05
2026-01-17 09:12:00,2026-01-17 09:12:59,Meter 1,210.50,85.83,9.53,10.34,99.85,0.00,0.52,211.01,66.70,7.06,8.16,95.18,0.00,2.28,210.68,75.05,7.86,9.18,95.42,0.00,2.47,210.73,75.86,24.45,27.67,96.82,0.00,5.26
2026-01-17 09:13:00,2026-01-17 09:13:59,Meter 1,210.44,86.08,9.40,10.36,99.85,0.00,0.51,210.75,65.26,6.77,7.98,95.20,0.00,2.18,210.42,68.97,7.09,8.42,97.35,0.00,1.66,210.54,73.44,23.25,26.76,97.47,0.00,4.35
2026-01-17 09:14:00,2026-01-17 09:14:59,Meter 1,211.72,80.63,8.74,9.76,99.70,0.00,0.68,211.84,59.61,6.09,7.33,96.90,0.00,1.55,211.68,72.63,7.53,8.92,97.39,0.00,1.76,211.75,70.95,22.37,26.01,98.00,0.00,3.98
2026-01-17 09:15:00,2026-01-17 09:15:59,Meter 1,211.64,73.01,7.82,8.83,99.62,0.00,0.68,211.98,50.65,4.85,6.23,97.53,0.00,1.10,211.51,73.06,8.12,8.97,97.65,0.00,1.79,211.71,65.57,20.80,24.03,98.27,0.00,3.58
2026-01-17 09:16:00,2026-01-17 09:16:59,Meter 1,211.37,107.85,12.39,13.04,98.20,0.00,-2.38,211.79,88.42,9.67,10.85,92.85,0.00,3.87,211.62,55.42,6.14,6.81,98.33,0.00,1.14,211.59,83.90,28.20,30.70,96.46,0.00,2.62
2026-01-17 09:17:00,2026-01-17 09:17:59,Meter 1,211.50,91.04,9.96,11.01,98.58,0.00,-1.70,211.73,69.98,7.19,8.59,92.26,0.00,3.01,211.41,55.95,5.94,6.86,99.91,0.00,0.26,211.55,72.32,23.10,26.47,96.91,0.00,1.56
2026-01-17 09:18:00,2026-01-17 09:18:59,Meter 1,211.58,73.01,7.66,8.83,99.70,0.00,0.60,211.98,64.98,6.58,7.99,91.56,0.00,2.89,211.47,62.30,6.30,7.65,97.04,0.00,1.57,211.68,66.76,20.54,24.47,96.10,0.00,5.06
2026-01-17 09:19:00,2026-01-17 09:19:59,Meter 1,211.58,63.28,6.65,7.66,99.97,0.00,-0.15,211.78,50.50,5.01,6.20,96.42,0.00,1.38,211.59,60.25,6.53,7.40,98.66,0.00,1.08,211.65,58.01,18.19,21.26,98.35,0.00,2.30
2026-01-17 09:20:00,2026-01-17 09:20:59,Meter 1,211.34,75.27,8.22,9.10,99.81,0.00,-0.09,211.68,60.76,6.37,7.46,95.53,0.00,1.94,211.40,84.40,9.47,10.36,96.82,0.00,2.39,211.47,73.48,24.06,26.91,97.38,0.00,4.25
2026-01-17 09:21:00,2026-01-17 09:21:59,Meter 1,210.63,115.85,13.14,13.99,98.49,0.00,-2.31,211.32,98.84,10.50,12.09,92.93,0.00,4.17,211.55,78.20,8.62,9.60,97.40,0.00,2.01,211.16,97.63,32.26,35.67,96.27,0.00,3.87
2026-01-17 09:22:00,2026-01-17 09:22:59,Meter 1,210.78,100.47,11.27,12.13,99.84,0.00,-0.64,211.41,85.31,8.59,10.44,90.20,0.00,4.11,211.51,74.63,7.77,9.16,96.03,0.00,2.26,211.23,86.81,27.63,31.73,95.36,0.00,5.73
2026-01-17 09:23:00,2026-01-17 09:23:59,Meter 1,210.53,113.15,12.53,13.65,99.27,0.00,-1.52,211.36,94.21,10.03,11.52,91.47,0.00,4.43,211.41,80.18,8.48,9.84,95.88,0.00,2.51,211.10,95.85,31.04,35.01,95.54,0.00,5.42
2026-01-17 09:24:00,2026-01-17 09:24:59,Meter 1,210.57,99.24,11.32,11.97,99.76,0.00,-0.79,211.30,84.83,9.10,10.38,91.80,0.00,3.93,211.27,70.28,7.41,8.62,94.16,0.00,2.65,211.05,84.78,27.83,30.96,95.24,0.00,5.80
2026-01-17 09:25:00,2026-01-17 09:25:59,Meter 1,210.47,88.39,9.70,10.65,98.80,0.00,1.52,211.32,64.39,6.71,7.88,92.91,0.00,2.67,211.05,75.21,7.94,9.22,94.22,0.00,2.82,210.95,76.00,24.35,27.74,95.31,0.00,7.01
2026-01-17 09:26:00,2026-01-17 09:26:59,Meter 1,210.32,101.74,11.68,12.26,99.69,0.00,0.92,211.04,74.78,8.06,9.13,91.51,0.00,3.55,211.17,69.38,7.61,8.50,94.88,0.00,2.54,210.84,81.97,27.35,29.90,95.36,0.00,7.00
2026-01-17 09:27:00,2026-01-17 09:27:59,Meter 1,210.59,89.55,10.21,10.79,99.99,0.00,-0.13,211.28,67.91,7.27,8.31,95.56,0.00,2.24,210.96,65.75,7.13,8.05,98.37,0.00,1.30,210.94,74.40,24.61,27.16,97.97,0.00,3.42
2026-01-17 09:28:00,2026-01-17 09:28:59,Meter 1,210.83,87.44,10.04,10.55,99.74,0.00,0.73,211.45,70.48,7.35,8.63,89.70,0.00,3.62,211.22,59.74,6.54,7.33,95.62,0.00,2.00,211.17,72.55,23.93,26.51,95.02,0.00,6.36
2026-01-17 09:29:00,2026-01-17 09:29:59,Meter 1,210.81,82.15,9.18,9.91,99.55,0.00,0.87,211.37,59.56,6.33,7.29,92.77,0.00,2.55,211.20,56.66,6.07,6.95,96.22,0.00,1.72,211.12,66.12,21.59,24.15,96.18,0.00,5.14
2026-01-17 09:30:00,2026-01-17 09:30:59,Meter 1,210.91,96.87,10.66,11.68,100.00,0.00,-0.01,211.89,73.61,7.75,9.03,94.50,0.00,2.68,211.15,78.28,8.22,9.61,97.55,0.00,1.85,211.32,82.92,26.63,30.32,97.35,0.00,4.53
2026-01-17 09:31:00,2026-01-17 09:31:59,Meter 1,211.00,78.97,8.81,9.52,99.85,0.00,0.47,212.01,56.17,5.73,6.90,97.89,0.00,1.20,211.13,68.41,7.34,8.40,98.42,0.00,1.32,211.38,67.85,21.88,24.82,98.72,0.00,2.99
2026-01-17 09:32:00,2026-01-17 09:32:59,Meter 1,211.32,81.70,8.41,9.87,98.55,0.00,1.45,212.27,59.25,6.08,7.28,92.56,0.00,2.48,211.45,79.22,8.09,9.74,91.74,0.00,3.51,211.68,73.39,22.58,26.89,94.28,0.00,7.44
2026-01-17 09:33:00,2026-01-17 09:33:59,Meter 1,211.24,95.49,10.32,11.54,97.82,0.00,-2.19,212.10,71.15,7.90,8.74,95.88,0.00,2.34,211.73,60.80,6.52,7.48,99.09,0.00,0.88,211.69,75.81,24.74,27.76,97.60,0.00,1.03
2026-01-17 09:34:00,2026-01-17 09:34:59,Meter 1,211.61,74.44,7.89,9.01,99.40,0.00,-0.87,212.37,53.49,5.46,6.58,98.80,0.00,0.85,211.81,65.36,7.03,8.04,98.88,0.00,1.06,211.93,64.43,20.38,23.63,99.03,0.00,1.05
2026-01-17 09:35:00,2026-01-17 09:35:59,Meter 1,211.42,83.52,9.44,10.09,99.55,0.00,-0.90,212.62,65.46,6.87,8.05,96.94,0.00,1.74,211.65,72.48,7.67,8.93,97.60,0.00,1.71,211.90,73.82,23.97,27.07,98.03,0.00,2.55
2026-01-17 09:36:00,2026-01-17 09:36:59,Meter 1,211.26,112.51,12.64,13.58,99.81,0.00,-0.78,212.40,101.77,10.38,12.51,87.80,0.00,5.66,211.48,82.33,8.54,10.13,92.08,0.00,3.62,211.71,98.87,31.56,36.23,93.23,0.00,8.50
2026-01-17 09:37:00,2026-01-17 09:37:59,Meter 1,211.20,122.79,13.94,14.84,99.01,0.00,-1.97,212.33,110.21,11.96,13.54,91.24,0.00,5.37,211.85,73.97,7.62,9.11,92.63,0.00,3.10,211.79,102.32,33.51,37.49,94.30,0.00,6.49
2026-01-17 09:38:00,2026-01-17 09:38:59,Meter 1,211.30,94.36,10.37,11.41,99.79,0.00,0.67,212.21,71.87,7.67,8.83,92.28,0.00,3.20,211.77,71.70,7.29,8.82,92.27,0.00,3.04,211.76,79.31,25.33,29.06,94.78,0.00,6.92
2026-01-17 09:39:00,2026-01-17 09:39:59,Meter 1,211.08,88.14,10.12,10.64,99.98,0.00,-0.20,212.35,76.64,8.16,9.41,89.69,0.00,4.02,211.57,51.88,5.53,6.39,92.56,0.00,2.26,211.67,72.22,23.82,26.44,94.08,0.00,6.09
2026-01-17 09:40:00,2026-01-17 09:40:59,Meter 1,211.41,91.77,10.54,11.09,99.89,0.00,0.50,212.59,61.23,6.43,7.53,97.36,0.00,1.51,211.69,68.76,7.55,8.47,99.42,0.00,0.82,211.90,73.92,24.52,27.09,98.89,0.00,2.82
2026-01-17 09:41:00,2026-01-17 09:41:59,Meter 1,211.68,78.14,8.26,9.45,98.70,0.00,1.34,212.64,59.46,6.19,7.32,96.20,0.00,1.76,211.58,69.60,6.97,8.57,98.83,0.00,1.08,211.97,69.07,21.41,25.34,97.91,0.00,4.17
2026-01-17 09:42:00,2026-01-17 09:42:59,Meter 1,211.31,85.95,9.62,10.39,98.83,0.00,1.49,212.33,69.63,7.14,8.56,87.70,0.00,3.91,211.73,58.34,6.27,7.18,94.15,0.00,2.24,211.79,71.31,23.03,26.13,93.56,0.00,7.64
2026-01-17 09:43:00,2026-01-17 09:43:59,Meter 1,211.48,77.99,8.73,9.43,99.94,0.00,0.30,212.34,56.83,6.06,6.99,96.57,0.00,1.63,211.82,72.28,8.34,8.90,99.79,0.00,0.54,211.88,69.03,23.13,25.32,98.76,0.00,2.48
2026-01-17 09:44:00,2026-01-17 09:44:59,Meter 1,211.49,73.07,8.43,8.84,100.00,0.00,0.06,212.19,50.41,5.46,6.20,99.11,0.00,0.73,211.62,75.70,8.70,9.31,99.64,0.00,0.75,211.77,66.39,22.59,24.34,99.58,0.00,1.54
2026-01-17 09:45:00,2026-01-17 09:45:59,Meter 1,211.35,95.92,11.12,11.59,99.60,0.00,-1.00,212.18,74.61,8.04,9.17,94.88,0.00,2.68,211.65,77.66,8.86,9.55,99.36,0.00,1.00,211.73,82.73,28.02,30.31,97.95,0.00,2.68
2026-01-17 09:46:00,2026-01-17 09:46:59,Meter 1,211.54,77.95,8.91,9.43,98.94,0.00,-1.31,212.25,55.64,5.68,6.84,97.66,0.00,1.25,211.88,57.51,6.30,7.08,99.91,0.00,0.27,211.89,63.70,20.89,23.35,98.83,0.00,0.22
2026-01-17 09:47:00,2026-01-17 09:47:59,Meter 1,211.58,74.82,8.52,9.05,99.66,0.00,-0.70,212.33,48.94,5.07,6.02,99.10,0.00,0.69,211.85,57.75,6.16,7.11,99.92,0.00,0.25,211.92,60.50,19.75,22.18,99.56,0.00,0.24
2026-01-17 09:48:00,2026-01-17 09:48:59,Meter 1,211.70,72.21,7.12,8.74,99.23,0.00,0.89,212.18,50.92,5.17,6.26,91.33,0.00,2.31,211.79,56.42,5.27,6.94,90.93,0.00,2.41,211.89,59.85,17.56,21.94,93.83,0.00,5.61
2026-01-17 09:49:00,2026-01-17 09:49:59,Meter 1,211.37,91.70,10.49,11.09,99.47,0.00,-1.09,212.26,69.29,7.44,8.51,95.30,0.00,2.37,211.75,55.41,5.89,6.82,99.68,0.00,0.47,211.79,72.13,23.83,26.42,98.15,0.00,1.75
2026-01-17 09:50:00,2026-01-17 09:50:59,Meter 1,211.47,78.53,9.01,9.50,99.79,0.00,0.59,212.20,55.96,5.83,6.88,92.90,0.00,2.32,211.84,51.83,5.52,6.38,95.28,0.00,1.76,211.83,62.10,20.36,22.75,95.99,0.00,4.67
2026-01-17 09:51:00,2026-01-17 09:51:59,Meter 1,211.03,107.56,12.57,13.00,99.26,0.00,-1.53,212.32,78.58,8.51,9.65,93.81,0.00,3.14,211.92,60.44,6.59,7.45,99.41,0.00,0.72,211.76,82.20,27.68,30.09,97.49,0.00,2.33
2026-01-17 09:52:00,2026-01-17 09:52:59,Meter 1,211.39,77.36,8.99,9.35,99.88,0.00,0.45,212.41,53.94,5.71,6.63,96.79,0.00,1.49,211.78,58.04,6.45,7.15,97.01,0.00,1.61,211.86,63.12,21.16,23.13,97.89,0.00,3.55
2026-01-17 09:53:00,2026-01-17 09:53:59,Meter 1,211.00,115.18,13.34,13.91,98.13,0.00,-2.61,212.09,112.34,12.02,13.78,89.01,0.00,6.15,211.70,53.38,5.51,6.57,86.44,0.00,3.21,211.60,93.63,30.87,34.26,91.20,0.00,6.75
2026-01-17 09:54:00,2026-01-17 09:54:59,Meter 1,211.32,85.15,9.85,10.29,99.76,0.00,-0.69,212.31,65.46,6.84,8.04,93.74,0.00,2.54,211.69,61.38,6.60,7.55,97.70,0.00,1.44,211.77,70.66,23.29,25.89,97.07,0.00,3.29
2026-01-17 09:55:00,2026-01-17 09:55:59,Meter 1,210.94,102.99,11.83,12.44,98.75,0.00,-1.89,212.10,90.84,9.74,11.14,88.98,0.00,4.99,211.91,57.40,5.85,7.07,91.47,0.00,2.58,211.65,83.74,27.42,30.65,93.07,0.00,5.69
2026-01-17 09:56:00,2026-01-17 09:56:59,Meter 1,211.31,85.50,8.98,10.34,99.34,0.00,-1.04,212.16,62.19,6.54,7.64,93.83,0.00,2.41,211.72,62.53,6.37,7.69,97.80,0.00,1.36,211.73,70.07,21.89,25.67,96.99,0.00,2.73
2026-01-17 09:57:00,2026-01-17 09:57:59,Meter 1,211.52,78.38,8.91,9.48,99.97,0.00,0.21,212.09,56.18,5.81,6.91,92.60,0.00,2.37,211.59,58.95,6.31,7.24,94.86,0.00,2.11,211.73,64.50,21.03,23.63,95.81,0.00,4.69
2026-01-17 09:58:00,2026-01-17 09:58:59,Meter 1,210.96,96.35,10.87,11.63,99.19,0.00,-1.39,212.03,87.47,9.07,10.73,87.14,0.00,5.11,211.42,62.37,6.09,7.67,94.12,0.00,2.19,211.47,82.06,26.03,30.03,93.48,0.00,5.90
2026-01-17 09:59:00,2026-01-17 09:59:59,Meter 1,210.74,120.47,13.95,14.54,98.43,0.00,-2.50,211.93,102.07,10.97,12.51,91.15,0.00,4.95,211.59,66.77,7.20,8.21,97.07,0.00,1.78,211.42,96.44,32.12,35.26,95.55,0.00,4.24
2026-01-17 10:00:00,2026-01-17 10:00:59,Meter 1,210.97,102.02,11.44,12.31,98.67,0.00,-1.89,212.05,81.92,8.94,10.05,92.86,0.00,3.57,211.48,66.95,7.20,8.23,98.34,0.00,1.33,211.50,83.63,27.59,30.60,96.62,0.00,3.01
2026-01-17 10:01:00,2026-01-17 10:01:59,Meter 1,210.96,78.17,9.14,9.43,99.98,0.00,0.19,211.88,69.50,7.34,8.53,88.43,0.00,3.88,211.32,63.70,6.61,7.82,87.33,0.00,3.69,211.39,70.45,23.09,25.78,91.91,0.00,7.76
2026-01-17 10:02:00,2026-01-17 10:02:59,Meter 1,211.11,79.28,9.24,9.56,99.99,0.00,0.11,211.60,60.76,6.25,7.46,88.01,0.00,3.37,210.96,58.73,6.18,7.20,89.92,0.00,3.01,211.23,66.26,21.68,24.21,92.64,0.00,6.49
2026-01-17 10:03:00,2026-01-17 10:03:59,Meter 1,211.23,79.27,9.07,9.57,97.90,0.00,-1.89,211.58,64.19,7.40,7.87,96.89,0.00,1.89,211.15,61.33,7.08,7.52,98.79,0.00,1.11,211.32,68.27,23.55,24.97,97.86,0.00,1.11
2026-01-17 10:04:00,2026-01-17 10:04:59,Meter 1,210.84,111.01,13.09,13.37,99.07,0.00,-1.80,211.39,96.86,10.29,11.87,87.84,0.00,5.60,210.79,58.79,6.21,7.20,89.12,0.00,3.16,211.01,88.89,29.59,32.44,92.01,0.00,6.96
2026-01-17 10:05:00,2026-01-17 10:05:59,Meter 1,212.37,96.97,11.19,11.77,98.57,0.00,-1.92,212.81,77.18,8.65,9.52,95.67,0.00,2.63,212.24,63.82,7.12,7.87,98.21,0.00,1.37,212.48,79.32,26.96,29.16,97.48,0.00,2.08
2026-01-17 10:06:00,2026-01-17 10:06:59,Meter 1,212.41,83.75,9.60,10.16,99.99,0.00,0.16,212.94,69.40,7.24,8.57,88.53,0.00,3.80,212.18,66.49,6.77,8.20,90.59,0.00,3.17,212.51,73.21,23.61,26.93,93.03,0.00,7.13
2026-01-17 10:07:00,2026-01-17 10:07:59,Meter 1,212.28,82.87,8.69,10.04,99.28,0.00,1.05,213.01,64.26,6.71,7.93,89.77,0.00,3.29,212.01,64.21,5.87,7.92,94.04,0.00,2.12,212.43,70.45,21.27,25.89,94.36,0.00,6.47
2026-01-17 10:08:00,2026-01-17 10:08:59,Meter 1,212.14,83.85,9.02,10.16,99.23,0.00,1.12,213.18,62.61,6.41,7.73,88.72,0.00,3.34,212.06,68.37,7.07,8.44,94.55,0.00,2.43,212.46,71.61,22.50,26.32,94.17,0.00,6.89
2026-01-17 10:09:00,2026-01-17 10:09:59,Meter 1,212.14,82.71,9.54,10.02,99.61,0.00,0.85,213.07,53.06,5.51,6.55,97.38,0.00,1.29,212.03,56.18,5.97,6.93,98.22,0.00,1.14,212.41,63.98,21.02,23.50,98.40,0.00,3.28
2026-01-17 10:10:00,2026-01-17 10:10:59,Meter 1,212.17,84.73,8.82,10.27,99.96,0.00,0.26,213.13,56.93,6.01,7.03,96.07,0.00,1.74,212.25,72.26,7.57,8.92,98.96,0.00,1.10,212.52,71.31,22.40,26.22,98.33,0.00,3.10
2026-01-17 10:11:00,2026-01-17 10:11:59,Meter 1,212.14,95.84,10.79,11.62,99.94,0.00,-0.37,213.21,69.33,7.47,8.56,93.33,0.00,2.88,212.28,58.42,5.94,7.21,98.63,0.00,0.99,212.54,74.53,24.21,27.39,97.30,0.00,3.50
2026-01-17 10:12:00,2026-01-17 10:12:59,Meter 1,212.29,99.74,11.56,12.10,100.00,0.00,0.02,212.74,89.04,8.97,10.98,84.32,0.00,5.72,212.32,53.66,4.80,6.62,87.85,0.00,2.61,212.45,80.81,25.34,29.70,90.72,0.00,8.35
2026-01-17 10:13:00,2026-01-17 10:13:59,Meter 1,212.28,90.19,10.65,10.94,99.99,0.00,0.18,212.99,57.03,6.40,7.04,97.65,0.00,1.41,212.23,52.70,6.01,6.50,99.53,0.00,0.59,212.50,66.64,23.06,24.48,99.06,0.00,2.18
2026-01-17 10:14:00,2026-01-17 10:14:59,Meter 1,212.40,82.31,9.29,9.98,98.71,0.00,1.50,212.92,61.92,6.29,7.65,85.88,0.00,3.75,212.17,48.31,4.96,5.96,88.55,0.00,2.60,212.50,64.18,20.54,23.59,91.05,0.00,7.86
2026-01-17 10:15:00,2026-01-17 10:15:59,Meter 1,212.26,75.38,8.73,9.14,99.61,0.00,0.77,212.96,62.50,6.50,7.71,86.98,0.00,3.69,212.23,51.19,4.81,6.31,86.78,0.00,2.76,212.48,63.02,20.04,23.17,91.12,0.00,7.21
2026-01-17 10:16:00,2026-01-17 10:16:59,Meter 1,211.81,98.28,11.21,11.91,99.48,0.00,-1.15,212.98,72.02,7.77,8.87,93.23,0.00,3.01,212.40,55.96,5.78,6.91,99.99,0.00,-0.08,212.39,75.42,24.77,27.70,97.57,0.00,1.79
2026-01-17 10:17:00,2026-01-17 10:17:59,Meter 1,211.96,102.33,11.71,12.40,98.88,0.00,-1.77,212.95,78.62,8.64,9.69,94.77,0.00,2.91,212.26,57.53,5.93,7.10,99.82,0.00,0.35,212.39,79.49,26.28,29.19,97.82,0.00,1.49
2026-01-17 10:18:00,2026-01-17 10:18:59,Meter 1,212.38,83.10,8.77,10.08,99.92,0.00,0.35,213.10,69.07,7.13,8.53,87.97,0.00,3.85,212.24,55.31,4.98,6.82,91.45,0.00,2.21,212.57,69.16,20.89,25.44,93.11,0.00,6.41
2026-01-17 10:19:00,2026-01-17 10:19:59,Meter 1,212.36,80.50,9.21,9.77,99.98,0.00,0.17,213.05,59.87,6.45,7.39,95.06,0.00,2.10,212.41,53.06,5.77,6.55,97.24,0.00,1.38,212.61,64.48,21.42,23.71,97.43,0.00,3.65
2026-01-17 10:20:00,2026-01-17 10:20:59,Meter 1,212.28,86.00,10.07,10.42,99.17,0.00,-1.31,213.44,58.44,6.82,7.22,99.41,0.00,0.75,212.14,52.28,5.96,6.46,99.95,0.00,0.19,212.62,65.57,22.85,24.10,99.51,0.00,-0.37
2026-01-17 10:21:00,2026-01-17 10:21:59,Meter 1,212.34,82.67,9.34,10.03,99.93,0.00,-0.34,213.30,65.49,6.65,8.09,90.54,0.00,3.12,212.37,62.57,5.67,7.73,94.19,0.00,2.02,212.67,70.24,21.66,25.85,94.89,0.00,4.80
2026-01-17 10:22:00,2026-01-17 10:22:59,Meter 1,212.15,92.05,10.52,11.16,99.73,0.00,-0.78,212.87,81.42,8.50,10.04,88.67,0.00,4.43,212.15,66.08,6.25,8.15,91.72,0.00,2.72,212.39,79.85,25.27,29.35,93.37,0.00,6.37
2026-01-17 10:23:00,2026-01-17 10:23:59,Meter 1,212.28,85.06,9.53,10.31,99.93,0.00,0.35,212.84,63.70,6.43,7.86,90.49,0.00,3.02,212.08,65.64,6.39,8.09,92.31,0.00,2.66,212.40,71.47,22.34,26.26,94.24,0.00,6.04
2026-01-17 10:24:00,2026-01-17 10:24:59,Meter 1,212.04,93.28,10.43,11.30,99.95,0.00,0.32,212.73,70.62,7.34,8.71,91.71,0.00,3.19,211.92,72.06,7.13,8.88,93.59,0.00,2.68,212.23,78.65,24.89,28.88,95.09,0.00,6.20
2026-01-17 10:25:00,2026-01-17 10:25:59,Meter 1,211.78,104.81,11.76,12.69,99.42,0.00,-1.27,212.56,93.23,9.68,11.48,89.55,0.00,4.81,211.86,72.18,7.10,8.89,92.41,0.00,2.93,212.07,90.07,28.53,33.05,93.79,0.00,6.47
2026-01-17 10:26:00,2026-01-17 10:26:59,Meter 1,212.18,77.30,9.00,9.37,99.84,0.00,-0.50,212.77,56.38,6.20,6.96,95.84,0.00,1.85,211.88,66.74,7.53,8.22,95.75,0.00,2.27,212.28,66.81,22.73,24.54,97.14,0.00,3.61
2026-01-17 10:27:00,2026-01-17 10:27:59,Meter 1,211.90,97.26,11.27,11.77,100.00,0.00,-0.11,212.65,69.53,6.99,8.57,86.64,0.00,4.03,211.76,80.70,8.53,9.94,90.95,0.00,3.90,212.11,82.50,26.79,30.28,92.53,0.00,7.82
2026-01-17 10:28:00,2026-01-17 10:28:59,Meter 1,211.69,120.16,13.56,14.54,99.73,0.00,-1.01,212.67,91.76,9.72,11.30,88.44,0.00,5.13,211.93,77.64,8.13,9.57,96.06,0.00,2.35,212.10,96.52,31.41,35.41,94.74,0.00,6.47
2026-01-17 10:29:00,2026-01-17 10:29:59,Meter 1,211.49,136.51,15.98,16.54,99.21,0.00,-2.02,212.46,100.36,10.87,12.33,91.39,0.00,4.83,212.45,65.18,7.16,8.04,99.09,0.00,0.97,212.13,100.68,34.02,36.92,96.57,0.00,3.78
2026-01-17 10:30:00,2026-01-17 10:30:59,Meter 1,211.75,108.31,12.74,13.13,99.64,0.00,-1.09,212.43,91.08,9.74,11.20,88.57,0.00,5.10,212.36,60.84,6.33,7.50,89.91,0.00,3.08,212.18,86.74,28.81,31.84,92.70,0.00,7.10
2026-01-17 10:31:00,2026-01-17 10:31:59,Meter 1,211.85,86.39,10.09,10.48,99.76,0.00,-0.70,212.61,67.48,7.79,8.31,96.46,0.00,2.13,212.43,57.58,6.65,7.10,99.77,0.00,0.46,212.30,70.48,24.52,25.89,98.66,0.00,1.89
2026-01-17 10:32:00,2026-01-17 10:32:59,Meter 1,212.02,82.49,9.48,10.00,99.91,0.00,0.41,212.88,58.77,6.58,7.25,96.81,0.00,1.70,212.26,64.11,7.36,7.91,98.00,0.00,1.50,212.38,68.45,23.42,25.15,98.24,0.00,3.61
2026-01-17 10:33:00,2026-01-17 10:33:59,Meter 1,211.95,99.94,11.15,12.12,99.83,0.00,-0.65,212.52,73.73,8.42,9.08,97.62,0.00,1.87,212.18,63.54,6.48,7.83,99.97,0.00,0.15,212.22,79.07,26.05,29.02,99.14,0.00,1.37
2026-01-17 10:34:00,2026-01-17 10:34:59,Meter 1,211.85,95.49,10.72,11.57,99.94,0.00,-0.37,212.49,69.81,7.94,8.59,98.28,0.00,1.49,212.10,68.49,7.17,8.44,99.96,0.00,0.20,212.15,77.93,25.82,28.60,99.39,0.00,1.32
2026-01-17 10:35:00,2026-01-17 10:35:59,Meter 1,211.54,93.36,10.80,11.29,99.95,0.00,0.34,212.31,74.52,8.21,9.17,93.10,0.00,3.22,211.73,74.80,8.14,9.20,98.38,0.00,1.48,211.86,80.89,27.15,29.66,97.15,0.00,5.04
2026-01-17 10:36:00,2026-01-17 10:36:59,Meter 1,211.32,113.25,12.83,13.70,99.29,0.00,-1.54,211.99,88.44,9.99,10.86,96.14,0.00,2.86,211.89,69.45,7.19,8.54,99.95,0.00,0.22,211.74,90.38,30.02,33.10,98.46,0.00,1.54
2026-01-17 10:37:00,2026-01-17 10:37:59,Meter 1,211.64,96.03,11.05,11.62,99.88,0.00,0.48,212.26,80.32,8.68,9.88,92.99,0.00,3.42,211.70,71.57,7.66,8.80,94.62,0.00,2.63,211.87,82.64,27.38,30.30,95.83,0.00,6.54
2026-01-17 10:38:00,2026-01-17 10:38:59,Meter 1,211.41,125.78,14.18,15.21,97.56,0.00,-3.19,212.29,111.68,12.46,13.73,93.46,0.00,4.74,211.80,69.11,7.46,8.51,97.99,0.00,1.52,211.83,102.19,34.10,37.44,96.34,0.00,3.07
2026-01-17 10:39:00,2026-01-17 10:39:59,Meter 1,211.61,120.47,13.61,14.59,98.50,0.00,-2.39,212.07,105.60,11.98,12.98,94.59,0.00,4.11,212.01,66.44,6.94,8.17,99.41,0.00,0.76,211.90,97.50,32.53,35.74,97.50,0.00,2.48
2026-01-17 10:40:00,2026-01-17 10:40:59,Meter 1,211.99,102.42,11.64,12.41,99.94,0.00,-0.41,212.06,94.77,10.23,11.66,89.73,0.00,5.03,211.82,60.48,5.95,7.43,92.57,0.00,2.43,211.96,85.89,27.82,31.51,94.08,0.00,7.06
2026-01-17 10:41:00,2026-01-17 10:41:59,Meter 1,211.63,122.21,14.38,14.79,99.75,0.00,-1.02,212.04,101.57,11.58,12.48,95.67,0.00,3.52,211.72,66.64,7.34,8.19,99.38,0.00,0.82,211.80,96.81,33.29,35.47,98.27,0.00,3.33
2026-01-17 10:42:00,2026-01-17 10:42:59,Meter 1,211.56,107.91,12.62,13.05,100.00,0.00,0.05,212.34,92.34,10.48,11.36,94.19,0.00,3.74,211.77,61.80,7.11,7.61,98.90,0.00,1.07,211.89,87.35,30.20,32.02,97.70,0.00,4.85
2026-01-17 10:43:00,2026-01-17 10:43:59,Meter 1,211.42,121.16,14.39,14.65,99.71,0.00,-1.09,212.44,106.66,11.75,13.12,91.14,0.00,5.31,211.79,56.82,6.47,7.00,96.60,0.00,1.73,211.88,94.88,32.61,34.76,95.82,0.00,5.94
2026-01-17 10:44:00,2026-01-17 10:44:59,Meter 1,211.72,101.07,11.58,12.24,99.76,0.00,-0.80,212.40,83.78,9.22,10.31,92.12,0.00,3.89,212.09,49.87,4.77,6.14,95.82,0.00,1.43,212.07,78.24,25.57,28.69,95.90,0.00,4.52
2026-01-17 10:45:00,2026-01-17 10:45:59,Meter 1,211.86,104.46,12.28,12.65,99.26,0.00,-1.50,212.49,77.88,8.90,9.59,96.59,0.00,2.38,211.81,65.17,7.60,8.02,99.99,0.00,0.10,212.05,82.50,28.79,30.26,98.62,0.00,0.98
2026-01-17 10:46:00,2026-01-17 10:46:59,Meter 1,211.84,74.65,7.47,9.04,99.99,0.00,0.12,212.42,69.08,7.81,8.51,95.25,0.00,2.50,211.84,65.59,6.81,8.07,96.40,0.00,1.88,212.03,69.77,22.09,25.62,97.21,0.00,4.50
2026-01-17 10:47:00,2026-01-17 10:47:59,Meter 1,211.74,75.60,8.13,9.16,99.87,0.00,0.41,212.52,75.07,8.37,9.24,94.15,0.00,3.00,212.13,56.51,5.42,6.96,92.70,0.00,2.20,212.13,69.06,21.93,25.36,95.57,0.00,5.60
2026-01-17 10:48:00,2026-01-17 10:48:59,Meter 1,211.64,94.18,10.49,11.42,99.72,0.00,-0.79,212.57,89.13,10.11,10.96,94.37,0.00,3.55,212.45,63.21,6.25,7.80,96.36,0.00,1.74,212.22,82.18,26.86,30.18,96.81,0.00,4.49
2026-01-17 10:49:00,2026-01-17 10:49:59,Meter 1,212.02,90.97,10.62,11.04,99.83,0.00,-0.62,212.65,77.80,9.10,9.58,98.92,0.00,1.35,212.37,61.81,7.00,7.62,99.97,0.00,0.18,212.35,76.86,26.72,28.24,99.57,0.00,0.90
2026-01-17 10:50:00,2026-01-17 10:50:59,Meter 1,211.81,110.31,12.92,13.37,98.90,0.00,1.93,212.32,104.71,11.10,12.88,87.25,0.00,6.22,212.28,63.32,6.03,7.80,84.20,0.00,3.87,212.14,92.78,30.06,34.06,90.12,0.00,12.01
2026-01-17 10:51:00,2026-01-17 10:51:59,Meter 1,211.44,116.69,13.66,14.12,100.00,0.00,0.08,212.38,123.38,13.84,15.17,93.27,0.00,5.35,211.97,68.11,7.37,8.39,95.42,0.00,2.31,211.93,102.73,34.87,37.67,96.23,0.00,7.74
2026-01-17 10:52:00,2026-01-17 10:52:59,Meter 1,211.63,108.91,12.18,13.18,99.91,0.00,0.52,212.33,107.76,11.86,13.26,91.07,0.00,5.38,211.81,69.58,6.79,8.56,92.62,0.00,2.76,211.92,95.42,30.83,35.00,94.54,0.00,8.66
2026-01-17 10:53:00,2026-01-17 10:53:59,Meter 1,211.68,80.64,9.35,9.77,100.00,0.00,-0.07,212.40,93.37,10.16,11.48,90.15,0.00,4.88,212.18,59.65,6.10,7.35,86.86,0.00,3.48,212.09,77.89,25.60,28.60,92.34,0.00,8.28
2026-01-17 10:54:00,2026-01-17 10:54:59,Meter 1,211.67,85.73,9.73,10.38,99.98,0.00,-0.18,212.66,76.99,8.77,9.48,96.67,0.00,2.32,212.08,64.84,6.96,7.99,97.25,0.00,1.67,212.14,75.85,25.47,27.85,97.97,0.00,3.81
2026-01-17 10:55:00,2026-01-17 10:55:59,Meter 1,211.20,126.14,14.79,15.27,99.34,0.00,-1.71,212.51,116.32,12.93,14.29,91.99,0.00,5.51,212.32,59.65,6.01,7.36,90.96,0.00,2.75,212.01,100.70,33.73,36.91,94.09,0.00,6.55
2026-01-17 10:56:00,2026-01-17 10:56:59,Meter 1,211.57,93.00,10.98,11.26,99.95,0.00,-0.36,212.72,68.77,7.98,8.46,98.41,0.00,1.44,212.28,58.69,6.58,7.24,100.00,0.00,-0.03,212.19,73.49,25.55,26.97,99.45,0.00,1.04
2026-01-17 10:57:00,2026-01-17 10:57:59,Meter 1,211.69,77.37,8.85,9.37,99.83,0.00,-0.52,212.80,74.77,8.37,9.21,97.64,0.00,1.85,212.14,65.28,6.95,8.05,99.37,0.00,0.78,212.21,72.47,24.17,26.63,98.95,0.00,2.12
2026-01-17 10:58:00,2026-01-17 10:58:59,Meter 1,211.72,73.81,8.15,8.94,99.87,0.00,0.42,212.67,66.78,7.44,8.22,95.63,0.00,2.27,212.23,55.42,5.69,6.83,93.53,0.00,2.15,212.21,65.34,21.27,24.00,96.34,0.00,4.85
2026-01-17 10:59:00,2026-01-17 10:59:59,Meter 1,211.39,126.21,14.59,15.29,97.73,0.00,-3.17,212.50,110.31,12.42,13.55,94.05,0.00,4.49,212.44,62.24,6.75,7.68,99.90,0.00,0.30,212.11,99.59,33.75,36.52,97.23,0.00,1.62
2026-01-17 11:00:00,2026-01-17 11:00:59,Meter 1,212.14,80.23,7.35,9.74,97.67,0.00,-1.61,212.56,63.26,7.09,7.79,96.99,0.00,1.78,212.35,55.21,4.67,6.80,96.28,0.00,1.31,212.35,66.23,19.11,24.34,96.98,0.00,1.48
2026-01-17 11:01:00,2026-01-17 11:01:59,Meter 1,211.59,120.82,13.74,14.64,98.97,0.00,-1.98,212.31,79.61,9.09,9.79,99.86,0.00,-0.48,212.17,88.81,9.94,10.94,98.81,0.00,-1.54,212.02,96.42,32.76,35.36,99.22,0.00,-4.01
2026-01-17 11:02:00,2026-01-17 11:02:59,Meter 1,211.62,111.03,11.69,13.45,99.30,0.00,-1.39,212.47,80.43,9.24,9.89,100.00,0.00,0.03,212.15,83.03,8.61,10.23,98.50,0.00,-1.51,212.08,91.50,29.54,33.57,99.26,0.00,-2.88
2026-01-17 11:03:00,2026-01-17 11:03:59,Meter 1,211.65,98.48,11.38,11.93,99.95,0.00,-0.37,212.25,85.76,10.08,10.54,99.24,0.00,1.25,212.02,76.27,8.61,9.39,99.22,0.00,1.08,211.97,86.84,30.07,31.86,99.47,0.00,1.96
2026-01-17 11:04:00,2026-01-17 11:04:59,Meter 1,211.50,99.21,9.39,12.01,99.99,0.00,-0.12,212.23,78.79,8.37,9.68,97.52,0.00,1.90,212.00,63.60,5.60,7.83,98.75,0.00,0.89,211.91,80.53,23.36,29.52,98.76,0.00,2.67
2026-01-17 11:05:00,2026-01-17 11:05:59,Meter 1,211.47,108.75,11.47,13.17,99.96,0.00,-0.34,212.42,89.02,10.02,10.94,97.89,0.00,2.09,212.13,66.79,6.69,8.23,99.19,0.00,0.86,212.00,88.19,28.18,32.34,99.01,0.00,2.61
2026-01-17 11:06:00,2026-01-17 11:06:59,Meter 1,211.62,100.21,10.72,12.13,98.93,0.00,-1.58,212.60,70.57,7.95,8.69,99.71,0.00,0.61,211.93,64.63,6.26,7.96,96.69,0.00,-1.65,212.05,78.47,24.93,28.78,98.44,0.00,-2.63
2026-01-17 11:07:00,2026-01-17 11:07:59,Meter 1,211.58,110.60,11.14,13.39,98.30,0.00,-2.08,212.66,83.13,9.38,10.23,96.79,0.00,2.43,212.05,48.31,4.27,5.95,96.01,0.00,1.24,212.10,80.68,24.78,29.57,97.03,0.00,1.59
2026-01-17 11:08:00,2026-01-17 11:08:59,Meter 1,211.83,100.65,9.15,12.20,98.51,0.00,-1.60,212.42,68.51,7.71,8.43,99.88,0.00,0.37,212.08,70.21,6.89,8.65,99.43,0.00,-0.74,212.11,79.79,23.76,29.27,99.27,0.00,-1.97
2026-01-17 11:09:00,2026-01-17 11:09:59,Meter 1,211.85,66.94,6.71,8.11,96.17,0.00,-1.91,212.44,62.73,7.22,7.72,98.03,0.00,1.45,211.95,51.78,5.04,6.37,98.81,0.00,0.79,212.08,60.48,18.97,22.20,97.67,0.00,0.33
2026-01-17 11:10:00,2026-01-17 11:10:59,Meter 1,211.89,101.27,9.50,12.28,98.06,0.00,-1.90,212.54,80.79,9.03,9.95,99.76,0.00,0.63,212.31,78.38,8.55,9.66,99.86,0.00,0.45,212.25,86.82,27.08,31.89,99.23,0.00,-0.82
2026-01-17 11:11:00,2026-01-17 11:11:59,Meter 1,211.74,110.68,12.67,13.42,97.34,0.00,-2.98,212.67,90.74,10.73,11.17,99.64,0.00,0.91,212.42,84.34,9.90,10.41,99.70,0.00,-0.76,212.28,95.25,33.30,34.99,98.90,0.00,-2.84
2026-01-17 11:12:00,2026-01-17 11:12:59,Meter 1,211.86,110.70,10.61,13.44,94.96,0.00,-3.50,212.61,77.40,8.93,9.52,99.31,0.00,1.05,212.66,68.53,6.56,8.46,97.42,0.00,-1.52,212.38,85.54,26.10,31.42,97.23,0.00,-3.97
2026-01-17 11:13:00,2026-01-17 11:13:59,Meter 1,211.89,97.08,8.73,11.78,99.14,0.00,-1.15,212.66,69.24,7.15,8.52,99.89,0.00,0.33,212.53,60.89,5.52,7.51,99.73,0.00,0.41,212.36,75.74,21.40,27.82,99.59,0.00,-0.42
2026-01-17 11:14:00,2026-01-17 11:14:59,Meter 1,211.91,102.40,10.05,12.43,96.92,0.00,-2.55,212.71,76.36,8.65,9.40,99.98,0.00,-0.16,212.56,76.95,7.93,9.50,95.74,0.00,-2.39,212.39,85.23,26.63,31.32,97.55,0.00,-5.10
2026-01-17 11:15:00,2026-01-17 11:15:59,Meter 1,211.66,90.03,9.60,10.91,97.06,0.00,-2.38,212.45,73.72,8.50,9.07,96.13,0.00,2.44,212.21,57.50,6.38,7.09,99.97,0.00,0.14,212.11,73.75,24.48,27.06,97.72,0.00,0.20
2026-01-17 11:16:00,2026-01-17 11:16:59,Meter 1,211.27,117.80,11.60,14.25,97.44,0.00,-2.68,212.32,84.27,9.10,10.35,93.95,0.00,3.32,212.05,77.78,7.42,9.58,99.47,0.00,0.77,211.88,93.28,28.12,34.18,96.95,0.00,1.41
2026-01-17 11:17:00,2026-01-17 11:17:59,Meter 1,211.37,100.11,8.84,12.12,97.68,0.00,-1.94,212.30,63.74,6.55,7.83,96.91,0.00,1.67,212.08,79.29,7.78,9.77,99.40,0.00,0.86,211.91,81.05,23.17,29.71,98.00,0.00,0.59
2026-01-17 11:18:00,2026-01-17 11:18:59,Meter 1,211.59,110.30,10.58,13.34,100.00,0.00,0.04,212.39,60.22,6.10,7.41,99.12,0.00,0.81,211.77,85.62,9.02,10.54,98.71,0.00,1.46,211.92,85.38,25.70,31.29,99.28,0.00,2.32
2026-01-17 11:19:00,2026-01-17 11:19:59,Meter 1,211.42,130.10,13.22,15.74,99.93,0.00,-0.50,212.41,77.46,8.32,9.52,99.80,0.00,0.53,211.91,97.16,10.36,11.97,99.76,0.00,0.71,211.91,101.57,31.90,37.23,99.83,0.00,0.74
2026-01-17 11:20:00,2026-01-17 11:20:59,Meter 1,211.50,132.41,12.41,16.03,100.00,0.00,-0.08,212.24,84.47,8.56,10.38,98.18,0.00,1.66,211.95,88.70,9.19,10.92,99.49,0.00,0.93,211.90,101.86,30.17,37.33,99.22,0.00,2.50
2026-01-17 11:21:00,2026-01-17 11:21:59,Meter 1,211.42,130.94,13.31,15.84,99.97,0.00,-0.34,211.95,91.86,9.97,11.28,99.12,0.00,1.33,211.79,85.32,9.06,10.49,98.76,0.00,1.44,211.72,102.71,32.33,37.61,99.28,0.00,2.43
2026-01-17 11:22:00,2026-01-17 11:22:59,Meter 1,211.67,133.99,14.12,16.23,99.91,0.00,-0.59,212.27,92.55,10.44,11.38,99.77,0.00,0.71,211.96,95.06,10.32,11.70,99.60,0.00,0.93,211.97,107.20,34.88,39.31,99.76,0.00,1.05
2026-01-17 11:23:00,2026-01-17 11:23:59,Meter 1,211.52,152.59,17.75,18.48,99.14,0.00,-2.35,211.85,116.64,13.71,14.32,98.56,0.00,2.35,211.94,106.96,12.77,13.15,99.48,0.00,1.30,211.77,125.40,44.22,45.95,99.06,0.00,1.31
2026-01-17 11:24:00,2026-01-17 11:24:59,Meter 1,211.40,132.15,15.36,16.00,99.45,0.00,-1.62,212.04,87.35,10.21,10.72,100.00,0.00,0.08,212.10,95.51,11.01,11.75,99.80,0.00,-0.69,211.85,105.00,36.59,38.48,99.75,0.00,-2.23
2026-01-17 11:25:00,2026-01-17 11:25:59,Meter 1,211.35,125.65,13.87,15.21,99.91,0.00,-0.59,212.18,85.28,9.79,10.47,99.29,0.00,1.18,212.00,83.60,9.28,10.29,97.99,0.00,1.89,211.84,98.17,32.95,35.97,99.06,0.00,2.47
2026-01-17 11:26:00,2026-01-17 11:26:59,Meter 1,211.31,121.07,14.18,14.66,98.79,0.00,-2.23,211.99,86.58,10.43,10.62,99.83,0.00,0.61,212.13,80.42,9.44,9.90,98.68,0.00,-1.55,211.81,96.02,34.05,35.18,99.10,0.00,-3.17
2026-01-17 11:27:00,2026-01-17 11:27:59,Meter 1,210.97,143.89,16.11,17.38,98.74,0.00,-2.58,212.00,106.75,12.39,13.09,98.59,0.00,2.11,211.65,86.14,9.33,10.59,99.73,0.00,0.68,211.54,112.26,37.83,41.07,99.02,0.00,0.20
2026-01-17 11:28:00,2026-01-17 11:28:59,Meter 1,210.70,176.63,20.10,21.33,97.69,0.00,-4.39,211.86,123.68,14.63,15.15,98.04,0.00,2.94,211.82,91.21,10.14,11.22,99.01,0.00,-1.44,211.46,130.51,44.87,47.70,98.25,0.00,-2.89
2026-01-17 11:29:00,2026-01-17 11:29:59,Meter 1,211.15,138.95,15.05,16.78,98.35,0.00,-2.77,211.97,109.08,12.77,13.39,97.72,0.00,2.77,211.53,81.37,8.97,10.00,98.85,0.00,1.38,211.55,109.80,36.79,40.17,98.31,0.00,1.38
2026-01-17 11:30:00,2026-01-17 11:30:59,Meter 1,211.14,138.92,15.33,16.79,98.25,0.00,-2.91,211.95,92.80,10.79,11.39,98.44,0.00,1.93,211.71,79.92,8.98,9.83,100.00,0.00,-0.06,211.60,103.88,35.10,38.00,98.89,0.00,-1.04
2026-01-17 11:31:00,2026-01-17 11:31:59,Meter 1,210.86,175.45,19.83,21.19,97.14,0.00,-4.84,211.83,128.59,14.94,15.76,96.63,0.00,3.98,211.77,66.27,7.18,8.15,97.76,0.00,1.55,211.49,123.44,41.95,45.10,97.18,0.00,0.69
2026-01-17 11:32:00,2026-01-17 11:32:59,Meter 1,210.88,140.40,16.48,16.95,99.42,0.00,-1.79,212.21,110.86,12.93,13.60,97.03,0.00,3.23,211.78,76.03,8.73,9.36,95.91,0.00,2.58,211.63,109.10,38.14,39.92,97.45,0.00,4.02
2026-01-17 11:33:00,2026-01-17 11:33:59,Meter 1,210.86,165.60,19.72,19.99,99.43,0.00,-2.12,212.08,124.99,14.68,15.33,96.53,0.00,3.97,211.59,76.72,8.56,9.44,92.89,0.00,3.41,211.51,122.44,42.96,44.76,96.28,0.00,5.27
2026-01-17 11:34:00,2026-01-17 11:34:59,Meter 1,211.05,156.29,17.94,18.87,99.62,0.00,-1.57,211.92,119.11,13.84,14.62,97.31,0.00,3.27,211.48,92.17,10.72,11.32,98.43,0.00,1.92,211.48,122.52,42.50,44.81,98.46,0.00,3.63
2026-01-17 11:35:00,2026-01-17 11:35:59,Meter 1,211.34,128.22,14.72,15.52,99.51,0.00,-1.47,211.91,83.67,9.45,10.27,99.82,0.00,0.57,211.93,87.22,9.95,10.73,99.83,0.00,-0.59,211.72,99.70,34.11,36.51,99.72,0.00,-1.49
2026-01-17 11:36:00,2026-01-17 11:36:59,Meter 1,211.39,144.45,15.44,17.49,99.75,0.00,-1.10,211.87,119.02,13.74,14.61,98.51,0.00,2.40,212.01,79.49,8.38,9.78,99.09,0.00,1.14,211.76,114.32,37.56,41.87,99.11,0.00,2.43
2026-01-17 11:37:00,2026-01-17 11:37:59,Meter 1,211.26,138.27,14.96,16.72,99.78,0.00,-0.99,212.05,97.11,11.11,11.92,99.85,0.00,0.62,211.79,71.89,7.12,8.84,99.91,0.00,-0.30,211.70,102.43,33.20,37.49,99.85,0.00,-0.67
2026-01-17 11:38:00,2026-01-17 11:38:59,Meter 1,211.38,142.41,15.15,17.21,99.74,0.00,-1.10,211.98,104.81,12.07,12.88,99.49,0.00,1.22,211.50,72.76,7.27,8.94,99.99,0.00,0.12,211.62,106.66,34.50,39.02,99.74,0.00,0.24
2026-01-17 11:39:00,2026-01-17 11:39:59,Meter 1,211.30,138.71,13.64,16.78,98.94,0.00,-2.00,211.85,106.24,12.18,13.04,98.58,0.00,2.07,211.83,69.36,7.22,8.53,99.99,0.00,-0.10,211.66,104.77,33.04,38.35,99.17,0.00,-0.02
2026-01-17 11:40:00,2026-01-17 11:40:59,Meter 1,211.40,134.55,13.41,16.28,98.59,0.00,-2.28,211.91,119.13,13.02,14.63,99.46,0.00,1.36,211.83,68.64,7.14,8.44,99.96,0.00,0.21,211.72,107.44,33.57,39.35,99.34,0.00,-0.71
2026-01-17 11:41:00,2026-01-17 11:41:59,Meter 1,211.21,130.81,14.90,15.82,97.94,0.00,-3.07,211.67,106.69,12.23,13.08,98.56,0.00,2.10,211.66,65.10,6.78,8.00,99.46,0.00,-0.71,211.51,100.86,33.91,36.89,98.66,0.00,-1.68
2026-01-17 11:42:00,2026-01-17 11:42:59,Meter 1,211.33,145.51,15.84,17.60,98.45,0.00,-2.83,211.89,114.57,13.40,14.06,98.90,0.00,2.00,211.83,70.91,7.73,8.72,98.00,0.00,1.57,211.68,110.33,36.98,40.38,98.45,0.00,0.75
2026-01-17 11:43:00,2026-01-17 11:43:59,Meter 1,211.19,143.26,16.63,17.32,97.18,0.00,-4.04,211.92,115.56,13.58,14.18,98.49,0.00,2.39,211.72,88.85,10.42,10.92,99.66,0.00,-0.86,211.61,115.89,40.62,42.42,98.44,0.00,-2.51
2026-01-17 11:44:00,2026-01-17 11:44:59,Meter 1,211.47,120.33,12.32,14.56,99.13,0.00,-1.64,211.86,90.90,10.72,11.16,99.97,0.00,0.25,211.64,79.65,8.79,9.78,99.88,0.00,0.42,211.66,96.96,31.82,35.50,99.66,0.00,-0.96
2026-01-17 11:45:00,2026-01-17 11:45:59,Meter 1,211.63,130.96,14.27,15.86,98.69,0.00,-2.33,211.81,110.69,13.26,13.59,98.76,0.00,2.11,211.85,77.64,8.69,9.54,99.21,0.00,1.10,211.76,106.43,36.23,39.00,98.89,0.00,0.88
2026-01-17 11:46:00,2026-01-17 11:46:59,Meter 1,211.40,134.48,15.50,16.26,99.34,0.00,-1.78,211.88,85.75,9.76,10.53,99.80,0.00,0.62,211.60,79.40,8.94,9.75,99.60,0.00,-0.80,211.63,99.87,34.20,36.54,99.58,0.00,-1.96
2026-01-17 11:47:00,2026-01-17 11:47:59,Meter 1,211.49,123.34,14.46,14.90,99.75,0.00,-1.03,211.92,99.57,11.73,12.24,98.17,0.00,2.27,211.14,83.95,9.66,10.30,96.68,0.00,2.55,211.52,102.29,35.85,37.43,98.20,0.00,3.79
2026-01-17 11:48:00,2026-01-17 11:48:59,Meter 1,211.43,107.61,12.57,13.00,99.93,0.00,-0.47,212.05,76.31,8.73,9.38,99.92,0.00,-0.35,211.43,72.52,8.37,8.91,99.41,0.00,-0.92,211.64,85.48,29.66,31.29,99.75,0.00,-1.74
2026-01-17 11:49:00,2026-01-17 11:49:59,Meter 1,211.63,123.11,13.84,14.90,99.73,0.00,1.02,212.10,87.36,10.10,10.74,99.28,0.00,1.22,211.69,76.31,8.76,9.38,96.93,0.00,2.22,211.80,95.59,32.70,35.02,98.65,0.00,4.46
2026-01-17 11:50:00,2026-01-17 11:50:59,Meter 1,211.77,118.51,11.66,14.35,99.80,0.00,-0.73,211.97,85.10,9.55,10.46,99.67,0.00,0.78,211.72,76.05,8.15,9.34,97.72,0.00,1.77,211.82,93.22,29.36,34.16,99.07,0.00,1.81
2026-01-17 11:51:00,2026-01-17 11:51:59,Meter 1,211.36,137.98,15.74,16.69,98.56,0.00,-2.70,212.15,89.03,10.33,10.93,99.83,0.00,0.61,211.92,87.74,9.93,10.80,99.62,0.00,-0.86,211.81,104.92,36.00,38.43,99.34,0.00,-2.95
2026-01-17 11:52:00,2026-01-17 11:52:59,Meter 1,211.24,141.23,16.46,17.08,99.15,0.00,-2.16,212.19,97.85,11.59,12.02,99.60,0.00,1.04,211.81,98.32,11.59,12.10,99.45,0.00,-1.23,211.75,112.47,39.65,41.19,99.40,0.00,-2.35
2026-01-17 11:53:00,2026-01-17 11:53:59,Meter 1,211.91,121.17,14.19,14.67,99.67,0.00,-1.15,212.47,79.09,9.42,9.74,99.95,0.00,-0.31,211.87,71.13,8.01,8.76,99.46,0.00,-0.84,212.08,90.46,31.63,33.17,99.69,0.00,-2.30
2026-01-17 11:54:00,2026-01-17 11:54:59,Meter 1,212.06,112.89,11.35,13.68,99.26,0.00,-1.39,212.53,82.53,9.70,10.17,100.00,0.00,0.02,212.04,67.92,6.87,8.36,99.15,0.00,-0.90,212.21,87.78,27.91,32.22,99.47,0.00,-2.27
2026-01-17 11:55:00,2026-01-17 11:55:59,Meter 1,211.73,123.06,12.72,14.90,98.24,0.00,-2.42,212.78,99.04,11.60,12.20,99.53,0.00,1.13,212.20,64.87,7.24,8.00,99.82,0.00,-0.43,212.24,95.66,31.56,35.10,99.20,0.00,-1.72
2026-01-17 11:56:00,2026-01-17 11:56:59,Meter 1,211.91,109.52,11.25,13.26,98.64,0.00,-1.87,212.98,83.87,9.72,10.34,99.90,0.00,-0.43,212.04,78.78,8.58,9.72,98.93,0.00,-1.27,212.31,90.72,29.55,33.32,99.16,0.00,-3.57
2026-01-17 11:57:00,2026-01-17 11:57:59,Meter 1,212.06,110.43,11.34,13.38,98.90,0.00,-1.69,213.02,81.82,9.33,10.09,99.80,0.00,-0.59,212.10,79.50,8.96,9.81,99.64,0.00,-0.76,212.39,90.58,29.64,33.28,99.45,0.00,-3.05
2026-01-17 11:58:00,2026-01-17 11:58:59,Meter 1,212.31,125.93,12.78,15.27,99.53,0.00,-1.24,212.61,93.57,10.62,11.54,99.53,0.00,1.03,211.94,68.13,7.33,8.39,97.82,0.00,1.56,212.29,95.88,30.72,35.20,98.96,0.00,1.35
2026-01-17 11:59:00,2026-01-17 11:59:59,Meter 1,212.40,116.53,11.51,14.13,99.76,0.00,-0.79,212.69,93.26,10.94,11.51,98.98,0.00,1.58,211.99,71.66,7.60,8.82,96.80,0.00,1.97,212.36,93.82,30.05,34.47,98.52,0.00,2.75
2026-01-17 12:00:00,2026-01-17 12:00:59,Meter 1,212.18,107.98,12.53,13.09,98.45,0.00,2.23,212.35,77.72,8.68,9.58,94.01,0.00,3.15,211.79,85.06,9.34,10.46,94.42,0.00,3.26,212.11,90.25,30.55,33.12,95.63,0.00,8.64
2026-01-17 12:01:00,2026-01-17 12:01:59,Meter 1,211.74,140.66,16.36,17.02,99.75,0.00,-1.17,212.20,138.54,15.71,17.05,93.56,0.00,5.93,211.73,91.80,10.24,11.29,96.07,0.00,2.96,211.89,123.67,42.31,45.36,96.46,0.00,7.72
2026-01-17 12:02:00,2026-01-17 12:02:59,Meter 1,211.96,94.93,10.91,11.49,98.12,0.00,2.15,212.58,91.17,10.21,11.24,93.18,0.00,3.98,211.81,67.75,7.20,8.34,92.42,0.00,2.98,212.12,84.62,28.33,31.07,94.57,0.00,9.10
2026-01-17 12:03:00,2026-01-17 12:03:59,Meter 1,211.85,99.94,11.34,12.11,99.75,0.00,0.81,212.36,101.97,11.51,12.55,94.96,0.00,3.80,212.00,73.10,7.57,9.00,96.91,0.00,1.93,212.07,91.67,30.42,33.66,97.20,0.00,6.53
2026-01-17 12:04:00,2026-01-17 12:04:59,Meter 1,211.78,102.91,12.04,12.45,98.21,0.00,2.31,212.42,99.44,11.50,12.25,95.13,0.00,3.72,211.72,81.49,8.87,10.02,91.11,0.00,4.01,211.97,94.61,32.42,34.72,94.82,0.00,10.05
2026-01-17 12:05:00,2026-01-17 12:05:59,Meter 1,211.79,104.18,11.79,12.61,99.91,0.00,0.51,212.39,115.63,13.23,14.23,94.52,0.00,4.57,211.89,82.37,8.57,10.14,92.60,0.00,3.49,212.02,100.73,33.58,36.99,95.67,0.00,8.57
2026-01-17 12:06:00,2026-01-17 12:06:59,Meter 1,212.18,89.84,10.05,10.90,98.33,0.00,1.86,212.52,96.78,11.03,11.93,94.95,0.00,3.65,212.13,82.58,8.63,10.17,91.38,0.00,3.84,212.28,89.73,29.72,32.99,94.88,0.00,9.35
2026-01-17 12:07:00,2026-01-17 12:07:59,Meter 1,211.98,102.75,11.96,12.45,99.99,0.00,0.18,212.56,104.24,12.08,12.85,95.65,0.00,3.69,211.95,83.59,8.88,10.29,92.98,0.00,3.52,212.17,96.86,32.92,35.58,96.20,0.00,7.38
2026-01-17 12:08:00,2026-01-17 12:08:59,Meter 1,212.41,67.99,7.56,8.26,100.00,0.00,0.04,212.64,69.70,8.12,8.60,99.97,0.00,0.19,212.33,73.68,8.23,9.08,98.63,0.00,1.37,212.46,70.46,23.91,25.93,99.54,0.00,1.61
2026-01-17 12:09:00,2026-01-17 12:09:59,Meter 1,212.58,72.21,8.26,8.78,99.84,0.00,-0.47,212.75,75.39,8.88,9.30,99.88,0.00,0.44,212.69,80.68,9.43,9.95,99.91,0.00,0.41,212.67,76.09,26.57,28.04,99.87,0.00,0.38
2026-01-17 12:10:00,2026-01-17 12:10:59,Meter 1,212.45,98.31,11.09,11.93,100.00,0.00,0.11,212.88,88.65,10.47,10.95,98.58,0.00,1.78,212.21,80.81,9.04,9.96,99.09,0.00,1.23,212.51,89.26,30.60,32.84,99.22,0.00,3.12
2026-01-17 12:11:00,2026-01-17 12:11:59,Meter 1,212.18,97.34,11.12,11.82,99.07,0.00,-1.52,212.50,97.49,11.45,12.01,98.36,0.00,2.10,212.47,62.95,6.77,7.76,99.85,0.00,0.38,212.38,85.93,29.34,31.59,99.09,0.00,0.95
2026-01-17 12:12:00,2026-01-17 12:12:59,Meter 1,212.10,90.84,10.44,11.03,98.02,0.00,-2.11,212.56,104.29,12.10,12.84,95.32,0.00,3.84,212.55,61.11,6.99,7.54,98.69,0.00,1.15,212.40,85.41,29.54,31.41,97.34,0.00,2.87
2026-01-17 12:13:00,2026-01-17 12:13:59,Meter 1,212.07,79.92,8.95,9.71,99.98,0.00,-0.19,212.71,93.71,10.73,11.54,95.03,0.00,3.51,212.85,65.90,7.20,8.14,95.41,0.00,2.26,212.54,79.85,26.87,29.39,96.81,0.00,5.59
2026-01-17 12:14:00,2026-01-17 12:14:59,Meter 1,211.93,73.57,8.13,8.92,99.90,0.00,-0.36,212.90,74.14,8.57,9.14,98.52,0.00,1.49,212.49,60.49,6.51,7.47,99.99,0.00,0.10,212.44,69.40,23.20,25.53,99.47,0.00,1.23
2026-01-17 12:15:00,2026-01-17 12:15:59,Meter 1,212.02,72.02,8.26,8.75,99.72,0.00,-0.62,212.71,66.61,7.77,8.20,99.30,0.00,0.93,212.69,57.69,6.51,7.12,99.97,0.00,-0.15,212.47,65.44,22.54,24.07,99.66,0.00,0.16
2026-01-17 12:16:00,2026-01-17 12:16:59,Meter 1,212.01,75.02,8.62,9.10,98.52,0.00,1.50,212.54,76.01,8.56,9.36,93.44,0.00,3.26,212.44,72.22,7.94,8.90,93.26,0.00,3.07,212.33,74.42,25.12,27.37,95.07,0.00,7.84
2026-01-17 12:17:00,2026-01-17 12:17:59,Meter 1,211.86,93.96,10.40,11.39,99.26,0.00,1.27,212.79,68.08,7.70,8.39,99.15,0.00,1.01,212.42,86.78,9.68,10.71,99.17,0.00,1.26,212.36,82.94,27.77,30.49,99.19,0.00,3.54
2026-01-17 12:18:00,2026-01-17 12:18:59,Meter 1,211.99,71.73,8.32,8.70,99.47,0.00,0.86,212.92,76.35,9.04,9.41,99.03,0.00,1.27,212.61,75.63,8.90,9.34,98.57,0.00,1.52,212.51,74.57,26.26,27.45,99.02,0.00,3.65
2026-01-17 12:19:00,2026-01-17 12:19:59,Meter 1,212.25,85.47,9.60,10.38,97.92,0.00,1.99,212.66,79.62,9.05,9.81,96.22,0.00,2.56,212.54,63.46,6.85,7.83,94.99,0.00,2.25,212.48,76.18,25.50,28.02,96.38,0.00,6.80
2026-01-17 12:20:00,2026-01-17 12:20:59,Meter 1,212.23,84.98,9.53,10.31,98.10,0.00,1.89,213.03,79.59,9.10,9.82,95.77,0.00,2.73,212.39,63.44,6.98,7.83,95.48,0.00,2.17,212.55,76.00,25.61,27.96,96.45,0.00,6.80
2026-01-17 12:21:00,2026-01-17 12:21:59,Meter 1,212.47,79.62,8.92,9.68,99.19,0.00,1.14,213.00,91.50,10.48,11.30,95.88,0.00,3.10,212.69,60.92,6.59,7.52,97.39,0.00,1.54,212.72,77.35,25.98,28.49,97.49,0.00,5.78
2026-01-17 12:22:00,2026-01-17 12:22:59,Meter 1,212.47,75.25,8.85,9.15,99.44,0.00,0.94,212.88,96.04,11.41,11.85,97.47,0.00,2.62,212.77,62.64,7.26,7.73,97.42,0.00,1.68,212.71,77.97,27.51,28.73,98.11,0.00,5.24
2026-01-17 12:23:00,2026-01-17 12:23:59,Meter 1,212.47,81.68,9.43,9.92,99.94,0.00,-0.33,212.92,84.66,9.78,10.45,95.67,0.00,2.98,212.44,43.82,4.84,5.41,98.09,0.00,0.96,212.61,70.05,24.05,25.78,97.90,0.00,3.61
2026-01-17 12:24:00,2026-01-17 12:24:59,Meter 1,212.49,63.87,6.52,7.75,100.00,0.00,-0.02,213.21,67.94,8.00,8.40,99.99,0.00,-0.09,212.35,58.00,5.92,7.16,99.46,0.00,-0.62,212.68,63.27,20.43,23.31,99.82,0.00,-0.72
2026-01-17 12:25:00,2026-01-17 12:25:59,Meter 1,212.68,76.25,8.74,9.28,99.58,0.00,-0.80,212.95,82.71,9.67,10.21,97.17,0.00,2.35,212.79,47.42,5.28,5.85,99.40,0.00,0.58,212.80,68.79,23.68,25.34,98.72,0.00,2.13
2026-01-17 12:26:00,2026-01-17 12:26:59,Meter 1,212.59,72.43,7.98,8.80,99.39,0.00,0.88,213.15,59.27,6.41,7.32,96.84,0.00,1.65,212.49,71.09,8.03,8.78,98.82,0.00,1.24,212.74,67.60,22.42,24.90,98.35,0.00,3.78
2026-01-17 12:27:00,2026-01-17 12:27:59,Meter 1,212.62,75.40,8.18,9.17,99.68,0.00,-0.66,212.96,64.80,7.04,8.00,97.12,0.00,1.73,212.63,72.98,8.25,9.01,99.93,0.00,0.31,212.74,71.06,23.47,26.18,98.91,0.00,1.38
2026-01-17 12:28:00,2026-01-17 12:28:59,Meter 1,212.29,74.62,8.39,9.06,99.69,0.00,0.66,213.31,48.47,5.01,5.99,95.81,0.00,1.50,212.64,63.50,6.97,7.85,96.15,0.00,1.99,212.75,62.20,20.37,22.89,97.22,0.00,4.15
2026-01-17 12:29:00,2026-01-17 12:29:59,Meter 1,212.07,90.95,10.25,11.03,99.79,0.00,0.67,213.21,51.20,5.70,6.32,98.81,0.00,0.89,212.58,73.07,7.93,9.03,97.75,0.00,1.71,212.62,71.74,23.88,26.38,98.78,0.00,3.27
2026-01-17 12:30:00,2026-01-17 12:30:59,Meter 1,211.99,95.18,11.13,11.54,99.87,0.00,0.56,213.25,65.76,7.62,8.11,97.47,0.00,1.75,212.42,77.02,8.45,9.52,93.85,0.00,3.11,212.55,79.32,27.21,29.17,97.07,0.00,5.42
2026-01-17 12:31:00,2026-01-17 12:31:59,Meter 1,212.14,64.75,7.43,7.86,99.71,0.00,-0.57,213.34,62.82,7.05,7.75,95.63,0.00,2.16,212.71,67.43,7.31,8.34,91.63,0.00,3.19,212.73,65.00,21.79,23.95,95.66,0.00,4.78
2026-01-17 12:32:00,2026-01-17 12:32:59,Meter 1,212.10,64.75,7.59,7.85,99.94,0.00,0.25,213.38,71.23,8.41,8.79,98.15,0.00,1.64,212.53,72.07,8.28,8.91,96.61,0.00,2.21,212.67,69.35,24.28,25.56,98.23,0.00,4.11
2026-01-17 12:33:00,2026-01-17 12:33:59,Meter 1,212.25,67.25,7.49,8.17,97.90,0.00,1.56,213.17,72.01,8.01,8.89,93.49,0.00,3.04,212.70,67.82,7.05,8.38,88.36,0.00,3.73,212.71,69.02,22.55,25.43,93.25,0.00,8.33
2026-01-17 12:34:00,2026-01-17 12:34:59,Meter 1,212.48,82.79,8.87,10.06,99.58,0.00,0.81,213.55,84.06,9.62,10.39,96.00,0.00,2.81,212.79,89.04,9.88,11.02,95.87,0.00,2.93,212.94,85.29,28.37,31.47,97.15,0.00,6.55
2026-01-17 12:35:00,2026-01-17 12:35:59,Meter 1,212.36,89.76,10.24,10.90,99.49,0.00,-1.04,213.35,75.79,8.77,9.36,98.25,0.00,1.66,212.77,89.46,10.43,11.06,99.71,0.00,0.80,212.83,85.00,29.43,31.33,99.15,0.00,1.42
2026-01-17 12:36:00,2026-01-17 12:36:59,Meter 1,212.10,121.86,14.55,14.82,99.48,0.00,-1.48,213.15,104.72,11.79,12.91,92.46,0.00,4.86,213.20,61.94,7.03,7.67,95.38,0.00,2.21,212.82,96.17,33.38,35.39,95.78,0.00,5.59
2026-01-17 12:37:00,2026-01-17 12:37:59,Meter 1,212.50,85.59,9.63,10.40,99.98,0.00,0.19,213.41,77.33,8.67,9.56,96.26,0.00,2.44,212.92,66.70,7.24,8.25,96.77,0.00,1.89,212.94,76.54,25.54,28.21,97.67,0.00,4.52
2026-01-17 12:38:00,2026-01-17 12:38:59,Meter 1,212.39,105.90,12.04,12.87,97.63,0.00,-2.67,213.45,103.56,11.86,12.79,95.03,0.00,3.89,213.00,59.02,6.59,7.31,99.89,0.00,-0.31,212.94,89.49,30.50,32.97,97.52,0.00,0.91
2026-01-17 12:39:00,2026-01-17 12:39:59,Meter 1,212.42,111.37,13.32,13.54,99.80,0.00,-0.85,213.37,104.19,11.58,12.87,90.88,0.00,5.32,212.91,60.43,6.78,7.48,94.09,0.00,2.44,212.90,92.00,31.68,33.88,94.92,0.00,6.90
2026-01-17 12:40:00,2026-01-17 12:40:59,Meter 1,212.63,92.06,10.29,11.17,100.00,0.00,0.08,213.60,92.07,10.63,11.39,96.86,0.00,2.73,212.46,80.37,8.67,9.94,97.54,0.00,1.96,212.90,88.16,29.58,32.50,98.13,0.00,4.77
2026-01-17 12:41:00,2026-01-17 12:41:59,Meter 1,212.69,99.26,11.15,12.05,99.48,0.00,1.14,213.28,103.51,11.30,12.80,91.67,0.00,4.92,212.36,90.61,10.08,11.19,95.13,0.00,3.26,212.78,97.79,32.53,36.04,95.43,0.00,9.33
2026-01-17 12:42:00,2026-01-17 12:42:59,Meter 1,212.86,101.81,12.06,12.37,99.34,0.00,1.40,213.36,91.15,10.38,11.28,93.57,0.00,3.91,212.34,95.78,11.10,11.82,95.66,0.00,3.38,212.85,96.25,33.54,35.47,96.19,0.00,8.69
2026-01-17 12:43:00,2026-01-17 12:43:59,Meter 1,212.77,102.02,12.18,12.40,100.00,0.00,0.03,212.97,109.56,12.27,13.54,91.56,0.00,5.39,212.57,76.35,8.61,9.42,93.95,0.00,3.14,212.77,95.97,33.05,35.36,95.17,0.00,8.56
2026-01-17 12:44:00,2026-01-17 12:44:59,Meter 1,212.29,85.74,10.03,10.41,99.90,0.00,0.44,213.26,60.26,6.49,7.44,93.95,0.00,2.37,212.64,55.47,6.12,6.86,97.42,0.00,1.42,212.73,67.16,22.63,24.71,97.09,0.00,4.22
2026-01-17 12:45:00,2026-01-17 12:45:59,Meter 1,212.71,74.52,8.82,9.06,99.99,0.00,-0.11,213.14,56.87,6.50,7.03,95.15,0.00,2.10,212.70,54.40,6.31,6.72,98.01,0.00,1.28,212.85,61.93,21.63,22.81,97.72,0.00,3.27
2026-01-17 12:46:00,2026-01-17 12:46:59,Meter 1,212.55,96.06,11.24,11.69,99.93,0.00,-0.41,213.07,76.85,8.25,9.49,90.89,0.00,3.79,212.94,61.49,6.42,7.60,93.60,0.00,2.41,212.85,78.14,25.90,28.77,94.81,0.00,5.79
2026-01-17 12:47:00,2026-01-17 12:47:59,Meter 1,212.86,65.56,6.96,7.97,94.92,0.00,2.31,213.26,56.12,6.00,6.94,95.69,0.00,1.82,212.65,60.51,6.36,7.47,94.51,0.00,2.20,212.92,60.73,19.32,22.39,95.04,0.00,6.33
2026-01-17 12:48:00,2026-01-17 12:48:59,Meter 1,212.69,85.01,9.88,10.34,99.43,0.00,-1.06,213.36,76.50,8.83,9.46,97.21,0.00,2.13,212.82,58.83,6.66,7.27,99.59,0.00,0.60,212.96,73.45,25.37,27.07,98.74,0.00,1.67
2026-01-17 12:49:00,2026-01-17 12:49:59,Meter 1,212.64,89.34,10.71,10.87,99.99,0.00,-0.12,213.07,98.55,10.91,12.17,90.59,0.00,5.10,212.80,73.30,8.58,9.05,96.29,0.00,2.41,212.84,87.06,30.20,32.09,95.62,0.00,7.39
2026-01-17 12:50:00,2026-01-17 12:50:59,Meter 1,212.83,74.47,8.70,9.06,99.98,0.00,0.18,213.09,85.65,9.55,10.59,91.25,0.00,4.28,212.79,55.73,6.09,6.88,91.14,0.00,2.75,212.90,71.95,24.34,26.53,94.12,0.00,7.21
2026-01-17 12:51:00,2026-01-17 12:51:59,Meter 1,213.04,69.14,6.94,8.42,97.68,0.00,1.52,213.47,64.77,7.21,8.02,93.30,0.00,2.78,213.04,67.29,6.81,8.32,91.86,0.00,2.93,213.18,67.07,20.95,24.76,94.28,0.00,7.23
2026-01-17 12:52:00,2026-01-17 12:52:59,Meter 1,212.93,73.50,8.55,8.95,99.97,0.00,-0.21,213.57,61.18,6.90,7.57,99.23,0.00,0.86,213.20,59.94,6.62,7.42,99.91,0.00,0.28,213.23,64.87,22.08,23.94,99.70,0.00,0.93
2026-01-17 12:53:00,2026-01-17 12:53:59,Meter 1,212.73,66.77,6.71,8.13,99.99,0.00,-0.08,213.50,56.48,6.33,6.98,97.84,0.00,1.34,213.23,58.03,5.77,7.19,99.16,0.00,0.75,213.15,60.43,18.82,22.30,99.00,0.00,2.01
2026-01-17 12:54:00,2026-01-17 12:54:59,Meter 1,212.97,60.86,6.44,7.41,96.63,0.00,1.72,213.34,60.47,6.63,7.48,91.52,0.00,2.92,212.96,55.86,5.83,6.91,90.66,0.00,2.71,213.09,59.06,18.90,21.80,92.94,0.00,7.35
2026-01-17 12:55:00,2026-01-17 12:55:59,Meter 1,212.71,65.76,7.29,8.00,100.00,0.00,-0.07,213.33,60.43,6.73,7.47,97.66,0.00,1.48,212.79,66.85,7.57,8.26,99.54,0.00,0.73,212.95,64.35,21.59,23.73,99.06,0.00,2.14
2026-01-17 12:56:00,2026-01-17 12:56:59,Meter 1,212.75,87.39,9.97,10.63,99.93,0.00,-0.36,213.29,87.68,9.59,10.84,90.66,0.00,4.46,212.89,61.92,6.77,7.66,95.38,0.00,2.13,212.98,79.00,26.33,29.13,95.32,0.00,6.23
2026-01-17 12:57:00,2026-01-17 12:57:59,Meter 1,212.51,99.90,11.07,12.14,99.29,0.00,-1.33,213.09,94.89,10.14,11.71,91.48,0.00,4.48,212.77,77.82,8.49,9.62,99.44,0.00,0.91,212.79,90.87,29.71,33.47,96.73,0.00,4.05
2026-01-17 12:58:00,2026-01-17 12:58:59,Meter 1,212.70,89.57,10.30,10.88,99.92,0.00,0.40,213.30,67.43,7.29,8.34,91.46,0.00,3.22,212.51,66.63,7.64,8.23,97.39,0.00,1.78,212.84,74.54,25.23,27.45,96.26,0.00,5.41
2026-01-17 12:59:00,2026-01-17 12:59:59,Meter 1,212.89,82.48,9.14,10.03,99.93,0.00,0.35,213.14,81.45,8.65,10.07,88.37,0.00,4.58,212.65,58.26,5.74,7.19,94.16,0.00,2.05,212.89,74.06,23.54,27.30,94.15,0.00,6.98
2026-01-17 13:00:00,2026-01-17 13:00:59,Meter 1,212.73,97.45,11.59,11.84,99.91,0.00,0.50,213.47,95.56,10.67,11.82,91.90,0.00,4.58,212.63,51.07,5.79,6.31,97.16,0.00,1.41,212.94,81.36,28.06,29.98,96.32,0.00,6.49
2026-01-17 13:01:00,2026-01-17 13:01:59,Meter 1,212.85,61.99,6.86,7.54,95.80,0.00,2.05,213.39,72.04,7.92,8.91,91.25,0.00,3.55,212.93,54.45,5.46,6.73,90.14,0.00,2.62,213.05,62.83,20.24,23.19,92.40,0.00,8.23
2026-01-17 13:02:00,2026-01-17 13:02:59,Meter 1,212.67,95.76,11.09,11.64,98.91,0.00,1.65,213.38,80.70,9.00,9.98,93.18,0.00,3.51,212.85,54.92,6.08,6.79,96.77,0.00,1.58,212.97,77.13,26.16,28.41,96.29,0.00,6.74
2026-01-17 13:03:00,2026-01-17 13:03:59,Meter 1,212.82,91.22,10.44,11.09,99.15,0.00,1.37,213.42,75.37,8.32,9.33,94.72,0.00,2.82,212.73,65.96,6.89,8.15,94.87,0.00,2.30,212.99,77.52,25.65,28.57,96.25,0.00,6.48
2026-01-17 13:04:00,2026-01-17 13:04:59,Meter 1,212.80,90.18,10.28,10.95,99.99,0.00,0.15,213.80,72.88,8.36,9.03,98.82,0.00,1.30,212.60,68.11,7.34,8.43,99.41,0.00,0.80,213.06,77.06,25.99,28.41,99.40,0.00,2.25
2026-01-17 13:05:00,2026-01-17 13:05:59,Meter 1,212.67,84.00,9.89,10.21,99.98,0.00,-0.22,213.50,95.43,10.54,11.80,90.70,0.00,4.90,212.95,61.27,5.91,7.58,88.88,0.00,3.05,213.04,80.23,26.35,29.60,93.19,0.00,7.73
2026-01-17 13:06:00,2026-01-17 13:06:59,Meter 1,213.03,92.26,10.40,11.23,99.14,0.00,-1.37,213.43,86.87,10.05,10.75,97.51,0.00,2.28,212.78,79.62,8.97,9.84,99.32,0.00,1.05,213.08,86.25,29.41,31.82,98.66,0.00,1.96
2026-01-17 13:07:00,2026-01-17 13:07:59,Meter 1,212.60,113.45,12.77,13.80,99.22,0.00,-1.60,213.51,93.01,10.54,11.50,96.19,0.00,3.00,213.10,71.28,7.62,8.83,100.00,0.00,-0.02,213.07,92.58,30.93,34.12,98.47,0.00,1.38
2026-01-17 13:08:00,2026-01-17 13:08:59,Meter 1,212.72,92.81,10.70,11.30,99.55,0.00,-1.02,213.36,83.80,9.59,10.36,96.06,0.00,2.77,213.07,55.21,6.04,6.83,99.82,0.00,0.36,213.05,77.27,26.34,28.48,98.48,0.00,2.12
2026-01-17 13:09:00,2026-01-17 13:09:59,Meter 1,212.92,78.86,8.52,9.60,99.73,0.00,0.63,213.20,77.50,8.03,9.58,87.47,0.00,4.45,212.98,64.69,6.53,8.00,93.78,0.00,2.42,213.03,73.68,23.09,27.18,93.66,0.00,7.50
2026-01-17 13:10:00,2026-01-17 13:10:59,Meter 1,212.49,96.89,11.15,11.78,99.96,0.00,-0.33,213.42,74.93,8.23,9.26,92.36,0.00,3.42,212.90,59.09,5.64,7.31,94.55,0.00,1.94,212.94,76.97,25.02,28.35,95.62,0.00,5.03
2026-01-17 13:11:00,2026-01-17 13:11:59,Meter 1,212.93,72.73,7.70,8.85,99.69,0.00,0.61,213.69,57.92,6.30,7.17,94.45,0.00,2.19,212.81,63.66,6.26,7.88,95.19,0.00,2.02,213.14,64.77,20.26,23.89,96.44,0.00,4.82
2026-01-17 13:12:00,2026-01-17 13:12:59,Meter 1,213.00,76.83,8.55,9.36,99.94,0.00,0.30,213.49,61.38,6.66,7.60,93.02,0.00,2.63,213.03,58.51,5.62,7.24,93.51,0.00,2.13,213.17,65.57,20.83,24.19,95.49,0.00,5.06
2026-01-17 13:13:00,2026-01-17 13:13:59,Meter 1,212.90,78.55,9.24,9.56,99.94,0.00,0.31,213.75,69.76,7.95,8.64,94.97,0.00,2.62,213.07,65.59,7.22,8.12,92.32,0.00,3.01,213.24,71.30,24.41,26.32,95.75,0.00,5.94
2026-01-17 13:14:00,2026-01-17 13:14:59,Meter 1,213.02,80.69,8.93,9.82,99.47,0.00,0.92,213.93,64.25,7.15,7.96,97.55,0.00,1.61,212.96,71.54,7.61,8.86,96.03,0.00,2.21,213.30,72.16,23.69,26.64,97.69,0.00,4.74
2026-01-17 13:15:00,2026-01-17 13:15:59,Meter 1,212.82,86.27,9.90,10.49,99.33,0.00,1.15,213.80,69.14,7.75,8.56,95.48,0.00,2.41,212.85,80.79,9.03,10.00,94.73,0.00,3.05,213.16,78.73,26.67,29.05,96.51,0.00,6.61
2026-01-17 13:16:00,2026-01-17 13:16:59,Meter 1,212.78,81.95,9.11,9.96,97.62,0.00,2.02,213.89,69.74,7.88,8.64,94.87,0.00,2.63,212.99,72.22,7.37,8.95,93.89,0.00,2.70,213.22,74.64,24.36,27.55,95.46,0.00,7.35
2026-01-17 13:17:00,2026-01-17 13:17:59,Meter 1,212.90,78.17,9.12,9.50,99.28,0.00,1.10,214.07,66.59,7.77,8.25,99.43,0.00,0.83,212.87,67.71,7.69,8.39,99.13,0.00,1.02,213.28,70.82,24.58,26.15,99.28,0.00,2.95
2026-01-17 13:18:00,2026-01-17 13:18:59,Meter 1,213.10,77.45,9.01,9.42,99.47,0.00,0.93,213.95,65.89,7.51,8.17,98.32,0.00,1.39,212.96,58.28,6.27,7.22,98.87,0.00,0.95,213.34,67.21,22.79,24.81,98.89,0.00,3.28
2026-01-17 13:19:00,2026-01-17 13:19:59,Meter 1,213.29,65.00,7.03,7.91,96.69,0.00,1.86,214.04,62.25,6.97,7.73,93.63,0.00,2.61,212.88,57.31,6.53,7.10,96.52,0.00,1.77,213.40,61.52,20.52,22.73,95.61,0.00,6.24
2026-01-17 13:20:00,2026-01-17 13:20:59,Meter 1,213.26,80.03,9.50,9.75,99.67,0.00,-0.78,213.90,77.51,9.30,9.61,98.45,0.00,1.65,213.01,56.40,6.58,6.98,99.94,0.00,-0.23,213.39,71.32,25.38,26.34,99.35,0.00,0.64
2026-01-17 13:21:00,2026-01-17 13:21:59,Meter 1,212.98,130.59,15.49,15.88,99.40,0.00,-1.71,213.77,100.42,11.42,12.44,93.52,0.00,4.32,212.84,59.28,6.70,7.34,99.75,0.00,0.47,213.20,96.76,33.60,35.66,97.56,0.00,3.08
2026-01-17 13:22:00,2026-01-17 13:22:59,Meter 1,213.39,88.96,9.84,10.85,99.16,0.00,1.28,213.90,60.25,6.26,7.47,88.86,0.00,3.23,213.29,59.05,5.59,7.32,90.56,0.00,2.62,213.53,69.42,21.69,25.64,92.86,0.00,7.13
2026-01-17 13:23:00,2026-01-17 13:23:59,Meter 1,213.50,67.50,7.53,8.23,99.96,0.00,0.20,214.05,60.29,6.59,7.48,97.12,0.00,1.62,213.28,65.49,7.12,8.12,98.32,0.00,1.32,213.61,64.43,21.25,23.83,98.47,0.00,3.14
2026-01-17 13:24:00,2026-01-17 13:24:59,Meter 1,213.73,61.77,6.67,7.53,99.76,0.00,-0.47,214.09,60.36,6.64,7.50,97.70,0.00,1.45,213.06,80.97,9.12,10.03,99.14,0.00,1.21,213.62,67.70,22.43,25.06,98.86,0.00,2.19
2026-01-17 13:25:00,2026-01-17 13:25:59,Meter 1,213.47,62.65,6.12,7.63,100.00,0.00,0.01,214.13,53.46,5.88,6.64,97.75,0.00,1.27,213.06,82.80,8.98,10.26,98.44,0.00,1.61,213.55,66.30,20.98,24.53,98.73,0.00,2.89
2026-01-17 13:26:00,2026-01-17 13:26:59,Meter 1,213.51,72.29,8.33,8.81,99.94,0.00,-0.29,214.06,66.60,7.14,8.27,91.73,0.00,3.10,213.19,67.68,6.95,8.39,91.49,0.00,3.07,213.59,68.86,22.43,25.47,94.39,0.00,5.88
2026-01-17 13:27:00,2026-01-17 13:27:59,Meter 1,213.23,74.87,8.79,9.12,99.96,0.00,0.23,213.98,68.98,7.98,8.55,94.86,0.00,2.66,213.25,66.52,7.24,8.24,93.58,0.00,2.73,213.49,70.12,24.01,25.92,96.13,0.00,5.62
2026-01-17 13:28:00,2026-01-17 13:28:59,Meter 1,212.81,111.85,13.21,13.62,99.05,0.00,-1.84,213.94,107.03,11.98,13.25,91.23,0.00,5.38,213.37,74.36,8.25,9.22,92.31,0.00,3.44,213.37,97.75,33.44,36.09,94.19,0.00,6.98
2026-01-17 13:29:00,2026-01-17 13:29:59,Meter 1,213.26,102.12,11.57,12.45,99.34,0.00,-1.34,213.92,93.45,10.54,11.59,93.54,0.00,3.98,213.22,66.72,7.01,8.27,97.10,0.00,1.73,213.47,87.43,29.12,32.30,96.66,0.00,4.37
2026-01-17 13:30:00,2026-01-17 13:30:59,Meter 1,213.10,81.99,9.18,9.99,99.99,0.00,-0.11,214.01,83.34,9.24,10.33,91.84,0.00,3.98,213.34,61.38,6.25,7.61,93.58,0.00,2.36,213.49,75.57,24.67,27.93,95.14,0.00,6.23
2026-01-17 13:31:00,2026-01-17 13:31:59,Meter 1,213.00,96.54,11.11,11.76,98.46,0.00,-1.97,214.06,95.92,11.11,11.88,96.07,0.00,3.21,213.46,62.14,6.70,7.71,99.35,0.00,0.77,213.51,84.87,28.93,31.36,97.96,0.00,2.01
2026-01-17 13:32:00,2026-01-17 13:32:59,Meter 1,213.11,92.83,10.83,11.32,99.67,0.00,-0.89,213.91,78.01,8.95,9.66,97.93,0.00,1.85,213.49,59.25,6.48,7.35,99.75,0.00,0.46,213.51,76.70,26.26,28.33,99.11,0.00,1.42
2026-01-17 13:33:00,2026-01-17 13:33:59,Meter 1,213.23,78.91,9.40,9.61,99.94,0.00,0.32,214.09,84.25,9.39,10.45,91.12,0.00,4.25,213.26,63.39,7.36,7.86,97.01,0.00,1.84,213.53,75.52,26.15,27.92,96.02,0.00,6.41
2026-01-17 13:34:00,2026-01-17 13:34:59,Meter 1,213.58,68.01,8.05,8.29,99.47,0.00,0.84,214.19,68.45,7.55,8.50,90.35,0.00,3.58,213.27,67.11,7.85,8.32,96.73,0.00,2.06,213.68,67.86,23.45,25.11,95.52,0.00,6.47
2026-01-17 13:35:00,2026-01-17 13:35:59,Meter 1,213.42,74.69,8.43,9.12,97.05,0.00,2.09,214.20,64.42,6.85,7.99,87.53,0.00,3.78,213.63,55.02,5.83,6.83,91.92,0.00,2.50,213.75,64.71,21.10,23.94,92.17,0.00,8.37
2026-01-17 13:36:00,2026-01-17 13:36:59,Meter 1,213.40,97.42,11.36,11.89,99.89,0.00,-0.54,214.08,90.80,9.95,11.26,90.83,0.00,4.58,213.72,67.14,7.04,8.33,95.54,0.00,2.17,213.73,85.12,28.35,31.49,95.42,0.00,6.22
2026-01-17 13:37:00,2026-01-17 13:37:59,Meter 1,213.33,88.89,10.35,10.85,99.97,0.00,0.27,213.97,85.01,9.18,10.54,89.95,0.00,4.46,213.58,77.28,8.39,9.58,96.43,0.00,2.30,213.63,83.72,27.92,30.97,95.45,0.00,7.03
2026-01-17 13:38:00,2026-01-17 13:38:59,Meter 1,213.32,102.21,11.92,12.47,99.48,0.00,1.23,214.05,69.90,7.55,8.67,90.64,0.00,3.52,213.47,67.45,6.74,8.36,94.58,0.00,2.31,213.61,79.85,26.20,29.50,94.90,0.00,7.06
2026-01-17 13:39:00,2026-01-17 13:39:59,Meter 1,213.66,89.76,10.22,10.96,99.67,0.00,0.83,214.04,73.58,7.89,9.13,92.26,0.00,3.30,213.53,65.30,6.81,8.10,97.21,0.00,1.64,213.74,76.21,24.92,28.19,96.38,0.00,5.77
2026-01-17 13:40:00,2026-01-17 13:40:59,Meter 1,213.61,68.22,7.57,8.33,98.38,0.00,1.38,213.97,82.12,9.09,10.19,91.45,0.00,4.02,213.49,57.76,5.78,7.16,93.09,0.00,2.27,213.69,69.37,22.43,25.68,94.31,0.00,7.66
2026-01-17 13:41:00,2026-01-17 13:41:59,Meter 1,213.60,66.23,6.73,8.08,99.08,0.00,0.92,213.88,82.98,9.17,10.30,92.50,0.00,3.77,213.22,61.47,6.02,7.61,93.98,0.00,2.19,213.57,70.23,21.93,25.99,95.18,0.00,6.88
2026-01-17 13:42:00,2026-01-17 13:42:59,Meter 1,213.45,62.12,6.54,7.58,99.73,0.00,0.48,213.77,66.44,7.43,8.24,94.10,0.00,2.67,213.52,58.13,5.68,7.20,96.22,0.00,1.61,213.58,62.23,19.65,23.02,96.69,0.00,4.75
2026-01-17 13:43:00,2026-01-17 13:43:59,Meter 1,213.13,74.70,7.82,9.11,100.00,0.00,0.01,213.85,72.52,8.08,8.98,93.13,0.00,3.16,213.42,67.98,7.22,8.43,97.88,0.00,1.51,213.47,71.73,23.12,26.52,97.00,0.00,4.68
2026-01-17 13:44:00,2026-01-17 13:44:59,Meter 1,213.26,83.97,9.77,10.24,99.84,0.00,-0.55,213.92,72.26,8.32,8.96,98.07,0.00,1.66,213.31,76.22,8.64,9.45,99.91,0.00,0.37,213.50,77.48,26.73,28.64,99.28,0.00,1.47
2026-01-17 13:45:00,2026-01-17 13:45:59,Meter 1,213.25,82.29,9.05,10.03,99.79,0.00,0.59,213.76,73.25,8.21,9.08,92.77,0.00,3.30,213.29,59.86,5.82,7.41,93.77,0.00,2.16,213.43,71.80,23.07,26.52,95.44,0.00,6.05
2026-01-17 13:46:00,2026-01-17 13:46:59,Meter 1,213.40,70.24,7.96,8.57,99.93,0.00,-0.29,213.96,72.20,8.40,8.96,97.95,0.00,1.73,213.42,62.99,6.86,7.81,99.90,0.00,0.31,213.59,68.48,23.22,25.33,99.26,0.00,1.75
2026-01-17 13:47:00,2026-01-17 13:47:59,Meter 1,213.20,76.30,8.82,9.32,99.95,0.00,-0.28,213.54,84.93,9.50,10.51,91.70,0.00,4.13,213.78,54.40,5.70,6.74,91.61,0.00,2.50,213.51,71.88,24.02,26.57,94.42,0.00,6.35
2026-01-17 13:48:00,2026-01-17 13:48:59,Meter 1,212.99,103.32,11.76,12.59,99.86,0.00,-0.63,213.70,76.10,8.44,9.42,93.23,0.00,3.27,213.42,69.55,7.02,8.62,97.01,0.00,1.76,213.37,82.99,27.22,30.63,96.70,0.00,4.40
2026-01-17 13:49:00,2026-01-17 13:49:59,Meter 1,213.11,119.23,14.08,14.54,99.18,0.00,-1.81,213.54,108.53,11.99,13.43,90.80,0.00,5.53,213.44,65.29,7.13,8.09,95.20,0.00,2.29,213.36,97.68,33.20,36.06,95.06,0.00,6.01
2026-01-17 13:50:00,2026-01-17 13:50:59,Meter 1,213.34,107.79,12.52,13.15,99.56,0.00,-1.17,213.73,98.14,10.77,12.16,91.11,0.00,4.87,213.37,70.97,7.74,8.79,96.58,0.00,2.08,213.48,92.30,31.03,34.10,95.75,0.00,5.78
2026-01-17 13:51:00,2026-01-17 13:51:59,Meter 1,213.51,96.97,11.46,11.83,100.00,0.00,-0.02,213.69,79.49,8.36,9.86,86.82,0.00,4.78,213.33,67.95,6.90,8.41,88.53,0.00,3.63,213.51,81.47,26.72,30.10,91.78,0.00,8.39
2026-01-17 13:52:00,2026-01-17 13:52:59,Meter 1,213.84,63.33,7.05,7.73,98.80,0.00,1.10,213.91,58.50,6.19,7.27,88.20,0.00,3.31,213.28,64.21,6.34,7.95,88.18,0.00,3.39,213.68,62.01,19.58,22.95,91.73,0.00,7.80
2026-01-17 13:53:00,2026-01-17 13:53:59,Meter 1,213.77,81.72,8.68,9.98,99.88,0.00,0.43,213.86,78.84,8.95,9.79,95.85,0.00,2.66,213.31,84.33,9.07,10.44,95.97,0.00,2.65,213.65,81.63,26.69,30.21,97.24,0.00,5.74
2026-01-17 13:54:00,2026-01-17 13:54:59,Meter 1,213.65,77.12,8.96,9.41,99.72,0.00,0.67,214.03,74.21,8.23,9.21,93.52,0.00,3.11,213.45,78.43,8.71,9.72,95.91,0.00,2.57,213.71,76.59,25.89,28.35,96.38,0.00,6.36
2026-01-17 13:55:00,2026-01-17 13:55:59,Meter 1,213.48,91.91,10.48,11.22,99.97,0.00,-0.25,214.13,73.70,8.44,9.15,97.85,0.00,1.78,213.53,64.98,6.88,8.06,99.22,0.00,0.87,213.72,76.86,25.80,28.42,99.01,0.00,2.39
2026-01-17 13:56:00,2026-01-17 13:56:59,Meter 1,213.27,135.10,15.39,16.49,98.01,0.00,-3.12,213.82,126.73,14.27,15.70,91.76,0.00,6.18,213.71,62.27,6.04,7.72,97.45,0.00,1.39,213.60,108.03,35.70,39.91,95.74,0.00,4.45
2026-01-17 13:57:00,2026-01-17 13:57:59,Meter 1,213.25,126.50,15.10,15.42,99.98,0.00,-0.27,214.14,89.17,10.12,11.06,93.74,0.00,3.76,213.52,57.24,6.10,7.10,96.55,0.00,1.64,213.64,90.97,31.31,33.59,96.76,0.00,5.13
2026-01-17 13:58:00,2026-01-17 13:58:59,Meter 1,213.25,117.04,13.91,14.28,99.94,0.00,-0.48,214.06,84.86,9.84,10.52,97.24,0.00,2.36,213.64,67.49,7.44,8.38,99.34,0.00,0.86,213.65,89.80,31.19,33.17,98.84,0.00,2.74
2026-01-17 13:59:00,2026-01-17 13:59:59,Meter 1,213.40,101.40,11.82,12.38,99.70,0.00,0.92,213.87,95.87,10.53,11.88,90.17,0.00,5.05,213.64,63.61,6.55,7.89,92.54,0.00,2.68,213.64,86.96,28.90,32.15,94.14,0.00,8.65
2026-01-17 14:00:00,2026-01-17 14:00:59,Meter 1,213.61,99.96,10.09,12.21,99.19,0.00,-1.29,214.18,72.26,8.19,8.97,99.93,0.00,0.32,213.88,76.45,6.97,9.49,99.04,0.00,-0.98,213.89,82.89,25.26,30.67,99.38,0.00,-1.95
2026-01-17 14:01:00,2026-01-17 14:01:59,Meter 1,213.68,96.33,10.71,11.78,98.46,0.00,-1.90,213.97,74.17,8.58,9.20,99.99,0.00,0.13,213.99,68.30,7.29,8.48,97.07,0.00,-1.80,213.88,79.60,26.58,29.46,98.51,0.00,-3.58
2026-01-17 14:02:00,2026-01-17 14:02:59,Meter 1,213.44,127.01,12.74,15.51,98.77,0.00,-2.02,214.09,97.98,10.73,12.15,97.25,0.00,2.57,213.75,75.73,6.83,9.40,99.98,0.00,0.12,213.76,100.24,30.29,37.06,98.67,0.00,0.68
2026-01-17 14:03:00,2026-01-17 14:03:59,Meter 1,213.64,112.08,10.79,13.70,98.08,0.00,-2.15,214.17,60.04,6.78,7.45,98.35,0.00,1.25,213.91,68.03,6.40,8.45,99.05,0.00,-0.89,213.91,80.05,23.98,29.60,98.49,0.00,-1.79
2026-01-17 14:04:00,2026-01-17 14:04:59,Meter 1,213.59,99.21,10.16,12.11,99.58,0.00,-0.94,214.36,49.22,5.33,6.11,97.69,0.00,1.17,213.68,64.70,6.15,8.03,100.00,0.00,0.03,213.88,71.04,21.64,26.26,99.09,0.00,0.26
2026-01-17 14:05:00,2026-01-17 14:05:59,Meter 1,213.73,68.93,7.74,8.42,97.14,0.00,-1.89,214.58,45.03,5.40,5.60,99.87,0.00,0.27,214.03,42.78,4.87,5.32,97.88,0.00,-1.02,214.11,52.25,18.01,19.34,98.30,0.00,-2.64
2026-01-17 14:06:00,2026-01-17 14:06:59,Meter 1,213.58,100.53,9.72,12.28,98.47,0.00,-1.72,214.29,56.11,5.87,6.97,96.03,0.00,1.71,213.85,50.13,4.27,6.23,99.48,0.00,0.44,213.91,68.92,19.86,25.47,97.99,0.00,0.42
2026-01-17 14:07:00,2026-01-17 14:07:59,Meter 1,213.52,108.18,11.59,13.20,98.88,0.00,-1.75,214.41,79.28,8.93,9.85,98.89,0.00,1.34,213.64,64.31,6.04,7.99,100.00,0.00,-0.02,213.86,83.93,26.56,31.04,99.26,0.00,-0.43
2026-01-17 14:08:00,2026-01-17 14:08:59,Meter 1,213.51,125.08,11.99,15.27,97.40,0.00,-2.79,214.52,82.59,9.33,10.26,99.88,0.00,0.45,213.73,74.49,6.82,9.26,96.34,0.00,-1.90,213.92,94.06,28.15,34.78,97.87,0.00,-4.24
2026-01-17 14:09:00,2026-01-17 14:09:59,Meter 1,213.54,113.19,10.53,13.81,97.94,0.00,-2.17,214.30,78.02,8.75,9.69,99.89,0.00,0.42,213.54,87.67,8.26,10.88,99.01,0.00,-1.17,213.79,92.96,27.54,34.38,98.95,0.00,-2.92
2026-01-17 14:10:00,2026-01-17 14:10:59,Meter 1,213.45,114.45,11.76,13.96,99.40,0.00,-1.29,213.98,72.61,8.16,9.01,97.42,0.00,1.89,213.41,74.63,7.21,9.25,99.74,0.00,0.52,213.61,87.23,27.12,32.22,98.86,0.00,1.12
2026-01-17 14:11:00,2026-01-17 14:11:59,Meter 1,213.53,119.07,11.91,14.53,99.59,0.00,-1.09,214.21,84.76,9.59,10.52,99.07,0.00,1.31,213.52,82.23,8.07,10.20,99.98,0.00,-0.16,213.75,95.35,29.56,35.26,99.55,0.00,0.07
2026-01-17 14:12:00,2026-01-17 14:12:59,Meter 1,213.52,118.16,11.96,14.42,99.49,0.00,-1.22,213.98,87.43,9.88,10.85,100.00,0.00,0.00,213.38,82.65,8.26,10.24,99.98,0.00,-0.16,213.63,96.08,30.09,35.51,99.82,0.00,-1.37
2026-01-17 14:13:00,2026-01-17 14:13:59,Meter 1,213.70,76.70,8.97,9.36,99.51,0.00,-0.89,213.71,73.36,8.40,9.10,93.92,0.00,3.07,213.34,56.02,6.41,6.93,96.47,0.00,1.75,213.59,68.69,23.77,25.40,96.64,0.00,3.93
2026-01-17 14:14:00,2026-01-17 14:14:59,Meter 1,213.55,117.76,11.04,14.38,97.23,0.00,-2.65,213.85,86.85,10.07,10.77,97.83,0.00,2.13,213.57,68.50,6.76,8.49,99.58,0.00,-0.62,213.66,91.04,27.86,33.64,98.21,0.00,-1.15
2026-01-17 14:15:00,2026-01-17 14:15:59,Meter 1,213.69,106.22,10.95,12.97,96.43,0.00,-3.00,213.97,84.05,9.94,10.43,99.94,0.00,0.35,213.41,64.05,6.47,7.94,95.68,0.00,-1.96,213.69,84.77,27.36,31.34,97.35,0.00,-4.61
2026-01-17 14:16:00,2026-01-17 14:16:59,Meter 1,213.43,129.14,14.11,15.77,98.24,0.00,-2.68,214.18,77.02,9.08,9.55,100.00,0.00,-0.08,213.80,65.12,6.21,8.09,93.19,0.00,-2.42,213.80,90.43,29.39,33.41,97.14,0.00,-5.18
2026-01-17 14:17:00,2026-01-17 14:17:59,Meter 1,213.26,94.44,11.21,11.53,99.20,0.00,-1.43,214.07,67.48,8.18,8.37,99.73,0.00,0.61,213.74,52.82,5.95,6.56,98.97,0.00,-0.86,213.69,71.58,25.33,26.45,99.30,0.00,-1.68
2026-01-17 14:18:00,2026-01-17 14:18:59,Meter 1,213.24,126.53,14.96,15.44,98.16,0.00,-2.91,214.04,88.93,10.80,11.02,99.93,0.00,0.40,213.60,75.96,8.60,9.43,96.99,0.00,-2.16,213.63,97.14,34.36,35.88,98.36,0.00,-4.66
2026-01-17 14:19:00,2026-01-17 14:19:59,Meter 1,213.86,115.84,11.65,14.16,99.06,0.00,-1.61,213.86,78.43,8.95,9.74,99.94,0.00,-0.30,213.56,84.20,7.63,10.43,97.49,0.00,-1.74,213.76,92.83,28.23,34.33,98.83,0.00,-3.65
2026-01-17 14:20:00,2026-01-17 14:20:59,Meter 1,213.84,94.83,7.76,11.57,99.98,0.00,0.16,214.00,69.91,7.39,8.69,94.76,0.00,2.49,213.17,57.91,4.44,7.17,96.66,0.00,1.18,213.67,74.21,19.59,27.43,97.13,0.00,3.83
2026-01-17 14:21:00,2026-01-17 14:21:59,Meter 1,213.69,53.04,5.98,6.47,100.00,0.00,0.03,214.17,58.38,6.74,7.25,95.78,0.00,2.02,213.37,47.81,4.61,5.93,85.51,0.00,2.79,213.74,53.08,17.33,19.65,93.76,0.00,4.84
2026-01-17 14:22:00,2026-01-17 14:22:59,Meter 1,213.46,116.09,12.38,14.16,99.81,0.00,-0.76,214.33,75.70,8.76,9.40,99.44,0.00,0.93,213.40,89.98,10.29,11.17,99.92,0.00,0.40,213.73,93.92,31.44,34.72,99.73,0.00,0.56
2026-01-17 14:23:00,2026-01-17 14:23:59,Meter 1,213.65,55.24,6.38,6.74,99.46,0.00,-0.66,213.94,58.86,6.69,7.31,94.65,0.00,2.28,213.42,45.97,4.36,5.70,81.51,0.00,3.10,213.67,53.36,17.43,19.74,91.87,0.00,4.72
2026-01-17 14:24:00,2026-01-17 14:24:59,Meter 1,213.62,105.09,10.11,12.83,98.13,0.00,-1.98,214.18,75.13,8.50,9.33,99.99,0.00,0.10,213.64,78.53,8.31,9.75,99.98,0.00,-0.15,213.81,86.25,26.92,31.90,99.37,0.00,-2.03
2026-01-17 14:25:00,2026-01-17 14:25:59,Meter 1,213.59,119.71,13.44,14.62,98.08,0.00,-2.67,214.05,81.62,9.34,10.13,99.45,0.00,0.99,213.65,79.65,8.22,9.88,99.65,0.00,-0.69,213.76,93.66,31.00,34.63,99.06,0.00,-2.38
2026-01-17 14:26:00,2026-01-17 14:26:59,Meter 1,213.43,127.79,14.22,15.59,99.21,0.00,-1.79,214.27,79.22,9.43,9.83,99.09,0.00,1.28,213.50,78.33,8.46,9.72,99.95,0.00,-0.27,213.73,95.11,32.11,35.14,99.42,0.00,-0.78
2026-01-17 14:27:00,2026-01-17 14:27:59,Meter 1,213.28,110.45,12.25,13.46,99.99,0.00,-0.14,214.11,69.05,7.76,8.57,94.27,0.00,2.75,213.25,70.89,7.01,8.79,91.46,0.00,3.10,213.55,83.46,27.02,30.81,95.24,0.00,5.71
2026-01-17 14:28:00,2026-01-17 14:28:59,Meter 1,213.10,134.88,15.29,16.41,99.79,0.00,-1.00,214.33,85.32,9.58,10.59,94.40,0.00,3.35,213.02,72.80,7.92,9.03,95.91,0.00,2.34,213.48,97.67,32.80,36.03,96.70,0.00,4.69
2026-01-17 14:29:00,2026-01-17 14:29:59,Meter 1,213.26,101.83,12.03,12.40,98.64,0.00,-2.00,214.52,71.34,8.67,8.86,99.99,0.00,0.09,213.11,82.01,9.85,10.18,99.19,0.00,-1.26,213.63,85.06,30.54,31.43,99.28,0.00,-3.17
2026-01-17 14:30:00,2026-01-17 14:30:59,Meter 1,213.51,71.98,6.23,8.78,99.61,0.00,-0.55,214.30,63.65,7.14,7.91,97.47,0.00,1.64,213.36,53.79,5.13,6.67,97.51,0.00,1.17,213.73,63.14,18.49,23.36,98.20,0.00,2.25
2026-01-17 14:31:00,2026-01-17 14:31:59,Meter 1,213.55,98.72,10.11,12.05,97.81,0.00,-2.15,214.01,82.92,9.89,10.29,99.72,0.00,0.74,213.43,92.43,10.45,11.46,99.54,0.00,-1.00,213.66,91.35,30.45,33.79,99.02,0.00,-2.41
2026-01-17 14:32:00,2026-01-17 14:32:59,Meter 1,213.44,95.73,9.25,11.68,99.98,0.00,0.17,214.05,68.03,7.42,8.44,99.08,0.00,1.01,213.38,83.86,9.27,10.40,98.42,0.00,1.67,213.62,82.54,25.95,30.51,99.16,0.00,2.86
2026-01-17 14:33:00,2026-01-17 14:33:59,Meter 1,213.66,99.83,8.60,12.18,99.98,0.00,-0.15,213.83,80.21,8.74,9.96,98.58,0.00,1.49,213.35,72.41,6.47,8.97,98.40,0.00,1.17,213.61,84.15,23.82,31.11,98.99,0.00,2.51
2026-01-17 14:34:00,2026-01-17 14:34:59,Meter 1,213.60,101.17,9.69,12.34,99.97,0.00,-0.24,214.03,74.48,8.33,9.25,98.76,0.00,1.32,213.31,69.48,6.02,8.61,98.15,0.00,1.17,213.65,81.71,24.03,30.20,98.96,0.00,2.26
2026-01-17 14:35:00,2026-01-17 14:35:59,Meter 1,213.74,105.50,8.66,12.88,99.52,0.00,-0.85,214.04,78.54,8.95,9.75,99.98,0.00,0.16,213.40,73.15,7.10,9.07,100.00,0.00,-0.02,213.73,85.73,24.71,31.70,99.84,0.00,-0.71
2026-01-17 14:36:00,2026-01-17 14:36:59,Meter 1,213.36,93.77,9.99,11.43,99.65,0.00,-0.83,214.17,87.94,10.10,10.91,96.56,0.00,2.72,213.37,45.46,4.89,5.64,96.59,0.00,1.31,213.63,75.73,24.98,27.98,97.60,0.00,3.20
2026-01-17 14:37:00,2026-01-17 14:37:59,Meter 1,213.60,63.83,7.13,7.79,99.56,0.00,-0.67,214.16,82.84,9.58,10.29,95.06,0.00,3.13,213.40,36.52,3.75,4.53,91.59,0.00,1.64,213.72,61.06,20.46,22.60,95.40,0.00,4.10
2026-01-17 14:38:00,2026-01-17 14:38:59,Meter 1,213.83,91.75,8.85,11.21,98.55,0.00,-1.52,214.09,85.41,10.15,10.61,99.95,0.00,0.33,213.66,72.35,7.05,8.97,98.52,0.00,-1.23,213.86,83.17,26.05,30.79,99.01,0.00,-2.42
2026-01-17 14:39:00,2026-01-17 14:39:59,Meter 1,213.64,91.45,10.77,11.18,98.95,0.00,-1.57,214.14,80.14,9.67,9.94,99.98,0.00,-0.20,213.91,77.93,9.12,9.68,97.59,0.00,-2.04,213.90,83.17,29.56,30.80,98.84,0.00,-3.81
2026-01-17 14:40:00,2026-01-17 14:40:59,Meter 1,213.38,98.03,9.89,11.97,99.77,0.00,-0.67,214.12,80.83,9.06,10.02,96.25,0.00,2.55,213.94,60.53,5.95,7.52,98.49,0.00,1.05,213.82,79.80,24.90,29.52,98.17,0.00,2.93
2026-01-17 14:41:00,2026-01-17 14:41:59,Meter 1,213.26,117.99,12.40,14.40,99.99,0.00,0.15,214.20,82.29,9.31,10.20,99.34,0.00,1.07,213.71,96.85,10.52,12.03,98.89,0.00,1.58,213.73,99.04,32.23,36.63,99.41,0.00,2.81
2026-01-17 14:42:00,2026-01-17 14:42:59,Meter 1,213.41,86.85,9.39,10.60,99.97,0.00,0.23,214.14,70.80,8.29,8.79,97.10,0.00,2.04,213.59,70.73,7.65,8.78,97.87,0.00,1.61,213.71,76.12,25.33,28.16,98.31,0.00,3.88
2026-01-17 14:43:00,2026-01-17 14:43:59,Meter 1,213.66,111.25,12.37,13.59,98.94,0.00,-1.81,214.33,81.82,9.62,10.16,99.98,0.00,0.18,213.87,81.38,8.80,10.11,99.85,0.00,-0.48,213.95,91.49,30.79,33.86,99.59,0.00,-2.11
2026-01-17 14:44:00,2026-01-17 14:44:59,Meter 1,213.81,67.79,6.86,8.28,100.00,0.00,0.02,214.31,72.56,8.63,9.02,99.12,0.00,1.15,213.70,58.29,6.16,7.24,91.78,0.00,2.67,213.94,66.22,21.65,24.54,96.97,0.00,3.84
2026-01-17 14:45:00,2026-01-17 14:45:59,Meter 1,213.69,109.54,10.90,13.37,97.68,0.00,-2.39,214.33,100.90,11.92,12.54,100.00,0.00,-0.00,213.57,81.69,8.29,10.14,99.47,0.00,0.86,213.86,97.38,31.11,36.05,99.05,0.00,-1.53
2026-01-17 14:46:00,2026-01-17 14:46:59,Meter 1,213.55,91.33,10.32,11.15,96.80,0.00,-2.68,214.37,95.80,11.68,11.90,99.32,0.00,1.37,213.77,66.46,7.82,8.26,99.70,0.00,-0.61,213.90,84.53,29.81,31.30,98.60,0.00,-1.91
2026-01-17 14:47:00,2026-01-17 14:47:59,Meter 1,213.60,66.90,7.66,8.16,100.00,0.00,0.02,214.39,69.65,8.13,8.65,96.64,0.00,2.16,213.63,47.52,5.18,5.90,95.79,0.00,1.55,213.87,61.36,20.97,22.72,97.48,0.00,3.73
2026-01-17 14:48:00,2026-01-17 14:48:59,Meter 1,213.49,106.68,10.84,13.02,98.59,0.00,-1.84,214.54,89.61,10.73,11.13,99.98,0.00,-0.21,213.78,83.39,8.72,10.37,96.87,0.00,-2.23,213.94,93.23,30.29,34.52,98.48,0.00,-4.28
2026-01-17 14:49:00,2026-01-17 14:49:59,Meter 1,213.52,91.17,8.44,11.12,99.55,0.00,-0.81,214.37,83.83,9.93,10.41,99.19,0.00,1.27,213.43,66.06,6.39,8.20,99.22,0.00,-0.80,213.77,80.35,24.76,29.73,99.32,0.00,-0.34
2026-01-17 14:50:00,2026-01-17 14:50:59,Meter 1,213.24,101.66,10.21,12.40,99.71,0.00,-0.78,214.07,95.09,11.09,11.79,99.81,0.00,0.68,213.65,83.01,7.96,10.30,99.24,0.00,-0.99,213.65,93.25,29.25,34.49,99.58,0.00,-1.09
2026-01-17 14:51:00,2026-01-17 14:51:59,Meter 1,213.24,100.58,9.09,12.27,99.65,0.00,-0.77,214.06,89.58,10.56,11.11,98.41,0.00,1.91,213.55,78.50,8.09,9.74,99.96,0.00,-0.23,213.62,89.55,27.75,33.11,99.34,0.00,0.92
2026-01-17 14:52:00,2026-01-17 14:52:59,Meter 1,213.42,83.78,7.01,10.22,99.98,0.00,-0.14,213.97,79.83,9.04,9.90,99.34,0.00,1.05,213.52,71.97,6.28,8.92,99.82,0.00,0.37,213.63,78.53,22.34,29.05,99.71,0.00,1.28
2026-01-17 14:53:00,2026-01-17 14:53:59,Meter 1,213.43,135.05,14.73,16.47,97.65,0.00,-3.25,214.11,105.25,12.48,13.06,98.94,0.00,1.83,213.40,76.55,8.25,9.49,98.00,0.00,-1.68,213.65,105.61,35.46,39.02,98.19,0.00,-3.10
2026-01-17 14:54:00,2026-01-17 14:54:59,Meter 1,213.88,91.26,6.82,11.14,99.96,0.00,0.20,214.05,67.94,7.26,8.45,96.85,0.00,1.87,213.15,72.43,6.57,8.97,95.14,0.00,2.13,213.70,77.21,20.65,28.55,97.32,0.00,4.19
2026-01-17 14:55:00,2026-01-17 14:55:59,Meter 1,213.69,106.52,10.63,13.00,99.96,0.00,-0.30,214.05,72.77,8.31,9.04,99.30,0.00,0.99,213.35,78.57,8.28,9.74,98.97,0.00,1.20,213.70,85.95,27.22,31.77,99.41,0.00,1.89
2026-01-17 14:56:00,2026-01-17 14:56:59,Meter 1,213.57,94.67,9.17,11.55,99.95,0.00,-0.29,214.14,63.39,6.88,7.87,99.65,0.00,-0.58,213.40,79.73,7.67,9.89,99.77,0.00,0.52,213.70,79.26,23.72,29.31,99.79,0.00,-0.35
2026-01-17 14:57:00,2026-01-17 14:57:59,Meter 1,213.39,87.60,7.29,10.69,100.00,0.00,-0.06,214.06,55.77,5.98,6.92,99.87,0.00,0.30,213.60,69.52,6.09,8.62,98.26,0.00,1.15,213.68,70.96,19.36,26.23,99.38,0.00,1.39
2026-01-17 14:58:00,2026-01-17 14:58:59,Meter 1,213.44,68.18,5.16,8.32,98.93,0.00,0.76,214.12,64.00,7.13,7.94,99.80,0.00,0.45,213.74,65.98,6.00,8.19,95.82,0.00,1.79,213.77,66.05,18.29,24.45,98.19,0.00,3.00
2026-01-17 14:59:00,2026-01-17 14:59:59,Meter 1,213.63,75.77,7.07,9.26,99.19,0.00,-0.91,214.23,75.87,9.05,9.42,100.00,0.00,0.00,213.89,55.77,5.10,6.93,99.29,0.00,0.61,213.92,69.14,21.22,25.60,99.49,0.00,-0.30
2026-01-17 15:00:00,2026-01-17 15:00:59,Meter 1,213.18,85.00,9.66,10.37,98.09,0.00,1.92,214.16,84.94,9.88,10.53,95.58,0.00,3.04,213.62,62.37,6.65,7.74,94.69,0.00,2.26,213.65,77.44,26.19,28.64,96.12,0.00,7.22
2026-01-17 15:01:00,2026-01-17 15:01:59,Meter 1,213.22,74.26,8.31,9.05,95.10,0.00,2.70,214.09,87.15,10.25,10.81,96.22,0.00,2.90,213.35,75.94,8.75,9.42,97.73,0.00,1.90,213.55,79.12,27.32,29.27,96.35,0.00,7.50
2026-01-17 15:02:00,2026-01-17 15:02:59,Meter 1,212.99,99.80,11.70,12.15,99.98,0.00,0.23,214.07,116.38,13.22,14.42,92.83,0.00,5.29,213.17,54.56,5.60,6.76,95.69,0.00,1.70,213.41,90.25,30.52,33.34,96.17,0.00,7.23
2026-01-17 15:03:00,2026-01-17 15:03:59,Meter 1,213.43,85.85,9.89,10.46,99.59,0.00,0.90,213.93,104.89,11.92,13.01,93.27,0.00,4.61,213.13,61.50,6.08,7.62,96.69,0.00,1.60,213.49,84.08,27.89,31.09,96.51,0.00,7.11
2026-01-17 15:04:00,2026-01-17 15:04:59,Meter 1,213.35,92.16,10.31,11.23,99.78,0.00,0.68,214.07,85.73,10.06,10.64,97.99,0.00,2.05,213.10,69.94,7.23,8.67,97.80,0.00,1.54,213.51,82.61,27.59,30.53,98.52,0.00,4.27
2026-01-17 15:05:00,2026-01-17 15:05:59,Meter 1,213.10,76.00,8.48,9.25,97.35,0.00,1.99,214.20,70.05,8.22,8.69,98.30,0.00,1.54,213.02,74.21,7.72,9.20,95.13,0.00,2.50,213.44,73.42,24.41,27.14,96.92,0.00,6.03
2026-01-17 15:06:00,2026-01-17 15:06:59,Meter 1,213.21,83.84,9.58,10.20,98.84,0.00,1.47,213.98,78.16,9.09,9.70,96.88,0.00,2.32,212.80,77.38,8.09,9.58,92.70,0.00,3.27,213.33,79.79,26.76,29.48,96.14,0.00,7.07
2026-01-17 15:07:00,2026-01-17 15:07:59,Meter 1,213.41,71.31,7.57,8.68,99.35,0.00,0.87,214.07,69.83,7.96,8.67,98.41,0.00,1.44,212.85,79.30,8.30,9.82,95.01,0.00,2.72,213.44,73.48,23.82,27.17,97.59,0.00,5.03
2026-01-17 15:08:00,2026-01-17 15:08:59,Meter 1,213.58,77.62,8.40,9.46,99.32,0.00,0.98,214.06,59.23,6.38,7.36,99.46,0.00,0.66,213.08,76.05,7.66,9.42,95.67,0.00,2.33,213.57,70.97,22.44,26.24,98.15,0.00,3.98
2026-01-17 15:09:00,2026-01-17 15:09:59,Meter 1,213.36,87.88,9.68,10.70,98.77,0.00,1.53,213.98,61.67,6.66,7.65,97.17,0.00,1.62,212.99,79.65,8.26,9.86,95.00,0.00,2.71,213.44,76.40,24.59,28.22,96.98,0.00,5.87
2026-01-17 15:10:00,2026-01-17 15:10:59,Meter 1,213.40,91.14,9.93,11.10,97.05,0.00,2.47,214.02,70.43,7.50,8.74,93.26,0.00,2.90,212.83,94.05,10.25,11.64,95.85,0.00,3.05,213.42,85.21,27.67,31.48,95.39,0.00,8.42
2026-01-17 15:11:00,2026-01-17 15:11:59,Meter 1,213.15,97.99,11.09,11.93,97.21,0.00,2.68,214.03,81.03,8.70,10.05,89.81,0.00,4.26,213.01,87.67,9.85,10.86,95.46,0.00,3.07,213.40,88.90,29.64,32.84,94.16,0.00,10.01
2026-01-17 15:12:00,2026-01-17 15:12:59,Meter 1,212.84,122.49,14.36,14.91,98.28,0.00,2.70,213.88,91.42,10.03,11.32,90.30,0.00,4.77,213.13,84.87,9.47,10.52,92.83,0.00,3.79,213.28,99.59,33.86,36.74,93.80,0.00,11.27
2026-01-17 15:13:00,2026-01-17 15:13:59,Meter 1,212.93,83.46,9.70,10.16,98.40,0.00,1.76,213.89,64.99,7.35,8.05,95.99,0.00,2.15,213.27,58.98,6.52,7.31,95.05,0.00,2.13,213.37,69.15,23.57,25.52,96.48,0.00,6.04
2026-01-17 15:14:00,2026-01-17 15:14:59,Meter 1,213.02,105.44,11.97,12.84,99.89,0.00,-0.55,213.95,92.30,10.61,11.44,96.34,0.00,2.95,213.24,71.95,7.41,8.92,98.52,0.00,1.29,213.41,89.90,30.00,33.20,98.25,0.00,3.70
2026-01-17 15:15:00,2026-01-17 15:15:59,Meter 1,213.18,78.74,8.55,9.59,99.28,0.00,1.03,214.24,59.20,6.55,7.34,99.72,0.00,0.49,213.22,69.69,6.96,8.64,98.93,0.00,1.03,213.55,69.21,22.06,25.58,99.31,0.00,2.54
2026-01-17 15:16:00,2026-01-17 15:16:59,Meter 1,212.92,85.77,9.77,10.43,98.25,0.00,1.85,214.04,50.84,5.62,6.30,99.07,0.00,0.77,212.95,56.85,6.39,7.04,97.18,0.00,1.55,213.31,64.49,21.77,23.78,98.17,0.00,4.17
2026-01-17 15:17:00,2026-01-17 15:17:59,Meter 1,213.05,109.48,12.97,13.32,99.98,0.00,0.23,214.09,82.25,9.59,10.20,98.18,0.00,1.86,212.94,84.33,9.52,10.45,99.35,0.00,1.09,213.36,92.02,32.08,33.97,99.17,0.00,3.18
2026-01-17 15:18:00,2026-01-17 15:18:59,Meter 1,213.29,90.58,10.38,11.03,98.74,0.00,1.66,214.07,64.15,7.04,7.96,95.31,0.00,2.23,213.03,89.61,10.40,11.10,97.14,0.00,2.54,213.47,81.45,27.81,30.09,97.07,0.00,6.44
2026-01-17 15:19:00,2026-01-17 15:19:59,Meter 1,213.28,95.39,10.57,11.62,98.57,0.00,1.80,214.28,67.83,7.80,8.42,97.05,0.00,1.94,213.29,89.76,10.13,11.13,98.05,0.00,2.03,213.62,84.33,28.49,31.18,97.89,0.00,5.77
2026-01-17 15:20:00,2026-01-17 15:20:59,Meter 1,213.32,62.42,7.17,7.61,98.70,0.00,1.17,214.23,57.24,6.34,7.10,93.16,0.00,2.47,213.31,54.74,6.16,6.79,95.52,0.00,1.91,213.62,58.13,19.67,21.50,95.79,0.00,5.55
2026-01-17 15:21:00,2026-01-17 15:21:59,Meter 1,213.36,81.32,8.87,9.91,97.81,0.00,1.89,214.19,68.01,7.57,8.44,95.00,0.00,2.49,213.16,73.21,7.90,9.08,96.97,0.00,1.99,213.57,74.18,24.34,27.42,96.59,0.00,6.37
2026-01-17 15:22:00,2026-01-17 15:22:59,Meter 1,213.39,88.83,9.79,10.82,96.89,0.00,2.50,214.29,65.93,7.32,8.19,96.11,0.00,2.10,213.14,76.96,8.32,9.54,96.18,0.00,2.37,213.61,77.24,25.43,28.55,96.39,0.00,6.97
2026-01-17 15:23:00,2026-01-17 15:23:59,Meter 1,213.35,85.23,9.84,10.37,96.97,0.00,2.48,214.38,55.64,5.88,6.91,88.98,0.00,3.01,212.96,55.55,6.11,6.89,92.89,0.00,2.43,213.56,65.47,21.82,24.17,92.95,0.00,7.93
2026-01-17 15:24:00,2026-01-17 15:24:59,Meter 1,213.54,106.69,12.01,13.01,98.93,0.00,1.77,214.19,77.69,8.73,9.65,94.70,0.00,2.96,213.22,76.61,8.16,9.50,95.99,0.00,2.38,213.65,87.00,28.90,32.15,96.54,0.00,7.11
2026-01-17 15:25:00,2026-01-17 15:25:59,Meter 1,213.52,115.83,13.30,14.12,99.38,0.00,1.49,214.11,71.47,7.68,8.88,92.63,0.00,3.12,213.17,74.10,7.80,9.18,94.03,0.00,2.82,213.60,87.13,28.77,32.18,95.35,0.00,7.43
2026-01-17 15:26:00,2026-01-17 15:26:59,Meter 1,213.62,80.47,8.94,9.82,99.79,0.00,0.58,213.99,63.27,6.85,7.85,91.95,0.00,2.93,213.45,66.82,7.06,8.28,94.02,0.00,2.56,213.69,70.19,22.85,25.96,95.26,0.00,6.07
2026-01-17 15:27:00,2026-01-17 15:27:59,Meter 1,213.42,102.16,11.96,12.46,99.99,0.00,0.19,213.80,104.26,11.75,12.93,92.58,0.00,4.80,213.27,89.22,10.16,11.05,95.34,0.00,3.21,213.50,98.55,33.87,36.44,95.97,0.00,8.20
2026-01-17 15:28:00,2026-01-17 15:28:59,Meter 1,213.31,103.30,12.31,12.60,99.86,0.00,0.64,213.88,110.72,12.68,13.73,93.27,0.00,4.90,213.37,97.19,11.22,12.04,95.49,0.00,3.49,213.52,103.74,36.21,38.37,96.21,0.00,9.03
2026-01-17 15:29:00,2026-01-17 15:29:59,Meter 1,213.52,76.10,8.52,9.29,99.96,0.00,-0.24,214.02,66.34,7.70,8.23,99.52,0.00,0.76,213.48,70.58,7.70,8.75,97.99,0.00,1.57,213.67,71.00,23.93,26.27,99.16,0.00,2.09
2026-01-17 15:30:00,2026-01-17 15:30:59,Meter 1,213.32,74.45,8.50,9.08,99.98,0.00,-0.17,214.11,70.15,8.13,8.70,99.45,0.00,0.86,213.55,73.15,8.16,9.08,98.68,0.00,1.34,213.66,72.58,24.79,26.86,99.37,0.00,2.02
2026-01-17 15:31:00,2026-01-17 15:31:59,Meter 1,213.24,83.79,9.51,10.21,99.80,0.00,0.13,214.12,73.46,8.41,9.11,97.92,0.00,1.64,213.30,72.22,7.91,8.96,97.58,0.00,1.70,213.55,76.49,25.82,28.28,98.43,0.00,3.46
2026-01-17 15:32:00,2026-01-17 15:32:59,Meter 1,213.28,79.78,9.43,9.72,99.42,0.00,1.02,213.92,61.97,7.11,7.68,95.64,0.00,2.17,213.26,59.90,6.81,7.42,95.43,0.00,2.13,213.49,67.21,23.35,24.83,96.83,0.00,5.32
2026-01-17 15:33:00,2026-01-17 15:33:59,Meter 1,213.14,85.41,9.61,10.40,99.87,0.00,0.50,214.19,58.17,6.49,7.22,99.18,0.00,0.84,213.17,71.01,7.33,8.81,99.39,0.00,0.81,213.50,71.53,23.43,26.42,99.48,0.00,2.14
2026-01-17 15:34:00,2026-01-17 15:34:59,Meter 1,213.59,80.43,8.43,9.80,99.78,0.00,0.57,214.18,54.59,5.79,6.78,97.42,0.00,1.34,213.11,59.33,6.16,7.35,98.62,0.00,1.03,213.63,64.78,20.38,23.94,98.61,0.00,2.94
2026-01-17 15:35:00,2026-01-17 15:35:59,Meter 1,213.63,80.00,8.51,9.75,100.00,0.00,-0.00,214.10,56.87,6.12,7.06,99.38,0.00,0.69,213.16,72.65,7.56,9.00,98.11,0.00,1.49,213.63,69.84,22.19,25.82,99.16,0.00,2.18
2026-01-17 15:36:00,2026-01-17 15:36:59,Meter 1,213.47,93.82,10.46,11.44,99.28,0.00,1.26,213.99,62.55,6.36,7.76,96.69,0.00,1.68,213.37,80.70,8.95,10.00,99.46,0.00,0.93,213.61,79.02,25.78,29.21,98.48,0.00,3.87
2026-01-17 15:37:00,2026-01-17 15:37:59,Meter 1,213.61,85.95,9.48,10.50,99.32,0.00,1.11,213.94,68.01,7.45,8.44,96.16,0.00,2.13,213.55,68.29,7.23,8.46,97.70,0.00,1.58,213.70,74.08,24.15,27.40,97.72,0.00,4.82
2026-01-17 15:38:00,2026-01-17 15:38:59,Meter 1,213.66,84.76,9.39,10.36,99.43,0.00,1.01,213.86,65.55,7.11,8.13,97.19,0.00,1.72,213.75,64.63,6.83,8.01,98.93,0.00,1.01,213.76,71.65,23.33,26.50,98.52,0.00,3.74
2026-01-17 15:39:00,2026-01-17 15:39:59,Meter 1,213.36,81.21,8.90,9.91,98.60,0.00,1.50,214.14,69.80,7.94,8.66,98.50,0.00,1.39,213.53,67.38,7.05,8.36,99.01,0.00,1.00,213.68,72.80,23.89,26.92,98.71,0.00,3.89
2026-01-17 15:40:00,2026-01-17 15:40:59,Meter 1,213.28,89.94,10.09,10.97,99.25,0.00,1.24,214.31,62.63,7.07,7.77,99.46,0.00,0.74,213.56,64.18,6.69,7.97,99.43,0.00,0.72,213.72,72.25,23.84,26.71,99.38,0.00,2.70
2026-01-17 15:41:00,2026-01-17 15:41:59,Meter 1,213.48,87.36,9.54,10.66,98.51,0.00,1.66,214.09,83.92,9.60,10.41,97.09,0.00,2.37,213.42,72.69,7.76,9.01,99.28,0.00,0.94,213.66,81.32,26.89,30.09,98.29,0.00,4.97
2026-01-17 15:42:00,2026-01-17 15:42:59,Meter 1,213.42,90.53,10.38,11.04,99.66,0.00,0.85,214.30,73.51,8.41,9.13,98.40,0.00,1.52,213.40,63.17,6.86,7.84,99.92,0.00,0.28,213.71,75.73,25.64,28.00,99.33,0.00,2.65
2026-01-17 15:43:00,2026-01-17 15:43:59,Meter 1,213.37,90.16,10.09,11.00,99.80,0.00,0.64,214.06,89.54,10.16,11.10,95.96,0.00,2.98,213.54,73.58,7.88,9.13,98.99,0.00,1.13,213.66,84.42,28.13,31.23,98.25,0.00,4.75
2026-01-17 15:44:00,2026-01-17 15:44:59,Meter 1,213.58,85.79,9.96,10.47,97.06,0.00,2.47,213.86,89.36,10.29,11.09,94.04,0.00,3.72,213.49,71.17,8.32,8.82,96.97,0.00,2.09,213.64,82.11,28.57,30.38,96.02,0.00,8.29
2026-01-17 15:45:00,2026-01-17 15:45:59,Meter 1,213.43,103.55,11.70,12.64,100.00,0.00,-0.11,213.64,96.45,11.02,11.95,95.09,0.00,3.58,213.36,81.79,9.20,10.13,98.66,0.00,1.52,213.48,93.93,31.91,34.72,97.92,0.00,5.00
2026-01-17 15:46:00,2026-01-17 15:46:59,Meter 1,213.61,77.30,9.00,9.44,99.89,0.00,0.42,213.87,57.19,6.35,7.09,98.78,0.00,1.00,213.50,75.14,8.76,9.31,99.15,0.00,1.15,213.66,69.88,24.11,25.85,99.28,0.00,2.57
2026-01-17 15:47:00,2026-01-17 15:47:59,Meter 1,213.48,84.65,9.14,10.34,99.65,0.00,0.76,213.87,65.69,7.15,8.15,95.27,0.00,2.28,213.56,70.12,7.47,8.69,96.97,0.00,1.88,213.64,73.49,23.75,27.17,97.30,0.00,4.92
2026-01-17 15:48:00,2026-01-17 15:48:59,Meter 1,213.41,97.36,11.02,11.88,99.95,0.00,-0.33,214.05,64.40,7.17,7.99,97.85,0.00,1.51,213.43,67.06,6.95,8.31,98.25,0.00,1.32,213.63,76.27,25.15,28.18,98.69,0.00,2.49
2026-01-17 15:49:00,2026-01-17 15:49:59,Meter 1,213.53,81.67,9.01,9.96,99.48,0.00,0.92,214.09,51.26,5.41,6.36,97.96,0.00,1.11,213.32,73.86,8.12,9.15,97.07,0.00,2.01,213.65,68.93,22.54,25.48,98.17,0.00,4.04
2026-01-17 15:50:00,2026-01-17 15:50:59,Meter 1,213.57,75.56,8.09,9.22,99.95,0.00,0.25,214.03,52.37,5.59,6.50,98.58,0.00,0.95,213.50,72.86,7.69,9.03,97.91,0.00,1.60,213.70,66.93,21.36,24.76,98.81,0.00,2.79
2026-01-17 15:51:00,2026-01-17 15:51:59,Meter 1,213.48,74.98,8.05,9.15,99.76,0.00,0.56,213.85,55.47,5.74,6.88,97.02,0.00,1.43,213.47,76.18,7.86,9.44,96.54,0.00,2.13,213.60,68.88,21.66,25.47,97.77,0.00,4.12
2026-01-17 15:52:00,2026-01-17 15:52:59,Meter 1,213.65,71.26,7.48,8.71,99.97,0.00,0.19,213.87,65.96,7.43,8.18,98.94,0.00,1.09,213.62,70.09,7.40,8.69,97.85,0.00,1.56,213.71,69.10,22.31,25.58,98.92,0.00,2.83
2026-01-17 15:53:00,2026-01-17 15:53:59,Meter 1,213.26,93.67,10.59,11.43,99.19,0.00,-1.35,213.85,93.01,10.52,11.52,94.87,0.00,3.51,213.55,66.43,7.16,8.23,97.38,0.00,1.67,213.55,84.37,28.27,31.19,97.15,0.00,3.82
2026-01-17 15:54:00,2026-01-17 15:54:59,Meter 1,213.24,86.78,9.50,10.59,99.68,0.00,0.76,213.89,70.33,7.86,8.71,96.44,0.00,2.16,213.59,69.05,7.19,8.56,96.73,0.00,1.89,213.57,75.39,24.55,27.87,97.62,0.00,4.80
2026-01-17 15:55:00,2026-01-17 15:55:59,Meter 1,213.42,79.11,8.65,9.66,99.63,0.00,0.74,213.99,76.11,8.61,9.44,95.31,0.00,2.73,213.51,83.20,9.33,10.32,97.56,0.00,2.10,213.64,79.47,26.59,29.41,97.50,0.00,5.58
2026-01-17 15:56:00,2026-01-17 15:56:59,Meter 1,213.15,106.54,11.81,13.00,99.66,0.00,-0.98,213.81,101.41,11.66,12.56,95.96,0.00,3.42,213.67,79.59,8.48,9.87,96.24,0.00,2.40,213.54,95.85,31.96,35.43,97.29,0.00,4.83
2026-01-17 15:57:00,2026-01-17 15:57:59,Meter 1,213.57,79.32,8.80,9.69,98.82,0.00,1.36,213.88,75.18,8.53,9.32,96.33,0.00,2.38,213.60,81.25,8.60,10.07,93.66,0.00,3.22,213.68,78.58,25.94,29.08,96.27,0.00,6.96
2026-01-17 15:58:00,2026-01-17 15:58:59,Meter 1,213.77,109.62,13.02,13.39,98.97,0.00,1.89,213.82,85.50,9.80,10.61,95.08,0.00,3.19,213.45,82.51,9.25,10.22,93.61,0.00,3.47,213.68,92.54,32.07,34.22,95.89,0.00,8.55
2026-01-17 15:59:00,2026-01-17 15:59:59,Meter 1,214.04,102.57,11.61,12.55,99.59,0.00,1.05,213.68,72.68,8.20,9.02,99.09,0.00,1.12,213.67,79.83,8.50,9.88,97.73,0.00,1.84,213.80,85.03,28.31,31.46,98.80,0.00,4.01
2026-01-17 16:00:00,2026-01-17 16:00:59,Meter 1,213.52,113.86,13.08,13.89,97.25,0.00,3.13,213.97,67.91,7.39,8.43,91.80,0.00,3.19,213.27,85.20,9.36,10.55,92.78,0.00,3.77,213.59,88.99,29.83,32.87,93.94,0.00,10.09
2026-01-17 16:01:00,2026-01-17 16:01:59,Meter 1,213.80,85.14,9.59,10.40,99.19,0.00,1.22,213.82,63.08,6.88,7.83,98.11,0.00,1.36,213.48,78.23,8.47,9.69,96.97,0.00,2.13,213.70,75.49,24.94,27.92,98.09,0.00,4.72
2026-01-17 16:02:00,2026-01-17 16:02:59,Meter 1,213.69,74.71,8.34,9.12,97.65,0.00,1.84,214.29,56.23,6.04,6.99,92.17,0.00,2.54,213.42,70.34,7.41,8.72,92.32,0.00,3.09,213.80,67.09,21.79,24.83,94.05,0.00,7.47
2026-01-17 16:03:00,2026-01-17 16:03:59,Meter 1,213.83,69.96,8.20,8.55,100.00,0.00,0.04,214.20,50.12,5.81,6.23,100.00,0.00,0.01,213.82,63.85,7.48,7.92,99.79,0.00,0.49,213.95,61.31,21.49,22.70,99.93,0.00,0.54
2026-01-17 16:04:00,2026-01-17 16:04:59,Meter 1,213.82,75.39,8.54,9.22,99.91,0.00,0.36,214.16,57.27,6.31,7.11,96.08,0.00,1.82,213.90,66.98,7.34,8.31,94.98,0.00,2.42,213.96,66.54,22.18,24.65,96.99,0.00,4.59
2026-01-17 16:05:00,2026-01-17 16:05:59,Meter 1,213.87,73.16,8.08,8.95,99.93,0.00,0.31,214.25,61.41,6.99,7.63,98.54,0.00,1.21,213.91,80.70,9.18,10.02,97.11,0.00,2.25,214.01,71.76,24.25,26.60,98.53,0.00,3.77
2026-01-17 16:06:00,2026-01-17 16:06:59,Meter 1,213.51,102.32,11.66,12.51,99.99,0.00,-0.12,214.21,78.76,8.90,9.77,94.31,0.00,3.14,214.09,67.59,6.79,8.40,94.22,0.00,2.41,213.94,82.89,27.35,30.68,96.17,0.00,5.43
2026-01-17 16:07:00,2026-01-17 16:07:59,Meter 1,213.84,71.27,7.43,8.71,99.51,0.00,0.74,214.48,53.83,6.07,6.69,99.91,0.00,0.25,213.89,69.18,7.15,8.59,96.85,0.00,1.84,214.07,64.76,20.65,24.00,98.76,0.00,2.83
2026-01-17 16:08:00,2026-01-17 16:08:59,Meter 1,213.45,89.25,10.34,10.90,99.79,0.00,0.68,214.61,59.84,6.98,7.43,97.74,0.00,1.51,214.03,60.75,6.60,7.56,94.07,0.00,2.38,214.03,69.95,23.92,25.89,97.20,0.00,4.57
2026-01-17 16:09:00,2026-01-17 16:09:59,Meter 1,213.41,121.31,14.53,14.82,99.88,0.00,-0.72,214.29,88.39,10.26,10.96,95.60,0.00,3.15,213.94,66.54,7.36,8.27,96.53,0.00,1.99,213.88,92.08,32.15,34.05,97.34,0.00,4.42
2026-01-17 16:10:00,2026-01-17 16:10:59,Meter 1,213.69,88.75,10.58,10.86,99.99,0.00,-0.15,214.28,73.87,8.60,9.17,97.02,0.00,2.15,214.21,65.08,7.44,8.09,97.37,0.00,1.74,214.06,75.90,26.62,28.12,98.13,0.00,3.73
2026-01-17 16:11:00,2026-01-17 16:11:59,Meter 1,213.88,89.97,9.85,11.01,99.81,0.00,0.61,214.17,72.06,8.24,8.95,96.50,0.00,2.24,214.17,68.88,7.08,8.56,97.04,0.00,1.76,214.07,76.97,25.17,28.52,97.78,0.00,4.61
2026-01-17 16:12:00,2026-01-17 16:12:59,Meter 1,213.48,91.21,10.70,11.15,100.00,0.00,0.03,214.28,89.61,10.15,11.11,92.49,0.00,4.17,214.26,55.58,5.82,6.91,91.01,0.00,2.65,214.01,78.80,26.66,29.18,94.50,0.00,6.85
2026-01-17 16:13:00,2026-01-17 16:13:59,Meter 1,213.55,118.24,14.18,14.46,99.99,0.00,0.17,214.40,72.90,8.10,9.05,94.88,0.00,2.70,214.30,55.86,5.90,6.95,99.25,0.00,0.73,214.08,82.33,28.19,30.46,98.04,0.00,3.59
2026-01-17 16:14:00,2026-01-17 16:14:59,Meter 1,213.74,88.69,10.43,10.85,99.50,0.00,1.04,214.55,58.28,6.48,7.24,93.60,0.00,2.44,214.25,52.37,5.81,6.52,97.59,0.00,1.30,214.18,66.45,22.72,24.61,96.90,0.00,4.78
2026-01-17 16:15:00,2026-01-17 16:15:59,Meter 1,213.75,84.69,9.49,10.35,99.40,0.00,1.05,214.77,66.35,7.47,8.25,93.76,0.00,2.77,214.04,68.14,7.51,8.48,98.99,0.00,1.08,214.19,73.06,24.47,27.08,97.38,0.00,4.89
2026-01-17 16:16:00,2026-01-17 16:16:59,Meter 1,214.04,67.96,8.07,8.32,99.17,0.00,1.04,214.61,65.91,7.29,8.20,90.52,0.00,3.42,214.26,60.37,7.05,7.51,96.69,0.00,1.86,214.30,64.75,22.41,24.03,95.46,0.00,6.33
2026-01-17 16:17:00,2026-01-17 16:17:59,Meter 1,213.91,88.99,10.33,10.88,99.65,0.00,0.87,214.74,70.37,7.86,8.75,95.34,0.00,2.49,213.86,61.18,6.57,7.61,100.00,0.00,-0.00,214.17,73.51,24.76,27.24,98.33,0.00,3.35
2026-01-17 16:18:00,2026-01-17 16:18:59,Meter 1,214.00,103.27,12.13,12.62,99.77,0.00,0.82,214.30,83.58,9.58,10.39,96.56,0.00,2.58,213.58,67.92,7.44,8.43,98.56,0.00,1.28,213.96,84.92,29.14,31.44,98.30,0.00,4.67
2026-01-17 16:19:00,2026-01-17 16:19:59,Meter 1,213.98,111.11,13.41,13.58,100.00,0.00,0.02,214.37,73.22,8.76,9.10,99.30,0.00,1.04,213.66,60.71,7.16,7.53,99.85,0.00,0.39,214.00,81.68,29.34,30.22,99.72,0.00,1.45
2026-01-17 16:20:00,2026-01-17 16:20:59,Meter 1,214.37,83.18,9.59,10.19,99.99,0.00,-0.15,214.18,72.96,8.39,9.08,99.11,0.00,1.12,213.83,62.61,6.74,7.76,99.75,0.00,0.47,214.13,72.91,24.72,27.03,99.62,0.00,1.45
2026-01-17 16:21:00,2026-01-17 16:21:59,Meter 1,214.18,89.46,10.42,10.95,99.99,0.00,-0.18,214.24,84.20,9.72,10.47,95.62,0.00,2.98,213.82,58.68,6.04,7.28,95.31,0.00,1.92,214.08,77.45,26.19,28.70,96.97,0.00,4.72
2026-01-17 16:22:00,2026-01-17 16:22:59,Meter 1,214.07,81.50,9.35,9.97,99.93,0.00,0.34,214.39,68.10,7.91,8.47,97.97,0.00,1.62,213.87,54.97,5.81,6.83,98.15,0.00,1.13,214.11,68.19,23.07,25.27,98.69,0.00,3.09
2026-01-17 16:23:00,2026-01-17 16:23:59,Meter 1,213.84,96.35,11.02,11.78,99.97,0.00,0.28,214.29,82.09,9.50,10.20,97.06,0.00,2.35,213.83,68.82,6.88,8.54,98.40,0.00,1.25,213.98,82.42,27.40,30.52,98.48,0.00,3.88
2026-01-17 16:24:00,2026-01-17 16:24:59,Meter 1,213.79,87.47,9.50,10.70,99.74,0.00,0.69,214.32,70.17,8.07,8.71,97.96,0.00,1.66,214.09,68.09,6.84,8.46,98.60,0.00,1.16,214.07,75.24,24.42,27.88,98.76,0.00,3.51
2026-01-17 16:25:00,2026-01-17 16:25:59,Meter 1,213.58,97.42,10.95,11.91,98.54,0.00,1.89,214.54,63.49,7.27,7.89,97.53,0.00,1.65,214.05,78.03,8.72,9.70,99.86,0.00,0.47,214.06,79.65,26.95,29.49,98.64,0.00,4.01
2026-01-17 16:26:00,2026-01-17 16:26:59,Meter 1,213.70,97.64,11.41,11.94,98.23,0.00,2.18,214.41,58.51,6.48,7.27,96.22,0.00,1.83,213.99,79.77,9.15,9.91,97.02,0.00,2.28,214.03,78.64,27.04,29.12,97.16,0.00,6.30
2026-01-17 16:27:00,2026-01-17 16:27:59,Meter 1,213.70,84.65,10.07,10.35,99.96,0.00,0.27,214.47,69.60,8.13,8.65,96.48,0.00,2.22,213.93,64.58,7.57,8.03,99.30,0.00,0.90,214.03,72.94,25.76,27.02,98.58,0.00,3.39
2026-01-17 16:28:00,2026-01-17 16:28:59,Meter 1,213.63,133.32,16.05,16.29,99.65,0.00,-1.34,214.20,111.51,12.38,13.84,90.55,0.00,5.80,213.90,63.21,6.79,7.85,91.54,0.00,2.99,213.91,102.68,35.22,37.98,93.91,0.00,7.45
2026-01-17 16:29:00,2026-01-17 16:29:59,Meter 1,213.78,108.81,12.71,13.29,99.89,0.00,-0.60,214.37,84.45,9.38,10.49,93.79,0.00,3.47,213.71,67.94,6.69,8.44,96.45,0.00,1.83,213.95,87.06,28.78,32.22,96.71,0.00,4.70
2026-01-17 16:30:00,2026-01-17 16:30:59,Meter 1,214.05,78.14,8.40,9.56,99.70,0.00,0.65,214.12,60.95,6.77,7.57,97.03,0.00,1.69,213.79,65.44,6.42,8.12,96.19,0.00,1.83,213.99,68.18,21.59,25.25,97.64,0.00,4.17
2026-01-17 16:31:00,2026-01-17 16:31:59,Meter 1,213.92,77.10,8.43,9.42,100.00,0.00,-0.03,214.35,69.84,7.92,8.68,97.86,0.00,1.66,213.72,75.73,7.76,9.40,94.34,0.00,2.73,213.99,74.22,24.11,27.51,97.40,0.00,4.36
2026-01-17 16:32:00,2026-01-17 16:32:59,Meter 1,213.69,82.03,9.53,10.02,98.92,0.00,1.41,214.26,68.99,7.80,8.57,95.03,0.00,2.56,213.59,76.21,7.59,9.46,87.05,0.00,4.29,213.85,75.74,24.92,28.04,93.66,0.00,8.27
2026-01-17 16:33:00,2026-01-17 16:33:59,Meter 1,213.83,71.93,8.31,8.79,99.99,0.00,0.11,214.49,64.14,7.30,7.97,99.33,0.00,0.85,213.75,68.93,7.49,8.56,97.99,0.00,1.52,214.02,68.33,23.10,25.32,99.11,0.00,2.48
2026-01-17 16:34:00,2026-01-17 16:34:59,Meter 1,213.98,79.27,9.33,9.70,98.88,0.00,1.41,214.20,63.80,7.29,7.93,94.08,0.00,2.63,213.82,70.38,7.91,8.73,92.57,0.00,3.23,214.00,71.15,24.53,26.36,95.18,0.00,7.27
2026-01-17 16:35:00,2026-01-17 16:35:59,Meter 1,214.04,69.19,7.33,8.46,99.93,0.00,0.27,214.52,65.25,7.49,8.12,96.38,0.00,2.07,213.83,73.58,7.98,9.14,96.40,0.00,2.20,214.13,69.34,22.80,25.72,97.57,0.00,4.55
2026-01-17 16:36:00,2026-01-17 16:36:59,Meter 1,214.28,81.61,9.73,9.99,100.00,0.00,-0.08,214.44,63.14,7.49,7.86,98.45,0.00,1.33,213.77,70.83,8.39,8.79,98.48,0.00,1.48,214.17,71.86,25.62,26.64,98.97,0.00,2.73
2026-01-17 16:37:00,2026-01-17 16:37:59,Meter 1,214.20,78.18,9.09,9.56,99.52,0.00,-0.89,214.69,62.50,7.49,7.78,99.88,0.00,0.36,213.91,52.83,6.01,6.57,99.68,0.00,-0.48,214.27,64.50,22.59,23.91,99.70,0.00,-1.01
2026-01-17 16:38:00,2026-01-17 16:38:59,Meter 1,213.85,116.94,13.81,14.28,99.35,0.00,-1.58,214.63,85.64,10.01,10.65,96.70,0.00,2.64,213.67,57.25,6.04,7.11,99.99,0.00,0.07,214.05,86.61,29.86,32.05,98.68,0.00,1.13
2026-01-17 16:39:00,2026-01-17 16:39:59,Meter 1,213.60,121.61,14.57,14.84,100.00,0.00,0.08,214.39,97.42,11.00,12.10,92.04,0.00,4.67,213.66,67.97,7.43,8.44,96.00,0.00,2.17,213.88,95.67,33.00,35.39,96.01,0.00,6.92
2026-01-17 16:40:00,2026-01-17 16:40:59,Meter 1,213.63,105.97,12.56,12.94,99.47,0.00,1.29,214.51,67.16,7.14,8.35,89.81,0.00,3.50,213.73,68.10,7.36,8.46,96.48,0.00,2.01,213.96,80.41,27.06,29.74,95.26,0.00,6.80
2026-01-17 16:41:00,2026-01-17 16:41:59,Meter 1,214.02,86.23,9.84,10.54,99.56,0.00,0.93,214.76,57.81,6.24,7.20,94.37,0.00,2.19,213.72,70.72,7.29,8.79,97.33,0.00,1.72,214.17,71.59,23.36,26.52,97.09,0.00,4.83
2026-01-17 16:42:00,2026-01-17 16:42:59,Meter 1,213.83,103.58,12.15,12.65,99.92,0.00,0.49,214.73,55.12,6.28,6.86,96.83,0.00,1.62,213.67,78.40,8.85,9.74,98.94,0.00,1.30,214.08,79.03,27.28,29.25,98.56,0.00,3.41
2026-01-17 16:43:00,2026-01-17 16:43:59,Meter 1,213.65,104.42,12.10,12.75,99.84,0.00,0.69,214.54,55.57,6.00,6.90,95.78,0.00,1.80,213.78,86.66,9.48,10.77,96.98,0.00,2.39,213.99,82.21,27.58,30.43,97.53,0.00,4.87
2026-01-17 16:44:00,2026-01-17 16:44:59,Meter 1,213.50,133.58,16.01,16.32,99.99,0.00,-0.24,214.46,71.22,7.94,8.84,95.68,0.00,2.41,214.01,72.96,8.17,9.07,97.80,0.00,1.74,213.99,92.59,32.12,34.23,97.82,0.00,3.92
2026-01-17 16:45:00,2026-01-17 16:45:59,Meter 1,213.38,128.49,15.26,15.69,99.99,0.00,0.22,214.43,68.21,7.59,8.47,91.97,0.00,3.24,213.88,71.73,7.48,8.92,92.28,0.00,3.12,213.90,89.48,30.32,33.07,94.75,0.00,6.58
2026-01-17 16:46:00,2026-01-17 16:46:59,Meter 1,213.51,115.90,13.75,14.15,99.34,0.00,1.58,214.34,90.02,9.93,11.18,91.06,0.00,4.51,213.73,68.90,7.18,8.56,88.85,0.00,3.71,213.86,91.61,30.86,33.88,93.08,0.00,9.80
2026-01-17 16:47:00,2026-01-17 16:47:59,Meter 1,213.81,110.22,13.18,13.47,99.99,0.00,-0.22,214.44,88.25,9.81,10.97,93.44,0.00,3.74,213.91,61.07,6.25,7.59,95.09,0.00,2.03,214.05,86.51,29.24,32.03,96.17,0.00,5.55
2026-01-17 16:48:00,2026-01-17 16:48:59,Meter 1,213.95,115.45,13.48,14.12,99.06,0.00,-1.86,214.44,91.21,10.63,11.34,96.71,0.00,2.80,213.98,62.05,6.55,7.71,99.95,0.00,0.20,214.12,89.57,30.66,33.17,98.57,0.00,1.13
2026-01-17 16:49:00,2026-01-17 16:49:59,Meter 1,214.04,103.08,12.06,12.61,99.99,0.00,-0.18,214.50,75.97,8.53,9.45,92.34,0.00,3.55,214.07,63.84,6.82,7.93,97.19,0.00,1.65,214.21,80.96,27.41,30.00,96.50,0.00,5.02
2026-01-17 16:50:00,2026-01-17 16:50:59,Meter 1,214.05,101.46,12.15,12.42,99.14,0.00,-1.60,214.66,72.05,8.66,8.96,98.37,0.00,1.59,214.30,68.73,8.27,8.55,99.71,0.00,-0.63,214.34,80.75,29.08,29.94,99.07,0.00,-0.65
2026-01-17 16:51:00,2026-01-17 16:51:59,Meter 1,214.42,76.27,8.46,9.34,99.99,0.00,-0.10,214.64,67.93,7.75,8.46,94.68,0.00,2.64,214.15,58.62,5.76,7.29,96.28,0.00,1.62,214.41,67.61,21.98,25.09,96.98,0.00,4.15
2026-01-17 16:52:00,2026-01-17 16:52:59,Meter 1,214.19,96.17,10.75,11.77,98.98,0.00,-1.55,214.57,72.72,8.35,9.05,98.33,0.00,1.54,213.99,61.53,6.21,7.65,99.54,0.00,0.60,214.25,76.81,25.31,28.47,98.95,0.00,0.59
2026-01-17 16:53:00,2026-01-17 16:53:59,Meter 1,214.24,80.43,9.34,9.84,99.95,0.00,0.29,214.33,55.69,5.82,6.93,92.33,0.00,2.42,213.82,57.99,5.84,7.20,93.77,0.00,2.16,214.13,64.70,20.99,23.97,95.35,0.00,4.87
2026-01-17 16:54:00,2026-01-17 16:54:59,Meter 1,213.99,90.35,10.59,11.05,100.00,0.00,0.00,214.41,54.93,5.67,6.83,89.59,0.00,2.81,213.79,62.45,6.30,7.75,89.02,0.00,3.22,214.06,69.24,22.56,25.63,92.87,0.00,6.04
2026-01-17 16:55:00,2026-01-17 16:55:59,Meter 1,213.81,106.25,12.25,12.98,99.86,0.00,0.65,214.61,56.47,6.10,7.02,97.83,0.00,1.29,213.81,67.26,6.86,8.36,98.05,0.00,1.38,214.08,76.66,25.22,28.36,98.58,0.00,3.31
2026-01-17 16:56:00,2026-01-17 16:56:59,Meter 1,213.75,106.57,12.35,13.03,99.93,0.00,0.47,214.57,56.64,6.41,7.04,98.45,0.00,1.14,213.94,77.72,8.86,9.66,99.29,0.00,1.07,214.08,80.31,27.63,29.73,99.22,0.00,2.67
2026-01-17 16:57:00,2026-01-17 16:57:59,Meter 1,214.14,87.93,10.41,10.76,98.28,0.00,1.96,214.52,63.57,7.22,7.91,93.41,0.00,2.76,213.88,69.46,8.14,8.63,96.33,0.00,2.27,214.18,73.65,25.77,27.30,96.01,0.00,6.99
2026-01-17 16:58:00,2026-01-17 16:58:59,Meter 1,214.09,90.74,10.68,11.10,99.69,0.00,0.85,214.68,63.81,7.36,7.94,99.30,0.00,0.88,214.02,69.99,7.75,8.70,99.78,0.00,0.51,214.26,74.85,25.80,27.75,99.59,0.00,2.24
2026-01-17 16:59:00,2026-01-17 16:59:59,Meter 1,213.87,104.50,12.09,12.79,98.90,0.00,1.81,214.41,75.91,8.46,9.43,93.65,0.00,3.17,214.15,62.90,6.19,7.82,97.43,0.00,1.43,214.14,81.11,26.73,30.04,96.66,0.00,6.40
2026-01-17 17:00:00,2026-01-17 17:00:59,Meter 1,214.03,127.63,13.27,15.63,99.68,0.00,-1.06,214.66,82.63,9.44,10.28,99.66,0.00,0.78,214.30,85.01,8.61,10.58,98.68,0.00,-1.41,214.33,98.42,31.31,36.48,99.34,0.00,-1.69
2026-01-17 17:01:00,2026-01-17 17:01:59,Meter 1,214.18,115.84,11.24,14.19,99.63,0.00,-0.97,214.55,81.83,8.98,10.18,99.75,0.00,0.64,214.15,94.10,9.07,11.70,99.59,0.00,-0.83,214.30,97.26,29.30,36.06,99.66,0.00,-1.15
2026-01-17 17:02:00,2026-01-17 17:02:59,Meter 1,214.14,105.85,10.18,12.95,99.90,0.00,-0.46,214.74,71.22,7.72,8.87,99.22,0.00,0.97,214.04,82.30,8.38,10.23,99.97,0.00,0.21,214.30,86.45,26.28,32.05,99.70,0.00,0.71
2026-01-17 17:03:00,2026-01-17 17:03:59,Meter 1,214.34,96.83,9.29,11.86,99.32,0.00,-1.09,214.87,70.21,7.62,8.75,98.80,0.00,1.19,214.14,76.77,6.16,9.55,96.50,0.00,1.67,214.45,81.27,23.06,30.16,98.21,0.00,1.78
2026-01-17 17:04:00,2026-01-17 17:04:59,Meter 1,214.37,87.35,8.16,10.70,98.59,0.00,-1.38,214.86,65.80,7.56,8.20,99.93,0.00,0.29,214.10,72.22,7.35,8.98,100.00,0.00,-0.04,214.44,75.12,23.07,27.88,99.51,0.00,-1.14
2026-01-17 17:05:00,2026-01-17 17:05:59,Meter 1,214.40,67.16,7.36,8.22,99.62,0.00,0.64,214.88,58.62,6.82,7.31,97.32,0.00,1.61,214.05,59.57,6.11,7.41,89.99,0.00,2.96,214.44,61.78,20.28,22.94,95.65,0.00,5.21
2026-01-17 17:06:00,2026-01-17 17:06:59,Meter 1,214.31,100.88,10.89,12.35,97.00,0.00,-2.73,215.20,76.44,8.86,9.53,99.69,0.00,-0.69,214.32,83.67,8.36,10.43,98.76,0.00,-1.33,214.61,86.99,28.11,32.31,98.49,0.00,-4.75
2026-01-17 17:07:00,2026-01-17 17:07:59,Meter 1,214.16,116.41,12.54,14.24,99.33,0.00,-1.46,215.01,61.51,7.07,7.66,99.92,0.00,-0.28,214.09,89.69,8.97,11.16,99.84,0.00,0.50,214.42,89.20,28.58,33.07,99.70,0.00,-1.24
2026-01-17 17:08:00,2026-01-17 17:08:59,Meter 1,214.29,93.85,9.17,11.49,99.02,0.00,-1.29,214.99,54.97,6.15,6.85,99.64,0.00,-0.52,214.19,95.76,10.16,11.92,99.99,0.00,0.15,214.49,81.53,25.48,30.26,99.55,0.00,-1.67
2026-01-17 17:09:00,2026-01-17 17:09:59,Meter 1,213.70,153.26,17.36,18.75,97.87,0.00,-3.64,214.68,86.08,10.09,10.69,98.86,0.00,1.54,214.41,99.55,10.99,12.40,100.00,0.00,-0.10,214.26,112.96,38.44,41.84,98.91,0.00,-2.20
2026-01-17 17:10:00,2026-01-17 17:10:59,Meter 1,214.12,114.11,11.44,13.98,97.28,0.00,-2.72,214.54,70.42,8.04,8.76,97.08,0.00,1.99,214.47,71.24,6.66,8.87,99.26,0.00,0.82,214.38,85.26,26.14,31.61,97.87,0.00,0.08
2026-01-17 17:11:00,2026-01-17 17:11:59,Meter 1,214.20,104.75,10.23,12.84,99.94,0.00,-0.36,214.57,69.72,6.80,8.67,98.50,0.00,1.19,214.42,72.81,6.35,9.06,97.19,0.00,1.54,214.40,82.42,23.38,30.57,98.54,0.00,2.37
2026-01-17 17:12:00,2026-01-17 17:12:59,Meter 1,214.23,108.17,11.33,13.26,99.61,0.00,-1.00,214.89,71.53,8.12,8.90,100.00,0.00,-0.05,214.47,78.36,7.40,9.76,99.33,0.00,-0.86,214.53,86.02,26.85,31.92,99.65,0.00,-1.91
2026-01-17 17:13:00,2026-01-17 17:13:59,Meter 1,214.27,98.30,10.45,12.05,98.73,0.00,-1.68,215.00,77.25,9.09,9.62,99.96,0.00,-0.25,214.49,78.50,8.06,9.78,98.39,0.00,-1.46,214.58,84.68,27.60,31.45,99.03,0.00,-3.40
2026-01-17 17:14:00,2026-01-17 17:14:59,Meter 1,214.17,71.53,7.89,8.76,99.97,0.00,0.20,215.03,74.29,8.82,9.25,99.55,0.00,0.84,214.30,43.78,4.47,5.45,94.49,0.00,1.55,214.50,63.20,21.19,23.47,98.00,0.00,2.59
2026-01-17 17:15:00,2026-01-17 17:15:59,Meter 1,214.05,97.78,9.75,11.96,100.00,0.00,0.02,215.07,71.84,8.27,8.95,99.82,0.00,0.50,214.25,52.46,4.30,6.53,99.47,0.00,0.45,214.46,74.02,22.33,27.44,99.76,0.00,0.97
2026-01-17 17:16:00,2026-01-17 17:16:59,Meter 1,214.21,96.86,9.70,11.85,99.99,0.00,0.10,214.92,80.35,9.10,10.01,99.99,0.00,0.15,214.12,66.32,5.60,8.25,98.88,0.00,0.85,214.42,81.18,24.40,30.12,99.62,0.00,1.10
2026-01-17 17:17:00,2026-01-17 17:17:59,Meter 1,213.97,86.99,10.28,10.64,99.99,0.00,0.16,214.86,68.67,8.25,8.55,99.71,0.00,0.63,214.17,61.63,7.18,7.67,99.67,0.00,0.58,214.33,72.43,25.71,26.86,99.79,0.00,1.37
2026-01-17 17:18:00,2026-01-17 17:18:59,Meter 1,214.16,110.28,11.34,13.51,99.29,0.00,-1.36,214.68,98.91,11.47,12.31,97.95,0.00,2.36,214.37,73.99,6.99,9.21,99.76,0.00,0.48,214.40,94.39,29.80,35.02,99.00,0.00,1.48
2026-01-17 17:19:00,2026-01-17 17:19:59,Meter 1,214.09,107.58,10.04,13.17,99.74,0.00,-0.73,214.78,86.38,9.79,10.75,100.00,0.00,-0.04,214.17,81.70,7.37,10.17,100.00,0.00,-0.01,214.35,91.89,27.20,34.08,99.91,0.00,-0.78
2026-01-17 17:20:00,2026-01-17 17:20:59,Meter 1,214.46,92.98,8.88,11.40,99.98,0.00,-0.17,214.69,74.51,8.76,9.28,99.80,0.00,0.56,214.32,68.05,6.49,8.46,99.99,0.00,0.08,214.49,78.51,24.13,29.14,99.92,0.00,0.47
2026-01-17 17:21:00,2026-01-17 17:21:59,Meter 1,214.07,116.98,12.90,14.32,99.94,0.00,-0.44,214.73,93.31,11.16,11.61,99.75,0.00,0.79,214.11,90.49,9.18,11.26,99.89,0.00,0.43,214.30,100.26,33.23,37.18,99.86,0.00,0.78
2026-01-17 17:22:00,2026-01-17 17:22:59,Meter 1,214.33,103.56,9.99,12.69,99.89,0.00,-0.46,214.60,73.55,8.41,9.16,97.63,0.00,1.86,214.16,70.75,6.73,8.79,94.74,0.00,2.28,214.36,82.62,25.14,30.64,97.42,0.00,3.68
2026-01-17 17:23:00,2026-01-17 17:23:59,Meter 1,214.34,90.42,8.98,11.08,95.90,0.00,-2.65,214.36,82.25,9.48,10.23,96.65,0.00,2.52,214.23,69.40,6.77,8.62,98.95,0.00,0.99,214.31,80.69,25.23,29.94,97.17,0.00,0.86
2026-01-17 17:24:00,2026-01-17 17:24:59,Meter 1,214.41,81.88,6.69,10.04,98.83,0.00,-1.03,214.56,67.19,7.31,8.36,96.73,0.00,1.92,214.23,68.54,6.92,8.52,94.46,0.00,2.40,214.40,72.54,20.91,26.92,96.67,0.00,3.29
2026-01-17 17:25:00,2026-01-17 17:25:59,Meter 1,214.23,109.14,10.11,13.36,98.02,0.00,-2.04,214.52,89.33,10.49,11.12,99.22,0.00,1.32,213.99,69.27,5.97,8.61,99.33,0.00,0.69,214.25,89.25,26.57,33.08,98.86,0.00,-0.03
2026-01-17 17:26:00,2026-01-17 17:26:59,Meter 1,213.96,111.84,11.47,13.68,99.57,0.00,-1.07,214.46,74.22,8.40,9.23,99.68,0.00,0.68,213.89,70.65,6.46,8.78,98.27,0.00,1.22,214.10,85.57,26.33,31.68,99.17,0.00,0.83
2026-01-17 17:27:00,2026-01-17 17:27:59,Meter 1,214.04,97.95,10.35,11.99,99.98,0.00,0.19,214.42,70.15,7.61,8.72,99.08,0.00,1.04,214.20,60.02,5.13,7.46,93.63,0.00,1.92,214.22,76.04,23.08,28.17,97.57,0.00,3.15
2026-01-17 17:28:00,2026-01-17 17:28:59,Meter 1,213.77,110.83,11.17,13.56,99.73,0.00,-0.83,214.38,72.37,8.06,8.99,98.78,0.00,1.27,214.28,55.81,4.58,6.94,100.00,0.00,0.00,214.14,79.67,23.82,29.49,99.50,0.00,0.44
2026-01-17 17:29:00,2026-01-17 17:29:59,Meter 1,213.83,112.14,11.92,13.72,99.51,0.00,-1.18,214.50,64.44,7.20,8.01,98.76,0.00,-1.14,214.27,76.11,7.40,9.47,98.58,0.00,-1.26,214.20,84.23,26.52,31.20,98.95,0.00,-3.59
2026-01-17 17:30:00,2026-01-17 17:30:59,Meter 1,214.03,99.16,9.87,12.16,99.37,0.00,-1.12,214.35,63.83,7.12,7.93,99.25,0.00,-0.88,214.56,74.83,6.95,9.31,98.64,0.00,-1.16,214.31,79.27,23.94,29.39,99.09,0.00,-3.15
2026-01-17 17:31:00,2026-01-17 17:31:59,Meter 1,214.02,89.16,7.67,10.93,99.32,0.00,-0.90,214.60,61.93,7.13,7.70,99.96,0.00,0.20,214.55,65.65,5.18,8.17,98.89,0.00,-0.78,214.39,72.24,19.97,26.80,99.39,0.00,-1.47
2026-01-17 17:32:00,2026-01-17 17:32:59,Meter 1,213.96,109.30,10.90,13.38,99.17,0.00,-1.41,214.68,72.99,8.32,9.08,99.89,0.00,0.39,214.26,85.34,7.93,10.62,99.37,0.00,-0.90,214.30,89.21,27.15,33.08,99.48,0.00,-1.92
2026-01-17 17:33:00,2026-01-17 17:33:59,Meter 1,214.28,85.71,8.25,10.50,99.82,0.00,-0.49,214.99,59.48,6.53,7.41,99.97,0.00,-0.16,214.35,79.26,6.94,9.87,99.90,0.00,-0.31,214.54,74.81,21.72,27.78,99.90,0.00,-0.97
2026-01-17 17:34:00,2026-01-17 17:34:59,Meter 1,214.24,91.15,7.44,11.17,99.83,0.00,-0.43,214.88,70.46,7.57,8.77,100.00,0.00,-0.04,214.37,70.58,5.46,8.79,99.19,0.00,-0.70,214.49,77.40,20.47,28.73,99.67,0.00,-1.17
2026-01-17 17:35:00,2026-01-17 17:35:59,Meter 1,214.30,91.70,8.73,11.24,98.94,0.00,-1.28,214.94,74.26,8.76,9.25,100.00,0.00,-0.05,214.36,73.69,6.65,9.18,97.82,0.00,-1.41,214.53,79.88,24.14,29.66,98.92,0.00,-2.75
2026-01-17 17:36:00,2026-01-17 17:36:59,Meter 1,214.18,90.99,9.52,11.15,99.92,0.00,-0.37,214.79,64.05,7.42,7.97,99.49,0.00,0.75,214.39,60.19,5.05,7.49,99.89,0.00,-0.24,214.45,71.74,21.98,26.61,99.77,0.00,0.13
2026-01-17 17:37:00,2026-01-17 17:37:59,Meter 1,214.02,63.39,7.55,7.76,99.91,0.00,0.32,214.58,55.47,6.40,6.90,96.73,0.00,1.68,214.39,35.15,3.41,4.37,86.96,0.00,1.94,214.33,51.33,17.36,19.03,94.53,0.00,3.93
2026-01-17 17:38:00,2026-01-17 17:38:59,Meter 1,214.23,87.54,8.56,10.74,99.60,0.00,-0.77,214.48,76.34,8.24,9.49,99.86,0.00,0.44,214.49,73.71,6.34,9.17,99.77,0.00,0.43,214.40,79.20,23.14,29.40,99.74,0.00,0.09
2026-01-17 17:39:00,2026-01-17 17:39:59,Meter 1,214.25,87.08,8.72,10.67,100.00,0.00,0.04,214.67,65.89,7.15,8.20,99.41,0.00,0.78,214.20,63.86,5.31,7.94,97.22,0.00,1.28,214.37,72.28,21.18,26.81,98.88,0.00,2.10
2026-01-17 17:40:00,2026-01-17 17:40:59,Meter 1,214.64,84.28,8.45,10.35,97.85,0.00,-1.78,214.75,64.30,7.33,8.01,97.49,0.00,-1.67,214.52,78.10,7.67,9.72,97.32,0.00,-1.81,214.63,75.56,23.45,28.07,97.55,0.00,-5.27
2026-01-17 17:41:00,2026-01-17 17:41:59,Meter 1,214.39,90.42,8.95,11.07,99.77,0.00,-0.61,214.72,63.83,6.99,7.95,97.43,0.00,-1.62,214.04,103.99,10.04,12.93,99.91,0.00,-0.44,214.38,86.08,25.99,31.95,99.04,0.00,-2.66
2026-01-17 17:42:00,2026-01-17 17:42:59,Meter 1,214.34,99.00,8.44,12.12,99.66,0.00,-0.70,214.74,67.00,7.60,8.34,99.98,0.00,-0.13,214.05,83.45,7.99,10.38,99.76,0.00,0.56,214.38,83.15,24.03,30.84,99.80,0.00,-0.27
2026-01-17 17:43:00,2026-01-17 17:43:59,Meter 1,214.11,96.42,9.27,11.80,99.96,0.00,-0.25,214.68,72.35,7.88,9.00,99.98,0.00,0.17,214.16,76.63,7.17,9.53,99.29,0.00,0.86,214.32,81.80,24.32,30.34,99.74,0.00,0.78
2026-01-17 17:44:00,2026-01-17 17:44:59,Meter 1,214.08,101.01,10.94,12.36,99.69,0.00,-0.86,214.80,61.18,6.96,7.61,98.19,0.00,-1.34,214.16,80.40,8.17,10.00,99.69,0.00,-0.65,214.35,80.86,26.08,29.98,99.19,0.00,-2.85
2026-01-17 17:45:00,2026-01-17 17:45:59,Meter 1,214.04,101.59,10.83,12.43,98.75,0.00,-1.73,214.92,65.56,7.71,8.16,98.89,0.00,-1.16,214.06,74.73,7.36,9.30,98.15,0.00,-1.44,214.34,80.63,25.91,29.89,98.59,0.00,-4.33
2026-01-17 17:46:00,2026-01-17 17:46:59,Meter 1,213.60,115.93,13.83,14.18,98.77,0.00,-2.19,214.47,70.08,8.32,8.70,97.52,0.00,1.89,214.32,51.49,5.89,6.41,99.91,0.00,-0.25,214.13,79.16,28.05,29.29,98.73,0.00,-0.55
2026-01-17 17:47:00,2026-01-17 17:47:59,Meter 1,213.77,84.38,8.80,10.31,99.87,0.00,0.45,214.70,36.82,3.82,4.58,97.60,0.00,-0.85,213.79,62.87,5.91,7.82,99.83,0.00,-0.35,214.09,61.36,18.53,22.70,99.10,0.00,-0.74
2026-01-17 17:48:00,2026-01-17 17:48:59,Meter 1,213.74,91.15,9.36,11.13,99.84,0.00,0.54,214.64,45.26,4.72,5.63,99.97,0.00,0.12,213.80,50.79,4.99,6.31,97.05,0.00,1.24,214.06,62.40,19.07,23.07,98.95,0.00,1.90
2026-01-17 17:49:00,2026-01-17 17:49:59,Meter 1,213.85,99.40,9.95,12.15,99.84,0.00,-0.56,214.60,56.48,6.44,7.02,99.17,0.00,-0.83,213.73,82.20,7.97,10.21,100.00,0.00,0.06,214.06,79.36,24.36,29.38,99.67,0.00,-1.34
2026-01-17 17:50:00,2026-01-17 17:50:59,Meter 1,213.49,114.45,12.03,13.98,96.19,0.00,-3.42,214.37,75.08,8.94,9.32,99.84,0.00,0.51,213.87,92.10,10.37,11.45,99.66,0.00,-0.86,213.91,93.88,31.34,34.74,98.56,0.00,-3.78
2026-01-17 17:51:00,2026-01-17 17:51:59,Meter 1,213.75,103.35,10.71,12.63,99.05,0.00,-1.49,214.34,61.91,6.98,7.69,98.98,0.00,1.01,213.75,84.06,8.42,10.44,98.44,0.00,1.50,213.95,83.11,26.11,30.76,98.82,0.00,1.02
2026-01-17 17:52:00,2026-01-17 17:52:59,Meter 1,214.05,87.87,8.21,10.75,97.26,0.00,-1.96,214.27,55.39,6.16,6.88,99.18,0.00,-0.79,213.89,95.12,10.25,11.81,99.99,0.00,0.14,214.07,79.46,24.62,29.44,98.81,0.00,-2.62
2026-01-17 17:53:00,2026-01-17 17:53:59,Meter 1,213.78,99.30,9.58,12.15,98.55,0.00,-1.65,214.08,81.31,9.36,10.09,100.00,0.00,0.00,214.07,85.74,8.54,10.65,99.17,0.00,1.11,213.98,88.78,27.48,32.89,99.24,0.00,-0.54
2026-01-17 17:54:00,2026-01-17 17:54:59,Meter 1,213.65,105.29,10.74,12.88,98.84,0.00,-1.65,213.97,100.15,11.38,12.42,96.68,0.00,3.00,213.99,84.85,8.37,10.53,96.84,0.00,2.16,213.87,96.76,30.48,35.83,97.45,0.00,3.51
2026-01-17 17:55:00,2026-01-17 17:55:59,Meter 1,214.05,89.67,8.85,10.99,98.30,0.00,-1.65,214.21,75.72,8.74,9.40,99.98,0.00,0.19,214.35,88.06,8.98,10.94,99.99,0.00,-0.15,214.20,84.48,26.57,31.34,99.42,0.00,-1.62
2026-01-17 17:56:00,2026-01-17 17:56:59,Meter 1,213.99,83.53,7.96,10.23,98.05,0.00,-1.60,214.32,70.08,8.16,8.71,99.98,0.00,0.15,214.28,79.50,8.38,9.88,100.00,0.00,-0.08,214.19,77.70,24.50,28.82,99.34,0.00,-1.53
2026-01-17 17:57:00,2026-01-17 17:57:59,Meter 1,213.79,103.70,10.82,12.69,98.18,0.00,-2.09,214.38,71.46,8.00,8.87,99.25,0.00,-0.99,214.11,79.53,8.57,9.89,99.68,0.00,-0.69,214.09,84.90,27.39,31.45,99.03,0.00,-3.77
2026-01-17 17:58:00,2026-01-17 17:58:59,Meter 1,213.59,58.46,6.67,7.14,99.36,0.00,-0.76,214.05,47.50,5.51,5.89,99.23,0.00,0.69,213.83,60.29,6.68,7.48,98.14,0.00,1.31,213.82,55.42,18.86,20.52,98.91,0.00,1.24
2026-01-17 17:59:00,2026-01-17 17:59:59,Meter 1,213.84,84.08,9.17,10.29,99.91,0.00,-0.39,214.33,64.88,7.12,8.06,96.72,0.00,-1.87,214.21,89.61,10.50,11.14,99.84,0.00,-0.59,214.13,79.52,26.79,29.49,98.82,0.00,-2.85
2026-01-17 18:00:00,2026-01-17 18:00:59,Meter 1,213.97,78.60,7.01,9.62,99.99,0.00,0.07,214.17,53.40,5.97,6.63,99.45,0.00,0.63,213.96,58.62,4.95,7.28,96.25,0.00,1.40,214.04,63.54,17.93,23.53,98.57,0.00,2.09
2026-01-17 18:01:00,2026-01-17 18:01:59,Meter 1,213.83,76.23,8.22,9.32,97.63,0.00,1.82,214.00,58.24,6.65,7.23,96.02,0.00,1.93,213.75,64.98,6.45,8.06,90.74,0.00,2.99,213.86,66.48,21.32,24.61,94.80,0.00,6.74
2026-01-17 18:02:00,2026-01-17 18:02:59,Meter 1,214.06,80.71,9.28,9.87,99.89,0.00,0.43,213.94,62.31,7.14,7.74,99.99,0.00,0.09,213.52,69.86,7.76,8.65,98.64,0.00,1.29,213.84,70.96,24.18,26.27,99.51,0.00,1.81
2026-01-17 18:03:00,2026-01-17 18:03:59,Meter 1,214.00,68.65,7.72,8.40,97.54,0.00,1.75,213.88,65.78,7.42,8.17,94.13,0.00,2.66,213.66,81.62,8.30,10.11,88.39,0.00,4.39,213.84,72.02,23.44,26.68,93.35,0.00,8.80
2026-01-17 18:04:00,2026-01-17 18:04:59,Meter 1,213.57,105.72,12.19,12.92,99.96,0.00,0.37,213.79,67.36,7.53,8.35,95.67,0.00,2.29,213.67,83.76,9.05,10.38,96.87,0.00,2.32,213.68,85.61,28.78,31.65,97.50,0.00,4.97
2026-01-17 18:05:00,2026-01-17 18:05:59,Meter 1,213.42,91.61,10.49,11.19,99.81,0.00,-0.65,213.44,84.08,9.17,10.41,90.85,0.00,4.22,213.51,82.00,8.39,10.15,92.97,0.00,3.32,213.45,85.90,28.06,31.75,94.55,0.00,6.89
2026-01-17 18:06:00,2026-01-17 18:06:59,Meter 1,213.78,75.52,8.28,9.23,99.76,0.00,0.57,213.63,62.76,6.78,7.78,90.44,0.00,3.20,213.55,72.71,7.43,9.00,90.72,0.00,3.45,213.65,70.33,22.49,26.02,93.64,0.00,7.22
2026-01-17 18:07:00,2026-01-17 18:07:59,Meter 1,213.83,84.77,9.50,10.36,99.36,0.00,1.08,213.76,52.87,5.72,6.56,94.38,0.00,2.00,213.49,88.43,9.74,10.95,97.14,0.00,2.38,213.69,75.36,24.96,27.87,96.96,0.00,5.46
2026-01-17 18:08:00,2026-01-17 18:08:59,Meter 1,213.91,70.50,7.94,8.61,98.51,0.00,1.39,213.78,60.39,6.81,7.50,95.24,0.00,2.18,213.38,71.80,8.10,8.89,96.75,0.00,2.12,213.69,67.56,22.84,25.00,96.83,0.00,5.68
2026-01-17 18:09:00,2026-01-17 18:09:59,Meter 1,213.73,93.07,11.16,11.38,99.75,0.00,-0.78,213.72,80.47,9.45,9.98,96.46,0.00,2.58,213.78,56.33,6.63,6.98,98.98,0.00,0.96,213.74,76.63,27.25,28.34,98.40,0.00,2.75
2026-01-17 18:10:00,2026-01-17 18:10:59,Meter 1,213.82,80.54,9.33,9.85,99.94,0.00,-0.32,213.84,67.85,7.96,8.42,98.93,0.00,1.17,213.83,61.03,6.81,7.57,99.95,0.00,0.21,213.83,69.81,24.10,25.84,99.61,0.00,1.06
2026-01-17 18:11:00,2026-01-17 18:11:59,Meter 1,213.90,82.23,9.78,10.06,99.94,0.00,-0.33,213.82,57.09,6.76,7.08,99.39,0.00,-0.75,213.71,57.58,6.69,7.14,98.63,0.00,-1.12,213.81,65.63,23.22,24.28,99.32,0.00,-2.19
2026-01-17 18:12:00,2026-01-17 18:12:59,Meter 1,213.90,75.71,8.46,9.25,97.08,0.00,2.09,213.69,54.42,6.00,6.75,98.39,0.00,1.09,213.44,56.61,5.78,7.01,98.29,0.00,1.08,213.68,62.25,20.23,23.01,97.92,0.00,4.27
2026-01-17 18:13:00,2026-01-17 18:13:59,Meter 1,213.88,75.93,8.42,9.28,95.60,0.00,2.59,213.53,57.92,6.49,7.19,94.30,0.00,2.29,213.34,54.20,5.66,6.70,93.46,0.00,2.15,213.58,62.69,20.57,23.17,94.45,0.00,7.03
2026-01-17 18:14:00,2026-01-17 18:14:59,Meter 1,213.57,79.88,9.44,9.75,99.79,0.00,0.61,213.53,85.81,9.66,10.64,91.89,0.00,4.15,213.33,58.13,6.19,7.19,91.53,0.00,2.72,213.48,74.60,25.29,27.58,94.40,0.00,7.49
2026-01-17 18:15:00,2026-01-17 18:15:59,Meter 1,213.65,74.22,8.45,9.07,99.15,0.00,1.11,213.40,83.76,9.31,10.38,92.57,0.00,3.81,213.54,67.67,7.09,8.37,92.28,0.00,2.96,213.53,75.21,24.85,27.82,94.67,0.00,7.87
2026-01-17 18:16:00,2026-01-17 18:16:59,Meter 1,213.66,72.20,8.01,8.82,97.87,0.00,1.68,213.64,69.86,7.70,8.66,93.24,0.00,2.99,213.37,79.67,8.71,9.86,96.01,0.00,2.54,213.55,73.91,24.42,27.34,95.71,0.00,7.20
2026-01-17 18:17:00,2026-01-17 18:17:59,Meter 1,213.65,76.48,9.03,9.33,100.00,0.00,-0.00,213.89,60.55,7.15,7.51,98.81,0.00,1.11,213.24,76.45,9.03,9.47,97.96,0.00,1.85,213.59,71.16,25.21,26.31,98.92,0.00,2.96
2026-01-17 18:18:00,2026-01-17 18:18:59,Meter 1,213.65,89.71,10.67,10.96,99.59,0.00,-0.97,213.72,91.05,10.86,11.29,97.42,0.00,2.52,213.42,62.70,7.41,7.76,99.95,0.00,0.23,213.60,81.15,28.95,30.01,98.99,0.00,1.78
2026-01-17 18:19:00,2026-01-17 18:19:59,Meter 1,213.80,89.54,10.50,10.95,99.56,0.00,-0.98,213.85,75.67,8.66,9.39,97.31,0.00,2.05,213.67,60.62,6.71,7.51,99.96,0.00,0.19,213.77,75.28,25.87,27.85,98.95,0.00,1.25
2026-01-17 18:20:00,2026-01-17 18:20:59,Meter 1,214.04,63.94,7.05,7.83,99.45,0.00,0.74,213.74,48.29,5.28,5.99,99.13,0.00,0.70,213.85,61.99,6.85,7.68,98.33,0.00,1.27,213.87,58.07,19.19,21.50,98.97,0.00,2.71
2026-01-17 18:21:00,2026-01-17 18:21:59,Meter 1,214.03,60.98,6.76,7.46,98.67,0.00,1.11,213.81,48.83,5.30,6.06,93.30,0.00,2.04,213.74,61.04,6.66,7.56,94.21,0.00,2.37,213.86,56.95,18.72,21.09,95.40,0.00,5.53
2026-01-17 18:22:00,2026-01-17 18:22:59,Meter 1,213.77,58.23,6.46,7.12,98.48,0.00,1.14,213.75,53.53,5.73,6.64,89.92,0.00,2.79,213.67,60.00,6.25,7.43,92.01,0.00,2.66,213.73,57.26,18.44,21.19,93.47,0.00,6.59
2026-01-17 18:23:00,2026-01-17 18:23:59,Meter 1,213.89,52.11,5.91,6.38,98.19,0.00,1.14,213.61,45.33,4.85,5.62,91.16,0.00,2.19,213.98,58.13,6.70,7.20,96.04,0.00,1.94,213.83,51.86,17.46,19.21,95.13,0.00,5.27
2026-01-17 18:24:00,2026-01-17 18:24:59,Meter 1,213.76,69.42,8.13,8.49,98.26,0.00,1.54,213.52,43.11,4.50,5.34,88.82,0.00,2.33,213.78,71.03,8.28,8.80,95.97,0.00,2.42,213.69,61.19,20.92,22.63,94.35,0.00,6.29
2026-01-17 18:25:00,2026-01-17 18:25:59,Meter 1,213.78,72.77,8.57,8.91,99.98,0.00,-0.18,213.17,56.00,6.63,6.93,99.83,0.00,-0.39,213.92,75.60,9.08,9.36,99.99,0.00,-0.12,213.62,68.12,24.28,25.20,99.93,0.00,-0.69
2026-01-17 18:26:00,2026-01-17 18:26:59,Meter 1,213.94,62.29,6.49,7.62,99.66,0.00,0.53,213.30,63.32,7.13,7.85,96.60,0.00,1.91,213.56,87.91,9.99,10.87,97.31,0.00,2.36,213.60,71.17,23.60,26.34,97.86,0.00,4.81
2026-01-17 18:27:00,2026-01-17 18:27:59,Meter 1,214.02,59.02,6.82,7.24,99.45,0.00,-0.72,213.16,63.04,7.48,7.81,97.69,0.00,1.64,213.99,57.46,6.55,7.11,96.55,0.00,1.77,213.72,59.84,20.86,22.15,97.90,0.00,2.68
2026-01-17 18:28:00,2026-01-17 18:28:59,Meter 1,214.02,55.00,5.79,6.74,99.64,0.00,0.49,213.16,57.57,6.53,7.13,95.48,0.00,2.03,213.75,62.54,6.44,7.73,92.70,0.00,2.60,213.64,58.37,18.76,21.60,95.94,0.00,5.13
2026-01-17 18:29:00,2026-01-17 18:29:59,Meter 1,213.76,78.87,9.34,9.64,99.34,0.00,1.08,213.30,70.62,8.04,8.75,93.82,0.00,2.97,213.46,62.46,6.95,7.72,92.67,0.00,2.82,213.51,70.65,24.33,26.12,95.28,0.00,6.86
2026-01-17 18:30:00,2026-01-17 18:30:59,Meter 1,213.58,80.24,9.38,9.79,99.19,0.00,1.20,213.60,81.75,9.16,10.14,91.47,0.00,4.05,213.22,75.47,8.31,9.34,90.87,0.00,3.82,213.46,79.16,26.86,29.27,93.84,0.00,9.07
2026-01-17 18:31:00,2026-01-17 18:31:59,Meter 1,213.85,93.78,10.46,11.46,99.51,0.00,1.04,213.59,69.83,8.05,8.66,99.23,0.00,1.00,213.25,78.98,8.76,9.77,99.37,0.00,0.99,213.56,80.86,27.28,29.89,99.37,0.00,3.03
2026-01-17 18:32:00,2026-01-17 18:32:59,Meter 1,213.19,101.61,11.98,12.39,99.89,0.00,0.57,213.55,83.65,9.61,10.36,94.62,0.00,3.29,213.27,60.38,6.67,7.47,95.33,0.00,2.11,213.34,81.88,28.26,30.22,96.61,0.00,5.97
2026-01-17 18:33:00,2026-01-17 18:33:59,Meter 1,213.85,68.28,7.92,8.34,97.84,0.00,1.68,213.73,60.86,7.17,7.55,96.64,0.00,1.91,213.26,68.24,8.03,8.44,97.95,0.00,1.65,213.61,65.79,23.13,24.34,97.48,0.00,5.23
2026-01-17 18:34:00,2026-01-17 18:34:59,Meter 1,213.84,71.58,8.07,8.75,99.19,0.00,1.03,213.60,72.82,8.30,9.03,95.55,0.00,2.56,213.39,72.25,8.02,8.94,98.12,0.00,1.58,213.61,72.22,24.38,26.72,97.62,0.00,5.17
2026-01-17 18:35:00,2026-01-17 18:35:59,Meter 1,213.99,64.94,7.34,7.94,99.40,0.00,0.80,213.67,64.32,7.06,7.98,93.87,0.00,2.60,213.58,59.78,6.39,7.40,97.55,0.00,1.44,213.75,63.01,20.79,23.33,96.94,0.00,4.84
2026-01-17 18:36:00,2026-01-17 18:36:59,Meter 1,213.68,83.06,9.46,10.15,99.16,0.00,-1.24,213.46,83.89,9.53,10.40,95.38,0.00,3.00,213.50,64.17,6.92,7.94,99.76,0.00,0.48,213.55,77.04,25.91,28.49,98.10,0.00,2.25
2026-01-17 18:37:00,2026-01-17 18:37:59,Meter 1,213.60,59.58,6.72,7.28,97.53,0.00,1.52,213.50,51.65,5.59,6.40,90.08,0.00,2.70,213.44,60.07,6.31,7.43,89.37,0.00,3.17,213.51,57.10,18.62,21.11,92.33,0.00,7.39
2026-01-17 18:38:00,2026-01-17 18:38:59,Meter 1,213.90,59.49,6.49,7.27,99.81,0.00,0.40,213.51,50.31,5.55,6.24,97.35,0.00,1.30,213.47,66.17,7.20,8.19,96.00,0.00,2.10,213.63,58.66,19.24,21.70,97.72,0.00,3.80
2026-01-17 18:39:00,2026-01-17 18:39:59,Meter 1,214.16,51.65,5.41,6.31,92.87,0.00,2.16,213.50,44.33,4.74,5.51,90.22,0.00,2.27,213.21,62.03,6.39,7.66,90.04,0.00,3.09,213.63,52.67,16.54,19.48,91.04,0.00,7.51
2026-01-17 18:40:00,2026-01-17 18:40:59,Meter 1,214.01,60.37,6.52,7.37,99.75,0.00,0.46,213.92,56.77,6.49,7.05,99.95,0.00,0.21,213.14,77.47,8.86,9.59,99.23,0.00,1.11,213.69,64.87,21.87,24.01,99.64,0.00,1.78
2026-01-17 18:41:00,2026-01-17 18:41:59,Meter 1,213.48,97.51,11.46,11.89,99.82,0.00,0.69,213.85,63.80,7.37,7.91,98.09,0.00,1.46,213.20,75.12,8.44,9.30,97.97,0.00,1.72,213.51,78.81,27.26,29.11,98.63,0.00,3.88
2026-01-17 18:42:00,2026-01-17 18:42:59,Meter 1,213.39,100.31,11.27,12.24,99.30,0.00,1.34,213.72,68.42,7.81,8.48,94.93,0.00,2.59,213.35,61.77,6.11,7.65,94.34,0.00,2.15,213.49,76.83,25.19,28.37,96.19,0.00,6.07
2026-01-17 18:43:00,2026-01-17 18:43:59,Meter 1,213.92,70.67,7.26,8.63,96.89,0.00,1.85,213.99,72.21,8.47,8.97,97.09,0.00,2.09,213.38,62.01,6.22,7.68,94.73,0.00,2.10,213.76,68.30,21.95,25.28,96.24,0.00,6.04
2026-01-17 18:44:00,2026-01-17 18:44:59,Meter 1,213.77,79.11,9.05,9.67,97.47,0.00,2.07,213.56,85.18,9.96,10.56,96.01,0.00,2.90,213.44,62.93,6.95,7.79,95.50,0.00,2.16,213.59,75.74,25.96,28.02,96.33,0.00,7.13
2026-01-17 18:45:00,2026-01-17 18:45:59,Meter 1,213.74,71.80,7.72,8.77,98.15,0.00,1.50,213.65,81.29,9.49,10.08,96.36,0.00,2.63,213.47,63.36,6.38,7.84,96.06,0.00,1.85,213.62,72.15,23.58,26.70,96.86,0.00,5.98
2026-01-17 18:46:00,2026-01-17 18:46:59,Meter 1,213.75,83.05,9.57,10.15,98.87,0.00,1.45,213.83,79.43,9.31,9.86,97.61,0.00,2.07,213.44,62.18,6.65,7.70,96.82,0.00,1.72,213.67,74.89,25.53,27.70,97.77,0.00,5.24
2026-01-17 18:47:00,2026-01-17 18:47:59,Meter 1,213.62,82.75,9.54,10.10,96.24,0.00,2.69,213.82,60.93,6.93,7.56,93.43,0.00,2.64,213.41,54.45,5.80,6.74,90.13,0.00,2.79,213.62,66.04,22.27,24.41,93.26,0.00,8.13
2026-01-17 18:48:00,2026-01-17 18:48:59,Meter 1,213.71,79.44,9.10,9.71,99.12,0.00,1.21,213.69,64.62,7.55,8.01,96.95,0.00,1.91,213.61,62.45,6.55,7.73,96.30,0.00,1.83,213.67,68.84,23.19,25.46,97.46,0.00,4.95
2026-01-17 18:49:00,2026-01-17 18:49:59,Meter 1,213.59,91.10,10.20,11.12,98.77,0.00,1.61,213.80,67.71,7.85,8.40,97.61,0.00,1.75,213.37,82.80,9.13,10.25,97.74,0.00,1.97,213.59,80.53,27.18,29.77,98.04,0.00,5.34
2026-01-17 18:50:00,2026-01-17 18:50:59,Meter 1,213.61,86.09,9.86,10.50,97.57,0.00,2.21,213.97,49.89,5.41,6.19,97.21,0.00,1.31,213.24,79.09,8.89,9.79,96.70,0.00,2.34,213.61,71.69,24.15,26.49,97.16,0.00,5.86
2026-01-17 18:51:00,2026-01-17 18:51:59,Meter 1,214.09,80.57,8.88,9.84,98.54,0.00,1.53,213.75,49.62,5.22,6.17,92.24,0.00,2.19,213.16,68.97,7.05,8.53,94.00,0.00,2.56,213.67,66.39,21.15,24.54,94.93,0.00,6.28
2026-01-17 18:52:00,2026-01-17 18:52:59,Meter 1,214.02,63.88,7.48,7.80,98.43,0.00,1.34,213.50,47.44,5.36,5.89,93.98,0.00,1.95,213.08,61.44,6.87,7.59,92.84,0.00,2.75,213.53,57.59,19.71,21.28,95.09,0.00,6.04
2026-01-17 18:53:00,2026-01-17 18:53:59,Meter 1,213.84,87.17,10.17,10.65,98.73,0.00,1.64,213.44,42.17,4.39,5.23,93.69,0.00,1.64,213.24,63.71,6.69,7.87,93.53,0.00,2.53,213.50,64.35,21.25,23.76,95.32,0.00,5.81
2026-01-17 18:54:00,2026-01-17 18:54:59,Meter 1,213.57,91.08,10.75,11.12,99.66,0.00,0.88,213.91,54.71,6.27,6.79,96.21,0.00,1.78,213.45,57.97,6.61,7.18,98.64,0.00,1.10,213.64,67.92,23.63,25.09,98.17,0.00,3.76
2026-01-17 18:55:00,2026-01-17 18:55:59,Meter 1,213.60,92.73,10.79,11.33,99.56,0.00,1.02,213.59,68.23,7.94,8.46,95.97,0.00,2.32,213.44,60.25,6.41,7.46,97.65,0.00,1.41,213.55,73.73,25.13,27.24,97.72,0.00,4.76
2026-01-17 18:56:00,2026-01-17 18:56:59,Meter 1,213.56,82.23,9.76,10.04,98.92,0.00,1.45,213.56,65.40,7.65,8.11,96.40,0.00,2.11,213.44,60.98,7.08,7.55,96.85,0.00,1.82,213.52,69.54,24.48,25.70,97.39,0.00,5.38
2026-01-17 18:57:00,2026-01-17 18:57:59,Meter 1,213.62,87.74,9.66,10.72,99.89,0.00,0.45,213.44,72.76,8.31,9.01,98.20,0.00,1.60,213.50,73.50,7.75,9.09,98.77,0.00,1.23,213.52,78.00,25.73,28.83,98.95,0.00,3.28
2026-01-17 18:58:00,2026-01-17 18:58:59,Meter 1,213.70,77.29,8.41,9.44,97.41,0.00,1.95,213.49,60.51,6.88,7.51,94.73,0.00,2.33,213.12,77.15,8.32,9.53,95.11,0.00,2.70,213.44,71.65,23.60,26.48,95.75,0.00,6.98
2026-01-17 18:59:00,2026-01-17 18:59:59,Meter 1,213.59,104.58,12.34,12.75,98.67,0.00,2.03,213.59,68.78,7.78,8.53,94.88,0.00,2.59,212.85,74.63,8.20,9.22,94.14,0.00,2.94,213.34,82.66,28.31,30.50,95.90,0.00,7.55
2026-01-17 19:00:00,2026-01-17 19:00:59,Meter 1,213.87,95.91,11.03,11.70,96.91,0.00,2.81,213.57,57.18,6.45,7.10,93.82,0.00,2.38,212.72,75.38,7.91,9.31,91.07,0.00,3.59,213.39,76.16,25.39,28.11,93.93,0.00,8.77
2026-01-17 19:01:00,2026-01-17 19:01:59,Meter 1,213.91,79.64,9.26,9.72,96.98,0.00,2.33,213.58,57.88,6.61,7.19,94.21,0.00,2.35,212.99,81.09,8.85,10.02,89.71,0.00,4.36,213.49,72.87,24.72,26.93,93.63,0.00,9.04
2026-01-17 19:02:00,2026-01-17 19:02:59,Meter 1,214.04,79.09,8.59,9.66,96.14,0.00,2.46,213.69,55.27,6.22,6.87,94.39,0.00,2.18,213.01,83.16,8.51,10.28,88.51,0.00,4.48,213.58,72.51,23.32,26.80,93.01,0.00,9.11
2026-01-17 19:03:00,2026-01-17 19:03:59,Meter 1,214.16,98.19,11.57,12.00,99.47,0.00,1.19,213.69,62.39,7.19,7.75,98.24,0.00,1.37,213.19,81.94,9.14,10.13,93.76,0.00,3.39,213.68,80.84,27.90,29.88,97.16,0.00,5.95
2026-01-17 19:04:00,2026-01-17 19:04:59,Meter 1,214.06,79.61,9.32,9.74,99.98,0.00,0.16,213.64,59.80,6.68,7.42,98.85,0.00,1.02,213.45,73.92,8.25,9.15,98.74,0.00,1.32,213.72,71.11,24.24,26.31,99.19,0.00,2.51
2026-01-17 19:05:00,2026-01-17 19:05:59,Meter 1,213.82,93.83,10.74,11.47,98.71,0.00,1.75,213.35,57.80,6.26,7.17,91.51,0.00,2.76,213.26,70.72,7.35,8.74,93.30,0.00,2.83,213.48,74.12,24.35,27.37,94.50,0.00,7.34
2026-01-17 19:06:00,2026-01-17 19:06:59,Meter 1,213.92,84.66,9.71,10.33,98.80,0.00,1.52,213.70,53.31,5.61,6.62,90.11,0.00,2.70,212.88,62.86,6.53,7.77,92.95,0.00,2.59,213.50,66.95,21.86,24.72,93.95,0.00,6.81
2026-01-17 19:07:00,2026-01-17 19:07:59,Meter 1,214.04,68.86,7.68,8.41,99.79,0.00,-0.50,213.80,54.94,6.30,6.83,99.30,0.00,0.75,213.10,76.34,8.70,9.44,99.70,0.00,0.68,213.65,66.72,22.67,24.68,99.60,0.00,0.92
2026-01-17 19:08:00,2026-01-17 19:08:59,Meter 1,213.99,77.66,8.87,9.49,99.99,0.00,0.11,213.84,47.34,5.18,5.88,99.90,0.00,0.23,213.19,72.50,8.33,8.97,99.89,0.00,0.39,213.67,65.83,22.37,24.34,99.93,0.00,0.73
2026-01-17 19:09:00,2026-01-17 19:09:59,Meter 1,213.96,86.59,10.03,10.59,99.96,0.00,0.30,214.07,54.11,6.16,6.72,99.96,0.00,-0.18,213.59,72.02,8.25,8.93,99.88,0.00,0.41,213.87,70.91,24.44,26.24,99.93,0.00,0.52
2026-01-17 19:10:00,2026-01-17 19:10:59,Meter 1,213.97,97.82,11.73,11.96,99.98,0.00,-0.26,213.85,64.91,7.78,8.06,99.99,0.00,0.13,213.52,61.26,7.20,7.59,99.99,0.00,0.07,213.78,74.66,26.71,27.61,99.99,0.00,-0.06
2026-01-17 19:11:00,2026-01-17 19:11:59,Meter 1,213.72,101.50,11.82,12.40,100.00,0.00,0.01,213.68,70.28,8.15,8.72,99.36,0.00,0.93,213.45,68.80,7.43,8.52,99.13,0.00,0.99,213.62,80.19,27.40,29.64,99.50,0.00,1.92
2026-01-17 19:12:00,2026-01-17 19:12:59,Meter 1,213.71,118.20,13.92,14.42,98.57,0.00,2.38,213.72,59.28,6.84,7.36,96.05,0.00,1.98,213.12,66.23,7.38,8.19,93.74,0.00,2.74,213.51,81.24,28.15,29.97,96.12,0.00,7.11
2026-01-17 19:13:00,2026-01-17 19:13:59,Meter 1,213.69,116.44,13.31,14.20,98.17,0.00,2.58,213.87,57.91,6.69,7.19,99.18,0.00,0.86,213.08,74.79,7.91,9.25,96.44,0.00,2.17,213.55,83.05,27.90,30.65,97.93,0.00,5.61
2026-01-17 19:14:00,2026-01-17 19:14:59,Meter 1,213.86,98.52,11.55,12.02,97.67,0.00,2.54,213.99,60.34,7.08,7.50,97.83,0.00,1.50,212.99,68.31,7.82,8.45,95.45,0.00,2.44,213.61,75.72,26.45,27.97,96.98,0.00,6.48
2026-01-17 19:15:00,2026-01-17 19:15:59,Meter 1,213.96,75.86,8.48,9.27,98.66,0.00,1.40,213.47,68.70,8.13,8.53,98.79,0.00,1.27,213.11,67.07,7.39,8.29,97.95,0.00,1.52,213.51,70.54,23.99,26.08,98.47,0.00,4.20
2026-01-17 19:16:00,2026-01-17 19:16:59,Meter 1,214.02,72.95,8.37,8.92,97.41,0.00,1.94,213.29,71.41,7.93,8.86,91.71,0.00,3.45,213.41,75.67,8.75,9.35,96.10,0.00,2.52,213.57,73.34,25.06,27.13,95.07,0.00,7.91
2026-01-17 19:17:00,2026-01-17 19:17:59,Meter 1,213.86,65.90,7.61,8.05,98.53,0.00,1.32,213.53,61.93,7.02,7.68,93.70,0.00,2.62,213.30,81.57,9.43,10.09,98.17,0.00,1.83,213.56,69.80,24.06,25.82,96.80,0.00,5.77
2026-01-17 19:18:00,2026-01-17 19:18:59,Meter 1,213.60,87.36,10.37,10.68,99.88,0.00,0.50,213.52,51.78,5.87,6.42,97.51,0.00,1.33,213.54,66.83,7.89,8.27,99.76,0.00,0.54,213.55,68.66,24.13,25.37,99.05,0.00,2.38
2026-01-17 19:19:00,2026-01-17 19:19:59,Meter 1,213.47,68.00,7.41,8.30,91.27,0.00,3.32,213.68,49.55,5.17,6.14,86.30,0.00,3.02,213.38,53.72,6.01,6.65,92.73,0.00,2.43,213.51,57.09,18.58,21.09,90.10,0.00,8.77
2026-01-17 19:20:00,2026-01-17 19:20:59,Meter 1,213.47,71.09,8.04,8.68,97.96,0.00,1.65,213.72,55.05,5.90,6.82,90.07,0.00,2.85,213.44,59.31,6.40,7.35,96.11,0.00,1.84,213.54,61.82,20.35,22.85,94.71,0.00,6.34
2026-01-17 19:21:00,2026-01-17 19:21:59,Meter 1,213.36,71.41,7.36,8.71,97.09,0.00,1.82,213.88,50.60,5.35,6.27,92.60,0.00,2.18,213.36,63.89,6.53,7.92,97.05,0.00,1.62,213.53,61.97,19.24,22.90,95.58,0.00,5.62
2026-01-17 19:22:00,2026-01-17 19:22:59,Meter 1,213.56,63.15,6.16,7.71,98.41,0.00,1.11,213.98,52.52,5.84,6.52,98.61,0.00,0.98,213.47,59.99,6.05,7.44,99.09,0.00,0.82,213.67,58.55,18.05,21.66,98.71,0.00,2.92
2026-01-17 19:23:00,2026-01-17 19:23:59,Meter 1,213.41,82.83,9.38,10.11,99.99,0.00,-0.10,213.70,79.83,9.13,9.89,95.62,0.00,2.79,213.47,81.09,9.30,10.04,98.66,0.00,1.54,213.52,81.25,27.81,30.05,98.09,0.00,4.23
2026-01-17 19:24:00,2026-01-17 19:24:59,Meter 1,213.45,77.90,8.34,9.51,99.99,0.00,-0.12,213.63,73.69,8.53,9.13,98.01,0.00,1.73,213.38,87.00,9.70,10.77,98.79,0.00,1.52,213.49,79.53,26.57,29.41,98.93,0.00,3.13
2026-01-17 19:25:00,2026-01-17 19:25:59,Meter 1,213.29,90.98,10.13,11.10,99.59,0.00,0.92,213.57,67.34,7.84,8.34,98.66,0.00,1.30,213.34,85.39,9.78,10.57,99.14,0.00,1.29,213.40,81.24,27.75,30.01,99.13,0.00,3.50
2026-01-17 19:26:00,2026-01-17 19:26:59,Meter 1,213.36,69.55,7.63,8.49,94.69,0.00,2.59,213.44,61.48,6.78,7.61,94.87,0.00,2.26,213.42,81.12,9.05,10.04,95.52,0.00,2.80,213.41,70.72,23.46,26.14,95.03,0.00,7.65
2026-01-17 19:27:00,2026-01-17 19:27:59,Meter 1,213.20,112.21,13.50,13.70,99.90,0.00,-0.62,213.28,87.93,10.48,10.87,97.51,0.00,2.38,213.50,77.38,9.16,9.58,98.45,0.00,1.63,213.33,92.51,33.14,34.15,98.62,0.00,3.39
2026-01-17 19:28:00,2026-01-17 19:28:59,Meter 1,213.65,71.47,8.23,8.74,99.95,0.00,0.25,213.93,63.14,7.30,7.83,99.90,0.00,0.32,213.70,73.94,8.21,9.17,98.26,0.00,1.55,213.76,69.51,23.75,25.73,99.37,0.00,2.13
2026-01-17 19:29:00,2026-01-17 19:29:59,Meter 1,213.55,83.59,9.68,10.20,97.85,0.00,2.04,214.05,45.04,5.05,5.59,96.19,0.00,1.43,213.39,66.75,7.35,8.27,92.07,0.00,3.11,213.66,65.13,22.07,24.06,95.37,0.00,6.59
2026-01-17 19:30:00,2026-01-17 19:30:59,Meter 1,213.56,84.11,9.11,10.27,96.81,0.00,2.36,213.96,46.07,5.08,5.72,94.04,0.00,1.84,213.46,71.62,7.06,8.88,88.57,0.00,3.70,213.66,67.27,21.25,24.86,93.14,0.00,7.90
2026-01-17 19:31:00,2026-01-17 19:31:59,Meter 1,213.68,98.14,11.38,11.98,99.86,0.00,-0.61,213.94,72.48,8.52,9.00,97.49,0.00,1.94,213.31,75.79,8.95,9.39,99.58,0.00,0.82,213.64,82.14,28.85,30.36,98.98,0.00,2.15
2026-01-17 19:32:00,2026-01-17 19:32:59,Meter 1,213.68,98.88,11.16,12.08,98.51,0.00,1.95,213.72,63.41,6.80,7.86,90.46,0.00,3.20,213.49,66.19,6.54,8.20,91.71,0.00,2.84,213.63,76.16,24.50,28.14,93.56,0.00,8.00
2026-01-17 19:33:00,2026-01-17 19:33:59,Meter 1,213.81,109.76,12.96,13.40,98.84,0.00,1.99,213.55,56.16,6.10,6.97,90.75,0.00,2.82,213.04,75.10,8.51,9.28,95.35,0.00,2.69,213.46,80.34,27.57,29.65,94.98,0.00,7.50
2026-01-17 19:34:00,2026-01-17 19:34:59,Meter 1,213.59,118.54,14.36,14.47,99.97,0.00,0.33,213.41,93.49,10.49,11.59,91.22,0.00,4.71,213.17,65.90,7.58,8.15,94.81,0.00,2.54,213.39,92.64,32.43,34.20,95.34,0.00,7.59
2026-01-17 19:35:00,2026-01-17 19:35:59,Meter 1,213.88,61.86,6.98,7.55,99.34,0.00,0.81,213.74,73.31,8.01,9.10,90.64,0.00,3.73,213.24,61.22,6.37,7.57,94.92,0.00,2.11,213.62,65.46,21.37,24.23,94.96,0.00,6.66
2026-01-17 19:36:00,2026-01-17 19:36:59,Meter 1,214.03,78.90,8.32,9.64,99.98,0.00,-0.15,213.52,75.47,8.70,9.37,97.32,0.00,2.05,213.28,70.66,7.34,8.74,99.22,0.00,0.92,213.61,75.01,24.36,27.75,98.84,0.00,2.83
2026-01-17 19:37:00,2026-01-17 19:37:59,Meter 1,214.12,77.82,8.69,9.52,99.07,0.00,1.19,213.20,76.02,8.31,9.43,92.74,0.00,3.35,213.24,69.99,7.49,8.64,97.03,0.00,1.87,213.52,74.61,24.49,27.59,96.28,0.00,6.41
2026-01-17 19:38:00,2026-01-17 19:38:59,Meter 1,213.87,81.43,9.05,9.96,99.75,0.00,0.65,213.29,84.53,9.39,10.48,92.10,0.00,3.97,213.36,67.39,6.90,8.33,95.35,0.00,2.18,213.51,77.78,25.34,28.76,95.73,0.00,6.80
2026-01-17 19:39:00,2026-01-17 19:39:59,Meter 1,213.66,94.97,11.04,11.59,99.92,0.00,0.45,213.50,79.02,8.84,9.80,94.27,0.00,3.13,213.17,79.08,8.48,9.78,97.37,0.00,1.98,213.44,84.36,28.35,31.17,97.19,0.00,5.56
2026-01-17 19:40:00,2026-01-17 19:40:59,Meter 1,213.57,85.92,9.52,10.50,99.89,0.00,-0.45,213.54,81.39,9.39,10.09,96.72,0.00,2.47,213.46,64.93,6.53,8.04,99.32,0.00,0.76,213.52,77.41,25.44,28.62,98.64,0.00,2.78
2026-01-17 19:41:00,2026-01-17 19:41:59,Meter 1,213.61,89.52,9.61,10.93,99.97,0.00,0.22,213.74,80.17,9.11,9.94,97.08,0.00,2.25,213.45,69.32,7.12,8.58,98.76,0.00,1.13,213.60,79.67,25.84,29.46,98.61,0.00,3.60
2026-01-17 19:42:00,2026-01-17 19:42:59,Meter 1,213.56,79.61,8.89,9.72,99.93,0.00,0.34,213.91,71.29,8.48,8.84,98.32,0.00,1.57,213.50,69.26,7.81,8.58,98.29,0.00,1.47,213.66,73.39,25.18,27.15,98.84,0.00,3.38
2026-01-17 19:43:00,2026-01-17 19:43:59,Meter 1,213.31,85.93,9.65,10.48,100.00,0.00,0.02,214.15,56.00,6.45,6.94,98.11,0.00,1.27,213.46,66.83,7.35,8.29,99.02,0.00,1.04,213.64,69.59,23.45,25.72,99.04,0.00,2.33
2026-01-17 19:44:00,2026-01-17 19:44:59,Meter 1,213.66,72.25,8.20,8.81,97.70,0.00,1.79,214.04,56.69,6.24,7.04,92.49,0.00,2.56,213.14,62.31,6.51,7.72,90.88,0.00,2.99,213.62,63.75,20.95,23.57,93.69,0.00,7.34
2026-01-17 19:45:00,2026-01-17 19:45:59,Meter 1,213.48,79.47,8.65,9.69,98.34,0.00,1.60,214.03,63.90,7.04,7.93,91.67,0.00,3.07,213.30,70.46,7.04,8.73,91.27,0.00,3.15,213.61,71.28,22.73,26.35,93.76,0.00,7.82
2026-01-17 19:46:00,2026-01-17 19:46:59,Meter 1,213.61,103.15,11.58,12.58,98.63,0.00,1.93,213.94,67.36,7.35,8.36,92.33,0.00,3.06,213.07,77.43,7.85,9.58,94.54,0.00,2.71,213.54,82.65,26.79,30.53,95.17,0.00,7.70
2026-01-17 19:47:00,2026-01-17 19:47:59,Meter 1,213.43,133.03,15.44,16.21,99.90,0.00,-0.69,213.81,100.64,11.39,12.48,93.00,0.00,4.50,212.87,93.16,10.28,11.53,97.83,0.00,2.17,213.37,108.95,37.11,40.22,96.91,0.00,5.98
2026-01-17 19:48:00,2026-01-17 19:48:59,Meter 1,213.41,76.75,8.86,9.35,96.98,0.00,2.23,213.96,75.22,8.56,9.34,92.96,0.00,3.39,212.81,83.49,9.50,10.33,94.38,0.00,3.33,213.39,78.49,26.92,29.01,94.78,0.00,8.95
2026-01-17 19:49:00,2026-01-17 19:49:59,Meter 1,213.68,98.38,11.42,11.98,97.86,0.00,2.40,213.87,72.39,8.18,8.99,93.34,0.00,3.15,212.56,69.34,7.64,8.57,92.10,0.00,3.23,213.37,80.03,27.25,29.54,94.43,0.00,8.78
2026-01-17 19:50:00,2026-01-17 19:50:59,Meter 1,213.82,93.79,10.82,11.43,99.40,0.00,1.19,213.71,65.34,7.20,8.12,94.76,0.00,2.43,212.59,71.64,7.47,8.85,94.79,0.00,2.51,213.37,76.92,25.50,28.39,96.32,0.00,6.13
2026-01-17 19:51:00,2026-01-17 19:51:59,Meter 1,213.57,106.60,12.27,12.99,99.69,0.00,-0.96,213.78,80.50,9.40,9.99,98.53,0.00,1.63,212.87,74.46,8.22,9.21,98.92,0.00,1.22,213.41,87.19,29.88,32.19,99.05,0.00,1.88
2026-01-17 19:52:00,2026-01-17 19:52:59,Meter 1,213.56,81.94,9.68,10.00,99.47,0.00,-1.01,213.78,71.30,8.33,8.84,98.03,0.00,1.68,213.22,62.08,7.14,7.68,98.89,0.00,1.07,213.52,71.77,25.15,26.53,98.79,0.00,1.75
2026-01-17 19:53:00,2026-01-17 19:53:59,Meter 1,213.57,96.21,10.47,11.74,98.73,0.00,-1.69,213.73,84.85,9.83,10.52,97.88,0.00,2.06,213.15,63.76,6.57,7.89,99.92,0.00,0.26,213.48,81.61,26.88,30.15,98.84,0.00,0.63
2026-01-17 19:54:00,2026-01-17 19:54:59,Meter 1,213.54,104.74,12.26,12.77,99.19,0.00,-1.57,213.70,93.49,11.01,11.60,96.76,0.00,2.87,213.10,54.24,6.02,6.71,98.40,0.00,1.09,213.44,84.16,29.29,31.08,98.12,0.00,2.39
2026-01-17 19:55:00,2026-01-17 19:55:59,Meter 1,213.33,103.08,12.13,12.58,99.25,0.00,-1.50,213.55,94.92,11.15,11.75,96.70,0.00,2.94,213.45,56.21,6.15,6.96,97.87,0.00,1.29,213.44,84.74,29.43,31.30,97.94,0.00,2.74
2026-01-17 19:56:00,2026-01-17 19:56:59,Meter 1,213.49,81.20,9.21,9.92,99.77,0.00,-0.63,213.38,93.87,10.87,11.62,95.92,0.00,3.20,213.62,58.59,5.98,7.25,97.22,0.00,1.44,213.49,77.89,26.05,28.80,97.63,0.00,4.01
2026-01-17 19:57:00,2026-01-17 19:57:59,Meter 1,213.29,100.53,11.73,12.26,100.00,0.00,0.04,213.56,83.90,9.52,10.39,92.68,0.00,3.86,213.32,64.98,7.18,8.04,97.09,0.00,1.77,213.39,83.14,28.43,30.70,96.59,0.00,5.67
2026-01-17 19:58:00,2026-01-17 19:58:59,Meter 1,213.21,91.72,10.26,11.20,99.97,0.00,-0.26,213.54,92.53,10.45,11.45,93.03,0.00,4.12,213.67,64.78,6.44,8.03,97.28,0.00,1.53,213.47,83.01,27.16,30.68,96.76,0.00,5.40
2026-01-17 19:59:00,2026-01-17 19:59:59,Meter 1,213.33,100.78,12.16,12.30,99.96,0.00,0.35,213.47,111.26,12.35,13.78,90.13,0.00,5.93,213.38,55.84,6.14,6.91,92.01,0.00,2.61,213.39,89.29,30.65,32.99,94.03,0.00,8.90
2026-01-17 20:00:00,2026-01-17 20:00:59,Meter 1,213.53,114.14,11.01,13.94,98.94,0.00,-1.61,213.71,96.33,10.92,11.94,95.95,0.00,3.21,213.42,66.81,6.35,8.27,96.54,0.00,1.72,213.55,92.43,28.29,34.15,97.14,0.00,3.31
2026-01-17 20:01:00,2026-01-17 20:01:59,Meter 1,213.49,91.01,10.01,11.11,97.97,0.00,-2.05,213.57,68.23,7.87,8.46,96.54,0.00,2.12,213.39,49.40,4.85,6.11,97.77,0.00,1.04,213.49,69.55,22.72,25.68,97.42,0.00,1.12
2026-01-17 20:02:00,2026-01-17 20:02:59,Meter 1,213.70,99.71,8.49,12.18,95.18,0.00,-2.74,213.60,86.50,10.11,10.73,98.94,0.00,1.48,213.39,61.00,5.60,7.55,98.98,0.00,0.81,213.56,82.40,24.21,30.46,97.70,0.00,-0.45
2026-01-17 20:03:00,2026-01-17 20:03:59,Meter 1,213.97,99.43,8.73,12.14,99.37,0.00,-0.98,213.74,81.50,9.25,10.13,99.47,0.00,0.96,212.98,72.70,6.50,8.99,98.08,0.00,1.29,213.56,84.54,24.47,31.25,98.97,0.00,1.27
2026-01-17 20:04:00,2026-01-17 20:04:59,Meter 1,214.06,75.44,6.44,9.21,99.12,0.00,-0.86,213.76,68.24,7.81,8.48,97.47,0.00,1.79,213.05,47.29,4.33,5.85,92.33,0.00,1.80,213.62,63.66,18.58,23.54,96.30,0.00,2.73
2026-01-17 20:05:00,2026-01-17 20:05:59,Meter 1,214.15,116.68,10.92,14.26,96.22,0.00,-3.09,213.93,99.14,11.70,12.32,99.85,0.00,-0.64,213.25,92.12,10.51,11.40,99.03,0.00,-1.48,213.78,102.64,33.12,37.98,98.36,0.00,-5.21
2026-01-17 20:06:00,2026-01-17 20:06:59,Meter 1,213.90,104.31,11.71,12.74,99.05,0.00,-1.63,213.71,88.78,10.33,11.02,99.97,0.00,-0.26,213.21,99.63,10.67,12.32,100.00,0.00,0.03,213.61,97.57,32.71,36.09,99.67,0.00,-1.86
2026-01-17 20:07:00,2026-01-17 20:07:59,Meter 1,214.16,86.26,9.59,10.56,99.87,0.00,-0.50,213.42,79.37,9.14,9.85,95.24,0.00,2.92,213.64,55.28,4.89,6.84,90.83,0.00,2.25,213.74,73.64,23.62,27.25,95.31,0.00,4.68
2026-01-17 20:08:00,2026-01-17 20:08:59,Meter 1,213.98,94.50,10.56,11.56,99.29,0.00,-1.27,213.68,79.13,9.47,9.82,98.91,0.00,1.41,213.73,58.33,6.04,7.22,99.99,0.00,0.10,213.80,77.32,26.07,28.61,99.39,0.00,0.25
2026-01-17 20:09:00,2026-01-17 20:09:59,Meter 1,214.33,116.68,12.30,14.27,99.08,0.00,-1.68,213.97,92.03,10.89,11.44,99.73,0.00,-0.80,213.45,89.33,9.22,11.06,97.82,0.00,-1.96,213.92,99.35,32.42,36.78,98.88,0.00,-4.43
2026-01-17 20:10:00,2026-01-17 20:10:59,Meter 1,214.21,91.11,8.02,11.14,97.75,0.00,-1.73,213.80,71.76,8.42,8.92,99.64,0.00,-0.72,213.40,78.45,7.76,9.71,98.20,0.00,-1.49,213.80,80.44,24.20,29.77,98.53,0.00,-3.95
2026-01-17 20:11:00,2026-01-17 20:11:59,Meter 1,213.98,116.52,10.75,14.24,99.41,0.00,-1.17,213.65,86.21,9.89,10.70,99.98,0.00,0.21,213.27,99.00,9.96,12.24,99.86,0.00,0.53,213.63,100.58,30.60,37.19,99.75,0.00,-0.43
2026-01-17 20:12:00,2026-01-17 20:12:59,Meter 1,214.11,76.29,8.53,9.34,97.82,0.00,-1.81,213.45,75.92,9.09,9.42,98.99,0.00,1.30,213.59,50.04,5.17,6.19,99.77,0.00,0.35,213.71,67.41,22.79,24.95,98.86,0.00,-0.15
2026-01-17 20:13:00,2026-01-17 20:13:59,Meter 1,214.14,82.43,9.17,10.09,97.39,0.00,-2.14,213.65,75.61,9.19,9.39,99.98,0.00,-0.16,213.52,56.83,6.60,7.03,98.98,0.00,-0.95,213.77,71.62,24.96,26.51,98.78,0.00,-3.25
2026-01-17 20:14:00,2026-01-17 20:14:59,Meter 1,213.87,88.06,8.53,10.76,99.96,0.00,-0.23,213.48,74.63,8.35,9.26,95.06,0.00,2.73,213.39,57.87,4.86,7.16,92.46,0.00,2.00,213.58,73.52,21.74,27.18,95.83,0.00,4.50
2026-01-17 20:15:00,2026-01-17 20:15:59,Meter 1,214.04,113.49,11.91,13.89,99.40,0.00,-1.31,213.64,79.46,9.12,9.86,98.71,0.00,-1.48,213.61,79.87,7.44,9.89,97.46,0.00,-1.71,213.76,90.94,28.47,33.64,98.52,0.00,-4.51
2026-01-17 20:16:00,2026-01-17 20:16:59,Meter 1,213.97,112.21,11.18,13.73,99.87,0.00,-0.58,213.76,93.83,10.69,11.65,100.00,0.00,-0.05,213.69,79.68,8.73,9.87,99.60,0.00,-0.78,213.81,95.24,30.59,35.24,99.82,0.00,-1.42
2026-01-17 20:17:00,2026-01-17 20:17:59,Meter 1,214.18,106.73,12.04,13.07,99.59,0.00,-1.10,213.72,96.66,11.36,12.00,99.97,0.00,-0.28,213.76,85.55,9.47,10.60,99.53,0.00,-0.93,213.89,96.32,32.87,35.67,99.69,0.00,-2.30
2026-01-17 20:18:00,2026-01-17 20:18:59,Meter 1,213.92,56.26,6.42,6.89,98.54,0.00,1.11,213.60,64.86,7.37,8.05,94.36,0.00,2.59,213.79,40.76,4.10,5.05,88.12,0.00,2.20,213.77,53.96,17.89,19.98,93.67,0.00,5.90
2026-01-17 20:19:00,2026-01-17 20:19:59,Meter 1,213.94,103.54,11.22,12.66,99.86,0.00,-0.60,213.95,81.55,9.30,10.13,98.35,0.00,-1.71,213.70,92.77,10.33,11.50,98.91,0.00,-1.54,213.86,92.62,30.85,34.29,99.04,0.00,-3.85
2026-01-17 20:20:00,2026-01-17 20:20:59,Meter 1,214.12,84.29,9.06,10.31,99.04,0.00,-1.26,213.83,73.80,8.81,9.17,100.00,0.00,0.01,213.59,68.77,7.95,8.52,98.88,0.00,-1.20,213.85,75.62,25.83,28.00,99.31,0.00,-2.45
2026-01-17 20:21:00,2026-01-17 20:21:59,Meter 1,213.94,73.84,8.25,9.02,99.81,0.00,0.50,213.96,72.29,8.38,8.98,96.58,0.00,2.25,213.27,59.69,6.88,7.39,96.52,0.00,1.86,213.72,68.61,23.51,25.39,97.64,0.00,4.62
2026-01-17 20:22:00,2026-01-17 20:22:59,Meter 1,213.83,80.15,7.67,9.80,98.11,0.00,-1.51,214.09,80.22,9.43,9.96,99.71,0.00,-0.72,213.65,82.48,8.43,10.23,99.45,0.00,-0.89,213.86,80.95,25.53,29.99,99.09,0.00,-3.12
2026-01-17 20:23:00,2026-01-17 20:23:59,Meter 1,214.09,84.92,10.12,10.38,99.89,0.00,-0.47,213.85,77.79,9.36,9.66,99.82,0.00,-0.57,213.37,84.84,10.22,10.50,99.98,0.00,0.19,213.77,82.52,29.71,30.55,99.90,0.00,-0.85
2026-01-17 20:24:00,2026-01-17 20:24:59,Meter 1,214.10,90.04,10.78,11.01,99.87,0.00,-0.55,213.91,78.90,9.53,9.80,99.92,0.00,-0.37,213.43,83.51,10.10,10.34,99.78,0.00,0.67,213.81,84.15,30.41,31.15,99.86,0.00,-0.25
2026-01-17 20:25:00,2026-01-17 20:25:59,Meter 1,214.10,88.71,7.85,10.84,99.22,0.00,-0.98,213.78,67.31,7.67,8.36,99.69,0.00,0.60,213.31,71.00,7.66,8.78,99.22,0.00,0.96,213.73,75.67,23.18,27.99,99.38,0.00,0.58
2026-01-17 20:26:00,2026-01-17 20:26:59,Meter 1,213.97,92.56,10.08,11.31,99.53,0.00,-0.98,214.01,77.50,8.74,9.63,99.09,0.00,-1.19,213.43,94.34,10.26,11.69,100.00,0.00,0.10,213.80,88.13,29.08,32.63,99.54,0.00,-2.07
2026-01-17 20:27:00,2026-01-17 20:27:59,Meter 1,214.12,94.67,8.72,11.58,99.84,0.00,0.49,213.72,66.83,6.86,8.30,97.85,0.00,1.45,213.41,76.86,7.33,9.51,91.34,0.00,3.26,213.75,79.45,22.92,29.39,96.34,0.00,5.20
2026-01-17 20:28:00,2026-01-17 20:28:59,Meter 1,213.75,98.62,10.27,12.05,98.98,0.00,-1.48,213.66,64.36,7.37,7.98,96.22,0.00,2.08,213.50,61.60,5.49,7.63,91.52,0.00,2.42,213.63,74.86,23.13,27.66,95.57,0.00,3.02
2026-01-17 20:29:00,2026-01-17 20:29:59,Meter 1,213.69,102.05,11.50,12.46,98.99,0.00,1.65,213.80,64.98,7.45,8.06,97.13,0.00,1.83,213.31,54.84,5.19,6.79,87.72,0.00,2.84,213.60,73.96,24.15,27.31,94.61,0.00,6.32
2026-01-17 20:30:00,2026-01-17 20:30:59,Meter 1,213.82,112.53,10.37,13.74,99.50,0.00,1.04,213.79,69.97,7.59,8.69,98.73,0.00,1.22,213.32,64.81,5.66,8.02,94.46,0.00,1.97,213.64,82.44,23.62,30.45,97.56,0.00,4.23
2026-01-17 20:31:00,2026-01-17 20:31:59,Meter 1,214.03,89.85,8.02,10.99,99.79,0.00,-0.52,213.86,68.82,8.05,8.55,99.59,0.00,0.73,213.54,56.74,5.60,7.03,96.94,0.00,1.42,213.81,71.80,21.67,26.56,98.78,0.00,1.63
2026-01-17 20:32:00,2026-01-17 20:32:59,Meter 1,214.26,89.32,9.22,10.93,99.78,0.00,-0.62,214.03,71.55,8.09,8.90,98.25,0.00,-1.53,213.49,76.60,7.76,9.49,100.00,0.00,0.05,213.93,79.16,25.07,29.31,99.34,0.00,-2.11
2026-01-17 20:33:00,2026-01-17 20:33:59,Meter 1,213.77,79.38,9.09,9.70,99.62,0.00,-0.80,213.78,78.93,9.19,9.79,96.18,0.00,2.62,213.52,51.48,5.45,6.38,91.18,0.00,2.45,213.69,69.93,23.72,25.87,95.66,0.00,4.27
2026-01-17 20:34:00,2026-01-17 20:34:59,Meter 1,213.92,125.05,12.68,15.28,99.37,0.00,-1.43,213.73,86.58,10.05,10.75,99.87,0.00,-0.51,213.36,89.12,9.49,11.03,99.98,0.00,0.19,213.67,100.25,32.22,37.06,99.74,0.00,-1.74
2026-01-17 20:35:00,2026-01-17 20:35:59,Meter 1,213.87,70.61,7.61,8.63,99.45,0.00,0.80,213.58,70.17,7.87,8.70,95.74,0.00,2.37,213.57,61.79,6.76,7.65,92.13,0.00,2.85,213.67,67.52,22.25,24.99,95.78,0.00,6.03
2026-01-17 20:36:00,2026-01-17 20:36:59,Meter 1,213.99,99.36,9.76,12.16,98.84,0.00,-1.50,213.89,77.81,8.88,9.66,98.50,0.00,-1.56,213.73,98.50,10.87,12.21,99.67,0.00,-0.89,213.87,91.89,29.51,34.03,99.00,0.00,-3.95
2026-01-17 20:37:00,2026-01-17 20:37:59,Meter 1,213.78,122.84,14.16,15.02,97.72,0.00,-3.08,213.67,111.22,13.41,13.79,99.73,0.00,0.98,213.56,96.54,11.19,11.96,99.40,0.00,-1.23,213.67,110.20,38.76,40.77,98.95,0.00,-3.32
2026-01-17 20:38:00,2026-01-17 20:38:59,Meter 1,214.17,102.38,11.07,12.51,97.87,0.00,-2.32,214.05,78.34,9.13,9.74,99.43,0.00,-0.98,213.35,78.04,7.97,9.67,96.03,0.00,-2.32,213.86,86.25,28.16,31.92,97.78,0.00,-5.62
2026-01-17 20:39:00,2026-01-17 20:39:59,Meter 1,213.97,92.22,10.19,11.26,99.72,0.00,-0.76,213.87,72.31,8.41,8.98,99.87,0.00,0.42,213.24,70.04,7.35,8.67,99.96,0.00,-0.21,213.69,78.19,25.95,28.92,99.85,0.00,-0.55
2026-01-17 20:40:00,2026-01-17 20:40:59,Meter 1,214.09,109.79,12.20,13.41,99.79,0.00,-0.80,213.94,90.21,10.71,11.22,99.31,0.00,1.26,213.19,63.76,7.42,7.89,99.99,0.00,-0.10,213.74,87.92,30.33,32.52,99.70,0.00,0.36
2026-01-17 20:41:00,2026-01-17 20:41:59,Meter 1,214.19,98.39,11.72,12.02,99.79,0.00,-0.76,213.79,86.73,10.50,10.78,99.90,0.00,-0.46,213.10,75.99,8.72,9.40,99.12,0.00,-1.17,213.69,87.04,30.95,32.20,99.60,0.00,-2.39
2026-01-17 20:42:00,2026-01-17 20:42:59,Meter 1,213.94,100.42,9.32,12.26,99.80,0.00,-0.58,213.92,74.30,8.50,9.23,99.29,0.00,1.02,213.08,55.81,5.11,6.91,99.86,0.00,0.27,213.65,76.84,22.93,28.40,99.65,0.00,0.71
2026-01-17 20:43:00,2026-01-17 20:43:59,Meter 1,213.66,102.81,10.23,12.54,99.84,0.00,0.58,213.85,79.19,8.91,9.83,96.15,0.00,2.55,213.15,61.47,6.75,7.61,97.63,0.00,1.50,213.55,81.16,25.89,29.98,97.87,0.00,4.62
2026-01-17 20:44:00,2026-01-17 20:44:59,Meter 1,213.67,110.22,9.62,13.46,99.92,0.00,-0.39,213.60,86.91,9.83,10.78,98.56,0.00,1.69,213.43,69.00,6.88,8.54,99.73,0.00,0.50,213.57,88.71,26.34,32.78,99.40,0.00,1.80
2026-01-17 20:45:00,2026-01-17 20:45:59,Meter 1,213.58,129.77,15.09,15.86,96.56,0.00,-4.06,213.75,117.77,14.37,14.60,99.69,0.00,1.14,213.70,82.67,9.59,10.25,98.64,0.00,-1.60,213.68,110.07,39.06,40.70,98.29,0.00,-4.52
2026-01-17 20:46:00,2026-01-17 20:46:59,Meter 1,213.61,93.23,10.36,11.39,99.00,0.00,-1.47,213.51,86.52,10.37,10.72,98.13,0.00,2.03,213.55,55.10,5.94,6.82,99.96,0.00,0.16,213.56,78.28,26.67,28.94,99.03,0.00,0.72
2026-01-17 20:47:00,2026-01-17 20:47:59,Meter 1,213.97,97.62,11.59,11.93,99.53,0.00,-1.12,213.58,90.00,10.99,11.17,99.89,0.00,0.52,213.34,66.54,7.90,8.23,99.50,0.00,-0.79,213.63,84.72,30.49,31.33,99.64,0.00,-1.40
2026-01-17 20:48:00,2026-01-17 20:48:59,Meter 1,213.75,76.75,8.47,9.37,99.70,0.00,-0.65,213.87,81.64,9.93,10.13,99.58,0.00,0.91,213.36,75.17,8.84,9.31,99.99,0.00,-0.11,213.66,77.86,27.24,28.82,99.76,0.00,0.15
2026-01-17 20:49:00,2026-01-17 20:49:59,Meter 1,213.86,106.77,9.44,13.06,97.01,0.00,-2.36,213.70,87.69,10.47,10.88,99.98,0.00,0.23,213.77,75.46,7.60,9.35,96.84,0.00,-1.96,213.78,89.97,27.51,33.29,97.94,0.00,-4.09
2026-01-17 20:51:00,2026-01-17 20:51:59,Meter 1,213.44,102.75,11.00,12.56,97.53,0.00,-2.49,213.64,85.06,10.29,10.53,99.76,0.00,-0.72,213.81,75.70,8.56,9.39,96.91,0.00,-2.18,213.63,87.84,29.86,32.48,98.06,0.00,-5.39
2026-01-17 20:52:00,2026-01-17 20:52:59,Meter 1,213.82,87.86,8.04,10.75,96.75,0.00,-2.10,213.30,86.86,9.93,10.76,96.37,0.00,2.75,213.69,60.23,6.31,7.45,98.80,0.00,0.99,213.60,78.32,24.28,28.97,97.31,0.00,1.63
2026-01-17 20:53:00,2026-01-17 20:53:59,Meter 1,213.39,130.88,14.59,15.98,99.37,0.00,-1.65,213.52,104.15,12.21,12.90,98.20,0.00,2.35,213.46,79.89,9.10,9.89,98.58,0.00,1.55,213.46,104.98,35.89,38.77,98.71,0.00,2.25
2026-01-17 20:54:00,2026-01-17 20:54:59,Meter 1,213.72,117.04,12.80,14.30,97.92,0.00,-2.65,213.72,104.34,12.58,12.94,99.85,0.00,0.70,213.53,79.81,8.82,9.88,99.24,0.00,-1.10,213.66,100.40,34.20,37.13,99.00,0.00,-3.05
2026-01-17 20:55:00,2026-01-17 20:55:59,Meter 1,213.76,110.71,11.12,13.53,97.16,0.00,-2.71,213.85,94.66,11.35,11.75,99.97,0.00,-0.30,213.46,82.70,9.12,10.25,99.39,0.00,-1.01,213.69,96.02,31.59,35.52,98.84,0.00,-4.01
2026-01-17 20:56:00,2026-01-17 20:56:59,Meter 1,213.86,92.73,9.06,11.32,98.11,0.00,-1.79,213.90,74.29,8.59,9.23,98.83,0.00,1.33,213.26,71.07,7.09,8.80,98.87,0.00,1.08,213.67,79.36,24.74,29.35,98.60,0.00,0.61
2026-01-17 20:57:00,2026-01-17 20:57:59,Meter 1,213.79,113.70,11.23,13.89,98.20,0.00,-2.16,214.01,69.11,8.07,8.58,99.88,0.00,0.40,213.38,76.92,8.76,9.53,99.73,0.00,0.64,213.73,86.58,28.05,32.00,99.27,0.00,-1.12
2026-01-17 20:58:00,2026-01-17 20:58:59,Meter 1,213.56,110.49,12.52,13.50,98.90,0.00,-1.87,213.98,66.88,7.91,8.30,99.83,0.00,0.46,213.58,75.13,8.19,9.32,99.48,0.00,-0.84,213.71,84.17,28.61,31.11,99.40,0.00,-2.25
2026-01-17 20:59:00,2026-01-17 20:59:59,Meter 1,213.90,92.22,11.06,11.27,99.99,0.00,-0.13,214.05,68.21,8.10,8.47,98.84,0.00,1.24,213.47,72.35,8.64,8.97,99.38,0.00,0.97,213.81,77.59,27.80,28.71,99.41,0.00,2.08
2026-01-17 21:00:00,2026-01-17 21:00:59,Meter 1,213.99,76.54,8.61,9.35,97.52,0.00,1.96,213.85,65.80,7.06,8.17,88.36,0.00,3.74,213.33,57.62,5.97,7.13,90.97,0.00,2.73,213.72,66.65,21.64,24.66,92.28,0.00,8.43
2026-01-17 21:01:00,2026-01-17 21:01:59,Meter 1,213.93,74.83,8.13,9.15,96.80,0.00,2.11,213.92,55.73,5.80,6.92,89.69,0.00,2.86,213.46,72.29,7.51,8.95,93.57,0.00,2.83,213.77,67.62,21.44,25.02,93.35,0.00,7.80
2026-01-17 21:02:00,2026-01-17 21:02:59,Meter 1,213.67,77.75,9.20,9.50,99.11,0.00,1.24,214.01,57.76,6.41,7.17,92.80,0.00,2.57,213.55,69.30,8.01,8.59,95.64,0.00,2.44,213.74,68.27,23.62,25.26,95.85,0.00,6.26
2026-01-17 21:03:00,2026-01-17 21:03:59,Meter 1,213.45,97.99,11.18,11.96,98.97,0.00,1.62,213.87,75.57,8.61,9.37,94.65,0.00,2.93,213.48,67.94,6.99,8.42,94.51,0.00,2.42,213.60,80.50,26.78,29.75,96.04,0.00,6.97
2026-01-17 21:04:00,2026-01-17 21:04:59,Meter 1,213.67,107.59,12.82,13.14,98.68,0.00,2.10,213.81,73.44,8.45,9.11,94.13,0.00,3.03,213.48,57.75,6.60,7.15,95.89,0.00,1.95,213.65,79.59,27.88,29.41,96.24,0.00,7.09
2026-01-17 21:05:00,2026-01-17 21:05:59,Meter 1,213.88,86.94,10.36,10.63,99.94,0.00,-0.37,213.89,74.47,8.92,9.24,99.16,0.00,1.16,213.55,59.63,6.88,7.39,100.00,0.00,0.01,213.77,73.68,26.15,27.26,99.70,0.00,0.80
2026-01-17 21:06:00,2026-01-17 21:06:59,Meter 1,213.87,73.36,8.42,8.97,99.46,0.00,0.88,213.87,73.78,8.30,9.16,92.62,0.00,3.38,213.58,57.70,6.04,7.15,93.74,0.00,2.25,213.77,68.28,22.76,25.28,95.27,0.00,6.50
2026-01-17 21:08:00,2026-01-17 21:08:59,Meter 1,213.87,84.30,9.19,10.31,99.80,0.00,0.58,213.62,72.74,8.21,9.02,97.14,0.00,2.01,213.46,75.82,7.76,9.38,97.65,0.00,1.71,213.65,77.62,25.16,28.71,98.20,0.00,4.30
2026-01-17 21:09:00,2026-01-17 21:09:59,Meter 1,213.84,71.92,7.58,8.79,99.84,0.00,0.42,213.59,73.52,8.21,9.12,94.94,0.00,2.71,213.38,76.86,7.73,9.51,93.92,0.00,2.83,213.60,74.10,23.52,27.42,96.24,0.00,5.96
2026-01-17 21:10:00,2026-01-17 21:10:59,Meter 1,213.92,86.72,9.81,10.59,98.25,0.00,1.86,213.53,71.26,7.78,8.85,90.74,0.00,3.61,213.12,83.71,9.01,10.35,93.78,0.00,3.33,213.52,80.56,26.60,29.78,94.26,0.00,8.80
2026-01-17 21:11:00,2026-01-17 21:11:59,Meter 1,214.01,79.73,9.10,9.74,97.87,0.00,1.91,213.70,63.86,7.06,7.93,92.87,0.00,2.82,213.16,80.97,9.21,10.01,95.12,0.00,2.99,213.62,74.85,25.37,27.68,95.28,0.00,7.72
2026-01-17 21:12:00,2026-01-17 21:12:59,Meter 1,213.88,111.53,13.09,13.61,99.55,0.00,1.24,213.71,56.06,5.86,6.96,98.08,0.00,1.17,213.07,68.25,7.28,8.44,98.85,0.00,1.12,213.55,78.62,26.23,29.02,98.83,0.00,3.52
2026-01-17 21:13:00,2026-01-17 21:13:59,Meter 1,213.84,113.56,13.20,13.86,98.89,0.00,1.98,213.70,65.52,6.93,8.14,93.02,0.00,2.74,213.03,74.56,7.43,9.22,93.76,0.00,2.76,213.53,84.55,27.56,31.21,95.22,0.00,7.48
2026-01-17 21:14:00,2026-01-17 21:14:59,Meter 1,213.67,128.26,15.49,15.66,99.86,0.00,0.82,213.42,87.46,9.47,10.84,88.71,0.00,4.92,213.09,67.96,7.64,8.40,93.41,0.00,2.92,213.40,94.56,32.60,34.90,93.99,0.00,8.66
2026-01-17 21:15:00,2026-01-17 21:15:59,Meter 1,214.06,105.43,12.07,12.89,98.24,0.00,2.30,213.55,60.73,6.44,7.54,89.69,0.00,3.17,213.20,62.37,6.65,7.71,94.25,0.00,2.36,213.61,76.18,25.16,28.13,94.06,0.00,7.83
2026-01-17 21:16:00,2026-01-17 21:16:59,Meter 1,214.00,96.82,10.86,11.84,97.89,0.00,2.27,213.67,51.10,5.46,6.34,91.10,0.00,2.47,213.49,61.07,6.23,7.56,94.22,0.00,2.21,213.72,69.66,22.55,25.74,94.40,0.00,6.95
2026-01-17 21:17:00,2026-01-17 21:17:59,Meter 1,213.88,110.72,12.48,13.54,99.01,0.00,1.77,213.80,65.28,7.34,8.10,94.45,0.00,2.55,213.55,58.24,5.89,7.21,95.80,0.00,1.76,213.74,78.08,25.71,28.85,96.42,0.00,6.08
2026-01-17 21:18:00,2026-01-17 21:18:59,Meter 1,213.90,88.19,9.99,10.78,99.43,0.00,1.07,213.72,68.91,8.06,8.55,97.71,0.00,1.75,213.41,76.81,8.93,9.51,99.22,0.00,1.12,213.68,77.97,26.98,28.84,98.79,0.00,3.95
2026-01-17 21:19:00,2026-01-17 21:19:59,Meter 1,213.67,95.66,11.52,11.68,99.79,0.00,0.74,213.94,68.05,8.19,8.45,98.48,0.00,1.44,213.44,76.78,9.25,9.51,99.49,0.00,0.93,213.68,80.16,28.96,29.64,99.26,0.00,3.12
2026-01-17 21:20:00,2026-01-17 21:20:59,Meter 1,213.93,97.79,11.19,11.95,99.47,0.00,1.16,213.86,72.55,8.34,9.01,96.26,0.00,2.35,213.43,76.31,8.34,9.45,98.14,0.00,1.63,213.74,82.21,27.87,30.41,97.95,0.00,5.14
2026-01-17 21:21:00,2026-01-17 21:21:59,Meter 1,213.83,123.21,14.52,15.04,99.65,0.00,1.22,213.82,79.22,8.87,9.84,94.81,0.00,2.98,213.13,68.53,7.01,8.48,95.62,0.00,2.15,213.60,90.32,30.39,33.36,96.69,0.00,6.34
2026-01-17 21:22:00,2026-01-17 21:22:59,Meter 1,213.84,121.20,14.45,14.81,99.22,0.00,1.82,213.71,75.56,8.50,9.38,94.76,0.00,2.87,213.37,74.46,8.04,9.21,95.73,0.00,2.43,213.64,90.41,31.00,33.40,96.57,0.00,7.11
2026-01-17 21:23:00,2026-01-17 21:23:59,Meter 1,213.72,124.26,14.69,15.19,99.84,0.00,0.83,213.60,75.85,8.89,9.40,97.55,0.00,2.01,213.67,69.16,7.59,8.57,99.18,0.00,0.98,213.66,89.76,31.17,33.16,98.86,0.00,3.81
2026-01-17 21:24:00,2026-01-17 21:24:59,Meter 1,213.52,120.11,13.84,14.69,99.98,0.00,-0.29,213.48,78.71,9.03,9.75,95.69,0.00,2.74,213.83,65.30,6.53,8.09,97.45,0.00,1.50,213.61,88.04,29.41,32.52,97.71,0.00,3.96
2026-01-17 21:25:00,2026-01-17 21:25:59,Meter 1,213.93,117.48,14.21,14.38,99.90,0.00,0.63,213.72,61.81,6.92,7.67,93.33,0.00,2.66,213.82,59.62,6.89,7.39,97.15,0.00,1.68,213.82,79.64,28.03,29.43,96.79,0.00,4.98
2026-01-17 21:26:00,2026-01-17 21:26:59,Meter 1,213.75,123.35,14.58,15.09,99.75,0.00,1.03,213.92,62.77,6.81,7.79,96.47,0.00,1.86,213.91,71.63,7.36,8.89,97.80,0.00,1.57,213.86,85.92,28.75,31.76,98.01,0.00,4.46
2026-01-17 21:27:00,2026-01-17 21:27:59,Meter 1,213.58,147.58,17.84,18.04,99.82,0.00,-1.08,213.92,85.16,9.92,10.56,96.17,0.00,2.83,213.73,79.39,9.56,9.85,99.59,0.00,0.87,213.74,104.04,37.32,38.44,98.53,0.00,2.61
2026-01-17 21:28:00,2026-01-17 21:28:59,Meter 1,213.62,100.26,11.43,12.26,99.50,0.00,1.14,214.08,69.88,7.78,8.67,92.87,0.00,3.11,213.86,74.72,8.59,9.28,98.08,0.00,1.71,213.85,81.62,27.80,30.20,96.82,0.00,5.96
2026-01-17 21:29:00,2026-01-17 21:29:59,Meter 1,213.60,113.97,13.24,13.93,99.70,0.00,1.03,214.01,65.29,7.19,8.10,92.13,0.00,3.03,213.89,66.81,6.81,8.29,95.42,0.00,2.13,213.83,82.02,27.24,30.32,95.75,0.00,6.20
2026-01-17 21:30:00,2026-01-17 21:30:59,Meter 1,213.58,124.81,14.44,15.25,99.73,0.00,1.07,214.05,83.58,9.48,10.37,94.87,0.00,3.16,213.80,75.18,7.95,9.33,96.53,0.00,2.15,213.81,94.52,31.87,34.95,97.04,0.00,6.38
2026-01-17 21:31:00,2026-01-17 21:31:59,Meter 1,213.89,110.57,13.29,13.52,99.82,0.00,0.80,213.97,81.25,9.59,10.09,98.00,0.00,1.95,213.73,76.04,8.81,9.43,99.24,0.00,1.09,213.86,89.29,31.69,33.04,99.02,0.00,3.84
2026-01-17 21:32:00,2026-01-17 21:32:59,Meter 1,214.03,80.81,9.70,9.90,99.95,0.00,0.32,214.16,63.80,7.69,7.92,99.15,0.00,1.01,214.04,65.07,7.81,8.08,99.64,0.00,0.66,214.08,69.89,25.20,25.90,99.58,0.00,1.99
2026-01-17 21:33:00,2026-01-17 21:33:59,Meter 1,214.19,75.90,8.67,9.29,99.64,0.00,0.73,214.14,59.00,6.95,7.34,97.97,0.00,1.42,213.78,72.76,8.21,9.02,98.82,0.00,1.28,214.04,69.22,23.83,25.65,98.81,0.00,3.43
2026-01-17 21:34:00,2026-01-17 21:34:59,Meter 1,214.07,103.39,12.41,12.65,99.99,0.00,-0.18,214.13,61.79,7.35,7.68,99.98,0.00,0.13,213.71,76.67,9.20,9.51,99.98,0.00,0.20,213.97,80.62,28.96,29.84,99.98,0.00,0.15
2026-01-17 21:35:00,2026-01-17 21:35:59,Meter 1,214.21,87.95,10.44,10.77,99.21,0.00,1.32,213.99,58.95,6.81,7.33,94.78,0.00,2.29,213.82,54.28,6.01,6.73,93.61,0.00,2.26,214.00,67.06,23.26,24.82,95.87,0.00,5.87
2026-01-17 21:36:00,2026-01-17 21:36:59,Meter 1,214.09,111.55,13.24,13.65,99.92,0.00,-0.54,214.01,81.92,9.45,10.18,96.12,0.00,2.71,213.82,66.54,7.40,8.25,98.21,0.00,1.42,213.98,86.67,30.09,32.08,98.08,0.00,3.59
2026-01-17 21:37:00,2026-01-17 21:37:59,Meter 1,214.06,91.98,10.96,11.26,99.37,0.00,1.23,214.29,69.88,8.11,8.69,95.65,0.00,2.47,213.86,60.73,6.89,7.54,94.99,0.00,2.27,214.07,74.20,25.96,27.48,96.67,0.00,5.97
2026-01-17 21:38:00,2026-01-17 21:38:59,Meter 1,213.83,111.23,13.45,13.60,99.93,0.00,0.50,214.21,78.16,9.37,9.71,98.03,0.00,1.89,213.87,65.80,7.77,8.17,98.71,0.00,1.26,213.97,85.06,30.59,31.48,98.89,0.00,3.65
2026-01-17 21:39:00,2026-01-17 21:39:59,Meter 1,214.12,108.11,12.82,13.22,99.29,0.00,1.54,214.25,62.65,7.02,7.79,94.86,0.00,2.34,213.56,71.54,8.04,8.87,95.43,0.00,2.52,213.98,80.77,27.88,29.88,96.53,0.00,6.40
2026-01-17 21:40:00,2026-01-17 21:40:59,Meter 1,214.17,78.65,9.02,9.61,98.43,0.00,1.62,214.29,64.64,7.13,8.04,90.35,0.00,3.38,213.39,84.53,9.65,10.48,95.36,0.00,3.05,213.95,75.94,25.80,28.13,94.71,0.00,8.04
2026-01-17 21:41:00,2026-01-17 21:41:59,Meter 1,214.00,103.37,11.92,12.64,99.99,0.00,-0.19,214.28,63.73,7.27,7.92,97.81,0.00,1.55,213.78,87.40,9.92,10.85,99.51,0.00,0.99,214.02,84.83,29.11,31.41,99.10,0.00,2.35
2026-01-17 21:42:00,2026-01-17 21:42:59,Meter 1,214.15,79.54,8.85,9.74,99.16,0.00,1.15,214.13,59.64,6.53,7.41,92.69,0.00,2.64,213.91,71.36,7.51,8.85,95.57,0.00,2.31,214.06,70.18,22.89,26.00,95.81,0.00,6.11
2026-01-17 21:43:00,2026-01-17 21:43:59,Meter 1,214.18,81.71,9.71,10.01,99.86,0.00,0.51,214.10,55.15,6.17,6.85,95.83,0.00,1.84,214.09,69.41,8.08,8.61,97.77,0.00,1.73,214.12,68.76,23.96,25.48,97.82,0.00,4.08
2026-01-17 21:44:00,2026-01-17 21:44:59,Meter 1,214.30,76.59,8.93,9.37,99.14,0.00,1.18,214.13,70.91,8.10,8.82,93.32,0.00,3.12,213.66,59.64,6.21,7.39,90.55,0.00,2.91,214.03,69.05,23.24,25.59,94.34,0.00,7.20
2026-01-17 21:46:00,2026-01-17 21:46:59,Meter 1,213.68,100.18,11.28,12.25,99.64,0.00,-0.96,214.38,90.75,10.45,11.27,97.11,0.00,2.57,214.18,59.67,6.29,7.42,99.79,0.00,0.40,214.08,83.53,28.02,30.94,98.85,0.00,2.01
2026-01-17 21:47:00,2026-01-17 21:47:59,Meter 1,213.76,106.72,11.76,13.06,99.29,0.00,1.41,214.27,73.38,8.53,9.11,98.26,0.00,1.61,214.14,70.74,7.58,8.79,98.76,0.00,1.21,214.06,83.61,27.87,30.96,98.77,0.00,4.23
2026-01-17 21:48:00,2026-01-17 21:48:59,Meter 1,213.74,114.29,13.58,13.99,99.42,0.00,1.47,214.23,71.59,8.35,8.88,98.61,0.00,1.41,214.22,69.82,7.74,8.68,98.77,0.00,1.23,214.06,85.23,29.67,31.55,98.93,0.00,4.10
2026-01-17 21:49:00,2026-01-17 21:49:59,Meter 1,213.87,89.34,10.18,10.93,98.40,0.00,1.84,214.25,75.95,8.77,9.43,98.17,0.00,1.70,213.93,88.27,10.12,10.96,97.71,0.00,2.20,214.02,84.52,29.07,31.32,98.09,0.00,5.75
2026-01-17 21:50:00,2026-01-17 21:50:59,Meter 1,213.83,118.83,13.61,14.53,99.58,0.00,1.25,214.09,112.65,13.16,13.99,97.75,0.00,2.84,213.71,105.18,11.93,13.04,96.78,0.00,3.10,213.87,112.22,38.70,41.56,98.04,0.00,7.19
2026-01-17 21:51:00,2026-01-17 21:51:59,Meter 1,213.78,123.49,14.80,15.09,99.89,0.00,0.68,214.29,95.72,11.34,11.89,97.73,0.00,2.46,213.58,100.67,11.72,12.49,96.65,0.00,3.11,213.88,106.63,37.86,39.47,98.09,0.00,6.26
2026-01-17 21:52:00,2026-01-17 21:52:59,Meter 1,213.92,93.76,10.85,11.45,99.77,0.00,0.74,214.25,61.73,6.81,7.67,96.77,0.00,1.78,213.45,72.55,7.82,9.00,94.80,0.00,2.63,213.87,76.02,25.49,28.12,97.11,0.00,5.15
2026-01-17 21:53:00,2026-01-17 21:53:59,Meter 1,213.97,100.75,11.70,12.31,99.39,0.00,1.30,214.23,69.00,7.72,8.58,93.82,0.00,2.85,213.54,78.64,8.31,9.75,92.03,0.00,3.53,213.91,82.80,27.73,30.64,95.08,0.00,7.68
2026-01-17 21:54:00,2026-01-17 21:54:59,Meter 1,213.62,102.04,11.50,12.47,100.00,0.00,0.11,214.21,63.45,6.99,7.88,97.52,0.00,1.59,213.71,75.20,7.93,9.33,97.20,0.00,1.92,213.85,80.23,26.42,29.67,98.24,0.00,3.61
2026-01-17 21:55:00,2026-01-17 21:55:59,Meter 1,214.01,89.40,10.05,10.93,100.00,0.00,0.03,214.25,70.70,7.64,8.79,95.22,0.00,2.45,213.68,76.85,8.09,9.53,96.47,0.00,2.21,213.98,78.99,25.78,29.25,97.23,0.00,4.69
2026-01-17 21:56:00,2026-01-17 21:56:59,Meter 1,213.99,90.42,10.59,11.06,98.24,0.00,2.01,213.94,86.23,9.65,10.71,91.88,0.00,4.15,213.77,79.21,8.82,9.82,92.10,0.00,3.73,213.90,85.29,29.07,31.59,94.07,0.00,9.89
2026-01-17 21:57:00,2026-01-17 21:57:59,Meter 1,213.94,101.81,11.80,12.46,99.96,0.00,-0.32,213.80,101.33,11.45,12.57,93.78,0.00,4.24,213.80,83.34,9.21,10.33,95.24,0.00,2.95,213.85,95.49,32.45,35.36,96.33,0.00,6.86
2026-01-17 21:58:00,2026-01-17 21:58:59,Meter 1,213.92,99.19,11.45,12.14,99.93,0.00,0.44,213.83,80.23,9.15,9.95,96.57,0.00,2.46,213.94,86.69,9.77,10.75,97.26,0.00,2.33,213.89,88.70,30.36,32.85,97.92,0.00,5.24
2026-01-17 21:59:00,2026-01-17 21:59:59,Meter 1,213.85,94.32,11.30,11.55,100.00,0.00,0.04,213.96,77.35,9.16,9.60,98.05,0.00,1.84,214.07,71.96,8.40,8.93,97.92,0.00,1.74,213.96,81.21,28.86,30.08,98.65,0.00,3.62
2026-01-17 22:00:00,2026-01-17 22:00:59,Meter 1,213.89,80.68,9.22,9.87,99.60,0.00,0.83,214.12,80.09,9.08,9.95,94.20,0.00,3.23,213.84,73.10,8.11,9.07,93.48,0.00,3.08,213.95,77.96,26.41,28.89,95.76,0.00,7.15
2026-01-17 22:01:00,2026-01-17 22:01:59,Meter 1,214.00,110.20,12.48,13.49,99.34,0.00,-1.45,213.86,114.68,13.13,14.23,94.27,0.00,4.65,213.81,92.89,10.03,11.51,95.21,0.00,3.22,213.89,105.92,35.64,39.24,96.27,0.00,6.42
2026-01-17 22:02:00,2026-01-17 22:02:59,Meter 1,214.17,105.66,12.60,12.93,99.92,0.00,-0.52,213.85,112.76,12.61,14.01,91.53,0.00,5.55,213.70,89.23,9.78,11.05,92.17,0.00,4.12,213.91,102.55,35.00,38.00,94.54,0.00,9.15
2026-01-17 22:03:00,2026-01-17 22:03:59,Meter 1,214.45,90.24,10.65,11.05,98.96,0.00,1.55,214.06,91.73,10.42,11.42,92.91,0.00,4.15,213.58,90.73,10.40,11.24,94.48,0.00,3.61,214.03,90.90,31.46,33.70,95.45,0.00,9.31
2026-01-17 22:04:00,2026-01-17 22:04:59,Meter 1,214.18,91.85,10.82,11.24,99.71,0.00,0.83,213.95,100.47,11.50,12.48,93.70,0.00,4.29,213.73,92.01,10.36,11.40,94.63,0.00,3.54,213.95,94.78,32.68,35.13,96.01,0.00,8.66
2026-01-17 22:05:00,2026-01-17 22:05:59,Meter 1,214.08,97.03,11.61,11.87,99.99,0.00,0.19,214.09,75.41,8.77,9.37,96.24,0.00,2.47,213.79,68.21,7.89,8.46,97.04,0.00,1.96,213.99,80.22,28.27,29.70,97.76,0.00,4.62
2026-01-17 22:06:00,2026-01-17 22:06:59,Meter 1,214.26,79.56,9.12,9.74,97.67,0.00,2.01,214.12,69.21,7.47,8.61,89.55,0.00,3.71,213.88,82.78,9.23,10.27,92.47,0.00,3.80,214.09,77.18,25.82,28.61,93.23,0.00,9.52
2026-01-17 22:07:00,2026-01-17 22:07:59,Meter 1,214.36,72.98,8.45,8.94,97.69,0.00,1.85,213.94,67.12,7.26,8.35,89.63,0.00,3.59,213.63,93.04,10.71,11.52,94.51,0.00,3.70,213.98,77.72,26.41,28.81,93.94,0.00,9.14
2026-01-17 22:08:00,2026-01-17 22:08:59,Meter 1,214.34,88.04,10.36,10.77,98.45,0.00,1.84,214.10,67.49,7.14,8.40,87.73,0.00,3.91,213.55,89.19,10.25,11.05,94.64,0.00,3.50,214.00,81.57,27.75,30.22,93.61,0.00,9.25
2026-01-17 22:09:00,2026-01-17 22:09:59,Meter 1,214.39,72.18,8.16,8.84,98.04,0.00,1.64,214.10,63.24,6.97,7.87,93.45,0.00,2.65,213.86,73.80,8.32,9.15,95.29,0.00,2.65,214.12,69.74,23.44,25.86,95.59,0.00,6.94
2026-01-17 22:10:00,2026-01-17 22:10:59,Meter 1,214.28,75.82,8.47,9.29,99.62,0.00,0.75,214.17,58.85,6.31,7.32,98.70,0.00,1.03,214.01,72.39,7.97,8.98,98.83,0.00,1.23,214.15,69.02,22.75,25.59,99.05,0.00,3.00
2026-01-17 22:11:00,2026-01-17 22:11:59,Meter 1,213.94,94.61,10.91,11.58,97.81,0.00,2.32,214.09,95.30,10.95,11.83,93.92,0.00,4.00,213.98,75.82,8.39,9.41,95.13,0.00,2.72,214.01,88.57,30.25,32.82,95.62,0.00,9.04
2026-01-17 22:12:00,2026-01-17 22:12:59,Meter 1,214.09,104.35,11.97,12.77,98.69,0.00,1.95,214.36,83.05,9.41,10.33,95.90,0.00,2.78,214.00,75.88,8.09,9.42,96.78,0.00,2.10,214.15,87.76,29.47,32.52,97.13,0.00,6.84
2026-01-17 22:13:00,2026-01-17 22:13:59,Meter 1,214.18,98.38,11.18,12.05,100.00,0.00,-0.06,214.22,91.57,10.48,11.38,96.61,0.00,2.80,213.96,73.51,7.90,9.12,98.39,0.00,1.44,214.12,87.82,29.55,32.55,98.33,0.00,4.18
2026-01-17 22:14:00,2026-01-17 22:14:59,Meter 1,214.10,99.33,11.52,12.15,99.85,0.00,0.63,214.32,90.95,10.23,11.31,94.67,0.00,3.48,213.84,84.38,9.59,10.47,97.26,0.00,2.29,214.09,91.55,31.33,33.94,97.26,0.00,6.40
2026-01-17 22:15:00,2026-01-17 22:15:59,Meter 1,214.30,90.66,10.45,11.10,98.02,0.00,2.11,214.23,87.06,9.94,10.83,93.83,0.00,3.66,213.82,95.17,10.93,11.81,96.40,0.00,3.01,214.12,90.96,31.32,33.74,96.08,0.00,8.79
2026-01-17 22:16:00,2026-01-17 22:16:59,Meter 1,214.19,102.67,12.20,12.57,98.87,0.00,1.85,214.17,80.06,9.15,9.95,94.36,0.00,3.21,213.83,71.56,8.19,8.88,95.99,0.00,2.39,214.06,84.76,29.54,31.40,96.41,0.00,7.45
2026-01-17 22:17:00,2026-01-17 22:17:59,Meter 1,214.32,120.51,14.22,14.75,98.72,0.00,2.30,214.20,92.37,10.31,11.49,92.39,0.00,4.27,213.72,89.17,9.64,11.06,92.58,0.00,3.94,214.08,100.69,34.18,37.30,94.56,0.00,10.51
2026-01-17 22:18:00,2026-01-17 22:18:59,Meter 1,214.53,103.20,12.02,12.63,99.60,0.00,1.07,214.45,87.83,10.07,10.94,96.47,0.00,2.75,213.64,80.98,9.07,10.05,97.09,0.00,2.24,214.20,90.67,31.16,33.62,97.72,0.00,6.05
2026-01-17 22:19:00,2026-01-17 22:19:59,Meter 1,214.62,79.80,9.02,9.77,99.45,0.00,0.95,214.61,79.93,8.99,9.97,95.93,0.00,2.65,213.70,74.13,8.28,9.20,96.21,0.00,2.35,214.31,77.95,26.29,28.94,97.20,0.00,5.94
2026-01-17 22:20:00,2026-01-17 22:20:59,Meter 1,214.90,80.73,9.44,9.89,97.86,0.00,1.99,214.50,74.38,8.51,9.28,93.82,0.00,3.14,213.62,83.24,9.53,10.32,94.38,0.00,3.34,214.34,79.45,27.48,29.49,95.35,0.00,8.46
2026-01-17 22:21:00,2026-01-17 22:21:59,Meter 1,215.02,75.47,8.13,9.25,99.22,0.00,1.02,214.53,60.74,6.97,7.58,99.27,0.00,0.85,213.77,74.15,8.36,9.20,98.02,0.00,1.69,214.44,70.12,23.46,26.03,98.84,0.00,3.55
2026-01-17 22:22:00,2026-01-17 22:22:59,Meter 1,214.85,76.22,9.00,9.34,99.96,0.00,0.24,214.45,64.90,7.79,8.09,99.34,0.00,0.90,213.79,73.20,8.66,9.08,98.57,0.00,1.48,214.37,71.44,25.44,26.52,99.29,0.00,2.62
2026-01-17 22:23:00,2026-01-17 22:23:59,Meter 1,214.66,90.74,10.42,11.11,99.60,0.00,0.94,214.47,53.85,5.98,6.71,97.87,0.00,1.25,213.74,68.02,7.67,8.44,96.50,0.00,2.08,214.29,70.87,24.06,26.26,97.99,0.00,4.28
2026-01-17 22:24:00,2026-01-17 22:24:59,Meter 1,214.54,105.21,12.22,12.89,99.94,0.00,-0.43,214.34,77.60,8.56,9.66,95.15,0.00,2.77,213.86,92.10,10.46,11.43,96.51,0.00,2.84,214.25,91.63,31.24,33.98,97.20,0.00,5.18
2026-01-17 22:25:00,2026-01-17 22:25:59,Meter 1,214.46,109.94,13.09,13.46,99.93,0.00,0.47,214.20,92.13,10.45,11.47,93.72,0.00,3.89,213.77,84.15,9.25,10.43,91.47,0.00,4.09,214.14,95.40,32.78,35.36,95.04,0.00,8.45
2026-01-17 22:26:00,2026-01-17 22:26:59,Meter 1,214.31,98.13,11.43,12.01,98.93,0.00,1.69,214.07,88.53,9.74,11.01,92.30,0.00,4.06,213.55,85.51,9.17,10.59,90.76,0.00,4.24,213.98,90.72,30.34,33.61,94.00,0.00,9.99
2026-01-17 22:27:00,2026-01-17 22:27:59,Meter 1,214.27,96.22,11.54,11.77,99.98,0.00,0.21,214.21,94.25,11.22,11.72,97.30,0.00,2.66,213.61,77.93,9.14,9.66,97.88,0.00,1.91,214.03,89.47,31.89,33.16,98.39,0.00,4.78
2026-01-17 22:28:00,2026-01-17 22:28:59,Meter 1,214.04,76.67,8.78,9.38,99.38,0.00,0.98,214.21,84.05,9.82,10.45,96.36,0.00,2.72,213.73,78.83,8.97,9.78,96.93,0.00,2.28,213.99,79.85,27.56,29.60,97.56,0.00,5.98
2026-01-17 22:29:00,2026-01-17 22:29:59,Meter 1,213.88,104.21,12.32,12.74,100.00,0.00,0.01,214.32,115.77,13.02,14.39,92.51,0.00,5.35,213.70,87.39,9.58,10.85,93.10,0.00,3.75,213.97,102.45,34.92,37.97,95.20,0.00,9.11
2026-01-17 22:30:00,2026-01-17 22:30:59,Meter 1,214.06,96.05,11.16,11.75,99.76,0.00,-0.78,214.28,80.61,9.38,10.02,98.27,0.00,1.77,213.90,81.18,8.87,10.08,96.88,0.00,2.27,214.08,85.95,29.41,31.85,98.30,0.00,3.26
2026-01-17 22:31:00,2026-01-17 22:31:59,Meter 1,214.17,100.48,12.07,12.30,99.98,0.00,0.26,214.23,105.40,12.12,13.11,93.57,0.00,4.57,213.80,92.63,10.47,11.49,93.11,0.00,4.10,214.07,99.50,34.66,36.89,95.55,0.00,8.93
2026-01-17 22:32:00,2026-01-17 22:32:59,Meter 1,214.16,93.59,10.91,11.46,99.83,0.00,-0.64,214.32,86.79,9.98,10.79,96.46,0.00,2.73,214.01,81.08,9.08,10.07,96.85,0.00,2.34,214.16,87.15,29.97,32.32,97.71,0.00,4.42
2026-01-17 22:33:00,2026-01-17 22:33:59,Meter 1,214.49,71.50,8.36,8.76,99.90,0.00,0.37,214.21,69.71,8.01,8.67,96.11,0.00,2.30,213.95,89.56,10.41,11.11,95.84,0.00,3.10,214.21,76.92,26.78,28.55,97.29,0.00,5.77
2026-01-17 22:34:00,2026-01-17 22:34:59,Meter 1,214.06,92.88,10.86,11.37,99.59,0.00,-0.98,214.29,81.20,9.10,10.09,95.58,0.00,2.80,214.05,91.60,10.61,11.38,98.35,0.00,1.95,214.14,88.56,30.57,32.84,97.84,0.00,3.77
2026-01-17 22:35:00,2026-01-17 22:35:59,Meter 1,213.93,97.39,11.46,11.91,99.29,0.00,1.38,214.45,70.51,7.71,8.76,92.98,0.00,3.05,213.99,66.02,7.34,8.20,96.72,0.00,1.93,214.13,77.97,26.51,28.88,96.33,0.00,6.36
2026-01-17 22:36:00,2026-01-17 22:36:59,Meter 1,214.29,90.21,10.63,11.05,99.84,0.00,0.60,214.30,69.49,8.01,8.64,96.29,0.00,2.24,213.86,70.46,7.99,8.74,98.78,0.00,1.26,214.15,76.72,26.63,28.43,98.30,0.00,4.10
2026-01-17 22:37:00,2026-01-17 22:37:59,Meter 1,214.07,92.40,10.92,11.31,99.99,0.00,0.18,214.37,73.17,8.27,9.10,96.85,0.00,2.13,213.87,68.08,7.79,8.45,99.19,0.00,1.00,214.10,77.89,26.98,28.86,98.67,0.00,3.31
2026-01-17 22:38:00,2026-01-17 22:38:59,Meter 1,214.28,77.06,8.44,9.43,99.56,0.00,0.80,214.54,66.94,7.46,8.33,97.05,0.00,1.85,213.86,87.91,9.90,10.92,98.82,0.00,1.54,214.23,77.30,25.80,28.68,98.47,0.00,4.19
2026-01-17 22:39:00,2026-01-17 22:39:59,Meter 1,214.41,63.11,7.44,7.73,100.00,0.00,0.03,214.43,64.51,7.66,8.03,98.99,0.00,1.10,213.81,81.32,9.83,10.09,99.78,0.00,0.66,214.22,69.65,24.92,25.85,99.59,0.00,1.78
2026-01-17 22:40:00,2026-01-17 22:40:59,Meter 1,214.64,66.73,7.80,8.18,99.93,0.00,0.28,214.40,61.35,7.28,7.64,99.75,0.00,0.52,213.89,63.13,7.37,7.83,99.51,0.00,0.73,214.31,63.73,22.45,23.65,99.73,0.00,1.53
2026-01-17 22:41:00,2026-01-17 22:41:59,Meter 1,214.53,81.89,9.48,10.02,99.07,0.00,1.30,214.61,62.64,7.22,7.81,96.88,0.00,1.85,213.64,68.68,7.79,8.52,95.55,0.00,2.40,214.26,71.07,24.48,26.35,97.17,0.00,5.55
2026-01-17 22:42:00,2026-01-17 22:42:59,Meter 1,214.38,85.48,9.98,10.46,98.91,0.00,1.48,214.58,68.94,7.96,8.59,96.46,0.00,2.18,213.72,79.80,8.93,9.91,93.89,0.00,3.27,214.23,78.07,26.87,28.95,96.42,0.00,6.94
2026-01-17 22:43:00,2026-01-17 22:43:59,Meter 1,214.27,116.75,13.84,14.28,99.35,0.00,-1.58,214.36,107.56,12.25,13.39,93.07,0.00,4.82,213.69,81.54,9.08,10.12,93.55,0.00,3.43,214.11,101.95,35.18,37.79,95.32,0.00,6.66
2026-01-17 22:44:00,2026-01-17 22:44:59,Meter 1,214.22,119.61,14.12,14.64,98.46,0.00,-2.51,214.21,117.36,13.76,14.59,95.48,0.00,4.29,213.85,80.93,9.38,10.04,97.75,0.00,2.02,214.09,105.97,37.27,39.28,97.23,0.00,3.80
2026-01-17 22:45:00,2026-01-17 22:45:59,Meter 1,214.25,111.28,13.27,13.64,99.61,0.00,-1.18,214.28,109.87,12.46,13.66,92.31,0.00,5.19,214.14,76.16,8.58,9.46,94.18,0.00,3.06,214.22,99.10,34.31,36.75,95.37,0.00,7.08
2026-01-17 22:46:00,2026-01-17 22:46:59,Meter 1,214.44,83.31,9.91,10.20,99.93,0.00,-0.36,214.48,82.41,9.82,10.26,97.95,0.00,2.02,213.89,77.84,9.08,9.67,97.19,0.00,2.20,214.27,81.19,28.81,30.13,98.36,0.00,3.86
2026-01-17 22:47:00,2026-01-17 22:47:59,Meter 1,214.52,66.94,7.36,8.20,100.00,0.00,-0.00,214.44,74.62,8.65,9.29,98.24,0.00,1.65,214.03,76.06,8.46,9.45,97.30,0.00,2.01,214.33,72.54,24.46,26.94,98.51,0.00,3.65
2026-01-17 22:48:00,2026-01-17 22:48:59,Meter 1,214.26,75.03,8.60,9.20,99.41,0.00,0.93,214.43,78.80,8.76,9.80,93.73,0.00,3.26,214.27,77.01,8.27,9.57,92.31,0.00,3.45,214.32,76.94,25.62,28.57,95.15,0.00,7.64
2026-01-17 22:49:00,2026-01-17 22:49:59,Meter 1,214.36,70.79,7.73,8.67,99.39,0.00,0.86,214.51,86.71,10.00,10.79,95.99,0.00,2.92,214.16,84.63,9.13,10.52,96.01,0.00,2.66,214.34,80.71,26.87,29.98,97.13,0.00,6.44
2026-01-17 22:50:00,2026-01-17 22:50:59,Meter 1,214.20,86.37,9.81,10.58,98.72,0.00,1.59,214.60,66.56,7.46,8.28,95.07,0.00,2.43,214.10,84.50,9.11,10.50,94.44,0.00,3.17,214.30,79.14,26.38,29.36,96.08,0.00,7.19
2026-01-17 22:51:00,2026-01-17 22:51:59,Meter 1,214.62,58.20,6.64,7.13,99.74,0.00,0.48,214.81,44.89,5.01,5.60,98.68,0.00,0.82,213.99,57.87,6.65,7.19,98.96,0.00,0.97,214.47,53.65,18.30,19.92,99.12,0.00,2.27
2026-01-17 22:52:00,2026-01-17 22:52:59,Meter 1,214.80,64.31,7.54,7.88,100.00,0.00,0.03,214.86,47.28,5.50,5.90,99.95,0.00,0.17,213.85,60.25,7.09,7.49,99.95,0.00,0.23,214.50,57.28,20.13,21.26,99.97,0.00,0.43
2026-01-17 22:53:00,2026-01-17 22:53:59,Meter 1,214.44,74.84,8.19,9.17,97.59,0.00,1.83,214.40,63.13,7.05,7.86,95.66,0.00,2.15,214.07,83.93,9.15,10.42,96.04,0.00,2.66,214.30,73.97,24.39,27.45,96.43,0.00,6.63
2026-01-17 22:54:00,2026-01-17 22:54:59,Meter 1,214.42,64.02,7.38,7.85,100.00,0.00,0.02,214.42,51.75,5.92,6.44,99.97,0.00,0.13,214.17,69.04,8.06,8.58,99.77,0.00,0.54,214.34,61.60,21.36,22.86,99.92,0.00,0.70
2026-01-17 22:55:00,2026-01-17 22:55:59,Meter 1,214.37,58.52,6.64,7.17,98.01,0.00,1.34,214.45,47.51,5.17,5.91,92.29,0.00,2.16,214.11,72.21,8.24,8.97,94.93,0.00,2.73,214.31,59.41,20.05,22.05,95.08,0.00,6.23
2026-01-17 22:56:00,2026-01-17 22:56:59,Meter 1,214.04,72.81,8.46,8.91,99.02,0.00,1.20,214.79,76.13,9.05,9.47,98.02,0.00,1.83,214.17,84.44,9.86,10.51,97.48,0.00,2.25,214.33,77.79,27.37,28.89,98.17,0.00,5.28
2026-01-17 22:57:00,2026-01-17 22:57:59,Meter 1,214.34,74.22,8.03,9.09,99.16,0.00,1.05,214.60,76.75,8.86,9.55,97.78,0.00,1.90,214.04,84.19,9.18,10.46,97.27,0.00,2.19,214.33,78.39,26.07,29.11,98.07,0.00,5.14
2026-01-17 22:58:00,2026-01-17 22:58:59,Meter 1,214.28,63.82,7.29,7.82,98.37,0.00,1.33,214.71,85.85,9.78,10.69,92.99,0.00,3.87,214.31,74.61,8.40,9.28,93.11,0.00,3.29,214.43,74.76,25.48,27.79,94.82,0.00,8.49
2026-01-17 22:59:00,2026-01-17 22:59:59,Meter 1,214.32,82.65,9.32,10.14,97.98,0.00,-1.90,214.53,96.61,11.15,12.01,95.23,0.00,3.57,214.63,69.98,7.72,8.71,97.37,0.00,1.81,214.49,83.08,28.19,30.87,96.86,0.00,3.47
2026-01-17 23:00:00,2026-01-17 23:00:59,Meter 1,214.97,81.88,5.65,10.06,99.82,0.00,-0.34,214.63,60.65,6.70,7.56,99.73,0.00,0.50,214.39,74.03,7.92,9.20,99.00,0.00,1.13,214.66,72.19,20.26,26.82,99.51,0.00,1.29
2026-01-17 23:01:00,2026-01-17 23:01:59,Meter 1,215.10,74.99,5.90,9.21,99.63,0.00,-0.51,214.65,59.30,6.45,7.40,99.62,0.00,-0.56,214.33,76.03,8.43,9.45,99.80,0.00,0.54,214.70,70.11,20.78,26.06,99.68,0.00,-0.53
2026-01-17 23:02:00,2026-01-17 23:02:59,Meter 1,214.85,64.00,7.47,7.86,99.98,0.00,0.16,214.42,62.52,7.49,7.79,98.27,0.00,1.41,214.48,67.50,7.79,8.39,95.59,0.00,2.39,214.59,64.67,22.75,24.04,97.94,0.00,3.96
2026-01-17 23:03:00,2026-01-17 23:03:59,Meter 1,215.04,73.93,5.67,9.09,94.90,0.00,-1.88,214.63,59.43,6.21,7.41,92.47,0.00,-2.56,214.44,76.01,8.25,9.45,98.58,0.00,-1.40,214.70,69.79,20.13,25.94,95.32,0.00,-5.84
2026-01-17 23:04:00,2026-01-17 23:04:59,Meter 1,214.96,62.02,6.10,7.62,96.53,0.00,-1.65,214.61,58.14,6.14,7.25,93.02,0.00,-2.42,214.42,73.30,8.56,9.11,98.81,0.00,-1.33,214.66,64.49,20.80,23.98,96.12,0.00,-5.40
2026-01-17 23:05:00,2026-01-17 23:05:59,Meter 1,214.71,79.87,6.79,9.80,100.00,0.00,-0.06,214.75,58.42,6.16,7.28,98.65,0.00,-1.02,214.38,79.99,9.22,9.95,99.94,0.00,0.31,214.62,72.76,22.18,27.03,99.53,0.00,-0.78
2026-01-17 23:06:00,2026-01-17 23:06:59,Meter 1,214.90,90.13,8.00,11.07,98.96,0.00,1.16,214.66,51.97,5.64,6.48,99.68,0.00,0.45,214.33,80.67,8.92,10.03,98.32,0.00,1.66,214.63,74.26,22.55,27.57,98.99,0.00,3.27
2026-01-17 23:07:00,2026-01-17 23:07:59,Meter 1,214.95,72.31,6.57,8.88,99.67,0.00,-0.53,214.88,52.06,6.06,6.50,99.01,0.00,-0.86,214.34,77.13,8.74,9.59,100.00,0.00,-0.07,214.72,67.17,21.37,24.97,99.56,0.00,-1.46
2026-01-17 23:08:00,2026-01-17 23:08:59,Meter 1,214.96,90.86,8.37,11.16,99.63,0.00,-0.72,215.05,50.83,4.92,6.34,91.93,0.00,-2.11,214.44,76.52,8.48,9.53,99.24,0.00,-1.05,214.82,72.74,21.77,27.03,96.93,0.00,-3.88
2026-01-17 23:09:00,2026-01-17 23:09:59,Meter 1,214.87,79.18,9.34,9.72,99.93,0.00,-0.34,215.16,49.36,5.20,6.16,91.51,0.00,-2.29,214.35,74.88,8.93,9.32,99.89,0.00,-0.42,214.79,67.81,23.46,25.20,97.11,0.00,-3.05
2026-01-17 23:10:00,2026-01-17 23:10:59,Meter 1,215.06,88.73,10.45,10.90,98.96,0.00,-1.52,214.92,71.79,8.66,8.96,100.00,0.00,-0.08,214.38,74.51,8.90,9.27,100.00,0.00,-0.06,214.78,78.34,28.01,29.13,99.65,0.00,-1.65
2026-01-17 23:11:00,2026-01-17 23:11:59,Meter 1,215.14,85.24,7.25,10.48,98.87,0.00,1.10,214.86,65.61,7.03,8.19,99.89,0.00,0.33,214.54,72.24,7.74,8.99,96.34,0.00,2.15,214.85,74.36,22.01,27.65,98.36,0.00,3.59
2026-01-17 23:12:00,2026-01-17 23:12:59,Meter 1,215.04,75.69,7.39,9.30,98.74,0.00,1.18,214.96,61.58,6.95,7.69,99.96,0.00,0.21,214.44,72.57,8.24,9.03,96.99,0.00,2.07,214.82,69.95,22.58,26.01,98.56,0.00,3.46
2026-01-17 23:13:00,2026-01-17 23:13:59,Meter 1,215.15,83.87,7.81,10.31,99.69,0.00,0.61,214.88,63.93,6.77,7.98,99.74,0.00,-0.49,214.48,72.18,8.32,8.98,99.01,0.00,1.18,214.84,73.33,22.90,27.27,99.48,0.00,1.30
2026-01-17 23:14:00,2026-01-17 23:14:59,Meter 1,214.84,70.46,6.97,8.66,98.91,0.00,1.04,214.62,68.09,7.95,8.48,97.94,0.00,1.64,214.66,68.58,7.60,8.53,93.51,0.00,2.88,214.71,69.04,22.52,25.68,96.78,0.00,5.56
2026-01-17 23:15:00,2026-01-17 23:15:59,Meter 1,214.55,72.34,6.35,8.88,99.85,0.00,0.35,214.99,62.52,7.23,7.79,99.80,0.00,0.46,214.68,64.02,7.24,7.98,97.78,0.00,1.55,214.74,66.29,20.83,24.65,99.14,0.00,2.36
2026-01-17 23:16:00,2026-01-17 23:16:59,Meter 1,214.53,92.82,10.54,11.39,97.35,0.00,-2.47,215.06,75.67,8.95,9.43,99.28,0.00,-1.08,214.52,81.24,8.44,10.12,98.37,0.00,-1.54,214.70,83.24,27.93,30.94,98.33,0.00,-5.10
2026-01-17 23:17:00,2026-01-17 23:17:59,Meter 1,214.98,47.93,4.54,5.89,95.03,0.00,-1.49,215.10,48.49,5.49,6.05,94.25,0.00,-1.95,214.50,57.62,6.44,7.18,96.22,0.00,-1.83,214.86,51.35,16.47,19.11,95.17,0.00,-5.26
2026-01-17 23:18:00,2026-01-17 23:18:59,Meter 1,215.01,66.22,5.74,8.14,97.41,0.00,-1.33,214.92,54.08,6.24,6.75,95.81,0.00,-1.87,214.60,65.56,7.07,8.16,95.63,0.00,-2.16,214.84,61.95,19.06,23.05,96.29,0.00,-5.36
2026-01-17 23:19:00,2026-01-17 23:19:59,Meter 1,215.02,65.03,7.59,7.99,99.90,0.00,-0.35,214.84,59.92,6.99,7.48,98.41,0.00,-1.26,214.45,69.43,8.29,8.64,99.14,0.00,-1.10,214.77,64.79,22.87,24.10,99.15,0.00,-2.70
2026-01-17 23:20:00,2026-01-17 23:20:59,Meter 1,214.91,68.13,7.40,8.37,98.13,0.00,-1.45,214.82,63.36,7.39,7.90,96.92,0.00,-1.88,214.64,70.25,8.10,8.75,95.99,0.00,-2.37,214.79,67.25,22.89,25.02,97.01,0.00,-5.70
2026-01-17 23:21:00,2026-01-17 23:21:59,Meter 1,214.69,68.23,5.24,8.38,99.77,0.00,-0.35,214.62,56.00,6.49,6.98,99.88,0.00,0.32,214.52,57.89,5.74,7.20,99.83,0.00,-0.34,214.61,60.71,17.47,22.55,99.83,0.00,-0.37
2026-01-17 23:22:00,2026-01-17 23:22:59,Meter 1,214.35,78.27,8.69,9.61,99.86,0.00,-0.46,214.73,73.55,8.31,9.15,98.77,0.00,-1.31,214.94,81.96,8.82,10.22,97.84,0.00,-1.86,214.68,77.93,25.82,28.98,98.82,0.00,-3.64
2026-01-17 23:23:00,2026-01-17 23:23:59,Meter 1,214.21,60.46,6.88,7.42,97.70,0.00,1.50,214.57,44.69,5.11,5.56,97.57,0.00,1.15,214.89,39.13,3.95,4.87,91.28,0.00,1.77,214.55,48.09,15.94,17.85,95.52,0.00,4.42
2026-01-17 23:24:00,2026-01-17 23:24:59,Meter 1,214.34,77.70,5.31,9.54,99.93,0.00,-0.20,214.81,55.09,6.04,6.86,99.88,0.00,-0.29,214.76,64.63,5.66,8.05,99.90,0.00,-0.26,214.64,65.81,17.00,24.44,99.90,0.00,-0.75
2026-01-17 23:25:00,2026-01-17 23:25:59,Meter 1,214.75,27.23,2.33,3.34,90.35,0.00,1.11,214.97,27.69,2.85,3.45,98.57,0.00,0.49,214.60,35.85,3.38,4.46,91.92,0.00,1.45,214.77,30.26,8.56,11.26,93.61,0.00,3.04
2026-01-17 23:26:00,2026-01-17 23:26:59,Meter 1,214.84,75.29,5.56,9.25,99.99,0.00,0.07,214.98,42.27,4.27,5.27,95.67,0.00,-1.30,214.60,67.53,6.00,8.41,99.41,0.00,-0.66,214.81,61.70,15.83,22.93,98.36,0.00,-1.89
2026-01-17 23:27:00,2026-01-17 23:27:59,Meter 1,215.22,76.53,4.16,9.41,94.31,0.00,1.47,214.61,41.69,3.13,5.20,99.80,0.00,0.20,214.51,45.33,3.75,5.63,98.52,0.00,0.65,214.78,54.51,11.03,20.25,97.54,0.00,2.31
2026-01-17 23:28:00,2026-01-17 23:28:59,Meter 1,215.41,73.84,4.54,9.09,99.94,0.00,-0.16,214.64,39.11,3.97,4.88,98.49,0.00,-0.70,214.66,52.56,4.68,6.53,99.82,0.00,-0.28,214.91,55.17,13.19,20.51,99.42,0.00,-1.14
2026-01-17 23:29:00,2026-01-17 23:29:59,Meter 1,215.29,88.92,7.95,10.94,98.46,0.00,-1.41,214.88,57.46,5.44,7.17,94.94,0.00,-1.80,214.70,79.18,8.06,9.85,99.38,0.00,-0.90,214.95,75.19,21.45,27.97,97.59,0.00,-4.11
2026-01-17 23:30:00,2026-01-17 23:30:59,Meter 1,215.08,54.97,5.33,6.75,97.00,0.00,1.34,215.03,31.70,3.38,3.96,96.57,0.00,0.91,214.51,54.16,5.09,6.74,90.10,0.00,2.45,214.87,46.94,13.80,17.45,94.56,0.00,4.70
2026-01-17 23:31:00,2026-01-17 23:31:59,Meter 1,214.95,67.36,4.51,8.26,98.63,0.00,0.76,215.37,56.29,6.30,7.03,99.15,0.00,0.83,214.40,61.36,5.63,7.64,94.99,0.00,1.85,214.91,61.67,16.45,22.94,97.59,0.00,3.44
2026-01-17 23:32:00,2026-01-17 23:32:59,Meter 1,214.87,79.14,5.05,9.72,97.76,0.00,1.09,215.09,57.14,5.91,7.13,99.61,0.00,0.52,214.64,66.32,5.75,8.26,97.37,0.00,1.34,214.87,67.53,16.71,25.11,98.25,0.00,2.96
2026-01-17 23:33:00,2026-01-17 23:33:59,Meter 1,214.74,63.95,4.64,7.85,99.69,0.00,0.36,215.06,48.54,5.53,6.05,99.77,0.00,0.38,214.67,56.42,5.26,7.03,99.80,0.00,0.33,214.82,56.30,15.43,20.94,99.75,0.00,1.08
2026-01-17 23:34:00,2026-01-17 23:34:59,Meter 1,215.13,83.50,6.69,10.26,99.83,0.00,-0.39,215.07,68.59,7.26,8.57,97.63,0.00,-1.61,214.61,71.87,7.25,8.95,99.13,0.00,-0.96,214.94,74.65,21.20,27.78,98.86,0.00,-2.96
2026-01-17 23:35:00,2026-01-17 23:35:59,Meter 1,215.21,57.45,5.64,7.07,99.31,0.00,-0.67,215.03,52.47,5.61,6.55,95.08,0.00,-1.83,214.89,54.49,6.35,6.79,99.29,0.00,-0.76,215.04,54.80,17.60,20.41,97.89,0.00,-3.26
2026-01-17 23:36:00,2026-01-17 23:36:59,Meter 1,215.22,78.90,6.11,9.70,99.96,0.00,-0.17,214.89,46.86,4.79,5.85,99.42,0.00,-0.52,214.51,60.50,4.25,7.53,99.09,0.00,-0.58,214.88,62.09,15.14,23.08,99.49,0.00,-1.27
2026-01-17 23:37:00,2026-01-17 23:37:59,Meter 1,215.08,88.21,8.58,10.83,99.82,0.00,0.51,215.38,69.96,7.86,8.74,94.69,0.00,-2.67,214.34,81.73,7.72,10.18,95.66,0.00,-2.35,214.93,79.97,24.16,29.75,96.72,0.00,-4.51
2026-01-17 23:38:00,2026-01-17 23:38:59,Meter 1,215.25,72.16,4.20,8.86,97.44,0.00,0.97,215.19,47.78,5.10,5.97,99.45,0.00,0.54,214.43,58.93,4.20,7.34,98.84,0.00,0.65,214.96,59.63,13.50,22.17,98.57,0.00,2.15
2026-01-17 23:39:00,2026-01-17 23:39:59,Meter 1,214.99,77.64,6.95,9.54,98.99,0.00,1.00,214.85,54.73,6.07,6.83,98.10,0.00,1.20,214.60,51.50,4.66,6.41,98.91,0.00,0.69,214.82,61.29,17.67,22.78,98.67,0.00,2.89
2026-01-17 23:40:00,2026-01-17 23:40:59,Meter 1,214.82,61.96,7.28,7.61,97.93,0.00,1.51,214.92,50.11,5.84,6.25,96.67,0.00,1.55,214.58,54.79,6.17,6.82,94.16,0.00,2.21,214.77,55.62,19.29,20.68,96.25,0.00,5.26
2026-01-17 23:41:00,2026-01-17 23:41:59,Meter 1,214.85,65.58,7.16,8.05,97.03,0.00,1.78,214.91,49.77,5.58,6.21,93.82,0.00,2.06,214.51,50.81,5.05,6.32,90.30,0.00,2.40,214.76,55.39,17.79,20.58,93.72,0.00,6.24
2026-01-17 23:42:00,2026-01-17 23:42:59,Meter 1,214.91,87.71,9.45,10.79,100.00,0.00,0.00,214.79,52.91,6.00,6.59,99.62,0.00,-0.53,215.00,72.58,7.26,9.04,98.57,0.00,-1.24,214.90,71.07,22.71,26.43,99.40,0.00,-1.77
2026-01-17 23:43:00,2026-01-17 23:43:59,Meter 1,215.12,69.13,5.74,8.51,95.97,0.00,1.68,214.62,39.85,3.85,4.97,92.54,0.00,1.58,214.89,59.63,4.23,7.42,90.22,0.00,2.02,214.88,56.20,13.82,20.90,92.91,0.00,5.28
2026-01-17 23:44:00,2026-01-17 23:44:59,Meter 1,215.10,67.74,7.72,8.34,99.67,0.00,-0.63,215.00,50.72,5.96,6.33,98.83,0.00,-0.92,215.12,60.25,6.68,7.51,93.21,0.00,-2.60,215.07,59.57,20.35,22.18,97.23,0.00,-4.15
2026-01-17 23:45:00,2026-01-17 23:45:59,Meter 1,214.94,71.76,8.51,8.83,99.40,0.00,-0.94,215.12,63.53,7.13,7.92,93.22,0.00,-2.77,215.07,77.49,8.86,9.67,96.31,0.00,-2.48,215.04,70.93,24.50,26.42,96.31,0.00,-6.18
2026-01-17 23:46:00,2026-01-17 23:46:59,Meter 1,215.06,81.23,6.50,10.00,97.52,0.00,-1.48,215.05,55.83,5.38,6.96,93.30,0.00,-2.08,215.07,74.92,6.42,9.34,91.69,0.00,-2.79,215.06,70.66,18.30,26.30,94.17,0.00,-6.34
2026-01-17 23:47:00,2026-01-17 23:47:59,Meter 1,215.21,84.42,6.37,10.40,95.89,0.00,-1.89,214.99,66.97,7.07,8.36,92.26,0.00,-2.96,215.10,82.23,7.35,10.25,94.12,0.00,-2.64,215.10,77.87,20.79,29.00,94.09,0.00,-7.48
2026-01-17 23:48:00,2026-01-17 23:48:59,Meter 1,215.21,63.85,6.64,7.86,97.02,0.00,-1.66,215.18,68.50,7.50,8.55,92.79,0.00,-3.01,215.03,78.08,7.70,9.74,95.17,0.00,-2.48,215.14,70.14,21.84,26.15,94.99,0.00,-7.16
2026-01-17 23:49:00,2026-01-17 23:49:59,Meter 1,215.12,27.27,2.52,3.36,97.16,0.00,0.61,214.97,40.77,4.61,5.09,96.62,0.00,1.23,215.03,30.83,2.90,3.84,86.66,0.00,1.67,215.04,32.96,10.03,12.29,93.48,0.00,3.51
2026-01-17 23:50:00,2026-01-17 23:50:59,Meter 1,215.33,62.43,7.13,7.68,99.40,0.00,-0.78,215.13,69.18,8.07,8.64,96.67,0.00,-2.14,214.74,72.77,8.77,9.06,99.74,0.00,-0.63,215.07,68.13,23.97,25.39,98.60,0.00,-3.55
2026-01-17 23:51:00,2026-01-17 23:51:59,Meter 1,214.97,43.40,3.79,5.34,98.32,0.00,0.70,215.08,53.56,6.13,6.68,99.31,0.00,0.73,214.82,50.89,4.87,6.34,92.62,0.00,1.98,214.95,49.29,14.79,18.36,96.75,0.00,3.41
2026-01-17 23:52:00,2026-01-17 23:52:59,Meter 1,215.01,77.07,6.31,9.47,97.83,0.00,-1.34,215.43,62.83,7.13,7.85,98.53,0.00,-1.23,214.92,75.13,8.00,9.38,99.23,0.00,-1.00,215.12,71.68,21.43,26.70,98.53,0.00,-3.57
2026-01-17 23:53:00,2026-01-17 23:53:59,Meter 1,215.33,73.13,5.26,8.99,98.71,0.00,-0.85,215.54,65.63,6.91,8.21,99.01,0.00,-0.98,214.77,74.35,7.11,9.27,99.16,0.00,0.93,215.21,71.04,19.29,26.48,98.96,0.00,-0.90
2026-01-17 23:54:00,2026-01-17 23:54:59,Meter 1,215.42,75.56,4.60,9.30,99.78,0.00,0.30,215.35,56.38,6.00,7.05,98.78,0.00,0.94,214.83,58.54,4.92,7.30,97.97,0.00,1.01,215.20,63.49,15.52,23.65,98.85,0.00,2.25
2026-01-17 23:55:00,2026-01-17 23:55:59,Meter 1,215.00,76.37,4.76,9.38,98.44,0.00,0.85,215.33,48.37,4.59,6.04,98.64,0.00,0.77,214.75,64.29,5.20,8.02,96.57,0.00,1.40,215.03,63.01,14.54,23.44,97.88,0.00,3.01
2026-01-17 23:56:00,2026-01-17 23:56:59,Meter 1,215.05,73.98,6.09,9.10,99.74,0.00,0.44,215.30,58.02,5.71,7.25,99.79,0.00,-0.37,214.88,72.51,7.01,9.04,98.61,0.00,1.18,215.08,68.17,18.81,25.38,99.38,0.00,1.25
2026-01-17 23:57:00,2026-01-17 23:57:59,Meter 1,215.02,63.33,3.59,7.79,97.26,0.00,0.86,215.02,43.57,3.43,5.44,98.37,0.00,0.63,215.08,45.80,3.48,5.71,97.16,0.00,0.85,215.04,50.90,10.50,18.94,97.60,0.00,2.33
2026-01-17 23:58:00,2026-01-17 23:58:59,Meter 1,215.23,64.25,3.46,7.91,99.26,0.00,0.42,214.97,38.99,3.14,4.87,100.00,0.00,-0.02,215.05,48.93,3.98,6.10,96.30,0.00,1.11,215.08,50.72,10.59,18.87,98.52,0.00,1.52
2026-01-17 23:59:00,2026-01-17 23:59:59,Meter 1,215.21,82.89,6.93,10.20,98.58,0.00,-1.18,215.32,62.92,6.05,7.86,91.16,0.00,-2.73,214.98,74.79,7.58,9.33,96.13,0.00,-2.17,215.17,73.53,20.56,27.39,95.29,0.00,-6.08
