Start Time,End Time,Meter,l1Volt,l1Amp,l1Kw,l1Kva,l1Pf,l1THD,l1Kvar,l2Volt,l2Amp,l2Kw,l2Kva,l2Pf,l2THD,l2Kvar,l3Volt,l3Amp,l3Kw,l3Kva,l3Pf,l3THD,l3Kvar,avgVolt,avgAmp,totalKw,totalKva,avgPf,avgTHD,totalKvar
2026-04-22 00:00:00,2026-04-22 00:00:59,Q11,480.20,288.80,129.70,138.20,94.90,34.40,24.06,484.90,288.00,133.40,139.40,96.10,35.70,21.26,480.70,284.90,129.20,136.30,95.10,33.90,23.51,481.93,287.23,392.30,413.90,95.37,34.67,68.83
2026-04-22 00:01:00,2026-04-22 00:01:59,Q11,481.50,288.00,131.10,138.50,95.10,33.60,23.83,483.90,286.00,132.50,138.10,96.00,34.80,21.86,479.60,289.20,131.10,138.40,95.00,33.90,23.94,481.67,287.73,394.70,415.00,95.37,34.10,69.63
2026-04-22 00:02:00,2026-04-22 00:02:59,Q11,480.90,285.90,129.20,136.80,95.10,35.80,23.63,483.70,288.60,133.40,139.10,96.00,36.50,21.54,480.10,289.40,131.10,138.70,95.10,35.70,23.34,481.57,287.97,393.70,414.60,95.40,36.00,68.51
2026-04-22 00:03:00,2026-04-22 00:03:59,Q11,481.40,296.30,134.90,142.40,95.20,36.00,23.74,483.50,291.70,133.00,140.60,95.90,36.90,22.00,480.00,289.70,131.10,138.70,95.00,35.60,23.86,481.63,292.57,399.00,421.70,95.37,36.17,69.60
2026-04-22 00:04:00,2026-04-22 00:04:59,Q11,481.10,290.30,132.10,139.50,95.10,35.20,23.63,483.40,286.70,132.50,138.10,96.00,36.70,21.43,480.50,284.80,129.20,136.30,95.20,35.40,23.17,481.67,287.27,393.80,413.90,95.43,35.77,68.23
2026-04-22 00:05:00,2026-04-22 00:05:59,Q11,480.90,283.50,128.20,135.80,95.00,34.30,23.80,483.40,284.10,131.50,137.20,96.00,34.90,21.34,480.70,281.40,127.30,134.90,95.20,34.60,23.37,481.67,283.00,387.00,407.90,95.40,34.60,68.51
2026-04-22 00:06:00,2026-04-22 00:06:59,Q11,480.70,284.40,129.20,136.30,95.10,36.60,23.69,483.30,287.30,131.10,138.60,95.90,37.50,21.71,480.80,287.40,130.10,137.80,95.20,35.60,23.06,481.60,286.37,390.40,412.70,95.40,36.57,68.46
2026-04-22 00:07:00,2026-04-22 00:07:59,Q11,482.80,290.70,132.10,139.80,95.20,36.90,23.49,484.80,291.90,134.40,140.80,96.10,36.20,21.54,480.50,286.10,130.10,137.30,95.00,35.10,23.77,482.70,289.57,396.60,417.90,95.43,36.07,68.80
2026-04-22 00:08:00,2026-04-22 00:08:59,Q11,480.70,290.70,132.10,139.20,95.00,38.20,24.06,485.50,291.00,135.40,141.10,96.10,39.60,21.31,481.60,287.30,131.10,138.00,95.30,38.00,23.29,482.60,289.67,398.60,418.30,95.47,38.60,68.66
2026-04-22 00:09:00,2026-04-22 00:09:59,Q11,481.20,292.20,133.00,140.50,95.20,37.00,23.74,484.40,289.70,133.40,139.90,96.00,38.40,21.77,481.80,283.50,129.20,136.10,95.20,37.30,23.31,482.47,288.47,395.60,416.50,95.47,37.57,68.83
2026-04-22 00:10:00,2026-04-22 00:10:59,Q11,482.10,287.70,131.10,138.30,95.10,35.40,23.57,485.80,295.80,137.30,143.10,96.10,37.50,21.26,480.70,289.90,131.10,138.70,95.20,34.30,23.31,482.87,291.13,399.50,420.10,95.47,35.73,68.14
2026-04-22 00:11:00,2026-04-22 00:11:59,Q11,481.90,287.60,131.10,138.00,95.20,37.50,23.26,484.90,282.00,130.60,136.50,96.00,39.20,21.26,482.60,287.40,131.10,138.30,95.40,37.40,22.57,483.13,285.67,392.80,412.80,95.53,38.03,67.09
2026-04-22 00:12:00,2026-04-22 00:12:59,Q11,482.70,284.80,129.20,136.90,95.20,37.30,23.57,484.90,296.70,137.30,143.30,96.00,39.20,21.66,482.50,282.70,128.20,135.90,95.30,35.30,23.11,483.37,288.07,394.70,416.10,95.50,37.27,68.34
2026-04-22 00:13:00,2026-04-22 00:13:59,Q11,481.30,294.40,133.90,141.40,95.00,37.80,24.14,485.10,292.50,133.90,141.60,95.90,38.90,21.94,482.30,289.30,132.10,139.30,95.30,37.00,23.34,482.90,292.07,399.90,422.30,95.40,37.90,69.43
2026-04-22 00:14:00,2026-04-22 00:14:59,Q11,481.80,287.60,131.10,138.00,95.00,37.70,24.06,486.00,293.60,136.30,142.40,96.10,38.00,21.43,481.00,295.30,133.90,141.90,95.30,36.10,23.29,482.93,292.17,401.30,422.30,95.47,37.27,68.77
2026-04-22 00:15:00,2026-04-22 00:15:59,Q11,482.20,296.30,134.90,142.70,95.20,37.20,23.74,484.50,286.20,131.10,138.40,95.90,38.70,21.86,482.50,282.40,128.20,135.90,95.40,37.30,22.86,483.07,288.30,394.20,417.00,95.50,37.73,68.46
2026-04-22 00:16:00,2026-04-22 00:16:59,Q11,483.20,291.50,133.00,140.60,95.30,38.10,23.31,485.40,290.30,134.40,140.60,96.00,38.30,21.66,481.40,287.10,131.10,138.00,95.20,37.10,23.17,483.33,289.63,398.50,419.20,95.50,37.83,68.14
2026-04-22 00:17:00,2026-04-22 00:17:59,Q11,483.20,290.10,133.00,140.10,95.30,38.30,23.20,484.80,293.00,135.40,141.80,96.00,39.20,21.66,481.30,284.20,129.20,136.60,95.20,37.80,23.20,483.10,289.10,397.60,418.50,95.50,38.43,68.06
2026-04-22 00:18:00,2026-04-22 00:18:59,Q11,481.50,291.00,132.10,140.00,95.20,37.90,23.34,485.90,285.00,132.50,138.20,96.10,38.70,21.31,482.30,286.70,130.10,137.90,95.30,37.40,22.89,483.23,287.57,394.70,416.10,95.53,38.00,67.54
2026-04-22 00:19:00,2026-04-22 00:19:59,Q11,482.80,283.20,129.20,136.40,95.20,37.90,23.34,484.70,296.10,137.30,143.30,96.10,38.80,21.34,482.20,282.80,128.20,135.90,95.20,37.20,23.11,483.23,287.37,394.70,415.60,95.50,37.97,67.80
2026-04-22 00:20:00,2026-04-22 00:20:59,Q11,481.50,299.50,135.90,143.80,95.20,37.80,23.80,485.30,295.50,137.30,143.10,96.00,39.40,21.71,482.00,288.30,131.10,138.80,95.30,36.90,23.37,482.93,294.43,404.30,425.70,95.50,38.03,68.89
2026-04-22 00:21:00,2026-04-22 00:21:59,Q11,482.00,295.10,134.90,142.20,95.30,37.40,23.46,484.90,292.80,135.40,141.30,96.00,37.90,21.71,482.30,285.70,130.10,137.40,95.20,36.30,23.31,483.07,291.20,400.40,420.90,95.50,37.20,68.49
2026-04-22 00:22:00,2026-04-22 00:22:59,Q11,483.30,288.40,132.10,139.10,95.20,37.80,23.57,485.40,291.70,135.40,141.10,96.10,39.50,21.51,481.50,299.20,135.90,143.80,95.10,37.60,23.74,483.40,293.10,403.40,424.00,95.47,38.30,68.83
2026-04-22 00:23:00,2026-04-22 00:23:59,Q11,481.90,293.60,133.00,140.90,95.10,38.40,23.86,486.70,291.70,135.40,141.40,96.10,39.80,21.29,481.70,291.30,132.10,140.00,95.30,37.40,23.31,483.43,292.20,400.50,422.30,95.50,38.53,68.46
2026-04-22 00:24:00,2026-04-22 00:24:59,Q11,483.30,291.80,133.00,140.60,95.20,37.50,23.54,486.40,293.50,136.30,142.40,96.00,39.00,21.71,481.40,292.90,133.00,140.50,95.10,37.40,23.71,483.70,292.73,402.30,423.50,95.43,37.97,68.97
2026-04-22 00:25:00,2026-04-22 00:25:59,Q11,483.10,288.40,132.10,139.10,95.30,36.80,23.60,485.30,294.90,136.30,142.60,96.00,37.80,21.71,482.90,293.60,133.90,141.20,95.30,36.30,23.09,483.77,292.30,402.30,422.90,95.53,36.97,68.40
2026-04-22 00:26:00,2026-04-22 00:26:59,Q11,482.40,292.40,133.00,140.70,95.20,35.90,23.89,485.30,298.50,138.20,144.50,96.00,37.90,21.80,483.10,295.60,134.90,142.50,95.40,36.80,22.91,483.60,295.50,406.10,427.70,95.53,36.87,68.60
2026-04-22 00:27:00,2026-04-22 00:27:59,Q11,481.90,291.70,132.10,140.00,95.10,38.30,23.49,485.70,293.20,136.30,142.10,96.10,39.10,21.14,482.60,292.10,133.00,140.70,95.30,38.10,22.94,483.40,292.33,401.40,422.80,95.50,38.50,67.57
2026-04-22 00:28:00,2026-04-22 00:28:59,Q11,482.80,293.50,133.90,141.20,95.30,38.20,23.43,486.00,294.50,136.30,142.90,96.10,38.90,21.57,481.40,291.10,132.10,140.00,95.20,37.60,23.43,483.40,293.03,402.30,424.10,95.53,38.23,68.43
2026-04-22 00:29:00,2026-04-22 00:29:59,Q11,482.60,297.90,135.90,143.20,95.20,38.10,23.74,485.40,291.60,135.40,141.10,96.10,38.50,21.69,482.40,287.30,131.10,138.30,95.20,36.40,23.46,483.47,292.27,402.40,422.60,95.50,37.67,68.89
2026-04-22 00:30:00,2026-04-22 00:30:59,Q11,481.70,294.70,133.90,141.40,95.10,36.40,23.97,486.10,296.00,137.30,143.90,96.20,38.00,21.23,480.60,288.20,131.10,138.20,95.20,34.80,23.51,482.80,292.97,402.30,423.50,95.50,36.40,68.71
2026-04-22 00:31:00,2026-04-22 00:31:59,Q11,482.70,295.80,134.90,142.20,95.30,36.20,23.57,484.40,300.70,139.20,145.20,96.10,36.00,21.71,481.80,288.30,131.10,138.50,95.30,35.50,23.31,482.97,294.93,405.20,425.90,95.57,35.90,68.60
2026-04-22 00:32:00,2026-04-22 00:32:59,Q11,481.30,293.30,133.00,140.90,95.10,37.80,24.14,486.20,300.90,139.20,145.80,96.10,39.20,21.69,481.70,290.20,132.10,139.50,95.20,36.60,23.71,483.07,294.80,404.30,426.20,95.47,37.87,69.54
2026-04-22 00:33:00,2026-04-22 00:33:59,Q11,481.30,284.70,129.20,136.60,95.30,36.90,23.17,485.80,290.80,134.40,140.60,96.10,37.50,21.00,482.30,289.70,132.10,139.30,95.40,36.10,22.74,483.13,288.40,395.70,416.50,95.60,36.83,66.91
2026-04-22 00:34:00,2026-04-22 00:34:59,Q11,482.80,292.50,133.00,140.70,95.10,37.60,23.77,485.90,296.50,137.30,143.60,96.10,38.90,21.54,481.20,283.40,129.20,136.10,95.20,37.20,23.63,483.30,290.80,399.50,420.40,95.47,37.90,68.94
2026-04-22 00:35:00,2026-04-22 00:35:59,Q11,483.10,297.10,135.90,143.50,95.30,36.00,23.66,485.50,289.50,134.40,140.20,96.20,37.60,21.40,482.30,294.40,133.90,141.70,95.40,35.30,23.06,483.63,293.67,404.20,425.40,95.63,36.30,68.11
2026-04-22 00:36:00,2026-04-22 00:36:59,Q11,483.40,290.50,133.00,140.10,95.30,38.10,23.17,485.90,292.60,135.40,141.60,96.20,39.30,20.89,482.10,285.50,130.10,137.40,95.30,36.80,22.86,483.80,289.53,398.50,419.10,95.60,38.07,66.91
2026-04-22 00:37:00,2026-04-22 00:37:59,Q11,481.90,279.90,127.30,134.20,95.20,38.40,23.06,486.70,288.00,133.40,140.00,96.10,39.00,20.83,482.70,287.10,131.10,138.30,95.40,37.50,22.51,483.77,285.00,391.80,412.50,95.57,38.30,66.40
2026-04-22 00:38:00,2026-04-22 00:38:59,Q11,482.00,278.20,126.30,134.00,95.10,37.30,23.49,485.00,289.10,134.40,140.20,96.00,37.30,21.49,479.90,290.90,131.10,138.90,95.10,36.90,23.31,482.30,286.07,391.80,413.10,95.40,37.17,68.29
2026-04-22 00:39:00,2026-04-22 00:39:59,Q11,480.70,283.00,128.20,135.80,95.10,35.70,23.66,484.10,281.40,129.20,136.00,95.90,36.80,21.49,481.60,286.60,130.10,137.60,95.40,35.50,22.57,482.13,283.67,387.50,409.40,95.47,36.00,67.71
2026-04-22 00:40:00,2026-04-22 00:40:59,Q11,480.50,291.70,132.10,139.70,95.10,36.40,23.77,484.80,290.40,134.40,140.40,96.00,37.00,21.51,481.40,281.00,128.20,135.20,95.40,35.10,22.77,482.23,287.70,394.70,415.30,95.50,36.17,68.06
2026-04-22 00:41:00,2026-04-22 00:41:59,Q11,481.10,286.30,130.10,137.60,95.20,35.70,23.83,484.20,292.10,135.40,141.30,96.00,36.80,21.86,481.50,287.80,131.10,138.00,95.20,34.90,23.49,482.27,288.73,396.60,416.90,95.47,35.80,69.17
2026-04-22 00:42:00,2026-04-22 00:42:59,Q11,481.30,292.00,133.00,140.50,95.20,35.40,23.69,484.50,285.40,131.50,137.90,96.00,36.00,21.80,481.00,291.70,132.10,140.00,95.20,35.70,23.49,482.27,289.70,396.60,418.40,95.47,35.70,68.97
2026-04-22 00:43:00,2026-04-22 00:43:59,Q11,481.00,285.10,130.10,137.10,95.20,36.10,23.66,484.10,290.10,134.40,140.40,96.00,37.10,21.49,481.50,284.20,129.20,136.60,95.40,34.10,22.83,482.20,286.47,393.70,414.10,95.53,35.77,67.97
2026-04-22 00:44:00,2026-04-22 00:44:59,Q11,480.70,287.90,130.10,137.80,95.10,36.00,23.60,485.00,279.80,129.60,135.30,96.00,36.10,21.34,481.40,287.80,131.10,138.00,95.20,35.10,23.11,482.37,285.17,390.80,411.10,95.43,35.73,68.06
2026-04-22 00:45:00,2026-04-22 00:45:59,Q11,482.30,287.50,131.10,138.30,95.20,36.40,23.51,483.80,293.00,133.90,141.50,95.90,36.50,21.97,480.10,281.80,127.30,134.90,95.00,35.50,23.74,482.07,287.43,392.30,414.70,95.37,36.13,69.23
2026-04-22 00:46:00,2026-04-22 00:46:59,Q11,480.40,293.20,131.60,140.60,94.90,35.00,24.54,485.10,287.90,133.40,139.20,96.00,36.30,21.77,481.20,287.60,131.10,138.00,95.30,35.00,23.54,482.23,289.57,396.10,417.80,95.40,35.43,69.86
2026-04-22 00:47:00,2026-04-22 00:47:59,Q11,482.40,282.70,128.20,135.90,95.30,36.10,23.20,483.90,287.60,131.10,138.60,95.90,36.80,21.69,480.20,288.10,131.10,138.20,95.20,35.00,23.14,482.17,286.13,390.40,412.70,95.47,35.97,68.03
2026-04-22 00:48:00,2026-04-22 00:48:59,Q11,482.20,287.40,131.10,138.30,95.30,34.50,23.03,484.10,286.50,132.50,138.40,96.20,36.10,21.06,480.90,284.80,129.20,136.30,95.30,34.00,23.00,482.40,286.23,392.80,413.00,95.60,34.87,67.09
2026-04-22 00:49:00,2026-04-22 00:49:59,Q11,481.70,284.10,129.20,136.60,95.30,36.10,22.86,483.90,285.50,131.50,137.70,96.00,36.50,21.29,480.60,286.80,130.10,137.30,95.30,35.20,22.66,482.07,285.47,390.80,411.60,95.53,35.93,66.80
2026-04-22 00:50:00,2026-04-22 00:50:59,Q11,481.60,285.80,130.10,137.10,95.20,36.10,23.74,484.10,297.50,137.30,143.70,96.00,37.10,21.60,479.90,288.10,130.10,138.00,95.20,35.70,23.40,481.87,290.47,397.50,418.80,95.47,36.30,68.74
2026-04-22 00:51:00,2026-04-22 00:51:59,Q11,480.00,282.90,128.20,135.40,95.10,35.50,23.66,483.20,283.30,129.20,136.70,95.90,35.00,21.63,480.70,280.30,127.30,134.40,95.20,34.60,22.97,481.30,282.17,384.70,406.50,95.40,35.03,68.26
2026-04-22 00:52:00,2026-04-22 00:52:59,Q11,481.50,283.40,129.20,136.10,95.10,35.10,23.69,485.20,286.30,132.50,138.70,96.10,36.80,21.20,479.90,289.20,131.10,138.40,95.30,34.80,23.09,482.20,286.30,392.80,413.20,95.50,35.57,67.97
2026-04-22 00:53:00,2026-04-22 00:53:59,Q11,481.50,289.70,132.10,139.00,95.30,36.50,23.11,484.50,284.90,131.50,137.50,96.10,37.60,21.17,482.20,285.00,130.10,137.40,95.40,34.90,22.49,482.73,286.53,393.70,413.90,95.60,36.33,66.77
2026-04-22 00:54:00,2026-04-22 00:54:59,Q11,481.60,289.30,132.10,139.00,95.10,37.50,23.71,486.30,289.00,134.40,140.50,96.00,38.30,21.49,481.30,293.40,133.00,140.90,95.20,37.20,23.29,483.07,290.57,399.50,420.40,95.43,37.67,68.49
2026-04-22 00:55:00,2026-04-22 00:55:59,Q11,482.40,281.40,128.20,135.40,95.20,36.60,23.23,486.00,290.20,134.40,140.90,96.10,35.50,20.97,481.10,284.40,129.20,136.60,95.30,35.90,22.80,483.17,285.33,391.80,412.90,95.53,36.00,67.00
2026-04-22 00:56:00,2026-04-22 00:56:59,Q11,481.70,284.20,129.20,136.60,95.20,38.10,22.89,485.90,287.20,133.40,139.20,96.10,37.40,20.74,482.40,283.30,129.20,136.40,95.30,37.50,22.66,483.33,284.90,391.80,412.20,95.53,37.67,66.29
2026-04-22 00:57:00,2026-04-22 00:57:59,Q11,482.80,293.90,133.90,141.20,95.20,37.00,23.46,485.10,295.90,137.30,143.10,96.10,38.50,21.40,481.30,286.30,130.10,137.60,95.20,37.10,23.43,483.07,292.03,401.30,421.90,95.50,37.53,68.29
2026-04-22 00:58:00,2026-04-22 00:58:59,Q11,482.50,288.20,131.10,138.80,95.30,35.70,23.46,484.80,290.40,134.40,140.40,96.00,36.80,21.71,482.20,288.30,131.10,138.80,95.40,37.50,22.89,483.17,288.97,396.60,418.00,95.57,36.67,68.06
2026-04-22 00:59:00,2026-04-22 00:59:59,Q11,482.40,292.50,133.00,140.70,95.20,37.20,23.69,484.50,290.20,134.40,140.40,96.00,38.10,21.71,482.10,289.70,132.10,139.30,95.30,37.00,23.20,483.00,290.80,399.50,420.40,95.50,37.43,68.60
2026-04-22 01:00:00,2026-04-22 01:00:59,Q11,481.10,287.80,131.10,138.00,95.10,38.40,23.66,485.90,284.50,131.50,137.70,96.00,39.60,21.37,482.20,287.80,131.10,138.30,95.20,36.80,23.26,483.07,286.70,393.70,414.00,95.43,38.27,68.29
2026-04-22 01:01:00,2026-04-22 01:01:59,Q11,482.30,284.80,129.20,136.90,95.30,39.00,22.74,486.00,287.90,133.40,139.50,96.10,39.70,20.77,480.60,279.50,126.30,133.90,95.20,38.40,22.74,482.97,284.07,388.90,410.30,95.53,39.03,66.26
2026-04-22 01:02:00,2026-04-22 01:02:59,Q11,481.40,287.00,131.10,138.00,95.10,37.80,23.63,485.70,293.80,136.30,142.10,96.10,39.00,21.17,482.40,284.30,129.20,136.90,95.30,37.20,23.14,483.17,288.37,396.60,417.00,95.50,38.00,67.94
2026-04-22 01:03:00,2026-04-22 01:03:59,Q11,481.50,295.20,133.90,141.90,95.20,37.80,23.74,485.80,290.90,134.40,140.60,96.10,38.90,21.31,482.20,289.90,132.10,139.30,95.40,37.30,23.03,483.17,292.00,400.40,421.80,95.57,38.00,68.09
2026-04-22 01:04:00,2026-04-22 01:04:59,Q11,481.40,283.40,129.20,136.10,95.20,36.90,23.51,485.40,291.20,135.40,141.10,96.10,38.20,21.37,481.90,284.70,129.20,136.60,95.20,35.50,23.29,482.90,286.43,393.80,413.80,95.50,36.87,68.17
2026-04-22 01:05:00,2026-04-22 01:05:59,Q11,481.10,289.20,132.10,139.00,95.20,38.10,23.34,485.50,287.20,133.40,139.20,96.00,39.00,21.20,481.90,283.40,129.20,136.10,95.30,36.90,22.86,482.83,286.60,394.70,414.30,95.50,38.00,67.40
2026-04-22 01:06:00,2026-04-22 01:06:59,Q11,481.80,290.80,132.10,139.50,95.30,36.10,23.51,484.40,292.90,135.40,141.30,96.00,37.80,21.74,482.20,289.70,132.10,139.30,95.30,36.40,23.17,482.80,291.13,399.60,420.10,95.53,36.77,68.43
2026-04-22 01:07:00,2026-04-22 01:07:59,Q11,481.10,287.10,131.10,138.00,95.20,37.10,23.34,484.70,290.20,134.40,140.40,96.10,38.80,20.97,482.30,277.50,126.30,133.50,95.50,36.20,22.34,482.70,284.93,391.80,411.90,95.60,37.37,66.66
2026-04-22 01:08:00,2026-04-22 01:08:59,Q11,481.90,295.30,133.90,141.90,95.00,37.10,24.09,486.00,291.30,135.40,141.40,96.10,37.80,21.34,480.80,285.10,129.20,136.80,95.20,36.90,23.63,482.90,290.57,398.50,420.10,95.43,37.27,69.06
2026-04-22 01:10:00,2026-04-22 01:10:59,Q11,481.40,287.50,131.10,138.00,95.10,38.10,23.71,486.10,290.00,134.40,140.90,96.10,38.90,21.09,481.20,290.50,132.10,139.50,95.40,36.60,22.77,482.90,289.33,397.60,418.40,95.53,37.87,67.57
2026-04-22 01:11:00,2026-04-22 01:11:59,Q11,480.80,287.90,130.10,137.80,95.10,38.10,23.74,485.10,280.10,129.60,135.80,96.00,39.10,21.20,482.30,284.50,129.20,136.90,95.50,35.90,22.51,482.73,284.17,388.90,410.50,95.53,37.70,67.46
2026-04-22 01:12:00,2026-04-22 01:12:59,Q11,481.60,284.80,129.20,136.60,95.20,37.00,23.00,485.20,280.10,129.60,135.80,96.10,37.80,20.89,482.70,278.00,126.30,134.00,95.40,36.20,22.29,483.17,280.97,385.10,406.40,95.57,37.00,66.17
2026-04-22 01:13:00,2026-04-22 01:13:59,Q11,481.90,294.20,133.90,141.40,95.10,36.60,23.69,485.90,292.20,135.40,141.60,96.10,39.10,21.23,482.70,283.60,129.20,136.40,95.40,37.00,22.83,483.50,290.00,398.50,419.40,95.53,37.57,67.74
2026-04-22 01:14:00,2026-04-22 01:14:59,Q11,482.50,282.50,128.20,135.90,95.30,37.20,23.23,485.60,288.40,133.40,139.70,96.10,38.10,21.20,482.50,287.90,131.10,138.30,95.40,35.70,22.69,483.53,286.27,392.70,413.90,95.60,37.00,67.11
2026-04-22 01:15:00,2026-04-22 01:15:59,Q11,481.90,286.80,130.10,137.60,95.20,37.00,23.17,486.50,284.40,132.50,138.00,96.20,38.10,20.71,482.50,281.40,128.20,135.40,95.40,37.20,22.54,483.63,284.20,390.80,411.00,95.60,37.43,66.43
2026-04-22 01:16:00,2026-04-22 01:16:59,Q11,482.00,290.30,132.10,139.80,95.20,37.60,23.51,485.00,288.30,133.40,139.70,96.00,38.60,21.51,482.60,286.00,130.10,137.90,95.30,36.90,23.09,483.20,288.20,395.60,417.40,95.50,37.70,68.11
2026-04-22 01:17:00,2026-04-22 01:17:59,Q11,483.10,292.70,133.90,141.00,95.20,36.70,23.54,486.00,287.00,133.40,139.50,96.10,38.40,21.40,481.20,289.70,132.10,139.00,95.20,35.30,23.29,483.43,289.80,399.40,419.50,95.50,36.80,68.23
2026-04-22 01:18:00,2026-04-22 01:18:59,Q11,483.50,277.70,126.30,133.80,95.30,38.70,22.54,485.40,277.90,128.60,134.30,96.10,39.40,20.77,481.40,282.40,128.20,135.60,95.20,37.20,22.60,483.43,279.33,383.10,403.70,95.53,38.43,65.91
2026-04-22 01:19:00,2026-04-22 01:19:59,Q11,481.90,289.40,132.10,139.00,95.10,37.10,23.74,486.00,289.70,134.40,140.50,96.10,38.00,21.34,482.90,284.50,129.20,136.90,95.30,35.70,23.11,483.60,287.87,395.70,416.40,95.50,36.93,68.20
2026-04-22 01:20:00,2026-04-22 01:20:59,Q11,481.70,288.30,131.10,138.50,95.10,37.90,23.57,486.30,288.10,133.40,140.00,96.10,38.30,21.31,481.80,288.30,131.10,138.50,95.20,37.40,23.20,483.27,288.23,395.60,417.00,95.47,37.87,68.09
2026-04-22 01:21:00,2026-04-22 01:21:59,Q11,482.50,283.90,129.20,136.40,95.20,36.40,23.46,485.70,289.00,134.40,140.20,96.10,37.50,21.06,482.40,280.10,127.30,135.00,95.40,36.40,22.69,483.53,284.33,390.90,411.60,95.57,36.77,67.20
2026-04-22 01:22:00,2026-04-22 01:22:59,Q11,482.30,289.60,132.10,139.30,95.20,37.50,23.54,486.20,295.80,137.30,143.40,96.10,38.20,21.40,482.40,284.80,129.20,136.90,95.10,36.50,23.49,483.63,290.07,398.60,419.60,95.47,37.40,68.43
2026-04-22 01:23:00,2026-04-22 01:23:59,Q11,482.30,282.70,128.20,135.90,95.10,37.80,23.49,484.90,290.50,134.40,140.40,96.00,39.00,21.43,482.60,284.50,129.20,136.90,95.20,37.70,23.06,483.27,285.90,391.80,413.20,95.43,38.17,67.97
2026-04-22 01:24:00,2026-04-22 01:24:59,Q11,483.40,284.90,130.10,137.20,95.20,36.80,23.11,485.00,292.60,135.40,141.60,96.00,37.90,21.26,481.80,281.50,128.20,135.20,95.30,36.00,22.71,483.40,286.33,393.70,414.00,95.50,36.90,67.09
2026-04-22 01:25:00,2026-04-22 01:25:59,Q11,482.80,289.20,132.10,139.30,95.20,37.80,23.43,486.20,294.70,136.30,142.90,96.20,38.50,21.14,481.10,290.80,132.10,139.50,95.10,37.30,23.71,483.37,291.57,400.50,421.70,95.50,37.87,68.29
2026-04-22 01:26:00,2026-04-22 01:26:59,Q11,482.40,287.60,131.10,138.30,95.30,36.40,23.29,486.50,286.80,132.50,139.00,96.10,37.80,21.34,481.00,290.40,132.10,139.50,95.20,35.20,23.37,483.30,288.27,395.70,416.80,95.53,36.47,68.00
2026-04-22 01:27:00,2026-04-22 01:27:59,Q11,483.10,285.70,130.10,137.70,95.40,37.90,22.97,485.10,291.00,135.40,141.10,96.20,38.40,21.11,480.90,284.40,129.20,136.30,95.20,36.60,23.29,483.03,287.03,394.70,415.10,95.60,37.63,67.37
2026-04-22 01:28:00,2026-04-22 01:28:59,Q11,482.60,287.60,131.10,138.30,95.30,38.00,23.06,486.10,291.30,135.40,141.40,96.20,37.90,21.06,481.40,289.60,132.10,139.00,95.20,37.20,23.17,483.37,289.50,398.60,418.70,95.57,37.70,67.29
2026-04-22 01:29:00,2026-04-22 01:29:59,Q11,482.80,286.70,130.10,137.90,95.20,38.30,23.20,485.20,291.10,135.40,141.10,96.10,37.00,21.14,481.90,281.70,128.20,135.20,95.20,37.80,23.06,483.30,286.50,393.70,414.20,95.50,37.70,67.40
2026-04-22 01:30:00,2026-04-22 01:30:59,Q11,482.40,295.60,134.90,142.20,95.20,37.80,23.60,484.70,289.90,133.40,139.90,96.00,38.90,21.77,482.20,285.20,130.10,137.40,95.20,37.50,23.31,483.10,290.23,398.40,419.50,95.47,38.07,68.69
2026-04-22 01:31:00,2026-04-22 01:31:59,Q11,481.30,286.10,130.10,137.60,95.10,37.60,23.60,485.70,288.50,133.40,139.70,96.00,38.80,21.26,482.30,287.70,131.10,138.30,95.30,36.20,22.77,483.10,287.43,394.60,415.60,95.47,37.53,67.63
2026-04-22 01:32:00,2026-04-22 01:32:59,Q11,481.40,286.80,130.10,137.60,95.10,37.20,23.77,486.00,296.00,137.30,143.90,96.10,38.30,21.34,482.40,287.60,131.10,138.30,95.40,37.20,23.03,483.27,290.13,398.50,419.80,95.53,37.57,68.14
2026-04-22 01:33:00,2026-04-22 01:33:59,Q11,483.40,280.70,128.20,135.20,95.30,37.20,23.09,485.10,291.90,135.40,141.10,96.00,39.30,21.46,481.60,282.20,128.20,135.60,95.20,37.50,23.17,483.37,284.93,391.80,411.90,95.50,38.00,67.71
2026-04-22 01:34:00,2026-04-22 01:34:59,Q11,482.60,282.40,128.20,135.90,95.20,36.70,23.31,484.80,291.40,134.40,140.80,96.00,37.70,21.31,482.50,283.80,129.20,136.40,95.20,36.90,23.00,483.30,285.87,391.80,413.10,95.47,37.10,67.63
2026-04-22 01:35:00,2026-04-22 01:35:59,Q11,480.80,287.00,130.10,137.80,95.00,35.60,23.89,485.10,295.70,137.30,143.10,96.10,36.70,21.17,479.80,282.30,128.20,135.10,95.10,35.00,23.74,481.90,288.33,395.60,416.00,95.40,35.77,68.80
2026-04-22 01:36:00,2026-04-22 01:36:59,Q11,481.40,286.20,130.10,137.60,95.10,36.30,23.34,485.00,284.90,131.50,137.70,96.10,37.10,21.00,479.80,276.30,125.40,132.20,95.10,34.90,23.20,482.07,282.47,387.00,407.50,95.43,36.10,67.54
2026-04-22 01:37:00,2026-04-22 01:37:59,Q11,482.10,279.80,127.30,134.50,95.20,35.40,22.69,484.20,278.60,128.60,134.60,96.00,36.20,20.97,481.20,275.60,125.40,132.30,95.20,35.10,22.51,482.50,278.00,381.30,401.40,95.47,35.57,66.17
2026-04-22 01:38:00,2026-04-22 01:38:59,Q11,482.30,287.20,131.10,138.30,95.20,35.70,23.49,484.70,287.80,132.50,138.90,96.00,36.70,21.49,480.30,285.50,129.20,136.80,95.20,34.90,23.40,482.43,286.83,392.80,414.00,95.47,35.77,68.37
2026-04-22 01:39:00,2026-04-22 01:39:59,Q11,481.00,286.60,130.10,137.60,95.10,35.70,23.91,484.10,292.00,133.90,141.30,95.90,37.20,21.83,481.80,284.20,129.20,136.60,95.30,35.40,23.06,482.30,287.60,393.20,415.50,95.43,36.10,68.80
2026-04-22 01:40:00,2026-04-22 01:40:59,Q11,481.10,287.50,129.70,138.00,94.80,36.20,24.43,485.90,292.60,133.90,141.60,95.80,36.90,21.80,481.90,279.30,127.30,134.20,95.10,35.90,23.46,482.97,286.47,390.90,413.80,95.23,36.33,69.69
2026-04-22 01:41:00,2026-04-22 01:41:59,Q11,482.80,282.70,128.20,135.90,95.10,36.70,23.31,484.60,282.20,129.20,136.50,95.90,36.90,21.49,480.80,284.40,129.20,136.30,95.00,36.20,23.34,482.73,283.10,386.60,408.70,95.33,36.60,68.14
2026-04-22 01:42:00,2026-04-22 01:42:59,Q11,481.80,289.20,130.70,139.00,94.90,35.60,24.17,486.10,296.40,137.30,143.90,96.00,35.50,21.60,480.70,284.50,129.20,136.30,95.10,34.80,23.74,482.87,290.03,397.20,419.20,95.33,35.30,69.51
2026-04-22 01:43:00,2026-04-22 01:43:59,Q11,482.30,284.00,129.20,136.90,95.00,36.00,24.11,485.20,288.60,132.10,139.70,95.70,37.10,22.37,482.20,287.00,131.10,138.30,95.20,35.10,23.34,483.23,286.53,392.40,414.90,95.30,36.07,69.83
2026-04-22 01:44:00,2026-04-22 01:44:59,Q11,482.90,289.70,132.10,139.30,95.00,36.10,23.69,485.80,286.20,131.10,138.70,95.90,37.30,21.71,480.80,281.70,127.30,134.90,95.00,35.30,23.51,483.17,285.87,390.50,412.90,95.30,36.23,68.91
2026-04-22 01:45:00,2026-04-22 01:45:59,Q11,482.60,286.20,128.80,137.90,94.90,36.70,23.74,486.10,285.20,131.10,138.50,95.90,37.20,21.63,480.70,285.60,129.20,136.80,95.00,35.10,23.37,483.13,285.67,389.10,413.20,95.27,36.33,68.74
2026-04-22 01:46:00,2026-04-22 01:46:59,Q11,483.40,276.50,126.30,133.30,95.10,35.70,23.17,485.50,285.30,131.10,138.20,95.80,36.80,21.37,482.70,276.20,126.30,133.00,95.00,34.80,22.94,483.87,279.33,383.70,404.50,95.30,35.77,67.49
2026-04-22 01:47:00,2026-04-22 01:47:59,Q11,483.10,288.80,132.10,139.10,95.20,37.10,23.49,486.30,289.70,133.00,140.50,95.90,37.20,21.74,483.80,282.40,129.20,136.20,95.20,35.70,23.03,484.40,286.97,394.30,415.80,95.43,36.67,68.26
2026-04-22 01:48:00,2026-04-22 01:48:59,Q11,483.70,273.90,124.40,131.90,95.10,38.70,22.91,485.90,284.50,131.50,137.70,96.10,39.50,20.66,483.10,276.40,126.30,133.30,95.20,37.70,22.66,484.23,278.27,382.20,402.90,95.47,38.63,66.23
2026-04-22 01:49:00,2026-04-22 01:49:59,Q11,483.60,288.50,132.10,139.10,95.10,35.60,23.60,487.00,288.50,134.40,140.30,96.00,37.30,21.54,482.00,290.90,132.10,139.80,95.10,33.80,23.54,484.20,289.30,398.60,419.20,95.40,35.57,68.69
2026-04-22 01:50:00,2026-04-22 01:50:59,Q11,483.00,281.80,128.20,135.70,95.10,38.10,23.06,487.50,281.90,130.60,136.80,96.00,39.30,21.20,482.30,285.20,130.10,137.40,95.00,36.80,23.23,484.27,282.97,388.90,409.90,95.37,38.07,67.49
2026-04-22 01:51:00,2026-04-22 01:51:59,Q11,482.80,276.30,126.30,133.00,95.00,35.70,23.49,487.50,283.50,131.50,137.80,96.10,37.50,20.83,483.10,285.70,130.10,137.70,95.20,36.50,23.06,484.47,281.83,387.90,408.50,95.43,36.57,67.37
2026-04-22 01:52:00,2026-04-22 01:52:59,Q11,482.60,281.30,126.90,135.40,94.90,38.30,23.51,487.70,287.80,133.40,139.80,96.10,39.00,20.86,482.70,279.00,127.30,134.50,95.10,37.90,23.17,484.33,282.70,387.60,409.70,95.37,38.40,67.54
2026-04-22 01:53:00,2026-04-22 01:53:59,Q11,482.80,285.70,130.10,137.40,95.10,37.80,23.31,485.90,284.50,130.10,137.70,95.90,39.40,21.43,483.60,277.00,126.30,133.80,95.30,37.10,22.57,484.10,282.40,386.50,408.90,95.43,38.10,67.31
2026-04-22 01:54:00,2026-04-22 01:54:59,Q11,482.30,280.10,127.30,135.00,95.00,36.70,23.34,487.30,284.80,132.50,138.30,96.00,35.90,20.91,482.70,280.90,127.30,135.00,95.10,35.90,22.97,484.10,281.93,387.10,408.30,95.37,36.17,67.23
2026-04-22 01:55:00,2026-04-22 01:55:59,Q11,484.20,278.70,127.30,134.60,95.20,39.20,22.69,486.90,286.50,132.50,139.00,96.00,39.80,20.91,482.00,276.90,126.30,133.00,95.00,38.90,23.09,484.37,280.70,386.10,406.60,95.40,39.30,66.69
2026-04-22 01:56:00,2026-04-22 01:56:59,Q11,484.00,282.60,129.20,136.50,95.20,37.90,23.29,486.30,289.40,133.00,140.50,95.90,36.70,21.74,482.00,283.20,127.80,136.40,94.90,36.10,23.69,484.10,285.07,390.00,413.40,95.33,36.90,68.71
2026-04-22 01:57:00,2026-04-22 01:57:59,Q11,482.30,284.00,129.20,136.90,95.00,36.50,23.66,485.70,283.70,130.10,137.30,95.90,37.10,21.57,482.30,281.20,128.20,135.40,95.00,35.20,23.37,483.43,282.97,387.50,409.60,95.30,36.27,68.60
2026-04-22 01:58:00,2026-04-22 01:58:59,Q11,481.80,288.00,129.70,138.50,94.90,35.90,24.06,485.20,279.70,128.20,135.30,95.80,36.70,22.03,482.70,286.30,130.10,137.90,95.10,35.70,23.29,483.23,284.67,388.00,411.70,95.27,36.10,69.37
2026-04-22 01:59:00,2026-04-22 01:59:59,Q11,482.50,290.80,130.70,139.80,94.90,35.30,24.43,484.90,286.00,131.10,138.40,95.80,36.80,22.26,482.10,287.80,131.10,138.30,95.10,35.70,23.91,483.17,288.20,392.90,416.50,95.27,35.93,70.60
2026-04-22 02:00:00,2026-04-22 02:00:59,Q11,482.70,284.90,129.20,136.90,95.00,36.10,24.03,484.60,283.10,129.20,137.00,95.90,37.60,21.94,481.60,289.40,132.10,139.00,95.00,35.30,23.83,482.97,285.80,390.50,412.90,95.30,36.33,69.80
2026-04-22 02:01:00,2026-04-22 02:01:59,Q11,480.90,281.70,126.00,134.90,94.90,37.10,24.00,485.00,283.20,130.10,137.30,95.80,38.10,21.69,482.10,284.80,129.20,136.90,95.20,36.40,23.06,482.67,283.23,385.30,409.10,95.30,37.20,68.74
2026-04-22 02:02:00,2026-04-22 02:02:59,Q11,483.30,283.80,127.80,136.70,94.90,37.40,24.09,486.70,288.80,132.10,140.00,95.90,37.30,21.71,481.40,284.80,127.80,136.60,94.90,36.10,23.83,483.80,285.80,387.70,413.30,95.23,36.93,69.63
2026-04-22 02:03:00,2026-04-22 02:03:59,Q11,482.60,287.70,131.10,138.30,95.10,38.20,23.54,486.70,284.20,131.10,138.00,95.90,39.60,21.57,483.30,280.30,128.20,135.20,95.20,38.00,22.97,484.20,284.07,390.40,411.50,95.40,38.60,68.09
2026-04-22 02:04:00,2026-04-22 02:04:59,Q11,483.90,285.20,130.10,137.70,95.30,37.40,23.14,486.50,291.30,135.40,141.40,96.10,38.90,21.26,483.00,290.80,133.00,140.10,95.20,37.40,23.17,484.47,289.10,398.50,419.20,95.53,37.90,67.57
2026-04-22 02:05:00,2026-04-22 02:05:59,Q11,482.20,281.40,126.90,135.40,94.90,38.10,23.83,487.00,292.00,136.30,142.20,96.00,38.00,21.29,483.10,283.80,129.20,136.70,95.20,37.10,23.20,484.10,285.73,392.40,414.30,95.37,37.73,68.31
2026-04-22 02:06:00,2026-04-22 02:06:59,Q11,483.80,289.90,132.10,139.60,95.20,38.60,23.20,486.20,286.70,131.10,139.00,95.90,39.80,21.63,481.50,288.30,129.70,138.50,94.90,37.80,23.66,483.83,288.30,392.90,417.10,95.33,38.73,68.49
2026-04-22 02:07:00,2026-04-22 02:07:59,Q11,483.20,284.30,130.10,137.20,95.10,38.60,23.46,485.80,290.20,133.00,140.60,95.90,39.80,21.57,483.20,285.90,130.10,137.70,95.20,37.70,22.94,484.07,286.80,393.20,415.50,95.40,38.70,67.97
2026-04-22 02:08:00,2026-04-22 02:08:59,Q11,482.80,283.80,127.80,136.40,94.90,38.10,24.09,487.20,291.40,135.40,141.70,96.00,39.50,21.49,481.30,289.30,132.10,139.00,95.10,36.80,23.49,483.77,288.17,395.30,417.10,95.33,38.13,69.06
2026-04-22 02:09:00,2026-04-22 02:09:59,Q11,482.00,285.40,130.10,137.40,95.00,38.60,23.74,487.10,285.30,132.50,138.80,96.00,39.70,21.23,482.40,282.80,128.20,135.90,95.20,36.80,23.20,483.83,284.50,390.80,412.10,95.40,38.37,68.17
2026-04-22 02:10:00,2026-04-22 02:10:59,Q11,483.50,288.70,132.10,139.10,95.10,37.20,23.80,485.40,294.70,134.90,142.60,95.80,39.40,22.00,482.50,291.00,133.00,140.30,95.10,37.40,23.31,483.80,291.47,400.00,422.00,95.33,38.00,69.11
2026-04-22 02:11:00,2026-04-22 02:11:59,Q11,483.60,289.80,132.10,139.60,95.10,38.60,23.74,485.60,289.90,134.40,140.20,96.00,39.90,21.34,482.10,291.50,133.00,140.30,95.20,38.30,23.17,483.77,290.40,399.50,420.10,95.43,38.93,68.26
2026-04-22 02:12:00,2026-04-22 02:12:59,Q11,482.30,283.00,129.20,136.40,95.00,36.00,23.91,485.00,287.60,133.40,139.20,96.00,35.90,21.69,480.30,291.80,132.10,139.70,95.00,35.50,23.80,482.53,287.47,394.70,415.30,95.33,35.80,69.40
2026-04-22 02:13:00,2026-04-22 02:13:59,Q11,481.50,287.60,129.70,138.00,94.80,37.00,24.06,486.00,287.30,133.40,139.50,96.00,37.40,21.23,481.10,283.70,129.20,136.10,95.10,35.70,23.46,482.87,286.20,392.30,413.60,95.30,36.70,68.74
2026-04-22 02:14:00,2026-04-22 02:14:59,Q11,482.30,290.50,130.70,139.80,94.90,36.70,23.94,485.30,284.50,130.10,137.70,95.90,37.80,21.40,481.70,278.80,126.30,133.70,95.20,35.70,23.14,483.10,284.60,387.10,411.20,95.33,36.73,68.49
2026-04-22 02:15:00,2026-04-22 02:15:59,Q11,481.10,286.10,128.80,137.60,94.90,36.30,24.29,486.30,288.50,133.40,140.00,96.00,37.20,21.66,480.60,290.70,132.10,139.20,95.10,35.50,23.74,482.67,288.43,394.30,416.80,95.33,36.33,69.69
2026-04-22 02:16:00,2026-04-22 02:16:59,Q11,482.20,284.40,127.80,136.90,94.90,35.60,23.77,485.70,283.60,131.50,137.30,96.00,37.30,21.37,480.40,281.90,127.30,134.90,95.00,35.70,23.54,482.77,283.30,386.60,409.10,95.30,36.20,68.69
2026-04-22 02:17:00,2026-04-22 02:17:59,Q11,482.30,283.60,129.20,136.40,95.00,35.30,23.74,484.50,287.80,131.10,138.90,95.80,35.30,21.77,481.80,280.10,127.30,134.70,95.10,33.60,23.09,482.87,283.83,387.60,410.00,95.30,34.73,68.60
2026-04-22 02:18:00,2026-04-22 02:18:59,Q11,483.80,287.80,131.10,138.60,95.20,38.30,23.17,485.80,289.00,134.40,140.20,96.10,39.70,21.23,482.00,288.50,131.10,138.80,95.00,37.70,23.43,483.87,288.43,396.60,417.60,95.43,38.57,67.83
2026-04-22 02:19:00,2026-04-22 02:19:59,Q11,483.90,289.10,132.10,139.60,95.20,36.30,23.46,485.70,291.70,133.90,141.10,95.90,37.60,21.77,482.00,288.50,131.10,138.80,95.00,34.60,23.57,483.87,289.77,397.10,419.50,95.37,36.17,68.80
2026-04-22 02:20:00,2026-04-22 02:20:59,Q11,483.20,283.10,129.20,136.70,95.10,38.10,23.14,486.10,279.80,129.60,135.60,96.00,39.70,21.26,482.00,283.00,129.20,136.40,95.20,38.00,22.89,483.77,281.97,388.00,408.70,95.43,38.60,67.29
2026-04-22 02:21:00,2026-04-22 02:21:59,Q11,483.20,283.00,129.20,136.70,95.10,36.00,23.51,485.90,288.80,133.40,139.70,96.00,37.10,21.54,482.10,291.80,133.00,140.30,95.10,36.60,23.37,483.73,287.87,395.60,416.70,95.40,36.57,68.43
2026-04-22 02:22:00,2026-04-22 02:22:59,Q11,481.80,291.80,132.10,140.00,95.10,36.10,23.83,486.80,291.80,133.90,141.40,95.90,37.40,21.74,482.30,286.10,130.10,137.90,95.30,36.90,23.20,483.63,289.90,396.10,419.30,95.43,36.80,68.77
2026-04-22 02:23:00,2026-04-22 02:23:59,Q11,482.20,285.30,130.10,137.40,95.00,38.00,23.74,486.80,295.20,137.30,143.40,96.00,38.60,21.46,482.70,285.40,130.10,137.40,95.10,36.50,23.43,483.90,288.63,397.50,418.20,95.37,37.70,68.63
2026-04-22 02:24:00,2026-04-22 02:24:59,Q11,482.50,287.00,131.10,138.30,95.10,38.30,23.60,487.30,290.60,135.40,141.20,96.00,39.40,21.51,482.40,292.80,133.00,140.70,95.20,37.50,23.23,484.07,290.13,399.50,420.20,95.43,38.40,68.34
2026-04-22 02:25:00,2026-04-22 02:25:59,Q11,482.60,287.90,131.10,138.30,95.30,38.20,23.14,486.00,284.60,132.50,138.00,96.00,38.70,21.37,483.50,286.10,131.10,138.10,95.40,37.10,22.60,484.03,286.20,394.70,414.40,95.57,38.00,67.11
2026-04-22 02:26:00,2026-04-22 02:26:59,Q11,484.00,290.40,133.00,140.40,95.20,37.80,23.57,487.00,294.50,137.30,143.20,96.00,39.60,21.66,482.00,286.70,130.10,137.90,95.20,37.90,23.40,484.33,290.53,400.40,421.50,95.47,38.43,68.63
2026-04-22 02:27:00,2026-04-22 02:27:59,Q11,484.00,287.30,131.10,138.90,95.10,37.50,23.57,486.20,287.20,132.10,139.50,95.90,38.50,21.80,483.00,286.00,131.10,138.10,95.20,37.00,23.11,484.40,286.83,394.30,416.50,95.40,37.67,68.49
2026-04-22 02:28:00,2026-04-22 02:28:59,Q11,483.70,282.30,129.20,136.20,95.30,38.20,22.49,486.90,283.90,131.50,137.50,96.10,39.40,20.74,482.70,276.30,126.30,133.00,95.20,37.30,22.51,484.43,280.83,387.00,406.70,95.53,38.30,65.74
2026-04-22 02:29:00,2026-04-22 02:29:59,Q11,483.10,288.60,132.10,139.10,95.20,38.70,23.29,486.60,285.90,131.10,138.50,95.90,39.40,21.40,483.70,281.70,128.20,135.70,95.20,37.10,22.89,484.47,285.40,391.40,413.30,95.43,38.40,67.57
2026-04-22 02:30:00,2026-04-22 02:30:59,Q11,482.40,285.30,128.80,137.40,94.90,36.60,24.14,487.40,296.30,138.20,144.20,96.10,38.30,21.29,483.00,291.80,133.00,140.60,95.20,37.00,23.31,484.27,291.13,400.00,422.20,95.40,37.30,68.74
2026-04-22 02:31:00,2026-04-22 02:31:59,Q11,483.00,285.10,130.10,137.70,95.10,37.20,23.46,487.70,289.20,134.40,140.70,96.10,39.20,21.23,481.80,280.90,127.30,134.70,95.10,37.50,23.37,484.17,285.07,391.80,413.10,95.43,37.97,68.06
2026-04-22 02:32:00,2026-04-22 02:32:59,Q11,483.80,292.80,133.90,141.00,95.10,37.50,23.71,485.90,292.70,135.40,141.60,96.00,39.10,21.80,483.10,289.60,132.10,139.60,95.20,37.40,23.46,484.27,291.70,401.40,422.20,95.43,38.00,68.97
2026-04-22 02:33:00,2026-04-22 02:33:59,Q11,484.10,280.90,128.20,135.50,95.30,37.90,23.11,486.20,295.60,137.30,143.40,96.00,39.80,21.54,482.20,284.10,129.20,136.90,95.20,38.10,23.17,484.17,286.87,394.70,415.80,95.50,38.60,67.83
2026-04-22 02:34:00,2026-04-22 02:34:59,Q11,482.50,277.30,126.30,133.50,95.10,39.10,23.43,486.70,286.10,132.50,139.00,96.00,40.00,21.17,483.20,283.00,129.20,136.70,95.30,37.70,22.66,484.13,282.13,388.00,409.20,95.47,38.93,67.26
2026-04-22 02:35:00,2026-04-22 02:35:59,Q11,483.80,291.80,133.00,140.60,95.20,38.00,23.57,486.70,294.90,136.30,142.90,96.10,39.10,21.49,482.10,286.50,130.10,137.90,95.20,36.20,23.40,484.20,291.07,399.40,421.40,95.50,37.77,68.46
2026-04-22 02:36:00,2026-04-22 02:36:59,Q11,483.90,288.20,132.10,139.10,95.10,37.30,23.66,485.90,285.00,131.10,138.20,95.80,39.50,22.00,483.00,294.50,134.90,142.00,95.10,37.40,23.31,484.27,289.23,398.10,419.30,95.33,38.07,68.97
2026-04-22 02:37:00,2026-04-22 02:37:59,Q11,483.20,284.90,130.10,137.20,95.10,36.90,23.57,485.80,289.70,133.00,140.20,95.90,39.20,21.43,483.60,287.40,131.10,138.60,95.40,37.30,22.66,484.20,287.33,394.20,416.00,95.47,37.80,67.66
2026-04-22 02:38:00,2026-04-22 02:38:59,Q11,483.40,287.50,131.10,138.60,95.10,38.40,23.71,486.30,288.30,132.10,140.00,95.90,39.10,21.60,483.90,286.70,131.10,138.10,95.30,37.90,22.86,484.53,287.50,394.30,416.70,95.43,38.47,68.17
2026-04-22 02:39:00,2026-04-22 02:39:59,Q11,483.10,289.70,132.10,139.60,95.00,36.40,24.09,486.70,292.50,135.40,141.90,96.00,37.80,21.69,484.00,292.10,133.90,141.30,95.20,37.00,23.51,484.60,291.43,401.40,422.80,95.40,37.07,69.29
2026-04-22 02:40:00,2026-04-22 02:40:59,Q11,482.80,292.40,133.00,140.70,95.00,37.80,24.17,486.90,290.10,133.00,140.90,95.90,37.50,21.83,483.90,291.10,133.00,140.60,95.30,36.20,23.26,484.53,291.20,399.00,422.20,95.40,37.17,69.26
2026-04-22 02:41:00,2026-04-22 02:41:59,Q11,483.10,285.40,130.10,137.70,95.10,37.90,23.83,486.40,293.70,134.90,142.40,95.90,39.80,21.86,483.30,290.70,133.00,140.10,95.10,37.90,23.37,484.27,289.93,398.00,420.20,95.37,38.53,69.06
2026-04-22 02:42:00,2026-04-22 02:42:59,Q11,483.30,280.80,128.20,135.20,95.10,38.80,23.23,486.40,293.20,136.30,142.40,96.00,38.40,21.20,482.40,282.60,128.20,135.90,95.20,38.60,22.91,484.03,285.53,392.70,413.50,95.43,38.60,67.34
2026-04-22 02:43:00,2026-04-22 02:43:59,Q11,483.80,284.60,130.10,137.20,95.10,37.90,23.66,487.20,295.10,137.30,143.70,96.00,39.60,21.83,481.80,286.80,130.10,137.60,95.00,37.80,23.94,484.27,288.83,397.50,418.50,95.37,38.43,69.43
2026-04-22 02:44:00,2026-04-22 02:44:59,Q11,483.90,293.80,133.90,141.50,95.20,35.50,23.69,486.10,294.70,136.30,142.90,96.00,36.80,21.83,483.00,288.50,132.10,139.10,95.20,36.90,23.46,484.33,292.33,402.30,423.50,95.47,36.40,68.97
2026-04-22 02:45:00,2026-04-22 02:45:59,Q11,482.50,292.20,133.00,140.70,95.00,38.00,24.23,486.30,292.20,133.90,141.90,95.80,38.60,22.03,483.70,290.00,133.00,140.10,95.20,37.50,23.37,484.17,291.47,399.90,422.70,95.33,38.03,69.63
2026-04-22 02:46:00,2026-04-22 02:46:59,Q11,483.90,288.80,132.10,139.10,95.20,37.30,23.74,486.00,293.60,134.90,142.40,95.90,39.30,21.97,483.40,290.90,133.00,140.10,95.20,37.20,23.37,484.43,291.10,400.00,421.60,95.43,37.93,69.09
2026-04-22 02:47:00,2026-04-22 02:47:59,Q11,484.30,291.60,133.00,140.80,95.30,38.40,23.46,486.40,292.10,135.40,141.90,96.00,39.70,21.74,483.40,289.90,132.10,139.60,95.10,38.20,23.49,484.70,291.20,400.50,422.30,95.47,38.77,68.69
2026-04-22 02:48:00,2026-04-22 02:48:59,Q11,483.70,283.40,127.80,136.70,94.90,38.40,23.97,488.20,294.80,137.30,143.50,96.10,39.50,21.23,482.60,291.60,133.00,140.30,95.00,37.60,23.80,484.83,289.93,398.10,420.50,95.33,38.50,69.00
2026-04-22 02:49:00,2026-04-22 02:49:59,Q11,484.40,291.60,133.00,140.80,95.10,38.10,23.43,487.40,289.50,134.40,140.70,96.10,39.10,21.29,482.70,282.30,128.20,135.90,95.10,37.90,23.51,484.83,287.80,395.60,417.40,95.43,38.37,68.23
2026-04-22 02:50:00,2026-04-22 02:50:59,Q11,483.30,291.20,133.00,140.60,95.00,37.40,24.03,487.90,295.60,137.30,143.70,96.00,39.10,21.46,483.50,288.20,132.10,139.10,95.30,36.70,23.14,484.90,291.67,402.40,423.40,95.43,37.73,68.63
2026-04-22 02:51:00,2026-04-22 02:51:59,Q11,484.90,291.30,133.00,140.80,95.30,38.50,23.40,487.20,296.30,138.20,144.20,96.00,39.50,21.86,483.70,285.20,130.10,137.70,95.10,36.50,23.46,485.27,290.93,401.30,422.70,95.47,38.17,68.71
2026-04-22 02:52:00,2026-04-22 02:52:59,Q11,483.80,292.00,133.90,141.00,95.10,38.50,23.74,488.20,290.30,135.40,141.50,96.10,39.10,21.23,483.00,284.30,130.10,137.20,95.30,37.50,23.06,485.00,288.87,399.40,419.70,95.50,38.37,68.03
2026-04-22 02:53:00,2026-04-22 02:53:59,Q11,483.40,288.10,132.10,139.10,95.20,38.20,23.46,488.20,288.40,134.40,140.50,96.00,39.90,21.29,483.90,280.30,128.20,135.20,95.30,37.50,22.83,485.17,285.60,394.70,414.80,95.50,38.53,67.57
2026-04-22 02:54:00,2026-04-22 02:54:59,Q11,483.70,287.90,131.10,138.60,95.20,38.80,23.40,488.10,291.70,136.30,142.00,96.10,39.80,21.31,482.90,285.50,130.10,137.40,95.20,37.80,23.29,484.90,288.37,397.50,418.00,95.50,38.80,68.00
2026-04-22 02:55:00,2026-04-22 02:55:59,Q11,483.40,282.40,129.20,136.20,95.00,37.20,23.89,488.40,289.20,135.40,141.00,96.10,38.90,21.14,483.10,290.00,133.00,140.10,95.30,37.50,22.97,484.97,287.20,397.60,417.30,95.47,37.87,68.00
2026-04-22 02:56:00,2026-04-22 02:56:59,Q11,483.80,288.90,132.10,139.10,95.20,38.50,23.40,488.20,294.60,137.30,143.50,96.00,40.10,21.29,482.70,286.40,130.10,137.90,95.20,38.50,23.03,484.90,289.97,399.50,420.50,95.47,39.03,67.71
2026-04-22 02:57:00,2026-04-22 02:57:59,Q11,484.90,286.70,131.10,138.40,95.20,37.30,23.31,488.20,291.90,136.30,142.00,96.00,38.00,21.37,483.20,286.90,131.10,138.10,95.20,37.50,23.17,485.43,288.50,398.50,418.50,95.47,37.60,67.86
2026-04-22 02:58:00,2026-04-22 02:58:59,Q11,483.80,290.10,133.00,140.10,95.10,38.70,23.71,488.40,284.60,132.50,138.60,96.10,39.40,21.29,484.10,286.80,131.10,138.40,95.30,38.00,23.06,485.43,287.17,396.60,417.10,95.50,38.70,68.06
2026-04-22 02:59:00,2026-04-22 02:59:59,Q11,483.60,288.40,132.10,139.10,95.20,39.00,23.37,487.80,295.30,135.90,143.70,95.90,40.90,21.46,484.70,287.60,131.10,138.90,95.40,39.30,22.51,485.37,290.43,399.10,421.70,95.50,39.73,67.34
2026-04-22 03:00:00,2026-04-22 03:00:59,Q11,482.90,287.60,129.70,138.30,94.90,36.40,23.89,487.90,283.80,131.50,137.80,96.10,37.90,21.06,482.50,288.50,131.10,138.80,95.20,35.10,23.17,484.43,286.63,392.30,414.90,95.40,36.47,68.11
2026-04-22 03:01:00,2026-04-22 03:01:59,Q11,483.10,252.40,114.90,121.70,95.30,37.70,19.66,486.80,255.00,118.10,123.90,96.10,38.50,17.86,484.30,252.60,114.90,122.00,95.60,37.00,18.83,484.73,253.33,347.90,367.60,95.67,37.73,56.34
2026-04-22 03:02:00,2026-04-22 03:02:59,Q11,484.50,183.30,83.60,88.60,95.60,43.50,13.97,486.90,185.20,85.40,89.90,96.20,45.50,12.97,484.70,182.60,83.60,88.10,95.80,42.50,13.37,485.37,183.70,252.60,266.60,95.87,43.83,40.31
2026-04-22 03:03:00,2026-04-22 03:03:59,Q11,484.60,181.90,82.70,87.60,95.70,43.80,13.74,486.90,182.60,84.50,88.50,96.20,46.10,12.94,484.60,180.60,82.70,87.10,95.70,44.30,13.46,485.37,181.70,249.90,263.20,95.87,44.73,40.14
2026-04-22 03:04:00,2026-04-22 03:04:59,Q11,484.50,117.40,53.20,56.60,95.80,58.10,8.09,488.10,118.50,54.70,57.60,96.10,60.80,7.86,484.00,112.40,51.30,54.20,95.70,58.50,8.03,485.53,116.10,159.20,168.40,95.87,59.13,23.97
2026-04-22 03:05:00,2026-04-22 03:05:59,Q11,484.40,36.10,16.80,17.40,99.00,88.00,0.97,486.70,35.60,16.70,17.00,98.00,90.50,1.46,484.50,34.30,15.70,16.50,98.20,90.40,1.26,485.20,35.33,49.20,50.90,98.40,89.63,3.69
2026-04-22 03:06:00,2026-04-22 03:06:59,Q11,486.20,34.90,15.80,16.50,99.20,94.40,0.86,487.70,36.10,16.70,17.50,98.10,94.20,1.40,485.00,32.40,14.70,15.50,98.10,97.40,1.23,486.30,34.47,47.20,49.50,98.47,95.33,3.49
2026-04-22 03:07:00,2026-04-22 03:07:59,Q11,484.90,46.90,21.60,22.30,98.40,78.60,1.77,489.30,51.50,23.30,24.90,97.50,78.20,2.31,483.90,45.70,20.40,21.70,97.00,78.80,2.34,486.03,48.03,65.30,68.90,97.63,78.53,6.43
2026-04-22 03:08:00,2026-04-22 03:08:59,Q11,485.30,82.30,37.40,39.80,96.60,73.10,4.74,488.10,85.40,39.40,41.50,96.40,72.60,5.14,484.60,80.90,36.10,38.70,95.20,73.50,5.49,486.00,82.87,112.90,120.00,96.07,73.07,15.37
2026-04-22 03:09:00,2026-04-22 03:09:59,Q11,484.50,104.80,48.00,50.30,96.00,63.50,6.91,488.60,105.50,49.00,51.20,96.00,65.50,7.00,484.90,101.80,45.60,48.90,95.50,63.80,7.17,486.00,104.03,142.60,150.40,95.83,64.27,21.09
2026-04-22 03:10:00,2026-04-22 03:10:59,Q11,485.50,89.80,41.30,43.20,96.10,67.40,5.77,487.40,93.40,43.20,45.30,96.10,68.20,5.97,484.90,87.50,39.90,42.10,95.00,67.90,6.40,485.93,90.23,124.40,130.60,95.73,67.83,18.14
2026-04-22 03:11:00,2026-04-22 03:11:59,Q11,484.60,65.40,30.10,31.50,97.10,78.70,3.46,489.30,68.20,32.00,33.30,97.00,78.20,3.69,484.80,64.70,28.50,31.00,95.80,79.10,4.09,486.23,66.10,90.60,95.80,96.63,78.67,11.23
2026-04-22 03:12:00,2026-04-22 03:12:59,Q11,486.30,58.30,27.20,28.20,97.80,79.10,2.63,489.20,61.60,28.10,29.80,97.20,78.70,3.11,484.20,56.60,25.90,27.10,96.00,83.90,3.43,486.57,58.83,81.20,85.10,97.00,80.57,9.17
2026-04-22 03:13:00,2026-04-22 03:13:59,Q11,485.10,70.50,32.00,34.00,97.10,76.90,3.74,488.20,72.10,33.60,35.10,96.80,77.50,4.11,485.80,68.70,30.40,33.00,95.70,77.80,4.49,486.37,70.43,96.00,102.10,96.53,77.40,12.34
2026-04-22 03:14:00,2026-04-22 03:14:59,Q11,484.50,106.70,49.00,51.30,96.00,63.80,7.00,489.30,108.50,49.90,52.80,96.20,64.60,6.97,484.50,103.30,46.50,49.90,95.10,64.00,7.57,486.10,106.17,145.40,154.00,95.77,64.13,21.54
2026-04-22 03:15:00,2026-04-22 03:15:59,Q11,485.10,111.20,50.90,53.80,96.20,58.00,7.69,487.90,117.30,53.80,57.00,96.10,59.70,7.94,485.60,113.20,51.30,54.80,95.40,58.90,8.17,486.20,113.90,156.00,165.60,95.90,58.87,23.80
2026-04-22 03:16:00,2026-04-22 03:16:59,Q11,485.30,108.60,49.90,52.40,96.20,59.10,7.11,488.00,111.80,51.80,54.20,96.10,61.00,7.40,485.40,104.80,47.50,50.40,95.40,61.40,7.66,486.23,108.40,149.20,157.00,95.90,60.50,22.17
2026-04-22 03:17:00,2026-04-22 03:17:59,Q11,485.70,101.00,46.10,49.00,96.20,64.90,6.54,489.40,105.10,49.00,51.30,96.00,65.90,6.86,484.20,98.80,44.70,47.40,95.10,66.20,7.17,486.43,101.63,139.80,147.70,95.77,65.67,20.57
2026-04-22 03:18:00,2026-04-22 03:18:59,Q11,485.30,97.70,45.10,47.00,96.20,66.30,6.29,488.30,101.10,47.00,49.30,96.00,67.80,6.63,486.00,95.30,43.70,46.20,95.20,67.20,6.83,486.53,98.03,135.80,142.50,95.80,67.10,19.74
2026-04-22 03:19:00,2026-04-22 03:19:59,Q11,484.00,104.80,48.00,50.30,96.20,56.60,7.03,486.60,105.70,49.00,51.00,96.20,58.60,7.09,484.30,103.40,46.50,49.90,95.70,57.20,7.23,484.97,104.63,143.50,151.20,96.03,57.47,21.34
2026-04-22 03:20:00,2026-04-22 03:20:59,Q11,483.40,128.90,58.60,61.80,96.00,48.80,9.20,488.20,133.80,61.40,64.90,96.50,50.20,8.69,483.10,130.00,58.90,62.80,95.70,49.30,9.37,484.90,130.90,178.90,189.50,96.07,49.43,27.26
2026-04-22 03:21:00,2026-04-22 03:21:59,Q11,483.20,129.40,58.90,62.30,95.80,49.60,9.54,488.00,134.00,62.40,65.40,96.40,50.60,8.94,483.70,129.10,58.90,62.30,95.60,48.60,9.66,484.97,130.83,180.20,190.00,95.93,49.60,28.14
2026-04-22 03:22:00,2026-04-22 03:22:59,Q11,483.80,141.00,65.30,68.10,96.00,46.90,10.23,486.60,144.20,66.20,70.00,96.40,49.00,9.86,483.80,139.10,63.70,67.10,95.70,47.10,10.43,484.73,141.43,195.20,205.20,96.03,47.67,30.51
2026-04-22 03:23:00,2026-04-22 03:23:59,Q11,483.00,159.90,72.20,76.80,95.80,43.20,11.74,486.70,159.50,73.90,77.30,96.30,44.50,11.14,483.20,156.20,71.20,75.30,95.50,43.80,11.94,484.30,158.53,217.30,229.40,95.87,43.83,34.83
2026-04-22 03:24:00,2026-04-22 03:24:59,Q11,483.50,159.40,72.20,76.80,95.80,44.70,11.74,486.10,163.50,75.80,79.20,96.30,45.90,11.17,483.50,158.60,72.20,76.30,95.60,44.70,11.89,484.37,160.50,220.20,232.30,95.90,45.10,34.80
2026-04-22 03:25:00,2026-04-22 03:25:59,Q11,484.50,155.20,71.20,75.00,95.80,45.50,11.14,486.60,158.60,73.00,76.80,96.50,47.10,10.51,482.30,155.60,70.30,74.70,95.40,45.10,11.69,484.47,156.47,214.50,226.50,95.90,45.90,33.34
2026-04-22 03:26:00,2026-04-22 03:26:59,Q11,483.10,183.20,83.60,88.40,95.50,40.70,14.17,487.90,185.70,86.40,90.10,96.40,42.40,12.74,482.40,182.40,82.70,87.70,95.40,40.30,14.23,484.47,183.77,252.70,266.20,95.77,41.13,41.14
2026-04-22 03:27:00,2026-04-22 03:27:59,Q11,483.40,167.90,76.00,80.70,95.70,41.10,12.91,488.20,174.40,80.60,84.90,96.50,42.10,11.80,482.50,170.80,76.90,81.90,95.30,40.10,13.37,484.70,171.03,233.50,247.50,95.83,41.10,38.09
2026-04-22 03:28:00,2026-04-22 03:28:59,Q11,483.80,175.30,79.80,84.50,95.70,40.20,13.06,486.70,174.80,80.60,84.60,96.40,42.90,12.06,484.10,171.50,77.90,82.80,95.60,39.60,13.11,484.87,173.87,238.30,251.90,95.90,40.90,38.23
2026-04-22 03:29:00,2026-04-22 03:29:59,Q11,483.10,179.10,81.70,86.50,95.50,42.00,13.77,487.70,183.70,85.40,89.10,96.50,42.90,12.43,483.30,178.00,80.80,86.00,95.50,41.60,13.83,484.70,180.27,247.90,261.60,95.83,42.17,40.03
2026-04-22 03:30:00,2026-04-22 03:30:59,Q11,483.40,213.40,96.90,102.90,95.50,37.90,16.94,487.20,216.40,100.80,105.20,96.30,39.00,15.49,482.60,213.90,96.90,102.70,95.40,36.20,16.97,484.40,214.57,294.60,310.80,95.73,37.70,49.40
2026-04-22 03:31:00,2026-04-22 03:31:59,Q11,482.80,206.60,94.10,99.30,95.50,38.80,16.11,486.90,207.70,96.00,100.60,96.30,40.00,14.71,483.60,203.60,93.10,98.00,95.50,38.60,16.03,484.43,205.97,283.20,297.90,95.77,39.13,46.86
2026-04-22 03:32:00,2026-04-22 03:32:59,Q11,483.10,206.40,94.10,99.50,95.50,37.00,16.26,487.10,207.30,96.00,100.80,96.30,38.80,14.80,481.90,207.20,94.10,99.60,95.40,37.80,16.29,484.03,206.97,284.20,299.90,95.73,37.87,47.34
2026-04-22 03:33:00,2026-04-22 03:33:59,Q11,482.70,233.40,106.40,112.30,95.10,34.00,19.40,487.60,233.70,108.50,113.50,96.20,36.20,17.11,482.90,234.00,106.40,112.80,95.40,35.00,18.69,484.40,233.70,321.30,338.60,95.57,35.07,55.20
2026-04-22 03:34:00,2026-04-22 03:34:59,Q11,484.40,210.60,95.90,101.60,95.70,40.50,16.17,486.40,213.90,98.90,103.50,96.30,42.10,15.00,483.30,207.90,94.10,100.00,95.70,40.10,15.94,484.70,210.80,288.90,305.10,95.90,40.90,47.11
2026-04-22 03:35:00,2026-04-22 03:35:59,Q11,482.80,212.60,96.90,102.20,95.40,40.90,16.66,487.70,215.80,99.80,104.70,96.40,42.60,14.89,483.30,211.40,95.90,101.90,95.60,40.40,16.14,484.60,213.27,292.60,308.80,95.80,41.30,47.69
2026-04-22 03:36:00,2026-04-22 03:36:59,Q11,484.40,249.20,114.00,120.50,95.60,40.30,19.09,486.40,249.30,116.20,121.00,96.00,42.00,18.29,483.80,246.90,112.10,118.80,95.30,41.20,19.23,484.87,248.47,342.30,360.30,95.63,41.17,56.60
2026-04-22 03:37:00,2026-04-22 03:37:59,Q11,483.80,294.70,134.90,142.00,95.20,37.40,23.94,486.20,299.10,137.80,145.30,95.80,38.30,22.49,482.70,288.30,131.10,138.80,95.20,37.70,23.66,484.23,294.03,403.80,426.10,95.40,37.80,70.09
2026-04-22 03:38:00,2026-04-22 03:38:59,Q11,482.90,284.80,129.20,136.90,95.30,36.60,23.49,486.30,291.30,133.90,141.40,95.90,38.40,21.71,483.90,283.10,129.20,136.70,95.50,36.30,22.46,484.37,286.40,392.30,415.00,95.57,37.10,67.66
2026-04-22 03:39:00,2026-04-22 03:39:59,Q11,482.90,284.50,129.20,136.90,95.00,36.60,23.94,487.30,291.50,133.90,141.70,95.90,37.40,21.71,483.60,282.50,129.20,136.20,95.40,35.40,22.66,484.60,286.17,392.30,414.80,95.43,36.47,68.31
2026-04-22 03:40:00,2026-04-22 03:40:59,Q11,484.00,290.40,133.00,140.40,95.20,36.60,23.77,487.40,291.00,133.90,141.70,95.90,37.00,21.91,482.60,285.70,130.10,137.40,95.30,36.70,23.17,484.67,289.03,397.00,419.50,95.47,36.77,68.86
2026-04-22 03:41:00,2026-04-22 03:41:59,Q11,483.80,290.10,133.00,140.10,95.30,36.10,22.89,486.40,280.90,130.60,136.10,96.10,37.60,21.03,481.90,280.50,127.30,134.70,95.30,36.50,22.77,484.03,283.83,390.90,410.90,95.57,36.73,66.69
2026-04-22 03:42:00,2026-04-22 03:42:59,Q11,484.10,274.10,125.40,132.60,95.20,37.80,22.54,486.50,281.90,129.20,136.60,95.90,38.70,20.94,482.20,272.00,124.40,131.10,95.20,36.60,22.23,484.27,276.00,379.00,400.30,95.43,37.70,65.71
2026-04-22 03:43:00,2026-04-22 03:43:59,Q11,482.40,281.60,128.20,135.40,95.10,36.40,23.54,486.20,289.60,133.00,140.50,95.90,37.70,21.31,483.80,281.80,128.20,135.70,95.50,36.40,22.29,484.13,284.33,389.40,411.60,95.50,36.83,67.14
2026-04-22 03:44:00,2026-04-22 03:44:59,Q11,483.50,280.00,128.20,135.20,95.20,37.10,23.29,486.70,288.10,133.40,140.00,96.10,38.00,21.00,482.30,280.10,127.30,135.00,95.30,35.80,22.86,484.17,282.73,388.90,410.20,95.53,36.97,67.14
2026-04-22 03:45:00,2026-04-22 03:45:59,Q11,482.20,276.40,126.30,133.00,95.00,37.20,23.46,487.20,287.70,133.40,139.80,96.10,38.20,20.66,482.60,278.20,126.30,134.00,95.40,35.40,22.46,484.00,280.77,386.00,406.80,95.50,36.93,66.57
2026-04-22 03:46:00,2026-04-22 03:46:59,Q11,483.50,281.20,128.20,135.70,95.20,36.60,22.83,485.90,283.00,131.50,137.30,96.00,37.60,20.94,482.80,274.60,125.40,132.10,95.30,36.70,22.43,484.07,279.60,385.10,405.10,95.50,36.97,66.20
2026-04-22 03:47:00,2026-04-22 03:47:59,Q11,482.10,278.20,126.30,134.00,95.10,37.70,23.17,486.90,278.40,129.60,135.10,96.10,38.40,20.54,482.90,278.90,126.30,134.00,95.40,36.40,22.31,483.97,278.50,382.20,403.10,95.53,37.50,66.03
2026-04-22 03:48:00,2026-04-22 03:48:59,Q11,483.50,285.20,130.10,137.70,95.20,37.10,23.00,485.60,282.40,130.60,136.80,96.00,37.60,21.11,483.10,281.10,128.20,135.70,95.40,36.30,22.31,484.07,282.90,388.90,410.20,95.53,37.00,66.43
2026-04-22 03:49:00,2026-04-22 03:49:59,Q11,482.70,286.10,130.10,137.90,95.10,37.60,23.20,487.20,280.90,130.60,136.40,96.00,38.50,21.03,481.70,276.50,125.40,132.80,95.20,37.40,22.89,483.87,281.17,386.10,407.10,95.43,37.83,67.11
2026-04-22 03:50:00,2026-04-22 03:50:59,Q11,483.50,283.80,129.20,136.70,95.10,35.90,23.17,485.50,290.10,133.00,140.60,95.90,37.20,21.29,482.40,286.30,130.10,137.90,95.10,35.00,22.94,483.80,286.73,392.30,415.20,95.37,36.03,67.40
2026-04-22 03:51:00,2026-04-22 03:51:59,Q11,483.10,282.80,129.20,136.20,95.20,35.70,23.17,486.00,290.00,134.40,140.90,96.10,37.50,21.09,482.70,279.20,127.30,134.50,95.20,36.10,23.03,483.93,284.00,390.90,411.60,95.50,36.43,67.29
2026-04-22 03:52:00,2026-04-22 03:52:59,Q11,482.60,291.20,133.00,140.30,95.10,37.50,23.51,487.10,288.90,134.40,140.30,96.10,38.80,21.23,482.30,285.90,130.10,137.40,95.30,36.80,23.03,484.00,288.67,397.50,418.00,95.50,37.70,67.77
2026-04-22 03:53:00,2026-04-22 03:53:59,Q11,482.90,280.00,127.30,135.00,95.20,36.10,23.00,486.30,285.20,132.50,138.50,96.00,37.80,21.06,483.60,281.60,128.20,135.70,95.30,36.50,22.49,484.27,282.27,388.00,409.20,95.50,36.80,66.54
2026-04-22 03:54:00,2026-04-22 03:54:59,Q11,484.20,285.30,130.10,137.90,95.40,38.10,22.49,486.40,284.20,132.50,138.00,96.20,38.80,20.83,482.00,276.60,126.30,133.00,95.10,37.00,23.00,484.20,282.03,388.90,408.90,95.57,37.97,66.31
2026-04-22 03:55:00,2026-04-22 03:55:59,Q11,484.10,284.50,130.10,137.50,95.20,35.70,23.14,485.80,291.00,133.90,141.10,95.90,37.10,21.51,482.30,283.70,129.20,136.40,95.10,36.20,23.09,484.07,286.40,393.20,415.00,95.40,36.33,67.74
2026-04-22 03:56:00,2026-04-22 03:56:59,Q11,483.10,288.10,132.10,139.10,95.00,36.90,23.63,487.40,290.40,135.40,141.20,96.00,39.00,21.34,481.60,288.80,131.10,138.50,95.10,37.20,23.29,484.03,289.10,398.60,418.80,95.37,37.70,68.26
2026-04-22 03:57:00,2026-04-22 03:57:59,Q11,484.00,287.50,131.10,138.90,95.10,38.40,23.34,486.80,285.60,131.10,138.50,95.90,39.20,21.71,481.80,280.80,126.00,134.70,94.90,37.70,23.60,484.20,284.63,388.20,412.10,95.30,38.43,68.66
2026-04-22 03:58:00,2026-04-22 03:58:59,Q11,483.20,283.70,129.20,136.70,95.20,35.60,23.14,486.60,283.40,131.50,137.50,96.00,37.90,21.26,483.30,285.00,130.10,137.70,95.20,35.70,22.97,484.37,284.03,390.80,411.90,95.47,36.40,67.37
2026-04-22 03:59:00,2026-04-22 03:59:59,Q11,482.80,284.80,129.20,136.90,95.00,38.70,23.86,487.70,290.40,135.40,141.20,96.00,39.70,21.23,482.90,288.40,131.10,138.80,95.20,37.30,23.14,484.47,287.87,395.70,416.90,95.40,38.57,68.23
2026-04-22 04:00:00,2026-04-22 04:00:59,Q11,483.00,289.50,132.10,139.60,95.00,37.50,23.89,486.50,289.60,133.00,140.50,95.90,38.90,21.69,483.70,283.20,129.20,136.70,95.20,37.70,23.26,484.40,287.43,394.30,416.80,95.37,38.03,68.83
2026-04-22 04:01:00,2026-04-22 04:01:59,Q11,484.00,287.40,131.10,138.90,95.20,38.10,23.34,486.00,291.60,135.40,141.40,96.10,39.20,21.29,482.20,284.70,129.20,136.90,95.10,37.00,23.37,484.07,287.90,395.70,417.20,95.47,38.10,68.00
2026-04-22 04:02:00,2026-04-22 04:02:59,Q11,484.00,286.40,131.10,138.40,95.10,38.00,23.71,485.90,289.90,133.00,140.20,95.90,38.30,21.83,483.10,287.90,129.70,138.60,94.90,36.50,23.83,484.33,288.07,393.80,417.20,95.30,37.60,69.37
2026-04-22 04:03:00,2026-04-22 04:03:59,Q11,483.80,280.20,128.20,135.20,95.10,38.80,23.06,487.00,286.30,133.40,139.30,96.00,39.10,21.17,481.70,281.10,128.20,135.20,95.00,38.40,23.23,484.17,282.53,389.80,409.70,95.37,38.77,67.46
2026-04-22 04:04:00,2026-04-22 04:04:59,Q11,483.30,281.40,128.20,135.70,95.00,38.50,23.34,487.00,285.90,132.50,138.80,96.10,38.40,20.80,481.60,282.50,128.20,135.60,95.00,36.40,23.31,483.97,283.27,388.90,410.10,95.37,37.77,67.46
2026-04-22 04:05:00,2026-04-22 04:05:59,Q11,483.60,284.50,130.10,137.20,95.00,37.70,23.60,486.30,285.20,131.10,138.50,95.90,39.30,21.63,481.90,281.90,128.20,135.20,95.00,37.80,23.54,483.93,283.87,389.40,410.90,95.30,38.27,68.77
2026-04-22 04:06:00,2026-04-22 04:06:59,Q11,484.10,289.00,132.10,139.90,95.20,37.10,23.46,485.60,292.10,133.90,141.60,95.80,37.20,22.23,481.90,288.60,129.70,138.50,94.90,36.90,23.77,483.87,289.90,395.70,420.00,95.30,37.07,69.46
2026-04-22 04:07:00,2026-04-22 04:07:59,Q11,483.90,282.80,129.20,136.20,95.10,38.00,23.37,485.90,294.20,134.90,142.60,95.80,39.00,21.77,482.20,279.90,126.00,134.50,94.90,37.60,23.71,484.00,285.63,390.10,413.30,95.27,38.20,68.86
2026-04-22 04:08:00,2026-04-22 04:08:59,Q11,482.60,290.30,132.10,139.80,95.00,37.50,23.51,487.00,285.90,132.50,138.80,96.00,38.10,21.34,482.50,285.40,130.10,137.40,95.00,37.00,23.60,484.03,287.20,394.70,416.00,95.33,37.53,68.46
2026-04-22 04:09:00,2026-04-22 04:09:59,Q11,482.70,283.80,129.20,136.40,95.10,36.10,23.34,485.20,292.00,135.40,141.60,96.00,37.20,21.34,480.40,276.40,124.10,132.50,94.90,36.00,23.80,482.77,284.07,388.70,410.50,95.33,36.43,68.49
2026-04-22 04:10:00,2026-04-22 04:10:59,Q11,481.10,286.20,130.10,137.60,95.00,36.40,23.80,484.50,284.90,130.10,137.50,95.90,36.30,21.69,481.70,282.70,128.20,135.60,95.10,36.00,23.26,482.43,284.60,388.40,410.70,95.33,36.23,68.74
2026-04-22 04:11:00,2026-04-22 04:11:59,Q11,482.50,279.70,127.30,134.50,95.10,35.00,23.14,484.80,286.70,132.50,138.40,96.00,36.30,21.29,480.30,281.20,126.00,134.90,94.90,35.40,23.71,482.53,282.53,385.80,407.80,95.33,35.57,68.14
2026-04-22 04:12:00,2026-04-22 04:12:59,Q11,481.20,282.60,126.90,135.60,94.90,36.70,23.80,486.20,289.80,134.40,140.50,96.20,37.10,20.89,480.70,277.20,125.40,133.00,95.10,35.90,23.51,482.70,283.20,386.70,409.10,95.40,36.57,68.20
2026-04-22 04:13:00,2026-04-22 04:13:59,Q11,480.90,278.90,126.30,133.40,95.00,34.40,23.74,484.70,289.50,132.10,139.90,95.90,35.60,21.57,481.80,280.70,127.30,134.70,95.10,34.70,23.29,482.47,283.03,385.70,408.00,95.33,34.90,68.60
2026-04-22 04:14:00,2026-04-22 04:14:59,Q11,482.20,279.10,127.30,134.50,95.10,36.30,23.29,485.10,288.50,133.40,139.70,96.00,36.70,21.29,480.10,282.10,128.20,135.40,95.00,35.10,23.54,482.47,283.23,388.90,409.60,95.37,36.03,68.11
2026-04-22 04:15:00,2026-04-22 04:15:59,Q11,480.80,278.60,125.00,133.40,94.90,36.70,23.74,485.70,283.50,131.50,137.30,96.00,37.40,21.14,480.70,280.00,127.30,134.40,95.00,35.20,23.54,482.40,280.70,383.80,405.10,95.30,36.43,68.43
2026-04-22 04:16:00,2026-04-22 04:16:59,Q11,482.20,280.20,127.30,135.00,95.20,35.00,22.94,484.50,285.20,131.50,137.90,96.00,35.60,21.37,480.00,280.00,127.30,134.40,95.00,33.90,23.23,482.23,281.80,386.10,407.30,95.40,34.83,67.54
2026-04-22 04:17:00,2026-04-22 04:17:59,Q11,481.70,280.50,127.30,134.70,95.00,35.80,23.51,483.90,287.10,131.10,138.60,95.90,35.90,21.46,481.20,278.90,126.30,133.70,95.00,35.30,23.23,482.27,282.17,384.70,407.00,95.30,35.67,68.20
2026-04-22 04:18:00,2026-04-22 04:18:59,Q11,481.80,287.20,129.70,138.00,94.90,36.20,23.86,486.40,290.90,134.40,140.90,96.00,36.40,21.43,482.50,282.30,128.20,135.90,95.10,35.50,23.40,483.57,286.80,392.30,414.80,95.33,36.03,68.69
2026-04-22 04:19:00,2026-04-22 04:19:59,Q11,482.60,285.60,130.10,137.40,95.10,38.10,23.49,487.00,285.10,132.50,138.80,96.10,38.30,21.00,481.60,284.10,129.20,136.60,95.20,37.00,23.14,483.73,284.93,391.80,412.80,95.47,37.80,67.63
2026-04-22 04:20:00,2026-04-22 04:20:59,Q11,483.60,278.10,127.30,134.30,95.20,35.90,23.20,485.50,285.60,132.50,138.20,96.00,37.60,21.40,482.00,283.80,129.20,136.40,95.10,37.90,23.37,483.70,282.50,389.00,408.90,95.43,37.13,67.97
2026-04-22 04:21:00,2026-04-22 04:21:59,Q11,482.30,286.10,130.10,137.90,95.00,37.40,23.97,486.00,288.40,132.10,140.00,95.90,38.10,21.86,483.20,285.00,130.10,137.70,95.20,37.50,23.23,483.83,286.50,392.30,415.60,95.37,37.67,69.06
2026-04-22 04:22:00,2026-04-22 04:22:59,Q11,482.90,283.60,129.20,136.40,95.20,37.80,23.26,486.20,291.10,135.40,141.40,96.00,38.60,21.26,482.60,281.90,128.20,135.40,95.20,37.00,23.09,483.90,285.53,392.80,413.20,95.47,37.80,67.60
2026-04-22 04:23:00,2026-04-22 04:23:59,Q11,481.90,290.90,132.10,139.50,95.20,36.90,23.23,486.30,288.80,133.40,140.00,96.00,38.20,21.26,482.90,280.00,127.30,135.00,95.20,36.60,22.97,483.70,286.57,392.80,414.50,95.47,37.23,67.46
2026-04-22 04:24:00,2026-04-22 04:24:59,Q11,483.10,286.70,131.10,138.10,95.20,37.00,23.23,485.60,289.40,133.00,140.20,95.90,38.10,21.57,483.10,282.00,129.20,136.20,95.10,37.20,23.17,483.93,286.03,393.30,414.50,95.40,37.43,67.97
2026-04-22 04:25:00,2026-04-22 04:25:59,Q11,482.10,279.90,127.30,134.50,95.10,37.90,23.26,486.20,282.80,131.50,137.10,96.00,39.30,21.14,483.20,285.00,130.10,137.70,95.30,38.10,22.60,483.83,282.57,388.90,409.30,95.47,38.43,67.00
2026-04-22 04:26:00,2026-04-22 04:26:59,Q11,482.80,285.80,128.80,137.40,94.90,38.30,24.20,487.00,290.70,135.40,141.20,96.00,38.70,21.51,483.80,288.80,132.10,139.10,95.30,38.00,23.20,484.53,288.43,396.30,417.70,95.40,38.33,68.91
2026-04-22 04:27:00,2026-04-22 04:27:59,Q11,483.10,284.90,130.10,137.20,95.00,38.10,23.80,488.00,290.60,135.40,141.50,96.00,38.90,21.26,483.70,288.00,132.10,139.10,95.20,37.70,23.11,484.93,287.83,397.60,417.80,95.40,38.23,68.17
2026-04-22 04:28:00,2026-04-22 04:28:59,Q11,484.70,279.10,128.20,135.00,95.30,38.60,22.74,486.90,288.80,133.40,140.00,96.10,40.00,20.89,483.00,283.60,129.20,136.70,95.20,38.60,22.80,484.87,283.83,390.80,411.70,95.53,39.07,66.43
2026-04-22 04:29:00,2026-04-22 04:29:59,Q11,483.40,288.30,132.10,139.10,95.00,37.10,23.94,487.20,292.70,134.90,142.20,95.90,38.20,21.77,483.80,292.00,133.90,141.00,95.20,37.00,23.40,484.80,291.00,400.90,422.30,95.37,37.43,69.11
2026-04-22 04:30:00,2026-04-22 04:30:59,Q11,483.40,288.10,132.10,139.10,95.00,38.70,23.66,488.50,290.50,135.40,141.50,96.10,39.20,21.11,483.70,283.10,129.20,136.70,95.10,38.00,23.34,485.20,287.23,396.70,417.30,95.40,38.63,68.11
2026-04-22 04:31:00,2026-04-22 04:31:59,Q11,484.60,286.60,131.10,138.40,95.10,37.90,23.63,488.20,292.20,134.90,142.50,95.90,38.60,21.80,482.80,290.70,132.10,139.80,95.00,37.40,23.71,485.20,289.83,398.10,420.70,95.33,37.97,69.14
2026-04-22 04:32:00,2026-04-22 04:32:59,Q11,485.00,290.90,133.00,140.60,95.20,38.50,23.11,487.30,288.60,134.40,140.30,96.00,40.20,21.37,483.00,282.10,129.20,136.20,95.20,38.00,23.11,485.10,287.20,396.60,417.10,95.47,38.90,67.60
2026-04-22 04:33:00,2026-04-22 04:33:59,Q11,484.70,288.40,132.10,139.40,95.10,38.40,23.80,487.60,291.80,135.40,141.70,96.00,39.20,21.77,482.80,289.40,132.10,139.30,95.00,37.60,23.91,485.03,289.87,399.60,420.40,95.37,38.40,69.49
2026-04-22 04:34:00,2026-04-22 04:34:59,Q11,484.70,295.00,134.90,142.80,95.20,38.00,23.49,486.90,293.00,136.30,142.40,96.00,38.80,21.89,482.50,292.00,133.00,140.70,95.10,37.00,23.66,484.70,293.33,404.20,425.90,95.43,37.93,69.03
2026-04-22 04:35:00,2026-04-22 04:35:59,Q11,484.40,293.80,133.90,141.80,95.10,39.00,23.71,486.80,289.60,134.40,140.50,96.00,39.90,21.83,482.40,288.90,131.10,138.80,95.00,38.10,23.86,484.53,290.77,399.40,421.10,95.37,39.00,69.40
2026-04-22 04:36:00,2026-04-22 04:36:59,Q11,483.10,291.20,133.00,140.60,95.10,36.50,23.80,487.10,294.90,137.30,143.20,96.00,37.90,21.71,483.90,287.00,131.10,138.60,95.10,36.70,23.46,484.70,291.03,401.40,422.40,95.40,37.03,68.97
2026-04-22 04:37:00,2026-04-22 04:37:59,Q11,484.10,292.00,133.90,141.30,95.10,38.50,23.46,487.40,289.90,134.40,140.70,96.10,38.90,21.31,482.30,281.30,126.90,135.40,94.90,37.90,23.91,484.60,287.73,395.20,417.40,95.37,38.43,68.69
2026-04-22 04:38:00,2026-04-22 04:38:59,Q11,483.40,274.60,125.40,132.30,95.00,35.60,23.77,486.80,289.40,134.40,140.50,96.00,35.20,21.49,481.60,285.60,128.80,137.10,94.90,35.00,23.86,483.93,283.20,388.60,409.90,95.30,35.27,69.11
2026-04-22 04:39:00,2026-04-22 04:39:59,Q11,482.90,285.70,130.10,137.40,95.00,35.70,23.80,486.20,290.90,134.40,140.90,96.10,35.60,21.34,481.00,281.20,126.90,135.20,94.90,34.10,23.91,483.37,285.93,391.40,413.50,95.33,35.13,69.06
2026-04-22 04:40:00,2026-04-22 04:40:59,Q11,482.50,289.00,130.70,139.30,94.90,35.90,24.11,485.90,289.10,134.40,140.20,96.00,36.10,21.69,480.70,283.30,128.20,135.80,95.00,35.60,23.94,483.03,287.13,393.30,415.30,95.30,35.87,69.74
2026-04-22 04:41:00,2026-04-22 04:41:59,Q11,481.90,280.30,126.00,134.70,94.80,34.20,24.14,486.70,285.00,132.50,138.50,96.00,35.70,21.31,481.00,282.80,128.20,135.60,95.00,35.10,23.71,483.20,282.70,386.70,408.80,95.27,35.00,69.17
2026-04-22 04:42:00,2026-04-22 04:42:59,Q11,482.70,279.30,127.30,134.50,95.00,36.30,23.91,485.90,288.50,133.40,139.70,96.00,36.80,21.60,480.80,286.20,128.80,137.30,94.90,34.30,24.11,483.13,284.67,389.50,411.50,95.30,35.80,69.63
2026-04-22 04:43:00,2026-04-22 04:43:59,Q11,482.10,284.70,127.80,136.90,94.80,36.80,24.20,485.40,285.40,131.10,138.20,95.90,36.10,21.69,482.50,290.10,132.10,139.80,95.10,35.80,23.43,483.33,286.73,391.00,414.90,95.27,36.23,69.31
2026-04-22 04:44:00,2026-04-22 04:44:59,Q11,483.70,286.10,131.10,138.10,95.00,37.30,23.89,487.10,289.10,134.40,140.70,96.00,38.50,21.43,482.80,291.60,133.00,140.30,95.00,36.50,23.80,484.53,288.93,398.50,419.10,95.33,37.43,69.11
2026-04-22 04:45:00,2026-04-22 04:45:59,Q11,484.10,289.70,132.10,139.90,95.00,34.90,23.60,486.40,286.70,132.50,139.00,96.10,37.10,21.20,482.80,282.30,128.20,135.90,95.10,35.40,23.49,484.43,286.23,392.80,414.80,95.40,35.80,68.29
2026-04-22 04:46:00,2026-04-22 04:46:59,Q11,482.40,289.30,130.70,139.30,94.80,38.60,23.94,486.90,288.10,133.40,140.00,96.00,38.90,21.23,483.60,284.70,130.10,137.20,95.10,37.70,23.37,484.30,287.37,394.20,416.50,95.30,38.40,68.54
2026-04-22 04:47:00,2026-04-22 04:47:59,Q11,484.00,279.40,128.20,135.00,95.00,37.90,23.49,486.30,284.20,132.50,138.00,96.00,38.40,21.03,482.00,278.90,126.30,134.00,95.00,37.40,23.49,484.10,280.83,387.00,407.00,95.33,37.90,68.00
2026-04-22 04:48:00,2026-04-22 04:48:59,Q11,483.30,277.50,125.00,133.80,94.80,39.70,23.43,487.70,282.90,130.10,137.30,95.90,39.50,21.06,482.10,280.70,126.00,135.00,94.80,37.80,23.46,484.37,280.37,381.10,406.10,95.17,39.00,67.94
2026-04-22 04:49:00,2026-04-22 04:49:59,Q11,483.40,280.00,126.90,135.20,94.90,37.50,23.86,486.00,287.50,132.10,139.50,95.90,39.10,21.57,483.50,284.50,130.10,137.20,95.20,37.10,23.23,484.30,284.00,389.10,411.90,95.33,37.90,68.66
2026-04-22 04:50:00,2026-04-22 04:50:59,Q11,482.30,285.50,128.80,137.40,94.90,38.40,24.06,486.70,292.10,135.40,141.90,96.00,39.70,21.34,483.60,285.70,130.10,137.70,95.20,37.20,23.26,484.20,287.77,394.30,417.00,95.37,38.43,68.66
2026-04-22 04:51:00,2026-04-22 04:51:59,Q11,483.00,282.40,129.20,136.20,95.00,38.10,23.77,487.20,288.60,134.40,140.30,96.00,38.40,21.26,482.50,287.10,131.10,138.30,95.10,36.70,23.34,484.23,286.03,394.70,414.80,95.37,37.73,68.37
2026-04-22 04:52:00,2026-04-22 04:52:59,Q11,482.50,286.10,128.80,137.90,94.90,37.60,23.89,487.40,287.50,133.40,139.80,96.10,38.00,21.00,482.10,283.50,129.20,136.40,95.10,36.00,23.29,484.00,285.70,391.40,414.10,95.37,37.20,68.17
2026-04-22 04:53:00,2026-04-22 04:53:59,Q11,483.70,282.20,129.20,136.20,95.10,38.00,22.89,485.80,281.30,130.60,136.30,96.00,39.80,20.86,482.40,276.80,126.30,133.00,95.10,38.10,22.77,483.97,280.10,386.10,405.50,95.40,38.63,66.51
2026-04-22 04:54:00,2026-04-22 04:54:59,Q11,483.20,287.20,131.10,138.60,95.00,37.90,23.66,487.10,291.00,135.40,141.70,96.10,38.90,21.11,481.40,283.70,129.20,136.10,95.00,37.10,23.83,483.90,287.30,395.70,416.40,95.37,37.97,68.60
2026-04-22 04:55:00,2026-04-22 04:55:59,Q11,482.30,287.60,129.70,138.30,94.90,37.80,24.09,486.00,286.90,132.50,139.00,96.00,38.10,21.69,483.20,290.10,133.00,140.10,95.10,37.10,23.69,483.83,288.20,395.20,417.40,95.33,37.67,69.46
2026-04-22 04:56:00,2026-04-22 04:56:59,Q11,482.50,277.40,126.30,133.50,95.00,37.50,23.69,487.30,290.80,135.40,141.20,96.20,38.00,20.80,481.70,284.30,129.20,136.60,95.10,36.70,23.46,483.83,284.17,390.90,411.30,95.43,37.40,67.94
2026-04-22 04:57:00,2026-04-22 04:57:59,Q11,482.00,282.70,126.90,135.90,94.90,38.10,23.97,486.80,292.70,135.40,141.90,96.00,38.50,21.43,482.60,290.00,130.70,139.80,94.90,36.40,23.94,483.80,288.47,393.00,417.60,95.27,37.67,69.34
2026-04-22 04:58:00,2026-04-22 04:58:59,Q11,483.30,285.30,130.10,137.70,95.10,38.40,23.49,486.00,294.10,136.30,142.90,96.10,39.00,21.06,482.00,286.30,130.10,137.90,95.10,36.50,23.57,483.77,288.57,396.50,418.50,95.43,37.97,68.11
2026-04-22 04:59:00,2026-04-22 04:59:59,Q11,482.70,284.90,129.20,136.90,95.10,38.40,23.51,485.50,293.80,136.30,142.10,96.10,38.90,21.49,481.20,287.70,129.70,138.00,94.90,37.10,23.94,483.13,288.80,395.20,417.00,95.37,38.13,68.94
2026-04-22 05:00:00,2026-04-22 05:00:59,Q11,482.60,283.30,129.20,136.40,95.20,37.60,23.09,485.10,286.70,132.50,138.70,96.10,38.80,21.26,480.50,281.60,127.30,134.90,95.00,37.70,23.54,482.73,283.87,389.00,410.00,95.43,38.03,67.89
2026-04-22 05:01:00,2026-04-22 05:01:59,Q11,481.10,282.40,128.20,135.60,95.20,35.90,23.49,484.40,289.60,133.40,139.90,96.00,37.40,21.43,481.80,290.50,132.10,139.50,95.20,36.70,23.31,482.43,287.50,393.70,415.00,95.47,36.67,68.23
2026-04-22 05:02:00,2026-04-22 05:02:59,Q11,482.40,289.90,132.10,139.30,95.20,38.00,23.23,484.80,292.70,135.40,141.30,96.10,38.70,21.46,479.90,284.70,127.80,136.00,94.90,37.90,23.97,482.37,289.10,395.30,416.60,95.40,38.20,68.66
2026-04-22 05:03:00,2026-04-22 05:03:59,Q11,480.30,288.50,129.70,138.20,94.90,37.00,23.83,485.50,287.90,133.40,139.20,96.10,36.50,21.11,480.80,288.90,131.10,138.20,95.10,35.40,23.43,482.20,288.43,394.20,415.60,95.37,36.30,68.37
2026-04-22 05:04:00,2026-04-22 05:04:59,Q11,481.30,293.60,131.60,140.90,94.90,35.40,24.17,485.50,289.40,134.40,140.20,96.00,37.10,21.57,479.80,288.80,130.10,138.00,95.00,36.10,24.09,482.20,290.60,396.10,419.10,95.30,36.20,69.83
2026-04-22 05:05:00,2026-04-22 05:05:59,Q11,480.20,286.60,128.80,137.30,94.90,37.90,23.94,485.30,288.40,133.40,139.70,96.00,38.50,21.49,480.70,293.30,133.00,140.60,95.00,37.20,23.86,482.07,289.43,395.20,417.60,95.30,37.87,69.29
2026-04-22 05:06:00,2026-04-22 05:06:59,Q11,480.50,287.50,130.10,137.80,95.00,37.50,23.60,485.00,289.00,134.40,140.20,96.00,38.10,21.23,480.60,289.20,131.10,138.70,95.00,38.00,23.60,482.03,288.57,395.60,416.70,95.33,37.87,68.43
2026-04-22 05:07:00,2026-04-22 05:07:59,Q11,480.70,289.90,131.10,138.70,95.00,37.90,23.89,483.70,288.00,132.10,139.10,95.90,38.20,21.83,481.10,287.70,131.10,138.00,95.00,36.30,23.83,481.83,288.53,394.30,415.80,95.30,37.47,69.54
2026-04-22 05:08:00,2026-04-22 05:08:59,Q11,482.40,279.30,127.30,134.50,95.20,36.70,23.40,484.10,297.50,135.90,143.70,95.90,35.80,21.74,480.60,287.60,130.10,137.80,95.00,35.50,23.69,482.37,288.13,393.30,416.00,95.37,36.00,68.83
2026-04-22 05:09:00,2026-04-22 05:09:59,Q11,481.10,281.30,128.20,135.20,95.00,38.60,23.46,485.80,283.20,130.10,137.30,95.90,39.50,21.14,482.10,287.20,131.10,138.30,95.20,37.30,22.77,483.00,283.90,389.40,410.80,95.37,38.47,67.37
2026-04-22 05:10:00,2026-04-22 05:10:59,Q11,482.80,282.50,128.20,135.90,95.10,38.40,23.20,485.20,289.60,134.40,140.20,96.00,38.70,21.40,482.40,283.00,129.20,136.40,95.00,37.30,23.34,483.47,285.03,391.80,412.50,95.37,38.13,67.94
2026-04-22 05:11:00,2026-04-22 05:11:59,Q11,482.00,287.20,131.10,138.30,95.10,38.40,23.63,484.90,283.40,130.60,137.00,96.00,39.70,21.34,482.40,285.70,130.10,137.40,95.20,37.60,23.03,483.10,285.43,391.80,412.70,95.43,38.57,68.00
2026-04-22 05:12:00,2026-04-22 05:12:59,Q11,480.90,283.00,128.20,135.80,95.10,38.20,23.57,485.60,288.30,133.40,139.70,96.00,39.00,21.29,482.10,285.20,130.10,137.40,95.10,36.70,23.31,482.87,285.50,391.70,412.90,95.40,37.97,68.17
2026-04-22 05:13:00,2026-04-22 05:13:59,Q11,482.10,279.30,127.30,134.50,95.00,38.20,23.86,486.00,294.90,136.30,142.90,96.00,39.00,21.46,481.20,283.40,129.20,136.10,95.00,37.60,23.69,483.10,285.87,392.80,413.50,95.33,38.27,69.00
2026-04-22 05:14:00,2026-04-22 05:14:59,Q11,482.50,285.60,128.80,137.40,94.90,38.10,23.80,486.20,293.30,136.30,142.40,96.00,37.90,21.34,481.10,286.20,130.10,137.60,95.00,36.60,23.74,483.27,288.37,395.20,417.40,95.30,37.53,68.89
2026-04-22 05:15:00,2026-04-22 05:15:59,Q11,480.90,287.70,128.80,137.80,94.90,37.20,23.89,486.30,289.00,134.40,140.50,96.10,37.80,21.31,481.20,293.20,133.00,140.90,95.00,35.90,23.74,482.80,289.97,396.20,419.20,95.33,36.97,68.94
2026-04-22 05:16:00,2026-04-22 05:16:59,Q11,480.70,277.60,124.10,133.00,94.80,38.60,23.80,486.00,286.70,132.50,139.00,96.00,39.10,21.23,481.00,289.20,130.70,139.00,94.90,37.50,23.60,482.57,284.50,387.30,411.00,95.23,38.40,68.63
2026-04-22 05:17:00,2026-04-22 05:17:59,Q11,480.80,285.50,127.80,136.80,94.90,36.80,23.89,485.80,284.80,131.50,137.70,96.00,38.30,21.40,481.50,291.20,132.10,140.00,95.00,37.20,23.69,482.70,287.17,391.40,414.50,95.30,37.43,68.97
2026-04-22 05:18:00,2026-04-22 05:18:59,Q11,481.50,282.10,128.20,135.60,95.10,38.10,23.26,486.10,284.80,132.50,138.00,96.20,38.00,20.91,480.50,287.40,128.80,137.80,94.90,37.30,23.71,482.70,284.77,389.50,411.40,95.40,37.80,67.89
2026-04-22 05:19:00,2026-04-22 05:19:59,Q11,482.80,290.30,132.10,139.80,95.00,38.00,23.71,485.10,291.20,135.40,141.10,96.00,37.70,21.51,480.90,285.70,127.80,136.80,94.80,36.70,24.14,482.93,289.07,395.30,417.70,95.27,37.47,69.37
2026-04-22 05:20:00,2026-04-22 05:20:59,Q11,480.70,281.10,126.00,134.90,94.90,38.50,23.94,485.90,295.60,137.30,143.10,96.10,39.10,21.03,481.30,290.50,132.10,139.50,95.10,37.40,23.69,482.63,289.07,395.40,417.50,95.37,38.33,68.66
2026-04-22 05:21:00,2026-04-22 05:21:59,Q11,481.90,285.70,130.10,137.10,95.00,37.30,23.97,484.50,293.20,135.40,141.80,96.00,36.90,21.86,481.00,291.50,130.70,140.00,94.90,35.70,24.31,482.47,290.13,396.20,418.90,95.30,36.63,70.14
2026-04-22 05:22:00,2026-04-22 05:22:59,Q11,482.40,280.40,127.30,135.00,95.10,38.40,23.34,485.20,294.60,136.30,142.60,96.10,38.20,21.14,480.20,286.10,128.80,137.30,94.90,36.90,24.00,482.60,287.03,392.40,414.90,95.37,37.83,68.49
2026-04-22 05:23:00,2026-04-22 05:23:59,Q11,480.70,280.60,127.30,134.40,95.00,37.70,23.63,485.80,291.50,135.40,141.10,96.30,38.70,20.60,481.30,288.60,131.10,138.50,95.10,37.20,23.49,482.60,286.90,393.80,414.00,95.47,37.87,67.71
2026-04-22 05:24:00,2026-04-22 05:24:59,Q11,482.10,284.00,129.20,136.90,95.10,37.10,23.34,484.70,294.20,136.30,142.30,96.10,37.00,21.29,480.20,285.60,127.80,136.80,94.80,35.20,24.06,482.33,287.93,393.30,416.00,95.33,36.43,68.69
2026-04-22 05:25:00,2026-04-22 05:25:59,Q11,481.40,279.20,127.30,134.20,95.00,38.10,23.63,485.60,293.30,136.30,142.10,96.10,38.60,21.17,480.10,290.40,132.10,139.20,95.00,35.80,23.63,482.37,287.63,395.70,415.50,95.37,37.50,68.43
2026-04-22 05:26:00,2026-04-22 05:26:59,Q11,481.50,287.70,131.10,138.00,95.00,36.30,23.66,484.40,285.30,130.10,137.90,95.90,37.50,21.43,481.80,280.40,127.30,134.70,95.10,36.70,23.23,482.57,284.47,388.50,410.60,95.33,36.83,68.31
2026-04-22 05:27:00,2026-04-22 05:27:59,Q11,481.40,285.50,128.80,137.10,94.90,38.30,23.89,485.80,295.20,137.30,143.10,96.10,38.60,21.17,480.20,280.50,126.00,134.40,94.90,37.50,23.97,482.47,287.07,392.10,414.60,95.30,38.13,69.03
2026-04-22 05:28:00,2026-04-22 05:28:59,Q11,481.60,282.20,128.20,135.60,95.00,38.30,23.63,484.60,291.30,134.40,140.80,96.10,39.10,21.03,480.90,283.10,128.20,135.80,95.00,37.30,23.74,482.37,285.53,390.80,412.20,95.37,38.23,68.40
2026-04-22 05:29:00,2026-04-22 05:29:59,Q11,482.00,291.60,133.00,140.30,95.00,35.80,23.89,485.10,293.00,136.30,142.10,96.10,37.10,21.54,480.00,284.70,127.80,136.30,94.80,34.30,24.34,482.37,289.77,397.10,418.70,95.30,35.73,69.77
2026-04-22 05:30:00,2026-04-22 05:30:59,Q11,480.20,285.30,129.20,136.80,95.00,38.00,23.51,484.10,286.50,131.10,138.40,95.90,38.70,21.51,481.30,284.90,129.20,136.60,95.10,37.40,23.31,481.87,285.57,389.50,411.80,95.33,38.03,68.34
2026-04-22 05:31:00,2026-04-22 05:31:59,Q11,480.40,283.00,128.20,135.80,95.00,35.10,23.60,485.30,294.50,134.90,142.60,95.90,37.40,21.77,480.90,281.30,126.00,134.90,94.90,34.30,23.71,482.20,286.27,389.10,413.30,95.27,35.60,69.09
2026-04-22 05:32:00,2026-04-22 05:32:59,Q11,481.80,277.40,125.00,133.20,94.80,37.40,24.00,486.00,285.40,132.50,138.50,96.20,37.60,21.06,480.20,291.50,130.70,139.70,94.80,36.60,24.43,482.67,284.77,388.20,411.40,95.27,37.20,69.49
2026-04-22 05:33:00,2026-04-22 05:33:59,Q11,481.30,285.20,130.10,137.10,95.00,37.70,23.97,484.70,286.90,132.50,138.40,96.00,38.90,21.57,481.80,296.30,134.90,142.40,95.00,37.10,23.89,482.60,289.47,397.50,417.90,95.33,37.90,69.43
2026-04-22 05:34:00,2026-04-22 05:34:59,Q11,481.20,288.10,129.70,138.50,94.90,38.40,23.71,485.80,290.30,134.40,140.60,96.20,38.40,20.91,480.00,282.10,126.90,135.40,94.80,36.20,24.20,482.33,286.83,391.00,414.50,95.30,37.67,68.83
2026-04-22 05:35:00,2026-04-22 05:35:59,Q11,480.30,280.60,126.00,134.40,94.90,38.70,23.66,485.20,282.30,130.60,136.80,96.10,38.70,20.77,480.90,281.80,127.30,134.90,95.00,36.50,23.54,482.13,281.57,383.90,406.10,95.33,37.97,67.97
2026-04-22 05:36:00,2026-04-22 05:36:59,Q11,480.00,280.60,126.00,134.40,94.90,38.10,23.71,484.30,292.60,135.40,141.30,96.20,38.20,20.77,480.90,284.10,129.20,136.30,95.00,37.50,23.80,481.73,285.77,390.60,412.00,95.37,37.93,68.29
2026-04-22 05:37:00,2026-04-22 05:37:59,Q11,479.80,283.20,126.90,135.60,94.80,37.60,24.20,484.60,290.20,134.40,140.40,96.10,38.20,21.17,480.40,289.90,129.70,138.70,94.90,36.60,24.20,481.60,287.77,391.00,414.70,95.27,37.47,69.57
2026-04-22 05:38:00,2026-04-22 05:38:59,Q11,480.20,289.50,131.10,138.70,95.00,38.10,23.97,483.20,295.00,136.30,142.50,96.10,38.70,21.51,480.20,286.20,128.80,137.30,94.90,37.30,24.17,481.20,290.23,396.20,418.50,95.33,38.03,69.66
2026-04-22 05:39:00,2026-04-22 05:39:59,Q11,479.60,286.90,127.80,137.00,94.90,36.00,23.97,483.50,292.50,135.40,141.00,96.00,36.20,21.54,477.60,288.20,128.80,137.40,94.70,34.50,24.49,480.23,289.20,392.00,415.40,95.20,35.57,70.00
2026-04-22 05:40:00,2026-04-22 05:40:59,Q11,479.80,287.90,130.10,137.50,95.00,36.00,24.03,482.40,298.90,137.30,143.60,96.00,35.50,21.86,477.80,290.40,129.70,138.30,94.80,34.70,24.51,480.00,292.40,397.10,419.40,95.27,35.40,70.40
2026-04-22 05:41:00,2026-04-22 05:41:59,Q11,478.60,279.30,125.00,133.40,94.90,35.90,24.06,482.60,293.10,135.40,141.20,96.00,37.00,21.54,478.50,288.70,128.80,137.70,94.90,35.30,24.09,479.90,287.03,389.20,412.30,95.27,36.07,69.69
2026-04-22 05:42:00,2026-04-22 05:42:59,Q11,477.90,284.50,126.90,135.50,94.80,35.10,24.31,482.90,293.30,135.40,141.20,96.00,35.70,21.57,478.40,285.80,127.80,136.20,94.90,34.90,24.29,479.73,287.87,390.10,412.90,95.23,35.23,70.17
2026-04-22 05:43:00,2026-04-22 05:43:59,Q11,478.60,287.80,128.80,137.20,94.90,36.10,24.23,482.20,291.30,134.40,140.30,96.00,36.50,21.77,479.10,286.00,127.80,137.00,94.90,34.30,24.20,479.97,288.37,391.00,414.50,95.27,35.63,70.20
2026-04-22 05:44:00,2026-04-22 05:44:59,Q11,479.50,282.80,126.90,135.10,94.70,36.30,24.60,483.60,291.60,134.40,140.60,96.00,35.70,21.80,477.70,289.60,128.80,137.90,94.80,35.30,24.63,480.27,288.00,390.10,413.60,95.17,35.77,71.03
2026-04-22 05:45:00,2026-04-22 05:45:59,Q11,479.40,289.20,129.70,138.40,94.70,36.70,24.40,483.40,286.00,132.50,138.10,96.10,35.80,21.54,477.40,292.10,130.70,139.30,94.70,35.50,24.74,480.07,289.10,392.90,415.80,95.17,36.00,70.69
2026-04-22 05:46:00,2026-04-22 05:46:59,Q11,478.10,291.50,130.70,139.10,94.60,35.90,24.89,483.60,284.80,131.50,137.20,96.00,36.20,21.63,477.70,291.10,129.70,138.80,94.90,34.80,24.57,479.80,289.13,391.90,415.10,95.17,35.63,71.09
2026-04-22 05:47:00,2026-04-22 05:47:59,Q11,478.10,282.50,126.00,134.80,94.70,35.20,24.40,483.50,289.50,133.40,139.60,96.10,35.70,21.29,478.30,287.50,128.80,137.20,94.90,33.50,24.17,479.97,286.50,388.20,411.60,95.23,34.80,69.86
2026-04-22 05:48:00,2026-04-22 05:48:59,Q11,478.60,281.50,126.00,134.30,94.90,36.60,24.31,482.40,288.40,132.50,138.80,96.00,36.60,21.77,479.20,289.10,131.10,138.40,95.10,34.90,23.89,480.07,286.33,389.60,411.50,95.33,36.03,69.97
2026-04-22 05:49:00,2026-04-22 05:49:59,Q11,479.40,286.10,127.80,137.00,94.80,35.50,24.06,483.90,287.80,132.50,138.60,96.10,37.10,21.03,478.60,282.10,127.30,134.80,95.00,35.70,23.83,480.63,285.33,387.60,410.40,95.30,36.10,68.91
2026-04-22 05:50:00,2026-04-22 05:50:59,Q11,478.80,282.70,126.00,134.80,94.90,36.80,24.23,483.70,287.50,132.50,138.60,96.10,37.20,21.26,478.00,290.50,131.10,138.60,95.00,35.60,23.91,480.17,286.90,389.60,412.00,95.33,36.53,69.40
2026-04-22 05:52:00,2026-04-22 05:52:59,Q11,477.60,283.90,126.00,135.00,94.70,33.90,24.71,482.90,292.40,134.40,140.70,96.10,32.80,21.60,476.70,290.80,129.70,138.00,94.90,31.90,24.60,479.07,289.03,390.10,413.70,95.23,32.87,70.91
2026-04-22 05:53:00,2026-04-22 05:53:59,Q11,477.30,289.40,128.80,137.90,94.70,34.80,25.29,481.90,292.60,133.00,140.50,95.90,36.00,22.34,478.60,293.10,133.00,140.10,95.00,34.30,24.60,479.27,291.70,394.80,418.50,95.20,35.03,72.23
2026-04-22 05:54:00,2026-04-22 05:54:59,Q11,477.50,289.40,128.80,137.90,94.70,33.60,25.00,481.70,293.30,133.00,140.90,95.90,34.40,22.06,478.60,286.20,129.20,136.70,95.00,32.00,24.31,479.27,289.63,391.00,415.50,95.20,33.33,71.37
2026-04-22 05:55:00,2026-04-22 05:55:59,Q11,478.30,282.60,126.00,134.80,94.90,35.40,24.20,481.80,292.00,134.40,140.50,96.10,35.80,21.40,477.60,287.30,129.20,136.90,95.00,34.40,24.23,479.23,287.30,389.60,412.20,95.33,35.20,69.83
2026-04-22 05:56:00,2026-04-22 05:56:59,Q11,478.20,291.30,130.70,139.10,94.80,34.10,24.51,482.10,292.30,134.40,140.70,96.10,33.20,21.66,477.40,286.10,127.80,136.40,94.90,32.90,24.46,479.23,289.90,392.90,416.20,95.27,33.40,70.63
2026-04-22 05:57:00,2026-04-22 05:57:59,Q11,477.90,288.30,128.80,137.40,94.80,35.20,24.31,482.90,293.20,135.40,141.20,96.20,35.10,21.09,478.50,290.40,131.10,138.60,95.10,34.50,23.97,479.77,290.63,395.30,417.20,95.37,34.93,69.37
2026-04-22 05:58:00,2026-04-22 05:58:59,Q11,478.40,294.50,131.60,140.50,94.80,36.80,24.71,482.60,289.90,133.40,139.30,96.20,36.70,21.34,479.40,289.20,131.10,138.40,95.20,35.60,24.11,480.13,291.20,396.10,418.20,95.40,36.37,70.17
2026-04-22 05:59:00,2026-04-22 05:59:59,Q11,477.90,294.90,131.60,140.20,94.70,37.60,25.34,483.50,297.80,137.30,143.50,96.10,38.00,21.66,479.40,295.80,133.90,141.30,95.10,35.10,24.54,480.27,296.17,402.80,425.00,95.30,36.90,71.54
2026-04-22 06:00:00,2026-04-22 06:00:59,Q11,477.80,293.60,130.70,139.80,94.70,37.30,25.37,481.50,302.70,139.20,145.30,96.00,38.10,22.14,479.00,290.80,131.10,138.90,95.00,36.30,24.69,479.43,295.70,401.00,424.00,95.23,37.23,72.20
2026-04-22 06:01:00,2026-04-22 06:01:59,Q11,477.10,295.30,131.60,140.70,94.60,37.50,25.17,483.20,293.90,135.40,141.50,96.20,37.50,21.51,477.90,295.70,131.60,140.70,94.90,36.20,25.00,479.40,294.97,398.60,422.90,95.23,37.07,71.69
2026-04-22 06:02:00,2026-04-22 06:02:59,Q11,477.20,298.90,133.50,142.10,94.70,37.10,25.11,482.60,295.70,136.30,142.20,96.10,37.80,21.83,478.00,302.40,135.40,144.40,94.90,35.30,24.94,479.27,299.00,405.20,428.70,95.23,36.73,71.89
2026-04-22 06:03:00,2026-04-22 06:03:59,Q11,477.00,291.60,129.70,138.80,94.70,36.40,25.00,482.40,294.00,135.40,141.70,96.10,37.60,21.66,476.90,296.90,131.60,140.90,94.90,35.60,24.89,478.77,294.17,396.70,421.40,95.23,36.53,71.54
2026-04-22 06:04:00,2026-04-22 06:04:59,Q11,478.70,284.90,126.90,135.80,94.90,37.60,24.03,481.60,297.20,136.30,142.90,96.20,37.60,21.46,476.10,292.40,129.70,139.00,94.60,35.70,25.03,478.80,291.50,392.90,417.70,95.23,36.97,70.51
2026-04-22 06:05:00,2026-04-22 06:05:59,Q11,478.20,287.40,128.80,137.20,94.90,36.90,24.57,482.50,306.50,141.10,147.50,96.10,37.30,21.86,476.80,291.00,129.70,138.50,94.70,35.40,25.31,479.17,294.97,399.60,423.20,95.23,36.53,71.74
2026-04-22 06:06:00,2026-04-22 06:06:59,Q11,477.70,288.30,128.80,137.40,94.80,37.50,24.66,482.60,298.80,137.30,143.60,96.30,36.90,21.37,477.60,297.30,132.50,141.70,94.90,35.80,24.97,479.30,294.80,398.60,422.70,95.33,36.73,71.00
2026-04-22 06:07:00,2026-04-22 06:07:59,Q11,477.00,292.50,130.70,139.30,94.70,36.70,25.03,482.40,300.60,138.20,144.60,96.20,37.20,21.57,476.80,295.80,131.60,140.40,94.90,35.50,25.06,478.73,296.30,400.50,424.30,95.27,36.47,71.66
2026-04-22 06:08:00,2026-04-22 06:08:59,Q11,477.60,293.00,130.70,139.80,94.80,37.80,24.97,482.20,299.30,138.20,144.10,96.20,38.30,21.63,476.30,301.40,134.40,143.30,94.90,36.40,25.11,478.70,297.90,403.30,427.20,95.30,37.50,71.71
2026-04-22 06:09:00,2026-04-22 06:09:59,Q11,477.80,292.20,130.70,139.30,94.90,37.80,24.40,482.20,298.20,137.30,143.60,96.30,38.20,21.23,476.00,296.40,131.60,140.90,94.90,36.10,24.80,478.67,295.60,399.60,423.80,95.37,37.37,70.43
2026-04-22 06:10:00,2026-04-22 06:10:59,Q11,477.50,289.30,128.80,137.90,94.80,36.00,24.86,480.30,303.20,139.20,145.40,96.00,37.10,22.00,477.30,292.50,130.70,139.30,94.90,35.60,24.83,478.37,295.00,398.70,422.60,95.23,36.23,71.69
2026-04-22 06:11:00,2026-04-22 06:11:59,Q11,477.10,294.40,131.60,140.20,94.80,37.80,25.00,480.50,297.60,136.30,142.60,96.10,38.00,21.94,477.70,297.20,133.90,141.70,95.00,36.20,24.74,478.43,296.40,401.80,424.50,95.30,37.33,71.69
2026-04-22 06:12:00,2026-04-22 06:12:59,Q11,476.80,290.80,129.70,138.00,94.70,37.20,24.89,481.00,295.90,135.40,141.90,96.20,36.40,21.49,477.70,295.70,133.00,140.70,95.00,35.10,24.49,478.50,294.13,398.10,420.60,95.30,36.23,70.86
2026-04-22 06:13:00,2026-04-22 06:13:59,Q11,477.30,293.90,130.70,139.80,94.70,38.10,25.06,480.60,294.60,135.40,141.10,96.30,37.60,21.54,477.10,297.30,132.50,141.70,94.80,35.60,25.37,478.33,295.27,398.60,422.60,95.27,37.10,71.97
2026-04-22 06:14:00,2026-04-22 06:14:59,Q11,477.40,287.50,127.80,136.90,94.80,37.70,24.74,480.80,295.70,135.40,141.60,96.30,36.90,21.14,476.70,298.90,132.50,141.80,94.90,36.10,24.89,478.30,294.03,395.70,420.30,95.33,36.90,70.77
2026-04-22 06:15:00,2026-04-22 06:15:59,Q11,476.20,287.50,127.80,136.60,94.60,36.70,25.23,482.00,297.70,137.30,143.20,96.30,36.10,21.37,475.90,301.10,133.50,143.00,94.80,34.40,25.34,478.03,295.43,398.60,422.80,95.23,35.73,71.94
2026-04-22 06:16:00,2026-04-22 06:16:59,Q11,477.70,291.10,129.70,138.80,94.80,38.00,24.80,480.30,296.40,136.30,142.10,96.30,37.50,21.40,476.40,300.00,133.50,142.80,94.80,36.40,25.26,478.13,295.83,399.50,423.70,95.30,37.30,71.46
2026-04-22 06:17:00,2026-04-22 06:17:59,Q11,476.50,296.30,131.60,140.90,94.70,35.30,25.29,480.30,298.00,137.30,143.00,96.20,36.60,21.60,477.10,300.80,135.90,143.10,95.00,33.40,24.91,477.97,298.37,404.80,427.00,95.30,35.10,71.80
2026-04-22 06:18:00,2026-04-22 06:18:59,Q11,476.70,289.30,128.80,137.60,94.80,37.50,24.94,480.20,302.30,138.20,145.00,96.30,37.60,21.51,477.10,301.40,135.90,143.60,95.00,36.10,24.74,478.00,297.67,402.90,426.20,95.37,37.07,71.20
2026-04-22 06:19:00,2026-04-22 06:19:59,Q11,476.20,293.10,130.70,139.50,94.70,35.90,25.00,481.90,294.10,135.40,141.40,96.40,35.90,21.14,476.30,297.80,133.90,141.40,95.00,34.80,24.83,478.13,295.00,400.00,422.30,95.37,35.53,70.97
2026-04-22 06:20:00,2026-04-22 06:20:59,Q11,477.70,296.20,132.50,141.20,94.70,36.40,25.20,480.80,306.50,140.20,146.90,96.20,37.40,21.77,476.80,296.30,131.60,140.90,94.80,35.20,25.34,478.43,299.67,404.30,429.00,95.23,36.33,72.31
2026-04-22 06:21:00,2026-04-22 06:21:59,Q11,477.20,288.30,128.80,137.40,94.80,37.20,24.91,480.70,302.30,138.20,145.00,96.30,36.50,21.46,476.60,300.10,133.50,142.80,94.90,35.50,25.09,478.17,296.90,400.50,425.20,95.33,36.40,71.46
2026-04-22 06:22:00,2026-04-22 06:22:59,Q11,477.80,293.80,130.70,139.80,94.80,34.60,25.14,480.80,296.50,136.30,142.10,96.20,35.30,21.83,477.70,307.00,137.20,146.40,94.90,32.70,25.17,478.77,299.10,404.20,428.30,95.30,34.20,72.14
2026-04-22 06:23:00,2026-04-22 06:23:59,Q11,476.50,288.50,128.80,137.10,94.70,36.40,25.26,482.30,292.60,134.40,140.70,96.40,36.90,21.20,477.10,303.60,136.80,144.50,95.00,34.70,24.97,478.63,294.90,400.00,422.30,95.37,36.00,71.43
2026-04-22 06:24:00,2026-04-22 06:24:59,Q11,477.80,291.10,129.70,138.80,94.90,36.10,24.57,480.80,295.70,135.40,141.60,96.20,37.10,21.40,477.50,289.00,130.10,137.90,95.00,35.20,24.63,478.70,291.93,395.20,418.30,95.37,36.13,70.60
2026-04-22 06:25:00,2026-04-22 06:25:59,Q11,476.00,295.90,131.60,140.40,94.70,36.20,25.06,481.90,294.80,135.40,141.40,96.30,36.40,21.37,476.80,297.60,132.50,141.40,94.90,34.70,25.17,478.23,296.10,399.50,423.20,95.30,35.77,71.60
2026-04-22 06:26:00,2026-04-22 06:26:59,Q11,477.20,293.40,130.70,139.80,94.80,36.90,25.06,481.60,296.60,136.30,142.40,96.20,37.00,21.83,475.80,300.30,133.50,142.50,94.80,35.50,25.34,478.20,296.77,400.50,424.70,95.27,36.47,72.23
2026-04-22 06:27:00,2026-04-22 06:27:59,Q11,477.00,287.10,127.80,136.90,94.90,36.70,24.80,480.30,298.70,137.30,143.00,96.20,37.10,21.69,476.70,299.90,134.90,142.30,95.00,35.10,24.77,478.00,295.23,400.00,422.20,95.37,36.30,71.26
2026-04-22 06:28:00,2026-04-22 06:28:59,Q11,476.70,297.10,132.50,141.40,94.60,37.10,25.49,480.70,305.90,140.20,146.40,96.20,37.10,21.37,477.80,299.90,134.90,142.60,95.30,35.10,24.11,478.40,300.97,407.60,430.40,95.37,36.43,70.97
2026-04-22 06:29:00,2026-04-22 06:29:59,Q11,476.50,289.60,128.80,137.60,94.60,38.40,25.31,481.60,294.90,135.40,141.40,96.30,38.00,20.97,476.10,297.80,133.90,141.40,95.20,36.50,24.23,478.07,294.10,398.10,420.40,95.37,37.63,70.51
2026-04-22 06:30:00,2026-04-22 06:30:59,Q11,477.30,295.10,131.60,140.70,94.80,38.40,24.89,480.40,292.80,134.40,140.20,96.30,39.00,21.26,476.20,299.20,134.90,142.30,95.10,36.10,24.57,477.97,295.70,400.90,423.20,95.40,37.83,70.71
2026-04-22 06:31:00,2026-04-22 06:31:59,Q11,475.70,293.00,130.70,139.20,94.60,36.80,25.49,480.90,296.50,136.30,142.10,96.30,37.70,21.34,477.60,298.10,134.90,142.10,95.20,35.80,24.43,478.07,295.87,401.90,423.40,95.37,36.77,71.26
2026-04-22 06:32:00,2026-04-22 06:32:59,Q11,475.60,290.30,128.80,137.80,94.70,36.30,25.20,481.00,300.30,138.20,144.30,96.30,37.20,21.00,477.70,299.80,134.90,142.60,95.20,34.10,24.34,478.10,296.80,401.90,424.70,95.40,35.87,70.54
2026-04-22 06:33:00,2026-04-22 06:33:59,Q11,475.90,295.50,131.60,140.10,94.80,36.60,24.89,479.70,294.40,134.40,140.80,96.20,37.10,21.29,477.00,292.10,132.10,139.30,95.20,34.70,24.17,477.53,294.00,398.10,420.20,95.40,36.13,70.34
2026-04-22 06:34:00,2026-04-22 06:34:59,Q11,476.00,290.70,129.70,138.00,94.80,38.30,24.57,481.30,288.90,132.50,138.50,96.40,37.90,20.57,475.90,292.20,131.10,138.70,95.00,36.30,24.34,477.73,290.60,393.30,415.20,95.40,37.50,69.49
2026-04-22 06:35:00,2026-04-22 06:35:59,Q11,476.00,284.50,126.90,135.20,94.80,36.90,24.43,481.30,293.20,134.40,140.90,96.40,36.90,20.57,475.60,294.30,132.10,139.60,95.10,33.80,24.14,477.63,290.67,393.40,415.70,95.43,35.87,69.14
2026-04-22 06:36:00,2026-04-22 06:36:59,Q11,477.20,289.40,128.80,137.90,94.90,38.50,23.97,480.20,294.20,135.40,141.10,96.40,38.80,20.66,476.20,287.70,129.20,136.60,95.00,36.60,24.14,477.87,290.43,393.40,415.60,95.43,37.97,68.77
2026-04-22 06:37:00,2026-04-22 06:37:59,Q11,475.80,287.00,127.80,136.30,94.70,37.50,24.29,481.50,282.30,129.60,135.60,96.30,37.70,20.46,477.10,293.20,132.10,139.80,95.10,36.10,23.74,478.13,287.50,389.50,411.70,95.37,37.10,68.49
2026-04-22 06:38:00,2026-04-22 06:38:59,Q11,477.90,284.40,126.90,135.50,94.90,38.80,23.83,480.90,288.80,132.50,138.20,96.40,38.90,20.43,477.10,292.20,132.10,139.30,95.10,36.90,23.69,478.63,288.47,391.50,413.00,95.47,38.20,67.94
2026-04-22 06:39:00,2026-04-22 06:39:59,Q11,477.90,286.00,127.80,136.40,94.80,37.90,24.29,480.70,287.40,131.50,137.80,96.30,38.70,20.69,476.90,291.80,131.10,138.50,95.10,36.70,23.94,478.50,288.40,390.40,412.70,95.40,37.77,68.91
2026-04-22 06:40:00,2026-04-22 06:40:59,Q11,477.60,287.40,127.80,136.90,94.70,37.40,24.40,480.50,294.80,135.40,141.10,96.20,36.70,20.86,477.50,292.70,132.10,139.30,95.10,34.90,23.71,478.53,291.63,395.30,417.30,95.33,36.33,68.97
2026-04-22 06:41:00,2026-04-22 06:41:59,Q11,478.40,280.70,125.00,133.80,94.80,39.50,24.11,481.70,288.60,132.50,138.50,96.30,38.80,20.63,476.80,288.80,130.10,137.10,95.00,36.60,24.09,478.97,286.03,387.60,409.40,95.37,38.30,68.83
2026-04-22 06:42:00,2026-04-22 06:42:59,Q11,477.70,286.20,127.80,136.40,94.80,38.60,24.43,482.40,291.50,134.40,140.30,96.40,37.90,20.57,477.80,297.00,133.90,141.70,95.10,34.90,23.86,479.30,291.57,396.10,418.40,95.43,37.13,68.86
2026-04-22 06:43:00,2026-04-22 06:43:59,Q11,477.40,284.00,126.90,135.50,94.70,38.50,23.91,483.10,285.90,131.50,137.70,96.50,38.90,19.83,477.60,283.90,127.30,135.00,95.00,37.60,23.80,479.37,284.60,385.70,408.20,95.40,38.33,67.54
2026-04-22 06:44:00,2026-04-22 06:44:59,Q11,479.10,283.40,126.90,135.60,94.80,36.30,23.77,482.00,284.00,130.60,136.90,96.30,36.80,20.49,477.70,286.60,127.80,136.40,94.90,35.70,24.09,479.60,284.67,385.30,408.90,95.33,36.27,68.34
2026-04-22 06:45:00,2026-04-22 06:45:59,Q11,477.10,280.90,125.00,133.60,94.80,36.80,23.06,483.10,280.90,129.60,135.20,96.40,36.90,19.43,478.00,280.10,126.30,133.80,95.20,37.90,22.54,479.40,280.63,380.90,402.60,95.47,37.20,65.03
2026-04-22 06:46:00,2026-04-22 06:46:59,Q11,479.00,285.00,127.80,136.50,94.90,38.10,23.71,481.90,288.90,132.50,138.50,96.20,37.90,20.49,478.40,284.30,128.20,135.80,95.10,37.10,23.29,479.77,286.07,388.50,410.80,95.40,37.70,67.49
2026-04-22 06:47:00,2026-04-22 06:47:59,Q11,478.50,285.50,127.80,136.20,94.70,37.70,24.86,483.20,301.60,139.20,145.40,96.10,38.10,21.40,477.70,300.40,135.90,143.10,95.10,36.80,24.17,479.80,295.83,402.90,424.70,95.30,37.53,70.43
2026-04-22 06:48:00,2026-04-22 06:48:59,Q11,479.20,268.70,121.60,128.40,95.10,40.10,21.83,481.90,266.10,121.90,127.90,96.40,40.00,18.94,478.30,266.60,120.70,127.10,95.20,38.50,21.63,479.80,267.13,364.20,383.40,95.57,39.53,62.40
2026-04-22 06:49:00,2026-04-22 06:49:59,Q11,478.00,284.80,126.90,135.80,94.80,37.70,23.94,482.00,287.10,132.50,138.30,96.20,39.10,20.77,477.80,283.90,127.30,135.00,95.20,37.00,23.37,479.27,285.27,386.70,409.10,95.40,37.93,68.09
2026-04-22 06:50:00,2026-04-22 06:50:59,Q11,477.30,283.90,126.00,135.00,94.80,36.50,24.29,480.30,284.70,130.60,136.30,96.00,36.50,21.31,476.60,283.60,127.30,134.70,95.10,34.60,23.66,478.07,284.07,383.90,406.00,95.30,35.87,69.26
2026-04-22 06:51:00,2026-04-22 06:51:59,Q11,476.80,278.40,124.10,132.30,94.70,36.20,23.80,481.40,282.90,129.60,135.60,96.20,36.30,20.34,475.70,283.10,127.30,134.40,95.00,35.30,23.49,477.97,281.47,381.00,402.30,95.30,35.93,67.63
2026-04-22 06:52:00,2026-04-22 06:52:59,Q11,476.50,252.80,113.10,120.00,95.00,38.10,20.77,480.20,256.40,117.10,122.90,96.20,38.10,18.23,477.10,252.00,114.00,120.20,95.30,37.10,20.14,477.93,253.73,344.20,363.10,95.50,37.77,59.14
2026-04-22 06:53:00,2026-04-22 06:53:59,Q11,475.60,258.40,115.90,122.60,95.10,37.20,21.11,480.60,261.80,120.00,125.30,96.30,37.90,18.46,477.00,261.10,117.80,124.50,95.30,35.80,20.54,477.73,260.43,353.70,372.40,95.57,36.97,60.11
2026-04-22 06:54:00,2026-04-22 06:54:59,Q11,475.40,268.30,119.40,127.30,94.80,37.40,23.06,480.00,275.50,126.70,132.00,96.10,37.80,19.97,477.00,271.40,122.60,129.30,95.30,35.90,21.97,477.47,271.73,368.70,388.60,95.40,37.03,65.00
2026-04-22 06:55:00,2026-04-22 06:55:59,Q11,474.80,283.40,126.00,134.10,94.60,35.80,24.09,480.80,281.80,128.60,134.90,96.10,36.80,20.57,475.80,279.70,125.40,132.50,95.00,34.10,23.51,477.13,281.63,380.00,401.50,95.23,35.57,68.17
2026-04-22 06:56:00,2026-04-22 06:56:59,Q11,476.20,257.60,114.70,122.30,94.90,38.10,21.57,480.00,256.50,117.10,122.90,96.20,39.00,18.66,475.90,259.40,116.80,123.00,95.20,36.80,21.03,477.37,257.83,348.60,368.20,95.43,37.97,61.26
2026-04-22 06:57:00,2026-04-22 06:57:59,Q11,476.00,277.70,123.10,131.90,94.90,36.90,23.49,479.30,277.90,126.70,132.70,96.10,37.20,20.63,475.70,280.60,126.30,133.00,95.20,35.10,22.97,477.00,278.73,376.10,397.60,95.40,36.40,67.09
2026-04-22 06:58:00,2026-04-22 06:58:59,Q11,476.40,261.30,117.80,124.20,95.00,37.10,21.91,479.30,260.80,119.00,124.50,96.20,37.50,19.14,475.80,264.00,118.80,125.40,95.30,36.40,21.29,477.17,262.03,355.60,374.10,95.50,37.00,62.34
2026-04-22 06:59:00,2026-04-22 06:59:59,Q11,475.40,267.80,118.40,126.80,94.90,36.40,22.46,481.10,271.90,124.80,130.40,96.20,36.80,19.49,476.20,274.80,123.50,130.40,95.40,35.30,21.31,477.57,271.50,366.70,387.60,95.50,36.17,63.26
2026-04-22 07:00:00,2026-04-22 07:00:59,Q11,476.20,256.10,113.70,121.90,94.90,36.40,21.63,480.20,262.80,120.00,125.80,96.10,37.40,18.91,475.10,263.10,117.80,124.90,95.20,35.60,21.03,477.17,260.67,351.50,372.60,95.40,36.47,61.57
2026-04-22 07:01:00,2026-04-22 07:01:59,Q11,474.80,259.60,114.70,122.80,94.80,37.70,21.94,480.90,261.30,120.00,125.30,96.30,37.30,18.66,475.60,259.90,116.80,123.00,95.20,35.90,21.31,477.10,260.27,351.50,371.10,95.43,36.97,61.91
2026-04-22 07:02:00,2026-04-22 07:02:59,Q11,474.40,257.80,113.70,121.80,94.80,37.30,21.86,479.30,262.60,120.00,125.50,96.20,38.00,18.69,476.40,262.50,117.80,124.70,95.30,35.60,20.80,476.70,260.97,351.50,372.00,95.43,36.97,61.34
2026-04-22 07:03:00,2026-04-22 07:03:59,Q11,474.70,248.60,110.00,117.60,94.90,37.30,21.20,479.10,254.10,116.20,121.70,96.10,37.10,18.57,476.50,249.60,112.10,118.50,95.30,35.40,20.34,476.77,250.77,338.30,357.80,95.43,36.60,60.11
2026-04-22 07:04:00,2026-04-22 07:04:59,Q11,475.50,247.00,110.00,117.30,94.90,39.00,20.63,479.00,249.70,114.20,119.30,96.30,39.30,17.71,476.30,250.30,113.10,119.00,95.30,36.60,20.14,476.93,249.00,337.30,355.60,95.50,38.30,58.49
2026-04-22 07:05:00,2026-04-22 07:05:59,Q11,475.30,261.80,115.60,124.00,94.80,38.30,22.06,479.70,261.30,120.00,125.00,96.30,36.40,19.06,474.70,264.70,118.80,125.10,95.10,35.40,21.77,476.57,262.60,354.40,374.10,95.40,36.70,62.89
2026-04-22 07:06:00,2026-04-22 07:06:59,Q11,475.10,295.40,131.60,140.10,94.60,35.90,24.83,479.60,291.00,133.40,139.40,96.10,37.30,21.00,476.30,289.20,130.10,137.60,95.20,35.20,23.57,477.00,291.87,395.10,417.10,95.30,36.13,69.40
2026-04-22 07:07:00,2026-04-22 07:07:59,Q11,476.40,264.70,117.50,125.70,94.90,37.80,22.40,480.30,269.40,123.80,129.10,96.30,38.40,19.09,477.70,270.70,121.60,128.80,95.40,36.90,21.43,478.13,268.27,362.90,383.60,95.53,37.70,62.91
2026-04-22 07:08:00,2026-04-22 07:08:59,Q11,476.90,288.80,128.80,137.10,94.80,36.90,24.31,479.90,288.30,131.50,138.00,96.10,38.40,21.14,476.80,287.20,129.20,136.60,95.20,34.80,23.63,477.87,288.10,389.50,411.70,95.37,36.70,69.09
2026-04-22 07:09:00,2026-04-22 07:09:59,Q11,476.70,282.70,126.00,134.20,94.80,38.80,23.91,481.50,289.90,133.40,139.00,96.30,39.00,20.31,475.90,289.40,130.10,137.30,95.10,37.30,23.34,478.03,287.33,389.50,410.50,95.40,38.37,67.57
2026-04-22 07:10:00,2026-04-22 07:10:59,Q11,477.10,288.70,128.80,137.40,94.90,35.60,24.14,479.70,286.80,130.60,137.00,96.30,36.90,20.86,476.10,287.60,129.20,136.60,95.10,35.40,23.89,477.63,287.70,388.60,411.00,95.43,35.97,68.89
2026-04-22 07:11:00,2026-04-22 07:11:59,Q11,475.30,287.40,127.80,136.30,94.60,38.30,24.86,481.40,284.30,130.60,136.60,96.30,39.10,20.71,476.30,296.50,133.00,140.90,95.20,36.80,23.83,477.67,289.40,391.40,413.80,95.37,38.07,69.40
2026-04-22 07:12:00,2026-04-22 07:12:59,Q11,476.90,289.30,128.80,137.60,94.80,37.50,24.83,480.20,293.10,134.40,140.60,96.00,39.20,21.89,477.20,301.40,135.90,143.60,95.00,37.10,24.17,478.10,294.60,399.10,421.80,95.27,37.93,70.89
2026-04-22 07:13:00,2026-04-22 07:13:59,Q11,477.10,292.50,130.70,139.30,94.90,38.20,24.43,481.10,296.80,136.30,142.40,96.30,38.10,21.17,476.10,300.50,134.90,142.80,95.00,36.70,24.51,478.10,296.60,401.90,424.50,95.40,37.67,70.11
2026-04-22 07:14:00,2026-04-22 07:14:59,Q11,476.80,286.10,127.80,136.10,94.90,38.70,23.80,480.30,287.00,131.50,137.80,96.20,38.90,20.74,477.30,284.60,128.20,135.50,95.10,36.90,23.54,478.13,285.90,387.50,409.40,95.40,38.17,68.09
2026-04-22 07:15:00,2026-04-22 07:15:59,Q11,475.60,291.60,129.70,138.20,94.60,38.60,24.94,481.20,293.40,134.40,140.90,96.20,38.80,21.00,477.40,292.00,132.10,139.30,95.10,37.30,23.94,478.07,292.33,396.20,418.40,95.30,38.23,69.89
2026-04-22 07:16:00,2026-04-22 07:16:59,Q11,475.60,292.90,129.70,138.70,94.70,38.40,24.89,480.20,290.10,133.40,139.20,96.20,39.00,21.23,477.40,295.00,133.00,140.70,95.20,36.00,23.83,477.73,292.67,396.10,418.60,95.37,37.80,69.94
2026-04-22 07:17:00,2026-04-22 07:17:59,Q11,477.00,287.00,127.80,136.90,94.70,39.00,24.46,480.80,289.50,132.50,138.70,96.30,38.70,20.69,475.80,288.90,129.20,136.80,95.00,37.30,24.23,477.87,288.47,389.50,412.40,95.33,38.33,69.37
2026-04-22 07:18:00,2026-04-22 07:18:59,Q11,476.40,293.80,130.70,139.50,94.70,37.30,24.77,481.70,292.40,134.40,140.50,96.40,38.30,20.71,476.00,293.90,132.10,139.50,95.10,35.60,24.20,478.03,293.37,397.20,419.50,95.40,37.07,69.69
2026-04-22 07:19:00,2026-04-22 07:19:59,Q11,475.80,289.80,128.80,137.30,94.60,38.00,24.94,481.60,292.20,134.40,140.50,96.30,37.60,20.69,476.90,291.20,131.10,138.50,95.10,36.70,24.17,478.10,291.07,394.30,416.30,95.33,37.43,69.80
2026-04-22 07:20:00,2026-04-22 07:20:59,Q11,475.90,293.20,130.70,139.20,94.70,38.10,24.83,480.80,299.80,137.30,143.50,96.30,39.20,20.89,477.20,291.40,131.10,138.80,95.20,36.90,23.97,477.97,294.80,399.10,421.50,95.40,38.07,69.69
2026-04-22 07:21:00,2026-04-22 07:21:59,Q11,476.40,297.70,132.50,141.40,94.80,37.40,24.83,480.00,292.30,134.40,140.20,96.20,37.80,21.20,477.00,295.40,133.00,140.70,95.20,35.00,24.09,477.80,295.13,399.90,422.30,95.40,36.73,70.11
2026-04-22 07:22:00,2026-04-22 07:22:59,Q11,476.90,291.90,129.70,138.50,94.80,37.80,24.71,481.70,289.50,133.40,139.00,96.30,38.00,21.09,476.20,299.40,134.90,142.30,95.10,36.70,24.29,478.27,293.60,398.00,419.80,95.40,37.50,70.09
2026-04-22 07:23:00,2026-04-22 07:23:59,Q11,477.80,288.80,128.80,137.40,94.80,37.80,24.49,480.90,292.00,134.40,140.20,96.20,38.60,21.09,476.70,291.70,131.10,138.50,95.00,36.50,24.11,478.47,290.83,394.30,416.10,95.33,37.63,69.69
2026-04-22 07:24:00,2026-04-22 07:24:59,Q11,478.00,289.90,129.70,138.10,94.70,37.70,24.57,481.90,292.00,134.40,140.50,96.30,38.50,20.80,476.70,292.70,131.10,139.00,95.10,36.30,24.03,478.87,291.53,395.20,417.60,95.37,37.50,69.40
2026-04-22 07:25:00,2026-04-22 07:25:59,Q11,478.10,284.00,126.90,135.80,94.90,37.20,23.97,481.10,287.80,132.50,138.00,96.40,38.00,20.51,477.20,287.80,129.20,136.90,95.20,36.30,23.57,478.80,286.53,388.60,410.70,95.50,37.17,68.06
2026-04-22 07:26:00,2026-04-22 07:26:59,Q11,476.60,284.60,126.90,135.20,94.80,36.30,24.46,482.30,295.70,136.30,142.20,96.30,37.60,20.60,477.60,290.80,131.10,138.30,95.30,35.40,23.49,478.83,290.37,394.30,415.70,95.47,36.43,68.54
2026-04-22 07:27:00,2026-04-22 07:27:59,Q11,476.90,280.40,125.00,133.30,94.70,38.30,24.57,481.30,292.00,134.40,140.50,96.00,39.00,21.14,478.30,289.70,131.10,138.10,95.30,37.30,23.11,478.83,287.37,390.50,411.90,95.33,38.20,68.83
2026-04-22 07:28:00,2026-04-22 07:28:59,Q11,477.30,290.40,129.70,138.30,94.80,38.40,24.57,481.10,289.40,133.40,139.00,96.20,38.30,20.80,477.60,291.20,131.10,138.80,95.40,36.00,23.11,478.67,290.33,394.20,416.10,95.47,37.57,68.49
2026-04-22 07:29:00,2026-04-22 07:29:59,Q11,476.40,287.70,127.80,136.60,94.60,37.60,24.57,481.90,290.90,133.40,139.50,96.30,38.90,20.46,477.70,287.20,129.20,136.90,95.30,36.40,23.31,478.67,288.60,390.40,413.00,95.40,37.63,68.34
2026-04-22 07:30:00,2026-04-22 07:30:59,Q11,476.30,285.90,126.90,135.70,94.70,36.10,24.71,480.90,287.90,131.50,137.80,96.10,38.20,20.86,478.20,288.00,130.10,137.70,95.50,34.90,22.86,478.47,287.27,388.50,411.20,95.43,36.40,68.43
2026-04-22 07:31:00,2026-04-22 07:31:59,Q11,476.40,289.50,128.80,137.60,94.60,37.80,24.86,482.10,293.30,135.40,141.20,96.30,39.30,20.54,476.50,287.70,129.20,136.60,95.30,37.20,23.57,478.33,290.17,393.40,415.40,95.40,38.10,68.97
2026-04-22 07:32:00,2026-04-22 07:32:59,Q11,477.20,293.20,130.70,139.80,94.70,36.70,24.80,481.60,291.00,133.40,140.00,96.20,37.70,21.09,476.20,292.80,131.10,139.00,95.00,35.90,24.26,478.33,292.33,395.20,418.80,95.30,36.77,70.14
2026-04-22 07:33:00,2026-04-22 07:33:59,Q11,476.40,294.30,130.70,139.90,94.70,35.90,24.94,480.70,288.70,132.50,138.20,96.20,37.00,21.20,477.90,294.40,133.00,140.20,95.20,33.00,23.74,478.33,292.47,396.20,418.30,95.37,35.30,69.89
2026-04-22 07:34:00,2026-04-22 07:34:59,Q11,476.00,288.80,128.80,137.10,94.70,38.20,24.66,480.50,292.30,134.40,140.20,96.10,39.30,21.14,477.80,290.40,131.10,138.30,95.40,37.20,23.11,478.10,290.50,394.30,415.60,95.40,38.23,68.91
2026-04-22 07:35:00,2026-04-22 07:35:59,Q11,476.90,295.10,131.60,140.40,94.80,37.00,24.66,481.10,293.60,134.40,140.90,96.20,36.90,21.09,476.40,290.80,131.10,138.00,95.20,33.40,23.89,478.13,293.17,397.10,419.30,95.40,35.77,69.63
2026-04-22 07:36:00,2026-04-22 07:36:59,Q11,476.90,287.60,127.80,136.60,94.60,38.30,24.94,481.90,286.60,131.50,137.60,96.30,38.60,20.80,476.60,296.30,133.00,140.90,95.10,36.30,24.00,478.47,290.17,392.30,415.10,95.33,37.73,69.74
2026-04-22 07:37:00,2026-04-22 07:37:59,Q11,476.30,285.60,126.90,135.70,94.60,38.80,25.00,481.00,290.70,133.40,139.50,96.20,39.20,20.94,478.40,291.70,132.10,139.10,95.40,36.80,23.31,478.57,289.33,392.40,414.30,95.40,38.27,69.26
2026-04-22 07:38:00,2026-04-22 07:38:59,Q11,475.80,291.90,129.70,138.20,94.60,38.10,25.06,481.20,290.80,133.40,139.50,96.30,38.70,20.60,477.90,293.70,132.10,139.80,95.40,35.60,23.23,478.30,292.13,395.20,417.50,95.43,37.47,68.89
2026-04-22 07:39:00,2026-04-22 07:39:59,Q11,476.10,288.70,128.80,137.10,94.60,38.70,25.00,482.00,292.10,134.40,140.70,96.30,39.20,20.71,477.90,294.60,133.00,140.20,95.30,36.90,23.43,478.67,291.80,396.20,418.00,95.40,38.27,69.14
2026-04-22 07:40:00,2026-04-22 07:40:59,Q11,476.00,289.80,128.80,137.60,94.70,38.30,24.77,480.30,288.50,132.50,138.20,96.20,39.30,20.83,477.80,294.80,133.00,140.20,95.50,37.00,23.06,478.03,291.03,394.30,416.00,95.47,38.20,68.66
2026-04-22 07:41:00,2026-04-22 07:41:59,Q11,475.60,287.60,127.80,136.30,94.70,38.10,24.69,481.30,292.40,134.40,140.50,96.20,38.00,20.74,477.40,289.90,130.10,137.90,95.30,36.10,23.31,478.10,289.97,392.30,414.70,95.40,37.40,68.74
2026-04-22 07:42:00,2026-04-22 07:42:59,Q11,477.40,296.40,132.50,141.20,94.80,37.00,24.57,480.60,286.40,131.50,137.30,96.20,39.30,21.14,477.20,293.40,132.10,139.80,95.30,36.90,23.51,478.40,292.07,396.10,418.30,95.43,37.73,69.23
2026-04-22 07:43:00,2026-04-22 07:43:59,Q11,477.20,289.40,128.80,137.90,94.90,37.70,24.49,481.00,292.80,134.40,140.50,96.30,36.80,20.83,477.30,295.40,133.00,140.70,95.40,35.60,23.14,478.50,292.53,396.20,419.10,95.53,36.70,68.46
2026-04-22 07:44:00,2026-04-22 07:44:59,Q11,477.50,291.00,129.70,138.80,94.90,38.50,24.14,480.70,289.70,132.50,138.70,96.30,39.00,20.89,477.30,295.90,133.00,140.70,95.20,36.70,23.60,478.50,292.20,395.20,418.20,95.47,38.07,68.63
2026-04-22 07:45:00,2026-04-22 07:45:59,Q11,476.20,292.50,129.70,139.00,94.60,38.10,25.09,482.20,289.80,133.40,139.30,96.30,39.40,20.57,477.60,290.30,131.10,138.30,95.40,36.70,23.46,478.67,290.87,394.20,416.60,95.43,38.07,69.11
2026-04-22 07:46:00,2026-04-22 07:46:59,Q11,476.20,286.00,127.80,136.10,94.70,38.00,24.69,481.20,288.80,132.50,138.50,96.20,38.80,20.86,478.40,295.20,133.90,141.00,95.40,35.90,23.09,478.60,290.00,394.20,415.60,95.43,37.57,68.63
2026-04-22 07:47:00,2026-04-22 07:47:59,Q11,477.00,291.80,129.70,138.80,94.70,37.50,24.89,482.30,293.10,135.40,141.20,96.20,39.40,21.06,476.70,296.60,133.00,140.90,95.20,36.60,23.89,478.67,293.83,398.10,420.90,95.37,37.83,69.83
2026-04-22 07:48:00,2026-04-22 07:48:59,Q11,477.80,292.40,130.70,139.30,94.70,37.10,24.63,481.30,290.40,133.40,139.50,96.30,37.90,20.74,476.90,293.00,132.10,139.50,95.20,35.90,23.77,478.67,291.93,396.20,418.30,95.40,36.97,69.14
2026-04-22 07:49:00,2026-04-22 07:49:59,Q11,476.70,286.40,127.80,136.10,94.70,38.40,24.43,481.20,284.40,130.60,136.60,96.30,39.70,20.43,478.40,293.20,133.00,140.10,95.40,36.70,22.89,478.77,288.00,391.40,412.80,95.47,38.27,67.74
2026-04-22 07:50:00,2026-04-22 07:50:59,Q11,476.90,291.20,129.70,138.50,94.60,37.50,24.94,481.50,288.00,132.50,138.50,96.30,38.00,20.51,477.70,290.40,131.10,138.30,95.40,34.90,23.23,478.70,289.87,393.30,415.30,95.43,36.80,68.69
2026-04-22 07:51:00,2026-04-22 07:51:59,Q11,475.90,287.60,127.80,136.30,94.50,36.90,25.37,481.80,293.70,134.40,140.90,96.30,38.30,20.66,477.50,299.10,134.90,142.60,95.40,34.50,23.49,478.40,293.47,397.10,419.80,95.40,36.57,69.51
2026-04-22 07:52:00,2026-04-22 07:52:59,Q11,475.70,292.20,129.70,138.70,94.50,38.40,25.43,480.70,295.60,135.40,141.60,96.20,39.30,21.00,478.00,292.30,132.10,139.60,95.50,36.90,23.23,478.13,293.37,397.20,419.90,95.40,38.20,69.66
2026-04-22 07:53:00,2026-04-22 07:53:59,Q11,476.90,290.60,129.70,138.00,94.40,35.90,25.49,482.00,294.10,135.40,141.70,96.20,37.80,21.00,476.90,295.40,133.00,140.40,95.30,34.20,23.69,478.60,293.37,398.10,420.10,95.30,35.97,70.17
2026-04-22 07:54:00,2026-04-22 07:54:59,Q11,476.00,294.80,130.70,139.90,94.50,38.50,25.29,481.10,287.20,132.50,138.00,96.20,39.00,20.83,478.50,291.80,132.10,139.10,95.50,37.10,23.06,478.53,291.27,395.30,417.00,95.40,38.20,69.17
2026-04-22 07:55:00,2026-04-22 07:55:59,Q11,476.10,286.00,127.80,136.10,94.60,36.50,24.77,482.10,286.10,131.50,137.90,96.50,37.70,20.11,476.60,292.60,131.10,139.00,95.40,33.30,23.17,478.27,288.23,390.40,413.00,95.50,35.83,68.06
2026-04-22 07:56:00,2026-04-22 07:56:59,Q11,476.00,286.60,127.80,136.10,94.60,38.50,25.06,480.70,291.40,133.40,139.70,96.20,39.50,20.80,478.20,292.90,132.10,139.60,95.50,37.00,22.86,478.30,290.30,393.30,415.40,95.43,38.33,68.71
2026-04-22 07:57:00,2026-04-22 07:57:59,Q11,477.00,289.80,128.80,137.90,94.50,38.00,25.37,481.60,294.30,135.40,141.40,96.30,37.70,20.77,477.30,291.00,131.10,138.80,95.40,36.30,23.66,478.63,291.70,395.30,418.10,95.40,37.33,69.80
2026-04-22 07:58:00,2026-04-22 07:58:59,Q11,476.80,292.10,129.70,139.00,94.60,38.80,24.89,481.20,288.00,132.50,138.50,96.20,39.80,20.77,478.20,288.70,130.10,137.70,95.50,37.20,23.00,478.73,289.60,392.30,415.20,95.43,38.60,68.66
2026-04-22 07:59:00,2026-04-22 07:59:59,Q11,477.30,292.70,130.70,139.30,94.70,38.30,24.66,482.40,288.70,132.50,138.80,96.30,38.50,20.63,477.00,289.30,130.10,137.90,95.30,36.50,23.46,478.90,290.23,393.30,416.00,95.43,37.77,68.74
2026-04-22 08:00:00,2026-04-22 08:00:59,Q11,476.40,290.50,129.70,138.00,94.50,39.00,25.40,482.60,295.50,136.30,142.20,96.30,39.50,20.80,477.70,294.30,133.00,140.20,95.30,35.90,23.63,478.90,293.43,399.00,420.40,95.37,38.13,69.83
2026-04-22 08:01:00,2026-04-22 08:01:59,Q11,477.60,288.10,128.80,137.40,94.70,38.00,24.49,481.50,285.30,131.50,137.10,96.20,38.90,20.69,477.50,289.50,130.10,137.90,95.30,36.10,23.17,478.87,287.63,390.40,412.40,95.40,37.67,68.34
2026-04-22 08:02:00,2026-04-22 08:02:59,Q11,476.10,292.10,129.70,139.00,94.60,38.40,25.14,481.40,292.40,134.40,140.50,96.10,38.30,21.17,478.20,294.90,133.00,140.50,95.50,35.90,23.14,478.57,293.13,397.10,420.00,95.40,37.53,69.46
2026-04-22 08:03:00,2026-04-22 08:03:59,Q11,476.40,290.90,129.70,138.00,94.60,38.10,25.09,482.20,291.30,134.40,140.30,96.30,38.90,20.51,478.30,292.00,132.10,139.60,95.50,36.30,22.91,478.97,291.40,396.20,417.90,95.47,37.77,68.51
2026-04-22 08:04:00,2026-04-22 08:04:59,Q11,476.40,285.00,126.90,135.70,94.50,38.10,25.37,482.30,288.10,132.50,138.80,96.30,39.30,20.66,476.90,294.20,132.10,139.90,95.40,35.90,23.60,478.53,289.10,391.50,414.40,95.40,37.77,69.63
2026-04-22 08:05:00,2026-04-22 08:05:59,Q11,475.70,296.10,131.60,140.60,94.50,38.60,25.23,481.80,291.80,133.40,140.00,96.30,39.30,20.69,477.80,284.00,128.20,135.50,95.40,36.90,23.54,478.43,290.63,393.20,416.10,95.40,38.27,69.46
2026-04-22 08:06:00,2026-04-22 08:06:59,Q11,477.50,283.60,126.00,135.00,94.80,37.70,24.26,480.70,287.30,131.50,137.80,96.30,37.90,20.54,476.90,287.60,129.20,136.60,95.40,36.20,22.91,478.37,286.17,386.70,409.40,95.50,37.27,67.71
2026-04-22 08:07:00,2026-04-22 08:07:59,Q11,477.30,293.80,130.70,139.80,94.70,38.40,24.69,480.90,290.00,133.40,139.20,96.30,39.00,20.77,477.10,290.60,131.10,138.30,95.30,36.60,23.46,478.43,291.47,395.20,417.30,95.43,38.00,68.91
2026-04-22 08:08:00,2026-04-22 08:08:59,Q11,476.90,294.00,130.70,139.90,94.70,36.20,24.97,481.10,291.50,133.40,140.00,96.30,37.30,20.83,477.90,291.50,131.10,138.80,95.40,35.50,23.29,478.63,292.33,395.20,418.70,95.47,36.33,69.09
2026-04-22 08:09:00,2026-04-22 08:09:59,Q11,476.10,293.80,130.70,139.50,94.70,38.00,25.00,481.20,287.90,132.50,138.00,96.20,39.00,20.80,477.70,293.90,132.10,139.80,95.50,36.50,23.09,478.33,291.87,395.30,417.30,95.47,37.83,68.89
2026-04-22 08:10:00,2026-04-22 08:10:59,Q11,477.00,290.30,129.70,138.30,94.70,38.00,24.80,480.70,290.40,133.40,139.20,96.30,38.60,20.77,476.60,295.70,133.00,140.40,95.40,37.10,23.51,478.10,292.13,396.10,417.90,95.47,37.90,69.09
2026-04-22 08:11:00,2026-04-22 08:11:59,Q11,475.50,291.10,129.70,138.20,94.60,37.80,24.94,481.50,282.80,129.60,135.60,96.30,38.60,20.43,477.80,292.10,132.10,139.30,95.50,36.10,22.89,478.27,288.67,391.40,413.10,95.47,37.50,68.26
2026-04-22 08:12:00,2026-04-22 08:12:59,Q11,476.20,290.00,129.70,138.00,94.60,38.40,25.06,480.50,285.40,130.60,136.80,96.10,39.20,21.00,478.10,298.30,134.90,142.40,95.50,36.70,22.77,478.27,291.23,395.20,417.20,95.40,38.10,68.83
2026-04-22 08:13:00,2026-04-22 08:13:59,Q11,476.30,294.90,130.70,139.90,94.60,37.50,24.80,480.50,283.80,129.60,135.80,96.10,37.90,20.89,478.10,285.80,129.20,136.20,95.40,35.40,22.94,478.30,288.17,389.50,411.90,95.37,36.93,68.63
2026-04-22 08:14:00,2026-04-22 08:14:59,Q11,474.70,291.00,128.80,137.90,94.50,36.80,25.14,480.80,286.20,131.50,137.30,96.20,36.90,20.80,475.80,284.50,127.30,134.90,95.30,34.90,23.49,477.10,287.23,387.60,410.10,95.33,36.20,69.43
2026-04-22 08:15:00,2026-04-22 08:15:59,Q11,475.70,290.80,128.80,137.80,94.60,36.40,25.29,479.90,288.50,131.50,138.00,96.10,37.10,21.46,475.20,294.90,132.10,139.60,95.20,34.90,23.97,476.93,291.40,392.40,415.40,95.30,36.13,70.71
2026-04-22 08:16:00,2026-04-22 08:16:59,Q11,475.20,290.10,128.80,137.80,94.60,33.40,24.86,479.20,287.10,131.50,137.50,96.10,35.40,21.09,476.00,291.00,131.10,138.50,95.40,33.30,23.17,476.80,289.40,391.40,413.80,95.37,34.03,69.11
2026-04-22 08:17:00,2026-04-22 08:17:59,Q11,475.00,286.80,126.90,135.90,94.60,36.10,24.83,480.10,287.40,131.50,137.80,96.20,37.00,20.89,475.20,291.40,131.10,138.20,95.30,33.50,23.40,476.77,288.53,389.50,411.90,95.37,35.53,69.11
2026-04-22 08:18:00,2026-04-22 08:18:59,Q11,474.40,290.80,128.80,137.50,94.50,37.10,25.37,480.50,284.10,130.60,136.30,96.20,36.80,20.97,474.90,292.80,131.10,138.40,95.20,32.90,23.91,476.60,289.23,390.50,412.20,95.30,35.60,70.26
2026-04-22 08:19:00,2026-04-22 08:19:59,Q11,474.60,289.50,127.80,137.00,94.60,35.90,24.97,480.50,287.70,131.50,137.80,96.30,36.60,20.71,474.90,287.40,129.20,136.00,95.30,33.80,23.60,476.67,288.20,388.50,410.80,95.40,35.43,69.29
2026-04-22 08:20:00,2026-04-22 08:20:59,Q11,474.60,286.80,126.90,135.60,94.60,36.50,24.86,479.90,285.70,130.60,136.50,96.30,37.30,20.54,474.50,292.80,131.10,138.40,95.30,34.50,23.60,476.33,288.43,388.60,410.50,95.40,36.10,69.00
2026-04-22 08:21:00,2026-04-22 08:21:59,Q11,475.50,288.00,127.80,136.80,94.80,36.20,24.94,478.70,291.80,133.40,139.10,96.10,36.70,21.57,475.80,293.70,132.10,139.20,95.20,34.50,23.77,476.67,291.17,393.30,415.10,95.37,35.80,70.29
2026-04-22 08:22:00,2026-04-22 08:22:59,Q11,475.10,292.90,129.70,138.70,94.70,35.70,24.97,478.70,286.70,130.60,136.70,96.10,36.20,21.43,475.60,291.10,131.10,138.20,95.20,34.40,23.66,476.47,290.23,391.40,413.60,95.33,35.43,70.06
2026-04-22 08:23:00,2026-04-22 08:23:59,Q11,475.30,288.80,127.80,136.80,94.70,36.00,24.40,479.60,282.10,129.60,135.10,96.20,37.50,20.74,475.90,291.20,131.10,138.20,95.40,35.30,22.97,476.93,287.37,388.50,410.10,95.43,36.27,68.11
2026-04-22 08:24:00,2026-04-22 08:24:59,Q11,476.00,293.10,130.70,139.50,94.60,36.30,25.03,479.70,288.30,131.50,138.00,96.10,36.10,21.20,476.20,287.50,129.20,136.60,95.30,34.60,23.51,477.30,289.63,391.40,414.10,95.33,35.67,69.74
2026-04-22 08:25:00,2026-04-22 08:25:59,Q11,476.00,290.60,129.70,138.00,94.70,36.70,24.89,479.50,288.30,131.50,138.00,96.10,37.30,21.37,475.90,300.50,134.90,142.50,95.30,35.10,23.74,477.13,293.13,396.10,418.50,95.37,36.37,70.00
2026-04-22 08:26:00,2026-04-22 08:26:59,Q11,475.60,283.10,126.00,134.40,94.40,36.40,25.57,481.60,287.70,132.50,138.00,96.10,37.10,21.11,477.50,287.80,129.20,136.90,95.30,33.70,23.43,478.23,286.20,387.70,409.30,95.27,35.73,70.11
2026-04-22 08:27:00,2026-04-22 08:27:59,Q11,476.60,284.60,126.90,135.20,94.60,36.90,24.57,481.80,285.30,131.50,137.10,96.30,38.00,20.26,476.50,288.80,130.10,137.10,95.40,35.30,22.83,478.30,286.23,388.50,409.40,95.43,36.73,67.66
2026-04-22 08:28:00,2026-04-22 08:28:59,Q11,476.50,285.80,126.90,135.70,94.60,36.80,24.57,481.50,283.20,130.60,136.10,96.20,37.70,20.51,476.30,289.90,130.10,137.60,95.20,35.20,23.37,478.10,286.30,387.60,409.40,95.33,36.57,68.46
2026-04-22 08:29:00,2026-04-22 08:29:59,Q11,476.40,290.50,129.70,138.00,94.70,35.40,24.63,480.50,282.60,129.60,135.40,96.20,36.50,20.77,476.20,287.40,129.20,136.60,95.40,33.20,23.17,477.70,286.83,388.50,410.00,95.43,35.03,68.57
2026-04-22 08:30:00,2026-04-22 08:30:59,Q11,476.20,288.30,128.80,137.10,94.60,36.30,25.09,480.30,286.10,131.50,137.30,96.10,37.30,21.23,477.60,294.10,133.00,140.20,95.40,34.10,23.29,478.03,289.50,393.30,414.60,95.37,35.90,69.60
2026-04-22 08:31:00,2026-04-22 08:31:59,Q11,476.10,295.30,131.60,140.40,94.60,37.60,25.26,481.30,288.20,132.50,138.50,96.20,37.10,20.89,478.30,291.10,132.10,139.10,95.50,35.10,23.11,478.57,291.53,396.20,418.00,95.43,36.60,69.26
2026-04-22 08:32:00,2026-04-22 08:32:59,Q11,477.30,291.00,129.70,138.80,94.40,38.70,25.43,482.50,292.10,134.40,140.70,96.10,39.40,21.09,477.40,290.30,131.10,138.30,95.20,36.70,23.66,479.07,291.13,395.20,417.80,95.23,38.27,70.17
2026-04-22 08:33:00,2026-04-22 08:33:59,Q11,477.20,291.30,129.70,138.80,94.70,37.80,24.83,481.00,292.20,134.40,140.50,96.20,38.40,20.97,478.50,291.00,132.10,139.10,95.50,36.70,23.00,478.90,291.50,396.20,418.40,95.47,37.63,68.80
2026-04-22 08:34:00,2026-04-22 08:34:59,Q11,477.20,294.40,131.60,140.20,94.60,36.30,24.89,482.60,288.30,132.50,138.80,96.30,37.80,20.57,477.30,282.10,127.30,134.50,95.40,34.10,23.14,479.03,288.27,391.40,413.50,95.43,36.07,68.60
2026-04-22 08:35:00,2026-04-22 08:35:59,Q11,477.60,291.10,129.70,138.80,94.70,38.20,24.77,482.40,291.20,134.40,140.30,96.20,38.90,20.86,477.20,294.30,133.00,140.20,95.30,36.90,23.54,479.07,292.20,397.10,419.30,95.40,38.00,69.17
2026-04-22 08:36:00,2026-04-22 08:36:59,Q11,476.90,285.60,126.90,135.70,94.70,37.30,24.71,482.20,288.60,132.50,138.80,96.20,36.80,20.74,477.40,289.20,130.10,137.90,95.40,35.30,23.00,478.83,287.80,389.50,412.40,95.43,36.47,68.46
2026-04-22 08:37:00,2026-04-22 08:37:59,Q11,478.00,290.70,129.70,138.60,94.80,38.30,24.34,481.80,289.80,133.40,139.00,96.20,38.00,20.89,478.10,288.90,130.10,137.70,95.50,36.90,22.80,479.30,289.80,393.20,415.30,95.50,37.73,68.03
2026-04-22 08:38:00,2026-04-22 08:38:59,Q11,477.30,292.00,130.70,139.30,94.60,36.10,25.06,482.40,290.10,133.40,139.80,96.30,37.00,20.71,477.60,294.90,133.00,140.20,95.40,34.60,23.26,479.10,292.33,397.10,419.30,95.43,35.90,69.03
2026-04-22 08:39:00,2026-04-22 08:39:59,Q11,477.70,290.60,129.70,138.30,94.70,36.50,24.37,481.10,284.30,130.60,136.60,96.20,38.10,20.57,477.30,282.70,127.30,134.50,95.40,34.60,22.77,478.70,285.87,387.60,409.40,95.43,36.40,67.71
2026-04-22 08:40:00,2026-04-22 08:40:59,Q11,475.90,288.30,127.80,136.80,94.60,37.60,25.03,481.30,286.70,131.50,137.60,96.20,39.00,20.86,478.40,292.70,132.10,139.60,95.60,37.00,22.54,478.53,289.23,391.40,414.00,95.47,37.87,68.43
2026-04-22 08:41:00,2026-04-22 08:41:59,Q11,476.90,290.10,129.70,138.00,94.60,35.00,24.83,482.10,290.90,133.40,139.80,96.30,36.00,20.43,477.00,294.90,133.00,140.20,95.40,34.20,23.17,478.67,291.97,396.10,418.00,95.43,35.07,68.43
2026-04-22 08:42:00,2026-04-22 08:42:59,Q11,477.20,293.20,130.70,139.80,94.70,37.60,24.97,480.90,293.00,134.40,140.60,96.20,39.30,20.94,478.10,293.20,133.00,140.10,95.60,36.80,22.89,478.73,293.13,398.10,420.50,95.50,37.90,68.80
2026-04-22 08:43:00,2026-04-22 08:43:59,Q11,476.10,293.70,130.70,139.50,94.40,38.90,25.23,482.40,284.80,130.60,136.90,96.30,39.40,20.31,478.20,288.40,130.10,137.70,95.40,36.30,23.11,478.90,288.97,391.40,414.10,95.37,38.20,68.66
2026-04-22 08:44:00,2026-04-22 08:44:59,Q11,476.50,290.20,129.70,138.00,94.50,37.60,25.46,481.70,291.80,133.40,140.00,96.20,38.70,20.89,478.00,289.90,131.10,138.10,95.50,35.60,23.29,478.73,290.63,394.20,416.10,95.40,37.30,69.63
2026-04-22 08:45:00,2026-04-22 08:45:59,Q11,476.80,292.20,129.70,139.00,94.50,38.10,25.06,482.50,285.30,131.50,137.40,96.30,39.20,20.29,477.50,287.40,129.20,136.90,95.40,35.90,23.03,478.93,288.30,390.40,413.30,95.40,37.73,68.37
2026-04-22 08:46:00,2026-04-22 08:46:59,Q11,477.40,290.00,129.70,138.30,94.80,37.90,24.63,480.80,288.00,132.50,138.20,96.30,39.00,20.63,477.90,296.30,133.90,141.20,95.50,36.20,22.83,478.70,291.43,396.10,417.70,95.53,37.70,68.09
2026-04-22 08:47:00,2026-04-22 08:47:59,Q11,477.80,292.30,130.70,139.30,94.60,37.90,25.31,481.10,290.00,133.40,139.50,96.10,38.00,21.17,478.10,294.60,133.00,140.50,95.60,36.20,23.00,479.00,292.30,397.10,419.30,95.43,37.37,69.49
2026-04-22 08:48:00,2026-04-22 08:48:59,Q11,477.20,292.70,130.70,139.30,94.60,38.80,24.57,482.20,286.60,131.50,137.90,96.30,39.50,20.31,477.20,289.00,130.10,137.90,95.40,36.20,22.97,478.87,289.43,392.30,415.10,95.43,38.17,67.86
2026-04-22 08:49:00,2026-04-22 08:49:59,Q11,476.30,292.10,129.70,139.00,94.50,37.50,25.06,482.50,284.60,130.60,136.90,96.30,39.00,20.46,477.70,286.60,129.20,136.40,95.50,35.80,22.74,478.83,287.77,389.50,412.30,95.43,37.43,68.26
2026-04-22 08:50:00,2026-04-22 08:50:59,Q11,477.80,282.80,126.00,134.50,94.80,38.00,24.40,481.40,288.60,132.50,138.50,96.20,39.60,20.80,477.50,287.00,129.20,136.90,95.40,36.50,22.91,478.90,286.13,387.70,409.90,95.47,38.03,68.11
2026-04-22 08:51:00,2026-04-22 08:51:59,Q11,476.20,291.40,129.70,138.50,94.60,38.10,25.29,481.10,288.50,132.50,138.50,96.10,38.90,21.09,478.40,297.90,133.90,142.00,95.50,36.70,23.03,478.57,292.60,396.10,419.00,95.40,37.90,69.40
2026-04-22 08:52:00,2026-04-22 08:52:59,Q11,476.90,288.30,128.80,137.10,94.60,36.60,24.97,481.20,291.90,133.40,140.00,96.20,38.50,20.69,477.00,288.50,130.10,137.40,95.50,34.30,23.00,478.37,289.57,392.30,414.50,95.43,36.47,68.66
2026-04-22 08:53:00,2026-04-22 08:53:59,Q11,477.00,291.00,129.70,138.80,94.60,38.20,24.94,480.80,285.00,130.60,136.80,96.20,39.50,20.86,477.60,284.70,128.20,135.50,95.50,36.30,22.89,478.47,286.90,388.50,411.10,95.43,38.00,68.69
2026-04-22 08:54:00,2026-04-22 08:54:59,Q11,475.50,291.70,129.70,138.20,94.40,38.00,25.54,482.00,287.50,132.50,138.30,96.30,39.10,20.60,477.00,290.40,131.10,138.30,95.60,35.70,22.94,478.17,289.87,393.30,414.80,95.43,37.60,69.09
2026-04-22 08:55:00,2026-04-22 08:55:59,Q11,477.80,290.80,129.70,138.30,94.60,37.70,24.86,482.00,291.00,134.40,140.30,96.20,38.40,20.69,477.40,283.50,127.30,135.00,95.40,36.50,23.11,479.07,288.43,391.40,413.60,95.40,37.53,68.66
2026-04-22 08:56:00,2026-04-22 08:56:59,Q11,477.80,287.30,127.80,136.90,94.70,36.20,24.80,481.40,291.90,133.40,140.00,96.20,37.60,20.74,477.60,291.80,131.10,138.80,95.40,35.00,23.14,478.93,290.33,392.30,415.70,95.43,36.27,68.69
2026-04-22 08:57:00,2026-04-22 08:57:59,Q11,476.90,285.60,126.90,135.70,94.50,37.20,25.06,483.10,284.30,131.50,137.20,96.40,36.80,19.97,477.90,296.30,133.90,141.20,95.50,34.80,22.89,479.30,288.73,392.30,414.10,95.47,36.27,67.91
2026-04-22 08:58:00,2026-04-22 08:58:59,Q11,476.70,289.90,128.80,137.60,94.60,37.50,25.03,482.70,284.30,130.60,136.90,96.30,38.90,20.37,478.40,290.80,131.10,138.60,95.60,35.90,22.83,479.27,288.33,390.50,413.10,95.50,37.43,68.23
2026-04-22 08:59:00,2026-04-22 08:59:59,Q11,476.60,292.60,129.70,139.00,94.40,37.60,25.26,482.80,281.60,129.60,135.40,96.30,39.20,20.34,478.50,293.60,133.00,140.10,95.60,36.50,22.74,479.30,289.27,392.30,414.50,95.43,37.77,68.34
2026-04-22 09:00:00,2026-04-22 09:00:59,Q11,476.40,290.80,129.70,138.00,94.40,37.80,25.63,482.90,286.50,131.50,137.90,96.30,38.50,20.57,478.70,291.60,132.10,139.10,95.60,36.20,22.94,479.33,289.63,393.30,415.00,95.43,37.50,69.14
2026-04-22 09:01:00,2026-04-22 09:01:59,Q11,476.50,288.10,128.80,137.10,94.40,37.30,25.37,482.50,288.30,132.50,138.80,96.20,38.90,20.69,478.20,292.90,132.10,139.60,95.40,36.40,23.06,479.07,289.77,393.40,415.50,95.33,37.53,69.11
2026-04-22 09:02:00,2026-04-22 09:02:59,Q11,476.70,294.80,130.70,139.90,94.40,38.20,25.46,482.60,286.80,131.50,137.90,96.20,38.80,20.60,478.70,288.60,130.10,137.70,95.50,36.50,22.86,479.33,290.07,392.30,415.50,95.37,37.83,68.91
2026-04-22 09:03:00,2026-04-22 09:03:59,Q11,476.10,288.10,128.80,137.10,94.40,39.00,25.37,482.30,290.90,133.40,139.80,96.10,39.60,20.80,478.90,293.20,133.00,140.10,95.60,37.10,22.77,479.10,290.73,395.20,417.00,95.37,38.57,68.94
2026-04-22 09:04:00,2026-04-22 09:04:59,Q11,476.80,289.70,128.80,137.60,94.40,37.50,25.60,481.30,291.80,133.40,140.00,96.10,37.40,21.17,479.30,292.60,132.10,139.90,95.50,34.30,22.97,479.13,291.37,394.30,417.50,95.33,36.40,69.74
2026-04-22 09:05:00,2026-04-22 09:05:59,Q11,477.60,292.90,130.70,139.30,94.70,38.50,24.63,481.50,286.20,131.50,137.60,96.10,39.40,20.86,479.20,286.70,129.20,137.00,95.60,37.20,22.40,479.43,288.60,391.40,413.90,95.47,38.37,67.89
2026-04-22 09:06:00,2026-04-22 09:06:59,Q11,477.40,297.00,132.50,141.70,94.70,38.20,25.03,480.80,288.60,132.50,138.20,96.30,39.40,20.80,477.80,294.60,133.00,140.20,95.50,34.30,23.09,478.67,293.40,398.00,420.10,95.50,37.30,68.91
2026-04-22 09:07:00,2026-04-22 09:07:59,Q11,475.70,293.10,130.70,139.20,94.50,37.50,25.23,482.00,284.80,130.60,136.90,96.30,38.90,20.49,477.90,294.00,133.00,140.20,95.60,36.20,22.77,478.53,290.63,394.30,416.30,95.47,37.53,68.49
2026-04-22 09:08:00,2026-04-22 09:08:59,Q11,476.50,286.00,127.80,136.10,94.60,37.70,24.91,481.40,288.80,132.50,138.50,96.20,38.40,20.69,477.80,292.10,132.10,139.30,95.60,36.80,22.63,478.57,288.97,392.40,413.90,95.47,37.63,68.23
2026-04-22 09:09:00,2026-04-22 09:09:59,Q11,475.80,290.80,128.80,137.80,94.60,38.20,25.20,480.90,288.60,132.50,138.20,96.10,38.30,20.94,477.90,293.20,132.10,139.80,95.60,36.80,22.80,478.20,290.87,393.40,415.80,95.43,37.77,68.94
2026-04-22 09:10:00,2026-04-22 09:10:59,Q11,476.50,295.20,131.60,140.40,94.60,38.20,25.06,480.40,285.70,130.60,136.80,96.10,39.10,20.91,478.10,293.40,133.00,140.10,95.70,35.90,22.31,478.33,291.43,395.20,417.30,95.47,37.73,68.29
2026-04-22 09:11:00,2026-04-22 09:11:59,Q11,475.80,291.70,129.70,138.20,94.50,38.10,25.51,482.10,292.90,134.40,140.70,96.30,38.80,20.69,477.70,293.20,132.10,139.80,95.60,36.00,22.97,478.53,292.60,396.20,418.70,95.47,37.63,69.17
2026-04-22 09:12:00,2026-04-22 09:12:59,Q11,475.40,285.70,126.90,135.40,94.40,38.70,25.26,481.20,288.30,132.50,138.50,96.10,40.00,20.69,478.10,287.90,130.10,137.20,95.50,36.70,22.66,478.23,287.30,389.50,411.10,95.33,38.47,68.60
2026-04-22 09:13:00,2026-04-22 09:13:59,Q11,476.70,287.70,127.80,136.60,94.60,37.90,25.29,480.20,293.50,134.40,140.60,96.00,38.70,21.26,477.90,291.80,131.10,138.80,95.60,36.40,22.74,478.27,291.00,393.30,416.00,95.40,37.67,69.29
2026-04-22 09:14:00,2026-04-22 09:14:59,Q11,476.20,288.30,128.80,137.10,94.60,37.50,25.40,480.80,297.20,136.30,142.60,96.00,38.70,21.34,478.80,293.90,133.00,140.10,95.60,35.70,22.69,478.60,293.13,398.10,419.80,95.40,37.30,69.43
2026-04-22 09:15:00,2026-04-22 09:15:59,Q11,477.70,292.30,130.70,139.30,94.00,37.50,26.77,483.60,285.70,131.50,137.70,96.00,39.50,21.06,480.10,297.70,134.90,142.60,95.70,34.80,22.74,480.47,291.90,397.10,419.60,95.23,37.27,70.57
2026-04-22 09:16:00,2026-04-22 09:16:59,Q11,479.20,284.50,127.80,136.00,94.30,38.10,25.91,483.20,281.40,129.60,135.70,96.10,39.40,20.91,480.30,293.00,133.00,140.60,95.70,35.30,22.34,480.90,286.30,390.40,412.30,95.37,37.60,69.17
2026-04-22 09:17:00,2026-04-22 09:17:59,Q11,479.10,294.60,131.60,140.80,94.10,37.60,26.26,484.90,281.50,130.60,136.00,96.20,39.20,20.37,480.50,293.00,133.00,140.60,95.70,35.80,22.74,481.50,289.70,395.20,417.40,95.33,37.53,69.37
2026-04-22 09:18:00,2026-04-22 09:18:59,Q11,479.40,292.40,130.70,139.90,94.10,38.30,26.31,484.60,284.30,131.50,137.50,96.10,38.90,20.74,480.50,292.30,133.00,140.20,95.70,35.90,22.71,481.50,289.67,395.20,417.60,95.30,37.70,69.77
2026-04-22 09:19:00,2026-04-22 09:19:59,Q11,478.00,291.20,130.70,139.10,94.00,37.60,26.09,483.30,275.70,126.70,132.80,96.00,40.00,20.71,481.90,293.40,133.00,140.90,95.80,36.50,21.89,481.07,286.77,390.40,412.80,95.27,38.03,68.69
2026-04-22 09:20:00,2026-04-22 09:20:59,Q11,478.70,292.10,130.70,139.60,94.20,38.60,26.11,484.70,283.30,130.60,137.00,96.20,40.10,20.49,480.20,294.40,133.90,141.10,95.90,36.30,22.09,481.20,289.93,395.20,417.70,95.43,38.33,68.69
2026-04-22 09:21:00,2026-04-22 09:21:59,Q11,474.80,287.30,127.80,136.00,94.30,37.00,25.80,480.60,286.40,131.50,137.30,96.20,37.30,20.37,476.60,284.20,128.20,135.20,95.90,34.10,22.06,477.33,285.97,387.50,408.50,95.47,36.13,68.23
2026-04-22 09:22:00,2026-04-22 09:22:59,Q11,475.50,300.30,133.50,142.50,94.20,35.70,26.31,479.20,288.60,130.10,138.00,95.80,38.50,21.63,477.30,295.10,133.00,140.70,95.70,33.30,22.63,477.33,294.67,396.60,421.20,95.23,35.83,70.57
2026-04-22 09:23:00,2026-04-22 09:23:59,Q11,475.20,293.40,130.70,139.20,94.10,38.00,26.46,479.10,283.50,128.20,135.60,95.90,40.20,21.37,477.10,297.10,133.90,141.70,95.70,36.30,22.54,477.13,291.33,392.80,416.50,95.23,38.17,70.37
2026-04-22 09:24:00,2026-04-22 09:24:59,Q11,475.50,298.70,132.50,141.60,94.20,36.90,26.29,479.80,287.60,130.10,137.50,95.90,37.60,21.43,476.40,290.60,131.10,138.00,95.60,34.20,22.74,477.23,292.30,393.70,417.10,95.23,36.23,70.46
2026-04-22 09:25:00,2026-04-22 09:25:59,Q11,474.70,289.40,127.80,137.00,94.20,37.90,26.03,480.90,282.30,129.60,135.40,96.20,39.10,20.43,477.00,295.70,133.00,140.70,95.90,35.80,21.94,477.53,289.13,390.40,413.10,95.43,37.60,68.40
2026-04-22 09:26:00,2026-04-22 09:26:59,Q11,476.00,290.30,129.70,138.00,94.10,35.80,26.34,482.90,284.50,130.60,136.90,96.10,37.60,20.71,479.20,287.80,130.10,137.50,95.90,34.80,21.86,479.37,287.53,390.40,412.40,95.37,36.07,68.91
2026-04-22 09:27:00,2026-04-22 09:27:59,Q11,479.20,292.40,130.70,139.90,94.20,34.90,25.94,483.70,282.30,130.60,136.20,96.00,36.80,20.89,480.00,292.10,133.00,140.20,95.70,34.30,22.46,480.97,288.93,394.30,416.30,95.30,35.33,69.29
2026-04-22 09:28:00,2026-04-22 09:28:59,Q11,476.50,294.60,130.70,139.90,94.00,36.20,26.69,482.00,285.30,131.50,137.40,96.00,37.80,21.00,480.40,288.10,131.10,138.20,95.90,33.10,22.31,479.63,289.33,393.30,415.50,95.30,35.70,70.00
2026-04-22 09:29:00,2026-04-22 09:29:59,Q11,476.50,289.90,128.80,137.60,94.20,36.60,26.46,481.70,285.50,131.50,137.10,96.00,38.40,21.14,480.00,294.90,133.90,141.10,95.80,33.30,22.54,479.40,290.10,394.20,415.80,95.33,36.10,70.14
2026-04-22 09:30:00,2026-04-22 09:30:59,Q11,476.50,292.60,129.70,139.00,94.20,36.30,26.37,482.70,281.50,129.60,135.40,96.20,37.60,20.77,479.00,298.10,134.90,142.70,95.70,34.30,22.66,479.40,290.73,394.20,417.10,95.37,36.07,69.80
2026-04-22 09:31:00,2026-04-22 09:31:59,Q11,476.50,294.60,130.70,139.90,94.20,36.40,26.23,481.60,284.80,130.60,136.60,96.00,35.90,21.11,480.00,292.50,133.00,140.20,95.80,31.50,22.34,479.37,290.63,394.30,416.70,95.33,34.60,69.69
2026-04-22 09:32:00,2026-04-22 09:32:59,Q11,476.90,291.30,129.70,138.50,94.10,35.80,26.17,481.50,283.20,130.60,136.10,96.00,37.60,20.97,480.10,295.00,133.90,141.60,95.80,33.70,22.26,479.50,289.83,394.20,416.20,95.30,35.70,69.40
2026-04-22 09:33:00,2026-04-22 09:33:59,Q11,478.20,288.40,128.80,137.70,94.30,36.50,25.97,482.30,280.00,128.60,135.00,96.10,37.70,20.91,479.20,292.90,132.10,139.90,95.70,33.50,22.51,479.90,287.10,389.50,412.60,95.37,35.90,69.40
2026-04-22 09:34:00,2026-04-22 09:34:59,Q11,478.10,290.30,129.70,138.60,94.30,36.80,25.77,482.00,282.90,129.60,135.90,96.10,37.80,20.94,479.10,297.90,134.90,142.30,95.60,34.40,22.69,479.73,290.37,394.20,416.80,95.33,36.33,69.40
2026-04-22 09:35:00,2026-04-22 09:35:59,Q11,476.40,287.60,127.80,136.60,94.20,36.00,25.97,482.20,280.70,128.60,135.00,96.10,36.80,20.51,480.40,291.50,132.10,139.70,95.90,33.90,21.71,479.67,286.60,388.50,411.30,95.40,35.57,68.20
2026-04-22 09:36:00,2026-04-22 09:36:59,Q11,476.70,285.70,126.90,135.70,94.10,36.80,26.23,483.40,281.80,129.60,135.70,96.20,38.10,20.40,479.60,288.40,130.10,138.00,95.90,34.10,22.11,479.90,285.30,386.60,409.40,95.40,36.33,68.74
2026-04-22 09:37:00,2026-04-22 09:37:59,Q11,477.50,291.90,129.70,138.80,94.20,35.60,26.11,481.80,278.90,127.70,133.70,96.10,37.50,20.74,479.10,296.00,133.90,141.80,95.70,33.10,22.54,479.47,288.93,391.30,414.30,95.33,35.40,69.40
2026-04-22 09:38:00,2026-04-22 09:38:59,Q11,478.00,283.40,126.90,135.30,94.10,37.40,25.91,482.00,278.40,127.70,134.00,96.10,38.60,20.60,479.30,284.10,129.20,136.00,95.70,33.60,22.20,479.77,281.97,383.80,405.30,95.30,36.53,68.71
2026-04-22 09:39:00,2026-04-22 09:39:59,Q11,476.70,284.50,126.90,135.20,94.00,36.60,26.37,483.50,283.50,130.60,136.70,96.20,37.10,20.37,479.70,288.60,130.10,138.00,95.80,33.90,22.31,479.97,285.53,387.60,409.90,95.33,35.87,69.06
2026-04-22 09:40:00,2026-04-22 09:40:59,Q11,478.00,289.10,129.70,138.10,94.10,36.60,26.03,482.80,280.90,128.60,135.00,96.10,37.80,20.69,479.20,283.20,128.20,135.60,95.70,33.70,22.34,480.00,284.40,386.50,408.70,95.30,36.03,69.06
2026-04-22 09:41:00,2026-04-22 09:41:59,Q11,477.70,289.50,128.80,137.90,94.10,36.40,26.14,482.10,277.90,127.70,133.50,96.10,38.60,20.71,480.60,291.60,132.10,139.70,95.80,34.10,22.06,480.13,286.33,388.60,411.10,95.33,36.37,68.91
2026-04-22 09:42:00,2026-04-22 09:42:59,Q11,478.20,290.50,129.70,138.60,94.10,35.70,26.11,482.70,279.50,128.60,134.50,96.10,37.00,20.69,479.00,288.70,130.10,138.00,95.60,33.80,22.69,479.97,286.23,388.40,411.10,95.27,35.50,69.49
2026-04-22 09:43:00,2026-04-22 09:43:59,Q11,476.50,289.00,128.80,137.60,94.20,36.60,26.03,482.90,282.70,129.60,135.90,96.10,37.30,20.66,480.30,288.00,131.10,138.20,95.80,34.20,22.09,479.90,286.57,389.50,411.70,95.37,36.03,68.77
2026-04-22 09:44:00,2026-04-22 09:44:59,Q11,477.90,288.10,128.80,137.40,94.10,35.80,26.31,482.20,279.30,128.60,134.50,96.00,36.10,20.97,479.00,296.50,133.90,141.80,95.70,32.80,22.57,479.70,287.97,391.30,413.70,95.27,34.90,69.86
2026-04-22 09:45:00,2026-04-22 09:45:59,Q11,477.50,290.30,129.70,138.30,94.20,36.50,26.20,482.20,280.90,128.60,135.00,96.10,37.80,20.83,479.00,292.80,132.10,139.90,95.80,34.10,22.54,479.57,288.00,390.40,413.20,95.37,36.13,69.57
2026-04-22 09:46:00,2026-04-22 09:46:59,Q11,478.00,288.20,128.80,137.70,94.20,36.50,25.74,481.80,278.30,127.70,133.70,96.00,37.60,20.60,479.80,286.40,129.20,137.00,95.80,34.90,21.86,479.87,284.30,385.70,408.40,95.33,36.33,68.20
2026-04-22 09:47:00,2026-04-22 09:47:59,Q11,477.20,290.90,129.70,138.30,94.00,34.90,26.54,482.80,279.20,128.60,134.50,96.20,36.70,20.63,478.60,293.40,133.00,140.10,95.70,33.00,22.71,479.53,287.83,391.30,412.90,95.30,34.87,69.89
2026-04-22 09:48:00,2026-04-22 09:48:59,Q11,476.30,289.20,128.80,137.60,94.10,36.00,26.31,482.20,275.70,126.70,132.60,96.00,37.30,20.74,480.30,292.90,133.00,140.20,95.90,32.90,21.94,479.60,285.93,388.50,410.40,95.33,35.40,69.00
2026-04-22 09:49:00,2026-04-22 09:49:59,Q11,477.30,295.50,131.60,140.70,94.00,35.20,26.51,483.80,278.20,128.60,134.30,96.00,38.70,20.77,481.40,296.50,136.30,142.40,96.00,34.60,21.49,480.83,290.07,396.50,417.40,95.33,36.17,68.77
2026-04-22 09:50:00,2026-04-22 09:50:59,Q11,477.60,288.10,128.80,137.40,94.10,37.80,26.37,483.50,281.40,129.60,135.70,96.00,39.50,20.66,481.80,286.20,131.50,137.60,96.10,36.00,21.31,480.97,285.23,389.90,410.70,95.40,37.77,68.34
2026-04-22 09:51:00,2026-04-22 09:51:59,Q11,477.40,290.50,129.70,138.30,94.10,37.60,26.40,482.80,276.00,127.70,133.00,96.00,40.90,20.80,481.50,288.90,132.50,138.50,96.10,35.20,21.23,480.57,285.13,389.90,409.80,95.40,37.90,68.43
2026-04-22 09:52:00,2026-04-22 09:52:59,Q11,478.10,295.10,132.50,141.00,94.10,36.40,25.91,483.10,278.00,127.30,134.30,95.90,38.30,20.66,481.60,282.90,128.20,135.60,95.90,33.90,21.40,480.93,285.33,388.00,410.90,95.30,36.20,67.97
2026-04-22 09:53:00,2026-04-22 09:53:59,Q11,478.60,286.70,127.80,136.70,94.10,37.60,25.94,483.20,282.00,130.60,136.20,96.20,39.30,20.31,480.10,289.20,131.10,138.70,95.80,35.20,21.94,480.63,285.97,389.50,411.60,95.37,37.37,68.20
2026-04-22 09:54:00,2026-04-22 09:54:59,Q11,477.80,287.70,127.80,136.90,94.10,38.50,26.37,483.10,289.20,132.10,139.60,95.90,40.30,20.91,481.80,289.80,133.40,139.00,96.00,35.00,21.46,480.90,288.90,393.30,415.50,95.33,37.93,68.74
2026-04-22 09:55:00,2026-04-22 09:55:59,Q11,478.30,291.80,130.70,139.10,94.10,37.90,26.31,482.90,282.00,129.60,135.90,96.00,40.30,20.60,481.60,292.20,134.40,140.50,96.20,36.00,20.86,480.93,288.67,394.70,415.50,95.43,38.07,67.77
2026-04-22 09:56:00,2026-04-22 09:56:59,Q11,479.10,288.80,128.80,138.00,94.20,37.60,26.11,482.60,283.70,130.60,136.40,96.00,40.20,20.86,480.20,291.60,132.10,139.70,95.90,36.10,21.97,480.63,288.03,391.50,414.10,95.37,37.97,68.94
2026-04-22 09:57:00,2026-04-22 09:57:59,Q11,478.40,297.00,132.50,142.00,94.20,37.60,25.97,482.70,277.00,127.70,133.50,96.00,40.50,20.63,481.50,288.70,132.50,138.50,96.00,35.80,21.46,480.87,287.57,392.70,414.00,95.40,37.97,68.06
2026-04-22 09:58:00,2026-04-22 09:58:59,Q11,479.10,295.90,132.50,141.30,94.10,37.60,26.03,484.30,282.50,130.60,136.50,96.10,39.00,20.46,480.20,284.20,129.20,136.30,95.80,35.70,22.09,481.20,287.53,392.30,414.10,95.33,37.43,68.57
2026-04-22 09:59:00,2026-04-22 09:59:59,Q11,479.20,289.10,129.70,138.40,94.10,38.20,26.09,483.70,279.00,128.60,134.80,96.00,40.70,20.57,480.20,285.10,129.20,136.80,95.80,36.50,21.91,481.03,284.40,387.50,410.00,95.30,38.47,68.57
2026-04-22 10:00:00,2026-04-22 10:00:59,Q11,477.30,293.50,129.30,139.80,93.90,37.90,26.89,484.30,285.60,131.50,137.90,96.00,40.00,20.63,480.50,294.90,133.90,141.10,95.90,35.50,21.97,480.70,291.33,394.70,418.80,95.27,37.80,69.49
2026-04-22 10:01:00,2026-04-22 10:01:59,Q11,478.40,294.90,131.60,140.50,94.20,37.40,26.06,482.50,286.20,131.50,137.90,96.00,40.90,20.71,481.40,289.60,133.40,139.00,96.00,35.30,21.51,480.77,290.23,396.50,417.40,95.40,37.87,68.29
2026-04-22 10:02:00,2026-04-22 10:02:59,Q11,478.60,284.90,126.90,135.80,94.10,37.60,26.03,483.40,283.20,130.60,136.70,96.20,39.40,20.14,480.40,286.30,131.50,137.30,96.00,35.20,21.60,480.80,284.80,389.00,409.80,95.43,37.40,67.77
2026-04-22 10:03:00,2026-04-22 10:03:59,Q11,477.40,288.10,128.80,137.40,94.00,36.20,26.51,483.70,274.90,126.70,132.30,96.10,39.00,20.54,481.00,294.60,135.40,141.40,96.10,34.90,21.46,480.70,285.87,390.90,411.10,95.40,36.70,68.51
2026-04-22 10:04:00,2026-04-22 10:04:59,Q11,478.60,290.80,129.70,138.60,94.20,38.20,26.06,483.20,277.00,127.70,133.80,96.00,40.20,20.66,479.90,290.60,131.10,138.90,95.90,36.40,21.89,480.57,286.13,388.50,411.30,95.37,38.27,68.60
2026-04-22 10:05:00,2026-04-22 10:05:59,Q11,477.70,288.00,128.80,137.40,94.10,37.40,26.14,482.10,278.20,126.30,134.00,95.90,40.90,20.69,481.30,281.30,129.60,135.20,96.10,35.10,21.09,480.37,282.50,384.70,406.60,95.37,37.80,67.91
2026-04-22 10:06:00,2026-04-22 10:06:59,Q11,477.30,291.50,129.70,138.80,94.00,38.60,26.54,484.10,277.70,128.60,134.10,96.20,40.20,20.40,480.00,295.90,133.90,141.60,95.90,35.20,22.11,480.47,288.37,392.20,414.50,95.37,38.00,69.06
2026-04-22 10:07:00,2026-04-22 10:07:59,Q11,476.80,289.20,128.80,137.60,94.00,38.10,26.23,482.90,281.00,129.60,135.40,96.20,39.20,20.00,481.20,285.50,131.50,137.10,96.10,34.60,21.23,480.30,285.23,389.90,410.10,95.43,37.30,67.46
2026-04-22 10:08:00,2026-04-22 10:08:59,Q11,478.20,295.70,132.50,141.00,94.20,38.10,26.17,481.80,279.20,127.30,134.20,95.90,39.80,20.89,480.90,287.90,131.50,137.80,96.10,36.00,21.29,480.30,287.60,391.30,413.00,95.40,37.97,68.34
2026-04-22 10:09:00,2026-04-22 10:09:59,Q11,478.60,293.40,131.60,140.10,94.20,38.00,26.29,482.90,287.10,132.50,138.30,96.00,40.20,20.86,480.40,287.70,131.50,137.80,96.10,36.60,21.31,480.63,289.40,395.60,416.20,95.43,38.27,68.46
2026-04-22 10:10:00,2026-04-22 10:10:59,Q11,478.30,291.50,130.70,139.10,94.10,36.30,26.14,483.50,281.30,129.60,135.70,96.00,40.50,20.69,480.20,289.60,132.50,138.70,96.00,36.10,21.49,480.67,287.47,392.80,413.50,95.37,37.63,68.31
2026-04-22 10:11:00,2026-04-22 10:11:59,Q11,478.70,288.80,128.80,137.70,94.20,38.50,25.91,483.60,276.60,127.70,133.30,96.00,40.50,20.69,480.10,286.50,131.50,137.30,96.00,35.90,21.40,480.80,283.97,388.00,408.30,95.40,38.30,68.00
2026-04-22 10:12:00,2026-04-22 10:12:59,Q11,477.70,284.50,126.90,135.50,94.00,37.70,26.31,484.50,282.70,130.60,136.50,96.10,38.80,20.26,480.70,293.40,134.40,140.60,96.10,35.00,21.31,480.97,286.87,391.90,412.60,95.40,37.17,67.89
2026-04-22 10:13:00,2026-04-22 10:13:59,Q11,478.60,287.80,128.80,137.20,94.00,38.10,26.43,484.00,280.30,129.60,135.50,96.00,40.60,20.69,480.10,287.00,131.50,137.80,96.00,36.50,21.66,480.90,285.03,389.90,410.50,95.33,38.40,68.77
2026-04-22 10:14:00,2026-04-22 10:14:59,Q11,478.40,282.60,126.00,134.80,94.00,38.00,25.89,484.40,278.10,128.60,134.60,96.20,38.20,19.91,480.40,292.20,134.40,140.20,96.00,34.50,21.31,481.07,284.30,389.00,409.60,95.40,36.90,67.11
2026-04-22 10:15:00,2026-04-22 10:15:59,Q11,478.50,293.40,131.60,140.10,94.10,35.80,26.17,482.70,281.60,128.20,135.40,95.90,39.20,20.77,481.90,285.70,131.50,137.10,96.10,34.70,21.06,481.03,286.90,391.30,412.60,95.37,36.57,68.00
2026-04-22 10:16:00,2026-04-22 10:16:59,Q11,478.70,293.50,131.60,140.10,94.00,38.40,26.37,483.60,272.60,125.80,131.40,96.00,41.00,20.34,482.60,284.20,130.60,136.90,96.10,36.70,21.20,481.63,283.43,388.00,408.40,95.37,38.70,67.91
2026-04-22 10:17:00,2026-04-22 10:17:59,Q11,479.40,278.80,125.00,133.20,94.10,37.40,25.77,483.40,267.50,122.90,129.00,96.10,37.90,20.23,482.00,277.70,126.30,133.50,95.90,34.90,21.46,481.60,274.67,374.20,395.70,95.37,36.73,67.46
2026-04-22 10:18:00,2026-04-22 10:18:59,Q11,479.00,291.80,130.70,139.40,94.00,38.00,26.37,484.60,277.30,128.60,134.10,96.10,40.30,20.60,481.00,293.80,133.00,140.90,95.90,35.60,21.91,481.53,287.63,392.30,414.40,95.33,37.97,68.89
2026-04-22 10:19:00,2026-04-22 10:19:59,Q11,477.60,294.10,131.60,140.20,94.00,38.80,26.51,484.50,275.60,127.70,133.10,96.10,40.90,20.20,481.70,293.40,134.40,140.90,96.10,36.20,21.34,481.27,287.70,393.70,414.20,95.40,38.63,68.06
2026-04-22 10:20:00,2026-04-22 10:20:59,Q11,479.40,292.10,130.70,139.90,94.10,37.90,26.43,483.30,282.70,130.60,136.20,96.00,40.70,20.89,481.90,296.70,136.30,142.40,96.10,35.70,21.51,481.53,290.50,397.60,418.50,95.40,38.10,68.83
2026-04-22 10:21:00,2026-04-22 10:21:59,Q11,477.70,294.20,131.60,140.20,94.00,36.90,26.66,483.80,278.90,128.60,134.30,96.00,40.00,20.66,482.10,283.60,130.60,136.40,96.00,35.80,21.57,481.20,285.57,390.80,410.90,95.33,37.57,68.89
2026-04-22 10:22:00,2026-04-22 10:22:59,Q11,478.20,288.70,127.40,137.70,93.90,38.60,26.43,484.60,277.00,128.60,134.10,96.20,40.40,20.11,480.40,291.80,132.10,139.70,95.90,35.30,21.89,481.07,285.83,388.10,411.50,95.33,38.10,68.43
2026-04-22 10:23:00,2026-04-22 10:23:59,Q11,478.00,286.20,127.80,136.70,94.00,36.90,26.23,484.50,282.50,130.60,136.50,96.10,39.50,20.23,480.70,291.40,133.40,139.70,96.00,35.50,21.51,481.07,286.70,391.80,412.90,95.37,37.30,67.97
2026-04-22 10:24:00,2026-04-22 10:24:59,Q11,478.60,294.70,131.60,140.50,94.10,37.90,25.97,483.50,276.20,127.70,133.30,96.10,40.20,20.17,481.00,284.40,130.60,136.60,96.00,35.00,21.49,481.03,285.10,389.90,410.40,95.40,37.70,67.63
2026-04-22 10:25:00,2026-04-22 10:25:59,Q11,478.90,295.90,132.50,141.00,94.00,37.30,26.34,483.90,277.90,127.70,133.80,96.00,39.00,20.60,480.40,287.70,130.10,137.80,95.90,34.90,21.74,481.07,287.17,390.30,412.60,95.30,37.07,68.69
2026-04-22 10:26:00,2026-04-22 10:26:59,Q11,478.10,290.10,129.70,138.60,94.10,37.60,25.97,483.10,283.00,130.60,136.70,96.00,40.10,20.49,482.00,284.10,130.60,136.90,96.00,35.10,21.49,481.07,285.73,390.90,412.20,95.37,37.60,67.94
2026-04-22 10:27:00,2026-04-22 10:27:59,Q11,477.50,291.60,129.70,138.80,94.10,37.30,26.17,484.00,279.60,129.60,135.00,96.20,39.90,20.23,481.40,284.90,130.60,136.60,96.00,34.80,21.63,480.97,285.37,389.90,410.40,95.43,37.33,68.03
2026-04-22 10:28:00,2026-04-22 10:28:59,Q11,479.10,294.30,131.60,140.80,94.20,37.50,26.09,482.90,285.70,130.10,137.40,95.90,40.00,21.14,480.60,280.00,128.60,134.40,96.00,35.30,21.49,480.87,286.67,390.30,412.60,95.37,37.60,68.71
2026-04-22 10:29:00,2026-04-22 10:29:59,Q11,477.50,288.70,127.40,137.40,93.90,38.20,26.37,484.10,277.10,127.30,134.10,95.90,40.30,20.71,481.30,284.90,130.60,136.60,96.00,35.60,21.34,480.97,283.57,385.30,408.10,95.27,38.03,68.43
2026-04-22 10:30:00,2026-04-22 10:30:59,Q11,478.60,293.80,131.60,140.10,94.10,36.30,26.00,483.50,280.30,128.20,135.20,95.90,38.70,20.74,480.50,285.00,129.20,136.80,95.90,34.80,21.57,480.87,286.37,389.00,412.10,95.30,36.60,68.31
2026-04-22 10:31:00,2026-04-22 10:31:59,Q11,478.10,295.40,132.50,141.00,94.00,38.00,26.34,483.00,277.30,126.30,133.80,95.90,40.40,20.74,482.10,283.00,130.60,136.40,96.20,35.80,20.80,481.07,285.23,389.40,411.20,95.37,38.07,67.89
2026-04-22 10:32:00,2026-04-22 10:32:59,Q11,477.90,294.00,131.60,140.20,94.10,38.00,26.29,483.00,271.50,123.50,130.90,95.80,40.90,21.06,482.00,288.10,132.50,138.80,96.10,35.90,20.97,480.97,284.53,387.60,409.90,95.33,38.27,68.31
2026-04-22 10:33:00,2026-04-22 10:33:59,Q11,477.30,286.90,127.80,136.40,94.00,37.50,26.00,484.20,277.70,128.60,134.10,96.00,39.00,20.26,480.70,285.70,130.60,136.80,96.00,34.60,21.09,480.73,283.43,387.00,407.30,95.33,37.03,67.34
2026-04-22 10:34:00,2026-04-22 10:34:59,Q11,478.70,287.40,128.80,137.20,94.00,38.30,26.34,483.80,283.30,130.60,136.70,96.00,40.70,20.66,480.10,286.00,130.10,137.30,95.90,36.30,21.74,480.87,285.57,389.50,411.20,95.30,38.43,68.74
2026-04-22 10:35:00,2026-04-22 10:35:59,Q11,477.70,295.60,131.60,140.70,94.20,36.80,26.17,483.30,279.90,127.30,134.80,95.90,39.80,20.89,481.90,292.50,134.40,140.50,96.10,35.50,21.17,480.97,289.33,393.30,416.00,95.40,37.37,68.23
2026-04-22 10:36:00,2026-04-22 10:36:59,Q11,478.50,287.20,128.80,137.20,94.00,39.00,26.34,484.30,282.10,129.20,136.50,95.90,41.60,20.71,480.40,286.50,131.50,137.30,96.00,36.60,21.40,481.07,285.27,389.50,411.00,95.30,39.07,68.46
2026-04-22 10:37:00,2026-04-22 10:37:59,Q11,477.50,286.70,127.80,136.40,94.00,38.10,26.17,483.50,277.50,127.70,133.80,96.00,40.30,20.43,481.40,285.00,131.50,137.10,96.10,34.30,20.97,480.80,283.07,387.00,407.30,95.37,37.57,67.57
2026-04-22 10:38:00,2026-04-22 10:38:59,Q11,476.60,290.90,129.70,138.00,94.00,36.90,26.57,481.70,279.10,127.30,134.20,95.90,38.60,21.20,480.30,288.50,131.10,138.20,95.80,34.00,22.06,479.53,286.17,388.10,410.40,95.23,36.50,69.83
2026-04-22 10:39:00,2026-04-22 10:39:59,Q11,478.20,289.10,129.70,138.10,94.10,36.20,26.23,481.60,282.20,128.20,135.60,95.90,37.30,21.09,479.50,286.50,129.20,137.00,95.70,34.10,22.40,479.77,285.93,387.10,410.70,95.23,35.87,69.71
2026-04-22 10:40:00,2026-04-22 10:40:59,Q11,476.50,295.00,130.20,140.40,93.90,35.00,26.63,482.10,277.50,126.30,133.50,95.80,37.90,20.97,480.70,283.90,129.60,135.80,96.00,32.20,21.51,479.77,285.47,386.10,409.70,95.23,35.03,69.11
2026-04-22 10:41:00,2026-04-22 10:41:59,Q11,477.50,288.20,128.80,137.40,94.10,35.80,26.03,481.60,275.40,125.40,132.30,95.90,37.70,20.97,480.50,289.70,131.10,138.70,95.80,33.10,21.71,479.87,284.43,385.30,408.40,95.27,35.53,68.71
2026-04-22 10:42:00,2026-04-22 10:42:59,Q11,476.50,280.80,125.00,133.30,94.00,35.40,26.14,483.10,278.90,128.60,134.30,96.00,36.50,20.43,479.60,284.30,129.20,136.00,95.90,32.30,21.74,479.73,281.33,382.80,403.60,95.30,34.73,68.31
2026-04-22 10:43:00,2026-04-22 10:43:59,Q11,478.10,282.40,126.00,134.80,94.20,36.60,25.29,481.80,272.00,123.50,130.80,95.90,38.90,20.46,479.30,279.70,126.30,133.60,95.70,34.40,21.63,479.73,278.03,375.80,399.20,95.27,36.63,67.37
2026-04-22 10:44:00,2026-04-22 10:44:59,Q11,476.10,290.20,128.30,138.00,93.80,36.70,26.54,482.50,283.40,130.60,136.40,96.00,38.70,20.57,480.10,285.10,129.20,136.80,95.90,33.40,21.86,479.57,286.23,388.10,411.20,95.23,36.27,68.97
2026-04-22 10:45:00,2026-04-22 10:45:59,Q11,477.10,290.40,129.70,138.30,94.10,35.60,26.14,481.90,275.60,126.70,132.30,96.00,38.60,20.66,479.50,285.80,129.20,136.50,95.90,34.00,21.91,479.50,283.93,385.60,407.10,95.33,36.07,68.71
2026-04-22 10:46:00,2026-04-22 10:46:59,Q11,475.90,288.10,127.80,136.80,94.00,36.30,26.43,481.50,282.40,129.60,135.60,96.00,38.40,20.57,480.10,288.80,132.50,138.20,96.00,34.00,21.40,479.17,286.43,389.90,410.60,95.33,36.23,68.40
2026-04-22 10:47:00,2026-04-22 10:47:59,Q11,476.30,293.20,130.70,139.50,94.00,35.80,26.63,481.00,276.50,125.40,132.80,95.90,38.40,21.11,480.30,295.50,133.90,141.60,95.90,33.90,21.89,479.20,288.40,390.00,413.90,95.27,36.03,69.63
2026-04-22 10:48:00,2026-04-22 10:48:59,Q11,476.90,286.40,127.80,136.10,94.10,36.20,26.37,481.00,281.20,128.20,135.20,95.90,37.30,21.09,480.30,288.10,131.10,138.20,95.90,33.30,21.71,479.40,285.23,387.10,409.50,95.30,35.60,69.17
2026-04-22 10:49:00,2026-04-22 10:49:59,Q11,477.80,287.80,127.80,136.90,94.30,36.70,25.71,481.40,281.70,129.60,135.20,96.00,38.50,20.94,479.00,291.10,132.10,139.40,95.60,33.30,22.63,479.40,286.87,389.50,411.50,95.30,36.17,69.29
2026-04-22 10:50:00,2026-04-22 10:50:59,Q11,477.10,289.60,128.80,137.90,94.20,36.30,25.66,481.60,279.40,128.60,134.20,96.00,38.30,20.49,480.60,281.40,128.60,134.90,96.00,33.90,21.11,479.77,283.47,386.00,407.00,95.40,36.17,67.26
2026-04-22 10:51:00,2026-04-22 10:51:59,Q11,476.70,284.20,126.90,135.20,94.00,36.60,25.86,483.00,273.60,125.80,131.90,96.10,38.40,20.03,478.80,283.40,128.20,135.30,95.70,34.30,21.86,479.50,280.40,380.90,402.40,95.27,36.43,67.74
2026-04-22 10:52:00,2026-04-22 10:52:59,Q11,477.80,277.00,124.10,132.10,94.00,36.40,24.89,481.90,258.70,119.00,124.10,96.00,39.00,19.54,480.30,268.30,121.60,128.60,95.90,34.20,20.71,480.00,268.00,364.70,384.80,95.30,36.53,65.14
2026-04-22 10:53:00,2026-04-22 10:53:59,Q11,476.90,304.50,135.40,144.70,94.00,34.10,27.91,482.40,299.10,138.20,144.10,96.00,36.00,22.14,480.40,309.30,140.60,148.30,95.70,32.70,23.71,479.90,304.30,414.20,437.10,95.23,34.27,73.77
2026-04-22 10:54:00,2026-04-22 10:54:59,Q11,477.60,285.10,126.90,135.90,94.20,36.60,25.63,481.80,275.60,126.70,132.30,96.00,39.50,20.57,480.50,281.20,127.30,134.90,95.80,35.40,21.71,479.97,280.63,380.90,403.10,95.33,37.17,67.91
2026-04-22 10:55:00,2026-04-22 10:55:59,Q11,477.60,279.80,125.00,133.10,94.00,37.30,25.29,481.80,265.40,120.70,127.50,95.90,39.10,20.06,480.70,276.50,125.40,132.50,95.80,35.00,21.20,480.03,273.90,371.10,393.10,95.23,37.13,66.54
2026-04-22 10:56:00,2026-04-22 10:56:59,Q11,477.70,274.50,122.20,130.70,94.20,37.40,24.60,481.50,263.60,121.00,126.50,96.00,37.70,19.69,480.10,278.40,126.30,133.40,95.90,34.80,20.57,479.77,272.17,369.50,390.60,95.37,36.63,64.86
2026-04-22 10:57:00,2026-04-22 10:57:59,Q11,477.20,301.50,134.40,143.60,94.00,36.40,27.09,483.80,283.70,130.60,136.70,96.10,38.30,21.03,479.80,294.90,133.00,140.80,95.80,33.70,22.91,480.27,293.37,398.00,421.10,95.30,36.13,71.03
2026-04-22 10:58:00,2026-04-22 10:58:59,Q11,478.00,299.50,133.50,142.90,94.00,36.00,27.46,482.80,292.60,133.00,140.70,95.90,37.60,21.63,481.60,292.80,134.40,140.50,96.00,33.20,22.40,480.80,294.97,400.90,424.10,95.30,35.60,71.49
2026-04-22 10:59:00,2026-04-22 10:59:59,Q11,477.70,296.10,132.50,141.20,94.00,37.40,27.17,483.60,288.00,133.40,139.10,96.00,39.80,21.23,481.80,295.60,135.40,141.90,96.00,35.70,22.29,481.03,293.23,401.30,422.20,95.33,37.63,70.69
2026-04-22 11:00:00,2026-04-22 11:00:59,Q11,478.80,286.20,127.80,136.70,94.00,37.10,26.14,484.10,269.10,124.80,130.20,96.10,39.00,20.09,480.40,291.80,133.40,139.70,96.00,34.30,21.29,481.10,282.37,386.00,406.60,95.37,36.80,67.51
2026-04-22 11:01:00,2026-04-22 11:01:59,Q11,479.40,293.10,131.60,140.30,94.10,37.70,26.11,482.90,283.00,130.60,136.40,96.00,39.80,20.69,480.80,288.70,131.10,138.20,95.90,35.90,21.91,481.03,288.27,393.30,414.90,95.33,37.80,68.71
2026-04-22 11:02:00,2026-04-22 11:02:59,Q11,478.10,295.20,132.50,141.00,94.00,37.60,26.51,483.40,284.30,131.50,137.20,96.00,39.10,20.77,481.70,287.20,132.50,138.00,96.00,33.70,21.51,481.07,288.90,396.50,416.20,95.33,36.80,68.80
2026-04-22 11:03:00,2026-04-22 11:03:59,Q11,477.70,291.00,129.70,138.80,94.00,37.30,26.51,483.60,278.80,128.60,134.30,96.00,39.80,20.71,481.10,286.10,131.50,137.60,96.10,34.60,21.40,480.80,285.30,389.80,410.70,95.37,37.23,68.63
2026-04-22 11:04:00,2026-04-22 11:04:59,Q11,479.10,286.80,127.80,137.00,94.10,38.00,26.14,483.30,278.40,128.60,134.30,96.00,40.00,20.66,480.50,292.10,133.00,140.20,95.90,35.90,21.66,480.97,285.77,389.40,411.50,95.33,37.97,68.46
2026-04-22 11:05:00,2026-04-22 11:05:59,Q11,477.30,295.00,130.20,140.70,93.80,36.10,26.77,482.80,278.40,126.30,134.00,95.90,39.80,20.77,482.00,287.30,132.50,138.30,96.10,33.40,21.34,480.70,286.90,389.00,413.00,95.27,36.43,68.89
2026-04-22 11:06:00,2026-04-22 11:06:59,Q11,477.10,291.70,128.30,138.80,93.80,38.50,26.63,484.00,278.60,128.60,134.60,96.10,40.10,20.03,481.20,289.40,133.40,139.00,96.00,34.40,21.54,480.77,286.57,390.30,412.40,95.30,37.67,68.20
2026-04-22 11:07:00,2026-04-22 11:07:59,Q11,477.50,295.70,131.60,140.70,94.00,35.90,26.60,482.90,277.20,126.30,133.50,95.90,40.20,20.89,481.90,289.30,133.40,139.00,96.10,36.10,21.29,480.77,287.40,391.30,413.20,95.33,37.40,68.77
2026-04-22 11:08:00,2026-04-22 11:08:59,Q11,477.40,295.50,130.20,140.70,93.90,36.80,26.57,482.70,280.80,128.60,135.00,96.00,40.20,20.54,481.80,285.70,131.50,137.10,96.10,35.40,21.26,480.63,287.33,390.30,412.80,95.33,37.47,68.37
2026-04-22 11:09:00,2026-04-22 11:09:59,Q11,477.50,292.20,129.30,139.30,93.90,37.90,26.49,484.20,272.50,125.80,131.60,96.10,39.50,20.23,480.90,294.60,135.40,141.10,96.00,35.10,21.49,480.87,286.43,390.50,412.00,95.33,37.50,68.20
2026-04-22 11:10:00,2026-04-22 11:10:59,Q11,477.90,290.40,128.30,138.30,93.80,39.10,26.46,483.50,274.70,126.70,132.30,96.00,41.10,20.14,481.60,286.90,131.50,137.60,96.00,36.60,21.40,481.00,284.00,386.50,408.20,95.27,38.93,68.00
2026-04-22 11:11:00,2026-04-22 11:11:59,Q11,478.20,290.00,128.30,138.60,93.80,38.00,26.77,482.80,277.70,126.30,133.50,95.90,39.80,20.74,481.60,282.80,129.60,135.60,96.00,35.60,21.46,480.87,283.50,384.20,407.70,95.23,37.80,68.97
2026-04-22 11:12:00,2026-04-22 11:12:59,Q11,478.80,289.90,129.70,138.10,94.00,38.40,26.11,483.10,278.10,128.60,134.30,96.00,40.80,20.43,480.30,284.60,129.20,136.30,95.90,35.80,21.77,480.73,284.20,387.50,408.70,95.30,38.33,68.31
2026-04-22 11:13:00,2026-04-22 11:13:59,Q11,481.10,293.90,130.20,140.90,93.80,38.40,26.83,486.70,271.10,125.80,131.70,96.00,39.10,20.43,485.20,286.20,132.50,138.70,96.00,35.20,21.46,484.33,283.73,388.50,411.30,95.27,37.57,68.71
2026-04-22 11:14:00,2026-04-22 11:14:59,Q11,480.80,288.50,128.30,138.20,93.70,38.90,26.54,486.90,274.90,127.70,133.20,96.20,40.10,19.77,485.10,286.70,132.50,138.70,96.10,35.50,21.17,484.27,283.37,388.50,410.10,95.33,38.17,67.49
2026-04-22 11:15:00,2026-04-22 11:15:59,Q11,480.70,286.60,127.40,137.30,93.60,39.10,26.66,487.70,275.90,127.70,133.90,96.10,40.80,20.06,484.40,282.80,129.20,136.50,95.80,35.40,21.83,484.27,281.77,384.30,407.70,95.17,38.43,68.54
2026-04-22 11:16:00,2026-04-22 11:16:59,Q11,480.70,298.30,133.00,143.00,93.80,38.50,26.86,486.10,278.40,129.60,135.10,96.00,39.60,20.63,484.90,290.20,134.40,140.40,96.00,35.00,21.63,483.90,288.97,397.00,418.50,95.27,37.70,69.11
2026-04-22 11:17:00,2026-04-22 11:17:59,Q11,482.30,289.60,129.30,139.30,93.90,38.70,26.14,486.40,275.30,127.70,133.60,96.10,40.60,20.20,484.20,286.70,131.10,138.40,95.90,36.20,21.57,484.30,283.87,388.10,411.30,95.30,38.50,67.91
2026-04-22 11:18:00,2026-04-22 11:18:59,Q11,481.50,285.20,127.40,137.10,93.90,37.50,26.46,487.10,274.30,127.70,133.40,96.00,40.20,20.34,485.20,288.20,133.40,139.70,96.10,34.30,21.14,484.60,282.57,388.50,410.20,95.33,37.33,67.94
2026-04-22 11:19:00,2026-04-22 11:19:59,Q11,482.20,284.30,126.50,136.90,93.90,38.60,26.34,487.20,279.30,129.60,135.90,96.10,40.70,20.29,483.80,289.00,132.10,139.60,95.90,35.60,21.83,484.40,284.20,388.20,412.40,95.30,38.30,68.46
2026-04-22 11:20:00,2026-04-22 11:20:59,Q11,481.00,286.20,127.40,137.60,93.80,36.70,26.46,486.10,283.30,131.50,137.50,96.00,39.70,20.26,485.10,285.60,132.50,138.20,96.10,34.60,21.06,484.07,285.03,391.40,413.30,95.30,37.00,67.77
2026-04-22 11:21:00,2026-04-22 11:21:59,Q11,482.10,281.20,125.60,135.40,93.90,37.90,25.94,486.90,270.30,125.80,131.20,96.10,40.00,19.97,483.30,283.40,129.20,136.70,95.90,34.60,21.46,484.10,278.30,380.60,403.30,95.30,37.50,67.37
2026-04-22 11:22:00,2026-04-22 11:22:59,Q11,482.00,287.60,129.70,138.30,94.00,37.20,25.91,486.00,275.00,127.70,133.60,96.10,40.40,20.11,484.20,287.60,131.10,138.90,95.90,35.60,21.43,484.07,283.40,388.50,410.80,95.33,37.73,67.46
2026-04-22 11:23:00,2026-04-22 11:23:59,Q11,481.20,287.00,128.30,138.00,93.70,36.10,26.80,486.00,271.60,125.80,131.70,96.00,38.80,20.26,484.90,289.80,133.40,139.90,96.00,33.70,21.40,484.03,282.80,387.50,409.60,95.23,36.20,68.46
2026-04-22 11:24:00,2026-04-22 11:24:59,Q11,482.00,287.90,129.70,138.30,94.10,38.90,26.03,486.00,277.10,128.60,134.60,96.00,41.30,20.46,484.60,288.00,132.10,139.40,95.90,35.90,21.54,484.20,284.33,390.40,412.30,95.33,38.70,68.03
2026-04-22 11:25:00,2026-04-22 11:25:59,Q11,481.20,286.90,127.40,137.60,93.90,37.20,26.26,486.70,277.00,128.60,134.60,96.20,40.60,19.89,483.90,288.60,132.10,139.10,95.90,35.10,21.51,483.93,284.17,388.10,411.30,95.33,37.63,67.66
2026-04-22 11:26:00,2026-04-22 11:26:59,Q11,482.10,289.90,130.70,139.30,94.00,38.90,26.11,486.40,272.10,126.70,132.20,96.10,40.30,20.03,484.30,291.10,134.40,140.80,96.00,35.30,21.26,484.27,284.37,391.80,412.30,95.37,38.17,67.40
2026-04-22 11:27:00,2026-04-22 11:27:59,Q11,480.70,287.60,127.40,137.80,93.60,38.50,26.63,487.40,272.90,126.70,132.50,96.20,39.50,19.63,483.20,283.90,129.20,136.70,95.90,35.30,21.74,483.77,281.47,383.30,407.00,95.23,37.77,68.00
2026-04-22 11:28:00,2026-04-22 11:28:59,Q11,481.70,290.40,129.30,139.50,93.70,38.20,26.89,486.00,275.30,127.70,133.60,96.00,38.60,20.31,484.40,294.50,134.90,142.30,95.90,34.40,21.86,484.03,286.73,391.90,415.40,95.20,37.07,69.06
2026-04-22 11:29:00,2026-04-22 11:29:59,Q11,481.00,290.10,129.30,139.50,93.60,38.70,27.09,486.00,277.80,127.30,134.60,95.90,40.40,20.66,484.90,287.10,132.50,138.90,96.00,35.70,21.57,483.97,285.00,389.10,413.00,95.17,38.27,69.31
2026-04-22 11:30:00,2026-04-22 11:30:59,Q11,482.10,288.90,128.30,138.80,93.80,38.80,26.57,486.10,279.00,128.20,135.60,95.90,40.90,20.71,483.60,289.50,132.10,139.60,95.80,36.00,21.89,483.93,285.80,388.60,414.00,95.17,38.57,69.17
2026-04-22 11:31:00,2026-04-22 11:31:59,Q11,480.40,290.30,129.30,139.20,93.60,37.60,27.29,486.70,277.10,128.60,134.60,96.00,40.40,20.40,484.80,288.10,133.40,139.40,96.10,34.20,21.54,483.97,285.17,391.30,413.20,95.23,37.40,69.23
2026-04-22 11:32:00,2026-04-22 11:32:59,Q11,481.60,292.40,130.20,140.50,93.70,38.80,26.91,487.50,275.70,127.70,133.90,96.10,40.40,20.11,484.20,292.00,133.90,141.30,95.90,35.30,21.83,484.43,286.70,391.80,415.70,95.23,38.17,68.86
2026-04-22 11:33:00,2026-04-22 11:33:59,Q11,481.20,288.80,128.30,138.50,93.80,38.50,26.57,487.00,274.90,127.70,133.40,96.10,41.10,20.23,485.10,289.80,133.00,140.20,95.90,36.00,21.57,484.43,284.50,389.00,412.10,95.27,38.53,68.37
2026-04-22 11:34:00,2026-04-22 11:34:59,Q11,481.20,282.50,125.60,135.60,93.70,37.70,26.57,487.70,286.40,133.40,139.30,96.20,39.90,19.77,484.70,286.30,132.50,138.40,96.00,35.90,21.40,484.53,285.07,391.50,413.30,95.30,37.83,67.74
2026-04-22 11:35:00,2026-04-22 11:35:59,Q11,480.90,286.10,127.40,137.30,93.80,38.80,26.69,486.60,278.40,128.20,135.10,95.90,40.60,20.46,485.00,284.00,131.50,137.70,96.10,36.10,21.11,484.17,282.83,387.10,410.10,95.27,38.50,68.26
2026-04-22 11:36:00,2026-04-22 11:36:59,Q11,482.50,284.80,126.50,136.90,93.80,39.10,26.26,487.30,268.40,124.80,130.50,96.00,41.00,20.17,483.60,284.30,130.10,137.20,95.90,36.10,21.43,484.47,279.17,381.40,404.60,95.23,38.73,67.86
2026-04-22 11:37:00,2026-04-22 11:37:59,Q11,481.60,288.90,128.30,138.50,93.70,38.70,26.71,486.60,272.20,125.40,132.20,95.90,41.10,20.14,485.30,284.90,131.50,137.70,96.10,36.10,20.80,484.50,282.00,385.20,408.40,95.23,38.63,67.66
2026-04-22 11:38:00,2026-04-22 11:38:59,Q11,482.10,290.10,129.30,139.80,93.80,37.60,26.97,486.60,274.90,126.30,133.20,95.70,39.90,21.17,485.60,295.40,137.30,143.10,96.00,35.00,21.60,484.77,286.80,392.90,416.10,95.17,37.50,69.74
2026-04-22 11:39:00,2026-04-22 11:39:59,Q11,481.60,277.60,123.70,133.20,93.80,38.00,24.71,487.50,260.90,121.00,126.60,96.00,40.50,18.63,485.30,270.60,124.80,130.90,96.20,36.00,19.34,484.80,269.70,369.50,390.70,95.33,38.17,62.69
2026-04-22 11:40:00,2026-04-22 11:40:59,Q11,482.90,284.60,126.50,136.90,93.90,38.60,25.86,487.60,274.30,127.70,133.40,96.00,40.70,20.11,484.80,283.30,129.20,137.00,95.90,36.40,21.20,485.10,280.73,383.40,407.30,95.27,38.57,67.17
2026-04-22 11:41:00,2026-04-22 11:41:59,Q11,481.90,287.80,128.30,138.00,93.90,38.30,26.29,487.50,269.60,125.80,131.00,96.00,40.10,20.26,485.70,284.50,131.50,137.70,96.00,34.80,21.23,485.03,280.63,385.60,406.70,95.30,37.73,67.77
2026-04-22 11:42:00,2026-04-22 11:42:59,Q11,482.40,292.10,130.20,140.70,93.90,37.60,26.34,487.30,278.10,129.60,135.40,96.00,40.50,20.34,485.90,285.10,132.50,138.20,96.00,36.00,21.20,485.20,285.10,392.30,414.30,95.30,38.03,67.89
2026-04-22 11:43:00,2026-04-22 11:43:59,Q11,481.90,293.30,130.20,140.90,93.60,37.20,27.11,488.70,281.40,131.50,137.10,96.10,39.30,20.26,484.50,286.40,132.50,138.40,96.00,34.20,21.80,485.03,287.03,394.20,416.40,95.23,36.90,69.17
2026-04-22 11:44:00,2026-04-22 11:44:59,Q11,482.70,284.80,126.50,136.90,93.70,39.30,26.57,487.30,269.10,124.40,131.00,95.80,41.40,20.51,486.00,287.50,132.10,139.50,95.90,36.60,21.31,485.33,280.47,383.00,407.40,95.13,39.10,68.40
2026-04-22 11:45:00,2026-04-22 11:45:59,Q11,483.20,289.70,129.30,139.60,93.70,38.90,26.94,488.10,277.70,128.20,135.20,95.90,41.00,20.49,484.40,288.50,133.40,139.40,96.00,36.20,21.43,485.23,285.30,390.90,414.20,95.20,38.70,68.86
2026-04-22 11:46:00,2026-04-22 11:46:59,Q11,483.00,283.60,126.50,136.70,93.60,38.10,26.86,488.20,271.50,126.70,132.20,96.10,38.10,20.00,484.50,287.70,132.50,138.90,96.00,33.90,21.37,485.23,280.93,385.70,407.80,95.23,36.70,68.23
2026-04-22 11:47:00,2026-04-22 11:47:59,Q11,482.80,289.60,129.30,139.30,93.80,38.80,26.60,487.70,277.90,128.60,134.90,96.10,40.90,20.06,484.60,290.80,134.40,140.40,96.10,35.70,21.20,485.03,286.10,392.30,414.60,95.33,38.47,67.86
2026-04-22 11:48:00,2026-04-22 11:48:59,Q11,482.00,288.80,128.30,138.80,93.60,35.70,27.09,487.50,275.10,127.70,133.90,96.00,38.70,20.31,485.80,283.00,131.50,137.30,96.00,33.60,21.46,485.10,282.30,387.50,410.00,95.20,36.00,68.86
2026-04-22 11:49:00,2026-04-22 11:49:59,Q11,482.10,285.60,127.40,137.40,93.60,37.80,26.66,487.20,272.20,126.70,132.50,96.00,41.20,20.00,485.40,290.10,134.40,140.60,96.00,35.20,21.11,484.90,282.63,388.50,410.50,95.20,38.07,67.77
2026-04-22 11:50:00,2026-04-22 11:50:59,Q11,483.20,289.70,129.30,139.60,93.80,37.10,26.37,488.20,276.50,128.60,134.70,96.00,37.60,20.37,484.00,283.90,129.20,137.00,95.90,33.60,21.69,485.13,283.37,387.10,411.30,95.23,36.10,68.43
2026-04-22 11:51:00,2026-04-22 11:51:59,Q11,481.30,285.60,127.40,137.10,93.60,39.50,26.63,488.40,271.70,126.70,132.20,96.10,39.00,19.63,484.60,290.90,134.40,140.40,96.00,34.40,21.20,484.77,282.73,388.50,409.70,95.23,37.63,67.46
2026-04-22 11:52:00,2026-04-22 11:52:59,Q11,482.30,273.80,123.10,131.60,94.00,37.40,24.74,486.20,268.50,124.80,130.20,96.10,38.50,19.37,483.30,270.10,123.50,130.40,95.70,34.90,21.20,483.93,270.80,371.40,392.20,95.27,36.93,65.31
2026-04-22 11:53:00,2026-04-22 11:53:59,Q11,480.40,265.20,118.10,127.20,93.80,37.70,24.17,487.20,252.80,117.10,122.70,96.20,39.80,18.34,484.00,269.00,123.50,130.20,95.70,34.90,20.46,483.87,262.33,358.70,380.10,95.23,37.47,62.97
2026-04-22 11:54:00,2026-04-22 11:54:59,Q11,482.00,263.70,118.40,126.80,94.00,36.70,24.11,486.90,253.20,117.10,123.00,96.30,38.50,18.40,483.30,266.10,121.60,128.50,95.80,33.70,20.49,484.07,261.00,357.10,378.30,95.37,36.30,63.00
2026-04-22 11:55:00,2026-04-22 11:55:59,Q11,481.60,258.00,115.30,124.10,93.70,37.20,23.89,487.60,242.90,112.30,117.90,96.10,40.60,17.94,485.20,253.70,117.10,122.70,96.00,34.50,19.17,484.80,251.53,344.70,364.70,95.27,37.43,61.00
2026-04-22 11:56:00,2026-04-22 11:56:59,Q11,481.40,258.70,115.30,124.10,93.70,38.90,23.54,487.00,240.90,111.40,116.90,96.20,40.50,17.23,485.10,259.00,120.00,125.60,96.20,35.20,18.37,484.50,252.87,346.70,366.60,95.37,38.20,59.14
2026-04-22 11:57:00,2026-04-22 11:57:59,Q11,482.40,259.50,116.60,124.80,94.00,37.90,23.83,487.60,249.20,116.20,121.30,96.20,39.60,18.06,484.10,259.30,120.00,125.40,96.00,34.70,19.46,484.70,256.00,352.80,371.50,95.40,37.40,61.34
2026-04-22 11:58:00,2026-04-22 11:58:59,Q11,481.80,256.80,114.40,123.10,93.80,39.10,23.80,487.90,249.40,116.20,121.30,96.30,40.80,17.83,483.60,259.30,118.80,125.10,95.80,36.30,19.94,484.43,255.17,349.40,369.50,95.30,38.73,61.57
2026-04-22 11:59:00,2026-04-22 11:59:59,Q11,480.60,284.20,126.50,136.30,93.70,36.10,27.11,487.40,279.30,129.60,135.90,96.10,37.10,20.63,484.40,283.70,129.20,137.00,95.70,32.90,22.60,484.13,282.40,385.30,409.20,95.17,35.37,70.34
2026-04-22 12:00:00,2026-04-22 12:00:59,Q11,482.20,292.80,131.60,140.70,94.00,35.80,26.86,486.10,290.90,134.40,140.90,96.00,37.70,21.20,483.20,293.30,133.90,141.50,95.60,32.40,23.06,483.83,292.33,399.90,423.10,95.20,35.30,71.11
2026-04-22 12:01:00,2026-04-22 12:01:59,Q11,481.90,275.80,122.80,132.30,93.80,37.80,25.37,486.70,259.20,120.00,125.90,96.00,39.60,19.46,485.30,272.80,124.40,131.90,95.80,34.60,20.97,484.63,269.27,367.20,390.10,95.20,37.33,65.80
2026-04-22 12:02:00,2026-04-22 12:02:59,Q11,481.40,277.50,123.70,133.20,93.80,37.90,25.34,487.00,264.70,122.90,128.60,96.10,39.50,19.26,485.50,271.50,124.40,131.40,95.90,34.70,20.63,484.63,271.23,371.00,393.20,95.27,37.37,65.23
2026-04-22 12:03:00,2026-04-22 12:03:59,Q11,482.20,287.60,128.30,138.30,93.70,36.30,27.26,488.30,285.80,133.40,139.10,96.10,37.70,20.66,483.90,297.30,135.90,143.50,95.70,32.30,22.63,484.80,290.23,397.60,420.90,95.17,35.43,70.54
2026-04-22 12:04:00,2026-04-22 12:04:59,Q11,481.70,271.50,120.90,130.40,93.80,37.80,24.94,487.30,258.40,120.00,125.60,96.00,39.50,19.06,484.70,265.30,122.90,128.30,96.00,33.70,20.20,484.57,265.07,363.80,384.30,95.27,37.00,64.20
2026-04-22 12:05:00,2026-04-22 12:05:59,Q11,481.70,245.70,108.80,117.80,93.70,39.90,22.43,488.20,235.60,109.40,114.70,96.50,41.60,15.97,484.10,243.90,112.30,117.60,96.00,35.90,18.34,484.67,241.73,330.50,350.10,95.40,39.13,56.74
2026-04-22 12:06:00,2026-04-22 12:06:59,Q11,481.50,226.20,100.40,108.70,93.60,39.60,20.77,488.20,214.00,99.80,104.40,96.60,42.50,14.34,483.90,226.10,104.60,109.20,96.20,36.40,16.46,484.53,222.10,304.80,322.30,95.47,39.50,51.57
2026-04-22 12:07:00,2026-04-22 12:07:59,Q11,482.90,235.80,105.10,113.30,93.90,39.80,21.69,487.00,230.10,107.50,112.00,96.50,40.90,15.69,483.80,239.20,110.40,115.40,96.20,36.10,17.46,484.57,235.03,323.00,340.70,95.53,38.93,54.83
2026-04-22 12:08:00,2026-04-22 12:08:59,Q11,481.60,224.50,99.50,107.70,93.70,41.00,20.51,488.20,210.90,97.90,102.50,96.50,43.00,14.43,483.70,224.70,103.70,108.20,96.30,36.40,15.97,484.50,220.03,301.10,318.40,95.50,40.13,50.91
2026-04-22 12:09:00,2026-04-22 12:09:59,Q11,482.00,270.00,122.20,130.10,94.00,39.80,23.83,486.60,256.70,119.00,124.40,96.00,41.60,18.63,482.90,267.80,122.90,128.70,96.00,36.60,19.43,483.83,264.83,364.10,383.20,95.33,39.33,61.89
2026-04-22 12:10:00,2026-04-22 12:10:59,Q11,480.40,257.50,114.40,123.40,93.80,41.50,23.57,487.30,246.20,114.20,119.80,96.20,43.40,17.49,483.80,257.20,119.00,124.10,96.10,38.40,18.94,483.83,253.63,347.60,367.30,95.37,41.10,60.00
2026-04-22 12:11:00,2026-04-22 12:11:59,Q11,481.50,276.70,122.80,132.80,93.70,38.70,25.29,488.10,266.00,123.80,129.80,96.10,40.70,19.00,483.60,268.00,122.60,129.40,95.90,35.60,20.57,484.40,270.23,369.20,392.00,95.23,38.33,64.86
2026-04-22 12:12:00,2026-04-22 12:12:59,Q11,480.40,296.00,132.10,142.10,93.70,39.10,26.91,487.20,281.20,130.60,136.80,96.00,40.30,20.54,483.90,284.70,130.10,137.20,95.80,36.30,22.00,483.83,287.30,392.80,416.10,95.17,38.57,69.46
2026-04-22 12:13:00,2026-04-22 12:13:59,Q11,480.80,283.40,121.50,135.80,90.00,21.80,35.06,486.70,285.60,127.00,138.50,92.60,22.50,29.57,482.30,288.70,127.00,138.80,92.00,20.30,31.63,483.27,285.90,375.50,413.10,91.53,21.53,96.26
2026-04-22 12:14:00,2026-04-22 12:14:59,Q11,480.00,297.40,127.80,142.60,90.70,23.10,34.31,485.80,269.30,120.90,130.50,93.70,25.60,24.91,484.40,281.30,129.20,136.00,95.70,20.70,22.80,483.40,282.67,377.90,409.10,93.37,23.13,82.03
2026-04-22 12:15:00,2026-04-22 12:15:59,Q11,482.10,285.50,121.90,137.40,89.90,21.90,35.34,486.30,269.00,118.30,130.70,91.50,23.90,30.77,484.00,287.40,127.00,138.90,92.30,21.10,30.09,484.13,280.63,367.20,407.00,91.23,22.30,96.20
2026-04-22 12:16:00,2026-04-22 12:16:59,Q11,480.80,286.00,123.30,137.30,90.60,21.50,33.80,487.00,268.90,119.60,130.50,92.70,23.60,28.20,485.00,287.60,129.30,139.20,93.20,20.60,28.31,484.27,280.83,372.20,407.00,92.17,21.90,90.31
2026-04-22 12:17:00,2026-04-22 12:17:59,Q11,481.40,294.30,125.50,141.40,89.40,23.70,36.66,488.60,274.00,121.00,133.70,91.00,26.40,31.26,484.00,285.70,126.00,137.90,92.50,22.40,29.86,484.67,284.67,372.50,413.00,90.97,24.17,97.77
2026-04-22 12:18:00,2026-04-22 12:18:59,Q11,482.10,294.60,125.50,141.70,89.40,21.60,36.51,486.60,273.90,118.80,132.70,90.90,24.10,31.51,484.80,290.70,128.80,140.40,92.30,21.30,30.00,484.50,286.40,373.10,414.80,90.87,22.33,98.03
2026-04-22 12:19:00,2026-04-22 12:19:59,Q11,481.50,295.40,125.50,141.90,89.70,22.60,36.97,487.00,271.30,117.90,132.00,90.40,25.60,32.20,485.20,292.60,131.10,141.60,93.30,22.70,28.03,484.57,286.43,374.50,415.50,91.13,23.63,97.20
2026-04-22 12:20:00,2026-04-22 12:20:59,Q11,481.60,293.20,124.60,140.90,89.50,22.90,37.34,487.00,277.90,120.60,134.90,90.40,26.10,32.03,485.50,283.10,127.40,137.30,93.50,23.50,27.74,484.70,284.73,372.60,413.10,91.13,24.17,97.11
2026-04-22 12:21:00,2026-04-22 12:21:59,Q11,482.60,299.40,128.20,144.10,89.50,22.90,36.69,486.70,277.00,121.90,134.60,91.00,25.70,31.66,484.30,289.30,127.90,139.90,92.60,22.20,29.71,484.53,288.57,378.00,418.60,91.03,23.60,98.06
2026-04-22 12:22:00,2026-04-22 12:22:59,Q11,480.80,297.70,126.40,142.60,89.30,23.00,37.43,488.20,271.20,118.80,132.20,90.70,26.70,31.60,484.80,286.40,128.30,138.40,93.20,23.40,28.49,484.60,285.10,373.50,413.20,91.07,24.37,97.51
2026-04-22 12:23:00,2026-04-22 12:23:59,Q11,483.00,312.70,133.50,150.70,89.50,23.10,37.06,487.30,274.20,119.70,133.40,90.60,27.20,31.69,484.00,282.80,126.50,136.50,93.30,23.40,28.17,484.77,289.90,379.70,420.60,91.13,24.57,96.91
2026-04-22 12:24:00,2026-04-22 12:24:59,Q11,482.60,295.00,126.40,142.20,89.50,22.10,37.17,487.40,268.70,117.00,130.50,90.30,26.50,31.69,485.50,277.70,124.60,134.30,93.60,21.70,27.17,485.17,280.47,368.00,407.00,91.13,23.43,96.03
2026-04-22 12:25:00,2026-04-22 12:25:59,Q11,481.60,301.50,126.70,144.80,88.60,27.10,38.80,488.40,281.50,123.30,137.10,90.20,30.40,32.51,483.20,292.20,129.70,141.00,92.70,26.00,29.77,484.40,291.73,379.70,422.90,90.50,27.83,101.09
2026-04-22 12:26:00,2026-04-22 12:26:59,Q11,481.00,305.90,128.50,146.70,88.80,25.00,38.97,488.00,270.70,117.90,131.80,90.10,29.70,32.49,485.20,288.80,129.30,139.70,93.40,24.30,28.37,484.73,288.47,375.70,418.20,90.77,26.33,99.83
2026-04-22 12:27:00,2026-04-22 12:27:59,Q11,482.30,306.60,129.40,147.50,88.70,31.60,38.29,486.70,281.40,122.40,136.60,90.20,34.60,32.97,485.20,295.90,131.60,143.10,92.00,29.70,31.20,484.73,294.63,383.40,427.20,90.30,31.97,102.46
2026-04-22 12:28:00,2026-04-22 12:28:59,Q11,483.10,297.70,125.80,143.50,88.20,32.00,38.06,487.40,275.40,119.70,133.90,90.30,34.40,32.17,484.50,292.50,128.30,141.30,91.60,30.40,31.40,485.00,288.53,373.80,418.70,90.03,32.27,101.63
2026-04-22 12:29:00,2026-04-22 12:29:59,Q11,483.10,299.40,126.70,144.40,88.10,31.20,38.63,488.20,277.00,121.50,135.20,90.30,32.60,32.71,484.40,291.80,127.40,140.80,91.40,28.50,32.34,485.23,289.40,375.60,420.40,89.93,30.77,103.69
2026-04-22 12:30:00,2026-04-22 12:30:59,Q11,483.00,308.80,130.20,148.80,88.50,31.50,38.31,487.80,280.20,122.40,136.40,90.20,34.40,33.06,484.20,290.00,127.40,140.40,91.60,30.40,31.80,485.00,293.00,380.00,425.60,90.10,32.10,103.17
2026-04-22 12:31:00,2026-04-22 12:31:59,Q11,481.30,297.90,123.50,142.90,87.90,31.80,39.00,488.80,286.10,125.10,139.60,90.20,35.00,32.37,485.40,290.60,127.40,140.60,91.80,29.80,31.49,485.17,291.53,376.00,423.10,89.97,32.20,102.86
2026-04-22 12:32:00,2026-04-22 12:32:59,Q11,481.60,300.90,125.30,144.30,87.90,31.50,38.74,489.30,273.70,119.70,133.50,90.40,35.00,31.97,484.70,297.80,130.10,143.70,91.80,29.80,31.31,485.20,290.80,375.10,421.50,90.03,32.10,102.03
2026-04-22 12:33:00,2026-04-22 12:33:59,Q11,480.90,306.60,128.50,146.90,88.40,31.40,38.94,487.90,282.50,123.30,137.30,90.00,35.00,33.14,485.60,301.90,133.40,146.00,92.10,30.10,30.89,484.80,297.00,385.20,430.20,90.17,32.17,102.97
2026-04-22 12:34:00,2026-04-22 12:34:59,Q11,481.20,300.20,126.70,144.30,88.40,30.80,39.20,488.30,276.30,119.30,134.70,89.70,34.40,33.57,485.80,298.70,132.50,144.50,92.20,29.50,30.69,485.10,291.73,378.50,423.50,90.10,31.57,103.46
2026-04-22 12:35:00,2026-04-22 12:35:59,Q11,481.60,300.00,126.70,144.30,88.40,30.70,39.03,488.00,283.60,124.20,138.10,90.00,33.70,33.06,486.20,287.00,127.90,139.50,92.20,30.40,30.83,485.27,290.20,378.80,421.90,90.20,31.60,102.91
2026-04-22 12:36:00,2026-04-22 12:36:59,Q11,481.40,296.50,125.00,142.40,88.10,32.00,38.86,488.70,278.60,121.50,135.70,90.00,35.40,32.71,485.40,298.30,132.50,144.50,92.00,30.40,30.86,485.17,291.13,379.00,422.60,90.03,32.60,102.43
2026-04-22 12:37:00,2026-04-22 12:37:59,Q11,481.80,305.10,128.50,146.70,88.40,29.60,39.03,486.90,283.80,121.90,137.50,89.60,33.60,33.57,485.70,290.80,128.80,140.60,92.10,29.40,30.69,484.80,293.23,379.20,424.80,90.03,30.87,103.29
2026-04-22 12:38:00,2026-04-22 12:38:59,Q11,481.10,306.40,129.40,147.20,88.20,31.70,38.86,488.50,277.40,121.50,135.20,90.00,34.90,32.80,485.50,291.30,129.70,141.10,92.00,29.80,30.89,485.03,291.70,380.60,423.50,90.07,32.13,102.54
2026-04-22 12:39:00,2026-04-22 12:39:59,Q11,483.30,306.50,129.40,147.80,88.50,30.60,38.03,487.80,281.20,122.40,136.80,90.20,33.30,32.46,484.80,286.70,125.60,138.40,91.90,29.80,30.94,485.30,291.47,377.40,423.00,90.20,31.23,101.43
2026-04-22 12:40:00,2026-04-22 12:40:59,Q11,482.60,305.60,129.40,147.00,88.50,31.20,38.31,487.00,281.50,122.40,136.80,90.10,34.30,32.97,485.30,286.90,125.60,138.70,91.70,29.30,31.57,484.97,291.33,377.40,422.50,90.10,31.60,102.86
2026-04-22 12:41:00,2026-04-22 12:41:59,Q11,481.60,311.30,131.10,149.60,88.20,30.20,38.91,488.60,278.00,121.50,135.70,90.30,32.40,32.49,484.50,287.70,127.00,138.90,92.10,29.30,30.91,484.90,292.33,379.60,424.20,90.20,30.63,102.31
2026-04-22 12:42:00,2026-04-22 12:42:59,Q11,481.80,302.80,127.60,145.30,88.10,31.30,38.46,488.90,276.30,120.60,134.70,90.20,33.60,32.31,485.60,282.70,123.80,136.80,91.60,30.10,31.57,485.43,287.27,372.00,416.80,89.97,31.67,102.34
2026-04-22 12:43:00,2026-04-22 12:43:59,Q11,483.10,310.60,131.10,149.70,88.50,28.10,38.74,487.40,278.10,121.50,135.40,90.20,31.90,33.20,485.60,295.00,130.10,143.10,91.70,28.60,31.97,485.37,294.57,382.70,428.20,90.13,29.53,103.91
2026-04-22 12:44:00,2026-04-22 12:44:59,Q11,481.60,308.70,130.20,148.10,88.20,31.40,39.03,489.30,279.90,122.40,136.40,90.40,35.30,32.40,484.80,293.80,129.70,141.80,92.00,30.30,31.49,485.23,294.13,382.30,426.30,90.20,32.33,102.91
2026-04-22 12:45:00,2026-04-22 12:45:59,Q11,481.50,292.30,123.20,140.50,88.30,30.60,38.69,488.20,278.10,121.50,135.70,90.00,34.00,32.94,485.70,297.10,131.00,144.00,91.90,29.20,31.06,485.13,289.17,375.70,420.20,90.07,31.27,102.69
2026-04-22 12:46:00,2026-04-22 12:46:59,Q11,482.20,300.10,126.70,144.60,88.20,31.50,38.74,488.90,284.40,124.20,138.60,90.40,34.50,32.51,484.00,291.70,127.40,140.80,91.80,30.80,31.69,485.03,292.07,378.30,424.00,90.13,32.27,102.94
2026-04-22 12:47:00,2026-04-22 12:47:59,Q11,482.70,300.60,126.70,144.60,88.20,30.90,38.46,489.00,282.50,123.30,137.90,90.70,34.20,32.17,484.10,300.50,131.90,145.20,91.50,29.20,32.23,485.27,294.53,381.90,427.70,90.13,31.43,102.86
2026-04-22 12:48:00,2026-04-22 12:48:59,Q11,483.30,307.50,130.20,148.30,88.50,31.00,38.34,487.40,284.70,124.20,138.30,90.40,34.90,32.94,484.90,294.60,129.20,142.30,91.40,30.30,32.54,485.20,295.60,383.60,428.90,90.10,32.07,103.83
2026-04-22 12:49:00,2026-04-22 12:49:59,Q11,482.10,301.60,127.60,145.10,88.30,29.90,38.89,489.00,286.90,125.10,139.90,90.40,34.40,32.46,484.10,290.40,128.80,140.40,92.00,29.20,31.43,485.07,292.97,381.50,425.40,90.23,31.17,102.77
2026-04-22 12:50:00,2026-04-22 12:50:59,Q11,483.30,304.20,128.50,146.80,88.70,31.20,38.03,487.30,278.30,121.50,135.40,90.30,34.40,32.77,485.10,293.40,130.60,142.10,92.00,29.80,31.06,485.23,291.97,380.60,424.30,90.33,31.80,101.86
2026-04-22 12:51:00,2026-04-22 12:51:59,Q11,483.40,291.60,123.20,140.60,88.40,30.00,37.57,487.10,282.10,123.30,137.30,90.30,32.70,32.57,484.70,290.20,127.40,140.40,91.30,30.00,31.94,485.07,287.97,373.90,418.30,90.00,30.90,102.09
2026-04-22 12:52:00,2026-04-22 12:52:59,Q11,482.30,295.30,125.00,142.20,88.20,31.30,38.40,488.80,285.70,125.10,139.10,90.50,33.20,32.26,483.70,295.50,129.20,142.50,91.40,29.40,32.31,484.93,292.17,379.30,423.80,90.03,31.30,102.97
2026-04-22 12:53:00,2026-04-22 12:53:59,Q11,482.70,301.90,127.60,145.10,88.30,32.20,38.06,488.90,280.60,122.40,136.60,90.40,34.70,32.54,484.00,294.80,129.20,142.30,91.50,30.00,31.97,485.20,292.43,379.20,424.00,90.07,32.30,102.57
2026-04-22 12:54:00,2026-04-22 12:54:59,Q11,482.80,303.10,128.50,146.00,88.40,30.20,38.14,487.10,278.10,121.50,135.40,90.00,33.60,32.91,485.30,293.40,129.20,142.10,91.80,28.60,31.03,485.07,291.53,379.20,423.50,90.07,30.80,102.09
2026-04-22 12:55:00,2026-04-22 12:55:59,Q11,483.80,299.20,126.70,144.40,88.70,31.10,37.86,487.50,286.40,125.10,139.30,90.30,33.00,33.00,484.60,290.50,127.40,140.40,91.40,29.20,32.09,485.30,292.03,379.20,424.10,90.13,31.10,102.94
2026-04-22 12:56:00,2026-04-22 12:56:59,Q11,482.30,299.50,126.70,144.10,88.30,28.10,38.43,489.20,278.00,121.50,135.90,90.20,32.40,32.57,484.60,294.20,130.60,142.30,92.00,28.70,31.00,485.37,290.57,378.80,422.30,90.17,29.73,102.00
2026-04-22 12:57:00,2026-04-22 12:57:59,Q11,481.90,302.10,127.60,145.30,88.40,30.50,38.60,489.00,284.20,124.20,138.90,90.10,34.60,32.94,484.70,297.00,130.10,143.70,91.90,30.10,31.26,485.20,294.43,381.90,427.90,90.13,31.73,102.80
2026-04-22 12:58:00,2026-04-22 12:58:59,Q11,483.60,304.90,128.50,146.80,88.80,29.60,37.94,487.60,287.00,125.10,139.80,90.20,33.80,32.91,484.40,288.00,126.50,139.40,91.80,29.50,31.37,485.20,293.30,380.10,426.00,90.27,30.97,102.23
2026-04-22 12:59:00,2026-04-22 12:59:59,Q11,480.30,303.10,127.60,145.40,88.80,31.10,37.49,485.40,279.50,121.50,135.30,90.70,32.90,31.83,481.40,287.50,127.00,138.00,92.00,29.30,31.06,482.37,290.03,376.10,418.70,90.50,31.10,100.37
2026-04-22 13:00:00,2026-04-22 13:00:59,Q11,480.40,301.20,126.70,144.50,88.90,30.70,37.94,484.80,285.80,123.30,137.90,90.80,32.80,32.43,481.20,298.60,131.60,143.30,92.00,29.40,31.51,482.13,295.20,381.60,425.70,90.57,30.97,101.89
2026-04-22 13:01:00,2026-04-22 13:01:59,Q11,479.30,298.10,126.40,142.70,89.00,30.40,37.91,484.60,283.40,122.40,137.00,90.70,32.60,32.34,483.00,289.80,127.90,139.60,92.20,28.70,31.09,482.30,290.43,376.70,419.30,90.63,30.57,101.34
2026-04-22 13:02:00,2026-04-22 13:02:59,Q11,480.60,300.50,128.20,144.00,89.00,30.10,37.54,485.00,287.40,125.10,139.20,90.70,32.40,32.34,481.40,287.20,125.60,138.00,91.90,29.00,31.26,482.33,291.70,378.90,421.20,90.53,30.50,101.14
2026-04-22 13:03:00,2026-04-22 13:03:59,Q11,478.70,297.60,125.50,142.00,89.00,30.40,37.60,485.20,285.80,124.20,138.20,90.40,33.20,32.37,482.50,287.00,127.00,138.30,92.20,29.10,30.51,482.13,290.13,376.70,418.50,90.53,30.90,100.49
2026-04-22 13:04:00,2026-04-22 13:04:59,Q11,478.80,296.30,124.10,141.50,88.60,30.00,37.77,485.80,269.00,117.00,130.50,90.60,31.70,31.97,482.00,293.80,129.70,141.20,92.00,28.10,30.94,482.20,286.37,370.80,413.20,90.40,29.93,100.69
2026-04-22 13:05:00,2026-04-22 13:05:59,Q11,480.40,301.50,128.20,144.50,89.10,30.40,37.29,484.40,284.50,123.30,137.50,90.70,32.90,32.26,481.10,290.10,127.90,139.50,92.00,30.10,30.94,481.97,292.03,379.40,421.50,90.60,31.13,100.49
2026-04-22 13:06:00,2026-04-22 13:06:59,Q11,479.20,300.40,125.80,143.70,88.90,29.20,37.71,484.50,289.00,125.10,139.90,90.60,32.40,32.31,483.00,289.40,127.90,139.60,92.20,29.10,30.71,482.23,292.93,378.80,423.20,90.57,30.23,100.74
2026-04-22 13:07:00,2026-04-22 13:07:59,Q11,479.30,302.20,128.20,144.70,89.30,29.60,36.66,483.00,282.60,123.80,136.20,91.10,30.70,31.57,480.50,287.40,126.00,137.80,92.10,28.00,30.97,480.93,290.73,378.00,418.70,90.83,29.43,99.20
2026-04-22 13:08:00,2026-04-22 13:08:59,Q11,477.60,306.30,129.10,146.00,89.00,30.60,37.91,483.70,285.60,124.70,137.70,91.10,33.20,31.89,481.40,295.70,129.70,141.90,92.30,29.40,31.09,480.90,295.87,383.50,425.60,90.80,31.07,100.89
2026-04-22 13:09:00,2026-04-22 13:09:59,Q11,479.00,294.90,124.60,140.80,89.20,30.80,37.00,483.10,281.40,121.50,135.70,90.70,32.50,32.14,481.90,290.40,127.90,139.50,92.00,29.80,30.91,481.33,288.90,374.00,416.00,90.63,31.03,100.06
2026-04-22 13:10:00,2026-04-22 13:10:59,Q11,478.10,297.70,125.50,142.00,89.00,30.80,37.31,484.20,282.10,123.80,136.50,91.00,33.30,31.54,481.90,285.60,126.00,137.10,92.10,29.90,30.80,481.40,288.47,375.30,415.60,90.70,31.33,99.66
2026-04-22 13:11:00,2026-04-22 13:11:59,Q11,478.90,303.90,126.70,144.80,88.80,30.80,37.26,484.60,275.90,119.70,133.10,90.90,33.70,31.57,480.30,291.10,126.50,139.70,91.90,28.90,31.20,481.27,290.30,372.90,417.60,90.53,31.13,100.03
2026-04-22 13:12:00,2026-04-22 13:12:59,Q11,479.00,305.50,129.90,146.10,89.10,29.80,37.20,484.30,278.30,121.90,134.60,91.20,33.30,31.37,480.20,288.50,127.00,138.20,92.20,29.50,31.06,481.17,290.77,378.80,418.90,90.83,30.87,99.63
2026-04-22 13:13:00,2026-04-22 13:13:59,Q11,479.40,305.10,129.90,146.10,89.00,30.90,37.20,483.00,287.30,124.20,138.60,90.80,34.00,31.97,481.30,287.70,127.00,138.00,92.00,30.10,31.11,481.23,293.37,381.10,422.70,90.60,31.67,100.29
2026-04-22 13:14:00,2026-04-22 13:14:59,Q11,477.40,305.20,129.10,145.50,89.00,30.30,37.49,484.30,287.70,125.60,138.90,91.20,32.30,31.63,480.30,288.50,127.00,138.20,92.00,29.50,31.46,480.67,293.80,381.70,422.60,90.73,30.70,100.57
2026-04-22 13:15:00,2026-04-22 13:15:59,Q11,477.40,302.80,128.20,144.10,89.00,28.50,37.20,483.80,279.00,121.90,134.80,91.10,31.80,31.37,481.10,292.70,128.80,140.50,92.10,29.10,30.94,480.77,291.50,378.90,419.40,90.73,29.80,99.51
2026-04-22 13:16:00,2026-04-22 13:16:59,Q11,479.50,297.50,125.00,142.30,88.90,31.10,36.71,483.00,278.80,120.60,134.30,90.90,32.80,31.34,481.20,287.70,125.60,138.00,91.80,29.70,30.94,481.23,288.00,371.20,414.60,90.53,31.20,99.00
2026-04-22 13:17:00,2026-04-22 13:17:59,Q11,477.80,296.80,125.50,141.20,89.00,29.40,37.57,484.20,289.90,125.10,139.90,90.70,32.50,32.11,482.00,292.20,128.80,140.70,92.20,28.00,30.69,481.33,292.97,379.40,421.80,90.63,29.97,100.37
2026-04-22 13:18:00,2026-04-22 13:18:59,Q11,479.50,302.70,128.20,144.70,89.20,30.50,36.57,483.50,280.40,122.80,135.20,91.00,32.10,31.43,480.50,291.70,127.90,139.70,92.00,29.80,30.83,481.17,291.60,378.90,419.60,90.73,30.80,98.83
2026-04-22 13:19:00,2026-04-22 13:19:59,Q11,477.90,298.40,126.40,142.10,89.10,31.00,37.14,484.10,285.70,123.30,137.90,90.80,33.60,31.83,481.80,293.00,128.80,140.90,92.20,29.70,30.51,481.27,292.37,378.50,420.90,90.70,31.43,99.49
2026-04-22 13:20:00,2026-04-22 13:20:59,Q11,478.00,296.60,125.50,141.50,89.00,30.20,37.00,483.40,277.50,119.70,133.80,90.80,32.40,31.69,481.60,293.90,128.80,140.90,92.10,29.80,30.40,481.00,289.33,374.00,416.20,90.63,30.80,99.09
2026-04-22 13:21:00,2026-04-22 13:21:59,Q11,479.30,291.30,123.70,139.40,89.40,30.20,36.43,483.10,278.80,121.90,134.30,91.00,33.40,31.51,480.60,295.00,129.70,141.60,92.20,29.30,30.51,481.00,288.37,375.30,415.30,90.87,30.97,98.46
2026-04-22 13:22:00,2026-04-22 13:22:59,Q11,479.50,304.40,129.10,145.60,89.30,30.40,36.80,482.80,282.40,121.50,135.90,90.70,33.70,32.29,480.60,288.20,127.00,138.20,92.00,29.60,30.94,480.97,291.67,377.60,419.70,90.67,31.23,100.03
2026-04-22 13:23:00,2026-04-22 13:23:59,Q11,478.80,292.80,123.70,139.60,89.20,30.10,36.57,482.20,282.90,121.50,135.90,90.60,33.30,31.86,480.90,287.30,126.00,137.80,92.00,29.70,30.40,480.63,287.67,371.20,413.30,90.60,31.03,98.83
2026-04-22 13:24:00,2026-04-22 13:24:59,Q11,479.30,301.10,128.20,144.20,89.30,30.20,36.69,483.30,274.90,118.80,132.30,90.80,33.60,32.11,480.00,288.60,125.60,138.20,91.90,29.50,31.00,480.87,288.20,372.60,414.70,90.67,31.10,99.80
2026-04-22 13:25:00,2026-04-22 13:25:59,Q11,479.30,304.10,129.10,145.60,89.30,30.10,36.66,483.50,282.90,122.40,136.20,90.80,33.00,32.26,479.80,291.20,126.50,139.40,91.80,28.50,31.31,480.87,292.73,378.00,421.20,90.63,30.53,100.23
2026-04-22 13:26:00,2026-04-22 13:26:59,Q11,477.40,303.50,128.20,144.50,89.10,30.30,37.37,484.30,281.90,123.80,136.00,91.10,33.20,31.86,479.90,297.60,130.60,142.30,92.00,29.20,31.40,480.53,294.33,382.60,422.80,90.73,30.90,100.63
2026-04-22 13:27:00,2026-04-22 13:27:59,Q11,477.80,301.70,127.30,143.60,89.40,29.80,37.20,483.20,283.80,123.80,136.70,91.00,33.10,31.94,481.50,291.80,127.90,140.00,92.50,29.00,30.23,480.83,292.43,379.00,420.30,90.97,30.63,99.37
2026-04-22 13:28:00,2026-04-22 13:28:59,Q11,479.20,301.40,128.20,144.20,89.30,30.20,36.66,483.20,284.70,124.70,137.20,91.00,31.50,31.80,481.10,287.90,127.00,138.00,92.00,29.30,30.94,481.17,291.33,379.90,419.40,90.77,30.33,99.40
2026-04-22 13:29:00,2026-04-22 13:29:59,Q11,478.20,293.00,123.20,140.10,88.90,30.40,36.69,483.50,281.40,121.50,135.70,90.90,31.60,31.14,481.90,283.20,125.10,136.10,92.00,29.00,30.51,481.20,285.87,369.80,411.90,90.60,30.33,98.34
2026-04-22 13:30:00,2026-04-22 13:30:59,Q11,478.80,300.50,127.30,143.40,89.10,30.70,37.37,483.10,281.90,122.80,135.70,91.00,33.00,31.77,481.30,294.90,129.70,141.40,92.10,28.80,31.03,481.07,292.43,379.80,420.50,90.73,30.83,100.17
2026-04-22 13:31:00,2026-04-22 13:31:59,Q11,479.50,293.10,124.60,140.30,89.00,31.90,36.29,483.10,281.20,121.50,135.70,90.90,34.20,31.29,481.00,286.00,124.70,137.60,91.70,30.40,30.94,481.20,286.77,370.80,413.60,90.53,32.17,98.51
2026-04-22 13:32:00,2026-04-22 13:32:59,Q11,478.40,298.90,125.00,142.40,88.80,29.80,37.06,484.50,273.90,118.80,132.10,90.90,32.30,31.34,480.10,290.00,126.50,139.20,91.90,27.50,30.89,481.00,287.60,370.30,413.70,90.53,29.87,99.29
2026-04-22 13:33:00,2026-04-22 13:33:59,Q11,478.40,297.20,125.50,142.00,89.20,30.20,36.97,482.90,279.70,120.60,134.50,90.70,32.80,31.94,481.70,293.00,128.80,140.90,92.20,28.80,30.43,481.00,289.97,374.90,417.40,90.70,30.60,99.34
2026-04-22 13:34:00,2026-04-22 13:34:59,Q11,479.40,301.90,128.20,144.20,89.30,31.20,36.51,483.20,280.10,122.80,135.20,91.00,33.40,31.51,480.50,288.50,125.60,138.20,91.90,30.40,30.97,481.03,290.17,376.60,417.60,90.73,31.67,99.00
2026-04-22 13:35:00,2026-04-22 13:35:59,Q11,477.70,299.60,126.40,142.60,89.10,30.50,37.06,483.10,285.90,124.70,137.70,91.00,32.50,31.43,481.60,292.70,128.80,140.50,92.20,28.80,30.60,480.80,292.73,379.90,420.80,90.77,30.60,99.09
2026-04-22 13:36:00,2026-04-22 13:36:59,Q11,478.70,290.70,122.80,138.60,89.30,30.50,36.60,482.40,283.00,122.40,136.40,90.90,32.30,31.69,481.30,290.00,127.90,139.50,92.10,29.90,30.57,480.80,287.90,373.10,414.50,90.77,30.90,98.86
2026-04-22 13:37:00,2026-04-22 13:37:59,Q11,477.40,300.10,127.30,143.10,89.30,30.20,37.09,483.50,279.50,120.60,134.80,90.80,32.80,32.00,481.40,284.90,125.10,136.60,92.30,29.30,30.46,480.77,288.17,373.00,414.50,90.80,30.77,99.54
2026-04-22 13:38:00,2026-04-22 13:38:59,Q11,477.50,298.70,126.40,142.10,89.20,29.30,36.94,484.00,283.10,123.80,137.00,91.00,32.00,31.69,480.70,284.30,125.10,136.30,92.00,28.40,30.97,480.73,288.70,375.30,415.40,90.73,29.90,99.60
2026-04-22 13:39:00,2026-04-22 13:39:59,Q11,478.70,302.80,128.20,144.40,89.40,27.80,36.51,482.60,277.80,119.70,133.50,90.80,31.10,31.63,479.60,274.70,120.50,131.20,92.50,26.80,29.77,480.30,285.10,368.40,409.10,90.90,28.57,97.91
2026-04-22 13:40:00,2026-04-22 13:40:59,Q11,476.20,290.10,122.80,138.00,89.30,25.10,37.06,483.20,279.30,121.90,134.80,91.00,28.10,31.20,479.50,288.10,126.00,138.00,92.90,24.10,29.26,479.63,285.83,370.70,410.80,91.07,25.77,97.51
2026-04-22 13:41:00,2026-04-22 13:41:59,Q11,479.10,292.40,123.70,139.90,89.50,26.60,36.83,482.90,275.90,118.80,132.60,90.70,29.20,31.77,480.30,287.50,126.00,137.80,92.70,25.40,29.29,480.77,285.27,368.50,410.30,90.97,27.07,97.89
2026-04-22 13:42:00,2026-04-22 13:42:59,Q11,479.30,292.10,123.70,139.90,89.50,25.70,36.20,483.00,275.10,118.80,132.80,90.80,28.70,31.51,479.70,285.00,125.10,136.50,92.50,24.30,29.43,480.67,284.07,367.60,409.20,90.93,26.23,97.14
2026-04-22 13:43:00,2026-04-22 13:43:59,Q11,479.00,297.50,126.40,142.30,89.60,25.50,36.37,483.50,276.60,119.70,133.30,90.80,27.50,31.69,479.60,280.50,123.30,134.10,92.50,25.10,29.60,480.70,284.87,369.40,409.70,90.97,26.03,97.66
2026-04-22 13:44:00,2026-04-22 13:44:59,Q11,477.50,296.10,125.50,141.20,89.20,25.00,37.11,484.60,277.40,120.60,134.10,90.90,28.40,31.43,480.50,284.10,125.10,136.30,92.60,25.30,29.77,480.87,285.87,371.20,411.60,90.90,26.23,98.31
2026-04-22 13:45:00,2026-04-22 13:45:59,Q11,477.20,307.40,129.90,146.40,89.30,24.90,37.57,484.20,273.50,118.80,132.10,90.70,28.90,31.89,480.80,292.80,130.20,140.20,93.10,24.80,28.83,480.73,291.23,378.90,418.70,91.03,26.20,98.29
2026-04-22 13:46:00,2026-04-22 13:46:59,Q11,478.40,303.10,128.20,144.80,89.50,25.40,37.14,482.60,278.10,119.70,134.00,90.70,28.00,32.06,480.80,282.60,124.20,135.40,92.80,24.90,29.29,480.60,287.93,372.10,414.20,91.00,26.10,98.49
2026-04-22 13:47:00,2026-04-22 13:47:59,Q11,478.90,304.00,129.10,145.30,89.50,24.90,37.09,482.80,276.30,119.70,133.00,90.80,27.20,31.83,480.00,283.70,125.60,135.80,93.00,24.70,29.06,480.57,288.00,374.40,414.10,91.10,25.60,97.97
2026-04-22 13:48:00,2026-04-22 13:48:59,Q11,477.80,307.90,129.90,146.40,89.60,24.90,37.06,483.80,274.50,118.80,132.30,90.90,28.30,31.57,480.10,287.80,127.40,137.80,93.20,24.60,28.71,480.57,290.07,376.10,416.50,91.23,25.93,97.34
2026-04-22 13:49:00,2026-04-22 13:49:59,Q11,477.10,301.40,127.30,143.60,89.50,25.20,36.97,484.20,280.70,122.80,135.50,91.10,28.50,31.06,480.10,282.70,125.60,135.40,93.00,24.30,29.00,480.47,288.27,375.70,414.50,91.20,26.00,97.03
2026-04-22 13:50:00,2026-04-22 13:50:59,Q11,477.80,296.80,131.10,141.20,93.80,40.30,26.91,484.20,289.30,133.40,139.90,96.00,43.20,20.83,480.30,290.90,132.10,139.20,95.80,37.80,22.31,480.77,292.33,396.60,420.30,95.20,40.43,70.06
2026-04-22 13:51:00,2026-04-22 13:51:59,Q11,477.60,293.00,129.30,139.80,93.80,41.80,26.71,483.40,276.10,126.30,133.30,95.70,44.10,21.23,481.30,287.90,131.10,138.00,95.80,39.50,22.00,480.77,285.67,386.70,411.10,95.10,41.80,69.94
2026-04-22 13:52:00,2026-04-22 13:52:59,Q11,477.40,298.00,132.10,142.10,93.80,41.00,26.77,483.10,282.00,129.20,136.20,95.70,44.20,21.40,481.20,289.30,132.10,139.00,95.70,38.70,22.14,480.57,289.77,393.40,417.30,95.07,41.30,70.31
2026-04-22 13:53:00,2026-04-22 13:53:59,Q11,478.80,303.10,128.20,144.80,89.60,24.10,37.03,484.00,275.90,119.70,133.10,90.90,27.90,31.66,479.40,286.00,126.50,137.00,93.00,24.70,29.00,480.73,288.33,374.40,414.90,91.17,25.57,97.69
2026-04-22 13:54:00,2026-04-22 13:54:59,Q11,477.80,303.80,128.20,144.50,89.40,25.70,37.06,484.00,278.50,121.90,134.60,91.00,29.50,31.20,479.10,281.10,124.60,134.60,93.00,25.30,29.03,480.30,287.80,374.70,413.70,91.13,26.83,97.29
2026-04-22 13:55:00,2026-04-22 13:55:59,Q11,479.20,301.10,128.20,144.20,89.70,25.60,36.69,483.00,284.30,123.30,137.20,90.90,28.30,31.91,479.70,284.70,125.10,136.00,92.70,24.60,29.63,480.63,290.03,376.60,417.40,91.10,26.17,98.23
2026-04-22 13:56:00,2026-04-22 13:56:59,Q11,477.50,292.80,123.70,139.30,89.40,25.80,37.31,483.70,281.10,121.50,135.70,90.60,29.20,31.74,481.20,285.10,127.40,137.10,93.30,26.00,28.17,480.80,286.33,372.60,412.10,91.10,27.00,97.23
2026-04-22 13:57:00,2026-04-22 13:57:59,Q11,478.70,298.00,126.40,142.40,89.50,25.10,37.26,484.50,284.00,123.30,137.50,90.90,28.50,31.60,479.60,287.60,127.40,137.50,93.10,24.50,29.06,480.93,289.87,377.10,417.40,91.17,26.03,97.91
2026-04-22 13:58:00,2026-04-22 13:58:59,Q11,478.20,292.00,123.70,139.60,89.30,26.20,36.71,483.40,269.60,116.10,129.90,90.50,29.10,31.83,481.60,292.10,128.80,140.50,92.60,25.90,29.17,481.07,284.57,368.60,410.00,90.80,27.07,97.71
2026-04-22 13:59:00,2026-04-22 13:59:59,Q11,478.00,300.20,127.30,143.40,89.50,23.30,37.00,483.00,273.10,117.90,131.90,90.70,26.20,32.06,481.30,286.50,126.00,137.60,92.80,22.80,29.43,480.77,286.60,371.20,412.90,91.00,24.10,98.49
2026-04-22 14:00:00,2026-04-22 14:00:59,Q11,478.90,298.90,126.40,142.40,89.80,24.90,36.74,483.00,273.10,119.20,131.90,91.00,27.70,31.83,480.70,293.30,128.80,140.60,92.90,24.60,29.37,480.87,288.43,374.40,414.90,91.23,25.73,97.94
2026-04-22 14:01:00,2026-04-22 14:01:59,Q11,477.60,293.60,123.70,139.80,89.40,25.80,36.49,483.30,277.60,119.70,133.80,90.80,28.10,31.46,481.10,282.90,124.20,135.60,92.60,24.50,29.37,480.67,284.70,367.60,409.20,90.93,26.13,97.31
2026-04-22 14:02:00,2026-04-22 14:02:59,Q11,478.30,298.30,126.40,142.40,89.70,25.70,36.86,484.00,279.00,122.80,135.00,91.20,28.30,31.46,479.30,292.40,127.90,139.90,92.80,24.60,29.77,480.53,289.90,377.10,417.30,91.23,26.20,98.09
2026-04-22 14:03:00,2026-04-22 14:03:59,Q11,479.30,295.10,131.10,141.30,93.90,41.00,26.60,482.90,279.20,127.30,134.50,95.60,43.30,21.57,480.60,293.30,133.00,140.60,95.60,38.70,22.37,480.93,289.20,391.40,416.40,95.03,41.00,70.54
2026-04-22 14:04:00,2026-04-22 14:04:59,Q11,477.20,294.60,124.60,140.20,89.60,24.40,37.09,484.30,279.70,121.50,135.00,90.90,28.10,31.77,480.00,290.20,127.90,139.20,92.90,24.60,29.34,480.50,288.17,374.00,414.40,91.13,25.70,98.20
2026-04-22 14:05:00,2026-04-22 14:05:59,Q11,477.40,304.50,129.10,145.00,89.40,25.30,37.20,484.10,274.60,120.10,132.60,91.10,28.10,31.29,479.30,287.30,126.00,137.50,92.90,24.60,29.40,480.27,288.80,375.20,415.10,91.13,26.00,97.89
2026-04-22 14:06:00,2026-04-22 14:06:59,Q11,478.40,294.30,124.60,140.50,89.50,25.50,36.86,483.30,281.00,122.80,135.70,91.00,28.20,31.83,478.90,286.70,125.10,136.70,92.40,23.70,30.31,480.20,287.33,372.50,412.90,90.97,25.80,99.00
2026-04-22 14:07:00,2026-04-22 14:07:59,Q11,478.10,301.30,127.30,143.90,89.70,25.00,36.54,483.40,269.00,117.40,129.90,91.00,28.40,31.60,478.50,290.50,127.00,138.60,92.70,23.90,29.51,480.00,286.93,371.70,412.40,91.13,25.77,97.66
2026-04-22 14:08:00,2026-04-22 14:08:59,Q11,478.60,301.90,127.30,143.90,89.90,24.70,36.63,481.90,282.60,121.50,135.60,90.90,28.30,31.83,479.10,287.40,127.40,137.50,93.10,24.10,28.86,479.87,290.63,376.20,417.00,91.30,25.70,97.31
2026-04-22 14:09:00,2026-04-22 14:09:59,Q11,477.10,302.50,128.20,144.10,89.90,24.10,36.86,483.00,281.80,122.80,135.70,91.10,27.70,31.71,480.80,283.30,125.60,135.80,93.30,24.50,28.66,480.30,289.20,376.60,415.60,91.43,25.43,97.23
2026-04-22 14:10:00,2026-04-22 14:10:59,Q11,477.90,298.40,126.40,142.10,89.90,23.30,36.69,484.10,268.90,117.40,129.70,91.10,26.00,31.34,479.50,288.00,127.40,138.00,93.40,23.20,28.34,480.50,285.10,371.20,409.80,91.47,24.17,96.37
2026-04-22 14:11:00,2026-04-22 14:11:59,Q11,477.90,296.40,125.50,141.20,89.90,24.70,36.09,482.30,275.60,120.10,132.60,91.00,27.30,31.49,480.10,285.30,125.10,136.80,92.80,24.20,29.14,480.10,285.77,370.70,410.60,91.23,25.40,96.71
2026-04-22 14:12:00,2026-04-22 14:12:59,Q11,477.20,295.20,124.60,140.70,89.70,24.00,36.49,483.60,274.20,120.10,132.30,91.10,26.70,31.34,479.10,288.40,126.00,138.00,92.90,23.50,29.23,479.97,285.93,370.70,411.00,91.23,24.73,97.06
2026-04-22 14:13:00,2026-04-22 14:13:59,Q11,477.00,296.60,125.50,141.20,89.70,25.40,36.37,482.80,276.40,121.00,133.00,91.00,28.40,31.60,480.50,288.40,127.00,138.20,92.80,24.90,29.17,480.10,287.13,373.50,412.40,91.17,26.23,97.14
2026-04-22 14:14:00,2026-04-22 14:14:59,Q11,477.20,302.80,128.20,144.10,89.90,25.20,36.77,481.70,278.10,119.70,133.70,90.90,28.00,32.14,480.30,290.40,129.30,139.20,93.10,24.70,28.86,479.73,290.43,377.20,417.00,91.30,25.97,97.77
2026-04-22 14:15:00,2026-04-22 14:15:59,Q11,476.80,292.40,122.80,139.00,89.60,25.10,36.60,483.80,267.80,115.20,129.00,90.90,28.30,31.23,479.10,288.50,127.40,138.00,93.20,24.10,28.17,479.90,282.90,365.40,406.00,91.23,25.83,96.00
2026-04-22 14:16:00,2026-04-22 14:16:59,Q11,477.40,299.00,126.40,142.60,89.80,25.50,36.29,481.70,278.60,119.70,133.70,90.80,28.30,31.71,480.00,283.40,124.20,135.80,92.90,24.50,28.91,479.70,287.00,370.30,412.10,91.17,26.10,96.91
2026-04-22 14:17:00,2026-04-22 14:17:59,Q11,477.90,307.40,129.90,146.40,89.90,25.80,36.46,481.70,285.00,124.70,137.10,91.20,27.60,31.94,479.80,289.50,127.00,138.40,92.60,25.00,30.20,479.80,293.97,381.60,421.90,91.23,26.13,98.60
2026-04-22 14:18:00,2026-04-22 14:18:59,Q11,477.70,300.00,127.30,143.10,89.70,25.00,36.57,481.90,279.60,120.60,134.20,90.80,27.60,32.11,479.90,288.50,126.00,138.00,92.60,24.30,29.69,479.83,289.37,373.90,415.30,91.03,25.63,98.37
2026-04-22 14:19:00,2026-04-22 14:19:59,Q11,476.60,304.50,128.20,144.70,89.70,24.60,36.66,482.70,275.40,120.10,132.60,91.00,28.20,31.69,480.00,294.30,129.70,141.10,92.70,24.00,29.74,479.77,291.40,378.00,418.40,91.13,25.60,98.09
2026-04-22 14:20:00,2026-04-22 14:20:59,Q11,478.20,298.60,126.40,142.40,89.60,28.30,36.29,482.10,289.00,126.50,139.30,91.20,31.20,31.63,480.40,290.50,127.90,139.20,92.20,28.40,30.74,480.23,292.70,380.80,420.90,91.00,29.30,98.66
2026-04-22 14:21:00,2026-04-22 14:21:59,Q11,477.00,301.80,127.30,143.60,89.30,29.60,37.20,483.70,288.90,126.50,139.10,91.10,32.30,32.00,480.20,294.40,128.30,141.10,91.90,29.20,31.66,480.30,295.03,382.10,423.80,90.77,30.37,100.86
2026-04-22 14:22:00,2026-04-22 14:22:59,Q11,478.50,307.70,129.90,146.70,89.40,30.10,37.03,482.20,284.50,122.40,136.90,90.80,33.10,32.29,480.80,287.70,126.00,137.80,92.20,29.80,30.63,480.50,293.30,378.30,421.40,90.80,31.00,99.94
2026-04-22 14:23:00,2026-04-22 14:23:59,Q11,477.50,297.20,125.50,141.70,89.10,28.00,37.37,483.60,286.10,125.60,138.10,91.20,31.10,31.63,480.60,298.30,131.60,143.00,92.20,27.90,31.09,480.57,293.87,382.70,422.80,90.83,29.00,100.09
2026-04-22 14:24:00,2026-04-22 14:24:59,Q11,478.90,297.40,125.50,142.00,89.40,30.20,36.83,483.60,291.60,127.40,140.60,91.00,32.40,32.26,479.50,297.80,129.20,142.30,91.90,29.20,31.49,480.67,295.60,382.10,424.90,90.77,30.60,100.57
2026-04-22 14:25:00,2026-04-22 14:25:59,Q11,477.00,296.20,125.50,141.20,89.20,29.00,37.06,483.10,288.30,126.50,139.10,91.00,29.80,31.80,480.70,293.30,128.80,140.60,92.10,27.50,30.91,480.27,292.60,380.80,420.90,90.77,28.77,99.77
2026-04-22 14:26:00,2026-04-22 14:26:59,Q11,478.10,300.90,127.30,143.40,89.30,30.40,36.74,484.40,282.50,123.80,136.50,91.20,33.00,31.46,479.80,293.60,128.80,140.30,92.00,28.70,31.26,480.77,292.33,379.90,420.20,90.83,30.70,99.46
2026-04-22 14:27:00,2026-04-22 14:27:59,Q11,478.30,302.40,128.20,144.40,89.30,30.60,37.40,483.90,291.00,127.40,140.60,91.00,32.80,32.17,479.40,291.30,127.90,139.40,92.20,28.40,31.14,480.53,294.90,383.50,424.40,90.83,30.60,100.71
2026-04-22 14:28:00,2026-04-22 14:28:59,Q11,477.10,299.90,126.40,142.60,89.20,30.00,36.91,483.50,276.20,121.00,133.30,91.20,32.40,31.46,480.20,296.20,130.60,142.10,92.10,28.20,31.03,480.27,290.77,378.00,418.00,90.83,30.20,99.40
2026-04-22 14:29:00,2026-04-22 14:29:59,Q11,478.30,292.30,123.70,139.60,89.40,30.00,37.11,482.60,283.90,123.80,136.40,91.10,32.20,32.00,481.00,296.30,130.60,142.40,92.10,28.90,31.11,480.63,290.83,378.10,418.40,90.87,30.37,100.23
2026-04-22 14:30:00,2026-04-22 14:30:59,Q11,477.50,298.40,126.40,142.10,89.50,29.80,36.77,483.90,285.10,124.70,137.70,91.30,32.10,31.26,479.40,294.60,128.80,140.80,92.50,28.20,30.26,480.27,292.70,379.90,420.60,91.10,30.03,98.29
2026-04-22 14:31:00,2026-04-22 14:31:59,Q11,478.70,307.60,129.90,146.70,89.50,28.90,36.86,482.80,283.70,123.80,136.40,91.10,30.70,32.29,479.30,294.30,128.80,140.80,92.00,28.40,31.40,480.27,295.20,382.50,423.90,90.87,29.33,100.54
2026-04-22 14:32:00,2026-04-22 14:32:59,Q11,476.70,298.10,125.50,141.80,89.40,29.70,37.03,482.90,285.30,124.70,137.40,91.00,32.00,32.11,480.20,298.90,131.60,143.00,92.00,28.80,31.34,479.93,294.10,381.80,422.20,90.80,30.17,100.49
2026-04-22 14:33:00,2026-04-22 14:33:59,Q11,476.60,295.10,124.60,140.40,89.30,29.70,37.03,483.60,288.20,126.50,139.10,91.30,30.80,31.66,479.40,289.20,125.60,138.40,91.90,27.40,31.71,479.87,290.83,376.70,417.90,90.83,29.30,100.40
2026-04-22 14:34:00,2026-04-22 14:34:59,Q11,478.30,304.00,129.10,145.30,89.60,29.00,36.40,481.90,282.10,122.80,135.60,91.00,32.20,31.71,479.70,290.00,127.00,138.90,92.40,28.70,30.14,479.97,292.03,378.90,419.80,91.00,29.97,98.26
2026-04-22 14:35:00,2026-04-22 14:35:59,Q11,476.70,297.70,125.50,141.40,89.50,28.50,36.60,482.90,282.30,122.80,135.90,91.20,31.40,31.57,480.20,295.50,129.70,141.60,92.10,27.00,31.03,479.93,291.83,378.00,418.90,90.93,28.97,99.20
2026-04-22 14:36:00,2026-04-22 14:36:59,Q11,478.20,297.70,125.50,142.00,89.60,29.90,36.83,482.00,286.90,123.30,137.90,90.90,31.80,32.31,480.60,288.90,127.00,138.20,92.20,29.20,30.83,480.27,291.17,375.80,418.10,90.90,30.30,99.97
2026-04-22 14:37:00,2026-04-22 14:37:59,Q11,478.60,306.60,129.90,146.30,89.60,26.80,36.71,482.50,282.70,121.50,135.90,90.70,31.40,32.31,481.10,288.90,127.00,138.50,92.30,26.20,30.37,480.73,292.73,378.40,420.70,90.87,28.13,99.40
2026-04-22 14:38:00,2026-04-22 14:38:59,Q11,477.90,299.90,126.40,142.60,89.30,30.30,37.06,483.60,280.70,121.50,135.20,90.90,30.50,32.09,481.10,295.80,129.70,141.90,92.10,27.70,31.09,480.87,292.13,377.60,419.70,90.77,29.50,100.23
2026-04-22 14:39:00,2026-04-22 14:39:59,Q11,478.20,304.00,129.10,145.30,89.10,29.60,37.23,484.90,275.10,119.70,133.10,90.90,32.10,31.80,480.80,293.40,128.80,140.60,92.20,28.50,30.77,481.30,290.83,377.60,419.00,90.73,30.07,99.80
2026-04-22 14:40:00,2026-04-22 14:40:59,Q11,479.90,305.70,129.90,146.10,89.40,30.80,36.89,483.20,282.00,122.40,136.20,90.70,33.60,32.37,480.90,288.80,127.00,138.20,92.20,30.30,30.60,481.33,292.17,379.30,420.50,90.77,31.57,99.86
2026-04-22 14:41:00,2026-04-22 14:41:59,Q11,479.10,301.30,128.20,144.20,89.60,29.80,36.89,482.90,281.30,122.80,135.40,91.10,32.10,32.09,481.00,296.10,130.60,142.40,92.20,29.00,31.00,481.00,292.90,381.60,422.00,90.97,30.30,99.97
2026-04-22 14:42:00,2026-04-22 14:42:59,Q11,477.00,299.80,126.40,142.60,89.60,25.10,36.91,483.10,284.10,124.70,137.20,91.50,26.70,31.43,480.30,298.50,131.60,143.00,92.30,24.30,31.11,480.13,294.13,382.70,422.80,91.13,25.37,99.46
2026-04-22 14:43:00,2026-04-22 14:43:59,Q11,477.60,307.50,129.90,146.40,89.60,26.80,37.03,483.20,286.50,125.60,138.10,91.10,29.30,31.97,479.10,283.50,124.20,135.60,92.50,26.20,30.46,479.97,292.50,379.70,420.10,91.07,27.43,99.46
2026-04-22 14:44:00,2026-04-22 14:44:59,Q11,477.10,304.90,129.10,145.00,89.70,27.00,37.66,481.70,293.10,127.40,140.90,91.00,30.30,32.74,480.30,291.60,127.90,139.70,92.60,26.20,30.74,479.70,296.53,384.40,425.60,91.10,27.83,101.14
2026-04-22 14:45:00,2026-04-22 14:45:59,Q11,476.30,307.20,129.90,146.10,89.50,26.70,37.11,482.50,289.40,126.50,139.30,91.20,29.20,31.97,479.90,291.00,127.90,139.40,92.40,26.70,30.89,479.57,295.87,384.30,424.80,91.03,27.53,99.97
2026-04-22 14:46:00,2026-04-22 14:46:59,Q11,477.60,301.50,127.30,143.60,89.60,27.60,37.11,481.30,295.90,126.90,141.90,90.90,29.70,32.49,479.90,293.40,128.80,140.30,92.20,27.10,30.97,479.60,296.93,383.00,425.80,90.90,28.13,100.57
2026-04-22 14:47:00,2026-04-22 14:47:59,Q11,476.90,304.00,128.20,144.70,89.30,28.80,37.63,483.40,288.10,126.50,139.10,91.00,31.80,31.86,478.40,292.50,127.90,139.60,92.70,28.20,30.23,479.57,294.87,382.60,423.40,91.00,29.60,99.71
2026-04-22 14:48:00,2026-04-22 14:48:59,Q11,478.00,304.60,129.10,145.30,89.80,27.60,36.86,481.40,288.00,125.60,138.50,91.10,30.00,32.66,478.80,301.00,131.60,143.90,92.10,27.90,31.37,479.40,297.87,386.30,427.70,91.00,28.50,100.89
2026-04-22 14:49:00,2026-04-22 14:49:59,Q11,477.00,313.50,132.60,149.30,89.80,28.90,37.51,481.30,296.10,127.80,142.40,90.80,31.50,33.17,480.10,289.90,127.00,138.70,92.50,28.50,30.94,479.47,299.83,387.40,430.40,91.03,29.63,101.63
2026-04-22 14:50:00,2026-04-22 14:50:59,Q11,476.90,313.70,131.70,149.00,89.70,26.80,37.37,482.60,295.30,129.20,142.20,91.20,29.00,32.86,478.00,292.70,127.90,139.60,92.10,27.40,31.89,479.17,300.57,388.80,430.80,91.00,27.73,102.11
2026-04-22 14:51:00,2026-04-22 14:51:59,Q11,476.70,297.60,125.50,141.40,89.70,28.50,36.83,482.50,296.00,129.20,142.70,91.30,31.50,32.09,478.60,295.50,129.70,141.00,92.20,28.00,31.26,479.27,296.37,384.40,425.10,91.07,29.33,100.17
2026-04-22 14:52:00,2026-04-22 14:52:59,Q11,478.10,306.20,129.90,146.30,89.60,29.60,37.29,482.80,280.30,121.90,135.00,91.00,32.30,32.40,478.50,297.10,129.70,142.00,92.50,28.40,30.57,479.80,294.53,381.50,423.30,91.03,30.10,100.26
2026-04-22 14:53:00,2026-04-22 14:53:59,Q11,478.40,300.90,127.30,143.40,89.80,29.00,37.03,481.80,293.70,126.00,140.90,90.80,31.10,33.17,479.40,296.10,129.70,141.80,92.00,28.10,31.60,479.87,296.90,383.00,426.10,90.87,29.40,101.80
2026-04-22 14:54:00,2026-04-22 14:54:59,Q11,477.60,310.00,130.80,147.90,89.50,29.00,37.74,483.40,289.20,126.50,139.60,91.30,31.80,32.17,478.60,298.40,130.60,142.40,92.50,28.00,31.14,479.87,299.20,387.90,429.90,91.10,29.60,101.06
2026-04-22 14:55:00,2026-04-22 14:55:59,Q11,478.00,301.00,127.30,143.90,89.70,29.60,36.71,481.60,289.80,125.10,139.00,90.90,31.70,32.66,479.90,296.40,129.70,141.80,92.10,28.50,31.06,479.83,295.73,382.10,424.70,90.90,29.93,100.43
2026-04-22 14:56:00,2026-04-22 14:56:59,Q11,478.70,306.90,129.90,146.30,89.80,29.10,36.91,481.90,284.50,123.80,136.60,91.00,31.70,33.03,478.80,300.10,130.10,143.40,91.90,28.60,31.83,479.80,297.17,383.80,426.30,90.90,29.80,101.77
2026-04-22 14:57:00,2026-04-22 14:57:59,Q11,477.60,307.00,129.90,146.40,89.60,29.20,37.34,481.50,295.20,128.30,141.90,91.10,32.00,32.20,479.30,293.90,128.80,140.30,92.40,28.80,30.86,479.47,298.70,387.00,428.60,91.03,30.00,100.40
2026-04-22 14:58:00,2026-04-22 14:58:59,Q11,476.20,312.80,131.70,148.50,89.30,27.80,38.09,482.30,285.10,123.30,137.40,90.90,30.60,32.43,480.00,291.40,127.90,139.70,92.80,26.90,30.20,479.50,296.43,382.90,425.60,91.00,28.43,100.71
2026-04-22 14:59:00,2026-04-22 14:59:59,Q11,476.10,301.70,127.30,143.30,89.90,28.50,37.00,481.80,295.70,128.30,141.90,91.20,30.80,32.57,479.60,300.80,131.60,143.70,92.20,27.80,31.49,479.17,299.40,387.20,428.90,91.10,29.03,101.06
2026-04-22 15:00:00,2026-04-22 15:00:59,Q11,476.50,302.00,127.30,143.80,89.90,27.40,36.77,480.40,296.10,129.20,142.10,91.00,29.80,32.66,479.30,293.80,128.80,140.30,92.30,27.10,31.00,478.73,297.30,385.30,426.20,91.07,28.10,100.43
2026-04-22 15:01:00,2026-04-22 15:01:59,Q11,476.60,302.70,127.30,143.80,89.90,28.30,36.54,480.50,294.40,126.90,141.10,90.90,30.50,32.51,479.50,286.40,125.10,137.00,92.30,26.80,30.63,478.87,294.50,379.30,421.90,91.03,28.53,99.69
2026-04-22 15:02:00,2026-04-22 15:02:59,Q11,476.80,312.40,131.70,148.50,89.40,31.60,37.20,482.60,293.40,128.30,141.20,91.00,33.90,32.40,479.70,298.60,130.60,142.70,92.00,30.60,31.63,479.70,301.47,390.60,432.40,90.80,32.03,101.23
2026-04-22 15:03:00,2026-04-22 15:03:59,Q11,477.00,302.50,128.20,144.10,89.20,28.90,37.60,481.90,293.30,127.40,140.90,91.40,31.60,31.83,478.60,297.80,129.70,142.00,92.00,29.90,31.94,479.17,297.87,385.30,427.00,90.87,30.13,101.37
2026-04-22 15:04:00,2026-04-22 15:04:59,Q11,476.20,309.50,130.80,147.10,89.40,30.90,37.49,482.60,287.80,125.60,138.30,91.30,33.20,32.09,477.80,296.80,129.70,141.20,92.30,30.10,31.37,478.87,298.03,386.10,426.60,91.00,31.40,100.94
2026-04-22 15:05:00,2026-04-22 15:05:59,Q11,478.20,309.60,132.30,147.70,90.00,32.50,36.69,481.70,293.60,126.00,140.90,90.90,34.50,33.46,478.40,300.80,130.10,143.40,91.70,31.60,32.37,479.43,301.33,388.40,432.00,90.87,32.87,102.51
2026-04-22 15:06:00,2026-04-22 15:06:59,Q11,478.10,308.50,130.80,147.20,89.50,31.30,37.17,481.20,291.70,125.10,140.00,90.90,33.30,33.03,479.80,290.60,125.60,138.90,91.70,30.20,32.34,479.70,296.93,381.50,426.10,90.70,31.60,102.54
2026-04-22 15:07:00,2026-04-22 15:07:59,Q11,477.60,296.50,125.50,141.20,89.80,31.90,36.66,482.70,297.10,130.10,143.20,91.20,33.90,32.37,478.30,296.40,129.70,141.50,92.00,30.50,31.63,479.53,296.67,385.30,425.90,91.00,32.10,100.66
2026-04-22 15:08:00,2026-04-22 15:08:59,Q11,476.70,298.00,125.50,141.80,89.70,30.80,36.49,482.20,291.10,126.00,140.30,90.90,32.50,32.54,479.70,293.10,127.40,140.30,91.90,29.30,31.34,479.53,294.07,378.90,422.40,90.83,30.87,100.37
2026-04-22 15:09:00,2026-04-22 15:09:59,Q11,478.50,304.70,129.10,145.30,89.70,30.70,36.29,481.70,292.30,127.40,140.50,91.20,32.10,32.23,478.90,290.60,125.60,138.60,91.70,30.30,31.86,479.70,295.87,382.10,424.40,90.87,31.03,100.37
2026-04-22 15:10:00,2026-04-22 15:10:59,Q11,476.80,301.00,127.30,143.30,89.70,31.90,36.37,481.70,289.10,126.50,139.00,91.30,33.30,31.86,480.00,294.50,128.30,141.10,91.80,30.60,31.77,479.50,294.87,382.10,423.40,90.93,31.93,100.00
2026-04-22 15:11:00,2026-04-22 15:11:59,Q11,477.30,303.30,128.20,144.50,89.60,29.40,36.97,480.60,295.30,126.90,141.60,90.90,31.80,32.86,479.70,291.10,126.50,139.40,91.80,29.70,31.91,479.20,296.57,381.60,425.50,90.77,30.30,101.74
2026-04-22 15:12:00,2026-04-22 15:12:59,Q11,478.00,305.30,129.10,145.80,89.60,29.80,36.71,481.00,290.50,126.50,139.50,91.10,32.70,32.40,479.20,289.00,125.60,138.40,91.90,29.40,31.69,479.40,294.93,381.20,423.70,90.87,30.63,100.80
2026-04-22 15:13:00,2026-04-22 15:13:59,Q11,477.60,298.00,126.40,142.10,89.60,29.70,36.66,482.50,290.00,126.50,139.80,91.20,32.60,32.09,477.90,299.80,129.20,142.60,91.80,30.00,31.80,479.33,295.93,382.10,424.50,90.87,30.77,100.54
2026-04-22 15:14:00,2026-04-22 15:14:59,Q11,477.80,297.60,125.50,141.70,89.60,30.60,36.40,481.70,286.40,124.70,137.60,91.00,32.80,32.06,480.10,286.60,126.00,137.30,92.10,29.50,30.91,479.87,290.20,376.20,416.60,90.90,30.97,99.37
2026-04-22 15:15:00,2026-04-22 15:15:59,Q11,477.10,304.40,129.10,145.00,89.50,29.40,36.63,483.20,283.70,123.80,136.70,91.30,31.70,31.80,478.90,299.50,129.20,142.90,91.90,27.20,31.63,479.73,295.87,382.10,424.60,90.90,29.43,100.06
2026-04-22 15:16:00,2026-04-22 15:16:59,Q11,478.20,304.70,129.10,145.30,89.70,31.20,36.20,481.70,285.10,124.70,137.10,91.30,32.60,31.94,479.90,296.10,128.30,141.80,91.80,30.00,31.74,479.93,295.30,382.10,424.20,90.93,31.27,99.89
2026-04-22 15:17:00,2026-04-22 15:17:59,Q11,477.90,310.90,130.80,147.90,89.60,29.40,36.60,482.80,286.30,124.70,137.90,91.50,31.90,31.74,478.60,294.20,127.40,140.50,91.90,29.10,31.89,479.77,297.13,382.90,426.30,91.00,30.13,100.23
2026-04-22 15:18:00,2026-04-22 15:18:59,Q11,477.70,297.40,125.50,141.70,89.40,30.90,36.40,483.60,283.00,123.80,136.70,91.40,33.50,31.23,479.10,295.50,128.30,141.30,91.80,30.20,31.49,480.13,291.97,377.60,419.70,90.87,31.53,99.11
2026-04-22 15:19:00,2026-04-22 15:19:59,Q11,478.20,303.20,128.20,144.80,89.70,30.20,36.57,482.10,283.50,123.80,136.40,91.20,31.10,32.31,480.40,301.70,131.00,144.50,91.90,29.10,31.80,480.23,296.13,383.00,425.70,90.93,30.13,100.69
2026-04-22 15:20:00,2026-04-22 15:20:59,Q11,477.50,295.80,124.60,140.70,89.40,30.60,36.37,483.90,283.30,123.80,136.70,91.20,33.00,31.46,480.00,288.00,125.60,138.20,91.90,29.40,31.17,480.47,289.03,374.00,415.60,90.83,31.00,99.00
2026-04-22 15:21:00,2026-04-22 15:21:59,Q11,478.00,300.00,127.30,143.40,89.40,29.50,36.31,484.00,278.90,121.90,134.60,91.10,31.60,31.51,479.30,287.60,124.70,137.50,91.90,28.60,31.00,480.43,288.83,373.90,415.50,90.80,29.90,98.83
2026-04-22 15:22:00,2026-04-22 15:22:59,Q11,478.90,301.80,127.30,143.90,89.40,30.30,36.69,482.60,293.00,128.30,141.20,91.20,31.90,31.86,479.50,292.10,126.50,139.90,91.80,29.20,31.66,480.33,295.63,382.10,425.00,90.80,30.47,100.20
2026-04-22 15:23:00,2026-04-22 15:23:59,Q11,478.60,294.20,124.60,140.50,89.60,29.70,36.51,482.00,286.00,123.30,137.90,90.80,32.40,32.43,480.40,295.60,128.30,141.60,91.90,28.40,31.20,480.33,291.93,376.20,420.00,90.77,30.17,100.14
2026-04-22 15:24:00,2026-04-22 15:24:59,Q11,478.50,301.90,127.30,143.90,89.40,29.60,37.26,482.30,290.60,126.50,139.80,91.00,32.70,32.06,480.70,292.80,128.80,140.20,92.40,29.30,30.60,480.50,295.10,382.60,423.90,90.93,30.53,99.91
2026-04-22 15:25:00,2026-04-22 15:25:59,Q11,477.40,296.50,125.50,141.20,89.30,29.70,36.77,483.50,283.30,123.80,136.70,91.00,30.70,31.74,480.90,287.40,126.00,137.80,92.10,28.30,30.91,480.60,289.07,375.30,415.70,90.80,29.57,99.43
2026-04-22 15:26:00,2026-04-22 15:26:59,Q11,478.60,305.10,129.10,145.80,89.30,28.40,37.37,483.60,285.20,124.70,137.70,91.10,30.40,32.26,479.20,302.00,132.50,144.70,92.00,26.10,31.51,480.47,297.43,386.30,428.20,90.80,28.30,101.14
2026-04-22 15:27:00,2026-04-22 15:27:59,Q11,478.40,302.40,128.20,144.40,89.60,30.50,36.46,482.10,286.90,123.30,137.90,90.90,32.50,32.29,480.80,293.30,127.40,140.60,91.90,29.60,31.29,480.43,294.20,378.90,422.90,90.80,30.87,100.03
2026-04-22 15:28:00,2026-04-22 15:28:59,Q11,478.60,298.90,126.40,142.40,89.60,30.50,36.60,481.90,291.40,126.50,140.00,91.10,32.30,32.06,479.80,301.40,131.00,144.20,91.90,28.20,31.34,480.10,297.23,383.90,426.60,90.87,30.33,100.00
2026-04-22 15:29:00,2026-04-22 15:29:59,Q11,477.20,301.40,127.30,143.60,89.10,29.90,37.46,483.80,289.00,126.50,139.60,91.00,32.10,31.97,479.90,296.80,129.70,141.80,92.00,28.70,31.37,480.30,295.73,383.50,425.00,90.70,30.23,100.80
2026-04-22 15:30:00,2026-04-22 15:30:59,Q11,477.80,307.40,129.90,146.40,89.60,30.60,37.03,481.80,288.10,125.60,138.50,91.00,32.40,32.51,480.70,286.00,126.00,137.30,92.10,29.40,31.20,480.10,293.83,381.50,422.20,90.90,30.80,100.74
2026-04-22 15:31:00,2026-04-22 15:31:59,Q11,478.70,306.20,129.90,146.30,89.70,29.20,37.00,483.40,289.80,125.10,139.60,90.90,32.50,32.71,479.10,292.30,127.90,139.90,92.20,29.20,31.03,480.40,296.10,382.90,425.80,90.93,30.30,100.74
2026-04-22 15:32:00,2026-04-22 15:32:59,Q11,478.20,305.20,129.10,145.80,89.40,28.70,37.17,483.50,294.20,129.20,142.00,91.10,32.80,32.00,479.00,291.10,127.90,139.40,92.20,28.40,30.91,480.23,296.83,386.20,427.20,90.90,29.97,100.09
2026-04-22 15:33:00,2026-04-22 15:33:59,Q11,478.50,305.80,129.10,145.80,89.50,29.50,37.23,482.60,285.00,124.70,137.40,91.10,31.50,32.23,479.10,296.90,129.70,141.80,92.30,28.40,31.17,480.07,295.90,383.50,425.00,90.97,29.80,100.63
2026-04-22 15:34:00,2026-04-22 15:34:59,Q11,477.60,298.80,126.40,142.10,89.20,29.30,37.37,482.60,283.50,122.40,136.40,90.90,31.70,32.20,481.20,296.10,130.60,142.40,92.10,29.30,31.14,480.47,292.80,379.40,420.90,90.73,30.10,100.71
2026-04-22 15:35:00,2026-04-22 15:35:59,Q11,477.00,298.10,126.40,142.10,89.40,29.80,37.26,483.60,290.70,126.00,140.10,90.90,32.30,32.03,480.70,295.00,129.70,141.60,92.40,28.50,30.43,480.43,294.60,382.10,423.80,90.90,30.20,99.71
2026-04-22 15:36:00,2026-04-22 15:36:59,Q11,477.60,304.90,129.10,145.00,89.40,28.60,37.31,483.80,287.70,124.20,138.60,90.80,31.20,32.20,481.10,293.80,128.80,140.90,92.40,28.10,30.43,480.83,295.47,382.10,424.50,90.87,29.30,99.94
2026-04-22 15:37:00,2026-04-22 15:37:59,Q11,479.40,297.70,126.40,142.30,89.50,30.10,36.66,482.80,287.20,124.20,138.30,90.90,31.90,32.34,479.70,290.00,125.60,138.90,91.80,28.50,31.57,480.63,291.63,376.20,419.50,90.73,30.17,100.57
2026-04-22 15:38:00,2026-04-22 15:38:59,Q11,479.50,299.80,127.30,143.20,89.40,29.10,36.91,482.80,293.10,126.90,141.20,90.80,31.80,32.60,480.60,291.80,126.50,139.70,91.80,28.30,31.49,480.97,294.90,380.70,424.10,90.67,29.73,101.00
2026-04-22 15:39:00,2026-04-22 15:39:59,Q11,477.70,302.90,128.20,144.10,89.50,29.40,37.63,484.10,286.80,124.20,138.40,90.60,32.40,32.91,481.00,297.60,130.60,142.90,92.40,29.60,30.63,480.93,295.77,383.00,425.40,90.83,30.47,101.17
2026-04-22 15:40:00,2026-04-22 15:40:59,Q11,479.50,300.60,127.30,143.70,89.60,30.40,36.31,483.40,287.90,125.60,138.60,91.10,32.80,31.83,479.90,291.80,127.90,139.40,92.00,28.00,31.03,480.93,293.43,380.80,421.70,90.90,30.40,99.17
2026-04-22 15:41:00,2026-04-22 15:41:59,Q11,478.00,302.90,128.20,144.40,89.60,29.20,37.40,483.30,286.90,124.20,138.10,90.60,32.60,33.06,481.70,295.10,129.70,141.90,92.50,29.10,30.40,481.00,294.97,382.10,424.40,90.90,30.30,100.86
2026-04-22 15:42:00,2026-04-22 15:42:59,Q11,478.80,303.40,128.20,144.80,89.30,29.50,37.49,483.20,281.80,121.50,135.70,90.60,32.50,32.60,481.60,290.10,127.90,139.50,92.30,27.70,30.69,481.20,291.77,377.60,420.00,90.73,29.90,100.77
2026-04-22 15:43:00,2026-04-22 15:43:59,Q11,478.40,297.80,125.50,142.00,89.30,30.60,37.14,483.10,285.50,123.30,137.70,90.70,33.10,32.49,481.70,295.00,129.70,141.90,92.10,29.30,30.86,481.07,292.77,378.50,421.60,90.70,31.00,100.49
2026-04-22 15:44:00,2026-04-22 15:44:59,Q11,479.30,308.60,130.80,147.50,89.20,29.70,37.51,484.30,278.90,121.90,134.60,91.10,32.70,31.91,480.10,295.10,129.70,141.60,92.30,28.60,30.94,481.23,294.20,382.40,423.70,90.87,30.33,100.37
2026-04-22 15:45:00,2026-04-22 15:45:59,Q11,478.50,307.80,129.90,146.70,89.30,29.60,37.54,483.30,287.20,124.20,138.60,90.60,33.00,32.49,481.90,284.30,125.10,136.60,92.40,29.20,30.37,481.23,293.10,379.20,421.90,90.77,30.60,100.40
2026-04-22 15:46:00,2026-04-22 15:46:59,Q11,478.20,307.40,129.90,146.70,89.00,29.40,37.80,484.90,278.70,120.60,134.60,90.70,32.60,32.40,481.20,294.30,129.70,141.40,92.10,29.20,31.09,481.43,293.47,380.20,422.70,90.60,30.40,101.29
2026-04-22 15:47:00,2026-04-22 15:47:59,Q11,477.60,303.60,128.20,144.50,89.20,30.20,37.51,484.20,288.90,126.50,139.40,91.10,32.80,31.94,480.90,294.20,129.70,141.10,92.10,29.30,31.34,480.90,295.57,384.40,425.00,90.80,30.77,100.80
2026-04-22 15:48:00,2026-04-22 15:48:59,Q11,478.90,303.10,128.20,144.80,89.10,29.80,37.40,484.80,288.60,126.50,139.40,91.10,32.70,31.77,480.40,291.90,127.90,139.70,92.10,28.40,31.31,481.37,294.53,382.60,423.90,90.77,30.30,100.49
2026-04-22 15:49:00,2026-04-22 15:49:59,Q11,479.50,308.50,130.80,147.50,89.40,28.70,36.83,482.90,285.40,124.70,137.40,91.00,31.60,32.06,480.00,291.20,127.90,139.70,92.00,29.40,31.26,480.80,295.03,383.40,424.60,90.80,29.90,100.14
2026-04-22 15:50:00,2026-04-22 15:50:59,Q11,479.10,309.40,131.70,148.00,89.40,30.50,37.03,484.00,282.40,123.80,136.50,91.00,32.20,32.26,479.60,286.10,123.80,137.00,91.90,29.30,31.60,480.90,292.63,379.30,421.50,90.77,30.67,100.89
2026-04-22 15:51:00,2026-04-22 15:51:59,Q11,478.10,304.00,129.10,145.30,89.00,30.50,37.17,484.30,279.80,122.80,135.00,91.30,33.10,31.23,479.70,288.90,126.00,138.00,92.10,29.60,31.09,480.70,290.90,377.90,418.30,90.80,31.07,99.49
2026-04-22 15:52:00,2026-04-22 15:52:59,Q11,477.10,301.80,127.30,143.60,89.40,30.00,37.31,483.30,284.80,124.70,137.20,91.10,32.00,32.06,480.80,292.60,128.80,140.20,92.20,28.30,31.14,480.40,293.07,380.80,421.00,90.90,30.10,100.51
2026-04-22 15:53:00,2026-04-22 15:53:59,Q11,478.30,311.00,131.70,148.70,89.40,29.20,37.29,482.30,279.60,120.60,134.50,90.90,32.70,32.29,480.50,299.20,131.60,143.50,92.30,28.90,30.77,480.37,296.60,383.90,426.70,90.87,30.27,100.34
2026-04-22 15:54:00,2026-04-22 15:54:59,Q11,478.30,302.20,128.20,144.40,89.20,30.20,37.17,484.20,277.80,121.90,134.10,91.20,32.70,31.60,479.80,296.40,129.70,141.80,92.10,28.80,31.17,480.77,292.13,379.80,420.30,90.83,30.57,99.94
2026-04-22 15:55:00,2026-04-22 15:55:59,Q11,477.60,306.10,129.10,146.00,89.30,30.30,37.46,484.40,285.20,123.30,137.90,90.80,33.00,32.40,480.20,298.00,131.60,143.00,92.20,29.40,30.89,480.73,296.43,384.00,426.90,90.77,30.90,100.74
2026-04-22 15:56:00,2026-04-22 15:56:59,Q11,477.40,300.40,127.30,143.10,89.20,30.60,37.31,483.70,282.80,122.40,136.20,90.90,33.20,32.03,480.70,298.80,131.60,143.00,92.20,29.60,30.94,480.60,294.00,381.30,422.30,90.77,31.13,100.29
2026-04-22 15:57:00,2026-04-22 15:57:59,Q11,479.00,312.00,132.60,149.40,89.50,29.10,37.26,482.90,285.40,123.30,137.40,90.90,32.20,32.43,480.40,299.80,131.60,143.50,92.40,28.30,30.77,480.77,299.07,387.50,430.30,90.93,29.87,100.46
2026-04-22 15:58:00,2026-04-22 15:58:59,Q11,477.00,307.40,129.90,146.40,89.30,30.00,37.37,483.50,286.60,124.20,138.10,90.90,33.10,32.09,480.10,294.10,129.70,141.10,92.20,28.60,30.91,480.20,296.03,383.80,425.60,90.80,30.57,100.37
2026-04-22 15:59:00,2026-04-22 15:59:59,Q11,478.10,301.10,127.30,143.90,89.60,29.50,36.54,481.80,283.90,123.80,136.10,91.10,32.30,32.09,479.30,294.70,128.80,140.80,92.00,29.10,31.20,479.73,293.23,379.90,420.80,90.90,30.30,99.83
2026-04-22 16:00:00,2026-04-22 16:00:59,Q11,477.90,303.00,128.20,144.50,89.40,29.90,37.03,483.10,287.80,125.60,138.60,91.30,31.60,31.83,479.00,293.50,128.80,140.30,92.00,29.10,31.46,480.00,294.77,382.60,423.40,90.90,30.20,100.31
2026-04-22 16:01:00,2026-04-22 16:01:59,Q11,477.50,306.90,129.10,146.00,89.50,28.40,37.09,483.10,284.90,124.70,137.20,91.30,31.40,31.91,478.90,299.60,130.60,142.90,92.10,28.30,31.43,479.83,297.13,384.40,426.10,90.97,29.37,100.43
2026-04-22 16:02:00,2026-04-22 16:02:59,Q11,476.90,306.90,129.10,145.70,89.40,29.50,36.86,483.50,281.30,122.80,135.70,91.30,32.80,31.49,479.80,293.30,128.80,140.30,92.20,28.40,31.06,480.07,293.83,380.70,421.70,90.97,30.23,99.40
2026-04-22 16:03:00,2026-04-22 16:03:59,Q11,477.50,313.10,132.60,149.30,89.50,28.80,37.11,481.90,283.10,123.80,136.10,91.20,31.40,32.03,480.60,296.20,130.60,142.10,92.20,28.60,31.20,480.00,297.47,387.00,427.50,90.97,29.60,100.34
2026-04-22 16:04:00,2026-04-22 16:04:59,Q11,477.80,304.60,129.10,145.00,89.30,28.20,36.77,483.40,276.10,121.00,133.30,91.30,30.90,31.37,479.00,290.00,127.00,138.90,92.10,26.40,31.20,480.07,290.23,377.10,417.20,90.90,28.50,99.34
2026-04-22 16:05:00,2026-04-22 16:05:59,Q11,477.10,297.80,125.50,141.70,89.40,30.40,36.43,483.60,283.40,123.80,136.70,91.50,31.90,30.89,479.20,288.30,126.00,138.00,92.10,28.20,31.14,479.97,289.83,375.30,416.40,91.00,30.17,98.46
2026-04-22 16:06:00,2026-04-22 16:06:59,Q11,475.80,294.90,123.70,139.60,89.70,24.60,36.66,482.70,284.00,123.80,136.90,91.60,27.50,31.00,477.60,289.50,126.00,137.90,92.80,22.80,30.03,478.70,289.47,373.50,414.40,91.37,24.97,97.69
2026-04-22 16:07:00,2026-04-22 16:07:59,Q11,478.10,305.00,130.50,145.80,90.00,25.00,36.46,482.00,283.00,123.80,136.40,91.00,28.50,32.06,478.40,287.80,126.00,137.20,92.80,25.20,29.69,479.50,291.93,380.30,419.40,91.27,26.23,98.20
2026-04-22 16:08:00,2026-04-22 16:08:59,Q11,475.90,304.70,128.20,144.40,89.70,26.20,36.57,483.00,277.70,121.00,133.80,91.20,28.40,31.43,479.10,286.90,125.10,137.00,92.70,24.00,29.69,479.33,289.77,374.30,415.20,91.20,26.20,97.69
2026-04-22 16:09:00,2026-04-22 16:09:59,Q11,477.70,303.00,129.60,144.50,90.10,25.60,36.06,482.40,284.80,123.80,136.90,91.30,27.80,31.54,478.20,288.30,126.00,137.70,92.80,24.70,29.60,479.43,292.03,379.40,419.10,91.40,26.03,97.20
2026-04-22 16:10:00,2026-04-22 16:10:59,Q11,477.40,294.90,126.00,140.20,90.10,24.60,36.14,481.10,284.60,123.80,136.60,91.10,27.40,31.69,478.70,287.20,127.40,137.20,93.00,24.10,28.97,479.07,288.90,377.20,414.00,91.40,25.37,96.80
2026-04-22 16:11:00,2026-04-22 16:11:59,Q11,476.20,298.10,125.50,141.80,89.80,24.90,36.06,483.00,278.80,121.90,134.30,91.60,27.40,30.86,478.30,292.10,127.90,139.60,92.50,23.80,30.14,479.17,289.67,375.30,415.70,91.30,25.37,97.06
2026-04-22 16:12:00,2026-04-22 16:12:59,Q11,477.20,303.00,129.60,144.50,90.10,25.70,35.43,480.90,280.10,121.90,134.40,91.40,27.60,31.23,479.20,282.00,124.20,135.10,92.60,24.50,29.74,479.10,288.37,375.70,414.00,91.37,25.93,96.40
2026-04-22 16:13:00,2026-04-22 16:13:59,Q11,476.10,297.70,125.50,141.40,89.80,24.90,36.63,482.50,285.30,124.70,137.40,91.30,28.10,31.29,477.30,289.30,126.00,137.90,92.80,24.00,29.63,478.63,290.77,376.20,416.70,91.30,25.67,97.54
2026-04-22 16:14:00,2026-04-22 16:14:59,Q11,477.50,302.00,129.60,144.10,90.00,24.30,35.80,481.30,275.10,120.10,132.30,91.30,26.70,31.11,477.70,287.80,125.10,136.90,92.80,24.10,29.26,478.83,288.30,374.80,413.30,91.37,25.03,96.17
2026-04-22 16:15:00,2026-04-22 16:15:59,Q11,475.40,299.20,127.80,142.00,90.00,24.10,36.26,481.00,284.40,123.80,136.60,91.40,26.70,31.14,479.00,284.80,125.10,136.00,92.90,24.20,29.43,478.47,289.47,376.70,414.60,91.43,25.00,96.83
2026-04-22 16:16:00,2026-04-22 16:16:59,Q11,477.40,301.50,128.70,143.60,90.00,25.60,35.37,481.00,282.40,122.80,135.60,91.40,27.90,31.06,477.90,283.10,123.30,135.00,92.40,24.80,29.94,478.77,289.00,374.80,414.20,91.27,26.10,96.37
2026-04-22 16:17:00,2026-04-22 16:17:59,Q11,476.40,306.60,129.10,145.70,89.80,26.10,35.97,482.40,275.10,120.10,132.60,91.40,28.40,30.89,477.60,278.80,121.40,132.60,92.70,25.50,29.63,478.80,286.83,370.60,410.90,91.30,26.67,96.49
2026-04-22 16:18:00,2026-04-22 16:18:59,Q11,475.90,292.80,122.80,138.70,89.20,28.30,36.91,482.80,288.10,125.60,138.80,91.30,30.60,31.23,478.60,292.00,127.90,139.60,92.10,25.90,31.17,479.10,290.97,376.30,417.10,90.87,28.27,99.31
2026-04-22 16:19:00,2026-04-22 16:19:59,Q11,476.20,294.30,123.70,139.90,89.40,29.40,36.71,481.40,276.30,120.10,132.80,91.00,31.90,31.86,480.00,298.70,131.60,143.00,92.10,28.10,30.77,479.20,289.77,375.40,415.70,90.83,29.80,99.34
2026-04-22 16:20:00,2026-04-22 16:20:59,Q11,477.00,301.80,127.30,143.60,89.40,29.60,36.46,482.40,281.30,122.80,135.40,91.60,31.50,31.00,477.90,290.20,125.60,138.30,91.90,27.90,31.49,479.10,291.10,375.70,417.30,90.97,29.67,98.94
2026-04-22 16:21:00,2026-04-22 16:21:59,Q11,477.50,302.60,128.20,144.10,89.60,30.20,35.89,482.10,280.00,121.90,135.00,91.50,32.00,31.14,477.90,287.90,123.80,136.90,91.80,29.30,31.46,479.17,290.17,373.90,416.00,90.97,30.50,98.49
2026-04-22 16:22:00,2026-04-22 16:22:59,Q11,477.00,295.70,124.60,140.70,89.70,29.60,35.77,480.80,280.20,121.90,134.40,91.40,31.50,31.23,479.20,291.80,126.50,139.40,91.90,29.00,31.00,479.00,289.23,373.00,414.50,91.00,30.03,98.00
2026-04-22 16:23:00,2026-04-22 16:23:59,Q11,477.10,296.50,125.50,141.20,89.80,30.30,35.57,481.60,279.10,121.90,134.20,91.60,31.20,31.23,477.40,296.70,128.30,141.20,91.80,28.90,31.51,478.70,290.77,375.70,416.60,91.07,30.13,98.31
2026-04-22 16:24:00,2026-04-22 16:24:59,Q11,475.80,302.90,127.30,143.40,89.70,28.90,36.23,480.50,292.70,127.40,140.20,91.60,30.90,31.26,479.00,291.10,127.90,139.40,92.10,28.50,31.37,478.43,295.57,382.60,423.00,91.13,29.43,98.86
2026-04-22 16:25:00,2026-04-22 16:25:59,Q11,476.80,295.50,124.60,140.40,89.80,30.40,35.54,480.70,284.70,123.80,136.30,91.70,31.50,30.97,477.10,297.50,128.30,141.70,91.70,28.00,31.77,478.20,292.57,376.70,418.40,91.07,29.97,98.29
2026-04-22 16:26:00,2026-04-22 16:26:59,Q11,476.70,291.40,122.80,138.50,89.80,28.30,35.54,480.40,282.90,122.80,135.40,91.60,30.10,31.09,478.00,295.20,128.30,141.00,91.90,27.90,31.31,478.37,289.83,373.90,414.90,91.10,28.77,97.94
2026-04-22 16:27:00,2026-04-22 16:27:59,Q11,476.90,297.80,125.50,141.40,89.90,30.30,35.17,480.80,280.60,121.90,134.40,91.50,31.70,31.06,477.50,292.30,126.50,139.30,91.90,29.50,31.00,478.40,290.23,373.90,415.10,91.10,30.50,97.23
2026-04-22 16:28:00,2026-04-22 16:28:59,Q11,476.70,296.00,124.60,140.90,89.80,29.40,35.34,480.50,281.00,121.90,134.90,91.60,30.50,30.74,478.20,289.90,125.60,138.10,91.90,28.60,31.00,478.47,288.97,372.10,413.90,91.10,29.50,97.09
2026-04-22 16:29:00,2026-04-22 16:29:59,Q11,476.50,292.20,122.80,139.00,89.90,27.30,35.43,481.50,287.50,125.60,138.00,91.70,29.50,30.86,477.50,296.30,128.30,141.20,91.90,27.80,31.34,478.50,292.00,376.70,418.20,91.17,28.20,97.63
2026-04-22 16:30:00,2026-04-22 16:30:59,Q11,475.50,298.70,125.50,141.60,89.90,29.50,35.86,481.20,283.80,123.80,136.10,91.50,31.60,31.29,478.90,293.40,128.80,140.10,92.10,28.80,30.91,478.53,291.97,378.10,417.80,91.17,29.97,98.06
2026-04-22 16:31:00,2026-04-22 16:31:59,Q11,475.50,299.70,126.40,142.00,89.70,29.20,36.26,482.10,291.30,127.40,140.30,91.90,31.60,30.91,477.60,300.20,131.60,143.10,92.10,28.10,31.51,478.40,297.07,385.40,425.40,91.23,29.63,98.69
2026-04-22 16:32:00,2026-04-22 16:32:59,Q11,476.40,296.50,124.60,140.90,89.60,31.00,35.97,480.10,277.20,120.10,133.00,91.20,32.70,31.43,479.10,284.40,125.10,136.00,92.00,29.30,30.86,478.53,286.03,369.80,409.90,90.93,31.00,98.26
2026-04-22 16:33:00,2026-04-22 16:33:59,Q11,475.80,290.60,121.90,137.80,89.60,30.00,36.17,480.50,284.30,123.80,136.30,91.40,31.30,31.09,479.00,289.30,127.00,138.40,92.10,28.80,30.80,478.43,288.07,372.70,412.50,91.03,30.03,98.06
2026-04-22 16:34:00,2026-04-22 16:34:59,Q11,475.40,296.40,124.60,140.60,89.80,29.30,35.94,481.10,284.20,123.80,136.60,91.60,31.20,31.17,478.70,299.60,130.60,142.90,92.10,28.80,31.03,478.40,293.40,379.00,420.10,91.17,29.77,98.14
2026-04-22 16:35:00,2026-04-22 16:35:59,Q11,476.00,297.90,125.50,141.40,89.80,29.20,35.63,480.00,290.60,126.50,139.20,91.50,30.70,31.23,478.30,295.60,129.70,141.00,92.00,27.40,31.09,478.10,294.70,381.70,421.60,91.10,29.10,97.94
2026-04-22 16:36:00,2026-04-22 16:36:59,Q11,476.20,293.80,125.10,139.50,90.00,29.60,35.49,480.30,286.50,124.70,137.30,91.80,31.50,31.03,477.20,297.80,128.30,141.70,91.90,28.50,31.63,477.90,292.70,378.10,418.50,91.23,29.87,98.14
2026-04-22 16:37:00,2026-04-22 16:37:59,Q11,476.50,292.40,122.80,139.00,89.90,29.20,35.34,480.50,280.70,121.90,134.40,91.60,31.60,31.00,476.90,294.20,126.50,139.90,91.90,27.80,31.26,477.97,289.10,371.20,413.30,91.13,29.53,97.60
2026-04-22 16:38:00,2026-04-22 16:38:59,Q11,474.80,301.40,126.40,142.70,89.50,31.30,35.86,481.40,284.30,123.80,136.60,91.90,33.10,30.23,477.00,289.10,124.70,137.90,91.90,29.70,31.46,477.73,291.60,374.90,417.20,91.10,31.37,97.54
2026-04-22 16:39:00,2026-04-22 16:39:59,Q11,474.80,298.10,125.50,141.30,89.70,29.70,35.91,481.30,277.10,121.00,133.20,91.80,31.30,30.66,477.00,291.40,127.00,138.80,92.20,27.20,30.94,477.70,288.87,373.50,413.30,91.23,29.40,97.51
2026-04-22 16:40:00,2026-04-22 16:40:59,Q11,474.80,293.80,122.80,138.90,89.90,30.30,35.74,480.20,289.40,125.60,138.70,91.80,31.30,30.69,478.40,290.80,127.00,138.60,92.20,28.70,31.03,477.80,291.33,375.40,416.20,91.30,30.10,97.46
2026-04-22 16:41:00,2026-04-22 16:41:59,Q11,474.70,296.60,124.60,140.30,89.90,29.70,36.06,481.00,279.70,121.90,134.20,91.60,31.90,31.49,478.10,300.00,131.60,143.40,92.00,27.50,31.54,477.93,292.10,378.10,417.90,91.17,29.70,99.09
2026-04-22 16:42:00,2026-04-22 16:42:59,Q11,474.50,301.90,126.40,142.70,89.60,29.60,36.09,480.90,285.20,123.80,136.80,91.30,31.10,31.40,477.40,288.60,126.00,137.40,92.00,29.00,31.11,477.60,291.90,376.20,416.90,90.97,29.90,98.60
2026-04-22 16:43:00,2026-04-22 16:43:59,Q11,474.30,302.70,128.70,143.10,90.00,29.90,35.74,480.60,289.40,125.60,138.70,91.80,31.00,31.23,476.80,293.90,127.90,139.50,92.00,28.70,31.63,477.23,295.33,382.20,421.30,91.27,29.87,98.60
2026-04-22 16:44:00,2026-04-22 16:44:59,Q11,475.30,302.30,128.70,143.40,90.00,28.50,35.57,478.70,285.80,123.80,136.20,91.60,30.00,31.23,477.30,292.70,127.90,139.30,92.10,26.30,30.94,477.10,293.60,380.40,418.90,91.23,28.27,97.74
2026-04-22 16:45:00,2026-04-22 16:45:59,Q11,474.10,308.80,130.50,146.00,90.00,29.20,36.11,480.00,291.10,126.50,139.70,91.70,30.50,31.63,477.00,304.10,133.40,145.00,92.00,27.80,31.74,477.03,301.33,390.40,430.70,91.23,29.17,99.49
2026-04-22 16:46:00,2026-04-22 16:46:59,Q11,474.10,303.70,128.70,143.60,90.20,29.80,35.60,480.10,286.70,124.70,137.30,91.70,31.10,31.29,477.20,298.40,130.60,142.10,92.20,28.10,31.00,477.13,296.27,384.00,423.00,91.37,29.67,97.89
2026-04-22 16:47:00,2026-04-22 16:47:59,Q11,476.20,294.70,125.10,139.90,90.20,29.00,35.06,479.60,294.30,127.40,140.80,91.70,30.20,31.37,476.50,295.20,127.40,140.40,91.70,28.50,31.86,477.43,294.73,379.90,421.10,91.20,29.23,98.29
2026-04-22 16:48:00,2026-04-22 16:48:59,Q11,474.40,300.40,127.80,142.20,90.30,30.50,35.57,480.20,297.60,129.20,142.60,91.70,31.70,31.74,477.40,294.80,128.80,140.20,92.10,29.60,31.43,477.33,297.60,385.80,425.00,91.37,30.60,98.74
2026-04-22 16:49:00,2026-04-22 16:49:59,Q11,475.10,303.20,127.30,143.90,89.90,30.50,35.60,480.70,294.00,128.30,141.10,91.80,31.80,31.03,476.50,286.90,123.80,136.10,91.80,29.30,31.80,477.43,294.70,379.40,421.10,91.17,30.53,98.43
2026-04-22 16:50:00,2026-04-22 16:50:59,Q11,474.90,300.80,127.80,142.20,90.20,29.80,35.23,479.30,291.40,126.50,139.40,91.70,31.60,31.26,478.10,286.50,125.10,136.70,92.10,29.00,31.09,477.43,292.90,379.40,418.30,91.33,30.13,97.57
2026-04-22 16:51:00,2026-04-22 16:51:59,Q11,474.90,16.20,6.20,7.60,89.90,29.40,35.83,480.50,284.60,123.80,136.30,91.90,30.50,30.86,476.10,296.20,128.80,140.90,92.00,27.80,31.63,477.17,199.00,258.80,284.80,91.27,29.23,98.31
2026-04-22 16:52:00,2026-04-22 16:52:59,Q11,474.40,298.80,126.90,141.30,90.00,28.60,35.69,480.60,295.60,129.70,141.60,92.00,30.60,30.74,476.60,293.90,127.90,139.50,92.20,26.90,31.20,477.20,296.10,384.50,422.40,91.40,28.70,97.63
2026-04-22 16:53:00,2026-04-22 16:53:59,Q11,474.90,306.70,130.50,145.00,90.40,29.50,35.06,478.40,285.60,123.80,136.20,91.70,30.50,31.40,477.30,288.60,126.00,137.40,92.20,27.80,30.74,476.87,293.63,380.30,418.60,91.43,29.27,97.20
2026-04-22 16:54:00,2026-04-22 16:54:59,Q11,475.20,300.70,127.80,142.50,90.20,29.40,35.49,478.60,289.20,125.60,138.10,91.80,29.70,31.37,477.20,299.00,130.60,142.60,92.10,27.80,31.43,477.00,296.30,384.00,423.20,91.37,28.97,98.29
2026-04-22 16:55:00,2026-04-22 16:55:59,Q11,473.80,292.90,124.20,138.10,90.20,30.10,35.74,479.70,292.80,126.50,139.90,91.80,31.60,31.23,476.80,299.80,130.60,142.30,92.10,28.90,31.34,476.77,295.17,381.30,420.30,91.37,30.20,98.31
2026-04-22 16:56:00,2026-04-22 16:56:59,Q11,475.60,302.10,128.70,143.40,90.40,30.40,35.09,479.10,295.80,128.30,141.30,91.70,31.60,31.57,476.10,292.00,125.60,139.00,91.90,29.50,31.63,476.93,296.63,382.60,423.70,91.33,30.50,98.29
2026-04-22 16:57:00,2026-04-22 16:57:59,Q11,474.00,294.30,125.10,139.40,90.10,29.10,35.74,479.80,290.90,125.60,138.90,91.70,31.30,31.31,477.10,296.10,129.70,141.20,92.10,29.00,31.29,476.97,293.77,380.40,419.50,91.30,29.80,98.34
2026-04-22 16:58:00,2026-04-22 16:58:59,Q11,473.90,307.80,130.50,145.20,90.00,31.00,35.63,479.70,281.80,121.90,134.60,91.50,32.60,31.23,477.50,291.30,127.00,138.80,92.20,29.20,30.69,477.03,293.63,379.40,418.60,91.23,30.93,97.54
2026-04-22 16:59:00,2026-04-22 16:59:59,Q11,475.70,303.50,128.70,143.90,90.30,30.10,35.71,479.50,288.70,124.70,138.00,91.70,31.00,31.86,476.40,301.40,131.60,143.30,92.00,29.30,31.77,477.20,297.87,385.00,425.20,91.33,30.13,99.34
2026-04-22 17:00:00,2026-04-22 17:00:59,Q11,475.10,304.70,129.60,144.40,90.20,30.10,35.29,479.40,288.60,124.70,138.00,91.80,30.90,31.11,476.00,291.80,127.00,138.50,92.10,28.70,31.29,476.83,295.03,381.30,420.90,91.37,29.90,97.69
2026-04-22 17:01:00,2026-04-22 17:01:59,Q11,474.40,301.70,127.80,142.70,90.00,31.30,35.91,480.10,289.90,125.60,138.70,91.80,32.50,31.34,476.40,300.80,130.60,142.80,92.10,29.90,31.51,476.97,297.47,384.00,424.20,91.30,31.23,98.77
2026-04-22 17:02:00,2026-04-22 17:02:59,Q11,475.40,299.40,126.40,142.00,89.80,30.40,36.40,479.90,290.00,125.60,138.90,91.80,31.60,31.34,475.90,305.30,132.50,144.90,92.00,29.00,31.86,477.07,298.23,384.50,425.80,91.20,30.33,99.60
2026-04-22 17:03:00,2026-04-22 17:03:59,Q11,474.00,296.20,126.00,140.30,90.00,30.70,35.83,480.00,288.80,125.60,138.20,91.70,31.90,31.14,477.10,296.60,129.70,141.20,92.20,28.50,30.94,477.03,293.87,381.30,419.70,91.30,30.37,97.91
2026-04-22 17:04:00,2026-04-22 17:04:59,Q11,475.60,301.90,127.80,143.00,90.00,29.20,35.91,480.40,288.70,125.60,138.20,91.60,31.90,31.51,476.60,300.10,130.60,142.80,92.10,27.80,31.46,477.53,296.90,384.00,424.00,91.23,29.63,98.89
2026-04-22 17:05:00,2026-04-22 17:05:59,Q11,475.30,301.90,127.80,143.00,90.00,31.00,35.71,479.10,292.80,126.50,139.90,91.60,32.60,31.03,478.10,283.70,124.20,135.30,92.20,30.20,30.80,477.50,292.80,378.50,418.20,91.27,31.27,97.54
2026-04-22 17:06:00,2026-04-22 17:06:59,Q11,474.40,305.20,129.60,144.60,90.00,29.30,36.23,479.70,289.00,125.60,138.40,91.70,30.80,31.37,478.00,300.50,131.60,143.40,92.20,28.90,31.26,477.37,298.23,386.80,426.40,91.30,29.67,98.86
2026-04-22 17:07:00,2026-04-22 17:07:59,Q11,474.20,307.70,130.50,145.50,90.10,29.90,36.23,479.40,288.90,124.70,138.00,91.70,31.20,31.60,477.80,300.90,131.60,143.10,92.30,29.50,31.23,477.13,299.17,386.80,426.60,91.37,30.20,99.06
2026-04-22 17:08:00,2026-04-22 17:08:59,Q11,474.70,293.10,124.20,138.90,90.00,30.70,35.57,480.20,290.40,126.50,139.20,91.70,31.80,31.00,476.30,297.90,129.70,141.40,92.10,29.50,31.03,477.07,293.80,380.40,419.50,91.27,30.67,97.60
2026-04-22 17:09:00,2026-04-22 17:09:59,Q11,475.50,307.40,130.50,145.80,90.20,30.60,35.60,479.20,285.90,123.80,136.50,91.80,32.20,31.46,476.20,295.70,128.80,140.40,92.10,29.90,31.43,476.97,296.33,383.10,422.70,91.37,30.90,98.49
2026-04-22 17:10:00,2026-04-22 17:10:59,Q11,475.50,307.50,130.50,145.80,90.10,30.90,35.71,479.30,291.50,127.90,139.40,92.10,31.90,30.89,476.30,296.50,128.80,140.90,92.10,29.20,31.71,477.03,298.50,387.20,426.10,91.43,30.67,98.31
2026-04-22 17:11:00,2026-04-22 17:11:59,Q11,474.40,300.10,126.40,142.20,89.90,30.70,36.14,479.40,285.30,123.80,136.50,91.70,32.90,31.23,478.00,299.10,130.60,142.90,92.20,28.90,31.26,477.27,294.83,380.80,421.60,91.27,30.83,98.63
2026-04-22 17:12:00,2026-04-22 17:12:59,Q11,475.70,308.60,131.40,146.30,90.00,29.90,35.80,479.50,287.40,126.00,137.50,92.00,31.60,30.89,476.40,296.70,128.80,140.90,92.10,28.00,31.60,477.20,297.57,386.20,424.70,91.37,29.83,98.29
2026-04-22 17:13:00,2026-04-22 17:13:59,Q11,474.90,307.50,129.10,145.50,89.90,30.70,36.17,479.70,285.30,123.80,136.50,91.80,31.80,31.17,478.30,298.30,130.60,142.40,92.20,29.10,31.23,477.63,297.03,383.50,424.40,91.30,30.53,98.57
2026-04-22 17:14:00,2026-04-22 17:14:59,Q11,475.50,299.10,127.80,142.00,90.00,30.50,35.89,479.70,282.30,122.80,135.10,91.90,31.70,30.86,478.30,299.30,130.60,142.90,92.40,29.20,30.94,477.83,293.57,381.20,420.00,91.43,30.47,97.69
2026-04-22 17:15:00,2026-04-22 17:15:59,Q11,476.50,301.30,128.70,143.30,90.00,29.10,36.09,479.70,292.10,126.50,139.90,91.90,30.50,31.49,476.90,303.80,131.00,144.20,91.90,28.10,32.14,477.70,299.07,386.20,427.40,91.27,29.23,99.71
2026-04-22 17:16:00,2026-04-22 17:16:59,Q11,476.10,305.10,130.50,145.20,90.20,31.00,35.49,479.10,285.30,123.80,136.50,91.70,32.00,31.63,477.40,301.00,130.10,143.60,91.80,30.00,31.83,477.53,297.13,384.40,425.30,91.23,31.00,98.94
2026-04-22 17:17:00,2026-04-22 17:17:59,Q11,474.60,298.00,125.50,141.30,89.90,28.60,35.86,481.00,289.10,127.90,139.00,92.00,29.60,30.89,476.90,296.50,127.40,140.90,91.90,27.30,31.91,477.50,294.53,380.80,421.20,91.27,28.50,98.66
2026-04-22 17:18:00,2026-04-22 17:18:59,Q11,474.60,314.00,133.20,148.80,90.00,30.40,36.31,480.30,286.00,124.70,137.30,91.60,31.30,32.03,477.40,300.40,131.60,143.10,92.00,29.10,31.91,477.43,300.13,389.50,429.20,91.20,30.27,100.26
2026-04-22 17:19:00,2026-04-22 17:19:59,Q11,474.90,300.00,127.80,142.20,90.20,29.10,35.74,479.80,289.10,125.60,138.40,91.60,29.60,32.00,477.50,299.50,129.20,142.60,91.90,27.40,31.77,477.40,296.20,382.60,423.20,91.23,28.70,99.51
2026-04-22 17:20:00,2026-04-22 17:20:59,Q11,474.30,296.00,126.00,140.30,90.00,29.40,35.94,480.70,297.60,129.20,142.60,91.80,31.70,31.17,477.10,299.60,130.60,142.60,92.00,28.50,31.60,477.37,297.73,385.80,425.50,91.27,29.87,98.71
2026-04-22 17:21:00,2026-04-22 17:21:59,Q11,474.00,303.00,128.70,143.60,90.00,30.00,36.34,480.10,293.70,127.40,140.60,91.80,30.10,31.60,477.60,296.60,129.70,141.20,92.20,27.50,31.69,477.23,297.77,385.80,425.40,91.33,29.20,99.63
2026-04-22 17:22:00,2026-04-22 17:22:59,Q11,476.20,298.00,126.90,141.80,90.30,30.90,35.26,479.00,291.10,126.50,139.40,91.70,31.70,31.69,476.20,297.80,128.30,141.40,91.80,30.20,31.94,477.13,295.63,381.70,422.60,91.27,30.93,98.89
2026-04-22 17:23:00,2026-04-22 17:23:59,Q11,474.20,308.70,130.50,146.00,90.00,30.10,36.20,479.90,294.20,127.40,140.80,91.90,31.40,31.37,477.60,302.10,132.50,144.10,92.00,28.60,31.97,477.23,301.67,390.40,430.90,91.30,30.03,99.54
2026-04-22 17:24:00,2026-04-22 17:24:59,Q11,475.40,303.10,128.70,143.90,90.00,30.70,35.91,480.40,294.90,129.70,141.10,92.10,31.50,30.97,475.90,297.80,129.70,141.10,92.00,29.00,32.14,477.23,298.60,388.10,426.10,91.37,30.40,99.03
2026-04-22 17:25:00,2026-04-22 17:25:59,Q11,474.50,300.80,126.40,142.20,89.80,30.00,36.03,481.00,293.10,128.80,140.90,92.20,31.00,30.69,476.60,295.50,127.40,140.40,91.90,28.70,32.14,477.37,296.47,382.60,423.50,91.30,29.90,98.86
2026-04-22 17:26:00,2026-04-22 17:26:59,Q11,476.40,291.70,124.20,138.50,90.20,31.00,34.94,479.60,284.80,125.10,136.00,92.20,31.60,30.51,477.00,303.50,131.00,144.50,91.80,29.40,32.00,477.67,293.33,380.30,419.00,91.40,30.67,97.46
2026-04-22 17:27:00,2026-04-22 17:27:59,Q11,475.00,298.00,125.50,141.60,89.80,28.40,36.20,481.60,299.10,131.60,143.80,92.20,30.30,30.51,477.40,297.10,129.70,141.70,92.10,27.10,31.89,478.00,298.07,386.80,427.10,91.37,28.60,98.60
2026-04-22 17:28:00,2026-04-22 17:28:59,Q11,476.30,302.90,127.30,143.80,89.80,29.90,36.51,479.90,292.20,126.50,139.90,91.70,32.10,31.80,478.20,302.90,131.00,144.40,91.90,29.20,32.29,478.13,299.33,384.80,428.10,91.13,30.40,100.60
2026-04-22 17:29:00,2026-04-22 17:29:59,Q11,475.20,305.50,128.20,144.90,89.70,30.70,37.00,481.40,296.10,129.20,142.40,91.60,32.30,31.83,478.40,295.40,129.70,141.00,92.20,29.60,31.89,478.33,299.00,387.10,428.30,91.17,30.87,100.71
2026-04-22 17:30:00,2026-04-22 17:30:59,Q11,476.60,305.50,129.10,145.20,89.90,29.40,35.80,481.00,287.10,125.60,138.00,91.80,30.90,31.40,476.80,304.10,131.00,144.70,91.70,27.70,32.14,478.13,298.90,385.70,427.90,91.13,29.33,99.34
2026-04-22 17:31:00,2026-04-22 17:31:59,Q11,475.90,310.00,132.30,147.20,90.10,30.70,36.00,480.10,294.50,128.30,141.10,91.50,32.00,31.97,478.70,295.30,129.70,141.00,92.00,29.40,31.57,478.23,299.93,390.30,429.30,91.20,30.70,99.54
2026-04-22 17:32:00,2026-04-22 17:32:59,Q11,476.60,295.40,124.60,140.40,89.70,29.10,36.43,480.70,297.90,129.20,142.60,91.80,29.00,31.37,476.80,298.00,128.30,141.80,91.80,27.60,32.29,478.03,297.10,382.10,424.80,91.10,28.57,100.09
2026-04-22 17:33:00,2026-04-22 17:33:59,Q11,476.70,308.10,129.90,146.60,89.70,30.90,36.63,480.10,293.60,127.40,140.60,91.80,31.70,31.51,478.30,300.20,131.60,143.40,92.00,29.70,32.09,478.37,300.63,388.90,430.60,91.17,30.77,100.23
2026-04-22 17:34:00,2026-04-22 17:34:59,Q11,475.90,301.30,127.80,143.00,90.00,31.20,36.03,480.90,288.90,125.60,138.20,91.50,31.50,31.91,476.70,300.60,129.20,142.80,91.90,30.50,31.77,477.83,296.93,382.60,424.00,91.13,31.07,99.71
2026-04-22 17:35:00,2026-04-22 17:35:59,Q11,475.50,307.00,130.50,145.80,90.10,30.90,36.20,480.00,288.70,125.60,138.20,91.50,32.10,32.17,478.60,299.10,130.60,142.90,92.10,29.70,31.60,478.03,298.27,386.70,426.90,91.23,30.90,99.97
2026-04-22 17:36:00,2026-04-22 17:36:59,Q11,476.40,306.60,130.50,145.70,90.10,31.00,36.03,479.70,290.70,125.60,138.90,91.40,32.70,32.31,478.40,292.70,126.50,139.60,91.90,29.60,31.80,478.17,296.67,382.60,424.20,91.13,31.10,100.14
2026-04-22 17:37:00,2026-04-22 17:37:59,Q11,475.70,307.10,130.50,145.80,90.10,29.60,35.94,479.80,286.70,123.80,137.00,91.50,32.10,31.86,478.60,292.80,127.90,139.60,92.10,29.00,31.34,478.03,295.53,382.20,422.40,91.23,30.23,99.14
2026-04-22 17:38:00,2026-04-22 17:38:59,Q11,475.20,301.10,127.80,143.00,90.00,29.20,36.51,480.60,289.90,125.60,138.70,91.30,31.90,32.34,478.50,303.90,132.50,144.80,92.10,29.00,31.57,478.10,298.30,385.90,426.50,91.13,30.03,100.43
2026-04-22 17:39:00,2026-04-22 17:39:59,Q11,476.10,311.90,133.20,148.00,90.30,30.20,35.83,479.40,297.80,129.20,142.30,91.60,33.00,32.00,478.10,297.00,129.70,142.00,92.20,29.70,31.31,477.87,302.23,392.10,432.30,91.37,30.97,99.14
2026-04-22 17:40:00,2026-04-22 17:40:59,Q11,475.90,310.90,132.30,147.20,90.00,30.80,35.97,480.80,294.10,128.30,141.10,91.60,32.00,31.80,476.70,290.80,125.60,138.00,91.90,28.90,31.74,477.80,298.60,386.20,426.30,91.17,30.57,99.51
2026-04-22 17:41:00,2026-04-22 17:41:59,Q11,475.00,306.60,129.10,145.40,89.60,30.80,36.69,480.90,284.10,123.80,136.30,91.90,33.20,30.91,478.50,297.70,129.70,142.00,92.20,30.00,31.49,478.13,296.13,382.60,423.70,91.23,31.33,99.09
2026-04-22 17:42:00,2026-04-22 17:42:59,Q11,474.00,297.50,126.00,140.80,90.10,26.00,36.03,480.20,291.10,126.50,139.70,91.90,27.60,30.89,477.50,291.20,127.00,138.80,92.60,24.70,30.54,477.23,293.27,379.50,419.30,91.53,26.10,97.46
2026-04-22 17:43:00,2026-04-22 17:43:59,Q11,475.80,304.30,129.60,144.40,90.20,25.90,35.74,479.70,285.30,123.80,136.50,91.70,28.40,31.20,478.20,289.20,127.00,138.10,92.60,25.30,30.34,477.90,292.93,380.40,419.00,91.50,26.53,97.29
2026-04-22 17:44:00,2026-04-22 17:44:59,Q11,476.10,294.60,125.10,139.90,90.30,26.10,35.54,480.30,290.30,126.50,139.20,91.90,26.10,30.77,476.60,297.50,129.70,141.40,92.60,23.90,30.31,477.67,294.13,381.30,420.50,91.60,25.37,96.63
2026-04-22 17:45:00,2026-04-22 17:45:59,Q11,475.00,302.00,127.30,143.40,89.90,27.30,36.09,481.50,279.30,123.30,134.20,92.00,28.30,30.60,476.70,294.80,127.90,139.90,92.60,25.70,30.57,477.73,292.03,378.50,417.50,91.50,27.10,97.26
2026-04-22 17:46:00,2026-04-22 17:46:59,Q11,475.80,306.30,130.50,145.40,90.10,25.50,36.26,480.90,289.20,125.60,138.70,91.80,28.10,31.17,476.60,301.70,131.60,143.30,92.60,25.60,30.74,477.77,299.07,387.70,427.40,91.50,26.40,98.17
2026-04-22 17:47:00,2026-04-22 17:47:59,Q11,474.60,297.30,126.00,140.80,90.00,25.80,36.20,481.20,286.20,124.70,137.60,91.90,27.30,30.74,477.80,294.50,128.80,140.20,92.80,25.00,30.14,477.87,292.67,379.50,418.60,91.57,26.03,97.09
2026-04-22 17:48:00,2026-04-22 17:48:59,Q11,475.30,300.50,127.80,142.50,90.00,26.20,36.23,481.30,281.20,122.80,135.20,91.90,28.80,30.77,476.70,295.20,128.80,140.40,92.70,25.10,30.43,477.77,292.30,379.40,418.10,91.53,26.70,97.43
2026-04-22 17:49:00,2026-04-22 17:49:59,Q11,474.90,296.70,126.00,140.30,90.30,26.00,35.66,479.70,276.80,120.10,132.20,91.90,27.40,30.51,478.00,294.00,130.20,140.50,93.10,24.10,29.20,477.53,289.17,376.30,413.00,91.77,25.83,95.37
2026-04-22 17:50:00,2026-04-22 17:50:59,Q11,474.30,302.70,127.30,143.10,89.90,25.50,36.80,481.10,277.90,121.00,133.20,91.80,26.80,30.83,477.60,293.80,129.30,139.80,93.00,24.00,29.77,477.67,291.47,377.60,416.10,91.57,25.43,97.40
2026-04-22 17:51:00,2026-04-22 17:51:59,Q11,475.70,304.40,129.60,144.40,90.20,25.00,35.89,480.10,290.30,126.50,139.20,91.80,27.40,30.97,476.90,288.70,126.00,137.10,92.80,24.10,30.00,477.57,294.47,382.10,420.70,91.60,25.50,96.86
2026-04-22 17:52:00,2026-04-22 17:52:59,Q11,475.40,306.80,130.50,145.40,90.10,24.90,36.46,480.00,286.90,124.70,137.30,91.70,26.90,31.37,477.50,292.00,127.90,139.30,92.80,22.60,30.29,477.63,295.23,383.10,422.00,91.53,24.80,98.11
2026-04-22 17:53:00,2026-04-22 17:53:59,Q11,476.10,303.20,129.60,144.20,90.20,26.90,35.49,479.80,287.30,124.70,137.50,91.90,28.70,30.74,477.60,288.80,126.00,137.40,92.40,25.20,30.60,477.83,293.10,380.30,419.10,91.50,26.93,96.83
2026-04-22 17:54:00,2026-04-22 17:54:59,Q11,474.10,304.70,129.60,144.10,90.20,25.40,36.17,480.70,283.50,122.80,135.80,91.80,27.80,31.14,478.30,296.50,129.70,141.50,92.90,24.90,30.03,477.70,294.90,382.10,421.40,91.63,26.03,97.34
2026-04-22 17:55:00,2026-04-22 17:55:59,Q11,474.90,301.20,126.40,142.70,89.80,25.00,36.34,481.80,284.10,123.80,136.60,91.60,27.30,30.91,477.10,288.30,126.00,137.40,92.80,24.70,29.71,477.93,291.20,376.20,416.70,91.40,25.67,96.97
2026-04-22 17:56:00,2026-04-22 17:56:59,Q11,476.50,300.10,127.80,142.80,90.00,25.70,36.40,480.20,290.40,126.50,139.20,91.50,28.00,31.89,477.30,298.80,130.60,142.10,92.30,24.80,31.11,478.00,296.43,384.90,424.10,91.27,26.17,99.40
2026-04-22 17:57:00,2026-04-22 17:57:59,Q11,476.40,285.50,121.50,135.70,90.10,26.80,35.14,481.20,273.00,119.20,131.30,91.70,27.00,30.43,477.00,279.30,122.40,133.10,92.50,24.60,29.69,478.20,279.27,363.10,400.10,91.43,26.13,95.26
2026-04-22 17:58:00,2026-04-22 17:58:59,Q11,475.90,273.80,114.80,129.70,89.60,26.70,33.09,480.00,258.90,111.90,123.80,91.40,27.40,28.74,478.40,271.50,118.70,129.50,92.00,24.60,28.43,478.10,268.07,345.40,383.00,91.00,26.23,90.26
2026-04-22 17:59:00,2026-04-22 17:59:59,Q11,475.20,284.10,119.30,134.90,89.40,28.10,34.57,480.20,269.30,117.40,129.10,91.20,30.10,29.86,478.80,274.80,119.60,131.00,92.00,27.10,29.43,478.07,276.07,356.30,395.00,90.87,28.43,93.86
2026-04-22 18:00:00,2026-04-22 18:00:59,Q11,475.20,303.60,128.70,143.90,90.00,29.70,36.26,481.30,301.30,131.00,144.80,91.70,31.20,31.69,477.30,298.50,130.60,142.10,92.10,28.60,31.60,477.93,301.13,390.30,430.80,91.27,29.83,99.54
2026-04-22 18:01:00,2026-04-22 18:01:59,Q11,476.60,318.00,135.90,151.40,90.30,28.90,37.40,480.20,304.30,131.90,145.90,91.70,30.80,33.09,478.00,315.80,138.00,150.60,92.30,28.80,32.51,478.27,312.70,405.80,447.90,91.43,29.50,103.00
2026-04-22 18:02:00,2026-04-22 18:02:59,Q11,475.30,303.40,127.30,143.90,89.90,29.70,36.14,480.30,280.00,121.90,134.40,91.40,31.40,31.63,478.70,300.30,131.60,143.40,92.10,29.40,31.20,478.10,294.57,380.80,421.70,91.13,30.17,98.97
2026-04-22 18:03:00,2026-04-22 18:03:59,Q11,475.90,304.30,128.20,144.40,89.80,29.60,35.89,481.60,283.30,123.80,136.10,91.70,31.40,31.03,478.20,293.60,128.80,140.10,92.00,29.50,31.34,478.57,293.73,380.80,420.60,91.17,30.17,98.26
2026-04-22 18:04:00,2026-04-22 18:04:59,Q11,476.90,309.20,130.80,147.10,89.90,30.60,36.37,480.60,287.20,126.00,137.80,92.00,31.40,31.14,478.30,299.10,130.60,142.90,92.10,29.50,31.86,478.60,298.50,387.40,427.80,91.33,30.50,99.37
2026-04-22 18:05:00,2026-04-22 18:05:59,Q11,476.70,318.60,134.40,151.40,89.90,29.80,38.37,480.70,313.60,136.50,150.20,91.90,30.10,33.17,477.30,321.80,139.20,153.10,91.90,27.70,34.09,478.23,318.00,410.10,454.70,91.23,29.20,105.63
2026-04-22 18:06:00,2026-04-22 18:06:59,Q11,477.20,299.90,126.40,142.60,89.60,31.10,35.97,480.80,287.20,124.70,137.80,91.70,32.40,31.00,478.40,295.70,128.30,141.00,91.90,29.50,31.63,478.80,294.27,379.40,421.40,91.07,31.00,98.60
2026-04-22 18:07:00,2026-04-22 18:07:59,Q11,476.40,276.60,116.60,131.40,89.10,31.50,34.23,482.40,270.50,118.30,130.10,91.60,33.50,28.83,477.90,271.20,117.40,129.30,91.70,29.70,29.74,478.90,272.77,352.30,390.80,90.80,31.57,92.80
2026-04-22 18:08:00,2026-04-22 18:08:59,Q11,476.60,310.80,130.80,147.60,89.80,28.40,37.20,480.30,293.90,127.40,140.60,91.60,30.30,32.09,478.60,299.80,130.60,142.90,92.20,26.90,31.89,478.50,301.50,388.80,431.10,91.20,28.53,101.17
2026-04-22 18:09:00,2026-04-22 18:09:59,Q11,477.50,302.10,128.20,144.10,89.80,29.90,36.60,481.00,288.40,125.60,138.50,91.40,32.40,32.03,478.10,300.90,131.60,143.40,92.00,29.20,31.69,478.87,297.13,385.40,426.00,91.07,30.50,100.31
2026-04-22 18:10:00,2026-04-22 18:10:59,Q11,477.00,279.90,118.40,133.10,89.10,33.70,34.37,482.40,259.60,112.80,124.80,91.30,34.90,29.49,478.10,266.90,115.60,127.10,91.50,31.60,30.09,479.17,268.80,346.80,385.00,90.63,33.40,93.94
2026-04-22 18:11:00,2026-04-22 18:11:59,Q11,476.90,266.60,118.40,126.60,94.00,47.40,23.40,482.20,254.40,115.90,122.40,95.70,50.70,18.80,480.80,264.40,121.00,126.70,96.00,44.90,18.80,479.97,261.80,355.30,375.70,95.23,47.67,61.00
2026-04-22 18:12:00,2026-04-22 18:12:59,Q11,477.20,272.00,114.80,129.70,89.40,31.60,33.86,481.30,262.10,113.40,126.00,90.80,33.10,29.97,480.10,265.90,115.60,127.20,91.70,30.20,29.26,479.53,266.67,343.80,382.90,90.63,31.63,93.09
2026-04-22 18:13:00,2026-04-22 18:13:59,Q11,478.00,305.00,134.90,145.80,93.90,43.60,27.77,482.60,293.50,133.90,141.20,95.90,44.90,22.00,479.00,304.50,137.80,145.60,95.60,40.60,23.60,479.87,301.00,406.60,432.60,95.13,43.03,73.37
2026-04-22 18:14:00,2026-04-22 18:14:59,Q11,477.70,282.50,119.30,134.50,89.10,30.80,34.34,481.10,261.60,113.80,125.50,91.50,33.10,29.14,479.40,269.70,116.50,128.90,91.60,29.10,30.06,479.40,271.27,349.60,388.90,90.73,31.00,93.54
2026-04-22 18:15:00,2026-04-22 18:15:59,Q11,476.20,276.20,116.60,131.40,89.30,31.60,34.11,482.10,263.60,114.70,126.80,91.50,32.90,29.11,480.10,272.30,118.30,130.60,91.80,29.30,29.71,479.47,270.70,349.60,388.80,90.87,31.27,92.94
2026-04-22 18:16:00,2026-04-22 18:16:59,Q11,476.80,283.80,119.30,134.70,89.10,30.60,34.83,481.30,266.30,115.60,127.90,91.20,31.90,29.43,480.00,273.40,120.50,131.00,92.10,29.30,29.26,479.37,274.50,355.40,393.60,90.80,30.60,93.51
2026-04-22 18:17:00,2026-04-22 18:17:59,Q11,477.70,236.30,98.60,112.60,88.60,34.30,29.80,481.00,218.70,93.60,104.90,90.90,36.00,25.17,479.40,227.70,98.30,108.70,91.60,33.20,25.26,479.37,227.57,290.50,326.20,90.37,34.50,80.23
2026-04-22 18:18:00,2026-04-22 18:18:59,Q11,476.30,245.30,102.10,116.60,88.20,32.00,31.63,482.90,231.40,101.00,111.30,91.10,34.40,25.71,479.40,244.70,105.60,116.90,91.80,30.20,26.31,479.53,240.47,308.70,344.80,90.37,32.20,83.66
2026-04-22 18:19:00,2026-04-22 18:19:59,Q11,478.20,244.30,107.90,116.60,93.80,50.50,21.71,481.50,231.20,105.40,111.10,95.90,53.00,16.80,479.10,239.00,109.40,114.50,96.10,46.80,17.29,479.60,238.17,322.70,342.20,95.27,50.10,55.80
2026-04-22 18:20:00,2026-04-22 18:20:59,Q11,476.50,241.20,100.30,114.70,88.30,32.70,30.74,481.90,224.90,97.40,107.70,91.10,34.10,25.26,479.80,238.00,103.70,114.00,91.80,31.10,25.66,479.40,234.70,301.40,336.40,90.40,32.63,81.66
2026-04-22 18:21:00,2026-04-22 18:21:59,Q11,477.20,260.80,110.40,124.00,89.00,33.10,31.54,481.50,242.60,105.60,116.40,91.40,33.40,26.20,479.30,255.60,112.20,122.10,92.00,31.00,26.57,479.33,253.00,328.20,362.50,90.80,32.50,84.31
2026-04-22 18:22:00,2026-04-22 18:22:59,Q11,477.60,272.60,114.80,129.70,89.20,29.80,32.57,481.30,256.10,111.90,123.10,91.50,31.10,27.51,478.20,263.70,113.80,125.70,91.90,28.90,27.97,479.03,264.13,340.50,378.50,90.87,29.93,88.06
2026-04-22 18:23:00,2026-04-22 18:23:59,Q11,476.60,246.30,103.00,117.10,88.30,33.80,31.03,482.00,231.70,99.90,111.30,90.80,35.00,25.71,480.40,244.30,106.50,117.10,91.80,31.10,25.51,479.67,240.77,309.40,345.50,90.30,33.30,82.26
2026-04-22 18:24:00,2026-04-22 18:24:59,Q11,478.20,248.70,103.80,118.50,88.90,33.30,30.66,481.80,235.60,102.80,113.00,91.40,34.90,25.71,478.30,244.30,105.60,116.60,91.60,30.50,26.46,479.43,242.87,312.20,348.10,90.63,32.90,82.83
2026-04-22 18:25:00,2026-04-22 18:25:59,Q11,476.10,253.80,105.60,120.40,88.40,33.20,31.37,482.90,240.00,104.70,115.70,91.30,34.00,25.69,479.50,250.80,108.30,119.80,91.80,31.10,26.49,479.50,248.20,318.60,355.90,90.50,32.77,83.54
2026-04-22 18:26:00,2026-04-22 18:26:59,Q11,476.50,242.30,101.20,115.20,88.10,33.10,30.71,482.70,227.60,98.10,109.40,90.80,35.10,25.43,480.00,238.90,103.70,114.20,91.40,31.30,25.89,479.73,236.27,303.00,338.80,90.10,33.17,82.03
2026-04-22 18:27:00,2026-04-22 18:27:59,Q11,477.70,261.60,109.10,124.50,88.80,32.20,32.40,481.50,242.30,105.60,116.40,91.20,34.50,27.06,480.00,256.20,112.20,122.90,92.00,31.10,27.11,479.73,253.37,326.90,363.80,90.67,32.60,86.57
2026-04-22 18:28:00,2026-04-22 18:28:59,Q11,476.60,218.70,89.60,103.80,87.40,35.20,28.71,482.90,209.20,90.00,100.70,90.70,35.90,23.46,480.10,222.20,95.40,106.60,90.80,32.70,24.71,479.87,216.70,275.00,311.10,89.63,34.60,76.89
2026-04-22 18:29:00,2026-04-22 18:29:59,Q11,478.50,225.80,93.10,107.60,87.70,34.90,29.17,482.90,212.80,91.80,102.20,90.90,35.50,23.89,478.80,226.90,98.30,108.00,91.10,32.40,25.09,480.07,221.83,283.20,317.80,89.90,34.27,78.14
2026-04-22 18:30:00,2026-04-22 18:30:59,Q11,476.60,247.40,103.00,117.60,88.20,32.90,30.63,482.60,232.50,101.00,111.80,91.10,34.80,25.00,480.40,243.90,105.60,116.60,91.80,31.40,25.57,479.87,241.27,309.60,346.00,90.37,33.03,81.20
2026-04-22 18:31:00,2026-04-22 18:31:59,Q11,478.10,256.60,107.40,122.40,88.50,32.60,32.46,482.60,249.30,109.20,120.00,91.40,33.60,26.80,478.70,260.30,112.80,124.30,91.60,30.10,27.74,479.80,255.40,329.40,366.70,90.50,32.10,87.00
2026-04-22 18:32:00,2026-04-22 18:32:59,Q11,476.80,224.00,92.20,106.60,87.40,35.40,29.40,483.40,214.80,93.70,103.40,91.30,35.60,23.31,479.70,229.10,99.20,109.70,91.00,32.00,25.43,479.97,222.63,285.10,319.70,89.90,34.33,78.14
2026-04-22 18:33:00,2026-04-22 18:33:59,Q11,476.80,225.00,93.10,107.10,87.70,35.20,29.09,483.40,214.80,93.70,103.40,91.20,33.90,23.40,480.10,227.70,98.30,109.00,91.20,30.40,24.89,480.10,222.50,285.10,319.50,90.03,33.17,77.37
2026-04-22 18:34:00,2026-04-22 18:34:59,Q11,476.80,250.50,104.70,119.00,88.30,33.60,31.71,482.70,235.40,102.80,113.30,91.00,34.40,26.06,480.70,247.70,107.40,118.60,91.90,31.10,26.17,480.07,244.53,314.90,350.90,90.40,33.03,83.94
2026-04-22 18:35:00,2026-04-22 18:35:59,Q11,476.80,215.20,88.70,102.30,87.00,34.20,28.60,483.60,201.30,87.30,97.10,90.40,35.80,23.03,479.90,215.60,92.80,103.00,91.00,33.90,23.83,480.10,210.70,268.80,302.40,89.47,34.63,75.46
2026-04-22 18:36:00,2026-04-22 18:36:59,Q11,477.70,203.20,82.60,96.80,86.60,37.70,27.09,482.00,188.40,80.10,90.60,89.70,38.90,22.11,480.70,200.00,86.40,96.00,90.80,34.90,22.34,480.13,197.20,249.10,283.40,89.03,37.17,71.54
2026-04-22 18:37:00,2026-04-22 18:37:59,Q11,477.80,223.20,92.20,106.40,87.60,35.40,28.83,482.00,211.20,90.90,101.70,90.80,36.40,23.60,480.80,223.20,96.30,107.00,90.90,32.60,24.83,480.20,219.20,279.40,315.10,89.77,34.80,77.26
2026-04-22 18:38:00,2026-04-22 18:38:59,Q11,478.70,224.90,93.10,107.10,87.40,34.90,29.57,482.30,212.20,91.80,102.20,90.40,35.90,24.54,479.70,221.50,94.50,105.90,90.80,32.50,25.37,480.23,219.53,279.40,315.20,89.53,34.43,79.49
2026-04-22 18:39:00,2026-04-22 18:39:59,Q11,478.20,243.70,102.10,116.20,88.20,33.00,31.60,483.70,230.80,101.00,111.10,91.10,34.80,25.94,479.30,244.20,105.60,116.90,91.60,30.70,26.74,480.40,239.57,308.70,344.20,90.30,32.83,84.29
2026-04-22 18:40:00,2026-04-22 18:40:59,Q11,477.10,222.00,91.30,105.90,87.10,36.20,29.29,483.90,207.60,90.10,100.00,91.00,37.00,23.31,479.40,222.20,95.40,106.30,90.80,33.20,25.17,480.13,217.27,276.80,312.20,89.63,35.47,77.77
2026-04-22 18:41:00,2026-04-22 18:41:59,Q11,476.70,221.70,91.30,105.20,87.30,35.20,29.00,483.20,212.90,92.80,102.40,91.10,35.60,23.23,479.20,223.00,95.40,106.80,90.90,32.70,25.14,479.70,219.20,279.50,314.40,89.77,34.50,77.37
2026-04-22 18:42:00,2026-04-22 18:42:59,Q11,477.50,256.10,107.40,122.10,88.80,32.00,31.54,482.80,242.50,105.60,116.60,91.40,34.10,26.31,478.20,255.70,110.10,121.90,91.80,30.50,26.97,479.50,251.43,323.10,360.60,90.67,32.20,84.83
2026-04-22 18:43:00,2026-04-22 18:43:59,Q11,478.60,219.50,90.50,104.70,87.10,34.70,28.46,483.50,206.50,89.10,99.50,90.90,35.20,22.86,479.10,215.50,91.80,103.00,90.60,31.70,24.74,480.40,213.83,271.40,307.20,89.53,33.87,76.06
2026-04-22 18:44:00,2026-04-22 18:44:59,Q11,478.70,219.40,90.50,104.70,87.40,35.00,28.57,482.20,206.70,89.10,99.30,90.60,35.60,23.46,479.20,215.00,91.80,103.00,90.80,31.60,24.51,480.03,213.70,271.40,307.00,89.60,34.07,76.54
2026-04-22 18:45:00,2026-04-22 18:45:59,Q11,479.30,181.90,73.10,86.70,85.70,38.70,25.26,483.00,173.40,73.90,83.60,89.40,39.50,20.71,479.40,183.60,77.40,87.70,89.40,35.40,22.03,480.57,179.63,224.40,258.00,88.17,37.87,68.00
2026-04-22 18:46:00,2026-04-22 18:46:59,Q11,477.10,187.00,75.70,89.20,85.50,37.70,26.11,483.80,180.60,76.50,86.90,89.50,38.40,21.11,479.80,191.90,81.00,91.50,89.50,34.60,22.66,480.23,186.50,233.20,267.60,88.17,36.90,69.89
2026-04-22 18:47:00,2026-04-22 18:47:59,Q11,477.00,188.60,75.70,89.70,85.80,37.70,25.83,483.00,176.00,75.70,85.00,89.30,39.00,21.17,480.70,186.80,79.20,89.30,89.80,35.50,21.91,480.23,183.80,230.60,264.00,88.30,37.40,68.91
2026-04-22 18:48:00,2026-04-22 18:48:59,Q11,478.50,185.70,74.80,88.40,85.80,35.80,25.46,481.90,176.70,74.80,84.70,89.40,37.10,21.00,480.00,188.00,80.10,90.20,89.40,33.80,22.23,480.13,183.47,229.70,263.30,88.20,35.57,68.69
2026-04-22 18:49:00,2026-04-22 18:49:59,Q11,477.00,181.10,74.00,86.30,86.70,30.80,24.34,482.20,172.10,74.60,82.90,91.00,31.30,19.54,477.20,183.90,77.40,87.30,89.90,27.00,21.94,478.80,179.03,226.00,256.50,89.20,29.70,65.83
2026-04-22 18:50:00,2026-04-22 18:50:59,Q11,475.90,177.10,72.20,84.10,86.20,30.90,24.37,481.40,170.80,72.90,81.80,90.20,30.10,19.83,479.20,177.80,74.80,84.80,89.70,27.00,21.57,478.83,175.23,219.90,250.70,88.70,29.33,65.77
2026-04-22 18:51:00,2026-04-22 18:51:59,Q11,478.30,173.80,69.70,82.70,85.70,30.80,24.34,484.20,163.40,69.40,78.90,89.20,31.70,19.89,479.40,169.50,71.20,81.00,89.80,27.80,20.63,480.63,168.90,210.30,242.60,88.23,30.10,64.86
2026-04-22 18:52:00,2026-04-22 18:52:59,Q11,477.60,174.40,69.70,83.00,85.90,31.00,24.34,483.80,167.00,71.20,80.70,89.90,31.30,19.83,479.60,176.60,74.80,84.30,89.40,28.30,21.60,480.33,172.67,215.70,248.00,88.40,30.20,65.77
2026-04-22 18:53:00,2026-04-22 18:53:59,Q11,478.70,171.70,69.70,81.70,86.60,30.90,23.54,482.40,166.70,72.00,80.00,90.00,31.40,19.66,480.10,174.30,73.90,83.50,89.70,27.70,20.91,480.40,170.90,215.60,245.20,88.77,30.00,64.11
2026-04-22 18:54:00,2026-04-22 18:54:59,Q11,479.20,172.20,69.70,82.40,85.10,30.80,24.23,483.70,159.60,67.60,76.80,89.00,32.50,19.91,479.40,169.10,70.40,81.00,88.90,27.70,21.20,480.77,166.97,207.70,240.20,87.67,30.33,65.34
2026-04-22 18:55:00,2026-04-22 18:55:59,Q11,476.90,169.10,68.00,80.40,85.60,30.50,24.06,483.40,162.10,69.40,78.20,89.00,32.00,19.89,479.20,168.60,71.20,80.50,89.40,27.50,20.71,479.83,166.60,208.60,239.10,88.00,30.00,64.66
2026-04-22 18:56:00,2026-04-22 18:56:59,Q11,477.70,162.60,65.40,77.30,85.10,30.60,23.60,482.10,152.90,64.20,73.30,88.40,31.60,19.69,480.40,164.00,68.60,78.70,88.90,27.50,20.40,480.07,159.83,198.20,229.30,87.47,29.90,63.69
2026-04-22 18:57:00,2026-04-22 18:57:59,Q11,477.30,158.00,63.80,75.40,85.30,32.40,22.40,482.10,150.90,64.10,72.30,89.10,33.50,18.40,480.40,158.60,66.80,75.80,89.00,29.70,19.63,479.93,155.83,194.70,223.50,87.80,31.87,60.43
2026-04-22 18:58:00,2026-04-22 18:58:59,Q11,477.40,155.10,60.60,73.90,83.60,30.10,22.89,482.90,144.20,60.00,69.40,87.60,31.30,18.83,480.30,151.70,62.60,72.50,87.90,28.20,19.89,480.20,150.33,183.20,215.80,86.37,29.87,61.60
2026-04-22 18:59:00,2026-04-22 18:59:59,Q11,478.10,133.00,51.70,63.60,82.70,34.80,20.09,483.40,129.40,54.60,62.30,88.00,32.40,16.97,478.70,136.10,55.20,65.00,85.10,29.40,19.77,480.07,132.83,161.50,190.90,85.27,32.20,56.83
2026-04-22 19:00:00,2026-04-22 19:00:59,Q11,477.80,96.30,35.10,45.80,78.00,30.20,16.69,483.90,96.50,38.20,46.40,83.90,29.60,14.40,479.60,101.00,38.90,48.40,81.00,28.50,16.43,480.43,97.93,112.20,140.60,80.97,29.43,47.51
2026-04-22 19:01:00,2026-04-22 19:01:59,Q11,479.30,83.50,29.20,39.80,75.90,29.30,14.77,482.90,82.30,32.80,39.50,84.30,28.90,12.17,479.40,87.60,32.40,41.70,79.80,23.90,14.86,480.53,84.47,94.40,121.00,80.00,27.37,41.80
2026-04-22 19:02:00,2026-04-22 19:02:59,Q11,478.40,69.70,26.20,33.00,82.10,30.20,10.80,483.20,74.20,31.10,35.70,89.90,24.60,8.94,481.20,79.00,30.30,38.00,82.70,24.50,12.17,480.93,74.30,87.60,106.70,84.90,26.43,31.91
2026-04-22 19:03:00,2026-04-22 19:03:59,Q11,478.20,71.90,27.10,33.90,82.60,29.30,11.00,483.00,75.40,32.00,36.20,89.10,25.90,9.37,481.40,79.00,30.70,38.00,83.50,25.70,11.91,480.87,75.43,89.80,108.10,85.07,26.97,32.29
2026-04-22 19:04:00,2026-04-22 19:04:59,Q11,477.90,72.10,27.90,34.30,82.70,30.20,11.14,483.50,74.40,31.10,35.70,89.50,27.10,9.29,481.10,79.00,30.70,38.00,83.80,26.30,12.00,480.83,75.17,89.70,108.00,85.33,27.87,32.43
2026-04-22 19:05:00,2026-04-22 19:05:59,Q11,479.90,67.50,25.60,32.10,80.20,27.90,10.94,482.60,70.70,29.00,33.70,88.00,25.30,9.20,481.00,76.00,29.20,36.60,81.50,24.00,11.97,481.17,71.40,83.80,102.40,83.23,25.73,32.11
2026-04-22 19:06:00,2026-04-22 19:06:59,Q11,478.30,63.20,22.80,30.10,76.50,25.30,11.06,484.30,66.40,27.00,31.90,87.50,22.30,8.77,481.50,72.70,26.90,34.60,79.70,20.90,12.11,481.37,67.43,76.70,96.60,81.23,22.83,31.94
2026-04-22 19:07:00,2026-04-22 19:07:59,Q11,478.70,70.80,26.70,33.50,81.50,27.40,11.09,482.80,74.10,30.80,35.70,88.60,23.40,9.40,481.60,78.10,30.30,37.50,82.30,22.60,12.14,481.03,74.33,87.80,106.70,84.13,24.47,32.63
2026-04-22 19:08:00,2026-04-22 19:08:59,Q11,479.00,66.20,24.80,31.60,80.90,30.10,10.97,483.90,70.30,29.00,33.80,88.40,26.90,9.20,481.90,75.90,29.50,36.10,82.20,25.40,11.89,481.60,70.80,83.30,101.50,83.83,27.47,32.06
2026-04-22 19:09:00,2026-04-22 19:09:59,Q11,479.30,66.60,24.80,31.60,80.20,27.70,11.00,484.50,70.50,29.00,33.90,88.50,24.60,9.14,480.10,77.20,29.20,37.00,81.60,22.90,12.11,481.30,71.43,83.00,102.50,83.43,25.07,32.26
2026-04-22 19:10:00,2026-04-22 19:10:59,Q11,478.60,66.80,24.80,31.50,80.30,30.30,10.94,482.80,71.30,29.90,34.20,88.80,25.50,9.06,481.60,77.90,30.00,37.00,81.50,24.40,12.26,481.00,72.00,84.70,102.70,83.53,26.73,32.26
2026-04-22 19:11:00,2026-04-22 19:11:59,Q11,480.20,68.40,25.60,32.60,80.20,29.50,10.89,483.00,72.20,30.30,34.80,89.20,23.60,8.94,480.20,76.90,29.20,36.50,81.10,23.10,12.37,481.13,72.50,85.10,103.90,83.50,25.40,32.20
2026-04-22 19:12:00,2026-04-22 19:12:59,Q11,479.10,65.20,24.20,31.10,78.00,25.20,10.97,482.80,66.60,26.70,31.80,86.50,21.30,9.17,481.70,71.00,27.20,34.20,80.10,18.50,11.77,481.20,67.60,78.10,97.10,81.53,21.67,31.91
2026-04-22 19:13:00,2026-04-22 19:13:59,Q11,479.90,68.90,25.90,32.60,81.50,29.40,11.03,483.70,73.20,30.80,35.30,88.90,25.60,9.23,479.80,76.90,29.50,36.40,82.50,24.10,12.11,481.13,73.00,86.20,104.30,84.30,26.37,32.37
2026-04-22 19:14:00,2026-04-22 19:14:59,Q11,479.40,70.20,27.10,33.50,82.30,30.40,11.14,484.40,76.40,32.00,36.80,89.50,26.90,9.31,479.80,79.70,30.70,37.80,83.10,26.30,12.26,481.20,75.43,89.80,108.10,84.97,27.87,32.71
2026-04-22 19:15:00,2026-04-22 19:15:59,Q11,480.30,63.30,23.70,30.20,79.30,28.70,10.80,482.70,69.40,28.70,33.30,87.50,25.50,9.11,481.20,72.50,27.20,34.60,80.70,23.40,11.86,481.40,68.40,79.60,98.10,82.50,25.87,31.77
2026-04-22 19:16:00,2026-04-22 19:16:59,Q11,478.40,63.20,22.80,30.10,76.30,25.90,11.11,484.60,66.50,27.00,31.90,87.00,22.60,8.80,480.70,70.70,26.10,33.60,79.90,19.40,11.89,481.23,66.80,75.90,95.60,81.07,22.63,31.80
2026-04-22 19:17:00,2026-04-22 19:17:59,Q11,479.80,58.20,20.00,27.80,74.50,22.10,10.74,482.70,60.50,23.80,28.90,85.70,20.50,8.60,481.60,66.50,24.20,31.70,78.50,16.30,11.49,481.37,61.73,68.00,88.40,79.57,19.63,30.83
2026-04-22 19:18:00,2026-04-22 19:18:59,Q11,479.00,59.00,20.70,28.30,74.50,23.50,11.00,483.20,61.70,24.60,29.50,85.60,22.10,8.86,481.90,68.80,25.00,32.70,78.20,18.60,11.83,481.37,63.17,70.30,90.50,79.43,21.40,31.69
2026-04-22 19:19:00,2026-04-22 19:19:59,Q11,480.10,57.10,20.00,27.40,74.30,23.80,10.91,485.20,61.30,24.60,29.60,85.90,21.40,8.74,480.70,67.50,25.00,32.20,78.20,18.50,11.86,482.00,61.97,69.60,89.20,79.47,21.23,31.51
2026-04-22 19:20:00,2026-04-22 19:20:59,Q11,480.30,52.80,18.00,25.00,75.70,19.90,9.37,483.60,52.20,21.20,25.10,85.60,19.80,7.60,481.90,57.40,21.30,27.40,79.60,17.40,9.83,481.93,54.13,60.50,77.50,80.30,19.03,26.80
2026-04-22 19:21:00,2026-04-22 19:21:59,Q11,479.70,61.10,22.30,29.20,77.60,21.30,10.46,485.30,63.50,25.20,30.60,84.60,21.40,9.40,479.90,65.40,23.90,31.10,77.90,18.90,11.54,481.63,63.33,71.40,90.90,80.03,20.53,31.40
2026-04-22 19:22:00,2026-04-22 19:22:59,Q11,480.80,67.40,26.20,32.20,82.10,24.50,10.54,483.80,71.10,29.20,34.30,86.30,26.50,9.91,479.30,70.90,26.70,33.50,81.10,24.80,11.54,481.30,69.80,82.10,100.00,83.17,25.27,32.00
2026-04-22 19:23:00,2026-04-22 19:23:59,Q11,477.90,61.30,22.00,29.10,76.50,19.60,10.11,483.90,55.30,21.60,26.60,83.20,20.10,8.54,478.60,57.60,21.90,27.20,81.00,19.10,9.74,480.13,58.07,65.50,82.90,80.23,19.60,28.40
2026-04-22 19:24:00,2026-04-22 19:24:59,Q11,478.20,53.80,19.50,25.30,78.20,20.40,9.09,483.40,56.90,22.70,27.00,84.60,19.10,8.31,477.80,57.60,20.80,27.20,77.80,17.60,10.11,479.80,56.10,63.00,79.50,80.20,19.03,27.51
2026-04-22 19:25:00,2026-04-22 19:25:59,Q11,479.30,63.40,24.60,30.20,82.30,22.20,10.03,481.60,71.20,29.20,34.20,86.40,21.50,9.83,477.40,71.60,26.10,33.90,79.30,20.50,11.80,479.43,68.73,79.90,98.30,82.67,21.40,31.66
2026-04-22 19:26:00,2026-04-22 19:26:59,Q11,478.20,55.10,20.30,26.30,78.30,17.70,9.43,482.20,58.50,22.70,28.00,84.10,17.40,8.74,476.60,59.30,21.80,28.10,78.00,15.80,10.34,479.00,57.63,64.80,82.40,80.13,16.97,28.51
2026-04-22 19:27:00,2026-04-22 19:27:59,Q11,476.80,53.70,18.80,25.20,75.70,17.90,9.69,482.10,55.80,21.30,26.50,82.80,18.00,8.91,478.30,58.90,20.20,27.70,75.30,16.90,10.83,479.07,56.13,60.30,79.40,77.93,17.60,29.43
2026-04-22 19:28:00,2026-04-22 19:28:59,Q11,477.10,61.50,23.50,29.10,81.50,22.30,10.43,482.60,67.90,26.90,32.30,84.50,23.30,10.06,478.60,69.20,25.30,33.00,79.90,22.00,11.26,479.43,66.20,75.70,94.40,81.97,22.53,31.74
2026-04-22 19:29:00,2026-04-22 19:29:59,Q11,477.70,53.50,20.50,25.30,82.00,19.90,9.66,481.90,66.60,25.40,31.70,82.90,20.20,9.94,479.50,65.10,24.20,31.10,78.50,18.90,10.57,479.70,61.73,70.10,88.10,81.13,19.67,30.17
2026-04-22 19:30:00,2026-04-22 19:30:59,Q11,478.50,60.00,22.10,28.70,79.60,17.80,10.37,482.20,62.20,23.20,29.90,80.70,17.30,9.91,480.00,59.70,22.40,28.30,80.60,16.50,9.89,480.23,60.63,67.70,86.90,80.30,17.20,30.17
2026-04-22 19:31:00,2026-04-22 19:31:59,Q11,479.90,55.30,20.30,26.30,78.30,24.50,9.86,484.10,63.30,24.60,30.50,82.80,22.80,9.54,478.80,61.50,22.00,29.20,76.50,21.80,11.00,480.93,60.03,66.90,86.00,79.20,23.03,30.40
2026-04-22 19:32:00,2026-04-22 19:32:59,Q11,479.40,56.20,20.00,26.80,77.00,22.10,10.06,484.70,61.30,23.50,29.50,81.40,21.30,9.63,480.60,59.30,21.30,28.30,76.10,20.70,10.83,481.57,58.93,64.80,84.60,78.17,21.37,30.51
2026-04-22 19:33:00,2026-04-22 19:33:59,Q11,479.40,62.70,23.20,29.70,80.20,24.50,9.94,483.20,63.90,25.20,30.40,84.30,24.60,9.54,480.90,64.20,23.40,30.70,78.60,23.50,11.00,481.17,63.60,71.80,90.80,81.03,24.20,30.49
2026-04-22 19:34:00,2026-04-22 19:34:59,Q11,480.50,60.20,21.80,28.80,78.80,23.50,9.83,484.10,61.80,24.10,29.50,83.20,23.20,9.54,478.80,62.10,22.00,29.60,76.80,22.60,11.03,481.13,61.37,67.90,87.90,79.60,23.10,30.40
2026-04-22 19:35:00,2026-04-22 19:35:59,Q11,479.30,56.60,20.00,26.80,77.80,22.70,9.91,483.60,59.80,23.00,28.50,82.00,21.90,9.57,480.90,61.00,22.00,29.30,76.50,22.00,10.77,481.27,59.13,65.00,84.60,78.77,22.20,30.26
2026-04-22 19:36:00,2026-04-22 19:36:59,Q11,480.40,59.40,22.10,28.30,79.90,22.00,9.71,482.40,63.50,25.20,30.40,84.70,20.10,9.34,479.30,65.30,23.90,31.10,77.80,19.50,11.09,480.70,62.73,71.20,89.80,80.80,20.53,30.14
2026-04-22 19:37:00,2026-04-22 19:37:59,Q11,477.70,61.20,23.20,29.10,80.40,29.10,9.97,483.50,71.20,30.30,34.30,89.10,26.00,8.57,479.80,72.60,26.90,34.50,79.70,25.20,12.00,480.33,68.33,80.40,97.90,83.07,26.77,30.54
2026-04-22 19:38:00,2026-04-22 19:38:59,Q11,478.50,71.70,27.70,33.90,84.60,32.20,10.31,483.20,73.80,30.50,35.30,87.90,31.30,9.71,480.30,75.00,29.90,36.00,83.50,31.50,11.20,480.67,73.50,88.10,105.20,85.33,31.67,31.23
2026-04-22 19:39:00,2026-04-22 19:39:59,Q11,479.60,84.00,32.80,40.20,82.00,31.90,13.14,482.40,89.90,35.70,42.90,85.20,30.60,12.69,480.20,90.90,34.40,43.20,80.50,30.10,14.26,480.73,88.27,102.90,126.30,82.57,30.87,40.09
2026-04-22 19:40:00,2026-04-22 19:40:59,Q11,479.90,111.00,42.90,53.20,81.30,34.70,17.26,482.70,109.50,43.70,52.50,84.30,35.00,16.09,478.50,111.20,43.50,53.10,82.00,33.20,17.29,480.37,110.57,130.10,158.80,82.53,34.30,50.63
2026-04-22 19:41:00,2026-04-22 19:41:59,Q11,478.30,110.90,41.60,52.60,80.50,32.40,17.29,483.40,109.50,43.70,52.60,84.10,32.70,15.77,480.10,111.90,42.90,53.30,81.90,30.70,17.11,480.60,110.77,128.20,158.50,82.17,31.93,50.17
2026-04-22 19:42:00,2026-04-22 19:42:59,Q11,479.00,107.90,40.80,51.30,80.70,33.80,17.31,484.20,108.30,43.70,52.30,84.30,35.60,15.80,478.80,112.20,43.50,53.50,82.00,32.80,17.17,480.67,109.47,128.00,157.10,82.33,34.07,50.29
2026-04-22 19:43:00,2026-04-22 19:43:59,Q11,478.30,93.20,34.80,44.50,79.20,32.80,15.60,482.40,94.50,37.30,45.30,83.40,33.70,14.34,480.10,95.70,36.00,45.60,80.20,31.60,15.83,480.27,94.47,108.10,135.40,80.93,32.70,45.77
2026-04-22 19:44:00,2026-04-22 19:44:59,Q11,478.00,117.80,44.50,55.90,81.90,33.40,17.83,483.20,116.20,47.00,56.00,84.30,35.00,16.57,479.80,116.60,45.70,55.60,83.00,33.00,17.40,480.33,116.87,137.20,167.50,83.07,33.80,51.80
2026-04-22 19:45:00,2026-04-22 19:45:59,Q11,479.20,122.40,47.60,58.40,82.10,33.70,18.26,482.20,122.20,48.70,58.80,84.80,34.40,16.91,479.90,121.80,47.30,58.00,83.00,31.60,18.00,480.43,122.13,143.60,175.20,83.30,33.23,53.17
2026-04-22 19:46:00,2026-04-22 19:46:59,Q11,478.80,125.80,47.80,59.80,81.90,35.00,19.17,483.60,128.40,51.80,61.80,85.50,35.50,17.60,480.20,130.20,50.80,62.40,82.50,32.80,19.46,480.87,128.13,150.40,184.00,83.30,34.43,56.23
2026-04-22 19:47:00,2026-04-22 19:47:59,Q11,480.10,112.00,42.90,53.80,81.30,35.90,17.83,483.20,114.80,46.20,55.10,84.60,36.70,16.60,478.80,115.00,43.70,55.00,81.80,34.80,18.09,480.70,113.93,132.80,163.90,82.57,35.80,52.51
2026-04-22 19:48:00,2026-04-22 19:48:59,Q11,478.30,109.90,42.10,52.10,81.50,34.50,17.49,483.70,111.40,44.50,53.60,84.20,36.20,16.17,480.20,115.00,45.10,55.20,82.50,34.10,17.17,480.73,112.10,131.70,160.90,82.73,34.93,50.83
2026-04-22 19:49:00,2026-04-22 19:49:59,Q11,479.80,99.00,37.10,47.40,79.50,31.00,16.14,484.10,100.20,40.30,48.40,84.10,31.50,14.71,478.40,104.00,39.20,49.70,80.40,29.50,16.57,480.77,101.07,116.60,145.50,81.33,30.67,47.43
2026-04-22 19:50:00,2026-04-22 19:50:59,Q11,480.00,93.80,34.30,44.60,78.70,33.90,15.49,483.00,96.40,37.70,46.40,82.90,33.90,14.37,478.40,97.00,36.30,46.40,79.20,32.10,16.03,480.47,95.73,108.30,137.40,80.27,33.30,45.89
2026-04-22 19:51:00,2026-04-22 19:51:59,Q11,478.70,101.70,37.90,48.30,79.50,34.80,16.66,484.20,102.20,40.70,49.40,83.70,35.80,15.14,479.00,104.90,39.20,49.80,80.90,33.50,16.74,480.63,102.93,117.80,147.50,81.37,34.70,48.54
2026-04-22 19:52:00,2026-04-22 19:52:59,Q11,478.50,105.60,40.00,50.20,80.60,34.30,17.00,484.30,107.10,42.80,51.80,84.40,35.30,15.66,479.00,110.70,42.10,52.70,81.50,34.20,17.20,480.60,107.80,124.90,154.70,82.17,34.60,49.86
2026-04-22 19:53:00,2026-04-22 19:53:59,Q11,480.20,79.40,30.00,37.90,81.40,33.90,12.31,483.00,87.20,35.30,42.00,84.30,31.00,12.83,478.90,84.80,30.40,40.20,76.50,33.20,14.77,480.70,83.80,95.70,120.10,80.73,32.70,39.91
2026-04-22 19:54:00,2026-04-22 19:54:59,Q11,478.60,82.60,32.80,39.20,84.70,35.50,11.94,484.40,85.80,35.70,41.10,87.50,35.60,11.51,479.40,86.50,34.00,41.20,83.30,34.90,12.97,480.80,84.97,102.50,121.50,85.17,35.33,36.43
2026-04-22 19:55:00,2026-04-22 19:55:59,Q11,480.10,58.10,21.30,27.80,79.50,28.60,9.89,483.70,65.60,26.00,31.40,84.70,27.70,9.40,478.40,64.90,23.40,30.60,78.00,26.80,11.20,480.73,62.87,70.70,89.80,80.73,27.70,30.49
2026-04-22 19:56:00,2026-04-22 19:56:59,Q11,480.10,70.10,27.40,33.60,83.30,26.60,10.51,483.70,73.80,30.10,35.30,86.40,27.90,9.97,478.50,74.00,28.70,35.40,82.40,26.00,11.23,480.77,72.63,86.20,104.30,84.03,26.83,31.71
2026-04-22 19:57:00,2026-04-22 19:57:59,Q11,480.30,61.00,23.20,29.30,80.60,27.00,9.94,482.60,67.60,27.20,32.30,85.90,26.40,9.43,478.70,68.30,25.00,32.50,78.60,25.70,11.51,480.53,65.63,75.40,94.10,81.70,26.37,30.89
2026-04-22 19:58:00,2026-04-22 19:58:59,Q11,479.90,59.50,21.80,28.30,78.80,28.80,10.06,482.40,64.60,25.50,30.80,85.00,27.30,9.37,479.90,64.70,23.10,30.70,77.40,26.80,11.49,480.73,62.93,70.40,89.80,80.40,27.63,30.91
2026-04-22 19:59:00,2026-04-22 19:59:59,Q11,478.90,71.10,27.70,33.90,84.30,29.70,10.43,484.70,73.40,30.50,35.30,87.90,29.80,9.71,480.00,73.90,29.00,35.00,83.70,28.40,11.17,481.20,72.80,87.20,104.20,85.30,29.30,31.31
2026-04-22 20:00:00,2026-04-22 20:00:59,Q11,478.70,65.20,25.40,31.10,82.10,27.50,10.40,484.10,70.30,28.00,33.90,85.50,27.90,9.83,480.00,71.70,27.50,34.10,81.70,26.90,10.97,480.93,69.07,80.90,99.10,83.10,27.43,31.20
2026-04-22 20:01:00,2026-04-22 20:01:59,Q11,479.00,79.70,32.20,37.80,87.20,30.80,10.63,482.10,83.50,34.80,40.00,87.70,33.10,10.89,480.20,80.20,32.30,38.40,85.20,31.30,11.34,480.43,81.13,99.30,116.20,86.70,31.73,32.86
2026-04-22 20:02:00,2026-04-22 20:02:59,Q11,480.30,91.50,36.50,43.70,85.60,35.50,12.91,482.80,97.00,40.00,46.80,87.60,35.50,12.54,478.90,94.80,37.00,44.90,84.50,35.40,13.69,480.67,94.43,113.50,135.40,85.90,35.47,39.14
2026-04-22 20:03:00,2026-04-22 20:03:59,Q11,478.40,111.90,42.90,53.10,81.60,34.20,17.66,482.20,111.00,44.50,53.50,84.10,34.60,16.40,479.70,112.90,43.50,53.60,82.60,32.90,17.34,480.10,111.93,130.90,160.20,82.77,33.90,51.40
2026-04-22 20:04:00,2026-04-22 20:04:59,Q11,477.70,99.30,37.10,47.20,79.60,34.90,16.77,483.40,100.70,39.80,48.30,83.70,37.20,15.17,478.60,104.10,39.70,49.70,81.40,34.90,16.60,479.90,101.37,116.60,145.20,81.57,35.67,48.54
2026-04-22 20:05:00,2026-04-22 20:05:59,Q11,477.40,100.30,37.10,47.70,79.50,33.80,16.49,483.20,99.70,39.00,47.80,83.70,34.00,14.97,478.20,103.60,39.20,49.20,80.90,31.70,16.51,479.60,101.20,115.30,144.70,81.37,33.17,47.97
2026-04-22 20:06:00,2026-04-22 20:06:59,Q11,478.00,101.20,38.40,48.30,80.00,32.10,16.46,483.10,101.90,39.80,48.80,83.30,34.00,15.23,477.80,104.80,39.70,49.60,81.10,31.50,16.37,479.63,102.63,117.90,146.70,81.47,32.53,48.06
2026-04-22 20:07:00,2026-04-22 20:07:59,Q11,479.00,95.20,35.50,45.50,79.50,35.00,15.86,481.30,98.70,39.00,47.10,83.40,35.60,14.77,478.60,99.50,37.10,47.30,79.90,33.10,16.31,479.63,97.80,111.60,139.90,80.93,34.57,46.94
2026-04-22 20:08:00,2026-04-22 20:08:59,Q11,477.70,91.50,34.00,43.40,79.50,32.50,14.94,481.50,94.70,37.30,45.20,83.10,33.80,14.23,479.20,95.70,35.50,45.50,79.10,31.60,15.69,479.47,93.97,106.80,134.10,80.57,32.63,44.86
2026-04-22 20:09:00,2026-04-22 20:09:59,Q11,478.80,114.10,43.70,54.50,81.30,35.90,18.17,482.60,117.70,47.60,56.40,85.40,35.40,16.51,477.30,118.40,45.90,56.30,82.10,33.70,18.54,479.57,116.73,137.20,167.20,82.93,35.00,53.23
2026-04-22 20:10:00,2026-04-22 20:10:59,Q11,478.50,109.40,41.60,52.10,80.80,33.60,17.26,482.40,110.50,44.50,53.00,84.00,34.70,15.91,477.20,111.90,42.10,52.90,81.90,32.80,17.14,479.37,110.60,128.20,158.00,82.23,33.70,50.31
2026-04-22 20:11:00,2026-04-22 20:11:59,Q11,477.60,91.10,34.00,43.40,79.00,32.30,15.37,483.10,95.30,37.30,45.90,83.20,32.90,14.20,478.10,98.30,36.30,46.80,79.70,30.60,15.77,479.60,94.90,107.60,136.10,80.63,31.93,45.34
2026-04-22 20:12:00,2026-04-22 20:12:59,Q11,477.70,105.90,40.50,50.10,81.30,34.60,16.66,482.60,106.00,42.30,51.10,83.50,35.70,15.80,479.00,107.80,41.30,51.30,81.70,33.30,16.57,479.77,106.57,124.10,152.50,82.17,34.53,49.03
2026-04-22 20:13:00,2026-04-22 20:13:59,Q11,477.50,101.80,38.40,48.20,80.10,33.30,16.31,482.80,100.40,39.80,48.20,83.40,34.20,15.17,478.70,101.70,38.40,48.30,80.80,31.30,16.43,479.67,101.30,116.60,144.70,81.43,32.93,47.91
2026-04-22 20:14:00,2026-04-22 20:14:59,Q11,477.80,122.40,47.60,58.20,82.20,33.00,18.69,481.10,124.20,50.20,59.60,85.00,33.60,17.43,479.00,125.80,48.40,59.90,82.70,31.70,18.77,479.30,124.13,146.20,177.70,83.30,32.77,54.89
2026-04-22 20:15:00,2026-04-22 20:15:59,Q11,478.70,99.00,37.60,47.30,80.90,35.10,15.97,481.80,101.90,39.80,48.60,83.50,35.90,15.40,476.80,100.70,37.60,47.60,80.40,33.80,16.54,479.10,100.53,115.00,143.50,81.60,34.93,47.91
2026-04-22 20:16:00,2026-04-22 20:16:59,Q11,477.20,107.70,41.30,51.00,81.20,30.90,17.14,481.50,109.20,43.20,52.40,83.80,32.80,15.97,478.80,109.90,42.60,52.10,82.20,32.20,16.83,479.17,108.93,127.10,155.50,82.40,31.97,49.94
2026-04-22 20:17:00,2026-04-22 20:17:59,Q11,478.50,96.30,36.00,45.90,80.50,30.20,15.20,481.10,100.50,40.30,48.10,84.00,30.30,14.66,478.70,102.80,37.90,48.80,79.30,29.30,16.40,479.43,99.87,114.20,142.80,81.27,29.93,46.26
2026-04-22 20:18:00,2026-04-22 20:18:59,Q11,477.30,106.80,40.00,50.60,80.70,33.90,17.09,483.10,106.70,42.80,51.20,84.00,35.80,15.77,478.10,108.40,41.30,51.60,81.80,33.80,16.97,479.50,107.30,124.10,153.40,82.17,34.50,49.83
2026-04-22 20:19:00,2026-04-22 20:19:59,Q11,477.50,108.80,40.80,51.50,80.90,34.00,17.11,483.30,109.60,43.70,52.60,84.20,34.60,15.77,477.90,111.70,42.10,52.90,81.90,31.90,17.09,479.57,110.03,126.60,157.00,82.33,33.50,49.97
2026-04-22 20:20:00,2026-04-22 20:20:59,Q11,479.30,102.20,38.40,48.90,80.60,33.60,16.46,482.60,103.50,41.20,49.60,84.00,35.40,15.43,477.50,105.80,40.00,50.10,80.70,32.50,16.94,479.80,103.83,119.60,148.60,81.77,33.83,48.83
2026-04-22 20:21:00,2026-04-22 20:21:59,Q11,477.70,100.30,37.10,47.70,79.90,30.30,15.91,482.90,101.60,39.80,48.70,83.40,31.20,14.97,478.60,102.50,38.40,48.80,80.00,29.20,16.43,479.73,101.47,115.30,145.20,81.10,30.23,47.31
2026-04-22 20:22:00,2026-04-22 20:22:59,Q11,478.70,99.00,37.60,47.30,80.40,33.50,15.80,481.50,100.20,39.80,48.10,83.20,33.90,15.14,479.10,100.10,37.60,47.90,80.10,31.70,16.31,479.77,99.77,115.00,143.30,81.23,33.03,47.26
2026-04-22 20:23:00,2026-04-22 20:23:59,Q11,477.60,105.70,40.50,50.10,81.00,33.00,16.86,481.90,107.90,42.30,51.50,83.70,35.00,15.86,479.00,109.20,42.10,52.20,81.60,33.40,16.89,479.50,107.60,124.90,153.80,82.10,33.80,49.60
2026-04-22 20:24:00,2026-04-22 20:24:59,Q11,477.70,102.70,38.40,48.70,80.10,33.30,16.54,482.80,103.40,40.70,49.60,83.50,33.80,15.40,479.20,106.30,40.00,50.80,80.80,31.90,16.74,479.90,104.13,119.10,149.10,81.47,33.00,48.69
2026-04-22 20:25:00,2026-04-22 20:25:59,Q11,479.40,102.20,38.40,48.90,80.00,32.90,16.31,482.00,104.90,41.50,50.10,83.90,33.00,15.17,478.20,103.50,39.20,49.20,80.20,32.00,16.91,479.87,103.53,119.10,148.20,81.37,32.63,48.40
2026-04-22 20:26:00,2026-04-22 20:26:59,Q11,476.50,101.30,38.40,48.10,80.10,29.90,16.46,481.90,105.30,42.00,50.50,84.40,29.90,15.23,478.00,105.80,40.00,50.20,80.40,27.90,17.17,478.80,104.13,120.40,148.80,81.63,29.23,48.86
2026-04-22 20:27:00,2026-04-22 20:27:59,Q11,479.20,96.70,36.00,46.00,80.10,28.60,15.66,481.60,99.00,39.50,47.60,84.20,27.40,14.80,477.90,100.40,37.10,47.70,79.40,25.50,16.77,479.57,98.70,112.60,141.30,81.23,27.17,47.23
2026-04-22 20:28:00,2026-04-22 20:28:59,Q11,477.20,104.20,39.70,49.60,81.20,29.00,16.54,481.30,106.10,42.00,51.00,84.00,29.90,15.66,478.70,107.50,41.30,51.10,81.30,27.70,16.89,479.07,105.93,123.00,151.70,82.17,28.87,49.09
2026-04-22 20:29:00,2026-04-22 20:29:59,Q11,478.80,95.10,36.00,45.40,80.20,32.80,15.69,481.60,100.10,40.30,48.10,84.20,32.70,14.71,479.00,98.40,36.30,46.90,79.90,30.50,16.60,479.80,97.87,112.60,140.40,81.43,32.00,47.00
2026-04-22 20:30:00,2026-04-22 20:30:59,Q11,477.90,95.90,36.00,45.30,80.30,29.30,15.80,481.20,100.30,40.30,48.10,84.60,28.20,14.63,478.60,101.50,38.40,48.30,80.40,27.20,16.63,479.23,99.23,114.70,141.70,81.77,28.23,47.06
2026-04-22 20:31:00,2026-04-22 20:31:59,Q11,478.60,109.40,42.10,52.10,81.70,33.20,17.49,481.80,113.90,45.90,54.40,85.20,33.40,16.17,476.90,115.00,44.30,54.70,82.20,31.20,17.86,479.10,112.77,132.30,161.20,83.03,32.60,51.51
2026-04-22 20:32:00,2026-04-22 20:32:59,Q11,479.20,102.80,38.90,48.90,81.30,29.30,16.49,481.90,107.40,42.80,51.50,84.50,29.90,15.60,477.80,109.30,40.80,52.00,80.90,28.10,17.20,479.63,106.50,122.50,152.40,82.23,29.10,49.29
2026-04-22 20:33:00,2026-04-22 20:33:59,Q11,478.50,104.90,38.20,49.70,78.40,30.90,17.80,484.40,101.50,39.40,48.90,82.90,30.40,15.66,481.20,105.20,40.50,50.50,81.50,28.40,16.97,481.37,103.87,118.10,149.10,80.93,29.90,50.43
2026-04-22 20:34:00,2026-04-22 20:34:59,Q11,478.60,103.00,38.20,49.20,78.60,30.60,17.49,484.80,102.50,40.70,49.40,83.80,28.80,15.17,480.60,106.70,40.50,50.90,81.60,27.70,16.94,481.33,104.07,119.40,149.50,81.33,29.03,49.60
2026-04-22 20:35:00,2026-04-22 20:35:59,Q11,479.60,100.90,36.70,47.90,78.40,29.00,17.09,483.20,98.40,39.00,47.30,83.30,28.30,15.20,482.10,106.10,40.80,51.10,80.60,26.80,16.94,481.63,101.80,116.50,146.30,80.77,28.03,49.23
2026-04-22 20:36:00,2026-04-22 20:36:59,Q11,480.20,94.70,34.70,45.10,77.60,30.30,16.26,482.30,92.60,36.10,44.30,82.90,29.10,14.20,480.70,95.70,36.00,45.60,80.50,27.50,15.86,481.07,94.33,106.80,135.00,80.33,28.97,46.31
2026-04-22 20:37:00,2026-04-22 20:37:59,Q11,478.90,105.60,39.50,50.20,79.50,29.10,17.74,484.50,104.60,41.50,50.30,83.70,29.80,15.69,480.10,108.30,41.80,51.80,82.10,28.00,17.06,481.17,106.17,122.80,152.30,81.77,28.97,50.49
2026-04-22 20:38:00,2026-04-22 20:38:59,Q11,478.50,103.20,38.20,49.20,78.50,31.60,17.43,484.30,99.80,39.00,47.90,83.40,29.80,15.20,481.80,105.10,40.50,50.50,81.50,28.60,16.77,481.53,102.70,117.70,147.60,81.13,30.00,49.40
2026-04-22 20:39:00,2026-04-22 20:39:59,Q11,480.30,103.40,38.20,49.40,78.20,27.80,17.40,483.50,99.30,38.50,47.80,82.50,28.00,15.54,482.10,106.40,40.80,51.10,80.80,25.30,16.83,481.97,103.03,117.50,148.30,80.50,27.03,49.77
2026-04-22 20:40:00,2026-04-22 20:40:59,Q11,478.40,101.90,37.40,48.30,78.00,30.70,17.26,484.20,98.70,39.50,47.40,84.90,29.50,14.31,481.60,106.60,41.00,51.00,82.00,27.10,16.74,481.40,102.40,117.90,146.70,81.63,29.10,48.31
2026-04-22 20:41:00,2026-04-22 20:41:59,Q11,478.40,103.90,37.20,49.20,76.80,32.40,18.29,485.10,103.70,41.70,50.00,85.00,31.10,15.20,481.10,114.60,43.20,54.80,80.20,29.50,18.71,481.53,107.40,122.10,154.00,80.67,31.00,52.20
2026-04-22 20:42:00,2026-04-22 20:42:59,Q11,478.90,104.80,37.70,49.70,77.40,25.60,17.66,485.10,99.80,39.40,48.00,82.30,25.50,15.34,481.70,104.60,40.50,50.00,81.00,23.30,16.74,481.90,103.07,117.60,147.70,80.23,24.80,49.74
2026-04-22 20:43:00,2026-04-22 20:43:59,Q11,480.60,104.60,38.70,49.90,79.00,29.80,17.77,483.70,104.40,41.00,50.20,82.90,29.50,15.89,481.80,106.90,40.50,51.00,81.50,27.40,17.11,482.03,105.30,120.20,151.10,81.13,28.90,50.77
2026-04-22 20:44:00,2026-04-22 20:44:59,Q11,480.30,129.10,48.80,61.90,80.40,29.30,20.20,484.10,124.80,50.40,60.00,84.40,29.80,18.03,480.00,127.30,49.20,61.00,82.30,27.10,19.80,481.47,127.07,148.40,182.90,82.37,28.73,58.03
2026-04-22 20:45:00,2026-04-22 20:45:59,Q11,480.20,119.10,45.60,57.10,80.40,28.70,19.09,483.10,119.80,47.90,57.50,84.30,29.30,17.20,481.50,121.80,47.60,58.20,82.20,26.90,18.69,481.60,120.23,141.10,172.80,82.30,28.30,54.97
2026-04-22 20:46:00,2026-04-22 20:46:59,Q11,479.20,125.80,47.20,59.90,80.40,30.70,20.11,485.30,122.30,50.20,59.20,85.40,28.80,17.57,482.20,132.30,51.70,63.60,82.60,26.50,19.94,482.23,126.80,149.10,182.70,82.80,28.67,57.63
2026-04-22 20:47:00,2026-04-22 20:47:59,Q11,480.10,111.40,41.30,53.30,78.70,31.40,18.86,484.20,109.60,43.20,52.80,83.50,30.20,16.60,482.60,117.00,45.40,56.40,81.20,27.80,18.43,482.30,112.67,129.90,162.50,81.13,29.80,53.89
2026-04-22 20:48:00,2026-04-22 20:48:59,Q11,480.10,110.80,40.60,52.80,78.80,35.00,18.63,485.40,107.40,42.80,51.90,84.50,33.90,16.06,480.30,111.90,42.90,53.30,81.50,31.70,18.37,481.93,110.03,126.30,158.00,81.60,33.53,53.06
2026-04-22 20:49:00,2026-04-22 20:49:59,Q11,480.80,123.90,47.20,59.00,80.50,30.60,19.60,484.40,124.40,51.00,60.00,85.60,28.70,17.34,480.40,131.10,50.80,62.90,82.00,27.10,19.94,481.87,126.47,149.00,181.90,82.70,28.80,56.89
2026-04-22 20:50:00,2026-04-22 20:50:59,Q11,479.10,109.80,40.60,52.20,78.40,28.20,18.31,485.50,107.70,42.30,51.90,83.50,28.10,15.86,481.60,114.70,43.70,54.80,81.80,27.10,17.54,482.07,110.73,126.60,158.90,81.23,27.80,51.71
2026-04-22 20:51:00,2026-04-22 20:51:59,Q11,479.70,101.00,37.40,48.40,78.10,33.30,17.20,483.70,97.50,37.70,46.90,82.20,33.10,15.03,482.60,103.10,39.70,49.60,81.80,30.70,15.94,482.00,100.53,114.80,144.90,80.70,32.37,48.17
2026-04-22 20:52:00,2026-04-22 20:52:59,Q11,480.90,103.70,37.70,49.40,77.80,38.10,17.77,485.00,101.20,39.80,49.00,83.70,39.80,15.20,481.10,107.30,41.30,51.50,81.40,34.70,17.14,482.33,104.07,118.80,149.90,80.97,37.53,50.11
2026-04-22 20:53:00,2026-04-22 20:53:59,Q11,480.50,105.60,38.50,50.40,77.50,31.90,17.60,485.90,100.40,39.80,48.50,83.00,31.00,15.03,481.50,105.30,40.50,50.50,81.40,29.00,16.66,482.63,103.77,118.80,149.40,80.63,30.63,49.29
2026-04-22 20:54:00,2026-04-22 20:54:59,Q11,480.00,107.00,39.80,51.40,78.20,30.40,17.69,485.10,100.80,39.80,48.50,83.40,29.90,15.23,483.10,108.60,42.10,52.20,81.60,28.20,16.91,482.73,105.47,121.70,152.10,81.07,29.50,49.83
2026-04-22 20:55:00,2026-04-22 20:55:59,Q11,480.10,108.50,39.80,51.80,78.50,33.80,18.11,485.10,106.40,42.30,51.40,83.10,32.50,15.86,483.10,111.90,42.90,53.60,81.70,30.50,17.23,482.77,108.93,125.00,156.80,81.10,32.27,51.20
2026-04-22 20:56:00,2026-04-22 20:56:59,Q11,480.40,111.00,41.30,53.30,78.30,37.30,18.51,486.30,107.90,43.20,52.00,83.90,36.80,15.69,482.20,112.80,43.50,54.00,82.10,33.80,17.57,482.97,110.57,128.00,159.30,81.43,35.97,51.77
2026-04-22 20:57:00,2026-04-22 20:57:59,Q11,482.00,103.00,37.70,49.60,77.70,33.50,17.66,485.00,98.50,39.00,47.50,83.50,31.80,15.06,481.90,107.40,41.30,51.50,81.30,30.30,17.00,482.97,102.97,118.00,148.60,80.83,31.87,49.71
2026-04-22 20:58:00,2026-04-22 20:58:59,Q11,481.70,107.30,39.80,51.50,78.40,33.80,17.86,484.70,104.40,41.50,50.30,83.90,32.50,15.29,482.50,109.10,42.10,52.50,81.90,30.50,17.14,482.97,106.93,123.40,154.30,81.40,32.27,50.29
2026-04-22 20:59:00,2026-04-22 20:59:59,Q11,481.00,107.90,39.30,51.50,77.90,33.60,18.06,486.70,104.30,42.00,50.50,84.00,31.70,15.17,482.40,110.70,43.50,53.00,82.00,29.90,17.20,483.37,107.63,124.80,155.00,81.30,31.73,50.43
2026-04-22 21:00:00,2026-04-22 21:00:59,Q11,481.50,106.20,39.00,51.00,78.60,32.00,17.60,484.90,100.60,39.80,48.40,83.60,31.70,15.06,483.50,107.40,41.80,51.70,82.50,29.50,16.49,483.30,104.73,120.60,151.10,81.57,31.07,49.14
2026-04-22 21:01:00,2026-04-22 21:01:59,Q11,480.30,106.00,38.50,50.90,77.90,35.10,18.09,486.60,103.10,42.00,50.10,84.20,34.20,15.17,482.10,111.40,42.90,53.50,81.70,31.90,17.43,483.00,106.83,123.40,154.50,81.27,33.73,50.69
2026-04-22 21:02:00,2026-04-22 21:02:59,Q11,481.30,104.70,38.50,50.00,77.60,35.30,17.97,486.10,102.50,40.70,49.60,83.70,32.50,15.11,482.20,107.40,41.30,51.60,81.70,30.60,17.09,483.20,104.87,120.50,151.20,81.00,32.80,50.17
2026-04-22 21:03:00,2026-04-22 21:03:59,Q11,481.30,112.40,41.30,53.90,78.60,36.40,19.09,486.60,107.80,43.70,52.00,84.20,35.70,16.14,482.00,116.00,45.10,55.90,82.50,33.00,18.09,483.30,112.07,130.10,161.80,81.77,35.03,53.31
2026-04-22 21:04:00,2026-04-22 21:04:59,Q11,481.50,106.80,38.50,51.00,77.30,32.40,18.09,486.10,103.40,42.00,50.10,84.10,30.80,15.03,481.70,110.80,42.10,52.90,81.60,28.70,17.37,483.10,107.00,122.60,154.00,81.00,30.63,50.49
2026-04-22 21:05:00,2026-04-22 21:05:59,Q11,481.70,108.40,39.80,51.90,78.00,34.80,18.03,486.90,104.40,42.00,50.50,84.20,33.00,15.06,482.70,109.70,42.60,52.50,82.20,31.30,17.14,483.77,107.50,124.40,154.90,81.47,33.03,50.23
2026-04-22 21:06:00,2026-04-22 21:06:59,Q11,482.20,117.00,43.70,56.40,78.90,34.60,18.94,485.50,112.20,45.40,54.30,84.20,32.90,16.14,483.70,117.50,45.90,56.50,82.50,31.50,17.97,483.80,115.57,135.00,167.20,81.87,33.00,53.06
2026-04-22 21:07:00,2026-04-22 21:07:59,Q11,482.30,104.40,38.50,50.10,77.80,33.20,17.77,487.00,101.50,40.70,49.20,83.80,32.30,15.00,482.50,109.40,42.10,52.50,81.70,29.20,16.97,483.93,105.10,121.30,151.80,81.10,31.57,49.74
2026-04-22 21:08:00,2026-04-22 21:08:59,Q11,482.40,105.80,38.50,50.60,77.50,34.80,17.80,487.10,101.00,41.20,49.20,84.00,32.00,14.89,482.70,107.40,41.30,51.60,81.60,30.30,17.09,484.07,104.73,121.00,151.40,81.03,32.37,49.77
2026-04-22 21:09:00,2026-04-22 21:09:59,Q11,481.40,101.40,37.40,48.60,78.20,33.60,17.37,486.80,99.20,39.40,48.10,82.80,32.90,15.00,482.30,102.00,40.20,49.20,82.10,30.80,16.14,483.50,100.87,117.00,145.90,81.03,32.43,48.51
2026-04-22 21:10:00,2026-04-22 21:10:59,Q11,480.60,97.30,35.00,46.60,76.40,33.10,16.77,485.50,92.90,36.10,44.60,82.10,31.90,14.26,483.90,100.20,38.40,48.30,80.80,30.30,15.74,483.33,96.80,109.50,139.50,79.77,31.77,46.77
2026-04-22 21:11:00,2026-04-22 21:11:59,Q11,482.30,101.60,37.00,48.70,77.30,34.50,17.20,485.80,97.60,39.00,47.00,83.40,32.60,14.63,482.20,103.00,39.70,49.60,81.10,29.70,16.54,483.43,100.73,115.70,145.30,80.60,32.27,48.37
2026-04-22 21:12:00,2026-04-22 21:12:59,Q11,482.20,106.90,39.80,51.10,78.40,34.80,18.20,486.70,104.60,41.50,50.50,83.80,32.60,15.63,482.50,109.20,42.10,52.50,81.90,30.60,17.46,483.80,106.90,123.40,154.10,81.37,32.67,51.29
2026-04-22 21:13:00,2026-04-22 21:13:59,Q11,481.30,105.30,38.50,50.50,77.30,32.20,17.51,486.60,97.20,39.00,47.10,83.40,30.40,14.74,482.20,104.30,40.50,50.10,81.70,28.60,16.57,483.37,102.27,118.00,147.70,80.80,30.40,48.83
2026-04-22 21:14:00,2026-04-22 21:14:59,Q11,481.30,91.30,32.20,43.80,75.70,33.60,15.97,487.00,84.80,32.80,40.90,82.80,32.10,13.14,482.70,92.20,35.20,44.30,80.80,30.50,15.09,483.67,89.43,100.20,129.00,79.77,32.07,44.20
2026-04-22 21:15:00,2026-04-22 21:15:59,Q11,481.00,101.80,37.00,48.60,77.80,33.20,17.49,486.40,97.80,39.00,47.10,83.50,31.90,14.74,483.90,105.90,41.00,50.70,82.00,29.50,16.43,483.77,101.83,117.00,146.40,81.10,31.53,48.66
2026-04-22 21:16:00,2026-04-22 21:16:59,Q11,481.00,104.70,38.50,50.00,77.50,32.80,17.74,486.30,98.90,39.00,47.60,83.20,32.20,14.94,484.10,106.30,41.30,51.30,81.90,29.70,16.60,483.80,103.30,118.80,148.90,80.87,31.57,49.29
2026-04-22 21:17:00,2026-04-22 21:17:59,Q11,482.10,96.10,35.40,46.30,77.30,30.40,16.29,484.80,91.60,35.60,44.00,81.90,30.80,14.31,483.00,94.90,36.00,45.40,80.60,28.90,15.49,483.30,94.20,107.00,135.70,79.93,30.03,46.09
2026-04-22 21:18:00,2026-04-22 21:18:59,Q11,482.70,106.80,40.30,51.10,79.10,31.40,17.49,485.10,105.70,41.50,50.90,83.50,30.80,15.43,482.20,109.80,42.10,52.50,81.80,29.30,16.89,483.33,107.43,123.90,154.50,81.47,30.50,49.80
2026-04-22 21:19:00,2026-04-22 21:19:59,Q11,481.30,103.60,38.20,49.50,78.60,31.20,17.31,485.40,100.50,39.40,48.50,82.40,30.70,15.23,484.20,105.20,41.00,50.80,82.20,29.70,16.03,483.63,103.10,118.60,148.80,81.07,30.53,48.57
2026-04-22 21:20:00,2026-04-22 21:20:59,Q11,481.90,109.60,40.60,52.40,78.50,33.90,18.06,485.20,104.80,41.50,50.40,83.40,33.20,15.66,484.00,111.50,42.90,53.70,81.80,30.30,17.20,483.70,108.63,125.00,156.50,81.23,32.47,50.91
2026-04-22 21:21:00,2026-04-22 21:21:59,Q11,482.50,105.60,39.00,50.60,78.30,33.40,17.83,486.70,102.30,41.20,49.60,84.00,33.70,15.17,482.60,111.80,43.50,53.50,82.00,30.90,17.06,483.93,106.57,123.70,153.70,81.43,32.67,50.06
2026-04-22 21:22:00,2026-04-22 21:22:59,Q11,482.40,99.70,35.70,47.70,76.70,32.70,16.89,485.30,94.40,36.90,45.60,82.50,31.50,14.43,482.30,100.00,38.40,48.20,80.40,30.10,16.20,483.33,98.03,111.00,141.50,79.87,31.43,47.51
2026-04-22 21:23:00,2026-04-22 21:23:59,Q11,481.80,109.50,40.60,52.40,78.20,34.10,18.06,485.50,103.60,41.20,50.00,84.30,33.00,15.31,482.00,110.00,42.90,53.00,81.70,30.50,17.54,483.10,107.70,124.70,155.40,81.40,32.53,50.91
2026-04-22 21:24:00,2026-04-22 21:24:59,Q11,480.40,106.60,39.00,50.90,78.40,32.70,17.83,485.60,101.40,39.80,49.00,83.10,32.00,15.43,483.30,110.20,43.50,53.10,82.00,30.20,16.74,483.10,106.07,122.30,153.00,81.17,31.63,50.00
2026-04-22 21:25:00,2026-04-22 21:25:59,Q11,481.50,105.70,39.00,50.50,78.50,33.00,17.91,486.10,104.80,42.00,50.50,84.10,32.20,15.23,481.60,111.10,43.50,53.40,82.20,30.30,17.06,483.07,107.20,124.50,154.40,81.60,31.83,50.20
2026-04-22 21:26:00,2026-04-22 21:26:59,Q11,481.80,104.90,39.00,50.00,78.20,33.40,17.74,484.40,103.00,40.70,49.90,83.20,32.90,15.43,482.90,107.70,41.30,51.60,81.40,31.20,17.00,483.03,105.20,121.00,151.50,80.93,32.50,50.17
2026-04-22 21:27:00,2026-04-22 21:27:59,Q11,481.80,101.30,37.40,48.60,78.20,32.30,17.03,485.10,98.40,38.50,47.50,82.60,30.50,14.91,481.60,103.40,39.70,49.50,81.50,29.80,16.11,482.83,101.03,115.60,145.60,80.77,30.87,48.06
2026-04-22 21:28:00,2026-04-22 21:28:59,Q11,482.10,107.70,40.30,51.60,79.30,34.80,17.57,484.60,104.90,41.50,50.30,83.50,33.70,15.69,481.80,109.40,42.10,52.40,81.60,31.10,17.11,482.83,107.33,123.90,154.30,81.47,33.20,50.37
2026-04-22 21:29:00,2026-04-22 21:29:59,Q11,480.60,95.60,35.50,45.60,79.50,32.90,15.14,486.60,89.20,36.10,43.30,84.80,31.60,12.66,482.00,95.90,37.30,45.80,83.60,29.10,14.06,483.07,93.57,108.90,134.70,82.63,31.20,41.86
2026-04-22 21:30:00,2026-04-22 21:30:59,Q11,482.10,99.10,36.20,47.70,77.50,36.20,17.40,485.00,95.20,38.20,46.10,83.10,33.10,14.83,482.70,101.70,38.90,48.70,81.40,32.20,16.57,483.27,98.67,113.30,142.50,80.67,33.83,48.80
2026-04-22 21:31:00,2026-04-22 21:31:59,Q11,481.80,100.20,37.00,48.10,77.80,34.90,17.49,485.20,96.80,38.20,46.60,83.30,34.10,14.97,483.40,103.40,39.70,49.70,81.40,31.20,16.63,483.47,100.13,114.90,144.40,80.83,33.40,49.09
2026-04-22 21:32:00,2026-04-22 21:32:59,Q11,482.30,107.70,39.80,51.60,78.80,32.20,17.69,484.90,104.70,41.50,50.30,83.50,33.20,15.51,482.50,109.80,42.10,52.50,81.60,31.00,17.03,483.23,107.40,123.40,154.40,81.30,32.13,50.23
2026-04-22 21:33:00,2026-04-22 21:33:59,Q11,480.90,120.70,45.00,57.60,79.00,33.70,19.23,486.30,115.40,46.20,55.90,84.20,32.20,16.49,482.90,123.50,48.40,59.30,82.50,31.10,18.34,483.37,119.87,139.60,172.80,81.90,32.33,54.06
2026-04-22 21:34:00,2026-04-22 21:34:59,Q11,480.70,107.60,39.30,51.40,77.90,33.80,17.77,486.80,100.80,39.80,48.60,83.60,33.10,14.97,483.10,110.10,43.50,53.10,82.10,30.40,16.71,483.53,106.17,122.60,153.10,81.20,32.43,49.46
2026-04-22 21:35:00,2026-04-22 21:35:59,Q11,482.10,107.40,39.30,51.60,77.90,33.10,17.80,486.10,101.40,41.20,49.10,84.00,32.10,15.03,482.10,108.20,42.10,52.10,81.70,29.70,17.09,483.43,105.67,122.60,152.80,81.20,31.63,49.91
2026-04-22 21:36:00,2026-04-22 21:36:59,Q11,482.60,101.10,37.00,48.70,77.80,37.20,17.31,485.80,98.10,39.00,47.50,83.90,35.70,14.74,482.40,104.60,40.50,50.10,81.30,34.00,16.89,483.60,101.27,116.50,146.30,81.00,35.63,48.94
2026-04-22 21:37:00,2026-04-22 21:37:59,Q11,482.30,94.70,34.70,45.30,77.00,33.30,16.37,485.50,91.20,36.10,44.10,82.80,33.10,14.09,481.80,97.00,36.80,46.70,80.50,31.10,15.80,483.20,94.30,107.60,136.10,80.10,32.50,46.26
2026-04-22 21:38:00,2026-04-22 21:38:59,Q11,482.50,106.90,39.80,51.10,78.20,36.70,18.00,485.50,105.00,42.00,50.90,84.50,34.70,15.29,482.20,112.70,42.90,54.00,81.40,33.10,17.74,483.40,108.20,124.70,156.00,81.37,34.83,51.03
2026-04-22 21:39:00,2026-04-22 21:39:59,Q11,481.00,122.30,45.80,58.70,79.40,33.90,19.60,487.00,117.10,47.00,57.00,84.80,33.00,16.66,483.00,124.90,48.40,59.90,82.90,30.40,18.69,483.67,121.43,141.20,175.60,82.37,32.43,54.94
2026-04-22 21:40:00,2026-04-22 21:40:59,Q11,481.70,104.10,39.00,50.00,78.20,32.60,17.60,487.70,102.10,40.70,49.70,83.90,31.40,14.97,483.40,107.00,41.30,51.70,81.80,29.40,16.89,484.27,104.40,121.00,151.40,81.30,31.13,49.46
2026-04-22 21:41:00,2026-04-22 21:41:59,Q11,483.50,105.50,39.00,50.70,78.70,34.00,17.29,486.20,100.60,39.80,48.60,83.10,34.10,15.11,483.70,105.60,41.00,50.70,82.00,32.00,16.29,484.47,103.90,119.80,150.00,81.27,33.37,48.69
2026-04-22 21:42:00,2026-04-22 21:42:59,Q11,483.70,102.80,38.20,49.30,78.70,32.80,17.06,487.30,100.40,39.40,48.70,82.80,33.10,15.20,483.20,104.10,40.50,50.20,81.40,31.90,16.34,484.73,102.43,118.10,148.20,80.97,32.60,48.60
2026-04-22 21:43:00,2026-04-22 21:43:59,Q11,483.10,104.20,39.00,50.20,78.70,34.90,17.80,488.10,104.70,41.50,50.80,83.90,33.80,15.40,483.70,109.10,42.10,52.60,81.90,31.50,17.14,484.97,106.00,122.60,153.60,81.50,33.40,50.34
2026-04-22 21:44:00,2026-04-22 21:44:59,Q11,484.10,104.30,39.00,50.30,78.60,31.80,17.37,486.90,103.00,41.50,50.10,83.40,32.70,15.20,484.80,107.80,41.30,51.80,81.50,29.70,16.77,485.27,105.03,121.80,152.20,81.17,31.40,49.34
2026-04-22 21:45:00,2026-04-22 21:45:59,Q11,483.60,103.20,38.20,49.70,78.00,32.50,17.03,486.90,97.20,38.50,47.10,82.30,32.50,14.91,485.20,101.60,38.90,49.00,81.60,30.80,15.91,485.23,100.67,115.60,145.80,80.63,31.93,47.86
2026-04-22 21:46:00,2026-04-22 21:46:59,Q11,482.50,110.30,43.50,53.00,82.20,33.20,16.43,488.20,106.10,43.90,51.70,86.50,33.10,13.94,485.00,112.70,45.90,54.30,85.30,31.80,15.31,485.23,109.70,133.30,159.00,84.67,32.70,45.69
2026-04-22 21:47:00,2026-04-22 21:47:59,Q11,483.00,99.10,36.20,47.80,77.40,33.30,16.86,488.20,96.10,37.70,46.80,82.30,32.70,14.60,484.10,101.40,38.90,48.90,81.10,31.40,15.89,485.10,98.87,112.80,143.50,80.27,32.47,47.34
2026-04-22 21:48:00,2026-04-22 21:48:59,Q11,482.30,94.10,35.50,45.30,79.60,31.70,15.20,487.10,90.90,36.10,43.80,84.30,31.80,12.89,485.00,95.40,38.20,46.10,83.60,30.50,14.03,484.80,93.47,109.80,135.20,82.50,31.33,42.11
2026-04-22 21:49:00,2026-04-22 21:49:59,Q11,483.00,98.40,36.20,47.30,77.40,32.20,16.54,488.00,92.60,36.10,44.90,82.40,33.20,14.37,483.20,98.50,38.10,47.30,81.00,29.80,15.71,484.73,96.50,110.40,139.50,80.27,31.73,46.63
2026-04-22 21:50:00,2026-04-22 21:50:59,Q11,482.10,97.50,35.40,46.80,77.60,32.60,16.77,487.80,94.40,36.90,45.80,82.30,33.00,14.60,483.80,99.20,38.10,47.80,81.20,30.30,15.83,484.57,97.03,110.40,140.40,80.37,31.97,47.20
2026-04-22 21:51:00,2026-04-22 21:51:59,Q11,483.70,96.40,35.40,46.40,77.60,34.20,16.57,488.30,96.20,37.70,46.80,82.80,32.60,14.51,483.80,99.50,37.60,47.80,80.50,31.60,16.11,485.27,97.37,110.70,141.00,80.30,32.80,47.20
2026-04-22 21:52:00,2026-04-22 21:52:59,Q11,483.90,121.80,45.80,58.40,79.90,32.30,19.57,488.90,119.80,48.70,58.10,84.80,32.20,16.94,484.30,127.30,50.00,61.50,82.80,30.40,18.80,485.70,122.97,144.50,178.00,82.50,31.63,55.31
2026-04-22 21:53:00,2026-04-22 21:53:59,Q11,482.90,114.50,42.70,54.90,79.10,34.30,18.60,488.80,109.90,44.50,53.20,84.30,35.00,15.91,485.20,116.80,45.90,56.30,82.50,32.20,17.77,485.63,113.73,133.10,164.40,81.97,33.83,52.29
2026-04-22 21:54:00,2026-04-22 21:54:59,Q11,482.90,118.70,44.20,56.90,79.50,36.90,19.37,489.00,113.90,46.20,55.30,84.40,37.40,16.69,484.90,120.90,47.60,58.10,82.70,34.80,18.43,485.60,117.83,138.00,170.30,82.20,36.37,54.49
2026-04-22 21:55:00,2026-04-22 21:55:59,Q11,484.80,130.10,49.60,62.90,80.50,35.20,19.83,488.00,124.20,50.40,60.50,84.80,33.00,17.57,484.50,130.50,50.80,62.90,82.60,31.50,19.40,485.77,128.27,150.80,186.30,82.63,33.23,56.80
2026-04-22 21:56:00,2026-04-22 21:56:59,Q11,484.20,108.00,40.60,52.30,78.50,35.00,18.00,489.20,104.40,42.00,50.90,84.10,34.90,15.49,484.70,110.40,42.90,53.20,81.60,32.30,17.54,486.03,107.60,125.50,156.40,81.40,34.07,51.03
2026-04-22 21:57:00,2026-04-22 21:57:59,Q11,485.10,106.70,39.80,51.40,78.40,34.80,17.77,489.00,103.70,42.00,50.40,84.10,34.00,15.29,485.60,111.70,42.90,53.80,81.50,32.60,17.40,486.57,107.37,124.70,155.60,81.33,33.80,50.46
2026-04-22 21:58:00,2026-04-22 21:58:59,Q11,484.90,104.60,39.50,50.30,79.00,32.30,17.40,489.10,102.60,40.70,49.90,83.20,33.60,15.40,484.90,106.90,41.30,51.30,81.80,30.70,16.66,486.30,104.70,121.50,151.50,81.33,32.20,49.46
2026-04-22 21:59:00,2026-04-22 21:59:59,Q11,483.70,102.00,37.70,49.30,77.90,34.00,17.20,489.50,99.40,39.80,48.40,83.10,33.10,14.94,485.90,104.60,40.50,50.40,81.00,31.90,16.66,486.37,102.00,118.00,148.10,80.67,33.00,48.80
2026-04-22 22:00:00,2026-04-22 22:00:59,Q11,484.40,103.50,38.20,49.90,78.90,33.00,17.11,488.20,101.50,40.20,49.30,82.50,34.70,15.34,486.30,104.50,40.50,50.50,81.50,31.90,16.29,486.30,103.17,118.90,149.70,80.97,33.20,48.74
2026-04-22 22:01:00,2026-04-22 22:01:59,Q11,484.20,95.40,34.20,46.00,76.70,32.60,16.51,489.50,91.60,36.10,44.50,82.90,33.00,14.11,484.20,98.40,37.60,47.40,80.40,30.00,16.06,485.97,95.13,107.90,137.90,80.00,31.87,46.69
2026-04-22 22:02:00,2026-04-22 22:02:59,Q11,484.10,99.80,36.70,47.90,78.40,34.70,16.51,487.70,96.40,37.70,46.80,82.20,34.30,14.89,486.10,100.80,38.40,48.60,80.80,32.90,15.94,485.97,99.00,112.80,143.30,80.47,33.97,47.34
2026-04-22 22:03:00,2026-04-22 22:03:59,Q11,484.00,97.00,35.40,46.90,77.90,32.50,16.40,489.90,94.50,36.90,46.00,82.30,33.20,14.69,485.50,98.10,37.60,47.50,80.20,31.20,16.03,486.47,96.53,109.90,140.40,80.13,32.30,47.11
2026-04-22 22:04:00,2026-04-22 22:04:59,Q11,485.60,95.70,36.80,46.10,80.10,32.40,15.60,488.20,95.20,38.60,46.40,84.00,33.20,13.91,485.60,99.70,39.40,48.00,82.40,31.50,15.06,486.47,96.87,114.80,140.50,82.17,32.37,44.57
2026-04-22 22:05:00,2026-04-22 22:05:59,Q11,485.70,88.60,33.20,42.70,79.20,30.80,14.63,488.20,88.20,34.90,42.90,83.60,29.70,13.06,486.30,92.10,35.60,44.70,81.40,29.70,14.34,486.73,89.63,103.70,130.30,81.40,30.07,42.03
2026-04-22 22:06:00,2026-04-22 22:06:59,Q11,483.80,91.50,32.70,44.00,76.90,33.10,15.94,489.20,91.20,36.10,44.50,82.30,33.20,13.91,486.20,95.70,36.80,46.20,80.00,31.10,15.51,486.40,92.80,105.60,134.70,79.73,32.47,45.37
2026-04-22 22:07:00,2026-04-22 22:07:59,Q11,483.50,117.30,44.20,56.50,79.50,34.70,19.34,489.70,114.70,46.20,55.70,84.70,32.90,16.63,485.20,121.30,47.60,58.70,82.40,31.10,18.71,486.13,117.77,138.00,170.90,82.20,32.90,54.69
2026-04-22 22:08:00,2026-04-22 22:08:59,Q11,483.10,126.80,48.00,60.90,80.70,30.90,19.60,489.00,122.20,49.60,59.70,84.90,31.20,17.31,484.50,128.10,50.60,62.00,83.00,30.40,18.94,485.53,125.70,148.20,182.60,82.87,30.83,55.86
2026-04-22 22:09:00,2026-04-22 22:09:59,Q11,484.30,124.80,48.00,60.00,80.70,38.40,19.60,486.80,122.00,49.60,59.30,84.20,37.70,17.77,484.70,127.20,50.00,61.50,82.50,35.30,19.06,485.27,124.67,147.60,180.80,82.47,37.13,56.43
2026-04-22 22:10:00,2026-04-22 22:10:59,Q11,482.90,114.30,42.70,54.90,79.60,36.50,18.43,488.20,111.50,44.80,54.20,83.90,35.90,16.26,485.70,115.50,45.10,55.80,82.10,34.00,17.80,485.60,113.77,132.60,164.90,81.87,35.47,52.49
2026-04-22 22:11:00,2026-04-22 22:11:59,Q11,483.20,115.40,44.00,55.50,80.40,37.40,18.54,488.30,115.10,47.00,56.10,84.10,36.40,16.60,486.00,118.80,46.70,57.30,82.50,34.50,17.89,485.83,116.43,137.70,168.90,82.33,36.10,53.03
2026-04-22 22:12:00,2026-04-22 22:12:59,Q11,485.00,119.10,45.00,57.70,79.80,36.00,18.97,488.80,117.10,47.90,57.10,84.40,35.20,16.74,484.30,120.30,47.60,58.10,82.10,32.60,18.60,486.03,118.83,140.50,172.90,82.10,34.60,54.31
2026-04-22 22:13:00,2026-04-22 22:13:59,Q11,484.70,108.80,41.10,52.30,79.00,34.50,18.03,489.00,108.40,43.70,52.80,84.40,34.30,15.63,484.30,115.70,44.50,55.70,81.80,32.80,17.63,486.00,110.97,129.30,160.80,81.73,33.87,51.29
2026-04-22 22:14:00,2026-04-22 22:14:59,Q11,484.50,108.50,40.60,52.30,78.30,35.10,17.89,488.70,106.20,42.80,51.70,84.50,35.20,15.20,484.40,113.60,43.70,54.70,81.70,32.50,17.49,485.87,109.43,127.10,158.70,81.50,34.27,50.57
2026-04-22 22:15:00,2026-04-22 22:15:59,Q11,483.40,106.90,39.80,51.20,78.80,33.70,17.43,489.10,100.70,39.80,48.90,83.10,34.90,15.31,486.10,105.80,41.30,51.00,81.90,32.40,16.49,486.20,104.47,120.90,151.10,81.27,33.67,49.23
2026-04-22 22:16:00,2026-04-22 22:16:59,Q11,482.60,104.70,39.00,50.10,78.90,33.20,17.03,486.60,99.10,39.40,48.10,82.40,32.80,15.34,482.20,103.40,39.70,49.60,81.50,31.60,16.17,483.80,102.40,118.10,147.80,80.93,32.53,48.54
2026-04-22 22:17:00,2026-04-22 22:17:59,Q11,482.90,110.80,42.40,53.00,80.20,34.70,17.60,485.00,107.40,42.30,51.90,83.40,35.00,16.17,482.40,109.50,42.10,52.50,81.60,32.60,17.26,483.43,109.23,126.80,157.40,81.73,34.10,51.03
2026-04-22 22:18:00,2026-04-22 22:18:59,Q11,481.50,106.00,39.00,51.00,78.80,32.50,17.26,486.30,101.30,40.20,49.10,82.50,32.60,15.31,481.80,102.50,39.70,49.10,81.80,31.70,16.23,483.20,103.27,118.90,149.20,81.03,32.27,48.80
2026-04-22 22:19:00,2026-04-22 22:19:59,Q11,481.50,115.50,44.00,55.30,80.20,35.90,18.31,486.30,110.30,44.50,53.50,84.30,35.30,16.31,481.90,114.90,44.30,54.80,82.40,31.90,17.80,483.23,113.57,132.80,163.60,82.30,34.37,52.43
2026-04-22 22:20:00,2026-04-22 22:20:59,Q11,482.20,104.50,39.00,50.10,78.90,32.30,16.91,485.10,97.90,38.50,47.00,82.60,33.10,15.11,481.70,101.20,38.90,48.60,81.60,31.50,16.06,483.00,101.20,116.40,145.70,81.03,32.30,48.09
2026-04-22 22:21:00,2026-04-22 22:21:59,Q11,480.20,104.80,38.20,49.90,78.40,34.10,17.31,484.80,98.70,39.00,47.40,83.00,33.70,15.06,483.00,106.00,41.80,51.20,82.00,31.60,16.26,482.67,103.17,119.00,148.50,81.13,33.13,48.63
2026-04-22 22:22:00,2026-04-22 22:22:59,Q11,482.50,99.70,36.20,47.70,77.90,30.60,16.23,485.20,93.80,36.90,45.10,82.20,31.70,14.20,482.10,96.50,37.30,46.30,81.30,28.50,15.26,483.27,96.67,110.40,139.10,80.47,30.27,45.69
2026-04-22 22:23:00,2026-04-22 22:23:59,Q11,480.90,118.30,44.20,56.60,79.90,33.30,18.74,485.80,113.50,44.80,54.80,83.70,33.10,16.66,483.60,118.50,45.90,57.00,82.50,30.50,17.83,483.43,116.77,134.90,168.40,82.03,32.30,53.23
2026-04-22 22:24:00,2026-04-22 22:24:59,Q11,481.50,119.30,45.00,57.20,79.30,34.50,18.94,486.90,115.60,46.20,55.90,84.20,33.70,16.17,483.00,119.70,46.70,57.50,82.80,31.70,17.86,483.80,118.20,137.90,170.60,82.10,33.30,52.97
2026-04-22 22:25:00,2026-04-22 22:25:59,Q11,481.70,119.30,45.60,57.20,80.50,32.40,18.46,487.00,116.70,47.00,56.50,84.30,32.20,16.46,482.60,121.00,47.60,58.30,82.90,30.10,17.77,483.77,119.00,140.20,172.00,82.57,31.57,52.69
2026-04-22 22:26:00,2026-04-22 22:26:59,Q11,481.40,110.70,41.60,52.90,80.20,35.40,17.94,485.30,108.30,43.20,52.40,83.60,34.60,16.06,483.70,112.90,44.30,54.10,82.70,31.40,17.03,483.47,110.63,129.10,159.40,82.17,33.80,51.03
2026-04-22 22:27:00,2026-04-22 22:27:59,Q11,482.40,105.50,39.50,50.60,79.30,34.10,17.17,484.90,103.20,40.20,49.90,82.90,34.50,15.46,482.40,105.60,40.50,50.60,81.60,31.90,16.46,483.23,104.77,120.20,151.10,81.27,33.50,49.09
2026-04-22 22:28:00,2026-04-22 22:28:59,Q11,481.30,118.80,44.20,56.80,79.20,36.00,19.00,486.90,118.40,48.50,57.30,85.70,33.00,16.06,482.00,125.40,49.20,60.20,82.20,31.30,18.89,483.40,120.87,141.90,174.30,82.37,33.43,53.94
2026-04-22 22:29:00,2026-04-22 22:29:59,Q11,480.90,121.60,46.40,58.10,80.90,32.20,18.91,485.80,121.10,48.70,58.70,84.10,31.90,17.20,483.30,124.00,48.40,59.90,82.70,31.00,18.29,483.33,122.23,143.50,176.70,82.57,31.70,54.40
2026-04-22 22:30:00,2026-04-22 22:30:59,Q11,483.00,109.50,41.60,52.60,80.00,33.80,17.57,485.80,104.70,41.00,50.40,82.70,32.80,16.00,482.50,108.20,42.60,52.10,82.30,31.60,16.54,483.77,107.47,125.20,155.10,81.67,32.73,50.11
2026-04-22 22:31:00,2026-04-22 22:31:59,Q11,481.70,107.50,39.80,51.50,78.50,33.20,17.86,487.00,104.90,41.00,50.60,82.90,30.40,15.54,482.50,109.20,42.10,52.50,81.90,29.90,16.80,483.73,107.20,122.90,154.60,81.10,31.17,50.20
2026-04-22 22:32:00,2026-04-22 22:32:59,Q11,483.00,109.40,41.10,52.60,79.40,35.30,17.60,485.70,103.50,40.70,50.00,83.50,34.20,15.66,483.40,109.20,42.10,52.60,81.90,31.80,16.97,484.03,107.37,123.90,155.20,81.60,33.77,50.23
2026-04-22 22:33:00,2026-04-22 22:33:59,Q11,482.30,103.10,38.70,49.60,79.10,33.70,17.06,485.90,99.90,39.40,48.00,82.20,33.40,15.29,484.40,104.90,41.00,50.30,82.00,31.80,15.94,484.20,102.63,119.10,147.90,81.10,32.97,48.29
2026-04-22 22:34:00,2026-04-22 22:34:59,Q11,481.50,117.30,44.20,56.30,79.30,33.60,18.49,487.20,112.40,44.80,54.50,83.80,33.30,16.06,483.80,117.30,45.90,56.50,82.70,31.20,17.37,484.17,115.67,134.90,167.30,81.93,32.70,51.91
2026-04-22 22:35:00,2026-04-22 22:35:59,Q11,482.40,98.10,36.20,47.20,77.60,33.60,16.74,487.60,96.30,37.70,46.80,82.20,31.40,14.54,483.60,98.70,38.10,47.30,81.30,30.50,15.66,484.53,97.70,112.00,141.30,80.37,31.83,46.94
2026-04-22 22:36:00,2026-04-22 22:36:59,Q11,483.90,102.30,38.70,49.30,79.00,33.50,16.97,486.40,98.60,38.50,47.60,82.30,33.60,15.37,483.30,101.80,38.90,48.80,81.40,32.10,16.14,484.53,100.90,116.10,145.70,80.90,33.07,48.49
2026-04-22 22:37:00,2026-04-22 22:37:59,Q11,483.50,117.10,44.80,56.50,80.70,37.50,18.60,486.10,115.40,46.20,55.90,84.00,36.30,16.91,483.10,118.10,45.90,57.00,82.40,34.50,18.09,484.23,116.87,136.90,169.40,82.37,36.10,53.60
2026-04-22 22:38:00,2026-04-22 22:38:59,Q11,482.80,112.00,41.90,54.00,79.20,35.00,18.26,486.00,108.70,43.70,52.50,84.00,35.10,15.77,484.40,112.50,44.30,54.20,82.40,32.90,17.37,484.40,111.07,129.90,160.70,81.87,34.33,51.40
2026-04-22 22:39:00,2026-04-22 22:39:59,Q11,483.20,99.10,36.70,47.80,78.30,32.90,16.66,486.80,95.10,37.70,46.20,82.10,33.70,14.91,482.70,100.00,38.90,48.20,81.00,31.30,15.91,484.23,98.07,113.30,142.20,80.47,32.63,47.49
2026-04-22 22:40:00,2026-04-22 22:40:59,Q11,483.30,106.90,40.30,51.20,79.80,34.30,17.14,485.60,103.50,40.20,50.00,82.60,33.00,15.69,483.70,104.80,40.50,50.20,81.90,32.00,16.31,484.20,105.07,121.00,151.40,81.43,33.10,49.14
2026-04-22 22:41:00,2026-04-22 22:41:59,Q11,482.70,102.30,38.70,49.20,79.10,32.00,16.86,485.30,99.70,38.90,48.00,81.80,32.80,15.46,483.70,104.00,40.50,50.20,81.30,32.20,16.03,483.90,102.00,118.10,147.40,80.73,32.33,48.34
2026-04-22 22:42:00,2026-04-22 22:42:59,Q11,483.00,98.10,36.70,47.30,78.20,34.40,16.66,486.50,95.30,37.30,46.20,81.50,34.50,15.03,482.90,97.40,36.80,46.80,80.70,32.80,15.77,484.13,96.93,110.80,140.30,80.13,33.90,47.46
2026-04-22 22:43:00,2026-04-22 22:43:59,Q11,482.10,104.40,39.00,50.10,78.80,32.50,16.71,486.00,98.70,38.10,47.60,81.80,31.30,15.09,484.20,100.40,38.90,48.40,81.50,29.50,15.71,484.10,101.17,116.00,146.10,80.70,31.10,47.51
2026-04-22 22:44:00,2026-04-22 22:44:59,Q11,481.90,103.30,39.70,49.50,81.00,32.50,15.71,486.50,99.50,39.80,48.10,83.90,32.20,14.11,483.80,103.90,40.70,49.70,83.50,30.10,14.66,484.07,102.23,120.20,147.30,82.80,31.60,44.49
2026-04-22 22:45:00,2026-04-22 22:45:59,Q11,482.10,101.00,37.40,48.70,78.30,30.90,16.57,485.10,95.70,37.30,46.10,81.50,30.80,14.97,483.90,99.00,38.10,47.80,81.00,30.90,15.60,483.70,98.57,112.80,142.60,80.27,30.87,47.14
2026-04-22 22:46:00,2026-04-22 22:46:59,Q11,482.00,100.40,37.90,48.20,79.10,30.70,16.69,486.90,98.30,38.50,47.60,82.10,31.70,15.20,482.60,99.10,38.10,47.70,81.30,30.80,15.91,483.83,99.27,114.50,143.50,80.83,31.07,47.80
2026-04-22 22:47:00,2026-04-22 22:47:59,Q11,483.00,100.60,37.40,48.30,78.60,35.70,16.86,486.60,96.60,37.30,46.70,81.70,34.40,15.29,482.50,100.30,38.90,48.20,81.20,33.40,15.94,484.03,99.17,113.60,143.20,80.50,34.50,48.09
2026-04-22 22:48:00,2026-04-22 22:48:59,Q11,482.90,98.70,36.70,47.20,78.30,32.80,16.23,486.20,93.60,36.90,45.20,82.00,32.70,14.54,482.60,98.00,37.60,47.20,80.90,30.50,15.49,483.90,96.77,111.20,139.60,80.40,32.00,46.26
2026-04-22 22:49:00,2026-04-22 22:49:59,Q11,482.60,90.50,33.50,43.40,78.80,32.00,14.86,485.30,85.50,34.00,41.20,83.10,31.40,13.00,484.00,90.10,35.30,43.60,82.00,30.10,14.09,483.97,88.70,102.80,128.20,81.30,31.17,41.94
2026-04-22 22:50:00,2026-04-22 22:50:59,Q11,482.80,90.60,34.00,43.40,79.80,31.40,14.74,486.40,88.40,35.30,42.80,84.80,31.50,12.40,482.40,92.70,36.50,44.30,83.90,29.50,13.60,483.87,90.57,105.80,130.50,82.83,30.80,40.74
2026-04-22 22:51:00,2026-04-22 22:51:59,Q11,481.80,102.30,38.70,49.10,79.20,32.60,16.66,486.80,97.30,38.50,47.10,82.50,32.70,14.97,482.80,101.60,38.90,48.70,81.80,30.70,15.74,483.80,100.40,116.10,144.90,81.17,32.00,47.37
2026-04-22 22:52:00,2026-04-22 22:52:59,Q11,481.30,104.90,39.50,50.00,79.40,33.00,17.09,486.40,99.30,39.40,48.10,82.30,33.90,15.51,482.90,102.70,39.70,49.20,81.90,30.60,16.11,483.53,102.30,118.60,147.30,81.20,32.50,48.71
2026-04-22 22:53:00,2026-04-22 22:53:59,Q11,480.50,97.60,35.90,46.60,78.00,33.30,16.83,485.80,95.10,37.70,46.10,82.30,33.10,14.69,482.60,99.60,38.10,47.70,81.60,31.50,15.74,482.97,97.43,111.70,140.40,80.63,32.63,47.26
2026-04-22 22:54:00,2026-04-22 22:54:59,Q11,481.90,110.70,41.60,52.90,80.00,33.50,17.83,484.50,106.10,41.80,51.30,82.80,32.90,16.09,483.30,110.00,43.50,53.10,82.60,31.70,16.63,483.23,108.93,126.90,157.30,81.80,32.70,50.54
2026-04-22 22:55:00,2026-04-22 22:55:59,Q11,482.40,105.30,39.50,50.60,79.20,35.30,17.20,484.70,99.30,38.50,47.90,82.50,34.50,15.37,482.90,105.60,41.00,50.60,82.10,33.60,16.06,483.33,103.40,119.00,149.10,81.27,34.47,48.63
2026-04-22 22:56:00,2026-04-22 22:56:59,Q11,481.10,102.90,38.70,49.10,79.00,31.50,16.80,484.60,99.20,38.50,47.90,82.30,30.80,15.00,483.70,103.80,40.20,49.70,82.00,30.10,15.66,483.13,101.97,117.40,146.70,81.10,30.80,47.46
2026-04-22 22:57:00,2026-04-22 22:57:59,Q11,482.20,102.00,38.20,49.20,78.80,32.90,16.60,485.00,97.30,38.50,47.00,82.60,33.40,14.80,481.90,101.00,38.90,48.60,81.50,31.40,15.77,483.03,100.10,115.60,144.80,80.97,32.57,47.17
2026-04-22 22:58:00,2026-04-22 22:58:59,Q11,482.10,113.60,43.20,54.50,80.00,38.70,18.54,485.30,111.50,44.50,53.80,84.20,37.20,16.37,482.00,115.10,45.10,55.40,82.50,35.50,17.89,483.13,113.40,132.80,163.70,82.23,37.13,52.80
2026-04-22 22:59:00,2026-04-22 22:59:59,Q11,481.20,99.50,36.70,47.60,78.30,33.80,16.63,486.10,96.00,37.70,46.70,82.50,33.10,14.63,482.10,98.40,38.10,47.20,81.40,32.40,15.74,483.13,97.97,112.50,141.50,80.73,33.10,47.00
2026-04-22 23:00:00,2026-04-22 23:00:59,Q11,480.20,101.40,37.40,48.50,78.80,30.60,16.86,485.70,97.90,38.50,47.00,82.30,30.80,15.06,481.90,101.50,38.90,48.60,81.80,30.50,15.83,482.60,100.27,114.80,144.10,80.97,30.63,47.74
2026-04-22 23:01:00,2026-04-22 23:01:59,Q11,482.00,100.30,37.90,48.20,79.10,31.90,16.69,483.60,98.90,38.50,47.30,82.50,31.40,15.06,482.10,102.00,39.70,49.20,81.50,29.80,15.86,482.57,100.40,116.10,144.70,81.03,31.03,47.60
2026-04-22 23:02:00,2026-04-22 23:02:59,Q11,482.00,97.70,35.90,46.80,78.10,31.60,16.69,484.50,95.80,36.50,46.00,81.10,30.90,15.20,481.40,98.20,37.60,47.10,80.70,29.20,15.71,482.63,97.23,110.00,139.90,79.97,30.57,47.60
2026-04-22 23:03:00,2026-04-22 23:03:59,Q11,482.00,94.90,35.10,45.30,78.50,29.30,15.91,484.60,93.10,37.30,45.00,83.60,27.30,14.00,481.50,97.70,37.30,46.70,81.00,25.30,15.69,482.70,95.23,109.70,137.00,81.03,27.30,45.60
2026-04-22 23:04:00,2026-04-22 23:04:59,Q11,482.30,91.30,35.30,43.90,82.00,31.70,13.97,485.20,88.30,36.10,42.70,86.70,31.90,11.69,481.70,91.50,36.50,43.80,85.70,28.60,12.89,483.07,90.37,107.90,130.40,84.80,30.73,38.54
2026-04-22 23:05:00,2026-04-22 23:05:59,Q11,481.90,94.60,35.50,45.20,79.60,31.20,15.29,484.40,90.10,36.10,43.60,84.80,30.00,12.89,481.50,95.30,37.30,45.70,83.50,27.30,14.31,482.60,93.33,108.90,134.50,82.63,29.50,42.49
2026-04-22 23:06:00,2026-04-22 23:06:59,Q11,481.80,87.40,34.00,41.80,83.30,32.30,13.03,484.20,86.80,35.70,41.60,87.60,30.00,11.37,482.10,90.40,36.50,43.40,85.00,28.90,12.91,482.70,88.20,106.20,126.80,85.30,30.40,37.31
2026-04-22 23:07:00,2026-04-22 23:07:59,Q11,481.10,90.70,34.80,43.30,81.10,32.40,14.43,485.40,86.90,35.30,41.70,86.20,31.90,12.11,481.00,91.10,36.10,43.80,84.70,28.80,13.54,482.50,89.57,106.20,128.80,84.00,31.03,40.09
2026-04-22 23:08:00,2026-04-22 23:08:59,Q11,481.50,83.00,32.80,39.90,84.20,33.00,11.89,483.50,79.80,33.40,38.20,88.90,31.80,10.11,481.70,85.20,34.40,40.90,86.20,28.70,11.80,482.23,82.67,100.60,119.00,86.43,31.17,33.80
2026-04-22 23:09:00,2026-04-22 23:09:59,Q11,480.50,82.70,33.20,39.40,85.10,32.30,11.86,485.30,83.10,35.60,40.30,89.30,30.30,10.20,483.00,86.70,35.30,41.50,86.80,28.10,11.71,482.93,84.17,104.10,121.20,87.07,30.23,33.77
2026-04-22 23:10:00,2026-04-22 23:10:59,Q11,480.60,85.70,32.40,40.80,81.00,31.70,13.66,485.20,84.70,34.00,40.70,85.80,31.00,11.97,483.30,87.90,34.90,42.00,83.00,27.90,13.57,483.03,86.10,101.30,123.50,83.27,30.20,39.20
2026-04-22 23:11:00,2026-04-22 23:11:59,Q11,481.70,75.00,27.00,36.10,75.10,26.70,13.69,486.00,76.40,29.90,36.90,83.80,24.70,11.66,481.50,82.20,30.00,39.40,77.60,21.40,14.49,483.07,77.87,86.90,112.40,78.83,24.27,39.83
2026-04-22 23:12:00,2026-04-22 23:12:59,Q11,481.40,85.10,33.20,40.90,83.40,31.60,13.11,484.50,83.10,34.80,40.20,87.70,31.80,11.11,483.20,88.80,36.10,42.50,86.40,28.90,12.26,483.03,85.67,104.10,123.60,85.83,30.77,36.49
2026-04-22 23:13:00,2026-04-22 23:13:59,Q11,481.70,90.70,32.70,43.30,76.40,36.00,16.20,484.80,90.00,34.80,43.60,81.10,36.20,14.51,483.60,92.20,34.30,44.40,78.90,31.70,15.86,483.37,90.97,101.80,131.30,78.80,34.63,46.57
2026-04-22 23:14:00,2026-04-22 23:14:59,Q11,481.70,91.20,35.70,43.80,83.10,32.70,13.63,486.40,88.40,37.00,42.80,88.00,31.70,11.11,481.50,92.60,37.80,44.30,86.80,28.90,12.46,483.20,90.73,110.50,130.90,85.97,31.10,37.20
2026-04-22 23:15:00,2026-04-22 23:15:59,Q11,481.10,102.10,37.70,49.10,77.70,27.80,17.37,484.50,98.40,38.10,47.40,81.00,27.80,15.91,483.50,102.10,38.70,49.30,79.90,25.70,16.69,483.03,100.87,114.50,145.80,79.53,27.10,49.97
2026-04-22 23:16:00,2026-04-22 23:16:59,Q11,482.30,107.30,40.80,51.60,80.20,29.40,17.43,484.90,103.30,40.70,49.90,83.40,28.10,15.83,482.20,107.10,41.80,51.60,82.10,27.00,16.83,483.13,105.90,123.30,153.10,81.90,28.17,50.09
2026-04-22 23:17:00,2026-04-22 23:17:59,Q11,481.00,102.60,37.70,49.10,77.30,29.30,17.83,486.00,100.60,38.90,48.60,81.60,27.70,15.94,483.60,104.40,40.00,50.20,80.00,25.90,17.20,483.53,102.53,116.60,147.90,79.63,27.63,50.97
2026-04-22 23:18:00,2026-04-22 23:18:59,Q11,482.50,101.10,37.40,48.70,78.50,34.20,17.00,485.50,95.40,37.70,46.10,82.00,34.10,15.11,484.00,101.60,38.90,48.90,81.70,31.90,15.83,484.00,99.37,114.00,143.70,80.73,33.40,47.94
2026-04-22 23:19:00,2026-04-22 23:19:59,Q11,480.90,113.70,43.20,54.20,80.10,33.20,17.94,485.60,109.10,43.20,52.90,83.70,33.60,16.03,483.50,111.10,43.50,53.60,82.50,31.00,17.14,483.33,111.30,129.90,160.70,82.10,32.60,51.11
2026-04-22 23:20:00,2026-04-22 23:20:59,Q11,482.20,90.90,33.50,43.40,78.00,32.70,15.37,486.20,88.60,34.40,42.80,82.10,31.40,13.77,481.70,92.00,35.20,44.30,80.50,28.80,14.83,483.37,90.50,103.10,130.50,80.20,30.97,43.97
2026-04-22 23:21:00,2026-04-22 23:21:59,Q11,481.40,105.90,40.50,50.50,81.10,32.90,16.57,485.80,103.80,40.70,50.00,83.60,33.70,14.83,484.20,104.60,42.00,50.30,84.30,31.80,15.00,483.80,104.77,123.20,150.80,83.00,32.80,46.40
2026-04-22 23:22:00,2026-04-22 23:22:59,Q11,482.20,94.60,34.70,45.30,77.50,32.70,16.14,485.50,91.70,35.20,44.10,80.80,32.10,14.51,484.30,93.90,36.00,45.00,80.40,31.30,15.14,484.00,93.40,105.90,134.40,79.57,32.03,45.80
2026-04-22 23:23:00,2026-04-22 23:23:59,Q11,482.40,83.70,30.40,40.00,76.90,33.40,14.54,485.60,84.00,32.80,40.70,82.80,32.10,12.51,484.40,87.90,33.60,42.10,80.40,30.50,14.09,484.13,85.20,96.80,122.80,80.03,32.00,41.14
2026-04-22 23:24:00,2026-04-22 23:24:59,Q11,481.50,96.30,35.90,46.20,78.20,31.40,16.14,487.10,89.60,35.70,43.30,83.30,33.60,13.31,484.10,94.80,37.30,45.50,83.70,30.70,14.26,484.23,93.57,108.90,135.00,81.73,31.90,43.71
2026-04-22 23:25:00,2026-04-22 23:25:59,Q11,481.50,94.00,34.70,45.20,77.40,33.50,16.29,486.70,92.70,35.60,44.70,81.70,32.90,14.26,484.30,96.90,37.30,46.50,81.10,31.60,15.20,484.17,94.53,107.60,136.40,80.07,32.67,45.74
2026-04-22 23:26:00,2026-04-22 23:26:59,Q11,482.30,81.00,33.20,39.00,85.50,34.80,11.31,487.50,81.10,34.70,39.40,89.10,34.50,9.71,484.20,83.50,34.80,40.20,87.70,32.40,10.71,484.67,81.87,102.70,118.60,87.43,33.90,31.74
2026-04-22 23:27:00,2026-04-22 23:27:59,Q11,483.40,83.60,34.40,40.10,86.20,35.70,11.03,485.90,81.10,34.70,39.30,89.50,33.80,9.69,484.90,83.60,34.80,40.20,87.40,33.20,10.86,484.73,82.77,103.90,119.60,87.70,34.23,31.57
2026-04-22 23:28:00,2026-04-22 23:28:59,Q11,483.40,78.80,31.10,37.70,84.80,31.40,11.11,486.60,77.70,32.90,37.40,89.30,32.60,9.54,482.80,82.00,33.50,39.50,86.30,30.00,11.14,484.27,79.50,97.50,114.60,86.80,31.33,31.80
2026-04-22 23:29:00,2026-04-22 23:29:59,Q11,483.10,99.30,39.50,47.80,84.90,36.50,14.00,485.30,94.10,38.70,45.60,86.70,38.50,12.77,484.50,97.50,39.60,46.90,86.90,35.80,12.83,484.30,96.97,117.80,140.30,86.17,36.93,39.60
2026-04-22 23:30:00,2026-04-22 23:30:59,Q11,483.50,102.20,40.20,49.30,82.50,33.60,15.34,485.70,98.80,40.00,47.50,85.40,32.80,13.71,483.70,103.00,41.20,49.70,84.80,31.40,14.40,484.30,101.33,121.40,146.50,84.23,32.60,43.46
2026-04-22 23:31:00,2026-04-22 23:31:59,Q11,482.30,108.40,41.10,52.10,79.50,32.50,17.57,487.50,103.90,41.00,50.20,82.50,32.50,15.74,483.50,106.80,41.80,51.20,82.30,30.60,16.34,484.43,106.37,123.90,153.50,81.43,31.87,49.66
2026-04-22 23:32:00,2026-04-22 23:32:59,Q11,482.00,91.80,33.10,43.90,77.60,32.00,15.80,487.50,91.60,36.10,44.30,82.20,31.20,13.94,484.00,97.00,36.80,46.90,80.50,29.60,15.23,484.50,93.47,106.00,135.10,80.10,30.93,44.97
2026-04-22 23:33:00,2026-04-22 23:33:59,Q11,483.10,95.40,34.70,45.90,77.50,32.20,15.89,486.60,91.50,36.10,44.20,82.00,32.70,13.97,482.70,95.80,36.50,45.80,81.00,30.60,15.03,484.13,94.23,107.30,135.90,80.17,31.83,44.89
2026-04-22 23:34:00,2026-04-22 23:34:59,Q11,482.40,94.60,34.70,45.30,77.90,31.50,16.14,487.20,93.90,36.90,45.30,82.10,31.40,14.37,482.70,98.20,37.60,47.20,80.80,29.30,15.40,484.10,95.57,109.20,137.80,80.27,30.73,45.91
2026-04-22 23:35:00,2026-04-22 23:35:59,Q11,483.60,88.80,32.30,42.50,77.70,33.50,15.34,485.80,87.70,34.40,42.20,82.30,32.50,13.63,482.90,92.20,35.20,44.30,80.40,30.90,14.89,484.10,89.57,101.90,129.00,80.13,32.30,43.86
2026-04-22 23:36:00,2026-04-22 23:36:59,Q11,482.40,97.70,35.90,46.80,78.10,33.50,16.60,487.30,96.20,37.70,46.80,82.40,33.00,14.57,483.20,101.30,38.90,48.80,81.40,31.70,15.63,484.30,98.40,112.50,142.40,80.63,32.73,46.80
2026-04-22 23:37:00,2026-04-22 23:37:59,Q11,483.10,96.20,35.90,46.40,78.40,33.50,16.26,487.40,95.00,37.70,46.30,82.10,32.30,14.69,483.10,99.40,37.60,47.80,80.70,30.70,15.69,484.53,96.87,111.20,140.50,80.40,32.17,46.63
2026-04-22 23:38:00,2026-04-22 23:38:59,Q11,482.40,83.70,32.40,40.00,81.10,30.50,13.06,486.80,80.80,32.30,38.90,85.50,31.70,11.40,485.30,83.80,33.20,40.30,83.70,28.70,12.57,484.83,82.77,97.90,119.20,83.43,30.30,37.03
2026-04-22 23:39:00,2026-04-22 23:39:59,Q11,484.30,84.60,32.80,40.70,82.80,34.50,12.83,486.70,81.50,33.50,39.40,86.90,34.90,11.09,483.40,86.30,34.80,41.50,85.50,32.30,12.17,484.80,84.13,101.10,121.60,85.07,33.90,36.09
2026-04-22 23:40:00,2026-04-22 23:40:59,Q11,482.50,81.50,33.50,39.00,86.00,35.50,11.00,487.10,80.10,33.80,39.00,89.00,33.90,9.80,485.20,82.90,33.90,39.80,87.20,33.10,10.74,484.93,81.50,101.20,117.80,87.40,34.17,31.54
2026-04-22 23:41:00,2026-04-22 23:41:59,Q11,484.10,85.70,33.60,41.10,82.90,35.40,13.20,486.20,84.20,34.40,40.80,86.70,36.20,11.06,484.90,85.10,35.30,41.10,86.90,32.20,11.66,485.07,85.00,103.30,123.00,85.50,34.60,35.91
2026-04-22 23:42:00,2026-04-22 23:42:59,Q11,483.80,97.80,35.90,46.90,78.50,31.90,16.34,487.80,97.30,38.50,47.20,82.20,31.90,14.69,483.60,100.10,38.90,48.30,81.00,29.40,15.69,485.07,98.40,113.30,142.40,80.57,31.07,46.71
2026-04-22 23:43:00,2026-04-22 23:43:59,Q11,483.00,85.50,34.00,41.10,83.60,32.90,12.40,488.20,82.60,34.80,40.00,87.70,31.30,10.66,484.50,86.80,34.80,41.60,85.90,29.40,11.89,485.23,84.97,103.60,122.70,85.73,31.20,34.94
2026-04-22 23:44:00,2026-04-22 23:44:59,Q11,484.70,91.40,33.90,44.00,77.80,31.80,15.63,486.90,89.80,35.30,43.30,82.00,31.70,13.91,484.80,92.30,35.20,44.50,80.80,29.00,14.91,485.47,91.17,104.40,131.80,80.20,30.83,44.46
2026-04-22 23:45:00,2026-04-22 23:45:59,Q11,484.50,97.30,35.90,46.90,78.40,33.10,16.09,487.00,94.20,36.50,45.80,81.80,32.60,14.66,484.00,96.60,36.80,46.50,80.40,30.60,15.54,485.17,96.03,109.20,139.20,80.20,32.10,46.29
2026-04-22 23:46:00,2026-04-22 23:46:59,Q11,483.80,93.20,35.60,44.90,81.20,33.10,14.69,487.30,88.90,35.30,42.90,84.50,34.20,12.66,483.30,92.30,37.40,44.40,85.20,30.70,13.06,484.80,91.47,108.30,132.20,83.63,32.67,40.40
2026-04-22 23:47:00,2026-04-22 23:47:59,Q11,483.90,94.30,35.10,45.40,78.30,32.80,16.14,487.70,91.60,36.10,44.30,82.70,33.40,13.94,483.50,95.50,36.90,45.90,82.30,30.40,14.89,485.03,93.80,108.10,135.60,81.10,32.20,44.97
2026-04-22 23:48:00,2026-04-22 23:48:59,Q11,484.20,85.30,33.20,41.10,81.10,34.30,13.29,486.50,81.10,33.20,39.40,85.70,33.20,11.40,483.70,87.10,35.30,42.00,84.10,31.60,12.63,484.80,84.50,101.70,122.50,83.63,33.03,37.31
2026-04-22 23:49:00,2026-04-22 23:49:59,Q11,484.30,95.40,36.50,46.00,81.70,32.90,14.20,486.70,92.40,37.40,44.70,85.60,31.80,12.46,484.00,94.60,37.80,45.50,84.30,30.50,13.49,485.00,94.13,111.70,136.20,83.87,31.73,40.14
2026-04-22 23:50:00,2026-04-22 23:50:59,Q11,483.50,99.50,36.70,47.80,78.10,32.80,16.77,487.00,96.20,37.30,46.80,81.90,31.80,14.89,483.70,100.00,38.90,48.30,81.20,30.70,15.77,484.73,98.57,112.90,142.90,80.40,31.77,47.43
2026-04-22 23:51:00,2026-04-22 23:51:59,Q11,484.30,106.20,40.30,51.30,79.50,33.90,17.31,486.80,103.30,41.00,50.10,82.90,32.80,15.63,483.70,108.50,42.10,52.20,81.90,31.20,16.51,484.93,106.00,123.40,153.60,81.43,32.63,49.46
2026-04-22 23:52:00,2026-04-22 23:52:59,Q11,484.10,104.30,39.00,50.30,78.80,35.40,17.60,486.40,104.10,41.50,50.50,83.20,34.30,15.57,483.60,108.20,42.10,52.20,81.40,32.40,17.03,484.70,105.53,122.60,153.00,81.13,34.03,50.20
2026-04-22 23:53:00,2026-04-22 23:53:59,Q11,482.70,91.70,33.10,43.90,77.20,33.90,15.77,487.90,86.50,33.20,41.90,81.30,34.40,14.03,484.80,92.50,35.20,44.50,80.40,32.30,14.94,485.13,90.23,101.50,130.30,79.63,33.53,44.74
2026-04-22 23:54:00,2026-04-22 23:54:59,Q11,484.90,85.80,32.40,41.10,79.50,33.30,14.29,487.70,82.50,32.80,39.90,84.10,33.60,11.86,484.30,88.00,35.30,42.60,84.70,29.80,12.57,485.63,85.43,100.50,123.60,82.77,32.23,38.71
2026-04-22 23:55:00,2026-04-22 23:55:59,Q11,483.60,85.10,31.60,41.10,77.20,32.50,14.63,489.00,81.10,32.00,39.60,82.80,31.50,12.63,485.00,88.30,33.60,42.70,80.70,29.50,14.11,485.87,84.83,97.20,123.40,80.23,31.17,41.37
2026-04-22 23:56:00,2026-04-22 23:56:59,Q11,483.70,97.60,35.40,46.90,77.50,32.80,16.83,488.80,95.30,37.70,46.40,82.40,33.50,14.43,484.00,100.50,38.90,48.40,81.70,30.90,15.63,485.50,97.80,112.00,141.70,80.53,32.40,46.89
2026-04-22 23:57:00,2026-04-22 23:57:59,Q11,483.30,89.70,33.20,43.00,79.00,33.20,14.80,488.60,79.40,31.90,38.60,84.10,35.90,11.54,485.70,85.70,35.30,41.20,86.60,29.00,11.91,485.87,84.93,100.40,122.80,83.23,32.70,38.26
2026-04-22 23:58:00,2026-04-22 23:58:59,Q11,485.20,83.50,33.20,40.30,83.90,35.90,12.37,487.50,79.80,33.40,38.50,88.30,34.90,10.26,484.40,85.60,35.70,41.10,87.40,31.40,11.29,485.70,82.97,102.30,119.90,86.53,34.07,33.91
2026-04-22 23:59:00,2026-04-22 23:59:59,Q11,484.50,84.10,32.00,40.70,80.40,38.30,13.71,487.00,83.40,33.60,40.40,84.90,35.70,11.91,485.20,87.00,34.90,42.20,83.40,33.50,13.03,485.57,84.83,100.50,123.30,82.90,35.83,38.66
