Start Time,End Time,Meter,l1Volt,l1Amp,l1Kw,l1Kva,l1Pf,l1THD,l1Kvar,l2Volt,l2Amp,l2Kw,l2Kva,l2Pf,l2THD,l2Kvar,l3Volt,l3Amp,l3Kw,l3Kva,l3Pf,l3THD,l3Kvar,avgVolt,avgAmp,totalKw,totalKva,avgPf,avgTHD,totalKvar
2026-04-22 00:00:00,2026-04-22 00:00:59,Q10,483.70,107.30,49.50,51.70,97.50,74.90,5.34,485.80,117.80,54.30,56.70,97.40,74.70,6.03,479.60,111.60,50.30,53.20,95.20,76.10,7.60,483.03,112.23,154.10,161.60,96.70,75.23,18.97
2026-04-22 00:01:00,2026-04-22 00:01:59,Q10,483.40,96.00,44.60,46.40,97.90,79.40,4.34,485.20,109.40,50.40,52.90,97.50,78.50,5.26,480.50,99.10,44.70,47.50,95.50,80.90,6.57,483.03,101.50,139.70,146.80,96.97,79.60,16.17
2026-04-22 00:02:00,2026-04-22 00:02:59,Q10,484.20,91.30,43.10,44.00,98.10,80.40,3.89,484.10,101.40,46.60,48.90,97.60,79.90,4.86,480.10,92.00,41.80,44.20,95.70,81.70,5.89,482.80,94.90,131.50,137.10,97.13,80.67,14.63
2026-04-22 00:03:00,2026-04-22 00:03:59,Q10,483.10,88.90,41.20,42.50,98.20,82.60,3.60,485.80,95.80,44.60,46.10,97.70,81.50,4.49,479.50,90.80,40.80,43.10,95.90,83.40,5.54,482.80,91.83,126.60,131.70,97.27,82.50,13.63
2026-04-22 00:04:00,2026-04-22 00:04:59,Q10,483.10,85.30,40.20,41.10,98.20,80.60,3.40,485.90,95.50,45.10,46.10,98.00,79.80,4.09,479.50,87.50,39.00,41.70,95.90,82.30,5.34,482.83,89.43,124.30,128.90,97.37,80.90,12.83
2026-04-22 00:05:00,2026-04-22 00:05:59,Q10,484.10,85.00,40.20,41.10,98.30,80.20,3.40,485.00,95.90,44.60,46.10,97.90,78.50,4.23,478.80,88.00,39.90,42.10,95.80,82.10,5.54,482.63,89.63,124.70,129.30,97.33,80.27,13.17
2026-04-22 00:06:00,2026-04-22 00:06:59,Q10,483.30,84.60,39.20,40.60,98.30,81.50,3.29,484.60,93.00,43.70,45.00,97.90,82.70,4.11,480.20,88.50,39.90,42.20,95.90,84.50,5.23,482.70,88.70,122.80,127.80,97.37,82.90,12.63
2026-04-22 00:07:00,2026-04-22 00:07:59,Q10,484.30,80.40,37.20,38.70,98.50,83.10,2.91,487.00,87.80,41.20,42.40,98.00,84.80,3.66,480.60,81.30,36.50,38.90,96.30,86.20,4.57,483.97,83.17,114.90,120.00,97.60,84.70,11.14
2026-04-22 00:08:00,2026-04-22 00:08:59,Q10,484.00,87.60,41.20,42.10,98.30,85.40,3.43,486.70,99.00,47.00,48.10,98.00,85.70,4.23,480.80,91.20,40.80,43.70,95.90,87.30,5.51,483.83,92.60,129.00,133.90,97.40,86.13,13.17
2026-04-22 00:09:00,2026-04-22 00:09:59,Q10,483.80,97.00,45.10,46.90,98.10,82.50,3.97,485.70,107.30,49.50,51.90,97.60,82.30,4.91,481.60,97.20,44.20,46.70,96.00,84.80,5.83,483.70,100.50,138.80,145.50,97.23,83.20,14.71
2026-04-22 00:10:00,2026-04-22 00:10:59,Q10,485.70,88.70,41.20,42.70,98.40,85.50,3.34,486.40,98.20,45.60,47.60,97.90,84.70,4.26,480.40,90.50,41.30,43.20,96.20,85.20,5.23,484.17,92.47,128.10,133.50,97.50,85.13,12.83
2026-04-22 00:11:00,2026-04-22 00:11:59,Q10,484.60,86.00,40.20,41.60,98.40,85.60,3.23,487.10,95.70,44.60,46.30,97.90,85.50,4.09,480.90,88.90,40.30,42.20,96.40,87.60,4.97,484.20,90.20,125.10,130.10,97.57,86.23,12.29
2026-04-22 00:12:00,2026-04-22 00:12:59,Q10,485.70,82.00,38.20,39.80,98.60,86.20,2.83,486.80,91.20,43.10,44.20,98.00,82.70,3.77,481.10,83.00,37.40,39.90,96.50,85.80,4.54,484.53,85.40,118.70,123.90,97.70,84.90,11.14
2026-04-22 00:13:00,2026-04-22 00:13:59,Q10,485.10,96.80,45.10,46.60,98.10,83.20,3.97,486.50,103.80,48.50,50.10,97.70,82.50,4.74,480.60,96.30,44.20,46.10,96.30,85.30,5.54,484.07,98.97,137.80,142.80,97.37,83.67,14.26
2026-04-22 00:14:00,2026-04-22 00:14:59,Q10,484.70,100.20,47.00,48.40,98.00,79.00,4.29,485.50,106.30,49.50,51.40,97.60,78.70,5.06,482.30,102.10,47.00,49.20,96.30,79.60,5.83,484.17,102.87,143.50,149.00,97.30,79.10,15.17
2026-04-22 00:15:00,2026-04-22 00:15:59,Q10,485.20,92.50,43.10,44.60,98.20,85.50,3.66,485.40,97.40,45.60,47.00,97.70,84.90,4.46,482.30,92.20,42.20,44.30,96.50,87.10,5.11,484.30,94.03,130.90,135.90,97.47,85.83,13.23
2026-04-22 00:16:00,2026-04-22 00:16:59,Q10,485.90,85.10,40.20,41.20,98.40,82.30,3.23,485.60,95.20,44.60,46.10,97.80,83.90,4.11,482.10,86.40,39.40,41.50,96.50,85.70,4.71,484.53,88.90,124.20,128.80,97.57,83.97,12.06
2026-04-22 00:17:00,2026-04-22 00:17:59,Q10,484.80,81.50,38.20,39.20,98.80,86.80,2.57,485.90,88.80,40.70,42.70,97.70,83.40,4.00,482.30,81.10,37.40,39.00,96.60,86.60,4.29,484.33,83.80,116.30,120.90,97.70,85.60,10.86
2026-04-22 00:18:00,2026-04-22 00:18:59,Q10,486.10,85.80,40.20,41.30,98.70,86.30,2.89,486.40,95.60,44.60,46.20,97.90,86.70,4.06,480.90,81.90,36.50,38.90,96.30,89.90,4.80,484.47,87.77,121.30,126.40,97.63,87.63,11.74
2026-04-22 00:19:00,2026-04-22 00:19:59,Q10,484.80,83.40,39.20,40.20,98.60,85.90,2.83,486.60,88.90,40.70,42.80,97.90,83.30,3.86,481.70,83.20,37.40,39.90,96.50,87.30,4.54,484.37,85.17,117.30,122.90,97.67,85.50,11.23
2026-04-22 00:20:00,2026-04-22 00:20:59,Q10,485.20,80.80,37.20,38.80,98.70,87.80,2.63,486.80,89.90,42.10,43.30,98.00,88.00,3.63,480.80,80.20,36.50,38.40,96.50,91.60,4.37,484.27,83.63,115.80,120.50,97.73,89.13,10.63
2026-04-22 00:21:00,2026-04-22 00:21:59,Q10,486.10,81.40,38.20,39.40,98.80,89.40,2.49,486.30,89.40,42.10,43.30,98.00,87.80,3.74,480.50,80.30,36.50,38.40,96.30,90.90,4.51,484.30,83.70,116.80,121.10,97.70,89.37,10.74
2026-04-22 00:22:00,2026-04-22 00:22:59,Q10,486.40,80.70,37.20,38.90,98.80,87.70,2.63,485.90,90.30,42.10,43.70,98.00,87.30,3.77,481.70,80.00,36.50,38.50,96.30,90.80,4.54,484.67,83.67,115.80,121.10,97.70,88.60,10.94
2026-04-22 00:23:00,2026-04-22 00:23:59,Q10,484.90,78.00,36.30,37.80,98.70,88.40,2.54,486.20,86.40,39.80,41.80,97.90,88.80,3.63,482.60,77.30,35.50,37.10,96.50,91.30,4.20,484.57,80.57,111.60,116.70,97.70,89.50,10.37
2026-04-22 00:24:00,2026-04-22 00:24:59,Q10,485.20,79.70,37.20,38.30,98.70,89.10,2.60,487.70,84.40,39.20,40.90,98.00,89.00,3.60,481.60,79.30,35.50,38.00,96.80,91.20,4.06,484.83,81.13,111.90,117.20,97.83,89.77,10.26
2026-04-22 00:25:00,2026-04-22 00:25:59,Q10,485.60,82.20,38.20,39.80,98.60,86.70,2.83,486.80,90.50,42.10,43.70,98.00,86.80,3.83,482.20,81.50,37.40,39.00,96.60,89.00,4.49,484.87,84.73,117.70,122.50,97.73,87.50,11.14
2026-04-22 00:26:00,2026-04-22 00:26:59,Q10,485.50,80.90,37.20,38.80,98.70,88.90,2.63,486.20,89.80,42.10,43.30,98.10,89.20,3.60,482.70,81.10,37.40,39.00,96.60,91.50,4.34,484.80,83.93,116.70,121.10,97.80,89.87,10.57
2026-04-22 00:27:00,2026-04-22 00:27:59,Q10,486.50,78.10,36.30,37.90,98.80,88.10,2.49,486.30,87.60,41.20,42.30,98.00,87.60,3.66,481.20,78.70,35.50,37.50,96.30,89.10,4.37,484.67,81.47,113.00,117.70,97.70,88.27,10.51
2026-04-22 00:28:00,2026-04-22 00:28:59,Q10,486.10,78.60,36.30,37.90,98.90,91.30,2.29,486.90,86.20,40.20,41.80,98.00,90.10,3.57,480.80,76.70,34.60,36.50,96.40,93.60,4.17,484.60,80.50,111.10,116.20,97.77,91.67,10.03
2026-04-22 00:29:00,2026-04-22 00:29:59,Q10,485.70,80.10,37.20,38.80,98.90,89.60,2.46,486.20,87.60,40.70,42.30,97.80,89.20,3.77,482.00,76.80,34.60,36.60,96.60,92.70,4.23,484.63,81.50,112.50,117.70,97.77,90.50,10.46
2026-04-22 00:30:00,2026-04-22 00:30:59,Q10,484.80,82.80,38.20,39.70,98.60,87.90,2.83,485.20,88.90,40.70,42.70,97.90,86.90,3.89,481.70,81.60,36.50,39.00,96.60,90.20,4.46,483.90,84.43,115.40,121.40,97.70,88.33,11.17
2026-04-22 00:31:00,2026-04-22 00:31:59,Q10,485.90,80.90,37.20,38.80,98.80,89.90,2.57,486.10,87.50,40.70,42.30,97.90,87.70,3.77,480.50,81.40,36.50,38.90,96.40,92.10,4.43,484.17,83.27,114.40,120.00,97.70,89.90,10.77
2026-04-22 00:32:00,2026-04-22 00:32:59,Q10,484.40,76.00,35.30,36.80,98.90,87.60,2.23,486.90,85.00,40.20,41.30,98.00,88.10,3.46,481.70,75.50,34.60,36.10,96.40,91.10,4.11,484.33,78.83,110.10,114.20,97.77,88.93,9.80
2026-04-22 00:33:00,2026-04-22 00:33:59,Q10,485.70,84.50,39.20,40.70,98.70,88.00,2.71,486.90,90.80,42.10,43.70,98.00,87.50,3.83,480.50,84.10,38.40,40.30,96.20,90.30,4.74,484.37,86.47,119.70,124.70,97.63,88.60,11.29
2026-04-22 00:34:00,2026-04-22 00:34:59,Q10,485.80,79.70,37.20,38.30,98.80,84.60,2.54,486.00,92.10,43.10,44.70,98.00,86.30,3.71,481.90,81.50,36.50,39.00,96.40,87.60,4.43,484.57,84.43,116.80,122.00,97.73,86.17,10.69
2026-04-22 00:35:00,2026-04-22 00:35:59,Q10,486.00,83.60,39.20,40.30,98.60,88.00,2.83,486.30,88.90,40.70,42.80,97.90,87.20,3.83,482.30,82.00,37.40,39.50,96.60,89.50,4.49,484.87,84.83,117.30,122.60,97.70,88.23,11.14
2026-04-22 00:36:00,2026-04-22 00:36:59,Q10,486.00,87.00,41.20,42.30,98.60,87.50,3.03,487.50,96.10,45.10,46.80,98.10,85.90,3.94,481.50,86.70,39.40,41.40,96.30,88.60,4.91,485.00,89.93,125.70,130.50,97.67,87.33,11.89
2026-04-22 00:37:00,2026-04-22 00:37:59,Q10,486.10,80.50,37.20,38.90,98.70,85.60,2.69,486.00,89.50,41.70,43.30,97.80,86.50,3.89,482.50,83.60,38.40,40.00,96.50,88.50,4.40,484.87,84.53,117.30,122.20,97.67,86.87,10.97
2026-04-22 00:38:00,2026-04-22 00:38:59,Q10,484.10,82.00,38.20,39.70,98.30,82.90,3.23,484.90,90.50,41.70,43.60,97.80,82.30,4.03,481.50,84.50,38.40,40.40,96.30,85.50,4.74,483.50,85.67,118.30,123.70,97.47,83.57,12.00
2026-04-22 00:39:00,2026-04-22 00:39:59,Q10,485.20,87.90,41.20,42.20,98.10,78.30,3.71,484.90,98.00,45.60,47.40,97.70,76.90,4.51,480.10,89.60,40.30,42.70,96.10,79.00,5.37,483.40,91.83,127.10,132.30,97.30,78.07,13.60
2026-04-22 00:40:00,2026-04-22 00:40:59,Q10,483.90,78.10,36.30,37.70,98.50,83.60,2.97,485.10,88.30,40.70,42.70,97.80,84.10,3.94,481.30,80.30,36.50,38.50,96.50,86.60,4.54,483.43,82.23,113.50,118.90,97.60,84.77,11.46
2026-04-22 00:41:00,2026-04-22 00:41:59,Q10,485.00,78.00,36.30,37.80,98.60,83.30,2.71,485.60,85.60,39.80,41.20,97.90,83.80,3.80,480.00,78.00,35.50,37.40,96.30,86.80,4.46,483.53,80.53,111.60,116.40,97.60,84.63,10.97
2026-04-22 00:42:00,2026-04-22 00:42:59,Q10,484.90,84.20,39.20,40.70,98.40,78.80,3.23,485.90,91.00,42.70,44.10,97.70,79.90,4.29,479.70,85.70,38.40,40.70,96.20,82.20,4.97,483.50,86.97,120.30,125.50,97.43,80.30,12.49
2026-04-22 00:43:00,2026-04-22 00:43:59,Q10,483.50,85.80,40.20,41.10,98.30,81.90,3.40,486.30,95.30,44.60,46.20,97.80,81.60,4.29,480.70,86.60,39.40,41.30,96.10,82.70,5.17,483.50,89.23,124.20,128.60,97.40,82.07,12.86
2026-04-22 00:44:00,2026-04-22 00:44:59,Q10,483.80,83.10,39.20,40.10,98.30,79.60,3.23,486.40,92.80,42.70,44.70,97.80,79.30,4.09,480.60,85.80,38.40,40.80,96.10,82.70,5.00,483.60,87.23,120.30,125.60,97.40,80.53,12.31
2026-04-22 00:45:00,2026-04-22 00:45:59,Q10,484.60,82.70,38.20,39.70,98.40,83.00,3.20,486.20,92.90,42.70,44.70,97.70,81.90,4.31,479.40,84.90,38.40,40.20,96.10,84.60,5.03,483.40,86.83,119.30,124.60,97.40,83.17,12.54
2026-04-22 00:46:00,2026-04-22 00:46:59,Q10,483.60,88.20,41.20,42.50,98.00,80.90,3.94,486.40,99.00,46.60,48.10,97.60,81.80,4.69,480.30,92.20,42.20,44.20,96.00,83.30,5.54,483.43,93.13,130.00,134.80,97.20,82.00,14.17
2026-04-22 00:47:00,2026-04-22 00:47:59,Q10,485.00,91.50,43.10,44.10,98.00,80.80,4.00,485.60,101.70,46.60,49.00,97.50,80.10,4.94,480.00,93.20,41.80,44.60,95.90,82.70,5.83,483.53,95.47,131.50,137.70,97.13,81.20,14.77
2026-04-22 00:48:00,2026-04-22 00:48:59,Q10,485.00,83.70,39.20,40.30,98.50,82.40,3.06,485.80,92.30,42.70,44.60,97.80,79.70,4.14,479.90,83.80,37.40,39.80,96.10,83.10,5.00,483.57,86.60,119.30,124.70,97.47,81.73,12.20
2026-04-22 00:49:00,2026-04-22 00:49:59,Q10,484.90,85.20,40.20,41.10,98.30,84.20,3.23,485.30,91.10,42.70,44.10,97.80,83.10,4.09,479.60,84.40,38.40,40.20,96.20,84.60,4.94,483.27,86.90,121.30,125.40,97.43,83.97,12.26
2026-04-22 00:50:00,2026-04-22 00:50:59,Q10,484.20,89.40,42.10,43.10,98.10,79.40,3.86,484.40,99.80,45.60,47.90,97.70,79.60,4.54,480.80,93.20,42.20,44.60,96.20,81.10,5.40,483.13,94.13,129.90,135.60,97.33,80.03,13.80
2026-04-22 00:51:00,2026-04-22 00:51:59,Q10,484.00,95.20,43.70,46.00,97.90,80.60,4.23,485.30,103.40,47.50,50.00,97.50,79.60,5.00,478.70,96.00,42.80,45.90,95.80,82.40,6.03,482.67,98.20,134.00,141.90,97.07,80.87,15.26
2026-04-22 00:52:00,2026-04-22 00:52:59,Q10,483.30,97.00,44.60,46.90,97.80,78.90,4.43,485.80,104.90,48.50,50.40,97.60,78.30,5.09,480.90,98.70,44.70,47.00,95.90,79.20,6.14,483.33,100.20,137.80,144.30,97.10,78.80,15.66
2026-04-22 00:53:00,2026-04-22 00:53:59,Q10,484.60,94.80,44.10,45.50,98.30,83.40,3.60,486.70,102.40,47.50,49.60,97.80,82.20,4.51,480.40,92.80,42.20,44.20,96.30,83.60,5.43,483.90,96.67,133.80,139.30,97.47,83.07,13.54
2026-04-22 00:54:00,2026-04-22 00:54:59,Q10,485.80,91.50,43.10,44.10,98.40,85.60,3.43,485.60,98.80,45.60,47.50,97.60,85.70,4.57,481.50,89.70,40.30,42.80,96.50,86.30,5.03,484.30,93.33,129.00,134.40,97.50,85.87,13.03
2026-04-22 00:55:00,2026-04-22 00:55:59,Q10,485.10,93.50,44.10,45.10,98.20,83.00,3.71,486.80,103.20,48.50,50.10,97.70,82.30,4.63,480.70,92.40,42.20,44.20,96.30,86.00,5.37,484.20,96.37,134.80,139.40,97.40,83.77,13.71
2026-04-22 00:56:00,2026-04-22 00:56:59,Q10,485.00,92.50,43.10,44.60,98.30,85.80,3.63,487.40,100.90,46.60,48.70,97.80,84.80,4.57,481.40,92.80,42.20,44.30,96.10,86.10,5.49,484.60,95.40,131.90,137.60,97.40,85.57,13.69
2026-04-22 00:57:00,2026-04-22 00:57:59,Q10,485.10,90.30,42.10,43.70,98.30,82.80,3.51,487.00,100.40,46.60,48.70,97.80,82.00,4.46,480.70,91.50,41.30,43.70,96.20,85.90,5.34,484.27,94.07,130.00,136.10,97.43,83.57,13.31
2026-04-22 00:58:00,2026-04-22 00:58:59,Q10,485.10,89.10,42.10,43.20,98.30,84.50,3.66,485.80,99.70,46.60,48.00,97.80,85.00,4.54,482.40,93.30,42.20,44.80,96.30,87.90,5.34,484.43,94.03,130.90,136.00,97.47,85.80,13.54
2026-04-22 00:59:00,2026-04-22 00:59:59,Q10,485.40,92.00,43.10,44.60,98.20,85.80,3.63,485.30,98.40,45.60,47.50,97.80,85.70,4.43,482.00,93.30,42.20,44.80,96.30,87.70,5.31,484.23,94.57,130.90,136.90,97.43,86.40,13.37
2026-04-22 01:00:00,2026-04-22 01:00:59,Q10,484.50,90.60,42.10,43.60,98.30,83.70,3.49,487.00,100.10,46.60,48.70,97.70,82.90,4.51,481.00,93.00,42.20,44.70,96.10,85.60,5.34,484.17,94.57,130.90,137.00,97.37,84.07,13.34
2026-04-22 01:01:00,2026-04-22 01:01:59,Q10,484.50,91.80,43.10,44.00,98.40,86.10,3.46,486.10,101.00,47.50,49.10,97.60,85.80,4.63,481.80,90.30,41.30,43.30,96.20,86.80,5.29,484.13,94.37,131.90,136.40,97.40,86.23,13.37
2026-04-22 01:02:00,2026-04-22 01:02:59,Q10,484.60,90.30,42.10,43.60,98.40,83.60,3.43,486.80,99.10,46.60,48.10,97.70,82.40,4.46,481.70,91.00,41.30,43.80,96.30,84.90,5.17,484.37,93.47,130.00,135.50,97.47,83.63,13.06
2026-04-22 01:03:00,2026-04-22 01:03:59,Q10,485.60,95.40,45.10,46.10,98.40,83.50,3.66,485.50,104.60,48.50,50.40,97.70,83.50,4.83,481.90,96.50,44.20,46.20,96.20,85.00,5.63,484.33,98.83,137.80,142.70,97.43,84.00,14.11
2026-04-22 01:04:00,2026-04-22 01:04:59,Q10,486.00,99.30,47.00,48.10,98.20,79.30,3.97,485.40,108.60,50.40,52.40,97.50,81.10,5.29,480.70,100.10,45.60,48.00,95.90,81.60,6.03,484.03,102.67,143.00,148.50,97.20,80.67,15.29
2026-04-22 01:05:00,2026-04-22 01:05:59,Q10,484.30,93.60,44.10,45.00,98.10,79.90,3.86,486.80,102.00,47.50,49.60,97.70,81.80,4.69,480.40,94.20,43.20,45.10,96.20,83.80,5.51,483.83,96.60,134.80,139.70,97.33,81.83,14.06
2026-04-22 01:06:00,2026-04-22 01:06:59,Q10,485.50,93.30,44.10,45.10,98.30,84.70,3.60,485.10,100.20,46.60,48.50,97.80,85.10,4.46,481.10,93.00,42.20,44.70,96.30,86.50,5.29,483.90,95.50,132.90,138.30,97.47,85.43,13.34
2026-04-22 01:07:00,2026-04-22 01:07:59,Q10,485.00,95.50,45.10,46.10,98.00,82.20,4.00,486.10,103.10,48.50,50.10,97.70,81.10,4.66,480.70,95.20,43.20,45.60,96.30,82.70,5.54,483.93,97.93,136.80,141.80,97.33,82.00,14.20
2026-04-22 01:08:00,2026-04-22 01:08:59,Q10,484.20,95.90,44.10,46.00,98.10,83.40,3.91,485.80,103.30,47.50,50.00,97.90,83.90,4.49,482.00,97.10,44.20,46.80,96.50,85.40,5.43,484.00,98.77,135.80,142.80,97.50,84.23,13.83
2026-04-22 01:09:00,2026-04-22 01:09:59,Q10,484.30,87.40,41.20,42.10,98.10,85.90,3.71,486.60,97.90,46.10,47.10,98.00,82.20,4.11,481.00,92.50,42.20,44.30,96.50,87.60,5.14,483.97,92.60,129.50,133.50,97.53,85.23,12.97
2026-04-22 01:10:00,2026-04-22 01:10:59,Q10,485.90,93.40,44.10,45.10,98.20,84.40,3.69,485.60,101.20,46.60,49.00,97.80,83.80,4.54,480.80,93.90,42.20,44.60,96.20,86.10,5.46,484.10,96.17,132.90,138.70,97.40,84.77,13.69
2026-04-22 01:11:00,2026-04-22 01:11:59,Q10,483.80,96.30,44.60,46.40,97.70,84.60,4.34,486.20,103.80,48.50,50.10,97.90,85.00,4.57,481.80,97.40,44.20,46.70,96.30,85.50,5.71,483.93,99.17,137.30,143.20,97.30,85.03,14.63
2026-04-22 01:12:00,2026-04-22 01:12:59,Q10,484.40,94.20,44.10,45.50,98.10,84.70,3.89,487.00,104.00,48.50,50.60,97.80,85.10,4.54,481.70,95.40,43.20,45.70,96.20,86.10,5.57,484.37,97.87,135.80,141.80,97.37,85.30,14.00
2026-04-22 01:13:00,2026-04-22 01:13:59,Q10,485.80,93.40,44.10,45.10,98.20,81.40,3.77,485.90,101.00,46.60,49.00,97.80,82.10,4.51,482.20,93.50,42.20,44.80,96.40,84.20,5.31,484.63,95.97,132.90,138.90,97.47,82.57,13.60
2026-04-22 01:14:00,2026-04-22 01:14:59,Q10,486.00,96.60,45.10,46.70,98.20,84.80,3.80,487.20,103.40,48.50,50.20,97.80,84.10,4.63,481.30,96.60,44.20,46.20,96.30,85.80,5.49,484.83,98.87,137.80,143.10,97.43,84.90,13.91
2026-04-22 01:15:00,2026-04-22 01:15:59,Q10,486.50,95.10,45.10,46.20,98.20,81.30,3.89,486.40,104.00,48.50,50.50,97.70,80.70,4.83,481.20,97.80,44.20,46.70,96.20,84.30,5.71,484.70,98.97,137.80,143.40,97.37,82.10,14.43
2026-04-22 01:16:00,2026-04-22 01:16:59,Q10,485.30,95.00,45.10,46.10,98.20,83.20,3.86,487.30,105.50,49.50,51.10,97.80,83.60,4.74,480.70,97.40,44.20,46.60,96.20,85.90,5.71,484.43,99.30,138.80,143.80,97.40,84.23,14.31
2026-04-22 01:17:00,2026-04-22 01:17:59,Q10,486.30,93.30,44.10,45.20,98.30,84.30,3.71,486.50,103.60,48.50,50.10,97.80,83.00,4.66,480.90,94.30,43.20,45.10,96.10,85.60,5.69,484.57,97.07,135.80,140.40,97.40,84.30,14.06
2026-04-22 01:18:00,2026-04-22 01:18:59,Q10,484.70,94.00,44.10,45.50,98.30,83.80,3.71,486.90,104.10,48.50,50.50,97.70,82.60,4.69,482.40,94.90,43.20,45.30,96.10,85.50,5.63,484.67,97.67,135.80,141.30,97.37,83.97,14.03
2026-04-22 01:19:00,2026-04-22 01:19:59,Q10,486.00,95.30,45.10,46.20,98.30,84.60,3.66,487.40,105.20,49.50,51.10,97.80,84.10,4.69,481.00,95.70,43.20,45.70,96.00,87.00,5.71,484.80,98.73,137.80,143.00,97.37,85.23,14.06
2026-04-22 01:20:00,2026-04-22 01:20:59,Q10,485.30,94.60,44.10,45.60,98.10,80.70,3.94,485.90,106.50,49.50,51.40,97.70,82.00,4.80,482.10,96.50,44.20,46.30,96.20,84.00,5.69,484.43,99.20,137.80,143.30,97.33,82.23,14.43
2026-04-22 01:21:00,2026-04-22 01:21:59,Q10,485.10,95.20,45.10,46.10,98.10,83.70,4.03,487.00,105.30,49.50,51.10,97.70,84.40,4.83,482.10,98.60,45.10,47.20,96.10,85.40,5.83,484.73,99.70,139.70,144.40,97.30,84.50,14.69
2026-04-22 01:22:00,2026-04-22 01:22:59,Q10,485.00,100.30,47.00,48.50,98.00,81.40,4.29,487.20,107.00,50.40,52.10,97.70,82.40,5.00,481.90,100.90,46.10,48.10,96.20,85.00,5.94,484.70,102.73,143.50,148.70,97.30,82.93,15.23
2026-04-22 01:23:00,2026-04-22 01:23:59,Q10,486.20,96.00,45.10,46.70,98.20,81.80,3.83,486.40,105.50,49.50,51.00,97.90,80.20,4.71,480.80,99.00,45.10,47.50,96.10,84.20,5.86,484.47,100.17,139.70,145.20,97.40,82.07,14.40
2026-04-22 01:24:00,2026-04-22 01:24:59,Q10,484.70,94.80,44.10,45.50,98.30,84.20,3.71,486.20,103.70,48.50,50.10,97.70,84.30,4.77,482.50,96.20,44.20,46.30,96.20,86.60,5.60,484.47,98.23,136.80,141.90,97.40,85.03,14.09
2026-04-22 01:25:00,2026-04-22 01:25:59,Q10,485.40,92.10,43.10,44.60,98.40,82.00,3.54,485.80,102.40,47.50,49.50,97.60,81.70,4.74,482.30,93.80,42.20,44.80,96.10,83.00,5.46,484.50,96.10,132.80,138.90,97.37,82.23,13.74
2026-04-22 01:26:00,2026-04-22 01:26:59,Q10,486.30,93.60,44.10,45.20,98.40,84.80,3.54,486.60,102.20,47.50,49.60,97.70,84.20,4.69,480.60,95.60,43.20,45.60,96.00,87.00,5.57,484.50,97.13,134.80,140.40,97.37,85.33,13.80
2026-04-22 01:28:00,2026-04-22 01:28:59,Q10,485.10,93.20,44.10,45.10,98.40,82.80,3.49,486.10,103.30,48.50,50.10,97.60,84.20,4.74,482.40,92.40,42.20,44.30,96.30,86.70,5.29,484.53,96.30,134.80,139.50,97.43,84.57,13.51
2026-04-22 01:29:00,2026-04-22 01:29:59,Q10,484.70,90.20,42.10,43.60,98.30,85.40,3.46,486.30,97.80,45.60,47.10,97.80,86.00,4.34,482.30,92.40,42.20,44.30,96.40,89.30,5.14,484.43,93.47,129.90,135.00,97.50,86.90,12.94
2026-04-22 01:30:00,2026-04-22 01:30:59,Q10,485.70,88.30,41.20,42.70,98.40,84.50,3.34,485.50,97.50,45.60,47.00,97.80,83.90,4.31,481.70,88.00,40.30,42.30,96.10,86.50,5.23,484.30,91.27,127.10,132.00,97.43,84.97,12.89
2026-04-22 01:31:00,2026-04-22 01:31:59,Q10,484.90,90.30,42.10,43.60,98.30,84.70,3.66,486.10,101.80,47.50,49.10,97.70,84.90,4.63,481.80,93.80,42.20,44.70,96.30,87.00,5.34,484.27,95.30,131.80,137.40,97.43,85.53,13.63
2026-04-22 01:32:00,2026-04-22 01:32:59,Q10,486.10,88.50,41.20,42.80,98.40,85.60,3.31,486.10,96.00,44.60,46.70,97.80,85.90,4.40,480.80,92.40,42.20,44.20,96.20,88.50,5.20,484.33,92.30,128.00,133.70,97.47,86.67,12.91
2026-04-22 01:33:00,2026-04-22 01:33:59,Q10,486.40,93.80,44.10,45.20,98.20,83.00,3.77,485.90,101.60,46.60,49.00,97.70,82.70,4.66,481.50,95.20,43.20,45.70,96.10,85.80,5.60,484.60,96.87,133.90,139.90,97.33,83.83,14.03
2026-04-22 01:34:00,2026-04-22 01:34:59,Q10,484.60,94.90,44.10,45.50,98.00,83.70,4.23,487.30,108.10,50.40,52.60,97.80,84.20,4.80,481.10,101.60,46.10,48.60,96.10,84.80,6.00,484.33,101.53,140.60,146.70,97.30,84.23,15.03
2026-04-22 01:35:00,2026-04-22 01:35:59,Q10,484.90,92.50,43.10,44.50,98.10,77.70,3.91,484.50,100.40,46.60,48.40,97.70,77.10,4.74,479.80,92.50,41.80,44.10,95.70,79.70,5.94,483.07,95.13,131.50,137.00,97.17,78.17,14.60
2026-04-22 01:36:00,2026-04-22 01:36:59,Q10,485.10,88.90,41.20,42.70,98.20,80.30,3.63,484.60,97.90,44.60,46.90,97.60,80.30,4.60,479.90,91.00,40.80,43.60,95.90,83.10,5.54,483.20,92.60,126.60,133.20,97.23,81.23,13.77
2026-04-22 01:37:00,2026-04-22 01:37:59,Q10,484.30,91.40,43.10,44.00,98.10,79.30,3.86,486.50,100.30,46.60,48.60,97.70,76.50,4.60,479.80,92.60,42.20,44.10,96.10,79.30,5.60,483.53,94.77,131.90,136.70,97.30,78.37,14.06
2026-04-22 01:38:00,2026-04-22 01:38:59,Q10,484.40,91.50,43.10,44.00,98.00,79.70,3.89,486.20,98.70,45.60,47.60,97.70,81.30,4.54,480.10,92.60,42.20,44.20,96.10,81.10,5.51,483.57,94.27,130.90,135.80,97.27,80.70,13.94
2026-04-22 01:39:00,2026-04-22 01:39:59,Q10,484.90,82.70,38.20,39.70,98.40,82.80,3.23,485.30,91.20,42.70,44.10,97.70,82.40,4.23,479.90,83.00,37.40,39.80,96.20,84.50,4.91,483.37,85.63,118.30,123.60,97.43,83.23,12.37
2026-04-22 01:40:00,2026-04-22 01:40:59,Q10,485.10,88.50,40.70,42.70,97.90,80.50,3.86,487.10,97.90,45.60,47.20,97.80,77.00,4.40,480.30,91.00,41.30,43.70,96.10,78.90,5.40,484.17,92.47,127.60,133.60,97.27,78.80,13.66
2026-04-22 01:41:00,2026-04-22 01:41:59,Q10,484.10,96.80,44.60,46.50,97.70,79.20,4.46,486.50,105.20,49.50,51.00,97.40,79.50,5.20,481.50,97.20,43.70,46.70,95.80,81.50,6.11,484.03,99.73,137.80,144.20,96.97,80.07,15.77
2026-04-22 01:42:00,2026-04-22 01:42:59,Q10,484.80,90.40,41.70,43.60,97.90,82.40,4.03,487.10,101.60,47.50,49.20,97.70,81.20,4.69,480.20,92.80,41.80,44.20,95.90,82.70,5.77,484.03,94.93,131.00,137.00,97.17,82.10,14.49
2026-04-22 01:43:00,2026-04-22 01:43:59,Q10,486.20,87.40,41.20,42.30,98.20,81.50,3.51,486.60,95.10,44.60,46.20,97.60,82.70,4.51,480.60,86.00,39.40,41.30,96.00,84.70,5.23,484.47,89.50,125.20,129.80,97.27,82.97,13.26
2026-04-22 01:44:00,2026-04-22 01:44:59,Q10,485.40,93.10,43.70,45.10,97.90,80.60,4.14,485.60,101.70,46.60,49.00,97.40,80.20,5.00,481.90,93.20,42.20,44.70,96.00,82.60,5.74,484.30,96.00,132.50,138.80,97.10,81.13,14.89
2026-04-22 01:45:00,2026-04-22 01:45:59,Q10,485.80,104.10,48.50,50.40,97.50,78.70,5.11,486.00,114.90,53.30,55.40,97.30,78.10,5.86,480.90,105.30,47.50,50.40,95.40,79.30,7.09,484.23,108.10,149.30,156.20,96.73,78.70,18.06
2026-04-22 01:46:00,2026-04-22 01:46:59,Q10,486.10,111.10,51.40,53.90,97.20,74.80,5.86,486.50,122.40,57.20,59.30,97.30,75.60,6.29,482.50,116.10,52.20,55.90,95.40,75.60,7.71,485.03,116.53,160.80,169.10,96.63,75.33,19.86
2026-04-22 01:47:00,2026-04-22 01:47:59,Q10,486.80,105.40,49.50,51.00,97.90,81.70,4.69,488.30,116.40,54.30,56.60,97.50,81.80,5.63,481.90,108.60,48.50,51.90,95.80,83.30,6.74,485.67,110.13,152.30,159.50,97.07,82.27,17.06
2026-04-22 01:48:00,2026-04-22 01:48:59,Q10,486.50,99.70,47.00,48.10,98.00,83.40,4.26,488.20,109.70,51.40,53.20,97.60,82.70,5.23,481.50,102.20,46.50,49.10,95.70,84.10,6.43,485.40,103.87,144.90,150.40,97.10,83.40,15.91
2026-04-22 01:49:00,2026-04-22 01:49:59,Q10,486.60,106.30,50.00,51.50,98.00,81.90,4.57,486.70,114.50,53.30,55.40,97.30,81.90,5.77,483.10,103.60,46.50,49.70,95.90,84.50,6.49,485.47,108.13,149.80,156.60,97.07,82.77,16.83
2026-04-22 01:50:00,2026-04-22 01:50:59,Q10,487.00,113.70,53.30,55.00,97.70,79.00,5.37,486.80,128.70,60.10,62.20,97.30,77.60,6.43,482.50,117.70,53.20,56.40,95.30,78.50,7.83,485.43,120.03,166.60,173.60,96.77,78.37,19.63
2026-04-22 01:51:00,2026-04-22 01:51:59,Q10,486.80,107.50,50.40,52.00,97.90,79.50,4.77,487.50,116.50,54.30,56.50,97.50,78.60,5.69,482.80,109.60,49.40,52.50,95.60,80.50,7.00,485.70,111.20,154.10,161.00,97.00,79.53,17.46
2026-04-22 01:52:00,2026-04-22 01:52:59,Q10,487.00,101.40,48.00,49.20,98.10,83.10,4.20,487.50,112.70,52.40,54.50,97.60,81.20,5.31,481.90,104.40,47.50,50.00,95.50,85.30,6.60,485.47,106.17,147.90,153.70,97.07,83.20,16.11
2026-04-22 01:53:00,2026-04-22 01:53:59,Q10,485.70,99.10,46.60,48.00,97.90,83.30,4.46,488.50,110.80,51.40,53.70,97.70,81.80,5.17,481.70,104.80,47.50,50.00,95.80,85.60,6.40,485.30,104.90,145.50,151.70,97.13,83.57,16.03
2026-04-22 01:54:00,2026-04-22 01:54:59,Q10,486.30,100.80,47.00,48.60,98.10,83.40,4.17,486.70,108.40,50.40,52.50,97.40,83.60,5.31,483.10,101.90,45.60,48.80,95.80,86.10,6.17,485.37,103.70,143.00,149.90,97.10,84.37,15.66
2026-04-22 01:55:00,2026-04-22 01:55:59,Q10,487.00,92.60,43.10,44.80,98.40,83.10,3.54,487.00,103.10,48.50,50.20,97.60,82.30,4.80,483.00,94.60,43.20,45.40,96.00,85.10,5.57,485.67,96.77,134.80,140.40,97.33,83.50,13.91
2026-04-22 01:56:00,2026-04-22 01:56:59,Q10,487.30,84.90,39.20,40.90,98.40,83.70,3.34,487.30,95.90,44.60,46.30,97.60,82.90,4.57,481.60,87.50,39.00,41.80,95.70,85.90,5.46,485.40,89.43,122.80,129.00,97.23,84.17,13.37
2026-04-22 01:57:00,2026-04-22 01:57:59,Q10,484.70,83.40,39.20,40.20,98.30,83.90,3.31,487.00,92.90,42.70,44.80,97.70,82.30,4.31,482.00,86.20,39.40,41.50,96.00,83.60,5.14,484.57,87.50,121.30,126.50,97.33,83.27,12.77
2026-04-22 01:58:00,2026-04-22 01:58:59,Q10,486.00,94.10,44.10,45.70,98.10,78.40,3.91,486.00,102.80,47.50,49.60,97.40,79.10,5.03,481.20,93.30,41.80,44.70,95.80,80.50,5.80,484.40,96.73,133.40,140.00,97.10,79.33,14.74
2026-04-22 01:59:00,2026-04-22 01:59:59,Q10,484.80,91.60,43.10,44.00,98.00,82.10,4.00,486.50,99.70,46.60,48.10,97.70,81.60,4.69,481.90,92.10,42.20,44.30,96.00,82.20,5.66,484.40,94.47,131.90,136.40,97.23,81.97,14.34
2026-04-22 02:00:00,2026-04-22 02:00:59,Q10,485.40,91.70,43.10,44.10,98.10,77.70,3.83,486.50,102.80,47.50,49.60,97.50,77.10,4.94,479.90,93.40,41.80,44.50,95.50,79.90,6.06,483.93,95.97,132.40,138.20,97.03,78.23,14.83
2026-04-22 02:01:00,2026-04-22 02:01:59,Q10,485.80,91.50,43.10,44.10,98.00,81.10,4.03,485.60,102.30,47.50,49.50,97.50,79.50,4.91,480.40,94.00,42.80,45.10,95.50,83.20,6.11,483.93,95.93,133.40,138.70,97.00,81.27,15.06
2026-04-22 02:02:00,2026-04-22 02:02:59,Q10,485.80,94.00,43.70,45.60,97.90,78.60,4.20,488.00,102.20,47.50,49.80,97.60,80.00,4.89,481.20,97.10,44.20,46.70,96.00,81.60,5.86,485.00,97.77,135.40,142.10,97.17,80.07,14.94
2026-04-22 02:03:00,2026-04-22 02:03:59,Q10,486.50,96.60,45.10,46.70,98.20,83.50,3.77,487.90,103.90,48.50,50.20,97.70,85.40,4.77,481.40,95.40,42.80,45.70,95.90,83.90,5.77,485.27,98.63,136.40,142.60,97.27,84.27,14.31
2026-04-22 02:04:00,2026-04-22 02:04:59,Q10,486.60,88.00,41.20,42.80,98.60,85.70,3.11,487.00,97.20,45.60,47.20,97.50,84.70,4.54,483.00,88.10,40.30,42.50,96.20,90.30,5.06,485.53,91.10,127.10,132.50,97.43,86.90,12.71
2026-04-22 02:05:00,2026-04-22 02:05:59,Q10,485.50,87.20,41.20,42.20,98.30,87.10,3.29,487.50,95.80,44.60,46.30,97.80,87.10,4.20,482.80,87.40,39.40,41.90,96.10,90.10,5.09,485.27,90.13,125.20,130.40,97.40,88.10,12.57
2026-04-22 02:06:00,2026-04-22 02:06:59,Q10,485.80,86.80,40.20,41.70,98.50,86.20,3.11,486.40,95.10,44.60,46.20,97.60,86.70,4.34,482.80,85.30,38.40,41.00,96.20,88.80,4.94,485.00,89.07,123.20,128.90,97.43,87.23,12.40
2026-04-22 02:07:00,2026-04-22 02:07:59,Q10,485.30,86.40,40.20,41.70,98.40,87.90,3.20,487.90,95.10,44.60,46.30,97.70,87.20,4.26,482.60,87.30,39.40,41.90,96.20,89.80,4.94,485.27,89.60,124.20,129.90,97.43,88.30,12.40
2026-04-22 02:08:00,2026-04-22 02:08:59,Q10,486.80,89.40,42.10,43.30,98.50,85.50,3.23,486.60,100.40,46.60,48.60,97.70,84.80,4.43,481.90,89.70,40.30,42.80,96.10,87.00,5.26,485.10,93.17,129.00,134.70,97.43,85.77,12.91
2026-04-22 02:09:00,2026-04-22 02:09:59,Q10,485.10,90.90,42.10,43.70,98.20,85.40,3.63,487.80,101.50,47.50,49.20,97.80,85.70,4.49,482.10,93.70,42.20,44.80,96.00,86.70,5.54,485.00,95.37,131.80,137.70,97.33,85.93,13.66
2026-04-22 02:10:00,2026-04-22 02:10:59,Q10,486.70,89.10,42.10,43.30,98.30,87.30,3.34,486.40,97.20,45.60,47.10,97.90,87.60,4.20,481.50,90.40,41.30,43.30,96.10,89.20,5.17,484.87,92.23,129.00,133.70,97.43,88.03,12.71
2026-04-22 02:11:00,2026-04-22 02:11:59,Q10,485.50,83.90,39.20,40.30,98.40,86.80,3.09,487.10,91.60,43.10,44.30,98.00,86.90,3.83,482.60,84.90,38.40,40.50,96.40,88.40,4.71,485.07,86.80,120.70,125.10,97.60,87.37,11.63
2026-04-22 02:12:00,2026-04-22 02:12:59,Q10,485.40,82.90,38.20,39.80,98.20,82.90,3.43,486.70,90.00,41.70,43.70,97.80,84.40,4.20,480.60,86.00,39.40,41.30,96.00,85.70,5.17,484.23,86.30,119.30,124.80,97.33,84.33,12.80
2026-04-22 02:13:00,2026-04-22 02:13:59,Q10,485.20,85.20,40.20,41.20,98.00,82.20,3.69,487.20,95.10,44.60,46.30,97.70,82.10,4.34,480.40,88.60,40.30,42.20,96.00,82.30,5.34,484.27,89.63,125.10,129.70,97.23,82.20,13.37
2026-04-22 02:14:00,2026-04-22 02:14:59,Q10,484.30,83.10,39.20,40.20,98.10,84.40,3.54,486.40,94.00,43.70,45.70,97.80,83.40,4.20,482.00,87.30,39.40,41.90,96.00,85.50,5.20,484.23,88.13,122.30,127.80,97.30,84.43,12.94
2026-04-22 02:15:00,2026-04-22 02:15:59,Q10,484.20,89.00,41.70,43.10,97.80,82.20,4.06,485.80,99.00,46.60,48.00,97.70,81.90,4.49,482.00,90.20,40.80,43.40,95.90,83.40,5.63,484.00,92.73,129.10,134.50,97.13,82.50,14.17
2026-04-22 02:16:00,2026-04-22 02:16:59,Q10,484.80,95.00,43.70,46.00,97.70,79.50,4.37,485.30,102.70,47.50,49.50,97.60,78.50,4.89,481.80,96.40,43.70,46.20,95.90,79.60,5.94,483.97,98.03,134.90,141.70,97.07,79.20,15.20
2026-04-22 02:17:00,2026-04-22 02:17:59,Q10,484.30,87.50,41.20,42.10,98.00,82.10,3.77,485.60,95.30,44.60,46.10,97.60,81.50,4.49,481.90,88.60,40.30,42.30,96.10,83.20,5.29,483.93,90.47,126.10,130.50,97.23,82.27,13.54
2026-04-22 02:18:00,2026-04-22 02:18:59,Q10,486.40,89.90,42.10,43.30,98.50,84.60,3.23,486.60,96.50,44.60,46.70,97.80,82.10,4.34,482.40,86.50,39.40,41.50,96.20,85.90,5.11,485.13,90.97,126.10,131.50,97.50,84.20,12.69
2026-04-22 02:19:00,2026-04-22 02:19:59,Q10,486.40,88.60,41.20,42.80,98.50,87.10,3.20,487.70,97.70,45.60,47.20,97.80,87.40,4.26,481.50,89.60,40.30,42.80,96.10,90.10,5.14,485.20,91.97,127.10,132.80,97.47,88.20,12.60
2026-04-22 02:20:00,2026-04-22 02:20:59,Q10,486.70,88.60,41.20,42.80,98.40,84.00,3.31,487.40,98.70,45.60,47.70,97.80,82.60,4.34,481.10,88.40,40.30,42.30,96.00,85.20,5.23,485.07,91.90,127.10,132.80,97.40,83.93,12.89
2026-04-22 02:21:00,2026-04-22 02:21:59,Q10,484.80,86.90,40.20,41.60,98.30,83.70,3.34,487.80,96.60,44.60,46.80,97.80,83.50,4.29,482.30,91.70,41.30,43.90,96.00,87.10,5.29,484.97,91.73,126.10,132.30,97.37,84.77,12.91
2026-04-22 02:22:00,2026-04-22 02:22:59,Q10,484.90,89.20,42.10,43.10,98.20,86.30,3.49,487.60,95.90,44.60,46.30,97.80,87.00,4.14,482.10,86.40,39.40,41.50,96.60,88.40,4.83,484.87,90.50,126.10,130.90,97.53,87.23,12.46
2026-04-22 02:23:00,2026-04-22 02:23:59,Q10,486.00,87.20,41.20,42.30,98.60,84.10,3.09,486.20,95.00,44.60,46.20,97.60,85.90,4.37,482.80,88.20,40.30,42.40,96.50,86.00,4.71,485.00,90.13,126.10,130.90,97.57,85.33,12.17
2026-04-22 02:24:00,2026-04-22 02:24:59,Q10,485.80,89.70,42.10,43.20,98.30,86.40,3.40,488.20,96.40,44.60,46.80,97.70,86.50,4.31,481.80,89.20,40.30,42.80,96.40,87.90,4.94,485.27,91.77,127.00,132.80,97.47,86.93,12.66
2026-04-22 02:25:00,2026-04-22 02:25:59,Q10,486.30,85.70,40.20,41.30,98.50,83.60,3.09,487.60,94.00,43.70,45.80,97.70,87.50,4.26,481.80,88.10,40.30,42.30,96.60,86.00,4.71,485.23,89.27,124.20,129.40,97.60,85.70,12.06
2026-04-22 02:26:00,2026-04-22 02:26:59,Q10,486.90,81.20,38.20,39.40,98.70,86.80,2.80,486.70,89.70,41.70,43.30,97.80,88.60,4.00,482.90,81.20,37.40,39.00,96.70,89.50,4.37,485.50,84.03,117.30,121.70,97.73,88.30,11.17
2026-04-22 02:27:00,2026-04-22 02:27:59,Q10,485.70,85.10,40.20,41.20,98.60,86.40,3.00,487.80,93.20,43.70,45.30,97.80,86.60,4.03,482.70,85.40,38.40,41.00,96.60,86.70,4.60,485.40,87.90,122.30,127.50,97.67,86.57,11.63
2026-04-22 02:28:00,2026-04-22 02:28:59,Q10,487.20,82.10,38.20,39.90,98.70,87.50,2.86,487.70,91.10,42.70,44.30,97.70,87.50,4.09,481.80,83.20,37.40,39.90,96.40,89.80,4.60,485.57,85.47,118.30,124.10,97.60,88.27,11.54
2026-04-22 02:29:00,2026-04-22 02:29:59,Q10,487.40,85.20,40.20,41.40,98.60,86.10,2.97,486.90,91.70,42.70,44.20,97.60,87.30,4.20,482.80,83.80,38.40,40.00,96.50,88.30,4.57,485.70,86.90,121.30,125.60,97.57,87.23,11.74
2026-04-22 02:30:00,2026-04-22 02:30:59,Q10,485.70,100.20,46.60,48.50,97.90,84.20,4.37,488.50,110.10,51.40,53.70,97.60,83.70,5.17,482.10,103.70,46.50,49.60,95.90,85.40,6.23,485.43,104.67,144.50,151.80,97.13,84.43,15.77
2026-04-22 02:31:00,2026-04-22 02:31:59,Q10,485.50,114.00,53.30,55.30,97.60,79.80,5.37,488.50,120.90,56.30,58.60,97.30,80.60,6.17,482.00,116.70,52.20,55.90,95.60,81.30,7.43,485.33,117.20,161.80,169.80,96.83,80.57,18.97
2026-04-22 02:32:00,2026-04-22 02:32:59,Q10,487.20,81.30,38.20,39.40,98.60,88.60,2.83,487.20,92.90,42.70,44.80,97.90,88.30,3.94,481.90,82.40,37.40,39.40,96.40,91.20,4.60,485.43,85.53,118.30,123.60,97.63,89.37,11.37
2026-04-22 02:33:00,2026-04-22 02:33:59,Q10,486.30,76.20,35.30,36.90,98.80,89.40,2.40,488.20,82.60,39.20,40.00,98.00,91.10,3.40,481.70,75.40,34.60,36.10,96.70,93.50,3.94,485.40,78.07,109.10,113.00,97.83,91.33,9.74
2026-04-22 02:34:00,2026-04-22 02:34:59,Q10,486.50,76.90,35.30,36.90,98.70,87.70,2.57,488.00,85.30,40.20,41.50,98.00,88.00,3.57,481.80,78.50,35.50,37.50,96.40,90.90,4.29,485.43,80.23,111.00,115.90,97.70,88.87,10.43
2026-04-22 02:35:00,2026-04-22 02:35:59,Q10,486.40,86.80,40.20,41.80,98.50,87.50,3.09,486.90,91.70,42.70,44.20,97.70,88.70,4.17,483.10,87.10,40.30,42.00,96.50,91.00,4.71,485.47,88.53,123.20,128.00,97.57,89.07,11.97
2026-04-22 02:36:00,2026-04-22 02:36:59,Q10,486.80,90.90,42.10,43.70,98.30,86.30,3.57,488.00,99.30,46.60,48.30,97.60,87.10,4.54,481.70,90.80,41.30,43.30,96.30,87.30,5.17,485.50,93.67,130.00,135.30,97.40,86.90,13.29
2026-04-22 02:37:00,2026-04-22 02:37:59,Q10,485.40,88.10,41.20,42.70,98.30,87.40,3.37,488.60,98.70,46.10,47.80,98.00,87.00,4.11,482.10,89.10,40.30,42.90,96.20,89.50,5.20,485.37,91.97,127.60,133.40,97.50,87.97,12.69
2026-04-22 02:39:00,2026-04-22 02:39:59,Q10,487.20,84.20,39.20,40.90,98.70,86.70,2.94,488.40,94.60,43.70,45.90,97.80,84.20,4.23,481.90,88.60,40.30,42.30,96.10,86.90,5.03,485.83,89.13,123.20,129.10,97.53,85.93,12.20
2026-04-22 02:40:00,2026-04-22 02:40:59,Q10,486.60,85.10,40.20,41.30,98.50,88.40,3.11,488.10,95.70,44.60,46.40,97.90,86.60,4.11,482.50,86.90,39.40,41.50,96.00,88.60,5.09,485.73,89.23,124.20,129.20,97.47,87.87,12.31
2026-04-22 02:41:00,2026-04-22 02:41:59,Q10,485.90,83.70,39.20,40.30,98.50,87.60,3.00,488.50,93.60,43.70,45.40,97.80,85.90,4.06,482.50,84.70,38.40,40.50,96.30,87.10,4.80,485.63,87.33,121.30,126.20,97.53,86.87,11.86
2026-04-22 02:42:00,2026-04-22 02:42:59,Q10,486.30,85.80,40.20,41.30,98.50,86.20,3.11,486.50,94.40,43.70,45.70,97.60,87.00,4.26,483.10,86.30,39.40,41.50,96.50,91.00,4.63,485.30,88.83,123.30,128.50,97.53,88.07,12.00
2026-04-22 02:43:00,2026-04-22 02:43:59,Q10,486.90,84.90,39.20,40.80,98.60,85.00,2.97,488.10,93.80,43.70,45.40,97.60,84.20,4.37,481.40,86.30,39.40,41.40,96.10,88.30,4.97,485.47,88.33,122.30,127.60,97.43,85.83,12.31
2026-04-22 02:44:00,2026-04-22 02:44:59,Q10,486.00,87.90,41.20,42.30,98.30,86.50,3.54,488.50,100.30,46.60,48.80,97.70,86.30,4.49,481.90,92.10,42.20,44.30,96.20,88.20,5.31,485.47,93.43,130.00,135.40,97.40,87.00,13.34
2026-04-22 02:45:00,2026-04-22 02:45:59,Q10,487.10,91.30,43.10,44.30,98.40,85.40,3.46,487.60,97.90,45.60,47.20,97.70,85.80,4.57,481.60,91.90,41.30,43.80,96.00,87.80,5.43,485.43,93.70,130.00,135.30,97.37,86.33,13.46
2026-04-22 02:46:00,2026-04-22 02:46:59,Q10,487.10,89.50,42.10,43.30,98.40,84.40,3.40,486.90,97.10,45.60,47.10,97.70,84.90,4.51,482.80,91.80,41.30,43.90,96.20,84.20,5.23,485.60,92.80,129.00,134.30,97.43,84.50,13.14
2026-04-22 02:47:00,2026-04-22 02:47:59,Q10,486.60,87.20,41.20,42.30,98.60,86.30,3.09,487.60,96.40,44.60,46.80,97.70,86.30,4.31,483.20,89.00,40.30,43.00,96.10,89.00,5.03,485.80,90.87,126.10,132.10,97.47,87.20,12.43
2026-04-22 02:48:00,2026-04-22 02:48:59,Q10,486.60,93.00,44.10,45.20,98.40,82.10,3.43,487.50,101.80,47.50,49.20,97.60,83.70,4.66,483.80,90.00,41.30,43.50,96.10,84.60,5.37,485.97,94.93,132.90,137.90,97.37,83.47,13.46
2026-04-22 02:49:00,2026-04-22 02:49:59,Q10,487.60,85.90,40.20,41.40,98.60,87.70,2.97,488.50,93.90,43.70,45.40,97.80,86.40,4.17,482.10,85.90,38.40,41.00,96.00,90.40,5.06,486.07,88.57,122.30,127.80,97.47,88.17,12.20
2026-04-22 02:50:00,2026-04-22 02:50:59,Q10,486.80,88.00,41.20,42.80,98.50,83.20,3.20,489.10,96.70,44.60,46.90,97.70,83.10,4.34,482.30,87.20,39.40,41.90,96.20,86.90,5.00,486.07,90.63,125.20,131.60,97.47,84.40,12.54
2026-04-22 02:51:00,2026-04-22 02:51:59,Q10,487.30,87.40,41.20,42.40,98.40,86.20,3.17,489.20,94.20,43.70,46.00,97.70,87.50,4.26,482.50,87.10,39.40,41.90,96.20,89.50,4.94,486.33,89.57,124.30,130.30,97.43,87.73,12.37
2026-04-22 02:52:00,2026-04-22 02:52:59,Q10,486.30,86.40,40.20,41.80,98.40,87.70,3.23,488.90,97.70,45.60,47.30,97.80,86.20,4.11,483.50,86.80,39.40,41.50,96.30,88.30,4.89,486.23,90.30,125.20,130.60,97.50,87.40,12.23
2026-04-22 02:53:00,2026-04-22 02:53:59,Q10,487.50,84.50,39.20,40.90,98.50,87.20,3.00,488.70,91.20,42.70,44.40,97.80,87.40,4.00,483.00,83.70,38.40,40.10,96.60,89.10,4.51,486.40,86.47,120.30,125.40,97.63,87.90,11.51
2026-04-22 02:54:00,2026-04-22 02:54:59,Q10,486.70,84.40,39.20,40.80,98.50,85.60,3.06,488.00,93.40,43.70,45.40,97.80,85.20,4.09,483.60,84.30,38.40,40.60,96.60,88.60,4.66,486.10,87.37,121.30,126.80,97.63,86.47,11.80
2026-04-22 02:55:00,2026-04-22 02:55:59,Q10,486.80,85.50,40.20,41.30,98.60,88.30,2.89,489.10,90.80,42.70,44.00,97.90,86.40,3.94,482.50,84.60,38.40,40.50,96.20,88.40,4.77,486.13,86.97,121.30,125.80,97.57,87.70,11.60
2026-04-22 02:56:00,2026-04-22 02:56:59,Q10,486.20,84.70,39.20,40.80,98.50,84.40,3.20,489.10,95.70,44.60,46.50,97.70,85.60,4.29,482.80,88.00,40.30,42.40,96.50,88.30,4.83,486.03,89.47,124.10,129.70,97.57,86.10,12.31
2026-04-22 02:57:00,2026-04-22 02:57:59,Q10,486.60,81.50,38.20,39.40,98.70,87.70,2.71,488.90,89.20,41.70,43.40,97.90,86.90,3.77,484.20,79.90,36.50,38.20,96.60,89.30,4.34,486.57,83.53,116.40,121.00,97.73,87.97,10.83
2026-04-22 02:58:00,2026-04-22 02:58:59,Q10,487.90,82.30,38.20,39.90,98.70,88.60,2.71,487.80,88.70,40.70,42.90,97.80,88.80,3.89,484.00,78.90,35.50,37.80,96.60,92.10,4.34,486.57,83.30,114.40,120.60,97.70,89.83,10.94
2026-04-22 02:59:00,2026-04-22 02:59:59,Q10,488.00,84.00,39.20,41.00,98.50,86.50,3.00,487.90,92.00,42.70,44.80,97.90,86.30,3.91,483.80,78.80,35.50,37.70,96.60,87.40,4.49,486.57,84.93,117.40,123.50,97.67,86.73,11.40
2026-04-22 03:00:00,2026-04-22 03:00:59,Q10,486.00,204.20,94.10,99.10,95.80,59.70,14.06,487.70,210.30,97.90,102.30,96.60,64.20,13.06,482.90,206.50,94.10,99.30,95.70,60.40,14.43,485.53,207.00,286.10,300.70,96.03,61.43,41.54
2026-04-22 03:01:00,2026-04-22 03:01:59,Q10,485.90,213.40,97.80,103.30,95.90,57.40,14.91,487.80,223.20,103.70,108.60,96.50,60.80,14.09,483.60,218.10,99.80,105.30,95.90,57.10,14.94,485.77,218.23,301.30,317.20,96.10,58.43,43.94
2026-04-22 03:02:00,2026-04-22 03:02:59,Q10,486.60,214.40,98.80,104.00,95.80,59.00,15.11,488.70,222.40,103.70,108.30,96.40,62.30,14.17,482.60,217.20,99.80,104.60,96.00,59.70,14.83,485.97,218.00,302.30,316.90,96.07,60.33,44.11
2026-04-22 03:03:00,2026-04-22 03:03:59,Q10,486.20,215.40,98.80,104.50,95.80,58.90,15.17,487.80,221.80,102.70,107.60,96.20,63.30,14.54,484.10,219.50,100.80,106.00,96.00,59.20,14.77,486.03,218.90,302.30,318.10,96.00,60.47,44.49
2026-04-22 03:04:00,2026-04-22 03:04:59,Q10,487.70,220.50,101.70,107.10,95.80,57.20,15.14,488.20,224.70,104.60,109.30,96.10,60.70,14.80,482.60,217.00,98.80,104.60,95.70,58.30,15.37,486.17,220.73,305.10,321.00,95.87,58.73,45.31
2026-04-22 03:05:00,2026-04-22 03:05:59,Q10,485.30,219.10,100.70,106.20,95.40,63.40,15.89,488.20,227.80,104.50,110.80,95.80,67.30,15.43,482.50,221.60,100.70,106.50,95.50,64.40,15.63,485.33,222.83,305.90,323.50,95.57,65.03,46.94
2026-04-22 03:06:00,2026-04-22 03:06:59,Q10,487.80,221.00,101.70,107.60,95.60,61.20,15.37,488.00,226.00,104.50,110.30,95.70,64.00,15.66,483.50,217.90,98.80,104.80,95.20,62.10,16.00,486.43,221.63,305.00,322.70,95.50,62.43,47.03
2026-04-22 03:07:00,2026-04-22 03:07:59,Q10,487.90,215.30,98.80,104.70,95.70,62.00,15.29,487.50,229.60,105.40,111.50,95.70,65.60,15.69,483.50,221.00,100.70,106.70,95.30,64.60,15.86,486.30,221.97,304.90,322.90,95.57,64.07,46.83
2026-04-22 03:08:00,2026-04-22 03:08:59,Q10,487.20,216.70,99.80,105.20,95.70,58.30,15.31,489.20,229.40,106.60,112.00,96.00,62.50,15.31,482.60,219.50,99.80,105.60,95.30,59.30,16.00,486.33,221.87,306.20,322.80,95.67,60.03,46.63
2026-04-22 03:09:00,2026-04-22 03:09:59,Q10,486.40,217.70,99.80,105.50,95.70,57.30,15.34,488.40,226.70,104.50,110.30,95.80,58.70,15.46,484.30,218.50,99.80,105.50,95.60,56.10,15.37,486.37,220.97,304.10,321.30,95.70,57.37,46.17
2026-04-22 03:10:00,2026-04-22 03:10:59,Q10,486.20,217.20,99.80,105.50,95.80,59.00,15.26,488.30,224.70,103.60,109.30,95.90,62.90,15.34,484.30,219.00,99.80,106.00,95.60,60.70,15.40,486.27,220.30,303.20,320.80,95.77,60.87,46.00
2026-04-22 03:11:00,2026-04-22 03:11:59,Q10,486.50,220.40,100.70,106.90,95.70,59.10,15.34,488.80,225.30,104.60,109.80,96.00,59.70,15.26,484.30,221.80,100.70,107.00,95.50,58.70,15.71,486.53,222.50,306.00,323.70,95.73,59.17,46.31
2026-04-22 03:12:00,2026-04-22 03:12:59,Q10,487.60,218.60,100.70,106.20,95.50,62.20,15.51,489.60,228.10,106.60,111.50,96.10,64.60,14.97,483.30,220.00,100.70,106.30,95.20,62.80,16.26,486.83,222.23,308.00,324.00,95.60,63.20,46.74
2026-04-22 03:13:00,2026-04-22 03:13:59,Q10,487.50,215.70,98.80,104.70,95.70,57.90,15.31,489.40,229.40,106.60,112.00,96.20,62.70,14.89,483.30,220.60,100.70,106.30,95.40,58.80,16.00,486.73,221.90,306.10,323.00,95.77,59.80,46.20
2026-04-22 03:14:00,2026-04-22 03:14:59,Q10,486.70,211.80,96.90,102.50,95.90,59.80,14.86,489.40,227.70,106.60,111.00,96.40,62.30,14.40,483.60,220.70,100.70,106.30,95.70,59.70,15.49,486.57,220.07,304.20,319.80,96.00,60.60,44.74
2026-04-22 03:15:00,2026-04-22 03:15:59,Q10,486.70,219.80,100.70,106.40,95.80,59.90,15.14,489.70,224.30,104.60,109.50,96.20,59.40,14.71,483.90,218.60,99.80,105.30,95.50,60.60,15.77,486.77,220.90,305.10,321.20,95.83,59.97,45.63
2026-04-22 03:16:00,2026-04-22 03:16:59,Q10,488.40,216.90,99.80,105.40,95.90,60.10,14.97,488.80,225.50,104.60,109.80,96.10,62.00,15.14,483.00,218.60,99.80,105.30,95.40,60.10,15.89,486.73,220.33,304.20,320.50,95.80,60.73,46.00
2026-04-22 03:17:00,2026-04-22 03:17:59,Q10,487.10,216.70,100.80,105.20,96.00,59.10,14.83,488.20,226.10,105.60,110.30,96.00,61.90,15.23,484.80,220.00,100.70,106.50,95.50,61.60,15.54,486.70,220.93,307.10,322.00,95.83,60.87,45.60
2026-04-22 03:18:00,2026-04-22 03:18:59,Q10,487.00,215.50,98.80,104.70,95.80,60.60,15.20,489.90,225.30,105.60,110.00,96.20,63.50,14.91,484.10,221.40,100.70,107.00,95.50,61.40,15.77,487.00,220.73,305.10,321.70,95.83,61.83,45.89
2026-04-22 03:19:00,2026-04-22 03:19:59,Q10,485.90,214.50,97.80,103.80,95.90,52.70,15.06,488.40,220.30,102.70,107.40,96.30,54.90,14.63,481.80,214.30,96.90,102.90,95.50,54.00,15.71,485.37,216.37,297.40,314.10,95.90,53.87,45.40
2026-04-22 03:20:00,2026-04-22 03:20:59,Q10,487.00,211.50,97.90,102.80,96.10,52.80,14.60,487.10,221.60,102.70,107.60,96.40,54.50,14.46,482.30,213.40,96.90,102.70,95.80,53.90,15.26,485.47,215.50,297.50,313.10,96.10,53.73,44.31
2026-04-22 03:21:00,2026-04-22 03:21:59,Q10,486.20,212.30,97.80,103.00,95.80,51.80,15.20,486.80,220.70,101.80,106.90,96.20,55.50,14.77,483.10,212.60,96.90,102.40,95.80,52.40,15.31,485.37,215.20,296.50,312.30,95.93,53.23,45.29
2026-04-22 03:22:00,2026-04-22 03:22:59,Q10,486.00,210.20,97.90,102.10,96.00,52.50,14.86,486.40,217.00,100.80,105.50,96.30,56.00,14.66,483.10,210.50,95.90,101.40,95.80,53.40,15.26,485.17,212.57,294.60,309.00,96.03,53.97,44.77
2026-04-22 03:23:00,2026-04-22 03:23:59,Q10,484.90,210.20,95.90,101.60,95.70,53.90,15.29,487.70,221.60,102.70,107.60,96.40,56.40,14.43,482.40,216.00,98.80,104.10,95.50,53.10,15.97,485.00,215.93,297.40,313.30,95.87,54.47,45.69
2026-04-22 03:24:00,2026-04-22 03:24:59,Q10,485.30,210.60,95.90,101.80,95.80,53.70,15.14,487.00,221.30,102.70,107.60,96.30,54.90,14.60,482.80,216.40,98.80,104.10,95.50,54.70,15.77,485.03,216.10,297.40,313.50,95.87,54.43,45.51
2026-04-22 03:25:00,2026-04-22 03:25:59,Q10,486.50,211.70,96.90,102.50,95.90,54.60,14.89,487.80,224.00,104.60,109.10,96.60,56.70,14.09,481.40,217.90,98.80,104.40,95.30,54.40,16.26,485.23,217.87,300.30,316.00,95.93,55.23,45.23
2026-04-22 03:26:00,2026-04-22 03:26:59,Q10,486.40,212.20,97.80,103.00,95.90,52.00,14.89,488.00,221.60,102.70,107.80,96.40,54.90,14.43,481.40,214.80,96.90,102.90,95.50,53.60,15.89,485.27,216.20,297.40,313.70,95.93,53.50,45.20
2026-04-22 03:27:00,2026-04-22 03:27:59,Q10,486.30,210.10,97.90,102.10,96.00,53.80,14.63,488.30,222.00,103.70,108.30,96.60,55.50,14.23,481.60,215.40,97.80,103.40,95.40,54.20,15.97,485.40,215.83,299.40,313.80,96.00,54.50,44.83
2026-04-22 03:28:00,2026-04-22 03:28:59,Q10,485.70,210.00,97.00,101.80,96.00,53.70,14.69,487.70,219.40,101.80,106.70,96.50,55.80,14.14,483.40,215.00,97.80,103.80,95.70,54.00,15.37,485.60,214.80,296.60,312.30,96.07,54.50,44.20
2026-04-22 03:29:00,2026-04-22 03:29:59,Q10,485.70,209.50,97.00,101.40,96.00,50.80,14.69,487.90,220.10,102.70,107.10,96.70,53.00,13.86,482.60,212.50,96.90,102.20,95.70,50.60,15.63,485.40,214.03,296.60,310.70,96.13,51.47,44.17
2026-04-22 03:30:00,2026-04-22 03:30:59,Q10,486.30,207.30,96.00,100.60,96.20,52.10,14.29,487.50,219.10,101.80,106.70,96.70,53.80,13.89,481.50,212.50,95.90,102.00,95.70,52.80,15.49,485.10,212.97,293.70,309.30,96.20,52.90,43.66
2026-04-22 03:31:00,2026-04-22 03:31:59,Q10,485.30,207.30,96.00,100.40,96.00,49.70,14.74,488.00,217.40,100.80,105.90,96.80,52.70,13.57,482.00,216.00,98.80,104.10,95.90,49.00,15.23,485.10,213.57,295.60,310.40,96.23,50.47,43.54
2026-04-22 03:32:00,2026-04-22 03:32:59,Q10,484.90,210.30,97.00,101.60,96.00,52.20,14.74,487.00,219.10,101.80,106.70,96.60,54.80,14.11,482.60,212.10,97.90,102.20,96.00,52.50,14.97,484.83,213.83,296.70,310.50,96.20,53.17,43.83
2026-04-22 03:33:00,2026-04-22 03:33:59,Q10,486.60,211.90,96.90,102.50,95.90,49.80,14.97,487.70,221.10,102.70,107.60,96.60,51.80,14.03,481.80,214.00,96.90,102.90,95.90,49.60,15.17,485.37,215.67,296.50,313.00,96.13,50.40,44.17
2026-04-22 03:34:00,2026-04-22 03:34:59,Q10,485.50,218.30,100.80,105.70,96.00,54.20,14.89,488.10,223.80,103.70,108.80,96.40,60.50,14.34,483.00,215.50,97.80,103.80,95.90,54.40,15.14,485.53,219.20,302.30,318.30,96.10,56.37,44.37
2026-04-22 03:35:00,2026-04-22 03:35:59,Q10,486.50,211.00,97.90,102.50,96.00,58.10,14.57,486.70,219.30,101.80,106.40,96.40,61.00,13.97,483.10,213.70,97.90,102.90,96.00,57.90,14.57,485.43,214.67,297.60,311.80,96.13,59.00,43.11
2026-04-22 03:36:00,2026-04-22 03:36:59,Q10,487.40,104.20,48.50,50.60,97.90,84.30,4.63,487.50,111.20,52.40,54.10,97.20,84.50,5.63,482.70,104.60,48.00,50.10,96.20,86.70,6.09,485.87,106.67,148.90,154.80,97.10,85.17,16.34
2026-04-22 03:37:00,2026-04-22 03:37:59,Q10,486.70,113.70,52.40,54.90,97.60,80.00,5.34,487.70,123.80,57.20,59.90,97.20,80.20,6.29,481.90,111.60,50.30,53.40,95.60,81.20,7.29,485.43,116.37,159.90,168.20,96.80,80.47,18.91
2026-04-22 03:38:00,2026-04-22 03:38:59,Q10,485.70,144.20,66.20,69.80,96.40,72.60,8.86,488.30,157.20,73.00,76.60,96.60,74.80,9.20,482.20,151.00,68.40,72.80,95.30,73.60,10.40,485.40,150.80,207.60,219.20,96.10,73.67,28.46
2026-04-22 03:39:00,2026-04-22 03:39:59,Q10,485.80,154.70,71.00,74.70,96.50,71.90,9.23,488.10,163.80,75.80,79.50,96.50,73.00,9.69,483.30,156.30,71.20,75.30,95.20,72.60,10.86,485.73,158.27,218.00,229.50,96.07,72.50,29.77
2026-04-22 03:40:00,2026-04-22 03:40:59,Q10,485.80,150.90,69.10,72.80,96.40,73.40,9.14,487.90,161.30,74.90,78.40,96.70,74.40,9.37,483.50,154.30,70.30,74.40,95.30,73.30,10.63,485.73,155.50,214.30,225.60,96.13,73.70,29.14
2026-04-22 03:41:00,2026-04-22 03:41:59,Q10,485.10,185.40,85.40,89.70,96.00,65.30,12.17,487.90,192.60,89.30,93.50,96.70,67.70,11.46,482.50,188.10,85.50,90.60,95.70,64.70,12.86,485.17,188.70,260.20,273.80,96.13,65.90,36.49
2026-04-22 03:42:00,2026-04-22 03:42:59,Q10,485.30,150.30,69.10,72.80,96.30,72.70,9.17,487.70,159.00,73.90,77.40,96.70,73.50,9.17,483.00,155.80,70.30,74.90,95.30,71.60,10.57,485.33,155.03,213.30,225.10,96.10,72.60,28.91
2026-04-22 03:43:00,2026-04-22 03:43:59,Q10,486.30,148.10,68.20,71.90,96.50,73.90,8.91,487.90,160.30,73.90,77.90,96.80,74.00,9.09,481.80,153.40,69.30,73.60,95.30,72.80,10.63,485.33,153.93,211.40,223.40,96.20,73.57,28.63
2026-04-22 03:44:00,2026-04-22 03:44:59,Q10,486.90,165.20,76.00,80.20,95.90,68.80,10.71,486.70,175.70,81.60,85.10,96.70,70.70,10.31,482.00,172.30,77.90,82.90,95.10,68.10,12.23,485.20,171.07,235.50,248.20,95.90,69.20,33.26
2026-04-22 03:45:00,2026-04-22 03:45:59,Q10,485.20,159.00,73.90,77.10,96.10,72.60,10.17,487.80,173.30,80.60,84.30,96.90,73.00,9.71,482.70,166.90,76.00,80.00,95.00,71.60,11.94,485.23,166.40,230.50,241.40,96.00,72.40,31.83
2026-04-22 03:46:00,2026-04-22 03:46:59,Q10,485.80,153.80,71.00,74.20,96.40,71.50,9.17,488.10,164.40,77.60,80.00,97.00,71.10,9.06,481.60,158.40,70.50,76.00,94.90,70.60,11.40,485.17,158.87,219.10,230.20,96.10,71.07,29.63
2026-04-22 03:47:00,2026-04-22 03:47:59,Q10,485.10,143.60,66.20,69.40,96.50,72.40,8.51,488.00,153.40,71.80,74.70,97.00,72.10,8.40,481.90,146.60,66.50,70.20,95.20,72.80,10.29,485.00,147.87,204.50,214.30,96.23,72.43,27.20
2026-04-22 03:48:00,2026-04-22 03:48:59,Q10,486.60,128.90,59.50,62.20,96.90,76.60,7.03,487.50,138.30,65.00,67.20,97.10,76.50,7.37,481.40,132.30,59.80,63.50,95.40,77.90,8.86,485.17,133.17,184.30,192.90,96.47,77.00,23.26
2026-04-22 03:49:00,2026-04-22 03:49:59,Q10,485.00,125.20,58.20,60.60,97.10,74.00,6.80,487.90,138.00,65.00,67.20,97.20,74.80,7.26,482.20,130.60,58.90,62.70,95.30,75.70,8.80,485.03,131.27,182.10,190.50,96.53,74.83,22.86
2026-04-22 03:50:00,2026-04-22 03:50:59,Q10,485.40,142.00,65.30,68.90,96.70,73.90,8.09,486.90,154.10,71.80,74.80,97.00,74.00,8.46,482.60,144.10,65.60,69.40,95.00,75.30,10.29,484.97,146.73,202.70,213.10,96.23,74.40,26.83
2026-04-22 03:51:00,2026-04-22 03:51:59,Q10,485.70,130.50,61.10,63.00,97.20,72.40,6.97,486.90,142.70,66.90,69.00,97.00,73.20,7.77,482.90,133.60,60.80,64.10,95.30,74.20,9.11,485.17,135.60,188.80,196.10,96.50,73.27,23.86
2026-04-22 03:52:00,2026-04-22 03:52:59,Q10,485.30,110.30,51.40,53.30,97.60,79.70,5.23,488.00,119.60,56.30,58.10,97.50,80.80,5.83,482.40,113.40,51.30,54.50,95.80,82.00,7.06,485.23,114.43,159.00,165.90,96.97,80.83,18.11
2026-04-22 03:53:00,2026-04-22 03:53:59,Q10,485.70,100.90,47.00,48.50,98.20,80.90,4.09,487.30,109.60,51.40,53.10,97.50,82.50,5.31,483.30,102.80,47.00,49.30,96.00,83.90,6.09,485.43,104.43,145.40,150.90,97.23,82.43,15.49
2026-04-22 03:54:00,2026-04-22 03:54:59,Q10,485.70,95.70,45.10,46.10,98.20,79.70,3.91,488.40,104.90,48.50,50.80,97.60,81.20,4.91,482.20,96.60,44.20,46.30,96.10,84.10,5.77,485.43,99.07,137.80,143.20,97.30,81.67,14.60
2026-04-22 03:55:00,2026-04-22 03:55:59,Q10,486.60,99.70,47.00,48.10,98.10,82.50,4.20,486.60,108.90,50.40,52.50,97.40,82.90,5.31,483.00,101.80,46.10,48.80,96.00,85.50,6.09,485.40,103.47,143.50,149.40,97.17,83.63,15.60
2026-04-22 03:56:00,2026-04-22 03:56:59,Q10,486.60,108.00,50.40,52.50,97.80,81.70,4.89,487.70,120.30,56.30,58.40,97.40,79.50,5.89,481.60,109.80,49.40,52.40,95.70,81.90,6.94,485.30,112.70,156.10,163.30,96.97,81.03,17.71
2026-04-22 03:57:00,2026-04-22 03:57:59,Q10,486.50,98.60,46.10,47.60,98.20,83.40,4.03,488.00,109.00,51.40,53.20,97.50,82.10,5.29,481.50,99.60,44.70,47.60,95.80,84.40,6.17,485.33,102.40,142.20,148.40,97.17,83.30,15.49
2026-04-22 03:58:00,2026-04-22 03:58:59,Q10,485.80,95.70,45.10,46.10,98.30,84.00,3.77,487.70,104.30,48.50,50.60,97.40,85.10,5.14,483.00,96.40,43.70,46.40,95.90,87.30,5.77,485.50,98.80,137.30,143.10,97.20,85.47,14.69
2026-04-22 03:59:00,2026-04-22 03:59:59,Q10,485.80,98.80,46.10,47.50,98.00,83.70,4.29,488.60,112.20,52.40,54.70,97.50,83.50,5.29,482.50,100.90,45.60,48.20,95.60,85.20,6.37,485.63,103.97,144.10,150.40,97.03,84.13,15.94
2026-04-22 04:00:00,2026-04-22 04:00:59,Q10,487.20,96.50,45.10,46.80,98.20,84.60,3.94,486.90,107.00,50.40,52.00,97.50,82.90,5.17,482.80,98.70,44.70,47.20,95.70,86.50,6.09,485.63,100.73,140.20,146.00,97.13,84.67,15.20
2026-04-22 04:01:00,2026-04-22 04:01:59,Q10,486.00,101.60,48.00,49.10,98.00,82.00,4.37,486.70,111.10,51.40,53.90,97.40,83.10,5.46,483.00,103.80,46.50,49.70,95.70,84.20,6.43,485.23,105.50,145.90,152.70,97.03,83.10,16.26
2026-04-22 04:02:00,2026-04-22 04:02:59,Q10,486.10,100.40,47.00,48.60,98.00,81.90,4.37,487.00,112.40,52.40,54.50,97.30,80.80,5.63,483.10,105.90,47.50,50.70,95.60,83.20,6.51,485.40,106.23,146.90,153.80,96.97,81.97,16.51
2026-04-22 04:03:00,2026-04-22 04:03:59,Q10,485.90,92.90,43.10,44.60,98.20,85.40,3.83,488.20,105.90,49.50,51.20,97.60,84.70,4.86,481.50,96.80,43.70,46.20,95.80,87.20,5.89,485.20,98.53,136.30,142.00,97.20,85.77,14.57
2026-04-22 04:04:00,2026-04-22 04:04:59,Q10,486.90,92.90,43.10,44.70,98.40,84.00,3.57,487.10,103.80,48.50,50.20,97.60,82.30,4.89,481.50,94.90,42.80,45.20,95.80,85.40,5.80,485.17,97.20,134.40,140.10,97.27,83.90,14.26
2026-04-22 04:05:00,2026-04-22 04:05:59,Q10,485.40,93.90,44.10,45.10,98.30,84.50,3.77,486.80,105.60,49.50,51.00,97.30,83.20,5.23,482.90,96.30,43.70,46.30,95.90,85.50,5.69,485.03,98.60,137.30,142.40,97.17,84.40,14.69
2026-04-22 04:06:00,2026-04-22 04:06:59,Q10,485.40,97.90,46.10,47.00,98.20,84.60,3.89,487.00,107.20,50.40,52.10,97.20,84.00,5.40,482.90,97.10,43.70,46.80,95.70,87.00,6.00,485.10,100.73,140.20,145.90,97.03,85.20,15.29
2026-04-22 04:07:00,2026-04-22 04:07:59,Q10,487.10,100.40,47.00,48.70,98.10,83.00,4.11,486.40,109.50,50.40,53.00,97.20,82.10,5.54,481.90,98.90,44.70,47.10,95.60,84.30,6.26,485.13,102.93,142.10,148.80,96.97,83.13,15.91
2026-04-22 04:08:00,2026-04-22 04:08:59,Q10,485.60,98.00,46.10,47.50,98.20,84.60,3.91,486.80,108.70,50.40,52.50,97.40,83.60,5.31,482.90,99.40,44.70,47.70,95.90,84.60,5.94,485.10,102.03,141.20,147.70,97.17,84.27,15.17
2026-04-22 04:09:00,2026-04-22 04:09:59,Q10,484.50,94.00,44.10,45.50,98.00,77.80,4.11,486.20,104.70,48.50,50.50,97.40,78.30,5.23,480.90,96.20,43.70,46.10,95.40,79.30,6.29,483.87,98.30,136.30,142.10,96.93,78.47,15.63
2026-04-22 04:10:00,2026-04-22 04:10:59,Q10,485.00,92.50,43.10,44.60,98.00,80.70,4.03,486.00,102.60,47.50,49.60,97.40,81.10,5.06,479.70,95.40,42.80,45.50,95.50,82.90,6.14,483.57,96.83,133.40,139.70,96.97,81.57,15.23
2026-04-22 04:11:00,2026-04-22 04:11:59,Q10,485.20,90.20,42.10,43.70,98.10,82.00,3.77,485.50,103.00,47.50,50.00,97.50,80.80,4.86,480.20,93.40,41.80,44.60,95.50,83.10,5.94,483.63,95.53,131.40,138.30,97.03,81.97,14.57
2026-04-22 04:12:00,2026-04-22 04:12:59,Q10,484.40,89.50,42.10,43.10,98.10,78.80,3.74,486.90,99.40,46.60,48.10,97.60,78.50,4.71,480.10,93.70,41.80,44.60,95.50,81.10,5.83,483.80,94.20,130.50,135.80,97.07,79.47,14.29
2026-04-22 04:13:00,2026-04-22 04:13:59,Q10,483.90,87.60,41.20,42.00,98.40,82.00,3.34,485.70,96.60,44.60,46.60,97.60,80.40,4.57,481.30,87.50,39.00,41.80,95.60,84.60,5.54,483.63,90.57,124.80,130.40,97.20,82.33,13.46
2026-04-22 04:14:00,2026-04-22 04:14:59,Q10,483.90,90.30,42.10,43.50,98.00,77.70,3.86,486.80,98.10,45.60,47.60,97.60,78.70,4.77,479.90,91.90,40.80,43.60,95.60,79.60,5.83,483.53,93.43,128.50,134.70,97.07,78.67,14.46
2026-04-22 04:15:00,2026-04-22 04:15:59,Q10,484.30,104.70,48.50,50.30,97.60,77.90,5.03,485.10,112.60,52.40,54.30,97.10,77.80,6.00,481.40,104.90,47.50,50.00,95.40,79.40,7.03,483.60,107.40,148.40,154.60,96.70,78.37,18.06
2026-04-22 04:16:00,2026-04-22 04:16:59,Q10,484.70,112.60,52.40,54.20,97.30,75.90,5.77,486.00,122.40,57.20,59.30,97.20,76.10,6.46,479.80,115.10,52.20,55.10,95.00,77.00,8.00,483.50,116.70,161.80,168.60,96.50,76.33,20.23
2026-04-22 04:17:00,2026-04-22 04:17:59,Q10,484.90,108.40,50.40,52.30,97.40,73.10,5.57,485.90,122.60,57.20,59.20,97.20,74.40,6.34,479.50,114.40,51.30,54.60,95.00,72.30,7.86,483.43,115.13,158.90,166.10,96.53,73.27,19.77
2026-04-22 04:18:00,2026-04-22 04:18:59,Q10,485.00,107.60,49.50,51.90,97.70,80.20,4.94,487.50,115.40,54.30,56.00,97.40,79.30,5.83,481.20,108.80,48.50,51.90,95.40,80.10,7.11,484.57,110.60,152.30,159.80,96.83,79.87,17.89
2026-04-22 04:19:00,2026-04-22 04:19:59,Q10,485.10,94.70,44.10,45.60,98.20,82.30,3.77,487.50,104.30,48.50,50.60,97.50,81.70,4.94,482.40,97.10,44.20,46.80,96.00,84.50,5.69,485.00,98.70,136.80,143.00,97.23,82.83,14.40
2026-04-22 04:20:00,2026-04-22 04:20:59,Q10,486.40,95.70,45.10,46.20,98.30,85.70,3.66,487.30,102.70,47.50,49.70,97.60,85.00,4.86,481.10,94.50,42.80,45.20,95.90,86.80,5.77,484.93,97.63,135.40,141.10,97.27,85.83,14.29
2026-04-22 04:21:00,2026-04-22 04:21:59,Q10,485.30,91.20,43.10,44.10,98.30,86.10,3.51,487.90,97.10,45.60,47.20,97.70,86.20,4.54,481.60,92.60,42.20,44.30,96.00,88.30,5.46,484.93,93.63,130.90,135.60,97.33,86.87,13.51
2026-04-22 04:22:00,2026-04-22 04:22:59,Q10,486.40,95.90,45.10,46.20,98.30,82.30,3.86,486.50,106.70,49.50,51.50,97.70,82.50,4.97,482.00,98.30,44.70,47.20,95.90,84.60,5.97,484.97,100.30,139.30,144.90,97.30,83.13,14.80
2026-04-22 04:23:00,2026-04-22 04:23:59,Q10,485.00,125.10,58.20,60.60,97.20,75.70,6.66,486.70,137.60,64.00,66.60,97.10,76.70,7.26,482.70,129.00,58.90,62.20,95.60,77.50,8.43,484.80,130.57,181.10,189.40,96.63,76.63,22.34
2026-04-22 04:24:00,2026-04-22 04:24:59,Q10,486.40,115.40,53.30,55.90,97.60,80.10,5.69,487.70,127.20,59.20,61.80,97.30,80.00,6.49,481.30,119.60,54.20,57.20,95.60,80.40,7.77,485.13,120.73,166.70,174.90,96.83,80.17,19.94
2026-04-22 04:25:00,2026-04-22 04:25:59,Q10,486.60,92.60,43.10,44.70,98.30,84.80,3.57,487.20,104.20,48.50,50.60,97.60,83.70,4.71,481.40,95.30,43.20,45.70,96.00,85.20,5.54,485.07,97.37,134.80,141.00,97.30,84.57,13.83
2026-04-22 04:26:00,2026-04-22 04:26:59,Q10,486.20,80.80,37.20,38.90,98.70,88.50,2.69,488.30,91.20,43.10,44.40,98.10,88.00,3.69,482.60,80.80,36.50,38.60,96.20,90.60,4.69,485.70,84.27,116.80,121.90,97.67,89.03,11.06
2026-04-22 04:27:00,2026-04-22 04:27:59,Q10,487.40,79.90,37.20,38.50,98.50,88.30,2.91,487.90,88.80,41.20,42.90,98.00,86.50,3.69,482.80,81.20,37.40,39.00,96.50,88.30,4.43,486.03,83.30,115.80,120.40,97.67,87.70,11.03
2026-04-22 04:28:00,2026-04-22 04:28:59,Q10,487.70,81.60,38.20,39.40,98.60,88.80,2.80,487.40,91.30,42.70,44.30,97.80,88.50,3.97,482.70,82.10,37.40,39.50,96.50,91.30,4.51,485.93,85.00,118.30,123.20,97.63,89.53,11.29
2026-04-22 04:29:00,2026-04-22 04:29:59,Q10,487.30,83.70,39.20,40.40,98.60,89.80,2.91,487.30,90.00,41.70,43.80,97.70,88.20,4.09,483.50,84.10,38.40,40.60,96.40,90.90,4.54,486.03,85.93,119.30,124.80,97.57,89.63,11.54
2026-04-22 04:30:00,2026-04-22 04:30:59,Q10,486.40,83.10,39.20,40.30,98.60,87.00,2.83,488.60,88.70,40.70,42.90,97.60,86.70,4.11,484.20,82.40,37.40,39.70,96.40,89.20,4.51,486.40,84.73,117.30,122.90,97.53,87.63,11.46
2026-04-22 04:31:00,2026-04-22 04:31:59,Q10,486.30,80.90,37.20,38.90,98.60,88.50,2.80,488.70,89.30,41.70,43.40,97.70,90.00,3.97,484.00,82.60,37.40,39.70,96.50,91.40,4.43,486.33,84.27,116.30,122.00,97.60,89.97,11.20
2026-04-22 04:32:00,2026-04-22 04:32:59,Q10,487.80,78.30,36.30,38.00,98.70,87.50,2.54,488.00,84.50,38.80,41.00,97.90,87.50,3.60,482.70,76.10,34.60,36.60,96.40,89.90,4.23,486.17,79.63,109.70,115.60,97.67,88.30,10.37
2026-04-22 04:33:00,2026-04-22 04:33:59,Q10,486.40,79.20,37.20,38.40,98.70,88.40,2.57,488.60,86.70,39.80,42.00,97.80,90.00,3.74,483.40,77.40,35.50,37.20,96.40,91.80,4.26,486.13,81.10,112.50,117.60,97.63,90.07,10.57
2026-04-22 04:34:00,2026-04-22 04:34:59,Q10,487.50,75.50,35.60,36.50,99.00,90.30,2.14,487.50,83.00,38.80,40.40,97.80,89.80,3.63,483.20,75.90,34.60,36.20,96.50,92.90,4.06,486.07,78.13,109.00,113.10,97.77,91.00,9.83
2026-04-22 04:35:00,2026-04-22 04:35:59,Q10,485.90,74.10,34.70,35.90,99.00,87.10,2.17,488.00,84.20,39.20,41.00,98.00,86.70,3.40,483.60,73.40,33.60,35.30,96.60,90.70,3.94,485.83,77.23,107.50,112.20,97.87,88.17,9.51
2026-04-22 04:36:00,2026-04-22 04:36:59,Q10,487.70,74.50,35.60,36.00,99.10,90.60,2.00,487.90,81.90,38.20,39.40,98.00,89.30,3.40,482.20,74.60,33.60,35.70,96.30,94.10,4.09,485.93,77.00,107.40,111.10,97.80,91.33,9.49
2026-04-22 04:37:00,2026-04-22 04:37:59,Q10,487.40,81.30,38.20,39.40,98.80,85.30,2.66,487.20,91.90,42.70,44.30,97.90,85.60,3.97,483.00,82.80,37.00,39.60,95.90,88.40,4.86,485.87,85.33,117.90,123.30,97.53,86.43,11.49
2026-04-22 04:38:00,2026-04-22 04:38:59,Q10,485.10,88.00,41.20,42.70,98.20,82.60,3.60,488.10,99.60,46.60,48.30,97.80,80.20,4.49,482.00,91.20,40.80,43.90,95.60,82.80,5.74,485.07,92.93,128.60,134.90,97.20,81.87,13.83
2026-04-22 04:39:00,2026-04-22 04:39:59,Q10,485.80,93.40,44.10,45.10,98.00,78.90,4.00,486.20,100.30,46.60,48.60,97.60,74.80,4.94,481.50,93.70,41.80,44.70,95.50,80.30,6.09,484.50,95.80,132.50,138.40,97.03,78.00,15.03
2026-04-22 04:40:00,2026-04-22 04:40:59,Q10,485.40,98.00,45.60,47.50,97.70,79.70,4.60,486.20,110.60,51.40,53.50,97.50,79.60,5.29,481.10,100.70,45.60,48.10,95.30,80.60,6.77,484.23,103.10,142.60,149.10,96.83,79.97,16.66
2026-04-22 04:41:00,2026-04-22 04:41:59,Q10,485.40,96.10,44.60,46.60,97.60,79.60,4.63,487.20,109.00,51.40,53.10,97.60,78.60,5.20,480.70,101.00,45.60,48.50,95.40,80.20,6.74,484.43,102.03,141.60,148.20,96.87,79.47,16.57
2026-04-22 04:42:00,2026-04-22 04:42:59,Q10,484.40,96.80,44.60,46.50,97.70,78.00,4.46,487.50,107.60,50.40,52.10,97.70,74.80,5.06,480.80,99.90,44.70,47.50,95.40,78.40,6.63,484.23,101.43,139.70,146.10,96.93,77.07,16.14
2026-04-22 04:43:00,2026-04-22 04:43:59,Q10,484.50,95.90,43.70,46.00,97.70,80.80,4.40,487.70,104.90,48.50,50.60,97.80,79.50,4.86,481.70,99.00,44.70,47.60,95.30,81.40,6.54,484.63,99.93,136.90,144.20,96.93,80.57,15.80
2026-04-22 04:44:00,2026-04-22 04:44:59,Q10,486.80,94.40,44.10,45.70,98.20,81.10,3.89,487.20,108.00,50.40,52.60,97.70,80.50,4.89,483.30,99.20,44.70,47.80,95.60,81.70,6.14,485.77,100.53,139.20,146.10,97.17,81.10,14.91
2026-04-22 04:45:00,2026-04-22 04:45:59,Q10,487.20,90.30,42.10,43.80,98.30,85.00,3.57,487.40,102.00,47.50,49.70,97.70,84.80,4.60,482.20,93.80,41.80,44.80,95.70,87.20,5.77,485.60,95.37,131.40,138.30,97.23,85.67,13.94
2026-04-22 04:46:00,2026-04-22 04:46:59,Q10,485.60,99.30,47.00,48.00,98.00,81.00,4.23,488.20,109.60,51.40,53.20,97.70,83.30,5.06,483.00,103.70,46.50,49.70,95.30,85.00,6.66,485.60,104.20,144.90,150.90,97.00,83.10,15.94
2026-04-22 04:47:00,2026-04-22 04:47:59,Q10,486.50,106.30,49.50,51.50,97.70,81.90,4.91,488.00,119.60,56.30,58.10,97.50,81.70,5.80,481.60,111.40,50.30,53.40,95.00,83.10,7.54,485.37,112.43,156.10,163.00,96.73,82.23,18.26
2026-04-22 04:48:00,2026-04-22 04:48:59,Q10,487.20,102.00,47.50,49.70,97.80,82.10,4.57,487.20,114.30,53.30,55.50,97.40,81.50,5.63,482.10,104.40,47.50,50.10,95.20,83.70,6.94,485.50,106.90,148.30,155.30,96.80,82.43,17.14
2026-04-22 04:49:00,2026-04-22 04:49:59,Q10,486.80,100.20,47.00,48.60,98.00,85.10,4.20,488.00,110.60,51.40,53.70,97.60,82.60,5.14,481.60,103.10,46.50,49.50,95.40,85.30,6.51,485.47,104.63,144.90,151.80,97.00,84.33,15.86
2026-04-22 04:50:00,2026-04-22 04:50:59,Q10,485.70,93.10,44.10,45.10,98.10,85.30,3.80,487.00,103.70,48.50,50.20,97.70,84.90,4.74,483.30,95.90,42.80,45.90,95.80,87.60,5.83,485.33,97.57,135.40,141.20,97.20,85.93,14.37
2026-04-22 04:51:00,2026-04-22 04:51:59,Q10,485.40,93.20,44.10,45.10,98.10,86.20,3.91,488.30,104.60,48.50,50.80,97.80,84.80,4.63,482.40,96.50,43.70,46.30,95.80,87.00,5.89,485.37,98.10,136.30,142.20,97.23,86.00,14.43
2026-04-22 04:52:00,2026-04-22 04:52:59,Q10,485.70,96.80,45.10,46.60,98.10,82.10,4.06,487.20,108.70,50.40,52.60,97.60,81.50,5.11,482.70,101.40,45.60,48.70,95.60,84.10,6.31,485.20,102.30,141.10,147.90,97.10,82.57,15.49
2026-04-22 04:53:00,2026-04-22 04:53:59,Q10,485.90,104.60,48.50,50.40,97.70,81.00,4.80,487.00,115.70,54.30,56.00,97.40,80.00,5.74,482.50,107.70,48.50,51.60,95.40,82.70,6.97,485.13,109.33,151.30,158.00,96.83,81.23,17.51
2026-04-22 04:54:00,2026-04-22 04:54:59,Q10,486.00,98.00,46.10,47.60,98.20,84.60,3.89,486.60,107.40,50.40,52.00,97.50,84.20,5.14,482.60,99.20,44.70,47.70,95.50,87.30,6.23,485.07,101.53,141.20,147.30,97.07,85.37,15.26
2026-04-22 04:55:00,2026-04-22 04:55:59,Q10,485.90,97.40,46.10,47.00,98.20,84.70,3.83,486.50,106.20,49.50,51.50,97.50,82.80,5.09,482.70,96.10,43.70,46.30,95.40,84.40,6.20,485.03,99.90,139.30,144.80,97.03,83.97,15.11
2026-04-22 04:56:00,2026-04-22 04:56:59,Q10,486.70,97.30,46.10,47.10,98.20,83.20,3.94,486.80,109.50,50.40,53.00,97.70,82.50,5.11,481.40,101.40,45.60,48.60,95.30,85.80,6.54,484.97,102.73,142.10,148.70,97.07,83.83,15.60
2026-04-22 04:57:00,2026-04-22 04:57:59,Q10,486.30,94.80,44.10,45.70,98.30,82.10,3.63,487.60,103.90,48.50,50.20,97.50,81.60,4.97,480.90,96.10,43.70,46.10,95.60,84.70,5.94,484.93,98.27,136.30,142.00,97.13,82.80,14.54
2026-04-22 04:58:00,2026-04-22 04:58:59,Q10,486.50,95.40,45.10,46.20,98.50,84.10,3.46,486.40,104.50,48.50,50.50,97.70,83.50,4.80,481.50,95.60,42.80,45.70,95.60,86.00,5.94,484.80,98.50,136.40,142.40,97.27,84.53,14.20
2026-04-22 04:59:00,2026-04-22 04:59:59,Q10,485.40,95.30,45.10,46.10,98.40,85.00,3.60,487.00,107.00,50.40,52.10,97.80,83.80,4.74,480.70,95.70,42.80,45.60,95.60,86.20,6.11,484.37,99.33,138.30,143.80,97.27,85.00,14.46
2026-04-22 05:00:00,2026-04-22 05:00:59,Q10,484.40,95.20,44.10,46.00,98.30,84.30,3.69,485.60,102.70,47.50,49.50,97.60,80.60,4.89,481.60,95.70,42.80,45.70,95.80,83.90,5.89,483.87,97.87,134.40,141.20,97.23,82.93,14.46
2026-04-22 05:01:00,2026-04-22 05:01:59,Q10,484.70,95.50,44.10,46.00,98.20,82.60,3.83,485.00,106.70,49.50,51.40,97.50,83.50,5.09,481.20,94.00,42.80,45.20,95.90,85.60,5.86,483.63,98.73,136.40,142.60,97.20,83.90,14.77
2026-04-22 05:02:00,2026-04-22 05:02:59,Q10,485.40,96.80,45.10,46.60,98.50,81.60,3.57,485.00,106.60,49.50,51.40,97.40,80.40,5.23,480.10,97.90,43.70,46.60,95.50,81.90,6.14,483.50,100.43,138.30,144.60,97.13,81.30,14.94
2026-04-22 05:03:00,2026-04-22 05:03:59,Q10,484.10,95.00,44.10,46.00,98.40,85.10,3.54,486.40,103.80,48.50,50.10,97.70,83.70,4.83,479.40,95.70,42.80,45.50,95.40,86.90,6.06,483.30,98.17,135.40,141.60,97.17,85.23,14.43
2026-04-22 05:04:00,2026-04-22 05:04:59,Q10,483.40,94.20,44.10,45.40,98.40,83.60,3.57,485.40,105.20,48.50,50.90,97.50,80.70,5.03,481.20,96.00,43.70,46.20,95.70,85.30,5.86,483.33,98.47,136.30,142.50,97.20,83.20,14.46
2026-04-22 05:05:00,2026-04-22 05:05:59,Q10,484.90,93.10,44.10,45.00,98.40,82.00,3.60,485.30,106.10,49.50,51.40,97.60,82.50,4.94,479.90,96.30,42.80,46.00,95.50,84.40,6.03,483.37,98.50,136.40,142.40,97.17,82.97,14.57
2026-04-22 05:06:00,2026-04-22 05:06:59,Q10,484.30,89.50,42.10,43.10,98.50,85.30,3.29,486.10,103.30,48.50,50.10,97.60,85.40,4.71,479.40,90.90,40.80,43.10,95.60,87.90,5.69,483.27,94.57,131.40,136.30,97.23,86.20,13.69
2026-04-22 05:07:00,2026-04-22 05:07:59,Q10,484.40,90.80,42.10,43.60,98.50,82.80,3.34,484.60,100.50,46.60,48.40,97.70,81.40,4.60,480.40,91.70,40.80,43.70,95.70,84.10,5.69,483.13,94.33,129.50,135.70,97.30,82.77,13.63
2026-04-22 05:08:00,2026-04-22 05:08:59,Q10,483.50,88.90,41.20,42.50,98.40,86.20,3.37,486.00,100.50,46.60,48.60,97.60,85.60,4.57,481.20,92.30,42.20,44.30,96.00,87.40,5.31,483.57,93.90,130.00,135.40,97.33,86.40,13.26
2026-04-22 05:09:00,2026-04-22 05:09:59,Q10,484.20,95.20,44.10,46.00,98.10,84.00,3.86,487.10,101.60,47.50,49.20,97.60,80.90,4.74,481.10,94.50,43.20,45.20,96.00,83.70,5.71,484.13,97.10,134.80,140.40,97.23,82.87,14.31
2026-04-22 05:10:00,2026-04-22 05:10:59,Q10,485.30,98.00,46.10,47.50,98.10,83.70,4.14,487.70,111.10,52.40,54.10,97.60,82.10,5.20,480.90,99.80,44.70,47.50,95.60,83.40,6.43,484.63,102.97,143.20,149.10,97.10,83.07,15.77
2026-04-22 05:11:00,2026-04-22 05:11:59,Q10,485.60,96.40,45.10,46.60,98.30,84.30,3.71,486.00,105.80,49.50,51.00,97.60,83.00,4.94,481.10,96.90,43.70,46.20,95.50,86.50,6.14,484.23,99.70,138.30,143.80,97.13,84.60,14.80
2026-04-22 05:12:00,2026-04-22 05:12:59,Q10,485.30,86.60,40.20,41.70,98.50,87.60,3.09,486.20,98.00,45.60,47.60,97.70,86.90,4.34,480.70,87.50,39.40,41.80,96.00,90.10,5.14,484.07,90.70,125.20,131.10,97.40,88.20,12.57
2026-04-22 05:13:00,2026-04-22 05:13:59,Q10,485.20,89.80,42.10,43.20,98.30,85.70,3.40,487.10,98.80,45.60,47.70,97.90,83.70,4.29,480.60,92.50,41.80,44.20,95.70,86.30,5.66,484.30,93.70,129.50,135.10,97.30,85.23,13.34
2026-04-22 05:14:00,2026-04-22 05:14:59,Q10,486.00,94.70,44.10,45.70,98.30,85.70,3.63,485.90,102.20,47.50,49.50,97.70,84.20,4.86,481.30,96.00,43.70,46.20,95.50,87.20,6.03,484.40,97.63,135.30,141.40,97.17,85.70,14.51
2026-04-22 05:15:00,2026-04-22 05:15:59,Q10,485.70,95.90,45.10,46.10,98.10,83.30,4.09,485.40,108.70,50.40,52.40,97.50,83.30,5.17,480.80,100.00,45.60,48.00,95.60,85.60,6.34,483.97,101.53,141.10,146.50,97.07,84.07,15.60
2026-04-22 05:16:00,2026-04-22 05:16:59,Q10,484.80,107.90,49.50,51.80,97.70,81.60,4.91,485.20,116.80,54.30,56.30,97.30,82.40,5.89,481.60,109.00,49.40,52.40,95.30,83.00,7.14,483.87,111.23,153.20,160.50,96.77,82.33,17.94
2026-04-22 05:17:00,2026-04-22 05:17:59,Q10,484.00,102.60,48.00,49.40,98.00,81.40,4.49,486.30,115.40,53.30,55.90,97.50,82.40,5.57,481.40,105.60,47.50,50.50,95.40,83.80,6.86,483.90,107.87,148.80,155.80,96.97,82.53,16.91
2026-04-22 05:18:00,2026-04-22 05:18:59,Q10,484.60,98.20,46.10,47.40,98.20,81.90,3.91,486.40,109.30,50.40,53.00,97.70,81.20,5.06,480.80,100.00,45.60,48.00,95.40,84.60,6.43,483.93,102.50,142.10,148.40,97.10,82.57,15.40
2026-04-22 05:19:00,2026-04-22 05:19:59,Q10,485.70,97.20,46.10,47.00,98.20,84.90,3.86,485.90,110.70,51.40,53.30,97.60,83.20,5.14,480.50,99.20,44.70,47.50,95.10,86.50,6.51,484.03,102.37,142.20,147.80,96.97,84.87,15.51
2026-04-22 05:20:00,2026-04-22 05:20:59,Q10,484.80,96.10,45.10,46.50,98.30,83.50,3.86,485.30,109.90,50.40,52.90,97.50,81.80,5.26,481.40,99.70,44.70,47.60,95.30,86.60,6.37,483.83,101.90,140.20,147.00,97.03,83.97,15.49
2026-04-22 05:21:00,2026-04-22 05:21:59,Q10,484.90,88.50,41.20,42.60,98.60,85.70,3.14,485.80,100.00,46.60,48.50,97.80,82.60,4.51,480.10,94.10,42.80,45.10,95.30,88.80,5.86,483.60,94.20,130.60,136.20,97.23,85.70,13.51
2026-04-22 05:22:00,2026-04-22 05:22:59,Q10,484.00,97.20,45.10,46.90,98.30,83.60,3.71,485.60,108.40,50.40,52.40,97.60,81.20,5.11,481.50,97.70,43.70,46.70,95.20,85.40,6.43,483.70,101.10,139.20,146.00,97.03,83.40,15.26
2026-04-22 05:23:00,2026-04-22 05:23:59,Q10,484.70,107.50,50.00,51.80,98.00,82.20,4.60,486.80,121.30,56.30,58.80,97.60,80.20,5.71,479.80,110.80,48.90,52.70,94.90,81.30,7.60,483.77,113.20,155.20,163.30,96.83,81.23,17.91
2026-04-22 05:24:00,2026-04-22 05:24:59,Q10,483.40,98.40,46.10,47.30,98.20,83.40,4.00,486.20,109.00,50.40,53.00,97.70,81.20,5.11,481.00,102.40,46.50,49.10,95.10,85.60,6.71,483.53,103.27,143.00,149.40,97.00,83.40,15.83
2026-04-22 05:25:00,2026-04-22 05:25:59,Q10,483.40,103.90,47.50,49.70,97.70,80.40,4.69,486.70,111.40,51.40,53.90,97.80,78.80,5.17,480.40,107.40,48.50,51.40,95.40,81.00,6.94,483.50,107.57,147.40,155.00,96.97,80.07,16.80
2026-04-22 05:26:00,2026-04-22 05:26:59,Q10,485.00,95.80,45.10,46.10,98.00,84.70,4.06,485.20,109.00,50.40,52.90,97.70,82.70,4.91,480.80,101.40,45.60,48.50,95.40,84.50,6.40,483.67,102.07,141.10,147.50,97.03,83.97,15.37
2026-04-22 05:27:00,2026-04-22 05:27:59,Q10,484.30,96.50,45.10,46.50,98.20,80.50,3.91,485.20,107.70,49.50,51.90,97.60,80.50,5.03,481.20,100.70,45.60,48.10,95.30,82.90,6.43,483.57,101.63,140.20,146.50,97.03,81.30,15.37
2026-04-22 05:28:00,2026-04-22 05:28:59,Q10,483.60,101.80,47.00,48.80,98.10,80.70,4.23,486.10,113.20,52.40,54.90,97.60,80.80,5.40,480.80,103.20,46.50,49.40,95.10,82.30,6.94,483.50,106.07,145.90,153.10,96.93,81.27,16.57
2026-04-22 05:29:00,2026-04-22 05:29:59,Q10,483.60,95.40,44.10,45.90,98.40,84.40,3.54,486.20,106.70,49.50,51.50,97.60,83.40,4.94,481.00,95.90,42.80,45.70,95.20,87.10,6.23,483.60,99.33,136.40,143.10,97.07,84.97,14.71
2026-04-22 05:30:00,2026-04-22 05:30:59,Q10,483.80,98.10,46.10,47.30,98.20,80.60,4.03,484.70,111.10,51.40,53.70,97.30,78.90,5.49,480.90,101.00,45.60,48.50,95.20,82.40,6.54,483.13,103.40,143.10,149.50,96.90,80.63,16.06
2026-04-22 05:31:00,2026-04-22 05:31:59,Q10,485.00,108.30,51.00,52.40,98.10,81.30,4.54,485.80,117.20,54.30,56.70,97.20,79.30,6.14,479.30,111.80,49.80,53.20,94.90,83.00,7.43,483.37,112.43,155.10,162.30,96.73,81.20,18.11
2026-04-22 05:32:00,2026-04-22 05:32:59,Q10,485.40,96.80,45.10,46.60,98.40,81.70,3.69,486.10,112.10,52.40,54.40,97.70,77.90,5.20,479.90,97.60,43.20,46.50,94.80,82.70,6.86,483.80,102.17,140.70,147.50,96.97,80.77,15.74
2026-04-22 05:33:00,2026-04-22 05:33:59,Q10,485.30,94.90,44.10,45.60,98.40,84.30,3.60,486.40,110.00,51.40,53.50,97.90,82.10,4.91,479.90,99.70,44.20,47.40,94.80,85.80,6.83,483.87,101.53,139.70,146.50,97.03,84.07,15.34
2026-04-22 05:34:00,2026-04-22 05:34:59,Q10,483.50,95.00,44.10,45.90,98.40,82.80,3.57,486.00,106.60,49.50,51.50,97.80,82.00,4.91,480.90,98.20,44.70,47.00,95.10,86.10,6.43,483.47,99.93,138.30,144.40,97.10,83.63,14.91
2026-04-22 05:35:00,2026-04-22 05:35:59,Q10,483.70,95.00,44.10,45.90,98.40,78.80,3.63,485.10,106.90,49.50,51.40,97.70,79.10,4.94,481.00,98.80,44.70,47.10,95.00,83.80,6.51,483.27,100.23,138.30,144.40,97.03,80.57,15.09
2026-04-22 05:36:00,2026-04-22 05:36:59,Q10,483.50,100.10,47.00,48.30,98.20,83.30,4.00,484.70,112.10,52.40,54.20,97.60,81.70,5.26,480.50,103.60,46.10,49.40,94.90,84.70,6.94,482.90,105.27,145.50,151.90,96.90,83.23,16.20
2026-04-22 05:37:00,2026-04-22 05:37:59,Q10,483.70,97.10,45.10,46.90,98.30,84.70,3.80,485.80,111.30,51.40,53.80,97.80,82.80,5.11,478.70,102.00,45.10,48.80,94.70,86.20,7.00,482.73,103.47,141.60,149.50,96.93,84.57,15.91
2026-04-22 05:38:00,2026-04-22 05:38:59,Q10,483.90,95.40,44.10,45.90,98.40,84.20,3.57,484.10,108.20,50.40,52.30,97.70,82.10,5.03,479.00,98.70,43.20,46.90,94.80,84.60,6.69,482.33,100.77,137.70,145.10,96.97,83.63,15.29
2026-04-22 05:39:00,2026-04-22 05:39:59,Q10,481.70,94.60,44.10,45.20,98.00,80.50,4.06,483.20,105.20,48.50,50.70,97.60,78.50,5.11,479.00,98.10,43.20,46.90,94.90,82.40,6.74,481.30,99.30,135.80,142.80,96.83,80.47,15.91
2026-04-22 05:40:00,2026-04-22 05:40:59,Q10,482.60,94.60,43.70,45.30,97.90,79.40,4.31,483.20,109.90,50.40,52.60,97.40,78.50,5.49,477.90,98.50,43.20,46.70,94.90,80.70,7.03,481.23,101.00,137.30,144.60,96.73,79.53,16.83
2026-04-22 05:41:00,2026-04-22 05:41:59,Q10,482.40,101.60,46.60,48.70,97.80,77.90,4.71,482.90,115.20,53.30,55.40,97.40,75.50,5.83,478.00,106.00,47.00,50.70,94.70,77.70,7.51,481.10,107.60,146.90,154.80,96.63,77.03,18.06
2026-04-22 05:42:00,2026-04-22 05:42:59,Q10,482.40,96.10,44.60,46.30,97.80,80.60,4.46,483.00,110.60,51.40,53.10,97.50,78.50,5.37,477.30,98.50,43.20,46.70,94.80,80.60,7.11,480.90,101.73,139.20,146.10,96.70,79.90,16.94
2026-04-22 05:43:00,2026-04-22 05:43:59,Q10,482.70,96.10,45.10,46.30,98.00,78.50,4.23,483.10,107.50,49.50,51.70,97.70,75.90,5.23,477.40,100.80,44.20,47.70,94.80,81.40,7.09,481.07,101.47,138.80,145.70,96.83,78.60,16.54
2026-04-22 05:44:00,2026-04-22 05:44:59,Q10,481.10,99.20,45.60,47.60,97.60,78.70,4.71,484.40,113.30,52.40,54.70,97.60,78.80,5.40,478.50,106.00,47.00,50.70,94.80,79.00,7.31,481.33,106.17,145.00,153.00,96.67,78.83,17.43
2026-04-22 05:45:00,2026-04-22 05:45:59,Q10,481.00,98.10,45.60,47.10,97.60,78.40,4.57,484.40,109.30,50.40,52.80,97.60,76.80,5.23,478.30,101.00,45.10,48.30,94.90,78.80,7.06,481.23,102.80,141.10,148.20,96.70,78.00,16.86
2026-04-22 05:46:00,2026-04-22 05:46:59,Q10,481.60,98.60,45.60,47.10,97.70,77.30,4.54,482.90,110.20,51.40,53.00,97.50,76.00,5.34,478.80,103.70,46.50,49.20,95.00,78.80,6.97,481.10,104.17,143.50,149.30,96.73,77.37,16.86
2026-04-22 05:47:00,2026-04-22 05:47:59,Q10,482.10,92.90,43.10,44.30,98.00,80.80,4.14,483.10,105.80,48.50,50.70,97.60,78.70,5.11,477.80,97.70,43.70,46.30,95.00,81.50,6.74,481.00,98.80,135.30,141.30,96.87,80.33,16.00
2026-04-22 05:48:00,2026-04-22 05:48:59,Q10,482.50,89.90,41.20,42.90,98.00,80.70,3.89,484.10,102.30,47.50,49.40,97.90,78.00,4.46,477.50,93.50,41.80,44.40,95.20,81.70,6.26,481.37,95.23,130.50,136.70,97.03,80.13,14.60
2026-04-22 05:49:00,2026-04-22 05:49:59,Q10,482.00,95.20,43.70,45.80,97.90,80.80,4.20,483.80,106.50,49.50,51.20,97.70,79.40,5.03,479.40,97.20,43.70,46.50,95.00,82.60,6.74,481.73,99.63,136.90,143.50,96.87,80.93,15.97
2026-04-22 05:50:00,2026-04-22 05:50:59,Q10,481.10,98.80,45.60,47.10,97.60,76.30,4.74,484.50,111.10,51.40,53.70,97.70,77.00,5.20,478.00,104.00,46.50,49.70,95.00,77.50,7.11,481.20,104.63,143.50,150.50,96.77,76.93,17.06
2026-04-22 05:51:00,2026-04-22 05:51:59,Q10,481.70,91.40,41.70,43.80,97.90,81.60,3.97,484.00,103.10,47.50,49.90,97.90,80.90,4.60,476.90,94.60,41.80,44.70,95.10,82.30,6.43,480.87,96.37,131.00,138.40,96.97,81.60,15.00
2026-04-22 05:52:00,2026-04-22 05:52:59,Q10,481.40,207.70,95.00,99.60,96.10,51.70,14.26,483.00,219.10,101.80,105.80,97.20,52.30,12.89,476.30,216.30,96.90,102.80,95.20,51.20,16.57,480.23,214.37,293.70,308.20,96.17,51.73,43.71
2026-04-22 05:53:00,2026-04-22 05:53:59,Q10,481.00,203.80,93.10,97.60,96.10,51.30,14.11,482.70,219.90,101.80,105.60,97.20,50.10,12.80,477.70,215.90,96.90,102.60,95.30,50.00,16.31,480.47,213.20,291.80,305.80,96.20,50.47,43.23
2026-04-22 05:54:00,2026-04-22 05:54:59,Q10,481.60,205.50,94.10,98.60,96.10,51.70,14.09,482.40,216.80,100.90,104.10,97.10,51.40,13.06,477.20,215.00,96.90,102.60,95.20,52.30,16.49,480.40,212.43,291.90,305.30,96.13,51.80,43.63
2026-04-22 05:55:00,2026-04-22 05:55:59,Q10,480.10,205.40,94.10,98.40,96.20,50.60,13.97,483.50,216.50,100.90,104.30,97.30,52.00,12.49,477.20,215.30,96.90,102.60,95.40,49.80,16.26,480.27,212.40,291.90,305.30,96.30,50.80,42.71
2026-04-22 05:56:00,2026-04-22 05:56:59,Q10,480.40,200.80,92.20,96.00,96.10,52.00,13.97,483.70,214.90,99.90,103.40,97.50,52.40,12.11,476.80,214.70,95.90,101.90,95.30,51.80,16.43,480.30,210.13,288.00,301.30,96.30,52.07,42.51
2026-04-22 05:57:00,2026-04-22 05:57:59,Q10,480.60,205.80,94.10,98.40,96.00,48.60,14.23,483.90,218.90,101.80,105.30,97.30,49.20,12.66,478.00,215.40,96.90,102.80,95.30,50.10,16.51,480.83,213.37,292.80,306.50,96.20,49.30,43.40
2026-04-22 05:58:00,2026-04-22 05:58:59,Q10,482.50,209.90,95.00,100.70,95.90,57.50,14.40,483.10,225.30,104.80,108.70,97.20,55.80,12.97,478.00,218.80,97.80,104.20,94.90,54.70,17.06,481.20,218.00,297.60,313.60,96.00,56.00,44.43
2026-04-22 05:59:00,2026-04-22 05:59:59,Q10,481.60,209.10,95.00,100.50,95.50,58.30,15.23,483.10,224.00,104.80,108.20,97.10,60.60,12.91,479.30,225.40,101.70,107.80,95.00,57.40,17.11,481.33,219.50,301.50,316.50,95.87,58.77,45.26
2026-04-22 06:00:00,2026-04-22 06:00:59,Q10,480.30,208.60,94.10,99.80,95.40,57.70,15.26,483.20,226.80,105.70,109.20,97.20,58.80,12.91,478.10,223.60,99.60,106.60,94.90,55.60,17.31,480.53,219.67,299.40,315.60,95.83,57.37,45.49
2026-04-22 06:01:00,2026-04-22 06:01:59,Q10,481.90,206.50,94.10,99.10,95.80,59.00,14.46,482.40,228.70,105.70,109.90,97.20,59.60,13.03,476.70,219.20,97.80,104.20,94.50,57.70,17.83,480.33,218.13,297.60,313.20,95.83,58.77,45.31
2026-04-22 06:02:00,2026-04-22 06:02:59,Q10,481.70,210.90,95.90,101.00,95.80,60.00,14.46,482.90,228.90,105.70,109.90,97.10,58.30,13.26,476.40,224.30,99.60,106.60,94.50,59.00,17.80,480.33,221.37,301.20,317.50,95.80,59.10,45.51
2026-04-22 06:03:00,2026-04-22 06:03:59,Q10,481.60,204.80,93.10,98.10,95.90,59.80,14.31,482.00,228.90,105.70,109.90,97.10,59.30,13.34,476.40,221.30,98.70,105.20,94.50,58.50,17.80,480.00,218.33,297.50,313.20,95.83,59.20,45.46
2026-04-22 06:04:00,2026-04-22 06:04:59,Q10,480.90,207.20,94.10,99.40,95.90,60.90,14.20,483.10,230.50,107.70,111.10,97.10,59.40,13.37,475.80,223.80,98.70,105.90,94.20,59.50,18.31,479.93,220.50,300.50,316.40,95.73,59.93,45.89
2026-04-22 06:05:00,2026-04-22 06:05:59,Q10,481.80,211.00,97.00,101.50,96.20,59.90,13.89,481.90,229.30,105.60,110.10,96.90,59.40,13.89,476.80,219.60,97.80,104.20,94.30,59.20,17.97,480.17,219.97,300.40,315.80,95.80,59.50,45.74
2026-04-22 06:06:00,2026-04-22 06:06:59,Q10,480.60,208.20,95.00,99.80,96.10,59.50,13.97,482.50,227.00,105.70,109.40,97.20,58.20,13.17,477.80,221.90,98.70,105.40,94.50,58.00,17.77,480.30,219.03,299.40,314.60,95.93,58.57,44.91
2026-04-22 06:07:00,2026-04-22 06:07:59,Q10,480.90,208.50,95.00,99.80,96.00,60.70,14.26,481.70,230.20,106.70,110.60,97.00,60.50,13.54,477.00,225.90,100.60,107.30,94.50,60.10,17.69,479.87,221.53,302.30,317.70,95.83,60.43,45.49
2026-04-22 06:08:00,2026-04-22 06:08:59,Q10,479.40,212.90,95.90,101.50,95.70,59.20,14.83,482.50,229.70,106.70,110.40,97.10,58.70,13.09,477.40,223.50,99.60,106.40,94.60,59.20,17.66,479.77,222.03,302.20,318.30,95.80,59.03,45.57
2026-04-22 06:09:00,2026-04-22 06:09:59,Q10,479.10,207.70,94.10,99.20,95.60,60.50,14.83,482.90,229.80,106.70,110.40,97.20,60.90,12.86,476.80,226.90,100.60,107.60,94.70,59.70,17.63,479.60,221.47,301.40,317.20,95.83,60.37,45.31
2026-04-22 06:10:00,2026-04-22 06:10:59,Q10,479.50,205.30,93.10,98.20,95.60,60.90,14.89,483.10,228.20,106.70,110.10,97.30,60.00,12.69,475.70,225.40,99.60,106.90,94.60,58.50,17.89,479.43,219.63,299.40,315.20,95.83,59.80,45.46
2026-04-22 06:11:00,2026-04-22 06:11:59,Q10,481.00,202.00,92.20,97.20,95.80,58.90,14.46,481.40,230.80,106.70,110.60,97.20,58.10,12.91,475.90,228.70,101.50,108.30,94.30,57.80,18.17,479.43,220.50,300.40,316.10,95.77,58.27,45.54
2026-04-22 06:12:00,2026-04-22 06:12:59,Q10,480.60,207.60,94.10,99.40,95.70,61.30,14.63,481.20,229.10,106.70,110.10,97.40,59.10,12.54,476.30,227.10,101.50,108.10,94.30,57.80,18.31,479.37,221.27,302.30,317.60,95.80,59.40,45.49
2026-04-22 06:13:00,2026-04-22 06:13:59,Q10,480.20,207.60,94.10,99.40,95.60,59.30,14.54,481.50,228.10,105.70,109.70,97.60,57.50,12.00,476.30,223.40,99.60,106.10,94.20,57.30,18.63,479.33,219.70,299.40,315.20,95.80,58.03,45.17
2026-04-22 06:14:00,2026-04-22 06:14:59,Q10,479.40,204.50,92.20,97.70,95.30,61.70,14.97,482.40,225.50,104.80,108.40,97.70,59.70,11.69,476.10,230.00,102.50,109.50,94.20,58.20,18.63,479.30,220.00,299.50,315.60,95.73,59.87,45.29
2026-04-22 06:15:00,2026-04-22 06:15:59,Q10,480.10,203.50,92.20,97.40,95.60,59.90,14.51,482.00,227.00,105.70,109.40,97.60,56.50,12.17,475.30,226.20,100.60,107.30,94.10,55.60,18.71,479.13,218.90,298.50,314.10,95.77,57.33,45.40
2026-04-22 06:16:00,2026-04-22 06:16:59,Q10,479.80,206.70,93.10,98.70,95.60,61.20,14.71,480.90,226.70,104.80,108.50,97.40,60.20,12.51,476.80,230.10,102.50,109.50,94.30,58.70,18.29,479.17,221.17,300.40,316.70,95.77,60.03,45.51
2026-04-22 06:17:00,2026-04-22 06:17:59,Q10,480.30,208.50,94.10,99.80,95.80,60.50,14.40,481.70,226.10,104.80,108.70,97.50,59.20,12.34,475.40,223.60,98.70,105.90,94.30,58.30,18.23,479.13,219.40,297.60,314.40,95.87,59.33,44.97
2026-04-22 06:18:00,2026-04-22 06:18:59,Q10,479.50,207.10,94.10,99.20,95.40,59.50,15.06,481.10,225.30,104.80,108.20,97.40,56.80,12.34,476.90,226.50,100.60,107.60,94.70,56.00,17.66,479.17,219.63,299.50,315.00,95.83,57.43,45.06
2026-04-22 06:19:00,2026-04-22 06:19:59,Q10,480.40,204.80,92.20,97.90,95.50,61.50,14.97,481.50,227.30,105.70,109.20,97.50,59.80,12.14,475.70,225.90,99.60,106.90,94.60,57.40,17.83,479.20,219.33,297.50,314.00,95.87,59.57,44.94
2026-04-22 06:20:00,2026-04-22 06:20:59,Q10,479.40,208.90,94.10,99.60,95.40,57.60,14.97,483.00,224.80,104.80,108.20,97.50,57.80,12.14,475.90,224.40,99.60,106.40,94.60,54.00,17.94,479.43,219.37,298.50,314.20,95.83,56.47,45.06
2026-04-22 06:21:00,2026-04-22 06:21:59,Q10,480.60,208.30,94.10,99.80,95.80,60.20,14.29,481.60,225.30,104.80,108.20,97.50,58.10,12.14,475.90,225.70,99.60,106.90,94.30,57.20,18.23,479.37,219.77,298.50,314.90,95.87,58.50,44.66
2026-04-22 06:22:00,2026-04-22 06:22:59,Q10,479.80,205.70,93.10,98.20,95.40,61.10,15.11,481.80,224.40,103.80,107.70,97.60,59.40,11.97,477.90,224.90,99.60,106.80,94.70,55.10,17.71,479.83,218.33,296.50,312.70,95.90,58.53,44.80
2026-04-22 06:23:00,2026-04-22 06:23:59,Q10,479.70,206.80,93.10,98.70,95.50,60.00,14.74,483.20,225.40,104.80,108.70,97.70,59.10,11.66,476.50,225.60,100.60,107.10,94.70,57.10,17.66,479.80,219.27,298.50,314.50,95.97,58.73,44.06
2026-04-22 06:24:00,2026-04-22 06:24:59,Q10,480.00,207.70,94.10,99.40,95.90,58.00,14.40,482.60,224.10,103.80,108.00,97.60,56.90,12.09,476.60,225.20,100.60,107.10,94.70,55.90,17.74,479.73,219.00,298.50,314.50,96.07,56.93,44.23
2026-04-22 06:25:00,2026-04-22 06:25:59,Q10,479.70,205.50,93.10,98.20,95.90,59.80,14.17,481.20,222.00,102.80,106.80,97.50,57.80,12.23,476.80,219.90,97.80,104.20,94.70,57.20,17.54,479.23,215.80,293.70,309.20,96.03,58.27,43.94
2026-04-22 06:26:00,2026-04-22 06:26:59,Q10,480.10,202.60,91.20,97.00,95.90,58.20,14.03,481.10,223.70,103.80,107.30,97.50,57.00,12.11,476.80,221.40,98.70,105.20,94.80,55.90,17.20,479.33,215.90,293.70,309.50,96.07,57.03,43.34
2026-04-22 06:27:00,2026-04-22 06:27:59,Q10,480.30,200.40,91.20,96.00,95.90,60.00,13.89,481.50,218.80,100.90,104.90,97.50,58.10,11.83,475.60,218.10,96.80,103.60,94.90,56.00,16.83,479.13,212.43,288.90,304.50,96.10,58.03,42.54
2026-04-22 06:28:00,2026-04-22 06:28:59,Q10,480.80,74.50,34.30,35.50,98.50,94.20,2.77,481.80,87.80,40.20,41.80,98.60,90.40,3.26,476.40,80.20,36.10,38.10,95.20,93.70,5.43,479.67,80.83,110.60,115.40,97.43,92.77,11.46
2026-04-22 06:29:00,2026-04-22 06:29:59,Q10,480.40,83.10,38.20,39.80,98.30,87.70,3.11,481.60,94.60,44.10,45.20,98.50,83.90,3.46,475.80,87.80,39.00,41.30,95.10,88.00,5.80,479.27,88.50,121.30,126.30,97.30,86.53,12.37
2026-04-22 06:30:00,2026-04-22 06:30:59,Q10,480.30,85.00,39.20,40.80,98.20,86.70,3.37,481.30,99.40,46.10,47.60,98.50,84.80,3.69,476.00,93.20,41.80,44.30,95.00,87.60,6.17,479.20,92.53,127.10,132.70,97.23,86.37,13.23
2026-04-22 06:31:00,2026-04-22 06:31:59,Q10,479.70,117.30,54.30,56.00,97.00,77.90,6.20,481.40,131.50,61.70,63.00,98.00,74.50,5.89,476.60,128.20,56.40,60.90,94.60,77.40,9.11,479.23,125.67,172.40,179.90,96.53,76.60,21.20
2026-04-22 06:32:00,2026-04-22 06:32:59,Q10,478.90,121.10,54.70,57.80,96.80,78.70,6.74,482.70,137.70,64.70,66.00,98.00,76.80,6.14,476.00,132.50,58.30,62.80,94.40,78.00,9.89,479.20,130.43,177.70,186.60,96.40,77.83,22.77
2026-04-22 06:33:00,2026-04-22 06:33:59,Q10,478.10,115.30,52.40,55.00,97.10,78.90,6.06,482.00,133.90,62.70,64.10,98.10,75.90,5.74,476.10,126.40,55.50,60.00,94.40,78.60,9.29,478.73,125.20,170.60,179.10,96.53,77.80,21.09
2026-04-22 06:34:00,2026-04-22 06:34:59,Q10,478.70,113.80,52.40,54.00,97.30,79.80,5.71,482.00,130.00,60.80,62.70,98.10,78.20,5.63,477.00,122.90,54.50,58.20,94.50,79.60,8.91,479.23,122.23,167.70,174.90,96.63,79.20,20.26
2026-04-22 06:35:00,2026-04-22 06:35:59,Q10,478.20,102.20,46.60,48.80,97.70,81.30,4.80,481.10,119.10,55.90,57.20,98.20,80.40,4.94,476.80,110.60,48.90,52.40,94.70,81.90,7.89,478.70,110.63,151.40,158.40,96.87,81.20,17.63
2026-04-22 06:36:00,2026-04-22 06:36:59,Q10,478.90,95.00,44.10,45.40,98.20,81.10,3.89,481.00,109.70,51.00,52.40,98.10,76.90,4.63,477.10,104.70,46.10,49.60,94.80,81.80,7.11,479.00,103.13,141.20,147.40,97.03,79.93,15.63
2026-04-22 06:37:00,2026-04-22 06:37:59,Q10,480.30,78.50,36.30,37.40,98.80,88.00,2.51,481.90,95.70,44.10,45.70,98.50,84.50,3.49,475.60,86.80,37.60,40.80,94.60,90.40,5.86,479.27,87.00,118.00,123.90,97.30,87.63,11.86
2026-04-22 06:38:00,2026-04-22 06:38:59,Q10,480.30,76.30,35.30,36.50,98.70,87.30,2.49,483.10,90.60,42.10,43.50,98.70,84.40,3.11,476.10,82.70,37.00,39.00,95.10,86.90,5.40,479.83,83.20,114.40,119.00,97.50,86.20,11.00
2026-04-22 06:39:00,2026-04-22 06:39:59,Q10,480.60,79.40,36.30,37.90,98.60,87.50,2.80,482.90,92.70,43.10,44.30,98.50,84.80,3.37,476.10,87.20,39.00,41.40,95.00,89.20,5.69,479.87,86.43,118.40,123.60,97.37,87.17,11.86
2026-04-22 06:40:00,2026-04-22 06:40:59,Q10,479.30,70.10,32.30,33.50,98.90,88.80,2.11,482.80,84.20,39.20,40.50,98.70,86.50,2.74,477.60,75.50,33.20,35.80,95.10,91.70,4.86,479.90,76.60,104.70,109.80,97.57,89.00,9.71
2026-04-22 06:41:00,2026-04-22 06:41:59,Q10,480.10,64.70,29.70,30.70,99.30,91.60,1.54,482.30,74.50,34.30,35.70,98.80,89.10,2.43,478.10,69.40,30.40,33.00,95.20,92.80,4.29,480.17,69.53,94.40,99.40,97.77,91.17,8.26
2026-04-22 06:42:00,2026-04-22 06:42:59,Q10,481.50,68.50,31.70,32.70,99.00,92.40,1.91,482.50,83.30,39.20,40.00,98.70,88.60,2.71,477.10,73.60,32.00,34.80,94.90,94.30,4.86,480.37,75.13,102.90,107.50,97.53,91.77,9.49
2026-04-22 06:43:00,2026-04-22 06:43:59,Q10,480.20,68.70,31.70,32.60,99.20,94.90,1.66,483.00,77.90,36.30,37.20,98.70,90.60,2.60,478.20,72.30,32.30,34.40,95.00,96.50,4.57,480.47,72.97,100.30,104.20,97.63,94.00,8.83
2026-04-22 06:44:00,2026-04-22 06:44:59,Q10,481.40,65.00,30.70,31.30,99.30,92.30,1.57,484.00,79.30,37.20,38.20,98.70,89.60,2.60,477.20,69.20,30.40,32.90,95.00,95.20,4.46,480.87,71.17,98.30,102.40,97.67,92.37,8.63
2026-04-22 06:45:00,2026-04-22 06:45:59,Q10,480.70,79.30,36.30,37.90,98.50,89.50,2.83,482.30,93.70,43.10,44.80,98.40,86.20,3.54,478.40,84.60,38.00,40.20,95.20,90.60,5.57,480.47,85.87,117.40,122.90,97.37,88.77,11.94
2026-04-22 06:46:00,2026-04-22 06:46:59,Q10,480.90,79.10,36.30,37.90,98.70,88.40,2.63,483.40,91.50,42.10,44.00,98.40,86.10,3.34,479.00,83.30,37.00,39.80,95.40,89.90,5.17,481.10,84.63,115.40,121.70,97.50,88.13,11.14
2026-04-22 06:47:00,2026-04-22 06:47:59,Q10,482.10,61.90,28.70,29.40,99.30,94.70,1.46,483.90,70.30,32.30,33.80,98.80,91.20,2.29,477.40,64.20,28.50,30.50,95.80,96.90,3.74,481.13,65.47,89.50,93.70,97.97,94.27,7.49
2026-04-22 06:48:00,2026-04-22 06:48:59,Q10,481.30,61.00,28.70,29.30,99.30,95.40,1.40,484.20,69.10,32.30,33.40,98.80,92.80,2.14,477.40,63.40,28.80,30.10,96.10,98.60,3.49,480.97,64.50,89.80,92.80,98.07,95.60,7.03
2026-04-22 06:49:00,2026-04-22 06:49:59,Q10,480.20,64.90,29.70,30.70,99.20,93.00,1.69,483.90,76.90,35.30,36.70,98.80,89.20,2.43,477.50,71.40,31.40,33.90,95.60,95.00,4.14,480.53,71.07,96.40,101.30,97.87,92.40,8.26
2026-04-22 06:50:00,2026-04-22 06:50:59,Q10,479.40,63.20,29.70,30.20,99.00,90.40,1.83,481.10,75.00,35.30,36.10,98.50,87.40,2.71,477.00,67.30,29.50,32.00,95.70,90.10,4.03,479.17,68.50,94.50,98.30,97.73,89.30,8.57
2026-04-22 06:51:00,2026-04-22 06:51:59,Q10,479.50,70.90,32.30,33.50,98.70,86.60,2.40,481.40,82.20,38.20,39.40,98.40,83.00,3.17,476.50,76.70,34.20,36.20,95.40,86.80,4.80,479.13,76.60,104.70,109.10,97.50,85.47,10.37
2026-04-22 06:52:00,2026-04-22 06:52:59,Q10,478.90,78.30,36.30,37.30,98.50,84.00,2.91,482.20,89.00,41.20,42.90,98.10,81.70,3.74,476.00,85.60,38.00,40.50,95.30,87.10,5.40,479.03,84.30,115.50,120.70,97.30,84.27,12.06
2026-04-22 06:53:00,2026-04-22 06:53:59,Q10,479.90,78.80,36.30,37.40,98.40,85.40,2.89,481.20,89.20,41.20,42.80,98.20,83.60,3.57,475.20,82.30,36.10,39.00,95.30,86.60,5.26,478.77,83.43,113.60,119.20,97.30,85.20,11.71
2026-04-22 06:54:00,2026-04-22 06:54:59,Q10,479.60,72.90,33.30,34.50,98.70,85.60,2.43,481.50,81.90,37.20,39.00,98.30,84.70,3.14,475.00,75.90,33.20,35.60,95.50,88.90,4.69,478.70,76.90,103.70,109.10,97.50,86.40,10.26
2026-04-22 06:55:00,2026-04-22 06:55:59,Q10,477.70,66.00,30.40,31.50,98.60,87.80,2.34,481.30,80.80,37.20,38.50,98.60,85.40,2.71,475.90,72.20,32.30,34.20,95.60,89.90,4.43,478.30,73.00,99.90,104.20,97.60,87.70,9.49
2026-04-22 06:56:00,2026-04-22 06:56:59,Q10,478.00,69.50,31.40,33.00,98.60,85.00,2.40,481.60,81.50,37.20,39.00,98.50,82.60,2.86,475.70,71.80,31.40,33.70,95.70,87.10,4.46,478.43,74.27,100.00,105.70,97.60,84.90,9.71
2026-04-22 06:57:00,2026-04-22 06:57:59,Q10,478.50,78.20,36.30,37.30,98.20,84.30,3.09,480.90,88.30,41.20,42.20,98.40,83.00,3.43,475.20,82.50,36.10,39.00,95.80,85.10,5.11,478.20,83.00,113.60,118.50,97.47,84.13,11.63
2026-04-22 06:58:00,2026-04-22 06:58:59,Q10,479.00,68.80,31.40,32.60,98.60,86.10,2.40,480.40,78.90,36.30,37.40,98.60,83.60,2.83,475.90,77.50,34.20,36.60,95.90,85.10,4.40,478.43,75.07,101.90,106.60,97.70,84.93,9.63
2026-04-22 06:59:00,2026-04-22 06:59:59,Q10,479.70,61.30,28.70,29.20,99.00,88.20,1.89,481.30,72.60,33.30,34.60,98.60,85.70,2.57,475.40,66.10,29.80,31.40,96.20,90.10,3.80,478.80,66.67,91.80,95.20,97.93,88.00,8.26
2026-04-22 07:00:00,2026-04-22 07:00:59,Q10,479.00,68.90,31.40,32.60,98.60,86.80,2.37,481.40,78.50,36.30,37.50,98.60,84.00,2.74,474.80,74.20,33.20,35.10,95.80,86.50,4.46,478.40,73.87,100.90,105.20,97.67,85.77,9.57
2026-04-22 07:01:00,2026-04-22 07:01:59,Q10,478.20,74.50,34.30,35.40,98.20,80.90,3.11,481.80,88.80,41.20,42.30,98.50,78.10,3.31,474.70,85.10,38.00,40.30,95.30,81.60,5.46,478.23,82.80,113.50,118.00,97.33,80.20,11.89
2026-04-22 07:02:00,2026-04-22 07:02:59,Q10,477.20,92.00,41.70,43.90,97.40,79.60,4.54,481.30,105.90,49.00,50.50,98.10,78.50,4.40,475.00,99.10,44.70,47.00,95.10,79.20,6.77,477.83,99.00,135.40,141.40,96.87,79.10,15.71
2026-04-22 07:03:00,2026-04-22 07:03:59,Q10,477.50,86.80,39.80,41.00,97.80,80.00,3.86,481.50,100.00,47.00,48.10,98.30,76.10,3.94,474.80,91.60,40.80,43.10,95.20,78.50,6.17,477.93,92.80,127.60,132.20,97.10,78.20,13.97
2026-04-22 07:04:00,2026-04-22 07:04:59,Q10,477.60,69.40,31.40,32.90,98.70,86.70,2.29,481.10,78.80,36.30,37.50,98.60,84.30,2.80,475.30,75.40,33.20,35.60,95.40,88.00,4.66,478.00,74.53,100.90,106.00,97.57,86.33,9.74
2026-04-22 07:05:00,2026-04-22 07:05:59,Q10,478.10,62.70,28.70,29.60,99.20,89.90,1.54,481.20,72.80,33.30,34.60,98.80,86.70,2.34,474.00,67.20,29.50,31.80,95.10,91.70,4.20,477.77,67.57,91.50,96.00,97.70,89.43,8.09
2026-04-22 07:06:00,2026-04-22 07:06:59,Q10,478.50,62.60,28.40,29.60,98.90,86.60,1.94,481.40,75.40,35.30,36.10,98.80,83.30,2.49,474.50,70.90,31.40,33.20,95.40,89.00,4.31,478.13,69.63,95.10,98.90,97.70,86.30,8.74
2026-04-22 07:07:00,2026-04-22 07:07:59,Q10,480.10,66.90,30.70,31.70,99.00,91.30,1.97,482.00,80.80,37.20,38.60,98.80,89.10,2.49,475.80,73.60,32.30,34.70,95.60,93.60,4.43,479.30,73.77,100.20,105.00,97.80,91.33,8.89
2026-04-22 07:08:00,2026-04-22 07:08:59,Q10,480.30,67.70,31.70,32.20,99.00,88.30,1.86,481.00,79.10,36.30,38.00,98.70,88.00,2.60,475.80,74.50,33.20,35.20,95.60,89.80,4.31,479.03,73.77,101.20,105.40,97.77,88.70,8.77
2026-04-22 07:09:00,2026-04-22 07:09:59,Q10,479.30,75.50,34.30,35.90,98.70,89.80,2.43,482.40,85.60,39.20,41.00,98.60,88.00,3.09,475.60,81.30,36.10,38.50,95.40,90.90,4.97,479.10,80.80,109.60,115.40,97.57,89.57,10.49
2026-04-22 07:10:00,2026-04-22 07:10:59,Q10,479.80,77.90,35.30,36.90,98.60,89.10,2.66,481.10,91.40,42.10,43.80,98.50,83.40,3.29,476.20,81.50,36.10,38.60,95.20,88.80,5.34,479.03,83.60,113.50,119.30,97.43,87.10,11.29
2026-04-22 07:11:00,2026-04-22 07:11:59,Q10,478.20,79.60,36.30,37.80,98.40,88.30,2.89,481.80,93.90,43.10,44.70,98.50,87.50,3.34,476.40,85.60,38.00,40.50,95.30,90.10,5.43,478.80,86.37,117.40,123.00,97.40,88.63,11.66
2026-04-22 07:12:00,2026-04-22 07:12:59,Q10,479.00,72.40,33.70,34.50,99.00,88.80,2.06,481.60,83.60,38.20,39.90,98.50,87.40,3.00,477.20,75.20,33.20,35.80,95.50,92.40,4.66,479.27,77.07,105.10,110.20,97.67,89.53,9.71
2026-04-22 07:13:00,2026-04-22 07:13:59,Q10,479.40,63.50,29.70,30.20,99.30,94.60,1.49,481.40,73.10,34.30,35.10,98.70,91.10,2.40,477.30,67.90,29.50,32.00,95.60,98.60,3.94,479.37,68.17,93.50,97.30,97.87,94.77,7.83
2026-04-22 07:14:00,2026-04-22 07:14:59,Q10,478.80,63.60,29.70,30.10,99.20,94.80,1.57,481.80,77.60,36.30,37.00,98.70,91.40,2.43,477.10,69.40,30.40,32.90,95.70,96.30,3.91,479.23,70.20,96.40,100.00,97.87,94.17,7.91
2026-04-22 07:15:00,2026-04-22 07:15:59,Q10,478.70,68.10,31.40,32.50,98.90,93.90,2.00,482.20,78.10,36.30,37.60,98.90,90.00,2.46,476.80,73.00,32.30,34.70,95.50,95.40,4.51,479.23,73.07,100.00,104.80,97.77,93.10,8.97
2026-04-22 07:16:00,2026-04-22 07:16:59,Q10,479.10,65.00,30.70,31.10,99.00,90.70,1.89,482.40,78.10,36.30,37.60,98.90,88.40,2.46,475.60,72.70,32.30,34.20,95.40,93.70,4.46,479.03,71.93,99.30,102.90,97.77,90.93,8.80
2026-04-22 07:17:00,2026-04-22 07:17:59,Q10,479.00,66.70,30.70,31.60,99.00,91.80,1.91,482.20,82.00,38.60,39.50,99.00,87.00,2.34,475.60,73.30,32.30,34.70,95.40,92.00,4.51,478.93,74.00,101.60,105.80,97.80,90.27,8.77
2026-04-22 07:18:00,2026-04-22 07:18:59,Q10,479.70,70.40,32.30,33.50,98.80,91.30,2.23,482.20,85.80,39.20,41.00,98.80,88.90,2.69,475.90,79.00,35.20,37.50,95.30,92.40,4.97,479.27,78.40,106.70,112.00,97.63,90.87,9.89
2026-04-22 07:19:00,2026-04-22 07:19:59,Q10,479.60,75.80,34.30,35.90,98.80,86.90,2.37,481.10,88.70,41.20,42.30,98.70,86.40,3.03,477.10,81.80,36.10,38.60,95.00,90.00,5.34,479.27,82.10,111.60,116.80,97.50,87.77,10.74
2026-04-22 07:20:00,2026-04-22 07:20:59,Q10,479.40,68.10,31.70,32.60,99.00,93.20,1.94,481.00,80.80,37.20,38.50,98.80,89.90,2.57,477.10,73.70,32.30,34.80,95.30,94.20,4.63,479.17,74.20,101.20,105.90,97.70,92.43,9.14
2026-04-22 07:21:00,2026-04-22 07:21:59,Q10,479.00,64.80,29.70,30.70,99.10,92.30,1.80,481.10,77.50,36.30,37.00,98.80,87.90,2.40,477.10,71.40,31.40,33.90,95.70,94.70,4.14,479.07,71.23,97.40,101.60,97.87,91.63,8.34
2026-04-22 07:22:00,2026-04-22 07:22:59,Q10,480.10,67.90,31.70,32.20,99.00,92.50,1.94,481.10,80.60,37.20,38.50,98.70,89.80,2.63,477.20,74.90,33.20,35.30,95.60,94.70,4.43,479.47,74.47,102.10,106.00,97.77,92.33,9.00
2026-04-22 07:23:00,2026-04-22 07:23:59,Q10,479.40,73.80,33.30,35.00,98.60,89.10,2.57,483.20,88.00,41.20,42.50,98.70,88.00,3.03,476.40,83.90,37.00,39.50,95.20,90.90,5.26,479.67,81.90,111.50,117.00,97.50,89.33,10.86
2026-04-22 07:24:00,2026-04-22 07:24:59,Q10,479.80,72.50,33.30,34.50,98.70,86.80,2.46,482.70,87.00,40.20,41.90,98.70,85.90,2.86,477.10,81.60,36.10,38.60,95.30,89.10,5.06,479.87,80.37,109.60,115.00,97.57,87.27,10.37
2026-04-22 07:25:00,2026-04-22 07:25:59,Q10,479.70,67.50,31.70,32.10,99.10,92.10,1.83,482.70,77.60,36.30,37.10,98.80,91.30,2.49,477.80,72.30,32.30,34.30,95.60,95.80,4.26,480.07,72.47,100.30,103.50,97.83,93.07,8.57
2026-04-22 07:26:00,2026-04-22 07:26:59,Q10,481.00,69.70,32.30,33.20,98.90,89.70,2.09,482.70,80.90,37.20,38.60,98.70,88.40,2.69,476.60,75.30,33.20,35.70,95.60,89.70,4.51,480.10,75.30,102.70,107.50,97.73,89.27,9.29
2026-04-22 07:27:00,2026-04-22 07:27:59,Q10,479.90,65.80,30.40,31.10,98.90,92.50,2.00,483.40,76.90,35.60,36.70,99.00,89.90,2.23,477.30,69.60,30.70,32.90,96.20,92.20,3.94,480.20,70.77,96.70,100.70,98.03,91.53,8.17
2026-04-22 07:28:00,2026-04-22 07:28:59,Q10,480.30,70.80,32.30,33.60,98.70,87.80,2.31,482.80,83.70,39.20,40.00,98.80,84.80,2.63,476.30,75.70,33.20,35.70,95.80,87.20,4.54,479.80,76.73,104.70,109.30,97.77,86.60,9.49
2026-04-22 07:29:00,2026-04-22 07:29:59,Q10,479.40,82.00,38.20,39.30,98.10,84.20,3.29,483.10,93.60,43.10,44.90,98.80,82.90,3.09,476.60,89.80,39.90,42.40,95.70,83.90,5.46,479.70,88.47,121.20,126.60,97.53,83.67,11.83
2026-04-22 07:30:00,2026-04-22 07:30:59,Q10,480.70,76.70,35.30,36.50,98.40,89.20,2.80,481.80,87.30,40.20,41.80,98.60,87.30,3.03,476.20,82.30,37.00,39.00,95.80,89.50,4.94,479.57,82.10,112.50,117.30,97.60,88.67,10.77
2026-04-22 07:31:00,2026-04-22 07:31:59,Q10,480.20,69.30,32.30,33.10,98.70,90.90,2.34,482.00,82.70,38.20,39.50,98.80,88.20,2.60,476.30,78.50,35.20,37.10,95.80,90.30,4.54,479.50,76.83,105.70,109.70,97.77,89.80,9.49
2026-04-22 07:32:00,2026-04-22 07:32:59,Q10,480.40,71.20,33.30,34.10,98.70,91.30,2.34,481.40,85.00,39.20,40.90,98.70,88.90,2.77,477.00,79.00,35.20,37.70,95.60,93.50,4.69,479.60,78.40,107.70,112.70,97.67,91.23,9.80
2026-04-22 07:33:00,2026-04-22 07:33:59,Q10,479.20,71.70,33.30,34.00,98.80,88.60,2.23,483.10,83.20,39.20,40.10,98.80,87.60,2.63,476.70,78.10,35.20,37.10,95.60,92.00,4.60,479.67,77.67,107.70,111.20,97.73,89.40,9.46
2026-04-22 07:34:00,2026-04-22 07:34:59,Q10,480.30,70.60,32.30,33.60,98.70,91.10,2.26,482.30,81.60,38.20,39.00,98.80,89.70,2.60,476.00,77.80,34.20,36.70,95.70,93.00,4.49,479.53,76.67,104.70,109.30,97.73,91.27,9.34
2026-04-22 07:35:00,2026-04-22 07:35:59,Q10,479.70,73.70,33.30,35.00,98.60,90.20,2.49,482.60,84.40,39.20,40.50,98.70,87.50,2.74,476.00,76.80,34.20,36.20,95.90,91.90,4.60,479.43,78.30,106.70,111.70,97.73,89.87,9.83
2026-04-22 07:36:00,2026-04-22 07:36:59,Q10,480.50,68.80,31.40,32.60,98.80,91.90,2.17,481.30,83.70,38.20,39.90,98.70,89.70,2.69,477.00,74.80,33.20,35.30,95.70,94.40,4.46,479.60,75.77,102.80,107.80,97.73,92.00,9.31
2026-04-22 07:37:00,2026-04-22 07:37:59,Q10,479.50,69.00,32.30,33.10,98.70,91.40,2.20,483.10,78.60,36.60,37.70,99.00,88.70,2.31,476.60,73.60,32.30,34.70,95.60,92.50,4.51,479.73,73.73,101.20,105.50,97.77,90.87,9.03
2026-04-22 07:38:00,2026-04-22 07:38:59,Q10,480.00,69.20,32.30,33.10,98.50,92.60,2.46,481.90,82.20,38.60,39.40,99.00,89.90,2.46,476.40,76.30,34.20,36.20,95.60,92.20,4.74,479.43,75.90,105.10,108.70,97.70,91.57,9.66
2026-04-22 07:39:00,2026-04-22 07:39:59,Q10,479.60,70.50,32.30,33.50,98.50,90.40,2.46,483.30,82.20,38.60,39.60,99.00,87.80,2.40,476.90,78.70,35.20,37.10,95.90,90.10,4.57,479.93,77.13,106.10,110.20,97.80,89.43,9.43
2026-04-22 07:40:00,2026-04-22 07:40:59,Q10,480.30,67.10,31.40,32.20,98.80,92.10,2.14,481.20,79.60,36.30,38.00,98.80,90.00,2.51,477.00,74.30,33.20,35.30,95.80,93.50,4.29,479.50,73.67,100.90,105.50,97.80,91.87,8.94
2026-04-22 07:41:00,2026-04-22 07:41:59,Q10,480.30,70.20,32.30,33.60,98.80,92.10,2.17,481.10,79.80,36.30,38.00,98.80,88.80,2.49,476.60,76.30,34.20,36.20,95.90,94.00,4.34,479.33,75.43,102.80,107.80,97.83,91.63,9.00
2026-04-22 07:42:00,2026-04-22 07:42:59,Q10,480.30,68.20,31.40,32.60,98.80,90.50,2.09,481.30,77.40,36.30,37.00,98.80,88.50,2.46,477.30,72.00,32.60,34.30,96.00,93.50,4.14,479.63,72.53,100.30,103.90,97.87,90.83,8.69
2026-04-22 07:43:00,2026-04-22 07:43:59,Q10,479.10,66.20,30.40,31.60,98.90,94.20,2.00,483.00,79.40,37.60,38.20,99.00,91.40,2.20,476.50,70.10,31.40,33.30,95.80,94.50,4.23,479.53,71.90,99.40,103.10,97.90,93.37,8.43
2026-04-22 07:44:00,2026-04-22 07:44:59,Q10,479.30,68.90,31.40,32.60,98.70,89.30,2.29,482.60,81.00,38.20,39.00,98.90,86.80,2.46,477.10,75.10,33.20,35.80,95.90,91.40,4.43,479.67,75.00,102.80,107.40,97.83,89.17,9.17
2026-04-22 07:45:00,2026-04-22 07:45:59,Q10,479.80,71.10,33.30,34.00,98.50,91.80,2.51,481.80,82.40,38.20,39.40,98.80,89.70,2.66,477.70,78.90,35.20,37.20,95.90,93.50,4.57,479.77,77.47,106.70,110.60,97.73,91.67,9.74
2026-04-22 07:46:00,2026-04-22 07:46:59,Q10,480.60,62.70,28.70,29.80,99.00,91.80,1.83,482.60,76.10,35.60,36.60,99.00,91.60,2.20,476.50,69.70,30.40,32.80,95.90,95.30,4.03,479.90,69.50,94.70,99.20,97.97,92.90,8.06
2026-04-22 07:47:00,2026-04-22 07:47:59,Q10,479.00,63.90,29.40,30.20,98.90,92.60,1.91,483.20,71.70,33.70,34.30,99.10,90.90,2.03,477.20,68.20,30.70,32.40,96.00,92.50,3.91,479.80,67.93,93.80,96.90,98.00,92.00,7.86
2026-04-22 07:48:00,2026-04-22 07:48:59,Q10,480.10,72.40,33.30,34.60,98.40,90.40,2.71,481.90,87.60,40.20,41.80,98.90,88.70,2.69,478.10,83.20,37.00,39.70,95.70,91.40,4.89,480.03,81.07,110.50,116.10,97.67,90.17,10.29
2026-04-22 07:49:00,2026-04-22 07:49:59,Q10,479.30,68.60,31.40,32.60,98.60,87.30,2.34,482.50,82.10,38.60,39.50,99.00,87.30,2.34,478.10,76.40,34.20,36.30,95.70,88.70,4.63,479.97,75.70,104.20,108.40,97.77,87.77,9.31
2026-04-22 07:50:00,2026-04-22 07:50:59,Q10,479.10,71.30,33.30,34.00,98.50,93.00,2.31,483.30,78.50,36.60,37.70,99.20,90.50,2.03,477.10,76.90,34.20,36.30,95.60,93.90,4.57,479.83,75.57,104.10,108.00,97.77,92.47,8.91
2026-04-22 07:51:00,2026-04-22 07:51:59,Q10,478.90,67.20,31.40,32.00,98.70,90.70,2.20,482.80,81.50,38.60,39.00,99.00,88.00,2.29,477.30,74.70,33.20,35.30,95.70,92.80,4.49,479.67,74.47,103.20,106.30,97.80,90.50,8.97
2026-04-22 07:52:00,2026-04-22 07:52:59,Q10,479.00,63.10,29.40,30.20,98.80,93.70,2.03,481.50,76.60,35.60,36.60,99.10,91.70,2.06,477.60,70.60,31.70,33.40,96.00,95.80,4.06,479.37,70.10,96.70,100.20,97.97,93.73,8.14
2026-04-22 07:53:00,2026-04-22 07:53:59,Q10,478.90,62.30,28.40,29.60,98.50,95.00,2.20,482.90,75.60,35.60,36.20,99.30,91.40,1.77,477.60,70.60,31.70,33.40,96.10,93.90,4.06,479.80,69.50,95.70,99.20,97.97,93.43,8.03
2026-04-22 07:54:00,2026-04-22 07:54:59,Q10,480.40,69.90,32.30,33.10,98.50,89.90,2.40,482.50,80.50,37.60,38.60,99.20,86.40,2.09,476.40,76.30,34.20,36.20,95.60,88.80,4.63,479.77,75.57,104.10,107.90,97.77,88.37,9.11
2026-04-22 07:55:00,2026-04-22 07:55:59,Q10,480.10,82.80,37.80,39.40,97.90,88.30,3.46,481.20,95.00,44.10,45.70,98.80,86.20,3.06,477.10,91.00,40.80,43.40,95.30,88.90,5.86,479.47,89.60,122.70,128.50,97.33,87.80,12.37
2026-04-22 07:56:00,2026-04-22 07:56:59,Q10,479.00,72.30,33.30,34.50,98.20,91.60,2.86,481.60,86.40,40.60,41.40,99.00,90.30,2.46,477.90,80.00,36.10,38.20,95.80,93.20,4.89,479.50,79.57,110.00,114.10,97.67,91.70,10.20
2026-04-22 07:57:00,2026-04-22 07:57:59,Q10,479.30,59.10,27.40,28.30,98.90,96.20,1.80,483.00,71.80,33.70,34.30,99.20,92.60,1.80,477.50,67.50,29.80,32.00,96.10,95.60,3.77,479.93,66.13,90.90,94.60,98.07,94.80,7.37
2026-04-22 07:58:00,2026-04-22 07:58:59,Q10,479.60,56.50,25.70,26.80,99.10,97.30,1.51,482.50,65.50,30.70,31.30,99.30,92.90,1.60,477.80,61.10,27.80,29.10,96.30,99.60,3.37,479.97,61.03,84.20,87.20,98.23,96.60,6.49
2026-04-22 07:59:00,2026-04-22 07:59:59,Q10,479.40,63.10,29.40,30.20,98.90,94.60,1.86,483.20,75.50,35.60,36.20,99.20,91.90,1.89,477.70,71.20,31.70,33.90,96.00,95.20,3.97,480.10,69.93,96.70,100.30,98.03,93.90,7.71
2026-04-22 08:00:00,2026-04-22 08:00:59,Q10,480.50,67.60,31.40,32.20,98.60,90.60,2.34,481.80,79.60,36.30,38.00,98.90,88.70,2.34,478.30,75.10,33.60,35.80,96.00,91.40,4.29,480.20,74.10,101.30,106.00,97.83,90.23,8.97
2026-04-22 08:01:00,2026-04-22 08:01:59,Q10,481.00,72.40,33.30,34.60,98.30,89.60,2.69,482.00,81.30,38.60,39.00,99.00,88.60,2.46,477.20,80.70,36.10,38.20,95.90,91.40,4.66,480.07,78.13,108.00,111.80,97.73,89.87,9.80
2026-04-22 08:02:00,2026-04-22 08:02:59,Q10,480.50,79.60,35.90,37.90,97.80,85.90,3.40,481.50,89.40,41.20,42.80,98.90,85.90,2.80,476.90,88.00,39.40,41.90,96.00,86.60,5.20,479.63,85.67,116.50,122.60,97.57,86.13,11.40
2026-04-22 08:03:00,2026-04-22 08:03:59,Q10,479.40,69.80,32.30,33.10,98.40,91.70,2.46,483.20,79.20,37.60,38.20,99.10,89.60,2.17,477.40,76.40,34.60,36.30,96.00,91.40,4.43,480.00,75.13,104.50,107.60,97.83,90.90,9.06
2026-04-22 08:04:00,2026-04-22 08:04:59,Q10,479.40,67.90,31.40,32.10,98.60,91.30,2.26,483.10,78.70,36.60,37.70,99.10,89.70,2.09,477.00,73.60,32.30,34.80,95.80,91.70,4.37,479.83,73.40,100.30,104.60,97.83,90.90,8.71
2026-04-22 08:05:00,2026-04-22 08:05:59,Q10,478.90,67.50,31.40,32.00,98.60,90.40,2.31,482.00,80.00,37.60,38.60,99.00,88.10,2.23,477.70,74.00,33.20,35.30,95.80,91.40,4.40,479.53,73.83,102.20,105.90,97.80,89.97,8.94
2026-04-22 08:06:00,2026-04-22 08:06:59,Q10,480.20,72.50,33.30,34.60,98.40,91.50,2.71,481.50,86.50,40.20,41.40,98.90,89.20,2.60,477.40,81.30,36.10,38.60,95.70,91.30,4.89,479.70,80.10,109.60,114.60,97.67,90.67,10.20
2026-04-22 08:07:00,2026-04-22 08:07:59,Q10,480.30,75.00,35.30,36.00,98.30,88.50,2.86,482.60,90.10,42.10,43.40,98.90,84.60,2.74,476.30,83.30,37.00,39.50,95.50,89.10,5.23,479.73,82.80,114.40,118.90,97.57,87.40,10.83
2026-04-22 08:08:00,2026-04-22 08:08:59,Q10,479.40,73.10,33.30,35.00,98.30,90.60,2.86,483.10,86.20,40.60,41.50,99.00,88.70,2.57,476.50,81.90,36.10,38.60,95.80,91.00,4.94,479.67,80.40,110.00,115.10,97.70,90.10,10.37
2026-04-22 08:09:00,2026-04-22 08:09:59,Q10,479.70,77.00,35.30,36.90,98.30,87.20,2.80,482.80,86.40,40.60,41.50,99.00,87.10,2.57,476.30,83.60,37.00,39.50,95.70,87.90,4.97,479.60,82.33,112.90,117.90,97.67,87.40,10.34
2026-04-22 08:10:00,2026-04-22 08:10:59,Q10,479.20,71.10,33.30,34.00,98.30,91.40,2.71,481.60,86.90,40.60,41.40,99.00,89.10,2.49,477.60,81.50,36.10,38.60,95.80,91.50,4.83,479.47,79.83,110.00,114.00,97.70,90.67,10.03
2026-04-22 08:11:00,2026-04-22 08:11:59,Q10,478.90,80.30,37.20,38.20,98.00,83.90,3.31,482.70,92.60,43.60,44.30,99.00,83.40,2.77,476.80,89.80,39.90,42.40,95.40,86.30,5.69,479.47,87.57,120.70,124.90,97.47,84.53,11.77
2026-04-22 08:12:00,2026-04-22 08:12:59,Q10,478.70,83.40,37.80,39.70,97.80,85.80,3.71,482.20,93.90,43.10,44.80,98.80,82.90,3.20,477.10,94.10,41.80,44.80,95.50,84.70,5.89,479.33,90.47,122.70,129.30,97.37,84.47,12.80
2026-04-22 08:13:00,2026-04-22 08:13:59,Q10,480.30,78.90,36.30,37.40,98.10,88.30,3.23,481.60,89.90,41.20,42.80,98.70,86.90,3.06,476.20,86.00,38.00,40.90,95.60,89.60,5.34,479.37,84.93,115.50,121.10,97.47,88.27,11.63
2026-04-22 08:14:00,2026-04-22 08:14:59,Q10,479.00,75.80,34.30,35.90,98.10,85.60,3.11,480.20,89.20,41.20,42.70,98.70,79.60,3.00,475.50,83.60,37.00,39.40,95.50,84.10,5.26,478.23,82.87,112.50,118.00,97.43,83.10,11.37
2026-04-22 08:15:00,2026-04-22 08:15:59,Q10,477.50,74.10,34.30,35.30,98.10,84.30,3.03,481.20,87.00,40.20,41.80,98.70,84.20,2.83,476.00,80.60,36.10,38.10,95.70,85.40,5.00,478.23,80.57,110.60,115.20,97.50,84.63,10.86
2026-04-22 08:17:00,2026-04-22 08:17:59,Q10,477.20,83.50,37.80,39.60,97.60,80.80,3.89,480.30,94.90,44.10,45.10,98.60,78.80,3.31,476.10,90.00,39.90,42.80,95.60,80.50,5.77,477.87,89.47,121.80,127.50,97.27,80.03,12.97
2026-04-22 08:18:00,2026-04-22 08:18:59,Q10,477.30,74.70,34.00,35.30,97.80,84.90,3.37,480.20,89.10,41.20,42.70,98.80,83.10,2.94,475.70,83.80,37.00,39.40,95.70,84.60,5.29,477.73,82.53,112.20,117.40,97.43,84.20,11.60
2026-04-22 08:19:00,2026-04-22 08:19:59,Q10,478.20,72.70,33.30,34.40,98.30,85.10,2.83,480.00,84.30,39.20,40.30,98.70,80.90,2.91,475.60,80.60,36.10,38.00,95.60,87.00,4.97,477.93,79.20,108.60,112.70,97.53,84.33,10.71
2026-04-22 08:20:00,2026-04-22 08:20:59,Q10,478.00,66.80,30.40,31.50,98.50,86.90,2.54,480.50,81.20,37.20,38.90,98.80,84.80,2.63,474.40,76.50,34.20,36.00,95.90,87.90,4.51,477.63,74.83,101.80,106.40,97.73,86.53,9.69
2026-04-22 08:21:00,2026-04-22 08:21:59,Q10,477.20,79.50,35.90,37.70,97.80,84.30,3.54,481.00,91.40,42.10,43.80,98.60,81.40,3.29,475.20,87.80,39.00,41.30,95.50,81.10,5.60,477.80,86.23,117.00,122.80,97.30,82.27,12.43
2026-04-22 08:22:00,2026-04-22 08:22:59,Q10,477.10,79.40,35.90,37.70,97.80,80.00,3.57,481.10,90.50,42.10,43.30,98.60,77.90,3.31,474.90,87.70,39.00,41.20,95.50,80.20,5.63,477.70,85.87,117.00,122.20,97.30,79.37,12.51
2026-04-22 08:23:00,2026-04-22 08:23:59,Q10,477.50,71.70,32.30,33.90,98.20,85.80,2.89,480.50,84.50,39.20,40.30,98.70,84.00,2.77,476.20,78.10,35.20,37.10,95.80,87.10,4.80,478.07,78.10,106.70,111.30,97.57,85.63,10.46
2026-04-22 08:24:00,2026-04-22 08:24:59,Q10,478.80,72.30,33.30,34.40,98.30,82.70,2.83,480.40,83.10,38.20,39.80,98.80,81.90,2.74,476.20,77.40,34.20,36.70,95.80,85.20,4.83,478.47,77.60,105.70,110.90,97.63,83.27,10.40
2026-04-22 08:25:00,2026-04-22 08:25:59,Q10,478.20,72.20,33.30,34.40,98.20,85.30,2.89,480.70,81.10,37.20,38.90,98.90,85.40,2.60,475.90,78.70,35.20,37.00,95.60,85.90,4.97,478.27,77.33,105.70,110.30,97.57,85.53,10.46
2026-04-22 08:26:00,2026-04-22 08:26:59,Q10,480.00,74.10,34.30,35.50,98.10,83.00,3.06,481.60,86.70,40.20,41.40,98.80,81.90,2.80,476.40,80.10,36.10,38.10,95.70,80.50,5.09,479.33,80.30,110.60,115.00,97.53,81.80,10.94
2026-04-22 08:27:00,2026-04-22 08:27:59,Q10,480.00,73.00,34.30,35.00,98.00,85.30,3.09,481.50,83.80,38.20,39.90,98.90,83.80,2.63,476.90,83.40,37.00,39.50,95.70,85.30,5.06,479.47,80.07,109.50,114.40,97.53,84.80,10.77
2026-04-22 08:28:00,2026-04-22 08:28:59,Q10,478.50,68.60,31.00,32.50,97.90,85.10,3.03,482.50,83.70,39.60,40.00,99.00,82.80,2.46,476.70,80.00,36.10,38.10,95.70,84.70,4.94,479.23,77.43,106.70,110.60,97.53,84.20,10.43
2026-04-22 08:29:00,2026-04-22 08:29:59,Q10,479.60,71.30,33.30,34.00,98.10,85.10,3.00,481.30,82.10,38.20,39.40,98.90,83.30,2.57,475.90,80.50,36.10,38.00,95.80,85.50,4.91,478.93,77.97,107.60,111.40,97.60,84.63,10.49
2026-04-22 08:30:00,2026-04-22 08:30:59,Q10,478.50,74.90,34.00,35.40,97.80,84.30,3.31,482.80,84.50,39.20,40.50,98.90,82.80,2.71,476.40,83.50,37.00,39.50,95.70,83.80,5.20,479.23,80.97,110.20,115.40,97.47,83.63,11.23
2026-04-22 08:31:00,2026-04-22 08:31:59,Q10,479.30,74.20,34.30,35.40,98.20,90.90,2.91,482.00,86.40,40.60,41.50,99.10,89.20,2.43,478.20,86.20,39.40,41.10,96.10,89.80,4.80,479.83,82.27,114.30,118.00,97.80,89.97,10.14
2026-04-22 08:32:00,2026-04-22 08:32:59,Q10,479.90,72.80,33.30,34.50,98.10,89.90,2.86,482.80,83.80,39.60,40.00,99.00,88.10,2.34,478.10,78.20,35.20,37.30,95.90,90.10,4.71,480.27,78.27,108.10,111.80,97.67,89.37,9.91
2026-04-22 08:33:00,2026-04-22 08:33:59,Q10,480.20,72.40,33.30,34.60,98.10,89.20,2.94,482.00,86.90,40.20,41.50,98.90,87.20,2.54,478.20,80.50,36.10,38.20,95.90,87.80,4.77,480.13,79.93,109.60,114.30,97.63,88.07,10.26
2026-04-22 08:34:00,2026-04-22 08:34:59,Q10,480.20,73.90,34.30,35.00,98.10,90.60,2.97,482.00,84.60,39.20,40.50,98.90,89.30,2.66,478.20,84.10,38.00,40.20,95.80,91.70,4.86,480.13,80.87,111.50,115.70,97.60,90.53,10.49
2026-04-22 08:35:00,2026-04-22 08:35:59,Q10,481.00,71.10,33.30,34.20,98.30,89.80,2.69,482.30,83.40,39.20,40.00,98.90,87.70,2.51,477.20,80.50,36.10,38.20,95.80,90.70,4.77,480.17,78.33,108.60,112.40,97.67,89.40,9.97
2026-04-22 08:36:00,2026-04-22 08:36:59,Q10,479.70,75.40,34.30,35.90,98.00,89.90,3.20,482.00,89.10,41.20,42.90,98.80,88.50,2.80,478.30,86.40,39.40,41.10,96.00,90.20,4.91,480.00,83.63,114.90,119.90,97.60,89.53,10.91
2026-04-22 08:37:00,2026-04-22 08:37:59,Q10,481.10,75.40,35.30,36.10,98.10,86.00,3.11,483.10,87.00,41.20,42.00,98.80,85.40,2.83,477.20,82.80,37.40,39.10,96.00,88.50,4.94,480.47,81.73,113.90,117.20,97.63,86.63,10.89
2026-04-22 08:38:00,2026-04-22 08:38:59,Q10,479.90,75.40,34.30,35.90,98.00,89.60,3.26,482.40,88.30,41.20,42.40,98.80,87.70,2.80,478.40,82.20,37.40,39.20,96.10,89.10,4.94,480.23,81.97,112.90,117.50,97.63,88.80,11.00
2026-04-22 08:39:00,2026-04-22 08:39:59,Q10,480.70,74.30,34.30,35.50,98.00,90.60,3.06,481.80,84.90,39.20,40.40,98.90,89.00,2.57,477.30,81.90,36.50,38.60,96.10,90.00,4.74,479.93,80.37,110.00,114.50,97.67,89.87,10.37
2026-04-22 08:40:00,2026-04-22 08:40:59,Q10,479.40,74.90,34.30,35.40,98.00,89.00,3.11,481.70,85.00,39.20,40.90,98.90,88.10,2.57,478.00,85.30,38.40,40.60,96.00,88.50,4.86,479.70,81.73,111.90,116.90,97.63,88.53,10.54
2026-04-22 08:41:00,2026-04-22 08:41:59,Q10,478.80,76.10,34.90,36.30,97.70,91.40,3.31,482.90,85.50,39.60,41.00,99.10,87.90,2.40,477.70,86.50,39.00,41.00,95.90,89.00,5.09,479.80,82.70,113.50,118.30,97.57,89.43,10.80
2026-04-22 08:42:00,2026-04-22 08:42:59,Q10,479.00,68.20,31.40,32.60,98.10,90.30,2.71,482.50,76.70,35.60,36.60,99.20,89.00,2.00,478.30,77.60,34.60,36.80,96.00,88.50,4.49,479.93,74.17,101.60,106.00,97.77,89.27,9.20
2026-04-22 08:43:00,2026-04-22 08:43:59,Q10,479.80,67.40,31.40,32.10,98.20,92.40,2.57,483.50,79.30,37.60,38.20,99.20,91.20,2.03,477.00,77.90,34.60,36.70,96.10,92.90,4.37,480.10,74.87,103.60,107.00,97.83,92.17,8.97
2026-04-22 08:44:00,2026-04-22 08:44:59,Q10,480.60,85.90,38.80,40.80,97.50,83.00,4.09,481.70,98.50,46.10,47.10,98.80,82.80,3.17,477.30,98.20,43.70,46.70,95.70,81.60,5.94,479.87,94.20,128.60,134.60,97.33,82.47,13.20
2026-04-22 08:45:00,2026-04-22 08:45:59,Q10,480.40,81.90,36.90,38.90,97.40,87.00,3.86,482.80,93.80,43.60,44.80,99.00,86.10,2.71,477.00,93.10,41.80,44.40,95.70,86.30,5.69,480.07,89.60,122.30,128.10,97.37,86.47,12.26
2026-04-22 08:46:00,2026-04-22 08:46:59,Q10,479.60,69.10,32.00,33.10,97.90,92.80,2.94,481.80,81.90,37.60,39.00,99.10,88.50,2.23,478.20,78.50,35.50,37.30,96.00,90.80,4.63,479.87,76.50,105.10,109.40,97.67,90.70,9.80
2026-04-22 08:47:00,2026-04-22 08:47:59,Q10,480.40,64.40,29.40,30.70,98.40,88.90,2.26,481.90,75.20,35.60,36.10,99.20,88.90,1.83,478.30,70.20,31.70,33.50,96.20,90.90,4.00,480.20,69.93,96.70,100.30,97.93,89.57,8.09
2026-04-22 08:48:00,2026-04-22 08:48:59,Q10,479.00,71.00,33.30,34.00,98.00,90.90,2.91,482.70,83.80,39.60,40.00,99.10,89.90,2.29,478.30,80.20,36.50,38.20,96.10,90.90,4.66,480.00,78.33,109.40,112.20,97.73,90.57,9.86
2026-04-22 08:49:00,2026-04-22 08:49:59,Q10,479.10,82.30,37.80,39.30,97.50,84.90,3.86,482.90,94.10,44.50,45.30,99.00,83.70,2.83,478.10,93.00,41.80,44.50,95.70,85.30,5.71,480.03,89.80,124.10,129.10,97.40,84.63,12.40
2026-04-22 08:50:00,2026-04-22 08:50:59,Q10,480.80,77.20,34.90,37.00,97.90,89.50,3.29,482.00,87.90,40.60,41.90,99.00,88.10,2.57,477.40,83.90,37.40,39.60,96.00,89.70,5.06,480.07,83.00,112.90,118.50,97.63,89.10,10.91
2026-04-22 08:51:00,2026-04-22 08:51:59,Q10,479.80,75.10,34.00,35.90,97.80,89.60,3.31,482.90,89.20,41.60,42.90,99.10,87.70,2.49,476.80,85.70,38.00,40.50,95.80,89.00,5.23,479.83,83.33,113.60,119.30,97.57,88.77,11.03
2026-04-22 08:52:00,2026-04-22 08:52:59,Q10,479.50,83.10,37.80,39.80,97.50,85.90,3.80,481.50,91.40,42.10,43.80,98.90,84.60,2.86,477.70,92.80,40.80,43.90,95.80,82.90,5.57,479.57,89.10,120.70,127.50,97.40,84.47,12.23
2026-04-22 08:53:00,2026-04-22 08:53:59,Q10,480.40,84.90,38.80,40.30,97.40,87.00,4.11,481.70,96.60,45.10,46.20,98.80,84.30,3.11,476.90,95.30,42.80,45.20,95.70,85.10,5.94,479.67,92.27,126.70,131.70,97.30,85.47,13.17
2026-04-22 08:54:00,2026-04-22 08:54:59,Q10,480.00,85.90,38.80,40.80,97.20,87.40,4.26,481.30,96.90,45.10,46.20,98.90,85.80,3.00,476.70,98.80,43.70,46.60,95.70,86.60,6.03,479.33,93.87,127.60,133.60,97.27,86.60,13.29
2026-04-22 08:55:00,2026-04-22 08:55:59,Q10,479.70,79.20,35.90,37.80,97.60,89.40,3.63,483.60,91.60,42.10,44.00,98.90,86.80,2.74,477.20,88.70,39.00,42.00,95.80,87.60,5.46,480.17,86.50,117.00,123.80,97.43,87.93,11.83
2026-04-22 08:56:00,2026-04-22 08:56:59,Q10,479.40,94.70,43.70,45.00,97.00,85.70,4.89,483.20,104.60,49.00,50.20,98.70,85.10,3.60,478.20,106.20,47.50,50.70,95.80,84.00,6.54,480.27,101.83,140.20,145.90,97.17,84.93,15.03
2026-04-22 08:57:00,2026-04-22 08:57:59,Q10,480.40,94.60,43.70,45.10,97.20,83.90,4.86,482.70,109.20,51.00,52.50,98.60,82.60,3.83,478.00,108.10,48.50,51.60,95.50,82.80,6.86,480.37,103.97,143.20,149.20,97.10,83.10,15.54
2026-04-22 08:58:00,2026-04-22 08:58:59,Q10,480.60,86.70,39.80,41.30,97.40,85.60,4.11,482.20,98.00,46.10,47.20,98.90,84.30,3.11,478.40,96.60,42.80,45.90,95.70,84.90,6.00,480.40,93.77,128.70,134.40,97.33,84.93,13.23
2026-04-22 08:59:00,2026-04-22 08:59:59,Q10,479.60,71.40,33.30,34.00,98.00,91.30,3.00,483.90,84.50,39.60,40.60,99.30,89.10,2.00,477.90,83.10,37.40,39.60,96.10,89.50,4.80,480.47,79.67,110.30,114.20,97.80,89.97,9.80
2026-04-22 09:00:00,2026-04-22 09:00:59,Q10,481.00,69.80,32.30,33.20,98.10,89.90,2.80,483.10,82.20,38.60,39.60,99.20,88.30,2.14,477.30,79.10,35.20,37.70,95.90,90.90,4.71,480.47,77.03,106.10,110.50,97.73,89.70,9.66
2026-04-22 09:01:00,2026-04-22 09:01:59,Q10,481.10,76.30,34.90,36.60,97.80,88.90,3.31,482.50,89.40,41.60,42.90,99.00,88.10,2.63,477.30,85.30,38.00,40.50,95.70,89.70,5.31,480.30,83.67,114.50,120.00,97.50,88.90,11.26
2026-04-22 09:02:00,2026-04-22 09:02:59,Q10,480.50,87.20,39.80,41.80,97.40,88.30,4.14,483.60,97.90,45.10,46.90,98.80,85.10,3.14,477.10,96.60,42.80,45.80,95.50,85.20,6.14,480.40,93.90,127.70,134.50,97.23,86.20,13.43
2026-04-22 09:03:00,2026-04-22 09:03:59,Q10,479.50,69.20,32.30,33.10,98.10,90.60,2.83,482.90,80.60,37.60,38.60,99.10,87.70,2.20,478.20,79.70,35.20,37.80,95.90,89.40,4.71,480.20,76.50,105.10,109.50,97.70,89.23,9.74
2026-04-22 09:04:00,2026-04-22 09:04:59,Q10,479.90,65.30,30.40,31.10,98.30,93.00,2.40,483.00,74.00,34.70,35.70,99.20,91.80,1.94,478.40,74.80,33.60,35.40,96.00,93.80,4.17,480.43,71.37,98.70,102.20,97.83,92.87,8.51
2026-04-22 09:05:00,2026-04-22 09:05:59,Q10,481.40,68.20,31.40,32.70,98.30,90.60,2.54,482.80,77.90,36.60,37.10,99.20,89.40,2.09,477.60,77.50,34.60,36.70,96.10,92.80,4.34,480.60,74.53,102.60,106.50,97.87,90.93,8.97
2026-04-22 09:06:00,2026-04-22 09:06:59,Q10,480.60,70.90,32.30,33.60,98.00,90.10,3.03,482.00,85.10,39.60,41.00,99.10,89.60,2.34,476.90,84.10,37.00,40.00,95.80,90.20,4.94,479.83,80.03,108.90,114.60,97.63,89.97,10.31
2026-04-22 09:07:00,2026-04-22 09:07:59,Q10,480.10,77.40,35.30,37.00,98.00,86.40,3.09,482.40,85.80,39.60,41.00,99.00,86.80,2.49,476.60,85.20,38.00,40.50,95.80,88.90,5.09,479.70,82.80,112.90,118.50,97.60,87.37,10.66
2026-04-22 09:08:00,2026-04-22 09:08:59,Q10,478.80,74.00,34.00,35.40,97.90,88.30,3.09,482.80,84.80,39.60,40.50,99.10,87.80,2.23,477.50,80.90,36.50,38.20,96.20,87.80,4.63,479.70,79.90,110.10,114.10,97.73,87.97,9.94
2026-04-22 09:09:00,2026-04-22 09:09:59,Q10,479.30,72.50,33.00,34.50,97.90,90.80,3.17,481.10,84.20,39.60,40.40,99.10,89.10,2.40,477.80,82.40,37.40,39.10,96.00,90.70,4.86,479.40,79.70,110.00,114.00,97.67,90.20,10.43
2026-04-22 09:10:00,2026-04-22 09:10:59,Q10,478.80,72.10,33.30,34.40,98.00,89.90,2.86,481.90,83.20,38.60,39.90,99.20,89.50,2.09,477.70,78.30,35.50,37.20,96.20,87.60,4.51,479.47,77.87,107.40,111.50,97.80,89.00,9.46
2026-04-22 09:11:00,2026-04-22 09:11:59,Q10,479.00,76.10,34.90,36.40,97.90,91.50,3.14,483.00,86.00,40.60,41.50,99.20,88.10,2.26,477.00,83.00,37.40,39.60,96.00,88.50,4.89,479.67,81.70,112.90,117.50,97.70,89.37,10.29
2026-04-22 09:12:00,2026-04-22 09:12:59,Q10,480.00,81.90,36.90,38.90,97.50,84.90,3.94,481.80,95.70,44.10,45.70,98.80,81.80,3.03,476.40,95.30,42.80,45.20,95.70,82.20,5.74,479.40,90.97,123.80,129.80,97.33,82.97,12.71
2026-04-22 09:13:00,2026-04-22 09:13:59,Q10,479.20,80.20,36.90,38.30,97.50,89.40,3.74,482.60,92.00,43.60,44.30,99.00,86.30,2.69,476.30,91.60,40.80,43.30,95.80,87.70,5.54,479.37,87.93,121.30,125.90,97.43,87.80,11.97
2026-04-22 09:14:00,2026-04-22 09:14:59,Q10,479.00,79.00,35.90,37.80,97.30,85.70,3.86,483.10,91.80,42.60,44.00,99.00,83.40,2.66,477.50,92.80,41.30,43.90,96.00,85.30,5.37,479.87,87.87,119.80,125.70,97.43,84.80,11.89
2026-04-22 09:15:00,2026-04-22 09:15:59,Q10,480.80,79.30,35.50,37.90,96.40,88.20,4.40,485.00,88.80,41.60,42.70,99.30,84.30,2.14,479.30,93.80,41.80,44.50,95.90,82.70,5.63,481.70,87.30,118.90,125.10,97.20,85.07,12.17
2026-04-22 09:16:00,2026-04-22 09:16:59,Q10,482.10,80.60,36.50,38.60,96.40,89.00,4.46,484.80,89.70,42.60,43.10,99.40,87.40,2.06,479.60,94.60,43.20,45.00,96.10,86.40,5.54,482.17,88.30,122.30,126.70,97.30,87.60,12.06
2026-04-22 09:17:00,2026-04-22 09:17:59,Q10,481.90,68.80,31.00,32.70,97.10,92.20,3.46,484.20,82.80,38.60,39.70,99.50,90.60,1.71,481.70,83.00,37.00,39.90,95.80,90.00,5.06,482.60,78.20,106.60,112.30,97.47,90.93,10.23
2026-04-22 09:18:00,2026-04-22 09:18:59,Q10,482.70,72.90,32.60,34.70,96.80,90.60,3.86,484.50,85.80,40.60,41.10,99.40,88.60,1.83,480.60,87.90,39.40,41.80,96.10,87.70,5.09,482.60,82.20,112.60,117.60,97.43,88.97,10.77
2026-04-22 09:19:00,2026-04-22 09:19:59,Q10,481.70,76.80,34.60,36.60,96.70,87.00,4.14,484.10,90.70,42.60,43.60,99.40,83.20,2.03,481.20,93.70,42.20,44.70,96.10,84.10,5.31,482.33,87.07,119.40,124.90,97.40,84.77,11.49
2026-04-22 09:20:00,2026-04-22 09:20:59,Q10,481.60,72.70,32.60,34.60,96.70,92.20,3.94,485.50,86.90,40.60,41.70,99.50,89.90,1.74,479.80,88.70,40.30,42.20,96.10,88.20,5.17,482.30,82.77,113.50,118.50,97.43,90.10,10.86
2026-04-22 09:21:00,2026-04-22 09:21:59,Q10,478.90,76.80,34.60,36.30,96.80,90.70,3.97,480.20,85.90,39.60,40.80,99.40,88.30,1.94,476.30,86.90,38.40,40.90,96.30,86.10,4.97,478.47,83.20,112.60,118.00,97.50,88.37,10.89
2026-04-22 09:22:00,2026-04-22 09:22:59,Q10,477.40,75.20,33.60,35.80,96.60,92.20,4.03,480.50,82.80,38.60,39.40,99.30,90.10,1.94,477.90,88.50,39.40,42.00,96.50,88.20,4.77,478.60,82.17,111.60,117.20,97.47,90.17,10.74
2026-04-22 09:23:00,2026-04-22 09:23:59,Q10,477.70,76.70,34.60,36.30,96.50,90.00,4.06,481.40,85.50,39.60,40.90,99.40,87.70,1.83,476.00,88.90,39.40,41.90,96.10,85.50,5.14,478.37,83.70,113.60,119.10,97.33,87.73,11.03
2026-04-22 09:24:00,2026-04-22 09:24:59,Q10,477.80,73.50,32.60,34.80,96.40,91.50,4.11,480.10,80.40,37.60,38.40,99.40,90.30,1.80,477.20,88.00,39.40,42.00,96.50,89.10,4.77,478.37,80.63,109.60,115.20,97.43,90.30,10.69
2026-04-22 09:25:00,2026-04-22 09:25:59,Q10,478.10,76.40,34.60,36.30,96.40,88.90,4.23,480.50,84.80,39.60,40.30,99.40,88.20,1.86,478.00,89.90,40.30,42.50,96.50,86.00,4.94,478.87,83.70,114.50,119.10,97.43,87.70,11.03
2026-04-22 09:26:00,2026-04-22 09:26:59,Q10,479.30,75.70,33.60,35.90,96.60,90.50,4.00,480.90,85.70,39.60,40.80,99.50,87.60,1.69,477.30,89.80,40.30,42.50,96.20,86.10,5.14,479.17,83.73,113.50,119.20,97.43,88.07,10.83
2026-04-22 09:27:00,2026-04-22 09:27:59,Q10,480.60,71.20,32.60,34.10,96.40,90.40,3.97,485.20,82.90,38.60,39.80,99.50,89.20,1.66,480.30,83.90,37.40,39.80,96.20,86.30,4.94,482.03,79.33,108.60,113.70,97.37,88.63,10.57
2026-04-22 09:28:00,2026-04-22 09:28:59,Q10,480.60,73.70,33.60,35.00,96.60,85.70,3.83,483.80,80.70,37.60,38.60,99.50,84.50,1.69,478.60,83.60,37.00,39.70,95.90,83.50,5.09,481.00,79.33,108.20,113.30,97.33,84.57,10.60
2026-04-22 09:29:00,2026-04-22 09:29:59,Q10,480.50,76.20,34.60,36.50,96.60,85.90,4.17,482.20,86.60,40.60,41.50,99.30,83.50,2.06,479.40,89.20,39.90,42.60,95.90,83.80,5.43,480.70,84.00,115.10,120.60,97.27,84.40,11.66
2026-04-22 09:30:00,2026-04-22 09:30:59,Q10,479.40,71.00,32.60,34.00,96.60,85.50,3.94,483.90,82.60,38.60,39.60,99.40,82.30,1.83,478.30,83.30,37.40,39.70,96.00,81.30,5.11,480.53,78.97,108.60,113.30,97.33,83.03,10.89
2026-04-22 09:31:00,2026-04-22 09:31:59,Q10,479.40,74.10,33.60,35.40,96.70,86.40,3.91,483.60,83.80,39.60,40.10,99.40,85.20,1.91,478.80,85.00,38.40,40.60,96.00,84.30,5.11,480.60,80.97,111.60,116.10,97.37,85.30,10.94
2026-04-22 09:32:00,2026-04-22 09:32:59,Q10,479.30,73.40,32.60,35.00,96.50,86.10,4.03,483.80,82.80,38.60,39.60,99.40,85.60,1.83,478.50,86.10,39.00,41.10,95.90,83.90,5.26,480.53,80.77,110.20,115.70,97.27,85.20,11.11
2026-04-22 09:33:00,2026-04-22 09:33:59,Q10,481.10,74.90,33.60,35.60,96.50,86.10,4.14,482.70,84.50,39.60,40.50,99.30,83.60,2.00,479.60,88.10,39.90,42.20,95.90,82.70,5.34,481.13,82.50,113.10,118.30,97.23,84.13,11.49
2026-04-22 09:34:00,2026-04-22 09:34:59,Q10,479.90,74.40,33.60,35.40,96.30,85.90,4.29,484.20,86.40,40.60,41.60,99.40,85.00,1.91,478.70,88.90,39.90,42.10,95.70,83.10,5.63,480.93,83.23,114.10,119.10,97.13,84.67,11.83
2026-04-22 09:35:00,2026-04-22 09:35:59,Q10,480.40,71.00,32.60,34.10,96.50,86.90,3.94,483.80,82.30,38.60,39.60,99.50,83.60,1.63,478.50,85.30,38.40,40.60,96.00,81.20,5.14,480.90,79.53,109.60,114.30,97.33,83.90,10.71
2026-04-22 09:36:00,2026-04-22 09:36:59,Q10,480.20,75.10,34.60,36.00,96.40,87.60,4.09,484.10,84.10,39.60,40.70,99.40,86.00,1.80,478.80,86.70,39.40,41.10,96.00,82.50,5.23,481.03,81.97,113.60,117.80,97.27,85.37,11.11
2026-04-22 09:37:00,2026-04-22 09:37:59,Q10,479.40,73.30,32.60,35.00,96.10,85.90,4.37,483.00,86.20,40.60,41.50,99.40,82.50,1.83,479.30,89.20,39.90,42.60,95.90,80.90,5.43,480.57,82.90,113.10,119.10,97.13,83.10,11.63
2026-04-22 09:38:00,2026-04-22 09:38:59,Q10,480.30,66.10,29.80,31.70,96.40,88.30,3.74,483.50,77.70,36.60,37.20,99.60,85.40,1.43,479.00,83.10,37.00,39.80,95.80,83.90,5.00,480.93,75.63,103.40,108.70,97.27,85.87,10.17
2026-04-22 09:39:00,2026-04-22 09:39:59,Q10,480.80,70.10,31.70,33.60,96.40,87.50,3.89,482.80,80.50,37.60,38.60,99.60,86.10,1.51,480.10,83.60,37.00,39.80,95.80,84.50,5.17,481.23,78.07,106.30,112.00,97.27,86.03,10.57
2026-04-22 09:40:00,2026-04-22 09:40:59,Q10,479.50,73.70,32.60,35.00,96.10,84.40,4.26,483.60,83.50,39.60,40.10,99.50,83.60,1.66,480.30,85.50,38.40,40.80,96.00,80.30,5.20,481.13,80.90,110.60,115.90,97.20,82.77,11.11
2026-04-22 09:41:00,2026-04-22 09:41:59,Q10,479.80,65.20,29.80,31.10,96.90,89.30,3.40,483.80,76.30,35.60,36.70,99.60,86.80,1.37,480.30,80.00,36.10,38.40,95.80,86.60,4.86,481.30,73.83,101.50,106.20,97.43,87.57,9.63
2026-04-22 09:42:00,2026-04-22 09:42:59,Q10,480.20,67.10,30.70,32.20,96.60,85.90,3.63,482.70,76.10,35.60,36.60,99.50,87.00,1.51,480.40,78.30,35.50,37.40,96.20,82.90,4.66,481.10,73.83,101.80,106.20,97.43,85.27,9.80
2026-04-22 09:43:00,2026-04-22 09:43:59,Q10,479.60,69.90,31.70,33.10,96.50,89.20,3.77,483.80,81.90,38.60,39.10,99.50,87.50,1.51,479.80,81.40,36.50,38.80,96.00,86.10,4.89,481.07,77.73,106.80,111.00,97.33,87.60,10.17
2026-04-22 09:44:00,2026-04-22 09:44:59,Q10,479.70,69.80,31.70,33.10,96.30,88.60,3.83,483.50,76.90,35.60,36.70,99.50,87.30,1.51,479.40,82.20,37.40,39.30,96.20,85.60,4.74,480.87,76.30,104.70,109.10,97.33,87.17,10.09
2026-04-22 09:45:00,2026-04-22 09:45:59,Q10,479.90,70.30,31.70,33.50,96.30,89.50,3.94,482.40,79.90,37.60,38.10,99.40,87.10,1.71,480.00,82.40,37.40,39.40,96.10,85.90,4.89,480.77,77.53,106.70,111.00,97.27,87.50,10.54
2026-04-22 09:46:00,2026-04-22 09:46:59,Q10,479.60,69.70,31.70,33.10,96.40,88.20,3.94,483.50,82.10,38.60,39.60,99.50,85.60,1.66,480.10,83.60,37.40,39.80,96.10,84.50,5.03,481.07,78.47,107.70,112.50,97.33,86.10,10.63
2026-04-22 09:47:00,2026-04-22 09:47:59,Q10,480.30,76.80,34.60,36.50,96.10,86.20,4.49,482.30,87.30,40.60,41.90,99.30,85.80,2.06,479.70,92.80,41.80,44.10,95.90,83.70,5.54,480.77,85.63,117.00,122.50,97.10,85.23,12.09
2026-04-22 09:48:00,2026-04-22 09:48:59,Q10,480.00,84.50,38.00,40.30,95.70,83.80,5.26,483.90,93.60,43.60,44.90,99.20,82.30,2.57,478.50,99.70,44.70,47.30,95.90,80.50,6.17,480.80,92.60,126.30,132.50,96.93,82.20,14.00
2026-04-22 09:49:00,2026-04-22 09:49:59,Q10,480.80,77.00,34.20,37.00,95.90,92.20,4.57,485.20,84.60,39.60,40.70,99.50,89.60,1.69,479.90,91.50,41.30,43.60,96.50,86.00,5.11,481.97,84.37,115.10,121.30,97.30,89.27,11.37
2026-04-22 09:50:00,2026-04-22 09:50:59,Q10,482.30,77.00,35.50,37.10,96.20,90.00,4.31,483.60,85.20,40.60,41.10,99.50,89.70,1.74,480.50,90.20,41.30,43.20,96.50,86.50,4.97,482.13,84.13,117.40,121.40,97.40,88.73,11.03
2026-04-22 09:51:00,2026-04-22 09:51:59,Q10,480.70,74.30,33.60,35.50,96.40,91.30,3.97,483.70,82.70,38.60,39.60,99.50,89.90,1.57,481.10,84.90,38.40,40.40,96.30,87.30,4.86,481.83,80.63,110.60,115.50,97.40,89.50,10.40
2026-04-22 09:52:00,2026-04-22 09:52:59,Q10,481.70,80.10,36.50,38.50,96.00,89.90,4.83,484.70,91.00,43.60,44.00,99.30,87.80,2.20,479.70,97.20,44.20,46.50,96.20,85.10,5.60,482.03,89.43,124.30,129.00,97.17,87.60,12.63
2026-04-22 09:53:00,2026-04-22 09:53:59,Q10,481.20,91.90,40.80,43.80,95.60,86.70,5.74,483.20,100.30,47.50,48.30,99.10,86.00,2.80,481.00,106.80,48.00,51.00,96.10,82.70,6.31,481.80,99.67,136.30,143.10,96.93,85.13,14.86
2026-04-22 09:54:00,2026-04-22 09:54:59,Q10,482.00,79.00,36.50,38.10,96.20,91.40,4.40,483.60,87.80,41.60,42.00,99.40,90.50,1.89,480.80,91.90,41.30,43.70,96.20,88.00,5.31,482.13,86.23,119.40,123.80,97.27,89.97,11.60
2026-04-22 09:55:00,2026-04-22 09:55:59,Q10,482.00,68.40,30.70,32.80,96.50,91.90,3.69,484.10,79.40,37.60,38.20,99.80,90.50,1.03,480.10,84.10,38.40,40.30,96.50,86.20,4.63,482.07,77.30,106.70,111.30,97.60,89.53,9.34
2026-04-22 09:56:00,2026-04-22 09:56:59,Q10,481.80,73.20,33.60,35.10,96.60,91.00,3.89,483.20,79.20,37.60,38.20,99.50,90.20,1.60,480.70,87.30,39.40,41.80,96.20,89.00,4.91,481.90,79.90,110.60,115.10,97.43,90.07,10.40
2026-04-22 09:57:00,2026-04-22 09:57:59,Q10,480.70,86.00,39.40,41.30,96.00,88.70,4.97,484.30,94.60,44.50,45.50,99.30,86.70,2.31,480.90,99.50,45.10,47.50,96.30,84.70,5.69,481.97,93.37,129.00,134.30,97.20,86.70,12.97
2026-04-22 09:58:00,2026-04-22 09:58:59,Q10,482.00,77.20,35.50,37.10,96.40,89.50,4.29,483.80,89.40,41.60,43.00,99.40,88.30,1.89,481.20,91.10,41.30,43.80,96.10,87.10,5.46,482.33,85.90,118.40,123.90,97.30,88.30,11.63
2026-04-22 09:59:00,2026-04-22 09:59:59,Q10,482.20,74.30,33.60,35.70,96.50,92.30,4.03,484.40,85.40,40.60,41.10,99.50,88.30,1.60,480.20,89.50,40.30,42.70,96.00,85.80,5.26,482.27,83.07,114.50,119.50,97.33,88.80,10.89
2026-04-22 10:00:00,2026-04-22 10:00:59,Q10,481.70,75.00,34.20,36.10,95.90,89.30,4.43,484.40,85.70,40.60,41.10,99.60,87.60,1.49,479.60,93.50,41.80,44.50,95.80,82.80,5.60,481.90,84.73,116.60,121.70,97.10,86.57,11.51
2026-04-22 10:01:00,2026-04-22 10:01:59,Q10,480.50,79.40,35.20,37.90,95.90,91.10,4.74,484.10,91.30,43.60,44.00,99.50,89.40,1.86,481.30,95.60,43.20,45.70,96.40,85.90,5.37,481.97,88.77,122.00,127.60,97.27,88.80,11.97
2026-04-22 10:02:00,2026-04-22 10:02:59,Q10,481.70,86.70,39.00,41.40,95.60,86.20,5.31,484.50,96.50,45.50,46.50,99.40,83.20,2.11,479.70,101.30,46.10,48.40,96.10,81.10,6.09,481.97,94.83,130.60,136.30,97.03,83.50,13.51
2026-04-22 10:03:00,2026-04-22 10:03:59,Q10,480.30,81.10,36.10,38.90,95.80,86.30,4.86,484.80,89.50,42.60,43.10,99.40,87.00,1.91,480.60,94.90,43.20,45.10,96.40,87.40,5.40,481.90,88.50,121.90,127.10,97.20,86.90,12.17
2026-04-22 10:04:00,2026-04-22 10:04:59,Q10,481.70,69.90,31.70,33.20,96.50,93.20,3.69,483.70,77.40,36.60,37.20,99.60,91.40,1.29,480.20,81.60,36.50,38.90,96.20,89.10,4.74,481.87,76.30,104.80,109.30,97.43,91.23,9.71
2026-04-22 10:05:00,2026-04-22 10:05:59,Q10,480.60,72.40,32.60,34.60,96.00,90.90,4.23,484.70,81.30,38.60,39.20,99.60,87.70,1.49,479.40,87.70,39.40,41.70,96.40,84.70,4.91,481.57,80.47,110.60,115.50,97.33,87.77,10.63
2026-04-22 10:06:00,2026-04-22 10:06:59,Q10,480.30,79.90,35.20,37.90,95.90,89.80,4.77,483.50,89.90,41.60,43.00,99.40,88.80,1.94,481.10,96.20,44.20,46.20,96.20,85.40,5.54,481.63,88.67,121.00,127.10,97.17,88.00,12.26
2026-04-22 10:07:00,2026-04-22 10:07:59,Q10,481.40,90.40,40.80,43.30,95.50,87.90,5.54,483.90,96.30,45.50,46.40,99.30,86.00,2.34,479.20,105.20,48.00,50.30,96.10,84.10,6.23,481.50,97.30,134.30,140.00,96.97,86.00,14.11
2026-04-22 10:08:00,2026-04-22 10:08:59,Q10,480.70,74.40,33.60,35.50,96.00,93.30,4.26,484.20,83.30,39.60,40.20,99.60,89.60,1.49,479.20,90.30,41.30,43.10,96.30,87.80,5.06,481.37,82.67,114.50,118.80,97.30,90.23,10.80
2026-04-22 10:09:00,2026-04-22 10:09:59,Q10,480.30,68.10,30.70,32.60,96.40,94.80,3.57,483.40,72.70,33.70,34.80,99.70,94.10,1.00,481.40,77.20,35.90,37.00,97.10,91.40,3.89,481.70,72.67,100.30,104.40,97.73,93.43,8.46
2026-04-22 10:10:00,2026-04-22 10:10:59,Q10,481.60,69.60,31.70,33.20,96.30,95.00,3.80,483.80,76.90,35.60,36.70,99.70,92.20,1.20,480.40,85.30,38.40,40.80,96.50,89.90,4.57,481.93,77.27,105.70,110.70,97.50,92.37,9.57
2026-04-22 10:11:00,2026-04-22 10:11:59,Q10,480.50,76.60,34.20,36.50,95.70,90.10,4.74,484.90,86.50,40.60,41.60,99.50,89.80,1.71,480.40,93.30,42.20,44.60,96.60,85.40,5.06,481.93,85.47,117.00,122.70,97.27,88.43,11.51
2026-04-22 10:12:00,2026-04-22 10:12:59,Q10,482.20,67.90,30.70,32.30,96.40,95.30,3.74,484.10,79.20,37.60,38.20,99.70,91.80,1.17,480.20,83.20,37.40,39.80,96.30,90.50,4.69,482.17,76.77,105.70,110.30,97.47,92.53,9.60
2026-04-22 10:13:00,2026-04-22 10:13:59,Q10,480.90,63.50,28.80,30.20,96.30,95.50,3.51,485.20,75.00,35.60,36.40,99.80,92.90,0.86,480.10,78.90,35.50,37.40,96.60,89.90,4.23,482.07,72.47,99.90,104.00,97.57,92.77,8.60
2026-04-22 10:14:00,2026-04-22 10:14:59,Q10,482.20,68.60,30.70,32.80,96.40,93.30,3.86,483.80,80.40,37.60,38.60,99.60,91.20,1.31,480.80,83.30,37.40,39.80,96.30,90.20,4.77,482.27,77.43,105.70,111.20,97.43,91.57,9.94
2026-04-22 10:15:00,2026-04-22 10:15:59,Q10,481.10,70.20,31.70,33.70,96.00,94.40,3.94,483.60,76.10,35.60,36.70,99.70,92.60,1.11,481.70,82.70,37.40,39.40,96.70,90.20,4.40,482.13,76.33,104.70,109.80,97.47,92.40,9.46
2026-04-22 10:16:00,2026-04-22 10:16:59,Q10,482.40,65.10,29.80,31.30,96.40,96.00,3.51,485.40,75.30,35.60,36.40,99.80,92.50,0.97,480.60,80.40,36.50,38.40,96.40,90.00,4.40,482.80,73.60,101.90,106.10,97.53,92.83,8.89
2026-04-22 10:17:00,2026-04-22 10:17:59,Q10,481.10,73.60,33.20,35.10,95.90,92.10,4.31,485.60,81.10,38.60,39.30,99.50,91.60,1.54,481.90,89.60,40.30,42.80,96.40,88.20,4.91,482.87,81.43,112.10,117.20,97.27,90.63,10.77
2026-04-22 10:18:00,2026-04-22 10:18:59,Q10,482.40,75.10,34.60,36.20,96.00,90.00,4.37,484.30,83.70,39.60,40.20,99.50,86.40,1.63,481.30,89.30,40.30,42.80,96.30,84.90,5.20,482.67,82.70,114.50,119.20,97.27,87.10,11.20
2026-04-22 10:19:00,2026-04-22 10:19:59,Q10,481.90,74.00,33.20,35.60,95.90,93.90,4.34,484.20,84.60,39.60,40.70,99.60,91.00,1.43,481.00,90.20,41.30,43.30,96.10,87.40,5.26,482.37,82.93,114.10,119.60,97.20,90.77,11.03
2026-04-22 10:20:00,2026-04-22 10:20:59,Q10,481.00,66.00,29.80,31.70,96.40,94.10,3.57,485.10,78.90,36.60,37.80,99.80,93.20,0.91,481.90,79.30,35.50,38.00,96.40,88.50,4.46,482.67,74.73,101.90,107.50,97.53,91.93,8.94
2026-04-22 10:21:00,2026-04-22 10:21:59,Q10,481.20,95.70,42.80,45.70,95.10,83.30,6.29,483.80,102.60,48.50,49.30,99.20,82.40,2.80,481.70,110.90,49.90,52.90,96.10,78.80,6.66,482.23,103.07,141.20,147.90,96.80,81.50,15.74
2026-04-22 10:22:00,2026-04-22 10:22:59,Q10,480.50,104.70,46.10,49.90,94.50,83.30,7.57,485.40,114.40,54.50,55.30,99.00,82.60,3.43,480.70,124.00,56.60,59.50,96.00,78.50,7.69,482.20,114.37,157.20,164.70,96.50,81.47,18.69
2026-04-22 10:23:00,2026-04-22 10:23:59,Q10,481.50,93.30,41.80,44.70,95.40,82.40,6.03,483.80,98.90,46.50,47.30,99.20,82.40,2.69,481.70,111.00,50.90,53.40,96.30,80.50,6.43,482.33,101.07,139.20,145.40,96.97,81.77,15.14
2026-04-22 10:24:00,2026-04-22 10:24:59,Q10,481.60,92.80,41.80,44.30,95.20,85.90,6.26,485.00,102.40,48.50,49.50,99.20,84.30,2.71,480.10,110.40,49.90,52.80,96.20,81.20,6.63,482.23,101.87,140.20,146.60,96.87,83.80,15.60
2026-04-22 10:25:00,2026-04-22 10:25:59,Q10,481.50,94.00,42.80,45.20,95.30,82.10,6.29,484.60,105.00,49.50,50.80,99.20,82.10,2.80,480.80,110.80,49.90,52.80,96.40,79.10,6.54,482.30,103.27,142.20,148.80,96.97,81.10,15.63
2026-04-22 10:26:00,2026-04-22 10:26:59,Q10,480.80,100.80,45.60,48.00,95.10,83.50,6.63,485.00,107.50,50.50,51.90,99.10,82.40,3.06,480.70,114.30,51.80,54.70,96.20,80.40,6.86,482.17,107.53,147.90,154.60,96.80,82.10,16.54
2026-04-22 10:27:00,2026-04-22 10:27:59,Q10,480.50,102.90,45.10,49.00,94.90,83.50,6.91,484.70,109.20,51.50,52.80,99.00,82.90,3.29,481.00,116.00,52.80,55.80,96.30,79.50,6.97,482.07,109.37,149.40,157.60,96.73,81.97,17.17
2026-04-22 10:28:00,2026-04-22 10:28:59,Q10,481.60,80.30,36.10,38.50,95.60,86.90,4.91,484.70,89.60,42.60,43.10,99.50,85.80,1.77,480.10,94.80,43.20,45.10,96.60,81.60,5.29,482.13,88.23,121.90,126.70,97.23,84.77,11.97
2026-04-22 10:29:00,2026-04-22 10:29:59,Q10,481.10,79.00,35.20,38.00,95.90,91.30,4.66,485.00,87.50,41.60,42.20,99.50,88.40,1.83,480.00,93.00,42.20,44.60,96.50,84.70,5.23,482.03,86.50,119.00,124.80,97.30,88.13,11.71
2026-04-22 10:30:00,2026-04-22 10:30:59,Q10,480.60,82.50,37.00,39.40,95.70,91.40,4.94,483.90,87.70,41.60,42.00,99.30,88.70,2.09,481.60,96.60,44.20,46.20,96.60,84.90,5.23,482.03,88.93,122.80,127.60,97.20,88.33,12.26
2026-04-22 10:32:00,2026-04-22 10:32:59,Q10,481.90,86.60,39.00,41.40,95.40,88.40,5.49,484.30,92.70,43.60,44.50,99.30,88.40,2.31,479.90,98.80,44.20,46.90,96.60,83.70,5.60,482.03,92.70,126.80,132.80,97.10,86.83,13.40
2026-04-22 10:33:00,2026-04-22 10:33:59,Q10,480.40,84.10,38.00,40.30,95.50,89.50,5.29,483.60,91.30,42.60,44.00,99.30,88.00,2.14,481.40,98.30,45.10,47.10,96.50,85.70,5.57,481.80,91.23,125.70,131.40,97.10,87.73,13.00
2026-04-22 10:34:00,2026-04-22 10:34:59,Q10,480.50,74.30,33.60,35.50,96.00,92.10,4.29,483.70,83.20,39.60,40.10,99.50,91.00,1.60,481.50,89.00,40.30,42.80,96.50,88.80,4.89,481.90,82.17,113.50,118.40,97.33,90.63,10.77
2026-04-22 10:35:00,2026-04-22 10:35:59,Q10,481.00,65.70,29.80,31.30,96.60,94.20,3.40,483.70,71.30,33.70,34.30,99.60,95.40,1.23,481.60,77.20,35.50,37.00,96.70,92.90,4.06,482.10,71.40,99.00,102.60,97.63,94.17,8.69
2026-04-22 10:36:00,2026-04-22 10:36:59,Q10,480.70,63.20,28.80,30.20,96.50,95.90,3.34,484.50,71.50,33.70,34.40,99.70,94.70,0.97,481.80,76.80,34.60,36.60,96.70,91.70,3.97,482.33,70.50,97.10,101.20,97.63,94.10,8.29
2026-04-22 10:37:00,2026-04-22 10:37:59,Q10,481.40,73.60,33.60,35.10,96.20,93.50,4.00,483.40,79.00,37.60,38.20,99.50,92.70,1.57,480.60,85.10,38.40,40.80,96.50,90.10,4.63,481.80,79.23,109.60,114.10,97.40,92.10,10.20
2026-04-22 10:38:00,2026-04-22 10:38:59,Q10,479.50,70.10,31.70,33.50,96.30,90.00,3.89,483.10,76.20,35.60,36.70,99.50,88.60,1.54,479.90,82.70,37.40,39.30,96.30,86.20,4.71,480.83,76.33,104.70,109.50,97.37,88.27,10.14
2026-04-22 10:39:00,2026-04-22 10:39:59,Q10,481.10,68.80,30.70,32.70,96.60,87.90,3.66,482.90,78.20,36.60,37.60,99.50,85.40,1.51,478.80,81.30,36.10,38.70,95.90,85.00,4.91,480.93,76.10,103.40,109.00,97.33,86.10,10.09
2026-04-22 10:40:00,2026-04-22 10:40:59,Q10,480.50,67.40,30.70,32.20,96.10,90.20,3.94,482.30,76.00,35.60,36.60,99.50,89.10,1.46,480.10,82.80,37.40,39.40,96.30,86.10,4.63,480.97,75.40,103.70,108.20,97.30,88.47,10.03
2026-04-22 10:41:00,2026-04-22 10:41:59,Q10,480.00,73.30,33.60,35.00,96.10,86.80,4.29,482.50,79.30,37.60,38.10,99.40,84.70,1.91,480.30,87.40,39.40,41.80,96.30,83.00,5.00,480.93,80.00,110.60,114.90,97.27,84.83,11.20
2026-04-22 10:42:00,2026-04-22 10:42:59,Q10,481.10,73.70,33.20,35.10,95.90,88.90,4.46,482.40,82.70,38.60,39.50,99.40,86.70,1.86,479.00,86.60,39.40,41.20,96.30,82.70,5.09,480.83,81.00,111.20,115.80,97.20,86.10,11.40
2026-04-22 10:43:00,2026-04-22 10:43:59,Q10,479.30,79.30,35.20,37.80,95.70,83.60,4.83,483.00,83.70,39.60,40.10,99.30,83.40,2.11,480.20,92.50,42.20,44.20,96.20,79.40,5.43,480.83,85.17,117.00,122.10,97.07,82.13,12.37
2026-04-22 10:44:00,2026-04-22 10:44:59,Q10,480.50,84.80,38.00,40.30,95.50,83.50,5.66,482.40,95.60,44.50,45.80,99.00,82.00,2.80,479.00,102.10,46.10,48.90,96.00,78.80,6.23,480.63,94.17,128.60,135.00,96.83,81.43,14.69
2026-04-22 10:45:00,2026-04-22 10:45:59,Q10,480.70,71.00,32.60,34.10,96.30,90.00,4.00,482.60,79.20,37.60,38.10,99.50,87.90,1.60,478.60,84.20,38.40,40.20,96.00,84.80,5.03,480.63,78.13,108.60,112.40,97.27,87.57,10.63
2026-04-22 10:46:00,2026-04-22 10:46:59,Q10,479.10,64.70,28.80,30.70,96.20,89.30,3.63,481.90,72.40,33.70,34.60,99.70,88.20,1.14,479.90,79.70,35.50,37.80,96.30,84.80,4.46,480.30,72.27,98.00,103.10,97.40,87.43,9.23
2026-04-22 10:47:00,2026-04-22 10:47:59,Q10,479.00,55.30,25.00,26.30,96.70,93.20,3.03,483.60,68.50,31.70,32.80,99.80,91.40,0.77,478.70,71.10,31.70,33.90,96.20,90.10,4.06,480.43,64.97,88.40,93.00,97.57,91.57,7.86
2026-04-22 10:48:00,2026-04-22 10:48:59,Q10,479.40,58.00,25.90,27.80,96.60,90.60,3.09,482.20,67.30,31.70,32.30,99.80,88.20,0.83,480.20,71.40,32.60,34.10,96.40,87.00,3.94,480.60,65.57,90.20,94.20,97.60,88.60,7.86
2026-04-22 10:49:00,2026-04-22 10:49:59,Q10,479.20,66.00,29.80,31.60,96.50,90.70,3.57,483.20,77.40,36.60,37.20,99.60,88.80,1.34,479.70,78.90,35.50,37.40,96.10,86.90,4.63,480.70,74.10,101.90,106.20,97.40,88.80,9.54
2026-04-22 10:50:00,2026-04-22 10:50:59,Q10,481.00,67.30,30.70,32.20,96.30,89.50,3.71,482.50,75.60,35.60,36.20,99.60,85.60,1.31,479.10,77.70,34.60,36.90,96.30,83.10,4.54,480.87,73.53,100.90,105.30,97.40,86.07,9.57
2026-04-22 10:51:00,2026-04-22 10:51:59,Q10,479.80,66.30,29.80,31.60,96.50,90.60,3.54,482.10,76.10,35.60,36.60,99.60,87.80,1.31,479.60,78.60,35.50,37.40,96.00,85.30,4.66,480.50,73.67,100.90,105.60,97.37,87.90,9.51
2026-04-22 10:52:00,2026-04-22 10:52:59,Q10,481.10,81.00,36.10,39.00,95.80,86.00,4.83,483.50,87.80,41.60,42.00,99.30,84.90,2.20,479.20,92.20,42.20,44.10,96.00,81.90,5.69,481.27,87.00,119.90,125.10,97.03,84.27,12.71
2026-04-22 10:53:00,2026-04-22 10:53:59,Q10,481.10,89.20,39.90,42.80,95.50,82.30,5.66,483.00,96.90,45.50,46.40,99.20,78.40,2.69,478.90,104.30,46.50,49.70,95.70,76.40,6.66,481.00,96.80,131.90,138.90,96.80,79.03,15.00
2026-04-22 10:54:00,2026-04-22 10:54:59,Q10,481.20,70.70,31.70,33.70,96.40,87.10,3.86,483.40,82.60,38.60,39.60,99.60,86.60,1.51,478.80,83.20,37.00,39.70,95.80,85.20,5.11,481.13,78.83,107.30,113.00,97.27,86.30,10.49
2026-04-22 10:55:00,2026-04-22 10:55:59,Q10,479.70,64.50,28.80,30.70,96.50,89.10,3.40,484.30,72.70,33.70,34.80,99.70,86.50,1.17,479.40,77.00,34.60,36.90,96.00,88.60,4.54,481.13,71.40,97.10,102.40,97.40,88.07,9.11
2026-04-22 10:56:00,2026-04-22 10:56:59,Q10,481.00,72.30,32.60,34.60,96.20,89.10,4.09,482.70,82.10,38.60,39.50,99.40,87.00,1.83,478.60,83.50,37.40,39.70,96.00,85.60,5.09,480.77,79.30,108.60,113.80,97.20,87.23,11.00
2026-04-22 10:57:00,2026-04-22 10:57:59,Q10,480.30,71.80,32.60,34.10,96.30,88.20,3.97,483.80,78.30,36.60,37.70,99.50,87.00,1.57,480.50,84.50,38.40,40.30,96.10,84.80,4.97,481.53,78.20,107.60,112.10,97.30,86.67,10.51
2026-04-22 10:58:00,2026-04-22 10:58:59,Q10,481.00,72.40,32.60,34.60,96.10,93.00,4.14,484.10,81.10,38.60,39.20,99.60,92.10,1.43,481.20,88.90,40.30,42.30,96.30,90.00,4.94,482.10,80.80,111.50,116.10,97.33,91.70,10.51
2026-04-22 10:59:00,2026-04-22 10:59:59,Q10,481.60,74.20,33.60,35.60,96.30,92.30,4.11,485.10,84.20,39.60,40.70,99.60,89.50,1.43,480.20,90.10,41.30,43.20,96.10,87.30,5.17,482.30,82.83,114.50,119.50,97.33,89.70,10.71
2026-04-22 11:00:00,2026-04-22 11:00:59,Q10,481.30,62.70,27.80,29.80,96.50,97.00,3.31,485.00,72.60,33.70,34.90,99.80,95.50,0.86,480.10,75.90,34.60,36.00,96.50,93.40,4.14,482.13,70.40,96.10,100.70,97.60,95.30,8.31
2026-04-22 11:01:00,2026-04-22 11:01:59,Q10,480.80,61.50,27.80,29.30,96.60,95.70,3.17,485.40,72.70,33.70,34.90,99.80,94.60,0.83,480.60,76.00,34.60,36.50,96.50,92.30,4.11,482.27,70.07,96.10,100.70,97.63,94.20,8.11
2026-04-22 11:02:00,2026-04-22 11:02:59,Q10,482.30,74.10,33.60,35.70,96.00,94.30,4.14,483.70,80.20,37.60,38.60,99.60,91.90,1.46,480.40,84.70,38.40,40.30,96.40,89.90,4.77,482.13,79.67,109.60,114.60,97.33,92.03,10.37
2026-04-22 11:03:00,2026-04-22 11:03:59,Q10,481.70,79.80,35.20,38.00,95.50,91.60,5.11,484.50,91.80,43.60,44.00,99.50,87.40,1.91,479.70,97.50,44.20,46.50,96.30,83.30,5.63,481.97,89.70,123.00,128.50,97.10,87.43,12.66
2026-04-22 11:04:00,2026-04-22 11:04:59,Q10,481.80,82.10,37.00,39.40,95.50,88.30,5.03,484.20,91.90,43.60,44.00,99.50,88.60,1.83,480.30,96.80,44.20,46.10,96.40,84.10,5.49,482.10,90.27,124.80,129.50,97.13,87.00,12.34
2026-04-22 11:05:00,2026-04-22 11:05:59,Q10,480.10,77.30,34.20,37.00,95.50,93.00,4.69,483.80,85.70,40.60,41.10,99.60,90.80,1.57,481.50,93.10,42.20,44.70,96.30,87.20,5.23,481.80,85.37,117.00,122.80,97.13,90.33,11.49
2026-04-22 11:06:00,2026-04-22 11:06:59,Q10,480.20,79.20,35.20,37.90,95.40,89.60,4.97,484.20,87.50,41.60,42.10,99.50,89.90,1.77,481.40,95.70,43.20,45.70,96.30,86.00,5.49,481.93,87.47,120.00,125.70,97.07,88.50,12.23
2026-04-22 11:07:00,2026-04-22 11:07:59,Q10,480.80,73.70,33.20,35.00,95.60,90.80,4.49,484.90,82.90,38.60,39.70,99.60,92.70,1.40,480.10,89.10,40.30,42.70,96.50,87.80,4.94,481.93,81.90,112.10,117.40,97.23,90.43,10.83
2026-04-22 11:08:00,2026-04-22 11:08:59,Q10,480.20,77.80,34.20,37.00,95.40,90.30,4.83,484.40,87.90,41.60,42.10,99.60,89.30,1.51,481.00,94.80,43.20,45.20,96.30,84.70,5.40,481.87,86.83,119.00,124.30,97.10,88.10,11.74
2026-04-22 11:09:00,2026-04-22 11:09:59,Q10,480.40,78.60,35.20,37.40,95.40,88.30,4.94,483.90,87.60,41.60,42.00,99.50,86.60,1.69,481.30,96.80,44.20,46.20,96.40,84.80,5.40,481.87,87.67,121.00,125.60,97.10,86.57,12.03
2026-04-22 11:10:00,2026-04-22 11:10:59,Q10,480.70,78.00,35.20,37.40,95.50,92.20,4.71,483.80,88.00,41.60,42.50,99.60,91.00,1.57,481.50,93.20,42.20,44.70,96.10,87.50,5.51,482.00,86.40,119.00,124.60,97.07,90.23,11.80
2026-04-22 11:11:00,2026-04-22 11:11:59,Q10,480.80,77.90,34.20,37.00,95.50,91.10,4.86,483.80,90.00,42.60,43.50,99.50,89.00,1.69,481.60,95.00,43.20,45.70,96.20,85.90,5.49,482.07,87.63,120.00,126.20,97.07,88.67,12.03
2026-04-22 11:12:00,2026-04-22 11:12:59,Q10,480.80,84.20,38.00,40.30,95.10,91.90,5.31,483.60,92.00,43.60,44.40,99.50,89.50,1.83,481.20,98.10,45.10,47.10,96.20,86.10,5.74,481.87,91.43,126.70,131.80,96.93,89.17,12.89
2026-04-22 11:13:00,2026-04-22 11:13:59,Q10,484.90,76.00,34.20,36.80,95.50,88.30,4.83,487.20,90.50,42.60,43.80,99.60,85.30,1.51,484.50,96.70,43.70,46.50,95.90,82.50,5.80,485.53,87.73,120.50,127.10,97.00,85.37,12.14
2026-04-22 11:14:00,2026-04-22 11:14:59,Q10,485.40,73.80,33.20,35.40,95.80,92.40,4.43,487.30,85.90,40.60,41.40,99.70,88.10,1.34,483.30,91.10,40.80,44.00,95.70,85.90,5.66,485.33,83.60,114.60,120.80,97.07,88.80,11.43
2026-04-22 11:15:00,2026-04-22 11:15:59,Q10,484.40,80.50,36.10,38.70,95.20,89.50,5.26,487.00,93.00,44.50,45.30,99.40,87.90,1.97,484.70,100.60,45.60,48.40,95.90,84.80,5.97,485.37,91.37,126.20,132.40,96.83,87.40,13.20
2026-04-22 11:16:00,2026-04-22 11:16:59,Q10,484.50,75.00,34.20,36.30,95.80,89.30,4.40,488.20,85.70,40.60,41.50,99.60,86.70,1.37,482.70,91.20,40.80,43.90,95.90,84.30,5.49,485.13,83.97,115.60,121.70,97.10,86.77,11.26
2026-04-22 11:17:00,2026-04-22 11:17:59,Q10,485.60,73.30,33.60,35.40,96.10,93.30,4.17,487.10,84.60,39.60,40.90,99.60,90.80,1.46,483.80,90.90,41.30,43.50,96.00,88.40,5.29,485.50,82.93,114.50,119.80,97.23,90.83,10.91
2026-04-22 11:18:00,2026-04-22 11:18:59,Q10,484.50,82.40,37.00,39.70,95.40,90.50,5.11,488.70,93.10,44.50,45.40,99.50,86.90,1.83,483.90,97.30,44.20,46.90,96.30,84.40,5.60,485.70,90.93,125.70,132.00,97.07,87.27,12.54
2026-04-22 11:19:00,2026-04-22 11:19:59,Q10,484.70,76.10,34.20,36.80,95.60,90.90,4.66,488.20,88.60,41.60,42.90,99.60,88.30,1.49,483.50,92.70,42.20,44.40,96.00,85.30,5.63,485.47,85.80,118.00,124.10,97.07,88.17,11.77
2026-04-22 11:20:00,2026-04-22 11:20:59,Q10,483.40,74.80,33.20,35.70,95.40,91.90,4.66,487.60,83.80,39.60,40.40,99.60,90.70,1.37,484.70,91.00,42.20,44.00,96.30,88.00,5.26,485.23,83.20,115.00,120.10,97.10,90.20,11.29
2026-04-22 11:21:00,2026-04-22 11:21:59,Q10,483.50,70.10,31.40,33.80,95.80,93.30,4.17,487.70,83.00,39.60,40.40,99.70,92.00,1.14,484.50,88.50,40.30,42.60,96.00,89.30,5.23,485.23,80.53,111.30,116.80,97.17,91.53,10.54
2026-04-22 11:22:00,2026-04-22 11:22:59,Q10,485.20,80.80,36.10,38.80,95.60,90.70,4.91,487.30,92.50,43.60,44.80,99.50,86.20,1.80,483.00,96.00,43.70,46.40,95.80,84.90,5.97,485.17,89.77,123.40,130.00,96.97,87.27,12.69
2026-04-22 11:23:00,2026-04-22 11:23:59,Q10,484.00,75.90,34.20,36.30,95.60,92.90,4.69,488.40,87.70,41.60,42.50,99.60,90.20,1.51,482.90,93.80,41.80,44.80,95.80,87.30,5.77,485.10,85.80,117.60,123.60,97.00,90.13,11.97
2026-04-22 11:24:00,2026-04-22 11:24:59,Q10,485.50,61.10,27.80,29.60,96.80,95.30,3.00,486.90,72.00,33.70,35.00,99.80,93.80,0.69,483.50,72.20,32.60,34.80,96.40,91.90,4.06,485.30,68.43,94.10,99.40,97.67,93.67,7.74
2026-04-22 11:25:00,2026-04-22 11:25:59,Q10,484.20,60.70,27.80,29.00,96.70,97.60,3.09,487.80,73.40,34.70,35.60,99.90,95.00,0.66,483.80,77.00,35.20,37.20,95.90,92.70,4.51,485.27,70.37,97.70,101.80,97.50,95.10,8.26
2026-04-22 11:26:00,2026-04-22 11:26:59,Q10,484.30,73.30,33.20,35.30,95.50,93.20,4.49,488.30,84.40,39.60,41.00,99.70,88.70,1.23,483.60,90.50,41.30,43.50,96.20,85.40,5.23,485.40,82.73,114.10,119.80,97.13,89.10,10.94
2026-04-22 11:27:00,2026-04-22 11:27:59,Q10,483.40,74.80,33.20,35.70,95.60,92.30,4.49,487.10,84.70,39.60,40.90,99.70,88.60,1.31,484.30,89.90,40.80,43.10,95.90,86.70,5.51,484.93,83.13,113.60,119.70,97.07,89.20,11.31
2026-04-22 11:28:00,2026-04-22 11:28:59,Q10,483.50,62.80,27.80,29.90,96.00,98.00,3.66,487.40,77.40,36.60,37.50,99.80,94.50,0.69,484.60,81.40,37.40,39.20,96.10,90.70,4.69,485.17,73.87,101.80,106.60,97.30,94.40,9.03
2026-04-22 11:29:00,2026-04-22 11:29:59,Q10,484.80,68.40,30.70,32.90,96.00,92.40,3.86,486.70,78.80,36.60,37.90,99.80,91.00,0.91,484.00,82.80,37.00,39.70,95.90,86.80,5.00,485.17,76.67,104.30,110.50,97.23,90.07,9.77
2026-04-22 11:30:00,2026-04-22 11:30:59,Q10,483.40,76.10,34.20,36.70,95.30,92.20,4.69,488.40,86.70,40.60,42.00,99.70,90.40,1.34,483.60,89.70,39.90,43.00,95.80,86.60,5.63,485.13,84.17,114.70,121.70,96.93,89.73,11.66
2026-04-22 11:31:00,2026-04-22 11:31:59,Q10,483.40,74.80,33.20,35.70,95.70,91.90,4.29,488.20,84.70,39.60,41.00,99.80,87.80,1.11,483.90,90.00,40.80,43.50,95.60,84.70,5.60,485.17,83.17,113.60,120.20,97.03,88.13,11.00
2026-04-22 11:32:00,2026-04-22 11:32:59,Q10,484.10,71.80,32.30,34.40,95.70,92.50,4.26,487.90,82.70,38.60,39.90,99.70,91.20,1.11,484.80,88.30,39.90,42.60,95.80,87.50,5.40,485.60,80.93,110.80,116.90,97.07,90.40,10.77
2026-04-22 11:33:00,2026-04-22 11:33:59,Q10,485.10,67.60,30.70,32.50,96.10,94.30,3.80,487.40,79.90,37.60,38.50,99.80,91.90,1.03,484.20,83.50,38.40,40.20,96.00,90.00,4.94,485.57,77.00,106.70,111.20,97.30,92.07,9.77
2026-04-22 11:34:00,2026-04-22 11:34:59,Q10,485.60,60.20,27.80,29.10,96.60,93.80,3.17,487.60,72.30,34.70,35.10,99.80,91.10,0.71,483.70,78.10,35.50,37.70,96.20,89.60,4.29,485.63,70.20,98.00,101.90,97.53,91.50,8.17
2026-04-22 11:35:00,2026-04-22 11:35:59,Q10,485.40,63.40,28.80,30.60,96.40,94.70,3.46,487.50,76.20,36.60,37.00,99.80,93.20,0.77,483.20,82.20,37.40,39.60,96.10,91.50,4.60,485.37,73.93,102.80,107.20,97.43,93.13,8.83
2026-04-22 11:36:00,2026-04-22 11:36:59,Q10,485.10,71.40,32.30,34.40,95.60,91.60,4.29,487.30,79.60,37.60,38.50,99.70,90.80,1.14,484.50,90.40,41.30,43.60,96.10,85.80,5.09,485.63,80.47,111.20,116.50,97.13,89.40,10.51
2026-04-22 11:37:00,2026-04-22 11:37:59,Q10,485.10,70.30,31.40,34.00,95.60,93.80,4.14,488.70,79.90,37.60,38.60,99.80,91.80,1.00,483.30,85.80,39.40,41.10,96.30,88.70,4.86,485.70,78.67,108.40,113.70,97.23,91.43,10.00
2026-04-22 11:38:00,2026-04-22 11:38:59,Q10,486.10,65.50,29.50,31.60,95.90,94.70,3.86,488.00,77.20,36.60,37.60,99.80,91.50,0.97,483.60,82.60,37.40,39.60,96.20,90.60,4.69,485.90,75.10,103.50,108.80,97.30,92.27,9.51
2026-04-22 11:39:00,2026-04-22 11:39:59,Q10,484.70,65.30,29.80,31.50,96.10,95.80,3.63,488.80,74.30,35.60,36.10,99.80,93.10,0.86,484.50,79.10,36.50,38.20,96.60,89.60,4.23,486.00,72.90,101.90,105.80,97.50,92.83,8.71
2026-04-22 11:40:00,2026-04-22 11:40:59,Q10,484.80,68.10,30.70,32.90,96.00,92.20,3.91,488.50,77.10,36.60,37.60,99.70,91.10,1.11,485.10,83.70,38.40,40.30,96.40,88.20,4.63,486.13,76.30,105.70,110.80,97.37,90.50,9.66
2026-04-22 11:41:00,2026-04-22 11:41:59,Q10,486.20,79.60,36.10,38.40,95.50,89.90,4.86,488.00,89.10,42.60,43.40,99.60,87.70,1.66,484.40,93.10,43.20,45.00,96.10,86.00,5.60,486.20,87.27,121.90,126.80,97.07,87.87,12.11
2026-04-22 11:42:00,2026-04-22 11:42:59,Q10,485.90,76.80,34.20,36.90,95.30,91.40,4.86,488.00,87.10,41.60,42.50,99.70,88.20,1.37,485.20,93.80,43.20,45.10,96.20,84.80,5.46,486.37,85.90,119.00,124.50,97.07,88.13,11.69
2026-04-22 11:43:00,2026-04-22 11:43:59,Q10,485.00,62.10,28.80,30.10,96.00,98.00,3.60,489.50,73.20,34.70,35.70,99.90,92.00,0.66,484.20,80.60,36.50,38.70,96.20,90.40,4.57,486.23,71.97,100.00,104.50,97.37,93.47,8.83
2026-04-22 11:44:00,2026-04-22 11:44:59,Q10,485.70,65.00,29.80,31.50,96.00,95.30,3.57,489.60,74.60,35.60,36.20,99.90,92.80,0.60,484.00,81.00,37.40,39.20,96.00,89.50,4.63,486.43,73.53,102.80,106.90,97.30,92.53,8.80
2026-04-22 11:45:00,2026-04-22 11:45:59,Q10,486.30,66.20,30.40,32.10,95.90,94.10,3.83,488.30,75.10,35.60,36.60,99.80,92.70,0.86,484.20,85.00,39.40,41.10,96.20,90.20,4.69,486.27,75.43,105.40,109.80,97.30,92.33,9.37
2026-04-22 11:46:00,2026-04-22 11:46:59,Q10,484.90,61.80,27.50,29.50,95.80,97.80,3.66,488.80,77.20,36.60,37.60,99.90,93.20,0.54,485.40,78.40,35.50,37.80,96.20,90.00,4.57,486.37,72.47,99.60,104.90,97.30,93.67,8.77
2026-04-22 11:47:00,2026-04-22 11:47:59,Q10,486.00,65.60,29.50,31.60,95.80,94.50,3.80,488.10,75.60,35.60,36.60,99.80,91.70,0.74,484.70,81.80,37.40,39.20,96.20,88.30,4.66,486.27,74.33,102.50,107.40,97.27,91.50,9.20
2026-04-22 11:48:00,2026-04-22 11:48:59,Q10,486.40,64.20,29.80,31.10,96.10,95.30,3.74,488.60,78.20,37.60,38.10,99.80,92.20,0.83,484.20,85.10,39.00,41.10,95.80,89.70,5.03,486.40,75.83,106.40,110.30,97.23,92.40,9.60
2026-04-22 11:49:00,2026-04-22 11:49:59,Q10,485.00,66.50,30.40,32.00,95.70,92.90,3.94,489.40,76.50,36.60,37.20,99.80,91.00,0.80,483.80,83.90,38.40,40.10,96.10,87.70,4.91,486.07,75.63,105.40,109.30,97.20,90.53,9.66
2026-04-22 11:50:00,2026-04-22 11:50:59,Q10,486.30,67.40,30.70,32.60,96.20,95.30,3.77,487.90,80.10,37.60,39.00,99.70,91.30,1.09,484.70,83.50,38.40,40.20,96.00,89.90,4.86,486.30,77.00,106.70,111.80,97.30,92.17,9.71
2026-04-22 11:51:00,2026-04-22 11:51:59,Q10,485.50,66.40,30.70,32.00,96.10,93.60,3.66,487.80,77.50,36.60,37.50,99.80,89.60,0.86,485.00,83.60,38.40,40.30,96.10,87.00,4.74,486.10,75.83,105.70,109.80,97.33,90.07,9.26
2026-04-22 11:52:00,2026-04-22 11:52:59,Q10,484.80,61.80,27.80,29.50,96.60,88.40,3.20,487.70,72.90,34.70,35.10,99.80,87.20,0.89,482.70,78.30,35.20,37.60,95.60,84.40,4.71,485.07,71.00,97.70,102.20,97.33,86.67,8.80
2026-04-22 11:53:00,2026-04-22 11:53:59,Q10,484.00,66.70,29.80,31.90,96.10,89.90,3.89,488.00,78.20,37.60,38.10,99.60,88.60,1.34,482.70,84.70,38.00,40.50,95.70,85.50,5.09,484.90,76.53,105.40,110.50,97.13,88.00,10.31
2026-04-22 11:54:00,2026-04-22 11:54:59,Q10,484.40,71.10,32.60,34.40,96.00,87.00,4.09,488.40,80.70,38.60,39.00,99.60,85.10,1.40,482.80,84.70,38.00,40.50,95.80,82.60,5.29,485.20,78.83,109.20,113.90,97.13,84.90,10.77
2026-04-22 11:55:00,2026-04-22 11:55:59,Q10,484.40,58.50,26.90,28.10,96.40,91.50,3.29,488.20,68.00,32.70,33.20,99.80,90.00,0.89,485.00,75.20,34.20,36.40,95.90,88.10,4.49,485.87,67.23,93.80,97.70,97.37,89.87,8.66
2026-04-22 11:56:00,2026-04-22 11:56:59,Q10,485.00,52.20,24.20,25.20,97.40,94.40,2.34,488.70,63.10,29.70,30.70,99.90,90.10,0.43,483.00,63.60,28.50,30.40,95.90,88.60,3.83,485.57,59.63,82.40,86.30,97.73,91.03,6.60
2026-04-22 11:57:00,2026-04-22 11:57:59,Q10,485.60,53.30,24.20,25.70,97.00,94.30,2.71,488.50,67.80,31.70,32.70,99.80,91.30,0.63,483.40,65.80,29.50,31.40,95.80,90.40,4.14,485.83,62.30,85.40,89.80,97.53,92.00,7.49
2026-04-22 11:58:00,2026-04-22 11:58:59,Q10,484.90,75.00,34.20,36.30,95.60,85.40,4.66,488.40,87.00,41.60,42.50,99.50,85.20,1.71,482.90,91.60,40.80,43.90,95.60,82.00,5.80,485.40,84.53,116.60,122.70,96.90,84.20,12.17
2026-04-22 11:59:00,2026-04-22 11:59:59,Q10,484.40,75.70,34.20,36.30,95.70,88.30,4.66,487.90,89.40,42.60,43.30,99.50,83.50,1.80,483.80,93.90,41.80,44.90,95.50,79.90,6.00,485.37,86.33,118.60,124.50,96.90,83.90,12.46
2026-04-22 12:00:00,2026-04-22 12:00:59,Q10,484.70,55.20,25.20,26.60,97.10,92.60,2.71,486.90,69.10,32.70,33.50,99.80,90.70,0.63,483.80,71.20,32.30,34.30,95.60,88.10,4.34,485.13,65.17,90.20,94.40,97.50,90.47,7.69
2026-04-22 12:01:00,2026-04-22 12:01:59,Q10,485.20,52.20,24.00,25.20,96.90,90.10,2.71,488.80,66.40,31.70,32.20,99.90,89.30,0.60,483.30,68.90,30.40,32.80,95.80,87.40,4.11,485.77,62.50,86.10,90.20,97.53,88.93,7.43
2026-04-22 12:02:00,2026-04-22 12:02:59,Q10,484.90,63.30,28.80,30.50,96.30,90.20,3.49,489.20,72.80,34.70,35.20,99.80,87.60,0.89,483.30,79.50,36.10,38.20,95.90,85.30,4.71,485.80,71.87,99.60,103.90,97.33,87.70,9.09
2026-04-22 12:03:00,2026-04-22 12:03:59,Q10,484.40,61.60,27.80,29.50,96.40,87.60,3.37,487.80,70.40,33.70,34.10,99.80,86.10,0.94,485.00,76.00,34.60,36.90,96.00,84.20,4.51,485.73,69.33,96.10,100.50,97.40,85.97,8.83
2026-04-22 12:04:00,2026-04-22 12:04:59,Q10,484.70,50.50,23.30,24.20,97.20,96.20,2.43,487.40,62.10,29.70,30.20,99.90,91.60,0.37,484.80,66.50,29.80,31.90,96.20,89.90,3.69,485.63,59.70,82.80,86.30,97.77,92.57,6.49
2026-04-22 12:05:00,2026-04-22 12:05:59,Q10,484.80,53.10,24.20,25.70,97.40,93.10,2.40,488.40,64.30,30.70,31.20,99.80,91.20,0.60,483.80,66.60,29.80,31.90,96.00,90.00,3.77,485.67,61.33,84.70,88.80,97.73,91.43,6.77
2026-04-22 12:06:00,2026-04-22 12:06:59,Q10,484.30,63.40,28.80,30.50,96.50,90.20,3.49,488.30,77.20,36.60,37.60,99.70,88.10,1.09,484.40,79.50,36.10,38.20,95.80,85.40,4.83,485.67,73.37,101.50,106.30,97.33,87.90,9.40
2026-04-22 12:07:00,2026-04-22 12:07:59,Q10,485.50,65.60,29.80,31.50,96.80,89.60,3.26,488.30,75.10,35.60,36.60,99.70,86.70,1.09,483.20,76.90,34.20,36.70,95.60,85.80,4.86,485.67,72.53,99.60,104.80,97.37,87.37,9.20
2026-04-22 12:08:00,2026-04-22 12:08:59,Q10,484.00,60.50,27.80,29.00,96.50,91.50,3.31,487.80,71.00,33.70,34.60,99.80,89.00,0.94,484.60,77.90,35.20,37.30,95.70,87.10,4.71,485.47,69.80,96.70,100.90,97.33,89.20,8.97
2026-04-22 12:09:00,2026-04-22 12:09:59,Q10,485.20,55.00,25.50,26.70,98.70,21.90,2.40,487.50,67.60,31.70,32.60,99.90,26.40,0.03,483.20,64.80,29.10,30.90,97.80,22.50,3.77,485.30,62.47,86.30,90.20,98.80,23.60,6.20
2026-04-22 12:10:00,2026-04-22 12:10:59,Q10,484.60,64.40,29.10,31.00,97.70,20.90,3.69,486.30,70.40,33.70,34.00,99.90,23.90,0.49,484.30,75.40,34.90,36.30,97.70,18.30,4.49,485.07,70.07,97.70,101.30,98.43,21.03,8.66
2026-04-22 12:11:00,2026-04-22 12:11:59,Q10,485.40,47.40,21.80,22.80,99.00,23.80,1.77,488.20,56.70,26.70,27.30,99.90,28.40,-0.34,482.80,59.10,27.40,28.40,98.00,25.20,3.20,485.47,54.40,75.90,78.50,98.97,25.80,4.63
2026-04-22 12:12:00,2026-04-22 12:12:59,Q10,484.10,44.90,20.80,21.30,99.10,25.90,1.66,488.30,56.90,26.70,27.30,99.90,29.80,-0.57,482.40,56.20,25.50,27.00,98.00,25.10,3.14,484.93,52.67,73.00,75.60,99.00,26.93,4.23
2026-04-22 12:13:00,2026-04-22 12:13:59,Q10,483.80,53.50,24.50,25.60,98.60,23.50,2.34,488.00,63.60,29.70,30.70,99.90,26.00,-0.06,482.60,65.00,30.40,31.30,98.00,22.30,3.46,484.80,60.70,84.60,87.60,98.83,23.93,5.74
2026-04-22 12:14:00,2026-04-22 12:14:59,Q10,483.30,53.80,24.50,25.60,98.50,22.60,2.54,488.50,61.30,28.70,29.80,99.90,26.70,0.11,483.80,65.70,30.40,31.40,98.20,22.70,3.31,485.20,60.27,83.60,86.80,98.87,24.00,5.97
2026-04-22 12:15:00,2026-04-22 12:15:59,Q10,484.10,51.50,23.50,24.70,98.90,24.00,1.97,489.30,60.30,28.70,29.30,99.90,28.30,-0.14,483.80,60.70,27.40,29.00,98.00,23.70,3.31,485.73,57.50,79.60,83.00,98.93,25.33,5.14
2026-04-22 12:16:00,2026-04-22 12:16:59,Q10,484.60,47.20,21.60,22.70,98.90,22.80,1.97,489.40,62.90,29.70,30.30,99.90,25.80,-0.03,483.90,61.40,28.40,29.50,98.00,22.60,3.31,485.97,57.17,79.70,82.50,98.93,23.73,5.26
2026-04-22 12:17:00,2026-04-22 12:17:59,Q10,485.40,63.40,29.40,30.60,98.00,23.40,3.29,488.80,67.80,31.70,32.70,99.90,25.00,0.60,484.10,70.40,32.30,33.90,98.10,21.00,3.83,486.10,67.20,93.40,97.20,98.67,23.13,7.71
2026-04-22 12:18:00,2026-04-22 12:18:59,Q10,484.70,57.00,26.50,27.60,98.40,22.40,2.77,489.20,65.00,30.70,31.80,99.90,25.20,0.37,483.90,68.00,31.40,32.80,98.00,21.70,3.60,485.93,63.33,88.60,92.20,98.77,23.10,6.74
2026-04-22 12:19:00,2026-04-22 12:19:59,Q10,485.40,54.10,25.50,26.20,98.60,24.00,2.49,489.30,63.90,29.70,30.80,99.90,25.90,0.26,484.10,63.50,29.40,30.50,98.40,21.80,3.11,486.27,60.50,84.60,87.50,98.97,23.90,5.86
2026-04-22 12:20:00,2026-04-22 12:20:59,Q10,484.60,55.50,25.50,26.60,98.40,23.50,2.74,488.70,64.50,30.70,31.20,99.90,25.20,0.23,485.70,68.10,31.40,33.00,98.50,21.30,3.11,486.33,62.70,87.60,90.80,98.93,23.33,6.09
2026-04-22 12:21:00,2026-04-22 12:21:59,Q10,485.10,59.10,27.40,28.60,98.30,22.60,2.89,488.70,65.30,30.70,31.70,99.90,24.80,0.40,483.60,66.50,30.40,31.90,98.00,22.10,3.74,485.80,63.63,88.50,92.20,98.73,23.17,7.03
2026-04-22 12:22:00,2026-04-22 12:22:59,Q10,484.60,57.80,26.50,27.60,98.20,22.50,3.06,487.60,68.90,32.70,33.10,99.90,25.50,0.46,485.70,69.60,32.30,33.50,98.10,20.80,3.66,485.97,65.43,91.50,94.20,98.73,22.93,7.17
2026-04-22 12:23:00,2026-04-22 12:23:59,Q10,485.50,63.00,29.10,30.60,97.80,21.70,3.49,489.10,67.70,31.70,32.80,99.90,24.70,0.54,484.20,72.20,33.30,34.80,98.10,20.90,3.91,486.27,67.63,94.10,98.20,98.60,22.43,7.94
2026-04-22 12:24:00,2026-04-22 12:24:59,Q10,486.50,59.20,27.40,28.70,98.30,22.80,2.91,488.20,66.70,31.70,32.20,99.90,24.40,0.49,484.40,68.20,31.40,32.90,98.10,21.90,3.63,486.37,64.70,90.50,93.80,98.77,23.03,7.03
2026-04-22 12:25:00,2026-04-22 12:25:59,Q10,483.90,56.10,26.50,27.00,98.20,27.30,2.77,488.60,60.90,28.70,29.30,99.90,28.80,0.26,485.20,65.60,30.40,31.50,98.50,23.70,3.03,485.90,60.87,85.60,87.80,98.87,26.60,6.06
2026-04-22 12:26:00,2026-04-22 12:26:59,Q10,484.40,57.50,26.50,27.60,98.10,26.80,3.03,489.30,66.30,31.70,32.30,99.90,28.40,0.26,484.00,69.20,32.30,33.40,98.40,22.30,3.37,485.90,64.33,90.50,93.30,98.80,25.83,6.66
2026-04-22 12:27:00,2026-04-22 12:27:59,Q10,485.60,61.60,28.10,29.60,97.80,31.10,3.46,488.70,84.00,38.80,41.00,97.50,24.50,5.17,484.40,76.60,31.30,36.80,87.00,25.20,10.03,486.23,74.07,98.20,107.40,94.10,26.93,18.66
2026-04-22 12:28:00,2026-04-22 12:28:59,Q10,484.80,62.00,29.40,30.00,98.10,30.80,3.14,488.50,63.70,29.70,30.70,99.90,32.80,0.29,486.00,68.70,32.30,33.00,98.60,27.10,3.14,486.43,64.80,91.40,93.70,98.87,30.23,6.57
2026-04-22 12:29:00,2026-04-22 12:29:59,Q10,484.80,60.20,28.10,29.00,97.90,30.80,3.29,489.50,64.10,30.70,31.30,99.90,33.60,0.37,486.20,73.60,34.30,35.50,98.60,26.40,3.17,486.83,65.97,93.10,95.80,98.80,30.27,6.83
2026-04-22 12:30:00,2026-04-22 12:30:59,Q10,486.60,55.70,25.20,26.70,97.80,33.70,3.09,487.70,90.60,41.70,43.80,97.00,23.90,5.91,485.50,76.90,28.80,36.90,80.10,23.60,12.31,486.60,74.40,95.70,107.40,91.63,27.07,21.31
2026-04-22 12:31:00,2026-04-22 12:31:59,Q10,484.60,59.20,27.40,28.60,98.10,29.50,3.11,489.90,69.30,32.70,33.70,99.90,32.30,0.26,485.50,69.00,32.30,33.50,98.60,26.30,3.17,486.67,65.83,92.40,95.80,98.87,29.37,6.54
2026-04-22 12:32:00,2026-04-22 12:32:59,Q10,486.50,57.80,26.50,27.70,98.20,31.10,2.91,488.50,64.30,30.70,31.20,99.90,33.30,0.23,485.40,69.40,32.30,33.50,98.50,27.40,3.14,486.80,63.83,89.50,92.40,98.87,30.60,6.29
2026-04-22 12:33:00,2026-04-22 12:33:59,Q10,485.60,60.90,28.10,29.10,97.70,30.30,3.43,489.10,84.20,39.80,41.10,97.80,24.90,4.74,484.50,70.80,29.00,33.90,88.10,25.30,9.43,486.40,71.97,96.90,104.10,94.53,26.83,17.60
2026-04-22 12:34:00,2026-04-22 12:34:59,Q10,485.40,59.20,27.20,28.60,97.80,32.60,3.11,489.50,83.50,38.80,40.60,97.50,24.40,5.14,485.20,70.20,27.70,34.00,84.10,24.40,10.71,486.70,70.97,93.70,103.20,93.13,27.13,18.97
2026-04-22 12:35:00,2026-04-22 12:35:59,Q10,486.50,56.90,26.50,27.20,98.50,30.80,2.54,487.90,66.50,31.70,32.10,99.40,30.40,1.83,486.20,64.40,29.80,31.10,96.00,26.80,4.91,486.87,62.60,88.00,90.40,97.97,29.33,9.29
2026-04-22 12:36:00,2026-04-22 12:36:59,Q10,485.40,58.60,27.40,28.10,98.10,30.70,3.03,488.30,73.20,34.30,35.60,98.90,29.90,2.74,487.20,66.00,30.10,32.10,94.90,27.40,5.71,486.97,65.93,91.80,95.80,97.30,29.33,11.49
2026-04-22 12:37:00,2026-04-22 12:37:59,Q10,486.20,60.60,28.40,29.20,98.00,32.00,3.11,488.40,81.90,37.80,39.50,97.60,25.80,4.94,485.20,69.90,28.40,33.50,86.70,24.80,9.74,486.60,70.80,94.60,102.20,94.10,27.53,17.80
2026-04-22 12:38:00,2026-04-22 12:38:59,Q10,486.30,55.60,25.50,26.70,98.50,31.40,2.51,489.10,60.80,28.70,29.30,99.90,32.10,0.03,484.70,65.50,30.40,31.50,98.90,26.10,2.54,486.70,60.63,84.60,87.50,99.10,29.87,5.09
2026-04-22 12:39:00,2026-04-22 12:39:59,Q10,486.00,53.50,24.50,25.80,98.60,31.40,2.37,488.00,59.70,27.70,28.80,99.90,31.70,-0.23,486.20,61.10,28.70,29.60,99.20,26.60,2.03,486.73,58.10,80.90,84.20,99.23,29.90,4.17
2026-04-22 12:40:00,2026-04-22 12:40:59,Q10,484.80,60.10,28.40,29.00,98.00,27.90,3.20,489.70,69.60,32.70,33.70,99.20,27.90,2.34,485.80,68.10,30.40,33.00,95.80,26.10,5.31,486.77,65.93,91.50,95.70,97.67,27.30,10.86
2026-04-22 12:41:00,2026-04-22 12:41:59,Q10,486.30,55.70,25.50,26.70,98.30,31.50,2.74,487.60,83.70,38.80,40.40,97.30,23.40,5.26,486.30,72.30,28.60,35.00,84.10,23.80,10.46,486.73,70.57,92.90,102.10,93.23,26.23,18.46
2026-04-22 12:42:00,2026-04-22 12:42:59,Q10,486.60,56.70,26.50,27.20,98.60,30.20,2.51,489.70,62.50,29.70,30.30,99.90,31.40,0.00,485.20,67.00,31.40,32.50,98.60,27.20,2.91,487.17,62.07,87.60,90.00,99.03,29.60,5.43
2026-04-22 12:43:00,2026-04-22 12:43:59,Q10,486.00,58.90,27.40,28.20,98.10,30.00,3.06,488.50,66.40,31.70,32.20,99.90,32.90,0.20,486.60,69.10,32.30,33.50,98.60,27.20,3.14,487.03,64.80,91.40,93.90,98.87,30.03,6.40
2026-04-22 12:44:00,2026-04-22 12:44:59,Q10,485.40,55.80,25.50,26.70,98.20,30.10,2.86,488.60,63.50,29.70,30.70,99.90,32.10,0.31,486.70,67.80,31.40,32.60,98.60,27.30,3.03,486.90,62.37,86.60,90.00,98.90,29.83,6.20
2026-04-22 12:45:00,2026-04-22 12:45:59,Q10,484.90,59.60,27.40,28.60,98.30,29.20,2.80,490.10,65.70,30.70,31.90,99.90,32.00,0.20,485.20,66.20,31.40,32.00,98.60,25.40,3.00,486.73,63.83,89.50,92.50,98.93,28.87,6.00
2026-04-22 12:46:00,2026-04-22 12:46:59,Q10,486.50,57.90,26.50,27.70,98.50,29.60,2.66,488.40,63.70,29.70,30.70,99.90,32.00,0.34,485.70,64.90,30.40,31.00,98.70,26.60,2.83,486.87,62.17,86.60,89.40,99.03,29.40,5.83
2026-04-22 12:47:00,2026-04-22 12:47:59,Q10,486.00,55.60,25.50,26.70,98.70,30.80,2.40,489.40,61.90,28.70,29.80,99.90,30.90,0.20,485.10,63.00,29.40,30.60,98.70,27.20,2.71,486.83,60.17,83.60,87.10,99.10,29.63,5.31
2026-04-22 12:48:00,2026-04-22 12:48:59,Q10,484.80,56.30,26.50,27.10,98.50,28.80,2.60,489.80,62.10,29.70,30.30,99.90,31.30,0.29,485.70,64.10,30.40,31.00,98.60,27.10,2.97,486.77,60.83,86.60,88.40,99.00,29.07,5.86
2026-04-22 12:49:00,2026-04-22 12:49:59,Q10,486.40,58.80,27.40,28.20,98.70,28.60,2.46,489.60,70.10,33.70,34.20,99.30,28.30,2.23,484.90,65.00,29.50,31.50,95.10,27.60,5.46,486.97,64.63,90.60,93.90,97.70,28.17,10.14
2026-04-22 12:50:00,2026-04-22 12:50:59,Q10,486.80,57.90,26.50,27.70,98.70,29.30,2.46,488.60,75.70,35.30,36.60,98.30,26.70,3.83,485.10,65.70,27.90,31.50,90.70,25.10,7.54,486.83,66.43,89.70,95.80,95.90,27.03,13.83
2026-04-22 12:51:00,2026-04-22 12:51:59,Q10,485.80,58.70,27.40,28.10,98.90,28.80,2.37,488.50,67.00,31.70,32.70,99.80,30.00,1.11,486.50,67.90,31.40,32.60,98.10,27.20,3.46,486.93,64.53,90.50,93.40,98.93,28.67,6.94
2026-04-22 12:52:00,2026-04-22 12:52:59,Q10,484.60,61.50,28.40,29.50,98.10,28.70,3.14,489.70,71.50,33.70,34.70,99.30,28.70,2.26,486.20,70.30,32.30,34.00,95.80,26.10,5.46,486.83,67.77,94.40,98.20,97.73,27.83,10.86
2026-04-22 12:53:00,2026-04-22 12:53:59,Q10,486.10,59.10,27.40,28.70,98.30,30.20,2.89,489.70,74.20,35.30,36.20,98.90,28.20,2.89,484.90,68.10,29.80,32.90,93.70,27.20,6.49,486.90,67.13,92.50,97.80,96.97,28.53,12.26
2026-04-22 12:54:00,2026-04-22 12:54:59,Q10,485.60,60.50,28.40,29.10,98.50,29.40,2.74,489.30,72.80,34.30,35.20,98.90,27.70,2.91,485.50,65.40,29.10,31.50,94.10,26.60,6.20,486.80,66.23,91.80,95.80,97.17,27.90,11.86
2026-04-22 12:55:00,2026-04-22 12:55:59,Q10,486.80,61.80,28.40,29.60,98.60,29.80,2.74,489.30,66.90,31.70,32.30,99.90,29.90,0.80,484.70,69.20,32.30,33.40,98.40,26.50,3.29,486.93,65.97,92.40,95.30,98.97,28.73,6.83
2026-04-22 12:56:00,2026-04-22 12:56:59,Q10,486.90,55.30,25.50,26.70,98.60,29.20,2.46,488.90,67.60,31.70,32.70,99.70,28.80,1.14,484.90,64.00,29.10,31.00,97.30,26.60,4.03,486.90,62.30,86.30,90.40,98.53,28.20,7.63
2026-04-22 12:57:00,2026-04-22 12:57:59,Q10,485.90,58.10,27.40,28.10,98.40,29.90,2.71,489.90,75.40,35.30,36.70,98.60,27.00,3.37,485.60,69.30,30.40,33.50,92.00,26.30,7.14,487.13,67.60,93.10,98.30,96.33,27.73,13.23
2026-04-22 12:58:00,2026-04-22 12:58:59,Q10,485.60,53.90,24.20,25.70,97.90,32.50,3.00,488.30,95.70,44.20,46.40,96.70,22.10,6.49,487.30,78.20,28.50,38.00,77.00,23.00,13.46,487.07,75.93,96.90,110.10,90.53,25.87,22.94
2026-04-22 12:59:00,2026-04-22 12:59:59,Q10,483.80,61.40,28.40,29.50,98.20,28.90,3.17,485.40,68.30,31.70,33.00,99.90,30.80,0.54,483.10,73.70,34.30,35.30,98.70,26.50,3.11,484.10,67.80,94.40,97.80,98.93,28.73,6.83
2026-04-22 13:00:00,2026-04-22 13:00:59,Q10,483.60,58.70,27.40,28.00,98.40,29.00,2.80,485.10,62.70,29.70,30.10,99.90,30.00,0.51,483.70,69.20,32.30,33.30,98.60,25.80,3.00,484.13,63.53,89.40,91.40,98.97,28.27,6.31
2026-04-22 13:01:00,2026-04-22 13:01:59,Q10,483.80,59.60,27.40,28.50,98.50,28.50,2.69,486.70,64.10,30.70,31.10,99.90,30.70,0.23,482.30,69.30,32.30,33.30,98.60,26.60,3.03,484.27,64.33,90.40,92.90,99.00,28.60,5.94
2026-04-22 13:02:00,2026-04-22 13:02:59,Q10,484.10,61.00,28.40,29.50,98.50,28.90,2.86,486.60,68.80,32.70,33.00,99.90,30.50,0.40,482.40,68.20,31.40,32.80,98.60,24.90,3.11,484.37,66.00,92.50,95.30,99.00,28.10,6.37
2026-04-22 13:03:00,2026-04-22 13:03:59,Q10,482.50,66.10,30.40,31.80,98.00,29.10,3.43,486.50,89.80,41.70,43.30,97.10,22.70,5.91,482.70,76.60,30.60,36.60,85.80,23.60,10.83,483.90,77.50,102.70,111.70,93.63,25.13,20.17
2026-04-22 13:04:00,2026-04-22 13:04:59,Q10,483.50,67.60,31.40,32.40,98.10,27.70,3.60,486.20,81.50,38.20,39.40,98.30,25.50,4.23,482.80,77.70,34.40,37.10,93.30,25.60,7.49,484.17,75.60,104.00,108.90,96.57,26.27,15.31
2026-04-22 13:05:00,2026-04-22 13:05:59,Q10,481.80,63.20,29.40,30.30,98.00,28.50,3.37,486.60,80.10,37.20,38.90,98.20,25.90,4.06,482.50,72.30,31.30,34.70,92.30,25.00,7.63,483.63,71.87,97.90,103.90,96.17,26.47,15.06
2026-04-22 13:06:00,2026-04-22 13:06:59,Q10,482.50,63.90,29.40,30.40,98.50,27.70,2.97,487.20,68.70,32.70,33.10,99.80,28.60,1.06,482.30,75.20,35.30,36.20,98.30,24.80,3.60,484.00,69.27,97.40,99.70,98.87,27.03,7.63
2026-04-22 13:07:00,2026-04-22 13:07:59,Q10,481.10,65.40,30.40,31.30,98.30,27.00,3.20,484.60,72.90,33.70,34.80,99.90,30.00,0.69,482.30,73.50,34.30,35.20,98.70,25.50,3.20,482.67,70.60,98.40,101.30,98.97,27.50,7.09
2026-04-22 13:08:00,2026-04-22 13:08:59,Q10,481.70,61.40,28.40,29.30,98.30,28.70,3.03,485.60,69.70,32.70,33.50,99.90,29.40,0.54,481.00,69.10,32.30,33.20,98.60,25.40,3.20,482.77,66.73,93.40,96.00,98.93,27.83,6.77
2026-04-22 13:09:00,2026-04-22 13:09:59,Q10,482.90,64.10,29.40,30.80,98.30,27.70,3.09,484.30,67.20,31.70,32.40,99.90,30.00,0.80,482.20,70.60,32.30,33.70,98.50,25.80,3.31,483.13,67.30,93.40,96.90,98.90,27.83,7.20
2026-04-22 13:10:00,2026-04-22 13:10:59,Q10,482.80,65.70,30.40,31.30,98.40,25.50,3.20,485.50,71.70,33.70,34.40,99.90,27.50,0.77,480.90,75.50,35.30,36.00,98.80,24.00,3.06,483.07,70.97,99.40,101.70,99.03,25.67,7.03
2026-04-22 13:11:00,2026-04-22 13:11:59,Q10,482.20,65.30,30.40,31.30,98.10,27.00,3.49,486.10,74.30,34.70,36.00,99.80,28.40,0.97,481.00,77.10,36.30,37.00,98.70,24.30,3.31,483.10,72.23,101.40,104.30,98.87,26.57,7.77
2026-04-22 13:12:00,2026-04-22 13:12:59,Q10,482.40,63.60,29.40,30.40,98.30,27.70,3.14,484.00,68.60,31.70,32.90,99.90,30.30,0.80,482.40,74.20,34.30,35.70,98.60,26.10,3.26,482.93,68.80,95.40,99.00,98.93,28.03,7.20
2026-04-22 13:13:00,2026-04-22 13:13:59,Q10,481.40,68.90,31.40,32.70,98.10,27.10,3.51,484.90,76.00,35.60,36.80,99.80,29.60,1.09,482.90,77.70,36.30,37.10,98.40,24.60,3.74,483.07,74.20,103.30,106.60,98.77,27.10,8.34
2026-04-22 13:14:00,2026-04-22 13:14:59,Q10,482.60,61.80,27.50,29.40,95.30,33.30,4.94,484.10,111.70,50.90,53.70,96.30,18.80,8.54,481.70,106.90,35.00,51.00,70.40,19.50,20.00,482.80,93.47,113.40,134.10,87.33,23.87,33.49
2026-04-22 13:15:00,2026-04-22 13:15:59,Q10,481.30,67.10,29.80,32.20,93.50,27.10,6.46,483.80,109.30,49.40,52.60,95.50,20.30,8.94,483.20,92.50,33.00,44.40,75.20,18.90,17.69,482.77,89.63,112.20,129.20,88.07,22.10,33.09
2026-04-22 13:16:00,2026-04-22 13:16:59,Q10,481.20,64.30,29.40,30.80,98.20,28.90,3.26,486.20,70.80,33.70,34.00,99.90,29.20,0.80,482.20,73.50,34.30,35.20,98.40,26.00,3.51,483.20,69.53,97.40,100.00,98.83,28.03,7.57
2026-04-22 13:17:00,2026-04-22 13:17:59,Q10,481.90,65.80,30.40,31.30,98.20,29.10,3.20,484.50,67.40,31.70,32.40,99.80,30.40,0.83,482.90,75.20,35.30,36.20,98.70,25.40,3.09,483.10,69.47,97.40,99.90,98.90,28.30,7.11
2026-04-22 13:18:00,2026-04-22 13:18:59,Q10,481.40,63.40,29.40,30.30,98.40,28.00,3.11,484.70,71.20,33.70,34.40,99.80,28.40,0.91,482.70,76.50,35.30,36.60,98.60,24.50,3.34,482.93,70.37,98.40,101.30,98.93,26.97,7.37
2026-04-22 13:19:00,2026-04-22 13:19:59,Q10,481.80,66.80,30.40,31.70,98.00,27.30,3.57,485.90,81.80,38.20,39.30,98.70,24.90,3.57,481.60,72.90,32.00,34.60,94.10,24.10,6.97,483.10,73.83,100.60,105.60,96.93,25.43,14.11
2026-04-22 13:20:00,2026-04-22 13:20:59,Q10,481.20,69.50,32.30,33.20,98.10,27.00,3.51,484.90,82.50,38.20,39.70,98.40,25.30,3.94,482.00,77.90,34.80,37.10,94.00,24.60,7.03,482.70,76.63,105.30,110.00,96.83,25.63,14.49
2026-04-22 13:21:00,2026-04-22 13:21:59,Q10,482.50,64.60,29.40,30.80,98.40,26.90,3.09,484.30,69.10,32.70,33.40,99.90,28.20,0.69,481.50,70.50,32.30,33.70,98.70,24.70,3.09,482.77,68.07,94.40,97.90,99.00,26.60,6.86
2026-04-22 13:22:00,2026-04-22 13:22:59,Q10,480.70,64.60,29.40,30.70,98.20,26.90,3.37,484.90,71.20,33.70,34.40,99.80,28.60,0.97,482.70,72.80,33.30,34.70,98.60,25.50,3.26,482.77,69.53,96.40,99.80,98.87,27.00,7.60
2026-04-22 13:23:00,2026-04-22 13:23:59,Q10,482.40,68.70,31.40,32.80,98.20,27.40,3.49,484.80,76.20,35.60,36.80,99.40,27.60,2.11,480.60,75.20,34.90,36.00,97.40,25.10,4.66,482.60,73.37,101.90,105.60,98.33,26.70,10.26
2026-04-22 13:24:00,2026-04-22 13:24:59,Q10,481.20,67.10,31.40,32.20,98.20,26.40,3.49,486.00,74.00,34.70,36.00,99.90,27.80,0.86,481.00,74.20,34.30,35.60,98.80,24.10,3.11,482.73,71.77,100.40,103.80,98.97,26.10,7.46
2026-04-22 13:25:00,2026-04-22 13:25:59,Q10,482.40,69.90,32.30,33.30,98.20,25.60,3.49,483.90,74.10,34.70,35.70,99.70,27.80,1.46,481.90,76.30,35.30,36.60,98.60,24.50,3.43,482.73,73.43,102.30,105.60,98.83,25.97,8.37
2026-04-22 13:26:00,2026-04-22 13:26:59,Q10,481.50,66.70,30.40,31.70,98.20,26.10,3.40,483.80,73.50,34.70,35.30,99.80,28.00,0.97,482.40,74.40,34.30,35.70,98.70,24.80,3.31,482.57,71.53,99.40,102.70,98.90,26.30,7.69
2026-04-22 13:27:00,2026-04-22 13:27:59,Q10,481.60,64.80,29.40,30.80,98.60,27.40,2.77,484.10,68.00,31.70,32.90,99.90,28.60,0.74,482.30,70.30,32.30,33.70,98.80,25.30,2.89,482.67,67.70,93.40,97.40,99.10,27.10,6.40
2026-04-22 13:28:00,2026-04-22 13:28:59,Q10,481.80,65.60,30.40,31.30,98.50,27.40,3.00,485.40,71.50,33.70,34.40,99.90,28.80,0.63,482.00,75.40,35.30,36.20,98.90,25.20,2.97,483.07,70.83,99.40,101.90,99.10,27.13,6.60
2026-04-22 13:29:00,2026-04-22 13:29:59,Q10,482.00,63.50,29.40,30.40,98.40,27.40,2.94,485.30,68.80,31.70,33.00,99.90,29.60,0.71,482.40,69.30,32.30,33.30,98.70,25.40,3.11,483.23,67.20,93.40,96.70,99.00,27.47,6.77
2026-04-22 13:30:00,2026-04-22 13:30:59,Q10,481.90,58.90,26.50,27.90,98.50,26.90,2.77,484.20,65.00,30.70,31.50,99.90,29.60,0.40,482.50,70.10,32.30,33.70,98.80,25.60,2.86,482.87,64.67,89.50,93.10,99.07,27.37,6.03
2026-04-22 13:31:00,2026-04-22 13:31:59,Q10,481.20,64.80,29.40,30.80,98.10,27.00,3.37,485.40,72.80,33.70,34.90,99.90,29.70,0.80,482.70,77.40,36.30,37.10,98.70,25.70,3.23,483.10,71.67,99.40,102.80,98.90,27.47,7.40
2026-04-22 13:32:00,2026-04-22 13:32:59,Q10,482.50,70.80,32.30,33.70,98.00,28.00,3.80,484.90,87.30,41.20,42.10,98.70,26.10,3.66,481.20,77.60,35.20,37.00,95.00,26.40,6.71,482.87,78.57,108.70,112.80,97.23,26.83,14.17
2026-04-22 13:33:00,2026-04-22 13:33:59,Q10,482.00,66.80,30.40,31.80,98.30,27.90,3.31,485.50,89.10,42.10,43.20,98.10,23.70,4.54,481.10,75.90,32.80,36.10,91.40,24.40,8.43,482.87,77.27,105.30,111.10,95.93,25.33,16.29
2026-04-22 13:34:00,2026-04-22 13:34:59,Q10,482.60,62.60,28.40,29.90,98.40,26.30,3.00,485.20,70.80,32.70,34.00,99.90,28.40,0.29,480.70,72.40,33.30,34.60,98.80,23.40,3.06,482.83,68.60,94.40,98.50,99.03,26.03,6.34
2026-04-22 13:35:00,2026-04-22 13:35:59,Q10,482.40,57.00,26.50,27.50,98.70,28.90,2.37,485.40,62.60,29.70,30.10,99.90,29.80,0.23,480.70,64.00,29.40,30.70,98.60,27.00,2.86,482.83,61.20,85.60,88.30,99.07,28.57,5.46
2026-04-22 13:36:00,2026-04-22 13:36:59,Q10,481.80,60.80,27.40,28.90,98.40,27.80,2.83,483.60,65.20,30.70,31.40,99.90,29.60,0.69,482.50,67.90,31.40,32.30,98.80,26.20,2.74,482.63,64.63,89.50,92.60,99.03,27.87,6.26
2026-04-22 13:37:00,2026-04-22 13:37:59,Q10,481.80,64.80,29.10,30.80,97.60,29.40,3.83,484.30,102.80,47.00,49.40,96.40,20.80,7.46,482.00,86.20,32.40,41.50,79.50,22.00,14.20,482.70,84.60,108.50,121.70,91.17,24.07,25.49
2026-04-22 13:38:00,2026-04-22 13:38:59,Q10,481.00,67.50,31.00,32.20,97.80,28.20,3.69,485.00,97.60,45.10,47.00,96.70,21.10,6.91,482.00,81.80,32.00,39.00,82.70,22.70,12.69,482.67,82.30,108.10,118.20,92.40,24.00,23.29
2026-04-22 13:39:00,2026-04-22 13:39:59,Q10,480.70,63.50,29.40,30.20,98.20,23.60,3.29,484.30,68.90,31.70,32.90,99.80,24.60,1.00,481.30,74.00,34.30,35.60,98.40,21.90,3.57,482.10,68.80,95.40,98.70,98.80,23.37,7.86
2026-04-22 13:40:00,2026-04-22 13:40:59,Q10,480.20,58.90,26.50,27.80,98.40,22.80,2.94,483.80,65.20,30.70,31.40,99.80,24.70,1.00,481.00,68.20,31.40,32.70,98.40,21.70,3.31,481.67,64.10,88.60,91.90,98.87,23.07,7.26
2026-04-22 13:41:00,2026-04-22 13:41:59,Q10,483.30,60.20,27.40,29.00,98.30,23.80,3.00,484.10,65.30,30.70,31.50,99.80,25.20,1.00,480.70,68.90,31.40,32.60,98.20,21.00,3.51,482.70,64.80,89.50,93.10,98.77,23.33,7.51
2026-04-22 13:42:00,2026-04-22 13:42:59,Q10,481.00,68.10,31.40,32.70,98.00,22.90,3.66,484.70,71.70,33.70,34.40,99.60,25.00,1.54,481.90,75.70,35.30,36.10,98.20,22.30,3.86,482.53,71.83,100.40,103.20,98.60,23.40,9.06
2026-04-22 13:43:00,2026-04-22 13:43:59,Q10,482.30,66.00,30.40,31.80,98.10,23.30,3.57,484.50,76.70,35.60,36.80,99.70,25.40,1.40,479.80,80.70,37.20,38.30,98.10,22.10,4.09,482.20,74.47,103.20,106.90,98.63,23.60,9.06
2026-04-22 13:44:00,2026-04-22 13:44:59,Q10,482.40,66.50,30.40,31.80,98.20,22.70,3.40,483.80,70.30,32.70,33.80,99.70,25.00,1.46,481.50,74.30,34.30,35.60,98.20,22.20,3.86,482.57,70.37,97.40,101.20,98.70,23.30,8.71
2026-04-22 13:45:00,2026-04-22 13:45:59,Q10,481.90,61.10,28.40,29.30,98.30,24.10,3.03,483.80,66.60,30.70,31.90,99.80,24.90,0.97,481.90,68.10,31.40,32.70,98.30,22.90,3.46,482.53,65.27,90.50,93.90,98.80,23.97,7.46
2026-04-22 13:46:00,2026-04-22 13:46:59,Q10,480.80,53.70,24.50,25.40,98.70,25.40,2.31,485.00,59.90,27.70,28.60,99.90,27.30,0.49,481.90,63.40,29.40,30.30,98.50,24.30,2.94,482.57,59.00,81.60,84.30,99.03,25.67,5.74
2026-04-22 13:47:00,2026-04-22 13:47:59,Q10,480.90,54.80,24.50,25.90,98.60,25.20,2.40,485.60,61.20,28.70,29.60,99.90,27.20,0.40,481.20,62.30,28.40,29.80,98.40,24.40,3.06,482.57,59.43,81.60,85.30,98.97,25.60,5.86
2026-04-22 13:48:00,2026-04-22 13:48:59,Q10,482.80,60.30,27.40,28.90,98.50,24.50,2.71,484.00,67.40,31.70,32.40,99.90,25.60,0.77,480.60,64.50,29.40,30.70,98.10,23.30,3.51,482.47,64.07,88.50,92.00,98.83,24.47,7.00
2026-04-22 13:49:00,2026-04-22 13:49:59,Q10,482.20,67.10,31.40,32.30,98.30,22.60,3.26,483.40,74.40,34.70,35.70,99.70,24.70,1.29,481.00,72.90,33.30,34.60,98.00,22.50,4.00,482.20,71.47,99.40,102.60,98.67,23.27,8.54
2026-04-22 13:50:00,2026-04-22 13:50:59,Q10,481.50,58.40,26.50,27.90,98.60,23.70,2.63,485.50,64.50,30.70,31.00,99.90,24.70,0.69,481.60,64.40,29.40,30.80,98.40,22.00,3.17,482.87,62.43,86.60,89.70,98.97,23.47,6.49
2026-04-22 13:51:00,2026-04-22 13:51:59,Q10,483.10,62.60,28.40,29.90,98.50,21.90,2.89,483.80,70.10,32.70,33.80,99.80,24.90,0.97,480.60,68.80,31.40,32.60,98.00,21.40,3.80,482.50,67.17,92.50,96.30,98.77,22.73,7.66
2026-04-22 13:52:00,2026-04-22 13:52:59,Q10,482.60,62.20,28.40,29.90,98.20,21.50,3.20,483.40,72.60,33.70,34.80,99.80,24.30,1.14,481.80,72.80,33.00,34.60,97.80,20.70,4.14,482.60,69.20,95.10,99.30,98.60,22.17,8.49
2026-04-22 13:53:00,2026-04-22 13:53:59,Q10,481.50,58.00,26.50,27.90,98.40,23.50,2.86,483.90,63.30,29.70,30.40,99.80,25.20,0.86,482.20,67.50,31.40,32.30,98.50,21.60,3.17,482.53,62.93,87.60,90.60,98.90,23.43,6.89
2026-04-22 13:54:00,2026-04-22 13:54:59,Q10,482.60,59.40,27.40,28.40,98.60,25.40,2.60,483.80,64.10,29.70,30.90,99.80,25.30,0.80,481.00,65.20,30.40,31.30,98.40,23.00,3.20,482.47,62.90,87.50,90.60,98.93,24.57,6.60
2026-04-22 13:55:00,2026-04-22 13:55:59,Q10,482.80,54.00,25.50,26.00,98.70,23.90,2.31,484.90,61.30,28.70,29.50,99.90,25.10,0.54,481.30,60.70,27.40,28.90,98.50,23.00,2.91,483.00,58.67,81.60,84.40,99.03,24.00,5.77
2026-04-22 13:56:00,2026-04-22 13:56:59,Q10,482.70,63.40,29.40,30.40,98.30,22.10,3.23,484.20,70.60,32.70,33.90,99.80,23.80,1.14,480.60,76.00,35.30,36.50,98.20,21.00,3.83,482.50,70.00,97.40,100.80,98.77,22.30,8.20
2026-04-22 13:57:00,2026-04-22 13:57:59,Q10,481.50,72.10,33.30,34.60,98.00,22.40,3.97,485.60,80.10,37.60,38.80,99.60,23.70,1.77,479.80,84.80,39.20,40.20,98.20,20.70,4.31,482.30,79.00,110.10,113.60,98.60,22.27,10.06
2026-04-22 13:58:00,2026-04-22 13:58:59,Q10,481.80,65.80,30.40,31.30,98.20,22.10,3.31,484.30,67.90,31.70,32.40,99.70,23.90,1.29,482.40,71.30,33.30,34.20,98.30,22.30,3.54,482.83,68.33,95.40,97.90,98.73,22.77,8.14
2026-04-22 13:59:00,2026-04-22 13:59:59,Q10,481.60,58.70,26.50,27.90,98.40,23.60,2.80,484.00,63.60,29.70,30.50,99.80,25.30,0.89,482.20,64.00,29.40,30.80,98.40,22.70,3.23,482.60,62.10,85.60,89.20,98.87,23.87,6.91
2026-04-22 14:00:00,2026-04-22 14:00:59,Q10,482.00,60.60,27.40,28.90,98.50,22.50,2.86,485.20,66.20,31.70,32.00,99.90,24.90,0.83,480.00,67.70,31.40,32.20,98.10,21.60,3.69,482.40,64.83,90.50,93.10,98.83,23.00,7.37
2026-04-22 14:01:00,2026-04-22 14:01:59,Q10,481.90,67.70,31.00,32.20,97.90,22.40,3.77,485.10,77.00,36.60,37.30,99.70,23.20,1.54,480.00,76.10,34.90,36.50,97.90,21.70,4.34,482.33,73.60,102.50,106.00,98.50,22.43,9.66
2026-04-22 14:02:00,2026-04-22 14:02:59,Q10,481.60,67.80,31.40,32.20,98.10,21.70,3.57,483.90,74.80,34.70,35.70,99.70,23.80,1.46,480.80,77.10,35.30,37.00,98.00,20.90,4.17,482.10,73.23,101.40,104.90,98.60,22.13,9.20
2026-04-22 14:03:00,2026-04-22 14:03:59,Q10,482.20,63.50,29.40,30.40,98.30,22.40,3.20,484.10,71.80,33.70,34.40,99.80,23.60,1.03,482.00,72.00,33.30,34.70,98.20,20.60,3.77,482.77,69.10,96.40,99.50,98.77,22.20,8.00
2026-04-22 14:04:00,2026-04-22 14:04:59,Q10,481.10,64.80,29.40,30.80,98.10,22.40,3.46,485.10,72.90,33.70,34.90,99.70,23.80,1.26,480.40,75.60,35.30,36.00,98.20,21.40,3.80,482.20,71.10,98.40,101.70,98.67,22.53,8.51
2026-04-22 14:05:00,2026-04-22 14:05:59,Q10,482.00,65.90,30.40,31.30,98.10,23.10,3.51,483.90,72.60,33.70,34.80,99.70,24.30,1.29,479.80,74.70,34.30,35.40,98.10,21.70,3.94,481.90,71.07,98.40,101.50,98.63,23.03,8.74
2026-04-22 14:06:00,2026-04-22 14:06:59,Q10,481.70,60.60,27.40,28.90,98.30,22.70,3.03,484.90,69.40,32.70,33.40,99.80,25.70,1.14,479.90,69.40,32.30,33.10,98.00,22.70,3.74,482.17,66.47,92.40,95.40,98.70,23.70,7.91
2026-04-22 14:08:00,2026-04-22 14:08:59,Q10,481.60,59.80,27.40,28.40,98.50,24.30,2.80,484.50,65.10,30.70,31.50,99.80,25.40,0.97,479.50,67.70,31.40,32.10,98.20,22.50,3.49,481.87,64.20,89.50,92.00,98.83,24.07,7.26
2026-04-22 14:09:00,2026-04-22 14:09:59,Q10,480.70,63.10,29.40,30.20,98.40,22.70,3.00,484.10,66.90,30.70,31.90,99.70,23.90,1.20,481.30,68.80,31.40,32.70,98.30,21.60,3.43,482.03,66.27,91.50,94.80,98.80,22.73,7.63
2026-04-22 14:10:00,2026-04-22 14:10:59,Q10,481.10,56.10,25.50,26.90,98.80,24.40,2.26,484.60,61.40,28.70,29.50,99.90,25.50,0.63,482.00,61.00,28.40,29.40,98.70,23.20,2.71,482.57,59.50,82.60,85.80,99.13,24.37,5.60
2026-04-22 14:11:00,2026-04-22 14:11:59,Q10,482.20,67.60,31.40,32.30,98.30,21.20,3.40,483.20,72.50,33.70,34.80,99.60,22.10,1.63,480.30,75.10,35.30,36.00,98.30,20.60,3.66,481.90,71.73,100.40,103.10,98.73,21.30,8.69
2026-04-22 14:12:00,2026-04-22 14:12:59,Q10,480.70,80.40,36.90,38.40,97.60,21.80,4.83,483.00,94.00,44.10,45.40,98.60,21.80,4.14,481.30,85.70,38.00,40.90,95.90,20.00,6.91,481.67,86.70,119.00,124.70,97.37,21.20,15.89
2026-04-22 14:13:00,2026-04-22 14:13:59,Q10,480.30,71.80,33.00,34.10,97.80,20.80,4.11,483.70,76.60,35.60,36.70,99.50,21.50,1.91,481.10,83.20,38.20,39.90,98.20,19.50,4.09,481.70,77.20,106.80,110.70,98.50,20.60,10.11
2026-04-22 14:14:00,2026-04-22 14:14:59,Q10,480.10,67.20,31.40,32.20,98.00,22.20,3.57,483.80,73.20,34.70,35.30,99.70,23.20,1.46,480.70,74.30,34.30,35.50,98.30,21.00,3.77,481.53,71.57,100.40,103.00,98.67,22.13,8.80
2026-04-22 14:15:00,2026-04-22 14:15:59,Q10,480.20,66.50,30.40,31.70,98.30,22.10,3.26,484.00,68.50,31.70,32.90,99.70,23.40,1.26,480.60,71.90,33.30,34.10,98.50,21.10,3.37,481.60,68.97,95.40,98.70,98.83,22.20,7.89
2026-04-22 14:16:00,2026-04-22 14:16:59,Q10,481.50,68.20,31.40,32.70,98.30,22.20,3.29,482.50,73.30,34.70,35.20,99.60,23.00,1.54,480.40,73.00,34.30,35.00,98.30,21.80,3.63,481.47,71.50,100.40,102.90,98.73,22.33,8.46
2026-04-22 14:17:00,2026-04-22 14:17:59,Q10,481.10,75.60,34.90,36.10,97.90,21.30,4.29,482.60,82.60,38.60,39.50,99.40,22.90,2.46,480.20,84.30,39.20,40.30,98.00,20.20,4.60,481.30,80.83,112.70,115.90,98.43,21.47,11.34
2026-04-22 14:18:00,2026-04-22 14:18:59,Q10,481.50,69.80,32.30,33.20,98.00,22.60,3.66,482.80,73.60,34.70,35.20,99.70,23.20,1.51,480.30,77.30,35.30,37.00,98.20,20.80,3.97,481.53,73.57,102.30,105.40,98.63,22.20,9.14
2026-04-22 14:19:00,2026-04-22 14:19:59,Q10,481.70,67.60,31.40,32.20,98.20,22.20,3.43,482.90,70.20,32.70,33.70,99.60,23.30,1.57,480.00,75.00,35.30,36.00,98.20,21.00,3.86,481.53,70.93,99.40,101.90,98.67,22.17,8.86
2026-04-22 14:20:00,2026-04-22 14:20:59,Q10,482.00,60.70,27.40,28.90,98.60,26.50,2.80,484.30,68.00,31.70,32.90,99.90,28.10,0.77,480.10,72.20,33.30,34.60,98.50,24.70,3.23,482.13,66.97,92.40,96.40,99.00,26.43,6.80
2026-04-22 14:21:00,2026-04-22 14:21:59,Q10,482.60,59.10,27.40,28.40,98.50,27.00,2.74,483.10,63.30,29.70,30.40,99.80,28.20,0.86,480.60,71.00,33.30,34.10,98.80,25.90,2.80,482.10,64.47,90.40,92.90,99.03,27.03,6.40
2026-04-22 14:22:00,2026-04-22 14:22:59,Q10,480.50,67.00,31.40,32.20,98.60,26.30,3.00,485.20,69.70,32.70,33.50,99.90,27.90,0.77,480.70,73.20,34.70,35.00,99.00,23.50,2.80,482.13,69.97,98.80,100.70,99.17,25.90,6.57
2026-04-22 14:23:00,2026-04-22 14:23:59,Q10,480.80,64.30,29.40,30.70,98.40,25.80,3.03,483.80,69.80,32.70,33.30,99.90,28.20,0.57,482.00,71.90,33.30,34.20,98.90,23.60,2.80,482.20,68.67,95.40,98.20,99.07,25.87,6.40
2026-04-22 14:24:00,2026-04-22 14:24:59,Q10,482.70,65.40,30.40,31.30,98.50,26.60,2.94,484.10,65.80,30.70,31.50,99.80,27.60,0.94,480.50,69.00,32.30,33.10,98.70,23.40,2.94,482.43,66.73,93.40,95.90,99.00,25.87,6.83
2026-04-22 14:25:00,2026-04-22 14:25:59,Q10,482.30,64.70,29.40,30.80,98.30,28.10,3.09,483.80,67.30,31.70,32.40,99.90,28.70,0.74,480.20,70.80,32.30,33.60,98.80,25.00,2.97,482.10,67.60,93.40,96.80,99.00,27.27,6.80
2026-04-22 14:26:00,2026-04-22 14:26:59,Q10,482.80,55.70,25.50,26.50,98.80,28.90,2.29,484.70,60.30,28.70,29.00,99.90,29.20,0.34,480.60,61.40,28.40,29.30,98.90,25.90,2.40,482.70,59.13,82.60,84.80,99.20,28.00,5.03
2026-04-22 14:27:00,2026-04-22 14:27:59,Q10,481.60,54.50,24.50,26.00,98.80,29.60,2.17,484.20,60.50,28.70,29.00,99.90,31.10,0.17,481.30,62.20,28.70,29.80,99.00,27.20,2.31,482.37,59.07,81.90,84.80,99.23,29.30,4.66
2026-04-22 14:28:00,2026-04-22 14:28:59,Q10,482.20,61.10,28.40,29.40,98.50,28.00,2.71,483.10,62.40,28.70,29.90,99.90,28.30,0.54,480.70,66.40,30.70,31.70,99.00,25.70,2.57,482.00,63.30,87.80,91.00,99.13,27.33,5.83
2026-04-22 14:29:00,2026-04-22 14:29:59,Q10,482.30,64.60,29.40,30.80,98.40,27.10,3.06,484.40,68.40,31.70,32.90,99.90,29.40,0.57,480.30,72.80,33.30,34.60,98.60,25.60,3.29,482.33,68.60,94.40,98.30,98.97,27.37,6.91
2026-04-22 14:30:00,2026-04-22 14:30:59,Q10,480.90,56.10,25.50,26.90,98.70,28.60,2.34,484.70,58.60,27.70,28.10,99.90,30.20,0.26,480.50,64.00,29.70,30.70,99.10,26.00,2.23,482.03,59.57,82.90,85.70,99.23,28.27,4.83
2026-04-22 14:31:00,2026-04-22 14:31:59,Q10,482.50,57.50,26.50,27.50,98.70,28.30,2.49,483.20,62.40,28.70,29.90,99.90,29.40,0.40,480.20,63.30,29.70,30.20,99.00,25.90,2.46,481.97,61.07,84.90,87.60,99.20,27.87,5.34
2026-04-22 14:32:00,2026-04-22 14:32:59,Q10,480.00,66.60,30.40,31.70,98.10,26.00,3.51,484.70,71.60,33.70,34.40,99.80,27.60,1.00,480.60,78.90,36.30,37.40,98.60,24.10,3.43,481.77,72.37,100.40,103.50,98.83,25.90,7.94
2026-04-22 14:33:00,2026-04-22 14:33:59,Q10,481.30,60.90,27.40,28.90,98.50,26.80,2.86,484.50,65.10,30.70,31.50,99.90,27.60,0.71,479.60,68.80,31.40,32.60,98.70,25.60,2.94,481.80,64.93,89.50,93.00,99.03,26.67,6.51
2026-04-22 14:34:00,2026-04-22 14:34:59,Q10,480.80,57.80,26.50,27.40,98.80,26.20,2.40,484.10,62.80,29.70,30.00,99.90,28.50,0.40,480.50,63.50,29.70,30.20,99.00,25.40,2.37,481.80,61.37,85.90,87.60,99.23,26.70,5.17
2026-04-22 14:35:00,2026-04-22 14:35:59,Q10,480.60,57.30,26.50,27.40,98.50,26.90,2.63,483.30,63.30,29.70,30.40,99.90,28.20,0.46,481.20,66.20,30.70,31.70,99.00,25.20,2.46,481.70,62.27,86.90,89.50,99.13,26.77,5.54
2026-04-22 14:36:00,2026-04-22 14:36:59,Q10,481.10,61.20,28.40,29.30,98.60,26.90,2.80,484.80,66.20,30.70,31.90,99.90,27.90,0.66,480.30,70.70,32.30,33.60,98.90,25.00,2.74,482.07,66.03,91.40,94.80,99.13,26.60,6.20
2026-04-22 14:37:00,2026-04-22 14:37:59,Q10,482.70,58.00,26.50,28.00,98.90,25.70,2.40,483.40,63.40,29.70,30.40,99.90,28.10,0.69,481.30,69.10,32.70,33.20,99.00,25.20,2.49,482.47,63.50,88.90,91.60,99.27,26.33,5.57
2026-04-22 14:38:00,2026-04-22 14:38:59,Q10,481.40,62.20,28.40,29.80,98.50,25.60,2.86,484.60,65.80,30.70,31.50,99.80,28.10,0.97,482.30,67.30,31.40,32.30,98.80,24.60,2.80,482.77,65.10,90.50,93.60,99.03,26.10,6.63
2026-04-22 14:39:00,2026-04-22 14:39:59,Q10,481.50,60.00,27.40,28.90,98.80,27.00,2.49,485.10,62.90,29.70,30.10,99.90,29.20,0.57,482.50,66.20,30.70,31.80,99.00,25.00,2.51,483.03,63.03,87.80,90.80,99.23,27.07,5.57
2026-04-22 14:40:00,2026-04-22 14:40:59,Q10,483.10,57.00,26.50,27.50,98.50,29.40,2.60,485.50,59.10,27.70,28.60,99.90,29.50,0.26,480.90,63.30,29.70,30.20,99.10,26.00,2.29,483.17,59.80,83.90,86.30,99.17,28.30,5.14
2026-04-22 14:41:00,2026-04-22 14:41:59,Q10,483.10,57.80,26.50,27.50,98.90,28.80,2.26,484.10,61.80,28.70,29.50,99.90,30.40,0.31,481.30,64.00,29.40,30.80,98.90,26.90,2.46,482.83,61.20,84.60,87.80,99.23,28.70,5.03
2026-04-22 14:42:00,2026-04-22 14:42:59,Q10,480.70,249.30,110.70,119.50,93.10,38.00,25.17,483.90,254.90,117.10,122.70,96.90,39.10,16.77,481.00,267.00,121.60,128.40,95.40,33.50,22.34,481.87,257.07,349.40,370.60,95.13,36.87,64.29
2026-04-22 14:43:00,2026-04-22 14:43:59,Q10,481.30,190.20,85.50,91.40,94.20,37.00,16.94,482.70,223.50,100.60,107.50,94.80,31.70,19.14,482.40,209.90,89.00,100.70,89.00,34.90,25.40,482.13,207.87,275.10,299.60,92.67,34.53,61.49
2026-04-22 14:44:00,2026-04-22 14:44:59,Q10,480.80,192.40,86.50,92.20,94.20,38.70,17.06,483.60,219.00,99.80,105.80,95.00,32.30,18.77,481.30,208.40,89.00,100.00,89.30,35.60,25.17,481.90,206.60,275.30,298.00,92.83,35.53,61.00
2026-04-22 14:45:00,2026-04-22 14:45:59,Q10,479.90,199.80,89.30,95.30,94.40,37.30,17.20,484.00,212.50,96.90,102.60,95.40,33.90,17.26,480.50,211.20,92.90,101.30,92.20,35.20,21.46,481.47,207.83,279.10,299.20,94.00,35.47,55.91
2026-04-22 14:46:00,2026-04-22 14:46:59,Q10,481.10,194.40,87.40,93.30,94.40,38.80,17.17,483.70,217.80,98.80,104.80,95.40,34.30,17.46,480.00,210.70,91.00,100.80,91.60,37.10,22.26,481.60,207.63,277.20,298.90,93.80,36.73,56.89
2026-04-22 14:47:00,2026-04-22 14:47:59,Q10,478.00,243.30,97.40,116.20,84.90,30.40,35.06,484.10,180.40,76.60,87.10,88.00,43.20,21.91,477.90,224.40,102.80,106.80,97.40,33.60,13.57,480.00,216.03,276.80,310.10,90.10,35.73,70.54
2026-04-22 14:48:00,2026-04-22 14:48:59,Q10,479.60,194.40,86.50,92.90,94.20,40.10,17.49,483.80,215.30,97.80,103.80,95.20,35.30,17.74,480.40,208.50,90.10,99.80,91.70,37.10,22.06,481.27,206.07,274.40,296.50,93.70,37.50,57.29
2026-04-22 14:49:00,2026-04-22 14:49:59,Q10,480.50,197.60,88.40,94.60,94.50,39.10,17.00,481.70,216.00,96.80,103.90,94.90,34.80,18.46,481.80,207.30,90.10,99.60,91.30,37.70,22.31,481.33,206.97,275.30,298.10,93.57,37.20,57.77
2026-04-22 14:50:00,2026-04-22 14:50:59,Q10,479.50,196.90,87.40,93.90,94.40,39.60,16.86,483.20,223.50,100.60,107.70,94.90,33.40,18.77,480.50,206.50,87.20,98.90,89.90,36.40,24.34,481.07,208.97,275.20,300.50,93.07,36.47,59.97
2026-04-22 14:51:00,2026-04-22 14:51:59,Q10,480.80,199.70,89.30,95.50,94.60,39.70,16.74,481.50,221.80,99.60,106.30,94.80,34.70,18.91,481.70,207.00,89.10,99.60,90.60,36.00,23.40,481.33,209.50,278.00,301.40,93.33,36.80,59.06
2026-04-22 14:52:00,2026-04-22 14:52:59,Q10,479.50,248.60,100.30,118.80,85.20,29.70,35.69,482.70,177.00,72.20,85.30,85.50,43.00,23.89,477.80,223.40,102.80,106.40,97.80,34.60,12.17,480.00,216.33,275.30,310.50,89.50,35.77,71.74
2026-04-22 14:53:00,2026-04-22 14:53:59,Q10,482.00,195.50,87.40,94.00,94.70,40.00,16.40,482.30,223.20,100.60,107.50,94.70,33.50,19.31,481.90,207.20,88.10,99.60,89.70,36.50,24.34,482.07,208.63,276.10,301.10,93.03,36.67,60.06
2026-04-22 14:54:00,2026-04-22 14:54:59,Q10,479.30,248.60,100.30,118.80,85.00,29.10,35.74,483.00,176.00,73.10,85.00,86.00,44.20,23.37,478.30,221.30,101.80,105.60,97.80,34.70,12.31,480.20,215.30,275.20,309.40,89.60,36.00,71.43
2026-04-22 14:55:00,2026-04-22 14:55:59,Q10,480.60,194.80,84.60,93.10,91.20,35.90,21.54,483.10,224.30,100.40,108.20,93.20,36.90,21.91,482.00,216.40,90.50,104.10,87.20,34.60,28.37,481.90,211.83,275.50,305.40,90.53,35.80,71.83
2026-04-22 14:56:00,2026-04-22 14:56:59,Q10,482.10,195.70,87.40,94.00,94.70,38.10,16.49,483.50,222.20,101.70,107.20,95.00,32.60,18.57,480.40,206.60,88.20,98.90,90.30,36.50,23.63,482.00,208.17,277.30,300.10,93.33,35.73,58.69
2026-04-22 14:57:00,2026-04-22 14:57:59,Q10,480.50,232.10,94.30,111.40,85.90,31.40,32.46,482.80,180.60,76.50,86.80,89.90,42.80,20.63,477.40,224.70,101.80,106.80,96.90,33.60,14.77,480.23,212.47,272.60,305.00,90.90,35.93,67.86
2026-04-22 14:58:00,2026-04-22 14:58:59,Q10,478.40,249.80,100.00,119.00,84.50,28.50,36.23,484.40,177.20,72.20,85.70,85.70,43.30,23.49,476.90,224.40,102.80,106.60,97.70,31.40,12.77,479.90,217.13,275.00,311.30,89.30,34.40,72.49
2026-04-22 14:59:00,2026-04-22 14:59:59,Q10,479.80,200.70,89.30,95.80,94.70,38.40,16.83,482.50,213.90,96.90,102.70,95.60,35.80,16.51,481.20,208.10,93.00,100.00,93.20,37.30,19.91,481.17,207.57,279.20,298.50,94.50,37.17,53.26
2026-04-22 15:00:00,2026-04-22 15:00:59,Q10,480.10,193.20,86.50,92.60,94.70,38.00,16.37,482.40,211.10,95.90,101.70,95.50,34.40,16.77,479.60,207.20,91.10,99.20,92.30,36.80,20.71,480.70,203.83,273.50,293.50,94.17,36.40,53.86
2026-04-22 15:01:00,2026-04-22 15:01:59,Q10,480.10,174.60,78.80,83.50,95.00,37.20,14.46,481.60,192.50,87.40,92.40,95.00,32.80,16.77,481.30,183.30,79.20,88.00,90.40,35.20,21.11,481.00,183.47,245.40,263.90,93.47,35.07,52.34
2026-04-22 15:02:00,2026-04-22 15:02:59,Q10,481.10,52.50,24.80,25.00,99.20,28.30,1.69,484.30,56.60,26.70,27.10,99.90,29.60,0.31,479.90,55.90,25.70,26.30,99.20,27.60,1.89,481.77,55.00,77.20,78.40,99.43,28.50,3.89
2026-04-22 15:03:00,2026-04-22 15:03:59,Q10,480.30,148.30,57.50,71.00,81.00,16.30,24.69,482.60,78.50,26.30,37.60,71.50,32.20,14.83,478.30,117.90,54.50,55.90,99.70,20.40,2.31,480.40,114.90,138.30,164.50,84.07,22.97,41.83
2026-04-22 15:04:00,2026-04-22 15:04:59,Q10,479.50,143.60,55.80,68.50,82.70,23.20,22.86,482.00,102.80,42.60,49.20,87.80,27.60,13.94,479.40,138.60,63.40,66.10,96.20,21.10,10.40,480.30,128.33,161.80,183.80,88.90,23.97,47.20
2026-04-22 15:05:00,2026-04-22 15:05:59,Q10,481.80,72.80,33.00,34.60,97.50,27.40,4.31,481.80,119.10,54.20,57.20,95.50,17.30,9.91,481.10,96.20,34.00,46.20,74.80,21.00,17.91,481.57,96.03,121.20,138.00,89.27,21.90,32.14
2026-04-22 15:06:00,2026-04-22 15:06:59,Q10,481.00,73.10,34.30,35.10,98.40,25.70,3.54,482.80,78.80,36.60,37.60,99.50,26.70,1.91,481.30,78.90,36.30,37.50,98.50,25.20,3.69,481.70,76.93,107.20,110.20,98.80,25.87,9.14
2026-04-22 15:07:00,2026-04-22 15:07:59,Q10,479.90,72.70,33.30,34.50,98.40,25.30,3.40,483.80,94.20,43.20,45.40,96.90,20.90,6.40,480.90,77.80,31.70,37.00,88.70,23.30,9.94,481.53,81.57,108.20,116.90,94.67,23.17,19.74
2026-04-22 15:08:00,2026-04-22 15:08:59,Q10,480.30,70.30,32.30,33.60,98.10,25.60,3.77,483.70,105.80,47.50,50.70,95.90,19.80,8.20,481.00,86.10,33.60,41.40,82.30,22.30,13.31,481.67,87.40,113.40,125.70,92.10,22.57,25.29
2026-04-22 15:09:00,2026-04-22 15:09:59,Q10,481.80,65.90,30.40,31.30,98.80,24.90,2.74,483.90,71.20,33.70,34.30,99.80,25.90,1.03,479.60,74.20,34.30,35.40,98.70,24.60,3.09,481.77,70.43,98.40,101.00,99.10,25.13,6.86
2026-04-22 15:10:00,2026-04-22 15:10:59,Q10,480.20,69.00,32.30,33.10,98.60,25.30,3.17,483.60,75.60,35.60,36.20,99.70,26.70,1.57,480.90,74.70,34.30,35.50,98.60,25.00,3.37,481.57,73.10,102.20,104.80,98.97,25.67,8.11
2026-04-22 15:11:00,2026-04-22 15:11:59,Q10,479.50,75.30,34.30,35.90,98.10,26.10,4.00,483.40,98.80,45.60,47.30,97.00,22.30,6.46,480.90,82.20,35.10,39.40,90.10,24.30,9.86,481.27,85.43,115.00,122.60,95.07,24.23,20.31
2026-04-22 15:12:00,2026-04-22 15:12:59,Q10,481.90,66.10,30.40,31.70,98.70,25.30,2.74,482.80,69.80,32.70,33.30,99.80,26.90,1.20,479.40,73.10,33.30,35.00,98.40,25.30,3.40,481.37,69.67,96.40,100.00,98.97,25.83,7.34
2026-04-22 15:13:00,2026-04-22 15:13:59,Q10,480.90,61.30,28.40,29.30,98.90,27.10,2.43,481.80,67.40,31.70,32.20,99.80,28.30,1.03,480.70,67.00,31.40,32.20,98.80,25.80,2.71,481.13,65.23,91.50,93.70,99.17,27.07,6.17
2026-04-22 15:14:00,2026-04-22 15:14:59,Q10,481.60,61.90,28.40,29.30,98.80,24.50,2.57,482.60,68.10,31.70,32.80,99.80,26.40,0.86,480.70,69.20,32.30,33.10,98.90,25.50,2.77,481.63,66.40,92.40,95.20,99.17,25.47,6.20
2026-04-22 15:15:00,2026-04-22 15:15:59,Q10,480.70,53.70,24.80,25.40,99.10,28.10,1.91,484.20,58.80,27.70,28.10,99.90,29.00,0.54,480.10,58.40,26.50,27.80,98.90,28.00,2.34,481.67,56.97,79.00,81.30,99.30,28.37,4.80
2026-04-22 15:16:00,2026-04-22 15:16:59,Q10,482.00,51.30,23.80,24.60,99.30,28.70,1.51,483.10,55.90,25.70,26.60,99.90,29.60,0.37,480.80,60.20,27.70,28.80,99.00,27.80,2.06,481.97,55.80,77.20,80.00,99.40,28.70,3.94
2026-04-22 15:17:00,2026-04-22 15:17:59,Q10,481.90,52.50,24.80,25.00,99.20,28.70,1.71,483.00,55.80,25.70,26.60,99.90,31.20,0.31,480.80,59.40,27.70,28.30,99.00,29.00,2.17,481.90,55.90,78.20,79.90,99.37,29.63,4.20
2026-04-22 15:18:00,2026-04-22 15:18:59,Q10,481.10,46.10,21.80,22.10,99.50,31.30,1.23,484.90,51.10,23.80,24.70,99.90,31.70,-0.03,480.50,51.60,23.80,24.50,99.30,31.00,1.60,482.17,49.60,69.40,71.30,99.57,31.33,2.80
2026-04-22 15:19:00,2026-04-22 15:19:59,Q10,481.80,46.60,21.80,22.10,99.50,31.20,1.23,483.50,52.90,24.80,25.10,99.90,32.00,0.06,481.50,52.80,24.80,25.00,99.20,31.60,1.66,482.27,50.77,71.40,72.20,99.53,31.60,2.94
2026-04-22 15:20:00,2026-04-22 15:20:59,Q10,481.10,46.20,21.80,22.10,99.40,30.90,1.37,484.80,53.80,24.80,25.70,99.90,31.70,0.00,481.60,52.60,24.80,25.00,99.30,29.00,1.66,482.50,50.87,71.40,72.80,99.53,30.53,3.03
2026-04-22 15:21:00,2026-04-22 15:21:59,Q10,483.00,54.50,25.70,26.10,99.00,29.60,2.00,484.00,57.80,26.70,27.60,99.90,30.60,0.43,480.30,56.70,25.70,26.90,99.10,27.20,2.09,482.43,56.33,78.10,80.60,99.33,29.13,4.51
2026-04-22 15:22:00,2026-04-22 15:22:59,Q10,481.40,58.10,26.50,27.90,98.70,27.90,2.49,483.20,62.10,28.70,29.90,99.90,28.60,0.63,482.00,65.60,30.40,31.30,98.80,25.90,2.63,482.20,61.93,85.60,89.10,99.13,27.47,5.74
2026-04-22 15:23:00,2026-04-22 15:23:59,Q10,483.00,54.10,25.70,26.10,99.00,28.20,2.00,483.90,59.90,27.70,28.50,99.90,29.30,0.46,480.30,59.40,27.70,28.30,99.00,27.80,2.23,482.40,57.80,81.10,82.90,99.30,28.43,4.69
2026-04-22 15:24:00,2026-04-22 15:24:59,Q10,482.60,50.50,23.80,24.10,99.20,30.70,1.66,484.00,55.30,25.70,26.60,99.90,30.70,0.03,481.00,58.20,26.70,27.90,99.10,28.20,2.00,482.53,54.67,76.20,78.60,99.40,29.87,3.69
2026-04-22 15:25:00,2026-04-22 15:25:59,Q10,483.00,53.30,24.80,25.60,99.00,30.10,1.97,483.90,57.70,26.70,27.50,99.90,30.00,0.31,480.80,62.00,28.70,29.80,99.00,28.40,2.23,482.57,57.67,80.20,82.90,99.30,29.50,4.51
2026-04-22 15:26:00,2026-04-22 15:26:59,Q10,482.40,52.40,24.80,25.10,99.10,28.70,1.86,483.40,58.30,27.70,28.00,99.90,29.80,0.31,481.60,58.30,26.70,27.90,99.00,27.70,2.20,482.47,56.33,79.20,81.00,99.33,28.73,4.37
2026-04-22 15:27:00,2026-04-22 15:27:59,Q10,481.20,52.60,24.80,25.00,99.00,28.60,1.91,485.00,58.10,27.70,28.10,99.90,29.10,0.29,481.50,57.90,26.70,27.40,99.10,26.40,2.09,482.57,56.20,79.20,80.50,99.33,28.03,4.29
2026-04-22 15:28:00,2026-04-22 15:28:59,Q10,481.10,56.00,25.50,26.90,98.90,27.30,2.17,484.60,62.10,29.70,30.00,99.90,28.80,0.60,480.20,62.00,28.70,29.80,99.00,26.10,2.37,481.97,60.03,83.90,86.70,99.27,27.40,5.14
2026-04-22 15:29:00,2026-04-22 15:29:59,Q10,482.50,54.40,25.50,26.00,98.90,27.30,2.20,483.10,60.90,27.70,29.00,99.90,29.50,0.57,481.30,60.50,27.70,28.90,99.00,26.50,2.34,482.30,58.60,80.90,83.90,99.27,27.77,5.11
2026-04-22 15:30:00,2026-04-22 15:30:59,Q10,481.00,54.10,24.50,26.00,98.90,28.90,2.11,483.20,60.20,27.70,29.00,99.90,29.70,0.57,481.90,59.40,27.70,28.40,99.10,27.60,2.14,482.03,57.90,79.90,83.40,99.30,28.73,4.83
2026-04-22 15:31:00,2026-04-22 15:31:59,Q10,481.80,51.80,23.80,24.50,99.20,29.70,1.74,483.20,55.00,25.70,26.60,99.90,30.50,0.37,482.00,55.90,25.70,26.50,99.20,27.80,1.83,482.33,54.23,75.20,77.60,99.43,29.33,3.94
2026-04-22 15:32:00,2026-04-22 15:32:59,Q10,481.30,52.50,24.80,25.00,99.10,28.30,1.89,483.40,57.80,26.70,27.50,99.90,30.10,0.26,481.80,60.60,27.70,28.90,99.10,26.90,2.03,482.17,56.97,79.20,81.40,99.37,28.43,4.17
2026-04-22 15:33:00,2026-04-22 15:33:59,Q10,480.70,51.70,23.80,24.50,99.00,30.60,1.86,484.60,58.40,27.70,28.10,99.90,30.60,0.17,480.70,58.50,26.70,27.80,99.10,29.10,2.03,482.00,56.20,78.20,80.40,99.33,30.10,4.06
2026-04-22 15:34:00,2026-04-22 15:34:59,Q10,481.30,53.50,24.50,25.50,98.80,30.00,2.09,485.20,55.50,25.70,26.70,99.90,31.70,0.00,481.00,58.40,26.70,27.90,99.20,28.60,1.97,482.50,55.80,76.90,80.10,99.30,30.10,4.06
2026-04-22 15:35:00,2026-04-22 15:35:59,Q10,481.60,47.70,21.80,22.60,99.10,31.80,1.63,483.90,51.10,23.80,24.60,99.90,31.70,-0.11,482.40,54.90,25.70,26.00,99.30,29.80,1.63,482.63,51.23,71.30,73.20,99.43,31.10,3.14
2026-04-22 15:36:00,2026-04-22 15:36:59,Q10,481.30,54.30,24.50,26.00,98.90,29.90,2.09,485.10,59.00,27.70,28.60,99.90,31.60,0.11,481.70,58.80,26.70,27.90,99.10,26.90,2.14,482.70,57.37,78.90,82.50,99.30,29.47,4.34
2026-04-22 15:37:00,2026-04-22 15:37:59,Q10,482.50,59.60,27.40,28.40,98.60,27.20,2.69,484.80,63.20,29.70,30.50,99.90,28.50,0.71,480.40,64.70,29.70,30.70,99.00,25.90,2.51,482.57,62.50,86.80,89.60,99.17,27.20,5.91
2026-04-22 15:38:00,2026-04-22 15:38:59,Q10,481.70,57.30,26.50,27.40,98.40,28.50,2.74,484.50,59.80,27.70,28.60,99.90,30.10,0.51,482.80,65.10,30.70,31.30,99.10,26.20,2.29,483.00,60.73,84.90,87.30,99.13,28.27,5.54
2026-04-22 15:39:00,2026-04-22 15:39:59,Q10,482.80,51.30,23.50,24.60,98.90,30.00,2.06,485.10,56.70,26.70,27.20,99.90,30.10,0.06,480.80,57.20,26.70,27.40,99.30,26.70,1.83,482.90,55.07,76.90,79.20,99.37,28.93,3.94
2026-04-22 15:40:00,2026-04-22 15:40:59,Q10,481.80,53.10,24.50,25.50,98.70,29.70,2.26,484.60,57.50,26.70,27.60,99.90,31.20,0.20,482.70,58.50,26.70,28.00,99.30,27.30,1.91,483.03,56.37,77.90,81.10,99.30,29.40,4.37
2026-04-22 15:41:00,2026-04-22 15:41:59,Q10,483.00,47.90,21.80,22.70,99.00,32.70,1.77,484.20,54.60,25.70,26.10,99.90,32.10,-0.03,481.90,52.70,24.80,25.00,99.30,29.00,1.71,483.03,51.73,72.30,73.80,99.40,31.27,3.46
2026-04-22 15:42:00,2026-04-22 15:42:59,Q10,483.30,55.10,25.50,26.60,98.90,29.60,2.14,484.20,57.20,26.70,27.60,99.90,30.50,0.31,482.10,61.00,28.70,29.40,99.00,27.10,2.23,483.20,57.77,80.90,83.60,99.27,29.07,4.69
2026-04-22 15:43:00,2026-04-22 15:43:59,Q10,481.60,62.90,28.40,29.80,98.30,27.90,3.17,485.80,69.20,32.70,33.50,99.80,29.40,0.97,481.00,70.80,32.30,33.70,98.60,26.90,3.20,482.80,67.63,93.40,97.00,98.90,28.07,7.34
2026-04-22 15:44:00,2026-04-22 15:44:59,Q10,482.60,61.40,28.40,29.40,98.60,28.00,2.71,484.20,69.70,32.70,33.40,99.90,28.20,0.46,481.70,72.70,33.30,34.60,98.80,25.00,2.91,482.83,67.93,94.40,97.40,99.10,27.07,6.09
2026-04-22 15:45:00,2026-04-22 15:45:59,Q10,483.40,54.10,25.50,26.10,98.90,29.30,2.09,484.70,55.50,25.70,26.60,99.90,30.20,0.17,481.50,59.50,27.70,28.40,99.20,26.90,1.94,483.20,56.37,78.90,81.10,99.33,28.80,4.20
2026-04-22 15:46:00,2026-04-22 15:46:59,Q10,482.50,50.30,23.50,24.10,98.80,30.70,2.09,484.60,57.80,26.70,27.60,99.90,30.90,-0.03,483.10,59.30,27.70,28.50,99.30,28.30,1.86,483.40,55.80,77.90,80.20,99.33,29.97,3.91
2026-04-22 15:47:00,2026-04-22 15:47:59,Q10,483.10,56.20,26.50,27.00,98.60,29.50,2.46,483.90,61.60,28.70,29.50,99.90,30.60,0.20,481.80,62.00,28.70,29.80,99.00,25.90,2.43,482.93,59.93,83.90,86.30,99.17,28.67,5.09
2026-04-22 15:48:00,2026-04-22 15:48:59,Q10,482.70,61.10,28.40,29.40,98.30,29.40,3.03,484.10,67.60,31.70,32.40,99.90,28.90,0.69,482.60,68.50,31.40,32.80,98.70,26.20,3.06,483.13,65.73,91.50,94.60,98.97,28.17,6.77
2026-04-22 15:49:00,2026-04-22 15:49:59,Q10,481.20,63.70,29.40,30.30,98.40,28.20,3.11,485.00,66.90,31.70,32.00,99.80,28.60,0.91,482.30,74.30,34.30,35.70,98.90,25.10,2.86,482.83,68.30,95.40,98.00,99.03,27.30,6.89
2026-04-22 15:50:00,2026-04-22 15:50:59,Q10,483.00,56.30,26.50,27.00,98.60,29.60,2.54,484.30,62.00,29.70,30.00,99.90,30.60,0.49,480.80,67.80,31.40,32.20,98.80,26.00,2.74,482.70,62.03,87.60,89.20,99.10,28.73,5.77
2026-04-22 15:51:00,2026-04-22 15:51:59,Q10,481.90,55.40,25.50,26.50,98.90,30.50,2.14,483.70,58.90,27.70,28.00,99.90,31.10,0.31,482.00,60.10,27.40,28.90,98.90,28.70,2.43,482.53,58.13,80.60,83.40,99.23,30.10,4.89
2026-04-22 15:52:00,2026-04-22 15:52:59,Q10,481.40,59.70,27.40,28.40,98.50,28.30,2.66,483.10,61.10,28.70,29.50,99.90,28.70,0.66,481.70,64.60,29.40,30.80,98.70,26.20,2.80,482.07,61.80,85.50,88.70,99.03,27.73,6.11
2026-04-22 15:53:00,2026-04-22 15:53:59,Q10,481.40,62.80,28.40,29.80,98.30,27.90,3.06,484.90,67.30,31.70,32.40,99.90,28.20,0.40,479.70,73.00,33.30,35.00,98.80,24.90,2.91,482.00,67.70,93.40,97.20,99.00,27.00,6.37
2026-04-22 15:54:00,2026-04-22 15:54:59,Q10,482.40,57.70,26.50,27.50,98.60,27.70,2.60,483.60,62.60,28.70,29.90,99.90,29.60,0.31,481.70,65.00,30.40,31.30,98.80,25.60,2.69,482.57,61.77,85.60,88.70,99.10,27.63,5.60
2026-04-22 15:55:00,2026-04-22 15:55:59,Q10,483.10,54.30,25.70,26.10,99.00,30.50,1.94,484.00,56.40,26.70,27.10,99.90,30.90,0.20,480.90,57.80,26.70,27.40,99.10,27.90,2.14,482.67,56.17,79.10,80.60,99.33,29.77,4.29
2026-04-22 15:56:00,2026-04-22 15:56:59,Q10,483.10,48.30,22.80,23.20,99.10,31.20,1.74,484.20,54.10,25.70,26.10,99.90,31.60,0.06,480.50,58.50,26.70,27.80,99.20,29.10,1.89,482.60,53.63,75.20,77.10,99.40,30.63,3.69
2026-04-22 15:57:00,2026-04-22 15:57:59,Q10,482.90,49.00,22.80,23.60,99.10,31.30,1.74,484.20,54.70,25.70,26.10,99.90,31.20,-0.09,481.30,59.10,27.70,28.40,99.10,28.80,1.97,482.80,54.27,76.20,78.10,99.37,30.43,3.63
2026-04-22 15:58:00,2026-04-22 15:58:59,Q10,481.20,74.40,34.00,35.60,97.80,26.90,4.00,483.30,91.70,41.70,44.00,97.30,23.20,5.83,481.60,77.90,33.30,37.00,90.20,23.70,9.51,482.03,81.33,109.00,116.60,95.10,24.60,19.34
2026-04-22 15:59:00,2026-04-22 15:59:59,Q10,480.40,70.50,30.40,33.60,92.30,27.70,7.71,484.20,116.20,52.60,56.10,94.80,20.80,10.09,480.50,97.70,34.50,46.60,75.70,17.70,18.74,481.70,94.80,117.50,136.30,87.60,22.07,36.54
2026-04-22 16:00:00,2026-04-22 16:00:59,Q10,480.40,61.60,28.40,29.30,98.70,26.90,2.69,483.80,67.30,31.70,32.40,99.90,28.60,0.66,481.40,68.00,31.40,32.70,98.90,25.30,2.71,481.87,65.63,91.50,94.40,99.17,26.93,6.06
2026-04-22 16:01:00,2026-04-22 16:01:59,Q10,480.40,57.70,26.50,27.40,98.70,28.10,2.40,484.20,63.00,29.70,30.50,99.90,29.60,0.37,480.80,65.90,30.40,31.20,98.80,25.90,2.66,481.80,62.20,86.60,89.10,99.13,27.87,5.43
2026-04-22 16:02:00,2026-04-22 16:02:59,Q10,481.80,60.10,27.40,28.90,98.60,26.60,2.71,483.70,64.10,29.70,30.90,99.90,27.90,0.51,479.90,67.30,31.40,32.10,98.90,24.30,2.74,481.80,63.83,88.50,91.90,99.13,26.27,5.97
2026-04-22 16:03:00,2026-04-22 16:03:59,Q10,480.60,69.10,32.30,33.10,98.30,26.60,3.43,483.70,74.70,34.70,35.70,99.80,26.70,1.14,481.50,76.70,35.30,36.60,98.80,23.60,3.20,481.93,73.50,102.30,105.40,98.97,25.63,7.77
2026-04-22 16:04:00,2026-04-22 16:04:59,Q10,481.50,70.70,32.30,33.70,98.20,25.90,3.49,483.30,82.70,38.20,39.60,98.80,24.40,3.37,480.80,75.90,33.80,36.00,94.90,23.90,6.66,481.87,76.43,104.30,109.30,97.30,24.73,13.51
2026-04-22 16:05:00,2026-04-22 16:05:59,Q10,481.10,55.20,25.50,26.50,98.70,26.60,2.43,483.00,62.20,28.70,29.90,99.90,29.20,0.40,481.30,63.00,29.70,30.30,99.00,26.90,2.37,481.80,60.13,83.90,86.70,99.20,27.57,5.20
2026-04-22 16:06:00,2026-04-22 16:06:59,Q10,480.90,61.60,28.40,29.30,98.50,23.80,2.86,483.10,67.20,31.70,32.40,99.70,25.50,1.17,478.50,67.70,31.40,32.00,98.30,22.40,3.40,480.83,65.50,91.50,93.70,98.83,23.90,7.43
2026-04-22 16:07:00,2026-04-22 16:07:59,Q10,481.80,60.70,27.40,28.90,98.30,22.30,3.11,482.50,67.00,31.70,32.30,99.70,23.50,1.23,480.00,68.50,31.40,32.60,98.50,21.60,3.17,481.43,65.40,90.50,93.80,98.83,22.47,7.51
2026-04-22 16:08:00,2026-04-22 16:08:59,Q10,480.70,50.90,23.80,24.00,99.00,26.00,1.94,484.30,58.50,27.70,28.10,99.90,26.30,0.60,479.30,60.40,27.40,28.70,98.50,26.10,2.74,481.43,56.60,78.90,80.80,99.13,26.13,5.29
2026-04-22 16:09:00,2026-04-22 16:09:59,Q10,481.50,56.00,25.50,26.90,98.80,24.80,2.26,482.20,59.10,27.70,28.40,99.80,25.00,0.77,480.50,63.50,29.40,30.20,98.70,23.70,2.69,481.40,59.53,82.60,85.50,99.10,24.50,5.71
2026-04-22 16:10:00,2026-04-22 16:10:59,Q10,481.20,65.50,30.40,31.30,98.50,22.50,3.06,482.00,69.60,32.70,33.30,99.60,23.80,1.63,479.40,70.90,32.30,33.50,98.40,21.00,3.37,480.87,68.67,95.40,98.10,98.83,22.43,8.06
2026-04-22 16:11:00,2026-04-22 16:11:59,Q10,480.40,69.40,32.30,33.10,98.10,21.40,3.71,483.80,76.10,35.60,36.70,99.50,23.00,1.89,478.90,76.60,35.30,36.30,98.20,21.30,4.03,481.03,74.03,103.20,106.10,98.60,21.90,9.63
2026-04-22 16:12:00,2026-04-22 16:12:59,Q10,481.30,61.80,28.40,29.30,98.60,23.20,2.74,483.30,68.20,31.70,32.80,99.70,23.60,1.26,478.80,69.50,31.40,33.00,98.30,22.70,3.37,481.13,66.50,91.50,95.10,98.87,23.17,7.37
2026-04-22 16:13:00,2026-04-22 16:13:59,Q10,481.10,60.10,27.40,28.90,98.50,23.00,2.80,481.80,67.70,31.70,32.20,99.70,24.30,1.26,478.90,67.60,31.40,32.00,98.30,22.30,3.40,480.60,65.13,90.50,93.10,98.83,23.20,7.46
2026-04-22 16:14:00,2026-04-22 16:14:59,Q10,480.40,64.90,29.40,30.70,98.20,22.80,3.37,481.50,72.00,33.70,34.60,99.70,23.80,1.49,480.00,70.50,32.30,33.60,98.20,21.80,3.77,480.63,69.13,95.40,98.90,98.70,22.80,8.63
2026-04-22 16:15:00,2026-04-22 16:15:59,Q10,480.20,65.40,30.40,31.20,98.50,21.80,3.00,481.60,70.30,32.70,33.70,99.60,22.40,1.63,479.90,69.20,32.30,33.10,98.20,21.60,3.60,480.57,68.30,95.40,98.00,98.77,21.93,8.23
2026-04-22 16:16:00,2026-04-22 16:16:59,Q10,480.50,66.90,30.40,31.70,98.20,22.50,3.34,482.70,71.90,33.70,34.20,99.60,22.80,1.60,478.90,71.90,32.30,33.90,98.10,21.00,3.91,480.70,70.23,96.40,99.80,98.63,22.10,8.86
2026-04-22 16:17:00,2026-04-22 16:17:59,Q10,481.20,64.90,29.40,30.80,98.20,21.80,3.29,481.70,69.90,32.70,33.20,99.60,22.60,1.60,479.30,69.90,32.30,33.10,98.30,21.60,3.54,480.73,68.23,94.40,97.10,98.70,22.00,8.43
2026-04-22 16:18:00,2026-04-22 16:18:59,Q10,480.50,59.50,27.40,28.30,98.50,25.40,2.89,483.10,66.30,30.70,31.90,99.80,26.90,0.97,478.90,68.60,31.40,32.50,98.60,24.30,3.11,480.83,64.80,89.50,92.70,98.97,25.53,6.97
2026-04-22 16:19:00,2026-04-22 16:19:59,Q10,480.10,65.30,30.40,31.20,98.10,25.00,3.40,484.20,71.00,33.70,34.40,99.80,26.30,1.00,479.20,71.40,33.30,34.00,98.70,24.00,3.17,481.17,69.23,97.40,99.60,98.87,25.10,7.57
2026-04-22 16:20:00,2026-04-22 16:20:59,Q10,479.70,67.80,31.40,32.10,98.40,24.20,3.31,482.50,75.90,35.60,36.20,99.90,26.10,0.86,480.10,78.80,36.30,37.40,98.80,22.40,3.29,480.77,74.17,103.30,105.70,99.03,24.23,7.46
2026-04-22 16:21:00,2026-04-22 16:21:59,Q10,481.10,63.70,29.40,30.30,98.40,26.20,3.09,483.10,69.90,32.70,33.30,99.80,27.40,0.97,478.80,73.80,33.30,34.90,98.70,24.00,3.20,481.00,69.13,95.40,98.50,98.97,25.87,7.26
2026-04-22 16:22:00,2026-04-22 16:22:59,Q10,479.30,62.70,28.40,29.70,98.70,26.70,2.74,482.70,70.90,32.70,33.70,99.80,27.10,0.86,480.10,68.80,31.40,32.60,98.80,25.40,2.97,480.70,67.47,92.50,96.00,99.10,26.40,6.57
2026-04-22 16:23:00,2026-04-22 16:23:59,Q10,480.90,67.50,31.40,32.20,98.60,25.60,3.06,481.90,71.50,33.70,34.20,99.70,26.60,1.43,479.40,75.90,34.30,35.90,98.60,24.80,3.26,480.73,71.63,99.40,102.30,98.97,25.67,7.74
2026-04-22 16:24:00,2026-04-22 16:24:59,Q10,478.70,72.20,33.30,34.40,98.30,25.20,3.63,482.90,81.20,38.60,39.00,99.50,25.80,2.11,479.00,80.40,36.90,38.30,97.90,23.90,4.51,480.20,77.93,108.80,111.70,98.57,24.97,10.26
2026-04-22 16:25:00,2026-04-22 16:25:59,Q10,479.50,76.00,35.30,36.40,98.50,24.50,3.49,483.00,77.10,36.60,37.20,99.60,25.60,1.89,478.40,79.40,36.30,37.80,98.50,24.00,3.80,480.30,77.50,108.20,111.40,98.87,24.70,9.17
2026-04-22 16:26:00,2026-04-22 16:26:59,Q10,478.60,68.90,31.40,32.50,98.30,25.30,3.46,482.90,73.60,34.70,35.20,99.70,26.90,1.31,479.70,75.20,34.30,35.90,98.50,24.90,3.57,480.40,72.57,100.40,103.60,98.83,25.70,8.34
2026-04-22 16:27:00,2026-04-22 16:27:59,Q10,479.00,63.10,29.40,30.20,98.70,24.80,2.77,482.00,68.00,31.70,32.80,99.80,25.20,1.00,479.60,72.70,33.30,34.50,98.80,23.70,2.94,480.20,67.93,94.40,97.50,99.10,24.57,6.71
2026-04-22 16:28:00,2026-04-22 16:28:59,Q10,480.20,66.20,30.40,31.70,98.70,25.00,2.91,481.60,70.80,32.70,33.70,99.80,26.20,1.09,479.10,73.20,33.30,35.00,98.80,23.80,3.00,480.30,70.07,96.40,100.40,99.10,25.00,7.00
2026-04-22 16:29:00,2026-04-22 16:29:59,Q10,479.80,76.50,35.30,36.40,98.30,24.70,3.66,483.00,80.00,37.60,38.60,99.70,25.90,1.49,478.10,80.50,37.20,38.20,98.70,23.50,3.54,480.30,79.00,110.10,113.20,98.90,24.70,8.69
2026-04-22 16:30:00,2026-04-22 16:30:59,Q10,478.90,68.50,31.40,32.50,98.60,24.50,3.14,482.40,75.20,35.60,36.20,99.70,24.60,1.34,479.60,74.80,34.30,35.40,98.80,23.60,3.17,480.30,72.83,101.30,104.10,99.03,24.23,7.66
2026-04-22 16:31:00,2026-04-22 16:31:59,Q10,480.30,65.70,30.40,31.20,98.60,25.10,3.00,481.60,72.60,33.70,34.60,99.70,26.10,1.26,479.40,73.40,33.30,35.00,98.70,24.10,3.20,480.43,70.57,97.40,100.80,99.00,25.10,7.46
2026-04-22 16:32:00,2026-04-22 16:32:59,Q10,479.30,64.20,29.40,30.70,98.30,24.00,3.20,483.20,70.30,32.70,33.80,99.80,25.70,1.03,478.60,73.70,33.30,34.90,98.70,23.70,3.20,480.37,69.40,95.40,99.40,98.93,24.47,7.43
2026-04-22 16:33:00,2026-04-22 16:33:59,Q10,480.30,64.40,29.40,30.70,98.70,25.30,2.80,482.70,70.70,32.70,33.70,99.80,26.30,1.00,478.20,73.10,33.30,34.90,98.70,24.90,3.14,480.40,69.40,95.40,99.30,99.07,25.50,6.94
2026-04-22 16:34:00,2026-04-22 16:34:59,Q10,478.90,64.70,29.40,30.60,98.60,26.50,2.89,483.10,72.10,33.70,34.80,99.80,26.20,1.17,478.80,71.80,32.30,33.90,98.40,25.90,3.46,480.27,69.53,95.40,99.30,98.93,26.20,7.51
2026-04-22 16:35:00,2026-04-22 16:35:59,Q10,479.30,61.00,28.40,29.20,98.80,26.60,2.57,482.40,67.60,31.70,32.30,99.80,26.80,0.91,478.10,71.00,32.30,33.90,98.60,25.70,3.11,479.93,66.53,92.40,95.40,99.07,26.37,6.60
2026-04-22 16:36:00,2026-04-22 16:36:59,Q10,478.60,61.70,28.40,29.20,98.80,26.70,2.60,482.70,68.60,31.70,32.80,99.80,27.20,0.91,478.10,70.40,32.30,33.50,98.50,26.30,3.14,479.80,66.90,92.40,95.50,99.03,26.73,6.66
2026-04-22 16:37:00,2026-04-22 16:37:59,Q10,480.20,66.50,30.40,31.70,98.70,26.00,2.80,481.80,72.90,33.70,34.60,99.80,26.20,1.17,477.80,72.50,33.30,34.30,98.40,25.70,3.46,479.93,70.63,97.40,100.60,98.97,25.97,7.43
2026-04-22 16:38:00,2026-04-22 16:38:59,Q10,477.90,66.80,30.40,31.50,98.50,26.70,3.09,482.60,72.10,33.70,34.70,99.80,27.10,1.09,478.80,74.80,34.30,35.40,98.50,25.30,3.49,479.77,71.23,98.40,101.60,98.93,26.37,7.66
2026-04-22 16:39:00,2026-04-22 16:39:59,Q10,479.70,65.80,30.40,31.10,98.70,25.80,2.89,481.90,72.20,33.70,34.60,99.80,26.20,0.97,477.50,72.90,33.30,34.30,98.60,24.60,3.31,479.70,70.30,97.40,100.00,99.03,25.53,7.17
2026-04-22 16:40:00,2026-04-22 16:40:59,Q10,479.20,77.60,35.30,36.90,98.20,24.60,3.86,482.40,80.00,37.60,38.60,99.70,26.40,1.66,477.40,82.20,38.20,39.10,98.50,23.20,3.86,479.67,79.93,111.10,114.60,98.80,24.73,9.37
2026-04-22 16:41:00,2026-04-22 16:41:59,Q10,479.10,81.60,37.20,38.80,98.10,24.40,4.14,480.90,88.40,41.20,42.20,98.60,24.40,4.06,479.70,83.80,37.40,39.80,96.40,24.10,6.09,479.90,84.60,115.80,120.80,97.70,24.30,14.29
2026-04-22 16:42:00,2026-04-22 16:42:59,Q10,478.80,79.00,36.30,37.80,98.00,24.20,4.34,482.30,101.50,46.60,48.70,97.50,21.80,5.83,477.70,91.60,39.60,43.40,92.80,22.90,8.77,479.60,90.70,122.50,129.90,96.10,22.97,18.94
2026-04-22 16:43:00,2026-04-22 16:43:59,Q10,479.40,105.00,48.00,50.30,96.50,28.40,7.51,480.00,151.70,68.40,72.50,95.60,20.10,12.23,478.80,128.30,50.00,61.20,82.10,23.20,20.23,479.40,128.33,166.40,184.00,91.40,23.90,39.97
2026-04-22 16:44:00,2026-04-22 16:44:59,Q10,478.80,150.20,67.40,71.70,95.80,33.30,11.66,480.30,165.60,75.80,79.20,96.50,30.40,11.89,477.90,162.90,71.60,77.30,93.40,31.30,15.34,479.00,159.57,214.80,228.20,95.23,31.67,38.89
2026-04-22 16:45:00,2026-04-22 16:45:59,Q10,477.50,112.10,50.90,53.40,96.10,28.40,8.20,481.10,153.60,69.30,73.60,95.40,21.10,12.77,478.90,134.60,52.50,64.10,82.30,23.80,20.83,479.17,133.43,172.70,191.10,91.27,24.43,41.80
2026-04-22 16:46:00,2026-04-22 16:46:59,Q10,479.00,97.60,44.20,46.50,96.90,26.20,6.69,479.80,136.60,61.80,65.10,95.60,20.20,10.83,478.80,111.80,45.00,53.10,85.60,23.50,16.23,479.20,115.33,151.00,164.70,92.70,23.30,33.74
2026-04-22 16:47:00,2026-04-22 16:47:59,Q10,478.70,85.50,38.80,40.60,97.00,25.20,5.69,481.90,128.50,58.00,61.60,95.60,18.80,10.49,478.30,104.40,39.20,49.70,80.20,21.20,17.74,479.63,106.13,136.00,151.90,90.93,21.73,33.91
2026-04-22 16:48:00,2026-04-22 16:48:59,Q10,478.60,84.00,38.80,40.20,97.20,25.10,5.17,481.80,128.90,58.00,61.60,95.60,17.20,10.66,478.50,106.70,38.50,50.70,77.20,20.40,19.00,479.63,106.53,135.30,152.50,90.00,20.90,34.83
2026-04-22 16:49:00,2026-04-22 16:49:59,Q10,477.80,82.20,37.40,39.10,96.60,25.60,6.03,481.20,136.80,61.80,65.40,95.40,19.30,11.29,479.70,116.60,42.30,55.60,77.10,19.80,20.06,479.57,111.87,141.50,160.10,89.70,21.57,37.37
2026-04-22 16:50:00,2026-04-22 16:50:59,Q10,479.50,103.20,47.00,49.30,96.70,26.50,7.26,480.90,140.80,63.70,67.20,95.70,21.20,11.37,478.10,120.40,48.50,57.40,85.00,24.10,17.60,479.50,121.47,159.20,173.90,92.47,23.93,36.23
2026-04-22 16:51:00,2026-04-22 16:51:59,Q10,477.90,102.10,46.10,48.70,96.60,26.70,7.37,480.50,141.70,63.70,67.70,95.60,21.00,11.46,479.60,123.40,48.70,58.90,84.80,23.30,17.77,479.33,122.40,158.50,175.30,92.33,23.67,36.60
2026-04-22 16:52:00,2026-04-22 16:52:59,Q10,477.90,103.00,47.00,49.10,96.70,27.10,7.14,480.10,135.40,60.80,64.80,95.70,21.80,10.89,479.60,116.60,47.30,55.60,86.50,24.30,16.03,479.20,118.33,155.10,169.50,92.97,24.40,34.06
2026-04-22 16:53:00,2026-04-22 16:53:59,Q10,477.70,93.90,42.20,44.40,96.80,26.30,6.40,480.00,140.10,63.70,67.20,95.60,18.90,11.37,479.40,118.30,44.80,56.50,80.50,21.70,19.17,479.03,117.43,150.70,168.10,90.97,22.30,36.94
2026-04-22 16:54:00,2026-04-22 16:54:59,Q10,477.40,98.00,44.20,46.70,96.80,26.00,6.63,481.40,130.70,58.90,62.50,95.90,22.00,10.29,477.90,114.30,45.90,54.40,85.70,23.50,16.00,478.90,114.33,149.00,163.60,92.80,23.83,32.91
2026-04-22 16:55:00,2026-04-22 16:55:59,Q10,479.00,98.40,44.20,46.90,96.80,25.30,6.66,480.40,140.40,63.70,67.20,95.70,19.10,11.29,477.70,117.00,45.10,55.80,82.80,22.30,18.31,479.03,118.60,153.00,169.90,91.77,22.23,36.26
2026-04-22 16:56:00,2026-04-22 16:56:59,Q10,477.80,93.70,42.20,44.40,96.70,26.50,6.54,479.70,138.50,62.70,66.10,95.50,19.40,11.34,479.50,116.80,44.50,55.60,81.40,21.50,18.63,479.00,116.33,149.40,166.10,91.20,22.47,36.51
2026-04-22 16:57:00,2026-04-22 16:57:59,Q10,477.50,97.80,44.20,46.30,96.20,27.40,7.00,481.00,141.40,63.70,67.80,95.80,19.00,11.23,479.10,123.30,46.40,58.90,80.40,21.40,19.91,479.20,120.83,154.30,173.00,90.80,22.60,38.14
2026-04-22 16:58:00,2026-04-22 16:58:59,Q10,477.40,96.00,43.20,45.80,96.60,27.00,6.97,481.20,137.30,61.80,65.90,95.70,21.50,10.91,478.80,120.10,47.90,57.40,84.40,23.10,17.29,479.13,117.80,152.90,169.10,92.23,23.87,35.17
2026-04-22 16:59:00,2026-04-22 16:59:59,Q10,479.00,95.60,43.20,45.50,96.80,26.50,6.46,479.70,136.20,61.80,65.10,95.60,18.80,11.23,479.30,118.00,45.40,56.50,81.30,21.70,18.69,479.33,116.60,150.40,167.10,91.23,22.33,36.37
2026-04-22 17:00:00,2026-04-22 17:00:59,Q10,478.30,87.00,39.00,41.60,95.80,23.40,7.03,479.60,134.80,60.80,64.20,95.40,20.20,11.00,479.40,111.00,42.40,53.20,80.00,19.40,18.83,479.10,110.93,142.20,159.00,90.40,21.00,36.86
2026-04-22 17:01:00,2026-04-22 17:01:59,Q10,478.90,82.90,37.40,39.20,96.80,26.10,5.74,479.70,136.90,61.80,65.10,95.70,17.00,10.80,479.30,115.50,42.30,55.10,77.10,19.80,19.97,479.30,111.77,141.50,159.40,89.87,20.97,36.51
2026-04-22 17:02:00,2026-04-22 17:02:59,Q10,479.00,122.10,47.00,58.40,81.10,20.20,20.54,480.30,101.20,42.20,48.50,88.10,23.60,11.57,477.20,111.50,49.40,52.90,95.80,18.90,9.63,478.83,111.60,138.60,159.80,88.33,20.90,41.74
2026-04-22 17:03:00,2026-04-22 17:03:59,Q10,478.00,77.90,34.60,36.80,96.80,26.60,5.31,479.70,129.00,58.00,61.80,95.70,17.50,10.54,479.90,110.30,38.50,52.70,74.90,18.80,20.17,479.20,105.73,131.10,151.30,89.13,20.97,36.03
2026-04-22 17:04:00,2026-04-22 17:04:59,Q10,478.90,72.80,33.00,34.40,97.60,26.80,4.34,481.80,116.40,52.20,55.80,95.80,18.90,9.20,478.50,94.40,34.80,44.90,79.10,21.70,15.97,479.73,94.53,120.00,135.10,90.83,22.47,29.51
2026-04-22 17:05:00,2026-04-22 17:05:59,Q10,477.60,77.90,34.90,36.70,97.60,25.20,4.63,481.80,107.00,49.00,51.50,96.30,19.80,7.89,478.70,91.60,37.00,43.50,86.50,21.60,12.43,479.37,92.17,120.90,131.70,93.47,22.20,24.94
2026-04-22 17:06:00,2026-04-22 17:06:59,Q10,478.80,75.40,34.30,35.80,98.20,25.80,3.89,481.10,98.50,45.10,47.10,96.80,20.10,6.94,477.70,85.60,35.20,40.50,88.70,21.70,10.74,479.20,86.50,114.60,123.40,94.57,22.53,21.57
2026-04-22 17:07:00,2026-04-22 17:07:59,Q10,478.80,80.40,36.90,38.20,97.80,25.20,4.54,481.20,100.90,46.60,48.10,97.20,21.90,6.60,477.70,86.60,36.90,41.00,90.90,23.00,10.14,479.23,89.30,120.40,127.30,95.30,23.37,21.29
2026-04-22 17:08:00,2026-04-22 17:08:59,Q10,477.90,81.20,36.90,38.60,97.30,25.60,4.91,481.70,117.60,53.20,56.30,95.60,18.80,9.69,478.20,97.30,36.30,46.40,79.70,20.30,16.43,479.27,98.70,126.40,141.30,90.87,21.57,31.03
2026-04-22 17:09:00,2026-04-22 17:09:59,Q10,477.80,79.30,35.90,37.70,97.90,25.20,4.26,480.30,103.20,47.00,49.40,96.70,20.50,7.29,479.10,86.00,36.10,41.20,88.00,22.40,11.43,479.07,89.50,119.00,128.30,94.20,22.70,22.97
2026-04-22 17:10:00,2026-04-22 17:10:59,Q10,478.70,76.20,35.30,36.30,98.00,25.30,4.03,481.80,81.00,37.60,39.00,99.70,25.90,1.49,477.40,83.50,38.20,39.60,98.40,22.80,4.03,479.30,80.23,111.10,114.90,98.70,24.67,9.54
2026-04-22 17:11:00,2026-04-22 17:11:59,Q10,479.30,69.10,32.30,33.10,98.50,25.40,3.23,480.90,76.00,35.60,36.50,99.80,26.80,1.09,477.60,76.50,35.30,36.30,98.80,23.60,3.17,479.27,73.87,103.20,105.90,99.03,25.27,7.49
2026-04-22 17:12:00,2026-04-22 17:12:59,Q10,477.70,72.40,33.30,34.30,98.40,25.60,3.54,481.10,77.50,36.60,37.00,99.80,26.50,1.06,478.70,81.00,37.20,38.70,98.80,23.90,3.29,479.17,76.97,107.10,110.00,99.00,25.33,7.89
2026-04-22 17:13:00,2026-04-22 17:13:59,Q10,478.20,77.50,35.30,36.80,98.00,24.10,4.11,481.20,89.50,41.20,42.80,98.70,24.00,3.83,479.40,82.30,37.00,39.30,95.80,23.60,6.54,479.60,83.10,113.50,118.90,97.50,23.90,14.49
2026-04-22 17:14:00,2026-04-22 17:14:59,Q10,479.00,77.80,35.30,36.90,98.00,25.60,4.17,481.00,82.30,38.60,39.40,99.50,27.20,2.06,479.40,84.40,39.20,40.20,98.40,24.40,4.06,479.80,81.50,113.10,116.50,98.63,25.73,10.29
2026-04-22 17:15:00,2026-04-22 17:15:59,Q10,477.50,76.30,35.30,36.30,98.00,24.50,4.09,482.30,97.30,44.60,46.80,97.20,21.40,6.34,479.00,83.10,35.10,39.80,90.00,23.20,10.09,479.60,85.57,115.00,122.90,95.07,23.03,20.51
2026-04-22 17:16:00,2026-04-22 17:16:59,Q10,478.40,73.50,33.30,34.90,98.10,24.70,3.91,481.70,103.70,47.00,49.50,96.40,19.70,7.57,478.20,85.80,34.00,40.60,85.50,20.90,12.26,479.43,87.67,114.30,125.00,93.33,21.77,23.74
2026-04-22 17:17:00,2026-04-22 17:17:59,Q10,477.80,75.70,34.30,35.80,98.20,24.60,4.00,481.50,100.80,46.60,48.10,97.20,21.40,6.37,479.30,84.20,36.40,40.20,91.10,23.90,9.60,479.53,86.90,117.30,124.10,95.50,23.30,19.97
2026-04-22 17:18:00,2026-04-22 17:18:59,Q10,477.80,72.60,33.00,34.30,97.80,25.70,4.14,481.60,115.00,52.20,55.30,95.80,18.10,9.14,479.00,93.10,34.80,44.50,79.20,20.70,15.69,479.47,93.57,120.00,134.10,90.93,21.50,28.97
2026-04-22 17:19:00,2026-04-22 17:19:59,Q10,479.40,75.90,34.30,35.90,98.20,24.70,3.86,480.70,106.10,48.00,50.90,96.10,18.70,8.31,478.00,87.20,34.00,41.60,83.20,20.90,13.46,479.37,89.73,116.30,128.40,92.50,21.43,25.63
2026-04-22 17:20:00,2026-04-22 17:20:59,Q10,479.60,80.10,36.90,38.30,97.80,23.80,4.54,480.20,112.50,50.30,53.80,95.40,19.40,9.46,478.60,94.00,36.10,44.90,82.80,21.80,14.23,479.47,95.53,123.30,137.00,92.00,21.67,28.23
2026-04-22 17:21:00,2026-04-22 17:21:59,Q10,478.50,77.50,34.90,36.80,97.80,24.50,4.49,480.10,114.30,51.30,54.70,95.50,18.70,9.43,479.50,89.90,34.00,42.60,81.80,22.30,14.71,479.37,93.90,120.20,134.10,91.70,21.83,28.63
2026-04-22 17:22:00,2026-04-22 17:22:59,Q10,479.50,78.30,35.90,37.40,97.70,24.70,4.49,480.20,117.50,53.20,56.20,95.30,18.00,9.86,478.40,94.50,34.80,44.90,79.10,20.20,16.11,479.37,96.77,123.90,138.50,90.70,20.97,30.46
2026-04-22 17:23:00,2026-04-22 17:23:59,Q10,477.30,77.10,35.30,36.70,98.10,24.30,3.94,481.50,97.80,44.60,46.70,97.50,21.90,5.77,478.80,83.70,35.50,39.70,91.10,24.20,9.46,479.20,86.20,115.40,123.10,95.57,23.47,19.17
2026-04-22 17:24:00,2026-04-22 17:24:59,Q10,479.00,72.30,33.30,34.50,98.30,26.10,3.63,481.50,103.10,47.00,49.50,96.70,20.80,7.29,477.80,87.00,34.80,41.50,85.40,23.00,12.14,479.43,87.47,115.10,125.50,93.47,23.30,23.06
2026-04-22 17:25:00,2026-04-22 17:25:59,Q10,478.40,77.30,35.30,36.80,98.10,25.40,4.00,482.30,100.30,46.60,48.20,97.40,22.00,6.20,477.60,83.50,35.10,39.60,90.30,24.60,10.09,479.43,87.03,117.00,124.60,95.27,24.00,20.29
2026-04-22 17:26:00,2026-04-22 17:26:59,Q10,478.60,69.60,31.40,33.00,98.60,25.20,3.20,483.00,77.80,36.60,37.20,99.70,26.60,1.51,477.50,79.30,36.30,37.70,98.30,25.70,3.83,479.70,75.57,104.30,107.90,98.87,25.83,8.54
2026-04-22 17:27:00,2026-04-22 17:27:59,Q10,479.70,63.40,29.40,30.20,98.90,26.10,2.51,482.80,67.60,31.70,32.30,99.80,27.10,0.97,477.70,70.90,32.30,33.40,98.40,26.30,3.40,480.07,67.30,93.40,95.90,99.03,26.50,6.89
2026-04-22 17:28:00,2026-04-22 17:28:59,Q10,480.40,62.50,28.40,29.80,98.90,25.10,2.51,481.40,68.60,31.70,32.70,99.80,26.60,0.97,478.10,69.20,31.40,33.00,98.60,26.20,3.17,479.97,66.77,91.50,95.50,99.10,25.97,6.66
2026-04-22 17:29:00,2026-04-22 17:29:59,Q10,479.60,66.60,30.40,31.60,98.80,25.80,2.74,481.60,73.00,34.70,35.10,99.80,26.50,0.94,479.60,75.40,34.30,35.90,98.70,25.60,3.23,480.27,71.67,99.40,102.60,99.10,25.97,6.91
2026-04-22 17:30:00,2026-04-22 17:30:59,Q10,478.10,74.90,34.30,35.40,98.30,24.80,3.63,481.90,92.00,42.70,44.30,97.40,22.10,5.89,479.70,79.80,33.30,37.80,90.70,23.70,9.29,479.90,82.23,110.30,117.50,95.47,23.53,18.80
2026-04-22 17:31:00,2026-04-22 17:31:59,Q10,478.30,71.00,32.30,33.90,98.30,24.30,3.51,482.70,98.30,45.10,47.20,96.60,20.50,7.11,479.10,84.80,34.40,40.20,86.20,22.60,11.37,480.03,84.70,111.80,121.30,93.70,22.47,22.00
2026-04-22 17:32:00,2026-04-22 17:32:59,Q10,478.90,66.80,30.40,31.50,98.60,26.50,3.06,483.10,75.00,35.60,36.20,99.80,27.20,1.06,478.00,78.70,36.30,37.30,98.50,24.80,3.60,480.00,73.50,102.30,105.00,98.97,26.17,7.71
2026-04-22 17:33:00,2026-04-22 17:33:59,Q10,478.60,70.80,32.30,33.50,98.40,26.10,3.46,482.30,79.30,37.60,38.10,99.70,27.30,1.63,480.00,81.70,37.20,38.90,98.50,25.60,3.69,480.30,77.27,107.10,110.50,98.87,26.33,8.77
2026-04-22 17:34:00,2026-04-22 17:34:59,Q10,479.70,72.50,33.00,34.50,97.40,27.70,4.43,481.60,124.90,56.00,59.60,95.70,17.20,10.11,478.80,100.90,33.80,47.80,72.60,19.70,19.74,480.03,99.43,122.80,141.90,88.57,21.53,34.29
2026-04-22 17:35:00,2026-04-22 17:35:59,Q10,479.10,89.20,39.50,42.60,94.80,27.40,6.49,480.90,122.50,55.10,58.60,95.60,16.10,10.74,480.80,127.50,43.20,61.00,72.00,18.20,21.63,480.27,113.07,137.80,162.20,87.47,20.57,38.86
2026-04-22 17:36:00,2026-04-22 17:36:59,Q10,479.00,74.50,34.00,35.40,97.30,27.20,4.54,482.50,131.50,59.80,63.10,95.80,15.90,10.40,479.30,105.20,35.50,50.30,71.80,18.80,20.77,480.27,103.73,129.30,148.80,88.30,20.63,35.71
2026-04-22 17:37:00,2026-04-22 17:37:59,Q10,478.50,73.00,33.00,34.90,97.20,27.30,4.77,482.60,123.00,56.00,59.30,95.40,18.10,10.34,479.50,105.20,37.50,50.30,75.00,20.70,18.71,480.20,100.40,126.50,144.50,89.20,22.03,33.83
2026-04-22 17:38:00,2026-04-22 17:38:59,Q10,478.60,71.60,32.00,33.90,97.40,27.90,4.37,482.60,120.10,54.20,57.80,95.90,18.00,9.40,479.40,98.00,34.50,46.90,75.60,20.90,17.80,480.20,96.57,120.70,138.60,89.63,22.27,31.57
2026-04-22 17:39:00,2026-04-22 17:39:59,Q10,479.80,71.00,33.00,34.00,97.20,27.30,4.63,481.30,128.50,58.00,61.60,95.60,16.60,10.40,479.10,106.50,36.00,50.80,72.30,19.30,20.29,480.07,102.00,127.00,146.40,88.37,21.07,35.31
2026-04-22 17:40:00,2026-04-22 17:40:59,Q10,479.30,84.00,38.40,40.20,96.80,26.90,5.54,480.50,134.10,60.80,64.30,95.60,18.80,10.83,480.40,110.70,39.00,52.80,75.80,19.10,20.14,480.07,109.60,138.20,157.30,89.40,21.60,36.51
2026-04-22 17:41:00,2026-04-22 17:41:59,Q10,478.20,120.70,42.80,57.40,75.40,24.50,20.43,482.50,80.50,33.10,38.60,87.60,18.00,12.97,477.70,118.40,48.70,56.30,87.60,16.90,16.03,479.47,106.53,124.60,152.30,83.53,19.80,49.43
2026-04-22 17:42:00,2026-04-22 17:42:59,Q10,479.20,85.50,38.80,40.70,97.60,21.00,5.20,481.20,94.10,44.50,45.20,99.20,22.60,3.23,477.00,94.10,42.70,44.80,97.70,20.50,5.63,479.13,91.23,126.00,130.70,98.17,21.37,14.06
2026-04-22 17:43:00,2026-04-22 17:43:59,Q10,478.00,89.90,40.70,42.50,97.10,21.30,5.94,482.10,107.70,49.50,51.60,97.40,19.90,6.63,479.40,95.70,41.80,45.50,93.10,19.90,9.83,479.83,97.77,132.00,139.60,95.87,20.37,22.40
2026-04-22 17:44:00,2026-04-22 17:44:59,Q10,478.50,85.00,38.80,40.60,97.30,21.10,5.31,480.80,111.20,50.90,53.30,96.40,18.50,8.06,479.40,94.20,39.60,45.00,88.30,19.20,12.26,479.57,96.80,129.30,138.90,94.00,19.60,25.63
2026-04-22 17:45:00,2026-04-22 17:45:59,Q10,477.90,79.00,35.90,37.70,97.60,22.50,4.69,482.20,87.00,40.60,41.90,99.50,24.00,2.23,479.10,87.20,40.20,41.70,98.00,21.20,4.77,479.73,84.40,116.70,121.30,98.37,22.57,11.69
2026-04-22 17:46:00,2026-04-22 17:46:59,Q10,479.30,75.40,34.30,35.90,98.10,21.60,4.00,480.90,83.50,38.60,39.80,99.60,22.90,1.83,478.30,81.90,37.20,38.70,98.20,20.00,4.37,479.50,80.27,110.10,114.40,98.63,21.50,10.20
2026-04-22 17:47:00,2026-04-22 17:47:59,Q10,477.80,75.00,34.30,35.80,98.00,21.20,4.14,482.60,80.00,37.60,38.60,99.70,23.60,1.71,478.10,83.90,38.20,39.70,98.30,21.20,4.29,479.50,79.63,110.10,114.10,98.67,22.00,10.14
2026-04-22 17:48:00,2026-04-22 17:48:59,Q10,478.00,73.30,33.30,34.90,98.00,22.50,3.91,482.10,76.10,35.60,36.60,99.60,23.60,1.71,479.00,79.40,36.30,37.80,98.20,20.10,4.11,479.70,76.27,105.20,109.30,98.60,22.07,9.74
2026-04-22 17:49:00,2026-04-22 17:49:59,Q10,477.70,70.30,32.30,33.40,98.10,21.80,3.71,482.10,73.50,34.70,35.20,99.70,23.30,1.43,478.20,76.60,35.30,36.30,98.20,21.20,4.03,479.33,73.47,102.30,104.90,98.67,22.10,9.17
2026-04-22 17:50:00,2026-04-22 17:50:59,Q10,479.40,68.90,31.40,32.60,98.20,21.90,3.60,481.80,73.80,34.70,35.10,99.70,23.20,1.51,477.50,77.70,35.30,36.70,98.20,21.90,4.00,479.57,73.47,101.40,104.40,98.70,22.33,9.11
2026-04-22 17:51:00,2026-04-22 17:51:59,Q10,478.70,72.50,33.30,34.40,98.00,22.00,4.03,482.20,81.20,38.60,39.00,99.70,23.80,1.60,477.40,80.20,37.20,38.20,98.30,20.70,4.20,479.43,77.97,109.10,111.60,98.67,22.17,9.83
2026-04-22 17:52:00,2026-04-22 17:52:59,Q10,479.40,73.00,33.30,35.00,98.00,21.50,4.03,481.60,80.30,37.60,38.50,99.70,23.60,1.69,477.90,82.80,38.20,39.10,98.10,21.30,4.34,479.63,78.70,109.10,112.60,98.60,22.13,10.06
2026-04-22 17:53:00,2026-04-22 17:53:59,Q10,478.90,69.00,31.40,33.00,98.00,22.30,3.77,481.00,74.90,34.70,35.60,99.60,23.50,1.71,479.40,79.40,36.30,37.80,98.30,21.70,3.91,479.77,74.43,102.40,106.40,98.63,22.50,9.40
2026-04-22 17:54:00,2026-04-22 17:54:59,Q10,479.50,72.90,33.00,34.50,97.90,21.00,4.14,482.20,80.70,37.60,38.60,99.60,22.20,1.91,477.60,85.10,39.20,40.50,98.00,20.70,4.49,479.77,79.57,109.80,113.60,98.50,21.30,10.54
2026-04-22 17:55:00,2026-04-22 17:55:59,Q10,478.20,78.50,35.90,37.30,97.90,20.70,4.46,482.10,86.00,40.60,41.50,99.50,22.30,2.14,479.30,88.50,41.20,42.20,98.40,20.00,4.34,479.87,84.33,117.70,121.00,98.60,21.00,10.94
2026-04-22 17:56:00,2026-04-22 17:56:59,Q10,478.70,77.10,34.90,36.80,97.90,21.30,4.23,482.90,84.50,39.60,40.50,99.60,21.80,1.97,477.60,83.30,38.20,39.60,98.20,19.70,4.37,479.73,81.63,112.70,116.90,98.57,20.93,10.57
2026-04-22 17:57:00,2026-04-22 17:57:59,Q10,479.60,74.20,34.30,35.40,98.10,21.40,3.91,481.40,79.10,36.60,38.00,99.60,22.70,1.83,478.50,84.50,39.20,40.20,98.30,20.90,4.09,479.83,79.27,110.10,113.60,98.67,21.67,9.83
2026-04-22 17:58:00,2026-04-22 17:58:59,Q10,478.40,75.20,34.00,35.80,97.90,21.20,4.34,481.90,83.40,38.60,39.90,99.40,22.30,2.40,479.40,87.80,40.20,41.70,98.20,20.70,4.43,479.90,82.13,112.80,117.40,98.50,21.40,11.17
2026-04-22 17:59:00,2026-04-22 17:59:59,Q10,479.60,81.00,36.90,38.80,97.80,21.20,4.57,482.40,86.20,40.60,41.50,99.60,22.10,1.97,477.80,88.60,40.20,42.00,98.30,19.70,4.43,479.93,85.27,117.70,122.30,98.57,21.00,10.97
2026-04-22 18:00:00,2026-04-22 18:00:59,Q10,478.80,67.70,31.00,32.00,97.60,28.60,4.03,481.00,119.60,54.70,57.20,96.00,17.00,9.40,480.60,97.80,33.10,46.60,72.70,19.80,18.94,480.13,95.03,118.80,135.80,88.77,21.80,32.37
2026-04-22 18:01:00,2026-04-22 18:01:59,Q10,479.10,72.30,33.30,34.50,98.00,25.00,3.86,481.50,105.60,48.00,50.50,96.10,19.50,8.17,480.60,85.10,32.40,40.80,81.60,20.90,13.89,480.40,87.67,113.70,125.80,91.90,21.80,25.91
2026-04-22 18:02:00,2026-04-22 18:02:59,Q10,478.40,73.80,33.00,34.90,97.70,27.30,4.06,482.70,109.30,49.40,52.50,95.90,19.40,8.69,480.10,92.70,34.80,44.20,79.00,20.90,15.37,480.40,91.93,117.20,131.60,90.87,22.53,28.11
2026-04-22 18:03:00,2026-04-22 18:03:59,Q10,479.60,77.60,34.90,36.90,97.80,25.20,4.34,483.40,92.00,42.70,44.40,97.90,23.60,5.23,479.10,84.60,36.80,40.20,92.80,23.20,8.69,480.70,84.73,114.40,121.50,96.17,24.00,18.26
2026-04-22 18:04:00,2026-04-22 18:04:59,Q10,480.30,76.40,35.30,36.50,98.20,25.50,3.83,482.20,87.90,40.60,41.90,99.20,25.30,2.94,479.90,80.90,36.50,38.30,96.60,25.30,5.89,480.80,81.73,112.40,116.70,98.00,25.37,12.66
2026-04-22 18:05:00,2026-04-22 18:05:59,Q10,478.60,74.60,34.30,35.40,98.10,25.60,3.91,483.50,82.20,38.60,39.60,99.70,27.10,1.49,479.20,85.60,39.20,40.70,98.20,24.80,4.34,480.43,80.80,112.10,115.70,98.67,25.83,9.74
2026-04-22 18:06:00,2026-04-22 18:06:59,Q10,478.90,75.50,34.30,35.80,98.20,26.10,3.74,483.20,88.50,41.20,42.50,98.40,24.90,4.26,480.50,81.10,35.70,38.90,94.40,25.50,7.31,480.87,81.70,111.20,117.20,97.00,25.50,15.31
2026-04-22 18:07:00,2026-04-22 18:07:59,Q10,479.10,72.00,33.30,34.50,98.00,27.40,3.69,483.60,102.10,47.00,49.30,96.20,20.90,7.71,479.90,86.30,33.60,41.20,82.30,23.40,13.17,480.87,86.80,113.90,125.00,92.17,23.90,24.57
2026-04-22 18:08:00,2026-04-22 18:08:59,Q10,480.20,75.80,35.30,36.00,98.00,27.50,3.83,481.90,98.10,45.10,47.10,96.70,22.10,7.06,479.70,83.70,33.20,39.80,85.80,24.20,11.83,480.60,85.87,113.60,122.90,93.50,24.60,22.71
2026-04-22 18:09:00,2026-04-22 18:09:59,Q10,479.10,70.40,32.00,33.50,97.50,27.40,4.29,483.10,106.90,49.00,51.20,96.20,21.30,8.00,481.00,90.30,35.30,43.30,82.10,23.30,13.83,481.07,89.20,116.30,128.00,91.93,24.00,26.11
2026-04-22 18:10:00,2026-04-22 18:10:59,Q10,480.60,64.80,29.10,30.70,97.60,29.30,3.91,483.00,115.20,52.80,55.50,96.00,19.60,8.94,480.10,97.50,34.00,46.60,74.30,21.00,17.49,481.23,92.50,115.90,132.80,89.30,23.30,30.34
2026-04-22 18:11:00,2026-04-22 18:11:59,Q10,481.30,72.00,33.00,34.60,97.50,26.60,4.34,483.30,110.90,50.90,53.10,96.50,20.50,7.89,480.50,89.90,34.40,42.70,82.10,20.80,14.29,481.70,90.93,118.30,130.40,92.03,22.63,26.51
2026-04-22 18:12:00,2026-04-22 18:12:59,Q10,480.00,73.80,34.00,35.00,97.40,27.80,4.14,483.30,115.10,52.20,55.50,95.60,18.00,9.69,482.00,96.20,33.60,46.30,73.10,20.60,18.40,481.77,95.03,119.80,136.80,88.70,22.13,32.23
2026-04-22 18:13:00,2026-04-22 18:13:59,Q10,480.30,69.40,32.30,33.10,98.30,23.70,3.54,483.30,78.70,36.60,37.70,99.80,27.20,1.29,481.60,84.00,39.20,40.40,98.20,23.90,4.09,481.73,77.37,108.10,111.20,98.77,24.93,8.91
2026-04-22 18:14:00,2026-04-22 18:14:59,Q10,481.80,61.30,28.40,29.30,98.70,26.40,2.57,483.00,66.40,30.70,31.90,99.90,28.50,0.49,479.80,69.50,32.30,33.10,98.70,26.00,3.00,481.53,65.73,91.40,94.30,99.10,26.97,6.06
2026-04-22 18:15:00,2026-04-22 18:15:59,Q10,479.70,57.30,26.50,27.30,98.80,27.90,2.43,482.70,65.10,30.70,31.30,99.90,30.10,0.46,481.10,68.00,31.40,32.70,98.90,27.30,2.60,481.17,63.47,88.60,91.30,99.20,28.43,5.49
2026-04-22 18:16:00,2026-04-22 18:16:59,Q10,480.40,56.80,25.70,26.90,99.00,29.20,2.11,482.20,62.70,28.70,29.90,99.90,29.90,0.40,481.00,66.40,30.40,31.70,98.90,26.80,2.49,481.20,61.97,84.80,88.50,99.27,28.63,5.00
2026-04-22 18:17:00,2026-04-22 18:17:59,Q10,480.40,60.00,27.40,28.80,98.70,27.70,2.63,482.10,64.20,29.70,30.80,99.90,27.90,0.63,480.90,68.10,31.40,32.60,98.80,26.70,2.77,481.13,64.10,88.50,92.20,99.13,27.43,6.03
2026-04-22 18:18:00,2026-04-22 18:18:59,Q10,479.80,62.10,28.40,29.70,98.70,26.70,2.66,484.00,67.90,31.70,32.40,99.90,27.80,0.43,480.00,73.70,34.30,35.00,98.70,25.30,3.03,481.27,67.90,94.40,97.10,99.10,26.60,6.11
2026-04-22 18:19:00,2026-04-22 18:19:59,Q10,481.30,61.40,28.40,29.30,98.50,25.60,2.89,482.20,69.60,32.70,33.30,99.90,27.40,0.71,480.70,73.80,34.30,35.00,98.50,24.80,3.29,481.40,68.27,95.40,97.60,98.97,25.93,6.89
2026-04-22 18:20:00,2026-04-22 18:20:59,Q10,481.40,62.40,28.40,29.80,98.80,27.90,2.51,482.80,69.10,32.70,33.30,99.90,28.70,0.37,479.10,69.40,32.30,33.10,98.50,26.30,3.29,481.10,66.97,93.40,96.20,99.07,27.63,6.17
2026-04-22 18:21:00,2026-04-22 18:21:59,Q10,480.00,60.00,27.40,28.80,98.60,28.50,2.60,482.50,63.30,29.70,30.40,99.90,29.80,0.26,480.80,65.30,30.40,31.20,98.80,27.50,2.74,481.10,62.87,87.50,90.40,99.10,28.60,5.60
2026-04-22 18:22:00,2026-04-22 18:22:59,Q10,480.00,58.70,26.50,27.80,98.70,28.00,2.51,483.70,66.50,30.70,31.90,99.90,28.80,0.46,479.10,69.60,32.30,33.10,98.70,26.60,2.86,480.93,64.93,89.50,92.80,99.10,27.80,5.83
2026-04-22 18:23:00,2026-04-22 18:23:59,Q10,479.70,61.30,28.40,29.20,98.40,26.80,2.91,483.60,68.50,31.70,32.80,99.90,29.30,0.43,481.20,72.80,33.30,34.60,98.70,25.40,3.11,481.50,67.53,93.40,96.60,99.00,27.17,6.46
2026-04-22 18:24:00,2026-04-22 18:24:59,Q10,481.40,60.50,27.40,28.90,98.70,26.10,2.51,483.40,66.50,30.70,31.90,99.90,28.40,0.51,478.80,68.60,31.40,32.50,98.70,26.30,2.94,481.20,65.20,89.50,93.30,99.10,26.93,5.97
2026-04-22 18:25:00,2026-04-22 18:25:59,Q10,481.50,58.50,26.50,27.90,98.90,27.60,2.29,482.10,64.30,29.70,30.80,99.90,29.60,0.46,480.00,66.80,30.40,31.70,98.70,27.20,2.80,481.20,63.20,86.60,90.40,99.17,28.13,5.54
2026-04-22 18:26:00,2026-04-22 18:26:59,Q10,479.90,64.20,29.40,30.70,98.60,27.20,2.71,483.40,67.50,31.70,32.40,99.90,29.40,0.49,480.90,69.80,32.30,33.10,98.70,25.70,3.03,481.40,67.17,93.40,96.20,99.07,27.43,6.23
2026-04-22 18:27:00,2026-04-22 18:27:59,Q10,479.70,61.60,28.40,29.20,98.50,27.60,2.86,484.00,66.80,30.70,31.90,99.90,30.20,0.46,480.60,70.30,32.30,33.60,98.60,26.90,3.17,481.43,66.23,91.40,94.70,99.00,28.23,6.49
2026-04-22 18:28:00,2026-04-22 18:28:59,Q10,481.10,63.40,29.40,30.30,98.60,26.50,2.80,482.70,68.30,31.70,32.80,99.90,29.00,0.51,480.70,73.70,34.30,35.00,98.80,23.80,2.94,481.50,68.47,95.40,98.10,99.10,26.43,6.26
2026-04-22 18:29:00,2026-04-22 18:29:59,Q10,480.00,61.40,28.40,29.30,98.60,26.20,2.77,484.70,71.80,33.70,34.40,99.90,28.00,0.26,480.40,68.90,31.40,32.60,98.80,25.30,2.97,481.70,67.37,93.50,96.30,99.10,26.50,6.00
2026-04-22 18:30:00,2026-04-22 18:30:59,Q10,481.80,56.10,25.50,26.90,98.90,28.50,2.17,482.50,62.90,28.70,29.90,99.90,29.60,0.23,479.40,64.10,29.40,30.70,98.70,27.30,2.80,481.23,61.03,83.60,87.50,99.17,28.47,5.20
2026-04-22 18:31:00,2026-04-22 18:31:59,Q10,480.00,59.00,27.40,28.30,98.80,27.80,2.34,483.70,67.60,31.70,32.40,99.90,29.40,-0.09,481.20,65.50,30.40,31.30,98.80,26.30,2.77,481.63,64.03,89.50,92.00,99.17,27.83,5.03
2026-04-22 18:32:00,2026-04-22 18:32:59,Q10,480.20,59.70,27.40,28.30,98.70,28.00,2.63,484.70,70.00,32.70,33.90,99.90,29.30,0.34,480.30,72.70,33.30,34.60,98.60,26.00,3.20,481.73,67.47,93.40,96.80,99.07,27.77,6.17
2026-04-22 18:33:00,2026-04-22 18:33:59,Q10,480.80,58.70,26.50,27.80,98.70,28.90,2.51,484.70,64.40,29.70,31.00,99.90,29.40,0.37,479.80,68.20,31.40,32.60,98.80,26.60,2.80,481.77,63.77,87.60,91.40,99.13,28.30,5.69
2026-04-22 18:34:00,2026-04-22 18:34:59,Q10,480.40,55.80,25.50,26.40,98.80,28.40,2.31,483.10,64.20,29.70,30.90,99.90,29.90,0.29,481.50,64.80,29.40,30.80,98.80,26.70,2.63,481.67,61.60,84.60,88.10,99.17,28.33,5.23
2026-04-22 18:35:00,2026-04-22 18:35:59,Q10,480.40,60.50,27.40,28.80,98.70,28.00,2.57,483.70,64.90,29.70,30.90,99.90,28.90,0.23,481.40,67.60,31.40,32.20,98.80,25.40,2.74,481.83,64.33,88.50,91.90,99.13,27.43,5.54
2026-04-22 18:36:00,2026-04-22 18:36:59,Q10,481.90,59.10,27.40,28.40,98.60,29.00,2.69,483.60,68.90,31.70,32.80,99.90,29.60,0.40,480.00,69.30,32.30,33.10,98.70,26.50,3.03,481.83,65.77,91.40,94.30,99.07,28.37,6.11
2026-04-22 18:37:00,2026-04-22 18:37:59,Q10,482.10,61.50,28.40,29.40,98.60,27.60,2.80,483.30,67.90,31.70,32.40,99.90,28.40,0.60,480.30,73.20,34.30,35.00,98.50,26.10,3.31,481.90,67.53,94.40,96.80,99.00,27.37,6.71
2026-04-22 18:38:00,2026-04-22 18:38:59,Q10,480.00,64.30,29.40,30.70,98.60,26.10,2.83,484.70,66.80,30.70,31.90,99.90,28.80,0.43,481.00,70.50,32.30,33.70,98.70,25.30,3.06,481.90,67.20,92.40,96.30,99.07,26.73,6.31
2026-04-22 18:39:00,2026-04-22 18:39:59,Q10,481.00,60.80,27.40,28.90,98.60,27.10,2.77,483.50,68.30,31.70,32.80,99.90,28.80,0.34,481.90,72.40,33.30,34.60,98.80,25.10,2.97,482.13,67.17,92.40,96.30,99.10,27.00,6.09
2026-04-22 18:40:00,2026-04-22 18:40:59,Q10,480.00,62.00,28.40,29.80,98.40,27.80,2.97,484.80,68.80,31.70,32.90,99.90,29.70,0.43,480.70,71.70,33.30,34.10,98.60,25.50,3.23,481.83,67.50,93.40,96.80,98.97,27.67,6.63
2026-04-22 18:41:00,2026-04-22 18:41:59,Q10,480.80,66.60,30.40,31.70,98.30,26.30,3.37,483.50,76.00,35.60,36.70,99.80,27.60,1.09,479.90,78.00,36.30,37.40,98.60,25.60,3.54,481.40,73.53,102.30,105.80,98.90,26.50,8.00
2026-04-22 18:42:00,2026-04-22 18:42:59,Q10,481.00,70.40,32.30,33.70,98.00,26.70,3.83,483.20,102.10,47.00,49.30,96.50,21.20,7.54,479.50,85.10,33.20,40.70,83.60,23.00,13.00,481.23,85.87,112.50,123.70,92.70,23.63,24.37
2026-04-22 18:43:00,2026-04-22 18:43:59,Q10,479.80,26.20,11.90,12.50,99.70,49.40,-0.49,484.60,33.20,14.70,16.00,98.30,50.50,-1.46,480.50,30.50,13.90,14.40,99.90,47.90,0.11,481.63,29.97,40.50,42.90,99.30,49.27,-1.83
2026-04-22 18:44:00,2026-04-22 18:44:59,Q10,481.40,47.00,21.80,22.60,99.40,32.90,1.23,483.10,51.50,23.80,24.60,99.90,34.30,-0.43,481.00,52.20,24.80,25.00,99.30,30.50,1.57,481.83,50.23,70.40,72.20,99.53,32.57,2.37
2026-04-22 18:45:00,2026-04-22 18:45:59,Q10,481.00,50.80,23.80,24.00,99.20,30.70,1.57,483.50,56.00,26.70,27.00,99.90,31.90,-0.11,481.80,58.00,26.70,27.90,99.10,29.40,2.03,482.10,54.93,77.20,78.90,99.40,30.67,3.49
2026-04-22 18:46:00,2026-04-22 18:46:59,Q10,481.50,66.70,30.40,31.70,98.60,26.70,2.94,483.00,69.70,32.70,33.30,99.90,28.10,0.80,481.10,74.40,34.30,35.60,98.80,26.00,3.06,481.87,70.27,97.40,100.60,99.10,26.93,6.80
2026-04-22 18:47:00,2026-04-22 18:47:59,Q10,481.50,60.50,27.40,28.90,98.80,27.40,2.46,482.60,66.60,30.70,31.80,99.90,28.40,0.66,481.20,67.60,31.40,32.20,98.70,27.00,2.91,481.77,64.90,89.50,92.90,99.13,27.60,6.03
2026-04-22 18:48:00,2026-04-22 18:48:59,Q10,480.60,54.60,24.80,25.90,99.10,27.60,1.97,484.60,61.70,28.70,29.50,99.90,29.30,0.20,479.50,60.10,27.40,28.70,98.90,27.10,2.46,481.57,58.80,80.90,84.10,99.30,28.00,4.63
2026-04-22 18:49:00,2026-04-22 18:49:59,Q10,478.90,54.70,24.50,25.80,98.90,24.90,2.14,483.20,62.70,28.70,29.90,99.90,26.40,0.49,479.40,62.50,28.40,29.70,98.50,23.80,2.86,480.50,59.97,81.60,85.40,99.10,25.03,5.49
2026-04-22 18:50:00,2026-04-22 18:50:59,Q10,480.90,58.50,26.50,27.80,98.90,24.30,2.34,481.60,63.30,29.70,30.30,99.80,25.20,0.86,478.50,65.70,30.40,31.10,98.50,23.50,3.06,480.33,62.50,86.60,89.20,99.07,24.33,6.26
2026-04-22 18:51:00,2026-04-22 18:51:59,Q10,482.50,58.80,26.50,28.00,98.80,22.90,2.40,484.00,62.50,29.70,30.00,99.90,24.50,0.77,479.80,64.70,29.40,30.70,98.50,23.30,3.03,482.10,62.00,85.60,88.70,99.07,23.57,6.20
2026-04-22 18:52:00,2026-04-22 18:52:59,Q10,480.70,63.40,29.40,30.20,98.40,22.70,3.14,484.20,69.60,32.70,33.40,99.70,24.10,1.23,480.50,74.30,34.30,35.50,98.30,22.00,3.54,481.80,69.10,96.40,99.10,98.80,22.93,7.91
2026-04-22 18:53:00,2026-04-22 18:53:59,Q10,480.70,63.40,29.40,30.20,98.40,22.50,2.97,484.50,66.40,30.70,31.90,99.80,24.10,1.11,480.30,69.00,32.30,33.10,98.50,22.50,3.26,481.83,66.27,92.40,95.20,98.90,23.03,7.34
2026-04-22 18:54:00,2026-04-22 18:54:59,Q10,481.20,55.80,25.50,26.50,98.90,22.20,2.31,484.80,64.50,29.70,31.00,99.90,24.30,0.69,480.50,63.90,29.40,30.20,98.60,22.60,2.89,482.17,61.40,84.60,87.70,99.13,23.03,5.89
2026-04-22 18:55:00,2026-04-22 18:55:59,Q10,481.30,52.90,24.80,25.00,99.10,25.10,1.86,484.20,59.40,27.70,28.60,99.90,26.30,0.51,479.30,60.80,27.40,28.70,98.80,24.80,2.51,481.60,57.70,79.90,82.30,99.27,25.40,4.89
2026-04-22 18:56:00,2026-04-22 18:56:59,Q10,480.40,46.60,21.80,22.10,99.40,28.50,1.29,484.00,51.70,23.80,24.70,99.90,28.10,-0.03,480.70,53.50,24.80,25.40,99.00,27.90,1.97,481.70,50.60,70.40,72.20,99.43,28.17,3.23
2026-04-22 18:57:00,2026-04-22 18:57:59,Q10,480.90,45.20,20.80,21.60,99.50,28.60,1.11,482.60,47.80,21.80,22.70,99.90,28.60,-0.06,480.80,49.50,22.80,23.50,99.20,28.50,1.69,481.43,47.50,65.40,67.80,99.53,28.57,2.74
2026-04-22 18:58:00,2026-04-22 18:58:59,Q10,481.90,43.60,19.80,20.70,99.70,28.20,0.89,483.60,48.20,22.80,23.20,99.90,28.50,-0.11,479.80,50.50,22.80,24.00,99.20,29.70,1.63,481.77,47.43,65.40,67.90,99.60,28.80,2.40
2026-04-22 18:59:00,2026-04-22 18:59:59,Q10,481.70,44.60,20.80,21.20,99.60,27.10,1.03,483.70,50.50,23.80,24.10,99.90,28.50,0.03,479.30,49.40,22.80,23.50,99.10,28.70,1.69,481.57,48.17,67.40,68.80,99.53,28.10,2.74
2026-04-22 19:00:00,2026-04-22 19:00:59,Q10,480.60,41.40,18.80,19.70,99.60,29.30,0.86,482.60,45.60,20.80,21.70,99.90,31.10,-0.29,481.10,44.90,20.80,21.20,99.60,30.00,1.09,481.43,43.97,60.40,62.60,99.70,30.13,1.66
2026-04-22 19:01:00,2026-04-22 19:01:59,Q10,481.70,40.20,18.80,19.20,99.80,31.10,0.66,483.60,44.40,20.80,21.30,99.90,30.90,-0.51,479.40,45.20,20.80,21.60,99.60,29.90,1.06,481.57,43.27,60.40,62.10,99.77,30.63,1.20
2026-04-22 19:02:00,2026-04-22 19:02:59,Q10,480.70,44.20,20.80,21.10,99.60,28.40,1.03,484.30,48.00,22.80,23.20,99.90,29.50,-0.23,480.50,49.10,22.80,23.50,99.50,27.00,1.26,481.83,47.10,66.40,67.80,99.67,28.30,2.06
2026-04-22 19:03:00,2026-04-22 19:03:59,Q10,482.40,46.50,21.80,22.20,99.50,28.40,1.14,483.00,47.90,21.80,22.70,99.90,28.40,-0.06,480.30,47.10,21.80,22.60,99.50,27.70,1.29,481.90,47.17,65.40,67.50,99.63,28.17,2.37
2026-04-22 19:04:00,2026-04-22 19:04:59,Q10,481.90,43.50,19.80,20.70,99.60,29.10,1.00,484.00,46.60,21.80,22.30,99.90,29.70,-0.23,479.50,47.60,21.80,22.50,99.50,28.70,1.26,481.80,45.90,63.40,65.50,99.67,29.17,2.03
2026-04-22 19:05:00,2026-04-22 19:05:59,Q10,480.70,42.30,19.80,20.20,99.60,29.60,0.89,484.70,45.60,20.80,21.80,99.90,30.60,-0.43,479.90,45.90,20.80,21.60,99.60,29.70,1.03,481.77,44.60,61.40,63.60,99.70,29.97,1.49
2026-04-22 19:06:00,2026-04-22 19:06:59,Q10,480.90,41.60,18.80,19.70,99.50,29.00,1.06,484.10,44.90,20.80,21.30,99.90,29.60,-0.29,481.60,47.30,21.80,22.60,99.50,28.60,1.26,482.20,44.60,61.40,63.60,99.63,29.07,2.03
2026-04-22 19:07:00,2026-04-22 19:07:59,Q10,482.60,42.00,19.80,20.20,99.70,30.50,0.83,483.00,45.90,20.80,21.70,99.90,31.00,-0.26,480.20,44.20,20.80,21.10,99.50,30.50,1.23,481.93,44.03,61.40,63.00,99.70,30.67,1.80
2026-04-22 19:08:00,2026-04-22 19:08:59,Q10,480.90,42.50,19.80,20.20,99.70,30.00,0.83,484.10,43.60,19.80,20.80,99.90,31.30,-0.40,481.60,43.70,19.80,20.70,99.70,29.00,0.91,482.20,43.27,59.40,61.70,99.77,30.10,1.34
2026-04-22 19:09:00,2026-04-22 19:09:59,Q10,480.70,41.60,18.80,19.70,99.70,29.20,0.80,484.30,43.20,19.80,20.80,99.90,30.80,-0.37,481.20,45.80,20.80,21.60,99.60,30.00,1.09,482.07,43.53,59.40,62.10,99.73,30.00,1.51
2026-04-22 19:10:00,2026-04-22 19:10:59,Q10,481.60,42.10,19.80,20.20,99.50,30.00,1.03,483.40,45.80,20.80,21.70,99.90,30.00,-0.29,480.60,46.90,21.80,22.10,99.50,29.00,1.17,481.87,44.93,62.40,64.00,99.63,29.67,1.91
2026-04-22 19:11:00,2026-04-22 19:11:59,Q10,481.90,45.20,20.80,21.60,99.50,29.00,1.14,483.10,49.20,22.80,23.70,99.90,29.60,-0.09,481.50,48.10,22.80,23.10,99.40,28.70,1.34,482.17,47.50,66.40,68.40,99.60,29.10,2.40
2026-04-22 19:12:00,2026-04-22 19:12:59,Q10,481.70,44.80,20.80,21.20,99.50,29.70,1.11,483.00,47.20,21.80,22.70,99.90,30.50,-0.03,481.90,48.10,22.80,23.10,99.50,28.20,1.23,482.20,46.70,65.40,67.00,99.63,29.47,2.31
2026-04-22 19:13:00,2026-04-22 19:13:59,Q10,480.80,43.40,19.80,20.60,99.60,29.50,0.94,484.00,44.30,20.80,21.30,99.90,29.50,-0.29,481.50,46.90,21.80,22.10,99.60,29.50,1.06,482.10,44.87,62.40,64.00,99.70,29.50,1.71
2026-04-22 19:14:00,2026-04-22 19:14:59,Q10,482.60,38.90,17.80,18.30,99.80,31.00,0.63,483.20,43.30,19.80,20.80,99.90,32.30,-0.49,479.70,42.90,19.80,20.10,99.70,31.70,0.89,481.83,41.70,57.40,59.20,99.80,31.67,1.03
2026-04-22 19:15:00,2026-04-22 19:15:59,Q10,480.80,38.40,17.80,18.20,99.80,31.20,0.60,483.90,41.30,18.80,19.80,99.80,32.00,-0.54,481.60,42.80,19.80,20.20,99.80,30.90,0.66,482.10,40.83,56.40,58.20,99.80,31.37,0.71
2026-04-22 19:16:00,2026-04-22 19:16:59,Q10,480.60,40.80,18.80,19.20,99.70,31.50,0.71,484.40,42.10,19.80,20.30,99.90,32.40,-0.49,481.10,44.10,20.80,21.20,99.70,30.10,0.83,482.03,42.33,59.40,60.70,99.77,31.33,1.06
2026-04-22 19:17:00,2026-04-22 19:17:59,Q10,480.90,41.80,18.80,19.70,99.60,29.00,1.00,484.80,45.20,20.80,21.80,99.90,29.80,-0.37,480.70,46.90,21.80,22.10,99.60,27.90,1.14,482.13,44.63,61.40,63.60,99.70,28.90,1.77
2026-04-22 19:18:00,2026-04-22 19:18:59,Q10,481.10,44.80,20.80,21.20,99.50,29.60,1.14,484.20,48.60,22.80,23.20,99.90,30.00,-0.17,481.50,49.10,22.80,23.60,99.50,29.10,1.31,482.27,47.50,66.40,68.00,99.63,29.57,2.29
2026-04-22 19:19:00,2026-04-22 19:19:59,Q10,482.30,43.60,19.80,20.70,99.60,30.50,0.89,484.30,46.30,21.80,22.30,99.90,31.60,-0.29,481.90,46.00,21.80,22.10,99.50,29.70,1.20,482.83,45.30,63.40,65.10,99.67,30.60,1.80
2026-04-22 19:20:00,2026-04-22 19:20:59,Q10,482.90,40.30,18.80,19.30,99.70,31.50,0.69,484.00,43.30,19.80,20.80,99.90,32.00,-0.37,480.80,43.50,19.80,20.60,99.60,31.30,0.91,482.57,42.37,58.40,60.70,99.73,31.60,1.23
2026-04-22 19:21:00,2026-04-22 19:21:59,Q10,481.70,40.20,18.80,19.20,99.90,31.30,0.40,485.50,46.10,21.80,22.30,99.90,28.70,-0.09,480.40,44.90,20.80,21.10,99.60,30.40,1.03,482.53,43.73,61.40,62.60,99.80,30.13,1.34
2026-04-22 19:22:00,2026-04-22 19:22:59,Q10,481.40,44.10,20.80,21.20,99.90,28.80,0.51,484.40,47.90,21.80,22.70,99.90,29.20,0.26,480.70,44.90,20.80,21.10,99.40,31.30,1.23,482.17,45.63,63.40,65.00,99.73,29.77,2.00
2026-04-22 19:23:00,2026-04-22 19:23:59,Q10,481.00,47.10,21.80,22.60,99.90,28.80,0.49,484.20,50.30,23.80,24.20,99.90,28.40,0.23,478.00,46.80,20.80,22.00,99.50,29.30,1.26,481.07,48.07,66.40,68.80,99.77,28.83,1.97
2026-04-22 19:24:00,2026-04-22 19:24:59,Q10,481.20,43.70,19.80,20.70,99.90,30.10,0.37,481.60,47.00,21.80,22.60,99.90,29.40,0.26,478.90,46.60,20.80,22.00,99.60,32.30,1.06,480.57,45.77,62.40,65.30,99.80,30.60,1.69
2026-04-22 19:25:00,2026-04-22 19:25:59,Q10,481.30,44.90,20.80,21.20,99.90,28.40,0.23,481.50,48.20,22.80,23.10,99.90,29.30,0.29,478.30,44.40,20.80,21.00,99.60,30.50,1.00,480.37,45.83,64.40,65.30,99.80,29.40,1.51
2026-04-22 19:26:00,2026-04-22 19:26:59,Q10,480.30,53.10,24.80,25.40,99.70,26.70,0.97,481.20,53.90,24.80,25.50,99.80,27.00,0.77,478.10,54.00,24.80,25.80,99.40,27.00,1.57,479.87,53.67,74.40,76.70,99.63,26.90,3.31
2026-04-22 19:27:00,2026-04-22 19:27:59,Q10,480.30,53.20,24.80,25.40,99.80,25.40,0.83,481.20,55.20,25.70,26.50,99.80,25.70,0.74,478.00,52.60,23.80,24.90,99.30,27.10,1.66,479.83,53.67,74.30,76.80,99.63,26.07,3.23
2026-04-22 19:28:00,2026-04-22 19:28:59,Q10,480.90,45.00,20.80,21.60,99.90,29.00,0.23,483.10,47.50,21.80,22.70,99.90,28.90,0.14,477.20,45.50,20.80,21.50,99.50,31.20,1.14,480.40,46.00,63.40,65.80,99.77,29.70,1.51
2026-04-22 19:29:00,2026-04-22 19:29:59,Q10,479.70,41.90,18.80,19.60,99.90,29.40,0.26,482.80,45.30,20.80,21.70,99.90,29.60,0.11,479.30,43.10,19.80,20.60,99.60,31.20,0.97,480.60,43.43,59.40,61.90,99.80,30.07,1.34
2026-04-22 19:30:00,2026-04-22 19:30:59,Q10,480.40,47.40,21.80,22.60,99.90,28.10,0.51,483.30,51.40,23.80,24.60,99.90,28.10,0.37,479.90,47.10,21.80,22.50,99.50,30.50,1.17,481.20,48.63,67.40,69.70,99.77,28.90,2.06
2026-04-22 19:31:00,2026-04-22 19:31:59,Q10,483.10,48.60,22.80,23.20,99.90,30.10,0.40,483.50,52.30,24.80,25.10,99.90,30.00,0.37,479.30,46.80,21.80,22.00,99.60,32.00,1.17,481.97,49.23,69.40,70.30,99.80,30.70,1.94
2026-04-22 19:32:00,2026-04-22 19:32:59,Q10,483.60,46.10,21.80,22.20,99.90,30.20,0.37,484.30,49.00,22.80,23.70,99.90,29.70,0.09,479.60,48.70,21.80,23.00,99.70,30.30,0.97,482.50,47.93,66.40,68.90,99.83,30.07,1.43
2026-04-22 19:33:00,2026-04-22 19:33:59,Q10,482.00,46.00,21.80,22.20,99.90,31.20,0.31,483.30,48.30,22.80,23.20,99.90,31.50,0.14,480.80,46.20,21.80,22.10,99.70,33.20,0.94,482.03,46.83,66.40,67.50,99.83,31.97,1.40
2026-04-22 19:34:00,2026-04-22 19:34:59,Q10,483.00,49.30,22.80,23.70,99.90,29.80,0.43,484.00,55.40,25.70,26.60,99.90,29.70,0.34,479.00,50.60,22.80,24.00,99.50,31.20,1.31,482.00,51.77,71.30,74.30,99.77,30.23,2.09
2026-04-22 19:35:00,2026-04-22 19:35:59,Q10,481.30,46.30,21.80,22.10,99.90,30.80,0.37,484.80,50.10,23.80,24.20,99.90,30.70,0.06,480.20,46.90,21.80,22.10,99.60,32.40,1.09,482.10,47.77,67.40,68.40,99.80,31.30,1.51
2026-04-22 19:36:00,2026-04-22 19:36:59,Q10,481.10,66.80,30.70,31.70,99.20,25.90,2.29,483.50,93.30,42.20,44.90,96.20,21.20,7.03,481.10,74.90,30.10,35.60,86.50,26.50,9.86,481.90,78.33,103.00,112.20,93.97,24.53,19.17
2026-04-22 19:37:00,2026-04-22 19:37:59,Q10,479.60,145.30,56.60,69.50,82.20,17.00,23.20,484.70,76.10,25.20,36.80,70.80,30.90,14.40,477.80,113.60,52.50,53.90,99.90,22.10,1.31,480.70,111.67,134.30,160.20,84.30,23.33,38.91
2026-04-22 19:38:00,2026-04-22 19:38:59,Q10,481.20,65.30,30.70,31.30,99.50,26.00,1.63,484.80,70.10,32.70,33.90,99.60,25.90,1.60,479.10,67.90,31.40,32.10,98.70,26.40,2.86,481.70,67.77,94.80,97.30,99.27,26.10,6.09
2026-04-22 19:39:00,2026-04-22 19:39:59,Q10,481.90,63.60,29.70,30.30,99.50,25.60,1.63,482.70,67.30,31.70,32.30,99.80,27.20,1.09,480.50,68.30,31.70,32.60,99.20,27.40,2.17,481.70,66.40,93.10,95.20,99.50,26.73,4.89
2026-04-22 19:40:00,2026-04-22 19:40:59,Q10,481.30,64.20,29.70,30.80,99.50,25.90,1.63,484.80,66.00,30.70,31.90,99.70,26.80,1.17,478.50,66.70,30.70,31.50,99.10,27.50,2.31,481.53,65.63,91.10,94.20,99.43,26.73,5.11
2026-04-22 19:41:00,2026-04-22 19:41:59,Q10,481.30,62.30,28.70,29.80,99.60,25.70,1.40,484.70,68.10,31.70,32.90,99.80,26.20,0.89,478.90,65.90,30.70,31.10,99.20,27.20,2.20,481.63,65.43,91.10,93.80,99.53,26.37,4.49
2026-04-22 19:42:00,2026-04-22 19:42:59,Q10,482.10,68.80,31.70,32.80,99.40,25.70,1.97,483.00,70.40,32.70,33.80,99.70,25.20,1.46,480.40,69.70,32.70,33.10,99.00,26.50,2.57,481.83,69.63,97.10,99.70,99.37,25.80,6.00
2026-04-22 19:43:00,2026-04-22 19:43:59,Q10,481.10,68.80,31.70,32.70,99.20,25.80,2.31,482.60,74.80,34.70,35.70,99.60,26.90,1.66,480.10,70.90,32.70,33.60,99.00,27.60,2.74,481.27,71.50,99.10,102.00,99.27,26.77,6.71
2026-04-22 19:44:00,2026-04-22 19:44:59,Q10,481.20,67.90,31.70,32.20,99.60,24.10,1.51,484.20,82.90,37.80,39.70,97.30,21.00,5.37,478.80,66.00,28.20,31.50,91.40,27.30,7.40,481.40,72.27,97.70,103.40,96.10,24.13,14.29
2026-04-22 19:45:00,2026-04-22 19:45:59,Q10,480.70,69.50,32.70,33.10,99.30,25.40,2.09,484.40,74.80,34.70,35.80,99.50,24.80,1.89,479.60,73.30,33.30,35.00,98.70,26.20,3.11,481.57,72.53,100.70,103.90,99.17,25.47,7.09
2026-04-22 19:46:00,2026-04-22 19:46:59,Q10,482.60,60.30,27.70,28.90,99.70,24.90,1.17,484.50,65.50,30.70,31.50,99.80,24.60,1.06,478.40,65.10,30.70,31.10,99.00,27.50,2.26,481.83,63.63,89.10,91.50,99.50,25.67,4.49
2026-04-22 19:47:00,2026-04-22 19:47:59,Q10,480.90,59.30,27.70,28.30,99.70,26.20,1.14,484.40,66.50,30.70,31.90,99.80,26.00,0.97,479.00,64.30,29.70,30.70,99.20,28.10,2.06,481.43,63.37,88.10,90.90,99.57,26.77,4.17
2026-04-22 19:48:00,2026-04-22 19:48:59,Q10,482.20,62.80,28.70,29.90,99.50,26.10,1.54,483.10,67.10,31.70,32.40,99.70,27.10,1.23,480.20,65.00,30.70,31.20,99.20,28.80,2.20,481.83,64.97,91.10,93.50,99.47,27.33,4.97
2026-04-22 19:49:00,2026-04-22 19:49:59,Q10,480.80,64.70,29.70,30.70,99.40,26.50,1.89,484.40,68.40,31.70,32.90,99.70,27.10,1.37,480.20,69.70,32.70,33.10,99.10,27.70,2.49,481.80,67.60,94.10,96.70,99.40,27.10,5.74
2026-04-22 19:50:00,2026-04-22 19:50:59,Q10,481.10,60.80,27.70,28.90,99.70,26.70,1.23,482.90,63.90,29.70,30.40,99.80,26.70,0.94,480.00,62.50,28.70,29.80,99.20,28.00,2.06,481.33,62.40,86.10,89.10,99.57,27.13,4.23
2026-04-22 19:51:00,2026-04-22 19:51:59,Q10,481.00,57.50,26.70,27.40,99.70,27.30,1.11,484.50,62.30,29.70,30.00,99.90,26.80,0.66,479.00,60.90,27.70,28.70,99.30,28.40,1.83,481.50,60.23,84.10,86.10,99.63,27.50,3.60
2026-04-22 19:52:00,2026-04-22 19:52:59,Q10,482.20,55.40,25.70,26.50,99.80,28.50,0.86,484.70,57.00,26.70,27.60,99.90,28.40,0.60,478.50,56.40,25.70,26.80,99.20,29.80,1.83,481.80,56.27,78.10,80.90,99.63,28.90,3.29
2026-04-22 19:53:00,2026-04-22 19:53:59,Q10,481.10,53.20,24.80,25.50,99.80,28.10,0.80,484.90,58.70,27.70,28.10,99.90,28.20,0.46,479.20,55.10,25.70,26.30,99.40,29.20,1.57,481.73,55.67,78.20,79.90,99.70,28.50,2.83
2026-04-22 19:54:00,2026-04-22 19:54:59,Q10,481.10,53.10,24.80,25.50,99.90,29.60,0.60,484.30,55.10,25.70,26.60,99.90,28.90,0.49,480.20,54.90,24.80,25.90,99.50,30.00,1.43,481.87,54.37,75.30,78.00,99.77,29.50,2.51
2026-04-22 19:55:00,2026-04-22 19:55:59,Q10,482.50,51.60,23.80,24.60,99.80,28.80,0.71,484.10,58.20,27.70,28.10,99.90,28.20,0.43,478.60,55.60,25.70,26.30,99.40,30.20,1.57,481.73,55.13,77.20,79.00,99.70,29.07,2.71
2026-04-22 19:56:00,2026-04-22 19:56:59,Q10,481.20,46.00,21.80,22.10,99.90,32.00,0.37,485.00,50.90,23.80,24.20,99.90,32.10,0.03,479.00,51.40,23.80,24.40,99.50,33.70,1.20,481.73,49.43,69.40,70.70,99.77,32.60,1.60
2026-04-22 19:57:00,2026-04-22 19:57:59,Q10,480.60,46.40,21.80,22.10,99.90,29.90,0.46,484.10,50.70,23.80,24.20,99.90,30.30,0.03,479.90,49.70,22.80,23.50,99.50,32.60,1.29,481.53,48.93,68.40,69.80,99.77,30.93,1.77
2026-04-22 19:58:00,2026-04-22 19:58:59,Q10,481.90,47.90,21.80,22.60,99.90,31.90,0.43,484.80,53.80,24.80,25.70,99.90,30.90,0.11,478.40,49.90,22.80,23.40,99.40,34.00,1.37,481.70,50.53,69.40,71.70,99.73,32.27,1.91
2026-04-22 19:59:00,2026-04-22 19:59:59,Q10,482.80,52.00,24.80,25.10,99.80,28.90,0.63,483.60,56.00,26.70,27.00,99.90,28.50,0.46,480.00,53.20,24.80,25.40,99.40,30.20,1.43,482.13,53.73,76.30,77.50,99.70,29.20,2.51
2026-04-22 20:00:00,2026-04-22 20:00:59,Q10,481.90,52.70,24.80,25.00,99.80,29.00,0.71,483.10,57.40,26.70,27.50,99.90,28.40,0.54,480.20,54.50,24.80,25.90,99.50,30.20,1.49,481.73,54.87,76.30,78.40,99.73,29.20,2.74
2026-04-22 20:01:00,2026-04-22 20:01:59,Q10,480.90,65.20,30.70,31.20,99.30,26.90,2.11,483.90,109.50,49.40,52.60,95.30,18.00,9.31,479.70,82.80,28.90,39.30,74.00,23.00,15.37,481.50,85.83,109.00,123.10,89.53,22.63,26.80
2026-04-22 20:02:00,2026-04-22 20:02:59,Q10,482.40,67.40,31.70,32.30,99.50,24.80,1.74,483.70,97.80,43.70,46.90,95.90,19.70,7.57,479.50,71.80,28.20,34.00,83.30,25.30,11.00,481.87,79.00,103.60,113.20,92.90,23.27,20.31
2026-04-22 20:03:00,2026-04-22 20:03:59,Q10,480.50,65.40,30.70,31.20,99.50,26.00,1.60,484.20,70.40,32.70,33.90,99.80,26.40,1.14,478.90,66.00,30.70,31.50,99.10,27.60,2.34,481.20,67.27,94.10,96.60,99.47,26.67,5.09
2026-04-22 20:04:00,2026-04-22 20:04:59,Q10,480.50,65.10,30.70,31.20,99.50,24.80,1.69,482.80,67.00,31.70,32.30,99.80,25.60,1.17,479.80,68.60,31.70,32.60,99.20,26.70,2.31,481.03,66.90,94.10,96.10,99.50,25.70,5.17
2026-04-22 20:05:00,2026-04-22 20:05:59,Q10,481.80,67.80,31.70,32.20,99.50,25.10,1.86,482.70,80.20,37.20,38.60,98.40,23.30,3.89,478.40,71.30,31.40,33.90,95.60,27.00,5.51,480.97,73.10,100.30,104.70,97.83,25.13,11.26
2026-04-22 20:06:00,2026-04-22 20:06:59,Q10,481.30,69.80,32.70,33.20,99.40,25.30,1.97,483.30,88.50,40.30,42.50,96.80,21.80,6.26,478.40,69.70,28.50,33.00,89.20,26.90,8.71,481.00,76.00,101.50,108.70,95.13,24.67,16.94
2026-04-22 20:07:00,2026-04-22 20:07:59,Q10,480.00,67.50,31.70,32.20,99.40,24.50,1.91,482.90,71.10,33.70,34.20,99.70,25.00,1.34,479.80,71.40,33.70,34.00,99.10,26.00,2.43,480.90,70.00,99.10,100.40,99.40,25.17,5.69
2026-04-22 20:08:00,2026-04-22 20:08:59,Q10,481.20,63.90,29.70,30.30,99.40,26.20,1.83,483.20,70.20,32.70,33.80,99.70,26.30,1.26,478.00,70.20,32.70,33.50,99.00,27.00,2.63,480.80,68.10,95.10,97.60,99.37,26.50,5.71
2026-04-22 20:09:00,2026-04-22 20:09:59,Q10,480.80,68.30,31.70,32.60,99.50,24.50,1.83,483.60,70.90,32.70,33.80,99.70,24.90,1.31,477.70,71.90,32.70,33.90,99.10,25.40,2.49,480.70,70.37,97.10,100.30,99.43,24.93,5.63
2026-04-22 20:10:00,2026-04-22 20:10:59,Q10,481.70,66.70,30.70,31.70,99.60,23.80,1.60,482.20,71.80,33.70,34.20,99.80,24.50,1.17,477.80,71.40,32.70,33.90,99.10,25.20,2.46,480.57,69.97,97.10,99.80,99.50,24.50,5.23
2026-04-22 20:11:00,2026-04-22 20:11:59,Q10,481.30,67.20,31.70,32.20,99.50,25.00,1.83,482.00,80.20,37.20,38.60,98.70,23.00,3.51,479.30,71.40,32.60,34.00,96.00,26.90,5.23,480.87,72.93,101.50,104.80,98.07,24.97,10.57
2026-04-22 20:12:00,2026-04-22 20:12:59,Q10,480.00,67.20,31.70,32.20,99.30,26.70,2.00,483.30,105.90,47.50,50.70,95.50,19.10,8.63,479.40,77.50,27.70,36.90,77.10,24.70,13.80,480.90,83.53,106.90,119.80,90.63,23.50,24.43
2026-04-22 20:13:00,2026-04-22 20:13:59,Q10,480.90,69.70,32.70,33.10,99.40,23.70,1.91,481.90,92.10,42.20,44.30,96.40,19.80,6.83,479.90,69.00,28.70,33.10,87.90,26.10,9.29,480.90,76.93,103.60,110.50,94.57,23.20,18.03
2026-04-22 20:14:00,2026-04-22 20:14:59,Q10,480.80,69.60,32.70,33.10,99.20,24.40,2.37,481.50,100.20,45.60,48.10,95.50,19.50,8.31,479.80,78.80,30.70,37.40,83.50,25.10,11.60,480.70,82.87,109.00,118.60,92.73,23.00,22.29
2026-04-22 20:15:00,2026-04-22 20:15:59,Q10,481.40,68.30,31.00,32.70,97.50,27.50,3.91,481.50,124.40,56.00,59.60,95.00,15.50,11.00,478.60,104.30,32.30,49.70,66.30,18.80,21.37,480.50,99.00,119.30,142.00,86.27,20.60,36.29
2026-04-22 20:16:00,2026-04-22 20:16:59,Q10,481.10,68.50,31.70,32.70,99.30,26.00,2.09,481.80,73.40,34.70,35.10,99.60,26.40,1.60,478.60,72.20,33.30,34.40,98.90,27.20,2.89,480.50,71.37,99.70,102.20,99.27,26.53,6.57
2026-04-22 20:17:00,2026-04-22 20:17:59,Q10,481.60,68.50,31.70,32.70,99.50,24.90,1.89,482.80,77.20,36.60,37.10,99.30,25.10,2.31,477.80,71.30,32.30,33.90,98.00,26.00,3.77,480.73,72.33,100.60,103.70,98.93,25.33,7.97
2026-04-22 20:18:00,2026-04-22 20:18:59,Q10,481.60,66.40,30.70,31.70,99.50,25.10,1.69,483.10,71.40,33.70,34.30,99.70,25.10,1.29,477.80,69.00,31.40,32.90,98.90,27.70,2.74,480.83,68.93,95.80,98.90,99.37,25.97,5.71
2026-04-22 20:19:00,2026-04-22 20:19:59,Q10,481.90,65.30,30.70,31.30,99.60,25.50,1.54,482.70,72.60,33.70,34.70,99.70,25.40,1.34,477.80,66.40,30.40,31.50,98.90,27.50,2.60,480.80,68.10,94.80,97.50,99.40,26.13,5.49
2026-04-22 20:20:00,2026-04-22 20:20:59,Q10,480.10,62.70,28.70,29.80,99.60,26.00,1.51,483.90,72.60,33.70,34.80,99.70,25.90,1.23,479.00,65.80,30.40,31.10,98.90,28.00,2.57,481.00,67.03,92.80,95.70,99.40,26.63,5.31
2026-04-22 20:21:00,2026-04-22 20:21:59,Q10,481.30,68.90,31.70,32.70,99.50,26.20,1.83,482.20,89.20,40.70,42.90,97.30,22.10,5.51,479.60,70.00,30.40,33.50,92.10,28.10,7.40,481.03,76.03,102.80,109.10,96.30,25.47,14.74
2026-04-22 20:22:00,2026-04-22 20:22:59,Q10,481.40,72.30,33.70,34.60,99.20,24.90,2.31,483.70,102.10,46.50,49.30,95.60,18.80,8.37,478.60,75.80,28.70,35.80,82.20,25.00,12.11,481.23,83.40,108.90,119.70,92.33,22.90,22.80
2026-04-22 20:23:00,2026-04-22 20:23:59,Q10,481.80,68.30,31.70,32.70,99.40,27.70,1.94,482.20,73.00,34.70,35.20,99.60,27.10,1.69,478.70,71.30,32.30,33.90,98.80,29.10,2.94,480.90,70.87,98.70,101.80,99.27,27.97,6.57
2026-04-22 20:24:00,2026-04-22 20:24:59,Q10,481.70,66.70,30.70,31.70,99.60,26.10,1.40,483.70,70.20,32.70,33.80,99.80,26.00,0.94,478.00,65.60,30.70,31.10,99.10,26.90,2.37,481.13,67.50,94.10,96.60,99.50,26.33,4.71
2026-04-22 20:25:00,2026-04-22 20:25:59,Q10,481.80,65.70,30.70,31.30,99.50,26.40,1.74,482.90,73.10,34.70,35.20,99.70,26.50,1.43,477.80,69.20,31.40,32.90,98.80,28.00,2.91,480.83,69.33,96.80,99.40,99.33,26.97,6.09
2026-04-22 20:26:00,2026-04-22 20:26:59,Q10,479.50,63.50,29.70,30.20,99.30,23.50,1.97,482.80,71.90,33.70,34.20,99.60,23.20,1.66,477.00,67.00,30.40,32.00,98.50,25.00,3.17,479.77,67.47,93.80,96.40,99.13,23.90,6.80
2026-04-22 20:27:00,2026-04-22 20:27:59,Q10,480.10,65.50,30.70,31.20,99.30,23.10,2.03,483.50,70.70,32.70,33.80,99.50,22.80,1.86,478.10,68.60,31.40,32.50,98.60,24.50,3.03,480.57,68.27,94.80,97.50,99.13,23.47,6.91
2026-04-22 20:28:00,2026-04-22 20:28:59,Q10,481.30,62.70,28.70,29.80,99.40,23.00,1.74,481.30,66.70,30.70,31.70,99.50,22.40,1.69,478.00,63.70,29.40,30.10,98.70,24.40,2.77,480.20,64.37,88.80,91.60,99.20,23.27,6.20
2026-04-22 20:29:00,2026-04-22 20:29:59,Q10,480.90,63.40,29.70,30.20,99.40,22.20,1.91,482.10,69.30,32.70,33.30,99.50,23.10,1.83,479.20,66.60,30.40,31.60,98.70,23.80,2.89,480.73,66.43,92.80,95.10,99.20,23.03,6.63
2026-04-22 20:30:00,2026-04-22 20:30:59,Q10,480.70,68.10,31.70,32.60,99.20,22.40,2.23,483.20,71.00,33.70,34.30,99.50,21.90,1.91,477.20,68.50,31.40,32.40,98.60,23.50,3.17,480.37,69.20,96.80,99.30,99.10,22.60,7.31
2026-04-22 20:31:00,2026-04-22 20:31:59,Q10,481.30,65.50,30.70,31.30,99.30,21.90,2.03,481.40,71.60,33.70,34.20,99.50,22.70,1.91,478.10,67.80,31.40,32.00,98.60,24.00,3.09,480.27,68.30,95.80,97.50,99.13,22.87,7.03
2026-04-22 20:32:00,2026-04-22 20:32:59,Q10,480.50,66.80,30.70,31.70,99.30,21.80,1.97,483.80,71.30,33.70,34.30,99.50,20.80,1.83,477.60,67.50,30.40,32.00,98.50,22.70,3.17,480.63,68.53,94.80,98.00,99.10,21.77,6.97
2026-04-22 20:33:00,2026-04-22 20:33:59,Q10,482.10,71.50,33.30,34.20,98.60,21.50,3.26,485.10,76.60,35.60,36.90,99.60,22.30,1.66,479.70,80.80,37.20,38.30,98.80,21.40,3.23,482.30,76.30,106.10,109.40,99.00,21.73,8.14
2026-04-22 20:34:00,2026-04-22 20:34:59,Q10,481.90,74.50,34.30,35.60,98.50,21.80,3.34,485.10,75.50,35.60,36.40,99.60,23.00,1.74,480.10,77.00,35.30,37.00,98.50,21.00,3.66,482.37,75.67,105.20,109.00,98.87,21.93,8.74
2026-04-22 20:35:00,2026-04-22 20:35:59,Q10,483.10,74.30,34.30,35.70,98.30,21.30,3.77,484.30,79.30,37.60,38.20,99.50,21.30,2.14,481.10,82.70,38.20,39.40,98.50,20.50,3.77,482.83,78.77,110.10,113.30,98.77,21.03,9.69
2026-04-22 20:36:00,2026-04-22 20:36:59,Q10,481.70,74.30,34.00,35.60,97.50,22.70,4.51,484.90,116.40,53.20,56.10,95.70,15.90,9.49,480.80,94.80,35.10,45.10,78.40,18.60,16.46,482.47,95.17,122.30,136.80,90.53,19.07,30.46
2026-04-22 20:37:00,2026-04-22 20:37:59,Q10,481.30,73.90,34.30,35.10,98.00,22.20,4.03,483.50,104.30,48.00,50.20,96.10,17.60,8.17,482.00,84.10,33.60,40.50,84.50,19.60,12.77,482.27,87.43,115.90,125.80,92.87,19.80,24.97
2026-04-22 20:38:00,2026-04-22 20:38:59,Q10,482.20,73.20,34.30,35.20,98.30,22.10,3.66,483.90,76.50,35.60,36.70,99.50,23.60,2.00,482.00,80.80,37.20,38.60,98.50,22.00,3.66,482.70,76.83,107.10,110.50,98.77,22.57,9.31
2026-04-22 20:39:00,2026-04-22 20:39:59,Q10,483.40,73.50,34.30,35.30,98.40,21.90,3.51,484.30,80.60,37.60,38.70,99.50,23.80,1.97,481.40,78.50,36.30,37.50,98.60,23.00,3.63,483.03,77.53,108.20,111.50,98.83,22.90,9.11
2026-04-22 20:40:00,2026-04-22 20:40:59,Q10,481.50,143.90,54.40,68.80,80.80,14.70,24.29,485.20,75.20,24.10,36.40,67.30,26.70,15.11,478.20,110.40,51.50,52.60,99.80,17.90,1.77,481.63,109.83,130.00,157.80,82.63,19.77,41.17
2026-04-22 20:41:00,2026-04-22 20:41:59,Q10,481.10,138.90,52.80,66.40,80.20,15.60,23.37,485.50,69.60,21.50,33.50,65.90,29.20,14.31,477.90,106.40,49.50,50.60,99.80,18.70,1.51,481.50,104.97,123.80,150.50,81.97,21.17,39.20
2026-04-22 20:42:00,2026-04-22 20:42:59,Q10,483.20,73.50,34.30,35.30,98.30,22.50,3.77,484.60,79.10,37.60,38.20,99.50,23.60,1.97,481.40,83.70,38.20,39.90,98.40,22.10,3.89,483.07,78.77,110.10,113.40,98.73,22.73,9.63
2026-04-22 20:43:00,2026-04-22 20:43:59,Q10,482.70,71.30,33.30,34.20,98.20,22.30,3.60,484.90,72.90,33.70,34.80,99.60,23.40,1.77,481.30,78.60,36.30,37.50,98.60,21.10,3.49,482.97,74.27,103.30,106.50,98.80,22.27,8.86
2026-04-22 20:44:00,2026-04-22 20:44:59,Q10,481.10,76.70,35.30,36.60,98.00,21.90,4.06,485.00,92.20,42.70,44.60,97.30,20.30,6.00,482.00,79.80,34.60,38.10,91.70,20.80,8.94,482.70,82.90,112.60,119.30,95.67,21.00,19.00
2026-04-22 20:45:00,2026-04-22 20:45:59,Q10,482.40,78.80,35.90,37.60,97.40,22.90,4.83,485.30,112.20,51.30,54.30,95.50,17.60,9.43,481.00,93.30,35.60,44.70,81.20,19.40,15.31,482.90,94.77,122.80,136.60,91.37,19.97,29.57
2026-04-22 20:46:00,2026-04-22 20:46:59,Q10,482.50,75.30,35.30,36.20,98.10,21.80,4.00,486.70,80.10,37.60,38.90,99.40,23.90,2.29,480.90,82.20,38.20,39.40,98.30,21.60,4.11,483.37,79.20,111.10,114.50,98.60,22.43,10.40
2026-04-22 20:47:00,2026-04-22 20:47:59,Q10,484.20,70.30,32.30,33.90,98.50,21.30,3.17,484.80,74.80,34.70,35.80,99.70,22.50,1.51,481.20,72.90,33.30,34.60,98.50,20.80,3.46,483.40,72.67,100.30,104.30,98.90,21.53,8.14
2026-04-22 20:48:00,2026-04-22 20:48:59,Q10,482.80,66.00,30.40,31.80,98.50,21.90,3.14,484.40,71.70,33.70,34.40,99.70,22.80,1.49,482.40,74.50,34.30,35.70,98.70,21.00,3.17,483.20,70.73,98.40,101.90,98.97,21.90,7.80
2026-04-22 20:49:00,2026-04-22 20:49:59,Q10,481.40,72.00,33.30,34.60,98.20,23.10,3.71,485.70,75.00,35.60,36.40,99.50,23.90,1.97,481.70,79.60,36.30,38.00,98.40,22.00,3.74,482.93,75.53,105.20,109.00,98.70,23.00,9.43
2026-04-22 20:50:00,2026-04-22 20:50:59,Q10,481.90,71.90,33.30,34.20,98.40,22.60,3.43,486.40,74.20,34.70,36.00,99.60,22.50,1.63,481.00,78.20,36.30,37.50,98.50,21.50,3.60,483.10,74.77,104.30,107.70,98.83,22.20,8.66
2026-04-22 20:51:00,2026-04-22 20:51:59,Q10,483.50,67.00,31.40,32.40,98.20,28.50,3.34,484.10,95.60,43.20,46.00,96.50,23.10,6.89,482.10,79.50,31.90,38.10,84.70,24.20,11.34,483.23,80.70,106.50,116.50,93.13,25.27,21.57
2026-04-22 20:52:00,2026-04-22 20:52:59,Q10,483.30,67.40,31.40,32.40,98.20,27.70,3.46,484.40,94.00,43.20,45.50,96.70,22.60,6.49,483.00,77.70,31.80,37.20,86.80,24.90,10.49,483.57,79.70,106.40,115.10,93.90,25.07,20.43
2026-04-22 20:53:00,2026-04-22 20:53:59,Q10,482.10,63.30,29.40,30.40,98.40,27.80,3.06,486.20,88.70,40.70,42.80,97.20,22.30,5.60,482.30,72.80,29.90,34.70,88.40,25.40,9.34,483.53,74.93,100.00,107.90,94.67,25.17,18.00
2026-04-22 20:54:00,2026-04-22 20:54:59,Q10,482.40,70.50,32.30,33.70,98.40,27.80,3.20,485.90,78.20,36.30,37.80,98.50,26.60,3.71,483.30,70.40,31.40,33.80,95.50,27.00,5.80,483.87,73.03,100.00,105.30,97.47,27.13,12.71
2026-04-22 20:55:00,2026-04-22 20:55:59,Q10,484.30,61.00,28.40,29.50,98.40,27.90,2.89,484.40,99.10,45.10,47.90,96.40,19.40,7.26,483.00,78.90,28.90,37.70,78.30,21.60,13.66,483.90,79.67,102.40,115.10,91.03,22.97,23.80
2026-04-22 20:56:00,2026-04-22 20:56:59,Q10,484.50,62.80,29.40,30.00,98.80,25.80,2.63,485.60,86.10,39.80,41.70,97.30,21.90,5.34,482.10,70.70,29.00,33.70,88.50,24.30,8.91,484.07,73.20,98.20,105.40,94.87,24.00,16.89
2026-04-22 20:58:00,2026-04-22 20:58:59,Q10,483.40,63.10,29.40,30.40,98.70,26.10,2.77,485.80,68.10,31.70,33.00,99.80,28.40,0.86,483.70,69.30,32.70,33.30,99.10,24.90,2.51,484.30,66.83,93.80,96.70,99.20,26.47,6.14
2026-04-22 20:59:00,2026-04-22 20:59:59,Q10,484.70,65.10,30.40,31.50,98.70,26.20,2.83,486.00,69.90,32.70,33.50,99.80,28.30,0.91,483.20,68.00,31.70,32.80,99.10,25.80,2.60,484.63,67.67,94.80,97.80,99.20,26.77,6.34
2026-04-22 21:00:00,2026-04-22 21:00:59,Q10,485.00,66.30,31.40,32.00,98.80,26.30,2.66,486.50,68.50,32.70,33.00,99.80,28.20,1.03,482.40,71.30,33.70,34.20,99.00,25.80,2.60,484.63,68.70,97.80,99.20,99.20,26.77,6.29
2026-04-22 21:01:00,2026-04-22 21:01:59,Q10,483.10,65.40,30.40,31.40,98.80,25.40,2.60,487.50,68.60,32.70,33.10,99.90,27.80,0.54,482.10,72.40,33.70,34.70,99.10,24.60,2.54,484.23,68.80,96.80,99.20,99.27,25.93,5.69
2026-04-22 21:02:00,2026-04-22 21:02:59,Q10,483.20,61.20,28.40,29.50,98.80,26.40,2.60,485.70,81.10,37.80,39.30,97.60,23.20,4.83,484.00,67.80,28.80,32.40,90.80,24.70,7.83,484.30,70.03,95.00,101.20,95.73,24.77,15.26
2026-04-22 21:03:00,2026-04-22 21:03:59,Q10,484.90,61.10,28.40,29.50,98.70,27.30,2.63,485.70,64.30,30.70,31.00,99.90,28.40,0.63,483.40,68.70,31.70,32.80,99.10,24.90,2.37,484.67,64.70,90.80,93.30,99.23,26.87,5.63
2026-04-22 21:04:00,2026-04-22 21:04:59,Q10,482.80,62.60,28.40,29.90,98.70,27.30,2.63,486.40,71.80,33.70,34.50,99.10,27.30,2.63,483.80,66.20,29.80,31.90,96.10,25.30,5.11,484.33,66.87,91.90,96.30,97.97,26.63,10.37
2026-04-22 21:05:00,2026-04-22 21:05:59,Q10,485.30,61.50,28.40,29.60,98.70,27.00,2.57,486.30,65.90,30.70,31.60,99.90,28.50,0.57,483.10,67.30,31.70,32.40,99.10,25.60,2.37,484.90,64.90,90.80,93.60,99.23,27.03,5.51
2026-04-22 21:06:00,2026-04-22 21:06:59,Q10,483.70,58.80,27.40,28.00,98.80,28.10,2.40,487.70,65.00,30.70,31.70,99.90,28.70,0.40,483.30,65.10,30.70,31.40,99.20,26.30,2.14,484.90,62.97,88.80,91.10,99.30,27.70,4.94
2026-04-22 21:07:00,2026-04-22 21:07:59,Q10,483.70,60.70,27.40,29.00,98.70,26.40,2.63,487.50,65.60,30.70,31.70,99.90,28.30,0.54,484.40,68.80,31.70,32.90,99.20,24.40,2.34,485.20,65.03,89.80,93.60,99.27,26.37,5.51
2026-04-22 21:08:00,2026-04-22 21:08:59,Q10,485.00,59.70,27.70,28.60,99.00,27.40,2.26,486.10,68.60,32.70,33.00,99.70,28.00,1.23,484.10,65.70,30.40,31.50,98.70,25.00,2.86,485.07,64.67,90.80,93.10,99.13,26.80,6.34
2026-04-22 21:09:00,2026-04-22 21:09:59,Q10,483.50,64.70,29.40,30.90,98.50,27.10,3.00,485.90,78.90,36.30,37.80,98.10,24.00,4.14,484.20,71.80,31.60,34.40,93.70,25.60,6.66,484.53,71.80,97.30,103.10,96.77,25.57,13.80
2026-04-22 21:10:00,2026-04-22 21:10:59,Q10,484.80,56.20,26.50,27.10,98.90,29.00,2.20,486.70,60.40,28.70,29.20,99.90,29.20,0.17,482.50,65.00,30.70,31.30,99.30,26.40,1.89,484.67,60.53,85.90,87.60,99.37,28.20,4.26
2026-04-22 21:11:00,2026-04-22 21:11:59,Q10,483.80,63.10,29.40,30.40,98.60,26.20,2.80,485.60,67.00,31.70,32.50,99.90,28.20,0.74,484.20,70.70,32.70,33.90,99.20,25.90,2.31,484.53,66.93,93.80,96.80,99.23,26.77,5.86
2026-04-22 21:12:00,2026-04-22 21:12:59,Q10,483.00,67.00,31.40,32.40,98.40,27.10,3.17,487.60,77.90,36.30,37.50,98.00,25.20,4.31,484.10,70.20,30.70,33.90,93.70,26.20,6.77,484.90,71.70,98.40,103.80,96.70,26.17,14.26
2026-04-22 21:13:00,2026-04-22 21:13:59,Q10,484.50,61.80,28.40,29.50,98.80,26.60,2.63,485.70,67.60,31.70,32.50,99.80,28.20,0.80,483.80,69.10,32.70,33.30,99.20,25.20,2.23,484.67,66.17,92.80,95.30,99.27,26.67,5.66
2026-04-22 21:14:00,2026-04-22 21:14:59,Q10,484.30,61.90,28.40,29.50,98.80,27.10,2.54,487.40,75.20,35.30,36.50,98.70,25.10,3.29,482.70,66.50,29.10,31.80,94.60,25.30,5.91,484.80,67.87,92.80,97.80,97.37,25.83,11.74
2026-04-22 21:15:00,2026-04-22 21:15:59,Q10,485.10,63.40,29.40,30.60,98.80,26.70,2.60,486.30,68.00,32.70,33.00,99.90,28.70,0.66,483.70,68.80,31.70,32.80,99.20,25.10,2.31,485.03,66.73,93.80,96.40,99.30,26.83,5.57
2026-04-22 21:16:00,2026-04-22 21:16:59,Q10,485.00,59.30,27.40,28.60,98.70,26.90,2.54,486.00,78.20,36.30,37.90,98.30,24.70,3.86,483.50,66.90,28.50,31.90,92.40,25.60,6.91,484.83,68.13,92.20,98.40,96.47,25.73,13.31
2026-04-22 21:17:00,2026-04-22 21:17:59,Q10,483.60,80.20,29.60,38.60,78.90,27.50,13.69,485.20,94.40,41.00,45.60,91.60,20.00,10.69,483.50,105.90,39.50,50.70,79.30,19.90,17.63,484.10,93.50,110.10,134.90,83.27,22.47,42.00
2026-04-22 21:18:00,2026-04-22 21:18:59,Q10,485.20,67.40,30.10,32.50,94.80,26.30,5.77,486.70,109.40,49.40,53.00,95.30,20.90,9.09,483.10,90.40,32.20,43.50,75.60,20.20,17.03,485.00,89.07,111.70,129.00,88.57,22.47,31.89
2026-04-22 21:19:00,2026-04-22 21:19:59,Q10,485.30,57.70,26.50,27.60,98.10,29.90,3.06,486.20,93.60,43.20,45.20,96.90,20.10,6.37,483.20,77.30,29.20,37.20,79.70,22.70,12.94,484.90,76.20,98.90,110.00,91.57,24.23,22.37
2026-04-22 21:20:00,2026-04-22 21:20:59,Q10,483.60,64.60,29.40,30.90,98.50,28.50,2.77,486.90,88.00,40.70,42.80,97.10,21.00,5.83,484.40,71.60,28.60,34.40,84.60,24.00,10.69,484.97,74.73,98.70,108.10,93.40,24.50,19.29
2026-04-22 21:21:00,2026-04-22 21:21:59,Q10,485.40,62.90,29.40,30.10,98.70,27.00,2.71,486.50,66.80,31.70,32.10,99.80,28.60,0.91,483.80,71.50,33.70,34.30,99.00,26.60,2.54,485.23,67.07,94.80,96.50,99.17,27.40,6.17
2026-04-22 21:22:00,2026-04-22 21:22:59,Q10,485.10,60.60,28.10,29.10,97.70,31.40,3.34,485.70,94.60,43.20,45.60,96.40,20.30,7.31,482.90,91.80,32.70,43.90,76.20,21.60,14.94,484.57,82.33,104.00,118.60,90.10,24.43,25.60
2026-04-22 21:23:00,2026-04-22 21:23:59,Q10,483.10,69.50,27.70,33.30,84.50,23.70,10.60,486.10,109.20,47.30,53.00,91.00,20.70,12.60,483.90,86.60,28.30,41.50,69.90,18.20,20.14,484.37,88.43,103.30,127.80,81.80,20.87,43.34
2026-04-22 21:24:00,2026-04-22 21:24:59,Q10,483.40,63.60,29.40,30.40,98.70,28.10,2.69,486.00,80.60,36.90,38.90,97.90,24.00,4.43,483.40,68.70,29.40,32.80,92.30,25.60,7.20,484.27,70.97,95.70,102.10,96.30,25.90,14.31
2026-04-22 21:25:00,2026-04-22 21:25:59,Q10,483.80,68.20,31.40,32.80,98.60,28.00,3.00,487.20,71.80,33.70,34.60,99.70,28.90,1.46,482.10,71.00,33.30,34.20,98.70,26.70,3.17,484.37,70.33,98.40,101.60,99.00,27.87,7.63
2026-04-22 21:26:00,2026-04-22 21:26:59,Q10,483.50,58.30,27.40,28.00,98.50,28.90,2.77,486.90,97.50,45.10,47.10,96.90,20.20,6.63,483.10,80.80,30.00,38.60,79.30,22.80,13.23,484.50,78.87,102.50,113.70,91.57,23.97,22.63
2026-04-22 21:27:00,2026-04-22 21:27:59,Q10,484.00,60.60,28.40,29.00,98.20,30.20,3.14,486.80,103.90,48.00,50.10,96.40,19.70,7.51,483.00,84.10,30.80,40.60,77.20,22.30,14.71,484.60,82.87,107.20,119.70,90.60,24.07,25.37
2026-04-22 21:28:00,2026-04-22 21:28:59,Q10,483.10,64.90,29.10,30.90,97.80,28.60,3.51,485.70,102.60,47.00,49.50,96.10,20.00,7.94,484.20,82.80,30.00,39.70,77.10,21.20,14.86,484.33,83.43,106.10,120.10,90.33,23.27,26.31
2026-04-22 21:29:00,2026-04-22 21:29:59,Q10,484.20,67.30,31.40,32.40,98.60,26.80,3.03,485.40,77.30,36.30,37.30,98.40,25.20,3.86,483.20,73.90,32.90,35.30,94.90,26.50,6.09,484.27,72.83,100.60,105.00,97.30,26.17,12.97
2026-04-22 21:30:00,2026-04-22 21:30:59,Q10,483.10,65.50,30.40,31.40,98.70,26.70,2.71,487.10,73.70,34.30,35.60,98.70,24.60,3.29,482.50,65.60,29.50,31.30,95.90,25.30,5.26,484.23,68.27,94.20,98.30,97.77,25.53,11.26
2026-04-22 21:31:00,2026-04-22 21:31:59,Q10,483.90,64.00,29.40,30.90,98.90,26.10,2.54,487.40,68.50,32.70,33.10,99.90,28.70,0.69,482.30,67.70,31.70,32.30,99.20,25.50,2.26,484.53,66.73,93.80,96.30,99.33,26.77,5.49
2026-04-22 21:32:00,2026-04-22 21:32:59,Q10,484.10,65.80,30.40,31.50,98.60,27.10,3.00,487.30,84.40,39.20,40.90,98.10,24.50,4.23,482.20,71.40,31.60,34.20,93.90,26.20,6.66,484.53,73.87,101.20,106.60,96.87,25.93,13.89
2026-04-22 21:33:00,2026-04-22 21:33:59,Q10,482.70,63.30,29.70,30.40,99.00,26.60,2.29,486.50,71.50,33.70,34.50,99.00,25.20,2.80,483.50,67.60,30.70,32.40,96.50,25.80,4.74,484.23,67.47,94.10,97.30,98.17,25.87,9.83
2026-04-22 21:34:00,2026-04-22 21:34:59,Q10,484.90,60.50,28.70,29.00,99.10,26.70,2.14,486.30,65.70,30.70,31.60,99.90,28.00,0.43,483.40,67.30,31.70,32.40,99.20,25.60,2.14,484.87,64.50,91.10,93.00,99.40,26.77,4.71
2026-04-22 21:35:00,2026-04-22 21:35:59,Q10,483.40,59.40,27.40,28.50,98.90,26.70,2.31,487.00,63.60,29.70,30.70,99.90,28.90,0.37,484.00,68.10,31.70,32.90,99.30,26.30,2.03,484.80,63.70,88.80,92.10,99.37,27.30,4.71
2026-04-22 21:36:00,2026-04-22 21:36:59,Q10,483.50,61.30,28.40,29.50,98.70,27.80,2.63,487.70,64.40,30.70,31.20,99.90,29.80,0.51,483.30,66.80,30.70,31.90,99.20,26.20,2.34,484.83,64.17,89.80,92.60,99.27,27.93,5.49
2026-04-22 21:37:00,2026-04-22 21:37:59,Q10,483.20,67.20,31.40,32.40,98.60,26.90,2.91,487.60,74.60,35.60,36.00,99.70,27.10,1.37,482.20,71.90,33.30,34.20,98.50,25.90,3.34,484.33,71.23,100.30,102.60,98.93,26.63,7.63
2026-04-22 21:38:00,2026-04-22 21:38:59,Q10,483.70,63.20,29.40,30.40,98.80,26.60,2.57,488.00,70.50,33.70,34.20,99.60,28.50,1.57,482.70,69.30,32.30,33.30,98.00,26.50,3.66,484.80,67.67,95.40,97.90,98.80,27.20,7.80
2026-04-22 21:39:00,2026-04-22 21:39:59,Q10,483.50,61.90,28.70,29.50,99.00,27.40,2.29,487.60,77.70,36.30,37.50,98.10,23.50,4.14,483.20,67.60,29.40,32.40,92.00,25.70,7.11,484.77,69.07,94.40,99.40,96.37,25.53,13.54
2026-04-22 21:40:00,2026-04-22 21:40:59,Q10,484.90,59.70,27.40,28.60,98.70,27.50,2.66,488.00,79.10,37.20,38.60,98.60,25.80,3.49,483.60,66.30,29.10,31.90,94.50,27.10,6.06,485.50,68.37,93.70,99.10,97.27,26.80,12.20
2026-04-22 21:41:00,2026-04-22 21:41:59,Q10,485.40,64.30,30.40,31.00,98.60,28.50,2.77,487.00,82.90,37.80,39.90,97.30,24.20,5.23,485.10,70.90,29.70,34.00,90.20,27.60,8.17,485.83,72.70,97.90,104.90,95.37,26.77,16.17
2026-04-22 21:42:00,2026-04-22 21:42:59,Q10,486.40,57.90,26.50,27.70,98.10,31.40,3.00,486.90,100.60,46.10,48.60,96.20,19.30,7.60,485.00,80.00,27.70,38.80,73.70,23.30,15.31,486.10,79.50,100.30,115.10,89.33,24.67,25.91
2026-04-22 21:43:00,2026-04-22 21:43:59,Q10,484.90,58.10,27.40,28.10,98.10,31.60,3.06,487.70,97.20,45.10,47.20,96.00,24.00,7.51,485.70,79.80,28.90,38.30,76.70,20.90,13.86,486.10,78.37,101.40,113.60,90.27,25.50,24.43
2026-04-22 21:44:00,2026-04-22 21:44:59,Q10,485.00,59.30,24.40,28.60,87.40,28.10,8.37,488.30,97.20,42.30,47.30,90.90,24.20,10.91,485.30,86.60,29.10,41.70,71.30,20.20,17.06,486.20,81.03,95.80,117.60,83.20,24.17,36.34
2026-04-22 21:45:00,2026-04-22 21:45:59,Q10,486.10,58.50,27.40,28.20,98.90,28.80,2.26,487.20,83.70,38.80,40.40,97.30,21.70,5.23,485.70,66.70,27.20,32.00,85.20,24.60,9.66,486.33,69.63,93.40,100.60,93.80,25.03,17.14
2026-04-22 21:46:00,2026-04-22 21:46:59,Q10,486.10,63.60,29.40,30.60,98.90,27.50,2.43,489.10,66.10,31.70,32.30,99.80,29.80,0.83,483.60,66.20,30.70,31.90,99.00,26.80,2.49,486.27,65.30,91.80,94.80,99.23,28.03,5.74
2026-04-22 21:47:00,2026-04-22 21:47:59,Q10,485.30,53.30,24.50,25.70,98.70,29.80,2.29,488.70,91.40,42.20,44.40,96.80,20.60,6.23,484.60,72.90,26.50,34.80,78.30,24.70,12.49,486.20,72.53,93.20,104.90,91.27,25.03,21.00
2026-04-22 21:48:00,2026-04-22 21:48:59,Q10,485.40,56.20,25.40,27.20,94.90,29.60,4.83,486.80,90.00,41.30,43.70,96.30,22.30,6.60,485.10,75.10,28.10,36.40,78.70,22.50,13.54,485.77,73.77,94.80,107.30,89.97,24.80,24.97
2026-04-22 21:49:00,2026-04-22 21:49:59,Q10,485.20,63.40,29.40,30.60,98.70,28.10,2.71,487.10,87.60,40.30,42.40,96.80,22.80,5.97,485.40,72.30,29.20,34.90,86.80,26.10,9.60,485.90,74.43,98.90,107.90,94.10,25.67,18.29
2026-04-22 21:50:00,2026-04-22 21:50:59,Q10,486.10,55.20,25.50,26.70,98.90,30.10,2.23,487.60,89.40,41.70,43.30,97.00,21.30,5.94,483.70,73.80,28.40,35.30,81.80,24.50,11.26,485.80,72.80,95.60,105.30,92.57,25.30,19.43
2026-04-22 21:51:00,2026-04-22 21:51:59,Q10,486.70,55.50,25.00,26.70,96.30,31.20,3.97,487.50,90.80,41.30,43.80,96.20,20.70,6.69,484.90,73.20,27.00,35.30,77.60,22.90,13.26,486.37,73.17,93.30,105.80,90.03,24.93,23.91
2026-04-22 21:52:00,2026-04-22 21:52:59,Q10,486.10,56.20,26.70,27.20,99.20,29.20,1.86,488.30,77.70,35.90,37.60,97.40,22.70,5.00,486.20,66.30,27.20,32.10,85.80,26.30,9.11,486.87,66.73,89.80,96.90,94.13,26.07,15.97
2026-04-22 21:53:00,2026-04-22 21:53:59,Q10,486.90,61.20,28.40,29.60,98.80,27.60,2.40,489.20,75.90,35.30,36.70,98.10,25.00,3.97,484.70,65.50,28.50,31.50,92.40,26.70,6.83,486.93,67.53,92.20,97.80,96.43,26.43,13.20
2026-04-22 21:54:00,2026-04-22 21:54:59,Q10,486.00,55.90,25.50,26.70,98.60,31.10,2.49,489.40,93.40,43.20,45.50,96.60,21.30,6.51,485.70,73.80,27.30,35.40,78.40,24.70,12.60,487.03,74.37,96.00,107.60,91.20,25.70,21.60
2026-04-22 21:55:00,2026-04-22 21:55:59,Q10,487.10,108.70,40.60,52.60,78.20,32.10,12.14,487.80,71.50,31.30,34.60,92.70,21.40,9.86,485.20,106.60,37.70,51.40,74.80,20.20,17.86,486.70,95.60,109.60,138.60,81.90,24.57,39.86
2026-04-22 21:56:00,2026-04-22 21:56:59,Q10,487.10,60.70,26.10,29.20,90.70,29.30,6.83,489.10,103.20,46.50,50.40,93.80,20.20,9.86,484.90,85.10,28.30,41.10,69.40,19.60,18.63,487.03,83.00,100.90,120.70,84.63,23.03,35.31
2026-04-22 21:57:00,2026-04-22 21:57:59,Q10,487.10,55.40,25.50,26.80,98.70,31.70,2.23,490.10,93.00,43.20,45.60,96.40,20.80,7.11,486.10,84.70,28.40,40.80,71.90,23.60,15.03,487.77,77.70,97.10,113.20,89.00,25.37,24.37
2026-04-22 21:58:00,2026-04-22 21:58:59,Q10,486.60,57.30,26.50,27.70,98.60,29.50,2.49,488.90,97.00,45.10,47.30,96.30,19.50,7.29,487.10,77.80,27.40,37.50,74.40,22.80,14.34,487.53,77.37,99.00,112.50,89.77,23.93,24.11
2026-04-22 21:59:00,2026-04-22 21:59:59,Q10,486.50,52.40,21.80,25.30,87.50,26.70,7.91,490.10,96.00,43.70,47.00,93.00,22.70,9.49,485.50,89.20,31.00,43.20,72.20,21.40,16.60,487.37,79.20,96.50,115.50,84.23,23.60,34.00
2026-04-22 22:00:00,2026-04-22 22:00:59,Q10,487.20,92.90,31.70,44.80,72.50,24.30,19.09,489.20,110.30,41.90,53.80,79.80,21.60,13.03,484.20,93.20,39.60,45.00,88.40,19.30,12.71,486.87,98.80,113.20,143.60,80.23,21.73,44.83
2026-04-22 22:01:00,2026-04-22 22:01:59,Q10,487.70,63.30,26.10,30.70,87.20,27.00,8.69,489.00,110.70,48.20,53.80,91.90,19.10,12.09,485.10,91.80,29.00,44.10,66.40,19.10,21.29,487.27,88.60,103.30,128.60,81.83,21.73,42.06
2026-04-22 22:02:00,2026-04-22 22:02:59,Q10,487.80,58.70,27.40,28.20,98.70,30.10,2.49,488.60,96.90,44.20,46.80,96.10,19.90,7.26,485.60,75.60,27.40,36.40,76.20,24.40,13.51,487.33,77.07,99.00,111.40,90.33,24.80,23.26
2026-04-22 22:05:00,2026-04-22 22:05:59,Q10,487.90,59.10,26.30,28.70,94.40,30.40,5.37,490.40,101.30,46.10,49.50,94.10,23.20,9.46,485.90,85.80,29.10,41.20,71.60,21.60,16.40,488.07,82.07,101.50,119.40,86.70,25.07,31.23
2026-04-22 22:06:00,2026-04-22 22:06:59,Q10,486.50,94.30,32.40,45.70,72.50,26.50,17.06,488.80,63.70,25.20,30.70,84.40,20.00,10.80,486.00,88.10,36.50,42.80,87.40,19.30,12.51,487.10,82.03,94.10,119.20,81.43,21.93,40.37
2026-04-22 22:07:00,2026-04-22 22:07:59,Q10,486.40,69.30,31.40,33.50,95.40,31.40,4.60,489.00,85.40,39.00,41.60,95.20,19.30,8.37,486.90,96.90,33.10,46.70,72.10,23.80,16.06,487.43,83.87,103.50,121.80,87.57,24.83,29.03
2026-04-22 22:08:00,2026-04-22 22:08:59,Q10,486.60,56.90,26.50,27.20,98.70,28.70,2.60,487.70,93.70,43.20,45.30,96.10,20.30,6.97,486.90,73.80,28.40,35.50,81.00,25.30,11.63,487.07,74.80,98.10,108.00,91.93,24.77,21.20
2026-04-22 22:09:00,2026-04-22 22:09:59,Q10,485.50,61.90,23.20,29.60,80.20,28.60,14.03,487.30,113.50,45.70,55.00,83.70,28.20,13.66,485.50,101.00,36.50,49.00,76.30,20.10,15.94,486.10,92.13,105.40,133.60,80.07,25.63,43.63
2026-04-22 22:10:00,2026-04-22 22:10:59,Q10,486.80,61.30,27.50,29.60,95.80,35.40,4.74,489.30,104.10,47.00,50.90,94.60,23.20,9.31,485.00,83.60,28.40,40.30,71.30,20.90,16.74,487.03,83.00,102.90,120.80,87.23,26.50,30.80
2026-04-22 22:11:00,2026-04-22 22:11:59,Q10,485.90,61.40,28.40,29.60,98.50,30.40,2.71,489.60,96.20,44.20,46.90,96.10,20.70,7.26,486.20,74.30,27.00,36.00,77.50,25.80,13.09,487.23,77.30,99.60,112.50,90.70,25.63,23.06
2026-04-22 22:12:00,2026-04-22 22:12:59,Q10,486.80,68.20,25.10,33.00,76.60,22.50,15.37,488.80,127.70,48.80,62.00,80.40,23.80,16.37,483.80,117.50,39.80,56.50,71.90,20.50,19.46,486.47,104.47,113.70,151.50,76.30,22.27,51.20
2026-04-22 22:13:00,2026-04-22 22:13:59,Q10,485.80,62.80,25.50,30.10,85.70,26.80,10.46,488.50,113.20,48.40,55.10,88.90,24.80,14.03,486.50,94.80,31.00,45.70,69.00,19.50,20.69,486.93,90.27,104.90,130.90,81.20,23.70,45.17
2026-04-22 22:14:00,2026-04-22 22:14:59,Q10,487.60,107.70,42.10,52.10,81.70,28.10,12.26,487.80,97.70,42.30,47.20,90.70,20.10,14.11,485.80,146.00,46.20,70.80,66.40,18.60,24.43,487.07,117.13,130.60,170.10,79.60,22.27,50.80
2026-04-22 22:15:00,2026-04-22 22:15:59,Q10,486.70,98.00,33.80,47.60,72.90,29.90,17.26,488.20,73.40,30.10,35.60,86.40,21.60,11.43,485.60,95.50,38.60,46.10,84.50,21.10,14.60,486.83,88.97,102.50,129.30,81.27,24.20,43.29
2026-04-22 22:16:00,2026-04-22 22:16:59,Q10,485.30,61.40,28.40,29.60,98.20,30.10,3.17,485.50,106.40,48.50,51.40,95.80,21.00,8.23,484.70,83.60,30.00,40.20,75.80,22.90,15.03,485.17,83.80,106.90,121.20,89.93,24.67,26.43
2026-04-22 22:17:00,2026-04-22 22:17:59,Q10,484.80,63.70,29.10,30.50,97.40,29.90,3.74,487.20,100.50,45.60,48.70,95.60,19.30,8.29,483.00,84.40,30.00,40.60,75.00,23.50,15.20,485.00,82.87,104.70,119.80,89.33,24.23,27.23
2026-04-22 22:18:00,2026-04-22 22:18:59,Q10,484.30,118.00,43.30,57.10,76.20,27.10,21.11,485.50,68.20,23.70,33.00,74.80,26.90,13.97,481.80,98.60,44.20,47.10,94.70,18.50,8.91,483.87,94.93,111.20,137.20,81.90,24.17,44.00
2026-04-22 22:19:00,2026-04-22 22:19:59,Q10,484.50,72.20,32.30,34.80,95.40,27.60,5.20,486.40,93.50,42.80,45.20,95.10,18.80,8.49,482.50,86.60,31.60,41.50,77.10,22.90,15.06,484.47,84.10,106.70,121.50,89.20,23.10,28.74
2026-04-22 22:20:00,2026-04-22 22:20:59,Q10,484.00,94.90,34.70,45.50,77.10,24.50,17.86,485.70,90.00,36.10,43.70,84.30,22.60,11.49,481.20,91.30,39.10,43.80,91.30,21.20,11.11,483.63,92.07,109.90,133.00,84.23,22.77,40.46
2026-04-22 22:21:00,2026-04-22 22:21:59,Q10,484.30,64.30,28.80,31.00,96.90,29.40,4.40,486.10,96.90,43.70,46.70,95.10,20.90,8.97,482.30,86.50,31.20,41.50,76.30,22.00,15.46,484.23,82.57,103.70,119.20,89.43,24.10,28.83
2026-04-22 22:22:00,2026-04-22 22:22:59,Q10,483.80,60.50,26.60,29.00,95.80,26.70,5.09,486.60,100.20,45.60,48.60,95.10,21.70,8.26,483.00,80.20,30.00,38.60,79.50,21.80,13.69,484.47,80.30,102.20,116.20,90.13,23.40,27.03
2026-04-22 22:23:00,2026-04-22 22:23:59,Q10,484.70,65.00,28.80,31.50,93.60,26.50,6.29,485.50,91.50,41.40,44.10,94.50,23.70,8.20,483.50,75.70,28.80,36.20,80.90,22.30,13.20,484.57,77.40,99.00,111.80,89.67,24.17,27.69
2026-04-22 22:24:00,2026-04-22 22:24:59,Q10,485.00,59.10,27.70,28.60,99.20,27.60,2.00,487.50,61.60,28.70,29.70,99.90,29.30,0.40,482.60,62.30,28.70,29.90,99.50,26.20,1.71,485.03,61.00,85.10,88.20,99.53,27.70,4.11
2026-04-22 22:25:00,2026-04-22 22:25:59,Q10,483.90,63.80,29.40,30.40,98.90,27.80,2.49,487.30,80.00,36.90,39.00,97.40,23.60,5.03,484.50,69.90,30.00,33.40,91.40,27.20,7.40,485.23,71.23,96.30,102.80,95.90,26.20,14.91
2026-04-22 22:26:00,2026-04-22 22:26:59,Q10,484.60,128.20,46.40,62.00,76.10,21.30,23.03,486.20,116.80,40.30,56.40,72.60,23.50,16.31,481.80,101.10,44.60,48.60,93.40,20.70,10.43,484.20,115.37,131.30,167.00,80.70,21.83,49.77
2026-04-22 22:27:00,2026-04-22 22:27:59,Q10,483.70,119.10,41.60,57.50,73.50,24.20,17.29,487.00,76.80,31.50,37.00,85.30,21.40,12.29,481.00,104.90,41.00,50.00,82.20,20.10,16.40,483.90,100.27,114.10,144.50,80.33,21.90,45.97
2026-04-22 22:28:00,2026-04-22 22:28:59,Q10,483.80,142.00,55.10,68.60,81.20,17.00,23.14,486.20,70.10,21.10,34.00,62.80,31.40,14.49,480.20,105.30,50.00,50.40,100.00,20.20,0.00,483.40,105.80,126.20,153.00,81.33,22.87,37.63
2026-04-22 22:29:00,2026-04-22 22:29:59,Q10,483.40,66.50,28.80,31.90,93.70,25.90,6.57,486.80,99.80,44.60,48.10,93.90,20.70,9.40,483.60,83.70,31.20,40.10,78.20,20.70,14.97,484.60,83.33,104.60,120.10,88.60,22.43,30.94
2026-04-22 22:30:00,2026-04-22 22:30:59,Q10,484.50,69.20,32.30,33.40,98.80,26.60,2.80,486.40,77.60,35.90,37.40,97.30,23.60,5.20,484.20,71.40,31.30,34.40,92.40,27.30,7.23,485.03,72.73,99.50,105.20,96.17,25.83,15.23
2026-04-22 22:31:00,2026-04-22 22:31:59,Q10,484.00,89.60,35.30,43.10,82.70,28.10,12.43,487.60,68.90,29.70,33.10,90.30,21.70,8.97,482.50,87.60,36.10,41.90,88.00,21.00,11.46,484.70,82.03,101.10,118.10,87.00,23.60,32.86
2026-04-22 22:32:00,2026-04-22 22:32:59,Q10,485.40,130.20,46.00,63.00,73.00,33.40,16.86,486.20,77.10,31.50,37.40,85.10,22.10,13.06,483.10,108.70,40.00,52.20,77.90,20.30,18.26,484.90,105.33,117.50,152.60,78.67,25.27,48.17
2026-04-22 22:33:00,2026-04-22 22:33:59,Q10,484.80,66.70,28.20,31.90,91.30,26.30,7.43,487.80,90.10,40.00,43.80,93.70,22.00,8.80,484.20,79.20,30.00,38.20,79.60,21.80,14.06,485.60,78.67,98.20,113.90,88.20,23.37,30.29
2026-04-22 22:34:00,2026-04-22 22:34:59,Q10,484.50,65.50,28.20,31.50,91.60,29.70,7.23,487.40,93.20,42.30,45.30,94.10,24.10,8.54,484.90,79.50,30.00,38.20,79.70,21.90,14.06,485.60,79.40,100.50,115.00,88.47,25.23,29.83
2026-04-22 22:35:00,2026-04-22 22:35:59,Q10,484.10,73.30,27.60,35.30,79.70,21.60,15.97,487.40,110.10,42.40,53.60,80.80,26.90,12.06,484.50,96.90,41.40,46.50,90.80,21.60,10.26,485.33,93.43,111.40,135.40,83.77,23.37,38.29
2026-04-22 22:36:00,2026-04-22 22:36:59,Q10,483.80,93.00,34.80,44.90,79.50,26.50,13.83,488.00,67.80,28.50,32.70,89.70,23.30,9.26,483.90,95.40,39.20,45.90,87.60,23.60,12.14,485.23,85.40,102.50,123.50,85.60,24.47,35.23
2026-04-22 22:37:00,2026-04-22 22:37:59,Q10,485.80,65.50,30.40,31.50,98.80,27.00,2.63,486.20,80.90,36.90,38.90,97.20,22.80,5.29,484.50,68.00,28.80,32.90,90.90,27.30,7.71,485.50,71.47,96.10,103.30,95.63,25.70,15.63
2026-04-22 22:38:00,2026-04-22 22:38:59,Q10,485.80,69.50,26.40,33.50,80.20,21.70,13.00,485.80,110.90,44.50,53.30,84.00,23.20,16.60,483.80,104.10,32.50,50.20,65.80,19.70,21.51,485.13,94.83,103.40,137.00,76.67,21.53,51.11
2026-04-22 22:39:00,2026-04-22 22:39:59,Q10,484.70,64.00,27.30,31.00,91.50,28.40,7.37,487.00,106.80,46.90,51.60,92.10,21.00,11.60,485.50,86.50,28.70,41.70,70.40,19.80,18.63,485.73,85.77,102.90,124.30,84.67,23.07,37.60
2026-04-22 22:40:00,2026-04-22 22:40:59,Q10,485.20,62.40,28.50,30.10,95.60,27.10,5.14,487.30,92.90,41.40,44.80,94.70,22.40,8.09,484.30,73.40,28.00,35.30,80.50,22.30,12.74,485.60,76.23,97.90,110.20,90.27,23.93,25.97
2026-04-22 22:41:00,2026-04-22 22:41:59,Q10,485.80,61.20,26.40,29.60,91.60,26.40,7.11,486.40,90.70,40.40,43.70,94.00,20.90,8.20,483.10,76.40,29.20,36.70,81.10,21.40,12.86,485.10,76.10,96.00,110.00,88.90,22.90,28.17
2026-04-22 22:42:00,2026-04-22 22:42:59,Q10,486.10,60.00,28.70,29.20,99.10,26.60,2.09,486.30,83.90,38.80,40.30,97.00,21.90,5.49,483.30,65.10,27.00,31.40,87.80,26.40,8.63,485.23,69.67,94.50,100.90,94.63,24.97,16.20
2026-04-22 22:43:00,2026-04-22 22:43:59,Q10,485.50,63.40,29.40,30.60,98.90,27.80,2.54,486.30,68.80,32.70,33.00,99.10,28.10,2.43,484.40,66.80,30.40,31.90,98.00,28.30,3.54,485.40,66.33,92.50,95.50,98.67,28.07,8.51
2026-04-22 22:44:00,2026-04-22 22:44:59,Q10,485.10,65.90,27.30,31.50,88.00,26.10,9.71,487.40,93.60,41.40,45.30,92.10,22.50,8.46,482.80,81.80,33.90,39.00,87.90,23.40,10.86,485.10,80.43,102.60,115.80,89.33,24.00,29.03
2026-04-22 22:45:00,2026-04-22 22:45:59,Q10,484.10,86.60,32.80,41.60,80.50,22.40,16.40,485.80,104.60,40.00,50.40,80.90,28.30,11.86,483.70,87.80,38.60,42.00,92.80,21.20,8.94,484.53,93.00,111.40,134.00,84.73,23.97,37.20
2026-04-22 22:46:00,2026-04-22 22:46:59,Q10,486.00,62.60,29.40,30.10,98.70,27.30,2.71,485.70,95.20,44.20,46.10,96.10,18.80,7.29,483.80,75.10,28.80,36.20,80.60,23.00,12.23,485.17,77.63,102.40,112.40,91.80,23.03,22.23
2026-04-22 22:47:00,2026-04-22 22:47:59,Q10,484.20,62.40,29.40,30.00,98.90,27.50,2.49,487.90,79.80,36.90,38.50,97.50,24.10,4.80,484.00,64.50,27.30,31.00,91.30,27.80,7.31,485.37,68.90,93.60,99.50,95.90,26.47,14.60
2026-04-22 22:48:00,2026-04-22 22:48:59,Q10,484.70,62.60,29.70,30.00,99.10,26.50,2.11,487.40,77.80,35.90,37.50,97.80,23.40,4.46,482.90,63.30,27.60,30.40,92.00,26.00,6.91,485.00,67.90,93.20,97.90,96.30,25.30,13.49
2026-04-22 22:49:00,2026-04-22 22:49:59,Q10,485.20,96.50,36.30,46.60,79.30,27.00,14.40,486.50,73.00,30.50,35.50,87.20,21.80,10.66,482.20,89.40,37.00,42.90,88.40,20.80,11.86,484.63,86.30,103.80,125.00,84.97,23.20,36.91
2026-04-22 22:50:00,2026-04-22 22:50:59,Q10,485.70,63.60,28.50,30.60,95.20,26.00,5.46,486.30,99.30,45.10,48.10,94.50,21.60,8.86,483.30,80.90,29.60,38.60,78.10,20.90,14.40,485.10,81.27,103.20,117.30,89.27,22.83,28.71
2026-04-22 22:51:00,2026-04-22 22:51:59,Q10,484.30,64.00,29.40,31.00,98.70,28.50,2.69,485.90,90.30,41.30,43.70,96.50,21.80,6.54,484.80,71.70,28.60,34.40,84.60,26.50,10.51,485.00,75.33,99.30,109.10,93.27,25.60,19.74
2026-04-22 22:52:00,2026-04-22 22:52:59,Q10,484.30,61.60,28.40,29.50,98.00,27.80,3.34,487.00,96.40,44.20,46.80,96.20,21.40,7.06,483.20,76.50,29.20,36.70,81.60,23.70,12.29,484.83,78.17,101.80,113.00,91.93,24.30,22.69
2026-04-22 22:53:00,2026-04-22 22:53:59,Q10,484.80,63.90,29.40,30.50,98.40,29.10,2.97,485.60,90.60,41.30,43.70,96.10,20.90,7.20,482.50,80.10,30.40,38.60,80.60,24.20,12.43,484.30,78.20,101.10,112.80,91.70,24.73,22.60
2026-04-22 22:54:00,2026-04-22 22:54:59,Q10,485.00,59.70,27.70,28.60,99.00,28.60,2.23,485.30,82.20,37.80,39.80,97.30,21.70,5.34,483.20,68.30,27.80,32.80,87.50,25.70,9.00,484.50,70.07,93.30,101.20,94.60,25.33,16.57
2026-04-22 22:55:00,2026-04-22 22:55:59,Q10,483.80,59.50,27.40,28.50,98.80,28.10,2.49,485.50,82.60,37.80,39.80,97.20,23.50,5.26,484.20,67.60,28.50,32.40,89.40,27.60,8.26,484.50,69.90,93.70,100.70,95.13,26.40,16.00
2026-04-22 22:56:00,2026-04-22 22:56:59,Q10,483.90,65.70,30.40,31.40,98.70,28.10,2.80,486.70,81.10,37.80,39.40,97.40,23.50,5.11,482.70,69.30,29.70,33.30,90.90,27.40,7.86,484.43,72.03,97.90,104.10,95.67,26.33,15.77
2026-04-22 22:57:00,2026-04-22 22:57:59,Q10,484.00,64.70,28.50,31.00,95.20,26.50,5.29,485.10,84.10,38.00,40.70,95.70,21.90,6.74,484.00,72.10,28.90,34.80,85.10,22.10,10.97,484.37,73.63,95.40,106.50,92.00,23.50,23.00
2026-04-22 22:58:00,2026-04-22 22:58:59,Q10,483.70,63.60,29.70,30.40,99.10,26.00,2.23,485.60,64.40,30.70,31.00,99.90,27.50,0.66,483.70,66.80,30.70,31.90,99.60,26.20,1.54,484.33,64.93,91.10,93.30,99.53,26.57,4.43
2026-04-22 22:59:00,2026-04-22 22:59:59,Q10,483.50,61.10,28.40,29.50,98.90,25.80,2.46,486.70,62.70,29.70,30.10,99.80,28.70,0.89,482.70,67.70,31.70,32.30,99.40,27.40,1.83,484.30,63.83,89.80,91.90,99.37,27.30,5.17
2026-04-22 23:00:00,2026-04-22 23:00:59,Q10,483.30,70.40,32.30,33.80,98.70,26.30,3.00,484.80,85.90,39.80,41.10,97.30,23.70,5.29,483.90,70.60,30.40,33.80,92.60,26.60,7.29,484.00,75.63,102.50,108.70,96.20,25.53,15.57
2026-04-22 23:01:00,2026-04-22 23:01:59,Q10,484.40,63.60,29.70,30.50,99.00,26.80,2.43,484.50,66.00,30.70,31.90,99.80,27.40,1.03,482.70,64.80,29.70,30.80,99.40,26.40,1.97,483.87,64.80,90.10,93.20,99.40,26.87,5.43
2026-04-22 23:02:00,2026-04-22 23:02:59,Q10,482.70,69.20,32.70,33.30,99.00,22.60,2.71,483.90,73.10,34.70,35.30,99.20,23.10,2.43,482.40,71.70,33.30,34.20,98.60,23.50,3.20,483.00,71.33,100.70,102.80,98.93,23.07,8.34
2026-04-22 23:03:00,2026-04-22 23:03:59,Q10,483.20,62.20,28.40,29.90,98.80,23.20,2.63,485.90,65.50,30.70,31.50,99.80,24.70,1.11,481.90,66.20,30.70,31.70,99.10,22.60,2.40,483.67,64.63,89.80,93.10,99.23,23.50,6.14
2026-04-22 23:04:00,2026-04-22 23:04:59,Q10,485.00,59.40,27.40,28.60,98.80,23.60,2.54,484.40,62.30,29.70,30.00,99.70,25.80,1.14,483.00,65.70,30.70,31.40,99.20,22.50,2.17,484.13,62.47,87.80,90.00,99.23,23.97,5.86
2026-04-22 23:05:00,2026-04-22 23:05:59,Q10,484.30,67.40,31.40,32.40,98.80,21.80,2.77,485.40,67.00,31.70,32.50,99.70,23.20,1.26,481.20,69.30,32.70,33.20,99.10,21.10,2.46,483.63,67.90,95.80,98.10,99.20,22.03,6.49
2026-04-22 23:06:00,2026-04-22 23:06:59,Q10,484.70,65.70,30.40,31.50,98.60,22.30,2.97,484.20,67.80,31.70,32.40,99.60,23.90,1.63,481.30,73.00,34.30,35.10,98.80,23.10,2.89,483.40,68.83,96.40,99.00,99.00,23.10,7.49
2026-04-22 23:07:00,2026-04-22 23:07:59,Q10,484.30,70.00,32.30,33.90,98.50,22.50,3.26,485.60,74.50,34.70,35.90,99.50,24.20,1.83,481.10,71.90,33.30,34.20,98.80,22.60,3.06,483.67,72.13,100.30,104.00,98.93,23.10,8.14
2026-04-22 23:08:00,2026-04-22 23:08:59,Q10,482.30,69.90,32.30,33.30,98.60,22.40,3.00,485.50,69.50,32.70,33.50,99.60,24.70,1.57,481.70,72.20,33.70,34.60,99.00,22.50,2.77,483.17,70.53,98.70,101.40,99.07,23.20,7.34
2026-04-22 23:09:00,2026-04-22 23:09:59,Q10,484.90,68.90,31.40,32.90,98.80,21.70,2.83,484.70,70.90,32.70,33.90,99.60,23.00,1.63,481.70,70.90,32.30,33.70,98.90,21.80,2.77,483.77,70.23,96.40,100.50,99.10,22.17,7.23
2026-04-22 23:10:00,2026-04-22 23:10:59,Q10,483.70,60.50,27.40,29.00,98.80,22.20,2.57,484.90,63.80,29.70,30.50,99.70,24.00,1.14,483.40,64.90,29.70,30.90,99.10,22.20,2.37,484.00,63.07,86.80,90.40,99.20,22.80,6.09
2026-04-22 23:11:00,2026-04-22 23:11:59,Q10,484.40,65.00,30.40,31.50,98.90,23.10,2.57,485.80,66.00,31.70,32.00,99.70,24.90,1.14,482.00,67.40,31.70,32.30,99.20,22.50,2.31,484.07,66.13,93.80,95.80,99.27,23.50,6.03
2026-04-22 23:12:00,2026-04-22 23:12:59,Q10,483.00,73.70,34.30,35.30,98.40,21.60,3.51,486.10,85.10,39.80,41.30,97.50,19.40,5.26,483.10,74.60,32.50,35.70,93.60,21.40,7.29,484.07,77.80,106.60,112.30,96.50,20.80,16.06
2026-04-22 23:13:00,2026-04-22 23:13:59,Q10,483.40,72.00,33.30,34.80,98.60,21.30,3.20,486.30,75.10,35.60,36.50,99.60,23.10,1.74,483.10,75.70,35.30,36.20,98.90,22.30,2.97,484.27,74.27,104.20,107.50,99.03,22.23,7.91
2026-04-22 23:14:00,2026-04-22 23:14:59,Q10,484.00,71.20,33.30,34.40,98.70,21.20,3.17,485.00,80.60,37.20,38.80,98.30,21.10,4.06,483.20,75.90,34.60,36.20,96.20,22.90,5.54,484.07,75.90,105.10,109.40,97.73,21.73,12.77
2026-04-22 23:15:00,2026-04-22 23:15:59,Q10,482.80,77.10,36.30,37.10,98.20,21.40,3.80,485.80,94.60,43.20,45.60,96.50,19.50,6.91,483.40,78.40,32.90,37.70,89.60,21.70,9.74,484.00,83.37,112.40,120.40,94.77,20.87,20.46
2026-04-22 23:16:00,2026-04-22 23:16:59,Q10,485.00,69.60,32.30,33.50,98.80,22.00,2.91,485.80,81.60,38.20,39.30,98.70,21.10,3.49,482.00,75.40,34.60,36.20,96.70,22.10,5.14,484.27,75.53,105.10,109.00,98.07,21.73,11.54
2026-04-22 23:17:00,2026-04-22 23:17:59,Q10,485.60,71.20,33.30,34.40,98.50,22.20,3.20,485.90,70.00,32.70,34.00,99.50,23.50,1.86,482.50,72.10,33.30,34.70,98.90,23.00,2.94,484.67,71.10,99.30,103.10,98.97,22.90,8.00
2026-04-22 23:18:00,2026-04-22 23:18:59,Q10,486.00,62.70,29.40,30.10,98.90,27.00,2.46,486.60,66.60,31.70,32.10,99.80,29.20,0.86,483.10,68.60,31.70,32.80,99.30,26.10,2.06,485.23,65.97,92.80,95.00,99.33,27.43,5.37
2026-04-22 23:19:00,2026-04-22 23:19:59,Q10,483.70,67.40,29.80,32.40,93.10,25.20,6.86,486.10,96.60,43.20,46.70,94.20,20.50,9.03,484.50,83.80,31.60,40.20,79.20,20.30,14.71,484.77,82.60,104.60,119.30,88.83,22.00,30.60
2026-04-22 23:20:00,2026-04-22 23:20:59,Q10,484.50,75.90,34.60,36.30,96.00,30.50,5.17,486.90,81.40,36.70,39.40,94.20,21.30,9.60,482.70,105.70,38.50,50.60,77.90,21.80,15.69,484.70,87.67,109.80,126.30,89.37,24.53,30.46
2026-04-22 23:21:00,2026-04-22 23:21:59,Q10,484.20,61.70,28.40,29.50,98.90,28.50,2.40,486.30,84.10,38.40,40.80,96.70,23.30,5.91,484.60,67.00,27.50,32.40,86.10,25.30,9.49,485.03,70.93,94.30,102.70,93.90,25.70,17.80
2026-04-22 23:22:00,2026-04-22 23:22:59,Q10,485.60,59.00,27.70,28.60,99.00,28.50,2.14,485.90,84.80,38.80,40.70,97.10,21.00,5.40,483.90,65.10,26.70,31.40,86.50,25.80,9.20,485.13,69.63,93.20,100.70,94.20,25.10,16.74
2026-04-22 23:23:00,2026-04-22 23:23:59,Q10,484.10,62.30,29.40,30.00,98.80,27.80,2.49,487.80,65.90,30.70,31.70,99.40,27.30,1.91,484.10,67.50,31.40,32.40,98.20,26.80,3.29,485.33,65.23,91.50,94.10,98.80,27.30,7.69
2026-04-22 23:24:00,2026-04-22 23:24:59,Q10,484.40,64.40,29.40,31.00,98.80,26.20,2.57,487.10,61.80,28.70,29.70,99.90,28.10,0.74,484.80,67.70,31.70,32.40,99.50,25.90,1.83,485.43,64.63,89.80,93.10,99.40,26.73,5.14
2026-04-22 23:25:00,2026-04-22 23:25:59,Q10,485.60,59.10,27.40,28.60,98.80,29.80,2.40,485.60,82.70,37.80,39.80,97.10,23.40,5.49,484.40,64.80,25.80,31.00,86.90,26.10,9.14,485.20,68.87,91.00,99.40,94.27,26.43,17.03
2026-04-22 23:26:00,2026-04-22 23:26:59,Q10,484.70,59.30,27.40,28.60,98.90,28.00,2.40,487.60,83.10,38.80,40.40,97.20,22.10,5.43,485.00,69.40,28.70,33.50,87.10,24.50,9.17,485.77,70.60,94.90,102.50,94.40,24.87,17.00
2026-04-22 23:27:00,2026-04-22 23:27:59,Q10,484.90,65.40,30.40,31.50,98.60,26.40,2.86,487.10,73.60,34.00,35.60,97.70,24.90,4.49,485.60,69.40,31.00,33.50,94.00,27.70,6.26,485.87,69.47,95.40,100.60,96.77,26.33,13.60
2026-04-22 23:28:00,2026-04-22 23:28:59,Q10,485.80,69.10,27.40,33.50,83.50,23.60,11.97,486.70,107.00,43.70,52.00,84.80,24.00,14.37,482.60,101.00,35.00,48.70,73.90,21.30,17.17,485.03,92.37,106.10,134.20,80.73,22.97,43.51
2026-04-22 23:29:00,2026-04-22 23:29:59,Q10,486.30,63.60,29.40,30.60,98.70,28.20,2.66,486.90,92.20,42.20,44.70,96.50,21.20,6.49,483.60,73.30,29.40,35.30,84.70,25.90,10.46,485.60,76.37,101.00,110.60,93.30,25.10,19.60
2026-04-22 23:30:00,2026-04-22 23:30:59,Q10,485.30,83.80,33.60,40.30,84.40,28.80,10.83,487.30,65.50,28.50,31.70,92.30,22.20,8.03,482.40,89.30,36.10,42.90,86.60,22.50,11.69,485.00,79.53,98.20,114.90,87.77,24.50,30.54
2026-04-22 23:31:00,2026-04-22 23:31:59,Q10,484.90,61.60,28.70,29.50,99.10,26.40,2.11,487.40,73.40,34.00,35.60,97.60,23.10,4.54,484.00,61.80,26.40,29.50,91.90,26.80,6.77,485.43,65.60,89.10,94.60,96.20,25.43,13.43
2026-04-22 23:32:00,2026-04-22 23:32:59,Q10,484.20,61.70,28.70,29.50,99.20,26.00,2.09,487.60,65.50,30.70,31.70,99.60,26.80,1.40,484.10,64.80,29.40,31.00,98.90,25.50,2.54,485.30,64.00,88.80,92.20,99.23,26.10,6.03
2026-04-22 23:33:00,2026-04-22 23:33:59,Q10,485.00,80.70,30.40,38.80,80.30,23.90,13.80,485.90,63.70,26.40,30.60,88.70,22.50,8.57,483.20,84.80,36.80,40.60,92.50,21.70,8.94,484.70,76.40,93.60,110.00,87.17,22.70,31.31
2026-04-22 23:34:00,2026-04-22 23:34:59,Q10,485.90,62.40,27.30,30.10,91.40,25.70,7.40,486.70,90.20,39.60,43.70,92.70,22.60,9.17,482.90,81.80,31.20,39.00,80.40,23.70,13.40,485.17,78.13,98.10,112.80,88.17,24.00,29.97
2026-04-22 23:35:00,2026-04-22 23:35:59,Q10,485.10,64.30,30.40,31.00,98.80,27.70,2.60,487.80,78.00,35.90,38.00,97.70,25.00,4.57,483.30,67.70,29.80,32.40,93.10,28.00,6.66,485.40,70.00,96.10,101.40,96.53,26.90,13.83
2026-04-22 23:36:00,2026-04-22 23:36:59,Q10,484.50,61.40,27.80,29.50,96.80,27.20,4.26,487.60,90.50,40.80,43.80,95.50,20.70,7.20,484.50,71.20,28.20,34.40,83.30,22.40,11.31,485.53,74.37,96.80,107.70,91.87,23.43,22.77
2026-04-22 23:37:00,2026-04-22 23:37:59,Q10,484.30,63.60,29.40,30.50,98.80,26.60,2.63,487.90,82.20,37.80,39.90,97.30,21.30,5.11,484.40,69.70,30.00,33.40,91.40,26.10,7.49,485.53,71.83,97.20,103.80,95.83,24.67,15.23
2026-04-22 23:38:00,2026-04-22 23:38:59,Q10,485.20,65.10,30.40,31.50,98.90,27.20,2.49,488.50,78.30,36.90,38.10,97.50,23.20,4.83,483.90,67.10,29.10,32.40,91.60,27.90,7.31,485.87,70.17,96.40,102.00,96.00,26.10,14.63
2026-04-22 23:39:00,2026-04-22 23:39:59,Q10,486.30,65.10,30.40,31.60,98.90,28.30,2.54,488.20,74.70,34.90,36.10,97.80,25.10,4.31,483.80,67.60,30.10,32.40,94.20,27.80,6.03,486.10,69.13,95.40,100.10,96.97,27.07,12.89
2026-04-22 23:40:00,2026-04-22 23:40:59,Q10,486.30,60.10,28.40,29.20,98.80,26.80,2.46,487.80,83.90,38.40,40.40,96.80,23.10,5.83,483.90,72.90,28.90,34.80,85.10,25.30,9.80,486.00,72.30,95.70,104.40,93.57,25.07,18.09
2026-04-22 23:41:00,2026-04-22 23:41:59,Q10,485.50,66.70,30.70,32.00,96.40,28.80,4.31,488.30,81.20,37.00,39.50,95.70,21.60,7.14,484.90,84.90,32.00,40.70,80.70,25.30,12.37,486.23,77.60,99.70,112.20,90.93,25.23,23.83
2026-04-22 23:42:00,2026-04-22 23:42:59,Q10,487.20,60.50,28.40,29.20,98.90,27.80,2.34,487.20,88.20,40.30,42.90,96.40,21.60,6.43,485.30,71.00,28.20,34.40,83.70,26.50,10.40,486.57,73.23,96.90,106.50,93.00,25.30,19.17
2026-04-22 23:43:00,2026-04-22 23:43:59,Q10,486.70,64.80,30.10,31.10,97.00,26.80,4.29,486.90,97.70,44.70,47.10,95.00,22.60,8.40,486.30,86.90,32.40,41.80,79.30,23.80,13.31,486.63,83.13,107.20,120.00,90.43,24.40,26.00
2026-04-22 23:44:00,2026-04-22 23:44:59,Q10,487.10,63.40,29.40,30.70,98.90,28.10,2.40,488.50,66.30,31.70,32.20,99.30,29.30,2.09,484.30,64.50,29.40,31.00,98.00,28.30,3.43,486.63,64.73,90.50,93.90,98.73,28.57,7.91
2026-04-22 23:45:00,2026-04-22 23:45:59,Q10,486.70,61.10,28.70,29.60,99.10,26.70,2.11,488.50,64.80,30.70,31.20,99.80,27.80,0.80,483.70,64.20,29.70,30.90,99.40,26.30,1.91,486.30,63.37,89.10,91.70,99.43,26.93,4.83
2026-04-22 23:46:00,2026-04-22 23:46:59,Q10,486.50,64.20,27.30,31.10,88.80,23.20,8.69,487.10,93.30,40.00,45.30,89.40,25.40,11.17,483.40,84.40,30.40,40.60,76.80,22.50,14.57,485.67,80.63,97.70,117.00,85.00,23.70,34.43
2026-04-22 23:47:00,2026-04-22 23:47:59,Q10,486.50,63.50,27.60,30.60,92.30,25.20,6.74,486.70,81.00,36.30,39.40,93.70,24.00,8.03,485.10,75.50,29.50,36.40,82.70,23.80,11.74,486.10,73.33,93.40,106.40,89.57,24.33,26.51
2026-04-22 23:48:00,2026-04-22 23:48:59,Q10,485.60,90.90,34.00,43.70,79.20,27.40,13.77,486.70,65.90,27.60,31.60,89.10,22.80,9.63,484.00,88.80,37.00,42.60,88.50,21.20,11.60,485.43,81.87,98.60,117.90,85.60,23.80,35.00
2026-04-22 23:49:00,2026-04-22 23:49:59,Q10,485.90,61.40,28.40,29.60,98.60,28.70,2.77,488.30,73.70,34.00,35.60,97.70,25.20,4.40,484.40,68.10,29.80,32.90,93.10,28.60,6.54,486.20,67.73,92.20,98.10,96.47,27.50,13.71
2026-04-22 23:50:00,2026-04-22 23:50:59,Q10,484.90,65.90,28.20,31.50,91.60,29.00,7.34,487.80,94.00,41.80,45.80,93.50,25.10,9.03,484.80,77.90,29.20,37.30,79.20,22.30,14.14,485.83,79.27,99.20,114.60,88.10,25.47,30.51
2026-04-22 23:51:00,2026-04-22 23:51:59,Q10,487.10,61.50,28.40,29.70,98.90,26.50,2.37,487.40,61.80,28.70,29.70,99.80,28.70,0.97,484.20,65.10,30.70,31.50,99.30,26.60,1.97,486.23,62.80,87.80,90.90,99.33,27.27,5.31
2026-04-22 23:52:00,2026-04-22 23:52:59,Q10,484.90,61.30,28.70,29.50,99.10,26.20,2.11,488.10,59.30,27.70,28.80,99.90,28.20,0.57,484.70,64.00,29.70,31.00,99.50,26.10,1.54,485.90,61.53,86.10,89.30,99.50,26.83,4.23
2026-04-22 23:53:00,2026-04-22 23:53:59,Q10,486.70,59.40,27.40,28.70,98.80,28.20,2.49,486.80,87.10,40.30,42.30,96.60,22.10,6.17,485.50,71.50,28.60,34.40,84.40,26.40,10.23,486.33,72.67,96.30,105.40,93.27,25.57,18.89
2026-04-22 23:54:00,2026-04-22 23:54:59,Q10,486.80,59.50,27.70,28.70,99.00,28.40,2.06,488.80,73.50,34.00,35.60,97.60,23.30,4.43,484.20,60.70,26.10,29.00,90.00,27.60,7.40,486.60,64.57,87.80,93.30,95.53,26.43,13.89
2026-04-22 23:55:00,2026-04-22 23:55:59,Q10,487.40,61.50,28.70,29.70,99.00,28.10,2.26,488.30,76.40,35.90,37.10,97.70,24.60,4.37,484.80,63.80,27.60,30.50,92.70,28.20,6.54,486.83,67.23,92.20,97.30,96.47,26.97,13.17
2026-04-22 23:56:00,2026-04-22 23:56:59,Q10,487.40,66.30,29.40,32.10,92.10,29.30,6.94,487.30,89.30,40.00,43.30,93.60,26.20,8.66,484.60,75.80,28.40,36.30,79.30,23.10,13.63,486.43,77.13,97.80,111.70,88.33,26.20,29.23
2026-04-22 23:57:00,2026-04-22 23:57:59,Q10,485.90,59.00,27.40,28.60,98.20,27.10,2.97,488.60,80.20,37.40,39.00,96.50,22.50,6.06,486.40,79.40,31.90,38.40,84.60,24.30,10.11,486.97,72.87,96.70,106.00,93.10,24.63,19.14
2026-04-22 23:58:00,2026-04-22 23:58:59,Q10,485.10,81.90,31.60,39.30,81.40,27.20,13.43,488.90,89.50,38.70,43.40,90.40,26.80,8.31,485.10,82.50,35.90,39.80,92.30,22.60,9.34,486.37,84.63,106.20,122.50,88.03,25.53,31.09
2026-04-22 23:59:00,2026-04-22 23:59:59,Q10,486.10,65.00,27.00,31.60,87.70,26.80,9.06,487.60,93.00,40.50,45.30,90.40,27.50,10.03,485.50,82.90,31.20,39.80,80.40,23.00,13.43,486.40,80.30,98.70,116.70,86.17,25.77,32.51
