Start Time,End Time,Meter,l1Volt,l1Amp,l1Kw,l1Kva,l1Pf,l1THD,l1Kvar,l2Volt,l2Amp,l2Kw,l2Kva,l2Pf,l2THD,l2Kvar,l3Volt,l3Amp,l3Kw,l3Kva,l3Pf,l3THD,l3Kvar,avgVolt,avgAmp,totalKw,totalKva,avgPf,avgTHD,totalKvar
2026-04-29 00:00:00,2026-04-29 00:00:59,Q10,250.10,76.70,18.80,19.00,99.40,62.70,-1.66,488.00,86.30,40.60,42.00,99.20,65.90,-2.06,239.30,79.30,17.80,18.90,99.90,62.90,-0.69,325.80,80.77,77.20,79.90,99.50,63.83,-4.40
2026-04-29 00:01:00,2026-04-29 00:01:59,Q10,250.00,69.80,16.80,17.20,99.80,74.10,-0.83,487.90,78.80,36.60,38.00,99.80,77.10,-0.80,239.30,73.80,16.80,17.40,99.90,74.70,0.34,325.73,74.13,70.20,72.60,99.83,75.30,-1.29
2026-04-29 00:02:00,2026-04-29 00:02:59,Q10,250.70,69.40,16.80,17.20,99.90,73.30,-0.49,489.10,79.00,37.60,38.60,99.80,73.70,-0.74,239.70,73.80,16.80,17.40,99.80,72.00,0.74,326.50,74.07,71.20,73.20,99.83,73.00,-0.49
2026-04-29 00:03:00,2026-04-29 00:03:59,Q10,250.40,74.00,17.80,18.50,99.70,65.70,-0.94,488.20,81.50,38.60,39.50,99.50,74.50,-1.49,239.30,77.50,17.80,18.40,99.90,69.60,0.20,325.97,77.67,74.20,76.40,99.70,69.93,-2.23
2026-04-29 00:04:00,2026-04-29 00:04:59,Q10,250.60,73.30,17.80,18.20,99.90,64.70,-0.17,488.90,82.90,39.60,40.00,99.90,67.00,-0.34,239.60,75.30,16.80,17.90,99.70,67.60,1.06,326.37,77.17,74.20,76.10,99.83,66.43,0.54
2026-04-29 00:05:00,2026-04-29 00:05:59,Q10,251.00,66.60,15.80,16.60,99.90,72.50,-0.17,489.80,75.70,35.60,36.70,99.90,75.10,-0.57,240.20,69.80,15.80,16.60,99.80,73.70,0.86,327.00,70.70,67.20,69.90,99.87,73.77,0.11
2026-04-29 00:06:00,2026-04-29 00:06:59,Q10,250.30,62.80,14.90,15.50,99.80,72.60,-0.69,488.60,70.50,33.70,34.20,99.80,75.10,-0.86,239.70,63.60,14.90,15.10,99.90,75.40,0.00,326.20,65.63,63.50,64.80,99.83,74.37,-1.54
2026-04-29 00:07:00,2026-04-29 00:07:59,Q10,251.00,64.10,15.80,16.10,99.90,77.10,-0.46,490.10,68.50,32.70,33.30,99.90,78.40,-0.57,240.40,65.80,14.90,15.60,99.90,76.80,0.46,327.17,66.13,63.40,65.00,99.90,77.43,-0.57
2026-04-29 00:08:00,2026-04-29 00:08:59,Q10,251.10,61.20,14.90,15.30,99.20,71.30,-1.49,490.00,70.50,33.70,34.30,99.00,70.50,-1.86,240.30,65.00,14.90,15.60,99.80,71.00,-0.74,327.13,65.57,63.50,65.20,99.33,70.93,-4.09
2026-04-29 00:09:00,2026-04-29 00:09:59,Q10,250.50,65.30,15.80,16.20,99.80,68.90,-0.69,489.00,71.70,33.70,34.70,99.80,71.30,-0.80,239.90,65.20,14.90,15.50,99.90,68.60,0.17,326.47,67.40,64.40,66.40,99.83,69.60,-1.31
2026-04-29 00:10:00,2026-04-29 00:10:59,Q10,250.60,64.10,15.80,16.00,99.40,73.00,-1.29,489.20,70.50,33.70,34.20,99.50,71.50,-1.37,240.00,64.60,14.90,15.40,99.90,68.90,-0.11,326.60,66.40,64.40,65.60,99.60,71.13,-2.77
2026-04-29 00:11:00,2026-04-29 00:11:59,Q10,250.50,60.30,14.90,15.00,99.90,69.50,-0.03,489.10,67.10,31.70,32.80,99.90,73.00,0.09,240.00,61.80,13.90,14.60,99.80,71.30,0.69,326.53,63.07,60.50,62.40,99.87,71.27,0.74
2026-04-29 00:12:00,2026-04-29 00:12:59,Q10,250.70,62.90,14.90,15.50,99.10,69.30,-1.57,489.30,68.30,32.70,33.30,99.10,76.80,-1.77,239.90,66.20,14.90,15.80,99.70,76.10,-0.86,326.63,65.80,62.50,64.60,99.30,74.07,-4.20
2026-04-29 00:13:00,2026-04-29 00:13:59,Q10,251.50,64.80,15.80,16.10,99.90,74.20,-0.49,490.90,68.40,32.70,33.30,99.80,75.00,-0.83,240.80,64.60,14.90,15.40,99.90,71.80,0.00,327.73,65.93,63.40,64.80,99.87,73.67,-1.31
2026-04-29 00:14:00,2026-04-29 00:14:59,Q10,251.20,60.40,14.90,15.10,99.70,69.90,-0.74,490.60,62.40,29.70,30.40,99.60,76.30,-1.03,240.80,60.20,13.90,14.40,99.90,70.70,-0.20,327.53,61.00,58.50,59.90,99.73,72.30,-1.97
2026-04-29 00:15:00,2026-04-29 00:15:59,Q10,251.60,56.50,13.90,14.10,99.40,78.10,-1.23,491.20,65.20,30.70,31.90,99.00,81.20,-1.69,240.90,61.20,13.90,14.60,99.70,76.40,-0.89,327.90,60.97,58.50,60.60,99.37,78.57,-3.80
2026-04-29 00:16:00,2026-04-29 00:16:59,Q10,250.90,60.50,14.90,15.00,99.20,71.70,-1.40,490.00,66.10,31.70,32.30,99.10,76.80,-1.66,240.30,63.70,14.90,15.10,99.70,75.20,-0.89,327.07,63.43,61.50,62.40,99.33,74.57,-3.94
2026-04-29 00:17:00,2026-04-29 00:17:59,Q10,251.30,54.50,12.90,13.60,99.90,71.20,-0.26,490.60,60.30,28.70,29.40,99.80,75.90,-0.60,240.70,57.60,12.90,13.70,99.90,70.00,0.17,327.53,57.47,54.50,56.70,99.87,72.37,-0.69
2026-04-29 00:18:00,2026-04-29 00:18:59,Q10,250.30,57.20,13.90,14.20,99.90,89.10,-0.14,488.70,63.90,29.70,30.70,99.90,96.60,-0.29,239.70,58.70,12.90,13.90,99.90,91.60,0.34,326.23,59.93,56.50,58.80,99.90,92.43,-0.09
2026-04-29 00:19:00,2026-04-29 00:19:59,Q10,250.40,60.80,14.90,15.00,99.90,74.00,-0.23,488.80,66.10,31.70,32.20,99.90,77.90,-0.49,239.70,62.00,13.90,14.80,99.90,74.60,0.37,326.30,62.97,60.50,62.00,99.90,75.50,-0.34
2026-04-29 00:20:00,2026-04-29 00:20:59,Q10,251.50,67.60,15.80,16.80,99.40,74.00,-1.34,490.80,71.50,33.70,34.80,99.00,76.80,-1.94,240.60,69.40,15.80,16.60,99.80,74.00,-0.66,327.63,69.50,65.30,68.20,99.40,74.93,-3.94
2026-04-29 00:21:00,2026-04-29 00:21:59,Q10,250.90,69.90,16.80,17.20,99.90,66.20,-0.14,489.60,78.40,37.60,38.10,99.90,67.50,-0.57,240.10,72.40,16.80,17.30,99.90,64.60,0.54,326.87,73.57,71.20,72.60,99.90,66.10,-0.17
2026-04-29 00:22:00,2026-04-29 00:22:59,Q10,251.20,69.90,16.80,17.30,99.50,68.00,-1.34,490.40,77.50,36.60,37.70,99.10,68.70,-2.03,240.40,71.80,16.80,17.00,99.80,66.90,-0.71,327.33,73.07,70.20,72.00,99.47,67.87,-4.09
2026-04-29 00:23:00,2026-04-29 00:23:59,Q10,251.30,70.30,16.80,17.60,99.10,69.50,-1.77,490.70,75.60,35.30,36.80,98.80,70.60,-2.20,240.70,71.70,16.80,17.00,99.70,68.20,-0.97,327.57,72.53,68.90,71.40,99.20,69.43,-4.94
2026-04-29 00:24:00,2026-04-29 00:24:59,Q10,250.80,70.60,16.80,17.50,99.60,72.00,-1.09,490.00,76.00,36.60,37.20,99.40,75.50,-1.54,240.50,71.40,16.80,17.00,99.80,73.50,-0.66,327.10,72.67,70.20,71.70,99.60,73.67,-3.29
2026-04-29 00:25:00,2026-04-29 00:25:59,Q10,251.50,70.90,16.80,17.60,99.90,70.90,-0.57,491.30,77.20,36.60,37.80,99.70,71.30,-1.11,241.10,74.20,16.80,17.80,99.90,70.80,0.00,327.97,74.10,70.20,73.20,99.83,71.00,-1.69
2026-04-29 00:26:00,2026-04-29 00:26:59,Q10,251.90,68.30,16.80,17.10,99.90,72.30,-0.54,491.90,73.70,34.70,35.80,99.70,74.70,-1.03,241.40,68.70,15.80,16.40,99.90,73.10,0.14,328.40,70.23,67.30,69.30,99.83,73.37,-1.43
2026-04-29 00:27:00,2026-04-29 00:27:59,Q10,251.20,64.30,15.80,16.10,99.80,68.10,-0.60,490.70,72.40,34.70,35.30,99.70,73.60,-0.89,240.80,67.90,15.80,16.10,99.90,71.60,0.14,327.57,68.20,66.30,67.50,99.80,71.10,-1.34
2026-04-29 00:28:00,2026-04-29 00:28:59,Q10,251.70,71.60,16.80,17.80,99.40,79.30,-1.51,491.60,76.00,36.30,37.30,98.90,87.30,-2.26,241.30,74.70,16.80,17.80,99.70,78.40,-0.97,328.20,74.10,69.90,72.90,99.33,81.67,-4.74
2026-04-29 00:29:00,2026-04-29 00:29:59,Q10,251.40,73.80,17.80,18.30,99.90,73.00,-0.26,490.80,79.20,37.60,38.70,99.90,78.90,-0.57,240.80,74.00,16.80,17.80,99.90,75.50,0.34,327.67,75.67,72.20,74.80,99.90,75.80,-0.49
2026-04-29 00:30:00,2026-04-29 00:30:59,Q10,251.00,76.50,18.80,19.10,99.30,81.70,-1.71,490.40,80.80,38.60,39.20,99.10,84.90,-2.11,240.70,79.50,17.80,19.00,99.70,79.40,-1.09,327.37,78.93,75.20,77.30,99.37,82.00,-4.91
2026-04-29 00:31:00,2026-04-29 00:31:59,Q10,251.70,76.60,18.80,19.10,99.80,71.40,-0.83,491.60,81.20,38.60,39.80,99.60,71.60,-1.31,241.20,77.10,17.80,18.60,99.90,69.80,-0.11,328.17,78.30,75.20,77.50,99.77,70.93,-2.26
2026-04-29 00:32:00,2026-04-29 00:32:59,Q10,250.60,75.80,17.80,18.80,99.90,68.20,0.09,489.80,81.10,38.60,39.60,99.90,73.70,-0.23,240.40,77.10,17.80,18.50,99.80,70.30,0.77,326.93,78.00,74.20,76.90,99.87,70.73,0.63
2026-04-29 00:33:00,2026-04-29 00:33:59,Q10,250.90,79.20,18.80,19.80,99.90,70.50,-0.17,489.70,82.60,39.60,40.10,99.90,74.20,-0.66,240.10,79.60,17.80,19.00,99.90,71.50,0.14,326.90,80.47,76.20,78.90,99.90,72.07,-0.69
2026-04-29 00:34:00,2026-04-29 00:34:59,Q10,250.10,84.70,20.80,21.00,99.90,66.80,0.34,488.10,89.30,42.60,43.40,99.90,68.40,0.09,239.40,84.90,19.80,20.10,99.80,66.60,1.03,325.87,86.30,83.20,84.50,99.87,67.27,1.46
2026-04-29 00:35:00,2026-04-29 00:35:59,Q10,250.20,77.00,18.80,19.20,99.50,64.00,-1.43,488.30,80.90,38.60,39.00,99.20,66.50,-1.94,239.50,79.40,17.80,18.90,99.80,65.80,-0.91,326.00,79.10,75.20,77.10,99.50,65.43,-4.29
2026-04-29 00:36:00,2026-04-29 00:36:59,Q10,250.40,74.20,17.80,18.50,99.90,69.10,-0.09,488.40,82.90,39.60,40.00,99.90,71.90,-0.46,239.40,78.50,17.80,18.60,99.90,69.00,0.69,326.07,78.53,75.20,77.10,99.90,70.00,0.14
2026-04-29 00:37:00,2026-04-29 00:37:59,Q10,251.00,73.00,17.80,18.30,99.40,69.50,-1.49,489.90,76.60,36.60,37.20,99.30,74.50,-1.80,240.20,73.40,16.80,17.50,99.80,74.60,-0.86,327.03,74.33,71.20,73.00,99.50,72.87,-4.14
2026-04-29 00:38:00,2026-04-29 00:38:59,Q10,250.80,65.00,15.80,16.20,99.40,70.20,-1.43,489.50,73.80,34.70,35.70,99.20,71.60,-1.74,240.10,68.70,15.80,16.30,99.70,66.80,-0.89,326.80,69.17,66.30,68.20,99.43,69.53,-4.06
2026-04-29 00:39:00,2026-04-29 00:39:59,Q10,251.00,68.20,16.80,17.10,99.90,68.80,0.00,489.90,72.20,34.70,35.20,99.90,71.60,-0.40,240.20,71.40,16.80,17.00,99.90,68.50,0.40,327.03,70.60,68.30,69.30,99.90,69.63,0.00
2026-04-29 00:40:00,2026-04-29 00:40:59,Q10,250.40,71.80,16.80,17.80,99.90,69.60,0.20,488.70,73.90,34.70,35.60,99.90,74.50,0.00,239.70,73.30,16.80,17.40,99.90,72.10,0.63,326.27,73.00,68.30,70.80,99.90,72.07,0.83
2026-04-29 00:41:00,2026-04-29 00:41:59,Q10,251.10,69.30,16.80,17.30,99.90,68.20,-0.43,489.90,76.40,36.60,37.20,99.80,68.70,-0.94,240.20,73.50,16.80,17.50,99.90,64.90,0.14,327.07,73.07,70.20,72.00,99.87,67.27,-1.23
2026-04-29 00:42:00,2026-04-29 00:42:59,Q10,250.50,67.50,15.80,16.80,99.50,68.50,-1.20,488.80,71.60,33.70,34.60,99.40,70.30,-1.46,239.60,69.70,15.80,16.50,99.80,69.80,-0.66,326.30,69.60,65.30,67.90,99.57,69.53,-3.31
2026-04-29 00:43:00,2026-04-29 00:43:59,Q10,251.30,63.70,14.90,15.80,99.90,71.70,-0.06,490.50,66.40,31.70,32.30,99.90,73.80,-0.54,240.60,67.00,15.80,16.10,99.90,70.40,0.20,327.47,65.70,62.40,64.20,99.90,71.97,-0.40
2026-04-29 00:44:00,2026-04-29 00:44:59,Q10,251.50,73.10,17.80,18.30,99.40,67.00,-1.57,491.30,81.60,38.60,39.80,99.00,73.90,-2.17,241.10,80.70,18.80,19.30,99.70,72.80,-1.11,327.97,78.47,75.20,77.40,99.37,71.23,-4.86
2026-04-29 00:45:00,2026-04-29 00:45:59,Q10,250.70,83.00,19.80,20.80,99.40,64.20,-1.69,489.90,91.70,43.60,44.50,99.20,68.60,-2.20,240.60,83.00,18.80,19.90,99.70,64.30,-1.17,327.07,85.90,82.20,85.20,99.43,65.70,-5.06
2026-04-29 00:46:00,2026-04-29 00:46:59,Q10,251.30,87.90,20.80,21.80,99.90,71.10,0.14,490.90,93.40,44.50,45.60,99.90,67.90,-0.29,241.00,88.70,20.80,21.20,99.90,69.30,0.63,327.73,90.00,86.10,88.60,99.90,69.43,0.49
2026-04-29 00:47:00,2026-04-29 00:47:59,Q10,251.20,102.50,24.80,25.60,99.90,63.20,0.57,490.50,109.00,52.50,53.40,99.90,66.80,0.34,240.70,104.00,23.80,25.00,99.70,65.90,1.57,327.47,105.17,101.10,104.00,99.83,65.30,2.49
2026-04-29 00:48:00,2026-04-29 00:48:59,Q10,251.00,90.40,21.80,22.60,99.90,66.20,-0.20,489.90,99.90,47.50,48.40,99.90,66.50,-0.49,240.30,94.00,21.80,22.60,99.90,67.40,0.71,327.07,94.77,91.10,93.60,99.90,66.70,0.03
2026-04-29 00:49:00,2026-04-29 00:49:59,Q10,250.90,78.00,18.80,19.50,99.90,70.00,-0.11,489.80,83.60,39.60,40.60,99.90,71.60,-0.20,240.30,77.50,17.80,18.50,99.90,70.80,0.60,327.00,79.70,76.20,78.60,99.90,70.80,0.29
2026-04-29 00:50:00,2026-04-29 00:50:59,Q10,250.50,75.20,17.80,18.80,99.90,72.60,-0.37,489.00,79.10,37.60,38.60,99.90,76.90,-0.31,240.00,77.40,17.80,18.50,99.90,73.50,0.31,326.50,77.23,73.20,75.90,99.90,74.33,-0.37
2026-04-29 00:51:00,2026-04-29 00:51:59,Q10,250.60,90.20,21.80,22.50,99.50,74.40,-1.77,489.30,95.60,45.50,46.50,99.40,75.90,-1.97,240.00,91.60,20.80,21.80,99.90,74.70,-0.80,326.63,92.47,88.10,90.80,99.60,75.00,-4.54
2026-04-29 00:52:00,2026-04-29 00:52:59,Q10,250.90,87.40,20.80,21.80,99.90,69.40,-0.31,489.80,94.90,44.50,46.00,99.90,78.70,-0.37,240.40,86.80,19.80,20.60,99.90,71.60,0.63,327.03,89.70,85.10,88.40,99.90,73.23,-0.06
2026-04-29 00:53:00,2026-04-29 00:53:59,Q10,251.40,83.50,19.80,20.80,99.50,69.90,-1.66,491.00,90.80,43.60,44.20,99.20,69.60,-2.17,241.00,86.60,19.80,20.70,99.70,67.50,-1.17,327.80,86.97,83.20,85.70,99.47,69.00,-5.00
2026-04-29 00:54:00,2026-04-29 00:54:59,Q10,250.80,78.00,18.80,19.50,99.90,67.40,0.00,490.10,84.70,40.60,41.20,99.90,72.80,-0.23,240.70,82.60,18.80,19.70,99.90,69.70,0.57,327.20,81.77,78.20,80.40,99.90,69.97,0.34
2026-04-29 00:55:00,2026-04-29 00:55:59,Q10,251.30,71.70,16.80,17.80,99.90,80.00,0.29,490.80,79.80,37.60,38.70,99.90,83.60,-0.26,240.90,76.60,17.80,18.20,99.80,81.60,0.69,327.67,76.03,72.20,74.70,99.87,81.73,0.71
2026-04-29 00:56:00,2026-04-29 00:56:59,Q10,251.50,79.00,18.80,19.80,99.60,67.70,-1.34,491.30,83.70,39.60,40.80,99.20,68.20,-1.97,241.20,80.20,18.80,19.30,99.80,65.40,-0.97,328.00,80.97,77.20,79.90,99.53,67.10,-4.29
2026-04-29 00:57:00,2026-04-29 00:57:59,Q10,251.40,77.30,18.80,19.30,99.40,69.80,-1.54,491.10,80.30,38.60,39.30,99.10,69.30,-2.06,241.10,77.10,17.80,18.60,99.70,67.50,-1.11,327.87,78.23,75.20,77.20,99.40,68.87,-4.71
2026-04-29 00:58:00,2026-04-29 00:58:59,Q10,251.20,79.00,18.80,19.80,99.90,70.40,-0.51,491.00,85.60,40.60,41.70,99.70,75.80,-1.14,240.90,83.20,18.80,19.90,99.90,73.00,-0.03,327.70,82.60,78.20,81.40,99.83,73.07,-1.69
2026-04-29 00:59:00,2026-04-29 00:59:59,Q10,251.60,78.20,18.80,19.60,99.90,73.90,-0.34,491.40,83.50,39.60,40.80,99.70,77.10,-1.06,241.30,79.10,18.80,19.00,99.90,71.70,0.09,328.10,80.27,77.20,79.40,99.83,74.23,-1.31
2026-04-29 01:00:00,2026-04-29 01:00:59,Q10,250.40,75.10,17.80,18.80,99.60,69.80,-1.20,488.30,82.40,39.60,40.00,99.70,70.90,-1.11,239.40,75.40,16.80,17.90,99.90,69.70,-0.14,326.03,77.63,74.20,76.70,99.73,70.13,-2.46
2026-04-29 01:01:00,2026-04-29 01:01:59,Q10,250.30,74.80,17.80,18.50,99.90,70.40,0.09,488.60,80.00,38.60,39.00,99.90,76.30,0.17,239.60,75.60,16.80,17.90,99.70,76.30,1.06,326.17,76.80,73.20,75.40,99.83,74.33,1.31
2026-04-29 01:02:00,2026-04-29 01:02:59,Q10,250.10,75.80,17.80,18.80,99.90,66.70,0.00,488.10,81.60,38.60,39.50,99.90,70.40,-0.14,239.40,76.10,17.80,18.20,99.80,69.00,0.71,325.87,77.83,74.20,76.50,99.87,68.70,0.57
2026-04-29 01:03:00,2026-04-29 01:03:59,Q10,251.00,79.70,18.80,19.80,99.90,72.50,-0.17,489.80,86.10,41.60,42.10,99.90,76.20,-0.40,240.20,81.90,18.80,19.40,99.90,72.40,0.63,327.00,82.57,79.20,81.30,99.90,73.70,0.06
2026-04-29 01:04:00,2026-04-29 01:04:59,Q10,250.90,71.20,16.80,17.80,99.40,66.50,-1.54,489.60,75.80,35.60,36.70,99.30,67.20,-1.80,240.10,72.80,16.80,17.30,99.80,66.00,-0.91,326.87,73.27,69.20,71.80,99.50,66.57,-4.26
2026-04-29 01:05:00,2026-04-29 01:05:59,Q10,250.00,77.40,18.80,19.20,99.90,71.80,0.20,488.00,82.60,39.60,40.00,99.90,75.10,0.14,239.40,80.60,18.80,19.10,99.80,74.70,0.83,325.80,80.20,77.20,78.30,99.87,73.87,1.17
2026-04-29 01:06:00,2026-04-29 01:06:59,Q10,250.60,80.30,19.80,20.00,99.90,81.20,-0.34,489.30,85.70,40.60,41.60,99.90,82.90,-0.43,240.00,81.60,18.80,19.40,99.90,75.50,0.37,326.63,82.53,79.20,81.00,99.90,79.87,-0.40
2026-04-29 01:08:00,2026-04-29 01:08:59,Q10,251.00,72.60,17.80,18.10,99.50,74.00,-1.31,489.90,77.80,36.60,37.70,99.20,79.00,-1.91,240.20,75.50,17.80,18.00,99.80,75.40,-0.86,327.03,75.30,72.20,73.80,99.50,76.13,-4.09
2026-04-29 01:09:00,2026-04-29 01:09:59,Q10,250.30,65.90,15.80,16.20,99.90,66.80,-0.29,488.60,72.20,34.70,35.10,99.90,65.90,-0.43,239.70,65.90,14.90,15.50,99.90,65.00,0.14,326.20,68.00,65.40,66.80,99.90,65.90,-0.57
2026-04-29 01:10:00,2026-04-29 01:10:59,Q10,250.90,74.00,17.80,18.50,99.40,74.10,-1.54,489.60,77.20,36.60,37.70,99.40,74.10,-1.66,240.00,75.30,17.80,18.00,99.80,72.30,-0.86,326.83,75.50,72.20,74.20,99.53,73.50,-4.06
2026-04-29 01:11:00,2026-04-29 01:11:59,Q10,250.90,92.30,22.80,23.00,99.90,63.80,0.29,489.40,102.40,48.50,49.90,99.90,67.10,-0.03,239.90,98.40,22.80,23.40,99.70,62.50,1.37,326.73,97.70,94.10,96.30,99.83,64.47,1.63
2026-04-29 01:12:00,2026-04-29 01:12:59,Q10,250.60,97.70,23.80,24.20,99.80,65.00,-1.23,488.80,106.20,50.50,51.70,99.60,67.30,-1.91,239.50,100.90,22.80,23.90,99.90,66.00,-0.11,326.30,101.60,97.10,99.80,99.77,66.10,-3.26
2026-04-29 01:13:00,2026-04-29 01:13:59,Q10,250.50,81.50,19.80,20.20,99.50,62.40,-1.63,488.60,91.20,43.60,44.40,99.40,67.40,-1.83,239.40,85.00,19.80,20.30,99.90,69.20,-0.63,326.17,85.90,83.20,84.90,99.60,66.33,-4.09
2026-04-29 01:14:00,2026-04-29 01:14:59,Q10,251.10,75.20,17.80,18.80,99.40,63.60,-1.57,489.90,86.70,41.60,42.10,99.30,65.00,-1.97,240.20,81.10,18.80,19.40,99.80,63.50,-0.74,327.07,81.00,78.20,80.30,99.50,64.03,-4.29
2026-04-29 01:15:00,2026-04-29 01:15:59,Q10,251.00,78.50,18.80,19.60,99.90,61.40,0.17,489.80,83.90,39.60,40.60,99.90,63.60,-0.09,240.20,80.60,18.80,19.20,99.80,62.10,0.97,327.00,81.00,77.20,79.40,99.87,62.37,1.06
2026-04-29 01:16:00,2026-04-29 01:16:59,Q10,250.90,77.20,18.80,19.20,99.90,68.50,0.31,489.70,87.00,41.60,42.50,99.90,67.70,0.09,240.20,81.10,18.80,19.40,99.70,65.50,1.06,326.93,81.77,79.20,81.10,99.83,67.23,1.46
2026-04-29 01:17:00,2026-04-29 01:17:59,Q10,250.70,86.90,20.80,21.50,99.50,68.20,-1.63,489.30,96.10,45.50,46.90,99.50,68.00,-1.83,239.90,88.50,20.80,21.00,99.90,67.30,-0.80,326.63,90.50,87.10,89.40,99.63,67.83,-4.26
2026-04-29 01:18:00,2026-04-29 01:18:59,Q10,250.30,80.80,19.80,20.00,99.90,66.00,0.03,488.70,84.50,39.60,41.00,99.90,64.70,0.20,239.70,84.10,19.80,20.10,99.80,64.50,0.86,326.23,83.13,79.20,81.10,99.87,65.07,1.09
2026-04-29 01:19:00,2026-04-29 01:19:59,Q10,250.60,81.00,19.80,20.20,99.40,73.00,-1.77,489.00,86.50,41.60,42.10,99.40,73.40,-1.74,239.70,82.60,18.80,19.60,99.80,74.00,-0.89,326.43,83.37,80.20,81.90,99.53,73.47,-4.40
2026-04-29 01:20:00,2026-04-29 01:20:59,Q10,251.30,83.30,19.80,20.80,99.50,70.00,-1.57,490.50,91.90,43.60,44.60,99.50,72.40,-1.77,240.60,85.50,19.80,20.40,99.80,68.40,-0.80,327.47,86.90,83.20,85.80,99.60,70.27,-4.14
2026-04-29 01:21:00,2026-04-29 01:21:59,Q10,251.10,81.30,19.80,20.30,99.50,68.60,-1.51,490.00,90.30,43.60,44.10,99.40,69.50,-1.80,240.30,84.60,19.80,20.20,99.90,65.40,-0.71,327.13,85.40,83.20,84.60,99.60,67.83,-4.03
2026-04-29 01:22:00,2026-04-29 01:22:59,Q10,251.00,76.20,18.80,19.10,99.40,64.70,-1.57,489.90,84.00,40.60,41.10,99.40,66.60,-1.69,240.30,77.60,17.80,18.50,99.80,64.50,-0.80,327.07,79.27,77.20,78.70,99.53,65.27,-4.06
2026-04-29 01:23:00,2026-04-29 01:23:59,Q10,251.00,215.80,52.50,54.00,99.40,52.70,5.43,489.50,231.50,110.90,113.00,99.90,50.00,2.26,239.90,231.10,54.50,55.20,99.40,50.60,5.57,326.80,226.13,217.90,222.20,99.57,51.10,13.26
2026-04-29 01:24:00,2026-04-29 01:24:59,Q10,250.40,226.60,55.40,56.50,99.90,44.10,-0.77,488.00,239.00,114.80,116.60,99.70,46.70,-3.86,239.10,235.20,55.40,56.20,99.90,47.70,-0.23,325.83,233.60,225.60,229.30,99.83,46.17,-4.86
2026-04-29 01:25:00,2026-04-29 01:25:59,Q10,250.80,232.70,57.40,58.00,99.70,49.50,4.11,489.20,245.40,117.80,119.80,99.90,51.10,1.09,239.80,240.60,56.40,57.40,99.70,48.20,4.09,326.60,239.57,231.60,235.20,99.77,49.60,9.29
2026-04-29 01:26:00,2026-04-29 01:26:59,Q10,251.40,234.70,57.40,58.70,99.90,48.40,1.09,490.30,249.00,120.80,122.00,99.80,52.20,-2.69,240.30,246.30,58.40,59.00,99.90,50.30,1.29,327.33,243.33,236.60,239.70,99.87,50.30,-0.31
2026-04-29 01:27:00,2026-04-29 01:27:59,Q10,251.40,237.30,58.40,59.50,99.50,47.30,5.31,490.50,250.60,120.80,122.50,99.90,48.00,1.83,240.50,247.20,58.40,59.30,99.60,46.00,4.94,327.47,245.03,237.60,241.30,99.67,47.10,12.09
2026-04-29 01:28:00,2026-04-29 01:28:59,Q10,250.60,236.10,58.40,59.00,99.30,50.00,6.23,488.90,247.60,118.80,120.50,99.80,52.90,3.46,239.70,244.60,57.40,58.30,99.20,50.30,6.86,326.40,242.77,234.60,237.80,99.43,51.07,16.54
2026-04-29 01:29:00,2026-04-29 01:29:59,Q10,251.40,236.30,58.40,59.20,99.10,51.20,7.11,490.40,248.00,119.80,121.50,99.60,52.70,4.49,240.30,244.10,57.40,58.60,99.10,52.30,7.63,327.37,242.80,235.60,239.30,99.27,52.07,19.23
2026-04-29 01:30:00,2026-04-29 01:30:59,Q10,251.00,233.60,57.40,58.50,99.90,49.00,1.20,489.80,250.30,120.80,122.20,99.90,51.80,-1.54,240.20,245.70,57.40,58.80,99.90,50.50,1.11,327.00,243.20,235.60,239.50,99.90,50.43,0.77
2026-04-29 01:31:00,2026-04-29 01:31:59,Q10,251.60,234.80,57.40,58.70,99.30,48.90,6.23,491.00,249.20,120.80,122.30,99.80,49.20,2.97,240.70,245.50,57.40,58.80,99.30,47.50,6.43,327.77,243.17,235.60,239.80,99.47,48.53,15.63
2026-04-29 01:32:00,2026-04-29 01:32:59,Q10,251.20,233.50,57.40,58.50,99.50,50.10,4.83,490.20,250.90,120.80,122.50,99.80,50.00,3.49,240.40,245.00,57.40,58.80,99.30,51.90,6.57,327.27,243.13,235.60,239.80,99.53,50.67,14.89
2026-04-29 01:33:00,2026-04-29 01:33:59,Q10,251.00,232.30,57.40,58.20,99.90,48.90,-0.49,490.20,252.90,121.80,123.50,99.90,52.50,-2.37,240.50,244.90,57.40,58.60,99.90,54.30,1.03,327.23,243.37,236.60,240.30,99.90,51.90,-1.83
2026-04-29 01:34:00,2026-04-29 01:34:59,Q10,251.00,231.80,56.40,58.00,99.90,49.60,1.74,490.00,247.70,119.80,121.00,99.90,50.00,0.03,240.40,243.90,57.40,58.30,99.80,48.30,3.14,327.13,241.13,233.60,237.30,99.87,49.30,4.91
2026-04-29 01:35:00,2026-04-29 01:35:59,Q10,251.20,234.50,57.40,58.70,99.50,49.90,5.14,490.30,251.20,120.80,123.00,99.70,53.00,3.74,240.40,245.70,57.40,58.80,99.20,54.90,7.00,327.30,243.80,235.60,240.50,99.47,52.60,15.89
2026-04-29 01:36:00,2026-04-29 01:36:59,Q10,251.20,233.80,57.40,58.50,99.90,53.50,2.14,490.20,245.60,118.80,120.10,99.90,51.60,0.34,240.30,239.20,56.40,57.40,99.70,51.00,3.60,327.23,239.53,232.60,236.00,99.83,52.03,6.09
2026-04-29 01:37:00,2026-04-29 01:37:59,Q10,250.90,232.00,57.40,58.00,99.80,50.70,3.14,489.60,243.40,116.80,118.80,99.90,51.80,2.17,240.10,238.90,56.40,57.10,99.70,49.00,4.14,326.87,238.10,230.60,233.90,99.80,50.50,9.46
2026-04-29 01:38:00,2026-04-29 01:38:59,Q10,250.80,234.00,57.40,58.50,99.90,51.80,2.20,489.40,244.70,117.80,119.30,99.90,54.50,0.09,240.00,244.70,57.40,58.60,99.90,54.20,2.34,326.73,241.13,232.60,236.40,99.90,53.50,4.63
2026-04-29 01:39:00,2026-04-29 01:39:59,Q10,251.10,231.30,56.40,58.00,99.20,53.20,6.37,489.80,249.00,119.80,121.80,99.70,54.20,4.20,240.20,242.00,57.40,58.10,99.00,53.80,7.80,327.03,240.77,233.60,237.90,99.30,53.73,18.37
2026-04-29 01:40:00,2026-04-29 01:40:59,Q10,251.80,234.20,57.40,58.70,99.50,64.50,4.91,491.30,244.80,117.80,119.80,99.80,66.40,2.94,240.90,243.80,57.40,58.30,99.30,65.20,6.46,328.00,240.93,232.60,236.80,99.53,65.37,14.31
2026-04-29 01:41:00,2026-04-29 01:41:59,Q10,251.10,230.80,56.40,57.70,99.40,48.20,5.66,490.00,252.00,121.80,123.50,99.60,52.30,4.74,240.40,242.90,57.40,58.10,99.10,51.10,7.34,327.17,241.90,235.60,239.30,99.37,50.53,17.74
2026-04-29 01:42:00,2026-04-29 01:42:59,Q10,251.60,234.00,57.40,58.70,99.90,47.30,-0.34,490.90,245.60,118.80,120.10,99.80,49.40,-2.89,240.70,240.50,56.40,57.60,99.90,47.20,0.09,327.73,240.03,232.60,236.40,99.87,47.97,-3.14
2026-04-29 01:43:00,2026-04-29 01:43:59,Q10,251.50,232.70,57.40,58.20,99.90,57.90,2.14,490.50,245.40,118.80,120.10,99.90,59.30,0.34,240.40,238.70,56.40,57.10,99.80,57.40,2.69,327.47,238.93,232.60,235.40,99.87,58.20,5.17
2026-04-29 01:44:00,2026-04-29 01:44:59,Q10,251.00,230.10,56.40,57.70,99.80,50.50,2.83,489.60,243.30,116.80,118.80,99.90,51.40,0.51,240.00,242.60,57.40,58.10,99.80,49.80,3.37,326.87,238.67,230.60,234.60,99.83,50.57,6.71
2026-04-29 01:45:00,2026-04-29 01:45:59,Q10,251.50,235.00,57.40,59.00,99.80,48.80,2.60,490.70,246.50,118.80,120.50,99.90,50.40,0.71,240.60,242.90,57.40,58.10,99.70,48.90,3.63,327.60,241.47,233.60,237.60,99.80,49.37,6.94
2026-04-29 01:46:00,2026-04-29 01:46:59,Q10,250.60,234.40,57.40,58.50,99.60,50.50,4.71,489.10,245.50,117.80,119.80,99.80,54.90,3.09,239.80,241.00,56.40,57.60,99.50,54.40,5.29,326.50,240.30,231.60,235.90,99.63,53.27,13.09
2026-04-29 01:47:00,2026-04-29 01:47:59,Q10,251.20,231.90,56.40,58.00,99.40,52.10,5.69,490.20,245.00,118.80,120.10,99.70,54.40,3.83,240.40,239.60,56.40,57.40,99.30,51.00,6.11,327.27,238.83,231.60,235.50,99.47,52.50,15.63
2026-04-29 01:48:00,2026-04-29 01:48:59,Q10,251.50,234.00,57.40,58.70,99.40,52.10,5.60,490.70,246.50,118.80,120.50,99.70,53.00,4.00,240.50,241.30,56.40,57.80,99.30,53.00,6.14,327.57,240.60,232.60,237.00,99.47,52.70,15.74
2026-04-29 01:49:00,2026-04-29 01:49:59,Q10,251.20,228.40,56.40,57.20,99.40,53.70,5.40,490.10,244.60,117.80,119.60,99.70,51.70,3.89,240.20,238.00,56.40,57.10,99.20,50.10,6.66,327.17,237.00,230.60,233.90,99.43,51.83,15.94
2026-04-29 01:50:00,2026-04-29 01:50:59,Q10,251.10,232.00,57.40,58.20,99.70,48.80,3.54,490.20,243.90,117.80,119.10,99.90,51.90,2.06,240.40,238.10,56.40,57.10,99.60,49.50,4.54,327.23,238.00,231.60,234.40,99.73,50.07,10.14
2026-04-29 01:51:00,2026-04-29 01:51:59,Q10,251.10,233.00,57.40,58.50,99.60,51.70,4.20,490.00,246.10,118.80,120.50,99.90,54.50,2.09,240.30,239.10,56.40,57.40,99.60,53.70,4.89,327.13,239.40,232.60,236.40,99.70,53.30,11.17
2026-04-29 01:52:00,2026-04-29 01:52:59,Q10,251.80,231.50,56.40,58.00,99.50,48.50,4.86,491.20,245.50,118.80,120.30,99.90,53.40,2.00,240.80,242.30,57.40,58.10,99.40,51.40,6.00,327.93,239.77,232.60,236.40,99.60,51.10,12.86
2026-04-29 01:53:00,2026-04-29 01:53:59,Q10,251.80,227.00,55.40,57.00,99.50,55.20,4.80,491.20,246.30,118.80,120.80,99.90,56.70,1.97,240.80,243.40,57.40,58.30,99.50,52.30,5.20,327.93,238.90,231.60,236.10,99.63,54.73,11.97
2026-04-29 01:54:00,2026-04-29 01:54:59,Q10,251.00,232.50,57.40,58.20,99.90,51.90,1.17,489.70,247.50,118.80,120.80,99.90,53.50,-0.89,240.10,242.40,57.40,58.10,99.90,52.70,2.17,326.93,240.80,233.60,237.10,99.90,52.70,2.46
2026-04-29 01:55:00,2026-04-29 01:55:59,Q10,251.70,232.40,57.40,58.20,99.80,52.80,3.14,491.10,243.90,117.80,119.30,99.90,51.80,0.20,240.80,242.50,57.40,58.10,99.70,49.20,3.63,327.87,239.60,232.60,235.60,99.80,51.27,6.97
2026-04-29 01:56:00,2026-04-29 01:56:59,Q10,251.10,230.30,56.40,57.70,99.50,54.70,5.29,489.90,244.20,117.80,119.30,99.80,56.10,3.03,240.30,245.00,57.40,58.80,99.30,54.80,6.34,327.10,239.83,231.60,235.80,99.53,55.20,14.66
2026-04-29 01:57:00,2026-04-29 01:57:59,Q10,251.10,229.50,56.40,57.50,99.70,51.70,3.46,490.10,244.90,117.80,119.60,99.90,53.40,1.06,240.40,239.90,56.40,57.40,99.70,51.90,4.17,327.20,238.10,230.60,234.50,99.77,52.33,8.69
2026-04-29 01:58:00,2026-04-29 01:58:59,Q10,251.50,230.40,56.40,57.70,99.20,49.10,6.49,490.50,246.40,118.80,120.50,99.70,49.20,3.97,240.40,239.10,56.40,57.40,99.00,47.80,7.83,327.47,238.63,231.60,235.60,99.30,48.70,18.29
2026-04-29 01:59:00,2026-04-29 01:59:59,Q10,251.60,230.90,56.40,57.70,99.50,52.80,4.77,491.00,246.90,118.80,120.80,99.90,53.20,2.43,240.80,242.90,57.40,58.10,99.20,53.90,6.71,327.80,240.23,232.60,236.60,99.53,53.30,13.91
2026-04-29 02:00:00,2026-04-29 02:00:59,Q10,251.60,233.00,57.40,58.50,99.40,54.10,5.34,491.00,247.80,119.80,121.30,99.90,57.00,2.14,240.70,243.00,57.40,58.30,99.40,53.50,6.06,327.77,241.27,234.60,238.10,99.57,54.87,13.54
2026-04-29 02:01:00,2026-04-29 02:01:59,Q10,250.90,232.80,57.40,58.00,99.80,47.30,2.89,489.60,245.40,117.80,119.80,99.90,49.20,0.63,240.10,243.40,57.40,58.30,99.70,48.30,3.57,326.87,240.53,232.60,236.10,99.80,48.27,7.09
2026-04-29 02:02:00,2026-04-29 02:02:59,Q10,251.70,234.00,57.40,58.70,99.90,48.80,0.23,490.80,245.90,118.80,120.10,99.90,52.90,-2.43,240.60,243.00,57.40,58.30,99.90,51.50,0.66,327.70,240.97,233.60,237.10,99.90,51.07,-1.54
2026-04-29 02:03:00,2026-04-29 02:03:59,Q10,251.20,232.60,57.40,58.20,99.50,51.40,4.91,490.30,246.40,118.80,120.50,99.80,48.80,2.69,240.40,243.90,57.40,58.30,99.50,50.00,5.34,327.30,240.97,233.60,237.00,99.60,50.07,12.94
2026-04-29 02:04:00,2026-04-29 02:04:59,Q10,251.10,231.90,56.40,58.00,99.70,51.30,4.09,490.00,245.00,118.80,120.10,99.90,54.50,2.14,240.40,241.80,56.40,57.80,99.70,52.50,4.14,327.17,239.57,231.60,235.90,99.77,52.77,10.37
2026-04-29 02:05:00,2026-04-29 02:05:59,Q10,251.60,233.20,57.40,58.50,99.60,52.00,4.69,491.00,244.90,117.80,119.80,99.90,53.70,2.29,240.80,242.10,57.40,58.10,99.40,53.30,5.69,327.80,240.07,232.60,236.40,99.63,53.00,12.66
2026-04-29 02:06:00,2026-04-29 02:06:59,Q10,252.10,232.50,57.40,58.50,99.40,50.90,5.51,491.90,246.50,118.80,120.80,99.80,53.20,2.66,241.20,242.20,57.40,58.30,99.30,51.60,6.17,328.40,240.40,233.60,237.60,99.50,51.90,14.34
2026-04-29 02:07:00,2026-04-29 02:07:59,Q10,251.20,231.10,56.40,58.00,99.90,60.00,0.97,490.30,245.30,118.80,120.10,99.90,60.10,-1.46,240.50,242.60,57.40,58.10,99.90,59.70,1.20,327.33,239.67,232.60,236.20,99.90,59.93,0.71
2026-04-29 02:08:00,2026-04-29 02:08:59,Q10,251.70,232.50,57.40,58.20,99.90,49.20,0.31,491.00,244.70,117.80,119.80,99.80,51.00,-2.57,240.60,241.90,56.40,57.80,99.90,49.00,0.94,327.77,239.70,231.60,235.80,99.87,49.73,-1.31
2026-04-29 02:09:00,2026-04-29 02:09:59,Q10,251.50,232.10,57.40,58.20,99.60,45.10,4.71,490.50,242.70,116.80,118.60,99.90,51.00,1.97,240.40,242.60,57.40,58.10,99.40,49.10,5.60,327.47,239.13,231.60,234.90,99.63,48.40,12.29
2026-04-29 02:10:00,2026-04-29 02:10:59,Q10,251.80,227.50,55.40,57.00,99.30,51.10,5.83,491.40,245.20,118.80,120.30,99.70,57.50,3.54,240.90,241.30,56.40,57.80,99.30,53.80,6.43,328.03,238.00,230.60,235.10,99.43,54.13,15.80
2026-04-29 02:11:00,2026-04-29 02:11:59,Q10,252.10,231.20,57.40,58.20,99.90,51.50,0.40,491.70,244.60,117.80,119.80,99.90,49.50,-2.46,241.00,241.70,57.40,58.10,99.90,48.70,0.51,328.27,239.17,232.60,236.10,99.90,49.90,-1.54
2026-04-29 02:12:00,2026-04-29 02:12:59,Q10,252.00,225.30,55.40,56.70,99.40,51.30,5.34,491.80,245.70,118.80,120.30,99.90,53.20,2.46,241.20,243.10,57.40,58.60,99.40,51.40,5.94,328.33,238.03,231.60,235.60,99.57,51.97,13.74
2026-04-29 02:13:00,2026-04-29 02:13:59,Q10,251.90,232.60,57.40,58.20,99.90,51.00,0.40,491.60,241.10,116.80,118.30,99.80,55.70,-2.63,241.10,243.10,57.40,58.60,99.90,52.50,0.71,328.20,238.93,231.60,235.10,99.87,53.07,-1.51
2026-04-29 02:14:00,2026-04-29 02:14:59,Q10,252.10,232.10,56.80,58.50,98.90,65.00,7.63,492.00,241.90,116.80,118.60,99.60,66.70,4.77,241.20,240.30,55.90,57.80,98.80,64.20,8.66,328.43,238.10,229.50,234.90,99.10,65.30,21.06
2026-04-29 02:15:00,2026-04-29 02:15:59,Q10,251.30,231.10,56.40,58.00,99.70,54.00,4.11,490.50,241.10,116.80,118.10,99.90,54.20,0.74,240.50,241.80,56.40,57.80,99.60,51.50,4.57,327.43,238.00,229.60,233.90,99.73,53.23,9.43
2026-04-29 02:16:00,2026-04-29 02:16:59,Q10,251.50,227.20,55.40,57.00,99.90,56.00,0.03,490.50,246.40,118.80,120.50,99.80,57.30,-2.86,240.50,244.00,57.40,58.60,99.90,55.80,0.89,327.50,239.20,231.60,236.10,99.87,56.37,-1.94
2026-04-29 02:17:00,2026-04-29 02:17:59,Q10,251.60,232.00,57.40,58.20,99.90,55.60,0.37,490.90,247.40,119.80,121.00,99.90,52.90,-1.80,240.60,240.80,56.40,57.60,99.90,56.70,1.74,327.70,240.07,233.60,236.80,99.90,55.07,0.31
2026-04-29 02:18:00,2026-04-29 02:18:59,Q10,251.10,232.30,57.40,58.20,99.30,45.90,5.89,490.10,245.00,118.80,120.10,99.70,51.30,3.60,240.40,240.90,56.40,57.60,99.20,49.00,6.63,327.20,239.40,232.60,235.90,99.40,48.73,16.11
2026-04-29 02:19:00,2026-04-29 02:19:59,Q10,251.50,233.60,57.40,58.50,99.70,55.20,3.46,490.70,249.20,120.80,122.00,99.90,55.50,0.60,240.50,244.30,57.40,58.60,99.60,54.10,4.69,327.57,242.37,235.60,239.10,99.73,54.93,8.74
2026-04-29 02:20:00,2026-04-29 02:20:59,Q10,251.70,232.70,57.40,58.20,99.90,51.10,-0.23,491.20,249.30,120.80,122.30,99.90,54.30,-2.23,240.70,241.10,56.40,57.80,99.90,55.40,0.97,327.87,241.03,234.60,238.30,99.90,53.60,-1.49
2026-04-29 02:21:00,2026-04-29 02:21:59,Q10,251.80,229.60,56.40,57.50,99.90,57.10,0.31,491.20,246.10,118.80,120.80,99.90,63.30,-2.31,240.70,240.40,56.40,57.60,99.90,60.30,1.29,327.90,238.70,231.60,235.90,99.90,60.23,-0.71
2026-04-29 02:22:00,2026-04-29 02:22:59,Q10,252.10,232.50,57.40,58.50,99.90,53.30,-0.26,491.80,245.60,118.80,120.30,99.90,54.10,-2.40,241.00,243.00,57.40,58.60,99.90,53.50,1.14,328.30,240.37,233.60,237.40,99.90,53.63,-1.51
2026-04-29 02:23:00,2026-04-29 02:23:59,Q10,251.50,232.70,57.40,58.20,99.50,54.20,4.83,490.80,246.70,118.80,120.50,99.90,57.70,2.09,240.60,242.10,57.40,58.10,99.50,55.90,5.34,327.63,240.50,233.60,236.80,99.63,55.93,12.26
2026-04-29 02:24:00,2026-04-29 02:24:59,Q10,251.90,231.30,56.40,58.00,99.90,51.50,-0.17,491.30,245.30,118.80,120.30,99.80,54.40,-2.91,240.80,242.30,57.40,58.10,99.90,53.70,1.00,328.00,239.63,232.60,236.40,99.87,53.20,-2.09
2026-04-29 02:25:00,2026-04-29 02:25:59,Q10,251.90,231.80,56.40,58.00,99.70,47.20,3.83,491.30,246.50,118.80,120.80,99.90,52.00,1.94,240.70,237.40,55.40,56.90,99.50,49.40,5.09,327.97,238.57,230.60,235.70,99.70,49.53,10.86
2026-04-29 02:26:00,2026-04-29 02:26:59,Q10,251.80,226.30,55.40,56.70,99.90,56.90,-0.09,491.20,249.40,120.80,122.30,99.70,58.00,-3.63,240.80,240.60,56.40,57.60,99.90,56.80,0.51,327.93,238.77,232.60,236.60,99.83,57.23,-3.20
2026-04-29 02:27:00,2026-04-29 02:27:59,Q10,251.90,229.50,56.40,57.50,99.30,51.10,5.80,491.10,244.40,117.80,119.80,99.80,48.10,2.80,240.70,240.60,56.40,57.60,99.10,49.30,7.20,327.90,238.17,230.60,234.90,99.40,49.50,15.80
2026-04-29 02:28:00,2026-04-29 02:28:59,Q10,252.10,232.50,57.40,58.50,99.90,58.40,0.31,492.00,246.00,119.80,121.00,99.80,59.60,-2.80,241.30,242.70,57.40,58.30,99.90,55.60,0.91,328.47,240.40,234.60,237.80,99.87,57.87,-1.57
2026-04-29 02:29:00,2026-04-29 02:29:59,Q10,251.90,230.20,56.40,57.70,99.90,50.10,0.09,491.60,242.80,116.80,118.80,99.80,51.80,-3.14,241.00,242.40,57.40,58.30,99.90,51.10,0.77,328.17,238.47,230.60,234.80,99.87,51.00,-2.29
2026-04-29 02:30:00,2026-04-29 02:30:59,Q10,251.60,229.00,56.40,57.50,99.30,46.60,5.94,491.20,243.90,117.80,119.30,99.80,48.20,2.97,240.90,243.20,57.40,58.30,99.20,47.80,6.86,327.90,238.70,231.60,235.10,99.43,47.53,15.77
2026-04-29 02:31:00,2026-04-29 02:31:59,Q10,252.10,229.40,56.40,57.70,99.90,52.00,0.34,491.70,245.10,118.80,120.30,99.80,55.40,-2.83,240.90,242.30,57.40,58.10,99.90,55.10,1.17,328.23,238.93,232.60,236.10,99.87,54.17,-1.31
2026-04-29 02:32:00,2026-04-29 02:32:59,Q10,252.30,232.60,57.40,58.50,99.80,49.10,2.83,492.30,248.50,120.80,122.00,99.90,50.20,-0.83,241.40,241.20,57.40,58.10,99.80,51.20,3.46,328.67,240.77,235.60,238.60,99.83,50.17,5.46
2026-04-29 02:33:00,2026-04-29 02:33:59,Q10,252.00,229.70,56.40,57.70,99.90,55.60,0.29,491.70,246.30,118.80,120.80,99.80,57.50,-2.89,241.00,242.40,57.40,58.30,99.90,55.70,1.09,328.23,239.47,232.60,236.80,99.87,56.27,-1.51
2026-04-29 02:34:00,2026-04-29 02:34:59,Q10,251.90,230.90,56.40,57.70,99.90,49.70,0.06,491.30,246.70,118.80,120.80,99.80,54.70,-2.89,240.80,244.40,57.40,58.60,99.90,53.30,0.97,328.00,240.67,232.60,237.10,99.87,52.57,-1.86
2026-04-29 02:35:00,2026-04-29 02:35:59,Q10,251.80,230.70,56.40,57.70,99.70,55.20,3.46,491.20,247.70,119.80,121.30,99.90,54.50,1.06,240.90,242.60,57.40,58.10,99.70,53.30,4.29,327.97,240.33,233.60,237.10,99.77,54.33,8.80
2026-04-29 02:36:00,2026-04-29 02:36:59,Q10,252.00,231.10,57.40,58.20,99.80,54.30,2.43,491.70,244.60,117.80,119.80,99.90,53.30,0.34,241.20,242.30,57.40,58.30,99.80,52.00,2.71,328.30,239.33,232.60,236.30,99.83,53.20,5.49
2026-04-29 02:37:00,2026-04-29 02:37:59,Q10,251.60,229.80,56.40,57.50,99.50,56.20,4.80,490.90,243.60,117.80,119.10,99.90,59.00,2.23,240.60,242.60,57.40,58.10,99.30,57.10,6.14,327.70,238.67,231.60,234.70,99.57,57.43,13.17
2026-04-29 02:38:00,2026-04-29 02:38:59,Q10,252.10,232.00,57.40,58.50,99.90,51.80,1.80,491.90,244.50,117.80,119.80,99.90,51.70,-0.89,241.10,241.40,57.40,58.10,99.80,51.90,2.69,328.37,239.30,232.60,236.40,99.87,51.80,3.60
2026-04-29 02:39:00,2026-04-29 02:39:59,Q10,251.40,231.30,56.40,58.00,99.60,59.00,4.17,490.80,245.40,118.80,120.10,99.80,61.00,3.20,240.70,237.90,55.40,56.90,99.40,58.50,5.60,327.63,238.20,230.60,235.00,99.60,59.50,12.97
2026-04-29 02:40:00,2026-04-29 02:40:59,Q10,252.40,224.70,55.40,56.40,99.80,53.40,2.34,492.40,246.60,119.80,121.00,99.90,54.30,-0.74,241.40,241.90,57.40,58.10,99.70,52.90,3.54,328.73,237.73,232.60,235.50,99.80,53.53,5.14
2026-04-29 02:41:00,2026-04-29 02:41:59,Q10,252.20,228.20,56.40,57.50,99.90,53.00,0.20,491.80,244.50,117.80,119.80,99.90,55.40,-2.17,241.00,242.70,57.40,58.30,99.90,53.10,1.74,328.33,238.47,231.60,235.60,99.90,53.83,-0.23
2026-04-29 02:42:00,2026-04-29 02:42:59,Q10,252.50,227.10,56.40,57.20,99.70,48.60,3.63,492.60,245.70,118.80,120.50,99.90,51.50,1.29,241.50,243.00,57.40,58.60,99.60,51.30,4.63,328.87,238.60,232.60,236.30,99.73,50.47,9.54
2026-04-29 02:43:00,2026-04-29 02:43:59,Q10,252.10,227.00,56.40,57.20,99.50,51.00,4.80,491.90,246.70,118.80,120.80,99.80,49.30,2.54,241.10,244.30,57.40,58.80,99.30,49.40,6.17,328.37,239.33,232.60,236.80,99.53,49.90,13.51
2026-04-29 02:44:00,2026-04-29 02:44:59,Q10,251.80,228.80,56.40,57.20,99.90,60.50,-0.51,491.50,245.00,118.80,120.30,99.80,61.50,-3.14,241.00,241.40,57.40,58.10,99.90,60.90,0.66,328.10,238.40,232.60,235.60,99.87,60.97,-3.00
2026-04-29 02:45:00,2026-04-29 02:45:59,Q10,251.50,229.30,56.40,57.50,99.90,50.10,0.20,490.90,243.30,117.80,119.10,99.90,53.70,-2.09,240.80,239.90,56.40,57.40,99.90,53.50,1.51,327.73,237.50,230.60,234.00,99.90,52.43,-0.37
2026-04-29 02:46:00,2026-04-29 02:46:59,Q10,252.10,230.20,56.40,58.00,99.40,49.20,5.40,491.50,246.90,118.80,120.80,99.70,50.70,3.57,240.90,242.50,57.40,58.10,99.10,50.60,7.37,328.17,239.87,232.60,236.90,99.40,50.17,16.34
2026-04-29 02:47:00,2026-04-29 02:47:59,Q10,252.30,229.80,56.40,57.70,99.30,49.50,5.83,492.20,244.40,118.80,120.00,99.80,53.40,3.17,241.40,244.10,57.40,58.80,99.20,52.30,6.66,328.63,239.43,232.60,236.50,99.43,51.73,15.66
2026-04-29 02:48:00,2026-04-29 02:48:59,Q10,251.40,229.20,56.40,57.50,99.60,51.10,4.51,490.60,247.20,119.80,121.00,99.80,51.20,2.74,240.60,238.90,56.40,57.10,99.30,50.40,6.03,327.53,238.43,232.60,235.60,99.57,50.90,13.29
2026-04-29 02:49:00,2026-04-29 02:49:59,Q10,251.80,228.80,56.40,57.20,99.50,49.20,5.09,491.40,241.60,116.80,118.30,99.80,52.60,3.00,240.90,240.80,56.40,57.60,99.20,52.20,6.66,328.03,237.07,229.60,233.10,99.50,51.33,14.74
2026-04-29 02:50:00,2026-04-29 02:50:59,Q10,251.50,228.30,56.40,57.20,99.40,49.80,5.51,490.70,243.50,117.80,119.10,99.80,53.90,3.23,240.70,240.90,56.40,57.60,99.10,51.60,7.17,327.63,237.57,230.60,233.90,99.43,51.77,15.91
2026-04-29 02:51:00,2026-04-29 02:51:59,Q10,251.40,229.70,56.40,57.50,99.90,53.90,0.97,490.60,247.40,119.80,121.00,99.90,52.40,-0.97,240.60,240.70,56.40,57.60,99.80,52.10,2.57,327.53,239.27,232.60,236.10,99.87,52.80,2.57
2026-04-29 02:52:00,2026-04-29 02:52:59,Q10,252.30,229.00,56.40,57.70,99.50,52.40,5.06,492.20,245.60,118.80,120.50,99.90,50.90,2.40,241.30,243.70,57.40,58.60,99.30,53.40,6.54,328.60,239.43,232.60,236.80,99.57,52.23,14.00
2026-04-29 02:53:00,2026-04-29 02:53:59,Q10,252.20,229.20,56.40,57.70,99.40,50.50,5.26,491.90,246.50,118.80,120.80,99.80,48.20,2.91,241.20,241.60,57.40,58.10,99.10,48.30,7.17,328.43,239.10,232.60,236.60,99.43,49.00,15.34
2026-04-29 02:54:00,2026-04-29 02:54:59,Q10,251.80,231.80,56.40,58.00,99.90,50.50,-0.11,491.80,246.80,118.80,120.80,99.80,51.50,-2.89,241.20,243.40,57.40,58.60,99.90,51.90,0.89,328.27,240.67,232.60,237.40,99.87,51.30,-2.11
2026-04-29 02:55:00,2026-04-29 02:55:59,Q10,252.30,234.30,57.40,59.00,99.90,49.80,0.43,492.70,244.80,118.80,120.00,99.90,52.40,-2.20,241.70,243.70,57.40,58.60,99.90,52.90,1.17,328.90,240.93,233.60,237.60,99.90,51.70,-0.60
2026-04-29 02:56:00,2026-04-29 02:56:59,Q10,252.20,230.70,56.40,58.00,99.90,51.70,0.20,492.40,245.20,118.80,120.50,99.90,52.40,-2.46,241.50,242.70,57.40,58.30,99.90,50.70,1.11,328.70,239.53,232.60,236.80,99.90,51.60,-1.14
2026-04-29 02:57:00,2026-04-29 02:57:59,Q10,251.90,231.60,56.40,58.00,99.90,59.30,0.20,491.90,244.70,117.80,119.80,99.80,58.20,-2.89,241.30,244.60,57.40,58.80,99.90,58.40,1.09,328.37,240.30,231.60,236.60,99.87,58.63,-1.60
2026-04-29 02:58:00,2026-04-29 02:58:59,Q10,251.70,232.60,57.40,58.20,99.90,53.80,-0.11,491.20,249.10,120.80,122.30,99.90,55.40,-2.46,241.00,242.50,57.40,58.30,99.90,56.20,1.37,327.97,241.40,235.60,238.80,99.90,55.13,-1.20
2026-04-29 02:59:00,2026-04-29 02:59:59,Q10,251.50,233.30,57.40,58.50,99.70,57.60,3.83,491.20,248.50,119.80,121.80,99.80,55.50,2.80,241.10,247.40,58.40,59.50,99.40,55.00,5.83,327.93,243.07,235.60,239.80,99.63,56.03,12.46
2026-04-29 03:00:00,2026-04-29 03:00:59,Q10,251.70,228.50,56.40,57.20,99.60,60.80,4.14,491.40,246.80,118.80,120.80,99.90,61.30,1.49,241.00,245.60,58.40,59.00,99.50,60.70,5.43,328.03,240.30,233.60,237.00,99.67,60.93,11.06
2026-04-29 03:01:00,2026-04-29 03:01:59,Q10,251.30,232.90,57.40,58.20,99.50,51.30,4.86,490.70,245.90,118.80,120.10,99.80,53.60,2.91,240.80,240.70,56.40,57.60,99.40,51.70,5.60,327.60,239.83,232.60,235.90,99.57,52.20,13.37
2026-04-29 03:02:00,2026-04-29 03:02:59,Q10,251.70,234.30,57.40,58.70,99.60,47.60,4.71,491.10,248.10,119.80,121.80,99.80,49.80,2.97,240.80,242.30,57.40,58.10,99.30,50.50,6.46,327.87,241.57,234.60,238.60,99.57,49.30,14.14
2026-04-29 03:03:00,2026-04-29 03:03:59,Q10,252.00,230.70,56.40,58.00,99.90,49.80,0.66,491.80,244.40,117.80,119.80,99.90,50.80,-2.29,241.10,244.40,57.40,58.80,99.90,51.00,1.86,328.30,239.83,231.60,236.60,99.90,50.53,0.23
2026-04-29 03:04:00,2026-04-29 03:04:59,Q10,252.00,231.10,57.40,58.20,99.90,54.60,2.23,491.60,247.10,119.80,121.30,99.90,56.00,0.09,241.00,242.00,57.40,58.30,99.70,55.00,3.71,328.20,240.07,234.60,237.80,99.83,55.20,6.03
2026-04-29 03:05:00,2026-04-29 03:05:59,Q10,252.10,233.70,57.40,58.70,99.50,53.60,4.74,492.20,246.10,119.80,121.00,99.90,55.30,1.66,241.50,243.80,57.40,58.60,99.40,55.40,5.69,328.60,241.20,234.60,238.30,99.60,54.77,12.09
2026-04-29 03:06:00,2026-04-29 03:06:59,Q10,251.70,232.60,57.40,58.20,99.60,47.40,4.49,491.10,247.00,119.80,121.30,99.90,51.70,2.03,240.90,243.70,57.40,58.30,99.50,48.20,5.00,327.90,241.10,234.60,237.80,99.67,49.10,11.51
2026-04-29 03:07:00,2026-04-29 03:07:59,Q10,251.30,233.70,57.40,58.50,99.90,54.60,-0.09,490.50,247.50,119.80,121.00,99.90,53.60,-2.20,240.60,241.70,56.40,57.80,99.90,51.60,1.26,327.47,240.97,233.60,237.30,99.90,53.27,-1.03
2026-04-29 03:08:00,2026-04-29 03:08:59,Q10,251.40,231.40,56.40,58.00,99.60,51.10,4.46,490.40,248.90,119.80,121.50,99.80,55.80,2.97,240.40,243.60,57.40,58.30,99.30,55.40,6.37,327.40,241.30,233.60,237.80,99.57,54.10,13.80
2026-04-29 03:09:00,2026-04-29 03:09:59,Q10,251.40,229.50,56.40,57.50,99.60,50.70,4.74,490.60,245.00,118.80,120.10,99.80,58.90,2.54,240.60,243.60,57.40,58.30,99.40,56.50,5.69,327.53,239.37,232.60,235.90,99.60,55.37,12.97
2026-04-29 03:10:00,2026-04-29 03:10:59,Q10,251.10,233.90,57.40,58.50,99.60,48.50,4.31,490.10,247.40,119.80,121.00,99.90,51.50,1.94,240.40,242.10,57.40,58.10,99.50,49.80,5.26,327.20,241.13,234.60,237.60,99.67,49.93,11.51
2026-04-29 03:11:00,2026-04-29 03:11:59,Q10,252.00,233.40,57.40,58.70,99.40,52.80,5.69,491.80,248.20,119.80,121.80,99.80,54.40,3.46,241.20,242.70,57.40,58.30,99.20,53.50,6.63,328.33,241.43,234.60,238.80,99.47,53.57,15.77
2026-04-29 03:12:00,2026-04-29 03:12:59,Q10,251.60,234.00,58.00,58.70,100.00,56.30,0.00,491.10,244.10,117.80,119.80,99.90,58.10,-1.71,240.90,240.90,56.40,57.60,99.90,57.40,1.09,327.87,239.67,232.20,236.10,99.93,57.27,-0.63
2026-04-29 03:13:00,2026-04-29 03:13:59,Q10,252.10,230.50,56.40,58.00,99.40,53.80,5.54,491.90,246.50,118.80,120.80,99.80,56.20,3.46,241.10,242.60,57.40,58.30,99.10,55.90,7.37,328.37,239.87,232.60,237.10,99.43,55.30,16.37
2026-04-29 03:14:00,2026-04-29 03:14:59,Q10,251.30,231.80,56.40,58.00,99.50,49.40,5.31,490.60,246.00,118.80,120.50,99.80,52.30,3.23,240.60,240.40,56.40,57.60,99.20,51.90,6.83,327.50,239.40,231.60,236.10,99.50,51.20,15.37
2026-04-29 03:15:00,2026-04-29 03:15:59,Q10,251.40,231.50,56.40,58.00,99.90,53.30,-0.09,490.60,248.50,119.80,121.50,99.90,53.30,-2.40,240.60,241.00,56.40,57.80,99.90,52.70,1.14,327.53,240.33,232.60,237.30,99.90,53.10,-1.34
2026-04-29 03:16:00,2026-04-29 03:16:59,Q10,251.60,232.30,57.40,58.20,99.50,50.30,4.74,491.10,248.00,119.80,121.80,99.90,53.50,2.17,240.90,242.20,57.40,58.10,99.50,51.80,5.40,327.87,240.83,234.60,238.10,99.63,51.87,12.31
2026-04-29 03:17:00,2026-04-29 03:17:59,Q10,251.40,231.10,56.40,58.00,99.90,62.30,0.14,490.80,247.10,119.80,121.00,99.80,63.20,-2.57,240.80,243.90,57.40,58.30,99.90,62.10,0.91,327.67,240.70,233.60,237.30,99.87,62.53,-1.51
2026-04-29 03:18:00,2026-04-29 03:18:59,Q10,252.20,229.40,56.40,57.70,99.40,53.40,5.31,492.10,245.70,118.80,120.50,99.80,55.10,2.69,241.30,246.20,58.40,59.30,99.20,55.40,6.66,328.53,240.43,233.60,237.50,99.47,54.63,14.66
2026-04-29 03:19:00,2026-04-29 03:19:59,Q10,252.10,231.60,57.40,58.20,99.90,51.70,0.46,491.90,245.70,118.80,120.30,99.80,54.50,-3.09,241.10,244.40,57.40,58.80,99.90,51.60,1.06,328.37,240.57,233.60,237.30,99.87,52.60,-1.57
2026-04-29 03:20:00,2026-04-29 03:20:59,Q10,252.00,231.50,57.40,58.20,99.90,46.90,1.94,491.50,244.60,117.80,119.80,99.90,47.70,-1.03,240.90,245.10,57.40,58.80,99.90,47.40,2.31,328.13,240.40,232.60,236.80,99.90,47.33,3.23
2026-04-29 03:21:00,2026-04-29 03:21:59,Q10,252.00,230.20,56.40,58.00,99.00,49.80,7.14,491.80,248.30,119.80,121.80,99.60,54.60,4.86,241.20,243.30,56.80,58.60,98.80,52.90,8.60,328.33,240.60,233.00,238.40,99.13,52.43,20.60
2026-04-29 03:22:00,2026-04-29 03:22:59,Q10,251.40,230.00,56.40,57.70,99.50,55.40,5.29,490.50,242.00,116.80,118.60,99.80,55.60,3.46,240.50,241.70,56.40,57.80,99.20,54.50,6.86,327.47,237.90,229.60,234.10,99.50,55.17,15.60
2026-04-29 03:23:00,2026-04-29 03:23:59,Q10,251.90,234.10,57.40,58.70,99.90,48.90,0.14,491.40,248.10,119.80,121.80,99.90,51.00,-2.11,240.90,242.60,57.40,58.10,99.90,51.80,1.06,328.07,241.60,234.60,238.60,99.90,50.57,-0.91
2026-04-29 03:24:00,2026-04-29 03:24:59,Q10,252.10,232.80,57.40,58.50,99.40,48.80,5.60,491.90,249.50,120.80,122.30,99.70,52.30,3.91,241.20,242.70,57.40,58.30,99.10,54.00,7.34,328.40,241.67,235.60,239.10,99.40,51.70,16.86
2026-04-29 03:25:00,2026-04-29 03:25:59,Q10,252.10,234.70,57.40,59.00,99.50,53.70,5.14,491.90,247.70,119.80,121.30,99.80,51.00,3.11,241.10,244.30,57.40,58.80,99.30,51.10,6.23,328.37,242.23,234.60,239.10,99.53,51.93,14.49
2026-04-29 03:26:00,2026-04-29 03:26:59,Q10,251.70,232.40,57.40,58.20,99.60,62.20,4.57,491.00,249.10,120.80,122.30,99.70,63.40,3.66,240.70,243.00,57.40,58.30,99.30,63.80,6.49,327.80,241.50,235.60,238.80,99.53,63.13,14.71
2026-04-29 03:27:00,2026-04-29 03:27:59,Q10,251.60,232.30,57.40,58.20,99.40,50.40,5.60,490.90,249.40,120.80,122.00,99.80,55.10,3.34,240.70,241.30,56.40,57.80,99.10,55.90,7.20,327.73,241.00,234.60,238.00,99.43,53.80,16.14
2026-04-29 03:28:00,2026-04-29 03:28:59,Q10,251.40,235.80,57.40,59.00,99.90,56.00,-0.34,490.50,248.60,119.80,121.50,99.80,58.90,-2.57,240.60,242.50,57.40,58.10,99.90,57.00,0.66,327.50,242.30,234.60,238.60,99.87,57.30,-2.26
2026-04-29 03:29:00,2026-04-29 03:29:59,Q10,251.90,235.80,57.40,59.00,99.60,53.50,4.69,491.60,249.10,120.80,122.30,99.80,53.20,2.80,241.10,243.80,57.40,58.60,99.30,53.70,6.14,328.20,242.90,235.60,239.90,99.57,53.47,13.63
2026-04-29 03:30:00,2026-04-29 03:30:59,Q10,251.90,234.10,57.40,58.70,99.50,52.50,5.17,491.70,245.70,118.80,120.30,99.80,54.10,3.26,241.10,245.80,58.40,59.00,99.20,51.40,6.77,328.23,241.87,234.60,238.00,99.50,52.67,15.20
2026-04-29 03:31:00,2026-04-29 03:31:59,Q10,251.90,232.30,57.40,58.20,99.30,50.80,5.89,491.50,249.30,120.80,122.30,99.70,52.00,3.80,241.00,245.20,58.40,59.00,99.10,52.40,7.49,328.13,242.27,236.60,239.50,99.37,51.73,17.17
2026-04-29 03:32:00,2026-04-29 03:32:59,Q10,251.60,231.90,56.40,58.00,99.50,54.00,5.09,490.90,251.70,120.80,123.00,99.80,54.10,3.40,240.60,242.70,57.40,58.10,99.10,54.30,7.31,327.70,242.10,234.60,239.10,99.47,54.13,15.80
2026-04-29 03:33:00,2026-04-29 03:33:59,Q10,251.60,233.70,57.40,58.50,99.30,45.80,6.00,491.20,251.40,121.80,123.20,99.70,50.00,3.94,241.00,245.90,58.40,59.00,99.10,47.30,7.40,327.93,243.67,237.60,240.70,99.37,47.70,17.34
2026-04-29 03:34:00,2026-04-29 03:34:59,Q10,251.90,233.30,57.40,58.50,99.50,54.90,5.09,491.70,245.00,118.80,120.30,99.80,55.30,3.06,241.10,245.50,58.40,59.00,99.20,55.50,6.69,328.23,241.27,234.60,237.80,99.50,55.23,14.83
2026-04-29 03:35:00,2026-04-29 03:35:59,Q10,251.50,235.70,57.40,59.00,99.90,50.40,-0.03,490.80,248.00,119.80,121.50,99.90,52.80,-2.46,240.70,244.50,57.40,58.60,99.90,52.50,1.00,327.67,242.73,234.60,239.10,99.90,51.90,-1.49
2026-04-29 03:36:00,2026-04-29 03:36:59,Q10,251.70,232.30,57.40,58.20,99.80,49.00,2.86,491.30,249.00,120.80,122.30,99.90,53.30,0.29,241.00,245.00,58.40,59.00,99.70,50.50,3.74,328.00,242.10,236.60,239.50,99.80,50.93,6.89
2026-04-29 03:37:00,2026-04-29 03:37:59,Q10,251.40,234.50,57.40,58.70,99.60,48.80,4.49,490.70,246.70,118.80,120.50,99.90,48.80,2.09,240.80,243.20,57.40,58.30,99.50,48.00,5.51,327.63,241.47,233.60,237.50,99.67,48.53,12.09
2026-04-29 03:38:00,2026-04-29 03:38:59,Q10,252.10,234.00,57.40,59.00,99.90,52.10,0.40,492.10,250.80,121.80,123.00,99.80,53.30,-2.71,241.40,244.20,57.40,58.80,99.90,53.90,1.29,328.53,243.00,236.60,240.80,99.87,53.10,-1.03
2026-04-29 03:39:00,2026-04-29 03:39:59,Q10,251.30,233.00,57.40,58.50,99.40,53.50,5.74,490.50,246.60,118.80,120.50,99.80,56.60,3.14,240.60,240.60,56.40,57.60,99.20,53.80,6.89,327.47,240.07,232.60,236.60,99.47,54.63,15.77
2026-04-29 03:40:00,2026-04-29 03:40:59,Q10,252.00,231.90,57.40,58.20,99.90,51.30,0.06,491.60,248.20,119.80,121.80,99.80,52.40,-2.60,241.10,241.70,57.40,58.10,99.90,52.50,0.80,328.23,240.60,234.60,238.10,99.87,52.07,-1.74
2026-04-29 03:41:00,2026-04-29 03:41:59,Q10,251.30,232.60,57.40,58.20,99.40,48.60,5.46,490.50,243.30,117.80,119.10,99.80,53.50,2.94,240.60,246.00,58.40,59.00,99.30,50.50,6.29,327.47,240.63,233.60,236.30,99.50,50.87,14.69
2026-04-29 03:42:00,2026-04-29 03:42:59,Q10,251.80,230.30,56.40,57.70,99.50,54.00,5.11,491.20,248.90,119.80,121.80,99.80,52.50,2.94,240.70,243.50,57.40,58.30,99.20,50.70,6.97,327.90,240.90,233.60,237.80,99.50,52.40,15.03
2026-04-29 03:43:00,2026-04-29 03:43:59,Q10,251.40,232.40,57.40,58.20,99.90,54.80,0.03,490.60,248.80,119.80,121.50,99.80,52.60,-2.60,240.60,243.00,57.40,58.30,99.90,52.00,1.20,327.53,241.40,234.60,238.00,99.87,53.13,-1.37
2026-04-29 03:44:00,2026-04-29 03:44:59,Q10,252.30,233.30,57.40,58.70,99.80,56.00,3.06,492.40,249.70,120.80,122.50,99.90,56.00,-0.03,241.40,242.70,57.40,58.30,99.70,53.60,3.77,328.70,241.90,235.60,239.50,99.80,55.20,6.80
2026-04-29 03:45:00,2026-04-29 03:45:59,Q10,251.60,232.20,57.40,58.20,99.60,52.10,4.37,491.20,245.90,118.80,120.30,99.90,54.30,2.09,241.00,243.90,57.40,58.60,99.50,52.70,5.34,327.93,240.67,233.60,237.10,99.67,53.03,11.80
2026-04-29 03:46:00,2026-04-29 03:46:59,Q10,252.00,230.50,56.40,58.00,99.90,57.20,1.40,491.50,245.00,118.80,120.30,99.90,57.40,-1.34,241.00,245.50,58.40,59.00,99.90,56.00,1.69,328.17,240.33,233.60,237.30,99.90,56.87,1.74
2026-04-29 03:47:00,2026-04-29 03:47:59,Q10,252.20,230.80,56.40,58.00,99.90,58.80,0.11,492.20,245.90,118.80,120.50,99.80,60.00,-3.03,241.40,244.10,57.40,58.80,99.90,58.40,1.00,328.60,240.27,232.60,237.30,99.87,59.07,-1.91
2026-04-29 03:48:00,2026-04-29 03:48:59,Q10,252.00,229.80,56.40,57.70,99.90,51.00,2.37,491.60,243.20,117.80,119.30,99.90,53.50,-1.43,241.00,243.20,57.40,58.60,99.90,49.70,2.14,328.20,238.73,231.60,235.60,99.90,51.40,3.09
2026-04-29 03:49:00,2026-04-29 03:49:59,Q10,251.80,231.10,56.40,58.00,99.60,51.50,4.63,491.20,248.20,119.80,121.80,99.90,54.60,1.51,240.80,243.30,57.40,58.30,99.50,53.00,5.14,327.93,240.87,233.60,238.10,99.67,53.03,11.29
2026-04-29 03:50:00,2026-04-29 03:50:59,Q10,251.70,231.70,56.40,58.00,99.20,55.90,6.37,491.20,249.70,120.80,122.30,99.80,56.60,3.14,240.80,243.80,57.40,58.30,99.20,54.20,6.80,327.90,241.73,234.60,238.60,99.40,55.57,16.31
2026-04-29 03:51:00,2026-04-29 03:51:59,Q10,251.20,213.10,52.50,53.50,99.40,55.10,5.11,489.90,228.40,109.90,111.50,99.70,54.30,3.46,240.20,220.50,51.00,52.80,98.90,55.30,7.26,327.10,220.67,213.40,217.80,99.33,54.90,15.83
2026-04-29 03:52:00,2026-04-29 03:52:59,Q10,250.30,343.90,84.20,85.80,99.10,36.80,11.34,488.30,352.50,169.30,171.80,99.70,36.30,5.71,239.30,354.70,83.20,84.60,99.30,36.00,9.97,325.97,350.37,336.70,342.20,99.37,36.37,27.03
2026-04-29 03:53:00,2026-04-29 03:53:59,Q10,251.30,289.10,71.30,72.50,99.90,37.70,1.14,490.00,299.80,144.50,146.50,99.80,38.70,-4.63,240.10,307.20,72.30,73.70,99.90,38.40,-0.40,327.13,298.70,288.10,292.70,99.87,38.27,-3.89
2026-04-29 03:54:00,2026-04-29 03:54:59,Q10,250.90,333.30,82.20,83.20,99.20,36.30,10.26,489.20,345.40,166.30,168.70,99.80,36.90,4.86,239.70,351.70,82.20,83.90,99.40,36.00,9.57,326.60,343.47,330.70,335.80,99.47,36.40,24.69
2026-04-29 03:55:00,2026-04-29 03:55:59,Q10,250.30,348.70,86.10,87.00,99.70,36.70,6.60,488.00,361.50,174.20,176.20,99.90,35.80,1.17,239.10,358.20,84.20,85.60,99.80,34.10,4.20,325.80,356.13,344.50,348.80,99.80,35.53,11.97
2026-04-29 03:56:00,2026-04-29 03:56:59,Q10,250.70,354.70,87.10,88.50,99.20,32.50,11.00,488.80,368.90,177.20,179.60,99.80,36.50,4.77,239.60,374.70,88.10,89.40,99.50,35.70,9.26,326.37,366.10,352.40,357.50,99.50,34.90,25.03
2026-04-29 03:57:00,2026-04-29 03:57:59,Q10,250.90,333.20,82.20,83.20,99.30,40.10,10.06,489.10,349.40,168.30,170.70,99.80,39.00,3.97,239.60,349.10,82.20,83.40,99.50,37.20,8.89,326.53,343.90,332.70,337.30,99.53,38.77,22.91
2026-04-29 03:58:00,2026-04-29 03:58:59,Q10,250.40,320.60,79.20,80.00,99.30,35.00,9.06,488.10,327.40,157.40,159.60,99.90,35.50,3.14,239.20,334.70,78.20,79.80,99.50,36.80,7.77,325.90,327.57,314.80,319.40,99.57,35.77,19.97
2026-04-29 03:59:00,2026-04-29 03:59:59,Q10,250.70,332.70,82.20,83.00,99.90,37.10,-0.37,488.80,345.20,166.30,168.40,99.70,36.80,-6.63,239.60,349.70,82.20,83.40,99.90,37.40,-2.49,326.37,342.53,330.70,334.80,99.83,37.10,-9.49
2026-04-29 04:00:00,2026-04-29 04:00:59,Q10,250.90,350.40,86.10,87.50,99.50,36.10,8.29,489.20,365.80,176.20,178.50,99.90,37.50,1.49,239.70,373.30,88.10,89.10,99.70,35.00,7.26,326.60,363.17,350.40,355.10,99.70,36.20,17.03
2026-04-29 04:01:00,2026-04-29 04:01:59,Q10,250.40,340.60,84.20,85.00,99.90,36.30,-0.57,488.10,361.00,174.20,176.20,99.70,39.40,-6.23,239.10,359.60,84.20,85.80,99.90,36.90,-1.46,325.87,353.73,342.60,347.00,99.83,37.53,-8.26
2026-04-29 04:02:00,2026-04-29 04:02:59,Q10,250.60,332.50,82.20,83.00,99.90,32.70,2.29,488.60,341.20,164.30,166.40,99.90,33.90,-3.09,239.50,345.80,81.20,82.50,99.90,35.30,1.80,326.23,339.83,327.70,331.90,99.90,33.97,1.00
2026-04-29 04:03:00,2026-04-29 04:03:59,Q10,251.20,301.30,74.20,75.60,99.80,36.60,4.71,489.60,319.20,153.40,156.00,99.90,39.70,1.09,239.80,319.20,75.20,76.20,99.70,37.50,5.11,326.87,313.23,302.80,307.80,99.80,37.93,10.91
2026-04-29 04:04:00,2026-04-29 04:04:59,Q10,250.40,302.00,74.20,75.50,99.60,36.40,6.80,488.50,316.50,152.50,154.20,99.80,38.40,3.63,239.40,315.60,74.20,75.30,99.60,37.60,6.29,326.10,311.37,300.90,305.00,99.67,37.47,16.71
2026-04-29 04:05:00,2026-04-29 04:05:59,Q10,250.80,386.80,95.00,96.50,99.40,33.90,10.09,489.10,402.00,194.00,196.60,99.80,36.60,4.66,239.60,402.40,95.00,96.10,99.60,35.40,8.34,326.50,397.07,384.00,389.20,99.60,35.30,23.09
2026-04-29 04:06:00,2026-04-29 04:06:59,Q10,250.60,368.00,91.10,92.00,99.50,30.50,9.29,488.60,383.00,184.10,186.90,99.80,32.00,4.37,239.40,385.60,91.10,92.00,99.60,32.70,8.74,326.20,378.87,366.30,370.90,99.63,31.73,22.40
2026-04-29 04:07:00,2026-04-29 04:07:59,Q10,251.10,366.30,90.10,91.90,99.90,41.60,0.29,489.50,379.00,183.10,185.30,99.70,43.00,-6.20,239.80,389.20,91.10,93.00,99.90,41.60,-1.49,326.80,378.17,364.30,370.20,99.83,42.07,-7.40
2026-04-29 04:08:00,2026-04-29 04:08:59,Q10,250.60,183.00,44.50,45.80,99.60,53.30,3.51,488.90,197.60,95.00,96.10,99.90,53.60,1.94,239.70,194.60,45.50,46.40,99.20,54.00,5.34,326.40,191.73,185.00,188.30,99.57,53.63,10.80
2026-04-29 04:09:00,2026-04-29 04:09:59,Q10,250.60,222.60,54.50,55.50,99.40,52.20,5.40,488.60,241.70,115.80,117.60,99.90,53.10,1.86,239.40,239.40,56.40,57.10,99.30,49.40,6.54,326.20,234.57,226.70,230.20,99.53,51.57,13.80
2026-04-29 04:10:00,2026-04-29 04:10:59,Q10,251.10,224.90,55.40,56.20,99.90,48.20,0.51,489.80,243.60,116.80,118.80,99.80,49.40,-3.54,240.00,238.30,56.40,57.10,99.90,48.00,1.34,326.97,235.60,228.60,232.10,99.87,48.53,-1.69
2026-04-29 04:11:00,2026-04-29 04:11:59,Q10,250.50,224.70,55.40,56.00,99.30,42.60,5.91,488.70,243.20,116.80,118.60,99.90,44.90,2.23,239.60,239.40,56.40,57.10,99.40,44.50,6.03,326.27,235.77,228.60,231.70,99.53,44.00,14.17
2026-04-29 04:12:00,2026-04-29 04:12:59,Q10,250.60,224.50,55.40,56.00,99.20,60.60,6.40,488.70,237.80,113.80,115.70,99.80,62.90,3.40,239.60,239.20,56.40,57.10,99.30,60.10,6.29,326.30,233.83,225.60,228.80,99.43,61.20,16.09
2026-04-29 04:13:00,2026-04-29 04:13:59,Q10,250.70,225.00,55.40,56.20,99.90,42.40,0.86,489.20,235.90,112.90,114.90,99.90,46.90,-2.37,239.80,237.70,55.40,56.60,99.90,46.90,0.97,326.57,232.87,223.70,227.70,99.90,45.40,-0.54
2026-04-29 04:14:00,2026-04-29 04:14:59,Q10,250.80,226.80,55.40,56.50,99.80,48.60,2.80,488.70,240.90,115.80,117.10,99.90,49.30,0.03,239.40,235.20,55.40,56.20,99.70,49.90,4.31,326.30,234.30,226.60,229.80,99.80,49.27,7.14
2026-04-29 04:15:00,2026-04-29 04:15:59,Q10,250.70,223.50,54.50,55.80,99.70,47.10,3.51,488.70,239.00,114.80,116.60,99.90,51.00,1.71,239.40,231.80,54.50,55.20,99.50,51.10,5.46,326.27,231.43,223.80,227.60,99.70,49.73,10.69
2026-04-29 04:16:00,2026-04-29 04:16:59,Q10,250.50,224.40,55.40,56.00,99.90,42.20,2.09,488.50,240.50,115.80,117.10,99.90,44.70,0.66,239.40,232.50,54.50,55.40,99.70,42.20,4.11,326.13,232.47,225.70,228.50,99.83,43.03,6.86
2026-04-29 04:17:00,2026-04-29 04:17:59,Q10,251.30,218.70,53.50,54.70,99.50,41.80,4.97,490.10,237.30,114.80,116.10,99.80,45.10,2.60,240.20,232.90,54.50,55.70,99.30,43.30,6.23,327.20,229.63,222.80,226.50,99.53,43.40,13.80
2026-04-29 04:18:00,2026-04-29 04:18:59,Q10,250.50,223.90,54.50,55.80,99.90,44.70,-0.77,488.50,236.00,113.80,115.20,99.80,50.20,-2.83,239.40,234.40,54.50,55.90,99.90,52.20,0.20,326.13,231.43,222.80,226.90,99.87,49.03,-3.40
2026-04-29 04:19:00,2026-04-29 04:19:59,Q10,250.40,223.30,54.50,55.80,99.50,49.70,5.06,488.20,235.70,112.90,114.70,99.80,49.20,3.23,239.20,230.30,53.50,55.00,99.30,48.20,6.11,325.93,229.77,220.90,225.50,99.53,49.03,14.40
2026-04-29 04:20:00,2026-04-29 04:20:59,Q10,251.00,224.20,55.40,56.20,99.50,47.70,5.34,489.50,233.90,111.90,113.90,99.80,49.20,3.17,239.90,232.90,54.50,55.40,99.30,50.60,6.29,326.80,230.33,221.80,225.50,99.53,49.17,14.80
2026-04-29 04:21:00,2026-04-29 04:21:59,Q10,250.20,226.00,55.40,56.50,99.80,47.00,2.77,487.80,238.30,113.80,115.90,99.90,49.30,1.00,239.00,232.10,54.50,55.40,99.70,50.40,3.94,325.67,232.13,223.70,227.80,99.80,48.90,7.71
2026-04-29 04:22:00,2026-04-29 04:22:59,Q10,251.00,219.20,53.50,55.00,99.90,44.90,-1.14,489.40,236.90,113.80,115.40,99.70,47.30,-4.11,239.80,233.50,54.50,55.70,99.90,45.40,-0.37,326.73,229.87,221.80,226.10,99.83,45.87,-5.63
2026-04-29 04:23:00,2026-04-29 04:23:59,Q10,251.00,222.80,54.50,55.70,99.80,48.00,3.03,489.40,238.80,114.80,116.40,99.90,51.50,0.60,239.90,234.60,54.50,55.90,99.70,51.20,4.09,326.77,232.07,223.80,228.00,99.80,50.23,7.71
2026-04-29 04:24:00,2026-04-29 04:24:59,Q10,250.50,205.80,50.50,51.20,99.40,44.30,4.97,488.10,221.10,105.90,107.80,99.60,47.80,4.06,239.00,213.90,49.50,50.90,99.00,47.80,7.03,325.87,213.60,205.90,209.90,99.33,46.63,16.06
2026-04-29 04:25:00,2026-04-29 04:25:59,Q10,249.70,379.10,93.10,94.40,99.60,33.20,8.11,486.90,394.60,189.10,191.50,99.90,33.50,3.46,238.60,395.80,93.10,94.00,99.60,33.60,8.51,325.07,389.83,375.30,379.90,99.70,33.43,20.09
2026-04-29 04:26:00,2026-04-29 04:26:59,Q10,250.70,282.90,69.30,70.50,99.90,38.20,-1.31,488.80,297.50,142.60,144.90,99.60,40.50,-5.74,239.40,294.60,69.30,70.30,99.90,37.40,-0.74,326.30,291.67,281.20,285.70,99.80,38.70,-7.80
2026-04-29 04:27:00,2026-04-29 04:27:59,Q10,250.00,316.80,78.20,79.00,99.90,46.10,-1.40,487.40,327.70,157.40,159.20,99.60,47.70,-6.66,238.90,330.70,77.20,78.50,99.90,46.40,-2.40,325.43,325.07,312.80,316.70,99.80,46.73,-10.46
2026-04-29 04:28:00,2026-04-29 04:28:59,Q10,250.60,326.10,80.20,81.50,99.90,33.20,0.20,488.50,336.70,161.40,164.00,99.70,34.00,-5.74,239.30,344.30,81.20,82.20,99.90,35.40,-2.26,326.13,335.70,322.80,327.70,99.83,34.20,-7.80
2026-04-29 04:29:00,2026-04-29 04:29:59,Q10,250.70,301.70,74.20,75.20,99.90,36.90,-0.31,488.30,315.70,151.50,153.70,99.70,38.00,-5.86,239.10,316.10,74.20,75.50,99.90,37.10,-1.03,326.03,311.17,299.90,304.40,99.83,37.33,-7.20
2026-04-29 04:30:00,2026-04-29 04:30:59,Q10,250.20,289.40,71.30,72.20,99.90,37.50,0.29,487.80,300.60,144.50,146.10,99.80,39.00,-4.63,239.10,302.60,71.30,72.20,99.90,39.90,-0.74,325.70,297.53,287.10,290.50,99.87,38.80,-5.09
2026-04-29 04:31:00,2026-04-29 04:31:59,Q10,250.30,312.70,77.20,78.00,99.70,37.60,5.66,487.80,325.60,156.40,158.30,99.90,37.10,0.74,239.10,332.60,78.20,79.30,99.80,34.10,4.83,325.73,323.63,311.80,315.60,99.80,36.27,11.23
2026-04-29 04:32:00,2026-04-29 04:32:59,Q10,250.40,332.00,82.20,83.00,99.90,34.30,0.60,488.10,344.40,165.30,167.90,99.70,34.90,-5.57,239.10,345.60,81.20,82.50,99.90,35.40,-1.20,325.87,340.67,328.70,333.40,99.83,34.87,-6.17
2026-04-29 04:33:00,2026-04-29 04:33:59,Q10,250.70,346.20,85.10,86.50,99.90,32.00,0.23,488.60,363.50,175.20,177.10,99.70,33.30,-6.54,239.40,366.70,86.10,87.50,99.90,31.20,-1.34,326.23,358.80,346.40,351.10,99.83,32.17,-7.66
2026-04-29 04:34:00,2026-04-29 04:34:59,Q10,250.90,331.70,81.20,82.80,99.40,34.20,8.77,488.80,348.10,167.30,169.80,99.90,33.70,2.89,239.30,353.00,83.20,84.40,99.50,33.20,8.37,326.33,344.27,331.70,337.00,99.60,33.70,20.03
2026-04-29 04:35:00,2026-04-29 04:35:59,Q10,250.70,329.20,81.20,82.20,99.90,36.50,-0.17,489.20,351.90,169.30,171.60,99.60,36.90,-6.83,239.80,350.10,82.20,83.70,99.90,37.10,-0.40,326.57,343.73,332.70,337.50,99.80,36.83,-7.40
2026-04-29 04:36:00,2026-04-29 04:36:59,Q10,251.10,299.90,74.20,75.00,99.50,37.10,7.43,489.50,323.80,155.40,157.90,99.90,42.60,2.29,239.80,323.60,76.20,77.20,99.30,40.20,8.74,326.80,315.77,305.80,310.10,99.57,39.97,18.46
2026-04-29 04:37:00,2026-04-29 04:37:59,Q10,250.30,287.60,70.30,71.80,99.90,42.00,-0.74,488.20,308.50,148.50,150.30,99.70,42.80,-5.60,239.30,306.10,72.30,73.10,99.90,42.00,0.17,325.93,300.73,291.10,295.20,99.83,42.27,-6.17
2026-04-29 04:38:00,2026-04-29 04:38:59,Q10,250.90,279.50,68.30,69.80,99.50,45.20,6.03,489.10,299.90,144.50,146.20,99.90,46.20,2.31,239.60,298.00,70.30,71.20,99.30,45.50,8.23,326.53,292.47,283.10,287.20,99.57,45.63,16.57
2026-04-29 04:39:00,2026-04-29 04:39:59,Q10,250.90,283.50,69.30,70.80,99.70,40.80,4.57,489.20,298.70,143.60,145.70,99.90,44.60,-0.20,239.80,298.30,70.30,71.20,99.70,44.40,5.43,326.63,293.50,283.20,287.70,99.77,43.27,9.80
2026-04-29 04:40:00,2026-04-29 04:40:59,Q10,250.60,296.80,73.30,74.00,99.50,46.80,6.63,488.80,319.80,153.40,155.70,99.90,47.50,1.40,239.50,316.00,74.20,75.50,99.50,44.10,7.83,326.30,310.87,300.90,305.20,99.63,46.13,15.86
2026-04-29 04:41:00,2026-04-29 04:41:59,Q10,250.10,313.10,77.20,78.20,99.50,40.10,7.74,487.80,333.80,160.40,162.20,99.90,41.90,2.69,239.10,334.60,78.20,79.80,99.40,42.10,8.86,325.67,327.17,315.80,320.20,99.60,41.37,19.29
2026-04-29 04:42:00,2026-04-29 04:42:59,Q10,250.00,313.00,77.20,78.20,99.80,42.50,3.80,487.70,323.70,155.40,157.30,99.90,43.00,-0.91,239.10,332.90,78.20,79.30,99.90,40.50,3.57,325.60,323.20,310.80,314.80,99.87,42.00,6.46
2026-04-29 04:43:00,2026-04-29 04:43:59,Q10,250.70,289.70,71.30,72.20,99.90,45.00,-0.49,488.90,310.00,149.50,151.30,99.60,44.30,-6.14,239.60,310.50,73.30,74.10,99.90,41.90,0.43,326.40,303.40,294.10,297.60,99.80,43.73,-6.20
2026-04-29 04:44:00,2026-04-29 04:44:59,Q10,250.70,270.90,66.30,67.50,99.40,40.10,6.71,489.00,291.00,140.60,142.30,99.90,39.70,1.63,239.70,288.90,67.30,68.80,99.40,39.70,7.40,326.47,283.60,274.20,278.60,99.57,39.83,15.74
2026-04-29 04:45:00,2026-04-29 04:45:59,Q10,250.70,281.10,69.30,70.20,99.50,41.30,6.46,489.10,306.50,147.50,149.60,99.90,42.00,1.11,239.80,305.90,71.30,72.90,99.50,39.90,6.71,326.53,297.83,288.10,292.70,99.63,41.07,14.29
2026-04-29 04:46:00,2026-04-29 04:46:59,Q10,250.70,283.40,69.30,70.80,99.90,41.60,-0.26,489.00,300.30,144.50,146.70,99.70,42.40,-5.63,239.70,302.80,71.30,72.20,99.90,41.80,-0.26,326.47,295.50,285.10,289.70,99.83,41.93,-6.14
2026-04-29 04:47:00,2026-04-29 04:47:59,Q10,250.20,285.00,70.30,71.20,99.70,48.70,4.83,487.70,311.50,149.50,151.50,99.90,50.30,0.77,238.90,304.00,71.30,72.40,99.60,48.80,6.37,325.60,300.17,291.10,295.10,99.73,49.27,11.97
2026-04-29 04:48:00,2026-04-29 04:48:59,Q10,249.50,282.70,69.30,70.20,99.90,34.90,1.14,486.10,295.90,141.60,143.40,99.80,39.40,-3.34,238.10,296.10,69.30,70.40,99.90,39.40,1.20,324.57,291.57,280.20,284.00,99.87,37.90,-1.00
2026-04-29 04:49:00,2026-04-29 04:49:59,Q10,250.00,286.90,70.30,71.50,99.90,36.50,3.06,487.40,305.40,146.50,148.50,99.90,39.70,-1.63,238.80,307.50,72.30,73.10,99.90,39.20,1.94,325.40,299.93,289.10,293.10,99.90,38.47,3.37
2026-04-29 04:50:00,2026-04-29 04:50:59,Q10,249.50,299.40,73.30,74.50,99.90,37.40,-1.00,486.20,309.70,148.50,150.20,99.70,39.50,-5.54,238.20,310.50,72.30,73.80,99.90,39.40,-1.49,324.63,306.53,294.10,298.50,99.83,38.77,-8.03
2026-04-29 04:51:00,2026-04-29 04:51:59,Q10,249.70,302.90,74.20,75.20,99.80,34.10,3.57,486.80,319.60,153.40,155.00,99.90,36.80,-0.57,238.50,318.30,74.20,75.70,99.90,38.60,2.83,325.00,313.60,301.80,305.90,99.87,36.50,5.83
2026-04-29 04:52:00,2026-04-29 04:52:59,Q10,249.40,328.60,80.20,81.70,99.60,32.00,7.37,486.20,343.90,164.30,166.70,99.90,34.00,2.60,238.10,343.40,80.20,81.60,99.60,34.60,6.94,324.57,338.63,324.70,330.00,99.70,33.53,16.91
2026-04-29 04:53:00,2026-04-29 04:53:59,Q10,249.20,326.20,80.20,81.20,99.60,32.50,6.89,485.80,336.90,160.40,163.00,99.90,34.30,2.83,238.00,344.40,80.20,81.90,99.70,33.50,6.43,324.33,335.83,320.80,326.10,99.73,33.43,16.14
2026-04-29 04:54:00,2026-04-29 04:54:59,Q10,250.20,310.80,76.20,77.50,99.90,34.00,1.89,487.70,325.80,156.40,158.30,99.80,39.20,-4.71,238.90,328.50,77.20,78.10,99.90,37.60,0.31,325.60,321.70,309.80,313.90,99.87,36.93,-2.51
2026-04-29 04:55:00,2026-04-29 04:55:59,Q10,249.40,283.20,69.30,70.50,99.60,38.30,6.09,486.30,300.30,143.60,145.80,99.90,38.80,1.94,238.30,292.60,68.30,69.50,99.70,39.00,5.57,324.67,292.03,281.20,285.80,99.73,38.70,13.60
2026-04-29 04:56:00,2026-04-29 04:56:59,Q10,249.40,259.30,63.40,64.50,99.90,36.90,2.06,486.10,272.30,130.70,132.20,99.90,39.70,-1.51,238.20,270.70,63.40,64.30,99.90,36.80,2.37,324.57,267.43,257.50,261.00,99.90,37.80,2.91
2026-04-29 04:57:00,2026-04-29 04:57:59,Q10,250.00,273.10,67.30,68.20,99.40,37.20,6.97,487.30,287.90,137.60,139.80,99.90,40.90,2.31,238.60,287.50,67.30,68.30,99.50,39.60,6.77,325.30,282.83,272.20,276.30,99.60,39.23,16.06
2026-04-29 04:58:00,2026-04-29 04:58:59,Q10,250.20,266.60,65.30,66.50,99.90,41.00,-1.09,487.60,280.90,134.60,136.40,99.60,42.00,-5.71,238.80,282.60,66.30,67.10,99.90,41.50,-1.26,325.53,276.70,266.20,270.00,99.80,41.50,-8.06
2026-04-29 04:59:00,2026-04-29 04:59:59,Q10,249.70,273.50,66.30,68.00,99.50,34.30,6.43,486.30,295.30,141.60,143.40,99.90,36.40,2.66,238.10,293.50,68.30,69.70,99.40,36.10,7.29,324.70,287.43,276.20,281.10,99.60,35.60,16.37
2026-04-29 05:00:00,2026-04-29 05:00:59,Q10,249.70,269.80,65.30,67.00,99.90,37.00,-0.23,486.70,282.70,135.60,137.10,99.70,40.10,-5.14,238.40,286.60,67.30,68.10,99.90,38.20,-1.03,324.93,279.70,268.20,272.20,99.83,38.43,-6.40
2026-04-29 05:01:00,2026-04-29 05:01:59,Q10,249.70,250.20,61.40,62.20,99.40,36.70,6.54,486.70,265.20,126.70,128.80,99.90,38.40,2.29,238.30,263.60,61.40,62.60,99.40,38.10,6.86,324.90,259.67,249.50,253.60,99.57,37.73,15.69
2026-04-29 05:02:00,2026-04-29 05:02:59,Q10,248.80,229.40,55.40,56.80,99.70,42.90,3.97,484.70,239.00,113.80,115.70,99.90,44.80,0.71,237.40,240.20,55.40,56.90,99.60,43.30,4.60,323.63,236.20,224.60,229.40,99.73,43.67,9.29
2026-04-29 05:04:00,2026-04-29 05:04:59,Q10,249.00,203.90,49.50,50.50,99.60,39.20,3.83,485.20,217.70,103.90,105.20,99.90,42.10,1.17,237.60,217.00,50.50,51.40,99.60,42.00,3.97,323.93,212.87,203.90,207.10,99.70,41.10,8.97
2026-04-29 05:05:00,2026-04-29 05:05:59,Q10,249.30,210.20,51.50,52.30,99.50,43.50,4.49,485.50,224.10,106.90,108.60,99.80,47.10,2.71,237.70,221.50,51.50,52.40,99.30,48.20,5.97,324.17,218.60,209.90,213.30,99.53,46.27,13.17
2026-04-29 05:06:00,2026-04-29 05:06:59,Q10,249.10,218.60,53.50,54.30,99.80,44.60,2.86,485.30,230.20,109.90,111.60,99.90,43.60,0.49,237.70,228.10,53.50,54.00,99.80,43.30,3.29,324.03,225.63,216.90,219.90,99.83,43.83,6.63
2026-04-29 05:07:00,2026-04-29 05:07:59,Q10,249.30,234.00,57.40,58.30,99.60,48.30,4.80,486.20,253.80,120.80,123.00,99.90,48.50,2.26,238.30,248.10,58.40,59.00,99.30,48.90,6.83,324.60,245.30,236.60,240.30,99.60,48.57,13.89
2026-04-29 05:08:00,2026-04-29 05:08:59,Q10,249.80,226.30,55.40,56.30,99.70,49.50,3.77,486.50,243.60,116.80,118.10,99.90,52.60,0.86,238.30,242.00,56.40,57.60,99.40,51.90,5.80,324.87,237.30,228.60,232.00,99.67,51.33,10.43
2026-04-29 05:09:00,2026-04-29 05:09:59,Q10,249.90,239.00,57.80,59.50,98.80,52.60,8.57,487.10,256.00,122.80,124.70,99.60,51.20,5.40,238.70,256.10,58.80,60.90,98.40,51.10,10.66,325.23,250.37,239.40,245.10,98.93,51.63,24.63
2026-04-29 05:10:00,2026-04-29 05:10:59,Q10,250.20,234.30,56.80,58.50,98.90,46.50,8.31,487.90,256.70,122.80,124.70,99.60,47.80,5.37,239.20,258.90,59.80,61.70,98.50,46.50,10.51,325.77,249.97,239.40,244.90,99.00,46.93,24.20
2026-04-29 05:11:00,2026-04-29 05:11:59,Q10,249.20,230.80,56.40,57.30,99.50,48.30,5.03,485.90,247.40,117.80,119.80,99.90,48.00,2.11,238.10,245.50,57.40,58.30,99.30,48.00,6.57,324.40,241.23,231.60,235.40,99.57,48.10,13.71
2026-04-29 05:12:00,2026-04-29 05:12:59,Q10,249.30,215.30,52.50,53.50,99.60,49.50,4.09,486.10,232.60,110.90,112.80,99.90,53.20,0.60,238.20,233.30,54.50,55.50,99.40,51.00,5.69,324.53,227.07,217.90,221.80,99.63,51.23,10.37
2026-04-29 05:13:00,2026-04-29 05:13:59,Q10,250.00,213.50,52.50,53.20,99.50,57.10,4.63,487.20,228.80,109.90,111.00,99.90,57.20,1.51,238.60,227.40,53.50,54.00,99.20,52.50,6.34,325.27,223.23,215.90,218.20,99.53,55.60,12.49
2026-04-29 05:14:00,2026-04-29 05:14:59,Q10,250.10,218.90,53.50,54.50,99.40,61.30,5.11,487.50,235.90,112.90,114.40,99.90,62.30,1.17,238.80,235.40,54.50,55.90,99.10,61.00,6.89,325.47,230.07,220.90,224.80,99.47,61.53,13.17
2026-04-29 05:15:00,2026-04-29 05:15:59,Q10,250.60,240.30,59.40,60.00,99.90,48.60,0.49,488.60,256.80,122.80,124.90,99.60,49.40,-5.03,239.40,260.50,61.40,62.10,99.90,47.50,0.51,326.20,252.53,243.60,247.00,99.80,48.50,-4.03
2026-04-29 05:16:00,2026-04-29 05:16:59,Q10,250.50,256.10,63.40,64.00,99.30,39.60,6.94,488.70,271.90,130.70,132.20,99.90,45.90,1.89,239.60,276.80,64.30,66.00,99.40,42.50,6.94,326.27,268.27,258.40,262.20,99.53,42.67,15.77
2026-04-29 05:17:00,2026-04-29 05:17:59,Q10,250.50,244.80,60.40,61.00,99.10,47.30,7.86,488.60,261.50,125.70,127.40,99.80,48.80,2.80,239.50,268.30,63.40,64.10,99.10,47.70,8.20,326.20,258.20,249.50,252.50,99.33,47.93,18.86
2026-04-29 05:18:00,2026-04-29 05:18:59,Q10,250.30,244.80,60.40,61.00,99.40,53.40,5.91,488.10,255.00,122.80,124.40,99.90,55.30,1.43,239.20,254.60,59.40,60.70,99.30,53.10,6.91,325.87,251.47,242.60,246.10,99.53,53.93,14.26
2026-04-29 05:19:00,2026-04-29 05:19:59,Q10,251.00,228.70,56.40,57.20,99.00,47.30,7.31,489.60,246.20,118.80,120.30,99.80,49.30,2.91,240.00,247.70,58.40,59.30,99.10,46.80,7.54,326.87,240.87,233.60,236.80,99.30,47.80,17.77
2026-04-29 05:20:00,2026-04-29 05:20:59,Q10,250.60,235.90,57.40,58.80,99.90,50.10,0.11,488.80,252.50,120.80,123.00,99.70,50.40,-3.94,239.60,250.70,58.40,59.80,99.90,50.10,-0.17,326.33,246.37,236.60,241.60,99.83,50.20,-4.00
2026-04-29 05:21:00,2026-04-29 05:21:59,Q10,251.10,250.10,61.40,62.80,99.10,47.60,7.40,489.70,261.00,125.70,127.60,99.90,46.30,1.66,240.00,267.40,63.40,64.10,99.30,43.50,7.17,326.93,259.50,250.50,254.50,99.43,45.80,16.23
2026-04-29 05:22:00,2026-04-29 05:22:59,Q10,251.10,279.30,69.30,70.00,99.80,43.30,4.17,489.60,286.50,137.60,139.90,99.90,43.00,-2.40,239.90,297.90,69.30,71.00,99.80,40.40,3.51,326.87,287.90,276.20,280.90,99.83,42.23,5.29
2026-04-29 05:23:00,2026-04-29 05:23:59,Q10,250.70,311.20,76.20,77.80,99.90,39.90,0.20,488.80,321.70,154.40,156.60,99.60,39.40,-6.60,239.50,329.30,77.20,78.60,99.90,39.40,-0.97,326.33,320.73,307.80,313.00,99.80,39.57,-7.37
2026-04-29 05:24:00,2026-04-29 05:24:59,Q10,250.20,326.90,80.20,81.50,99.50,35.30,7.63,487.70,339.50,163.40,165.10,99.90,36.70,1.69,239.00,344.70,81.20,82.20,99.70,35.30,6.60,325.63,337.03,324.80,328.80,99.70,35.77,15.91
2026-04-29 05:25:00,2026-04-29 05:25:59,Q10,250.10,313.10,77.20,78.20,99.30,41.20,8.71,487.90,322.30,154.40,156.80,99.90,43.70,2.11,239.10,331.40,78.20,79.10,99.60,41.80,7.40,325.70,322.27,309.80,314.10,99.60,42.23,18.23
2026-04-29 05:26:00,2026-04-29 05:26:59,Q10,251.10,276.90,68.30,69.30,99.20,40.40,8.20,489.70,293.50,141.60,143.30,99.90,41.70,2.57,240.00,294.80,69.30,70.60,99.40,41.50,7.66,326.93,288.40,279.20,283.20,99.50,41.20,18.43
2026-04-29 05:27:00,2026-04-29 05:27:59,Q10,250.90,255.80,62.40,63.80,99.90,42.90,-0.29,489.00,270.70,130.70,132.00,99.60,46.10,-5.60,239.50,271.50,63.40,64.80,99.90,45.60,-0.31,326.47,266.00,256.50,260.60,99.80,44.87,-6.20
2026-04-29 05:28:00,2026-04-29 05:28:59,Q10,250.60,234.00,57.40,58.50,99.20,53.20,6.49,488.40,249.40,119.80,121.50,99.90,54.50,1.34,239.30,255.00,59.40,60.90,99.00,52.40,8.06,326.10,246.13,236.60,240.90,99.37,53.37,15.89
2026-04-29 05:29:00,2026-04-29 05:29:59,Q10,250.60,219.50,53.50,54.80,99.90,49.60,1.57,488.50,233.30,111.90,113.70,99.80,51.40,-2.94,239.30,237.40,55.40,56.60,99.90,50.10,2.11,326.13,230.07,220.80,225.10,99.87,50.37,0.74
2026-04-29 05:30:00,2026-04-29 05:30:59,Q10,250.10,221.80,54.50,55.20,99.30,49.40,5.63,487.60,241.00,115.80,117.40,99.90,49.00,1.23,238.90,241.70,56.40,57.40,99.20,45.90,6.69,325.53,234.83,226.70,230.00,99.47,48.10,13.54
2026-04-29 05:31:00,2026-04-29 05:31:59,Q10,250.50,248.00,61.40,62.00,99.90,47.10,0.97,488.30,265.10,127.70,129.30,99.70,47.50,-4.74,239.20,269.70,63.40,64.30,99.90,45.40,1.23,326.00,260.93,252.50,255.60,99.83,46.67,-2.54
2026-04-29 05:32:00,2026-04-29 05:32:59,Q10,249.80,282.30,69.30,70.20,99.90,38.80,-0.34,487.10,294.60,141.60,143.20,99.60,41.00,-6.06,238.70,300.70,70.30,71.40,99.90,38.70,-0.66,325.20,292.53,281.20,284.80,99.80,39.50,-7.06
2026-04-29 05:33:00,2026-04-29 05:33:59,Q10,250.50,282.00,69.30,70.50,99.20,52.30,8.31,488.20,298.50,143.60,145.40,99.90,55.40,2.63,239.20,300.90,70.30,71.70,99.30,50.90,8.31,325.97,293.80,283.20,287.60,99.47,52.87,19.26
2026-04-29 05:34:00,2026-04-29 05:34:59,Q10,250.10,253.80,62.40,63.20,99.60,49.30,5.29,487.90,270.40,129.70,131.50,99.90,49.30,0.71,239.00,277.20,65.30,66.20,99.60,45.80,5.20,325.67,267.13,257.40,260.90,99.70,48.13,11.20
2026-04-29 05:35:00,2026-04-29 05:35:59,Q10,250.30,241.00,59.40,60.20,99.60,46.50,4.51,488.20,258.20,123.80,125.90,99.90,48.80,-1.51,239.30,264.60,62.40,63.10,99.80,46.80,3.89,325.93,254.60,245.60,249.20,99.77,47.37,6.89
2026-04-29 05:36:00,2026-04-29 05:36:59,Q10,250.80,233.70,57.40,58.20,99.90,49.60,1.00,489.00,245.30,117.80,119.80,99.60,48.20,-5.09,239.70,251.90,58.40,60.00,99.90,45.90,0.17,326.50,243.63,233.60,238.00,99.80,47.90,-3.91
2026-04-29 05:37:00,2026-04-29 05:37:59,Q10,249.80,236.20,57.40,58.80,99.80,46.70,2.60,487.10,251.20,120.80,122.20,99.80,49.20,-2.86,238.70,254.10,59.40,60.50,99.90,46.00,1.23,325.20,247.17,237.60,241.50,99.83,47.30,0.97
2026-04-29 05:38:00,2026-04-29 05:38:59,Q10,250.10,237.90,58.40,59.20,99.30,50.70,6.57,487.70,252.70,120.80,122.70,99.90,51.30,0.86,239.10,251.30,58.40,60.00,99.40,48.80,6.11,325.63,247.30,237.60,241.90,99.53,50.27,13.54
2026-04-29 05:39:00,2026-04-29 05:39:59,Q10,250.00,243.70,59.40,60.80,99.30,44.40,6.34,487.40,262.20,125.70,127.60,99.90,50.10,0.57,238.90,262.10,61.40,62.40,99.50,44.10,5.80,325.43,256.00,246.50,250.80,99.57,46.20,12.71
2026-04-29 05:40:00,2026-04-29 05:40:59,Q10,250.30,254.80,62.40,63.50,99.50,43.80,5.63,488.20,269.70,129.70,131.30,99.90,45.30,-0.17,239.30,272.50,64.30,65.00,99.70,43.80,4.94,325.93,265.67,256.40,259.80,99.70,44.30,10.40
2026-04-29 05:41:00,2026-04-29 05:41:59,Q10,250.30,260.80,64.30,65.00,99.30,56.40,6.89,488.10,274.00,131.70,133.70,99.90,58.00,0.86,239.20,279.40,65.30,66.70,99.60,54.50,5.86,325.87,271.40,261.30,265.40,99.60,56.30,13.60
2026-04-29 05:42:00,2026-04-29 05:42:59,Q10,249.80,264.80,64.30,65.70,99.70,42.60,4.80,486.90,282.30,135.60,137.10,99.90,43.20,-0.66,238.60,287.90,67.30,68.30,99.70,41.30,4.57,325.10,278.33,267.20,271.10,99.77,42.37,8.71
2026-04-29 05:43:00,2026-04-29 05:43:59,Q10,250.00,254.00,62.40,63.50,99.20,39.30,7.40,487.20,262.00,125.70,127.60,99.90,44.80,1.71,238.70,271.10,63.40,64.50,99.40,43.40,6.83,325.30,262.37,251.50,255.60,99.50,42.50,15.94
2026-04-29 05:44:00,2026-04-29 05:44:59,Q10,249.90,236.40,57.40,58.80,99.90,40.30,0.03,487.00,249.30,119.80,121.30,99.60,43.20,-5.00,238.50,251.10,58.40,59.70,99.90,39.80,-0.83,325.13,245.60,235.60,239.80,99.80,41.10,-5.80
2026-04-29 05:45:00,2026-04-29 05:45:59,Q10,249.60,219.60,53.50,54.50,99.90,44.20,0.97,486.20,232.20,110.90,112.80,99.80,49.10,-3.29,238.10,234.80,54.50,55.70,99.90,46.90,0.83,324.63,228.87,218.90,223.00,99.87,46.73,-1.49
2026-04-29 05:46:00,2026-04-29 05:46:59,Q10,248.90,212.60,51.50,52.60,99.90,49.70,0.31,485.10,229.80,109.90,111.10,99.80,48.30,-3.29,237.60,227.40,52.50,53.80,99.90,46.50,0.40,323.87,223.27,213.90,217.50,99.87,48.17,-2.57
2026-04-29 05:47:00,2026-04-29 05:47:59,Q10,249.00,217.10,53.50,54.00,99.90,46.70,0.06,485.20,229.40,109.90,111.10,99.70,46.20,-3.94,237.60,229.90,53.50,54.30,99.90,43.20,-0.17,323.93,225.47,216.90,219.40,99.83,45.37,-4.06
2026-04-29 05:48:00,2026-04-29 05:48:59,Q10,249.30,233.60,57.40,58.00,99.90,39.90,0.23,485.70,250.90,119.80,121.20,99.70,41.70,-4.26,237.90,251.70,58.40,59.50,99.90,42.40,-0.37,324.30,245.40,235.60,238.70,99.83,41.33,-4.40
2026-04-29 05:49:00,2026-04-29 05:49:59,Q10,248.90,240.30,58.40,59.50,99.90,44.30,-0.49,484.80,253.20,120.80,122.50,99.60,45.30,-5.03,237.30,253.20,58.40,60.00,99.90,44.80,-0.51,323.67,248.90,237.60,242.00,99.80,44.80,-6.03
2026-04-29 05:50:00,2026-04-29 05:50:59,Q10,248.60,245.00,59.40,60.80,99.70,48.80,3.77,484.50,258.80,122.80,124.90,99.90,49.90,-0.94,237.40,257.60,59.40,60.90,99.80,47.00,3.06,323.50,253.80,241.60,246.60,99.80,48.57,5.89
2026-04-29 05:51:00,2026-04-29 05:51:59,Q10,248.70,234.80,58.00,58.00,100.00,46.50,0.00,484.40,247.70,117.80,119.50,99.60,47.60,-4.66,237.20,249.60,58.40,59.00,99.90,46.10,-0.69,323.43,244.03,234.20,236.50,99.83,46.73,-5.34
2026-04-29 05:52:00,2026-04-29 05:52:59,Q10,249.40,227.60,55.40,56.50,99.40,42.90,5.86,486.00,238.60,113.80,115.70,99.90,43.40,1.54,238.10,242.00,56.40,57.60,99.60,43.70,5.17,324.50,236.07,225.60,229.80,99.63,43.33,12.57
2026-04-29 05:53:00,2026-04-29 05:53:59,Q10,248.50,218.70,53.50,54.10,99.90,46.60,1.20,484.40,226.90,107.90,109.40,99.80,47.20,-2.60,237.30,231.20,53.50,54.70,99.90,46.00,1.60,323.40,225.60,214.90,218.20,99.87,46.60,0.20
2026-04-29 05:54:00,2026-04-29 05:54:59,Q10,249.20,212.20,51.50,52.80,99.50,45.00,4.71,485.80,225.00,107.90,109.10,99.90,49.70,0.60,238.00,231.00,53.50,55.00,99.50,45.60,4.94,324.33,222.73,212.90,216.90,99.63,46.77,10.26
2026-04-29 05:55:00,2026-04-29 05:55:59,Q10,249.20,207.80,50.00,51.50,98.80,44.90,7.51,485.40,219.20,104.90,106.20,99.70,50.80,3.80,237.60,223.30,51.00,52.90,98.90,46.30,7.80,324.07,216.77,205.90,210.60,99.13,47.33,19.11
2026-04-29 05:56:00,2026-04-29 05:56:59,Q10,248.70,217.40,52.50,53.80,99.60,49.70,4.17,484.70,231.50,109.90,111.80,99.90,51.60,0.06,237.40,233.60,54.50,55.20,99.70,48.60,3.71,323.60,227.50,216.90,220.80,99.73,49.97,7.94
2026-04-29 05:57:00,2026-04-29 05:57:59,Q10,248.70,228.90,55.40,56.50,99.90,41.40,-0.06,484.40,244.20,116.80,118.10,99.60,45.70,-5.11,237.10,245.30,57.40,58.10,99.90,41.50,-0.51,323.40,239.47,229.60,232.70,99.80,42.87,-5.69
2026-04-29 05:58:00,2026-04-29 05:58:59,Q10,249.40,241.10,58.80,60.00,98.40,39.60,10.66,486.00,254.70,121.80,123.40,99.60,44.20,5.23,238.00,260.70,59.80,61.90,98.40,44.10,11.40,324.47,252.17,240.40,245.30,98.80,42.63,27.29
2026-04-29 05:59:00,2026-04-29 05:59:59,Q10,249.30,248.60,60.40,61.80,99.90,45.30,0.43,486.00,265.60,126.70,128.80,99.60,45.50,-5.11,238.00,268.10,62.40,63.80,99.90,43.40,-0.31,324.43,260.77,249.50,254.40,99.80,44.73,-5.00
2026-04-29 06:00:00,2026-04-29 06:00:59,Q10,248.70,290.50,70.30,71.90,99.70,44.50,4.86,485.00,304.90,145.50,147.40,99.90,45.30,-0.66,237.60,312.90,72.30,73.90,99.80,43.40,4.20,323.77,302.77,288.10,293.20,99.80,44.40,8.40
2026-04-29 06:01:00,2026-04-29 06:01:59,Q10,248.90,308.20,75.20,76.40,99.60,40.00,6.17,485.30,324.20,155.40,157.10,99.90,44.10,-2.40,237.80,330.50,77.20,78.20,99.80,41.40,4.66,324.00,320.97,307.80,311.70,99.77,41.83,8.43
2026-04-29 06:02:00,2026-04-29 06:02:59,Q10,248.20,303.80,74.20,75.10,99.90,37.10,1.03,483.70,321.80,153.40,155.00,99.60,39.40,-6.43,237.00,328.20,76.20,77.70,99.90,38.70,0.17,322.97,317.93,303.80,307.80,99.80,38.40,-5.23
2026-04-29 06:03:00,2026-04-29 06:03:59,Q10,248.00,266.80,64.30,66.00,99.50,42.10,6.46,483.10,287.20,136.60,138.60,99.90,42.00,0.29,236.60,290.80,67.30,68.40,99.50,39.70,6.74,322.57,281.60,268.20,273.00,99.63,41.27,13.49
2026-04-29 06:04:00,2026-04-29 06:04:59,Q10,248.90,245.50,59.40,60.80,99.40,49.00,6.03,485.10,262.00,125.70,127.10,99.90,50.80,0.54,237.60,263.20,61.40,62.30,99.40,47.90,6.31,323.87,256.90,246.50,250.20,99.57,49.23,12.89
2026-04-29 06:05:00,2026-04-29 06:05:59,Q10,248.70,237.10,57.40,58.80,99.30,45.90,6.31,484.90,249.60,118.80,120.50,99.90,47.20,0.63,237.50,258.40,60.40,61.10,99.30,44.60,6.74,323.70,248.37,236.60,240.40,99.50,45.90,13.69
2026-04-29 06:06:00,2026-04-29 06:06:59,Q10,248.00,254.70,61.40,63.00,99.60,44.20,4.97,483.70,267.60,126.70,129.00,99.90,44.00,-0.37,237.00,266.10,62.40,63.00,99.70,43.20,4.49,322.90,262.80,250.50,255.00,99.73,43.80,9.09
2026-04-29 06:07:00,2026-04-29 06:07:59,Q10,248.40,248.20,60.40,61.50,99.90,50.80,0.40,484.10,261.40,124.70,126.30,99.60,49.40,-5.46,237.20,267.50,62.40,63.30,99.90,46.50,-0.17,323.23,259.03,247.50,251.10,99.80,48.90,-5.23
2026-04-29 06:08:00,2026-04-29 06:08:59,Q10,248.00,255.00,62.40,63.20,99.80,43.20,2.91,483.40,266.90,126.70,128.50,99.90,46.70,-1.74,236.70,271.80,62.40,64.00,99.80,44.60,3.03,322.70,264.57,251.50,255.70,99.83,44.83,4.20
2026-04-29 06:09:00,2026-04-29 06:09:59,Q10,248.60,264.20,64.30,65.50,99.80,47.40,3.46,484.40,277.70,132.70,134.10,99.90,48.20,-2.60,237.20,284.30,66.30,67.30,99.80,45.50,3.11,323.40,275.40,263.30,266.90,99.83,47.03,3.97
2026-04-29 06:10:00,2026-04-29 06:10:59,Q10,248.60,255.40,62.40,63.20,99.50,46.60,5.71,484.60,268.40,127.70,129.70,99.90,48.20,-0.14,237.40,272.90,63.40,64.50,99.60,45.70,5.86,323.53,265.57,253.50,257.40,99.67,46.83,11.43
2026-04-29 06:11:00,2026-04-29 06:11:59,Q10,247.60,244.90,59.40,60.30,99.90,50.50,0.57,482.70,258.70,122.80,124.40,99.60,50.80,-5.17,236.50,262.00,60.40,61.80,99.90,48.50,-0.03,322.27,255.20,242.60,246.50,99.80,49.93,-4.63
2026-04-29 06:12:00,2026-04-29 06:12:59,Q10,248.10,226.60,55.40,56.00,99.90,50.40,0.20,483.20,243.40,115.80,117.40,99.60,50.10,-4.43,236.60,246.60,57.40,58.10,99.90,45.40,-0.09,322.63,238.87,228.60,231.50,99.80,48.63,-4.31
2026-04-29 06:13:00,2026-04-29 06:13:59,Q10,248.10,218.10,53.50,54.10,99.90,48.10,0.71,483.60,230.30,109.90,111.10,99.70,49.10,-3.89,237.00,237.80,55.40,56.20,99.90,47.00,0.83,322.90,228.73,218.80,221.40,99.83,48.07,-2.34
2026-04-29 06:14:00,2026-04-29 06:14:59,Q10,248.10,229.70,55.40,56.80,99.50,52.60,5.29,483.20,246.70,116.80,118.80,99.90,52.10,0.77,236.60,246.00,57.40,58.10,99.40,48.40,6.31,322.63,240.80,229.60,233.70,99.60,51.03,12.37
2026-04-29 06:15:00,2026-04-29 06:15:59,Q10,248.30,237.50,57.40,58.80,99.40,43.90,5.86,483.70,254.50,120.80,122.70,99.90,46.20,1.43,236.90,256.60,59.40,60.40,99.40,46.30,6.66,322.97,249.53,237.60,241.90,99.57,45.47,13.94
2026-04-29 06:16:00,2026-04-29 06:16:59,Q10,248.10,250.00,61.40,62.00,99.90,47.10,0.34,483.30,267.90,126.70,129.00,99.60,52.30,-5.57,236.70,270.20,62.40,63.70,99.90,49.40,-0.20,322.70,262.70,250.50,254.70,99.80,49.60,-5.43
2026-04-29 06:17:00,2026-04-29 06:17:59,Q10,247.60,246.80,59.40,60.80,99.10,48.30,7.83,482.70,260.80,123.80,125.30,99.90,46.40,1.46,236.50,266.70,61.40,62.80,99.40,44.60,7.00,322.27,258.10,244.60,248.90,99.47,46.43,16.29
2026-04-29 06:18:00,2026-04-29 06:18:59,Q10,248.20,230.90,55.90,57.00,98.10,47.70,10.51,483.70,247.70,117.80,119.30,99.50,48.00,5.66,237.00,255.00,58.80,60.40,98.30,45.60,10.94,322.97,244.53,232.50,236.70,98.63,47.10,27.11
2026-04-29 06:19:00,2026-04-29 06:19:59,Q10,248.10,222.00,54.50,55.10,99.90,53.10,0.94,483.40,237.90,112.90,114.50,99.60,54.10,-4.34,236.80,239.40,55.40,56.40,99.90,51.30,0.26,322.77,233.10,222.80,226.00,99.80,52.83,-3.14
2026-04-29 06:20:00,2026-04-29 06:20:59,Q10,247.90,205.90,49.50,50.60,99.60,54.10,3.97,482.90,220.50,104.90,106.00,99.90,53.30,0.51,236.50,221.70,51.50,52.20,99.40,51.80,5.06,322.43,216.03,205.90,208.80,99.63,53.07,9.54
2026-04-29 06:21:00,2026-04-29 06:21:59,Q10,248.40,202.10,49.50,50.10,99.50,54.60,4.20,484.00,217.70,103.90,105.00,99.90,53.60,-0.43,237.00,219.50,50.50,51.90,99.50,56.10,4.89,323.13,213.10,203.90,207.00,99.63,54.77,8.66
2026-04-29 06:22:00,2026-04-29 06:22:59,Q10,247.50,212.00,51.50,52.40,99.50,51.60,4.54,482.50,229.00,108.90,110.40,99.90,53.50,-1.43,236.40,229.90,53.50,54.00,99.60,51.70,4.31,322.13,223.63,213.90,216.80,99.67,52.27,7.43
2026-04-29 06:23:00,2026-04-29 06:23:59,Q10,247.90,223.90,54.50,55.10,99.30,46.30,5.91,483.30,240.10,113.80,115.90,99.90,50.20,0.43,236.80,241.30,55.40,56.90,99.50,45.60,5.31,322.67,235.10,223.70,227.90,99.57,47.37,11.66
2026-04-29 06:24:00,2026-04-29 06:24:59,Q10,247.60,238.20,57.40,58.80,99.80,58.70,2.74,482.70,252.80,119.80,121.50,99.80,55.80,-2.97,236.50,255.80,59.40,60.20,99.90,53.00,2.66,322.27,248.93,236.60,240.50,99.83,55.83,2.43
2026-04-29 06:25:00,2026-04-29 06:25:59,Q10,247.30,253.60,61.40,62.50,99.30,45.90,6.74,482.00,269.30,127.70,129.70,99.90,46.70,0.37,236.20,276.30,64.30,65.10,99.50,43.00,6.37,321.83,266.40,253.40,257.30,99.57,45.20,13.49
2026-04-29 06:26:00,2026-04-29 06:26:59,Q10,247.90,275.80,66.30,67.90,99.30,46.90,7.66,483.20,293.00,139.60,141.50,99.90,44.30,0.97,236.60,297.40,69.30,70.10,99.50,44.70,7.23,322.57,288.73,275.20,279.50,99.57,45.30,15.86
2026-04-29 06:27:00,2026-04-29 06:27:59,Q10,248.00,265.90,64.30,65.70,99.90,47.30,0.11,483.40,281.20,133.60,135.70,99.50,46.50,-6.29,236.80,284.30,66.30,67.00,99.90,45.10,-0.46,322.73,277.13,264.20,268.40,99.77,46.30,-6.63
2026-04-29 06:28:00,2026-04-29 06:28:59,Q10,248.00,248.40,60.40,61.50,99.40,48.10,5.97,483.30,261.30,124.70,126.10,99.90,48.60,0.89,236.80,261.80,60.40,61.60,99.50,46.00,5.97,322.70,257.17,245.50,249.20,99.60,47.57,12.83
2026-04-29 06:29:00,2026-04-29 06:29:59,Q10,247.60,232.90,56.40,57.30,99.90,55.00,0.34,482.50,250.60,118.80,120.50,99.70,52.40,-4.26,236.40,251.40,58.40,59.20,99.90,50.10,0.14,322.17,244.97,233.60,237.00,99.83,52.50,-3.77
2026-04-29 06:30:00,2026-04-29 06:30:59,Q10,247.90,213.40,51.50,52.60,99.60,50.60,4.06,483.30,236.70,111.90,114.00,99.90,52.90,-0.83,236.70,234.50,54.50,55.20,99.50,50.70,5.00,322.63,228.20,217.90,221.80,99.67,51.40,8.23
2026-04-29 06:31:00,2026-04-29 06:31:59,Q10,248.10,213.00,51.50,52.80,99.30,48.70,5.49,483.40,232.00,110.90,112.10,99.90,52.70,1.09,236.70,231.70,53.50,54.50,99.20,47.50,6.74,322.73,225.57,215.90,219.40,99.47,49.63,13.31
2026-04-29 06:32:00,2026-04-29 06:32:59,Q10,247.60,215.70,52.50,53.10,99.90,43.00,0.86,482.50,232.30,109.90,111.80,99.70,42.80,-3.80,236.20,231.10,53.50,54.50,99.90,42.30,0.94,322.10,226.37,215.90,219.40,99.83,42.70,-2.00
2026-04-29 06:33:00,2026-04-29 06:33:59,Q10,247.90,217.00,52.50,53.60,99.90,46.30,0.23,482.90,234.20,110.90,112.80,99.50,47.00,-5.06,236.40,238.30,55.40,56.20,99.90,44.20,0.14,322.40,229.83,218.80,222.60,99.77,45.83,-4.69
2026-04-29 06:34:00,2026-04-29 06:34:59,Q10,247.90,233.50,57.00,57.60,100.00,41.50,0.00,482.90,242.90,114.80,116.60,99.50,44.70,-5.49,236.40,251.80,58.40,59.20,99.90,44.20,-0.23,322.40,242.73,230.20,233.40,99.80,43.47,-5.71
2026-04-29 06:35:00,2026-04-29 06:35:59,Q10,247.20,242.90,58.40,59.80,99.40,43.30,6.20,481.50,255.60,120.80,122.70,99.90,43.10,0.29,235.90,262.30,60.40,61.60,99.60,42.50,5.71,321.53,253.60,239.60,244.10,99.63,42.97,12.20
2026-04-29 06:36:00,2026-04-29 06:36:59,Q10,247.30,247.80,60.40,61.00,99.90,40.30,0.83,481.90,263.00,124.70,126.50,99.70,42.60,-4.60,236.00,264.50,61.40,62.30,99.90,40.10,-0.23,321.73,258.43,246.50,249.80,99.83,41.00,-4.00
2026-04-29 06:37:00,2026-04-29 06:37:59,Q10,247.90,233.70,56.40,57.60,99.90,41.40,0.14,483.00,250.30,118.80,120.80,99.50,41.70,-5.49,236.50,254.40,58.40,59.90,99.90,41.00,-0.69,322.47,246.13,233.60,238.30,99.77,41.37,-6.03
2026-04-29 06:38:00,2026-04-29 06:38:59,Q10,247.00,237.40,57.40,58.50,99.90,44.50,0.14,481.40,247.20,116.80,118.80,99.60,43.30,-5.20,235.80,255.00,58.40,59.90,99.90,41.60,-0.49,321.40,246.53,232.60,237.20,99.80,43.13,-5.54
2026-04-29 06:39:00,2026-04-29 06:39:59,Q10,247.10,228.50,55.40,56.30,99.90,45.90,0.00,481.30,242.30,114.80,116.40,99.60,46.40,-4.57,235.70,246.60,56.40,57.80,99.90,45.30,-0.29,321.37,239.13,226.60,230.50,99.80,45.87,-4.86
2026-04-29 06:40:00,2026-04-29 06:40:59,Q10,247.90,221.20,53.50,54.60,99.90,46.10,0.37,482.90,232.70,109.90,111.80,99.50,47.40,-5.23,236.50,239.50,55.40,56.40,99.90,45.30,-0.83,322.43,231.13,218.80,222.80,99.77,46.27,-5.69
2026-04-29 06:41:00,2026-04-29 06:41:59,Q10,247.40,227.30,55.40,56.10,99.90,47.70,-0.11,481.80,241.10,113.80,115.90,99.60,45.80,-5.00,235.90,242.20,55.40,56.90,99.90,46.40,-0.77,321.70,236.87,224.60,228.90,99.80,46.63,-5.89
2026-04-29 06:42:00,2026-04-29 06:42:59,Q10,248.10,227.00,55.40,56.30,99.90,44.30,-0.03,483.30,244.10,115.80,117.90,99.50,45.60,-5.34,236.60,246.30,57.40,58.10,99.90,43.80,-0.31,322.67,239.13,228.60,232.30,99.77,44.57,-5.69
2026-04-29 06:43:00,2026-04-29 06:43:59,Q10,247.90,237.30,57.40,58.50,99.80,44.20,3.57,482.80,250.80,118.80,120.50,99.90,45.70,-1.11,236.40,255.10,59.40,60.20,99.80,43.10,3.91,322.37,247.73,235.60,239.20,99.83,44.33,6.37
2026-04-29 06:44:00,2026-04-29 06:44:59,Q10,247.50,243.30,59.40,60.00,99.70,42.80,4.51,481.90,258.20,122.80,124.10,99.90,42.40,-0.43,235.90,260.60,60.40,61.10,99.60,41.20,5.00,321.77,254.03,242.60,245.20,99.73,42.13,9.09
2026-04-29 06:45:00,2026-04-29 06:45:59,Q10,247.20,242.10,58.40,59.80,99.40,41.30,6.17,481.10,258.60,122.80,124.10,99.90,41.10,1.23,235.50,260.90,60.40,61.10,99.40,42.30,6.69,321.27,253.87,241.60,245.00,99.57,41.57,14.09
2026-04-29 06:46:00,2026-04-29 06:46:59,Q10,247.60,233.30,56.40,57.60,99.90,41.00,0.94,482.10,247.50,117.80,119.10,99.70,43.50,-4.26,235.90,248.90,57.40,58.30,99.90,42.50,0.80,321.87,243.23,231.60,235.00,99.83,42.33,-2.51
2026-04-29 06:47:00,2026-04-29 06:47:59,Q10,247.50,226.00,54.50,55.80,99.30,49.50,5.91,482.50,240.40,113.80,115.70,99.90,50.30,0.63,236.30,246.70,57.40,58.10,99.40,48.60,5.94,322.10,237.70,225.70,229.60,99.53,49.47,12.49
2026-04-29 06:48:00,2026-04-29 06:48:59,Q10,247.50,221.10,53.50,54.60,99.90,49.40,1.03,482.50,238.30,112.90,114.70,99.60,52.80,-4.80,236.40,241.30,55.40,56.90,99.90,50.30,0.60,322.13,233.57,221.80,226.20,99.80,50.83,-3.17
2026-04-29 06:49:00,2026-04-29 06:49:59,Q10,247.50,223.40,53.90,55.10,98.60,48.90,8.46,482.30,243.10,115.80,117.10,99.80,53.50,2.77,236.20,244.00,55.90,57.60,98.80,50.30,8.77,322.00,236.83,225.60,229.80,99.07,50.90,20.00
2026-04-29 06:50:00,2026-04-29 06:50:59,Q10,247.70,230.00,55.40,56.80,99.40,47.80,5.80,482.90,247.70,117.80,119.10,99.90,47.00,0.29,236.60,251.20,58.40,59.20,99.40,43.80,6.00,322.40,242.97,231.60,235.10,99.57,46.20,12.09
2026-04-29 06:51:00,2026-04-29 06:51:59,Q10,247.70,232.80,56.40,57.30,99.60,43.40,4.97,482.50,253.00,119.80,121.90,99.90,47.20,-0.77,236.30,257.70,59.40,60.70,99.60,44.70,5.37,322.17,247.83,235.60,239.90,99.70,45.10,9.57
2026-04-29 06:52:00,2026-04-29 06:52:59,Q10,247.20,242.40,58.40,59.80,99.20,51.00,6.74,481.80,252.50,119.80,121.20,99.90,53.20,1.60,236.10,257.80,59.40,60.70,99.30,47.60,6.86,321.70,250.90,237.60,241.70,99.47,50.60,15.20
2026-04-29 06:53:00,2026-04-29 06:53:59,Q10,247.70,244.00,59.40,60.30,99.50,43.30,5.54,482.80,259.60,122.80,124.80,99.90,43.80,-0.46,236.50,264.70,61.40,62.30,99.60,42.80,5.63,322.33,256.10,243.60,247.40,99.67,43.30,10.71
2026-04-29 06:54:00,2026-04-29 06:54:59,Q10,247.20,242.00,58.40,59.80,99.90,49.40,1.94,481.60,257.00,121.80,123.60,99.70,51.00,-4.17,235.90,265.10,61.40,62.30,99.90,47.60,1.74,321.57,254.70,241.60,245.70,99.83,49.33,-0.49
2026-04-29 06:55:00,2026-04-29 06:55:59,Q10,247.60,233.20,56.40,57.60,99.30,45.70,6.14,482.50,247.30,117.80,119.10,99.90,44.70,0.31,236.40,251.10,58.40,59.20,99.50,43.60,5.89,322.17,243.87,232.60,235.90,99.57,44.67,12.34
2026-04-29 06:56:00,2026-04-29 06:56:59,Q10,247.90,231.30,56.40,57.10,99.90,56.50,0.69,482.90,247.40,117.80,119.10,99.50,59.00,-5.20,236.50,247.80,57.40,58.30,99.90,54.50,-0.09,322.43,242.17,231.60,234.50,99.77,56.67,-4.60
2026-04-29 06:57:00,2026-04-29 06:57:59,Q10,247.70,233.90,56.40,57.60,99.30,45.20,6.06,482.80,247.20,117.80,119.10,99.90,43.20,0.57,236.50,254.90,58.40,59.90,99.50,44.80,5.97,322.33,245.33,232.60,236.60,99.57,44.40,12.60
2026-04-29 06:58:00,2026-04-29 06:58:59,Q10,247.80,240.50,58.40,59.30,99.40,47.70,6.09,482.80,256.90,121.80,123.40,99.90,47.00,0.71,236.40,259.20,60.40,61.10,99.40,45.30,6.63,322.33,252.20,240.60,243.80,99.57,46.67,13.43
2026-04-29 06:59:00,2026-04-29 06:59:59,Q10,247.10,241.00,58.40,59.50,99.90,44.70,2.23,481.50,258.10,122.80,124.10,99.90,47.20,-2.51,235.90,259.40,59.40,60.90,99.90,43.70,1.60,321.50,252.83,240.60,244.50,99.90,45.20,1.31
2026-04-29 07:00:00,2026-04-29 07:00:59,Q10,247.40,242.00,58.40,59.80,99.00,48.80,7.86,482.20,258.90,122.80,124.40,99.90,48.60,1.91,236.30,267.50,62.40,63.00,99.30,43.60,7.34,321.97,256.13,243.60,247.20,99.40,47.00,17.11
2026-04-29 07:01:00,2026-04-29 07:01:59,Q10,247.50,249.30,60.40,61.50,99.90,48.70,1.71,482.10,264.10,125.70,127.20,99.80,49.00,-3.37,236.00,268.50,62.40,63.20,99.90,47.10,0.94,321.87,260.63,248.50,251.90,99.87,48.27,-0.71
2026-04-29 07:02:00,2026-04-29 07:02:59,Q10,247.80,233.50,56.40,57.60,99.90,45.70,0.23,482.60,245.70,116.80,118.10,99.60,50.10,-4.74,236.30,250.70,58.40,59.00,99.90,48.10,0.54,322.23,243.30,231.60,234.70,99.80,47.97,-3.97
2026-04-29 07:03:00,2026-04-29 07:03:59,Q10,247.70,229.80,55.40,56.60,99.50,60.80,4.80,482.50,246.90,116.80,118.60,99.90,64.30,-0.51,236.20,248.80,57.40,58.50,99.60,60.80,5.20,322.13,241.83,229.60,233.70,99.67,61.97,9.49
2026-04-29 07:04:00,2026-04-29 07:04:59,Q10,247.80,229.10,55.40,56.60,99.10,46.90,7.14,482.80,247.10,117.80,119.10,99.90,46.80,1.77,236.40,251.60,58.40,59.20,99.00,46.60,7.97,322.33,242.60,231.60,234.90,99.33,46.77,16.89
2026-04-29 07:05:00,2026-04-29 07:05:59,Q10,246.90,243.80,58.40,59.80,99.90,47.10,1.20,481.10,257.90,121.80,123.60,99.70,45.50,-4.40,235.70,266.20,61.40,62.50,99.90,41.90,1.29,321.23,255.97,241.60,245.90,99.83,44.83,-1.91
2026-04-29 07:06:00,2026-04-29 07:06:59,Q10,247.20,250.30,60.40,61.80,99.50,49.50,5.83,481.40,266.90,125.70,127.90,99.90,49.30,0.00,235.80,268.20,61.40,63.00,99.60,47.10,5.74,321.47,261.80,247.50,252.70,99.67,48.63,11.57
2026-04-29 07:07:00,2026-04-29 07:07:59,Q10,247.10,257.00,62.40,63.50,99.70,47.70,4.06,481.50,269.30,127.70,129.40,99.90,45.70,-2.31,235.90,282.30,65.30,66.30,99.80,43.90,3.57,321.50,269.53,255.40,259.20,99.80,45.77,5.31
2026-04-29 07:08:00,2026-04-29 07:08:59,Q10,248.20,254.60,61.40,63.00,99.60,47.20,5.40,483.60,266.50,126.70,128.50,99.90,50.00,-1.71,236.90,275.70,63.40,64.90,99.70,46.10,4.31,322.90,265.60,251.50,256.40,99.73,47.77,8.00
2026-04-29 07:09:00,2026-04-29 07:09:59,Q10,247.70,243.00,59.40,60.00,99.90,46.40,0.74,482.70,255.80,120.80,122.90,99.60,49.80,-5.00,236.50,257.40,59.40,60.70,99.90,50.00,-0.06,322.30,252.07,239.60,243.60,99.80,48.73,-4.31
2026-04-29 07:10:00,2026-04-29 07:10:59,Q10,248.40,239.20,58.40,59.30,99.90,43.40,1.34,484.20,253.90,120.80,122.50,99.60,48.30,-5.20,237.20,257.40,59.40,60.90,99.90,44.70,0.20,323.27,250.17,238.60,242.70,99.80,45.47,-3.66
2026-04-29 07:11:00,2026-04-29 07:11:59,Q10,248.30,235.70,57.40,58.30,99.90,49.60,1.37,484.00,250.00,119.80,121.00,99.60,50.70,-5.06,237.10,257.00,59.40,60.90,99.90,51.30,0.51,323.13,247.57,236.60,240.20,99.80,50.53,-3.17
2026-04-29 07:12:00,2026-04-29 07:12:59,Q10,247.50,239.90,58.40,59.00,99.10,41.80,7.17,482.30,249.50,118.80,120.00,99.90,44.30,2.14,236.30,255.90,59.40,60.20,99.40,43.80,6.51,322.03,248.43,236.60,239.20,99.47,43.30,15.83
2026-04-29 07:13:00,2026-04-29 07:13:59,Q10,247.80,229.30,55.40,56.60,99.20,52.50,6.71,482.70,245.70,116.80,118.10,99.90,49.30,1.03,236.40,250.50,58.40,59.00,99.20,47.10,7.29,322.30,241.83,230.60,233.70,99.43,49.63,15.03
2026-04-29 07:14:00,2026-04-29 07:14:59,Q10,247.40,232.60,56.40,57.30,99.70,56.40,3.43,482.20,246.60,116.80,118.60,99.90,56.80,-2.49,236.30,249.80,57.40,58.80,99.80,54.00,3.29,321.97,243.00,230.60,234.70,99.80,55.73,4.23
2026-04-29 07:15:00,2026-04-29 07:15:59,Q10,247.20,231.60,56.40,57.10,99.20,45.80,6.57,481.70,251.70,118.80,120.70,99.90,48.70,1.49,236.00,253.20,58.40,59.70,99.30,47.50,6.89,321.63,245.50,233.60,237.50,99.47,47.33,14.94
2026-04-29 07:16:00,2026-04-29 07:16:59,Q10,247.10,241.10,58.40,59.50,99.30,50.70,6.66,481.60,253.80,119.80,121.70,99.90,50.90,1.66,235.90,259.30,59.40,60.90,99.40,46.10,6.57,321.53,251.40,237.60,242.10,99.53,49.23,14.89
2026-04-29 07:17:00,2026-04-29 07:17:59,Q10,247.20,238.80,57.40,58.80,99.20,48.00,6.80,481.80,249.70,117.80,119.80,99.90,49.10,1.60,236.00,256.90,59.40,60.40,99.30,46.90,6.77,321.67,248.47,234.60,239.00,99.47,48.00,15.17
2026-04-29 07:18:00,2026-04-29 07:18:59,Q10,247.80,248.00,60.40,61.30,99.90,44.30,0.77,482.80,257.90,121.80,123.90,99.50,44.10,-5.49,236.50,265.20,61.40,62.50,99.90,43.00,-0.57,322.37,257.03,243.60,247.70,99.77,43.80,-5.29
2026-04-29 07:19:00,2026-04-29 07:19:59,Q10,247.00,260.50,63.40,64.20,99.20,48.80,7.60,481.50,268.90,126.70,128.90,99.90,49.70,1.69,235.90,277.00,64.30,65.10,99.40,45.90,6.83,321.47,268.80,254.40,258.20,99.50,48.13,16.11
2026-04-29 07:20:00,2026-04-29 07:20:59,Q10,246.90,259.20,62.40,63.70,99.40,44.30,6.31,481.10,273.50,129.70,131.30,99.90,42.50,0.51,235.60,275.70,63.40,64.60,99.50,44.20,6.37,321.20,269.47,255.50,259.60,99.60,43.67,13.20
2026-04-29 07:21:00,2026-04-29 07:21:59,Q10,247.70,243.10,59.40,60.00,99.50,47.70,5.23,482.50,254.20,120.80,122.40,99.90,47.80,-0.91,236.30,265.40,61.40,62.50,99.70,44.80,4.83,322.17,254.23,241.60,244.90,99.70,46.77,9.14
2026-04-29 07:22:00,2026-04-29 07:22:59,Q10,247.60,234.70,56.40,57.80,99.60,46.80,4.86,482.40,249.60,118.80,120.00,99.90,48.20,-1.26,236.10,252.60,58.40,59.50,99.60,44.90,5.23,322.03,245.63,233.60,237.30,99.70,46.63,8.83
2026-04-29 07:23:00,2026-04-29 07:23:59,Q10,247.60,239.90,58.40,59.00,99.40,48.30,5.89,482.30,253.90,119.80,121.90,99.90,51.40,0.37,236.10,260.20,60.40,61.40,99.50,46.10,5.69,322.00,251.33,238.60,242.30,99.60,48.60,11.94
2026-04-29 07:24:00,2026-04-29 07:24:59,Q10,247.30,245.40,59.40,60.50,99.30,43.30,6.83,481.80,259.50,122.80,124.60,99.90,47.30,0.97,235.90,264.10,61.40,62.00,99.40,46.30,6.89,321.67,256.33,243.60,247.10,99.53,45.63,14.69
2026-04-29 07:25:00,2026-04-29 07:25:59,Q10,247.10,261.70,63.40,64.50,99.70,47.40,4.80,481.40,277.10,131.70,133.20,99.90,50.20,-1.86,235.80,282.40,65.30,66.30,99.80,44.50,3.69,321.43,273.73,260.40,264.00,99.80,47.37,6.63
2026-04-29 07:26:00,2026-04-29 07:26:59,Q10,247.40,286.30,69.30,70.60,99.90,45.50,0.94,481.90,300.90,142.60,144.30,99.50,45.70,-7.00,236.00,309.40,71.30,72.90,99.90,42.00,-0.89,321.77,298.87,283.20,287.80,99.77,44.40,-6.94
2026-04-29 07:27:00,2026-04-29 07:27:59,Q10,247.10,277.30,67.30,68.40,99.10,40.50,8.77,481.60,290.40,137.60,139.50,99.90,43.50,2.14,236.00,299.90,69.30,70.60,99.40,38.20,7.46,321.57,289.20,274.20,278.50,99.47,40.73,18.37
2026-04-29 07:28:00,2026-04-29 07:28:59,Q10,247.70,277.60,67.30,68.40,99.90,40.40,2.17,482.80,292.20,138.60,140.70,99.60,43.60,-5.60,236.50,302.60,70.30,71.30,99.90,41.00,0.94,322.33,290.80,276.20,280.40,99.80,41.67,-2.49
2026-04-29 07:29:00,2026-04-29 07:29:59,Q10,246.80,271.00,65.30,66.70,99.30,49.40,7.31,480.90,285.60,134.60,136.80,99.90,53.20,1.66,235.50,289.50,66.30,67.90,99.50,49.60,6.94,321.07,282.03,266.20,271.40,99.57,50.73,15.91
2026-04-29 07:30:00,2026-04-29 07:30:59,Q10,247.50,265.10,64.30,65.50,99.40,39.40,6.69,482.10,282.00,133.60,135.90,99.90,40.80,0.89,236.00,287.80,66.30,67.70,99.60,39.50,6.23,321.87,278.30,264.20,269.10,99.63,39.90,13.80
2026-04-29 07:31:00,2026-04-29 07:31:59,Q10,247.20,266.10,64.30,65.70,99.90,42.40,0.91,481.50,278.60,131.70,133.70,99.60,44.30,-5.49,235.80,280.30,64.30,65.80,99.90,42.20,-0.11,321.50,275.00,260.30,265.20,99.80,42.97,-4.69
2026-04-29 07:32:00,2026-04-29 07:32:59,Q10,247.20,253.60,61.40,62.50,99.60,43.00,4.94,481.40,271.90,128.70,130.40,99.90,44.60,-1.31,235.80,274.40,63.40,64.40,99.70,42.60,4.54,321.47,266.63,253.50,257.30,99.73,43.40,8.17
2026-04-29 07:33:00,2026-04-29 07:33:59,Q10,247.50,245.30,59.40,60.50,99.50,42.80,5.40,482.00,257.30,121.80,123.90,99.90,43.50,-0.63,236.00,262.80,60.40,61.80,99.60,44.80,5.11,321.83,255.13,241.60,246.20,99.67,43.70,9.89
2026-04-29 07:34:00,2026-04-29 07:34:59,Q10,246.60,248.30,60.40,61.00,99.90,42.60,0.34,480.50,262.00,123.80,125.80,99.50,42.40,-5.74,235.10,268.50,61.40,63.00,99.90,40.40,-0.29,320.73,259.60,245.60,249.80,99.77,41.80,-5.69
2026-04-29 07:35:00,2026-04-29 07:35:59,Q10,247.00,259.30,62.40,64.00,99.40,39.00,6.91,481.30,270.20,127.70,129.90,99.90,40.60,0.00,235.70,277.20,64.30,65.10,99.60,39.40,6.14,321.33,268.90,254.40,259.00,99.63,39.67,13.06
2026-04-29 07:36:00,2026-04-29 07:36:59,Q10,246.40,270.30,65.30,66.40,99.20,40.60,8.54,480.00,285.50,134.60,136.80,99.90,41.70,2.66,235.10,291.40,67.30,68.40,99.30,39.50,8.09,320.50,282.40,267.20,271.60,99.47,40.60,19.29
2026-04-29 07:37:00,2026-04-29 07:37:59,Q10,246.80,276.60,66.30,67.90,99.60,34.60,6.00,481.00,293.70,138.60,140.90,99.90,38.00,-1.17,235.50,295.20,68.30,69.30,99.70,39.70,4.89,321.10,288.50,273.20,278.10,99.73,37.43,9.71
2026-04-29 07:38:00,2026-04-29 07:38:59,Q10,246.50,273.30,66.30,67.20,99.30,39.90,7.57,480.10,286.40,135.60,137.30,99.90,40.80,1.43,235.10,294.80,68.30,69.10,99.50,39.00,7.00,320.57,284.83,270.20,273.60,99.57,39.90,16.00
2026-04-29 07:39:00,2026-04-29 07:39:59,Q10,247.20,264.60,64.30,65.20,99.90,41.00,0.69,481.80,278.40,131.70,133.70,99.60,41.70,-5.94,235.90,284.70,65.30,66.70,99.90,40.00,-0.40,321.63,275.90,261.30,265.60,99.80,40.90,-5.66
2026-04-29 07:40:00,2026-04-29 07:40:59,Q10,247.40,261.10,63.40,64.50,99.80,44.10,3.43,481.70,278.30,131.70,133.70,99.90,43.20,-2.94,235.80,279.80,64.30,65.60,99.90,38.60,2.57,321.63,273.07,259.40,263.80,99.87,41.97,3.06
2026-04-29 07:41:00,2026-04-29 07:41:59,Q10,247.20,265.40,64.30,65.50,99.20,37.50,7.77,481.30,275.90,130.70,132.30,99.90,38.20,2.14,235.50,279.20,64.30,65.60,99.20,37.40,8.37,321.33,273.50,259.30,263.40,99.43,37.70,18.29
2026-04-29 07:42:00,2026-04-29 07:42:59,Q10,247.40,269.70,65.30,66.40,99.90,41.20,0.40,482.00,288.40,136.60,138.80,99.50,39.80,-6.57,236.00,296.00,68.30,69.90,99.90,38.90,-0.69,321.80,284.70,270.20,275.10,99.77,39.97,-6.86
2026-04-29 07:43:00,2026-04-29 07:43:59,Q10,247.10,259.90,62.40,64.00,99.90,39.20,1.71,481.50,277.90,131.70,133.20,99.70,41.80,-5.20,235.80,287.80,66.30,67.40,99.90,38.00,0.43,321.47,275.20,260.40,264.60,99.83,39.67,-3.06
2026-04-29 07:44:00,2026-04-29 07:44:59,Q10,247.00,269.30,64.70,66.40,98.60,41.20,11.11,481.00,284.90,134.60,136.60,99.60,43.10,6.00,235.40,288.00,65.70,67.70,98.60,41.90,11.80,321.13,280.73,265.00,270.70,98.93,42.07,28.91
2026-04-29 07:45:00,2026-04-29 07:45:59,Q10,246.70,265.30,64.30,65.20,99.90,40.00,0.23,480.60,281.90,132.70,134.90,99.60,38.40,-5.91,235.40,285.40,65.30,67.00,99.90,37.60,-1.17,320.90,277.53,262.30,267.10,99.80,38.67,-6.86
2026-04-29 07:46:00,2026-04-29 07:46:59,Q10,246.60,266.90,64.30,65.40,99.90,36.40,0.43,480.20,279.90,131.70,133.90,99.60,38.10,-5.77,235.00,281.70,65.30,66.00,99.90,37.20,-0.23,320.60,276.17,261.30,265.30,99.80,37.23,-5.57
2026-04-29 07:47:00,2026-04-29 07:47:59,Q10,247.20,262.50,63.40,64.70,99.40,36.80,6.71,481.60,276.20,130.70,132.80,99.90,38.90,0.91,235.80,282.00,65.30,66.30,99.60,38.20,6.20,321.53,273.57,259.40,263.80,99.63,37.97,13.83
2026-04-29 07:48:00,2026-04-29 07:48:59,Q10,247.10,249.20,60.40,61.50,99.20,39.10,7.60,481.30,264.30,124.70,127.00,99.90,39.50,1.77,235.60,271.10,62.40,63.70,99.40,38.40,7.14,321.33,261.53,247.50,252.20,99.50,39.00,16.51
2026-04-29 07:49:00,2026-04-29 07:49:59,Q10,247.00,247.30,60.40,61.00,99.90,43.70,0.74,481.20,265.00,125.70,127.50,99.50,44.00,-5.86,235.70,266.80,61.40,62.50,99.90,40.30,-0.43,321.30,259.70,247.50,251.00,99.77,42.67,-5.54
2026-04-29 07:50:00,2026-04-29 07:50:59,Q10,246.90,264.20,63.40,64.90,99.30,37.20,7.71,481.10,281.40,133.60,135.20,99.90,38.90,1.69,235.60,280.80,64.30,65.80,99.50,37.90,6.97,321.20,275.47,261.30,265.90,99.57,38.00,16.37
2026-04-29 07:51:00,2026-04-29 07:51:59,Q10,247.50,277.70,67.30,68.40,99.50,37.50,6.57,482.10,290.10,137.60,139.80,99.90,37.00,-0.46,236.00,295.90,68.30,69.60,99.60,37.20,6.40,321.87,287.90,273.20,277.80,99.67,37.23,12.51
2026-04-29 07:52:00,2026-04-29 07:52:59,Q10,247.10,289.80,70.30,71.40,99.40,36.10,7.43,481.30,301.80,142.60,144.80,99.90,36.70,0.57,235.70,308.50,71.30,72.40,99.60,36.20,6.71,321.37,300.03,284.20,288.60,99.63,36.33,14.71
2026-04-29 07:53:00,2026-04-29 07:53:59,Q10,247.30,293.70,71.30,72.40,99.70,35.30,5.69,481.60,310.00,147.50,149.10,99.90,35.60,-2.40,235.80,316.80,73.30,74.30,99.80,32.80,4.23,321.57,306.83,292.10,295.80,99.80,34.57,7.51
2026-04-29 07:54:00,2026-04-29 07:54:59,Q10,247.00,303.90,73.30,74.80,99.20,38.50,9.40,481.00,319.10,151.50,153.40,99.90,39.60,2.09,235.50,322.60,74.20,75.70,99.40,37.80,9.11,321.17,315.20,299.00,303.90,99.50,38.63,20.60
2026-04-29 07:55:00,2026-04-29 07:55:59,Q10,246.90,289.90,70.30,71.10,99.30,37.20,8.14,481.00,304.10,144.50,146.20,99.90,34.90,1.43,235.60,308.60,71.30,72.40,99.50,35.20,7.49,321.17,300.87,286.10,289.70,99.57,35.77,17.06
2026-04-29 07:56:00,2026-04-29 07:56:59,Q10,246.80,266.00,64.30,65.40,99.90,40.20,2.40,480.80,283.80,133.60,135.80,99.80,39.70,-3.83,235.40,285.70,65.30,67.00,99.80,39.40,3.51,321.00,278.50,263.20,268.20,99.83,39.77,2.09
2026-04-29 07:57:00,2026-04-29 07:57:59,Q10,247.60,265.50,64.30,65.50,99.30,43.10,7.26,482.20,280.00,132.70,135.00,99.90,48.70,-0.11,236.10,287.20,66.30,67.70,99.50,43.30,7.00,321.97,277.57,263.30,268.20,99.57,45.03,14.14
2026-04-29 07:58:00,2026-04-29 07:58:59,Q10,247.30,277.80,67.30,68.40,99.60,43.10,5.51,482.00,293.10,139.60,141.20,99.80,44.00,-3.80,236.10,306.30,71.30,72.20,99.90,42.20,1.94,321.80,292.40,278.20,281.80,99.77,43.10,3.66
2026-04-29 07:59:00,2026-04-29 07:59:59,Q10,247.50,297.50,72.30,73.40,99.10,42.30,9.46,482.20,309.30,146.50,148.90,99.90,43.70,1.34,236.10,321.80,74.20,75.80,99.40,41.50,8.43,321.93,309.53,293.00,298.10,99.47,42.50,19.23
2026-04-29 08:00:00,2026-04-29 08:00:59,Q10,247.30,313.70,76.20,77.30,99.90,41.50,2.29,481.90,325.00,154.40,156.30,99.60,43.60,-6.60,236.10,337.00,78.20,79.50,99.90,38.90,0.71,321.77,325.23,308.80,313.10,99.80,41.33,-3.60
2026-04-29 08:01:00,2026-04-29 08:01:59,Q10,246.70,310.40,75.20,76.30,99.10,35.90,9.83,480.90,325.80,154.40,156.00,99.90,38.00,2.69,235.60,333.30,77.20,78.30,99.40,36.20,8.97,321.07,323.17,306.80,310.60,99.47,36.70,21.49
2026-04-29 08:02:00,2026-04-29 08:02:59,Q10,246.30,292.80,70.30,71.80,99.90,45.80,1.06,479.90,307.60,145.50,147.10,99.50,46.30,-6.86,235.20,316.50,73.30,74.30,99.90,42.90,-0.80,320.47,305.63,289.10,293.20,99.77,45.00,-6.60
2026-04-29 08:03:00,2026-04-29 08:03:59,Q10,247.00,288.80,70.30,71.10,99.10,38.00,9.31,481.40,307.70,145.50,147.70,99.90,38.80,1.63,235.90,313.90,72.30,73.60,99.30,37.50,8.74,321.43,303.47,288.10,292.40,99.43,38.10,19.69
2026-04-29 08:04:00,2026-04-29 08:04:59,Q10,247.00,269.60,65.30,66.40,99.00,45.00,9.11,481.10,289.90,137.60,139.00,99.90,44.50,1.77,235.60,296.40,68.30,69.60,99.20,42.40,8.86,321.23,285.30,271.20,275.00,99.37,43.97,19.74
2026-04-29 08:05:00,2026-04-29 08:05:59,Q10,246.60,287.60,68.60,70.60,98.90,38.40,10.46,480.50,300.50,142.60,144.00,99.90,38.30,2.97,235.40,309.80,71.30,72.60,99.30,38.80,8.83,320.83,299.30,282.50,287.20,99.37,38.50,22.26
2026-04-29 08:06:00,2026-04-29 08:06:59,Q10,247.20,284.00,69.30,70.10,99.20,38.20,8.77,481.90,303.90,143.60,145.70,99.90,37.10,-0.89,236.10,312.30,72.30,73.60,99.50,36.90,7.06,321.73,300.07,285.20,289.40,99.53,37.40,14.94
2026-04-29 08:07:00,2026-04-29 08:07:59,Q10,247.40,286.90,68.60,70.60,98.70,40.30,11.14,482.20,302.00,143.60,145.60,99.90,41.80,2.37,236.20,313.00,72.30,73.90,99.20,39.10,9.40,321.93,300.63,284.50,290.10,99.27,40.40,22.91
2026-04-29 08:08:00,2026-04-29 08:08:59,Q10,247.20,303.50,73.30,74.80,99.90,37.40,1.43,481.70,318.90,150.50,153.00,99.50,38.30,-7.31,236.00,326.80,75.20,76.90,99.90,36.50,-0.94,321.63,316.40,299.00,304.70,99.77,37.40,-6.83
2026-04-29 08:09:00,2026-04-29 08:09:59,Q10,246.60,292.30,70.30,71.80,99.90,43.30,1.40,480.40,311.30,147.50,149.30,99.50,43.60,-7.17,235.20,316.70,73.30,74.30,99.90,42.00,-0.51,320.73,306.77,291.10,295.40,99.77,42.97,-6.29
2026-04-29 08:10:00,2026-04-29 08:10:59,Q10,247.10,307.60,74.20,75.80,99.90,42.20,1.89,481.40,322.40,152.50,154.90,99.50,41.80,-7.37,235.80,333.90,77.20,78.30,99.90,36.00,-0.57,321.43,321.30,303.90,309.00,99.77,40.00,-6.06
2026-04-29 08:11:00,2026-04-29 08:11:59,Q10,247.30,292.00,71.30,72.10,99.90,38.80,1.69,481.90,304.20,144.50,146.20,99.50,41.00,-6.94,236.10,316.90,73.30,74.60,99.90,37.80,-0.37,321.77,304.37,289.10,292.90,99.77,39.20,-5.63
2026-04-29 08:12:00,2026-04-29 08:12:59,Q10,247.20,285.30,69.30,70.40,99.30,39.60,7.91,481.70,306.20,145.50,147.20,99.90,39.60,0.31,235.90,313.70,72.30,73.60,99.50,38.70,7.49,321.60,301.73,287.10,291.20,99.57,39.30,15.71
2026-04-29 08:13:00,2026-04-29 08:13:59,Q10,246.60,296.20,71.30,72.80,99.80,42.20,3.37,480.60,311.80,147.50,149.30,99.90,43.30,-3.20,235.50,317.30,73.30,74.50,99.90,43.00,3.51,320.90,308.43,292.10,296.60,99.87,42.83,3.69
2026-04-29 08:14:00,2026-04-29 08:14:59,Q10,246.50,290.10,70.30,71.30,99.90,45.10,0.29,480.50,306.90,144.50,146.90,99.50,44.80,-7.26,235.30,312.10,72.30,73.30,99.90,42.20,-0.77,320.77,303.03,287.10,291.50,99.77,44.03,-7.74
2026-04-29 08:15:00,2026-04-29 08:15:59,Q10,246.70,312.90,75.20,76.80,99.90,37.90,1.40,480.60,333.00,157.40,159.80,99.60,38.30,-6.86,235.30,344.90,79.20,80.80,99.90,38.60,1.11,320.87,330.27,311.80,317.40,99.80,38.27,-4.34
2026-04-29 08:16:00,2026-04-29 08:16:59,Q10,247.10,321.90,78.20,79.30,99.70,40.00,5.03,481.50,339.70,161.40,163.10,99.90,38.40,-3.03,235.80,345.70,80.20,81.10,99.80,38.60,5.03,321.47,335.77,319.80,323.50,99.80,39.00,7.03
2026-04-29 08:17:00,2026-04-29 08:17:59,Q10,247.20,321.50,78.20,79.30,99.80,46.70,4.40,481.80,338.30,160.40,162.60,99.70,47.30,-5.57,236.10,350.80,81.20,82.60,99.90,44.90,3.03,321.70,336.87,319.80,324.50,99.80,46.30,1.86
2026-04-29 08:18:00,2026-04-29 08:18:59,Q10,247.10,317.70,77.20,78.30,99.90,38.30,1.20,481.50,334.80,158.40,160.70,99.50,38.60,-7.86,235.80,343.40,79.20,80.60,99.90,35.80,-0.34,321.47,331.97,314.80,319.60,99.77,37.57,-7.00
2026-04-29 08:19:00,2026-04-29 08:19:59,Q10,246.50,290.20,70.30,71.30,99.90,40.80,1.17,480.50,305.00,144.50,146.40,99.50,41.50,-7.03,235.40,314.10,72.30,73.80,99.90,40.30,-0.29,320.80,303.10,287.10,291.50,99.77,40.87,-6.14
2026-04-29 08:20:00,2026-04-29 08:20:59,Q10,247.00,295.30,71.30,72.90,99.30,39.10,7.97,481.10,309.40,146.50,148.60,99.90,39.10,0.57,235.60,322.60,74.20,75.70,99.50,38.10,7.77,321.23,309.10,292.00,297.20,99.57,38.77,16.31
2026-04-29 08:21:00,2026-04-29 08:21:59,Q10,247.40,285.50,69.30,70.40,99.20,40.20,8.91,481.90,304.90,144.50,146.20,99.90,41.80,0.69,236.10,314.90,73.30,74.10,99.40,38.40,8.34,321.80,301.77,287.10,290.70,99.50,40.13,17.94
2026-04-29 08:22:00,2026-04-29 08:22:59,Q10,247.10,304.40,74.20,75.10,99.50,44.00,6.89,481.70,319.30,151.50,153.40,99.90,44.10,-2.51,236.00,328.60,76.20,77.40,99.80,40.00,4.86,321.60,317.43,301.90,305.90,99.73,42.70,9.23
2026-04-29 08:23:00,2026-04-29 08:23:59,Q10,247.10,318.80,77.20,78.50,99.40,35.60,8.46,481.40,338.20,160.40,162.60,99.90,40.40,0.97,235.70,345.00,80.20,81.10,99.60,36.20,7.14,321.40,334.00,317.80,322.20,99.63,37.40,16.57
2026-04-29 08:24:00,2026-04-29 08:24:59,Q10,246.40,339.40,82.20,83.40,99.40,37.20,8.91,480.10,357.20,169.30,171.40,99.90,39.10,0.14,235.20,366.40,85.10,86.00,99.60,36.40,7.43,320.57,354.33,336.60,340.80,99.63,37.57,16.49
2026-04-29 08:25:00,2026-04-29 08:25:59,Q10,247.00,341.80,83.20,84.20,99.00,40.90,11.94,481.40,361.10,171.30,173.60,99.90,39.60,3.00,235.90,371.40,86.10,87.20,99.30,36.50,10.83,321.43,358.10,340.60,345.00,99.40,39.00,25.77
2026-04-29 08:26:00,2026-04-29 08:26:59,Q10,247.10,328.50,80.20,81.00,99.30,36.70,9.46,481.40,343.70,162.40,165.00,99.90,39.50,0.14,235.90,355.30,82.20,83.40,99.50,36.90,8.14,321.47,342.50,324.80,329.40,99.57,37.70,17.74
2026-04-29 08:27:00,2026-04-29 08:27:59,Q10,246.50,313.90,75.20,77.00,99.90,39.10,0.94,480.50,327.50,154.40,157.00,99.50,38.90,-7.94,235.50,339.10,78.20,79.70,99.90,37.20,-1.31,320.83,326.83,307.80,313.70,99.77,38.40,-8.31
2026-04-29 08:28:00,2026-04-29 08:28:59,Q10,246.90,314.40,76.20,77.20,99.10,30.80,10.51,481.10,331.60,157.40,159.20,99.90,36.50,2.86,235.70,340.80,78.20,79.90,99.40,33.30,9.37,321.23,328.93,311.80,316.30,99.47,33.53,22.74
2026-04-29 08:29:00,2026-04-29 08:29:59,Q10,246.70,311.30,75.20,76.50,99.70,34.20,5.49,480.40,331.00,156.40,158.90,99.90,36.30,-2.89,235.30,336.30,77.20,79.00,99.90,34.70,3.74,320.80,326.20,308.80,314.40,99.83,35.07,6.34
2026-04-29 08:30:00,2026-04-29 08:30:59,Q10,246.50,312.20,75.20,76.80,99.30,38.60,9.20,480.20,329.20,155.40,157.90,99.90,36.40,1.83,235.00,331.00,76.20,77.80,99.50,36.10,7.89,320.57,324.13,306.80,312.50,99.57,37.03,18.91
2026-04-29 08:31:00,2026-04-29 08:31:59,Q10,246.00,316.50,76.20,77.70,99.40,32.30,8.31,479.30,332.60,157.40,159.00,99.90,35.60,0.89,234.70,342.20,79.20,80.00,99.60,34.20,7.46,320.00,330.43,312.80,316.70,99.63,34.03,16.66
2026-04-29 08:32:00,2026-04-29 08:32:59,Q10,246.60,318.70,77.20,78.20,99.20,30.20,10.17,480.20,330.00,156.40,158.40,99.90,34.30,2.74,235.10,343.30,79.20,80.60,99.40,32.50,8.77,320.63,330.67,312.80,317.20,99.50,32.33,21.69
2026-04-29 08:33:00,2026-04-29 08:33:59,Q10,245.90,314.70,75.20,76.90,99.90,37.60,0.74,479.00,330.90,156.40,158.10,99.60,36.50,-6.69,234.60,340.80,78.20,79.60,99.90,37.50,-0.86,319.83,328.80,309.80,314.60,99.80,37.20,-6.80
2026-04-29 08:34:00,2026-04-29 08:34:59,Q10,246.70,308.50,73.50,75.80,98.70,33.70,12.37,480.50,319.10,151.50,153.10,99.80,35.80,3.80,235.20,331.10,76.20,77.80,99.10,35.90,11.09,320.80,319.57,301.20,306.70,99.20,35.13,27.26
2026-04-29 08:35:00,2026-04-29 08:35:59,Q10,246.70,297.10,72.30,73.10,99.90,39.50,0.80,480.40,314.10,148.50,150.70,99.50,37.70,-7.09,235.20,325.80,75.20,76.40,99.90,36.30,-0.83,320.77,312.33,296.00,300.20,99.77,37.83,-7.11
2026-04-29 08:36:00,2026-04-29 08:36:59,Q10,246.40,289.80,70.30,71.10,99.40,38.30,7.86,479.80,301.40,142.60,144.20,99.90,37.20,1.09,235.00,307.80,71.30,72.10,99.60,36.40,6.43,320.40,299.67,284.20,287.40,99.63,37.30,15.37
2026-04-29 08:37:00,2026-04-29 08:37:59,Q10,246.40,271.00,65.30,66.70,99.70,44.90,5.20,480.00,283.90,133.60,135.80,99.90,46.30,-1.60,235.10,290.20,67.30,68.20,99.80,42.80,3.83,320.50,281.70,266.20,270.70,99.80,44.67,7.43
2026-04-29 08:38:00,2026-04-29 08:38:59,Q10,246.80,286.70,69.30,70.40,99.00,35.40,10.14,480.70,294.50,139.60,141.10,99.90,36.10,3.09,235.40,309.10,71.30,72.60,99.20,35.10,9.37,320.97,296.77,280.20,284.10,99.37,35.53,22.60
2026-04-29 08:42:00,2026-04-29 08:42:59,Q10,476.00,263.00,118.80,125.20,95.40,14.60,22.03,479.70,267.20,123.20,127.90,97.90,15.70,15.43,474.80,286.30,129.60,135.60,96.30,13.90,21.46,476.83,272.17,371.60,388.70,96.53,14.73,58.91
2026-04-29 08:43:00,2026-04-29 08:43:59,Q10,476.00,249.70,112.10,118.50,95.50,15.40,20.57,479.90,258.00,119.30,123.60,97.80,16.30,15.06,475.00,265.30,120.00,125.90,96.00,14.20,20.97,476.97,257.67,351.40,368.00,96.43,15.30,56.60
2026-04-29 08:44:00,2026-04-29 08:44:59,Q10,478.40,250.30,113.10,119.50,95.60,18.50,20.17,479.40,258.50,119.30,123.60,97.80,20.60,14.83,476.30,266.90,121.00,126.60,96.00,17.20,20.91,478.03,258.57,353.40,369.70,96.47,18.77,55.91
2026-04-29 08:45:00,2026-04-29 08:45:59,Q10,478.80,247.80,112.10,118.10,95.30,21.50,20.89,479.60,268.90,124.20,128.40,97.80,22.60,15.03,476.50,268.30,120.70,127.60,95.90,20.10,21.34,478.30,261.67,357.00,374.10,96.33,21.40,57.26
2026-04-29 08:46:00,2026-04-29 08:46:59,Q10,478.80,253.60,114.00,120.90,95.40,20.70,21.31,480.50,269.50,125.10,129.10,97.90,22.80,14.91,475.50,272.50,123.80,129.20,96.00,19.70,21.63,478.27,265.20,362.90,379.20,96.43,21.07,57.86
2026-04-29 08:47:00,2026-04-29 08:47:59,Q10,477.80,256.60,115.90,122.10,95.30,20.50,21.40,481.40,269.40,126.40,129.40,98.00,22.70,14.63,475.90,275.50,124.80,130.60,96.00,19.30,21.49,478.37,267.17,367.10,382.10,96.43,20.83,57.51
2026-04-29 08:48:00,2026-04-29 08:48:59,Q10,478.00,257.20,115.90,122.80,95.30,20.20,21.31,481.10,268.50,125.40,128.90,98.00,21.50,14.71,475.00,279.60,125.40,132.50,95.60,18.00,22.80,478.03,268.43,366.70,384.20,96.30,19.90,58.83
2026-04-29 08:49:00,2026-04-29 08:49:59,Q10,477.70,249.60,112.10,118.80,95.30,20.60,21.06,481.20,266.40,124.50,127.90,98.10,22.40,14.03,475.80,272.60,122.60,129.20,95.90,18.50,21.80,478.23,262.87,359.20,375.90,96.43,20.50,56.89
2026-04-29 08:50:00,2026-04-29 08:50:59,Q10,477.70,248.00,112.10,118.30,95.20,20.70,20.80,480.50,257.70,119.30,123.40,97.90,22.50,14.40,477.20,267.20,120.70,127.40,95.90,19.10,21.09,478.47,257.63,352.10,369.10,96.33,20.77,56.29
2026-04-29 08:51:00,2026-04-29 08:51:59,Q10,479.10,259.20,117.80,124.10,95.60,20.20,20.86,480.20,276.10,129.40,132.50,98.00,21.60,14.89,475.50,280.00,126.30,133.00,95.90,18.90,22.23,478.27,271.77,373.50,389.60,96.50,20.23,57.97
2026-04-29 08:52:00,2026-04-29 08:52:59,Q10,478.60,260.40,117.80,124.30,95.20,20.60,22.49,479.80,278.40,129.00,133.20,97.80,21.80,15.69,477.10,283.30,128.60,135.00,96.00,19.40,22.34,478.50,274.03,375.40,392.50,96.33,20.60,60.51
2026-04-29 08:53:00,2026-04-29 08:53:59,Q10,479.00,261.10,118.80,125.00,95.30,20.00,21.54,480.50,266.10,123.20,127.70,97.90,21.80,15.26,475.80,281.00,126.30,133.50,95.80,18.40,22.46,478.43,269.40,368.30,386.20,96.33,20.07,59.26
2026-04-29 08:54:00,2026-04-29 08:54:59,Q10,477.50,232.60,104.50,110.70,95.40,20.40,19.89,481.00,250.40,116.40,120.20,97.90,22.40,13.89,477.10,262.40,117.80,125.00,95.90,18.70,20.49,478.53,248.47,338.70,355.90,96.40,20.50,54.26
2026-04-29 08:55:00,2026-04-29 08:55:59,Q10,479.50,231.70,104.50,110.60,95.40,21.20,19.34,481.10,245.10,113.50,117.80,97.90,22.50,13.91,476.10,254.80,114.00,120.90,95.60,19.60,20.63,478.90,243.87,332.00,349.30,96.30,21.10,53.89
2026-04-29 08:56:00,2026-04-29 08:56:59,Q10,477.70,332.00,129.60,158.40,82.10,13.60,52.34,480.70,203.70,78.60,97.40,81.40,20.10,33.11,473.60,275.90,126.10,130.10,97.90,12.60,15.94,477.33,270.53,334.30,385.90,87.13,15.43,101.40
2026-04-29 08:57:00,2026-04-29 08:57:59,Q10,477.10,311.30,121.40,148.30,82.30,12.80,50.43,481.70,210.30,84.80,101.00,84.20,19.80,30.89,473.00,288.10,131.90,136.20,97.40,12.50,17.57,477.27,269.90,338.10,385.50,87.97,15.03,98.89
2026-04-29 08:58:00,2026-04-29 08:58:59,Q10,476.90,321.70,124.60,152.80,82.60,14.40,50.69,480.90,210.90,85.00,100.80,85.60,21.50,30.17,475.10,286.30,130.90,135.90,97.40,12.80,18.26,477.63,272.97,340.50,389.50,88.53,16.23,99.11
2026-04-29 08:59:00,2026-04-29 08:59:59,Q10,476.60,332.80,131.10,158.00,83.50,13.60,52.23,480.80,228.20,94.80,109.40,87.40,19.80,30.69,474.60,306.70,140.60,145.00,97.50,12.20,19.37,477.33,289.23,366.50,412.40,89.47,15.20,102.29
2026-04-29 09:00:00,2026-04-29 09:00:59,Q10,477.20,336.40,131.20,160.30,82.40,13.40,53.31,481.40,216.70,86.50,103.90,84.60,21.10,32.29,473.50,295.20,134.80,139.50,97.60,13.00,18.09,477.37,282.77,352.50,403.70,88.20,15.83,103.69
2026-04-29 09:01:00,2026-04-29 09:01:59,Q10,479.80,253.40,106.50,121.20,88.40,15.00,36.00,479.90,316.70,135.90,151.40,90.80,18.60,35.51,476.90,292.60,118.70,139.00,86.40,12.80,41.74,478.87,287.57,361.10,411.60,88.53,15.47,113.26
2026-04-29 09:02:00,2026-04-29 09:02:59,Q10,478.90,295.70,118.40,141.00,84.60,16.10,44.17,481.60,225.90,98.30,108.20,91.20,18.30,26.83,474.70,295.00,132.10,139.80,95.20,12.80,25.26,478.40,272.20,348.80,389.00,90.33,15.73,96.26
2026-04-29 09:03:00,2026-04-29 09:03:59,Q10,479.30,270.10,122.60,129.30,95.30,20.00,22.46,480.60,278.00,129.00,133.40,97.70,21.80,16.49,477.60,290.60,131.10,138.30,95.70,18.70,23.63,479.17,279.57,382.70,401.00,96.23,20.17,62.57
2026-04-29 09:04:00,2026-04-29 09:04:59,Q10,478.10,275.80,124.40,131.40,95.50,20.10,22.40,482.10,283.90,133.30,136.40,98.10,21.30,15.51,476.90,300.90,136.30,142.80,96.00,18.60,23.34,479.03,286.87,394.00,410.60,96.53,20.00,61.26
2026-04-29 09:05:00,2026-04-29 09:05:59,Q10,479.00,259.80,117.80,124.10,95.40,20.60,21.60,482.40,274.50,129.40,132.10,98.00,21.10,15.20,476.40,285.50,128.20,135.70,95.70,19.00,23.11,479.27,273.27,375.40,391.90,96.37,20.23,59.91
2026-04-29 09:06:00,2026-04-29 09:06:59,Q10,478.00,262.10,118.80,125.20,95.20,19.80,22.80,481.70,281.40,130.90,135.20,97.90,20.50,15.83,477.40,298.30,134.90,142.10,95.80,17.50,23.37,479.03,280.60,384.60,402.50,96.30,19.27,62.00
2026-04-29 09:07:00,2026-04-29 09:07:59,Q10,480.00,248.20,113.10,119.00,95.40,20.60,20.74,482.70,272.90,127.10,131.10,97.60,22.20,16.03,477.00,274.70,123.50,130.70,95.10,20.20,23.43,479.90,265.27,363.70,380.80,96.03,21.00,60.20
2026-04-29 09:08:00,2026-04-29 09:08:59,Q10,479.20,246.30,110.00,117.80,94.90,21.90,21.51,482.60,261.60,121.20,125.80,97.60,23.10,15.40,479.00,268.20,121.60,128.40,95.40,19.80,22.40,480.27,258.70,352.80,372.00,95.97,21.60,59.31
2026-04-29 09:09:00,2026-04-29 09:09:59,Q10,480.50,253.50,114.90,121.40,95.60,20.80,20.40,481.70,272.90,126.10,130.80,97.00,22.00,18.46,478.00,277.40,124.10,132.40,94.20,20.40,25.23,480.07,267.93,365.10,384.60,95.60,21.07,64.09
2026-04-29 09:10:00,2026-04-29 09:10:59,Q10,479.20,257.30,116.80,123.10,95.40,21.90,21.23,483.30,273.80,128.40,131.90,98.00,22.90,14.94,477.40,277.70,125.40,132.10,95.60,20.30,22.86,479.97,269.60,370.60,387.10,96.33,21.70,59.03
2026-04-29 09:11:00,2026-04-29 09:11:59,Q10,479.30,251.20,110.40,120.20,92.10,17.40,26.11,482.70,274.60,122.80,132.10,93.30,17.80,29.51,479.40,292.10,118.20,139.90,85.50,13.80,39.71,480.47,272.63,351.40,392.20,90.30,16.33,95.34
2026-04-29 09:12:00,2026-04-29 09:12:59,Q10,478.40,283.50,114.80,135.30,85.70,17.50,40.66,483.40,239.20,106.90,115.40,93.30,21.10,23.97,475.50,295.60,131.60,140.10,94.80,18.00,26.46,479.10,272.77,353.30,390.80,91.27,18.87,91.09
2026-04-29 09:13:00,2026-04-29 09:13:59,Q10,479.40,299.70,121.60,143.20,85.80,16.40,42.74,481.60,234.50,103.00,112.60,92.80,20.10,25.11,475.90,304.40,136.80,144.40,95.60,13.90,24.86,478.97,279.53,361.40,400.20,91.40,16.80,92.71
2026-04-29 09:14:00,2026-04-29 09:14:59,Q10,480.80,241.00,98.90,115.70,86.20,15.30,40.00,480.80,334.60,139.20,160.30,87.00,18.50,44.20,476.80,308.40,118.30,146.60,81.30,12.80,49.89,479.47,294.67,356.40,422.60,84.83,15.53,134.09
2026-04-29 09:15:00,2026-04-29 09:15:59,Q10,480.90,266.80,120.70,127.70,95.40,21.30,22.17,481.70,284.00,131.90,136.60,97.90,23.50,15.77,477.10,293.80,132.10,139.80,95.70,19.50,23.57,479.90,281.53,384.70,404.10,96.33,21.43,61.51
2026-04-29 09:16:00,2026-04-29 09:16:59,Q10,480.50,256.10,115.90,122.90,95.70,20.80,20.63,482.60,273.70,128.40,131.60,98.10,22.10,14.60,476.90,282.60,127.30,134.20,95.80,19.70,22.46,480.00,270.80,371.60,388.70,96.53,20.87,57.69
2026-04-29 09:17:00,2026-04-29 09:17:59,Q10,479.20,257.20,116.80,123.10,95.50,20.90,20.83,481.80,265.00,123.20,127.50,97.90,23.00,15.00,478.60,276.30,124.40,131.90,95.80,19.90,22.03,479.87,266.17,364.40,382.50,96.40,21.27,57.86
2026-04-29 09:18:00,2026-04-29 09:18:59,Q10,479.00,260.80,117.80,124.50,95.30,20.60,21.83,482.50,274.90,129.40,132.10,98.00,21.90,14.94,478.00,281.70,127.30,134.30,95.90,18.90,22.23,479.83,272.47,374.50,390.90,96.40,20.47,59.00
2026-04-29 09:19:00,2026-04-29 09:19:59,Q10,481.40,257.40,116.80,123.60,95.60,21.30,20.89,483.20,280.20,130.90,135.20,97.30,22.80,17.57,478.10,275.60,123.10,131.40,94.60,20.50,25.03,480.90,271.07,370.80,390.20,95.83,21.53,63.49
2026-04-29 09:20:00,2026-04-29 09:20:59,Q10,479.10,250.90,97.60,119.80,82.90,12.90,47.83,482.10,317.70,123.10,152.80,81.20,21.60,43.40,477.60,289.50,123.30,137.90,90.60,12.60,32.09,479.60,286.03,344.00,410.50,84.90,15.70,123.31
2026-04-29 09:21:00,2026-04-29 09:21:59,Q10,480.60,255.50,114.70,122.40,94.80,58.10,19.71,483.70,272.10,127.10,131.40,97.50,57.90,14.43,477.30,280.20,126.30,133.60,95.10,56.20,21.03,480.53,269.27,368.10,387.40,95.80,57.40,55.17
2026-04-29 09:22:00,2026-04-29 09:22:59,Q10,480.90,255.10,114.70,122.40,94.90,61.00,19.40,482.40,271.20,126.10,130.60,97.40,61.60,14.63,478.20,279.00,126.30,133.40,95.10,56.50,20.77,480.50,268.43,367.10,386.40,95.80,59.70,54.80
2026-04-29 09:23:00,2026-04-29 09:23:59,Q10,479.50,264.20,118.40,126.50,94.60,56.40,20.77,483.70,281.00,130.90,135.70,97.40,57.60,15.23,478.70,284.70,128.20,135.80,95.30,55.50,21.26,480.63,276.63,377.50,398.00,95.77,56.50,57.26
2026-04-29 09:24:00,2026-04-29 09:24:59,Q10,480.20,265.70,119.40,127.20,94.90,59.80,20.37,482.90,278.80,129.00,134.00,97.30,60.40,15.60,478.70,287.80,130.10,137.20,95.20,56.90,21.46,480.60,277.43,378.50,398.40,95.80,59.03,57.43
2026-04-29 09:25:00,2026-04-29 09:25:59,Q10,480.80,266.30,119.40,127.70,94.90,58.30,20.57,483.20,283.50,131.90,136.70,97.20,58.60,16.06,478.30,288.70,130.10,137.70,95.20,55.50,21.74,480.77,279.50,381.40,402.10,95.77,57.47,58.37
2026-04-29 09:26:00,2026-04-29 09:26:59,Q10,481.10,264.50,118.40,127.00,94.90,57.50,20.34,483.90,282.10,131.90,136.20,97.30,58.30,15.60,477.80,284.60,128.20,135.50,95.10,52.70,21.69,480.93,277.07,378.50,398.70,95.77,56.17,57.63
2026-04-29 09:27:00,2026-04-29 09:27:59,Q10,479.60,268.50,120.30,128.40,94.80,58.10,21.03,483.30,287.10,133.90,138.60,97.30,59.30,15.86,478.40,288.60,130.10,137.70,95.30,55.00,21.54,480.43,281.40,384.30,404.70,95.80,57.47,58.43
2026-04-29 09:28:00,2026-04-29 09:28:59,Q10,481.00,261.40,117.50,125.50,94.90,61.00,19.77,483.40,274.80,128.00,132.30,97.50,60.20,14.74,477.30,279.30,126.30,133.10,95.10,56.60,21.11,480.57,271.83,371.80,390.90,95.83,59.27,55.63
2026-04-29 09:29:00,2026-04-29 09:29:59,Q10,480.70,254.20,113.70,121.90,94.80,61.40,19.63,482.20,267.80,124.20,128.70,97.40,61.70,14.51,477.60,276.40,124.40,131.70,95.30,57.90,20.37,480.17,266.13,362.30,382.30,95.83,60.33,54.51
2026-04-29 09:30:00,2026-04-29 09:30:59,Q10,479.60,247.90,110.90,118.30,94.50,62.80,19.51,483.70,264.30,123.20,127.50,97.60,63.30,13.60,477.10,269.10,121.60,128.30,95.20,58.70,20.20,480.13,260.43,355.70,374.10,95.77,61.60,53.31
2026-04-29 09:31:00,2026-04-29 09:31:59,Q10,480.30,252.60,112.80,121.00,94.70,60.60,19.57,482.60,264.10,123.20,127.20,97.60,60.00,14.00,476.80,275.30,123.50,130.90,95.20,57.00,20.51,479.90,264.00,359.50,379.10,95.83,59.20,54.09
2026-04-29 09:32:00,2026-04-29 09:32:59,Q10,479.40,261.20,117.50,125.00,94.70,59.00,20.37,481.80,274.70,127.10,131.80,97.50,60.10,14.71,477.70,282.90,127.30,134.50,95.30,55.40,20.83,479.63,272.93,371.90,391.30,95.83,58.17,55.91
2026-04-29 09:33:00,2026-04-29 09:33:59,Q10,479.70,279.80,125.00,133.60,94.70,57.80,21.83,482.30,290.50,134.80,139.80,97.40,57.90,15.83,476.90,296.00,133.00,140.90,95.50,54.30,22.03,479.63,288.77,392.80,414.30,95.87,56.67,59.69
2026-04-29 09:34:00,2026-04-29 09:34:59,Q10,478.60,277.50,125.40,132.40,95.00,50.70,21.66,480.80,288.30,133.90,138.20,97.30,52.40,16.69,476.70,289.20,130.10,137.60,95.60,48.80,21.74,478.70,285.00,389.40,408.20,95.97,50.63,60.09
2026-04-29 09:35:00,2026-04-29 09:35:59,Q10,478.20,267.00,119.40,127.60,94.90,52.30,20.91,480.80,280.30,130.00,134.40,97.20,54.40,16.06,477.00,287.40,129.20,136.90,95.60,50.30,20.97,478.67,278.23,378.60,398.90,95.90,52.33,57.94
2026-04-29 09:36:00,2026-04-29 09:36:59,Q10,478.30,259.10,115.60,123.80,94.80,54.00,20.34,480.50,267.40,124.20,128.20,97.40,53.40,15.11,476.90,278.10,125.40,132.30,95.50,50.90,20.40,478.57,268.20,365.20,384.30,95.90,52.77,55.86
2026-04-29 09:37:00,2026-04-29 09:37:59,Q10,478.60,253.80,112.80,120.90,94.80,54.40,20.23,480.50,268.60,124.20,128.60,97.30,55.40,15.00,476.80,274.10,123.50,130.40,95.50,51.60,20.31,478.63,265.50,360.50,379.90,95.87,53.80,55.54
2026-04-29 09:39:00,2026-04-29 09:39:59,Q10,477.80,268.60,119.40,127.80,94.80,53.10,21.49,481.90,279.80,130.00,134.20,97.40,53.30,15.80,476.60,289.00,130.10,137.60,95.50,49.80,21.57,478.77,279.13,379.50,399.60,95.90,52.07,58.86
2026-04-29 09:40:00,2026-04-29 09:40:59,Q10,478.40,280.10,125.00,133.80,94.80,52.10,22.43,480.80,293.20,135.80,140.60,97.30,52.80,16.71,477.00,301.10,135.90,143.60,95.70,49.50,22.03,478.73,291.47,396.70,418.00,95.93,51.47,61.17
2026-04-29 09:41:00,2026-04-29 09:41:59,Q10,478.20,269.10,120.30,128.60,94.80,53.70,21.54,482.40,281.50,130.90,135.40,97.40,54.30,16.00,475.70,291.70,131.10,138.20,95.40,50.40,21.94,478.77,280.77,382.30,402.20,95.87,52.80,59.49
2026-04-29 09:42:00,2026-04-29 09:42:59,Q10,478.00,283.90,126.90,135.30,94.80,51.10,22.86,482.20,299.70,139.70,144.10,97.40,51.40,16.80,475.50,307.40,137.80,145.80,95.50,47.60,23.11,478.57,297.00,404.40,425.20,95.90,50.03,62.77
2026-04-29 09:43:00,2026-04-29 09:43:59,Q10,477.70,275.30,124.40,131.20,95.00,52.80,21.91,481.70,289.90,134.80,139.00,97.30,53.80,16.60,476.10,296.70,133.00,140.90,95.60,50.00,22.00,478.50,287.30,392.20,411.10,95.97,52.20,60.51
2026-04-29 09:44:00,2026-04-29 09:44:59,Q10,479.20,278.30,126.30,133.20,95.00,51.00,22.00,481.80,291.70,134.80,140.00,97.40,51.30,16.63,476.00,299.70,134.90,142.30,95.40,47.70,22.66,479.00,289.90,396.00,415.50,95.93,50.00,61.29
2026-04-29 09:45:00,2026-04-29 09:45:59,Q10,478.30,276.10,123.10,131.90,94.80,52.00,22.11,481.60,286.00,132.90,137.60,97.30,52.70,16.54,475.80,295.50,133.00,140.10,95.50,49.50,22.23,478.57,285.87,389.00,409.60,95.87,51.40,60.89
2026-04-29 09:46:00,2026-04-29 09:46:59,Q10,479.20,268.10,120.30,128.40,94.70,53.00,21.29,482.00,280.40,130.00,135.00,97.40,53.60,15.86,475.60,289.00,130.10,137.30,95.20,49.00,22.20,478.93,279.17,380.40,400.70,95.77,51.87,59.34
2026-04-29 09:47:00,2026-04-29 09:47:59,Q10,477.90,278.10,124.10,132.60,94.70,52.40,22.37,482.30,287.80,133.90,138.30,97.40,53.30,16.31,475.40,299.70,134.90,142.00,95.40,49.60,22.80,478.53,288.53,392.90,412.90,95.83,51.77,61.49
2026-04-29 09:48:00,2026-04-29 09:48:59,Q10,478.20,299.90,134.90,142.90,95.00,49.80,23.71,481.60,310.80,144.50,149.10,97.20,49.80,18.31,477.20,318.00,143.40,151.70,95.50,46.60,24.23,479.00,309.57,422.80,443.70,95.90,48.73,66.26
2026-04-29 09:49:00,2026-04-29 09:49:59,Q10,478.90,318.40,144.40,152.00,95.10,46.70,25.29,480.70,332.20,154.20,159.40,97.10,46.40,19.97,476.70,338.30,152.00,160.90,95.50,43.30,25.60,478.77,329.63,450.60,472.30,95.90,45.47,70.86
2026-04-29 09:50:00,2026-04-29 09:50:59,Q10,478.90,329.70,149.10,157.30,95.00,47.40,26.49,480.40,345.70,160.10,165.60,97.10,47.90,20.83,476.20,352.20,158.60,167.60,95.40,44.60,26.97,478.50,342.53,467.80,490.50,95.83,46.63,74.29
2026-04-29 09:51:00,2026-04-29 09:51:59,Q10,478.10,329.40,147.60,157.30,94.80,44.50,26.54,481.80,340.50,158.10,163.50,97.20,46.00,20.26,474.80,347.30,155.80,164.50,95.40,44.10,27.06,478.23,339.07,461.50,485.30,95.80,44.87,73.86
2026-04-29 09:52:00,2026-04-29 09:52:59,Q10,479.50,308.90,138.20,147.50,94.70,54.10,24.83,482.80,324.20,151.30,156.20,97.40,54.30,18.40,476.40,332.70,150.10,158.00,95.30,50.70,25.63,479.57,321.93,439.60,461.70,95.80,53.03,68.86
2026-04-29 09:53:00,2026-04-29 09:53:59,Q10,479.30,290.10,129.70,138.90,94.90,53.70,22.74,481.90,304.80,141.60,146.20,97.30,54.50,17.34,477.30,311.40,140.60,148.30,95.20,53.00,23.83,479.50,302.10,411.90,433.40,95.80,53.73,63.91
2026-04-29 09:54:00,2026-04-29 09:54:59,Q10,480.50,304.40,136.30,145.90,94.90,53.60,24.00,481.90,320.00,148.40,153.90,97.20,54.70,18.71,477.30,329.00,148.20,156.90,95.20,50.80,25.14,479.90,317.80,432.90,456.70,95.77,53.03,67.86
2026-04-29 09:55:00,2026-04-29 09:55:59,Q10,480.10,314.50,142.50,150.70,95.00,51.80,24.69,481.70,334.00,155.20,160.70,97.30,52.50,19.20,477.30,338.60,152.90,161.20,95.30,49.60,25.74,479.70,329.03,450.60,472.60,95.87,51.30,69.63
2026-04-29 09:56:00,2026-04-29 09:56:59,Q10,480.60,345.90,155.10,165.60,94.90,49.90,27.69,481.90,360.00,167.80,173.20,97.10,51.00,21.94,477.10,368.50,166.20,175.50,95.20,47.90,28.60,479.87,358.13,489.10,514.30,95.73,49.60,78.23
2026-04-29 09:57:00,2026-04-29 09:57:59,Q10,479.20,364.60,163.60,174.40,94.80,47.10,30.00,481.80,383.40,178.50,184.20,97.00,49.20,23.46,478.10,394.00,178.60,188.30,95.50,45.50,29.60,479.70,380.67,520.70,546.90,95.77,47.27,83.06
2026-04-29 09:58:00,2026-04-29 09:58:59,Q10,479.50,365.60,163.60,174.80,94.80,48.00,29.77,481.70,384.40,178.50,184.70,97.00,49.70,23.29,477.90,388.00,175.80,185.10,95.50,45.80,29.49,479.70,379.33,517.90,544.60,95.77,47.83,82.54
2026-04-29 09:59:00,2026-04-29 09:59:59,Q10,480.00,360.20,161.70,172.80,94.90,48.00,28.74,481.70,372.10,172.70,178.90,97.00,48.20,22.66,478.00,377.20,171.00,180.20,95.50,45.90,28.71,479.90,369.83,505.40,531.90,95.80,47.37,80.11
2026-04-29 10:00:00,2026-04-29 10:00:59,Q10,478.30,351.80,157.00,167.80,94.60,49.60,29.11,482.60,363.50,168.80,175.00,97.20,50.70,21.66,477.50,376.10,170.10,179.40,95.60,46.70,28.23,479.47,363.80,495.90,522.20,95.80,49.00,79.00
2026-04-29 10:01:00,2026-04-29 10:01:59,Q10,478.50,354.80,158.90,169.20,94.60,47.80,28.86,482.20,369.40,171.70,177.90,97.20,47.80,21.71,475.40,373.20,168.10,177.20,95.30,45.20,29.31,478.70,365.80,498.70,524.30,95.70,46.93,79.89
2026-04-29 10:02:00,2026-04-29 10:02:59,Q10,477.80,351.70,157.00,167.40,94.90,45.90,28.34,480.90,362.20,167.80,173.80,97.00,46.20,22.43,476.10,370.20,167.20,176.10,95.50,43.80,28.51,478.27,361.37,492.00,517.30,95.80,45.30,79.29
2026-04-29 10:03:00,2026-04-29 10:03:59,Q10,477.40,341.70,152.30,162.70,94.80,45.90,28.23,481.50,356.50,165.90,171.20,97.10,46.10,21.57,476.10,367.00,165.30,174.70,95.50,44.00,27.91,478.33,355.07,483.50,508.60,95.80,45.33,77.71
2026-04-29 10:04:00,2026-04-29 10:04:59,Q10,477.70,343.50,153.20,163.60,94.70,43.90,28.09,482.00,354.40,164.90,170.60,97.10,44.90,21.54,476.40,359.50,161.50,170.90,95.50,42.50,27.86,478.70,352.47,479.60,505.10,95.77,43.77,77.49
2026-04-29 10:05:00,2026-04-29 10:05:59,Q10,479.00,333.00,151.10,159.50,95.00,47.10,26.34,481.00,342.20,159.10,164.50,97.20,47.90,20.77,474.70,353.80,158.60,167.30,95.50,45.60,26.86,478.23,343.00,468.80,491.30,95.90,46.87,73.97
2026-04-29 10:06:00,2026-04-29 10:06:59,Q10,478.50,311.50,139.10,148.70,94.80,48.90,25.37,480.20,325.80,151.30,156.00,97.10,49.70,19.54,476.20,332.30,150.10,158.00,95.40,43.50,25.46,478.30,323.20,440.50,462.70,95.77,47.37,70.37
2026-04-29 10:07:00,2026-04-29 10:07:59,Q10,477.50,303.10,135.40,144.50,94.80,49.70,24.40,481.30,317.30,147.40,152.50,97.30,51.20,18.20,476.50,323.60,145.40,153.70,95.50,47.60,24.29,478.43,314.67,428.20,450.70,95.87,49.50,66.89
2026-04-29 10:08:00,2026-04-29 10:08:59,Q10,477.50,311.50,139.10,148.30,94.90,49.00,25.29,481.00,328.00,152.30,157.80,97.10,49.00,19.43,476.70,330.60,149.10,157.10,95.60,45.50,24.91,478.40,323.37,440.50,463.20,95.87,47.83,69.63
2026-04-29 10:09:00,2026-04-29 10:09:59,Q10,477.80,308.10,137.20,146.90,94.90,48.90,24.74,481.20,318.70,147.40,153.00,97.20,49.50,19.11,476.90,329.70,148.20,156.60,95.60,46.40,24.60,478.63,318.83,432.80,456.50,95.90,48.27,68.46
2026-04-29 10:10:00,2026-04-29 10:10:59,Q10,479.40,302.50,136.80,144.70,95.10,48.90,24.03,481.20,316.30,146.50,152.00,97.20,50.30,18.80,475.50,323.00,145.40,153.40,95.50,46.80,24.63,478.70,313.93,428.70,450.10,95.93,48.67,67.46
2026-04-29 10:11:00,2026-04-29 10:11:59,Q10,478.90,314.00,142.50,150.10,95.00,48.60,24.94,480.90,326.70,151.30,156.50,97.10,49.10,19.69,476.30,333.10,150.10,158.50,95.40,46.40,25.43,478.70,324.60,443.90,465.10,95.83,48.03,70.06
2026-04-29 10:12:00,2026-04-29 10:12:59,Q10,478.30,323.90,144.80,154.40,94.90,46.70,26.31,482.40,335.60,156.20,161.50,97.10,47.30,20.40,476.30,345.90,155.80,164.20,95.40,44.20,26.57,479.00,335.13,456.80,480.10,95.80,46.07,73.29
2026-04-29 10:13:00,2026-04-29 10:13:59,Q10,479.30,318.60,144.40,152.30,95.00,47.90,25.69,482.20,338.30,157.10,162.90,97.20,49.30,20.23,475.60,344.30,154.90,163.40,95.30,46.10,26.57,479.03,333.73,456.40,478.60,95.83,47.77,72.49
2026-04-29 10:14:00,2026-04-29 10:14:59,Q10,480.00,293.00,133.00,140.60,95.20,49.40,23.09,481.10,313.40,145.50,150.60,97.30,48.80,18.29,475.90,315.80,141.60,149.60,95.30,46.70,24.29,479.00,307.40,420.10,440.80,95.93,48.30,65.66
2026-04-29 10:15:00,2026-04-29 10:15:59,Q10,479.50,297.80,134.90,142.30,95.10,49.80,23.49,480.90,310.90,143.60,148.80,97.10,50.30,18.80,476.60,320.50,144.40,152.30,95.40,47.30,24.20,479.00,309.73,422.90,443.40,95.87,49.13,66.49
2026-04-29 10:16:00,2026-04-29 10:16:59,Q10,480.10,279.80,126.30,133.90,95.10,50.40,21.57,482.40,292.90,135.80,140.70,97.30,49.30,17.20,476.00,300.90,134.90,142.80,95.10,47.50,23.37,479.50,291.20,397.00,417.40,95.83,49.07,62.14
2026-04-29 10:17:00,2026-04-29 10:17:59,Q10,480.20,292.90,131.60,140.20,94.90,55.00,23.14,484.00,313.70,146.50,151.50,97.40,55.40,17.34,477.20,321.50,145.40,153.10,95.20,51.80,24.40,480.47,309.37,423.50,444.80,95.83,54.07,64.89
2026-04-29 10:18:00,2026-04-29 10:18:59,Q10,479.40,302.50,135.40,144.70,94.80,53.70,24.17,483.10,320.90,149.40,154.60,97.30,55.50,18.20,478.40,327.80,148.20,156.30,95.30,51.10,24.89,480.30,317.07,433.00,455.60,95.80,53.43,67.26
2026-04-29 10:19:00,2026-04-29 10:19:59,Q10,480.20,319.90,143.80,153.10,94.90,52.10,25.46,482.20,334.30,155.20,161.00,97.20,53.20,19.69,478.20,346.30,156.80,165.40,95.30,49.90,26.20,480.20,333.50,455.80,479.50,95.80,51.73,71.34
2026-04-29 10:20:00,2026-04-29 10:20:59,Q10,479.90,323.50,144.80,154.70,94.90,51.20,25.34,483.20,339.00,158.10,163.70,97.30,52.50,19.31,476.60,345.00,155.80,164.20,95.30,48.90,26.37,479.90,335.83,458.70,482.60,95.83,50.87,71.03
2026-04-29 10:21:00,2026-04-29 10:21:59,Q10,479.90,316.70,141.90,151.40,94.90,52.80,25.03,482.80,330.40,154.20,159.10,97.30,53.70,19.09,476.60,341.80,153.90,162.30,95.40,50.40,25.80,479.77,329.63,450.00,472.80,95.87,52.30,69.91
2026-04-29 10:22:00,2026-04-29 10:22:59,Q10,479.00,311.20,139.10,149.00,94.80,51.70,24.69,482.70,323.00,150.40,155.70,97.20,53.90,18.66,477.60,329.40,148.20,156.90,95.50,50.30,24.71,479.77,321.20,437.70,461.60,95.83,51.97,68.06
2026-04-29 10:23:00,2026-04-29 10:23:59,Q10,480.00,305.90,137.20,146.40,94.80,54.70,24.20,483.30,323.20,151.30,156.00,97.40,54.80,18.11,476.60,327.90,147.20,155.70,95.30,51.30,25.23,479.97,319.00,435.70,458.10,95.83,53.60,67.54
2026-04-29 10:24:00,2026-04-29 10:24:59,Q10,479.70,306.40,137.20,146.60,94.90,53.00,24.17,483.30,323.30,151.30,156.00,97.40,53.90,18.09,476.50,326.50,147.20,155.20,95.40,50.90,24.74,479.83,318.73,435.70,457.80,95.90,52.60,67.00
2026-04-29 10:25:00,2026-04-29 10:25:59,Q10,480.50,291.80,130.70,139.70,94.90,55.50,22.91,481.80,304.80,141.60,146.20,97.20,56.80,17.83,477.90,310.30,139.60,147.90,95.50,53.10,23.03,480.07,302.30,411.90,433.80,95.87,55.13,63.77
2026-04-29 10:26:00,2026-04-29 10:26:59,Q10,480.20,290.60,130.70,139.20,94.80,54.80,22.86,481.90,303.40,140.60,145.70,97.30,54.80,17.06,478.00,308.40,139.60,147.20,95.50,50.60,23.06,480.03,300.80,410.90,432.10,95.87,53.40,62.97
2026-04-29 10:27:00,2026-04-29 10:27:59,Q10,478.90,307.20,137.20,146.70,94.70,50.50,24.66,483.30,324.50,151.30,156.50,97.30,53.00,18.43,477.30,330.50,149.10,157.40,95.40,47.20,24.97,479.83,320.73,437.60,460.60,95.80,50.23,68.06
2026-04-29 10:28:00,2026-04-29 10:28:59,Q10,479.00,311.10,139.10,149.00,94.60,53.30,25.46,483.00,328.10,153.30,158.40,97.20,53.70,19.06,477.40,338.70,152.90,161.20,95.40,50.00,25.51,479.80,325.97,445.30,468.60,95.73,52.33,70.03
2026-04-29 10:29:00,2026-04-29 10:29:59,Q10,479.50,308.10,138.20,147.50,94.80,50.00,24.54,482.70,318.60,148.40,153.30,97.30,52.30,18.57,477.70,330.80,149.10,157.40,95.50,49.70,24.66,479.97,319.17,435.70,458.20,95.87,50.67,67.77
2026-04-29 10:30:00,2026-04-29 10:30:59,Q10,479.40,318.30,142.90,152.30,94.70,52.30,25.74,483.20,336.00,157.10,162.30,97.20,52.60,19.49,477.60,340.40,153.90,162.20,95.50,48.50,25.63,480.07,331.57,453.90,476.80,95.80,51.13,70.86
2026-04-29 10:31:00,2026-04-29 10:31:59,Q10,480.10,297.60,133.50,142.60,94.90,55.00,23.20,482.00,305.40,142.60,147.00,97.20,55.30,17.94,478.00,319.20,144.40,152.50,95.40,52.60,23.51,480.03,307.40,420.50,442.10,95.83,54.30,64.66
2026-04-29 10:32:00,2026-04-29 10:32:59,Q10,480.20,293.60,131.60,140.60,94.90,54.30,23.17,483.60,309.30,144.50,149.20,97.30,55.70,17.49,477.00,312.90,140.60,148.80,95.50,51.90,23.26,480.27,305.27,416.70,438.60,95.90,53.97,63.91
2026-04-29 10:33:00,2026-04-29 10:33:59,Q10,479.50,293.30,131.60,140.30,94.80,54.50,23.51,483.60,305.30,142.60,147.30,97.30,56.60,17.43,477.20,316.00,142.50,150.70,95.60,52.60,23.26,480.10,304.87,416.70,438.30,95.90,54.57,64.20
2026-04-29 10:34:00,2026-04-29 10:34:59,Q10,479.00,319.60,142.90,152.80,94.70,52.50,25.89,482.30,329.90,153.30,158.60,97.10,53.90,19.60,478.40,344.00,155.80,164.40,95.70,50.00,24.86,479.90,331.17,452.00,475.80,95.83,52.13,70.34
2026-04-29 10:35:00,2026-04-29 10:35:59,Q10,478.80,329.60,147.60,157.30,94.60,50.40,26.97,483.20,342.30,160.10,165.20,97.20,52.00,19.91,476.90,351.60,158.60,167.10,95.60,47.50,26.23,479.63,341.17,466.30,489.60,95.80,49.97,73.11
2026-04-29 10:36:00,2026-04-29 10:36:59,Q10,480.40,319.90,143.80,153.10,94.90,52.00,25.49,481.80,331.00,154.20,159.20,97.10,53.00,19.80,476.90,337.10,152.00,160.40,95.60,48.90,25.20,479.70,329.33,450.00,472.70,95.87,51.30,70.49
2026-04-29 10:37:00,2026-04-29 10:37:59,Q10,479.10,285.60,127.80,136.50,94.70,54.50,22.80,483.30,300.00,139.70,144.90,97.40,56.60,16.57,477.20,308.20,138.70,146.90,95.60,51.50,22.46,479.87,297.93,406.20,428.30,95.90,54.20,61.83
2026-04-29 10:38:00,2026-04-29 10:38:59,Q10,478.90,276.70,123.10,131.90,94.80,58.00,21.69,482.10,285.80,132.90,137.40,97.30,59.30,16.00,478.10,296.30,133.90,141.50,95.70,55.10,21.14,479.70,286.27,389.90,410.80,95.93,57.47,58.83
2026-04-29 10:39:00,2026-04-29 10:39:59,Q10,479.10,268.70,120.30,128.40,94.80,57.50,20.91,483.00,278.30,130.00,134.30,97.30,59.70,15.63,478.10,287.20,130.10,137.20,95.50,54.10,20.71,480.07,278.07,380.40,399.90,95.87,57.10,57.26
2026-04-29 10:40:00,2026-04-29 10:40:59,Q10,479.40,262.00,117.50,125.50,94.60,59.80,20.77,481.80,272.90,126.10,130.80,97.20,61.40,15.49,478.20,283.90,128.20,135.30,95.50,57.00,20.26,479.80,272.93,371.80,391.60,95.77,59.40,56.51
2026-04-29 10:41:00,2026-04-29 10:41:59,Q10,480.00,276.50,124.10,132.50,94.80,54.80,21.49,481.90,286.20,132.90,137.60,97.30,58.60,16.26,477.00,299.80,134.90,142.60,95.50,52.40,21.49,479.63,287.50,391.90,412.70,95.87,55.27,59.23
2026-04-29 10:42:00,2026-04-29 10:42:59,Q10,479.00,292.80,130.70,139.90,94.60,53.80,23.46,482.80,299.30,139.70,144.10,97.10,53.60,17.51,477.70,308.50,138.70,146.90,95.60,50.50,22.66,479.83,300.20,409.10,430.90,95.77,52.63,63.63
2026-04-29 10:43:00,2026-04-29 10:43:59,Q10,478.80,293.10,131.60,140.10,94.60,54.90,23.51,481.90,303.10,140.60,145.70,97.20,56.30,17.40,478.10,314.30,142.50,150.10,95.60,51.30,22.74,479.60,303.50,414.70,435.90,95.80,54.17,63.66
2026-04-29 10:44:00,2026-04-29 10:44:59,Q10,479.00,303.60,136.30,145.10,94.70,54.50,24.20,482.80,314.10,146.50,151.30,97.30,55.60,17.94,476.70,322.40,145.40,153.30,95.70,51.80,23.51,479.50,313.37,428.20,449.70,95.90,53.97,65.66
2026-04-29 10:45:00,2026-04-29 10:45:59,Q10,479.10,300.80,134.40,143.70,94.70,52.90,24.26,482.80,312.50,145.50,150.40,97.30,55.80,17.80,476.40,323.00,145.40,153.70,95.70,50.00,23.54,479.43,312.10,425.30,447.80,95.90,52.90,65.60
2026-04-29 10:46:00,2026-04-29 10:46:59,Q10,479.10,312.80,140.10,149.40,94.70,53.60,25.14,481.30,319.60,148.40,153.40,97.10,55.70,18.94,477.90,326.70,147.20,155.50,95.90,51.20,23.51,479.43,319.70,435.70,458.30,95.90,53.50,67.60
2026-04-29 10:47:00,2026-04-29 10:47:59,Q10,479.60,290.30,129.70,138.90,94.70,55.40,23.17,481.70,298.70,138.70,143.30,97.10,57.10,17.66,478.20,310.00,140.60,148.20,95.70,51.90,22.34,479.83,299.67,409.00,430.40,95.83,54.80,63.17
2026-04-29 10:48:00,2026-04-29 10:48:59,Q10,478.90,273.90,122.20,130.50,94.40,58.00,22.20,483.10,285.00,132.90,137.70,97.30,59.00,15.80,477.00,295.20,133.00,140.70,95.60,54.00,21.43,479.67,284.70,388.10,408.90,95.77,57.00,59.43
2026-04-29 10:49:00,2026-04-29 10:49:59,Q10,480.00,320.80,143.80,153.60,94.80,51.10,25.40,481.40,328.50,152.30,157.80,97.20,52.30,19.17,476.30,340.40,152.90,161.80,95.50,48.10,25.31,479.23,329.90,449.00,473.20,95.83,50.50,69.89
2026-04-29 10:50:00,2026-04-29 10:50:59,Q10,478.80,268.00,120.30,128.10,94.60,56.50,21.26,482.20,280.10,130.00,135.00,97.30,58.20,15.71,477.00,287.60,129.20,136.90,95.40,53.40,21.26,479.33,278.57,379.50,400.00,95.77,56.03,58.23
2026-04-29 10:51:00,2026-04-29 10:51:59,Q10,479.30,283.00,126.90,135.60,94.70,55.90,22.57,482.20,299.00,139.70,144.10,97.20,56.60,16.89,476.20,303.80,136.80,144.20,95.40,53.80,22.63,479.23,295.27,403.40,423.90,95.77,55.43,62.09
2026-04-29 10:52:00,2026-04-29 10:52:59,Q10,478.60,291.90,130.70,139.10,94.60,53.30,23.49,482.60,308.10,143.60,148.50,97.30,56.50,17.29,477.00,315.50,142.50,150.30,95.50,52.70,23.20,479.40,305.17,416.80,437.90,95.80,54.17,63.97
2026-04-29 10:53:00,2026-04-29 10:53:59,Q10,478.40,308.80,138.20,147.20,94.60,53.60,25.17,482.20,320.00,149.40,154.20,97.20,54.50,18.46,477.50,333.20,150.10,158.80,95.70,49.30,24.09,479.37,320.67,437.70,460.20,95.83,52.47,67.71
2026-04-29 10:54:00,2026-04-29 10:54:59,Q10,479.70,314.60,141.00,150.40,94.70,50.50,25.26,482.00,322.90,150.40,155.20,97.30,52.00,18.57,476.10,332.80,150.10,158.00,95.50,47.40,24.91,479.27,323.43,441.50,463.60,95.83,49.97,68.74
2026-04-29 10:55:00,2026-04-29 10:55:59,Q10,478.60,295.80,132.50,141.00,94.60,54.60,23.63,482.00,304.90,141.60,146.50,97.30,56.00,17.26,477.80,311.50,140.60,148.30,95.50,52.10,23.31,479.47,304.07,414.70,435.80,95.80,54.23,64.20
2026-04-29 10:56:00,2026-04-29 10:56:59,Q10,479.90,283.30,126.90,135.60,94.90,54.00,22.23,481.40,299.50,138.70,143.80,97.30,53.10,16.86,477.20,304.40,137.80,145.00,95.50,51.20,22.46,479.50,295.73,403.40,424.40,95.90,52.77,61.54
2026-04-29 10:57:00,2026-04-29 10:57:59,Q10,479.50,293.80,131.60,140.30,94.90,55.20,22.94,481.30,303.30,140.60,145.70,97.20,56.80,17.60,477.60,311.10,140.60,148.30,95.60,53.20,22.66,479.47,302.73,412.80,434.30,95.90,55.07,63.20
2026-04-29 10:58:00,2026-04-29 10:58:59,Q10,479.70,293.80,131.60,140.30,94.90,54.40,23.23,481.30,307.30,142.60,147.70,97.20,55.70,17.86,477.50,313.40,141.60,149.30,95.50,51.40,23.34,479.50,304.83,415.80,437.30,95.87,53.83,64.43
2026-04-29 10:59:00,2026-04-29 10:59:59,Q10,479.50,297.40,133.50,142.30,94.80,54.20,23.74,482.70,310.60,144.50,149.40,97.30,55.70,17.83,476.50,317.00,142.50,150.90,95.60,52.00,23.51,479.57,308.33,420.50,442.60,95.90,53.97,65.09
2026-04-29 11:00:00,2026-04-29 11:00:59,Q10,478.70,308.10,138.20,147.20,94.80,53.10,24.34,482.00,319.10,148.40,153.80,97.20,53.30,18.37,477.40,324.10,146.30,154.50,95.70,50.10,23.63,479.37,317.10,432.90,455.50,95.90,52.17,66.34
2026-04-29 11:01:00,2026-04-29 11:01:59,Q10,479.80,312.00,140.10,149.40,94.80,52.90,24.91,481.50,324.60,150.40,155.80,97.20,54.40,18.89,476.90,332.90,150.10,158.00,95.60,50.00,24.60,479.40,323.17,440.60,463.20,95.87,52.43,68.40
2026-04-29 11:02:00,2026-04-29 11:02:59,Q10,479.60,292.70,130.70,139.90,94.90,54.90,23.17,481.80,303.80,140.60,145.70,97.30,56.50,17.43,478.10,316.90,143.40,151.00,95.60,52.00,22.94,479.83,304.47,414.70,436.60,95.93,54.47,63.54
2026-04-29 11:03:00,2026-04-29 11:03:59,Q10,480.40,289.60,129.70,138.70,94.90,56.00,22.57,482.10,301.40,140.60,145.10,97.30,55.70,17.06,476.50,310.40,139.60,147.60,95.50,52.30,23.03,479.67,300.47,409.90,431.40,95.90,54.67,62.66
2026-04-29 11:04:00,2026-04-29 11:04:59,Q10,480.30,274.50,123.10,131.50,94.80,56.80,21.54,481.40,289.70,134.80,139.00,97.30,57.60,16.26,477.00,294.10,133.00,140.20,95.50,53.80,21.49,479.57,286.10,390.90,410.70,95.87,56.07,59.29
2026-04-29 11:05:00,2026-04-29 11:05:59,Q10,478.40,271.90,121.30,129.50,94.40,56.60,22.17,482.60,281.80,130.90,135.40,97.30,58.20,15.91,477.60,292.20,132.10,139.30,95.60,51.80,21.23,479.53,281.97,384.30,404.20,95.77,55.53,59.31
2026-04-29 11:06:00,2026-04-29 11:06:59,Q10,478.70,294.50,131.60,140.50,94.70,54.80,23.49,482.70,306.70,142.60,147.50,97.30,56.10,17.14,477.20,313.20,141.60,149.30,95.70,52.40,22.86,479.53,304.80,415.80,437.30,95.90,54.43,63.49
2026-04-29 11:07:00,2026-04-29 11:07:59,Q10,477.80,303.80,135.40,144.50,94.70,51.00,25.03,481.90,317.10,147.40,152.50,97.20,52.10,18.60,476.50,328.60,148.20,156.10,95.60,45.70,24.40,478.73,316.50,431.00,453.10,95.83,49.60,68.03
2026-04-29 11:08:00,2026-04-29 11:08:59,Q10,478.00,311.00,139.10,148.70,94.80,49.00,25.37,481.00,322.00,149.40,154.90,97.20,49.60,19.14,475.30,333.10,150.10,158.20,95.60,45.90,25.09,478.10,322.03,438.60,461.80,95.87,48.17,69.60
2026-04-29 11:09:00,2026-04-29 11:09:59,Q10,477.70,320.80,142.90,152.60,94.80,45.80,26.06,480.80,330.40,153.30,158.40,97.20,46.50,19.80,476.30,340.40,152.90,161.80,95.70,43.20,25.43,478.27,330.53,449.10,472.80,95.90,45.17,71.29
2026-04-29 11:10:00,2026-04-29 11:10:59,Q10,477.50,301.30,134.40,143.60,94.80,49.00,24.31,481.60,314.10,146.50,151.00,97.10,49.40,18.77,476.20,322.40,145.40,153.30,95.50,46.90,24.17,478.43,312.60,426.30,447.90,95.80,48.43,67.26
2026-04-29 11:11:00,2026-04-29 11:11:59,Q10,479.00,293.10,133.00,140.30,95.10,49.80,23.23,480.10,308.00,142.60,147.80,97.20,50.80,18.43,475.30,314.20,141.60,149.10,95.50,47.60,23.83,478.13,305.10,417.20,437.20,95.93,49.40,65.49
2026-04-29 11:12:00,2026-04-29 11:12:59,Q10,478.40,285.40,129.20,136.20,95.00,51.10,22.71,480.10,300.60,139.70,144.00,97.10,52.40,17.74,476.30,306.00,137.80,145.70,95.60,48.90,22.63,478.27,297.33,406.70,425.90,95.90,50.80,63.09
2026-04-29 11:13:00,2026-04-29 11:13:59,Q10,477.50,280.90,125.00,133.60,94.90,51.50,22.37,481.70,291.10,134.80,140.00,97.30,52.90,16.74,475.30,299.10,134.90,142.00,95.60,49.00,22.37,478.17,290.37,394.70,415.60,95.93,51.13,61.49
2026-04-29 11:14:00,2026-04-29 11:14:59,Q10,478.60,295.00,132.50,141.00,94.90,51.30,23.09,480.90,304.80,140.60,145.90,97.30,51.50,17.60,474.70,311.60,139.60,147.40,95.30,48.60,24.00,478.07,303.80,412.70,434.30,95.83,50.47,64.69
2026-04-29 11:15:00,2026-04-29 11:15:59,Q10,478.70,309.10,138.20,147.70,94.90,48.40,24.80,480.60,321.20,149.40,154.10,97.20,47.70,19.09,474.70,330.50,148.20,156.40,95.40,44.90,25.11,478.00,320.27,435.80,458.20,95.83,47.00,69.00
2026-04-29 11:16:00,2026-04-29 11:16:59,Q10,477.90,318.80,141.90,151.70,94.90,47.60,25.94,480.50,328.50,152.30,157.40,97.10,48.60,19.91,476.20,336.90,151.10,159.90,95.70,45.60,25.14,478.20,328.07,445.30,469.00,95.90,47.27,71.00
2026-04-29 11:17:00,2026-04-29 11:17:59,Q10,478.20,319.70,142.90,152.50,94.80,46.90,26.03,480.90,327.60,151.30,157.00,97.10,46.70,20.14,475.80,339.30,152.90,161.00,95.60,44.30,25.60,478.30,328.87,447.10,470.50,95.83,45.97,71.77
2026-04-29 11:18:00,2026-04-29 11:18:59,Q10,478.70,311.00,140.60,148.70,95.10,48.30,24.77,480.60,325.00,151.30,156.00,97.20,49.30,19.40,475.20,332.20,149.10,157.70,95.70,46.30,24.51,478.17,322.73,441.00,462.40,96.00,47.97,68.69
2026-04-29 11:19:00,2026-04-29 11:19:59,Q10,477.30,312.40,139.10,148.80,94.80,45.70,25.31,481.10,321.70,149.40,154.40,97.20,47.10,19.23,476.40,331.10,149.10,157.60,95.70,44.20,24.63,478.27,321.73,437.60,460.80,95.90,45.67,69.17
2026-04-29 11:20:00,2026-04-29 11:20:59,Q10,478.50,332.80,150.10,158.70,95.00,44.10,26.43,480.20,339.10,157.10,162.70,97.20,45.40,20.54,474.90,349.50,156.80,165.40,95.60,43.00,26.20,477.87,340.47,464.00,486.80,95.93,44.17,73.17
2026-04-29 11:21:00,2026-04-29 11:21:59,Q10,477.50,346.10,155.10,165.00,94.70,45.00,28.91,480.00,354.80,163.90,169.90,97.00,47.10,22.11,476.10,365.60,164.40,173.70,95.80,42.70,27.49,477.87,355.50,483.40,508.60,95.83,44.93,78.51
2026-04-29 11:22:00,2026-04-29 11:22:59,Q10,478.00,333.90,149.50,159.20,94.80,46.90,27.29,481.50,343.10,159.10,165.00,97.20,45.70,20.46,474.80,355.50,159.60,168.30,95.60,42.50,26.66,478.10,344.17,468.20,492.50,95.87,45.03,74.40
2026-04-29 11:23:00,2026-04-29 11:23:59,Q10,476.80,331.90,147.60,157.60,94.80,46.70,27.31,481.30,340.90,158.10,163.50,97.30,47.70,20.29,475.30,354.80,159.60,168.10,95.70,44.10,26.63,477.80,342.53,465.30,489.20,95.93,46.17,74.23
2026-04-29 11:24:00,2026-04-29 11:24:59,Q10,478.30,321.50,145.40,153.40,95.00,47.20,25.91,481.10,336.10,156.20,161.60,97.20,47.30,20.20,474.50,342.80,153.90,162.10,95.60,45.20,25.97,477.97,333.47,455.50,477.10,95.93,46.57,72.09
2026-04-29 11:25:00,2026-04-29 11:25:59,Q10,478.90,319.20,144.40,152.50,95.00,46.80,25.49,480.40,329.70,152.30,157.90,97.10,48.20,19.89,475.40,338.40,152.00,160.60,95.70,44.80,25.14,478.23,329.10,448.70,471.00,95.93,46.60,70.51
2026-04-29 11:26:00,2026-04-29 11:26:59,Q10,478.50,314.20,141.00,150.10,94.80,48.10,25.46,480.70,326.40,151.30,156.50,97.20,48.90,19.26,475.60,334.30,150.10,158.60,95.70,46.40,24.86,478.27,324.97,442.40,465.20,95.90,47.80,69.57
2026-04-29 11:27:00,2026-04-29 11:27:59,Q10,478.00,320.40,142.90,153.00,94.70,46.70,26.49,481.60,329.70,153.30,158.20,97.20,48.50,19.66,475.40,339.30,152.90,161.00,95.80,44.70,25.11,478.33,329.80,449.10,472.20,95.90,46.63,71.26
2026-04-29 11:28:00,2026-04-29 11:28:59,Q10,479.10,321.20,143.80,153.80,94.70,48.60,26.20,480.70,334.60,155.20,160.30,97.10,49.70,19.94,476.70,340.70,152.90,161.80,95.70,47.40,25.09,478.83,332.17,451.90,475.90,95.83,48.57,71.23
2026-04-29 11:29:00,2026-04-29 11:29:59,Q10,479.60,328.50,147.60,157.10,94.80,51.60,26.69,481.00,341.00,159.10,164.00,97.20,53.10,20.09,476.40,351.80,158.60,167.10,95.70,48.40,25.80,479.00,340.43,465.30,488.20,95.90,51.03,72.57
2026-04-29 11:30:00,2026-04-29 11:30:59,Q10,477.80,343.90,153.20,163.60,94.60,48.40,28.37,481.80,357.20,165.90,171.70,97.20,50.30,21.03,477.00,367.80,166.20,175.10,95.70,46.00,27.26,478.87,356.30,485.30,510.40,95.83,48.23,76.66
2026-04-29 11:31:00,2026-04-29 11:31:59,Q10,479.30,367.80,164.50,175.80,94.70,48.00,30.29,480.70,377.80,174.60,181.00,97.10,49.60,23.14,476.50,390.80,175.80,185.60,95.70,45.30,29.00,478.83,378.80,514.90,542.40,95.83,47.63,82.43
2026-04-29 11:32:00,2026-04-29 11:32:59,Q10,479.60,360.60,161.70,172.40,94.90,46.40,29.26,480.80,377.80,174.60,181.00,97.10,48.00,22.83,475.80,388.00,174.80,184.30,95.50,43.90,29.23,478.73,375.47,511.10,537.70,95.83,46.10,81.31
2026-04-29 11:33:00,2026-04-29 11:33:59,Q10,477.60,359.00,160.70,171.20,94.60,48.30,29.89,481.50,374.70,173.60,179.90,97.10,49.00,22.40,477.00,382.00,172.90,182.20,95.70,45.60,28.63,478.70,371.90,507.20,533.30,95.80,47.63,80.91
2026-04-29 11:34:00,2026-04-29 11:34:59,Q10,478.80,347.50,155.10,165.90,94.70,49.50,28.46,481.10,359.00,166.80,172.70,97.10,49.10,21.49,477.10,371.00,167.20,177.00,95.80,47.30,27.23,479.00,359.17,489.10,515.60,95.87,48.63,77.17
2026-04-29 11:35:00,2026-04-29 11:35:59,Q10,478.60,348.00,156.00,166.30,94.70,47.40,28.29,482.20,354.60,164.90,170.60,97.20,51.50,20.86,475.90,365.00,164.40,173.40,95.70,44.70,27.11,478.90,355.87,485.30,510.30,95.87,47.87,76.26
2026-04-29 11:36:00,2026-04-29 11:36:59,Q10,479.30,341.00,153.20,163.30,94.70,49.20,27.80,481.00,348.60,162.00,167.40,97.10,50.60,20.91,477.00,362.60,163.40,172.70,95.70,47.40,26.74,479.10,350.73,478.60,503.40,95.83,49.07,75.46
2026-04-29 11:37:00,2026-04-29 11:37:59,Q10,478.50,354.60,158.90,169.20,94.60,48.90,28.97,481.20,361.70,167.80,173.60,97.00,51.40,21.97,477.00,371.90,167.20,177.00,95.70,46.80,27.37,478.90,362.73,493.90,519.80,95.77,49.03,78.31
2026-04-29 11:38:00,2026-04-29 11:38:59,Q10,478.90,354.80,158.90,169.20,94.70,48.10,29.00,480.90,365.90,169.80,175.20,97.10,50.30,21.94,476.80,376.50,169.10,179.00,95.60,45.80,28.17,478.87,365.73,497.80,523.40,95.80,48.07,79.11
2026-04-29 11:39:00,2026-04-29 11:39:59,Q10,478.20,348.30,156.00,166.30,94.60,49.70,28.46,482.30,354.30,164.90,170.60,97.30,51.20,20.83,475.90,370.70,166.20,175.80,95.70,47.00,27.23,478.80,357.77,487.10,512.70,95.87,49.30,76.51
2026-04-29 11:40:00,2026-04-29 11:40:59,Q10,477.90,342.00,153.20,163.10,94.50,50.40,28.46,482.20,356.90,165.90,171.60,97.20,51.90,20.69,477.20,366.40,165.30,174.60,95.70,46.50,27.14,479.10,355.10,484.40,509.30,95.80,49.60,76.29
2026-04-29 11:41:00,2026-04-29 11:41:59,Q10,478.30,351.80,157.00,167.80,94.70,49.20,28.83,481.20,359.30,166.80,172.70,97.10,50.60,21.66,477.70,365.30,165.30,174.10,95.90,45.40,26.86,479.07,358.80,489.10,514.60,95.90,48.40,77.34
2026-04-29 11:42:00,2026-04-29 11:42:59,Q10,478.70,352.90,157.90,168.30,94.80,46.90,28.91,481.10,362.40,168.80,174.10,97.10,49.50,22.06,477.50,378.20,171.00,180.30,95.70,45.20,27.86,479.10,364.50,497.70,522.70,95.87,47.20,78.83
2026-04-29 11:43:00,2026-04-29 11:43:59,Q10,478.00,340.90,152.30,162.50,94.70,47.80,28.26,482.40,355.80,165.90,171.10,97.20,50.00,20.91,476.60,369.80,166.20,175.60,95.70,45.00,27.40,479.00,355.50,484.40,509.20,95.87,47.60,76.57
2026-04-29 11:44:00,2026-04-29 11:44:59,Q10,478.50,335.60,150.40,160.10,94.60,51.20,27.54,481.90,345.50,160.10,165.90,97.20,52.60,20.09,477.40,359.80,162.40,171.20,95.70,48.10,26.29,479.27,346.97,472.90,497.20,95.83,50.63,73.91
2026-04-29 11:45:00,2026-04-29 11:45:59,Q10,478.70,335.30,150.40,160.10,94.70,48.90,27.06,481.40,342.40,159.10,164.50,97.30,52.00,20.11,477.10,356.20,160.60,169.80,95.70,48.20,26.26,479.07,344.63,470.10,494.40,95.90,49.70,73.43
2026-04-29 11:46:00,2026-04-29 11:46:59,Q10,478.40,321.60,143.80,153.40,94.60,51.10,26.26,482.40,334.30,155.20,161.00,97.40,53.00,18.80,476.30,345.70,155.80,164.20,95.70,48.40,25.43,479.03,333.87,454.80,478.60,95.90,50.83,70.49
2026-04-29 11:47:00,2026-04-29 11:47:59,Q10,478.90,311.80,139.10,148.70,94.60,51.70,25.17,481.10,322.50,149.40,154.90,97.20,51.30,18.51,477.50,331.40,149.10,157.90,95.80,47.10,23.69,479.17,321.90,437.60,461.50,95.87,50.03,67.37
2026-04-29 11:48:00,2026-04-29 11:48:59,Q10,479.30,317.90,141.90,151.80,94.60,52.30,25.49,480.70,326.70,151.30,156.50,97.30,53.80,18.71,476.80,336.40,151.10,159.90,95.60,49.10,24.91,478.93,327.00,444.30,468.20,95.83,51.73,69.11
2026-04-29 11:49:00,2026-04-29 11:49:59,Q10,479.20,319.30,142.90,152.80,94.60,52.60,26.03,482.20,331.40,154.20,159.50,97.30,53.90,19.11,476.00,340.80,152.90,161.80,95.60,49.30,25.40,479.13,330.50,450.00,474.10,95.83,51.93,70.54
2026-04-29 11:50:00,2026-04-29 11:50:59,Q10,479.80,319.00,142.90,152.80,94.70,52.30,26.00,481.90,335.00,156.20,161.10,97.10,53.80,19.83,476.10,343.80,154.90,163.30,95.50,49.40,25.71,479.27,332.60,454.00,477.20,95.77,51.83,71.54
2026-04-29 11:51:00,2026-04-29 11:51:59,Q10,478.40,300.30,134.40,143.40,94.70,54.90,23.89,482.50,312.10,145.50,150.40,97.30,56.10,17.69,477.40,317.60,143.40,151.20,95.60,51.20,23.43,479.43,310.00,423.30,445.00,95.87,54.07,65.00
2026-04-29 11:52:00,2026-04-29 11:52:59,Q10,478.60,285.70,127.80,136.20,94.60,56.90,22.83,482.80,296.50,137.70,142.70,97.30,58.20,16.66,476.90,306.50,137.80,145.70,95.50,53.10,22.57,479.43,296.23,403.30,424.60,95.80,56.07,62.06
2026-04-29 11:53:00,2026-04-29 11:53:59,Q10,479.20,297.20,133.50,142.30,94.80,54.10,23.51,481.40,308.60,143.60,148.10,97.30,54.90,17.54,476.90,314.10,141.60,149.50,95.50,49.90,23.43,479.17,306.63,418.70,439.90,95.87,52.97,64.49
2026-04-29 11:54:00,2026-04-29 11:54:59,Q10,479.30,308.30,138.20,147.50,94.70,53.80,24.71,481.20,323.90,150.40,155.40,97.30,55.00,18.31,476.60,331.70,149.10,157.60,95.40,50.60,24.91,479.03,321.30,437.70,460.50,95.80,53.13,67.94
2026-04-29 11:55:00,2026-04-29 11:55:59,Q10,477.80,318.90,141.90,151.70,94.70,50.50,26.14,481.90,334.90,155.20,160.70,97.30,53.30,19.23,476.30,340.70,152.90,161.80,95.60,49.60,25.46,478.67,331.50,450.00,474.20,95.87,51.13,70.83
2026-04-29 11:56:00,2026-04-29 11:56:59,Q10,479.30,318.80,142.90,152.30,94.80,53.60,25.31,481.70,328.60,152.30,157.80,97.30,54.10,18.97,475.80,343.80,153.90,162.90,95.50,49.80,25.34,478.93,330.40,449.10,473.00,95.87,52.50,69.63
2026-04-29 11:57:00,2026-04-29 11:57:59,Q10,478.90,302.30,135.40,144.40,94.70,52.80,24.37,482.70,316.10,147.40,152.30,97.50,54.30,17.37,476.10,328.00,148.20,156.10,95.60,49.20,24.26,479.23,315.47,431.00,452.80,95.93,52.10,66.00
2026-04-29 11:58:00,2026-04-29 11:58:59,Q10,478.50,277.90,125.40,132.40,95.00,51.90,21.51,480.40,288.10,133.90,138.20,97.30,51.50,16.57,476.00,288.80,130.10,137.10,95.40,49.50,22.17,478.30,284.93,389.40,407.70,95.90,50.97,60.26
2026-04-29 11:59:00,2026-04-29 11:59:59,Q10,477.80,262.00,116.60,125.00,94.70,54.50,20.86,482.00,271.30,126.10,130.60,97.40,54.90,15.31,475.10,279.50,125.40,132.50,95.30,51.20,21.46,478.30,270.93,368.10,388.10,95.80,53.53,57.63
2026-04-29 12:00:00,2026-04-29 12:00:59,Q10,478.40,257.40,114.70,122.80,94.70,53.00,20.40,479.70,267.90,123.20,127.90,97.30,53.50,15.26,475.80,271.30,121.60,128.70,95.30,47.20,20.80,477.97,265.53,359.50,379.40,95.77,51.23,56.46
2026-04-29 12:01:00,2026-04-29 12:01:59,Q10,478.00,269.90,120.30,128.60,94.80,52.30,21.46,481.40,281.30,130.90,135.20,97.30,54.60,15.97,474.60,289.70,129.20,137.00,95.50,50.30,21.60,478.00,280.30,380.40,400.80,95.87,52.40,59.03
2026-04-29 12:02:00,2026-04-29 12:02:59,Q10,477.90,293.60,132.10,139.80,95.00,50.40,23.17,480.10,303.80,140.60,145.40,97.30,51.90,17.66,476.20,310.20,139.60,147.60,95.60,48.80,23.20,478.07,302.53,412.30,432.80,95.97,50.37,64.03
2026-04-29 12:03:00,2026-04-29 12:03:59,Q10,477.30,296.50,132.50,141.20,94.80,49.50,23.97,480.70,310.20,143.60,148.80,97.20,50.50,18.34,476.20,316.90,142.50,150.40,95.40,47.30,24.29,478.07,307.87,418.60,440.40,95.80,49.10,66.60
2026-04-29 12:04:00,2026-04-29 12:04:59,Q10,477.60,304.20,136.30,145.00,94.90,50.10,24.31,479.90,313.10,144.50,149.90,97.00,51.60,19.09,476.40,321.40,144.40,152.80,95.60,47.70,23.74,477.97,312.90,425.20,447.70,95.83,49.80,67.14
2026-04-29 12:05:00,2026-04-29 12:05:59,Q10,478.10,308.70,138.20,147.20,94.70,49.00,25.11,481.30,321.40,149.40,154.40,97.20,48.90,18.97,474.30,329.70,147.20,155.90,95.30,45.20,25.54,477.90,319.93,434.80,457.50,95.73,47.70,69.63
2026-04-29 12:06:00,2026-04-29 12:06:59,Q10,479.00,298.60,133.50,142.70,94.90,50.50,23.74,480.90,309.80,143.60,148.30,97.10,51.20,18.86,474.80,317.20,142.50,150.30,95.30,47.40,24.34,478.23,308.53,419.60,441.30,95.77,49.70,66.94
2026-04-29 12:07:00,2026-04-29 12:07:59,Q10,478.40,291.50,130.70,139.10,94.80,51.80,23.31,480.90,298.80,138.70,143.00,97.10,52.50,17.89,474.50,307.40,137.80,145.50,95.50,47.80,23.34,477.93,299.23,407.20,427.60,95.80,50.70,64.54
2026-04-29 12:08:00,2026-04-29 12:08:59,Q10,478.90,266.40,120.70,127.10,95.00,52.80,21.11,480.40,281.30,130.00,134.90,97.20,52.80,16.37,474.80,283.10,127.30,134.10,95.40,49.20,21.69,478.03,276.93,378.00,396.10,95.87,51.60,59.17
2026-04-29 12:09:00,2026-04-29 12:09:59,Q10,478.60,283.10,128.20,135.30,95.00,51.10,22.46,479.70,297.20,137.70,142.30,97.10,52.50,17.69,475.20,301.70,134.90,143.00,95.40,48.80,22.77,477.83,294.00,400.80,420.60,95.83,50.80,62.91
2026-04-29 12:10:00,2026-04-29 12:10:59,Q10,478.30,294.00,133.00,140.50,95.00,49.30,23.11,480.10,302.20,139.70,145.00,97.00,48.80,18.40,474.80,311.90,139.60,147.40,95.50,46.70,23.17,477.73,302.70,412.30,432.90,95.83,48.27,64.69
2026-04-29 12:11:00,2026-04-29 12:11:59,Q10,477.20,291.50,129.70,138.80,94.90,51.30,22.97,481.10,303.20,140.60,145.70,97.20,52.50,17.83,475.50,309.00,138.70,146.80,95.50,48.90,23.03,477.93,301.23,409.00,431.30,95.87,50.90,63.83
2026-04-29 12:12:00,2026-04-29 12:12:59,Q10,477.30,289.60,128.80,137.90,94.90,49.20,23.20,479.80,297.10,137.70,142.30,97.00,50.40,18.37,475.90,308.20,138.70,146.30,95.60,46.20,22.91,477.67,298.30,405.20,426.50,95.83,48.60,64.49
2026-04-29 12:13:00,2026-04-29 12:13:59,Q10,476.50,268.30,119.40,127.60,94.80,53.40,21.37,480.70,278.00,129.00,133.40,97.10,54.60,16.29,475.20,285.60,128.20,135.40,95.60,49.70,20.91,477.47,277.30,376.60,396.40,95.83,52.57,58.57
2026-04-29 12:14:00,2026-04-29 12:14:59,Q10,478.40,252.70,112.80,120.50,94.80,54.90,20.06,480.70,263.20,122.20,126.20,97.30,55.90,15.20,474.30,272.40,121.60,128.90,95.30,52.10,20.54,477.80,262.77,356.60,375.60,95.80,54.30,55.80
2026-04-29 12:15:00,2026-04-29 12:15:59,Q10,477.40,241.50,107.20,115.00,94.80,57.80,19.29,481.20,256.20,119.30,123.10,97.30,58.00,14.49,474.20,261.80,116.80,123.70,95.40,53.80,19.49,477.60,253.17,343.30,361.80,95.83,56.53,53.26
2026-04-29 12:16:00,2026-04-29 12:16:59,Q10,477.00,246.70,110.00,117.30,94.60,56.50,19.43,481.50,255.80,118.30,122.70,97.20,57.30,14.49,475.50,261.40,116.80,124.00,95.50,54.00,19.29,478.00,254.63,345.10,364.00,95.77,55.93,53.20
2026-04-29 12:17:00,2026-04-29 12:17:59,Q10,478.10,260.30,116.60,124.30,94.60,60.50,20.40,480.40,265.60,123.20,127.20,97.00,61.80,15.54,477.20,277.10,125.40,132.10,95.70,58.10,19.34,478.57,267.67,365.20,383.60,95.77,60.13,55.29
2026-04-29 12:18:00,2026-04-29 12:18:59,Q10,479.60,267.20,119.40,127.90,94.80,58.80,20.91,480.70,281.00,130.00,134.90,97.00,60.30,16.31,476.00,281.00,126.30,133.80,95.40,55.30,20.91,478.77,276.40,375.70,396.60,95.73,58.13,58.14
2026-04-29 12:19:00,2026-04-29 12:19:59,Q10,479.60,259.40,116.60,124.10,94.60,61.40,20.37,480.60,271.90,126.10,130.10,97.00,63.20,15.51,477.10,274.20,123.50,130.70,95.60,57.70,19.66,479.10,268.50,366.20,384.90,95.73,60.77,55.54
2026-04-29 12:20:00,2026-04-29 12:20:59,Q10,479.20,243.00,109.00,116.40,94.60,61.30,19.00,482.00,254.10,117.10,122.40,96.90,64.10,14.83,476.00,257.40,115.90,122.30,95.30,58.90,18.71,479.07,251.50,342.00,361.10,95.60,61.43,52.54
2026-04-29 12:21:00,2026-04-29 12:21:59,Q10,479.40,231.60,103.40,110.60,94.70,66.30,17.69,480.70,242.20,112.50,116.20,97.00,67.50,13.83,476.60,251.40,113.10,119.50,95.10,63.80,18.11,478.90,241.73,329.00,346.30,95.60,65.87,49.63
2026-04-29 12:22:00,2026-04-29 12:22:59,Q10,478.50,233.40,104.30,111.40,94.50,66.50,18.00,482.20,244.50,113.50,117.60,97.10,68.30,13.63,476.10,248.80,112.10,118.00,95.30,63.30,17.83,478.93,242.23,329.90,347.00,95.63,66.03,49.46
2026-04-29 12:23:00,2026-04-29 12:23:59,Q10,478.60,229.40,102.50,109.50,94.50,63.80,18.00,482.40,240.40,111.60,115.70,97.00,66.30,13.63,476.30,247.10,111.20,117.60,95.40,60.30,17.57,479.10,238.97,325.30,342.80,95.63,63.47,49.20
2026-04-29 12:24:00,2026-04-29 12:24:59,Q10,478.20,243.20,109.00,116.20,94.50,64.50,18.77,482.20,252.40,117.40,121.50,97.00,66.10,14.26,477.00,254.90,114.90,121.20,95.40,61.10,18.46,479.13,250.17,341.30,358.90,95.63,63.90,51.49
2026-04-29 12:25:00,2026-04-29 12:25:59,Q10,478.30,243.30,109.00,116.20,94.70,59.40,19.17,482.30,257.30,119.30,123.90,97.10,63.20,14.66,476.20,263.90,118.80,125.20,95.40,55.60,19.06,478.93,254.83,347.10,365.30,95.73,59.40,52.89
2026-04-29 12:26:00,2026-04-29 12:26:59,Q10,478.10,253.20,112.80,120.90,94.60,62.70,19.57,482.20,263.20,122.20,126.80,97.10,64.50,14.77,477.10,266.90,119.70,126.90,95.30,59.40,19.57,479.13,261.10,354.70,374.60,95.67,62.20,53.91
2026-04-29 12:27:00,2026-04-29 12:27:59,Q10,479.60,244.60,109.00,116.90,94.80,64.10,18.63,480.90,254.80,116.20,121.90,96.90,65.80,15.00,477.50,260.10,117.80,124.00,95.30,62.10,18.80,479.33,253.17,343.00,362.80,95.67,64.00,52.43
2026-04-29 12:28:00,2026-04-29 12:28:59,Q10,479.30,240.00,107.20,115.00,94.70,64.70,18.03,482.00,247.00,115.40,119.10,97.00,66.10,14.11,476.50,249.80,112.10,118.50,95.30,62.50,18.11,479.27,245.60,334.70,352.60,95.67,64.43,50.26
2026-04-29 12:29:00,2026-04-29 12:29:59,Q10,479.40,246.80,110.00,117.80,94.70,62.20,18.91,482.10,254.80,117.10,122.40,96.90,64.30,14.89,477.20,260.50,117.80,124.00,95.30,60.20,18.94,479.57,254.03,344.90,364.20,95.63,62.23,52.74
2026-04-29 12:30:00,2026-04-29 12:30:59,Q10,478.60,256.90,114.70,122.40,94.70,62.20,19.63,482.40,264.00,123.20,127.20,97.00,64.20,15.23,475.60,270.50,121.60,128.20,95.40,59.50,19.51,478.87,263.80,359.50,377.80,95.70,61.97,54.37
2026-04-29 12:31:00,2026-04-29 12:31:59,Q10,479.80,262.50,117.50,125.50,94.80,58.80,20.26,480.80,271.70,124.80,130.10,96.90,60.50,16.17,476.90,273.60,122.60,129.90,95.50,55.70,20.11,479.17,269.27,364.90,385.50,95.73,58.33,56.54
2026-04-29 12:32:00,2026-04-29 12:32:59,Q10,479.40,240.80,107.20,115.00,94.80,65.40,18.23,480.60,248.90,114.20,119.00,96.70,67.50,14.89,477.30,253.00,114.00,120.70,95.40,62.90,17.91,479.10,247.57,335.40,354.70,95.63,65.27,51.03
2026-04-29 12:33:00,2026-04-29 12:33:59,Q10,479.90,228.40,102.50,109.20,94.80,66.40,16.91,481.90,237.70,109.60,114.00,97.00,68.00,13.49,475.90,242.20,108.30,114.90,95.00,63.20,17.63,479.23,236.10,320.40,338.10,95.60,65.87,48.03
2026-04-29 12:34:00,2026-04-29 12:34:59,Q10,478.70,216.80,96.80,103.20,94.60,70.40,16.34,482.20,231.60,107.70,111.30,97.20,71.50,12.46,475.80,234.50,105.40,111.20,95.10,66.40,16.94,478.90,227.63,309.90,325.70,95.63,69.43,45.74
2026-04-29 12:35:00,2026-04-29 12:35:59,Q10,478.20,222.40,99.60,106.10,94.60,70.40,16.77,481.30,230.10,105.60,110.60,96.80,68.90,13.23,475.80,231.90,103.60,109.70,95.10,64.30,16.91,478.43,228.13,308.80,326.40,95.50,67.87,46.91
2026-04-29 12:36:00,2026-04-29 12:36:59,Q10,478.40,219.40,97.80,104.70,94.50,67.10,16.77,481.60,233.10,107.50,112.10,96.90,67.30,13.03,475.70,230.70,103.60,109.20,95.20,63.90,16.71,478.57,227.73,308.90,326.00,95.53,66.10,46.51
2026-04-29 12:37:00,2026-04-29 12:37:59,Q10,478.40,231.40,103.40,110.40,94.50,67.10,17.74,482.10,239.70,111.60,115.20,97.00,67.80,13.54,475.50,246.10,110.20,116.80,95.20,61.90,17.80,478.67,239.07,325.20,342.40,95.57,65.60,49.09
2026-04-29 12:38:00,2026-04-29 12:38:59,Q10,479.60,231.40,103.40,110.60,94.70,65.80,17.46,480.20,244.10,112.30,117.10,96.90,64.90,14.00,476.40,247.60,111.20,117.60,95.10,61.70,17.89,478.73,241.03,326.90,345.30,95.57,64.13,49.34
2026-04-29 12:39:00,2026-04-29 12:39:59,Q10,479.40,230.90,103.40,110.20,94.80,66.40,17.31,480.10,243.00,111.40,116.60,96.80,67.60,14.03,476.60,242.50,109.20,115.20,95.10,63.50,17.83,478.70,238.80,324.00,342.00,95.57,65.83,49.17
2026-04-29 12:40:00,2026-04-29 12:40:59,Q10,479.50,235.70,105.30,112.60,94.90,66.40,17.31,481.40,245.30,112.30,117.80,96.90,66.20,14.11,475.60,247.20,111.20,117.30,95.00,63.60,18.29,478.83,242.73,328.80,347.70,95.60,65.40,49.71
2026-04-29 12:41:00,2026-04-29 12:41:59,Q10,478.60,237.20,106.20,113.30,94.60,64.80,18.17,481.30,243.80,112.50,116.90,97.00,67.20,13.97,477.90,251.40,113.10,119.70,95.40,62.60,17.80,479.27,244.13,331.80,349.90,95.67,64.87,49.94
2026-04-29 12:42:00,2026-04-29 12:42:59,Q10,478.30,242.10,108.10,115.70,94.60,64.10,18.74,482.40,253.00,117.40,121.90,97.20,66.00,14.06,476.80,257.50,115.90,122.30,95.30,60.90,18.74,479.17,250.87,341.40,359.90,95.70,63.67,51.54
2026-04-29 12:43:00,2026-04-29 12:43:59,Q10,478.30,240.90,107.20,114.70,94.60,63.20,18.63,482.10,249.80,115.20,120.00,96.80,64.80,14.66,477.20,255.70,114.90,121.60,95.50,60.10,18.11,479.20,248.80,337.30,356.30,95.63,62.70,51.40
2026-04-29 12:45:00,2026-04-29 12:45:59,Q10,478.60,230.30,102.50,109.90,94.40,67.90,18.03,481.00,239.80,110.60,115.00,97.00,69.40,13.57,477.20,248.80,112.10,118.30,95.30,63.00,17.74,478.93,239.63,325.20,343.20,95.57,66.77,49.34
2026-04-29 12:46:00,2026-04-29 12:46:59,Q10,478.40,226.50,101.50,108.00,94.60,68.10,17.26,481.80,237.70,109.60,114.00,97.00,68.10,13.34,475.40,241.30,108.30,114.50,95.10,64.20,17.57,478.53,235.17,319.40,336.50,95.57,66.80,48.17
2026-04-29 12:47:00,2026-04-29 12:47:59,Q10,479.30,218.70,97.80,104.40,94.60,70.10,16.46,480.10,229.70,104.60,109.90,96.90,70.90,13.09,476.70,233.00,104.50,110.90,95.00,67.20,16.97,478.70,227.13,306.90,325.20,95.50,69.40,46.51
2026-04-29 12:48:00,2026-04-29 12:48:59,Q10,477.60,220.80,97.80,104.90,94.40,67.90,16.89,481.80,232.10,107.70,111.60,97.20,68.10,12.60,476.80,234.40,105.40,111.40,95.00,63.00,17.51,478.73,229.10,310.90,327.90,95.53,66.33,47.00
2026-04-29 12:49:00,2026-04-29 12:49:59,Q10,479.60,214.50,95.90,102.50,94.80,69.50,16.03,480.20,230.90,106.70,110.40,97.00,70.60,13.03,476.10,231.70,102.50,110.00,94.90,66.30,17.17,478.63,225.70,305.10,322.90,95.57,68.80,46.23
2026-04-29 12:50:00,2026-04-29 12:50:59,Q10,478.90,215.60,95.90,102.80,94.60,67.30,16.23,480.40,226.30,103.70,108.50,96.90,70.90,12.83,477.30,229.90,103.60,109.20,95.20,63.50,16.37,478.87,223.93,303.20,320.50,95.57,67.23,45.43
2026-04-29 12:51:00,2026-04-29 12:51:59,Q10,478.30,222.50,99.60,106.10,94.70,69.90,16.49,481.40,232.10,106.60,111.60,96.80,71.00,13.31,477.70,230.60,103.60,109.70,95.10,66.40,16.83,479.13,228.40,309.80,327.40,95.53,69.10,46.63
2026-04-29 12:52:00,2026-04-29 12:52:59,Q10,479.30,226.50,101.50,108.30,94.70,67.20,16.80,480.50,232.20,107.70,111.40,97.00,68.20,13.29,476.50,237.00,106.40,112.80,95.00,64.20,17.57,478.77,231.90,315.60,332.50,95.57,66.53,47.66
2026-04-29 12:53:00,2026-04-29 12:53:59,Q10,478.90,228.30,101.50,109.00,94.60,67.60,17.31,481.90,238.20,110.60,114.50,97.00,70.00,13.40,476.40,240.70,108.30,114.20,95.40,64.30,17.06,479.07,235.73,320.40,337.70,95.67,67.30,47.77
2026-04-29 12:54:00,2026-04-29 12:54:59,Q10,479.40,229.50,102.50,109.70,94.80,66.00,17.14,480.40,237.10,109.60,113.80,97.00,67.90,13.40,476.70,244.00,110.20,116.10,95.30,62.30,17.40,478.83,236.87,322.30,339.60,95.70,65.40,47.94
2026-04-29 12:55:00,2026-04-29 12:55:59,Q10,479.10,228.80,102.50,109.20,94.50,67.70,17.66,480.40,242.30,111.40,116.20,96.90,68.30,13.83,477.10,243.60,109.20,115.90,95.10,62.90,17.86,478.87,238.23,323.10,341.30,95.50,66.30,49.34
2026-04-29 12:56:00,2026-04-29 12:56:59,Q10,479.90,233.40,104.30,111.60,94.70,65.80,17.80,481.70,248.40,115.40,119.30,97.20,66.90,13.74,475.80,252.30,111.90,119.70,94.90,62.50,18.91,479.13,244.70,331.60,350.60,95.60,65.07,50.46
2026-04-29 12:57:00,2026-04-29 12:57:59,Q10,477.90,243.30,108.10,115.90,94.70,64.70,18.63,482.00,257.70,119.30,123.90,97.20,65.80,14.20,476.40,260.10,116.80,123.80,95.10,60.90,19.31,478.77,253.70,344.20,363.60,95.67,63.80,52.14
2026-04-29 12:58:00,2026-04-29 12:58:59,Q10,478.50,236.60,105.30,112.80,94.80,65.10,18.03,480.70,250.80,116.40,120.00,97.00,65.90,14.20,477.20,253.90,114.00,120.70,95.20,60.90,18.49,478.80,247.10,335.70,353.50,95.67,63.97,50.71
2026-04-29 12:59:00,2026-04-29 12:59:59,Q10,479.10,230.20,103.40,110.20,94.50,66.20,17.69,481.10,239.90,110.60,115.00,97.10,67.20,13.23,476.30,245.40,110.20,116.60,95.30,62.10,17.66,478.83,238.50,324.20,341.80,95.63,65.17,48.57
2026-04-29 13:00:00,2026-04-29 13:00:59,Q10,478.20,221.10,98.70,105.60,94.70,70.70,16.23,481.30,227.70,104.60,109.20,96.90,71.50,12.89,477.30,229.50,103.60,109.20,95.10,67.40,16.63,478.93,226.10,306.90,324.00,95.57,69.87,45.74
2026-04-29 13:01:00,2026-04-29 13:01:59,Q10,478.00,206.90,92.10,98.50,94.90,73.90,14.77,481.30,218.90,99.80,104.90,96.90,72.20,12.34,476.90,219.60,97.80,104.20,94.60,69.10,16.37,478.73,215.13,289.70,307.60,95.47,71.73,43.49
2026-04-29 13:02:00,2026-04-29 13:02:59,Q10,478.60,207.10,92.10,98.90,94.70,74.30,14.97,482.00,217.60,100.90,104.60,97.10,72.70,11.86,475.50,219.80,97.80,104.00,94.40,68.40,16.86,478.70,214.83,290.80,307.50,95.40,71.80,43.69
2026-04-29 13:03:00,2026-04-29 13:03:59,Q10,477.90,211.00,94.00,100.60,94.50,70.90,16.03,481.80,224.50,103.80,107.70,97.00,70.50,12.51,477.30,225.30,100.60,107.30,94.70,64.70,16.94,479.00,220.27,298.40,315.60,95.40,68.70,45.49
2026-04-29 13:04:00,2026-04-29 13:04:59,Q10,479.10,215.60,95.90,103.00,94.70,70.00,16.00,480.10,229.90,104.60,109.90,96.90,71.50,12.89,477.20,228.20,101.50,108.80,94.80,67.10,17.06,478.80,224.57,302.00,321.70,95.47,69.53,45.94
2026-04-29 13:05:00,2026-04-29 13:05:59,Q10,478.00,221.90,98.70,105.60,94.60,69.10,16.74,480.70,228.20,104.60,109.40,96.90,70.80,13.26,477.30,231.20,104.50,110.20,95.10,65.30,17.06,478.67,227.10,307.80,325.20,95.53,68.40,47.06
2026-04-29 13:06:00,2026-04-29 13:06:59,Q10,479.30,218.40,97.80,104.40,94.30,66.10,17.23,480.40,232.10,106.60,111.40,96.90,68.30,13.00,477.20,236.70,106.40,112.60,95.30,64.10,16.69,478.97,229.07,310.80,328.40,95.50,66.17,46.91
2026-04-29 13:07:00,2026-04-29 13:07:59,Q10,478.60,230.70,102.50,109.90,94.40,67.30,18.00,481.90,242.50,112.50,116.40,97.10,69.10,13.34,475.80,243.00,109.20,115.40,95.40,63.10,17.57,478.77,238.73,324.20,341.70,95.63,66.50,48.91
2026-04-29 13:08:00,2026-04-29 13:08:59,Q10,478.50,228.70,101.50,109.00,94.30,65.20,17.66,481.60,234.20,108.60,112.60,97.00,67.40,13.37,477.30,242.60,109.20,115.40,95.20,62.50,17.51,479.13,235.17,319.30,337.00,95.50,65.03,48.54
2026-04-29 13:09:00,2026-04-29 13:09:59,Q10,478.70,232.10,103.40,110.90,94.40,66.00,18.23,480.70,241.10,111.60,115.70,97.00,66.70,13.80,477.30,247.20,111.20,117.80,95.30,63.00,17.77,478.90,240.13,326.20,344.40,95.57,65.23,49.80
2026-04-29 13:10:00,2026-04-29 13:10:59,Q10,480.30,231.40,103.40,110.90,94.50,67.10,17.83,481.30,242.10,111.40,116.40,96.90,68.90,13.86,476.30,246.20,111.20,117.10,95.20,62.80,17.94,479.30,239.90,326.00,344.40,95.53,66.27,49.63
2026-04-29 13:11:00,2026-04-29 13:11:59,Q10,478.10,235.80,105.30,112.30,94.20,65.00,18.54,482.40,244.20,113.50,117.60,97.20,66.30,13.43,476.30,248.20,112.10,118.00,95.20,61.20,18.37,478.93,242.73,330.90,347.90,95.53,64.17,50.34
2026-04-29 13:12:00,2026-04-29 13:12:59,Q10,479.00,226.60,101.50,108.30,94.40,67.10,17.54,481.30,232.30,106.60,111.60,96.90,71.30,13.23,478.20,239.60,108.30,114.20,95.50,64.50,16.69,479.50,232.83,316.40,334.10,95.60,67.63,47.46
2026-04-29 13:13:00,2026-04-29 13:13:59,Q10,479.40,223.10,99.60,106.80,94.40,69.20,17.17,482.20,232.90,107.70,111.80,97.10,70.70,12.91,475.80,241.10,108.30,114.50,95.20,65.10,17.34,479.13,232.37,315.60,333.10,95.57,68.33,47.43
2026-04-29 13:14:00,2026-04-29 13:14:59,Q10,479.10,214.10,95.90,102.50,94.60,70.10,16.00,481.10,220.40,100.80,105.80,96.90,72.00,12.54,478.30,221.80,99.80,105.60,95.30,66.10,15.83,479.50,218.77,296.50,313.90,95.60,69.40,44.37
2026-04-29 13:15:00,2026-04-29 13:15:59,Q10,479.80,210.90,94.00,100.60,94.60,72.20,15.34,481.80,219.00,100.80,105.30,96.90,73.50,12.37,476.00,219.30,97.80,104.20,94.70,68.80,16.37,479.20,216.40,292.60,310.10,95.40,71.50,44.09
2026-04-29 13:16:00,2026-04-29 13:16:59,Q10,478.70,208.10,93.10,99.40,94.50,69.90,15.57,481.40,219.90,101.80,105.30,97.00,69.80,12.03,477.20,224.30,99.60,106.80,94.90,65.80,16.26,479.10,217.43,294.50,311.50,95.47,68.50,43.86
2026-04-29 13:17:00,2026-04-29 13:17:59,Q10,478.60,216.30,96.80,103.20,94.40,71.50,16.46,481.20,226.60,104.80,108.70,97.00,72.50,12.54,477.50,232.70,104.50,110.70,95.10,67.30,16.71,479.10,225.20,306.10,322.60,95.50,70.43,45.71
2026-04-29 13:18:00,2026-04-29 13:18:59,Q10,478.50,220.90,98.70,105.20,94.20,67.60,17.17,481.40,227.10,105.70,109.20,97.10,68.40,12.51,477.80,232.60,104.50,110.70,95.40,63.10,16.57,479.23,226.87,308.90,325.10,95.57,66.37,46.26
2026-04-29 13:19:00,2026-04-29 13:19:59,Q10,479.30,230.80,103.40,110.20,94.60,65.70,17.60,481.30,241.10,111.60,115.90,97.10,68.50,13.37,475.60,245.20,110.20,116.40,95.20,62.70,17.71,478.73,239.03,325.20,342.50,95.63,65.63,48.69
2026-04-29 13:20:00,2026-04-29 13:20:59,Q10,477.60,225.40,100.60,107.30,94.40,66.90,17.23,481.30,235.10,109.60,113.00,97.10,66.20,12.77,476.70,235.30,105.40,111.90,95.50,62.30,16.74,478.53,231.93,315.60,332.20,95.67,65.13,46.74
2026-04-29 13:21:00,2026-04-29 13:21:59,Q10,480.00,223.80,100.60,107.00,94.60,67.70,16.97,481.50,233.20,107.50,112.10,96.90,70.90,13.23,476.20,237.00,106.40,112.80,95.30,65.00,16.97,479.23,231.33,314.50,331.90,95.60,67.87,47.17
2026-04-29 13:22:00,2026-04-29 13:22:59,Q10,479.90,217.00,96.80,103.90,94.70,70.80,16.06,481.10,227.20,104.60,109.20,96.90,70.60,12.83,476.10,227.80,102.60,108.10,95.10,65.90,16.60,479.03,224.00,304.00,321.20,95.57,69.10,45.49
2026-04-29 13:23:00,2026-04-29 13:23:59,Q10,478.50,213.20,94.90,101.80,94.50,71.10,16.11,480.80,226.70,103.70,108.50,96.90,72.70,12.60,477.90,222.40,99.80,105.90,95.20,67.30,16.29,479.07,220.77,298.40,316.20,95.53,70.37,45.00
2026-04-29 13:24:00,2026-04-29 13:24:59,Q10,478.50,219.00,97.80,104.70,94.60,66.20,16.77,479.90,227.00,103.70,108.70,96.80,68.10,13.29,476.90,231.20,103.60,110.00,95.20,63.40,16.77,478.43,225.73,305.10,323.40,95.53,65.90,46.83
2026-04-29 13:25:00,2026-04-29 13:25:59,Q10,478.70,213.80,95.90,101.80,95.10,61.00,15.83,480.10,223.00,103.80,107.00,97.20,63.50,12.63,474.70,226.40,101.70,107.10,95.20,59.00,16.91,477.83,221.07,301.40,315.90,95.83,61.17,45.37
2026-04-29 13:26:00,2026-04-29 13:26:59,Q10,478.50,206.60,93.10,98.50,95.00,63.60,15.43,479.40,218.30,99.80,104.40,96.90,63.40,12.74,475.60,220.10,98.80,104.50,95.20,60.60,16.06,477.83,215.00,291.70,307.40,95.70,62.53,44.23
2026-04-29 13:27:00,2026-04-29 13:27:59,Q10,477.80,197.80,88.30,94.00,95.00,65.70,14.57,478.90,204.70,93.10,97.50,96.90,67.70,12.03,475.70,209.30,94.10,99.30,95.10,63.60,15.20,477.47,203.93,275.50,290.80,95.67,65.67,41.80
2026-04-29 13:28:00,2026-04-29 13:28:59,Q10,477.00,192.80,85.50,91.60,94.80,67.70,14.66,480.70,204.60,94.10,97.90,97.10,68.90,11.49,475.50,209.60,94.10,99.30,95.10,64.40,15.34,477.73,202.33,273.70,288.80,95.67,67.00,41.49
2026-04-29 13:29:00,2026-04-29 13:29:59,Q10,477.40,198.70,89.30,94.40,95.00,63.10,14.77,480.10,208.80,95.00,99.80,96.80,65.30,12.23,476.60,209.10,94.10,99.50,95.30,61.90,15.17,478.03,205.53,278.40,293.70,95.70,63.43,42.17
2026-04-29 13:30:00,2026-04-29 13:30:59,Q10,479.30,204.70,92.20,97.70,95.10,65.50,14.86,480.10,216.00,99.90,103.70,97.10,66.00,12.20,475.10,214.70,94.90,101.70,94.90,62.80,16.29,478.17,211.80,287.00,303.10,95.70,64.77,43.34
2026-04-29 13:31:00,2026-04-29 13:31:59,Q10,477.50,213.40,95.90,101.60,95.00,60.30,15.97,480.80,223.80,103.80,107.00,97.00,62.00,12.89,476.40,226.20,101.70,107.60,95.30,56.70,16.49,478.23,221.13,301.40,316.20,95.77,59.67,45.34
2026-04-29 13:32:00,2026-04-29 13:32:59,Q10,478.90,207.20,93.10,98.90,95.10,62.70,15.43,480.10,218.80,99.80,104.60,96.90,65.20,12.91,476.90,221.90,99.80,105.20,95.30,60.80,16.09,478.63,215.97,292.70,308.70,95.77,62.90,44.43
2026-04-29 13:33:00,2026-04-29 13:33:59,Q10,479.30,204.10,92.20,97.70,95.10,65.40,15.03,479.80,213.90,98.90,102.00,97.00,65.90,12.49,476.20,213.50,95.90,101.40,95.10,61.00,16.03,478.43,210.50,287.00,301.10,95.73,64.10,43.54
2026-04-29 13:34:00,2026-04-29 13:34:59,Q10,479.30,197.50,89.30,94.40,95.00,66.80,14.71,480.20,210.80,96.00,100.80,96.90,67.10,12.06,475.50,212.00,95.00,100.70,95.00,63.50,15.57,478.33,206.77,280.30,295.90,95.63,65.80,42.34
2026-04-29 13:35:00,2026-04-29 13:35:59,Q10,477.80,198.50,89.30,94.40,95.00,67.10,14.60,480.50,206.50,95.10,98.90,97.00,68.40,11.86,476.40,208.80,94.10,99.00,95.20,64.20,15.26,478.23,204.60,278.50,292.30,95.73,66.57,41.71
2026-04-29 13:36:00,2026-04-29 13:36:59,Q10,478.60,194.60,86.50,92.70,94.90,67.90,14.40,481.20,206.80,96.00,99.10,97.10,68.60,11.54,475.40,207.80,93.10,98.30,95.00,64.10,15.31,478.40,203.07,275.60,290.10,95.67,66.87,41.26
2026-04-29 13:37:00,2026-04-29 13:37:59,Q10,477.50,198.60,88.40,94.40,94.80,64.30,15.06,481.50,209.90,97.00,100.50,97.20,64.70,11.74,475.20,213.30,94.90,101.20,94.80,61.90,16.34,478.07,207.27,280.30,296.10,95.60,63.63,43.14
2026-04-29 13:38:00,2026-04-29 13:38:59,Q10,478.90,217.00,96.80,103.70,94.80,61.10,16.57,480.20,224.10,103.80,107.50,97.00,63.40,13.11,477.00,231.40,104.50,110.20,95.40,59.10,16.51,478.70,224.17,305.10,321.40,95.73,61.20,46.20
2026-04-29 13:39:00,2026-04-29 13:39:59,Q10,478.80,214.60,95.90,102.30,94.80,63.00,16.40,480.00,223.50,102.70,107.00,96.90,64.60,13.09,476.60,228.00,102.60,108.50,95.40,60.20,16.40,478.47,222.03,301.20,317.80,95.70,62.60,45.89
2026-04-29 13:40:00,2026-04-29 13:40:59,Q10,479.10,211.70,94.90,101.10,94.80,64.00,16.06,480.10,220.60,100.80,105.60,96.90,65.10,12.94,476.70,224.70,100.70,106.60,95.30,61.10,16.31,478.63,219.00,296.40,313.30,95.67,63.40,45.31
2026-04-29 13:41:00,2026-04-29 13:41:59,Q10,478.00,208.60,93.10,99.40,94.60,63.70,16.11,481.50,217.20,100.90,104.40,97.00,63.20,12.34,475.00,220.00,98.80,104.50,95.40,59.90,15.97,478.17,215.27,292.80,308.30,95.67,62.27,44.43
2026-04-29 13:42:00,2026-04-29 13:42:59,Q10,479.60,210.70,94.00,100.60,94.70,64.20,15.97,480.30,217.60,100.90,104.20,97.00,65.70,12.49,476.30,218.40,97.80,103.80,95.30,61.60,16.00,478.73,215.57,292.70,308.60,95.67,63.83,44.46
2026-04-29 13:43:00,2026-04-29 13:43:59,Q10,478.20,205.10,91.20,98.00,94.60,64.30,15.66,480.50,212.30,97.00,101.80,96.90,63.60,12.26,477.30,214.40,96.90,102.10,95.30,60.20,15.71,478.67,210.60,285.10,301.90,95.60,62.70,43.63
2026-04-29 13:44:00,2026-04-29 13:44:59,Q10,478.60,207.90,92.10,98.90,94.70,65.20,15.77,481.80,216.70,99.90,103.90,97.10,66.10,12.09,475.60,212.80,95.00,100.70,95.40,59.20,15.77,478.67,212.47,287.00,303.50,95.73,63.50,43.63
2026-04-29 13:45:00,2026-04-29 13:45:59,Q10,478.90,214.10,95.90,102.30,94.70,62.40,16.57,481.20,226.20,104.80,108.70,97.00,64.20,12.91,475.50,225.60,100.70,106.90,95.40,59.00,16.49,478.53,221.97,301.40,317.90,95.70,61.87,45.97
2026-04-29 13:46:00,2026-04-29 13:46:59,Q10,478.20,217.10,96.80,103.70,94.60,60.40,16.71,482.40,222.10,103.80,107.00,97.00,65.10,12.74,476.50,226.00,101.70,107.60,95.50,59.10,16.26,479.03,221.73,302.30,318.30,95.70,61.53,45.71
2026-04-29 13:47:00,2026-04-29 13:47:59,Q10,480.60,211.70,94.90,101.30,94.80,61.10,16.31,481.20,223.60,102.70,107.30,96.80,64.00,13.11,477.40,225.60,101.70,107.30,95.40,59.30,16.20,479.73,220.30,299.30,315.90,95.67,61.47,45.63
2026-04-29 13:48:00,2026-04-29 13:48:59,Q10,481.00,228.60,102.50,109.70,94.40,69.10,17.20,482.20,234.50,107.50,112.80,96.90,71.40,13.29,477.00,237.10,107.30,113.00,95.20,65.60,17.17,480.07,233.40,317.30,335.50,95.50,68.70,47.66
2026-04-29 13:49:00,2026-04-29 13:49:59,Q10,480.60,221.70,99.60,106.10,94.30,70.30,16.91,483.10,230.30,107.70,111.10,97.00,71.10,12.69,477.00,235.20,106.40,112.10,95.10,65.90,16.94,480.23,229.07,313.70,329.30,95.47,69.10,46.54
2026-04-29 13:50:00,2026-04-29 13:50:59,Q10,480.10,258.00,115.60,123.80,94.40,62.10,20.51,483.30,266.00,122.90,128.50,96.90,64.60,15.34,477.20,270.90,121.60,128.80,95.70,58.90,19.11,480.20,264.97,360.10,381.10,95.67,61.87,54.97
2026-04-29 13:51:00,2026-04-29 13:51:59,Q10,480.30,327.60,146.60,157.00,94.60,50.30,26.89,482.00,334.60,153.60,161.00,96.80,52.60,20.74,476.80,343.80,154.90,163.30,95.80,48.30,24.83,479.70,335.33,455.10,481.30,95.73,50.40,72.46
2026-04-29 13:52:00,2026-04-29 13:52:59,Q10,480.00,395.10,177.70,189.60,94.60,44.10,32.66,481.50,397.80,182.40,191.00,96.60,47.90,25.97,478.10,404.90,183.40,193.10,95.90,42.20,29.60,479.87,399.27,543.50,573.70,95.70,44.73,88.23
2026-04-29 13:53:00,2026-04-29 13:53:59,Q10,479.60,244.00,109.00,116.90,94.30,64.30,19.54,482.30,250.00,115.20,120.50,96.70,68.20,14.74,479.10,251.80,115.20,120.20,96.00,60.60,17.29,480.33,248.60,339.40,357.60,95.67,64.37,51.57
2026-04-29 13:54:00,2026-04-29 13:54:59,Q10,480.90,216.40,96.80,103.70,94.60,67.40,16.40,482.70,233.60,108.60,112.30,97.00,70.10,12.89,477.40,236.60,105.30,112.60,94.90,63.50,17.17,480.33,228.87,310.70,328.60,95.50,67.00,46.46
2026-04-29 13:55:00,2026-04-29 13:55:59,Q10,480.10,200.30,91.20,96.00,95.10,74.20,14.03,481.80,206.50,95.00,99.10,96.60,73.70,12.31,478.80,208.10,93.10,99.40,94.90,72.70,15.00,480.23,204.97,279.30,294.50,95.53,73.53,41.34
2026-04-29 13:56:00,2026-04-29 13:56:59,Q10,481.20,173.80,78.80,83.20,95.80,74.90,11.26,481.90,186.90,86.30,89.50,97.00,75.60,10.17,477.30,185.50,82.70,88.20,94.90,74.60,13.06,480.13,182.07,247.80,260.90,95.90,75.03,34.49
2026-04-29 13:57:00,2026-04-29 13:57:59,Q10,479.40,159.20,72.20,76.20,95.90,80.60,9.77,482.80,168.30,77.60,81.00,97.20,79.90,8.66,478.60,168.30,76.00,80.30,95.20,78.20,11.31,480.27,165.27,225.80,237.50,96.10,79.57,29.74
2026-04-29 13:58:00,2026-04-29 13:58:59,Q10,479.70,139.90,63.40,66.60,96.30,82.00,8.17,483.50,151.20,69.80,72.90,97.60,80.30,7.09,478.40,150.20,67.40,71.70,95.50,80.30,9.63,480.53,147.10,200.60,211.20,96.47,80.87,24.89
2026-04-29 13:59:00,2026-04-29 13:59:59,Q10,479.90,128.60,58.60,61.30,96.60,85.40,7.26,483.40,141.30,66.00,68.10,97.70,83.50,6.40,478.10,139.80,62.70,66.40,95.60,83.70,8.77,480.47,136.57,187.30,195.80,96.63,84.20,22.43
2026-04-29 14:00:00,2026-04-29 14:00:59,Q10,479.50,126.20,57.60,60.40,96.90,85.70,6.63,482.70,135.00,63.00,65.10,97.80,85.40,6.00,478.80,132.80,59.80,63.10,95.90,85.80,7.94,480.33,131.33,180.40,188.60,96.87,85.63,20.57
2026-04-29 14:01:00,2026-04-29 14:01:59,Q10,480.80,125.10,57.60,60.00,96.90,86.90,6.63,481.50,134.20,62.10,64.50,97.80,85.50,6.06,478.10,133.30,59.80,63.60,95.80,85.20,8.14,480.13,130.87,179.50,188.10,96.83,85.87,20.83
2026-04-29 14:02:00,2026-04-29 14:02:59,Q10,481.00,132.00,60.50,63.50,96.70,83.10,7.11,482.10,138.40,64.00,66.50,97.70,84.30,6.40,478.10,140.60,62.70,66.90,95.60,83.00,8.66,480.40,137.00,187.20,196.90,96.67,83.47,22.17
2026-04-29 14:03:00,2026-04-29 14:03:59,Q10,480.20,131.30,59.50,62.90,96.60,86.40,7.20,483.20,139.80,65.00,67.10,97.80,84.90,6.23,478.10,139.10,62.70,66.40,95.70,83.60,8.54,480.50,136.73,187.20,196.40,96.70,84.97,21.97
2026-04-29 14:04:00,2026-04-29 14:04:59,Q10,480.00,131.30,59.50,62.90,96.50,83.60,7.31,481.80,139.00,64.00,66.90,97.70,84.10,6.34,479.10,138.60,62.70,66.10,95.80,83.80,8.57,480.30,136.30,186.20,195.90,96.67,83.83,22.23
2026-04-29 14:05:00,2026-04-29 14:05:59,Q10,480.70,132.20,60.50,63.40,96.50,85.10,7.40,482.20,141.00,65.00,68.00,97.70,85.90,6.37,477.40,139.20,62.70,66.30,95.60,84.60,8.77,480.10,137.47,188.20,197.70,96.60,85.20,22.54
2026-04-29 14:06:00,2026-04-29 14:06:59,Q10,481.30,125.40,57.60,60.10,96.90,84.90,6.63,481.70,135.70,62.10,64.90,97.80,82.20,6.03,477.70,136.10,60.80,64.90,95.70,83.10,8.26,480.23,132.40,180.50,189.90,96.80,83.40,20.91
2026-04-29 14:07:00,2026-04-29 14:07:59,Q10,480.50,121.50,55.70,58.10,96.80,87.40,6.51,483.00,134.80,62.10,64.70,97.90,86.30,5.77,477.00,130.80,58.90,62.00,95.80,86.00,7.91,480.17,129.03,176.70,184.80,96.83,86.57,20.20
2026-04-29 14:08:00,2026-04-29 14:08:59,Q10,479.90,123.90,55.70,58.90,96.90,85.40,6.60,483.40,136.30,63.00,65.70,97.90,86.30,5.89,477.50,133.90,59.80,63.40,95.70,85.50,8.20,480.27,131.37,178.50,188.00,96.83,85.73,20.69
2026-04-29 14:09:00,2026-04-29 14:09:59,Q10,479.20,127.30,57.60,60.80,96.50,84.30,7.11,482.60,137.30,64.00,66.00,97.70,80.30,6.23,476.80,138.20,61.80,65.70,95.80,81.80,8.34,479.53,134.27,183.40,192.50,96.67,82.13,21.69
2026-04-29 14:10:00,2026-04-29 14:10:59,Q10,478.90,129.40,58.60,61.70,96.60,86.10,7.14,482.40,139.50,64.00,67.00,97.70,85.90,6.31,477.80,137.00,61.80,65.30,95.80,85.10,8.37,479.70,135.30,184.40,194.00,96.70,85.70,21.83
2026-04-29 14:11:00,2026-04-29 14:11:59,Q10,480.50,132.50,60.50,63.40,96.60,85.40,7.29,482.50,141.80,65.00,68.00,97.70,84.60,6.37,476.80,138.70,61.80,65.70,95.70,85.30,8.71,479.93,137.67,187.30,197.10,96.67,85.10,22.37
2026-04-29 14:12:00,2026-04-29 14:12:59,Q10,479.60,129.00,58.60,61.80,96.70,85.10,7.00,482.50,141.00,65.00,68.00,97.80,84.60,6.20,477.20,137.40,61.80,65.30,95.70,85.00,8.51,479.77,135.80,185.40,195.10,96.73,84.90,21.71
2026-04-29 14:13:00,2026-04-29 14:13:59,Q10,479.00,125.50,56.60,59.90,96.70,85.80,6.97,482.20,139.50,64.00,67.00,97.80,86.50,6.20,477.80,137.90,61.80,65.30,95.70,85.30,8.46,479.67,134.30,182.40,192.20,96.73,85.87,21.63
2026-04-29 14:14:00,2026-04-29 14:14:59,Q10,479.10,122.70,55.70,58.40,96.80,85.70,6.51,482.90,132.40,61.10,63.60,97.90,85.50,5.66,477.40,130.10,58.90,62.00,95.80,85.60,7.97,479.80,128.40,175.70,184.00,96.83,85.60,20.14
2026-04-29 14:15:00,2026-04-29 14:15:59,Q10,479.40,121.60,54.70,58.00,96.80,87.50,6.51,482.70,134.90,62.10,64.60,97.90,88.20,5.71,476.80,131.80,58.90,62.40,95.80,87.00,8.00,479.63,129.43,175.70,185.00,96.83,87.57,20.23
2026-04-29 14:16:00,2026-04-29 14:16:59,Q10,479.10,127.10,57.60,60.80,96.70,87.40,6.80,482.60,137.00,64.00,66.00,97.80,85.50,6.11,477.90,134.90,59.80,63.90,95.60,85.90,8.37,479.87,133.00,181.40,190.70,96.70,86.27,21.29
2026-04-29 14:17:00,2026-04-29 14:17:59,Q10,480.10,129.30,58.60,61.90,96.80,83.00,7.03,481.30,142.60,66.00,68.30,97.70,82.00,6.40,478.40,136.80,61.80,65.00,95.90,81.40,8.34,479.93,136.23,186.40,195.20,96.80,82.13,21.77
2026-04-29 14:18:00,2026-04-29 14:18:59,Q10,479.30,130.70,59.50,62.30,96.50,86.10,7.20,482.90,140.50,65.00,67.50,97.80,84.60,6.17,477.80,139.00,62.70,66.30,95.70,83.90,8.57,480.00,136.73,187.20,196.10,96.67,84.87,21.94
2026-04-29 14:19:00,2026-04-29 14:19:59,Q10,480.60,128.70,58.60,61.40,96.80,83.80,6.91,482.50,139.60,64.00,67.00,97.70,80.30,6.40,477.00,138.60,61.80,65.80,95.60,82.10,8.63,480.03,135.63,184.40,194.20,96.70,82.07,21.94
2026-04-29 14:20:00,2026-04-29 14:20:59,Q10,481.00,129.50,59.50,62.00,96.90,86.40,6.83,482.20,138.90,64.00,66.50,97.70,85.40,6.26,477.90,136.50,60.80,64.90,95.70,85.60,8.37,480.37,134.97,184.30,193.40,96.77,85.80,21.46
2026-04-29 14:21:00,2026-04-29 14:21:59,Q10,479.90,126.20,57.60,60.40,96.80,85.30,6.86,481.90,138.20,64.00,66.40,97.60,85.00,6.37,478.50,136.20,61.80,65.00,95.70,80.70,8.37,480.10,133.53,183.40,191.80,96.70,83.67,21.60
2026-04-29 14:22:00,2026-04-29 14:22:59,Q10,480.40,124.70,56.60,59.50,96.90,86.70,6.49,483.10,134.50,62.10,64.70,97.80,86.20,5.97,477.00,132.30,58.90,63.00,95.70,86.10,8.09,480.17,130.50,177.60,187.20,96.80,86.33,20.54
2026-04-29 14:23:00,2026-04-29 14:23:59,Q10,479.60,123.00,56.30,58.90,97.00,87.10,6.14,483.00,131.30,61.10,63.30,97.90,86.20,5.60,478.00,127.00,57.00,60.70,95.80,85.10,7.74,480.20,127.10,174.40,182.90,96.90,86.13,19.49
2026-04-29 14:24:00,2026-04-29 14:24:59,Q10,479.70,118.30,54.30,56.50,97.00,88.00,6.06,483.20,128.30,59.20,61.80,97.90,87.60,5.57,477.70,128.00,58.00,61.10,95.80,87.50,7.66,480.20,124.87,171.50,179.40,96.90,87.70,19.29
2026-04-29 14:25:00,2026-04-29 14:25:59,Q10,480.90,124.10,57.20,59.50,97.10,86.00,6.34,482.10,136.50,63.00,65.60,97.80,85.40,6.00,476.90,131.30,58.90,62.40,95.70,86.00,8.11,479.97,130.63,179.10,187.50,96.87,85.80,20.46
2026-04-29 14:26:00,2026-04-29 14:26:59,Q10,480.30,122.80,55.70,58.60,96.80,87.00,6.46,481.40,132.20,61.10,63.50,97.80,86.10,5.86,478.50,132.40,59.80,63.10,95.80,87.60,7.91,480.07,129.13,176.60,185.20,96.80,86.90,20.23
2026-04-29 14:27:00,2026-04-29 14:27:59,Q10,479.10,120.50,55.30,57.50,97.00,85.50,6.17,482.70,131.90,61.10,63.10,97.80,84.80,5.71,477.90,126.80,57.00,60.10,95.80,85.70,7.74,479.90,126.40,173.40,180.70,96.87,85.33,19.63
2026-04-29 14:28:00,2026-04-29 14:28:59,Q10,479.00,124.90,56.60,59.40,96.90,88.10,6.43,482.30,135.60,63.00,65.10,97.70,86.80,5.97,478.00,129.30,58.00,61.70,95.70,86.80,8.03,479.77,129.93,177.60,186.20,96.77,87.23,20.43
2026-04-29 14:29:00,2026-04-29 14:29:59,Q10,480.60,118.70,54.30,56.60,97.00,85.50,6.06,482.70,129.90,60.10,62.20,97.80,83.80,5.66,476.90,125.20,56.00,59.50,95.70,85.40,7.74,480.07,124.60,170.40,178.30,96.83,84.90,19.46
2026-04-29 14:30:00,2026-04-29 14:30:59,Q10,478.80,115.00,51.80,55.00,96.90,88.40,6.14,482.60,127.60,59.80,61.20,98.00,88.20,5.31,476.90,126.50,56.00,60.00,95.70,87.80,7.71,479.43,123.03,167.60,176.20,96.87,88.13,19.17
2026-04-29 14:31:00,2026-04-29 14:31:59,Q10,478.90,118.30,54.30,56.40,97.00,88.30,6.09,482.10,130.00,60.10,62.70,97.90,87.10,5.60,478.00,126.30,57.00,60.20,95.80,87.30,7.66,479.67,124.87,171.40,179.30,96.90,87.57,19.34
2026-04-29 14:33:00,2026-04-29 14:33:59,Q10,479.30,121.10,55.30,58.00,97.10,87.00,6.11,482.70,131.50,61.10,63.10,97.90,86.20,5.66,477.50,128.30,58.00,61.10,95.80,86.20,7.69,479.83,126.97,174.40,182.20,96.93,86.47,19.46
2026-04-29 14:34:00,2026-04-29 14:34:59,Q10,481.20,120.80,55.30,57.70,97.10,83.70,6.11,481.70,132.10,61.10,63.50,97.80,83.30,5.83,477.90,129.40,58.00,61.50,95.70,85.90,7.89,480.27,127.43,174.40,182.70,96.87,84.30,19.83
2026-04-29 14:35:00,2026-04-29 14:35:59,Q10,479.10,121.80,55.30,58.00,97.00,87.20,6.37,481.70,134.40,62.10,64.50,97.70,86.10,5.89,478.40,130.10,59.50,62.10,96.00,85.70,7.69,479.73,128.77,176.90,184.60,96.90,86.33,19.94
2026-04-29 14:36:00,2026-04-29 14:36:59,Q10,479.50,127.50,57.60,60.80,96.90,83.30,6.77,481.80,137.40,63.00,65.90,97.50,82.40,6.37,478.70,133.70,60.50,63.60,96.00,82.40,7.91,480.00,132.87,181.10,190.30,96.80,82.70,21.06
2026-04-29 14:37:00,2026-04-29 14:37:59,Q10,479.50,121.00,55.30,58.00,97.10,88.20,6.14,482.80,129.70,60.10,62.20,97.70,87.40,5.83,478.40,127.80,57.60,60.70,96.00,86.80,7.54,480.23,126.17,173.00,180.90,96.93,87.47,19.51
2026-04-29 14:38:00,2026-04-29 14:38:59,Q10,481.20,119.30,55.30,57.20,97.30,88.40,5.80,482.30,125.60,58.20,60.20,97.70,88.40,5.69,477.10,122.20,55.70,58.20,96.00,88.80,7.26,480.20,122.37,169.20,175.60,97.00,88.53,18.74
2026-04-29 14:39:00,2026-04-29 14:39:59,Q10,481.30,120.20,55.30,57.70,97.00,87.50,6.17,481.50,129.70,60.10,62.00,97.60,87.20,5.89,477.80,123.60,55.70,58.70,96.00,87.60,7.43,480.20,124.50,171.10,178.40,96.87,87.43,19.49
2026-04-29 14:40:00,2026-04-29 14:40:59,Q10,480.70,117.40,53.80,56.20,96.90,83.60,6.14,481.70,126.00,58.20,60.60,97.50,82.50,5.94,477.00,122.60,55.10,58.20,95.60,84.10,7.63,479.80,122.00,167.10,175.00,96.67,83.40,19.71
2026-04-29 14:41:00,2026-04-29 14:41:59,Q10,478.60,119.10,53.80,56.90,96.60,84.00,6.60,480.60,127.80,58.20,61.00,97.30,83.80,6.26,476.80,124.00,56.00,59.00,95.70,83.70,7.74,478.67,123.63,168.00,176.90,96.53,83.83,20.60
2026-04-29 14:42:00,2026-04-29 14:42:59,Q10,478.30,117.40,52.80,55.90,96.70,83.60,6.51,480.80,127.90,58.20,61.00,97.30,82.40,6.20,477.30,124.50,56.00,59.10,95.80,82.10,7.60,478.80,123.27,167.00,176.00,96.60,82.70,20.31
2026-04-29 14:43:00,2026-04-29 14:43:59,Q10,478.50,118.80,53.80,56.40,96.60,83.30,6.69,480.50,126.20,58.20,60.50,97.50,82.90,6.14,477.20,126.50,57.00,60.10,95.60,83.00,7.94,478.73,123.83,169.00,177.00,96.57,83.07,20.77
2026-04-29 14:44:00,2026-04-29 14:44:59,Q10,478.50,118.50,53.80,56.40,96.60,80.30,6.66,482.00,128.00,59.20,61.70,97.50,80.80,6.06,476.10,124.90,56.00,59.00,95.60,80.40,7.94,478.87,123.80,169.00,177.10,96.57,80.50,20.66
2026-04-29 14:45:00,2026-04-29 14:45:59,Q10,479.80,111.00,50.90,53.20,96.90,85.00,5.89,480.10,119.60,55.30,57.10,97.50,84.40,5.71,476.00,113.50,50.30,53.80,95.80,84.80,7.14,478.63,114.70,156.50,164.10,96.73,84.73,18.74
2026-04-29 14:46:00,2026-04-29 14:46:59,Q10,478.80,108.20,49.00,51.60,96.90,86.30,5.71,481.90,117.90,54.30,56.30,97.60,85.30,5.40,475.70,114.20,51.30,54.20,95.80,83.70,6.97,478.80,113.43,154.60,162.10,96.77,85.10,18.09
2026-04-29 14:47:00,2026-04-29 14:47:59,Q10,478.40,117.40,52.80,55.90,96.70,80.00,6.29,482.00,123.70,57.20,59.30,97.50,81.10,5.89,476.00,120.50,54.20,57.10,95.70,81.10,7.51,478.80,120.53,164.20,172.30,96.63,80.73,19.69
2026-04-29 14:48:00,2026-04-29 14:48:59,Q10,479.50,113.90,51.80,54.10,96.90,84.80,5.97,481.20,122.80,56.30,58.70,97.60,83.70,5.63,475.70,117.70,52.20,55.60,95.60,84.10,7.43,478.80,118.13,160.30,168.40,96.70,84.20,19.03
2026-04-29 14:49:00,2026-04-29 14:49:59,Q10,478.50,113.10,51.80,54.00,96.80,85.50,6.09,481.10,121.50,56.30,58.20,97.50,85.30,5.74,477.20,117.40,52.20,55.80,95.80,84.80,7.34,478.93,117.33,160.30,168.00,96.70,85.20,19.17
2026-04-29 14:50:00,2026-04-29 14:50:59,Q10,480.00,115.30,52.80,55.20,96.80,83.20,6.20,480.70,121.50,56.30,58.10,97.50,81.50,5.86,476.90,121.00,54.20,57.60,95.70,83.30,7.49,479.20,119.27,163.30,170.90,96.67,82.67,19.54
2026-04-29 14:51:00,2026-04-29 14:51:59,Q10,480.30,118.40,53.80,56.60,96.70,84.00,6.49,481.20,130.20,60.10,62.50,97.50,83.70,6.17,476.10,127.20,57.00,60.50,95.50,83.70,8.00,479.20,125.27,170.90,179.60,96.57,83.80,20.66
2026-04-29 14:52:00,2026-04-29 14:52:59,Q10,478.70,126.30,57.60,60.20,96.40,81.10,7.14,482.00,132.50,61.10,63.60,97.40,80.80,6.57,477.50,130.00,58.90,62.00,95.40,80.60,8.57,479.40,129.60,177.60,185.80,96.40,80.83,22.29
2026-04-29 14:53:00,2026-04-29 14:53:59,Q10,479.90,116.50,52.80,55.60,96.90,84.20,6.23,480.90,122.80,56.30,58.60,97.50,83.20,5.97,478.10,120.70,54.20,57.40,95.90,84.90,7.40,479.63,120.00,163.30,171.60,96.77,84.10,19.60
2026-04-29 14:54:00,2026-04-29 14:54:59,Q10,480.70,114.90,51.80,54.70,96.80,85.10,6.23,481.20,124.80,57.20,59.60,97.50,84.70,6.00,477.40,122.50,55.10,58.20,95.60,84.20,7.63,479.77,120.73,164.10,172.50,96.63,84.67,19.86
2026-04-29 14:55:00,2026-04-29 14:55:59,Q10,480.40,123.60,56.60,59.00,96.60,80.30,6.89,482.10,133.00,62.10,64.10,97.40,80.30,6.54,476.20,128.50,57.00,60.90,95.40,81.10,8.40,479.57,128.37,175.70,184.00,96.47,80.57,21.83
2026-04-29 14:56:00,2026-04-29 14:56:59,Q10,480.50,121.80,55.70,58.10,96.70,84.00,6.66,481.60,131.40,61.10,63.00,97.50,82.80,6.31,476.40,127.00,57.00,60.50,95.40,82.80,8.31,479.50,126.73,173.80,181.60,96.53,83.20,21.29
2026-04-29 14:57:00,2026-04-29 14:57:59,Q10,480.30,117.90,53.80,56.20,96.70,81.60,6.54,481.50,129.70,60.10,62.00,97.40,80.80,6.29,476.50,124.50,56.00,59.00,95.50,81.00,7.94,479.43,124.03,169.90,177.20,96.53,81.13,20.77
2026-04-29 14:58:00,2026-04-29 14:58:59,Q10,479.50,121.10,54.70,58.00,96.60,83.90,6.69,480.30,129.60,59.20,61.90,97.30,83.10,6.43,477.50,124.00,56.00,59.10,95.50,83.50,8.06,479.10,124.90,169.90,179.00,96.47,83.50,21.17
2026-04-29 14:59:00,2026-04-29 14:59:59,Q10,478.70,93.40,43.10,44.50,98.40,16.30,4.54,481.40,98.10,46.10,47.10,98.90,17.00,4.00,478.50,98.80,44.60,46.80,97.50,16.50,5.97,479.53,96.77,133.80,138.40,98.27,16.60,14.51
2026-04-29 15:00:00,2026-04-29 15:00:59,Q10,479.10,94.80,44.10,45.00,98.50,16.70,4.51,481.90,102.30,48.50,49.10,99.00,17.40,3.89,478.40,97.20,44.60,46.40,97.90,17.20,5.60,479.80,98.10,137.20,140.50,98.47,17.10,14.00
2026-04-29 15:01:00,2026-04-29 15:01:59,Q10,481.10,92.80,43.10,44.30,98.90,18.30,3.69,481.80,94.20,44.50,45.20,99.30,18.80,3.17,477.60,92.80,42.10,43.90,98.00,18.90,5.11,480.17,93.27,129.70,133.40,98.73,18.67,11.97
2026-04-29 15:02:00,2026-04-29 15:02:59,Q10,479.70,97.10,45.10,46.50,98.70,17.90,4.23,482.90,103.00,48.50,49.60,99.10,18.10,3.77,478.80,101.00,47.00,48.30,98.10,18.60,5.31,480.47,100.37,140.60,144.40,98.63,18.20,13.31
2026-04-29 15:03:00,2026-04-29 15:03:59,Q10,480.50,104.00,48.00,49.90,98.50,17.50,5.00,481.20,110.50,51.00,52.90,98.90,17.50,4.46,478.80,111.10,51.40,53.10,97.80,18.00,6.20,480.17,108.53,150.40,155.90,98.40,17.67,15.66
2026-04-29 15:04:00,2026-04-29 15:04:59,Q10,481.70,102.50,48.00,49.10,98.60,18.10,4.69,482.20,112.20,51.90,54.00,98.80,18.70,4.60,477.80,109.10,49.50,52.00,97.70,18.10,6.34,480.57,107.93,149.40,155.10,98.37,18.30,15.63
2026-04-29 15:05:00,2026-04-29 15:05:59,Q10,481.10,113.80,52.90,54.40,98.30,16.90,5.74,482.60,121.30,56.80,58.30,98.80,17.10,5.20,477.00,114.40,52.40,54.40,97.40,17.80,7.31,480.23,116.50,162.10,167.10,98.17,17.27,18.26
2026-04-29 15:06:00,2026-04-29 15:06:59,Q10,481.20,125.90,58.80,60.10,98.30,17.80,6.37,482.00,134.30,62.70,64.60,98.70,17.30,5.94,477.20,128.50,59.20,61.10,97.50,17.80,8.03,480.13,129.57,180.70,185.80,98.17,17.63,20.34
2026-04-29 15:07:00,2026-04-29 15:07:59,Q10,480.10,122.80,56.80,58.60,98.00,17.60,6.80,481.20,130.70,60.80,62.50,98.50,17.90,6.11,478.80,126.30,58.20,60.20,97.30,18.50,8.23,480.03,126.60,175.80,181.30,97.93,18.00,21.14
2026-04-29 15:08:00,2026-04-29 15:08:59,Q10,480.90,119.40,55.90,57.10,98.10,17.60,6.29,483.20,126.60,58.80,60.90,98.60,17.30,5.77,477.10,123.80,56.30,58.70,97.20,18.20,8.09,480.40,123.27,171.00,176.70,97.97,17.70,20.14
2026-04-29 15:09:00,2026-04-29 15:09:59,Q10,479.80,121.90,55.90,58.00,98.00,17.50,6.74,483.60,133.20,62.70,64.20,98.60,18.50,5.94,478.40,127.50,58.20,60.70,97.30,18.20,8.06,480.60,127.53,176.80,182.90,97.97,18.07,20.74
2026-04-29 15:10:00,2026-04-29 15:10:59,Q10,481.00,128.60,59.20,61.60,97.80,17.60,7.37,481.60,138.20,64.70,66.40,98.30,17.90,6.94,479.80,131.10,60.10,62.70,97.10,18.40,8.77,480.80,132.63,184.00,190.70,97.73,17.97,23.09
2026-04-29 15:11:00,2026-04-29 15:11:59,Q10,481.20,131.30,61.70,63.00,98.10,17.80,6.97,482.70,147.00,67.90,70.90,97.70,16.90,8.54,477.40,137.10,61.80,65.30,95.80,17.60,10.66,480.43,138.47,191.40,199.20,97.20,17.43,26.17
2026-04-29 15:12:00,2026-04-29 15:12:59,Q10,479.50,135.50,62.70,64.70,98.00,18.70,7.37,482.70,139.30,64.70,67.00,98.20,18.20,7.40,478.80,135.20,61.40,64.50,96.90,18.40,9.37,480.33,136.67,188.80,196.20,97.70,18.43,24.14
2026-04-29 15:13:00,2026-04-29 15:13:59,Q10,481.10,138.40,64.00,66.40,97.60,17.90,8.26,481.80,150.50,69.80,72.20,97.40,16.70,9.69,477.70,142.80,63.70,67.70,95.00,18.00,12.37,480.20,143.90,197.50,206.30,96.67,17.53,30.31
2026-04-29 15:14:00,2026-04-29 15:14:59,Q10,480.00,110.90,51.00,52.80,98.20,18.70,5.77,483.30,119.40,55.90,57.50,98.70,18.80,5.31,479.20,118.30,54.30,56.50,97.50,19.20,7.09,480.83,116.20,161.20,166.80,98.13,18.90,18.17
2026-04-29 15:15:00,2026-04-29 15:15:59,Q10,481.30,107.00,50.00,51.50,98.50,18.30,4.89,482.00,110.70,52.50,53.00,99.00,19.60,4.23,479.80,111.50,51.90,53.20,98.00,19.20,5.89,481.03,109.73,154.40,157.70,98.50,19.03,15.00
2026-04-29 15:16:00,2026-04-29 15:16:59,Q10,480.90,110.80,51.00,52.80,98.50,18.40,5.37,483.60,121.60,56.80,58.40,98.90,18.60,4.71,478.00,115.00,52.40,55.00,97.90,17.70,6.54,480.83,115.80,160.20,166.20,98.43,18.23,16.63
2026-04-29 15:17:00,2026-04-29 15:17:59,Q10,480.70,119.70,55.90,57.10,98.20,19.20,6.37,482.30,125.40,58.80,60.20,98.70,19.50,5.66,480.30,125.70,58.20,60.00,97.70,19.30,7.31,481.10,123.60,172.90,177.30,98.20,19.33,19.34
2026-04-29 15:18:00,2026-04-29 15:18:59,Q10,478.80,258.60,100.90,123.30,82.20,13.60,42.29,482.10,155.60,54.00,74.70,73.00,21.70,29.43,477.60,203.00,94.10,96.80,98.80,15.80,8.80,479.50,205.73,249.00,294.80,84.67,17.03,80.51
2026-04-29 15:19:00,2026-04-29 15:19:59,Q10,479.50,269.70,105.00,128.90,82.30,14.10,42.91,483.00,167.20,62.40,80.70,78.10,20.80,28.69,475.60,216.20,100.00,102.60,98.20,15.40,11.54,479.37,217.70,267.40,312.20,86.20,16.77,83.14
2026-04-29 15:20:00,2026-04-29 15:20:59,Q10,478.70,267.20,104.10,127.60,82.30,13.20,43.06,482.30,160.20,58.50,77.10,76.80,20.10,29.03,477.30,220.70,101.90,104.90,98.40,15.30,10.89,479.43,216.03,264.50,309.60,85.83,16.20,82.97
2026-04-29 15:21:00,2026-04-29 15:21:59,Q10,480.30,261.20,103.80,125.30,83.00,13.70,41.54,481.60,166.80,61.60,79.80,78.90,20.50,28.14,475.80,214.90,99.00,101.70,98.30,15.40,11.17,479.23,214.30,264.40,306.80,86.73,16.53,80.86
2026-04-29 15:22:00,2026-04-29 15:22:59,Q10,479.20,270.10,105.80,129.30,82.80,17.10,42.40,482.70,165.60,60.80,79.50,77.10,21.30,29.23,476.70,216.70,100.00,102.80,98.30,19.10,10.91,479.53,217.47,266.60,311.60,86.07,19.17,82.54
2026-04-29 15:23:00,2026-04-29 15:23:59,Q10,479.40,269.60,105.00,128.90,82.10,14.10,43.94,483.10,165.40,58.50,79.70,74.80,20.60,30.34,476.30,216.60,100.00,102.80,98.40,15.90,10.51,479.60,217.20,263.50,311.40,85.10,16.87,84.80
2026-04-29 15:24:00,2026-04-29 15:24:59,Q10,479.50,256.60,100.00,122.60,82.40,13.20,42.49,484.00,164.60,60.80,79.40,77.90,20.10,28.40,476.50,222.70,102.90,105.70,98.30,14.10,10.94,480.00,214.63,263.70,307.70,86.20,15.80,81.83
2026-04-29 15:25:00,2026-04-29 15:25:59,Q10,481.20,259.70,101.70,124.60,82.50,14.80,41.23,482.30,172.00,65.60,82.90,80.30,19.20,27.34,475.70,221.10,100.90,105.00,97.80,15.90,12.66,479.73,217.60,268.20,312.50,86.87,16.63,81.23
2026-04-29 15:26:00,2026-04-29 15:26:59,Q10,481.30,274.40,110.00,131.80,84.00,14.90,38.37,482.00,170.30,66.40,81.90,82.00,20.30,27.23,477.80,212.20,98.00,101.10,97.20,15.10,14.11,480.37,218.97,274.40,314.80,87.73,16.77,79.71
2026-04-29 15:27:00,2026-04-29 15:27:59,Q10,481.10,268.90,105.00,128.90,82.70,14.40,42.23,482.50,165.40,60.80,79.50,77.80,21.10,28.69,477.10,217.80,100.90,103.50,98.30,16.10,11.14,480.23,217.37,266.70,311.90,86.27,17.20,82.06
2026-04-29 15:28:00,2026-04-29 15:28:59,Q10,481.20,263.60,104.60,126.50,83.20,14.60,41.60,482.60,159.70,58.50,76.60,77.70,21.20,28.83,476.60,217.80,100.90,103.30,98.40,17.10,10.57,480.13,213.70,264.00,306.40,86.43,17.63,81.00
2026-04-29 15:29:00,2026-04-29 15:29:59,Q10,480.10,272.40,106.60,130.60,82.80,14.00,42.43,482.60,167.50,60.80,80.50,76.50,21.00,29.37,477.90,216.00,100.90,103.00,98.40,15.90,10.49,480.20,218.63,268.30,314.10,85.90,16.97,82.29
2026-04-29 15:30:00,2026-04-29 15:30:59,Q10,480.20,273.80,107.40,131.00,82.50,13.20,42.63,482.60,162.40,59.30,78.10,76.60,20.20,29.34,477.90,219.00,101.90,104.50,98.20,15.60,11.14,480.23,218.40,268.60,313.60,85.77,16.33,83.11
2026-04-29 15:31:00,2026-04-29 15:31:59,Q10,480.20,264.30,103.30,126.70,82.10,13.40,43.00,482.90,161.60,59.30,77.60,77.50,20.70,28.66,476.70,220.50,101.90,104.70,98.30,14.80,11.20,479.93,215.47,264.50,309.00,85.97,16.30,82.86
2026-04-29 15:32:00,2026-04-29 15:32:59,Q10,481.30,188.40,74.70,90.40,83.50,14.20,35.54,482.60,269.50,103.20,129.70,80.60,19.20,39.23,478.30,230.50,90.50,109.90,83.50,16.60,32.86,480.73,229.47,268.40,330.00,82.53,16.67,107.63
2026-04-29 15:33:00,2026-04-29 15:33:59,Q10,478.30,277.70,108.20,132.40,82.00,13.80,43.66,482.80,159.50,57.80,76.60,76.30,20.50,29.31,476.60,214.70,99.00,101.90,98.40,16.10,10.80,479.23,217.30,265.00,310.90,85.57,16.80,83.77
2026-04-29 15:34:00,2026-04-29 15:34:59,Q10,479.90,261.10,102.50,125.00,82.80,13.00,41.86,482.00,165.80,61.60,79.50,78.30,19.70,28.23,477.60,214.80,100.00,102.10,98.30,15.50,10.89,479.83,213.90,264.10,306.60,86.47,16.07,80.97
2026-04-29 15:35:00,2026-04-29 15:35:59,Q10,479.70,271.50,105.80,129.80,82.30,13.30,43.77,481.60,163.70,58.50,78.40,75.00,20.20,30.23,477.00,217.10,100.90,103.50,98.50,14.70,10.29,479.43,217.43,265.20,311.70,85.27,16.07,84.29
2026-04-29 15:36:00,2026-04-29 15:36:59,Q10,479.00,261.80,102.50,125.00,82.00,13.20,42.94,483.60,164.20,60.00,79.20,76.90,18.90,28.77,476.70,221.20,102.90,105.20,98.30,14.90,10.97,479.77,215.73,265.40,309.40,85.73,15.67,82.69
2026-04-29 15:37:00,2026-04-29 15:37:59,Q10,480.00,236.90,92.70,113.30,82.00,13.70,38.94,481.70,140.40,47.60,67.30,71.00,20.70,27.26,475.60,186.20,87.10,88.30,99.00,15.80,7.14,479.10,187.83,227.40,268.90,84.00,16.73,73.34
2026-04-29 15:38:00,2026-04-29 15:38:59,Q10,481.80,144.30,66.90,69.30,97.10,18.00,9.43,481.20,190.10,84.60,91.40,93.70,13.60,18.83,480.40,154.10,60.60,73.90,83.10,16.20,23.94,481.13,162.83,212.10,234.60,91.30,15.93,52.20
2026-04-29 15:39:00,2026-04-29 15:39:59,Q10,481.00,197.80,79.00,94.80,84.80,14.10,29.23,481.70,136.80,56.50,65.40,87.30,19.60,18.46,477.50,176.90,80.50,84.00,97.50,15.30,11.06,480.07,170.50,216.00,244.20,89.87,16.33,58.74
2026-04-29 15:40:00,2026-04-29 15:40:59,Q10,478.80,265.30,102.10,126.70,81.60,13.80,43.54,483.50,162.60,60.80,78.20,78.70,20.30,28.49,476.00,224.00,102.80,106.60,97.90,15.00,12.74,479.43,217.30,265.70,311.50,86.07,16.37,84.77
2026-04-29 15:41:00,2026-04-29 15:41:59,Q10,478.10,238.40,91.50,113.80,81.40,12.80,38.89,481.60,135.60,46.10,64.90,72.00,19.60,26.31,477.20,185.90,86.20,88.20,98.80,15.70,7.66,478.97,186.63,223.80,266.90,84.07,16.03,72.86
2026-04-29 15:42:00,2026-04-29 15:42:59,Q10,478.60,245.10,94.80,117.10,81.40,13.20,40.00,482.50,143.90,48.30,68.90,71.20,20.50,27.43,477.20,189.00,88.20,90.20,98.80,15.50,7.97,479.43,192.67,231.30,276.20,83.80,16.40,75.40
2026-04-29 15:43:00,2026-04-29 15:43:59,Q10,480.60,203.60,80.50,97.40,83.50,14.40,31.86,481.90,133.00,51.70,64.00,82.10,19.70,20.94,478.20,179.40,83.30,85.60,98.00,16.00,9.60,480.23,172.00,215.50,247.00,87.87,16.70,62.40
2026-04-29 15:44:00,2026-04-29 15:44:59,Q10,479.70,142.60,66.00,68.00,97.30,17.30,9.11,483.10,169.70,76.90,81.60,95.50,15.60,14.00,479.30,150.70,63.90,71.80,90.80,17.30,16.97,480.70,154.33,206.80,221.40,94.53,16.73,40.09
2026-04-29 15:45:00,2026-04-29 15:45:59,Q10,480.00,126.20,58.20,60.50,97.90,18.50,7.14,483.50,137.10,64.70,66.20,98.50,18.50,6.34,479.10,129.50,59.20,61.80,97.30,18.60,8.40,480.87,130.93,182.10,188.50,97.90,18.53,21.89
2026-04-29 15:46:00,2026-04-29 15:46:59,Q10,481.70,130.10,60.80,62.50,98.30,17.90,6.54,483.60,138.30,64.70,66.70,98.50,16.60,6.43,478.00,132.30,61.10,63.10,97.20,18.10,8.69,481.10,133.57,186.60,192.30,98.00,17.53,21.66
2026-04-29 15:47:00,2026-04-29 15:47:59,Q10,480.70,134.50,62.10,64.30,97.70,18.20,8.00,482.20,154.60,71.00,74.20,96.30,16.30,11.66,480.70,138.80,61.40,66.20,93.20,17.90,13.71,481.20,142.63,194.50,204.70,95.73,17.47,33.37
2026-04-29 15:48:00,2026-04-29 15:48:59,Q10,480.70,134.50,62.10,64.30,97.50,18.40,8.43,483.60,158.90,72.20,76.30,95.90,15.60,12.46,480.40,139.00,60.70,66.70,92.20,18.00,14.80,481.57,144.13,195.00,207.30,95.20,17.33,35.69
2026-04-29 15:49:00,2026-04-29 15:49:59,Q10,481.10,133.30,61.10,64.00,97.70,18.10,7.91,482.20,155.10,71.00,74.70,96.00,16.60,12.11,481.00,134.20,58.90,64.50,92.30,18.80,14.49,481.43,140.87,191.00,203.20,95.33,17.83,34.51
2026-04-29 15:50:00,2026-04-29 15:50:59,Q10,481.60,131.30,61.10,63.00,97.70,17.50,7.74,482.00,167.40,76.00,80.50,95.10,15.50,14.26,479.80,141.10,59.00,67.50,88.50,18.10,17.77,481.13,146.60,196.10,211.00,93.77,17.03,39.77
2026-04-29 15:51:00,2026-04-29 15:51:59,Q10,482.00,134.90,62.10,64.60,97.60,18.00,8.20,482.60,154.80,71.80,74.20,97.40,16.40,9.60,478.30,144.00,63.90,68.80,94.80,17.70,12.43,480.97,144.57,197.80,207.60,96.60,17.37,30.23
2026-04-29 15:52:00,2026-04-29 15:52:59,Q10,481.70,139.50,64.00,66.90,97.40,18.00,8.69,481.70,174.30,78.00,83.70,94.80,15.30,15.40,480.00,145.40,60.70,69.60,88.10,18.20,18.89,481.13,153.07,202.70,220.20,93.43,17.17,42.97
2026-04-29 15:53:00,2026-04-29 15:53:59,Q10,481.40,132.10,61.10,63.50,97.70,17.40,7.83,481.50,167.80,76.00,80.30,95.20,15.00,14.11,479.90,143.80,60.50,68.50,89.10,17.30,17.37,480.93,147.90,197.60,212.30,94.00,16.57,39.31
2026-04-29 15:54:00,2026-04-29 15:54:59,Q10,482.30,137.70,64.00,66.00,97.80,18.40,7.86,482.20,146.00,67.90,70.40,97.90,18.20,8.29,478.30,139.20,63.40,66.40,96.40,18.20,10.23,480.93,140.97,195.30,202.80,97.37,18.27,26.37
2026-04-29 15:55:00,2026-04-29 15:55:59,Q10,482.30,131.90,61.70,63.10,98.00,17.80,7.26,482.20,138.60,64.70,66.50,98.30,17.90,7.00,478.20,135.00,62.10,64.50,97.20,17.10,8.83,480.90,135.17,188.50,194.10,97.83,17.60,23.09
2026-04-29 15:56:00,2026-04-29 15:56:59,Q10,480.90,125.20,58.80,60.00,98.30,18.30,6.43,482.30,134.20,62.70,64.60,98.60,17.60,6.00,480.00,127.30,58.20,61.00,97.60,17.50,7.83,481.07,128.90,179.70,185.60,98.17,17.80,20.26
2026-04-29 15:57:00,2026-04-29 15:57:59,Q10,482.20,119.50,55.90,57.40,98.20,18.20,6.20,483.50,128.70,59.80,61.80,98.60,17.60,5.91,478.20,123.10,56.30,58.80,97.20,18.40,7.97,481.30,123.77,172.00,178.00,98.00,18.07,20.09
2026-04-29 15:58:00,2026-04-29 15:58:59,Q10,481.50,118.20,54.90,56.80,98.40,17.50,5.69,482.80,124.40,57.80,59.80,98.80,17.80,5.34,480.30,123.10,57.20,59.00,97.70,18.70,7.23,481.53,121.90,169.90,175.60,98.30,18.00,18.26
2026-04-29 15:59:00,2026-04-29 15:59:59,Q10,481.00,111.70,51.90,53.40,98.20,17.80,5.89,484.40,121.20,56.80,58.60,98.80,18.10,5.14,479.40,120.40,55.30,57.50,97.60,18.40,7.23,481.60,117.77,164.00,169.50,98.20,18.10,18.26
2026-04-29 16:00:00,2026-04-29 16:00:59,Q10,480.90,106.10,49.00,50.90,98.70,17.40,4.69,484.40,113.60,53.50,54.70,99.10,18.00,4.23,479.20,112.80,51.40,53.60,97.80,18.20,6.40,481.50,110.83,153.90,159.20,98.53,17.87,15.31
2026-04-29 16:01:00,2026-04-29 16:01:59,Q10,482.40,100.40,47.00,48.20,98.70,18.00,4.51,484.50,110.70,52.50,53.20,99.00,17.90,4.20,478.70,109.00,50.40,52.10,97.70,18.80,6.11,481.87,106.70,149.90,153.50,98.47,18.23,14.83
2026-04-29 16:02:00,2026-04-29 16:02:59,Q10,482.80,105.00,49.00,50.60,98.50,18.00,4.94,483.10,110.20,51.90,53.10,98.90,17.70,4.54,479.00,110.30,50.40,52.70,97.60,18.40,6.49,481.63,108.50,151.30,156.40,98.33,18.03,15.97
2026-04-29 16:03:00,2026-04-29 16:03:59,Q10,482.50,104.90,49.00,50.10,98.70,17.10,4.51,482.90,110.40,52.50,53.00,99.00,17.70,4.26,480.40,104.00,47.50,49.90,97.90,17.90,5.89,481.93,106.43,149.00,153.00,98.53,17.57,14.66
2026-04-29 16:04:00,2026-04-29 16:04:59,Q10,481.70,110.50,51.00,52.90,98.50,17.30,5.31,482.30,118.10,54.90,56.90,98.90,17.90,4.83,479.10,114.30,52.40,54.60,97.70,18.30,6.69,481.03,114.30,158.30,164.40,98.37,17.83,16.83
2026-04-29 16:05:00,2026-04-29 16:05:59,Q10,480.80,105.60,49.00,50.40,98.50,17.70,4.89,484.40,110.30,52.50,53.20,99.10,18.30,4.09,479.80,107.50,49.50,51.30,97.80,18.90,6.17,481.67,107.80,151.00,154.90,98.47,18.30,15.14
2026-04-29 16:06:00,2026-04-29 16:06:59,Q10,480.70,100.10,47.00,48.00,98.50,18.00,4.69,483.70,110.50,51.90,53.10,98.90,18.20,4.26,480.40,104.00,47.50,49.90,97.80,18.90,6.00,481.60,104.87,146.40,151.00,98.40,18.37,14.94
2026-04-29 16:07:00,2026-04-29 16:07:59,Q10,481.90,104.40,49.00,50.00,98.50,17.90,5.00,482.10,114.10,52.90,54.90,98.80,18.30,4.86,479.40,113.60,52.40,54.10,97.70,18.50,6.51,481.13,110.70,154.30,159.00,98.33,18.23,16.37
2026-04-29 16:08:00,2026-04-29 16:08:59,Q10,482.10,120.50,55.90,57.80,98.30,18.00,6.06,482.50,126.40,58.80,60.70,98.60,18.10,5.83,478.70,123.80,56.30,58.80,97.40,18.60,7.77,481.10,123.57,171.00,177.30,98.10,18.23,19.66
2026-04-29 16:09:00,2026-04-29 16:09:59,Q10,480.00,138.50,64.00,66.20,97.60,17.10,8.23,482.80,157.30,71.20,75.70,95.90,15.70,12.63,480.10,137.00,59.20,65.80,91.70,17.30,15.43,480.97,144.27,194.40,207.70,95.07,16.70,36.29
2026-04-29 16:10:00,2026-04-29 16:10:59,Q10,480.10,257.60,99.60,123.40,81.90,13.30,42.17,483.30,159.20,57.00,76.80,75.50,20.10,28.80,476.00,212.10,98.00,100.90,98.30,14.90,10.51,479.80,209.63,254.60,301.10,85.23,16.10,81.49
2026-04-29 16:11:00,2026-04-29 16:11:59,Q10,480.10,258.70,99.60,123.80,81.80,12.30,41.66,482.30,155.40,54.80,74.70,74.30,20.50,28.54,477.80,204.30,95.10,97.30,98.50,14.90,9.66,480.07,206.13,249.50,295.80,84.87,15.90,79.86
2026-04-29 16:12:00,2026-04-29 16:12:59,Q10,481.60,177.60,72.20,85.10,85.10,15.80,26.77,482.80,124.50,51.90,59.80,88.10,20.80,16.54,478.70,168.50,77.60,80.30,97.50,16.70,10.17,481.03,156.87,201.70,225.20,90.23,17.77,53.49
2026-04-29 16:13:00,2026-04-29 16:13:59,Q10,481.30,119.60,55.90,57.20,98.10,18.10,6.49,484.20,126.80,58.80,61.00,98.60,18.20,5.77,478.60,129.90,59.20,61.70,97.40,17.90,7.86,481.37,125.43,173.90,179.90,98.03,18.07,20.11
2026-04-29 16:14:00,2026-04-29 16:14:59,Q10,481.60,116.90,53.90,55.80,98.30,17.50,5.94,482.60,123.00,57.80,59.30,98.80,18.10,5.20,480.40,122.60,56.30,58.60,97.80,17.50,7.00,481.53,120.83,168.00,173.70,98.30,17.70,18.14
2026-04-29 16:15:00,2026-04-29 16:15:59,Q10,480.90,116.80,53.90,55.70,98.00,18.10,6.46,484.30,127.60,59.80,61.50,98.60,18.20,5.77,479.00,123.70,56.30,58.90,97.60,18.20,7.43,481.40,122.70,170.00,176.10,98.07,18.17,19.66
2026-04-29 16:16:00,2026-04-29 16:16:59,Q10,482.40,123.20,57.20,59.30,97.80,18.00,7.14,484.20,131.90,61.70,63.40,98.50,18.40,6.34,479.00,133.00,61.10,63.70,97.30,17.30,8.31,481.87,129.37,180.00,186.40,97.87,17.90,21.80
2026-04-29 16:17:00,2026-04-29 16:17:59,Q10,480.50,116.10,53.90,55.70,98.10,18.00,6.11,483.50,122.00,56.80,58.90,98.70,17.90,5.43,480.20,118.40,54.30,56.60,97.60,18.00,7.23,481.40,118.83,165.00,171.20,98.13,17.97,18.77
2026-04-29 16:18:00,2026-04-29 16:18:59,Q10,482.00,117.40,54.90,56.40,98.30,17.40,5.91,482.50,124.40,57.80,59.80,98.60,18.10,5.69,480.10,123.90,57.20,59.00,97.60,17.70,7.23,481.53,121.90,169.90,175.20,98.17,17.73,18.83
2026-04-29 16:19:00,2026-04-29 16:19:59,Q10,482.40,121.50,56.80,58.30,98.20,17.70,6.40,482.50,131.10,61.70,63.10,98.60,17.70,5.89,479.50,130.30,60.10,62.30,97.60,17.50,7.71,481.47,127.63,178.60,183.70,98.13,17.63,20.00
2026-04-29 16:20:00,2026-04-29 16:20:59,Q10,480.50,114.90,52.90,54.70,98.20,17.40,6.11,484.00,123.50,57.80,59.50,98.60,18.90,5.49,478.70,119.60,54.30,56.90,97.70,17.90,7.09,481.07,119.33,165.00,171.10,98.17,18.07,18.69
2026-04-29 16:21:00,2026-04-29 16:21:59,Q10,481.00,109.50,51.00,52.40,98.30,17.10,5.57,482.30,115.20,53.90,55.40,98.70,17.20,5.14,480.20,114.80,52.40,54.70,97.90,17.00,6.49,481.17,113.17,157.30,162.50,98.30,17.10,17.20
2026-04-29 16:22:00,2026-04-29 16:22:59,Q10,481.10,110.60,51.00,52.90,98.40,17.60,5.31,483.60,113.40,52.90,54.60,98.80,18.20,4.86,480.30,112.80,51.90,53.80,98.00,18.20,6.17,481.67,112.27,155.80,161.30,98.40,18.00,16.34
2026-04-29 16:23:00,2026-04-29 16:23:59,Q10,482.90,107.40,50.00,51.60,98.50,17.40,5.06,482.70,114.00,52.90,54.90,98.70,18.20,4.91,479.80,113.40,52.40,54.10,97.80,18.40,6.31,481.80,111.60,155.30,160.60,98.33,18.00,16.29
2026-04-29 16:24:00,2026-04-29 16:24:59,Q10,483.60,92.00,43.10,44.40,98.80,18.30,3.86,483.20,99.30,46.50,47.80,99.00,17.80,3.80,479.30,96.40,43.70,46.00,97.90,19.50,5.43,482.03,95.90,133.30,138.20,98.57,18.53,13.09
2026-04-29 16:25:00,2026-04-29 16:25:59,Q10,481.40,78.30,36.60,37.50,99.20,20.00,2.74,484.80,88.90,41.60,42.60,99.30,20.10,2.77,479.70,82.90,38.20,39.30,98.40,21.10,4.00,481.97,83.37,116.40,119.40,98.97,20.40,9.51
2026-04-29 16:26:00,2026-04-29 16:26:59,Q10,482.50,75.00,35.60,36.20,99.50,21.10,2.00,483.10,80.30,37.60,38.60,99.50,20.80,2.20,481.10,74.70,34.30,35.60,98.40,23.00,3.63,482.23,76.67,107.50,110.40,99.13,21.63,7.83
2026-04-29 16:27:00,2026-04-29 16:27:59,Q10,483.40,72.40,33.70,34.80,99.40,22.50,2.00,483.40,78.80,36.60,37.70,99.50,22.00,2.06,479.80,72.50,33.30,34.50,98.80,23.90,3.11,482.20,74.57,103.60,107.00,99.23,22.80,7.17
2026-04-29 16:28:00,2026-04-29 16:28:59,Q10,481.80,73.40,34.70,35.10,99.50,21.70,1.91,483.30,77.80,36.60,37.20,99.50,21.70,2.09,481.10,73.60,34.30,35.10,98.80,23.20,3.09,482.07,74.93,105.60,107.40,99.27,22.20,7.09
2026-04-29 16:29:00,2026-04-29 16:29:59,Q10,481.80,76.50,35.60,36.60,99.40,20.70,2.20,483.20,83.00,39.60,40.10,99.30,20.60,2.54,481.10,76.70,35.30,36.60,98.60,23.40,3.40,482.03,78.73,110.50,113.30,99.10,21.57,8.14
2026-04-29 16:30:00,2026-04-29 16:30:59,Q10,482.90,84.80,39.60,40.50,99.30,20.50,2.54,482.70,87.80,40.60,41.90,99.20,19.90,3.00,479.80,83.90,38.20,39.80,98.40,21.10,4.06,481.80,85.50,118.40,122.20,98.97,20.50,9.60
2026-04-29 16:31:00,2026-04-29 16:31:59,Q10,482.30,97.80,45.10,46.80,98.90,18.20,3.86,482.40,101.40,47.50,48.70,99.00,18.50,3.91,478.90,97.70,45.10,46.40,98.10,19.40,5.29,481.20,98.97,137.70,141.90,98.67,18.70,13.06
2026-04-29 16:32:00,2026-04-29 16:32:59,Q10,482.40,95.40,44.10,45.80,98.80,18.20,4.06,482.40,102.30,48.50,49.20,99.00,18.90,3.86,479.20,97.70,45.10,46.50,98.10,19.30,5.29,481.33,98.47,137.70,141.50,98.63,18.80,13.20
2026-04-29 16:33:00,2026-04-29 16:33:59,Q10,482.20,85.60,39.60,41.00,99.10,19.40,3.06,483.90,89.80,41.60,43.00,99.20,19.90,3.03,478.50,85.70,39.20,40.60,98.30,20.30,4.34,481.53,87.03,120.40,124.60,98.87,19.87,10.43
2026-04-29 16:34:00,2026-04-29 16:34:59,Q10,479.80,81.10,37.20,38.80,98.90,17.30,3.26,483.10,88.60,41.60,42.50,99.10,18.10,3.09,478.30,85.20,39.20,40.60,98.20,18.10,4.40,480.40,84.97,118.00,121.90,98.73,17.83,10.74
2026-04-29 16:35:00,2026-04-29 16:35:59,Q10,481.00,85.90,39.20,40.90,98.80,16.70,3.54,483.90,91.90,42.60,44.00,99.10,17.50,3.26,478.30,88.60,41.20,42.10,98.00,17.50,4.80,481.07,88.80,123.00,127.00,98.63,17.23,11.60
2026-04-29 16:36:00,2026-04-29 16:36:59,Q10,480.20,87.60,40.20,41.80,98.90,18.20,3.51,484.00,91.00,43.60,44.00,99.10,18.10,3.26,478.20,89.00,41.20,42.50,98.00,19.30,4.86,480.80,89.20,125.00,128.30,98.67,18.53,11.63
2026-04-29 16:37:00,2026-04-29 16:37:59,Q10,482.00,82.70,38.60,39.50,99.00,17.10,3.14,482.10,89.50,41.60,42.90,99.00,17.50,3.37,478.40,84.10,38.80,40.20,97.90,18.90,4.77,480.83,85.43,119.00,122.60,98.63,17.83,11.29
2026-04-29 16:38:00,2026-04-29 16:38:59,Q10,482.00,82.50,38.20,39.50,98.90,17.20,3.29,484.10,90.60,42.60,43.60,99.10,17.10,3.34,478.20,85.50,38.80,40.60,97.80,18.50,4.91,481.43,86.20,119.60,123.70,98.60,17.60,11.54
2026-04-29 16:39:00,2026-04-29 16:39:59,Q10,481.30,85.60,39.60,40.90,99.00,17.80,3.23,482.70,91.80,42.60,43.90,99.00,16.80,3.46,479.10,87.90,39.80,41.70,97.90,18.90,4.89,481.03,88.43,122.00,126.50,98.63,17.83,11.57
2026-04-29 16:40:00,2026-04-29 16:40:59,Q10,482.40,86.70,40.60,41.50,99.00,16.70,3.31,483.10,93.20,43.60,44.90,99.00,17.50,3.66,477.90,88.60,39.80,42.00,97.80,18.40,5.09,481.13,89.50,124.00,128.40,98.60,17.53,12.06
2026-04-29 16:41:00,2026-04-29 16:41:59,Q10,480.80,86.30,40.60,41.30,99.00,16.30,3.29,483.50,89.40,41.60,43.00,99.00,16.60,3.46,479.80,87.30,39.80,41.70,97.80,17.60,4.97,481.37,87.67,122.00,126.00,98.60,16.83,11.71
2026-04-29 16:42:00,2026-04-29 16:42:59,Q10,480.70,90.00,42.10,43.20,98.90,17.40,3.46,484.00,90.90,42.60,43.60,99.00,16.70,3.49,479.80,90.00,41.70,43.10,97.90,17.80,4.97,481.50,90.30,126.40,129.90,98.60,17.30,11.91
2026-04-29 16:43:00,2026-04-29 16:43:59,Q10,480.90,89.00,41.20,42.70,98.90,17.50,3.54,484.20,95.30,44.50,46.00,99.00,17.60,3.71,479.30,90.60,41.70,43.10,97.80,18.80,5.11,481.47,91.63,127.40,131.80,98.57,17.97,12.37
2026-04-29 16:44:00,2026-04-29 16:44:59,Q10,481.80,85.30,39.60,40.90,99.00,17.70,3.20,484.20,91.00,43.60,44.00,99.10,17.60,3.37,478.20,87.10,39.80,41.60,97.80,18.40,4.91,481.40,87.80,123.00,126.50,98.63,17.90,11.49
2026-04-29 16:45:00,2026-04-29 16:45:59,Q10,482.20,88.30,41.20,42.40,98.90,18.40,3.54,483.20,95.10,44.10,45.90,98.90,17.30,3.77,477.90,89.90,40.70,42.50,97.60,19.20,5.43,481.10,91.10,126.00,130.80,98.47,18.30,12.74
2026-04-29 16:46:00,2026-04-29 16:46:59,Q10,480.90,87.00,40.20,41.80,98.90,17.80,3.51,483.90,93.50,43.60,44.90,99.00,17.20,3.57,480.00,88.50,40.70,42.20,97.80,18.90,5.09,481.60,89.67,124.50,128.90,98.57,17.97,12.17
2026-04-29 16:47:00,2026-04-29 16:47:59,Q10,481.70,82.80,38.60,39.40,99.10,17.70,3.06,483.50,87.30,41.60,42.00,99.10,17.40,3.31,479.60,84.10,39.20,40.20,98.00,19.00,4.66,481.60,84.73,119.40,121.60,98.73,18.03,11.03
2026-04-29 16:48:00,2026-04-29 16:48:59,Q10,481.40,85.40,39.20,40.90,98.90,18.50,3.51,483.30,92.90,43.60,44.40,99.00,16.80,3.60,479.80,88.20,40.70,42.20,97.90,18.80,4.91,481.50,88.83,123.50,127.50,98.60,18.03,12.03
2026-04-29 16:49:00,2026-04-29 16:49:59,Q10,481.00,79.70,36.60,38.00,99.10,17.50,3.03,483.80,86.80,40.60,41.50,99.10,18.00,3.20,478.70,84.30,39.20,40.20,98.00,18.60,4.60,481.17,83.60,116.40,119.70,98.73,18.03,10.83
2026-04-29 16:50:00,2026-04-29 16:50:59,Q10,480.50,80.80,37.60,38.40,99.00,17.70,3.09,483.70,90.60,42.60,43.50,99.10,17.70,3.23,479.40,84.30,39.20,40.20,98.10,18.50,4.46,481.20,85.23,119.40,122.10,98.73,17.97,10.77
2026-04-29 16:51:00,2026-04-29 16:51:59,Q10,480.80,86.40,40.60,41.30,99.00,18.50,3.34,483.10,95.00,44.50,45.90,99.00,17.10,3.57,480.10,87.60,40.20,41.80,98.00,19.10,4.74,481.33,89.67,125.30,129.00,98.67,18.23,11.66
2026-04-29 16:52:00,2026-04-29 16:52:59,Q10,480.50,83.80,38.20,39.80,98.90,18.70,3.34,483.50,87.50,41.60,42.00,99.00,17.70,3.37,479.70,85.60,39.20,40.70,98.00,18.60,4.69,481.23,85.63,119.00,122.50,98.63,18.33,11.40
2026-04-29 16:53:00,2026-04-29 16:53:59,Q10,480.30,83.30,38.20,39.80,98.90,18.20,3.29,483.60,91.30,42.60,44.00,99.10,17.30,3.29,477.80,85.50,39.20,40.50,98.00,18.10,4.69,480.57,86.70,120.00,124.30,98.67,17.87,11.26
2026-04-29 16:54:00,2026-04-29 16:54:59,Q10,482.00,81.10,38.60,39.00,99.10,17.80,2.86,482.60,85.10,39.60,41.00,99.20,17.60,2.91,477.90,81.40,37.20,38.60,98.20,18.70,4.23,480.83,82.53,115.40,118.60,98.83,18.03,10.00
2026-04-29 16:55:00,2026-04-29 16:55:59,Q10,481.90,78.40,36.60,37.50,99.20,17.90,2.77,482.00,85.90,39.60,41.00,99.10,17.70,3.03,478.10,80.00,37.20,38.20,98.10,18.60,4.26,480.67,81.43,113.40,116.70,98.80,18.07,10.06
2026-04-29 16:56:00,2026-04-29 16:56:59,Q10,481.30,83.90,38.60,39.90,99.10,18.20,3.00,481.70,88.40,41.60,42.30,99.00,17.80,3.34,478.90,82.20,38.20,39.20,98.10,18.60,4.49,480.63,84.83,118.40,121.40,98.73,18.20,10.83
2026-04-29 16:57:00,2026-04-29 16:57:59,Q10,479.90,56.00,25.70,26.80,99.90,23.70,0.57,483.30,59.90,27.70,28.50,99.70,23.20,1.09,478.40,55.70,25.70,26.30,99.20,25.50,1.83,480.53,57.20,79.10,81.60,99.60,24.13,3.49
2026-04-29 16:58:00,2026-04-29 16:58:59,Q10,480.30,59.00,27.70,28.30,99.80,22.40,0.86,481.90,63.00,29.70,30.30,99.60,22.30,1.37,479.20,58.70,26.70,27.80,99.10,23.20,2.03,480.47,60.23,84.10,86.40,99.50,22.63,4.26
2026-04-29 16:59:00,2026-04-29 16:59:59,Q10,480.90,74.80,34.70,35.50,99.20,19.20,2.49,483.70,81.70,38.60,39.10,99.30,19.10,2.57,479.50,76.60,35.30,36.40,98.40,20.20,3.83,481.37,77.70,108.60,111.00,98.97,19.50,8.89
2026-04-29 17:00:00,2026-04-29 17:00:59,Q10,482.60,95.30,44.50,45.80,99.00,18.30,3.51,482.40,100.00,47.00,48.20,98.90,18.10,3.97,479.30,95.40,44.10,45.50,98.00,19.50,5.23,481.43,96.90,135.60,139.50,98.63,18.63,12.71
2026-04-29 17:01:00,2026-04-29 17:01:59,Q10,480.60,122.90,56.80,58.60,98.10,18.00,6.69,483.60,131.20,61.70,63.30,98.50,17.30,6.23,479.10,131.10,60.10,62.70,97.40,17.90,8.03,481.10,128.40,178.60,184.60,98.00,17.73,20.94
2026-04-29 17:02:00,2026-04-29 17:02:59,Q10,481.30,106.40,49.00,51.00,98.60,17.40,5.03,482.80,115.20,53.90,55.40,98.70,17.80,5.00,480.10,114.90,52.40,54.70,97.60,18.50,6.57,481.40,112.17,155.30,161.10,98.30,17.90,16.60
2026-04-29 17:03:00,2026-04-29 17:03:59,Q10,483.00,87.90,41.60,42.00,99.20,19.30,2.86,483.10,90.00,42.60,43.50,99.10,19.90,3.29,479.50,87.90,40.20,41.70,98.20,19.90,4.43,481.87,88.60,124.40,127.20,98.83,19.70,10.57
2026-04-29 17:04:00,2026-04-29 17:04:59,Q10,482.10,80.40,37.60,38.60,99.30,19.70,2.46,484.60,85.80,40.60,41.10,99.30,19.30,2.71,478.90,82.50,38.20,39.20,98.40,21.10,3.94,481.87,82.90,116.40,118.90,99.00,20.03,9.11
2026-04-29 17:05:00,2026-04-29 17:05:59,Q10,481.40,78.60,36.60,37.50,99.40,20.50,2.26,483.00,83.90,39.60,40.10,99.40,20.80,2.51,480.60,78.70,36.30,37.40,98.60,22.70,3.63,481.67,80.40,112.50,115.00,99.13,21.33,8.40
2026-04-29 17:06:00,2026-04-29 17:06:59,Q10,482.50,76.00,35.60,36.60,99.50,21.30,2.06,482.70,78.50,36.60,37.60,99.40,20.60,2.37,479.80,77.80,35.30,36.90,98.60,22.70,3.46,481.67,77.43,107.50,111.10,99.17,21.53,7.89
2026-04-29 17:07:00,2026-04-29 17:07:59,Q10,482.30,98.60,46.10,47.20,98.90,17.50,3.91,483.20,105.00,49.00,50.70,98.90,17.70,4.14,479.90,99.70,45.60,47.40,97.90,19.60,5.57,481.80,101.10,140.70,145.30,98.57,18.27,13.63
2026-04-29 17:08:00,2026-04-29 17:08:59,Q10,482.10,111.10,51.90,53.50,98.50,18.00,5.23,483.80,117.20,54.90,56.50,98.70,17.80,5.14,478.10,116.70,53.30,55.40,97.70,18.70,6.71,481.33,115.00,160.10,165.40,98.30,18.17,17.09
2026-04-29 17:09:00,2026-04-29 17:09:59,Q10,482.20,85.20,39.60,41.00,99.10,18.80,3.06,482.50,93.00,43.60,44.80,99.10,19.70,3.31,479.90,86.60,40.20,41.20,98.20,21.20,4.51,481.53,88.27,123.40,127.00,98.80,19.90,10.89
2026-04-29 17:10:00,2026-04-29 17:10:59,Q10,483.00,84.00,39.60,40.60,99.30,19.20,2.63,483.00,89.80,41.60,43.00,99.30,19.40,2.91,479.40,83.10,38.20,39.80,98.40,21.40,4.09,481.80,85.63,119.40,123.40,99.00,20.00,9.63
2026-04-29 17:11:00,2026-04-29 17:11:59,Q10,482.80,93.90,43.60,44.80,99.00,18.20,3.51,482.70,97.80,45.50,46.80,99.00,17.80,3.80,479.60,95.90,44.10,45.50,98.10,18.50,5.00,481.70,95.87,133.20,137.10,98.70,18.17,12.31
2026-04-29 17:12:00,2026-04-29 17:12:59,Q10,483.00,104.20,49.00,50.20,98.60,17.80,4.63,484.40,111.20,51.90,53.70,98.90,17.50,4.49,479.00,104.60,47.50,49.80,97.70,18.30,6.23,482.13,106.67,148.40,153.70,98.40,17.87,15.34
2026-04-29 17:13:00,2026-04-29 17:13:59,Q10,482.60,117.10,54.90,56.40,98.30,17.90,5.91,482.60,123.90,57.80,59.30,98.50,18.10,5.91,478.20,116.40,53.30,55.40,97.40,18.70,7.54,481.13,119.13,166.00,171.10,98.07,18.23,19.37
2026-04-29 17:14:00,2026-04-29 17:14:59,Q10,480.60,115.40,53.90,55.20,98.30,17.10,5.94,483.90,122.60,56.80,58.90,98.70,17.50,5.46,479.30,126.40,58.20,60.40,97.60,18.20,7.37,481.27,121.47,168.90,174.50,98.20,17.60,18.77
2026-04-29 17:15:00,2026-04-29 17:15:59,Q10,480.90,108.30,50.00,51.80,98.50,17.90,5.06,484.40,114.40,53.90,55.20,98.80,18.30,4.77,479.30,108.90,49.50,51.70,97.60,18.90,6.54,481.53,110.53,153.40,158.70,98.30,18.37,16.37
2026-04-29 17:16:00,2026-04-29 17:16:59,Q10,482.60,100.30,47.00,48.20,98.80,18.10,4.23,483.70,112.20,53.50,54.10,99.00,18.00,4.29,478.40,102.90,46.60,48.80,97.70,19.20,6.11,481.57,105.13,147.10,151.10,98.50,18.43,14.63
2026-04-29 17:17:00,2026-04-29 17:17:59,Q10,481.70,111.00,51.90,53.40,98.70,17.70,4.77,482.10,116.90,53.90,55.90,98.70,17.70,5.17,479.70,111.10,51.40,53.20,97.70,18.90,6.51,481.17,113.00,157.20,162.50,98.37,18.10,16.46
2026-04-29 17:18:00,2026-04-29 17:18:59,Q10,482.30,104.50,49.00,50.10,98.80,17.70,4.37,483.50,109.10,51.00,52.60,98.80,17.70,4.69,478.10,107.50,49.50,51.10,97.70,18.30,6.31,481.30,107.03,149.50,153.80,98.43,17.90,15.37
2026-04-29 17:19:00,2026-04-29 17:19:59,Q10,480.60,103.40,48.00,49.40,98.70,16.60,4.54,484.10,108.80,51.00,52.30,98.90,17.40,4.46,478.40,105.40,48.50,50.20,97.70,18.80,6.26,481.03,105.87,147.50,151.90,98.43,17.60,15.26
2026-04-29 17:20:00,2026-04-29 17:20:59,Q10,482.30,104.70,49.00,50.10,98.80,18.10,4.40,483.10,110.70,51.90,53.10,98.80,17.40,4.77,477.80,105.30,48.50,50.10,97.70,18.50,6.23,481.07,106.90,149.40,153.30,98.43,18.00,15.40
2026-04-29 17:21:00,2026-04-29 17:21:59,Q10,480.40,99.90,46.10,47.50,98.80,18.40,4.29,483.70,110.10,51.90,53.10,98.90,17.40,4.34,478.50,103.50,47.50,49.20,97.70,19.70,6.11,480.87,104.50,145.50,149.80,98.47,18.50,14.74
2026-04-29 17:22:00,2026-04-29 17:22:59,Q10,481.30,101.30,47.00,48.60,98.90,17.40,4.17,484.20,109.00,51.50,52.80,99.00,17.30,4.29,478.40,104.10,47.50,49.70,97.70,18.80,6.17,481.30,104.80,146.00,151.10,98.53,17.83,14.63
2026-04-29 17:23:00,2026-04-29 17:23:59,Q10,481.40,103.10,48.00,49.50,98.80,18.00,4.46,483.80,113.50,52.90,54.60,98.90,16.80,4.57,477.90,112.20,51.40,53.40,97.60,18.80,6.54,481.03,109.60,152.30,157.50,98.43,17.87,15.57
2026-04-29 17:24:00,2026-04-29 17:24:59,Q10,481.20,110.40,51.00,52.90,98.50,17.90,5.20,483.60,122.60,56.80,58.90,98.90,17.30,4.89,477.70,114.40,52.40,54.40,97.40,18.80,7.34,480.83,115.80,160.20,166.20,98.27,18.00,17.43
2026-04-29 17:25:00,2026-04-29 17:25:59,Q10,481.20,110.80,51.00,52.90,98.70,17.60,5.00,482.20,121.80,56.80,58.30,98.80,17.90,5.00,479.50,117.00,54.30,56.00,97.60,17.90,6.94,480.97,116.53,162.10,167.20,98.37,17.80,16.94
2026-04-29 17:26:00,2026-04-29 17:26:59,Q10,481.80,110.70,51.00,52.90,98.60,17.40,5.09,482.30,119.60,55.90,57.40,98.80,17.20,5.03,479.30,110.10,50.40,52.70,97.70,18.80,6.57,481.13,113.47,157.30,163.00,98.37,17.80,16.69
2026-04-29 17:27:00,2026-04-29 17:27:59,Q10,482.00,107.90,50.00,51.60,98.70,17.50,4.69,483.60,115.40,53.90,55.50,98.80,17.60,4.80,477.70,113.60,51.40,53.90,97.50,18.80,6.69,481.10,112.30,155.30,161.00,98.33,17.97,16.17
2026-04-29 17:28:00,2026-04-29 17:28:59,Q10,481.60,123.20,57.80,59.20,98.40,18.00,6.03,483.30,130.40,60.80,62.80,98.70,17.20,5.86,477.60,125.50,57.20,59.60,97.30,18.50,8.14,480.83,126.37,175.80,181.60,98.13,17.90,20.03
2026-04-29 17:29:00,2026-04-29 17:29:59,Q10,481.50,118.10,54.90,56.80,98.30,17.80,5.97,484.00,127.90,59.80,61.50,98.60,18.30,5.80,477.70,125.20,57.20,59.60,97.20,18.60,7.94,481.07,123.73,171.90,177.90,98.03,18.23,19.71
2026-04-29 17:30:00,2026-04-29 17:30:59,Q10,480.30,106.60,49.00,50.90,98.50,17.40,5.03,483.90,117.00,54.90,56.50,98.90,17.60,4.66,478.80,114.00,52.40,54.50,97.80,18.60,6.43,481.00,112.53,156.30,161.90,98.40,17.87,16.11
2026-04-29 17:31:00,2026-04-29 17:31:59,Q10,480.80,96.80,45.10,46.10,98.90,17.80,3.91,483.60,105.60,49.50,50.70,99.00,17.50,3.89,479.90,102.50,47.00,48.90,98.00,18.80,5.37,481.43,101.63,141.60,145.70,98.63,18.03,13.17
2026-04-29 17:32:00,2026-04-29 17:32:59,Q10,482.80,98.10,46.50,47.20,99.00,18.30,3.71,483.10,104.50,49.50,50.20,99.00,17.70,4.06,478.70,99.90,45.60,47.30,97.90,19.40,5.57,481.53,100.83,141.60,144.70,98.63,18.47,13.34
2026-04-29 17:33:00,2026-04-29 17:33:59,Q10,482.70,97.30,45.10,46.80,98.90,19.00,4.03,482.80,105.30,49.00,50.60,98.90,18.10,4.31,478.90,103.30,47.50,49.20,97.60,20.60,6.09,481.47,101.97,141.60,146.60,98.47,19.23,14.43
2026-04-29 17:34:00,2026-04-29 17:34:59,Q10,482.40,94.30,44.10,45.30,98.90,18.30,3.71,482.50,102.70,48.50,49.20,99.00,17.80,3.94,479.20,96.90,43.70,46.00,97.90,20.00,5.34,481.37,97.97,136.30,140.50,98.60,18.70,13.00
2026-04-29 17:35:00,2026-04-29 17:35:59,Q10,481.10,89.80,41.60,42.80,99.20,20.00,3.09,484.40,97.20,45.50,46.90,99.10,18.60,3.43,477.80,92.70,41.70,43.90,97.90,20.50,5.11,481.10,93.23,128.80,133.60,98.73,19.70,11.63
2026-04-29 17:36:00,2026-04-29 17:36:59,Q10,482.20,100.20,47.00,48.20,98.90,18.30,4.06,482.90,110.40,52.50,53.00,99.00,18.00,4.26,477.40,103.30,47.50,49.10,97.60,19.80,6.20,480.83,104.63,147.00,150.30,98.50,18.70,14.51
2026-04-29 17:37:00,2026-04-29 17:37:59,Q10,481.90,103.90,48.00,49.50,98.70,17.60,4.57,482.40,113.50,52.90,54.50,98.80,17.50,4.71,478.30,111.90,51.40,53.10,97.60,19.10,6.49,480.87,109.77,152.30,157.10,98.37,18.07,15.77
2026-04-29 17:38:00,2026-04-29 17:38:59,Q10,480.60,102.70,47.00,49.00,98.70,18.10,4.60,483.90,112.40,52.90,54.10,98.90,18.30,4.54,479.50,110.90,50.40,52.70,97.70,19.40,6.34,481.33,108.67,150.30,155.80,98.43,18.60,15.49
2026-04-29 17:39:00,2026-04-29 17:39:59,Q10,481.20,103.30,48.00,49.50,98.70,18.10,4.54,483.80,112.30,53.50,54.10,99.00,17.20,4.23,477.70,111.00,50.40,52.90,97.60,18.20,6.46,480.90,108.87,151.90,156.50,98.43,17.83,15.23
2026-04-29 17:40:00,2026-04-29 17:40:59,Q10,481.90,105.20,49.00,50.50,98.70,17.30,4.57,482.40,114.00,52.90,54.90,98.90,17.30,4.46,478.00,106.40,48.50,50.70,97.70,18.30,6.29,480.77,108.53,150.40,156.10,98.43,17.63,15.31
2026-04-29 17:41:00,2026-04-29 17:41:59,Q10,480.90,101.10,47.00,48.50,98.60,17.80,4.60,484.50,108.70,51.50,52.30,99.00,17.70,4.06,478.70,105.40,48.50,50.20,97.80,18.40,6.06,481.37,105.07,147.00,151.00,98.47,17.97,14.71
2026-04-29 17:42:00,2026-04-29 17:42:59,Q10,480.70,97.60,45.10,46.60,98.70,17.30,4.34,484.60,105.80,49.50,50.80,99.00,17.70,4.06,479.50,103.00,47.50,49.30,97.90,17.50,5.74,481.60,102.13,142.10,146.70,98.53,17.50,14.14
2026-04-29 17:43:00,2026-04-29 17:43:59,Q10,482.20,98.80,46.10,47.20,98.70,17.50,4.29,482.80,104.40,49.50,50.10,99.00,17.60,4.00,480.00,103.50,48.00,49.40,98.00,18.70,5.63,481.67,102.23,143.60,146.70,98.57,17.93,13.91
2026-04-29 17:44:00,2026-04-29 17:44:59,Q10,482.10,98.30,46.10,47.20,98.70,17.10,4.40,482.70,104.90,49.50,50.10,99.00,17.90,4.06,480.10,104.70,48.00,49.90,98.00,18.50,5.60,481.63,102.63,143.60,147.20,98.57,17.83,14.06
2026-04-29 17:45:00,2026-04-29 17:45:59,Q10,480.60,98.00,46.10,47.00,98.60,17.40,4.46,484.40,102.70,48.50,49.40,99.10,18.10,3.89,479.60,100.80,46.10,47.90,98.00,18.40,5.54,481.53,100.50,140.70,144.30,98.57,17.97,13.89
2026-04-29 17:46:00,2026-04-29 17:46:59,Q10,481.70,94.30,44.10,45.20,98.70,17.50,4.23,484.60,104.40,49.50,50.30,99.10,18.10,3.86,478.70,102.90,46.60,48.80,97.90,19.00,5.74,481.67,100.53,140.20,144.30,98.57,18.20,13.83
2026-04-29 17:47:00,2026-04-29 17:47:59,Q10,480.50,100.40,47.00,48.00,98.60,17.40,4.54,484.30,105.50,49.50,50.80,99.00,18.20,3.97,478.40,102.60,46.60,48.80,97.80,18.80,5.97,481.07,102.83,143.10,147.60,98.47,18.13,14.49
2026-04-29 17:48:00,2026-04-29 17:48:59,Q10,481.40,92.80,43.10,44.30,98.80,18.00,3.94,483.00,101.80,47.50,48.80,99.10,18.00,3.60,480.50,97.70,45.10,46.60,98.10,19.00,5.14,481.63,97.43,135.70,139.70,98.67,18.33,12.69
2026-04-29 17:49:00,2026-04-29 17:49:59,Q10,481.60,97.30,45.10,46.70,98.90,19.00,3.89,482.80,100.70,47.50,48.20,99.00,19.10,3.83,480.40,99.20,46.10,47.50,98.00,19.70,5.29,481.60,99.07,138.70,142.40,98.63,19.27,13.00
2026-04-29 17:50:00,2026-04-29 17:50:59,Q10,482.20,96.60,45.10,46.30,98.80,17.40,4.03,482.40,103.80,48.00,49.60,98.90,17.60,4.09,479.50,98.60,44.60,46.90,97.90,18.80,5.51,481.37,99.67,137.70,142.80,98.53,17.93,13.63
2026-04-29 17:51:00,2026-04-29 17:51:59,Q10,481.90,96.80,45.10,46.20,98.80,17.50,4.03,482.60,103.90,48.50,49.60,99.10,18.40,3.89,479.60,100.00,45.60,47.90,97.90,20.00,5.63,481.37,100.23,139.20,143.70,98.60,18.63,13.54
2026-04-29 17:52:00,2026-04-29 17:52:59,Q10,482.10,94.80,44.10,45.30,98.90,17.70,3.77,483.00,101.00,47.50,48.80,99.20,17.90,3.43,479.90,100.30,46.10,47.90,98.10,18.90,5.09,481.67,98.70,137.70,142.00,98.73,18.17,12.29
2026-04-29 17:53:00,2026-04-29 17:53:59,Q10,482.90,96.90,45.10,46.30,98.70,17.40,4.14,484.30,102.90,48.50,49.40,99.10,17.50,3.63,479.20,99.10,46.10,47.40,98.00,18.90,5.51,482.13,99.63,139.70,143.10,98.60,17.93,13.29
2026-04-29 17:54:00,2026-04-29 17:54:59,Q10,481.80,93.40,43.10,44.70,98.80,17.70,3.89,482.70,99.40,46.50,47.70,99.10,18.90,3.63,480.20,97.00,45.10,46.60,98.10,18.70,5.20,481.57,96.60,134.70,139.00,98.67,18.43,12.71
2026-04-29 17:55:00,2026-04-29 17:55:59,Q10,481.20,91.20,42.10,43.80,98.80,17.80,3.97,484.50,100.70,47.50,48.40,99.20,18.70,3.37,480.30,101.20,47.00,48.50,98.10,18.90,5.14,482.00,97.70,136.60,140.70,98.70,18.47,12.49
2026-04-29 17:56:00,2026-04-29 17:56:59,Q10,481.60,91.40,42.10,43.80,98.80,18.70,3.74,483.10,96.80,45.50,46.40,99.30,18.90,3.14,480.40,94.60,44.10,45.10,98.20,19.20,4.94,481.70,94.27,131.70,135.30,98.77,18.93,11.83
2026-04-29 17:57:00,2026-04-29 17:57:59,Q10,480.80,93.30,43.10,44.60,98.70,17.90,4.14,483.50,103.80,48.50,49.70,99.20,18.20,3.46,480.10,104.50,48.00,49.90,98.00,19.50,5.51,481.47,100.53,139.60,144.20,98.63,18.53,13.11
2026-04-29 17:58:00,2026-04-29 17:58:59,Q10,482.40,91.60,42.10,43.90,98.90,17.90,3.71,482.90,99.20,46.50,47.70,99.10,19.60,3.63,478.70,97.20,44.60,46.40,97.80,19.80,5.40,481.33,96.00,133.20,138.00,98.60,19.10,12.74
2026-04-29 17:59:00,2026-04-29 17:59:59,Q10,481.10,88.30,41.20,42.30,98.90,18.10,3.57,483.00,96.20,45.50,46.40,99.30,19.00,3.06,480.50,94.90,44.10,45.10,98.20,20.20,4.74,481.53,93.13,130.80,133.80,98.80,19.10,11.37
2026-04-29 18:00:00,2026-04-29 18:00:59,Q10,482.00,88.50,41.60,42.40,99.00,18.10,3.26,482.90,93.60,43.60,44.80,99.40,19.30,2.83,480.00,93.40,43.10,44.60,98.10,19.10,4.83,481.63,91.83,128.30,131.80,98.83,18.83,10.91
2026-04-29 18:01:00,2026-04-29 18:01:59,Q10,482.30,82.90,38.60,39.50,99.00,18.90,3.11,483.30,90.40,42.60,43.50,99.40,19.90,2.63,479.00,88.10,41.20,42.20,98.20,20.90,4.51,481.53,87.13,122.40,125.20,98.87,19.90,10.26
2026-04-29 18:02:00,2026-04-29 18:02:59,Q10,482.40,85.50,39.60,41.00,99.10,19.50,3.00,484.20,91.40,43.60,44.00,99.40,20.00,2.63,479.00,90.00,42.10,43.10,98.30,19.90,4.43,481.87,88.97,125.30,128.10,98.93,19.80,10.06
2026-04-29 18:03:00,2026-04-29 18:03:59,Q10,482.60,83.80,39.60,40.00,99.10,18.60,3.09,483.20,92.50,43.60,44.40,99.30,18.90,2.86,480.40,91.90,42.10,43.70,98.30,19.90,4.51,482.07,89.40,125.30,128.10,98.90,19.13,10.46
2026-04-29 18:04:00,2026-04-29 18:04:59,Q10,482.40,83.80,39.60,40.00,99.00,19.40,3.06,484.10,90.50,42.60,43.60,99.40,20.50,2.54,478.50,85.70,39.20,40.60,98.20,21.80,4.46,481.67,86.67,121.40,124.20,98.87,20.57,10.06
2026-04-29 18:05:00,2026-04-29 18:05:59,Q10,483.40,81.30,38.60,39.10,99.20,19.00,2.83,483.90,87.40,41.60,42.00,99.40,19.80,2.63,479.20,87.70,40.20,41.70,98.20,21.00,4.40,482.17,85.47,120.40,122.80,98.93,19.93,9.86
2026-04-29 18:06:00,2026-04-29 18:06:59,Q10,483.20,82.30,38.60,39.60,99.30,20.60,2.57,484.50,90.00,42.60,43.60,99.40,20.60,2.63,479.20,81.90,37.20,38.80,98.20,21.80,4.31,482.30,84.73,118.40,122.00,98.97,21.00,9.51
2026-04-29 18:07:00,2026-04-29 18:07:59,Q10,480.60,78.00,36.30,37.40,98.90,18.60,3.26,482.10,91.60,42.60,43.90,99.30,18.00,2.77,479.00,83.70,38.20,39.80,98.00,19.30,4.60,480.57,84.43,117.10,121.10,98.73,18.63,10.63
2026-04-29 18:08:00,2026-04-29 18:08:59,Q10,480.30,78.10,36.60,37.40,99.00,17.50,2.91,483.20,84.60,39.60,40.60,99.30,18.50,2.69,479.80,80.50,37.20,38.30,98.10,19.40,4.34,481.10,81.07,113.40,116.30,98.80,18.47,9.94
2026-04-29 18:09:00,2026-04-29 18:09:59,Q10,481.80,80.30,37.60,38.50,99.10,17.10,2.94,482.00,85.30,39.60,41.00,99.30,17.80,2.83,478.50,83.30,38.20,39.70,98.00,18.50,4.49,480.77,82.97,115.40,119.20,98.80,17.80,10.26
2026-04-29 18:10:00,2026-04-29 18:10:59,Q10,480.70,81.70,37.20,38.90,98.90,17.70,3.29,482.40,88.40,41.60,42.40,99.10,18.40,3.14,479.20,86.30,40.20,41.20,98.00,19.00,4.63,480.77,85.47,119.00,122.50,98.67,18.37,11.06
2026-04-29 18:11:00,2026-04-29 18:11:59,Q10,481.90,80.20,37.60,38.50,99.00,17.40,3.09,482.50,86.90,40.60,41.50,99.20,17.90,2.86,479.20,86.20,40.20,41.20,98.10,19.10,4.49,481.20,84.43,118.40,121.20,98.77,18.13,10.43
2026-04-29 18:12:00,2026-04-29 18:12:59,Q10,480.60,77.30,35.60,37.00,99.20,19.10,2.63,481.30,84.00,39.60,40.40,99.20,18.30,2.77,478.50,80.10,37.20,38.20,98.30,19.90,4.00,480.13,80.47,112.40,115.60,98.90,19.10,9.40
2026-04-29 18:13:00,2026-04-29 18:13:59,Q10,479.40,77.40,35.60,36.90,99.10,17.40,2.80,482.70,83.50,39.60,40.00,99.30,18.30,2.51,478.40,80.40,37.20,38.20,98.20,19.30,4.11,480.17,80.43,112.40,115.10,98.87,18.33,9.43
2026-04-29 18:14:00,2026-04-29 18:14:59,Q10,479.50,79.60,36.60,37.80,99.00,17.60,3.11,482.00,86.60,40.60,41.50,99.20,18.30,2.91,478.60,84.50,39.20,40.20,98.10,18.50,4.43,480.03,83.57,116.40,119.50,98.77,18.13,10.46
2026-04-29 18:15:00,2026-04-29 18:15:59,Q10,481.30,82.00,38.60,39.40,99.00,17.40,3.11,481.50,89.00,41.60,42.80,99.20,17.80,3.03,477.80,83.50,38.20,39.60,98.10,18.80,4.49,480.20,84.83,118.40,121.80,98.77,18.00,10.63
2026-04-29 18:16:00,2026-04-29 18:16:59,Q10,481.00,78.70,36.60,37.50,99.00,18.10,3.11,481.40,86.60,40.60,41.40,99.30,18.30,2.80,478.10,83.50,38.20,39.70,98.20,18.70,4.34,480.17,82.93,115.40,118.60,98.83,18.37,10.26
2026-04-29 18:17:00,2026-04-29 18:17:59,Q10,479.90,75.20,34.70,35.90,99.20,19.20,2.49,481.30,79.80,36.60,38.00,99.30,18.70,2.49,478.90,78.30,36.30,37.30,98.30,19.90,3.91,480.03,77.77,107.60,111.20,98.93,19.27,8.89
2026-04-29 18:18:00,2026-04-29 18:18:59,Q10,481.20,73.50,34.70,35.10,99.30,20.00,2.34,481.30,80.10,37.60,38.50,99.40,19.50,2.29,478.00,76.10,35.30,36.30,98.20,20.90,3.94,480.17,76.57,107.60,109.90,98.97,20.13,8.57
2026-04-29 18:19:00,2026-04-29 18:19:59,Q10,479.00,76.20,35.60,36.40,99.10,18.60,2.86,482.60,85.10,39.60,41.00,99.30,18.40,2.66,477.90,80.20,37.20,38.20,98.20,19.20,4.17,479.83,80.50,112.40,115.60,98.87,18.73,9.69
2026-04-29 18:20:00,2026-04-29 18:20:59,Q10,480.70,79.90,36.60,37.90,99.10,17.50,2.80,481.80,83.70,38.60,39.90,99.20,18.00,2.89,479.10,82.90,38.20,39.30,98.10,19.20,4.29,480.53,82.17,113.40,117.10,98.80,18.23,9.97
2026-04-29 18:21:00,2026-04-29 18:21:59,Q10,481.70,75.30,35.60,36.10,99.30,18.50,2.43,482.90,79.70,37.60,38.10,99.40,19.40,2.43,477.40,79.10,36.30,37.70,98.10,19.50,4.06,480.67,78.03,109.50,111.90,98.93,19.13,8.91
2026-04-29 18:22:00,2026-04-29 18:22:59,Q10,480.10,79.90,36.60,37.90,99.00,17.80,3.09,483.30,89.50,41.60,43.00,99.30,18.80,2.66,479.50,84.30,39.20,40.20,98.20,18.80,4.26,480.97,84.57,117.40,121.10,98.83,18.47,10.00
2026-04-29 18:23:00,2026-04-29 18:23:59,Q10,481.30,81.10,37.20,39.00,98.90,17.80,3.37,483.90,88.30,41.60,42.50,99.20,18.00,2.94,478.20,86.40,40.20,41.10,98.10,18.30,4.54,481.13,85.27,119.00,122.60,98.73,18.03,10.86
2026-04-29 18:24:00,2026-04-29 18:24:59,Q10,482.30,77.90,36.60,37.10,99.10,17.40,2.77,482.50,80.80,37.60,38.60,99.30,18.30,2.54,478.70,75.60,34.30,35.80,98.40,19.30,3.80,481.17,78.10,108.50,111.50,98.93,18.33,9.11
2026-04-29 18:25:00,2026-04-29 18:25:59,Q10,481.80,66.80,30.70,31.70,99.60,22.00,1.60,482.00,69.60,32.70,33.30,99.60,23.30,1.57,479.70,68.40,31.40,32.60,98.90,23.70,2.69,481.17,68.27,94.80,97.60,99.37,23.00,5.86
2026-04-29 18:26:00,2026-04-29 18:26:59,Q10,481.20,64.10,29.70,30.80,99.70,23.70,1.26,481.80,69.30,32.70,33.20,99.70,23.90,1.31,479.40,68.50,31.70,32.60,99.00,25.60,2.46,480.80,67.30,94.10,96.60,99.47,24.40,5.03
2026-04-29 18:27:00,2026-04-29 18:27:59,Q10,480.80,68.10,31.70,32.60,99.60,23.10,1.51,482.00,71.00,33.70,34.20,99.70,22.90,1.49,479.70,70.80,32.30,33.50,98.80,24.30,2.80,480.83,69.97,97.70,100.30,99.37,23.43,5.80
2026-04-29 18:28:00,2026-04-29 18:28:59,Q10,480.70,67.90,31.70,32.20,99.50,22.10,1.71,483.60,75.80,35.60,36.20,99.60,23.00,1.60,477.70,71.50,32.30,33.90,98.70,24.80,3.11,480.67,71.73,99.60,102.30,99.27,23.30,6.43
2026-04-29 18:29:00,2026-04-29 18:29:59,Q10,480.80,67.60,31.70,32.20,99.60,22.30,1.54,482.10,72.50,33.70,34.70,99.70,23.20,1.43,479.70,68.90,31.40,32.60,98.90,24.20,2.71,480.87,69.67,96.80,99.50,99.40,23.23,5.69
2026-04-29 18:30:00,2026-04-29 18:30:59,Q10,481.40,66.50,30.70,31.70,99.70,23.90,1.37,483.50,71.80,33.70,34.30,99.70,23.40,1.40,477.70,67.40,30.40,32.00,98.80,25.80,2.74,480.87,68.57,94.80,98.00,99.40,24.37,5.51
2026-04-29 18:31:00,2026-04-29 18:31:59,Q10,481.90,62.90,28.70,29.80,99.80,24.20,0.97,482.00,70.30,32.70,33.70,99.70,24.10,1.20,479.30,62.90,28.70,29.70,99.00,26.70,2.34,481.07,65.37,90.10,93.20,99.50,25.00,4.51
2026-04-29 18:32:00,2026-04-29 18:32:59,Q10,482.40,61.60,28.70,29.40,99.80,24.10,0.97,482.70,67.30,31.70,32.30,99.70,23.40,1.17,478.30,65.90,30.40,31.10,98.90,26.50,2.51,481.13,64.93,90.80,92.80,99.47,24.67,4.66
2026-04-29 18:33:00,2026-04-29 18:33:59,Q10,480.60,64.00,29.70,30.70,99.70,23.60,1.09,484.00,68.90,31.70,32.90,99.80,23.00,0.94,478.50,64.90,29.70,30.60,99.00,26.30,2.40,481.03,65.93,91.10,94.20,99.50,24.30,4.43
2026-04-29 18:34:00,2026-04-29 18:34:59,Q10,480.90,63.80,29.70,30.20,99.80,24.00,1.00,484.00,69.90,32.70,33.40,99.80,23.70,1.11,478.10,63.00,29.40,30.10,98.90,25.70,2.60,481.00,65.57,91.80,93.70,99.50,24.47,4.71
2026-04-29 18:35:00,2026-04-29 18:35:59,Q10,481.50,67.60,31.70,32.20,99.50,22.00,1.69,482.60,73.70,34.70,35.20,99.60,21.60,1.63,480.10,71.90,33.30,34.10,98.80,23.60,2.97,481.40,71.07,99.70,101.50,99.30,22.40,6.29
2026-04-29 18:36:00,2026-04-29 18:36:59,Q10,480.60,68.20,31.70,32.60,99.50,22.50,1.71,484.00,74.40,34.70,35.80,99.70,22.30,1.40,479.40,69.80,32.30,33.10,98.80,24.50,2.89,481.33,70.80,98.70,101.50,99.33,23.10,6.00
2026-04-29 18:37:00,2026-04-29 18:37:59,Q10,481.30,68.00,31.70,32.70,99.60,23.00,1.51,483.00,72.10,33.70,34.80,99.70,21.70,1.54,480.50,68.70,31.40,32.60,98.80,24.60,2.89,481.60,69.60,96.80,100.10,99.37,23.10,5.94
2026-04-29 18:38:00,2026-04-29 18:38:59,Q10,481.90,68.10,31.70,32.70,99.60,22.70,1.69,484.30,79.00,37.60,38.20,99.60,22.20,1.77,478.60,72.80,33.30,34.40,98.50,24.70,3.46,481.60,73.30,102.60,105.30,99.23,23.20,6.91
2026-04-29 18:39:00,2026-04-29 18:39:59,Q10,480.30,67.90,31.70,32.20,99.60,22.60,1.60,483.40,74.10,34.70,35.70,99.70,22.50,1.54,479.40,72.40,33.30,34.50,98.70,24.90,3.03,481.03,71.47,99.70,102.40,99.33,23.33,6.17
2026-04-29 18:40:00,2026-04-29 18:40:59,Q10,485.00,68.90,31.70,33.00,99.70,23.60,1.26,485.80,75.60,35.60,36.40,99.60,22.50,1.63,480.60,72.30,33.30,34.60,98.50,25.30,3.23,483.80,72.27,100.60,104.00,99.27,23.80,6.11
2026-04-29 18:41:00,2026-04-29 18:41:59,Q10,484.10,67.90,31.70,32.40,99.70,23.90,1.31,485.30,73.50,34.70,35.40,99.70,23.20,1.54,482.40,68.90,31.40,32.80,98.70,26.40,3.03,483.93,70.10,97.80,100.60,99.37,24.50,5.89
2026-04-29 18:42:00,2026-04-29 18:42:59,Q10,484.10,67.40,31.70,32.40,99.60,21.80,1.60,485.80,73.80,34.70,35.40,99.60,23.00,1.60,482.10,71.20,33.30,34.20,98.70,25.10,3.00,484.00,70.80,99.70,102.00,99.30,23.30,6.20
2026-04-29 18:43:00,2026-04-29 18:43:59,Q10,483.40,71.80,33.70,34.30,99.50,22.30,1.97,486.80,79.80,37.60,38.40,99.70,22.60,1.66,481.80,76.70,35.30,36.60,98.60,25.10,3.46,484.00,76.10,106.60,109.30,99.27,23.33,7.09
2026-04-29 18:44:00,2026-04-29 18:44:59,Q10,484.10,73.90,34.70,35.30,99.40,21.60,2.14,487.70,81.20,38.60,39.40,99.60,21.40,1.80,481.50,78.10,36.30,37.50,98.40,22.50,3.66,484.43,77.73,109.60,112.20,99.13,21.83,7.60
2026-04-29 18:45:00,2026-04-29 18:45:59,Q10,483.30,73.00,34.70,35.30,99.40,21.70,2.03,487.40,79.60,37.60,38.50,99.60,21.60,1.74,482.10,76.80,35.30,36.60,98.60,23.00,3.49,484.27,76.47,107.60,110.40,99.20,22.10,7.26
2026-04-29 18:46:00,2026-04-29 18:46:59,Q10,484.60,71.10,33.70,34.40,99.50,22.30,1.80,487.30,76.40,36.60,37.00,99.70,21.60,1.49,481.60,73.40,34.30,35.10,98.70,23.50,3.23,484.50,73.63,104.60,106.50,99.30,22.47,6.51
2026-04-29 18:47:00,2026-04-29 18:47:59,Q10,483.50,72.10,33.70,34.80,99.40,21.70,1.97,487.30,77.70,36.60,37.50,99.60,23.30,1.66,482.50,77.00,36.30,37.10,98.70,23.80,3.23,484.43,75.60,106.60,109.40,99.23,22.93,6.86
2026-04-29 18:48:00,2026-04-29 18:48:59,Q10,484.20,72.60,33.70,34.80,99.40,21.50,2.03,487.80,81.50,38.60,39.40,99.60,21.30,1.80,481.50,73.60,34.30,35.10,98.50,24.30,3.51,484.50,75.90,106.60,109.30,99.17,22.37,7.34
2026-04-29 18:49:00,2026-04-29 18:49:59,Q10,485.30,70.50,32.70,34.00,99.50,22.60,1.80,485.80,76.40,35.60,36.90,99.60,23.90,1.66,483.00,74.80,34.30,35.70,98.70,22.70,3.11,484.70,73.90,102.60,106.60,99.27,23.07,6.57
2026-04-29 18:50:00,2026-04-29 18:50:59,Q10,485.70,72.80,33.70,34.90,99.60,22.50,1.69,487.40,75.40,35.60,36.50,99.60,22.20,1.77,481.80,73.30,34.30,35.10,98.50,23.90,3.40,484.97,73.83,103.60,106.50,99.23,22.87,6.86
2026-04-29 18:51:00,2026-04-29 18:51:59,Q10,485.60,70.90,32.70,34.00,99.60,22.20,1.74,488.00,80.00,38.60,39.00,99.60,21.90,1.74,482.00,72.50,33.30,34.70,98.50,24.80,3.40,485.20,74.47,104.60,107.70,99.23,22.97,6.89
2026-04-29 18:52:00,2026-04-29 18:52:59,Q10,485.90,72.50,33.70,34.90,99.60,22.60,1.54,487.70,77.20,36.60,37.50,99.60,21.90,1.69,482.00,70.40,32.30,33.70,98.60,24.30,3.26,485.20,73.37,102.60,106.10,99.27,22.93,6.49
2026-04-29 18:53:00,2026-04-29 18:53:59,Q10,485.60,69.70,32.70,33.50,99.70,23.10,1.49,487.20,76.00,36.60,37.00,99.60,22.00,1.63,482.30,75.90,35.30,36.20,98.60,24.90,3.29,485.03,73.87,104.60,106.70,99.30,23.33,6.40
2026-04-29 18:54:00,2026-04-29 18:54:59,Q10,484.90,70.80,32.70,33.90,99.60,22.50,1.51,488.10,77.30,36.60,37.60,99.70,22.30,1.49,483.00,72.10,33.30,34.80,98.60,25.60,3.29,485.33,73.40,102.60,106.30,99.30,23.47,6.29
2026-04-29 18:55:00,2026-04-29 18:55:59,Q10,486.10,71.80,33.70,34.50,99.60,21.30,1.57,487.60,78.10,36.60,38.00,99.60,22.20,1.71,482.40,73.40,34.30,35.20,98.60,24.50,3.31,485.37,74.43,104.60,107.70,99.27,22.67,6.60
2026-04-29 18:56:00,2026-04-29 18:56:59,Q10,484.70,69.10,32.70,33.40,99.60,23.50,1.63,487.20,76.20,36.60,37.00,99.70,23.40,1.46,483.70,72.70,33.30,34.80,98.70,25.30,3.14,485.20,72.67,102.60,105.20,99.33,24.07,6.23
2026-04-29 18:57:00,2026-04-29 18:57:59,Q10,485.30,65.80,30.70,31.50,99.70,22.50,1.14,487.80,70.90,33.70,34.10,99.70,23.50,1.26,481.60,67.10,31.40,32.20,98.90,24.80,2.63,484.90,67.93,95.80,97.80,99.43,23.60,5.03
2026-04-29 18:58:00,2026-04-29 18:58:59,Q10,484.30,65.50,30.70,31.50,99.70,24.30,1.20,487.90,70.40,33.70,34.10,99.60,24.00,1.51,482.40,68.00,31.40,32.80,98.90,25.60,2.60,484.87,67.97,95.80,98.40,99.40,24.63,5.31
2026-04-29 18:59:00,2026-04-29 18:59:59,Q10,486.00,70.30,33.70,34.00,99.70,22.10,1.40,487.10,75.10,35.60,36.50,99.60,22.00,1.77,481.90,70.10,32.30,33.70,98.60,24.90,3.17,485.00,71.83,101.60,104.20,99.30,23.00,6.34
2026-04-29 19:00:00,2026-04-29 19:00:59,Q10,483.10,71.00,33.70,34.30,99.40,19.20,1.97,486.40,76.70,35.60,36.90,99.50,19.00,2.00,480.00,72.20,33.30,34.60,98.30,20.10,3.57,483.17,73.30,102.60,105.80,99.07,19.43,7.54
2026-04-29 19:01:00,2026-04-29 19:01:59,Q10,483.90,69.90,32.70,33.30,99.50,19.30,1.89,486.70,77.60,36.60,37.40,99.40,19.90,2.17,482.30,72.10,33.30,34.70,98.40,21.20,3.49,484.30,73.20,102.60,105.40,99.10,20.13,7.54
2026-04-29 19:02:00,2026-04-29 19:02:59,Q10,485.00,69.80,32.70,33.50,99.40,19.80,2.09,487.00,77.00,36.60,37.50,99.40,20.10,2.29,481.00,73.90,34.30,35.10,98.10,22.30,3.89,484.33,73.57,103.60,106.10,98.97,20.73,8.26
2026-04-29 19:03:00,2026-04-29 19:03:59,Q10,485.60,74.30,34.70,35.90,99.40,19.40,2.14,486.10,78.50,36.60,37.90,99.40,19.20,2.40,481.50,75.60,35.30,36.10,98.20,20.80,3.91,484.40,76.13,106.60,109.90,99.00,19.80,8.46
2026-04-29 19:04:00,2026-04-29 19:04:59,Q10,484.30,70.10,32.70,33.90,99.30,19.60,2.14,485.60,75.80,35.60,36.40,99.50,20.40,2.06,482.30,75.50,35.30,36.20,98.50,21.90,3.46,484.07,73.80,103.60,106.50,99.10,20.63,7.66
2026-04-29 19:05:00,2026-04-29 19:05:59,Q10,484.40,72.20,33.70,34.80,99.30,18.80,2.29,487.80,78.10,36.60,38.00,99.50,20.00,2.09,481.40,76.70,35.30,36.60,98.30,20.70,3.83,484.53,75.67,105.60,109.40,99.03,19.83,8.20
2026-04-29 19:06:00,2026-04-29 19:06:59,Q10,484.60,75.90,35.60,36.30,99.40,22.70,2.11,488.20,82.20,39.60,40.00,99.60,21.40,2.00,482.70,81.10,38.20,39.00,98.40,24.00,3.74,485.17,79.73,113.40,115.30,99.13,22.70,7.86
2026-04-29 19:07:00,2026-04-29 19:07:59,Q10,485.30,72.10,33.70,34.90,99.60,22.10,1.71,486.10,77.60,36.60,37.40,99.60,25.10,1.83,483.50,76.30,35.30,36.70,98.60,26.10,3.40,484.97,75.33,105.60,109.00,99.27,24.43,6.94
2026-04-29 19:08:00,2026-04-29 19:08:59,Q10,485.10,68.90,31.70,33.00,99.70,23.30,1.37,486.30,75.50,35.60,36.50,99.70,24.40,1.49,483.30,69.70,32.30,33.30,98.70,25.90,3.06,484.90,71.37,99.60,102.80,99.37,24.53,5.91
2026-04-29 19:09:00,2026-04-29 19:09:59,Q10,484.10,66.00,30.70,31.90,99.70,23.70,1.26,488.10,72.00,34.70,35.10,99.80,25.20,1.14,482.00,68.50,31.40,32.80,98.70,25.50,2.94,484.73,68.83,96.80,99.80,99.40,24.80,5.34
2026-04-29 19:10:00,2026-04-29 19:10:59,Q10,485.90,74.20,34.70,35.90,99.40,20.50,2.20,486.40,81.90,38.60,39.40,99.60,21.30,1.97,482.70,82.50,38.20,39.50,98.50,23.30,3.71,485.00,79.53,111.50,114.80,99.17,21.70,7.89
2026-04-29 19:11:00,2026-04-29 19:11:59,Q10,484.40,84.40,39.60,40.70,99.10,19.10,2.97,487.70,93.00,44.50,45.30,99.40,20.20,2.77,483.00,88.50,41.20,42.50,98.00,21.80,4.80,485.03,88.63,125.30,128.50,98.83,20.37,10.54
2026-04-29 19:12:00,2026-04-29 19:12:59,Q10,485.90,75.60,35.60,36.40,99.40,19.90,2.29,487.70,85.00,40.60,41.40,99.50,21.30,2.20,482.10,82.60,38.20,39.50,98.30,22.90,4.09,485.23,81.07,114.40,117.30,99.07,21.37,8.57
2026-04-29 19:13:00,2026-04-29 19:13:59,Q10,486.40,79.50,37.60,38.40,99.50,20.50,2.09,486.30,84.80,39.60,40.80,99.40,21.20,2.34,483.00,77.20,36.30,37.20,98.40,22.30,3.80,485.23,80.50,113.50,116.40,99.10,21.33,8.23
2026-04-29 19:14:00,2026-04-29 19:14:59,Q10,486.50,76.30,35.60,36.90,99.30,19.90,2.37,486.60,85.40,40.60,41.30,99.40,21.30,2.34,482.90,81.40,38.20,39.00,98.30,23.10,4.03,485.33,81.03,114.40,117.20,99.00,21.43,8.74
2026-04-29 19:15:00,2026-04-29 19:15:59,Q10,486.30,81.30,38.60,39.40,99.30,21.50,2.46,486.80,88.80,41.60,42.80,99.50,21.60,2.37,481.70,84.60,39.20,40.40,98.10,22.30,4.40,484.93,84.90,119.40,122.60,98.97,21.80,9.23
2026-04-29 19:16:00,2026-04-29 19:16:59,Q10,486.10,77.60,36.60,37.40,99.50,21.70,2.09,487.20,84.40,39.60,40.90,99.50,20.00,2.11,481.80,81.00,37.20,39.00,98.10,23.50,4.29,485.03,81.00,113.40,117.30,99.03,21.73,8.49
2026-04-29 19:17:00,2026-04-29 19:17:59,Q10,486.30,75.60,35.60,36.50,99.50,21.40,1.86,486.30,81.90,38.60,39.40,99.50,22.00,2.03,482.60,79.30,37.20,38.10,98.30,23.90,3.91,485.07,78.93,111.40,114.00,99.10,22.43,7.80
2026-04-29 19:18:00,2026-04-29 19:18:59,Q10,484.10,74.40,34.70,35.80,99.40,21.80,2.11,487.40,83.00,39.60,40.40,99.60,21.40,1.77,483.60,77.90,36.30,37.20,98.30,23.50,3.91,485.03,78.43,110.60,113.40,99.10,22.23,7.80
2026-04-29 19:19:00,2026-04-29 19:19:59,Q10,484.10,75.10,35.60,36.30,99.50,22.20,2.00,488.00,78.10,37.60,38.10,99.70,22.80,1.66,482.60,77.80,36.30,37.10,98.40,24.80,3.74,484.90,77.00,109.50,111.50,99.20,23.27,7.40
2026-04-29 19:20:00,2026-04-29 19:20:59,Q10,484.80,71.80,33.70,34.40,99.40,21.20,2.14,486.60,80.90,37.60,38.90,99.60,22.10,1.94,483.80,79.60,37.20,38.20,98.30,24.30,3.86,485.07,77.43,108.50,111.50,99.10,22.53,7.94
2026-04-29 19:21:00,2026-04-29 19:21:59,Q10,485.40,75.30,35.60,36.40,99.50,21.30,1.83,486.80,81.60,38.60,39.40,99.60,21.00,1.89,483.40,77.40,36.30,37.20,98.20,24.30,3.89,485.20,78.10,110.50,113.00,99.10,22.20,7.60
2026-04-29 19:22:00,2026-04-29 19:22:59,Q10,486.40,70.50,33.70,34.00,99.60,22.00,1.71,486.80,80.50,37.60,38.90,99.60,22.90,1.74,482.40,77.50,36.30,37.10,98.40,24.70,3.63,485.20,76.17,107.60,110.00,99.20,23.20,7.09
2026-04-29 19:23:00,2026-04-29 19:23:59,Q10,485.90,73.20,34.70,35.40,99.50,20.90,1.86,486.20,83.90,39.60,40.30,99.50,21.40,2.06,482.60,76.90,35.30,36.60,98.30,23.30,3.80,484.90,78.00,109.60,112.30,99.10,21.87,7.71
2026-04-29 19:24:00,2026-04-29 19:24:59,Q10,485.30,77.90,36.60,37.30,99.50,20.60,1.97,488.20,81.40,38.60,39.50,99.60,20.80,1.94,482.10,79.10,37.20,38.10,98.30,24.10,3.94,485.20,79.47,112.40,114.90,99.13,21.83,7.86
2026-04-29 19:25:00,2026-04-29 19:25:59,Q10,485.30,75.80,35.60,36.40,99.50,21.00,2.03,488.20,83.70,39.60,40.50,99.60,20.60,1.77,482.10,78.80,36.30,37.60,98.40,23.20,3.86,485.20,79.43,111.50,114.50,99.17,21.60,7.66
2026-04-29 19:26:00,2026-04-29 19:26:59,Q10,486.70,73.30,34.70,35.50,99.60,21.70,1.51,487.20,79.40,37.60,38.50,99.70,22.40,1.63,482.40,74.30,34.30,35.70,98.50,25.40,3.46,485.43,75.67,106.60,109.70,99.27,23.17,6.60
2026-04-29 19:27:00,2026-04-29 19:27:59,Q10,484.20,70.00,32.70,33.90,99.60,22.00,1.66,487.80,78.80,36.60,38.00,99.70,20.60,1.54,483.20,74.20,34.30,35.70,98.50,24.60,3.37,485.07,74.33,103.60,107.60,99.27,22.40,6.57
2026-04-29 19:28:00,2026-04-29 19:28:59,Q10,484.60,70.10,32.70,33.90,99.50,23.80,1.80,486.30,80.20,37.60,38.90,99.60,23.10,1.77,483.20,77.10,36.30,37.20,98.50,26.40,3.54,484.70,75.80,106.60,110.00,99.20,24.43,7.11
2026-04-29 19:29:00,2026-04-29 19:29:59,Q10,484.20,76.60,35.60,36.80,99.40,21.80,2.20,486.70,84.70,39.60,40.80,99.60,20.90,2.03,483.40,77.10,36.30,37.20,98.30,24.10,3.97,484.77,79.47,111.50,114.80,99.10,22.27,8.20
2026-04-29 19:30:00,2026-04-29 19:30:59,Q10,484.40,79.40,37.60,38.20,99.40,21.40,2.31,486.70,86.70,40.60,41.80,99.50,21.00,2.17,483.80,81.50,38.20,39.10,98.30,22.90,4.11,484.97,82.53,116.40,119.10,99.07,21.77,8.60
2026-04-29 19:31:00,2026-04-29 19:31:59,Q10,484.80,74.30,34.70,35.80,99.60,20.70,1.83,487.00,83.10,39.60,40.40,99.60,20.90,1.89,484.00,79.80,37.20,38.20,98.40,23.40,3.69,485.27,79.07,111.50,114.40,99.20,21.67,7.40
2026-04-29 19:32:00,2026-04-29 19:32:59,Q10,484.20,75.70,35.60,36.30,99.60,22.60,1.77,487.30,81.80,38.60,39.40,99.60,22.00,1.94,483.30,78.40,36.30,37.70,98.40,25.60,3.66,484.93,78.63,110.50,113.40,99.20,23.40,7.37
2026-04-29 19:33:00,2026-04-29 19:33:59,Q10,486.20,75.50,35.60,36.50,99.60,20.90,1.71,487.20,80.10,37.60,39.00,99.50,20.50,2.03,481.70,77.10,36.30,37.00,98.20,24.30,3.86,485.03,77.57,109.50,112.50,99.10,21.90,7.60
2026-04-29 19:34:00,2026-04-29 19:34:59,Q10,485.00,74.90,34.70,35.90,99.50,22.50,1.83,488.70,83.50,39.60,40.50,99.60,22.20,1.89,483.00,77.10,36.30,37.20,98.20,25.20,3.97,485.57,78.50,110.60,113.60,99.10,23.30,7.69
2026-04-29 19:35:00,2026-04-29 19:35:59,Q10,485.20,74.60,34.70,35.90,99.60,22.50,1.66,488.70,83.30,39.60,40.50,99.60,21.70,1.74,482.10,76.30,35.30,36.60,98.20,25.10,3.97,485.33,78.07,109.60,113.00,99.13,23.10,7.37
2026-04-29 19:36:00,2026-04-29 19:36:59,Q10,485.00,71.30,33.70,34.40,99.60,21.90,1.60,489.10,80.80,38.60,39.10,99.70,21.20,1.63,483.20,74.30,34.30,35.70,98.40,25.40,3.63,485.77,75.47,106.60,109.20,99.23,22.83,6.86
2026-04-29 19:37:00,2026-04-29 19:37:59,Q10,486.60,70.30,33.70,34.00,99.70,23.30,1.34,487.90,80.00,37.60,39.00,99.60,21.50,1.71,482.00,73.30,34.30,35.20,98.20,25.60,3.71,485.50,74.53,105.60,108.20,99.17,23.47,6.77
2026-04-29 19:38:00,2026-04-29 19:38:59,Q10,486.60,65.20,30.70,31.60,99.80,23.20,0.91,487.10,72.70,34.70,35.10,99.80,21.50,1.20,482.10,68.60,31.40,32.80,98.50,26.90,3.11,485.27,68.83,96.80,99.50,99.37,23.87,5.23
2026-04-29 19:39:00,2026-04-29 19:39:59,Q10,486.70,66.10,31.70,32.10,99.70,23.30,1.17,488.10,76.70,36.60,37.10,99.70,24.40,1.34,482.40,71.90,33.30,34.20,98.40,26.50,3.40,485.73,71.57,101.60,103.40,99.27,24.73,5.91
2026-04-29 19:40:00,2026-04-29 19:40:59,Q10,484.50,68.40,31.70,32.90,99.70,23.90,1.23,488.30,74.20,35.60,36.10,99.70,23.20,1.49,483.20,71.40,33.30,34.30,98.50,26.50,3.29,485.33,71.33,100.60,103.30,99.30,24.53,6.00
2026-04-29 19:41:00,2026-04-29 19:41:59,Q10,484.40,66.80,30.70,31.90,99.70,23.70,1.37,488.60,77.30,36.60,37.60,99.80,22.10,1.26,482.40,71.60,33.30,34.20,98.30,24.50,3.54,485.13,71.90,100.60,103.70,99.27,23.43,6.17
2026-04-29 19:42:00,2026-04-29 19:42:59,Q10,483.80,65.60,30.70,31.40,99.70,23.50,1.31,487.90,75.80,35.60,36.50,99.70,23.50,1.37,481.80,71.60,33.30,34.20,98.50,26.30,3.29,484.50,71.00,99.60,102.10,99.30,24.43,5.97
2026-04-29 19:43:00,2026-04-29 19:43:59,Q10,484.70,68.00,31.70,32.90,99.60,23.10,1.46,488.60,78.50,37.60,38.10,99.70,23.80,1.43,482.10,74.20,34.30,35.70,98.50,24.80,3.43,485.13,73.57,103.60,106.70,99.27,23.90,6.31
2026-04-29 19:44:00,2026-04-29 19:44:59,Q10,485.80,71.40,33.70,34.40,99.60,23.40,1.66,488.80,83.10,39.60,40.50,99.60,22.20,1.77,482.20,76.00,35.30,36.60,98.10,25.10,4.03,485.60,76.83,108.60,111.50,99.10,23.57,7.46
2026-04-29 19:45:00,2026-04-29 19:45:59,Q10,484.60,75.30,35.60,36.30,99.40,22.20,2.09,488.00,84.70,39.60,41.00,99.60,21.90,1.91,483.90,79.00,37.20,38.20,98.30,25.70,4.00,485.50,79.67,112.40,115.50,99.10,23.27,8.00
2026-04-29 19:46:00,2026-04-29 19:46:59,Q10,485.70,74.20,34.70,35.90,99.60,21.70,1.74,486.60,82.50,38.60,39.90,99.70,21.70,1.66,483.30,76.60,35.30,36.70,98.40,25.10,3.63,485.20,77.77,108.60,112.50,99.23,22.83,7.03
2026-04-29 19:47:00,2026-04-29 19:47:59,Q10,484.10,69.10,32.70,33.40,99.60,24.50,1.51,488.40,77.70,36.60,37.60,99.80,23.00,1.23,482.80,72.80,33.30,34.70,98.50,25.90,3.31,485.10,73.20,102.60,105.70,99.30,24.47,6.06
2026-04-29 19:48:00,2026-04-29 19:48:59,Q10,484.10,67.30,31.70,32.40,99.70,22.80,1.37,487.90,77.20,36.60,37.50,99.70,22.30,1.37,483.20,71.30,33.30,34.30,98.50,25.50,3.37,485.07,71.93,101.60,104.20,99.30,23.53,6.11
2026-04-29 19:49:00,2026-04-29 19:49:59,Q10,484.60,66.10,30.70,31.90,99.70,23.50,1.26,487.50,75.10,35.60,36.50,99.70,23.30,1.37,483.80,68.60,31.40,32.80,98.60,27.20,3.11,485.30,69.93,97.70,101.20,99.33,24.67,5.74
2026-04-29 19:50:00,2026-04-29 19:50:59,Q10,486.30,71.90,33.70,34.50,99.60,23.50,1.54,487.30,77.90,36.60,37.50,99.60,22.40,1.71,481.80,74.60,34.30,35.60,98.30,24.90,3.63,485.13,74.80,104.60,107.60,99.17,23.60,6.89
2026-04-29 19:51:00,2026-04-29 19:51:59,Q10,484.50,75.50,35.60,36.30,99.50,22.30,1.91,487.10,83.50,39.60,40.40,99.60,22.00,1.86,483.60,79.30,37.20,38.20,98.30,25.40,3.86,485.07,79.43,112.40,114.90,99.13,23.23,7.63
2026-04-29 19:52:00,2026-04-29 19:52:59,Q10,485.00,72.00,33.70,34.90,99.50,22.90,1.80,488.70,81.70,38.60,39.50,99.60,23.20,1.74,482.50,77.10,36.30,37.10,98.30,24.90,3.83,485.40,76.93,108.60,111.50,99.13,23.67,7.37
2026-04-29 19:53:00,2026-04-29 19:53:59,Q10,484.80,73.30,34.70,35.30,99.60,22.00,1.60,488.40,80.80,38.60,39.00,99.70,21.70,1.60,482.10,76.30,35.30,36.60,98.20,25.20,3.80,485.10,76.80,108.60,110.90,99.17,22.97,7.00
2026-04-29 19:54:00,2026-04-29 19:54:59,Q10,484.80,72.80,33.70,34.80,99.50,19.90,1.83,485.50,79.30,37.60,38.30,99.50,18.80,2.14,481.60,75.80,34.90,36.10,97.90,22.10,4.17,483.97,75.97,106.20,109.20,98.97,20.27,8.14
2026-04-29 19:55:00,2026-04-29 19:55:59,Q10,485.80,69.60,32.70,33.50,99.40,20.30,1.97,485.70,79.00,37.60,38.30,99.50,18.90,2.14,480.90,76.40,35.30,36.50,98.00,21.50,4.06,484.13,75.00,105.60,108.30,98.97,20.23,8.17
2026-04-29 19:56:00,2026-04-29 19:56:59,Q10,484.50,71.20,33.70,34.40,99.50,19.80,1.86,485.70,78.70,36.60,37.80,99.60,19.70,1.86,482.10,75.70,35.30,36.20,98.10,22.70,3.94,484.10,75.20,105.60,108.40,99.07,20.73,7.66
2026-04-29 19:57:00,2026-04-29 19:57:59,Q10,483.90,68.90,31.70,32.80,99.50,19.50,1.80,486.90,76.10,35.60,36.90,99.50,20.80,2.09,482.70,72.70,33.30,34.70,98.10,22.80,3.89,484.50,72.57,100.60,104.40,99.03,21.03,7.77
2026-04-29 19:58:00,2026-04-29 19:58:59,Q10,485.50,72.00,33.70,34.90,99.50,19.80,1.71,488.50,79.30,37.60,38.60,99.60,19.90,1.80,481.70,74.30,34.00,35.60,97.90,21.90,4.06,485.23,75.20,105.30,109.10,99.00,20.53,7.57
2026-04-29 19:59:00,2026-04-29 19:59:59,Q10,484.40,73.40,34.70,35.30,99.40,19.60,2.09,488.80,79.80,37.60,38.60,99.60,19.30,1.83,483.00,75.70,34.90,36.20,97.90,22.10,4.29,485.40,76.30,107.20,110.10,98.97,20.33,8.20
2026-04-29 20:00:00,2026-04-29 20:00:59,Q10,486.70,72.70,33.70,35.00,99.40,19.90,2.00,487.40,81.30,38.60,39.40,99.50,20.30,2.14,483.00,77.60,35.90,37.20,97.90,21.90,4.26,485.70,77.20,108.20,111.60,98.93,20.70,8.40
2026-04-29 20:01:00,2026-04-29 20:01:59,Q10,486.50,72.20,33.70,35.00,99.60,21.60,1.74,487.50,79.30,37.60,38.50,99.70,22.70,1.63,484.50,75.90,35.30,36.30,98.30,26.10,3.74,486.17,75.80,106.60,109.80,99.20,23.47,7.11
2026-04-29 20:02:00,2026-04-29 20:02:59,Q10,486.20,67.60,31.70,32.60,99.70,24.00,1.37,489.90,78.70,37.60,38.10,99.80,21.30,1.26,483.30,73.90,34.30,35.30,98.30,26.90,3.54,486.47,73.40,103.60,106.00,99.27,24.07,6.17
2026-04-29 20:03:00,2026-04-29 20:03:59,Q10,486.80,73.10,34.70,35.50,99.50,21.30,2.00,490.20,82.00,39.60,40.20,99.70,20.40,1.60,483.90,78.10,36.30,37.70,98.00,24.00,4.23,486.97,77.73,110.60,113.40,99.07,21.90,7.83
2026-04-29 20:04:00,2026-04-29 20:04:59,Q10,487.60,72.10,34.70,35.10,99.50,22.50,1.91,489.30,82.00,39.60,40.10,99.70,22.20,1.60,483.30,78.60,36.30,37.70,98.10,25.20,4.14,486.73,77.57,110.60,112.90,99.10,23.30,7.66
2026-04-29 20:05:00,2026-04-29 20:05:59,Q10,486.30,71.90,33.70,34.50,99.50,21.00,1.89,488.00,78.80,37.60,38.10,99.70,21.80,1.57,485.00,79.30,37.20,38.30,98.20,26.50,3.94,486.43,76.67,108.50,110.90,99.13,23.10,7.40
2026-04-29 20:06:00,2026-04-29 20:06:59,Q10,486.50,71.90,33.70,34.50,99.60,22.30,1.77,487.30,81.80,38.60,39.40,99.70,20.80,1.74,482.10,76.50,35.30,36.60,98.10,24.50,4.09,485.30,76.73,107.60,110.50,99.13,22.53,7.60
2026-04-29 20:07:00,2026-04-29 20:07:59,Q10,485.20,72.50,33.70,34.90,99.50,22.90,1.89,487.20,80.30,37.60,39.00,99.60,23.00,1.77,484.20,81.30,38.20,39.20,98.10,25.90,4.09,485.53,78.03,109.50,113.10,99.07,23.93,7.74
2026-04-29 20:08:00,2026-04-29 20:08:59,Q10,486.90,73.10,34.70,35.50,99.50,21.60,1.97,487.60,86.10,40.60,41.90,99.70,20.90,1.66,482.70,80.50,37.20,38.60,98.10,24.30,4.26,485.73,79.90,112.50,116.00,99.10,22.27,7.89
2026-04-29 20:09:00,2026-04-29 20:09:59,Q10,486.70,77.00,36.60,37.40,99.30,20.70,2.34,487.30,85.30,40.60,41.40,99.60,21.70,1.89,483.60,82.80,38.20,39.60,98.20,24.30,4.17,485.87,81.70,115.40,118.40,99.03,22.23,8.40
2026-04-29 20:10:00,2026-04-29 20:10:59,Q10,486.40,74.70,34.70,36.00,99.40,21.80,2.20,488.90,83.30,39.60,40.50,99.60,20.90,1.80,482.80,80.40,37.20,38.60,98.10,23.30,4.20,486.03,79.47,111.50,115.10,99.03,22.00,8.20
2026-04-29 20:11:00,2026-04-29 20:11:59,Q10,485.20,76.20,35.60,36.90,99.40,20.30,2.31,487.40,86.90,40.60,41.90,99.60,21.40,2.06,484.50,83.90,39.20,40.20,98.20,22.60,4.17,485.70,82.33,115.40,119.00,99.07,21.43,8.54
2026-04-29 20:12:00,2026-04-29 20:12:59,Q10,485.20,77.20,36.60,37.30,99.30,21.30,2.46,488.00,86.40,40.60,42.00,99.60,21.40,2.03,484.20,81.50,38.20,39.20,98.30,23.60,4.11,485.80,81.70,115.40,118.50,99.07,22.10,8.60
2026-04-29 20:13:00,2026-04-29 20:13:59,Q10,487.30,78.10,36.60,38.00,99.30,20.50,2.46,487.90,87.70,41.60,42.40,99.50,20.90,2.31,483.40,84.90,39.20,40.60,98.20,23.00,4.31,486.20,83.57,117.40,121.00,99.00,21.47,9.09
2026-04-29 20:14:00,2026-04-29 20:14:59,Q10,485.30,77.60,36.60,37.30,99.40,20.40,2.29,489.20,85.20,40.60,41.60,99.60,21.60,1.89,483.10,82.20,38.20,39.60,98.20,22.70,4.09,485.87,81.67,115.40,118.50,99.07,21.57,8.26
2026-04-29 20:15:00,2026-04-29 20:15:59,Q10,485.10,76.30,35.60,36.90,99.30,21.40,2.46,489.00,83.10,39.60,40.60,99.70,21.00,1.77,484.20,82.90,38.20,39.70,98.20,22.50,4.14,486.10,80.77,113.40,117.20,99.07,21.63,8.37
2026-04-29 20:16:00,2026-04-29 20:16:59,Q10,484.60,82.20,38.60,39.70,99.20,20.20,2.63,488.40,85.50,40.60,41.50,99.60,20.70,1.91,483.90,85.50,40.20,41.10,98.30,21.40,4.29,485.63,84.40,119.40,122.30,99.03,20.77,8.83
2026-04-29 20:17:00,2026-04-29 20:17:59,Q10,486.50,73.10,34.70,35.50,99.40,21.40,2.23,488.70,85.20,40.60,41.50,99.70,22.40,1.60,482.50,79.90,37.20,38.10,98.20,24.80,4.23,485.90,79.40,112.50,115.10,99.10,22.87,8.06
2026-04-29 20:18:00,2026-04-29 20:18:59,Q10,485.10,77.60,36.60,37.30,99.30,21.70,2.40,488.90,86.60,40.60,42.00,99.70,22.40,1.66,483.20,81.50,38.20,39.10,98.20,23.00,4.29,485.73,81.90,115.40,118.40,99.07,22.37,8.34
2026-04-29 20:19:00,2026-04-29 20:19:59,Q10,486.40,76.30,35.60,36.90,99.40,20.90,2.23,488.50,84.60,39.60,41.00,99.60,22.40,1.86,482.40,82.00,38.20,39.50,98.10,24.50,4.29,485.77,80.97,113.40,117.40,99.03,22.60,8.37
2026-04-29 20:20:00,2026-04-29 20:20:59,Q10,485.20,74.80,34.70,35.90,99.30,21.80,2.29,489.20,82.30,39.60,40.10,99.70,22.10,1.71,483.00,79.90,37.20,38.20,98.30,24.40,4.03,485.80,79.00,111.50,114.20,99.10,22.77,8.03
2026-04-29 20:21:00,2026-04-29 20:21:59,Q10,485.70,74.00,34.70,35.90,99.40,22.20,2.20,488.80,85.30,40.60,41.50,99.70,22.40,1.74,482.40,81.80,38.20,39.00,98.10,24.20,4.20,485.63,80.37,113.50,116.40,99.07,22.93,8.14
2026-04-29 20:22:00,2026-04-29 20:22:59,Q10,486.00,78.60,36.60,37.90,99.40,20.70,2.31,486.90,86.20,40.60,41.80,99.60,20.30,2.00,483.70,81.10,38.20,39.10,98.10,23.10,4.31,485.53,81.97,115.40,118.80,99.03,21.37,8.63
2026-04-29 20:23:00,2026-04-29 20:23:59,Q10,485.10,77.00,36.60,37.30,99.40,21.90,2.20,489.00,84.90,40.60,41.10,99.60,21.30,2.00,483.40,80.00,37.20,38.60,98.10,23.40,4.31,485.83,80.63,114.40,117.00,99.03,22.20,8.51
2026-04-29 20:24:00,2026-04-29 20:24:59,Q10,486.10,73.00,34.70,35.50,99.50,22.40,1.97,488.80,82.10,39.60,40.00,99.70,22.40,1.66,482.30,79.60,37.20,38.10,98.30,24.80,3.91,485.73,78.23,111.50,113.60,99.17,23.20,7.54
2026-04-29 20:25:00,2026-04-29 20:25:59,Q10,487.00,77.00,36.60,37.50,99.40,20.80,2.14,487.30,84.60,39.60,40.90,99.50,22.20,2.09,483.80,79.60,37.20,38.20,98.20,24.50,4.06,486.03,80.40,113.40,116.60,99.03,22.50,8.29
2026-04-29 20:26:00,2026-04-29 20:26:59,Q10,486.90,76.40,35.60,36.90,99.50,21.80,1.89,488.30,85.80,40.60,41.50,99.60,21.70,1.83,482.40,82.80,38.20,39.50,98.30,23.90,3.94,485.87,81.67,114.40,117.90,99.13,22.47,7.66
2026-04-29 20:27:00,2026-04-29 20:27:59,Q10,485.70,71.80,33.70,34.40,99.60,23.10,1.74,489.30,79.60,37.60,38.60,99.70,23.30,1.51,482.90,76.50,35.30,36.60,98.30,25.50,3.80,485.97,75.97,106.60,109.60,99.20,23.97,7.06
2026-04-29 20:28:00,2026-04-29 20:28:59,Q10,485.50,69.10,32.70,33.50,99.60,22.30,1.57,487.30,78.30,36.60,38.00,99.70,22.40,1.54,484.40,74.10,34.30,35.80,98.40,25.10,3.54,485.73,73.83,103.60,107.30,99.23,23.27,6.66
2026-04-29 20:29:00,2026-04-29 20:29:59,Q10,486.00,75.30,35.60,36.50,99.40,22.50,2.03,487.20,83.50,39.60,40.40,99.60,22.60,1.80,484.50,77.30,36.30,37.30,98.40,24.10,3.69,485.90,78.70,111.50,114.20,99.13,23.07,7.51
2026-04-29 20:30:00,2026-04-29 20:30:59,Q10,486.00,74.20,34.70,36.00,99.50,22.90,1.91,488.20,82.70,39.60,40.00,99.70,22.90,1.74,482.90,78.90,36.30,37.60,98.20,24.40,3.94,485.70,78.60,110.60,113.60,99.13,23.40,7.60
2026-04-29 20:31:00,2026-04-29 20:31:59,Q10,486.50,73.10,34.70,35.50,99.50,21.50,1.94,488.20,81.30,38.60,39.50,99.60,21.40,1.71,483.30,79.30,37.20,38.20,98.30,24.20,3.83,486.00,77.90,110.50,113.20,99.13,22.37,7.49
2026-04-29 20:32:00,2026-04-29 20:32:59,Q10,486.50,70.90,33.70,34.00,99.50,22.30,1.89,487.30,79.40,37.60,38.50,99.70,22.00,1.66,484.20,77.00,36.30,37.30,98.30,24.60,3.74,486.00,75.77,107.60,109.80,99.17,22.97,7.29
2026-04-29 20:33:00,2026-04-29 20:33:59,Q10,486.40,72.40,33.70,35.00,99.40,22.50,2.09,487.60,81.70,38.60,39.40,99.60,22.60,1.71,484.90,77.30,36.30,37.30,98.40,25.10,3.66,486.30,77.13,108.60,111.70,99.13,23.40,7.46
2026-04-29 20:34:00,2026-04-29 20:34:59,Q10,485.30,77.70,36.60,37.30,99.30,20.90,2.34,489.20,85.20,40.60,41.60,99.70,22.30,1.71,483.00,83.70,39.20,40.10,98.20,23.40,4.17,485.83,82.20,116.40,119.00,99.07,22.20,8.23
2026-04-29 20:35:00,2026-04-29 20:35:59,Q10,485.30,73.60,34.70,35.40,99.30,22.60,2.26,488.80,81.60,38.60,39.50,99.60,22.30,1.77,484.70,80.70,37.20,38.70,98.50,23.70,3.71,486.27,78.63,110.50,113.60,99.13,22.87,7.74
2026-04-29 20:36:00,2026-04-29 20:36:59,Q10,485.60,74.80,34.70,35.90,99.30,20.60,2.31,487.80,83.50,39.60,40.40,99.60,21.90,1.97,485.10,82.60,38.20,39.80,98.40,23.00,3.86,486.17,80.30,112.50,116.10,99.10,21.83,8.14
2026-04-29 20:37:00,2026-04-29 20:37:59,Q10,486.40,74.10,34.70,36.00,99.40,21.90,2.03,489.60,79.90,37.60,38.60,99.70,22.00,1.63,483.20,76.30,35.30,36.70,98.40,24.00,3.80,486.40,76.77,107.60,111.30,99.17,22.63,7.46
2026-04-29 20:38:00,2026-04-29 20:38:59,Q10,486.20,72.50,33.70,35.00,99.50,21.70,1.97,487.50,79.80,37.60,38.50,99.60,22.70,1.80,484.90,77.40,36.30,37.30,98.50,24.50,3.63,486.20,76.57,107.60,110.80,99.20,22.97,7.40
2026-04-29 20:39:00,2026-04-29 20:39:59,Q10,485.50,70.50,32.70,34.00,99.50,21.60,1.91,489.70,81.40,38.60,39.60,99.80,22.30,1.37,483.60,74.70,34.30,35.70,98.30,23.90,3.80,486.27,75.53,105.60,109.30,99.20,22.60,7.09
2026-04-29 20:40:00,2026-04-29 20:40:59,Q10,486.50,75.40,35.60,36.50,99.50,23.10,1.89,487.40,81.00,38.60,39.40,99.70,22.50,1.71,484.50,77.30,36.30,37.30,98.30,25.10,3.77,486.13,77.90,110.50,113.20,99.17,23.57,7.37
2026-04-29 20:41:00,2026-04-29 20:41:59,Q10,485.80,73.80,34.70,35.40,99.50,22.00,1.94,489.60,81.70,38.60,39.60,99.70,21.90,1.63,483.50,78.50,36.30,37.70,98.10,24.60,4.14,486.30,78.00,109.60,112.70,99.10,22.83,7.71
2026-04-29 20:42:00,2026-04-29 20:42:59,Q10,486.60,73.00,34.70,35.50,99.50,22.20,2.00,489.10,83.40,39.60,40.60,99.70,22.40,1.74,482.80,77.90,36.30,37.10,98.30,24.70,3.91,486.17,78.10,110.60,113.20,99.17,23.10,7.66
2026-04-29 20:43:00,2026-04-29 20:43:59,Q10,487.50,78.10,36.60,38.00,99.50,21.00,2.09,488.10,88.50,41.60,42.90,99.50,20.30,2.17,483.80,82.10,37.80,39.60,97.90,23.80,4.60,486.47,82.90,116.00,120.50,98.97,21.70,8.86
2026-04-29 20:44:00,2026-04-29 20:44:59,Q10,487.60,75.10,35.60,36.50,99.50,21.70,1.94,489.50,83.50,39.60,40.60,99.60,20.80,1.83,483.60,81.40,38.20,39.10,98.10,24.30,4.26,486.90,80.00,113.40,116.20,99.07,22.27,8.03
2026-04-29 20:45:00,2026-04-29 20:45:59,Q10,487.90,70.40,33.70,34.10,99.60,22.80,1.66,489.30,80.80,38.60,39.10,99.70,22.00,1.60,483.50,77.30,36.30,37.20,98.10,25.90,3.97,486.90,76.17,108.60,110.40,99.13,23.57,7.23
2026-04-29 20:46:00,2026-04-29 20:46:59,Q10,488.00,73.30,34.70,35.60,99.60,23.60,1.69,489.10,80.10,38.60,39.10,99.70,22.90,1.69,483.40,76.10,35.30,36.70,98.20,25.50,3.89,486.83,76.50,108.60,111.40,99.17,24.00,7.26
2026-04-29 20:47:00,2026-04-29 20:47:59,Q10,487.90,72.60,34.70,35.10,99.50,21.90,1.86,488.60,85.40,40.60,41.50,99.70,21.50,1.71,484.70,76.60,35.30,36.80,98.30,24.70,3.94,487.07,78.20,110.60,113.40,99.17,22.70,7.51
2026-04-29 20:48:00,2026-04-29 20:48:59,Q10,486.30,68.80,32.70,33.00,99.60,22.50,1.51,490.60,76.00,36.60,37.20,99.80,22.20,1.17,484.80,74.20,34.30,35.80,98.30,25.50,3.66,487.23,73.00,103.60,106.00,99.23,23.40,6.34
2026-04-29 20:49:00,2026-04-29 20:49:59,Q10,488.10,70.80,33.70,34.20,99.60,22.00,1.63,489.10,80.10,38.60,39.10,99.70,22.40,1.46,484.00,76.40,35.30,36.80,98.30,25.20,3.80,487.07,75.77,107.60,110.10,99.20,23.20,6.89
2026-04-29 20:50:00,2026-04-29 20:50:59,Q10,486.30,70.40,33.70,34.00,99.50,22.70,1.80,490.00,80.70,38.60,39.20,99.70,22.80,1.49,485.00,75.00,35.30,36.40,98.40,25.60,3.69,487.10,75.37,107.60,109.60,99.20,23.70,6.97
2026-04-29 20:51:00,2026-04-29 20:51:59,Q10,488.30,70.00,33.70,34.20,99.60,22.70,1.66,489.30,79.40,37.60,38.60,99.70,21.40,1.46,484.10,76.30,35.30,36.80,98.30,25.30,3.77,487.23,75.23,106.60,109.60,99.20,23.13,6.89
2026-04-29 20:52:00,2026-04-29 20:52:59,Q10,488.00,74.90,35.60,36.10,99.50,22.20,1.97,488.60,83.00,39.60,40.50,99.60,21.40,1.83,485.20,78.00,36.30,37.80,98.30,23.30,3.86,487.27,78.63,111.50,114.40,99.13,22.30,7.66
2026-04-29 20:53:00,2026-04-29 20:53:59,Q10,486.20,74.80,34.70,36.00,99.40,22.70,2.09,490.10,87.90,41.60,42.60,99.60,21.80,1.94,484.20,80.30,37.20,38.70,98.20,24.50,4.09,486.83,81.00,113.50,117.30,99.07,23.00,8.11
2026-04-29 20:54:00,2026-04-29 20:54:59,Q10,487.60,73.60,34.70,35.60,99.50,21.30,2.00,488.20,81.20,38.60,39.50,99.60,22.10,1.97,485.40,77.50,36.30,37.30,98.30,24.10,3.80,487.07,77.43,109.60,112.40,99.13,22.50,7.77
2026-04-29 20:55:00,2026-04-29 20:55:59,Q10,486.10,70.90,33.70,34.00,99.60,22.10,1.74,489.30,81.50,38.60,39.60,99.70,22.00,1.57,485.40,76.10,35.30,36.90,98.40,26.00,3.66,486.93,76.17,107.60,110.50,99.23,23.37,6.97
2026-04-29 20:56:00,2026-04-29 20:56:59,Q10,488.50,70.90,33.70,34.20,99.60,22.90,1.66,489.10,78.10,37.60,38.10,99.70,22.50,1.63,484.80,72.80,33.30,34.80,98.30,25.10,3.69,487.47,73.93,104.60,107.10,99.20,23.50,6.97
2026-04-29 20:57:00,2026-04-29 20:57:59,Q10,488.70,69.60,32.70,33.70,99.60,22.50,1.66,490.20,77.90,36.60,37.70,99.70,22.60,1.54,484.40,77.20,36.30,37.30,98.40,25.70,3.57,487.77,74.90,105.60,108.70,99.23,23.60,6.77
2026-04-29 20:58:00,2026-04-29 20:58:59,Q10,488.00,76.00,36.60,37.10,99.50,22.40,1.94,488.30,82.70,39.60,40.00,99.60,21.90,1.74,485.10,79.00,37.20,38.30,98.40,24.70,3.71,487.13,79.23,113.40,115.40,99.17,23.00,7.40
2026-04-29 20:59:00,2026-04-29 20:59:59,Q10,486.70,72.00,33.70,35.00,99.40,21.30,2.11,490.70,79.40,37.60,38.70,99.70,22.40,1.60,485.00,77.80,36.30,37.30,98.50,23.70,3.60,487.47,76.40,107.60,111.00,99.20,22.47,7.31
2026-04-29 21:00:00,2026-04-29 21:00:59,Q10,487.20,69.50,32.70,33.60,99.60,24.50,1.54,490.90,76.20,36.60,37.20,99.70,23.80,1.34,484.50,75.50,35.30,36.30,98.60,25.90,3.31,487.53,73.73,104.60,107.10,99.30,24.73,6.20
2026-04-29 21:01:00,2026-04-29 21:01:59,Q10,487.30,65.80,30.70,31.70,99.60,23.60,1.49,489.10,73.50,34.70,35.70,99.70,24.80,1.34,486.20,70.20,33.30,34.00,98.70,26.60,3.06,487.53,69.83,98.70,101.40,99.33,25.00,5.89
2026-04-29 21:02:00,2026-04-29 21:02:59,Q10,483.80,65.80,30.70,31.40,99.70,24.00,1.26,485.10,72.40,33.70,34.90,99.70,23.20,1.40,482.20,68.90,31.40,32.80,98.60,26.40,3.00,483.70,69.03,95.80,99.10,99.33,24.53,5.66
2026-04-29 21:03:00,2026-04-29 21:03:59,Q10,484.00,65.90,30.70,31.50,99.60,22.70,1.43,486.50,75.30,35.60,36.50,99.80,23.20,1.26,479.90,70.70,32.30,33.50,98.40,25.50,3.31,483.47,70.63,98.60,101.50,99.27,23.80,6.00
2026-04-29 21:04:00,2026-04-29 21:04:59,Q10,483.30,69.90,32.70,33.30,99.50,22.50,1.94,485.80,78.50,36.60,37.80,99.70,22.10,1.60,482.40,76.30,35.30,36.60,98.40,24.60,3.63,483.83,74.90,104.60,107.70,99.20,23.07,7.17
2026-04-29 21:05:00,2026-04-29 21:05:59,Q10,483.00,70.30,32.70,33.80,99.50,22.00,1.86,486.60,80.30,37.60,38.90,99.60,22.20,1.71,481.40,76.90,35.30,36.60,98.40,24.70,3.66,483.67,75.83,105.60,109.30,99.17,22.97,7.23
2026-04-29 21:06:00,2026-04-29 21:06:59,Q10,485.20,71.60,33.70,34.40,99.60,22.20,1.71,485.50,79.60,37.60,38.30,99.60,20.70,1.74,481.00,77.20,36.30,37.00,98.30,24.50,3.71,483.90,76.13,107.60,109.70,99.17,22.47,7.17
2026-04-29 21:07:00,2026-04-29 21:07:59,Q10,485.20,76.30,35.60,36.90,99.50,21.10,2.00,486.80,84.60,39.60,40.80,99.60,21.60,2.06,480.80,80.50,37.20,38.40,98.10,24.30,4.17,484.27,80.47,112.40,116.10,99.07,22.33,8.23
2026-04-29 21:08:00,2026-04-29 21:08:59,Q10,484.30,76.60,35.60,36.80,99.40,20.90,2.17,485.30,86.50,40.60,41.70,99.50,20.40,2.34,482.20,84.20,39.20,40.50,98.20,22.80,4.17,483.93,82.43,115.40,119.00,99.03,21.37,8.69
2026-04-29 21:09:00,2026-04-29 21:09:59,Q10,484.10,81.70,38.60,39.20,99.40,19.40,2.34,486.30,90.00,42.60,43.70,99.40,19.30,2.46,481.50,82.50,38.20,39.40,98.10,22.00,4.43,483.97,84.73,119.40,122.30,98.97,20.23,9.23
2026-04-29 21:10:00,2026-04-29 21:10:59,Q10,483.80,84.30,39.20,40.60,98.90,17.60,3.51,486.50,94.80,44.50,45.70,99.20,18.00,3.29,479.70,91.50,41.70,43.60,97.50,20.00,5.54,483.33,90.20,125.40,129.90,98.53,18.53,12.34
2026-04-29 21:11:00,2026-04-29 21:11:59,Q10,483.00,82.50,38.60,39.60,99.00,18.30,3.11,486.70,90.70,42.60,43.70,99.30,17.90,2.91,479.90,83.40,37.80,39.80,97.50,19.70,5.34,483.20,85.53,119.00,123.10,98.60,18.63,11.37
2026-04-29 21:12:00,2026-04-29 21:12:59,Q10,482.90,73.40,34.70,35.20,99.40,20.00,2.17,486.40,82.20,38.60,39.90,99.40,18.60,2.46,480.80,77.10,34.90,37.00,97.90,21.20,4.29,483.37,77.57,108.20,112.10,98.90,19.93,8.91
2026-04-29 21:13:00,2026-04-29 21:13:59,Q10,484.90,74.00,34.70,35.80,99.40,19.50,2.09,486.60,82.10,38.60,39.90,99.40,19.40,2.34,479.80,75.50,34.00,35.90,97.80,21.70,4.34,483.77,77.20,107.30,111.60,98.87,20.20,8.77
2026-04-29 21:14:00,2026-04-29 21:14:59,Q10,483.90,78.70,36.60,37.70,99.30,18.90,2.54,487.50,85.20,40.60,41.40,99.20,17.60,2.86,480.70,80.60,36.90,38.40,97.70,20.70,4.74,484.03,81.50,114.10,117.50,98.73,19.07,10.14
2026-04-29 21:15:00,2026-04-29 21:15:59,Q10,485.00,75.90,35.60,36.40,99.20,18.70,2.69,487.10,87.00,41.60,42.40,99.30,18.00,2.77,480.40,83.00,37.80,39.80,97.60,21.20,4.89,484.17,81.97,115.00,118.60,98.70,19.30,10.34
2026-04-29 21:16:00,2026-04-29 21:16:59,Q10,483.80,78.80,36.60,37.70,99.20,19.30,2.63,487.50,89.80,42.60,43.30,99.30,18.40,2.74,481.90,82.00,37.80,39.40,97.70,21.10,4.83,484.40,83.53,117.00,120.40,98.73,19.60,10.20
2026-04-29 21:17:00,2026-04-29 21:17:59,Q10,485.20,81.70,38.60,39.30,99.40,20.00,2.29,485.40,87.70,41.60,42.20,99.30,19.60,2.77,482.70,82.70,38.20,39.50,98.00,22.90,4.43,484.43,84.03,118.40,121.00,98.90,20.83,9.49
2026-04-29 21:18:00,2026-04-29 21:18:59,Q10,483.90,79.40,37.60,38.20,99.50,22.00,2.09,487.20,86.80,40.60,41.90,99.50,20.40,2.40,481.10,80.50,37.20,38.50,98.00,24.00,4.40,484.07,82.23,115.40,118.60,99.00,22.13,8.89
2026-04-29 21:19:00,2026-04-29 21:19:59,Q10,486.20,76.40,35.60,36.90,99.60,21.80,1.71,486.00,84.50,39.60,40.80,99.50,20.90,2.29,481.40,77.60,36.30,37.00,98.10,24.20,4.14,484.53,79.50,111.50,114.70,99.07,22.30,8.14
2026-04-29 21:20:00,2026-04-29 21:20:59,Q10,485.10,81.60,38.60,39.30,99.40,21.00,2.34,485.90,91.50,43.60,44.10,99.40,20.50,2.71,482.60,83.80,38.80,40.00,97.90,23.80,4.66,484.53,85.63,121.00,123.40,98.90,21.77,9.71
2026-04-29 21:21:00,2026-04-29 21:21:59,Q10,484.60,78.80,36.60,37.80,99.40,21.40,2.20,486.50,87.80,41.60,42.30,99.30,19.50,2.66,483.10,84.10,39.20,40.60,98.00,23.70,4.40,484.73,83.57,117.40,120.70,98.90,21.53,9.26
2026-04-29 21:22:00,2026-04-29 21:22:59,Q10,484.40,77.30,36.60,37.30,99.50,22.40,2.03,487.80,87.20,41.60,42.40,99.40,20.70,2.49,482.30,84.20,39.20,40.50,98.00,24.80,4.37,484.83,82.90,117.40,120.20,98.97,22.63,8.89
2026-04-29 21:23:00,2026-04-29 21:23:59,Q10,485.90,76.50,35.60,36.90,99.50,22.00,2.03,487.30,86.60,40.60,41.90,99.50,21.10,2.40,481.30,81.80,36.90,39.00,97.90,24.60,4.51,484.83,81.63,113.10,117.80,98.97,22.57,8.94
2026-04-29 21:24:00,2026-04-29 21:24:59,Q10,484.40,77.50,36.60,37.30,99.40,22.50,2.20,488.00,86.70,40.60,42.00,99.50,21.30,2.23,482.00,79.90,37.20,38.10,98.00,24.10,4.37,484.80,81.37,114.40,117.40,98.97,22.63,8.80
2026-04-29 21:25:00,2026-04-29 21:25:59,Q10,484.00,80.50,37.60,38.70,99.40,21.90,2.34,487.30,89.30,42.60,43.30,99.40,20.00,2.54,482.30,85.80,39.20,41.00,98.00,24.10,4.49,484.53,85.20,119.40,123.00,98.93,22.00,9.37
2026-04-29 21:26:00,2026-04-29 21:26:59,Q10,485.60,84.60,39.60,40.70,99.30,20.80,2.66,485.70,95.70,45.50,46.10,99.20,20.00,3.11,482.10,86.10,39.80,41.50,97.90,22.40,4.89,484.47,88.80,124.90,128.30,98.80,21.07,10.66
2026-04-29 21:27:00,2026-04-29 21:27:59,Q10,484.30,84.90,39.60,40.70,99.20,20.40,2.83,486.90,95.30,45.50,46.20,99.20,19.30,3.26,482.80,88.90,40.70,42.40,97.90,22.10,5.00,484.67,89.70,125.80,129.30,98.77,20.60,11.09
2026-04-29 21:28:00,2026-04-29 21:28:59,Q10,484.30,81.40,38.60,39.20,99.40,20.30,2.34,487.70,93.90,44.50,45.30,99.40,19.10,2.66,482.30,87.10,40.20,41.90,98.00,22.50,4.63,484.77,87.47,123.30,126.40,98.93,20.63,9.63
2026-04-29 21:29:00,2026-04-29 21:29:59,Q10,484.60,79.70,37.60,38.20,99.30,21.30,2.37,487.10,87.70,41.60,42.40,99.40,20.70,2.40,483.40,82.10,38.20,39.60,98.20,23.10,4.23,485.03,83.17,117.40,120.20,98.97,21.70,9.00
2026-04-29 21:30:00,2026-04-29 21:30:59,Q10,484.60,79.00,37.60,38.20,99.40,21.90,2.29,486.20,86.40,40.60,41.80,99.50,21.00,2.40,482.90,80.20,37.20,38.60,98.10,23.90,4.37,484.57,81.87,115.40,118.60,99.00,22.27,9.06
2026-04-29 21:31:00,2026-04-29 21:31:59,Q10,484.20,81.90,38.60,39.20,99.30,21.10,2.51,487.20,93.90,44.50,45.30,99.30,20.00,2.86,482.40,86.20,39.80,41.50,97.90,23.10,4.77,484.60,87.33,122.90,126.00,98.83,21.40,10.14
2026-04-29 21:32:00,2026-04-29 21:32:59,Q10,485.50,78.70,36.60,37.80,99.40,21.10,2.14,487.60,88.80,41.60,42.90,99.50,20.10,2.29,480.90,80.60,36.90,38.40,97.90,23.30,4.46,484.67,82.70,115.10,119.10,98.93,21.50,8.89
2026-04-29 21:33:00,2026-04-29 21:33:59,Q10,485.80,73.30,34.70,35.40,99.50,21.90,1.94,487.50,86.30,40.60,41.90,99.50,21.00,2.23,481.30,81.80,37.20,39.00,98.00,24.10,4.31,484.87,80.47,112.50,116.30,99.00,22.33,8.49
2026-04-29 21:34:00,2026-04-29 21:34:59,Q10,486.30,79.00,37.60,38.40,99.50,21.50,2.06,487.50,86.60,40.60,41.90,99.50,19.90,2.31,481.70,79.60,36.30,38.00,98.00,23.30,4.31,485.17,81.73,114.50,118.30,99.00,21.57,8.69
2026-04-29 21:35:00,2026-04-29 21:35:59,Q10,486.50,79.90,37.60,38.40,99.50,20.40,2.06,486.90,84.40,39.60,40.80,99.50,21.40,2.34,481.80,77.20,36.30,37.00,98.00,24.30,4.37,485.07,80.50,113.50,116.20,99.00,22.03,8.77
2026-04-29 21:36:00,2026-04-29 21:36:59,Q10,484.90,77.40,36.60,37.30,99.50,22.00,2.00,488.20,84.80,39.60,41.00,99.60,21.30,2.06,482.20,77.80,36.30,37.10,98.10,25.20,4.14,485.10,80.00,112.50,115.40,99.07,22.83,8.20
2026-04-29 21:37:00,2026-04-29 21:37:59,Q10,484.80,75.30,35.60,36.30,99.40,23.00,2.23,486.70,83.90,39.60,40.30,99.50,20.90,2.20,483.60,81.30,38.20,39.10,98.00,24.40,4.37,485.03,80.17,113.40,115.70,98.97,22.77,8.80
2026-04-29 21:38:00,2026-04-29 21:38:59,Q10,485.40,77.20,36.60,37.30,99.50,20.90,1.91,485.90,83.10,39.60,40.30,99.50,20.40,2.20,482.80,77.20,36.30,37.10,98.10,24.20,4.06,484.70,79.17,112.50,114.70,99.03,21.83,8.17
2026-04-29 21:39:00,2026-04-29 21:39:59,Q10,483.90,72.10,33.70,34.80,99.60,23.20,1.63,487.10,84.20,39.60,40.90,99.60,21.50,1.80,482.20,74.70,34.30,35.70,98.20,26.00,3.89,484.40,77.00,107.60,111.40,99.13,23.57,7.31
2026-04-29 21:40:00,2026-04-29 21:40:59,Q10,485.30,74.60,34.70,35.90,99.60,23.70,1.63,485.80,82.20,38.60,39.80,99.60,22.00,1.91,480.90,77.70,35.30,37.00,98.10,25.80,4.03,484.00,78.17,108.60,112.70,99.10,23.83,7.57
2026-04-29 21:41:00,2026-04-29 21:41:59,Q10,483.50,68.50,31.70,32.80,99.60,23.40,1.57,487.30,80.10,37.60,39.00,99.70,22.10,1.54,482.10,75.30,35.30,36.20,98.30,25.50,3.66,484.30,74.63,104.60,108.00,99.20,23.67,6.77
2026-04-29 21:42:00,2026-04-29 21:42:59,Q10,483.90,67.40,31.70,32.40,99.70,24.00,1.43,487.80,77.40,36.60,37.50,99.60,22.70,1.69,482.10,76.40,35.30,36.60,98.20,27.30,3.66,484.60,73.73,103.60,106.50,99.17,24.67,6.77
2026-04-29 21:43:00,2026-04-29 21:43:59,Q10,485.00,67.50,31.70,32.50,99.80,23.70,1.11,485.70,75.70,35.60,36.40,99.70,22.50,1.49,481.80,71.70,33.30,34.20,98.30,26.30,3.54,484.17,71.63,100.60,103.10,99.27,24.17,6.14
2026-04-29 21:44:00,2026-04-29 21:44:59,Q10,483.60,67.20,31.70,32.40,99.70,22.30,1.29,485.30,76.60,35.60,36.90,99.70,21.20,1.49,481.80,71.60,33.30,34.20,98.30,24.90,3.54,483.57,71.80,100.60,103.50,99.23,22.80,6.31
2026-04-29 21:45:00,2026-04-29 21:45:59,Q10,484.60,72.80,33.70,34.80,99.70,23.50,1.49,485.80,80.70,37.60,38.80,99.50,22.20,1.94,482.40,72.50,33.30,34.70,98.30,26.10,3.69,484.27,75.33,104.60,108.30,99.17,23.93,7.11
2026-04-29 21:46:00,2026-04-29 21:46:59,Q10,485.70,71.80,33.70,34.40,99.60,21.70,1.49,486.70,78.10,36.60,37.90,99.60,22.10,1.77,480.80,73.70,34.30,35.00,98.20,25.60,3.77,484.40,74.53,104.60,107.30,99.13,23.13,7.03
2026-04-29 21:47:00,2026-04-29 21:47:59,Q10,485.30,66.90,31.70,32.00,99.70,23.60,1.26,487.10,77.20,36.60,37.50,99.70,23.00,1.54,480.60,69.70,32.30,33.10,98.20,27.40,3.57,484.33,71.27,100.60,102.60,99.20,24.67,6.37
2026-04-29 21:48:00,2026-04-29 21:48:59,Q10,485.00,65.80,30.70,31.50,99.80,24.30,1.09,486.50,74.00,34.70,36.00,99.70,22.40,1.46,482.20,69.10,32.30,33.30,98.50,26.70,3.23,484.57,69.63,97.70,100.80,99.33,24.47,5.77
2026-04-29 21:49:00,2026-04-29 21:49:59,Q10,484.00,69.70,32.70,33.40,99.60,22.90,1.57,486.90,81.20,38.60,39.40,99.60,21.80,1.71,481.90,76.20,35.30,36.60,98.10,25.90,3.89,484.27,75.70,106.60,109.40,99.10,23.53,7.17
2026-04-29 21:50:00,2026-04-29 21:50:59,Q10,483.40,72.20,33.70,34.80,99.60,22.70,1.74,487.00,83.20,39.60,40.40,99.60,23.10,1.83,481.10,78.70,36.30,37.50,98.10,25.40,4.03,483.83,78.03,109.60,112.70,99.10,23.73,7.60
2026-04-29 21:51:00,2026-04-29 21:51:59,Q10,484.80,73.60,34.70,35.30,99.70,22.90,1.49,485.40,77.10,36.60,37.30,99.60,21.50,1.86,481.70,75.60,35.30,36.10,98.10,26.00,3.89,483.97,75.43,106.60,108.70,99.13,23.47,7.23
2026-04-29 21:52:00,2026-04-29 21:52:59,Q10,484.80,70.60,32.70,33.90,99.70,23.90,1.20,486.00,76.90,35.60,36.90,99.60,22.60,1.80,482.50,70.60,32.30,33.70,98.30,26.90,3.51,484.43,72.70,100.60,104.50,99.20,24.47,6.51
2026-04-29 21:53:00,2026-04-29 21:53:59,Q10,485.20,64.90,30.70,31.00,99.80,23.70,1.14,487.50,76.10,36.60,37.00,99.70,23.00,1.40,480.50,73.00,34.30,35.00,98.10,27.90,3.63,484.40,71.33,101.60,103.00,99.20,24.87,6.17
2026-04-29 21:54:00,2026-04-29 21:54:59,Q10,484.20,66.90,30.70,31.90,99.70,25.60,1.26,488.00,81.10,38.60,39.50,99.70,23.50,1.43,481.00,75.50,35.30,36.10,98.30,29.00,3.57,484.40,74.50,104.60,107.50,99.23,26.03,6.26
2026-04-29 21:55:00,2026-04-29 21:55:59,Q10,485.30,68.60,31.70,33.00,99.70,22.50,1.20,487.10,77.10,36.60,37.50,99.70,21.80,1.57,480.60,74.10,34.30,35.50,98.20,26.50,3.63,484.33,73.27,102.60,106.00,99.20,23.60,6.40
2026-04-29 21:56:00,2026-04-29 21:56:59,Q10,484.80,69.30,32.70,33.40,99.70,22.60,1.43,486.60,79.30,37.60,38.40,99.60,21.40,1.69,480.20,73.40,34.30,35.00,98.10,25.40,3.83,483.87,74.00,104.60,106.80,99.13,23.13,6.94
2026-04-29 21:57:00,2026-04-29 21:57:59,Q10,484.50,65.00,30.70,31.50,99.80,23.20,1.06,487.40,76.20,36.60,37.00,99.70,21.80,1.57,480.20,68.70,31.40,32.60,98.10,27.50,3.60,484.03,69.97,98.70,101.10,99.20,24.17,6.23
2026-04-29 21:58:00,2026-04-29 21:58:59,Q10,484.40,66.00,30.70,31.90,99.80,23.90,0.86,486.30,73.10,34.70,35.50,99.70,22.40,1.37,482.40,67.10,31.40,32.30,98.40,27.90,3.20,484.37,68.73,96.80,99.70,99.30,24.73,5.43
2026-04-29 21:59:00,2026-04-29 21:59:59,Q10,483.90,63.70,29.70,30.40,99.80,24.30,0.77,487.20,69.00,32.70,33.60,99.80,22.70,1.09,481.70,65.30,30.40,31.30,98.70,27.40,2.83,484.27,66.00,92.80,95.30,99.43,24.80,4.69
2026-04-29 22:00:00,2026-04-29 22:00:59,Q10,484.70,66.00,30.70,31.90,99.80,24.20,0.94,487.40,76.20,36.60,37.00,99.70,21.80,1.46,480.40,70.90,32.30,33.60,98.30,26.70,3.43,484.17,71.03,99.60,102.50,99.27,24.23,5.83
2026-04-29 22:01:00,2026-04-29 22:01:59,Q10,485.10,73.70,34.70,35.40,99.70,22.10,1.46,487.30,79.40,37.60,38.50,99.50,21.00,2.06,480.10,75.60,34.90,36.00,97.90,26.20,4.14,484.17,76.23,107.20,109.90,99.03,23.10,7.66
2026-04-29 22:02:00,2026-04-29 22:02:59,Q10,483.80,70.80,32.70,33.80,99.70,22.70,1.46,486.00,78.80,36.60,37.90,99.60,21.60,1.89,482.10,73.50,34.30,35.20,98.20,25.90,3.80,483.97,74.37,103.60,106.90,99.17,23.40,7.14
2026-04-29 22:03:00,2026-04-29 22:03:59,Q10,484.10,68.00,31.70,32.90,99.80,24.80,1.00,487.40,74.70,35.60,36.00,99.60,22.80,1.80,480.20,69.00,32.30,33.10,98.20,26.70,3.46,483.90,70.57,99.60,102.00,99.20,24.77,6.26
2026-04-29 22:04:00,2026-04-29 22:04:59,Q10,483.80,67.10,31.70,32.40,99.80,24.30,1.03,487.50,74.30,35.60,36.00,99.70,22.70,1.57,480.60,67.30,31.40,32.20,98.40,28.00,3.29,483.97,69.57,98.70,100.60,99.30,25.00,5.89
2026-04-29 22:05:00,2026-04-29 22:05:59,Q10,486.10,69.70,32.70,33.50,99.80,23.90,1.17,487.20,78.50,36.60,38.00,99.50,21.10,1.94,480.70,73.60,34.30,35.00,98.10,26.30,3.74,484.67,73.93,103.60,106.50,99.13,23.77,6.86
2026-04-29 22:06:00,2026-04-29 22:06:59,Q10,486.10,71.30,33.70,34.50,99.70,22.70,1.40,486.40,80.20,37.60,38.90,99.50,21.30,2.00,482.40,74.70,34.30,35.70,98.20,25.20,3.74,484.97,75.40,105.60,109.10,99.13,23.07,7.14
2026-04-29 22:07:00,2026-04-29 22:07:59,Q10,486.60,70.20,33.70,34.00,99.70,22.80,1.20,487.60,77.60,36.60,37.50,99.60,20.70,1.80,481.40,72.10,33.30,34.60,98.20,25.30,3.69,485.20,73.30,103.60,106.10,99.17,22.93,6.69
2026-04-29 22:08:00,2026-04-29 22:08:59,Q10,484.70,70.20,32.70,33.90,99.70,24.10,1.43,488.50,79.50,37.60,38.60,99.60,22.50,1.74,482.30,71.50,33.30,34.20,98.20,25.60,3.69,485.17,73.73,103.60,106.70,99.17,24.07,6.86
2026-04-29 22:09:00,2026-04-29 22:09:59,Q10,485.10,69.90,32.70,33.50,99.70,23.70,1.46,487.80,77.00,36.60,37.50,99.50,22.00,1.91,483.40,74.70,34.30,35.70,98.40,26.10,3.51,485.43,73.87,103.60,106.70,99.20,23.93,6.89
2026-04-29 22:10:00,2026-04-29 22:10:59,Q10,485.40,70.60,32.70,34.00,99.60,22.50,1.57,488.90,78.50,37.60,38.10,99.70,21.30,1.69,482.00,73.70,34.30,35.20,98.30,25.10,3.71,485.43,74.27,104.60,107.30,99.20,22.97,6.97
2026-04-29 22:11:00,2026-04-29 22:11:59,Q10,485.10,69.60,32.70,33.50,99.60,23.40,1.51,488.90,78.60,37.60,38.10,99.60,23.00,1.66,482.60,72.90,33.30,34.70,98.40,25.90,3.51,485.53,73.70,103.60,106.30,99.20,24.10,6.69
2026-04-29 22:12:00,2026-04-29 22:12:59,Q10,484.80,69.70,32.70,33.40,99.60,21.70,1.69,488.10,77.60,36.60,37.60,99.70,22.30,1.57,483.70,74.60,34.30,35.70,98.40,24.60,3.54,485.53,73.97,103.60,106.70,99.23,22.87,6.80
2026-04-29 22:13:00,2026-04-29 22:13:59,Q10,485.40,72.00,33.70,34.90,99.60,22.60,1.66,489.00,77.80,36.60,37.70,99.70,22.50,1.66,482.60,74.80,34.30,35.70,98.30,24.50,3.63,485.67,74.87,104.60,108.30,99.20,23.20,6.94
2026-04-29 22:14:00,2026-04-29 22:14:59,Q10,486.00,69.60,32.70,33.50,99.60,22.70,1.63,488.70,78.80,37.60,38.10,99.60,22.00,1.80,482.00,73.10,34.30,35.20,98.30,25.00,3.60,485.57,73.83,104.60,106.80,99.17,23.23,7.03
2026-04-29 22:15:00,2026-04-29 22:15:59,Q10,485.00,69.10,32.70,33.50,99.70,23.70,1.43,488.90,73.70,34.70,35.60,99.70,21.80,1.57,483.00,72.60,33.30,34.80,98.30,25.70,3.63,485.63,71.80,100.70,103.90,99.23,23.73,6.63
2026-04-29 22:16:00,2026-04-29 22:16:59,Q10,486.00,72.40,33.70,35.00,99.60,24.10,1.69,486.80,81.00,38.60,39.40,99.50,21.80,2.00,483.70,74.90,34.30,35.70,98.30,25.90,3.69,485.50,76.10,106.60,110.10,99.13,23.93,7.37
2026-04-29 22:17:00,2026-04-29 22:17:59,Q10,485.10,75.00,35.60,36.40,99.50,22.80,1.83,488.40,84.00,39.60,41.00,99.50,21.70,2.09,483.60,76.80,35.30,36.70,98.20,24.40,3.94,485.70,78.60,110.50,114.10,99.07,22.97,7.86
2026-04-29 22:18:00,2026-04-29 22:18:59,Q10,485.20,70.00,32.70,34.00,99.70,21.90,1.43,489.00,78.40,37.60,38.10,99.60,23.40,1.80,482.20,75.10,35.30,36.20,98.30,25.50,3.60,485.47,74.50,105.60,108.30,99.20,23.60,6.83
2026-04-29 22:19:00,2026-04-29 22:19:59,Q10,487.30,72.60,34.70,35.10,99.60,23.90,1.69,487.70,82.50,38.60,39.90,99.60,21.70,1.89,482.70,77.20,36.30,37.10,98.20,26.60,3.89,485.90,77.43,109.60,112.10,99.13,24.07,7.46
2026-04-29 22:20:00,2026-04-29 22:20:59,Q10,487.10,73.80,34.70,35.60,99.60,22.80,1.69,487.40,80.80,37.60,39.00,99.50,21.30,2.03,483.90,77.00,36.30,37.20,98.20,25.30,3.86,486.13,77.20,108.60,111.80,99.10,23.13,7.57
2026-04-29 22:21:00,2026-04-29 22:21:59,Q10,485.50,73.30,34.70,35.40,99.50,22.40,1.86,487.50,84.10,39.60,40.90,99.50,21.00,2.06,484.20,75.90,35.30,36.30,98.20,25.40,3.91,485.73,77.77,109.60,112.60,99.07,22.93,7.83
2026-04-29 22:22:00,2026-04-29 22:22:59,Q10,486.10,75.90,35.60,36.50,99.50,21.90,1.83,487.30,83.30,39.60,40.40,99.50,21.10,2.14,484.50,79.10,37.20,38.20,98.10,24.80,4.14,485.97,79.43,112.40,115.10,99.03,22.60,8.11
2026-04-29 22:23:00,2026-04-29 22:23:59,Q10,485.60,75.80,35.60,36.40,99.60,22.90,1.74,489.60,83.10,39.60,40.60,99.60,21.30,1.91,483.30,77.20,36.30,37.20,98.10,25.00,4.06,486.17,78.70,111.50,114.20,99.10,23.07,7.71
2026-04-29 22:24:00,2026-04-29 22:24:59,Q10,486.00,72.60,33.70,35.00,99.60,22.40,1.71,488.80,79.70,37.60,38.60,99.60,21.50,1.97,484.60,76.70,35.30,36.80,98.10,26.10,3.94,486.47,76.33,106.60,110.40,99.10,23.33,7.63
2026-04-29 22:25:00,2026-04-29 22:25:59,Q10,485.80,78.60,36.60,37.80,99.40,21.20,2.34,489.10,92.90,43.60,45.00,99.40,20.10,2.57,484.10,87.90,40.70,42.10,97.80,24.50,4.86,486.33,86.47,120.90,124.90,98.87,21.93,9.77
2026-04-29 22:26:00,2026-04-29 22:26:59,Q10,486.80,81.40,38.60,39.40,99.50,21.30,2.20,487.70,89.00,42.60,43.30,99.30,20.40,2.71,484.70,86.20,40.20,41.60,98.10,24.00,4.40,486.40,85.53,121.40,124.30,98.97,21.90,9.31
2026-04-29 22:27:00,2026-04-29 22:27:59,Q10,487.50,77.40,36.60,37.50,99.50,22.00,1.86,487.50,84.00,39.60,40.90,99.40,21.40,2.34,483.20,78.70,36.30,37.70,98.00,23.90,4.20,486.07,80.03,112.50,116.10,98.97,22.43,8.40
2026-04-29 22:28:00,2026-04-29 22:28:59,Q10,486.40,72.50,33.70,35.00,99.40,19.50,2.11,487.30,80.90,37.60,39.00,99.40,19.40,2.40,481.20,77.70,35.90,37.00,97.70,22.40,4.40,484.97,77.03,107.20,111.00,98.83,20.43,8.91
2026-04-29 22:29:00,2026-04-29 22:29:59,Q10,486.10,72.60,33.70,35.00,99.30,19.90,2.37,487.30,81.90,38.60,39.40,99.40,20.00,2.40,483.70,79.20,36.90,38.20,97.90,21.90,4.37,485.70,77.90,109.20,112.60,98.87,20.60,9.14
2026-04-29 22:30:00,2026-04-29 22:30:59,Q10,485.50,74.50,34.70,35.90,99.20,18.80,2.57,488.00,83.20,39.60,40.50,99.40,19.50,2.37,484.00,80.40,37.20,38.70,98.10,20.80,4.14,485.83,79.37,111.50,115.10,98.90,19.70,9.09
2026-04-29 22:31:00,2026-04-29 22:31:59,Q10,484.20,72.90,33.70,34.80,99.30,20.30,2.23,487.90,82.00,38.60,39.90,99.40,19.60,2.43,482.40,78.10,36.30,37.60,98.10,21.50,4.06,484.83,77.67,108.60,112.30,98.93,20.47,8.71
2026-04-29 22:32:00,2026-04-29 22:32:59,Q10,483.80,72.90,33.70,34.80,99.30,19.70,2.20,485.80,80.20,37.60,38.80,99.40,19.60,2.26,482.10,76.10,35.30,36.60,98.10,22.10,4.06,483.90,76.40,106.60,110.20,98.93,20.47,8.51
2026-04-29 22:33:00,2026-04-29 22:33:59,Q10,482.90,71.20,33.70,34.20,99.30,19.20,2.20,486.30,80.70,37.60,38.90,99.50,18.80,2.17,480.20,77.70,35.30,37.00,98.00,20.80,4.17,483.13,76.53,106.60,110.10,98.93,19.60,8.54
2026-04-29 22:34:00,2026-04-29 22:34:59,Q10,483.50,76.00,35.60,36.70,99.30,19.90,2.40,484.90,78.80,36.60,37.80,99.30,18.60,2.51,480.90,78.00,35.90,37.40,97.90,21.40,4.26,483.10,77.60,108.10,111.90,98.83,19.97,9.17
2026-04-29 22:35:00,2026-04-29 22:35:59,Q10,484.60,72.60,33.70,34.80,99.40,20.20,2.00,485.90,80.80,37.60,38.80,99.40,19.70,2.31,479.70,73.80,33.00,35.00,97.90,21.30,4.14,483.40,75.73,104.30,108.60,98.90,20.40,8.46
2026-04-29 22:36:00,2026-04-29 22:36:59,Q10,485.20,71.90,33.70,34.40,99.50,19.90,1.91,485.10,79.20,37.60,38.30,99.40,19.40,2.34,480.00,74.20,34.30,35.50,98.00,21.80,3.94,483.43,75.10,105.60,108.20,98.97,20.37,8.20
2026-04-29 22:37:00,2026-04-29 22:37:59,Q10,484.30,74.40,34.70,35.80,99.50,21.40,1.94,485.80,81.40,38.60,39.30,99.40,21.50,2.31,482.90,77.90,36.30,37.10,98.40,23.00,3.71,484.33,77.90,109.60,112.20,99.10,21.97,7.97
2026-04-29 22:38:00,2026-04-29 22:38:59,Q10,484.10,74.90,34.70,35.80,99.50,23.40,1.89,487.50,80.20,37.60,39.00,99.50,22.00,2.00,481.70,77.30,36.30,37.00,98.30,24.90,3.71,484.43,77.47,108.60,111.80,99.10,23.43,7.60
2026-04-29 22:39:00,2026-04-29 22:39:59,Q10,485.20,77.90,36.60,37.30,99.50,22.50,1.94,485.50,82.10,38.60,39.80,99.40,21.80,2.40,482.30,76.80,35.30,36.60,98.40,23.80,3.77,484.33,78.93,110.50,113.70,99.10,22.70,8.11
2026-04-29 22:40:00,2026-04-29 22:40:59,Q10,485.50,76.70,35.60,36.90,99.40,21.20,2.34,485.20,87.20,41.60,42.20,99.30,20.10,2.63,482.10,81.00,38.20,39.00,98.10,23.20,4.31,484.27,81.63,115.40,118.10,98.93,21.50,9.29
2026-04-29 22:41:00,2026-04-29 22:41:59,Q10,485.90,80.60,37.60,38.80,99.40,21.10,2.26,485.80,88.00,41.60,42.70,99.20,19.90,2.94,481.30,86.20,40.20,41.40,98.00,23.10,4.51,484.33,84.93,119.40,122.90,98.87,21.37,9.71
2026-04-29 22:42:00,2026-04-29 22:42:59,Q10,485.00,80.60,37.60,38.80,99.40,20.80,2.37,485.20,86.70,40.60,41.70,99.40,20.80,2.57,482.40,80.90,37.20,38.60,98.10,22.60,4.31,484.20,82.73,115.40,119.10,98.97,21.40,9.26
2026-04-29 22:43:00,2026-04-29 22:43:59,Q10,483.90,79.10,37.60,38.20,99.40,21.70,2.29,487.30,84.10,39.60,40.90,99.40,21.00,2.37,481.60,81.30,37.20,39.00,98.20,23.00,4.20,484.27,81.50,114.40,118.10,99.00,21.90,8.86
2026-04-29 22:44:00,2026-04-29 22:44:59,Q10,484.50,82.20,38.60,39.70,99.40,20.80,2.34,487.00,90.00,42.60,43.80,99.30,20.90,2.69,481.10,85.00,39.20,40.90,98.10,22.90,4.43,484.20,85.73,120.40,124.40,98.93,21.53,9.46
2026-04-29 22:45:00,2026-04-29 22:45:59,Q10,483.90,82.40,38.60,39.60,99.40,20.30,2.31,485.90,85.70,40.60,41.20,99.40,19.60,2.60,482.60,81.50,38.20,39.00,98.20,23.10,4.20,484.13,83.20,117.40,119.80,99.00,21.00,9.11
2026-04-29 22:46:00,2026-04-29 22:46:59,Q10,484.20,78.80,36.60,37.80,99.40,22.10,2.23,487.20,86.50,40.60,41.90,99.40,21.80,2.43,480.70,80.40,37.20,38.40,98.10,24.00,4.29,484.03,81.90,114.40,118.10,98.97,22.63,8.94
2026-04-29 22:47:00,2026-04-29 22:47:59,Q10,485.50,78.90,36.60,37.80,99.40,21.00,2.26,485.40,88.70,41.60,42.70,99.30,21.10,2.71,482.10,80.40,37.20,38.60,98.20,22.60,4.14,484.33,82.67,115.40,119.10,98.97,21.57,9.11
2026-04-29 22:48:00,2026-04-29 22:48:59,Q10,483.70,80.70,37.60,38.60,99.30,20.30,2.51,487.00,88.30,41.60,42.90,99.20,20.10,2.89,481.80,83.90,38.20,39.90,98.00,22.20,4.43,484.17,84.30,117.40,121.40,98.83,20.87,9.83
2026-04-29 22:49:00,2026-04-29 22:49:59,Q10,484.80,80.70,37.60,38.70,99.40,21.40,2.37,485.10,87.50,41.60,42.20,99.20,20.00,3.03,482.60,84.50,39.20,40.50,98.10,22.60,4.40,484.17,84.23,118.40,121.40,98.90,21.33,9.80
2026-04-29 22:50:00,2026-04-29 22:50:59,Q10,485.00,78.10,36.60,37.80,99.40,20.10,2.34,485.50,90.20,42.60,43.70,99.40,19.90,2.66,482.90,85.30,39.20,41.00,98.10,22.00,4.37,484.47,84.53,118.40,122.50,98.97,20.67,9.37
2026-04-29 22:51:00,2026-04-29 22:51:59,Q10,484.50,79.20,37.60,38.20,99.40,21.10,2.34,487.30,87.30,41.60,42.40,99.30,19.70,2.69,482.60,82.40,38.20,39.50,98.10,22.40,4.37,484.80,82.97,117.40,120.10,98.93,21.07,9.40
2026-04-29 22:52:00,2026-04-29 22:52:59,Q10,484.70,83.40,39.60,40.20,99.30,20.40,2.46,487.50,89.80,42.60,43.30,99.40,19.70,2.69,481.10,85.10,39.20,40.90,98.00,21.50,4.51,484.43,86.10,121.40,124.40,98.90,20.53,9.66
2026-04-29 22:53:00,2026-04-29 22:53:59,Q10,485.90,79.10,37.60,38.30,99.40,20.70,2.29,486.20,90.40,42.60,43.70,99.30,19.90,2.69,481.10,82.30,38.20,39.40,98.00,22.90,4.51,484.40,83.93,118.40,121.40,98.90,21.17,9.49
2026-04-29 22:54:00,2026-04-29 22:54:59,Q10,485.60,77.20,36.60,37.30,99.50,22.10,1.94,486.80,83.00,39.60,40.30,99.50,20.80,2.23,481.10,78.70,36.30,37.50,98.20,23.50,4.06,484.50,79.63,112.50,115.10,99.07,22.13,8.23
2026-04-29 22:55:00,2026-04-29 22:55:59,Q10,486.20,77.50,36.60,37.40,99.50,21.80,2.09,486.20,84.70,39.60,40.80,99.50,20.20,2.34,482.20,81.60,38.20,39.00,98.20,23.50,4.11,484.87,81.27,114.40,117.20,99.07,21.83,8.54
2026-04-29 22:56:00,2026-04-29 22:56:59,Q10,486.10,76.90,35.60,36.90,99.50,21.40,2.00,485.70,83.30,39.60,40.30,99.30,20.40,2.71,481.80,80.90,37.20,38.50,98.20,23.10,4.00,484.53,80.37,112.40,115.70,99.00,21.63,8.71
2026-04-29 22:57:00,2026-04-29 22:57:59,Q10,485.90,76.60,35.60,36.90,99.50,21.90,1.94,486.60,83.40,39.60,40.30,99.50,20.60,2.29,481.20,79.70,36.30,38.00,98.20,23.90,4.00,484.57,79.90,111.50,115.20,99.07,22.13,8.23
2026-04-29 22:58:00,2026-04-29 22:58:59,Q10,484.20,76.80,35.60,36.80,99.40,21.40,2.14,487.10,87.70,41.60,42.40,99.40,20.50,2.40,482.60,79.70,37.20,38.10,98.20,22.90,4.11,484.63,81.40,114.40,117.30,99.00,21.60,8.66
2026-04-29 22:59:00,2026-04-29 22:59:59,Q10,484.10,77.90,36.60,37.30,99.40,22.20,2.26,486.20,84.20,39.60,40.80,99.30,20.10,2.57,483.20,80.90,37.20,38.60,98.30,22.90,4.03,484.50,81.00,113.40,116.70,99.00,21.73,8.86
2026-04-29 23:00:00,2026-04-29 23:00:59,Q10,484.50,75.50,35.60,36.30,99.50,21.90,2.06,487.60,83.30,39.60,40.40,99.50,20.20,2.20,481.30,79.40,36.30,38.00,98.20,23.30,3.97,484.47,79.40,111.50,114.70,99.07,21.80,8.23
2026-04-29 23:01:00,2026-04-29 23:01:59,Q10,484.30,72.80,33.70,34.80,99.50,21.80,1.80,487.10,82.30,38.60,39.90,99.50,21.40,2.06,482.80,76.00,35.30,36.60,98.50,24.10,3.51,484.73,77.03,107.60,111.30,99.17,22.43,7.37
2026-04-29 23:02:00,2026-04-29 23:02:59,Q10,485.60,75.20,35.60,36.40,99.50,21.70,1.97,485.70,83.90,39.60,40.30,99.40,20.90,2.46,482.80,80.30,37.20,38.60,98.20,23.50,3.97,484.70,79.80,112.40,115.30,99.03,22.03,8.40
2026-04-29 23:03:00,2026-04-29 23:03:59,Q10,486.20,73.70,34.70,35.50,99.50,21.30,1.91,487.10,83.90,39.60,40.40,99.40,20.00,2.43,481.30,81.80,37.20,39.00,98.10,23.30,4.14,484.87,79.80,111.50,114.90,99.00,21.53,8.49
2026-04-29 23:04:00,2026-04-29 23:04:59,Q10,485.50,73.20,34.70,35.40,99.60,22.10,1.60,487.40,79.60,37.60,38.50,99.50,21.50,2.06,480.90,75.70,35.30,36.00,98.30,23.80,3.66,484.60,76.17,107.60,109.90,99.13,22.47,7.31
2026-04-29 23:05:00,2026-04-29 23:05:59,Q10,483.70,70.60,32.70,33.80,99.60,21.70,1.63,487.10,77.80,36.60,37.50,99.60,20.80,1.83,481.80,72.70,33.30,34.60,98.50,25.20,3.31,484.20,73.70,102.60,105.90,99.23,22.57,6.77
2026-04-29 23:06:00,2026-04-29 23:06:59,Q10,485.70,71.10,33.70,34.40,99.50,21.60,1.83,485.70,80.20,37.60,38.80,99.50,21.50,2.11,482.20,76.50,35.30,36.60,98.40,24.60,3.66,484.53,75.93,106.60,109.80,99.13,22.57,7.60
2026-04-29 23:07:00,2026-04-29 23:07:59,Q10,484.30,72.90,33.70,34.80,99.40,21.40,2.11,487.70,80.70,37.60,39.00,99.50,21.60,2.11,481.90,77.60,36.30,37.00,98.30,24.00,3.80,484.63,77.07,107.60,110.80,99.07,22.33,8.03
2026-04-29 23:08:00,2026-04-29 23:08:59,Q10,484.20,72.30,33.70,34.80,99.60,22.40,1.74,487.70,77.30,36.60,37.50,99.50,21.40,1.97,481.80,73.30,34.30,35.10,98.30,24.20,3.60,484.57,74.30,104.60,107.40,99.13,22.67,7.31
2026-04-29 23:09:00,2026-04-29 23:09:59,Q10,485.20,73.20,34.70,35.40,99.60,23.00,1.60,488.20,80.60,38.60,39.00,99.50,21.70,2.06,481.40,70.90,32.30,33.70,98.30,24.20,3.66,484.93,74.90,105.60,108.10,99.13,22.97,7.31
2026-04-29 23:10:00,2026-04-29 23:10:59,Q10,485.50,71.70,33.70,34.40,99.70,23.60,1.43,485.90,79.60,37.60,38.30,99.50,22.60,2.09,482.10,75.10,35.30,36.20,98.50,25.10,3.31,484.50,75.47,106.60,108.90,99.23,23.77,6.83
2026-04-29 23:11:00,2026-04-29 23:11:59,Q10,484.30,71.50,33.70,34.40,99.60,22.00,1.57,487.10,76.70,36.60,37.00,99.50,21.70,1.91,482.90,69.50,32.30,33.30,98.50,24.80,3.31,484.77,72.57,102.60,104.70,99.20,22.83,6.80
2026-04-29 23:12:00,2026-04-29 23:12:59,Q10,484.40,65.90,30.70,31.50,99.80,24.50,0.83,485.50,72.60,33.70,34.90,99.50,22.70,1.77,482.40,66.60,30.40,31.80,98.70,27.40,2.83,484.10,68.37,94.80,98.20,99.33,24.87,5.43
2026-04-29 23:13:00,2026-04-29 23:13:59,Q10,484.70,88.00,41.60,42.60,99.40,21.10,2.49,487.40,95.90,45.50,46.30,99.10,19.50,3.49,481.10,87.50,39.80,41.80,97.70,22.00,5.06,484.40,90.47,126.90,130.70,98.73,20.87,11.03
2026-04-29 23:14:00,2026-04-29 23:14:59,Q10,485.00,114.10,54.50,55.30,99.00,19.60,4.37,484.90,133.50,62.70,64.40,98.70,18.00,5.49,481.10,112.50,51.40,53.90,97.40,20.00,7.29,483.67,120.03,168.60,173.60,98.37,19.20,17.14
2026-04-29 23:15:00,2026-04-29 23:15:59,Q10,484.00,86.90,40.60,41.60,99.20,20.80,2.89,486.50,100.30,47.50,48.60,99.10,18.40,3.49,482.20,87.20,39.80,41.90,97.70,21.60,5.29,484.23,91.47,127.90,132.10,98.67,20.27,11.66
2026-04-29 23:16:00,2026-04-29 23:16:59,Q10,485.70,82.10,38.60,39.80,99.50,21.40,2.17,487.10,92.30,43.60,44.80,99.10,19.60,3.29,480.90,83.80,37.80,39.80,97.70,23.50,4.91,484.57,86.07,120.00,124.40,98.77,21.50,10.37
2026-04-29 23:17:00,2026-04-29 23:17:59,Q10,485.40,88.50,41.60,42.70,99.40,20.00,2.57,487.20,94.50,44.50,45.80,99.10,18.80,3.51,480.50,89.20,40.70,42.70,97.60,22.60,5.29,484.37,90.73,126.80,131.20,98.70,20.47,11.37
2026-04-29 23:18:00,2026-04-29 23:18:59,Q10,486.20,83.70,39.60,40.30,99.40,21.50,2.29,485.70,91.70,43.60,44.10,99.10,19.50,3.34,482.50,83.60,38.80,40.00,97.90,23.90,4.66,484.80,86.33,122.00,124.40,98.80,21.63,10.29
2026-04-29 23:19:00,2026-04-29 23:19:59,Q10,484.90,82.00,38.60,39.70,99.50,21.10,2.23,486.20,94.50,44.50,45.70,99.20,19.30,3.14,483.10,81.70,37.80,39.10,97.90,24.30,4.66,484.73,86.07,120.90,124.50,98.87,21.57,10.03
2026-04-29 23:20:00,2026-04-29 23:20:59,Q10,485.70,79.00,37.60,38.30,99.60,22.50,1.86,487.30,86.20,40.60,41.90,99.30,20.70,2.69,481.50,81.40,37.20,39.00,98.00,24.20,4.29,484.83,82.20,115.40,119.20,98.97,22.47,8.83
2026-04-29 23:21:00,2026-04-29 23:21:59,Q10,485.70,80.00,37.60,38.80,99.60,22.30,1.91,486.70,86.60,40.60,41.80,99.20,19.80,2.91,483.00,79.50,36.90,38.20,97.90,24.40,4.40,485.13,82.03,115.10,118.80,98.90,22.17,9.23
2026-04-29 23:22:00,2026-04-29 23:22:59,Q10,487.00,81.90,38.60,39.40,99.50,20.70,2.26,487.50,91.20,43.60,44.30,99.20,19.10,3.06,481.80,86.60,39.80,41.40,97.80,22.10,4.80,485.43,86.57,122.00,125.10,98.83,20.63,10.11
2026-04-29 23:23:00,2026-04-29 23:23:59,Q10,487.00,83.80,39.60,40.40,99.50,20.60,2.26,486.90,90.00,42.60,43.70,99.20,19.40,3.14,481.70,85.10,38.80,40.90,97.80,22.30,4.80,485.20,86.30,121.00,125.00,98.83,20.77,10.20
2026-04-29 23:24:00,2026-04-29 23:24:59,Q10,486.50,78.90,36.60,37.90,99.50,21.80,2.03,487.90,88.00,41.60,42.90,99.30,21.00,2.71,481.70,82.60,37.80,39.40,97.90,24.00,4.49,485.37,83.17,116.00,120.20,98.90,22.27,9.23
2026-04-29 23:25:00,2026-04-29 23:25:59,Q10,485.20,82.60,38.60,39.80,99.50,21.60,2.23,488.00,90.60,42.60,43.90,99.30,19.80,2.94,481.30,82.40,37.80,39.40,97.80,24.20,4.77,484.83,85.20,119.00,123.10,98.87,21.87,9.94
2026-04-29 23:26:00,2026-04-29 23:26:59,Q10,486.10,81.70,38.60,39.40,99.40,22.20,2.26,488.10,90.30,42.60,43.90,99.20,19.70,2.97,481.40,85.60,38.80,40.90,97.80,23.80,4.71,485.20,85.87,120.00,124.20,98.80,21.90,9.94
2026-04-29 23:27:00,2026-04-29 23:27:59,Q10,484.90,83.40,39.60,40.20,99.30,20.80,2.77,487.50,96.30,45.50,46.80,99.10,20.60,3.29,483.20,88.20,40.70,42.50,97.90,22.90,4.89,485.20,89.30,125.80,129.50,98.77,21.43,10.94
2026-04-29 23:28:00,2026-04-29 23:28:59,Q10,486.50,86.70,40.60,41.80,99.30,20.90,2.83,486.80,96.20,45.50,46.70,99.10,20.10,3.54,482.80,91.50,41.70,43.90,97.80,23.80,5.14,485.37,91.47,127.80,132.40,98.73,21.60,11.51
2026-04-29 23:29:00,2026-04-29 23:29:59,Q10,485.50,84.70,39.60,40.70,99.30,19.90,2.66,486.60,96.60,45.50,46.70,99.00,19.30,3.54,482.80,87.80,39.80,41.90,97.70,23.20,5.17,484.97,89.70,124.90,129.30,98.67,20.80,11.37
2026-04-29 23:30:00,2026-04-29 23:30:59,Q10,486.20,85.50,40.60,41.30,99.40,20.50,2.54,486.40,95.30,45.50,46.20,99.10,18.90,3.54,481.40,90.30,41.70,43.30,97.70,21.90,5.11,484.67,90.37,127.80,130.80,98.73,20.43,11.20
2026-04-29 23:31:00,2026-04-29 23:31:59,Q10,484.70,76.50,35.60,36.80,99.50,22.00,1.97,487.10,88.20,41.60,42.90,99.20,21.20,2.86,482.90,84.00,39.20,40.50,98.10,24.20,4.26,484.90,82.90,116.40,120.20,98.93,22.47,9.09
2026-04-29 23:32:00,2026-04-29 23:32:59,Q10,484.60,79.80,37.60,38.20,99.50,22.10,1.94,487.90,88.90,41.60,42.90,99.30,20.80,2.66,483.10,79.40,37.20,38.20,98.00,24.10,4.29,485.20,82.70,116.40,119.30,98.93,22.33,8.89
2026-04-29 23:33:00,2026-04-29 23:33:59,Q10,486.30,84.30,39.60,40.80,99.40,21.80,2.31,486.10,92.70,43.60,44.70,99.20,20.20,3.03,483.10,83.80,38.80,40.10,97.90,23.60,4.74,485.17,86.93,122.00,125.60,98.83,21.87,10.09
2026-04-29 23:34:00,2026-04-29 23:34:59,Q10,485.20,82.90,38.60,39.80,99.30,21.80,2.51,488.50,90.10,42.60,43.90,99.30,19.70,2.86,482.30,86.90,39.80,41.50,97.80,22.90,4.89,485.33,86.63,121.00,125.20,98.80,21.47,10.26
2026-04-29 23:35:00,2026-04-29 23:35:59,Q10,484.90,79.20,37.60,38.20,99.30,21.40,2.51,487.30,90.30,42.60,43.80,99.30,20.80,2.86,483.30,81.70,38.20,39.10,98.00,24.00,4.46,485.17,83.73,118.40,121.10,98.87,22.07,9.83
2026-04-29 23:36:00,2026-04-29 23:36:59,Q10,484.80,79.40,37.60,38.20,99.50,22.10,2.17,488.10,89.50,42.60,43.40,99.30,19.80,2.77,482.20,82.00,37.80,39.50,97.80,23.00,4.66,485.03,83.63,118.00,121.10,98.87,21.63,9.60
2026-04-29 23:37:00,2026-04-29 23:37:59,Q10,486.90,77.40,36.60,37.40,99.60,21.70,1.89,486.60,85.80,40.60,41.30,99.30,20.20,2.69,482.60,77.30,36.30,37.10,98.00,23.30,4.20,485.37,80.17,113.50,115.80,98.97,21.73,8.77
2026-04-29 23:38:00,2026-04-29 23:38:59,Q10,485.20,77.60,36.60,37.30,99.40,21.30,2.14,488.00,87.70,41.60,42.50,99.40,19.90,2.54,483.20,81.90,38.20,39.10,98.10,22.60,4.29,485.47,82.40,116.40,118.90,98.97,21.27,8.97
2026-04-29 23:39:00,2026-04-29 23:39:59,Q10,487.20,80.40,37.60,39.00,99.50,22.10,2.00,487.50,84.40,39.60,40.90,99.40,20.40,2.49,482.20,80.00,37.20,38.60,98.00,23.80,4.34,485.63,81.60,114.40,118.50,98.97,22.10,8.83
2026-04-29 23:40:00,2026-04-29 23:40:59,Q10,487.40,76.50,36.60,37.00,99.60,21.20,1.83,487.20,84.50,39.60,40.90,99.40,21.20,2.37,483.20,79.00,37.20,38.20,98.10,24.00,4.03,485.93,80.00,113.40,116.10,99.03,22.13,8.23
2026-04-29 23:41:00,2026-04-29 23:41:59,Q10,485.60,77.80,36.60,37.30,99.50,21.70,1.97,488.50,83.80,39.60,40.50,99.40,20.80,2.37,483.70,83.00,39.20,40.10,98.20,24.20,4.09,485.93,81.53,115.40,117.90,99.03,22.23,8.43
2026-04-29 23:42:00,2026-04-29 23:42:59,Q10,486.10,72.30,33.70,35.00,99.60,23.00,1.66,488.60,80.60,38.60,39.00,99.50,21.00,2.03,481.80,78.30,36.30,37.50,98.20,24.40,3.94,485.50,77.07,108.60,111.50,99.10,22.80,7.63
2026-04-29 23:43:00,2026-04-29 23:43:59,Q10,487.40,73.90,34.70,35.60,99.60,21.60,1.57,488.50,80.90,38.60,39.00,99.50,20.50,2.03,482.30,75.70,35.30,36.20,98.00,24.50,4.03,486.07,76.83,108.60,110.80,99.03,22.20,7.63
2026-04-29 23:44:00,2026-04-29 23:44:59,Q10,487.40,72.00,34.70,35.10,99.70,23.10,1.49,487.60,80.30,37.60,39.00,99.50,21.80,2.06,483.00,75.00,35.30,36.20,98.30,25.90,3.69,486.00,75.77,107.60,110.30,99.17,23.60,7.23
2026-04-29 23:45:00,2026-04-29 23:45:59,Q10,485.60,69.30,32.70,33.50,99.70,23.40,1.34,489.30,79.20,37.60,38.60,99.60,21.80,1.80,482.70,73.00,34.30,35.20,98.20,26.80,3.69,485.87,73.83,104.60,107.30,99.17,24.00,6.83
2026-04-29 23:46:00,2026-04-29 23:46:59,Q10,486.80,69.00,32.70,33.50,99.70,23.10,1.23,487.50,77.40,36.60,37.50,99.60,22.00,1.86,484.00,71.40,33.30,34.40,98.30,25.50,3.43,486.10,72.60,102.60,105.40,99.20,23.53,6.51
2026-04-29 23:47:00,2026-04-29 23:47:59,Q10,487.60,74.30,35.60,36.00,99.60,21.80,1.71,487.80,82.20,38.60,39.90,99.50,21.70,2.14,482.50,76.80,35.30,36.60,98.10,25.00,4.06,485.97,77.77,109.50,112.50,99.07,22.83,7.91
2026-04-29 23:48:00,2026-04-29 23:48:59,Q10,485.30,71.00,33.70,34.40,99.60,23.70,1.74,488.90,80.80,38.60,39.00,99.50,22.00,2.00,483.60,75.40,35.30,36.20,98.20,26.20,3.91,485.93,75.73,107.60,109.60,99.10,23.97,7.66
2026-04-29 23:49:00,2026-04-29 23:49:59,Q10,487.30,73.10,34.70,35.60,99.70,23.90,1.49,488.50,80.40,38.60,39.00,99.50,22.00,2.03,482.10,75.40,35.30,36.20,98.10,26.10,3.89,485.97,76.30,108.60,110.80,99.10,24.00,7.40
2026-04-29 23:50:00,2026-04-29 23:50:59,Q10,486.00,75.00,35.60,36.50,99.60,22.70,1.80,489.40,84.80,40.60,41.10,99.50,20.70,2.20,483.00,78.70,35.90,37.70,97.90,25.50,4.29,486.13,79.50,112.10,115.30,99.00,22.97,8.29
2026-04-29 23:51:00,2026-04-29 23:51:59,Q10,488.20,79.40,37.60,38.60,99.50,21.70,1.97,488.10,84.70,39.60,41.00,99.30,21.00,2.63,483.10,81.00,37.80,39.10,97.80,24.70,4.54,486.47,81.70,115.00,118.70,98.87,22.47,9.14
2026-04-29 23:52:00,2026-04-29 23:52:59,Q10,487.70,76.30,36.60,37.00,99.50,21.10,1.94,488.00,88.90,41.60,42.90,99.40,20.30,2.51,482.70,82.60,38.20,39.50,98.10,23.70,4.26,486.13,82.60,116.40,119.40,99.00,21.70,8.71
2026-04-29 23:53:00,2026-04-29 23:53:59,Q10,487.30,79.90,37.60,38.50,99.60,22.30,1.86,489.80,85.80,40.60,41.60,99.40,20.00,2.49,482.90,80.50,36.90,38.60,97.70,24.40,4.63,486.67,82.07,115.10,118.70,98.90,22.23,8.97
2026-04-29 23:54:00,2026-04-29 23:54:59,Q10,487.50,76.60,36.60,37.00,99.60,22.80,1.74,487.30,83.30,39.60,40.40,99.40,20.60,2.37,484.00,77.30,36.30,37.30,98.00,25.10,4.14,486.27,79.07,112.50,114.70,99.00,22.83,8.26
2026-04-29 23:55:00,2026-04-29 23:55:59,Q10,486.10,78.90,36.60,37.90,99.40,22.20,2.17,489.40,89.70,42.60,43.50,99.40,20.30,2.63,483.30,80.80,36.90,38.60,97.80,24.90,4.69,486.27,83.13,116.10,120.00,98.87,22.47,9.49
2026-04-29 23:56:00,2026-04-29 23:56:59,Q10,487.80,81.10,38.60,39.40,99.50,20.70,2.23,489.10,91.70,43.60,44.50,99.20,19.40,3.00,482.70,86.60,39.80,41.50,97.80,22.60,4.83,486.53,86.47,122.00,125.40,98.83,20.90,10.06
2026-04-29 23:57:00,2026-04-29 23:57:59,Q10,487.20,79.90,37.60,38.50,99.50,21.40,2.03,488.20,88.90,41.60,42.90,99.30,20.00,2.74,484.80,79.80,36.90,38.20,97.90,24.10,4.46,486.73,82.87,116.10,119.60,98.90,21.83,9.23
2026-04-29 23:58:00,2026-04-29 23:58:59,Q10,487.30,80.90,37.60,39.00,99.40,21.20,2.31,488.20,91.40,43.60,44.40,99.30,19.40,2.89,485.00,86.30,39.80,41.70,97.70,23.00,4.89,486.83,86.20,121.00,125.10,98.80,21.20,10.09
2026-04-29 23:59:00,2026-04-29 23:59:59,Q10,488.00,74.90,35.60,36.10,99.60,22.60,1.71,489.20,87.00,41.60,42.50,99.40,21.50,2.51,482.80,79.80,36.90,38.10,97.70,25.00,4.57,486.67,80.57,114.10,116.70,98.90,23.03,8.80
2026-04-30 00:00:00,2026-04-30 00:00:59,Q10,487.10,81.90,38.60,39.40,99.50,20.70,2.17,487.30,89.50,42.60,43.30,99.30,19.90,2.89,484.20,81.60,37.80,39.20,97.80,22.20,4.66,486.20,84.33,119.00,121.90,98.87,20.93,9.71
2026-04-30 00:01:00,2026-04-30 00:01:59,Q10,486.10,79.90,37.60,38.40,99.50,21.20,2.11,488.30,87.70,41.60,42.50,99.30,20.20,2.69,484.60,82.40,37.80,39.70,97.90,24.90,4.57,486.33,83.33,117.00,120.60,98.90,22.10,9.37
2026-04-30 00:02:00,2026-04-30 00:02:59,Q10,486.20,75.50,35.60,36.50,99.60,22.00,1.80,490.00,82.50,39.60,40.20,99.50,20.10,2.29,483.40,79.10,37.20,38.20,98.10,24.70,4.11,486.53,79.03,112.40,114.90,99.07,22.27,8.20
2026-04-30 00:03:00,2026-04-30 00:03:59,Q10,486.40,80.20,37.60,38.90,99.50,21.90,1.94,489.20,87.80,41.60,42.50,99.30,20.30,2.74,482.90,79.00,36.90,38.10,97.80,23.90,4.57,486.17,82.33,116.10,119.50,98.87,22.03,9.26
2026-04-30 00:04:00,2026-04-30 00:04:59,Q10,486.50,79.30,37.60,38.40,99.40,19.40,2.29,487.60,86.00,40.60,41.90,99.10,17.50,3.11,481.90,78.90,35.90,37.50,97.40,21.10,4.89,485.33,81.40,114.10,117.80,98.63,19.33,10.29
2026-04-30 00:05:00,2026-04-30 00:05:59,Q10,485.90,79.30,37.60,38.30,99.30,19.50,2.40,488.80,87.40,41.60,42.50,99.20,18.50,2.91,483.00,80.90,36.90,38.60,97.60,21.00,4.74,485.90,82.53,116.10,119.40,98.70,19.67,10.06
2026-04-30 00:06:00,2026-04-30 00:06:59,Q10,486.10,77.60,36.60,37.40,99.30,19.30,2.43,487.80,87.30,41.60,42.40,99.20,17.50,3.00,484.00,79.80,36.90,38.20,97.50,21.30,4.91,485.97,81.57,115.10,118.00,98.67,19.37,10.34
2026-04-30 00:07:00,2026-04-30 00:07:59,Q10,485.70,78.40,36.60,37.80,99.30,19.10,2.49,488.80,86.40,40.60,42.00,99.30,17.90,2.77,483.80,81.00,37.80,39.10,97.70,21.60,4.74,486.10,81.93,115.00,118.90,98.77,19.53,10.00
2026-04-30 00:08:00,2026-04-30 00:08:59,Q10,487.70,76.00,36.60,37.00,99.40,20.00,2.23,488.00,84.30,39.60,41.00,99.20,18.10,2.77,482.30,78.00,35.90,37.60,97.60,21.70,4.69,486.00,79.43,112.10,115.60,98.73,19.93,9.69
2026-04-30 00:09:00,2026-04-30 00:09:59,Q10,487.60,76.10,36.60,37.00,99.30,18.80,2.46,488.90,86.20,40.60,42.00,99.30,18.20,2.80,482.40,80.90,36.90,38.60,97.50,20.80,4.89,486.30,81.07,114.10,117.60,98.70,19.27,10.14
2026-04-30 00:10:00,2026-04-30 00:10:59,Q10,487.70,74.70,35.60,36.00,99.40,20.30,2.20,487.60,82.20,38.60,39.90,99.20,19.50,2.77,483.40,75.50,34.90,36.20,97.70,22.60,4.49,486.23,77.47,109.10,112.10,98.77,20.80,9.46
2026-04-30 00:11:00,2026-04-30 00:11:59,Q10,487.60,76.40,36.60,37.00,99.30,18.90,2.49,487.90,87.00,41.60,42.40,99.20,18.50,2.86,483.60,80.50,36.90,38.60,97.60,21.60,4.86,486.37,81.30,115.10,118.00,98.70,19.67,10.20
2026-04-30 00:12:00,2026-04-30 00:12:59,Q10,488.00,76.80,36.60,37.10,99.30,20.00,2.49,488.20,86.30,40.60,42.00,99.10,17.60,3.17,482.80,79.50,36.90,38.10,97.60,22.10,4.71,486.33,80.87,114.10,117.20,98.67,19.90,10.37
2026-04-30 00:13:00,2026-04-30 00:13:59,Q10,487.50,75.40,35.60,36.50,99.40,19.50,2.17,488.20,83.60,39.60,40.50,99.20,19.30,2.80,482.60,77.10,35.90,37.10,97.60,22.00,4.66,486.10,78.70,111.10,114.10,98.73,20.27,9.63
2026-04-30 00:14:00,2026-04-30 00:14:59,Q10,487.40,75.60,35.60,36.50,99.30,20.00,2.29,489.30,84.10,40.60,41.10,99.30,18.70,2.57,482.20,79.30,36.90,38.10,97.70,22.10,4.63,486.30,79.67,113.10,115.70,98.77,20.27,9.49
2026-04-30 00:15:00,2026-04-30 00:15:59,Q10,486.20,74.30,34.70,36.00,99.60,21.70,1.69,487.30,80.80,37.60,39.00,99.20,19.70,2.66,483.20,74.50,34.30,35.70,98.00,23.70,3.94,485.57,76.53,106.60,110.70,98.93,21.70,8.29
2026-04-30 00:16:00,2026-04-30 00:16:59,Q10,486.40,73.20,34.70,35.50,99.30,20.00,2.20,489.10,81.20,38.60,39.60,99.40,19.90,2.29,482.10,76.10,34.90,36.60,97.80,21.90,4.34,485.87,76.83,108.20,111.70,98.83,20.60,8.83
2026-04-30 00:17:00,2026-04-30 00:17:59,Q10,486.30,76.40,35.60,36.90,99.30,19.30,2.43,489.30,86.10,41.60,42.10,99.30,18.50,2.80,482.30,80.70,36.90,38.60,97.50,21.20,4.91,485.97,81.07,114.10,117.60,98.70,19.67,10.14
2026-04-30 00:18:00,2026-04-30 00:18:59,Q10,486.50,75.40,35.60,36.50,99.30,19.40,2.31,490.00,82.40,39.60,40.20,99.40,19.50,2.43,482.90,81.40,37.80,39.00,97.80,21.00,4.54,486.47,79.73,113.00,115.70,98.83,19.97,9.29
2026-04-30 00:19:00,2026-04-30 00:19:59,Q10,487.40,74.10,35.60,36.00,99.50,22.30,1.97,489.70,82.50,39.60,40.10,99.40,20.50,2.34,483.20,80.30,37.20,38.60,98.10,24.10,4.14,486.77,78.97,112.40,114.70,99.00,22.30,8.46
2026-04-30 00:20:00,2026-04-30 00:20:59,Q10,487.50,75.40,35.60,36.50,99.60,21.00,1.89,489.80,85.50,40.60,41.60,99.50,20.80,2.31,483.20,80.50,37.20,38.60,98.00,23.80,4.26,486.83,80.47,113.40,116.70,99.03,21.87,8.46
2026-04-30 00:21:00,2026-04-30 00:21:59,Q10,488.40,72.00,34.70,35.10,99.60,22.50,1.63,489.00,80.40,38.60,39.10,99.50,21.50,2.00,483.60,73.70,34.30,35.30,98.30,25.40,3.69,487.00,75.37,107.60,109.50,99.13,23.13,7.31
2026-04-30 00:22:00,2026-04-30 00:22:59,Q10,487.30,78.60,36.60,38.00,99.40,22.10,2.26,490.20,87.10,41.60,42.60,99.40,20.80,2.51,483.80,82.90,37.80,39.60,97.90,24.20,4.43,487.10,82.87,116.00,120.20,98.90,22.37,9.20
2026-04-30 00:23:00,2026-04-30 00:23:59,Q10,487.10,79.70,37.60,38.50,99.40,20.10,2.34,490.10,90.70,43.60,44.10,99.40,19.80,2.63,484.70,83.10,39.20,40.20,98.10,21.30,4.43,487.30,84.50,120.40,122.80,98.97,20.40,9.40
2026-04-30 00:24:00,2026-04-30 00:24:59,Q10,487.00,77.70,36.60,37.50,99.50,21.90,2.14,490.30,89.80,42.60,43.60,99.40,21.10,2.57,484.30,80.70,37.20,38.70,98.10,23.90,4.31,487.20,82.73,116.40,119.80,99.00,22.30,9.03
2026-04-30 00:25:00,2026-04-30 00:25:59,Q10,487.30,79.00,37.60,38.50,99.30,21.70,2.46,490.40,90.60,43.60,44.10,99.40,20.90,2.60,483.80,82.90,37.80,39.60,97.80,23.90,4.77,487.17,84.17,119.00,122.20,98.83,22.17,9.83
2026-04-30 00:26:00,2026-04-30 00:26:59,Q10,487.00,77.20,36.60,37.50,99.50,21.50,2.09,490.20,85.90,40.60,41.70,99.50,20.90,2.31,483.50,80.10,37.20,38.60,98.00,23.60,4.29,486.90,81.07,114.40,117.80,99.00,22.00,8.69
2026-04-30 00:27:00,2026-04-30 00:27:59,Q10,486.60,78.60,36.60,37.90,99.50,22.00,2.09,489.20,85.90,40.60,41.60,99.50,20.90,2.34,485.00,78.70,36.30,37.80,98.20,24.30,4.14,486.93,81.07,113.50,117.30,99.07,22.40,8.57
2026-04-30 00:28:00,2026-04-30 00:28:59,Q10,486.40,80.50,37.60,38.90,99.40,21.60,2.46,489.40,90.70,43.60,44.00,99.40,20.80,2.69,484.70,84.40,39.20,40.70,98.00,25.00,4.63,486.83,85.20,120.40,123.60,98.93,22.47,9.77
2026-04-30 00:29:00,2026-04-30 00:29:59,Q10,486.90,80.70,37.60,38.90,99.20,19.80,2.69,489.40,94.00,44.50,46.00,99.30,20.10,2.91,485.30,84.60,38.80,40.70,97.90,22.90,4.80,487.20,86.43,120.90,125.60,98.80,20.93,10.40
2026-04-30 00:30:00,2026-04-30 00:30:59,Q10,488.30,82.10,39.60,40.00,99.40,21.10,2.37,488.40,90.70,42.60,43.90,99.30,20.50,2.91,484.70,86.00,40.20,41.60,98.00,22.90,4.51,487.13,86.27,122.40,125.50,98.90,21.50,9.80
2026-04-30 00:31:00,2026-04-30 00:31:59,Q10,488.20,82.90,39.60,40.00,99.40,20.90,2.23,488.70,87.50,41.60,42.50,99.30,19.80,2.66,485.00,83.70,39.20,40.30,98.10,22.50,4.37,487.30,84.70,120.40,122.80,98.93,21.07,9.26
2026-04-30 00:32:00,2026-04-30 00:32:59,Q10,487.70,79.00,37.60,38.50,99.40,21.10,2.43,488.30,89.90,42.60,43.40,99.30,20.80,2.69,485.50,85.80,40.20,41.20,98.00,23.80,4.57,487.17,84.90,120.40,123.10,98.90,21.90,9.69
2026-04-30 00:33:00,2026-04-30 00:33:59,Q10,487.70,80.40,37.60,39.00,99.40,20.70,2.26,488.40,86.90,40.60,42.00,99.30,19.60,2.80,485.40,84.50,39.20,40.70,98.10,22.90,4.40,487.17,83.93,117.40,121.70,98.93,21.07,9.46
2026-04-30 00:34:00,2026-04-30 00:34:59,Q10,486.60,76.50,35.60,36.90,99.50,21.80,2.00,490.10,85.90,40.60,41.70,99.40,20.20,2.40,484.90,81.30,38.20,39.20,98.10,24.50,4.23,487.20,81.23,114.40,117.80,99.00,22.17,8.63
2026-04-30 00:35:00,2026-04-30 00:35:59,Q10,487.70,71.80,33.70,34.60,99.50,22.70,1.86,490.60,83.50,39.60,40.70,99.40,21.20,2.34,483.50,80.20,37.20,38.60,98.00,24.80,4.17,487.27,78.50,110.50,113.90,98.97,22.90,8.37
2026-04-30 00:36:00,2026-04-30 00:36:59,Q10,486.90,71.70,33.70,34.50,99.60,22.50,1.60,490.80,82.50,39.60,40.20,99.50,22.00,2.03,484.50,75.00,35.30,36.30,98.20,25.50,3.86,487.40,76.40,108.60,111.00,99.10,23.33,7.49
2026-04-30 00:37:00,2026-04-30 00:37:59,Q10,488.90,71.10,33.70,34.60,99.70,23.50,1.43,488.90,80.00,38.60,39.00,99.50,22.90,2.03,483.80,74.20,34.30,35.70,98.20,25.60,3.71,487.20,75.10,106.60,109.30,99.13,24.00,7.17
2026-04-30 00:38:00,2026-04-30 00:38:59,Q10,487.80,75.00,35.60,36.50,99.60,22.90,1.60,488.30,81.60,38.60,39.50,99.40,22.20,2.31,485.20,75.20,35.30,36.40,98.20,25.30,3.83,487.10,77.27,109.50,112.40,99.07,23.47,7.74
2026-04-30 00:39:00,2026-04-30 00:39:59,Q10,488.60,71.30,33.70,34.60,99.70,22.90,1.51,490.00,81.80,38.60,39.70,99.50,21.50,2.06,483.80,75.20,35.30,36.20,98.10,26.20,3.97,487.47,76.10,107.60,110.50,99.10,23.53,7.54
2026-04-30 00:40:00,2026-04-30 00:40:59,Q10,488.20,67.90,31.70,32.70,99.80,23.00,1.14,489.90,77.10,36.60,37.70,99.60,22.40,1.80,483.10,68.90,31.40,32.80,98.10,26.70,3.66,487.07,71.30,99.70,103.20,99.17,24.03,6.60
2026-04-30 00:41:00,2026-04-30 00:41:59,Q10,488.70,72.80,34.70,35.10,99.70,22.80,1.34,490.10,81.20,38.60,39.70,99.50,21.40,2.06,483.40,75.60,34.90,36.20,97.90,25.90,4.11,487.40,76.53,108.20,111.00,99.03,23.37,7.51
2026-04-30 00:42:00,2026-04-30 00:42:59,Q10,487.00,72.10,34.70,35.10,99.70,22.50,1.43,489.50,78.60,37.60,38.10,99.50,21.10,2.09,485.30,74.10,34.30,35.90,98.20,26.70,3.69,487.27,74.93,106.60,109.10,99.13,23.43,7.20
2026-04-30 00:43:00,2026-04-30 00:43:59,Q10,489.20,74.40,35.60,36.20,99.70,22.90,1.57,489.00,85.70,40.60,41.60,99.30,21.50,2.49,484.40,75.10,35.30,36.30,98.20,25.40,3.86,487.53,78.40,111.50,114.10,99.07,23.27,7.91
2026-04-30 00:44:00,2026-04-30 00:44:59,Q10,487.20,79.10,37.60,38.50,99.60,22.00,1.80,488.20,86.80,40.60,42.00,99.40,20.20,2.57,484.80,80.20,37.20,38.70,98.00,24.10,4.23,486.73,82.03,115.40,119.20,99.00,22.10,8.60
2026-04-30 00:45:00,2026-04-30 00:45:59,Q10,486.80,73.40,34.70,35.50,99.70,22.00,1.60,488.40,81.50,38.60,39.50,99.40,20.80,2.37,485.10,79.00,37.20,38.30,98.20,24.40,3.83,486.77,77.97,110.50,113.30,99.10,22.40,7.80
2026-04-30 00:46:00,2026-04-30 00:46:59,Q10,488.20,74.20,35.60,36.10,99.70,22.50,1.40,488.20,80.60,38.60,39.00,99.50,20.70,2.20,484.50,75.80,35.30,36.30,98.20,25.60,3.80,486.97,76.87,109.50,111.40,99.13,22.93,7.40
2026-04-30 00:47:00,2026-04-30 00:47:59,Q10,486.40,66.00,31.70,32.10,99.80,24.70,1.03,489.60,74.60,35.60,36.20,99.70,24.20,1.51,484.80,67.60,31.40,32.40,98.50,28.20,3.09,486.93,69.40,98.70,100.70,99.33,25.70,5.63
2026-04-30 00:48:00,2026-04-30 00:48:59,Q10,488.60,68.70,32.70,33.20,99.70,24.60,1.29,489.10,76.70,36.60,37.20,99.50,22.40,1.91,484.10,70.90,32.30,33.90,98.40,25.80,3.40,487.27,72.10,101.60,104.30,99.20,24.27,6.60
2026-04-30 00:49:00,2026-04-30 00:49:59,Q10,487.40,76.40,36.60,37.00,99.60,21.20,1.77,489.70,83.80,39.60,40.60,99.40,21.20,2.37,484.70,78.30,36.30,37.80,98.10,24.20,4.11,487.27,79.50,112.50,115.40,99.03,22.20,8.26
2026-04-30 00:50:00,2026-04-30 00:50:59,Q10,486.80,76.00,35.60,36.90,99.60,22.70,1.69,490.30,79.80,37.60,38.70,99.50,21.40,2.20,483.90,75.60,35.30,36.20,98.00,24.80,4.06,487.00,77.13,108.50,111.80,99.03,22.97,7.94
2026-04-30 00:51:00,2026-04-30 00:51:59,Q10,488.60,77.60,36.60,37.60,99.60,21.90,1.71,489.50,84.10,40.60,41.10,99.40,20.70,2.51,483.40,76.80,34.90,36.70,97.90,25.00,4.23,487.17,79.50,112.10,115.40,98.97,22.53,8.46
2026-04-30 00:52:00,2026-04-30 00:52:59,Q10,487.20,74.20,35.60,36.00,99.70,23.70,1.51,489.50,82.70,39.60,40.10,99.50,21.80,2.20,485.40,75.10,35.30,36.40,98.30,25.50,3.74,487.37,77.33,110.50,112.50,99.17,23.67,7.46
2026-04-30 00:53:00,2026-04-30 00:53:59,Q10,487.40,72.10,34.70,35.10,99.70,23.30,1.49,489.00,81.30,38.60,39.60,99.50,21.70,2.14,485.30,74.00,34.30,35.90,98.30,25.80,3.69,487.23,75.80,107.60,110.60,99.17,23.60,7.31
2026-04-30 00:54:00,2026-04-30 00:54:59,Q10,488.20,74.90,35.60,36.10,99.60,23.20,1.69,490.60,82.40,39.60,40.20,99.40,21.10,2.46,483.80,76.90,35.30,36.70,98.10,25.10,4.03,487.53,78.07,110.50,113.00,99.03,23.13,8.17
2026-04-30 00:55:00,2026-04-30 00:55:59,Q10,487.80,75.80,35.60,36.50,99.60,22.50,1.66,488.80,82.80,39.60,40.00,99.40,21.10,2.40,485.60,79.10,37.20,38.30,98.30,25.00,3.77,487.40,79.23,112.40,114.80,99.10,22.87,7.83
2026-04-30 00:56:00,2026-04-30 00:56:59,Q10,488.80,72.90,34.70,35.10,99.70,22.70,1.34,489.70,79.30,37.60,38.60,99.50,21.70,2.00,483.70,71.70,33.30,34.30,98.30,25.60,3.66,487.40,74.63,105.60,108.00,99.17,23.33,7.00
2026-04-30 00:57:00,2026-04-30 00:57:59,Q10,487.30,75.00,35.60,36.50,99.60,22.10,1.74,489.20,81.30,38.60,39.60,99.40,20.90,2.46,485.80,75.80,35.30,36.40,98.10,25.40,3.94,487.43,77.37,109.50,112.50,99.03,22.80,8.14
2026-04-30 00:58:00,2026-04-30 00:58:59,Q10,487.10,77.40,36.60,37.50,99.60,23.20,1.77,489.30,84.30,40.60,41.10,99.40,20.40,2.54,485.50,78.00,36.30,37.80,98.10,24.90,4.11,487.30,79.90,113.50,116.40,99.03,22.83,8.43
2026-04-30 00:59:00,2026-04-30 00:59:59,Q10,487.60,80.70,37.60,39.00,99.60,22.40,1.94,489.30,81.70,38.60,39.60,99.30,19.00,2.71,484.90,82.10,38.20,39.70,98.00,26.10,4.43,487.27,81.50,114.40,118.30,98.97,22.50,9.09
2026-04-30 01:00:00,2026-04-30 01:00:59,Q10,487.20,80.40,37.60,39.00,99.50,21.90,2.06,490.70,88.90,42.60,43.10,99.30,20.00,2.86,484.20,83.40,38.80,40.20,97.70,22.60,4.69,487.37,84.23,119.00,122.30,98.83,21.50,9.60
2026-04-30 01:01:00,2026-04-30 01:01:59,Q10,488.00,74.70,35.60,36.10,99.60,22.40,1.69,490.90,82.40,39.60,40.20,99.40,21.30,2.40,483.80,77.60,35.90,37.20,97.90,24.60,4.20,487.57,78.23,111.10,113.50,98.97,22.77,8.29
2026-04-30 01:02:00,2026-04-30 01:02:59,Q10,487.10,76.30,36.60,37.00,99.60,22.70,1.89,489.40,87.90,41.60,42.50,99.40,21.10,2.60,485.50,82.20,38.20,39.80,98.00,25.20,4.34,487.33,82.13,116.40,119.30,99.00,23.00,8.83
2026-04-30 01:03:00,2026-04-30 01:03:59,Q10,487.60,82.70,38.60,39.90,99.50,21.80,2.20,488.50,89.00,42.60,43.40,99.30,20.50,2.91,485.40,82.90,37.80,39.80,97.80,24.60,4.69,487.17,84.87,119.00,123.10,98.87,22.30,9.80
2026-04-30 01:04:00,2026-04-30 01:04:59,Q10,486.30,81.70,38.60,39.40,99.20,18.40,2.80,489.10,93.10,44.50,45.50,99.10,18.40,3.31,481.70,84.90,38.80,40.40,97.10,20.30,5.69,485.70,86.57,121.90,125.30,98.47,19.03,11.80
2026-04-30 01:05:00,2026-04-30 01:05:59,Q10,486.70,86.20,40.60,41.80,99.10,19.20,2.97,489.90,95.30,45.50,46.50,99.10,16.60,3.43,482.50,88.50,40.70,42.40,97.10,20.60,5.83,486.37,90.00,126.80,130.70,98.43,18.80,12.23
2026-04-30 01:06:00,2026-04-30 01:06:59,Q10,486.70,83.50,39.60,40.30,99.10,19.00,3.00,488.50,90.10,42.60,43.90,99.10,17.50,3.29,484.80,87.40,40.70,42.10,97.30,20.70,5.43,486.67,87.00,122.90,126.30,98.50,19.07,11.71
2026-04-30 01:07:00,2026-04-30 01:07:59,Q10,486.70,81.90,38.60,39.40,99.10,19.00,2.94,489.40,92.40,43.60,45.00,99.10,17.40,3.31,483.20,86.80,39.80,41.50,97.30,20.00,5.49,486.43,87.03,122.00,125.90,98.50,18.80,11.74
2026-04-30 01:08:00,2026-04-30 01:08:59,Q10,486.10,84.10,39.60,40.80,99.00,19.10,3.17,489.60,92.80,43.60,45.00,99.10,18.10,3.40,484.10,89.10,41.70,43.10,97.20,20.30,5.74,486.60,88.67,124.90,128.90,98.43,19.17,12.31
2026-04-30 01:09:00,2026-04-30 01:09:59,Q10,487.50,83.90,39.60,40.40,99.10,17.80,2.97,488.20,93.90,44.50,45.40,99.10,17.80,3.49,484.30,87.80,40.70,42.10,97.10,20.30,5.71,486.67,88.53,124.80,127.90,98.43,18.63,12.17
2026-04-30 01:10:00,2026-04-30 01:10:59,Q10,487.60,82.70,38.60,39.90,99.20,18.70,2.94,488.50,95.00,45.50,46.40,99.00,17.30,3.54,482.30,87.20,39.80,41.90,97.30,20.50,5.49,486.13,88.30,123.90,128.20,98.50,18.83,11.97
2026-04-30 01:11:00,2026-04-30 01:11:59,Q10,486.00,80.80,37.60,38.90,99.10,18.80,3.09,489.30,91.60,43.60,44.50,99.10,18.20,3.40,484.10,88.50,40.70,42.60,97.30,21.20,5.54,486.47,86.97,121.90,126.00,98.50,19.40,12.03
2026-04-30 01:12:00,2026-04-30 01:12:59,Q10,487.80,85.60,40.60,41.40,99.30,17.90,2.71,488.00,94.90,44.10,45.90,98.90,17.10,3.83,484.10,86.30,39.80,41.60,97.10,21.30,5.71,486.63,88.93,124.50,128.90,98.43,18.77,12.26
2026-04-30 01:13:00,2026-04-30 01:13:59,Q10,488.00,79.40,37.60,38.60,99.30,19.30,2.51,488.70,85.00,40.60,41.50,99.20,18.40,2.94,485.20,80.60,36.90,38.80,97.40,22.60,5.06,487.30,81.67,115.10,118.90,98.63,20.10,10.51
2026-04-30 01:14:00,2026-04-30 01:14:59,Q10,489.20,84.10,40.60,41.10,99.50,21.90,2.09,489.00,92.40,43.60,45.00,99.30,19.10,2.89,483.90,83.20,38.80,40.10,97.70,24.10,4.91,487.37,86.57,123.00,126.20,98.83,21.70,9.89
2026-04-30 01:15:00,2026-04-30 01:15:59,Q10,489.30,84.10,40.60,41.10,99.50,22.00,2.14,489.20,94.70,44.50,46.00,99.20,19.30,3.11,483.80,84.80,38.80,40.60,97.60,25.50,5.09,487.43,87.87,123.90,127.70,98.77,22.27,10.34
2026-04-30 01:16:00,2026-04-30 01:16:59,Q10,488.90,84.60,39.60,41.00,99.50,21.50,2.23,489.60,91.90,43.60,44.50,99.20,19.70,3.29,483.90,86.10,39.80,41.50,97.40,23.60,5.29,487.47,87.53,123.00,127.00,98.70,21.60,10.80
2026-04-30 01:17:00,2026-04-30 01:17:59,Q10,487.70,84.90,39.60,40.90,99.40,21.50,2.46,489.40,95.30,45.50,46.50,99.10,19.60,3.34,485.80,85.00,39.80,41.20,97.50,23.60,5.26,487.63,88.40,124.90,128.60,98.67,21.57,11.06
2026-04-30 01:18:00,2026-04-30 01:18:59,Q10,489.10,81.00,38.60,39.60,99.50,22.30,2.14,489.20,89.20,42.60,43.50,99.20,20.90,2.94,485.50,83.80,38.80,40.30,97.70,25.50,4.83,487.93,84.67,120.00,123.40,98.80,22.90,9.91
2026-04-30 01:19:00,2026-04-30 01:19:59,Q10,489.60,81.80,38.60,39.60,99.60,21.80,1.91,490.10,88.90,42.60,43.10,99.40,20.00,2.66,484.40,83.10,38.80,40.20,97.60,24.90,4.86,488.03,84.60,120.00,122.90,98.87,22.23,9.43
2026-04-30 01:20:00,2026-04-30 01:20:59,Q10,489.50,86.10,41.60,42.10,99.50,21.70,2.14,489.50,91.80,43.60,44.50,99.20,20.20,3.11,484.60,83.90,38.80,40.20,97.60,24.20,5.09,487.87,87.27,124.00,126.80,98.77,22.03,10.34
2026-04-30 01:21:00,2026-04-30 01:21:59,Q10,488.70,83.80,39.60,40.50,99.30,22.80,2.66,491.40,98.90,47.50,48.10,99.20,20.00,3.29,484.10,89.90,41.70,43.10,97.40,23.90,5.49,488.07,90.87,128.80,131.70,98.63,22.23,11.43
2026-04-30 01:22:00,2026-04-30 01:22:59,Q10,488.90,89.80,42.60,43.40,99.40,21.70,2.40,491.00,98.10,47.50,48.10,99.20,19.20,3.31,484.30,89.50,41.70,43.10,97.50,24.00,5.40,488.07,92.47,131.80,134.60,98.70,21.63,11.11
2026-04-30 01:23:00,2026-04-30 01:23:59,Q10,489.30,80.70,38.60,39.10,99.60,21.70,1.89,489.70,91.30,43.60,44.50,99.20,20.60,2.94,486.40,82.70,38.20,39.90,98.00,24.30,4.40,488.47,84.90,120.40,123.50,98.93,22.20,9.23
2026-04-30 01:24:00,2026-04-30 01:24:59,Q10,488.00,82.60,39.60,40.00,99.40,22.40,2.29,490.30,91.40,43.60,44.60,99.30,19.80,2.97,486.20,84.00,38.80,40.80,97.80,24.50,4.80,488.17,86.00,122.00,125.40,98.83,22.23,10.06
2026-04-30 01:25:00,2026-04-30 01:25:59,Q10,487.50,88.40,41.60,42.90,99.40,21.40,2.57,490.70,96.40,46.50,47.00,99.20,20.00,3.26,484.20,88.40,40.70,42.60,97.60,23.60,5.34,487.47,91.07,128.80,132.50,98.73,21.67,11.17
2026-04-30 01:26:00,2026-04-30 01:26:59,Q10,487.10,87.80,41.60,42.40,99.30,22.10,2.83,490.60,99.40,47.50,48.50,99.20,19.60,3.43,483.70,91.00,41.70,44.00,97.40,23.20,5.69,487.13,92.73,130.80,134.90,98.63,21.63,11.94
2026-04-30 01:27:00,2026-04-30 01:27:59,Q10,488.10,87.30,41.60,42.50,99.40,21.10,2.54,488.30,96.30,45.50,46.80,99.10,18.70,3.40,485.20,92.80,42.70,44.60,97.60,22.60,5.34,487.20,92.13,129.80,133.90,98.70,20.80,11.29
2026-04-30 01:28:00,2026-04-30 01:28:59,Q10,487.80,82.10,38.60,39.90,99.40,22.60,2.29,490.20,93.50,44.50,45.60,99.30,19.30,2.86,483.30,85.40,39.80,41.10,97.60,25.40,5.03,487.10,87.00,122.90,126.60,98.77,22.43,10.17
2026-04-30 01:29:00,2026-04-30 01:29:59,Q10,486.80,83.50,39.60,40.30,99.30,20.70,2.71,489.70,95.70,45.50,46.50,99.10,19.70,3.31,484.90,86.70,39.80,41.60,97.70,23.60,5.06,487.13,88.63,124.90,128.40,98.70,21.33,11.09
2026-04-30 01:30:00,2026-04-30 01:30:59,Q10,487.70,86.30,40.60,41.90,99.30,21.30,2.83,488.60,97.30,46.50,47.30,99.10,20.90,3.49,485.30,89.20,41.70,43.20,97.60,24.30,5.40,487.20,90.93,128.80,132.40,98.67,22.17,11.71
2026-04-30 01:31:00,2026-04-30 01:31:59,Q10,488.60,85.60,40.60,41.50,99.50,22.10,2.29,488.60,96.60,45.50,46.80,99.20,20.40,3.29,484.10,87.60,40.70,42.10,97.50,24.50,5.23,487.10,89.93,126.80,130.40,98.73,22.33,10.80
2026-04-30 01:32:00,2026-04-30 01:32:59,Q10,489.10,85.40,40.60,41.60,99.40,22.00,2.46,489.00,94.70,44.50,46.00,99.20,19.40,3.17,484.60,89.90,41.70,43.10,97.60,24.90,5.31,487.57,90.00,126.80,130.70,98.73,22.10,10.94
2026-04-30 01:33:00,2026-04-30 01:33:59,Q10,488.60,81.20,38.60,39.50,99.50,22.80,2.00,489.30,90.50,43.60,44.00,99.30,20.30,2.86,485.10,84.80,38.80,40.70,97.70,24.60,4.77,487.67,85.50,121.00,124.20,98.83,22.57,9.63
2026-04-30 01:34:00,2026-04-30 01:34:59,Q10,488.90,83.10,39.60,40.50,99.50,22.20,2.26,490.30,95.10,45.50,46.50,99.30,19.90,3.09,483.60,90.10,41.70,43.50,97.70,24.30,5.14,487.60,89.43,126.80,130.50,98.83,22.13,10.49
2026-04-30 01:35:00,2026-04-30 01:35:59,Q10,487.80,87.10,41.60,42.40,99.40,21.60,2.57,490.80,96.90,46.50,47.00,99.20,20.00,3.26,483.70,90.80,41.70,43.50,97.50,24.40,5.51,487.43,91.60,129.80,132.90,98.70,22.00,11.34
2026-04-30 01:36:00,2026-04-30 01:36:59,Q10,487.70,80.70,37.60,39.00,99.50,22.30,2.06,489.70,92.10,43.60,45.00,99.40,20.50,2.71,485.70,85.10,39.80,41.20,97.70,25.30,4.89,487.70,85.97,121.00,125.20,98.87,22.70,9.66
2026-04-30 01:37:00,2026-04-30 01:37:59,Q10,487.30,85.50,40.60,41.40,99.40,21.10,2.43,491.00,94.70,45.50,46.20,99.30,18.60,2.94,484.00,89.90,41.70,43.10,97.50,23.30,5.37,487.43,90.03,127.80,130.70,98.73,21.00,10.74
2026-04-30 01:38:00,2026-04-30 01:38:59,Q10,487.70,76.70,36.60,37.00,99.50,22.10,1.91,490.10,87.30,41.60,42.60,99.40,20.70,2.54,486.10,81.80,37.80,39.40,97.80,25.40,4.57,487.97,81.93,116.00,119.00,98.90,22.73,9.03
2026-04-30 01:39:00,2026-04-30 01:39:59,Q10,488.30,82.10,39.60,40.00,99.60,21.20,1.86,491.10,92.30,44.50,45.20,99.40,19.80,2.71,484.30,82.50,37.80,39.70,97.70,24.20,4.77,487.90,85.63,121.90,124.90,98.90,21.73,9.34
2026-04-30 01:40:00,2026-04-30 01:40:59,Q10,487.40,82.50,38.60,39.90,99.50,21.80,2.23,489.60,91.80,43.60,44.50,99.30,19.70,2.94,485.60,87.00,40.70,42.20,97.70,24.70,4.94,487.53,87.10,122.90,126.60,98.83,22.07,10.11
2026-04-30 01:41:00,2026-04-30 01:41:59,Q10,489.00,80.90,38.60,39.10,99.50,21.80,1.97,491.00,91.10,43.60,44.70,99.40,19.90,2.66,484.10,83.30,38.80,40.20,97.30,25.10,5.29,488.03,85.10,121.00,124.00,98.73,22.27,9.91
2026-04-30 01:42:00,2026-04-30 01:42:59,Q10,488.00,80.40,38.60,39.00,99.60,22.30,1.83,490.70,94.00,45.50,46.10,99.40,20.20,2.60,484.00,82.70,37.80,39.70,97.70,24.60,4.83,487.57,85.70,121.90,124.80,98.90,22.37,9.26
2026-04-30 01:43:00,2026-04-30 01:43:59,Q10,487.40,78.10,36.60,38.00,99.60,22.40,1.91,490.70,89.10,42.60,43.60,99.30,20.30,2.71,485.50,81.30,37.80,39.30,97.60,26.00,4.83,487.87,82.83,117.00,120.90,98.83,22.90,9.46
2026-04-30 01:44:00,2026-04-30 01:44:59,Q10,489.20,79.20,37.60,38.60,99.60,23.20,1.69,489.10,89.70,42.60,43.50,99.30,21.10,2.83,484.70,82.00,37.80,39.70,97.70,26.50,4.74,487.67,83.63,118.00,121.80,98.87,23.60,9.26
2026-04-30 01:45:00,2026-04-30 01:45:59,Q10,487.30,81.10,38.60,39.40,99.50,21.50,2.00,490.50,87.90,41.60,42.60,99.40,20.00,2.57,485.10,85.10,39.80,41.20,97.90,26.10,4.66,487.63,84.70,120.00,123.20,98.93,22.53,9.23
2026-04-30 01:46:00,2026-04-30 01:46:59,Q10,489.50,75.30,35.60,36.70,99.70,24.10,1.60,490.50,87.80,41.60,42.60,99.40,21.20,2.46,484.10,77.80,35.90,37.30,97.80,26.80,4.46,488.03,80.30,113.10,116.60,98.97,24.03,8.51
2026-04-30 01:47:00,2026-04-30 01:47:59,Q10,487.50,76.30,36.60,37.00,99.60,21.90,1.77,491.10,84.40,40.60,41.20,99.40,20.70,2.37,485.00,81.30,37.80,39.30,97.90,24.60,4.37,487.87,80.67,115.00,117.50,98.97,22.40,8.51
2026-04-30 01:48:00,2026-04-30 01:48:59,Q10,487.00,84.40,39.60,40.90,99.50,21.80,2.29,490.20,94.30,45.50,46.10,99.30,19.90,2.86,485.10,84.90,38.80,40.70,97.70,23.80,5.00,487.43,87.87,123.90,127.70,98.83,21.83,10.14
2026-04-30 01:49:00,2026-04-30 01:49:59,Q10,488.90,80.60,38.60,39.00,99.50,22.60,2.11,490.20,88.30,42.60,43.10,99.30,20.10,2.74,483.90,84.00,38.80,40.60,97.60,25.10,4.94,487.67,84.30,120.00,122.70,98.80,22.60,9.80
2026-04-30 01:50:00,2026-04-30 01:50:59,Q10,487.30,78.00,36.60,38.00,99.50,21.90,1.97,490.80,88.30,42.60,43.10,99.40,20.20,2.46,485.20,81.40,37.80,39.30,97.80,25.30,4.51,487.77,82.57,117.00,120.40,98.90,22.47,8.94
2026-04-30 01:51:00,2026-04-30 01:51:59,Q10,488.30,77.50,36.60,37.60,99.60,22.20,1.89,488.90,87.70,41.60,42.50,99.30,20.80,2.71,485.50,80.20,36.90,38.80,97.80,26.20,4.60,487.57,81.80,115.10,118.90,98.90,23.07,9.20
2026-04-30 01:52:00,2026-04-30 01:52:59,Q10,487.80,77.50,36.60,37.50,99.60,22.80,1.83,489.20,91.00,43.60,44.50,99.40,20.80,2.60,485.70,83.50,38.80,40.30,97.80,25.50,4.57,487.57,84.00,119.00,122.30,98.93,23.03,9.00
2026-04-30 01:53:00,2026-04-30 01:53:59,Q10,487.50,78.90,36.60,38.00,99.60,23.50,1.89,490.70,92.10,44.50,45.10,99.30,20.80,2.83,485.10,81.90,37.80,39.30,97.70,26.80,4.80,487.77,84.30,118.90,122.40,98.87,23.70,9.51
2026-04-30 01:54:00,2026-04-30 01:54:59,Q10,486.10,80.10,37.60,38.90,99.40,21.40,2.14,489.80,87.40,41.60,42.50,99.20,18.80,2.86,483.40,78.90,35.90,37.70,97.40,23.80,4.97,486.43,82.13,115.10,119.10,98.67,21.33,9.97
2026-04-30 01:55:00,2026-04-30 01:55:59,Q10,488.60,83.40,39.60,40.50,99.30,19.20,2.74,488.70,96.40,45.10,46.80,98.90,17.50,3.77,484.60,85.40,39.80,41.10,97.00,21.70,5.80,487.30,88.40,124.50,128.40,98.40,19.47,12.31
2026-04-30 01:56:00,2026-04-30 01:56:59,Q10,488.80,78.80,37.60,38.10,99.40,19.50,2.20,489.80,90.60,43.60,44.00,99.10,17.60,3.17,483.20,84.40,38.80,40.60,97.30,22.80,5.23,487.27,84.60,120.00,122.70,98.60,19.97,10.60
2026-04-30 01:57:00,2026-04-30 01:57:59,Q10,487.00,81.50,38.60,39.40,99.30,19.70,2.63,489.50,91.00,43.60,44.50,99.10,17.90,3.37,485.10,83.90,38.80,40.30,97.40,23.00,5.23,487.20,85.47,121.00,124.20,98.60,20.20,11.23
2026-04-30 01:58:00,2026-04-30 01:58:59,Q10,488.80,82.70,39.60,40.00,99.30,19.50,2.49,489.10,92.00,43.60,45.00,99.30,18.70,2.94,484.00,85.00,39.80,41.10,97.10,22.20,5.57,487.30,86.57,123.00,126.10,98.57,20.13,11.00
2026-04-30 01:59:00,2026-04-30 01:59:59,Q10,488.00,77.90,36.60,37.60,99.40,20.50,2.26,490.80,90.70,43.60,44.10,99.30,18.70,2.77,483.50,80.60,36.90,38.60,97.40,23.10,5.11,487.43,83.07,117.10,120.30,98.70,20.77,10.14
2026-04-30 02:00:00,2026-04-30 02:00:59,Q10,487.90,75.50,35.60,36.50,99.40,19.80,2.14,490.00,87.40,41.60,42.60,99.30,18.70,2.63,482.60,79.30,36.90,38.10,97.30,24.00,5.09,486.83,80.73,114.10,117.20,98.67,20.83,9.86
2026-04-30 02:01:00,2026-04-30 02:01:59,Q10,486.50,79.20,37.60,38.40,99.40,20.00,2.29,490.40,88.90,42.60,43.10,99.20,18.50,2.94,483.50,81.60,37.80,39.10,97.10,22.60,5.31,486.80,83.23,118.00,120.60,98.57,20.37,10.54
2026-04-30 02:02:00,2026-04-30 02:02:59,Q10,487.60,80.50,37.60,39.00,99.30,19.80,2.49,489.30,91.70,43.60,44.50,99.20,19.10,3.03,485.20,83.10,38.80,40.30,97.40,22.70,5.23,487.37,85.10,120.00,123.80,98.63,20.53,10.74
2026-04-30 02:03:00,2026-04-30 02:03:59,Q10,489.10,87.40,41.60,42.50,99.40,21.30,2.49,489.10,95.10,45.50,46.50,99.20,19.90,3.40,483.70,91.00,41.70,44.00,97.30,25.60,5.71,487.30,91.17,128.80,133.00,98.63,22.27,11.60
2026-04-30 02:04:00,2026-04-30 02:04:59,Q10,488.10,80.10,38.60,39.00,99.60,23.30,1.74,491.10,88.40,42.60,43.20,99.40,19.90,2.54,484.00,82.60,37.80,39.70,97.70,26.20,4.74,487.73,83.70,119.00,121.90,98.90,23.13,9.03
2026-04-30 02:05:00,2026-04-30 02:05:59,Q10,487.60,78.10,36.60,38.00,99.50,23.10,1.94,490.50,89.30,42.60,43.60,99.40,21.30,2.66,485.80,85.50,39.80,41.20,97.60,26.10,4.83,487.97,84.30,119.00,122.80,98.83,23.50,9.43
2026-04-30 02:06:00,2026-04-30 02:06:59,Q10,488.50,83.50,39.60,40.50,99.40,22.60,2.34,490.80,96.60,46.50,47.00,99.30,19.90,2.97,483.60,88.00,40.70,42.50,97.30,24.80,5.51,487.63,89.37,126.80,130.00,98.67,22.43,10.83
2026-04-30 02:07:00,2026-04-30 02:07:59,Q10,489.30,86.20,41.60,42.10,99.50,21.70,2.14,489.10,96.20,45.50,46.90,99.30,20.80,3.11,484.40,87.70,40.70,42.10,97.50,25.20,5.29,487.60,90.03,127.80,131.10,98.77,22.57,10.54
2026-04-30 02:08:00,2026-04-30 02:08:59,Q10,488.00,88.90,41.60,42.90,99.40,21.80,2.51,490.50,99.90,47.50,48.50,99.20,19.40,3.34,483.20,92.10,42.70,44.40,97.30,24.90,5.83,487.23,93.63,131.80,135.80,98.63,22.03,11.69
2026-04-30 02:09:00,2026-04-30 02:09:59,Q10,488.60,77.60,36.60,37.60,99.60,22.70,1.86,490.90,88.90,42.60,43.10,99.40,20.60,2.63,483.90,85.80,39.80,41.10,97.80,26.40,4.69,487.80,84.10,119.00,121.80,98.93,23.23,9.17
2026-04-30 02:10:00,2026-04-30 02:10:59,Q10,488.30,78.30,37.60,38.10,99.60,22.00,1.80,489.30,88.50,42.60,43.00,99.40,21.10,2.60,485.60,80.50,36.90,38.80,97.80,25.60,4.54,487.73,82.43,117.10,119.90,98.93,22.90,8.94
2026-04-30 02:11:00,2026-04-30 02:11:59,Q10,488.90,77.40,36.60,37.60,99.60,22.30,1.74,489.10,88.50,42.60,43.00,99.30,20.80,2.71,485.50,84.20,38.80,40.70,97.70,25.30,4.66,487.83,83.37,118.00,121.30,98.87,22.80,9.11
2026-04-30 02:12:00,2026-04-30 02:12:59,Q10,487.50,78.10,36.60,38.00,99.50,22.30,1.91,491.00,87.40,41.60,42.70,99.50,21.10,2.37,484.00,82.30,37.80,39.70,97.70,24.60,4.71,487.50,82.60,116.00,120.40,98.90,22.67,9.00
2026-04-30 02:13:00,2026-04-30 02:13:59,Q10,488.10,84.20,39.60,41.00,99.50,21.20,2.23,490.50,95.30,45.50,46.50,99.30,20.50,2.94,483.70,85.10,39.80,41.10,97.50,24.60,5.29,487.43,88.20,124.90,128.60,98.77,22.10,10.46
2026-04-30 02:14:00,2026-04-30 02:14:59,Q10,489.00,80.60,38.60,39.10,99.60,24.30,1.77,489.10,88.20,42.60,43.00,99.40,21.10,2.69,484.00,83.60,38.80,40.20,97.60,26.80,4.77,487.37,84.13,120.00,122.30,98.87,24.07,9.23
2026-04-30 02:15:00,2026-04-30 02:15:59,Q10,488.60,81.20,38.60,39.50,99.50,22.50,1.97,490.80,90.70,43.60,44.10,99.30,20.00,2.80,483.60,84.10,38.80,40.60,97.60,25.30,4.91,487.67,85.33,121.00,124.20,98.80,22.60,9.69
2026-04-30 02:16:00,2026-04-30 02:16:59,Q10,488.70,84.00,39.60,41.00,99.50,23.90,2.17,489.90,95.20,45.50,46.50,99.30,19.70,2.91,483.30,88.40,40.70,42.50,97.40,26.20,5.31,487.30,89.20,125.80,130.00,98.73,23.27,10.40
2026-04-30 02:17:00,2026-04-30 02:17:59,Q10,488.90,77.90,36.60,37.60,99.60,22.00,1.74,489.10,90.20,43.60,44.00,99.30,20.00,2.77,485.20,86.00,39.80,41.70,97.50,24.90,4.97,487.73,84.70,120.00,123.30,98.80,22.30,9.49
2026-04-30 02:18:00,2026-04-30 02:18:59,Q10,487.30,82.90,38.60,39.90,99.50,22.20,2.20,490.30,97.30,46.50,47.50,99.30,19.60,3.06,484.90,87.50,40.70,42.10,97.50,25.60,5.31,487.50,89.23,125.80,129.50,98.77,22.47,10.57
2026-04-30 02:19:00,2026-04-30 02:19:59,Q10,487.20,84.40,39.60,40.90,99.50,22.40,2.23,490.60,94.90,45.50,46.10,99.30,19.70,3.03,484.90,89.30,41.70,43.10,97.50,25.00,5.23,487.57,89.53,126.80,130.10,98.77,22.37,10.49
2026-04-30 02:20:00,2026-04-30 02:20:59,Q10,487.20,85.70,40.60,41.40,99.50,22.00,2.23,489.80,96.10,45.50,46.90,99.20,19.10,3.17,485.10,88.00,40.70,42.70,97.60,24.10,5.23,487.37,89.93,126.80,131.00,98.77,21.73,10.63
2026-04-30 02:21:00,2026-04-30 02:21:59,Q10,487.20,93.30,44.50,45.30,99.20,22.40,3.00,489.60,100.70,47.50,48.90,99.00,21.00,3.86,485.20,93.90,43.70,45.10,97.10,25.60,6.11,487.33,95.97,135.70,139.30,98.43,23.00,12.97
2026-04-30 02:22:00,2026-04-30 02:22:59,Q10,488.90,91.30,43.60,44.40,99.50,21.70,2.49,489.40,103.80,49.50,50.40,99.20,19.50,3.57,483.80,97.50,44.60,46.90,97.30,24.60,6.00,487.37,97.53,137.70,141.70,98.67,21.93,12.06
2026-04-30 02:23:00,2026-04-30 02:23:59,Q10,488.90,94.90,44.50,45.90,99.20,21.60,3.23,490.00,108.00,51.50,52.90,99.00,19.10,4.06,483.10,97.10,44.60,46.90,97.10,23.20,6.43,487.33,100.00,140.60,145.70,98.43,21.30,13.71
2026-04-30 02:24:00,2026-04-30 02:24:59,Q10,488.70,89.60,42.60,43.40,99.30,22.60,2.89,490.50,99.10,47.50,48.50,99.10,20.20,3.60,483.30,93.40,42.70,44.90,97.10,24.60,6.17,487.50,94.03,132.80,136.80,98.50,22.47,12.66
2026-04-30 02:25:00,2026-04-30 02:25:59,Q10,487.50,95.00,45.50,46.30,99.20,21.70,3.14,488.90,103.10,49.50,50.30,99.00,20.60,3.86,485.40,94.90,43.70,45.60,97.20,24.30,6.09,487.27,97.67,138.70,142.20,98.47,22.20,13.09
2026-04-30 02:26:00,2026-04-30 02:26:59,Q10,488.60,95.30,45.50,46.40,99.30,21.80,3.06,490.10,109.00,52.50,53.40,99.00,19.30,4.03,482.80,99.00,45.10,47.70,96.80,24.20,6.77,487.17,101.10,143.10,147.50,98.37,21.77,13.86
2026-04-30 02:27:00,2026-04-30 02:27:59,Q10,488.20,95.10,45.50,46.40,99.30,21.50,2.77,488.90,104.20,49.50,50.80,99.20,19.70,3.57,484.90,98.30,45.60,47.40,97.40,24.30,5.94,487.33,99.20,140.60,144.60,98.63,21.83,12.29
2026-04-30 02:28:00,2026-04-30 02:28:59,Q10,487.50,88.80,41.60,42.90,99.20,21.90,2.97,489.90,99.70,47.50,48.40,99.10,20.20,3.63,485.50,93.60,43.70,45.10,97.30,25.00,5.91,487.63,94.03,132.80,136.40,98.53,22.37,12.51
2026-04-30 02:29:00,2026-04-30 02:29:59,Q10,489.40,81.20,38.60,39.60,99.50,21.70,2.20,489.80,92.70,43.60,45.00,99.30,19.90,3.06,484.10,86.60,39.80,41.60,97.20,25.50,5.51,487.77,86.83,122.00,126.20,98.67,22.37,10.77
2026-04-30 02:30:00,2026-04-30 02:30:59,Q10,489.10,82.10,39.60,40.10,99.50,21.00,2.17,489.50,95.20,45.50,46.50,99.20,20.90,3.09,484.00,86.00,39.80,41.60,97.30,24.30,5.37,487.53,87.77,124.90,128.20,98.67,22.07,10.63
2026-04-30 02:31:00,2026-04-30 02:31:59,Q10,488.30,88.20,41.60,42.90,99.30,21.00,2.83,488.40,100.50,47.50,48.80,99.10,19.50,3.54,484.30,91.50,42.70,44.00,97.20,24.40,6.00,487.00,93.40,131.80,135.70,98.53,21.63,12.37
2026-04-30 02:32:00,2026-04-30 02:32:59,Q10,487.20,83.10,39.60,40.40,99.40,22.60,2.46,490.70,100.40,48.50,49.00,99.30,20.40,3.00,484.00,87.80,40.70,42.10,97.30,25.60,5.63,487.30,90.43,128.80,131.50,98.67,22.87,11.09
2026-04-30 02:33:00,2026-04-30 02:33:59,Q10,489.00,86.00,41.60,42.10,99.50,23.90,2.14,489.00,95.70,45.50,46.50,99.20,20.60,3.23,484.60,85.50,39.80,41.10,97.20,26.30,5.49,487.53,89.07,126.90,129.70,98.63,23.60,10.86
2026-04-30 02:34:00,2026-04-30 02:34:59,Q10,489.50,79.20,37.60,38.60,99.60,22.80,1.69,489.60,88.80,42.60,43.00,99.30,22.00,2.94,484.70,83.00,38.80,40.20,97.40,27.40,5.00,487.93,83.67,119.00,121.80,98.77,24.07,9.63
2026-04-30 02:35:00,2026-04-30 02:35:59,Q10,489.20,80.80,38.60,39.10,99.60,23.00,1.94,491.10,91.10,43.60,44.70,99.30,20.90,2.94,483.80,83.40,38.80,40.10,97.20,26.70,5.31,488.03,85.10,121.00,123.90,98.70,23.53,10.20
2026-04-30 02:36:00,2026-04-30 02:36:59,Q10,488.40,80.90,38.60,39.00,99.60,23.60,1.94,489.70,92.20,43.60,45.00,99.20,21.20,3.03,485.90,82.10,37.80,39.80,97.40,27.20,5.09,488.00,85.07,120.00,123.80,98.73,24.00,10.06
2026-04-30 02:37:00,2026-04-30 02:37:59,Q10,488.60,78.30,37.60,38.10,99.60,23.90,1.77,489.40,91.50,43.60,44.50,99.30,22.20,2.89,485.70,83.70,38.80,40.30,97.40,27.70,4.97,487.90,84.50,120.00,122.90,98.77,24.60,9.63
2026-04-30 02:38:00,2026-04-30 02:38:59,Q10,489.80,80.00,38.60,39.10,99.60,23.30,1.86,490.40,94.20,45.50,46.10,99.30,20.20,3.03,484.30,86.10,39.80,41.60,97.10,26.20,5.46,488.17,86.77,123.90,126.80,98.67,23.23,10.34
2026-04-30 02:39:00,2026-04-30 02:39:59,Q10,489.20,75.70,35.60,36.70,99.70,24.20,1.51,491.10,90.80,43.60,44.20,99.40,21.00,2.69,484.00,85.40,39.80,41.10,97.30,28.10,5.03,488.10,83.97,119.00,122.00,98.80,24.43,9.23
2026-04-30 02:40:00,2026-04-30 02:40:59,Q10,488.60,82.80,39.60,40.00,99.60,22.70,1.74,489.80,91.50,43.60,44.50,99.30,20.40,2.91,485.90,84.10,38.80,40.70,97.50,25.90,5.03,488.10,86.13,122.00,125.20,98.80,23.00,9.69
2026-04-30 02:41:00,2026-04-30 02:41:59,Q10,488.00,85.60,40.60,41.50,99.50,22.90,2.26,489.60,95.80,45.50,46.50,99.20,20.30,3.17,485.60,85.70,39.80,41.20,97.40,26.60,5.34,487.73,89.03,125.90,129.20,98.70,23.27,10.77
2026-04-30 02:42:00,2026-04-30 02:42:59,Q10,488.40,84.10,39.60,41.00,99.50,22.60,2.23,489.50,92.80,43.60,45.00,99.20,20.40,3.29,485.80,88.20,40.70,42.70,97.20,27.00,5.54,487.90,88.37,123.90,128.70,98.63,23.33,11.06
2026-04-30 02:43:00,2026-04-30 02:43:59,Q10,489.40,90.40,43.60,44.00,99.40,22.90,2.49,489.80,98.90,46.50,47.90,99.20,19.40,3.37,483.50,94.00,43.70,45.40,97.20,25.30,5.97,487.57,94.43,133.80,137.30,98.60,22.53,11.83
2026-04-30 02:44:00,2026-04-30 02:44:59,Q10,487.30,84.20,39.60,40.90,99.40,21.70,2.51,491.10,97.80,46.50,47.60,99.20,19.80,3.40,484.90,90.10,41.70,43.60,97.00,25.40,5.89,487.77,90.70,127.80,132.10,98.53,22.30,11.80
2026-04-30 02:45:00,2026-04-30 02:45:59,Q10,489.20,89.80,42.60,43.50,99.40,23.10,2.54,489.20,102.00,48.50,49.90,99.20,20.30,3.49,484.40,94.20,43.70,45.50,97.00,26.00,6.14,487.60,95.33,134.80,138.90,98.53,23.13,12.17
2026-04-30 02:46:00,2026-04-30 02:46:59,Q10,489.60,88.60,42.60,43.00,99.50,22.50,2.26,490.00,99.90,47.50,48.50,99.10,20.30,3.60,483.70,90.20,41.70,43.50,97.20,25.70,5.86,487.77,92.90,131.80,135.00,98.60,22.83,11.71
2026-04-30 02:47:00,2026-04-30 02:47:59,Q10,489.60,85.50,40.60,41.60,99.60,23.50,1.97,490.40,96.00,46.50,47.00,99.10,19.60,3.40,483.50,89.20,40.70,43.00,97.30,26.10,5.49,487.83,90.23,127.80,131.60,98.67,23.07,10.86
2026-04-30 02:48:00,2026-04-30 02:48:59,Q10,489.30,85.80,40.60,41.60,99.50,22.00,2.20,491.10,95.60,45.50,46.60,99.10,20.20,3.43,484.00,91.50,42.70,44.00,97.20,25.50,5.63,488.13,90.97,128.80,132.20,98.60,22.57,11.26
2026-04-30 02:49:00,2026-04-30 02:49:59,Q10,488.10,85.00,40.60,41.50,99.20,19.30,2.83,490.20,93.60,44.50,45.60,99.00,17.80,3.57,483.00,88.10,40.30,42.50,96.80,22.70,6.03,487.10,88.90,125.40,129.60,98.33,19.93,12.43
2026-04-30 02:50:00,2026-04-30 02:50:59,Q10,487.90,83.80,39.60,40.40,99.30,18.40,2.80,488.30,98.60,46.10,47.80,98.70,17.90,4.23,484.80,89.60,41.30,43.10,96.90,21.30,6.00,487.00,90.67,127.00,131.30,98.30,19.20,13.03
2026-04-30 02:51:00,2026-04-30 02:51:59,Q10,489.10,82.90,39.60,40.10,99.30,18.90,2.63,490.40,93.40,44.50,45.60,99.00,17.80,3.54,483.60,86.40,39.40,41.50,96.80,22.20,5.94,487.70,87.57,123.50,127.20,98.37,19.63,12.11
2026-04-30 02:52:00,2026-04-30 02:52:59,Q10,487.40,81.00,38.60,39.40,99.40,20.10,2.23,489.80,89.50,42.60,43.50,99.10,18.00,3.17,485.50,80.80,36.90,38.80,97.20,22.20,5.14,487.57,83.77,118.10,121.70,98.57,20.10,10.54
2026-04-30 02:53:00,2026-04-30 02:53:59,Q10,487.70,80.70,37.60,39.00,99.30,18.60,2.60,491.50,92.50,44.50,45.20,99.20,17.40,3.14,484.20,85.70,39.40,41.10,96.90,22.30,5.89,487.80,86.30,121.50,125.30,98.47,19.43,11.63
2026-04-30 02:54:00,2026-04-30 02:54:59,Q10,487.60,81.00,38.60,39.40,99.20,20.90,2.66,491.40,91.70,43.60,44.70,99.30,18.20,2.83,483.80,84.30,38.80,40.60,97.00,23.50,5.63,487.60,85.67,121.00,124.70,98.50,20.87,11.11
2026-04-30 02:55:00,2026-04-30 02:55:59,Q10,489.10,79.80,37.60,38.60,99.30,19.20,2.46,489.20,90.80,43.60,44.00,99.10,17.30,3.29,484.40,85.80,39.80,41.10,97.20,21.50,5.37,487.57,85.47,121.00,123.70,98.53,19.33,11.11
2026-04-30 02:56:00,2026-04-30 02:56:59,Q10,488.70,80.00,38.60,39.00,99.40,21.10,2.20,489.50,87.80,41.60,42.50,99.00,17.50,3.34,485.00,83.40,38.80,40.30,97.20,24.00,5.23,487.73,83.73,119.00,121.80,98.53,20.87,10.77
2026-04-30 02:57:00,2026-04-30 02:57:59,Q10,487.50,74.30,35.60,36.00,99.50,20.50,2.00,491.60,87.40,41.60,42.70,99.30,18.60,2.71,484.40,79.30,36.90,38.20,97.20,24.20,5.14,487.83,80.33,114.10,116.90,98.67,21.10,9.86
2026-04-30 02:58:00,2026-04-30 02:58:59,Q10,489.30,78.60,37.60,38.10,99.40,18.80,2.29,489.90,88.30,42.60,43.00,99.20,17.90,2.97,484.60,81.80,37.40,39.20,96.90,22.60,5.63,487.93,82.90,117.60,120.30,98.50,19.77,10.89
2026-04-30 02:59:00,2026-04-30 02:59:59,Q10,488.20,74.60,35.60,36.10,99.70,23.80,1.51,491.70,83.50,39.60,40.80,99.50,21.00,2.26,485.40,78.80,35.90,37.80,97.80,27.20,4.31,488.43,78.97,111.10,114.70,99.00,24.00,8.09
2026-04-30 03:00:00,2026-04-30 03:00:59,Q10,487.80,76.60,36.60,37.00,99.60,24.40,1.86,490.20,87.80,41.60,42.60,99.40,21.40,2.57,486.40,81.80,37.80,39.40,97.80,26.20,4.54,488.13,82.07,116.00,119.00,98.93,24.00,8.97
2026-04-30 03:01:00,2026-04-30 03:01:59,Q10,489.00,73.70,34.70,35.70,99.70,24.20,1.40,489.80,85.70,40.60,41.60,99.50,21.30,2.17,486.10,75.80,35.30,36.50,98.00,26.60,4.14,488.30,78.40,110.60,113.80,99.07,24.03,7.71
2026-04-30 03:02:00,2026-04-30 03:02:59,Q10,488.70,69.10,32.70,33.70,99.80,24.20,0.89,491.10,78.30,37.60,38.30,99.60,22.00,1.77,483.70,72.90,33.30,34.80,98.00,27.40,3.77,487.83,73.43,103.60,106.80,99.13,24.53,6.43
2026-04-30 03:03:00,2026-04-30 03:03:59,Q10,489.30,71.90,33.70,34.70,99.80,24.20,1.17,489.60,79.60,37.60,38.60,99.50,21.50,2.00,485.10,71.10,33.30,34.40,98.00,28.10,3.89,488.00,74.20,104.60,107.70,99.10,24.60,7.06
2026-04-30 03:04:00,2026-04-30 03:04:59,Q10,487.50,62.90,29.70,30.20,99.80,25.50,0.91,490.20,75.50,35.60,36.80,99.60,24.30,1.54,485.70,67.70,31.40,32.50,98.40,28.10,3.17,487.80,68.70,96.70,99.50,99.27,25.97,5.63
2026-04-30 03:05:00,2026-04-30 03:05:59,Q10,487.80,69.50,32.70,33.60,99.80,23.50,1.17,489.80,78.10,37.60,38.10,99.60,22.20,1.89,486.10,71.20,33.30,34.50,98.30,27.20,3.49,487.90,72.93,103.60,106.20,99.23,24.30,6.54
2026-04-30 03:06:00,2026-04-30 03:06:59,Q10,488.20,78.30,37.60,38.10,99.60,23.40,1.89,491.00,89.90,42.60,43.70,99.30,20.50,2.74,483.90,84.30,38.80,40.60,97.80,24.80,4.71,487.70,84.17,119.00,122.40,98.90,22.90,9.34
2026-04-30 03:07:00,2026-04-30 03:07:59,Q10,489.40,86.40,41.60,42.10,99.50,22.70,2.31,489.10,93.40,44.50,45.50,99.20,20.20,3.26,484.80,89.10,41.70,43.10,97.60,25.30,5.23,487.77,89.63,127.80,130.70,98.77,22.73,10.80
2026-04-30 03:08:00,2026-04-30 03:08:59,Q10,489.10,80.10,38.60,39.10,99.60,21.40,1.80,490.30,91.20,43.60,44.60,99.30,19.30,2.80,484.00,85.70,39.80,41.10,97.70,25.30,4.80,487.80,85.67,122.00,124.80,98.87,22.00,9.40
2026-04-30 03:09:00,2026-04-30 03:09:59,Q10,487.90,74.30,35.60,36.00,99.70,23.40,1.29,490.30,82.90,39.60,40.20,99.50,22.40,2.20,485.70,71.70,33.00,34.40,97.90,27.70,4.09,487.97,76.30,108.20,110.60,99.03,24.50,7.57
2026-04-30 03:10:00,2026-04-30 03:10:59,Q10,489.20,72.60,34.70,35.20,99.90,24.30,0.83,490.50,79.10,37.60,38.70,99.50,21.20,2.03,483.90,72.20,33.30,34.80,98.00,27.10,3.83,487.87,74.63,105.60,108.70,99.13,24.20,6.69
2026-04-30 03:11:00,2026-04-30 03:11:59,Q10,488.30,82.50,39.60,40.00,99.60,21.80,1.91,489.30,91.20,43.60,44.50,99.20,21.40,3.06,485.50,83.80,38.80,40.30,97.70,26.00,4.83,487.70,85.83,122.00,124.80,98.83,23.07,9.80
2026-04-30 03:12:00,2026-04-30 03:12:59,Q10,488.60,74.10,35.60,36.10,99.70,23.90,1.49,489.40,85.20,40.60,41.60,99.40,22.20,2.43,485.90,76.30,34.90,36.90,97.80,27.20,4.29,487.97,78.53,111.10,114.60,98.97,24.43,8.20
2026-04-30 03:13:00,2026-04-30 03:13:59,Q10,488.70,72.70,34.70,35.10,99.80,24.60,1.11,491.00,79.80,37.60,38.80,99.50,21.40,2.03,483.80,75.70,34.90,36.20,97.90,28.20,4.06,487.83,76.07,107.20,110.10,99.07,24.73,7.20
2026-04-30 03:14:00,2026-04-30 03:14:59,Q10,488.70,70.90,33.70,34.20,99.80,23.40,1.09,489.60,80.50,38.60,39.10,99.50,21.30,1.97,485.20,76.40,35.30,36.90,98.00,27.60,3.86,487.83,75.93,107.60,110.20,99.10,24.10,6.91
2026-04-30 03:15:00,2026-04-30 03:15:59,Q10,488.60,70.20,33.70,34.20,99.80,24.90,0.94,490.70,81.00,38.60,39.70,99.60,22.50,1.94,483.50,73.90,34.00,35.30,97.80,28.40,4.03,487.60,75.03,106.30,109.20,99.07,25.27,6.91
2026-04-30 03:16:00,2026-04-30 03:16:59,Q10,489.00,72.20,34.70,35.20,99.80,23.60,1.06,489.90,81.90,38.60,39.60,99.50,22.00,2.20,483.80,78.60,35.90,37.70,97.60,27.50,4.34,487.57,77.57,109.20,112.50,98.97,24.37,7.60
2026-04-30 03:17:00,2026-04-30 03:17:59,Q10,488.40,73.70,34.70,35.60,99.70,24.40,1.34,489.50,85.10,40.60,41.60,99.40,21.60,2.51,485.90,78.60,35.90,37.80,97.70,27.60,4.40,487.93,79.13,111.20,115.00,98.93,24.53,8.26
2026-04-30 03:18:00,2026-04-30 03:18:59,Q10,489.30,76.20,36.60,37.20,99.80,24.10,1.11,489.70,87.60,41.60,42.50,99.40,21.30,2.46,484.30,77.50,35.90,37.30,97.60,28.40,4.54,487.77,80.43,114.10,117.00,98.93,24.60,8.11
2026-04-30 03:19:00,2026-04-30 03:19:59,Q10,488.70,82.50,39.60,40.00,99.60,22.90,1.89,490.80,93.60,44.50,45.60,99.30,20.70,3.00,484.00,82.20,37.80,39.70,97.40,25.90,5.26,487.83,86.10,121.90,125.30,98.77,23.17,10.14
2026-04-30 03:20:00,2026-04-30 03:20:59,Q10,487.70,81.20,38.60,39.40,99.60,22.80,1.86,489.70,92.20,43.60,45.00,99.20,20.50,3.06,485.60,84.10,38.80,40.70,97.50,25.40,5.03,487.67,85.83,121.00,125.10,98.77,22.90,9.94
2026-04-30 03:21:00,2026-04-30 03:21:59,Q10,489.10,84.10,40.60,41.10,99.60,22.90,2.00,490.50,96.10,46.50,47.00,99.30,20.30,3.03,483.70,85.40,39.80,41.10,97.30,25.70,5.46,487.77,88.53,126.90,129.20,98.73,22.97,10.49
2026-04-30 03:22:00,2026-04-30 03:22:59,Q10,489.10,80.30,38.60,39.10,99.70,23.60,1.71,489.30,92.40,43.60,45.00,99.30,19.10,2.86,484.50,86.20,39.80,41.60,97.60,25.90,4.86,487.63,86.30,122.00,125.70,98.87,22.87,9.43
2026-04-30 03:23:00,2026-04-30 03:23:59,Q10,487.80,79.00,37.60,38.50,99.50,22.70,1.94,491.20,88.10,42.60,43.20,99.40,20.50,2.54,484.30,85.50,39.80,41.10,97.60,25.70,4.89,487.77,84.20,120.00,122.80,98.83,22.97,9.37
2026-04-30 03:24:00,2026-04-30 03:24:59,Q10,487.60,77.90,36.60,37.50,99.60,23.80,1.63,490.30,84.90,40.60,41.20,99.50,20.20,2.26,485.60,80.30,36.90,38.80,97.90,25.80,4.37,487.83,81.03,114.10,117.50,99.00,23.27,8.26
2026-04-30 03:25:00,2026-04-30 03:25:59,Q10,487.90,67.00,31.70,32.60,99.80,25.30,0.94,490.10,78.30,37.60,38.20,99.60,23.60,1.71,485.90,72.60,33.30,34.90,98.40,28.40,3.34,487.97,72.63,102.60,105.70,99.27,25.77,6.00
2026-04-30 03:26:00,2026-04-30 03:26:59,Q10,489.30,71.30,33.70,34.70,99.80,23.40,1.14,490.10,82.00,39.60,40.20,99.60,22.40,1.89,484.10,73.10,34.30,35.30,98.10,26.50,3.83,487.83,75.47,107.60,110.20,99.17,24.10,6.86
2026-04-30 03:27:00,2026-04-30 03:27:59,Q10,489.20,85.10,40.60,41.60,99.40,21.70,2.34,490.10,95.10,45.50,46.50,99.20,19.80,3.14,483.80,86.80,39.80,41.50,97.50,24.30,5.23,487.70,89.00,125.90,129.60,98.70,21.93,10.71
2026-04-30 03:28:00,2026-04-30 03:28:59,Q10,489.30,79.50,37.60,38.60,99.60,21.40,1.74,489.50,89.80,42.60,43.50,99.30,19.90,2.74,485.00,85.20,39.80,41.20,97.70,25.10,4.74,487.93,84.83,120.00,123.30,98.87,22.13,9.23
2026-04-30 03:29:00,2026-04-30 03:29:59,Q10,488.50,77.70,36.60,37.60,99.60,23.90,1.69,490.20,85.60,40.60,41.70,99.30,20.90,2.63,486.30,79.60,36.90,38.40,97.80,26.60,4.49,488.33,80.97,114.10,117.70,98.90,23.80,8.80
2026-04-30 03:30:00,2026-04-30 03:30:59,Q10,487.70,73.50,34.70,35.60,99.80,25.40,1.26,491.20,84.40,40.60,41.20,99.50,21.60,2.17,485.50,74.20,34.30,35.90,98.00,27.50,4.03,488.13,77.37,109.60,112.70,99.10,24.83,7.46
2026-04-30 03:31:00,2026-04-30 03:31:59,Q10,489.20,76.80,36.60,37.20,99.70,22.80,1.51,489.50,88.30,42.60,43.00,99.30,21.00,2.74,485.50,78.90,35.90,37.80,97.70,26.90,4.51,488.07,81.33,115.10,118.00,98.90,23.57,8.77
2026-04-30 03:32:00,2026-04-30 03:32:59,Q10,488.90,81.90,38.60,39.50,99.60,23.30,1.97,491.10,89.90,42.60,43.70,99.30,19.60,2.86,484.10,83.10,38.80,40.20,97.50,25.60,5.09,488.03,84.97,120.00,123.40,98.80,22.83,9.91
2026-04-30 03:33:00,2026-04-30 03:33:59,Q10,487.70,79.10,37.60,38.50,99.50,22.20,2.00,490.20,92.30,44.50,45.10,99.20,19.70,2.97,485.80,86.10,39.80,41.70,97.60,25.30,4.89,487.90,85.83,121.90,125.30,98.77,22.40,9.86
2026-04-30 03:34:00,2026-04-30 03:34:59,Q10,489.50,84.60,40.60,41.10,99.60,23.10,1.91,489.70,93.60,44.50,45.50,99.30,20.30,3.00,484.10,85.60,39.80,41.10,97.50,25.50,5.23,487.77,87.93,124.90,127.70,98.80,22.97,10.14
2026-04-30 03:35:00,2026-04-30 03:35:59,Q10,488.20,79.00,37.60,38.60,99.60,22.50,1.74,491.80,91.40,43.60,44.70,99.40,20.50,2.60,484.50,81.50,37.80,39.20,97.60,25.30,4.80,488.17,83.97,119.00,122.50,98.87,22.77,9.14
2026-04-30 03:36:00,2026-04-30 03:36:59,Q10,489.00,81.20,38.60,39.60,99.60,23.90,1.77,491.00,88.00,42.60,43.20,99.40,21.00,2.57,484.20,81.50,37.80,39.20,97.70,26.80,4.71,488.07,83.57,119.00,122.00,98.90,23.90,9.06
2026-04-30 03:37:00,2026-04-30 03:37:59,Q10,488.40,77.60,36.60,37.60,99.60,23.00,1.89,489.70,89.10,42.60,43.50,99.30,20.80,2.77,486.20,84.00,38.80,40.80,97.80,26.90,4.60,488.10,83.57,118.00,121.90,98.90,23.57,9.26
2026-04-30 03:38:00,2026-04-30 03:38:59,Q10,487.70,79.80,37.60,38.50,99.50,22.40,2.00,490.80,92.80,44.50,45.10,99.30,21.40,2.89,485.40,82.70,37.80,39.80,97.80,25.80,4.74,487.97,85.10,119.90,123.40,98.87,23.20,9.63
2026-04-30 03:39:00,2026-04-30 03:39:59,Q10,489.40,82.90,39.60,40.10,99.50,23.30,2.03,489.50,93.70,44.50,45.50,99.30,20.20,2.91,485.50,83.80,38.80,40.30,97.70,26.00,4.89,488.13,86.80,122.90,125.90,98.83,23.17,9.83
2026-04-30 03:40:00,2026-04-30 03:40:59,Q10,488.70,78.90,37.60,38.10,99.60,23.10,1.86,489.50,90.60,43.60,44.00,99.30,20.40,2.80,485.90,81.60,37.80,39.30,97.60,26.80,4.80,488.03,83.70,119.00,121.40,98.83,23.43,9.46
2026-04-30 03:41:00,2026-04-30 03:41:59,Q10,489.80,80.70,38.60,39.10,99.70,24.30,1.66,490.10,89.50,42.60,43.60,99.30,20.50,2.77,485.20,81.90,37.80,39.30,97.60,27.10,4.80,488.37,84.03,119.00,122.00,98.87,23.97,9.23
2026-04-30 03:42:00,2026-04-30 03:42:59,Q10,488.20,82.60,39.60,40.00,99.60,22.70,1.94,490.60,88.90,42.60,43.10,99.30,20.40,2.91,486.30,83.80,38.80,40.30,97.70,25.10,4.77,488.37,85.10,121.00,123.40,98.87,22.73,9.63
2026-04-30 03:43:00,2026-04-30 03:43:59,Q10,489.10,78.00,37.60,38.10,99.60,23.10,1.83,489.50,89.80,42.60,43.50,99.20,20.80,3.00,485.70,83.40,38.80,40.30,97.60,26.70,4.80,488.10,83.73,119.00,121.90,98.80,23.53,9.63
2026-04-30 03:44:00,2026-04-30 03:44:59,Q10,489.10,75.60,35.60,36.70,99.70,23.20,1.49,491.30,88.90,42.60,43.20,99.40,20.60,2.49,484.10,82.70,37.80,39.70,97.60,26.30,4.77,488.17,82.40,116.00,119.60,98.90,23.37,8.74
2026-04-30 03:45:00,2026-04-30 03:45:59,Q10,489.10,78.30,37.60,38.10,99.60,24.10,1.63,489.60,84.80,40.60,41.10,99.40,20.60,2.51,486.00,77.60,35.90,37.40,97.80,26.60,4.46,488.23,80.23,114.10,116.60,98.93,23.77,8.60
2026-04-30 03:46:00,2026-04-30 03:46:59,Q10,488.40,82.30,39.60,40.00,99.50,22.50,2.03,489.70,93.30,44.50,45.50,99.30,20.20,3.03,486.00,86.30,39.80,41.80,97.50,25.50,5.14,488.03,87.30,123.90,127.30,98.77,22.73,10.20
2026-04-30 03:47:00,2026-04-30 03:47:59,Q10,487.70,85.90,40.60,41.40,99.40,21.60,2.54,491.30,98.70,47.50,48.10,99.20,19.40,3.23,485.20,92.10,42.70,44.60,97.20,25.20,5.80,488.07,92.23,130.80,134.10,98.60,22.07,11.57
2026-04-30 03:48:00,2026-04-30 03:48:59,Q10,488.80,82.00,39.60,40.00,99.60,23.00,1.97,490.10,94.60,45.50,46.10,99.20,18.90,3.17,485.70,87.00,40.70,42.20,97.40,26.40,5.29,488.20,87.87,125.80,128.30,98.73,22.77,10.43
2026-04-30 03:49:00,2026-04-30 03:49:59,Q10,489.20,79.90,37.60,38.60,99.60,22.60,1.91,490.10,92.70,44.50,45.10,99.30,20.40,2.89,486.00,86.50,39.80,41.80,97.50,26.50,5.09,488.43,86.37,121.90,125.50,98.80,23.17,9.89
2026-04-30 03:50:00,2026-04-30 03:50:59,Q10,489.20,75.50,35.60,36.70,99.70,23.50,1.57,489.80,85.50,40.60,41.60,99.40,20.80,2.43,485.70,79.20,36.90,38.30,97.70,27.80,4.54,488.23,80.07,113.10,116.60,98.93,24.03,8.54
2026-04-30 03:51:00,2026-04-30 03:51:59,Q10,487.80,78.00,36.60,38.00,99.70,23.30,1.46,491.50,85.30,40.60,41.70,99.50,21.50,2.31,485.20,77.60,35.90,37.30,97.60,26.90,4.63,488.17,80.30,113.10,117.00,98.93,23.90,8.40
2026-04-30 03:52:00,2026-04-30 03:52:59,Q10,489.80,79.30,37.60,38.60,99.60,24.60,1.71,490.00,91.00,43.60,44.60,99.30,21.60,2.91,484.80,85.70,39.80,41.10,97.40,27.30,4.97,488.20,85.33,121.00,124.30,98.77,24.50,9.60
2026-04-30 03:53:00,2026-04-30 03:53:59,Q10,489.50,79.00,37.60,38.60,99.60,23.20,1.71,491.50,90.40,43.60,44.20,99.30,20.50,2.71,484.40,82.90,37.80,39.70,97.50,26.70,4.91,488.47,84.10,119.00,122.50,98.80,23.47,9.34
2026-04-30 03:54:00,2026-04-30 03:54:59,Q10,487.90,86.40,40.60,41.90,99.40,22.00,2.54,490.40,96.90,46.50,47.00,99.20,20.60,3.29,486.00,90.00,41.70,43.70,97.40,25.20,5.54,488.10,91.10,128.80,132.60,98.67,22.60,11.37
2026-04-30 03:55:00,2026-04-30 03:55:59,Q10,488.50,83.00,39.60,40.50,99.60,22.80,1.80,489.40,90.60,43.60,44.00,99.30,20.20,2.86,485.90,84.40,38.80,40.70,97.70,26.00,4.86,487.93,86.00,122.00,125.20,98.87,23.00,9.51
2026-04-30 03:56:00,2026-04-30 03:56:59,Q10,488.50,82.20,39.60,40.00,99.50,22.80,2.00,490.80,96.50,46.50,47.00,99.30,21.20,2.86,484.20,82.60,37.80,39.70,97.50,25.60,5.14,487.83,87.10,123.90,126.70,98.77,23.20,10.00
2026-04-30 03:57:00,2026-04-30 03:57:59,Q10,487.70,85.80,40.60,41.40,99.40,22.90,2.31,490.30,96.50,46.50,47.00,99.20,21.40,3.20,485.70,86.50,39.80,41.70,97.30,26.10,5.49,487.90,89.60,126.90,130.10,98.63,23.47,11.00
2026-04-30 03:58:00,2026-04-30 03:58:59,Q10,489.10,81.80,38.60,39.60,99.50,22.30,2.09,490.90,97.30,46.50,47.50,99.30,19.90,3.03,484.00,92.20,42.70,44.50,97.30,25.00,5.51,488.00,90.43,127.80,131.60,98.70,22.40,10.63
2026-04-30 03:59:00,2026-04-30 03:59:59,Q10,489.60,87.40,41.60,42.50,99.40,21.80,2.60,490.40,103.80,49.50,50.50,99.20,20.30,3.34,484.20,88.50,40.70,42.60,97.30,25.10,5.77,488.07,93.23,131.80,135.60,98.63,22.40,11.71
2026-04-30 04:00:00,2026-04-30 04:00:59,Q10,487.40,85.40,40.60,41.40,99.40,22.40,2.34,490.10,94.50,45.50,46.10,99.30,19.30,3.06,485.40,87.70,40.70,42.20,97.70,24.40,5.09,487.63,89.20,126.80,129.70,98.80,22.03,10.49
2026-04-30 04:01:00,2026-04-30 04:01:59,Q10,489.20,80.40,38.60,39.10,99.60,22.00,1.83,489.80,92.80,43.60,45.00,99.30,19.70,2.80,483.70,84.50,38.80,40.60,97.60,25.50,4.97,487.57,85.90,121.00,124.70,98.83,22.40,9.60
2026-04-30 04:02:00,2026-04-30 04:02:59,Q10,487.70,85.00,40.60,41.40,99.50,22.30,2.29,490.70,95.80,45.50,46.50,99.20,19.60,3.26,483.40,88.50,40.70,42.50,97.40,25.20,5.51,487.27,89.77,126.80,130.40,98.70,22.37,11.06
2026-04-30 04:03:00,2026-04-30 04:03:59,Q10,488.60,83.80,39.60,40.50,99.60,22.30,1.94,489.80,92.60,43.60,45.00,99.30,20.20,2.97,483.20,86.80,39.80,41.50,97.40,25.00,5.34,487.20,87.73,123.00,127.00,98.77,22.50,10.26
2026-04-30 04:04:00,2026-04-30 04:04:59,Q10,487.80,84.50,39.60,40.90,99.30,19.90,2.60,487.90,96.40,45.50,46.80,99.00,17.40,3.69,483.30,87.00,40.70,42.00,97.00,22.20,5.86,486.33,89.30,125.80,129.70,98.43,19.83,12.14
2026-04-30 04:05:00,2026-04-30 04:05:59,Q10,486.80,86.10,40.60,41.80,99.10,18.70,3.09,488.80,98.90,46.50,47.80,99.00,17.40,3.80,484.80,92.90,42.70,44.50,97.10,21.70,6.03,486.80,92.63,129.80,134.10,98.40,19.27,12.91
2026-04-30 04:06:00,2026-04-30 04:06:59,Q10,487.30,84.80,39.60,40.90,99.20,17.90,2.94,489.70,99.50,47.50,48.40,99.10,17.00,3.54,484.30,89.90,41.30,43.10,96.90,21.60,6.09,487.10,91.40,128.40,132.40,98.40,18.83,12.57
2026-04-30 04:07:00,2026-04-30 04:07:59,Q10,487.30,83.60,39.60,40.40,99.20,19.00,2.77,488.70,94.30,44.50,45.90,99.10,17.80,3.34,484.80,86.10,39.80,41.60,97.20,22.40,5.54,486.93,88.00,123.90,127.90,98.50,19.73,11.66
2026-04-30 04:08:00,2026-04-30 04:08:59,Q10,487.30,82.10,38.60,39.90,99.30,19.40,2.54,490.20,93.60,44.50,45.60,99.00,17.60,3.51,482.70,88.10,40.70,42.40,97.00,23.10,5.74,486.73,87.93,123.80,127.90,98.43,20.03,11.80
2026-04-30 04:09:00,2026-04-30 04:09:59,Q10,487.60,86.50,40.60,41.90,99.30,19.00,2.66,490.20,96.30,46.50,47.00,99.00,17.70,3.74,482.80,90.40,41.30,43.40,96.80,22.30,6.11,486.87,91.07,128.40,132.30,98.37,19.67,12.51
2026-04-30 04:10:00,2026-04-30 04:10:59,Q10,487.60,78.80,36.60,38.00,99.50,20.30,2.03,488.20,90.10,42.60,43.90,99.00,17.90,3.31,484.10,80.20,36.90,38.70,97.30,23.30,5.09,486.63,83.03,116.10,120.60,98.60,20.50,10.43
2026-04-30 04:11:00,2026-04-30 04:11:59,Q10,487.50,80.80,37.60,39.00,99.20,19.80,2.69,490.30,92.20,44.50,45.10,99.20,18.70,3.14,482.60,87.50,39.80,41.90,97.10,21.60,5.66,486.80,86.83,121.90,126.00,98.50,20.03,11.49
2026-04-30 04:12:00,2026-04-30 04:12:59,Q10,487.10,83.50,39.60,40.40,99.30,19.50,2.51,490.50,94.60,45.50,46.10,99.10,17.50,3.37,483.00,86.80,39.40,41.50,96.90,22.30,5.86,486.87,88.30,124.50,128.00,98.43,19.77,11.74
2026-04-30 04:13:00,2026-04-30 04:13:59,Q10,487.30,82.00,38.60,39.90,99.40,19.50,2.37,490.50,91.10,43.60,44.60,99.10,18.00,3.29,482.90,85.70,38.80,41.00,97.00,22.30,5.54,486.90,86.27,121.00,125.50,98.50,19.93,11.20
2026-04-30 04:14:00,2026-04-30 04:14:59,Q10,486.60,84.70,39.60,40.80,99.30,20.00,2.63,489.90,96.00,45.50,46.90,99.00,17.60,3.74,483.10,89.10,40.30,43.00,96.80,23.10,6.03,486.53,89.93,125.40,130.70,98.37,20.23,12.40
2026-04-30 04:15:00,2026-04-30 04:15:59,Q10,487.50,86.10,40.60,41.90,99.30,19.20,2.66,489.90,98.70,46.50,47.90,99.10,17.90,3.60,482.50,91.10,41.30,43.90,96.50,23.30,6.51,486.63,91.97,128.40,133.70,98.30,20.13,12.77
2026-04-30 04:16:00,2026-04-30 04:16:59,Q10,488.20,81.20,38.60,39.50,99.30,18.90,2.54,488.90,96.10,45.50,46.80,99.00,17.70,3.57,482.80,87.70,39.40,41.90,96.70,22.80,6.14,486.63,88.33,123.50,128.20,98.33,19.80,12.26
2026-04-30 04:17:00,2026-04-30 04:17:59,Q10,486.70,80.80,37.60,38.90,99.40,20.30,2.34,490.50,93.90,44.50,45.60,99.10,17.30,3.46,483.80,85.10,39.40,41.10,96.80,24.50,5.80,487.00,86.60,121.50,125.60,98.43,20.70,11.60
2026-04-30 04:18:00,2026-04-30 04:18:59,Q10,487.10,83.40,39.60,40.40,99.30,21.30,2.71,488.90,96.90,45.50,46.80,99.10,18.40,3.57,484.60,87.90,40.30,42.10,96.60,24.00,6.26,486.87,89.40,125.40,129.30,98.33,21.23,12.54
2026-04-30 04:19:00,2026-04-30 04:19:59,Q10,486.30,84.40,39.60,40.80,99.20,19.10,2.94,489.70,98.40,46.50,47.90,99.10,17.40,3.60,484.30,92.60,42.20,44.50,96.60,22.10,6.43,486.77,91.80,128.30,133.20,98.30,19.53,12.97
2026-04-30 04:20:00,2026-04-30 04:20:59,Q10,488.30,78.50,37.60,38.10,99.60,21.70,1.83,489.20,90.90,43.60,44.00,99.20,18.70,3.03,482.40,80.30,36.50,38.60,96.70,25.80,5.57,486.63,83.23,117.70,120.70,98.50,22.07,10.43
2026-04-30 04:21:00,2026-04-30 04:21:59,Q10,487.00,69.40,32.70,33.60,99.80,24.70,1.00,490.70,84.80,40.60,41.20,99.50,21.20,2.06,484.50,75.60,34.90,36.30,97.60,28.50,4.34,487.40,76.60,108.20,111.10,98.97,24.80,7.40
2026-04-30 04:22:00,2026-04-30 04:22:59,Q10,487.60,70.50,33.70,34.10,99.90,25.30,0.80,489.10,78.90,37.60,38.10,99.50,22.90,2.00,484.80,71.90,33.00,34.40,97.80,30.70,3.97,487.17,73.77,104.30,106.60,99.07,26.30,6.77
2026-04-30 04:23:00,2026-04-30 04:23:59,Q10,488.40,80.00,38.60,39.00,99.70,22.70,1.69,490.50,95.10,45.50,46.50,99.40,19.60,2.77,482.90,84.60,38.80,40.50,97.20,27.60,5.34,487.27,86.57,122.90,126.00,98.77,23.30,9.80
2026-04-30 04:24:00,2026-04-30 04:24:59,Q10,489.00,77.30,36.60,37.70,99.70,22.30,1.49,489.20,90.60,43.60,44.00,99.30,20.10,2.74,484.20,82.60,37.80,39.70,97.30,27.20,5.03,487.47,83.50,118.00,121.40,98.77,23.20,9.26
2026-04-30 04:25:00,2026-04-30 04:25:59,Q10,486.90,68.40,32.70,33.00,99.90,25.90,0.83,490.90,79.90,37.60,38.70,99.50,22.20,2.03,484.10,72.70,33.00,34.80,97.70,30.60,4.11,487.30,73.67,103.30,106.50,99.03,26.23,6.97
2026-04-30 04:26:00,2026-04-30 04:26:59,Q10,488.20,62.40,29.70,30.30,99.90,29.00,0.14,488.80,73.00,34.70,35.60,99.60,24.40,1.51,484.20,62.10,29.40,30.00,98.20,32.60,3.17,487.07,65.83,93.80,95.90,99.23,28.67,4.83
2026-04-30 04:27:00,2026-04-30 04:27:59,Q10,487.00,81.30,38.60,39.40,99.50,23.10,2.09,489.70,95.70,45.50,46.50,99.20,20.40,3.09,484.90,86.90,39.80,41.60,97.20,27.00,5.46,487.20,87.97,123.90,127.50,98.63,23.50,10.63
2026-04-30 04:28:00,2026-04-30 04:28:59,Q10,488.10,99.80,47.50,48.30,99.30,23.00,3.20,489.10,113.40,54.50,55.30,99.10,20.40,4.26,482.80,107.20,49.00,51.60,96.70,26.20,7.31,486.67,106.80,151.00,155.20,98.37,23.20,14.77
2026-04-30 04:29:00,2026-04-30 04:29:59,Q10,487.20,83.40,39.60,40.40,99.60,21.90,2.03,490.50,95.40,45.50,46.50,99.30,19.60,2.91,484.10,86.90,39.80,41.60,97.40,25.70,5.37,487.27,88.57,124.90,128.50,98.77,22.40,10.31
2026-04-30 04:30:00,2026-04-30 04:30:59,Q10,487.10,86.20,40.60,41.90,99.40,22.30,2.37,490.80,97.30,46.50,47.50,99.20,19.90,3.14,484.40,88.30,40.70,42.60,97.20,24.40,5.69,487.43,90.60,127.80,132.00,98.60,22.20,11.20
2026-04-30 04:31:00,2026-04-30 04:31:59,Q10,488.90,89.20,42.60,43.40,99.50,22.00,2.37,489.10,102.20,48.50,49.90,99.20,19.10,3.37,483.70,91.40,41.70,44.00,97.10,24.50,5.94,487.23,94.27,132.80,137.30,98.60,21.87,11.69
2026-04-30 04:32:00,2026-04-30 04:32:59,Q10,488.70,89.40,42.60,43.40,99.40,22.30,2.63,489.00,103.60,49.50,50.40,99.10,19.30,3.63,484.70,93.80,43.70,45.00,97.00,25.40,6.23,487.47,95.60,135.80,138.80,98.50,22.33,12.49
2026-04-30 04:33:00,2026-04-30 04:33:59,Q10,488.60,81.30,38.60,39.50,99.50,23.00,2.14,490.60,96.30,46.50,47.00,99.40,20.30,2.69,483.40,89.60,40.70,43.00,97.20,26.30,5.54,487.53,89.07,125.80,129.50,98.70,23.20,10.37
2026-04-30 04:34:00,2026-04-30 04:34:59,Q10,487.80,87.20,41.60,42.40,99.50,22.80,2.20,489.40,97.60,46.50,47.40,99.30,19.50,3.06,485.60,90.60,41.70,43.70,97.50,25.30,5.43,487.60,91.80,129.80,133.50,98.77,22.53,10.69
2026-04-30 04:35:00,2026-04-30 04:35:59,Q10,488.20,82.40,39.60,40.00,99.60,22.50,2.00,491.30,98.90,47.50,48.10,99.30,20.40,2.91,484.30,86.40,39.80,41.60,97.30,26.40,5.49,487.93,89.23,126.90,129.70,98.73,23.10,10.40
2026-04-30 04:36:00,2026-04-30 04:36:59,Q10,488.90,83.00,39.60,40.50,99.50,21.70,2.26,491.00,96.30,46.50,47.10,99.30,20.20,3.03,483.80,89.90,40.70,43.00,97.20,25.80,5.71,487.90,89.73,126.80,130.60,98.67,22.57,11.00
2026-04-30 04:37:00,2026-04-30 04:37:59,Q10,487.40,84.30,39.60,40.90,99.40,22.90,2.43,491.00,94.80,45.50,46.20,99.20,20.40,3.14,485.00,90.50,41.70,43.70,97.20,25.80,5.60,487.80,89.87,126.80,130.80,98.60,23.03,11.17
2026-04-30 04:38:00,2026-04-30 04:38:59,Q10,487.30,84.90,39.60,40.90,99.50,22.60,2.26,490.60,95.20,45.50,46.50,99.30,20.00,2.97,484.70,91.30,42.70,44.00,97.40,26.20,5.40,487.53,90.47,127.80,131.40,98.73,22.93,10.63
2026-04-30 04:39:00,2026-04-30 04:39:59,Q10,487.90,87.70,41.60,42.40,99.40,22.10,2.49,489.10,100.70,47.50,48.90,99.20,18.70,3.51,484.80,94.60,43.70,45.50,97.30,24.60,5.83,487.27,94.33,132.80,136.80,98.63,21.80,11.83
2026-04-30 04:40:00,2026-04-30 04:40:59,Q10,487.10,96.70,45.50,46.80,99.10,21.60,3.31,491.20,107.20,51.50,52.50,99.20,20.60,3.63,484.40,102.70,47.50,49.40,97.10,24.80,6.63,487.57,102.20,144.50,148.70,98.47,22.33,13.57
2026-04-30 04:41:00,2026-04-30 04:41:59,Q10,488.00,77.20,36.60,37.60,99.60,23.20,1.63,491.70,85.70,40.60,41.70,99.50,21.60,2.29,485.10,78.50,35.90,37.80,97.80,26.90,4.54,488.27,80.47,113.10,117.10,98.97,23.90,8.46
2026-04-30 04:42:00,2026-04-30 04:42:59,Q10,489.60,66.40,31.70,32.30,99.90,25.50,0.71,490.10,77.40,36.60,37.70,99.60,22.90,1.77,484.50,68.20,31.40,32.90,98.00,29.90,3.63,488.07,70.67,99.70,102.90,99.17,26.10,6.11
2026-04-30 04:43:00,2026-04-30 04:43:59,Q10,489.40,67.20,31.70,32.80,99.90,26.00,0.63,489.80,75.50,35.60,36.70,99.60,22.80,1.74,485.20,70.50,32.30,34.00,98.00,30.10,3.69,488.13,71.07,99.60,103.50,99.17,26.30,6.06
2026-04-30 04:44:00,2026-04-30 04:44:59,Q10,489.20,66.40,31.70,32.30,99.90,25.10,0.60,490.00,78.10,37.60,38.20,99.60,22.10,1.66,485.20,67.50,31.40,32.50,98.10,29.60,3.57,488.13,70.67,100.70,103.00,99.20,25.60,5.83
2026-04-30 04:45:00,2026-04-30 04:45:59,Q10,487.10,66.40,31.70,32.10,99.90,26.20,0.74,490.90,75.10,35.60,36.80,99.60,23.50,1.71,484.70,66.00,30.40,31.90,98.20,29.80,3.43,487.57,69.17,97.70,100.80,99.23,26.50,5.89
2026-04-30 04:46:00,2026-04-30 04:46:59,Q10,488.60,62.50,29.70,30.30,99.90,27.90,0.31,489.60,71.00,33.70,34.70,99.60,23.50,1.51,484.40,66.30,30.40,31.90,98.30,31.60,3.09,487.53,66.60,93.80,96.90,99.27,27.67,4.91
2026-04-30 04:47:00,2026-04-30 04:47:59,Q10,489.10,64.60,30.70,31.30,99.90,26.30,0.31,489.50,72.50,34.70,35.20,99.60,23.90,1.60,484.10,63.60,29.40,30.50,98.20,32.40,3.23,487.57,66.90,94.80,97.00,99.23,27.53,5.14
2026-04-30 04:48:00,2026-04-30 04:48:59,Q10,489.00,62.30,29.70,30.30,99.90,27.50,0.20,489.90,72.80,34.70,35.20,99.60,23.40,1.69,483.20,65.80,30.40,31.40,98.00,31.40,3.37,487.37,66.97,94.80,96.90,99.17,27.43,5.26
2026-04-30 04:49:00,2026-04-30 04:49:59,Q10,489.00,67.60,31.70,32.80,99.80,24.10,0.83,489.70,80.90,38.60,39.10,99.60,22.10,1.80,483.50,72.40,33.00,34.80,97.70,29.20,4.09,487.40,73.63,103.30,106.70,99.03,25.13,6.71
2026-04-30 04:50:00,2026-04-30 04:50:59,Q10,488.80,68.80,32.70,33.20,99.80,25.30,0.83,489.10,77.50,36.60,37.70,99.60,21.50,1.83,484.40,69.60,32.00,33.40,97.90,29.60,3.86,487.43,71.97,101.30,104.30,99.10,25.47,6.51
2026-04-30 04:51:00,2026-04-30 04:51:59,Q10,489.10,73.50,34.70,35.70,99.80,22.90,1.06,489.90,84.90,40.60,41.10,99.50,20.20,2.23,483.60,78.20,35.90,37.70,97.60,27.10,4.49,487.53,78.87,111.20,114.50,98.97,23.40,7.77
2026-04-30 04:52:00,2026-04-30 04:52:59,Q10,488.00,84.80,39.60,41.00,99.50,22.70,2.23,488.70,97.20,46.50,47.30,99.20,19.80,3.34,485.20,88.10,40.70,42.70,97.40,25.30,5.43,487.30,90.03,126.80,131.00,98.70,22.60,11.00
2026-04-30 04:53:00,2026-04-30 04:53:59,Q10,487.50,80.00,37.60,39.00,99.60,22.00,1.94,489.30,90.70,43.60,44.00,99.30,20.90,2.83,485.50,82.50,37.80,39.80,97.50,25.70,4.97,487.43,84.40,119.00,122.80,98.80,22.87,9.74
2026-04-30 04:54:00,2026-04-30 04:54:59,Q10,488.80,77.80,36.60,37.60,99.70,22.70,1.60,489.20,90.40,43.60,44.00,99.30,20.60,2.74,483.40,80.10,36.90,38.60,97.50,26.80,4.80,487.13,82.77,117.10,120.20,98.83,23.37,9.14
2026-04-30 04:55:00,2026-04-30 04:55:59,Q10,487.30,85.20,40.60,41.40,99.30,19.30,2.71,488.60,94.00,44.50,45.90,99.10,17.70,3.49,484.50,89.30,41.30,43.10,96.90,22.90,5.86,486.80,89.50,126.40,130.40,98.43,19.97,12.06
2026-04-30 04:56:00,2026-04-30 04:56:59,Q10,486.20,85.40,40.60,41.30,99.20,19.20,2.86,489.80,97.70,46.50,47.40,99.10,17.90,3.57,483.10,89.00,40.30,43.00,96.80,22.20,6.17,486.37,90.70,127.40,131.70,98.37,19.77,12.60
2026-04-30 04:57:00,2026-04-30 04:57:59,Q10,485.80,84.90,39.60,40.70,99.20,19.70,2.91,489.50,96.80,45.50,46.90,99.10,16.80,3.54,483.40,89.30,40.30,43.00,96.80,22.30,6.17,486.23,90.33,125.40,130.60,98.37,19.60,12.63
2026-04-30 04:58:00,2026-04-30 04:58:59,Q10,486.70,86.20,40.60,41.80,99.20,19.00,2.83,489.90,95.00,45.50,46.50,99.20,18.30,3.29,482.40,89.60,40.30,42.90,96.90,22.40,6.03,486.33,90.27,126.40,131.20,98.43,19.90,12.14
2026-04-30 04:59:00,2026-04-30 04:59:59,Q10,487.90,78.90,36.60,38.00,99.40,19.70,2.23,488.40,87.60,41.60,42.50,99.20,17.90,2.97,482.70,83.60,38.80,40.00,97.10,23.10,5.40,486.33,83.37,117.00,120.50,98.57,20.23,10.60
2026-04-30 05:00:00,2026-04-30 05:00:59,Q10,487.00,84.90,39.60,40.90,99.30,20.00,2.57,487.60,97.60,46.50,47.20,99.00,16.90,3.60,483.10,87.20,40.30,42.00,96.90,23.40,5.94,485.90,89.90,126.40,130.10,98.40,20.10,12.11
2026-04-30 05:01:00,2026-04-30 05:01:59,Q10,487.10,81.20,38.60,39.40,99.40,20.90,2.23,488.00,93.70,44.50,45.40,99.20,17.40,3.23,481.20,85.70,38.40,40.90,96.70,23.60,5.91,485.43,86.87,121.50,125.70,98.43,20.63,11.37
2026-04-30 05:02:00,2026-04-30 05:02:59,Q10,485.10,79.00,37.60,38.30,99.40,19.90,2.20,488.90,91.90,43.60,44.40,99.30,18.40,2.97,481.80,83.50,37.40,39.90,96.90,23.80,5.63,485.27,84.80,118.60,122.60,98.53,20.70,10.80
2026-04-30 05:03:00,2026-04-30 05:03:59,Q10,485.00,78.10,36.60,37.80,99.60,21.30,1.86,487.00,88.30,41.60,42.90,99.30,18.90,2.86,482.40,80.00,36.90,38.60,97.20,25.50,5.14,484.80,82.13,115.10,119.30,98.70,21.90,9.86
2026-04-30 05:04:00,2026-04-30 05:04:59,Q10,485.40,80.70,37.60,38.80,99.40,19.70,2.23,488.90,88.00,41.60,42.90,99.40,18.90,2.63,481.90,82.10,37.80,39.40,97.10,23.60,5.43,485.40,83.60,117.00,121.10,98.63,20.73,10.29
2026-04-30 05:05:00,2026-04-30 05:05:59,Q10,486.50,82.10,38.60,39.90,99.60,22.70,1.77,487.60,96.50,45.50,46.80,99.30,20.00,2.86,483.60,84.80,38.80,40.60,97.30,26.70,5.34,485.90,87.80,122.90,127.30,98.73,23.13,9.97
2026-04-30 05:06:00,2026-04-30 05:06:59,Q10,485.50,78.50,36.60,37.80,99.60,22.20,1.69,487.80,90.60,42.60,43.80,99.40,19.40,2.69,483.30,84.20,38.80,40.60,97.40,25.80,5.00,485.53,84.43,118.00,122.20,98.80,22.47,9.37
2026-04-30 05:07:00,2026-04-30 05:07:59,Q10,486.00,78.10,36.60,37.90,99.70,23.20,1.60,488.70,90.10,42.60,43.90,99.50,20.30,2.46,481.40,81.10,36.90,39.00,97.30,27.10,5.11,485.37,83.10,116.10,120.80,98.83,23.53,9.17
2026-04-30 05:08:00,2026-04-30 05:08:59,Q10,485.40,82.50,38.60,39.80,99.70,21.90,1.66,487.00,91.30,43.60,44.30,99.30,19.60,2.89,483.10,85.70,39.80,41.10,97.40,25.50,5.11,485.17,86.50,122.00,125.20,98.80,22.33,9.66
2026-04-30 05:09:00,2026-04-30 05:09:59,Q10,484.80,78.80,36.60,37.80,99.60,23.50,1.71,488.40,87.90,41.60,42.50,99.40,20.60,2.51,482.20,81.70,37.80,39.00,97.40,27.50,4.97,485.13,82.80,116.00,119.30,98.80,23.87,9.20
2026-04-30 05:10:00,2026-04-30 05:10:59,Q10,485.70,77.00,36.60,37.30,99.70,23.50,1.63,486.60,88.20,41.60,42.80,99.30,20.70,2.77,482.90,79.70,36.90,38.10,97.50,27.00,4.80,485.07,81.63,115.10,118.20,98.83,23.73,9.20
2026-04-30 05:11:00,2026-04-30 05:11:59,Q10,485.90,79.10,37.60,38.30,99.70,24.50,1.54,487.90,90.20,42.60,43.80,99.40,20.70,2.60,483.70,82.60,37.80,39.60,97.60,27.20,4.80,485.83,83.97,118.00,121.70,98.90,24.13,8.94
2026-04-30 05:12:00,2026-04-30 05:12:59,Q10,486.00,79.30,37.60,38.40,99.70,23.60,1.54,489.20,92.10,43.60,45.00,99.40,19.40,2.69,482.10,81.50,37.80,39.00,97.30,27.10,5.14,485.77,84.30,119.00,122.40,98.80,23.37,9.37
2026-04-30 05:13:00,2026-04-30 05:13:59,Q10,485.40,81.20,38.60,39.30,99.50,22.80,2.06,488.90,94.80,44.50,45.90,99.30,19.60,3.06,482.50,86.70,39.80,41.50,97.20,25.60,5.49,485.60,87.57,122.90,126.70,98.67,22.67,10.60
2026-04-30 05:14:00,2026-04-30 05:14:59,Q10,486.40,81.80,38.60,39.40,99.60,22.90,1.74,488.30,92.30,43.60,44.90,99.40,19.80,2.69,481.40,83.10,37.80,39.90,97.20,26.50,5.29,485.37,85.73,120.00,124.20,98.73,23.07,9.71
2026-04-30 05:15:00,2026-04-30 05:15:59,Q10,485.80,76.00,35.60,36.90,99.70,23.10,1.43,488.80,87.30,41.60,42.50,99.50,20.00,2.43,481.30,82.60,37.80,39.40,97.30,27.20,5.03,485.30,81.97,115.00,118.80,98.83,23.43,8.89
2026-04-30 05:16:00,2026-04-30 05:16:59,Q10,486.00,79.20,37.60,38.40,99.70,21.70,1.60,488.50,90.10,42.60,43.90,99.40,19.60,2.63,481.30,80.20,36.90,38.50,97.30,25.30,5.23,485.27,83.17,117.10,120.80,98.80,22.20,9.46
2026-04-30 05:17:00,2026-04-30 05:17:59,Q10,487.00,81.80,38.60,39.40,99.60,22.80,1.94,487.20,96.60,45.50,46.80,99.20,18.80,3.17,482.40,85.90,38.80,41.00,97.20,25.00,5.46,485.53,88.10,122.90,127.20,98.67,22.20,10.57
2026-04-30 05:18:00,2026-04-30 05:18:59,Q10,485.90,87.00,41.60,42.20,99.50,23.30,2.26,488.80,98.20,46.50,47.80,99.30,19.90,3.14,481.50,87.70,39.80,41.80,97.20,25.30,5.66,485.40,90.97,127.90,131.80,98.67,22.83,11.06
2026-04-30 05:19:00,2026-04-30 05:19:59,Q10,486.20,87.30,41.60,42.30,99.50,21.50,2.09,486.80,94.00,44.50,45.70,99.20,19.90,3.26,482.90,90.20,41.70,43.40,97.50,25.40,5.23,485.30,90.50,127.80,131.40,98.73,22.27,10.57
2026-04-30 05:20:00,2026-04-30 05:20:59,Q10,486.10,84.70,39.60,40.80,99.50,21.70,2.26,488.10,97.60,46.50,47.30,99.30,19.20,3.09,481.20,92.80,42.70,44.30,97.30,25.10,5.60,485.13,91.70,128.80,132.40,98.70,22.00,10.94
2026-04-30 05:21:00,2026-04-30 05:21:59,Q10,486.50,90.90,42.60,43.70,99.40,21.20,2.43,486.90,103.40,49.50,50.10,99.10,19.50,3.60,482.80,90.10,41.70,43.40,97.30,25.00,5.71,485.40,94.80,133.80,137.20,98.60,21.90,11.74
2026-04-30 05:22:00,2026-04-30 05:22:59,Q10,485.20,82.20,38.60,39.80,99.50,22.10,2.09,488.50,92.10,43.60,44.90,99.30,19.80,2.86,482.40,84.90,38.80,40.50,97.60,26.00,5.00,485.37,86.40,121.00,125.20,98.80,22.63,9.94
2026-04-30 05:23:00,2026-04-30 05:23:59,Q10,487.00,83.80,39.60,40.40,99.60,21.50,1.89,487.60,96.90,45.50,46.80,99.30,19.60,2.86,482.20,83.10,38.80,40.00,97.60,24.90,5.06,485.60,87.93,123.90,127.20,98.83,22.00,9.80
2026-04-30 05:24:00,2026-04-30 05:24:59,Q10,486.40,80.20,37.60,38.90,99.60,21.40,2.03,488.50,94.90,44.50,45.90,99.30,19.30,3.00,481.60,88.70,40.70,42.30,97.50,25.00,5.26,485.50,87.93,122.80,127.10,98.80,21.90,10.29
2026-04-30 05:25:00,2026-04-30 05:25:59,Q10,485.50,85.00,40.60,41.20,99.50,21.70,2.11,486.70,94.90,44.50,45.70,99.20,19.50,3.23,483.10,87.50,40.70,42.00,97.50,24.10,5.26,485.10,89.13,125.80,128.90,98.73,21.77,10.60
2026-04-30 05:26:00,2026-04-30 05:26:59,Q10,485.80,89.70,42.60,43.20,99.50,21.90,2.37,486.40,100.50,47.50,48.60,99.10,19.20,3.54,482.60,89.30,40.70,42.90,97.40,24.40,5.57,484.93,93.17,130.80,134.70,98.67,21.83,11.49
2026-04-30 05:27:00,2026-04-30 05:27:59,Q10,485.70,80.50,37.60,38.80,99.60,21.20,1.91,488.70,92.30,43.60,44.90,99.40,19.70,2.71,481.70,82.20,37.80,39.40,97.40,24.50,5.20,485.37,85.00,119.00,123.10,98.80,21.80,9.83
2026-04-30 05:28:00,2026-04-30 05:28:59,Q10,486.40,80.90,37.60,38.90,99.60,21.20,1.89,488.30,90.00,42.60,43.90,99.50,19.20,2.43,481.50,84.00,38.80,40.40,97.50,24.80,5.03,485.40,84.97,119.00,123.20,98.87,21.73,9.34
2026-04-30 05:29:00,2026-04-30 05:29:59,Q10,487.10,80.20,37.60,39.00,99.60,22.20,1.89,487.40,92.70,43.60,44.80,99.40,20.30,2.60,482.20,85.90,38.80,41.00,97.40,26.30,5.09,485.57,86.27,120.00,124.80,98.80,22.93,9.57
2026-04-30 05:30:00,2026-04-30 05:30:59,Q10,486.70,80.40,37.60,38.90,99.60,21.90,1.94,487.80,95.00,45.50,46.30,99.40,20.40,2.77,481.40,84.10,38.80,40.40,97.50,25.30,5.11,485.30,86.50,121.90,125.60,98.83,22.53,9.83
2026-04-30 05:31:00,2026-04-30 05:31:59,Q10,486.20,89.90,42.60,43.30,99.40,20.90,2.60,488.10,104.00,49.50,50.80,99.20,19.90,3.34,481.20,95.20,43.70,45.70,97.20,23.90,6.03,485.17,96.37,135.80,139.80,98.60,21.57,11.97
2026-04-30 05:32:00,2026-04-30 05:32:59,Q10,486.30,84.90,39.60,40.80,99.50,20.30,2.31,487.60,98.10,46.50,47.70,99.30,19.40,3.14,481.40,92.20,42.70,44.30,97.30,23.90,5.66,485.10,91.73,128.80,132.80,98.70,21.20,11.11
2026-04-30 05:33:00,2026-04-30 05:33:59,Q10,486.20,85.10,40.60,41.30,99.30,21.90,2.60,488.20,98.00,46.50,47.80,99.30,19.70,3.00,481.50,95.20,43.70,45.70,97.20,25.20,5.86,485.30,92.77,130.80,134.80,98.60,22.27,11.46
2026-04-30 05:34:00,2026-04-30 05:34:59,Q10,486.30,83.20,39.60,40.30,99.40,21.30,2.40,486.70,95.70,45.50,46.20,99.30,19.80,2.89,482.30,91.40,41.70,43.90,97.50,25.10,5.31,485.10,90.10,126.80,130.40,98.73,22.07,10.60
2026-04-30 05:35:00,2026-04-30 05:35:59,Q10,485.10,85.80,40.60,41.20,99.30,20.30,2.60,488.60,96.20,45.50,46.80,99.40,19.50,2.83,482.00,90.70,41.70,43.40,97.50,23.40,5.46,485.23,90.90,127.80,131.40,98.73,21.07,10.89
2026-04-30 05:36:00,2026-04-30 05:36:59,Q10,485.80,84.30,39.60,40.70,99.40,21.10,2.49,488.50,96.00,45.50,46.80,99.40,19.90,2.80,481.70,92.00,42.70,44.30,97.40,23.50,5.46,485.33,90.77,127.80,131.80,98.73,21.50,10.74
2026-04-30 05:37:00,2026-04-30 05:37:59,Q10,485.90,78.20,36.60,37.80,99.50,21.40,2.06,488.50,91.20,43.60,44.40,99.50,19.80,2.43,481.60,86.10,39.80,41.40,97.60,24.90,4.97,485.33,85.17,120.00,123.60,98.87,22.03,9.46
2026-04-30 05:38:00,2026-04-30 05:38:59,Q10,484.60,84.90,39.60,40.70,99.40,20.90,2.51,488.10,97.80,46.50,47.30,99.40,19.20,2.80,482.60,91.10,41.70,43.90,97.70,24.70,5.23,485.10,91.27,127.80,131.90,98.83,21.60,10.54
2026-04-30 05:39:00,2026-04-30 05:39:59,Q10,486.10,83.10,39.60,40.30,99.40,21.90,2.46,487.60,98.40,46.50,47.70,99.20,19.80,3.23,481.20,90.20,41.70,43.30,97.40,24.20,5.54,484.97,90.57,127.80,131.30,98.67,21.97,11.23
2026-04-30 05:40:00,2026-04-30 05:40:59,Q10,486.00,79.40,37.60,38.40,99.50,20.80,2.20,486.60,92.00,43.60,44.70,99.30,19.40,2.91,483.00,88.50,40.70,42.50,97.80,24.10,4.86,485.20,86.63,121.90,125.60,98.87,21.43,9.97
2026-04-30 05:41:00,2026-04-30 05:41:59,Q10,485.10,80.30,37.60,38.80,99.40,21.40,2.29,487.10,92.10,43.60,44.80,99.40,20.50,2.71,483.10,88.70,40.70,42.50,97.70,24.50,4.91,485.10,87.03,121.90,126.10,98.83,22.13,9.91
2026-04-30 05:42:00,2026-04-30 05:42:59,Q10,484.90,76.90,35.60,36.80,99.60,21.40,1.86,488.00,87.10,41.60,42.50,99.50,20.90,2.26,482.80,81.60,37.80,39.00,97.90,25.00,4.40,485.23,81.87,115.00,118.30,99.00,22.43,8.51
2026-04-30 05:43:00,2026-04-30 05:43:59,Q10,486.50,75.90,35.60,36.50,99.60,21.40,1.69,487.80,88.60,41.60,42.90,99.50,21.10,2.29,481.70,84.90,38.80,40.40,97.70,26.10,4.66,485.33,83.13,116.00,119.80,98.93,22.87,8.63
2026-04-30 05:44:00,2026-04-30 05:44:59,Q10,484.90,82.60,38.60,39.70,99.40,20.10,2.40,487.20,93.90,44.50,45.30,99.30,19.10,2.86,483.20,86.30,39.80,41.50,97.70,23.70,5.09,485.10,87.60,122.90,126.50,98.80,20.97,10.34
2026-04-30 05:45:00,2026-04-30 05:45:59,Q10,484.20,88.00,41.60,42.60,99.30,21.50,2.66,486.40,98.10,46.50,47.60,99.20,19.80,3.17,482.90,89.30,40.70,42.90,97.60,24.10,5.31,484.50,91.80,128.80,133.10,98.70,21.80,11.14
2026-04-30 05:46:00,2026-04-30 05:46:59,Q10,484.30,84.90,39.60,40.70,99.50,21.30,2.29,487.40,92.50,43.60,44.80,99.30,19.00,2.89,482.30,87.30,39.80,41.90,97.70,23.80,5.11,484.67,88.23,123.00,127.40,98.83,21.37,10.29
2026-04-30 05:47:00,2026-04-30 05:47:59,Q10,485.80,77.80,36.60,37.30,99.50,21.40,2.09,486.00,93.10,44.50,45.20,99.30,19.90,2.80,481.80,81.60,36.90,39.00,97.60,25.00,4.86,484.53,84.17,118.00,121.50,98.80,22.10,9.74
2026-04-30 05:48:00,2026-04-30 05:48:59,Q10,485.80,83.30,39.60,40.30,99.50,21.40,2.11,486.60,92.50,43.60,44.70,99.30,19.50,3.00,480.60,88.10,40.70,42.20,97.60,24.60,5.11,484.33,87.97,123.90,127.20,98.80,21.83,10.23
2026-04-30 05:49:00,2026-04-30 05:49:59,Q10,484.90,80.50,37.60,38.70,99.50,21.70,2.00,487.60,90.70,42.60,43.80,99.30,18.90,2.89,480.80,85.70,38.80,40.80,97.50,24.60,5.06,484.43,85.63,119.00,123.30,98.77,21.73,9.94
2026-04-30 05:50:00,2026-04-30 05:50:59,Q10,484.10,78.90,36.60,37.80,99.50,21.40,1.94,486.80,89.50,42.60,43.30,99.40,20.00,2.54,481.30,82.10,37.80,39.40,97.70,25.10,4.77,484.07,83.50,117.00,120.50,98.87,22.17,9.26
2026-04-30 05:51:00,2026-04-30 05:51:59,Q10,485.10,80.30,37.60,38.80,99.60,22.00,1.97,486.60,94.10,44.50,45.70,99.40,19.90,2.77,480.10,86.10,39.80,41.30,97.40,24.60,5.23,483.93,86.83,121.90,125.80,98.80,22.17,9.97
2026-04-30 05:52:00,2026-04-30 05:52:59,Q10,484.50,78.00,36.60,37.80,99.70,23.40,1.57,487.20,87.40,41.60,42.40,99.50,20.70,2.37,480.50,78.60,35.90,37.40,97.70,26.10,4.60,484.07,81.33,114.10,117.60,98.97,23.40,8.54
2026-04-30 05:53:00,2026-04-30 05:53:59,Q10,485.60,82.10,38.60,39.80,99.70,22.50,1.69,485.70,92.60,43.60,44.60,99.30,19.10,2.97,481.50,82.80,37.80,39.40,97.50,24.80,4.97,484.27,85.83,120.00,123.80,98.83,22.13,9.63
2026-04-30 05:54:00,2026-04-30 05:54:59,Q10,485.30,76.90,35.60,36.90,99.60,22.30,1.91,486.10,88.30,41.60,42.80,99.50,19.30,2.43,481.90,82.80,37.80,39.40,97.60,25.70,4.89,484.43,82.67,115.00,119.10,98.90,22.43,9.23
2026-04-30 05:55:00,2026-04-30 05:55:59,Q10,484.60,80.60,37.60,38.70,99.60,22.10,1.91,486.80,92.10,43.60,44.70,99.50,19.70,2.40,480.30,84.10,38.80,40.30,97.50,24.70,5.11,483.90,85.60,120.00,123.70,98.87,22.17,9.43
2026-04-30 05:56:00,2026-04-30 05:56:59,Q10,484.90,81.50,38.60,39.20,99.60,20.30,2.00,485.50,92.90,43.60,44.60,99.40,19.50,2.80,480.60,85.70,38.80,40.80,97.30,25.00,5.43,483.67,86.70,121.00,124.60,98.77,21.60,10.23
2026-04-30 05:57:00,2026-04-30 05:57:59,Q10,483.60,82.90,38.60,39.60,99.60,21.30,1.94,485.40,92.10,43.60,44.60,99.30,20.30,2.86,481.90,84.80,38.80,40.40,97.50,25.30,5.20,483.63,86.60,121.00,124.60,98.80,22.30,10.00
2026-04-30 05:58:00,2026-04-30 05:58:59,Q10,483.50,80.30,37.60,38.60,99.50,21.20,2.14,485.60,92.00,43.60,44.60,99.50,20.50,2.49,481.60,85.20,38.80,40.90,97.70,24.60,4.91,483.57,85.83,120.00,124.10,98.90,22.10,9.54
2026-04-30 05:59:00,2026-04-30 05:59:59,Q10,483.60,78.50,36.60,37.70,99.60,22.00,1.86,486.80,88.90,41.60,42.80,99.40,19.80,2.71,480.30,88.10,40.70,42.20,97.70,24.90,4.83,483.57,85.17,118.90,122.70,98.90,22.23,9.40
2026-04-30 06:00:00,2026-04-30 06:00:59,Q10,484.30,79.80,37.60,38.20,99.50,21.00,2.00,484.80,91.00,43.60,44.00,99.30,20.20,2.77,480.80,84.00,38.80,40.30,97.70,24.90,4.91,483.30,84.93,120.00,122.50,98.83,22.03,9.69
2026-04-30 06:01:00,2026-04-30 06:01:59,Q10,484.10,86.00,40.60,41.60,99.40,19.90,2.49,484.90,96.60,45.50,46.50,99.30,18.90,3.11,479.20,89.00,40.70,42.60,97.30,24.00,5.71,482.73,90.53,126.80,130.70,98.67,20.93,11.31
2026-04-30 06:02:00,2026-04-30 06:02:59,Q10,483.50,82.20,38.60,39.60,99.50,21.50,2.20,484.10,95.00,44.50,46.00,99.30,19.30,3.00,479.90,87.50,39.80,41.70,97.40,24.40,5.40,482.50,88.23,122.90,127.30,98.73,21.73,10.60
2026-04-30 06:03:00,2026-04-30 06:03:59,Q10,482.90,85.80,39.60,41.00,99.50,21.20,2.26,485.20,94.70,44.50,45.60,99.30,19.40,3.00,478.70,86.90,39.80,41.10,97.50,24.10,5.34,482.27,89.13,123.90,127.70,98.77,21.57,10.60
2026-04-30 06:04:00,2026-04-30 06:04:59,Q10,482.30,81.60,38.60,39.00,99.40,21.00,2.29,485.80,94.80,44.50,45.60,99.40,19.20,2.80,479.00,86.90,39.80,41.20,97.30,24.50,5.40,482.37,87.77,122.90,125.80,98.70,21.57,10.49
2026-04-30 06:05:00,2026-04-30 06:05:59,Q10,483.50,78.50,36.60,37.70,99.50,20.90,2.00,483.50,88.30,41.60,42.50,99.40,20.00,2.54,478.80,82.50,37.80,39.20,97.60,24.40,4.83,481.93,83.10,116.00,119.40,98.83,21.77,9.37
2026-04-30 06:06:00,2026-04-30 06:06:59,Q10,482.50,82.30,38.60,39.50,99.40,21.10,2.34,485.20,94.60,44.50,45.60,99.30,18.70,3.03,478.30,91.40,41.70,43.50,97.30,23.00,5.66,482.00,89.43,124.80,128.60,98.67,20.93,11.03
2026-04-30 06:07:00,2026-04-30 06:07:59,Q10,481.30,84.00,39.60,40.40,99.40,20.30,2.54,484.20,97.30,45.50,46.90,99.20,18.20,3.23,479.70,91.30,41.70,43.60,97.30,23.90,5.77,481.73,90.87,126.80,130.90,98.63,20.80,11.54
2026-04-30 06:08:00,2026-04-30 06:08:59,Q10,482.40,83.80,39.60,40.00,99.40,20.50,2.43,484.80,99.70,46.50,47.90,99.30,19.10,3.09,477.90,91.60,41.70,43.40,97.20,24.90,5.74,481.70,91.70,127.80,131.30,98.63,21.50,11.26
2026-04-30 06:09:00,2026-04-30 06:09:59,Q10,482.80,87.20,40.60,41.90,99.30,20.70,2.83,484.00,102.70,48.50,49.40,99.20,18.20,3.34,479.70,94.20,43.70,45.00,97.30,23.10,5.94,482.17,94.70,132.80,136.30,98.60,20.67,12.11
2026-04-30 06:10:00,2026-04-30 06:10:59,Q10,482.00,87.40,40.60,41.90,99.30,19.90,2.77,485.50,100.30,47.50,48.50,99.20,18.80,3.31,478.50,92.80,41.70,44.00,97.20,24.20,6.03,482.00,93.50,129.80,134.40,98.57,20.97,12.11
2026-04-30 06:11:00,2026-04-30 06:11:59,Q10,481.40,92.70,43.60,44.30,99.20,20.10,3.11,484.60,102.40,48.50,49.40,99.20,19.30,3.49,480.00,98.40,45.60,47.00,97.20,23.50,6.17,482.00,97.83,137.70,140.70,98.53,20.97,12.77
2026-04-30 06:12:00,2026-04-30 06:12:59,Q10,481.60,84.70,39.60,40.40,99.20,21.00,2.86,485.30,97.80,46.50,47.00,99.30,19.20,3.17,479.80,93.40,42.70,44.50,97.40,23.40,5.69,482.23,91.97,128.80,131.90,98.63,21.20,11.71
2026-04-30 06:13:00,2026-04-30 06:13:59,Q10,482.70,92.70,43.60,44.30,99.20,19.60,3.06,483.70,102.40,48.50,49.30,99.10,18.80,3.66,480.30,96.40,44.60,46.10,97.10,23.30,6.26,482.23,97.17,136.70,139.70,98.47,20.57,12.97
2026-04-30 06:14:00,2026-04-30 06:14:59,Q10,482.60,97.30,45.50,46.80,99.10,20.00,3.37,485.20,105.80,49.50,50.90,99.20,19.10,3.71,478.20,100.80,45.60,47.80,97.00,22.80,6.71,482.00,101.30,140.60,145.50,98.43,20.63,13.80
2026-04-30 06:15:00,2026-04-30 06:15:59,Q10,483.00,95.90,44.50,45.90,99.10,19.50,3.60,484.20,109.20,51.50,52.80,99.00,17.40,4.20,477.70,106.30,48.00,50.60,96.80,22.10,7.11,481.63,103.80,144.00,149.30,98.30,19.67,14.91
2026-04-30 06:16:00,2026-04-30 06:16:59,Q10,480.80,101.20,47.00,48.50,98.80,19.50,4.17,484.90,118.70,56.40,57.10,99.00,18.10,4.31,478.40,108.40,49.00,51.60,96.80,22.00,7.51,481.37,109.43,152.40,157.20,98.20,19.87,16.00
2026-04-30 06:17:00,2026-04-30 06:17:59,Q10,482.70,92.90,43.60,44.30,99.10,19.30,3.51,483.60,110.80,52.50,53.10,99.10,17.70,3.94,478.00,104.90,47.50,49.70,97.10,21.70,6.74,481.43,102.87,143.60,147.10,98.43,19.57,14.20
2026-04-30 06:18:00,2026-04-30 06:18:59,Q10,481.30,99.10,46.10,47.60,98.90,19.20,3.94,485.20,114.80,54.50,55.30,99.00,17.70,4.23,478.20,104.20,47.00,49.70,96.90,21.60,7.14,481.57,106.03,147.60,152.60,98.27,19.50,15.31
2026-04-30 06:19:00,2026-04-30 06:19:59,Q10,482.60,102.30,48.00,49.20,98.90,20.00,4.00,484.20,113.50,52.90,54.70,98.90,18.70,4.66,477.70,107.70,49.00,51.00,96.60,22.00,7.57,481.50,107.83,149.90,154.90,98.13,20.23,16.23
2026-04-30 06:20:00,2026-04-30 06:20:59,Q10,480.90,99.20,46.50,47.50,99.00,19.40,3.77,484.80,111.00,52.50,53.70,99.20,17.70,3.80,478.20,102.60,46.10,48.80,96.80,21.80,7.23,481.30,104.27,145.10,150.00,98.33,19.63,14.80
2026-04-30 06:21:00,2026-04-30 06:21:59,Q10,482.40,102.90,48.00,49.20,98.90,19.20,4.23,483.20,117.10,54.90,56.50,98.90,18.40,4.54,478.90,108.00,49.00,51.60,96.90,22.10,7.37,481.50,109.33,151.90,157.30,98.23,19.90,16.14
2026-04-30 06:22:00,2026-04-30 06:22:59,Q10,483.00,93.50,43.60,44.90,99.00,20.40,3.77,483.80,107.90,50.50,51.70,99.00,18.10,4.20,478.60,108.60,49.00,51.60,96.80,23.00,7.06,481.80,103.33,143.10,148.20,98.27,20.50,15.03
2026-04-30 06:23:00,2026-04-30 06:23:59,Q10,481.50,101.20,47.00,48.60,98.90,18.80,3.97,483.70,111.20,52.50,53.60,99.10,17.90,4.06,479.90,103.60,47.50,49.30,97.20,21.60,6.83,481.70,105.33,147.00,151.50,98.40,19.43,14.86
2026-04-30 06:24:00,2026-04-30 06:24:59,Q10,481.40,100.20,47.50,48.10,99.00,19.00,3.66,484.50,106.40,50.50,51.30,99.10,19.10,3.91,479.90,104.00,47.50,49.80,97.00,22.10,6.80,481.93,103.53,145.50,149.20,98.37,20.07,14.37
2026-04-30 06:25:00,2026-04-30 06:25:59,Q10,482.10,89.50,41.60,42.90,99.10,19.70,3.29,483.60,105.10,49.50,50.70,99.10,18.60,3.66,479.90,98.30,44.60,46.90,97.10,22.90,6.31,481.87,97.63,135.70,140.50,98.43,20.40,13.26
2026-04-30 06:26:00,2026-04-30 06:26:59,Q10,481.10,97.90,45.50,46.70,99.00,19.00,3.69,485.10,106.90,50.50,51.40,99.10,18.60,3.83,478.60,102.70,46.10,48.80,96.90,22.50,6.89,481.60,102.50,142.10,146.90,98.33,20.03,14.40
2026-04-30 06:27:00,2026-04-30 06:27:59,Q10,482.30,95.10,44.50,45.80,99.00,19.70,3.66,484.90,110.70,52.50,53.20,99.00,18.30,4.20,477.90,106.40,48.00,50.60,96.80,22.20,7.20,481.70,104.07,145.00,149.60,98.27,20.07,15.06
2026-04-30 06:28:00,2026-04-30 06:28:59,Q10,482.80,96.40,45.50,46.30,99.10,18.50,3.37,483.50,110.50,52.50,53.10,99.10,18.10,3.91,478.30,104.30,47.00,49.70,96.90,22.10,6.97,481.53,103.73,145.00,149.10,98.37,19.57,14.26
2026-04-30 06:29:00,2026-04-30 06:29:59,Q10,482.00,92.60,43.60,44.30,99.20,20.20,3.17,483.30,103.40,48.50,49.70,99.20,18.50,3.63,479.60,100.20,45.60,47.90,97.10,22.50,6.46,481.63,98.73,137.70,141.90,98.50,20.40,13.26
2026-04-30 06:30:00,2026-04-30 06:30:59,Q10,482.00,88.50,41.60,42.40,99.30,19.70,2.86,484.20,102.60,48.50,49.40,99.20,18.90,3.46,477.60,95.90,43.70,45.30,97.10,23.80,6.17,481.27,95.67,133.80,137.10,98.53,20.80,12.49
2026-04-30 06:31:00,2026-04-30 06:31:59,Q10,482.40,94.40,44.50,45.30,99.00,19.90,3.57,483.90,109.00,51.50,52.60,99.10,18.20,3.86,477.60,103.60,47.00,49.10,96.70,22.20,7.14,481.30,102.33,143.00,147.00,98.27,20.10,14.57
2026-04-30 06:32:00,2026-04-30 06:32:59,Q10,481.20,91.20,42.60,43.80,99.10,18.80,3.17,483.50,100.50,47.50,48.30,99.30,19.00,3.37,479.20,97.10,44.60,46.50,97.00,23.30,6.46,481.30,96.27,134.70,138.60,98.47,20.37,13.00
2026-04-30 06:33:00,2026-04-30 06:33:59,Q10,481.60,90.80,42.60,43.30,99.30,21.00,2.86,482.80,98.60,46.50,47.20,99.20,18.60,3.46,479.40,91.90,41.70,43.60,97.20,23.80,6.00,481.27,93.77,130.80,134.10,98.57,21.13,12.31
2026-04-30 06:34:00,2026-04-30 06:34:59,Q10,479.10,87.40,40.60,41.70,99.00,17.90,3.40,483.60,100.60,47.50,48.30,99.10,16.00,3.60,477.00,95.10,43.20,45.30,96.60,19.80,6.66,479.90,94.37,131.30,135.30,98.23,17.90,13.66
2026-04-30 06:35:00,2026-04-30 06:35:59,Q10,480.10,90.60,42.10,43.20,98.90,17.10,3.54,484.10,104.30,49.50,50.30,99.20,17.00,3.54,476.80,93.90,42.20,44.30,96.80,20.10,6.66,480.33,96.27,133.80,137.80,98.30,18.07,13.74
2026-04-30 06:37:00,2026-04-30 06:37:59,Q10,481.10,88.60,41.60,42.30,99.10,17.60,3.17,484.00,101.10,47.50,48.90,99.20,17.00,3.46,476.90,91.80,41.30,43.30,96.80,20.70,6.43,480.67,93.83,130.40,134.50,98.37,18.43,13.06
2026-04-30 06:38:00,2026-04-30 06:38:59,Q10,481.60,83.10,38.60,39.90,99.20,19.20,2.83,482.30,95.20,44.50,45.80,99.10,17.40,3.37,477.90,86.90,39.80,41.00,97.00,21.50,5.94,480.60,88.40,122.90,126.70,98.43,19.37,12.14
2026-04-30 06:39:00,2026-04-30 06:39:59,Q10,481.20,83.20,38.60,39.90,99.20,18.40,2.74,482.80,94.60,44.50,45.30,99.20,18.50,3.31,476.50,87.40,39.80,41.40,97.00,22.00,5.89,480.17,88.40,122.90,126.60,98.47,19.63,11.94
2026-04-30 06:40:00,2026-04-30 06:40:59,Q10,481.30,84.30,39.60,40.40,99.10,18.30,3.03,482.70,97.90,45.50,46.80,99.10,18.70,3.43,476.90,91.90,41.30,43.30,96.80,22.00,6.17,480.30,91.37,126.40,130.50,98.33,19.67,12.63
2026-04-30 06:41:00,2026-04-30 06:41:59,Q10,480.40,86.20,40.60,41.30,99.00,17.50,3.23,483.40,99.10,46.50,47.80,99.20,17.80,3.34,476.70,92.70,41.30,43.80,96.80,20.30,6.31,480.17,92.67,128.40,132.90,98.33,18.53,12.89
2026-04-30 06:42:00,2026-04-30 06:42:59,Q10,481.00,88.10,41.60,42.30,99.10,17.50,3.17,482.10,95.20,44.50,45.80,99.00,16.80,3.71,478.30,94.00,42.70,44.90,97.10,21.00,6.00,480.47,92.43,128.80,133.00,98.40,18.43,12.89
2026-04-30 06:43:00,2026-04-30 06:43:59,Q10,479.60,88.50,41.20,42.20,98.90,17.80,3.46,483.90,100.90,47.50,48.30,99.20,17.00,3.51,477.20,94.40,42.20,44.80,96.80,20.70,6.54,480.23,94.60,130.90,135.30,98.30,18.50,13.51
2026-04-30 06:44:00,2026-04-30 06:44:59,Q10,481.20,86.10,40.60,41.40,99.00,17.90,3.40,482.60,99.10,46.50,47.70,99.10,17.40,3.51,477.60,94.20,42.70,44.80,97.00,21.30,6.29,480.47,93.13,129.80,133.90,98.37,18.87,13.20
2026-04-30 06:45:00,2026-04-30 06:45:59,Q10,479.30,83.40,38.60,39.80,99.00,17.70,3.23,482.90,97.00,45.50,46.80,99.20,16.80,3.31,478.10,90.80,41.70,43.00,97.20,21.10,5.86,480.10,90.40,125.80,129.60,98.47,18.53,12.40
2026-04-30 06:46:00,2026-04-30 06:46:59,Q10,479.50,80.50,37.60,38.30,99.20,19.00,2.77,483.40,92.80,43.60,44.40,99.30,17.50,2.97,476.30,85.60,38.80,40.50,97.10,20.70,5.71,479.73,86.30,120.00,123.20,98.53,19.07,11.46
2026-04-30 06:47:00,2026-04-30 06:47:59,Q10,479.60,80.00,37.60,38.30,99.20,18.50,2.66,482.00,91.20,42.60,43.90,99.20,17.30,3.09,478.10,85.40,38.80,40.60,97.40,21.30,5.26,479.90,85.53,119.00,122.80,98.60,19.03,11.00
2026-04-30 06:48:00,2026-04-30 06:48:59,Q10,479.70,84.10,39.60,40.20,99.20,17.60,2.89,483.80,93.60,43.60,44.90,99.20,17.10,3.20,477.20,88.30,39.80,42.00,97.00,21.20,5.97,480.23,88.67,123.00,127.10,98.47,18.63,12.06
2026-04-30 06:49:00,2026-04-30 06:49:59,Q10,481.20,83.40,38.60,39.90,99.10,18.50,3.03,482.20,96.60,45.50,46.30,99.10,17.90,3.54,478.30,91.80,41.70,43.50,97.00,21.60,5.97,480.57,90.60,125.80,129.70,98.40,19.33,12.54
2026-04-30 06:50:00,2026-04-30 06:50:59,Q10,481.30,80.90,37.60,38.50,99.10,18.10,2.97,483.80,93.10,43.60,44.90,99.20,18.10,3.06,479.90,89.40,40.70,42.60,97.30,20.70,5.49,481.67,87.80,121.90,126.00,98.53,18.97,11.51
2026-04-30 06:51:00,2026-04-30 06:51:59,Q10,482.30,75.60,35.60,36.20,99.20,19.30,2.60,484.30,86.90,40.60,41.60,99.30,18.50,2.74,478.10,85.30,38.80,40.60,97.20,21.40,5.34,481.57,82.60,115.00,118.40,98.57,19.73,10.69
2026-04-30 06:52:00,2026-04-30 06:52:59,Q10,480.50,75.80,35.60,36.00,99.30,19.80,2.43,484.30,87.90,41.60,42.10,99.30,18.20,2.69,478.50,80.90,36.90,38.20,97.30,21.80,5.14,481.10,81.53,114.10,116.30,98.63,19.93,10.26
2026-04-30 06:53:00,2026-04-30 06:53:59,Q10,479.90,83.20,38.60,39.80,99.10,17.70,3.00,483.80,95.20,44.50,45.90,99.20,17.60,3.14,478.20,85.70,38.80,40.60,97.20,21.30,5.69,480.63,88.03,121.90,126.30,98.50,18.87,11.83
2026-04-30 06:54:00,2026-04-30 06:54:59,Q10,482.00,78.90,36.60,37.60,99.50,21.60,2.11,485.40,87.80,41.60,42.20,99.50,20.40,2.43,478.80,83.40,37.80,39.70,97.60,24.40,4.97,482.07,83.37,116.00,119.50,98.87,22.13,9.51
2026-04-30 06:55:00,2026-04-30 06:55:59,Q10,483.00,78.40,36.60,37.70,99.40,20.90,2.29,484.00,92.00,43.60,44.50,99.30,19.70,2.80,478.40,87.20,39.80,41.60,97.50,24.40,5.14,481.80,85.87,120.00,123.80,98.73,21.67,10.23
2026-04-30 06:56:00,2026-04-30 06:56:59,Q10,482.40,83.30,39.60,40.00,99.40,20.30,2.37,485.60,94.30,44.50,45.60,99.40,19.20,2.77,479.30,86.50,39.80,41.20,97.50,23.50,5.31,482.43,88.03,123.90,126.80,98.77,21.00,10.46
2026-04-30 06:57:00,2026-04-30 06:57:59,Q10,483.30,86.80,40.60,41.50,99.30,20.20,2.66,483.90,94.20,44.50,45.40,99.20,18.10,3.31,479.30,91.70,41.70,43.60,97.50,22.20,5.43,482.17,90.90,126.80,130.50,98.67,20.17,11.40
2026-04-30 06:58:00,2026-04-30 06:58:59,Q10,482.50,94.90,44.50,45.30,99.10,18.90,3.40,483.90,105.30,49.50,50.70,99.10,18.00,3.74,477.80,96.10,43.70,45.80,97.10,20.90,6.43,481.40,98.77,137.70,141.80,98.43,19.27,13.57
2026-04-30 06:59:00,2026-04-30 06:59:59,Q10,482.20,94.00,44.10,45.30,98.90,19.10,3.71,482.70,106.10,50.50,51.10,99.10,19.10,3.83,478.60,101.80,46.60,48.30,97.20,21.30,6.43,481.17,100.63,141.20,144.70,98.40,19.83,13.97
2026-04-30 07:00:00,2026-04-30 07:00:59,Q10,480.50,93.00,43.10,44.60,98.90,19.30,3.86,484.30,106.00,50.50,51.30,99.10,17.70,3.86,478.90,101.60,46.60,48.30,97.10,21.40,6.63,481.23,100.20,140.20,144.20,98.37,19.47,14.34
2026-04-30 07:01:00,2026-04-30 07:01:59,Q10,481.10,98.40,46.10,47.10,98.90,18.80,3.94,482.40,110.30,51.90,53.00,98.90,17.40,4.37,479.00,103.40,47.50,49.30,97.00,20.80,6.86,480.83,104.03,145.50,149.40,98.27,19.00,15.17
2026-04-30 07:02:00,2026-04-30 07:02:59,Q10,480.30,96.30,45.50,46.10,99.00,18.30,3.77,484.30,108.20,51.50,52.30,99.10,17.30,4.03,477.80,102.70,46.10,48.70,96.90,21.90,7.03,480.80,102.40,143.10,147.10,98.33,19.17,14.83
2026-04-30 07:03:00,2026-04-30 07:03:59,Q10,481.40,99.90,46.50,47.60,99.10,18.70,3.43,482.30,110.10,52.50,53.00,99.10,18.10,3.97,478.10,101.40,46.60,48.30,97.00,23.00,6.74,480.60,103.80,145.60,148.90,98.40,19.93,14.14
2026-04-30 07:04:00,2026-04-30 07:04:59,Q10,481.30,92.70,43.60,44.30,99.10,19.50,3.37,483.00,109.80,51.50,52.60,99.10,18.70,3.83,476.50,101.70,46.10,48.10,96.80,22.40,6.91,480.27,101.40,141.20,145.00,98.33,20.20,14.11
2026-04-30 07:05:00,2026-04-30 07:05:59,Q10,480.00,104.90,48.00,49.90,98.40,16.10,5.06,483.50,114.30,53.90,55.10,98.70,16.10,5.09,476.40,108.50,49.00,51.40,96.20,18.00,8.31,479.97,109.23,150.90,156.40,97.77,16.73,18.46
2026-04-30 07:06:00,2026-04-30 07:06:59,Q10,479.80,96.00,44.10,46.00,98.60,16.30,4.34,483.70,105.50,49.00,50.70,98.90,16.00,4.37,477.10,102.10,46.10,48.70,96.80,18.00,7.03,480.20,101.20,139.20,145.40,98.10,16.77,15.74
2026-04-30 07:07:00,2026-04-30 07:07:59,Q10,480.40,98.10,46.10,47.00,98.60,16.20,4.40,483.50,109.70,51.00,52.60,98.80,15.60,4.60,476.90,102.80,46.10,48.60,96.60,17.90,7.43,480.27,103.53,143.20,148.20,98.00,16.57,16.43
2026-04-30 07:08:00,2026-04-30 07:08:59,Q10,480.20,98.20,46.10,47.00,98.60,15.60,4.60,482.00,114.20,52.90,54.90,98.60,15.00,5.09,478.30,106.50,48.00,50.70,96.80,17.90,7.37,480.17,106.30,147.00,152.60,98.00,16.17,17.06
2026-04-30 07:09:00,2026-04-30 07:09:59,Q10,479.00,95.10,44.10,45.50,98.70,16.20,4.14,482.60,105.60,49.50,50.60,99.00,16.10,4.17,477.50,101.70,46.10,48.20,96.80,19.10,6.97,479.70,100.80,139.70,144.30,98.17,17.13,15.29
2026-04-30 07:10:00,2026-04-30 07:10:59,Q10,480.70,94.00,44.10,45.10,98.80,16.70,3.94,482.00,102.40,48.00,49.20,98.90,16.60,4.11,476.60,97.40,44.20,46.20,96.80,18.50,6.80,479.77,97.93,136.30,140.50,98.17,17.27,14.86
2026-04-30 07:11:00,2026-04-30 07:11:59,Q10,479.80,86.80,40.60,41.20,99.10,18.30,3.14,481.80,97.40,45.50,46.70,99.10,16.50,3.63,477.90,91.00,41.70,43.40,97.00,20.10,6.06,479.83,91.73,127.80,131.30,98.40,18.30,12.83
2026-04-30 07:12:00,2026-04-30 07:12:59,Q10,479.30,87.00,40.60,41.70,99.00,18.10,3.29,481.40,98.40,46.50,47.10,99.00,16.70,3.66,477.60,91.60,41.70,43.40,97.00,20.30,6.09,479.43,92.33,128.80,132.20,98.33,18.37,13.03
2026-04-30 07:13:00,2026-04-30 07:13:59,Q10,480.90,86.60,40.60,41.30,99.10,18.10,3.11,481.50,97.30,45.10,46.70,98.90,17.50,3.80,476.50,89.10,40.70,42.40,97.00,20.30,5.97,479.63,91.00,126.40,130.40,98.33,18.63,12.89
2026-04-30 07:14:00,2026-04-30 07:14:59,Q10,480.30,75.40,35.60,36.00,99.50,19.80,1.83,481.20,84.40,39.60,40.40,99.20,18.80,2.80,477.50,77.70,34.90,36.70,97.50,24.00,4.63,479.67,79.17,110.10,113.10,98.73,20.87,9.26
2026-04-30 07:15:00,2026-04-30 07:15:59,Q10,480.30,69.30,32.70,33.10,99.70,22.00,1.34,482.30,76.80,35.60,36.60,99.40,19.70,2.17,475.60,73.00,33.00,34.70,97.70,24.90,4.06,479.40,73.03,101.30,104.40,98.93,22.20,7.57
2026-04-30 07:16:00,2026-04-30 07:16:59,Q10,479.80,62.20,28.70,29.70,99.80,23.60,0.83,481.80,70.10,32.70,33.70,99.50,20.70,1.77,477.60,64.40,29.40,30.50,98.10,27.80,3.31,479.73,65.57,90.80,93.90,99.13,24.03,5.91
2026-04-30 07:17:00,2026-04-30 07:17:59,Q10,480.10,62.40,28.70,29.80,99.90,21.80,0.71,483.10,70.20,32.70,33.80,99.60,21.00,1.63,475.90,63.00,28.40,29.90,98.20,25.70,3.20,479.70,65.20,89.80,93.50,99.23,22.83,5.54
2026-04-30 07:18:00,2026-04-30 07:18:59,Q10,480.00,65.20,30.70,31.20,99.70,21.20,1.20,481.90,73.20,34.70,35.10,99.50,19.80,1.94,478.00,67.60,31.40,32.00,98.10,24.90,3.51,479.97,68.67,96.80,98.30,99.10,21.97,6.66
2026-04-30 07:19:00,2026-04-30 07:19:59,Q10,479.60,66.90,30.70,31.60,99.70,21.40,1.17,482.10,74.10,34.70,35.70,99.50,20.60,1.89,477.80,71.50,32.30,33.90,98.20,25.70,3.49,479.83,70.83,97.70,101.20,99.13,22.57,6.54
2026-04-30 07:20:00,2026-04-30 07:20:59,Q10,479.40,64.50,29.70,30.70,99.70,22.30,1.14,482.90,72.40,33.70,34.70,99.70,21.20,1.46,477.80,65.40,30.40,31.00,98.30,25.40,3.26,480.03,67.43,93.80,96.40,99.23,22.97,5.86
2026-04-30 07:21:00,2026-04-30 07:21:59,Q10,480.60,66.50,30.70,31.70,99.80,24.30,0.80,481.60,74.10,34.70,35.60,99.70,22.00,1.40,478.00,66.10,30.40,31.50,98.40,27.40,3.17,480.07,68.90,95.80,98.80,99.30,24.57,5.37
2026-04-30 07:22:00,2026-04-30 07:22:59,Q10,480.70,61.90,28.70,29.30,99.90,25.50,0.43,482.70,67.80,31.70,32.30,99.80,24.80,1.11,479.00,60.70,27.40,28.70,98.70,30.30,2.63,480.80,63.47,87.80,90.30,99.47,26.87,4.17
2026-04-30 07:23:00,2026-04-30 07:23:59,Q10,481.90,60.60,27.70,28.90,99.90,25.60,0.51,482.70,67.80,31.70,32.30,99.80,24.30,1.11,478.90,65.10,30.40,31.10,98.60,29.30,2.77,481.17,64.50,89.80,92.30,99.43,26.40,4.40
2026-04-30 07:24:00,2026-04-30 07:24:59,Q10,481.30,67.50,31.70,32.20,99.80,24.80,1.06,482.90,75.50,35.60,36.20,99.70,23.40,1.57,479.00,70.60,32.30,33.50,98.40,28.70,3.31,481.07,71.20,99.60,101.90,99.30,25.63,5.94
2026-04-30 07:25:00,2026-04-30 07:25:59,Q10,482.30,61.10,28.70,29.40,99.90,28.90,0.37,483.10,68.20,31.70,32.80,99.80,25.70,0.91,478.40,62.20,28.40,29.60,98.70,31.40,2.63,481.27,63.83,88.80,91.80,99.47,28.67,3.91
2026-04-30 07:26:00,2026-04-30 07:26:59,Q10,480.10,279.10,107.70,133.90,81.70,16.70,43.20,483.10,165.70,61.60,79.70,78.30,19.60,28.69,475.10,223.30,101.80,105.90,97.80,18.20,12.94,479.43,222.70,271.10,319.50,85.93,18.17,84.83
2026-04-30 07:27:00,2026-04-30 07:27:59,Q10,479.30,265.00,103.30,126.90,82.10,13.60,43.40,482.20,166.80,60.00,80.00,75.70,21.10,29.69,476.60,221.10,102.90,105.20,98.30,16.40,10.97,479.37,217.63,266.20,312.10,85.37,17.03,84.06
2026-04-30 07:28:00,2026-04-30 07:28:59,Q10,480.50,206.10,83.30,98.90,85.20,14.90,28.57,480.90,225.50,92.90,108.00,86.80,18.50,35.00,478.90,249.70,86.90,119.00,73.50,16.60,44.40,480.10,227.10,263.10,325.90,81.83,16.67,107.97
2026-04-30 07:29:00,2026-04-30 07:29:59,Q10,478.90,259.50,100.90,123.80,82.40,13.80,42.14,483.30,160.10,60.10,77.30,78.50,22.60,28.14,476.60,223.80,103.90,106.10,98.10,16.30,11.66,479.60,214.47,264.90,307.20,86.33,17.57,81.94
2026-04-30 07:30:00,2026-04-30 07:30:59,Q10,480.40,265.70,104.10,127.20,82.00,13.80,41.83,482.90,168.70,63.20,81.00,79.80,21.60,27.51,475.50,221.00,100.90,105.00,97.70,17.60,12.91,479.60,218.47,268.20,313.20,86.50,17.67,82.26
2026-04-30 07:31:00,2026-04-30 07:31:59,Q10,480.30,272.50,105.30,130.60,81.90,13.60,42.94,483.40,167.00,61.60,80.70,77.60,20.30,28.83,475.40,217.90,100.90,103.10,98.00,15.80,12.00,479.70,219.13,267.80,314.40,85.83,16.57,83.77
2026-04-30 07:32:00,2026-04-30 07:32:59,Q10,478.60,271.40,104.50,129.50,81.70,13.60,43.46,483.30,168.60,63.20,81.10,78.10,22.80,28.31,476.50,216.50,100.00,102.80,98.00,17.50,12.00,479.47,218.83,267.70,313.40,85.93,17.97,83.77
2026-04-30 07:33:00,2026-04-30 07:33:59,Q10,481.80,211.70,85.80,101.50,85.70,14.90,26.66,481.30,226.20,95.00,108.70,88.00,16.60,34.14,479.20,250.10,84.50,119.80,71.70,16.70,46.37,480.77,229.33,265.30,330.00,81.80,16.07,107.17
2026-04-30 07:34:00,2026-04-30 07:34:59,Q10,480.70,263.20,103.30,126.20,82.50,14.60,42.31,482.40,172.00,63.10,82.90,77.60,21.90,28.74,477.10,216.60,100.90,103.00,98.20,18.40,11.34,480.07,217.27,267.30,312.10,86.10,18.30,82.40
2026-04-30 07:35:00,2026-04-30 07:35:59,Q10,479.90,262.10,102.50,125.50,82.40,13.80,42.66,482.50,170.80,63.20,81.90,78.10,22.10,28.51,477.50,219.00,101.90,104.50,98.20,16.80,11.57,479.97,217.30,267.60,311.90,86.23,17.57,82.74
2026-04-30 07:36:00,2026-04-30 07:36:59,Q10,481.80,259.20,101.70,124.60,82.70,15.00,42.69,483.90,163.60,59.30,78.70,76.40,22.00,29.40,476.70,216.90,100.00,102.80,98.50,18.10,10.11,480.80,213.23,261.00,306.10,85.87,18.37,82.20
2026-04-30 07:37:00,2026-04-30 07:37:59,Q10,481.90,267.10,99.80,128.40,78.40,20.80,40.89,482.80,181.90,71.30,87.20,82.20,17.00,35.60,479.60,217.30,84.50,103.90,82.80,18.20,36.29,481.43,222.10,255.60,319.50,81.13,18.67,112.77
2026-04-30 07:38:00,2026-04-30 07:38:59,Q10,480.60,260.50,101.70,124.80,82.80,14.90,40.86,484.10,160.40,61.60,77.40,80.80,22.90,26.37,478.70,221.20,102.90,105.60,98.20,16.80,11.49,481.13,214.03,266.20,307.80,87.27,18.20,78.71
2026-04-30 07:39:00,2026-04-30 07:39:59,Q10,482.40,266.60,97.30,128.20,76.00,15.30,43.23,483.40,191.70,72.70,92.30,79.30,15.60,37.37,478.10,220.50,87.20,105.20,83.50,13.20,36.00,481.30,226.27,257.20,325.70,79.60,14.70,116.60
2026-04-30 07:40:00,2026-04-30 07:40:59,Q10,482.00,259.80,101.70,124.80,82.80,14.70,42.09,484.10,166.90,61.60,80.30,77.20,21.30,29.03,477.00,219.50,101.90,104.50,98.30,17.30,10.91,481.03,215.40,265.20,309.60,86.10,17.77,82.03
2026-04-30 07:41:00,2026-04-30 07:41:59,Q10,480.10,270.60,105.80,129.60,82.40,14.40,42.97,484.30,163.70,59.30,78.90,76.60,20.40,29.34,478.30,218.80,101.90,104.20,98.40,17.30,10.71,480.90,217.70,267.00,312.70,85.80,17.37,83.03
2026-04-30 07:42:00,2026-04-30 07:42:59,Q10,482.10,277.00,105.10,133.50,79.50,16.90,45.46,484.70,173.40,61.40,83.70,74.00,17.80,34.86,477.30,216.40,96.80,103.00,94.90,17.50,19.17,481.37,222.27,263.30,320.20,82.80,17.40,99.49
2026-04-30 07:43:00,2026-04-30 07:43:59,Q10,481.40,270.50,105.80,129.90,82.40,15.20,42.63,485.40,161.50,60.10,78.10,77.80,21.90,28.31,477.10,220.80,101.90,104.90,98.40,16.70,10.69,481.30,217.60,267.80,312.90,86.20,17.93,81.63
2026-04-30 07:44:00,2026-04-30 07:44:59,Q10,480.90,277.00,101.60,133.00,77.00,17.90,45.43,485.40,179.90,66.20,86.80,77.70,18.90,36.14,478.40,214.20,89.80,102.30,88.00,15.70,30.57,481.57,223.70,257.60,322.10,80.90,17.50,112.14
2026-04-30 07:45:00,2026-04-30 07:45:59,Q10,481.90,270.50,105.80,129.90,82.30,13.60,43.57,484.20,162.00,57.70,78.40,74.50,19.80,31.54,477.80,230.90,106.80,109.70,98.10,14.80,11.46,481.30,221.13,270.30,318.00,84.97,16.07,86.57
2026-04-30 07:46:00,2026-04-30 07:46:59,Q10,482.50,225.00,87.50,108.40,81.90,14.90,31.49,484.30,226.60,93.70,109.40,86.70,16.00,34.51,479.10,245.30,85.40,117.40,73.90,14.70,45.86,481.97,232.30,266.60,335.20,80.83,15.20,111.86
2026-04-30 07:47:00,2026-04-30 07:47:59,Q10,482.90,250.70,94.80,120.50,79.20,14.70,35.77,483.20,208.40,84.00,100.50,84.20,18.50,36.83,479.20,249.80,86.90,119.30,73.50,19.60,46.03,481.77,236.30,265.70,340.30,78.97,17.60,118.63
2026-04-30 07:48:00,2026-04-30 07:48:59,Q10,482.20,273.00,104.80,131.60,80.40,16.60,43.31,484.50,221.10,81.60,107.00,77.00,18.40,34.69,478.10,200.50,87.40,95.60,92.40,18.30,23.29,481.60,231.53,273.80,334.20,83.27,17.77,101.29
2026-04-30 07:49:00,2026-04-30 07:49:59,Q10,481.50,199.30,77.90,95.70,82.30,16.40,30.94,484.50,243.90,100.60,117.60,86.70,17.50,35.26,479.70,251.50,86.40,120.20,72.60,16.00,46.00,481.90,231.57,264.90,333.50,80.53,16.63,112.20
2026-04-30 07:50:00,2026-04-30 07:50:59,Q10,480.50,274.10,106.10,131.50,81.40,15.00,44.17,484.80,165.90,58.50,79.90,74.80,17.90,33.23,479.00,215.30,97.90,103.00,96.40,16.60,15.89,481.43,218.43,262.50,314.40,84.20,16.50,93.29
2026-04-30 07:51:00,2026-04-30 07:51:59,Q10,480.60,264.40,103.30,126.70,82.30,13.00,42.60,483.60,168.10,63.20,81.10,78.30,21.60,28.40,478.40,224.60,104.90,107.10,98.20,15.30,11.43,480.87,219.03,271.40,314.90,86.27,16.63,82.43
2026-04-30 07:52:00,2026-04-30 07:52:59,Q10,290.10,227.60,63.00,65.80,97.00,52.50,12.51,484.20,243.90,114.70,117.60,98.40,53.40,9.51,217.00,243.60,49.90,52.70,96.90,53.40,13.66,330.43,238.37,227.60,236.10,97.43,53.10,35.69
2026-04-30 07:53:00,2026-04-30 07:53:59,Q10,248.90,226.40,55.40,56.00,99.90,49.90,1.00,485.20,241.10,114.80,116.90,99.80,53.60,-2.60,237.90,241.30,56.40,57.10,99.90,50.00,1.49,324.00,236.27,226.60,230.00,99.87,51.17,-0.11
2026-04-30 07:54:00,2026-04-30 07:54:59,Q10,248.60,226.40,55.40,56.00,99.20,53.50,6.51,484.90,241.80,114.80,116.60,99.80,57.50,3.37,237.70,242.30,55.90,57.40,98.80,53.00,8.40,323.73,236.83,226.10,230.00,99.27,54.67,18.29
2026-04-30 07:55:00,2026-04-30 07:55:59,Q10,248.10,227.60,55.40,56.30,99.40,46.70,5.46,483.90,245.10,116.80,118.30,99.90,51.60,2.06,237.20,243.30,56.40,57.60,99.30,47.50,6.57,323.07,238.67,228.60,232.20,99.53,48.60,14.09
2026-04-30 07:56:00,2026-04-30 07:56:59,Q10,248.90,228.00,55.40,56.50,99.20,50.20,6.54,485.20,245.00,116.80,118.80,99.70,51.60,3.71,237.70,241.90,56.40,57.10,99.00,49.40,7.86,323.93,238.30,228.60,232.40,99.30,50.40,18.11
2026-04-30 07:57:00,2026-04-30 07:57:59,Q10,248.50,229.00,55.40,56.80,99.90,53.10,0.74,484.70,243.30,115.80,117.60,99.80,55.80,-3.14,237.60,242.60,56.40,57.40,99.90,54.30,0.89,323.60,238.30,227.60,231.80,99.87,54.40,-1.51
2026-04-30 07:58:00,2026-04-30 07:58:59,Q10,248.70,230.40,56.40,57.00,99.30,50.80,6.06,484.80,244.70,116.80,118.10,99.90,52.30,2.46,237.50,242.50,56.40,57.40,99.20,48.80,6.83,323.67,239.20,229.60,232.50,99.47,50.63,15.34
2026-04-30 07:59:00,2026-04-30 07:59:59,Q10,248.50,228.40,55.40,56.50,99.90,57.00,0.74,484.40,242.50,115.80,117.10,99.80,57.30,-3.00,237.40,243.90,56.40,57.60,99.90,56.70,1.09,323.43,238.27,227.60,231.20,99.87,57.00,-1.17
2026-04-30 08:00:00,2026-04-30 08:00:59,Q10,248.40,231.10,56.40,57.30,99.50,58.80,4.91,484.20,244.60,116.80,118.10,99.90,56.50,1.60,237.20,244.30,56.40,57.80,99.40,56.30,5.66,323.27,240.00,229.60,233.20,99.60,57.20,12.17
2026-04-30 08:01:00,2026-04-30 08:01:59,Q10,248.60,228.10,55.40,56.50,99.40,54.20,5.26,484.50,242.60,115.80,117.10,99.90,53.10,1.97,237.30,242.30,56.40,57.40,99.30,51.20,6.29,323.47,237.67,227.60,231.00,99.53,52.83,13.51
2026-04-30 08:02:00,2026-04-30 08:02:59,Q10,249.00,226.50,55.40,56.30,99.90,50.90,1.09,485.50,243.50,115.80,117.90,99.80,50.90,-3.37,238.00,245.70,57.40,58.30,99.90,51.20,1.46,324.17,238.57,228.60,232.50,99.87,51.00,-0.83
2026-04-30 08:03:00,2026-04-30 08:03:59,Q10,248.40,227.40,55.40,56.30,99.80,54.60,2.51,484.30,241.30,114.80,116.60,99.90,53.90,-1.86,237.40,245.90,57.40,58.10,99.80,52.20,2.97,323.37,238.20,227.60,231.00,99.83,53.57,3.63
2026-04-30 08:04:00,2026-04-30 08:04:59,Q10,248.30,227.60,55.40,56.30,99.90,49.20,1.94,483.60,245.10,116.80,118.30,99.90,50.90,-1.09,236.90,243.40,56.40,57.30,99.80,49.00,3.03,322.93,238.70,228.60,231.90,99.87,49.70,3.89
2026-04-30 08:05:00,2026-04-30 08:05:59,Q10,248.90,226.80,55.40,56.00,99.30,52.60,5.94,485.10,242.00,115.80,117.40,99.80,54.30,2.51,237.70,241.30,56.40,57.10,99.00,54.00,7.57,323.90,236.70,227.60,230.50,99.37,53.63,16.03
2026-04-30 08:06:00,2026-04-30 08:06:59,Q10,249.00,226.70,55.40,56.30,99.90,53.90,1.23,485.60,243.70,115.80,117.90,99.80,56.40,-3.14,238.00,242.70,56.40,57.60,99.90,55.10,1.74,324.20,237.70,227.60,231.80,99.87,55.13,-0.17
2026-04-30 08:07:00,2026-04-30 08:07:59,Q10,248.70,226.00,55.40,56.00,99.60,57.70,4.57,485.00,242.40,115.80,117.40,99.90,54.50,0.86,237.60,245.40,57.40,58.10,99.30,53.80,6.17,323.77,237.93,228.60,231.50,99.60,55.33,11.60
2026-04-30 08:08:00,2026-04-30 08:08:59,Q10,249.10,227.60,54.90,56.50,98.90,55.00,7.63,485.80,241.60,114.80,116.90,99.70,55.00,3.69,238.10,243.20,55.90,57.80,98.80,53.10,8.57,324.33,237.47,225.60,231.20,99.13,54.37,19.89
2026-04-30 08:09:00,2026-04-30 08:09:59,Q10,248.40,227.30,55.40,56.30,99.90,56.80,0.69,484.40,241.20,114.80,116.60,99.80,55.50,-3.20,237.50,243.50,56.40,57.60,99.90,53.90,1.34,323.43,237.33,226.60,230.50,99.87,55.40,-1.17
2026-04-30 08:10:00,2026-04-30 08:10:59,Q10,248.70,226.30,55.40,56.00,99.10,47.90,6.66,485.00,240.90,114.80,116.40,99.80,53.10,2.49,237.80,241.40,56.40,57.10,99.10,51.00,7.09,323.83,236.20,226.60,229.50,99.33,50.67,16.23
2026-04-30 08:11:00,2026-04-30 08:11:59,Q10,249.20,227.50,55.40,56.50,99.20,49.90,6.20,486.00,239.70,114.80,116.20,99.90,49.00,1.86,238.20,244.30,57.40,58.10,99.20,49.60,6.71,324.47,237.17,227.60,230.80,99.43,49.50,14.77
2026-04-30 08:12:00,2026-04-30 08:12:59,Q10,248.00,225.80,54.50,55.80,99.90,51.80,1.20,484.00,239.70,113.80,115.70,99.80,50.70,-2.74,237.40,244.80,56.40,57.80,99.90,51.10,1.80,323.13,236.77,224.70,229.30,99.87,51.20,0.26
2026-04-30 08:13:00,2026-04-30 08:13:59,Q10,248.40,227.90,55.40,56.30,99.90,48.80,1.06,484.30,241.50,114.80,116.60,99.80,54.10,-2.97,237.40,243.80,56.40,57.60,99.90,52.60,1.80,323.37,237.73,226.60,230.50,99.87,51.83,-0.11
2026-04-30 08:14:00,2026-04-30 08:14:59,Q10,248.70,225.60,54.50,55.80,99.10,50.80,6.74,485.10,242.80,115.80,117.40,99.80,52.60,2.80,237.90,243.30,56.40,57.60,99.10,50.60,7.23,323.90,237.23,226.70,230.80,99.33,51.33,16.77
2026-04-30 08:15:00,2026-04-30 08:15:59,Q10,248.40,226.60,55.40,56.00,99.50,58.10,4.63,484.30,245.30,116.80,118.60,99.90,56.30,0.63,237.30,244.10,56.40,57.80,99.60,55.10,4.94,323.33,238.67,228.60,232.40,99.67,56.50,10.20
2026-04-30 08:16:00,2026-04-30 08:16:59,Q10,248.10,225.40,54.50,55.80,99.30,48.00,5.77,483.80,246.60,116.80,118.80,99.80,50.50,2.49,237.20,245.00,57.40,58.10,99.10,47.70,7.31,323.03,239.00,228.70,232.70,99.40,48.73,15.57
2026-04-30 08:17:00,2026-04-30 08:17:59,Q10,248.30,224.10,54.50,55.60,99.60,55.10,4.20,484.30,241.20,114.80,116.60,99.90,55.60,0.20,237.40,244.90,56.40,57.80,99.50,53.50,5.46,323.33,236.73,225.70,230.00,99.67,54.73,9.86
2026-04-30 08:18:00,2026-04-30 08:18:59,Q10,248.70,225.10,54.50,55.80,99.20,47.90,6.14,485.40,242.20,115.80,117.40,99.90,50.20,2.14,238.10,246.80,57.40,58.50,99.10,48.90,7.17,324.07,238.03,227.70,231.70,99.40,49.00,15.46
2026-04-30 08:19:00,2026-04-30 08:19:59,Q10,248.80,229.40,55.40,56.80,99.90,58.30,2.11,485.40,242.90,115.80,117.40,99.90,57.80,-2.11,238.00,244.80,57.40,58.10,99.90,54.40,2.43,324.07,239.03,228.60,232.30,99.90,56.83,2.43
2026-04-30 08:20:00,2026-04-30 08:20:59,Q10,248.50,226.40,55.40,56.00,99.90,54.60,1.06,484.60,241.40,114.80,116.60,99.80,56.00,-3.03,237.60,243.00,56.40,57.60,99.90,52.70,1.54,323.57,236.93,226.60,230.20,99.87,54.43,-0.43
2026-04-30 08:21:00,2026-04-30 08:21:59,Q10,248.60,225.60,54.50,55.80,99.90,49.50,1.06,484.90,241.40,114.80,116.60,99.80,49.90,-3.29,237.80,240.80,55.40,56.90,99.90,49.30,1.29,323.77,235.93,224.70,229.30,99.87,49.57,-0.94
2026-04-30 08:22:00,2026-04-30 08:22:59,Q10,248.40,227.90,55.40,56.30,99.40,53.90,5.57,484.70,239.80,113.80,115.70,99.90,51.40,2.00,237.80,246.30,57.40,58.30,99.40,50.80,5.89,323.63,238.00,226.60,230.30,99.57,52.03,13.46
2026-04-30 08:23:00,2026-04-30 08:23:59,Q10,248.10,226.40,55.40,56.00,99.60,53.30,4.46,484.20,236.90,112.90,114.20,99.90,52.10,0.66,237.50,240.60,55.40,56.90,99.50,50.50,5.31,323.27,234.63,223.70,227.10,99.67,51.97,10.43
2026-04-30 08:24:00,2026-04-30 08:24:59,Q10,248.50,227.00,55.40,56.30,99.10,49.80,6.69,485.00,242.00,115.80,117.40,99.80,52.40,2.91,237.90,244.30,56.40,57.80,99.00,51.00,7.54,323.80,237.77,227.60,231.50,99.30,51.07,17.14
2026-04-30 08:25:00,2026-04-30 08:25:59,Q10,248.00,221.80,53.50,54.80,99.90,56.00,0.97,483.70,244.00,115.80,117.90,99.90,57.70,-2.40,237.10,238.90,55.40,56.40,99.90,57.00,2.40,322.93,234.90,224.70,229.10,99.90,56.90,0.97
2026-04-30 08:26:00,2026-04-30 08:26:59,Q10,247.90,226.70,54.50,55.80,99.90,50.60,0.80,483.90,242.60,114.80,116.90,99.80,56.00,-2.60,237.50,241.10,56.40,57.10,99.90,55.40,1.60,323.10,236.80,225.70,229.80,99.87,54.00,-0.20
2026-04-30 08:27:00,2026-04-30 08:27:59,Q10,248.50,226.50,54.90,56.00,98.90,51.90,7.54,484.90,241.00,114.80,116.60,99.70,52.80,3.69,237.80,241.80,55.90,57.10,98.80,50.40,8.46,323.73,236.43,225.60,229.70,99.13,51.70,19.69
2026-04-30 08:28:00,2026-04-30 08:28:59,Q10,248.40,221.90,53.50,54.80,99.20,51.20,6.46,484.50,243.00,115.80,117.60,99.80,52.60,3.17,237.60,240.80,54.90,56.90,98.90,54.50,7.86,323.50,235.23,224.20,229.30,99.30,52.77,17.49
2026-04-30 08:29:00,2026-04-30 08:29:59,Q10,247.90,224.30,54.50,55.30,99.90,53.00,1.34,483.50,240.50,113.80,115.90,99.90,50.90,-2.29,237.10,240.20,55.40,56.90,99.90,50.20,2.46,322.83,235.00,223.70,228.10,99.90,51.37,1.51
2026-04-30 08:30:00,2026-04-30 08:30:59,Q10,247.80,228.70,55.40,56.30,99.90,45.80,0.49,483.50,242.00,114.80,116.90,99.80,50.90,-3.17,237.20,244.10,56.40,57.80,99.90,49.80,1.54,322.83,238.27,226.60,231.00,99.87,48.83,-1.14
2026-04-30 08:31:00,2026-04-30 08:31:59,Q10,248.70,227.00,55.40,56.30,99.90,55.20,1.03,485.20,240.50,114.80,116.40,99.80,57.40,-3.00,238.00,242.90,56.40,57.60,99.90,55.40,1.60,323.97,236.80,226.60,230.30,99.87,56.00,-0.37
2026-04-30 08:32:00,2026-04-30 08:32:59,Q10,247.90,226.70,54.50,55.80,99.40,48.90,5.34,483.70,242.10,114.80,116.90,99.90,50.10,1.23,237.30,242.50,56.40,57.40,99.60,52.30,4.66,322.97,237.10,225.70,230.10,99.63,50.43,11.23
2026-04-30 08:33:00,2026-04-30 08:33:59,Q10,248.70,227.70,55.40,56.30,99.90,56.40,2.23,485.30,242.80,115.80,117.40,99.90,53.40,-1.83,238.00,244.90,57.40,58.10,99.80,55.40,3.23,324.00,238.47,228.60,231.80,99.87,55.07,3.63
2026-04-30 08:34:00,2026-04-30 08:34:59,Q10,248.90,224.30,54.50,55.60,99.20,48.80,6.09,485.60,241.70,114.80,116.90,99.90,51.00,2.17,238.20,242.90,56.40,57.60,99.10,49.40,7.06,324.23,236.30,225.70,230.10,99.40,49.73,15.31
2026-04-30 08:35:00,2026-04-30 08:35:59,Q10,248.20,228.10,55.40,56.50,99.90,50.80,1.46,484.40,242.40,115.80,117.10,99.80,54.00,-2.54,237.60,242.70,56.40,57.40,99.90,52.90,1.86,323.40,237.73,227.60,231.00,99.87,52.57,0.77
2026-04-30 08:36:00,2026-04-30 08:36:59,Q10,247.90,226.40,54.50,55.80,99.20,51.70,6.54,483.70,245.10,116.80,118.30,99.70,54.80,3.63,237.30,242.50,56.40,57.40,99.10,54.10,7.23,322.97,238.00,227.70,231.50,99.33,53.53,17.40
2026-04-30 08:37:00,2026-04-30 08:37:59,Q10,247.80,227.00,54.90,56.10,98.90,54.40,7.40,483.50,240.60,113.80,115.90,99.70,57.50,4.11,237.20,242.20,55.90,57.40,98.80,56.40,8.31,322.83,236.60,224.60,229.40,99.13,56.10,19.83
2026-04-30 08:38:00,2026-04-30 08:38:59,Q10,248.70,226.50,55.40,56.00,99.80,55.10,2.51,485.20,243.20,115.80,117.90,99.90,53.60,-1.66,237.90,242.40,56.40,57.40,99.80,52.90,3.23,323.93,237.37,227.60,231.30,99.83,53.87,4.09
2026-04-30 08:39:00,2026-04-30 08:39:59,Q10,247.90,226.70,54.50,55.80,99.70,49.90,3.74,483.80,239.30,113.80,115.40,99.90,52.50,0.51,237.30,242.70,56.40,57.40,99.50,52.40,4.91,323.00,236.23,224.70,228.60,99.70,51.60,9.17
2026-04-30 08:40:00,2026-04-30 08:40:59,Q10,247.80,227.90,54.90,56.10,98.90,49.90,7.57,483.60,243.80,115.80,117.40,99.60,49.40,4.49,237.30,237.60,54.90,56.20,98.80,50.90,8.51,322.90,236.43,225.60,229.70,99.10,50.07,20.57
2026-04-30 08:41:00,2026-04-30 08:41:59,Q10,248.20,226.40,55.40,56.00,99.90,54.80,0.46,484.40,241.40,114.80,116.60,99.80,55.50,-2.94,237.60,242.20,56.40,57.40,99.90,52.50,1.06,323.40,236.67,226.60,230.00,99.87,54.27,-1.43
2026-04-30 08:42:00,2026-04-30 08:42:59,Q10,247.70,228.20,55.40,56.30,99.00,54.20,7.26,483.30,240.60,113.80,115.90,99.60,55.90,4.71,237.10,239.50,54.90,56.60,98.80,54.90,8.40,322.70,236.10,224.10,228.80,99.13,55.00,20.37
2026-04-30 08:43:00,2026-04-30 08:43:59,Q10,248.30,227.40,55.40,56.30,99.90,58.80,1.34,484.70,242.80,115.80,117.10,99.90,58.20,-2.00,237.80,240.50,55.40,56.90,99.90,57.00,1.74,323.60,236.90,226.60,230.30,99.90,58.00,1.09
2026-04-30 08:44:00,2026-04-30 08:44:59,Q10,248.00,229.50,55.40,56.80,99.40,54.60,5.34,484.10,240.70,114.80,116.20,99.90,53.70,2.34,237.60,242.00,56.40,57.40,99.30,52.60,6.17,323.23,237.40,226.60,230.40,99.53,53.63,13.86
2026-04-30 08:45:00,2026-04-30 08:45:59,Q10,247.70,227.10,55.40,56.10,99.30,54.00,5.77,483.60,242.40,114.80,116.90,99.80,57.10,3.37,237.40,241.70,56.40,57.10,99.20,55.30,6.86,322.90,237.07,226.60,230.10,99.43,55.47,16.00
2026-04-30 08:46:00,2026-04-30 08:46:59,Q10,248.30,228.20,55.40,56.50,99.90,53.60,0.34,484.90,239.50,113.80,115.70,99.80,54.80,-2.97,238.00,242.50,56.40,57.60,99.90,52.80,0.97,323.73,236.73,225.60,229.80,99.87,53.73,-1.66
2026-04-30 08:47:00,2026-04-30 08:47:59,Q10,248.00,229.10,55.40,56.80,99.50,55.90,5.00,484.20,244.70,116.80,118.10,99.80,56.30,2.54,237.60,242.70,56.40,57.40,99.40,57.60,5.97,323.27,238.83,228.60,232.30,99.57,56.60,13.51
2026-04-30 08:48:00,2026-04-30 08:48:59,Q10,247.60,228.90,55.40,56.30,99.50,50.90,4.86,483.20,245.60,116.80,118.30,99.90,55.70,1.86,237.00,242.80,56.40,57.40,99.50,53.90,5.40,322.60,239.10,228.60,232.00,99.63,53.50,12.11
2026-04-30 08:49:00,2026-04-30 08:49:59,Q10,247.60,229.40,55.40,56.60,99.40,51.40,5.43,483.30,244.80,115.80,117.90,99.80,54.80,2.77,237.20,243.20,56.40,57.60,99.30,54.00,6.40,322.70,239.13,227.60,232.10,99.50,53.40,14.60
2026-04-30 08:50:00,2026-04-30 08:50:59,Q10,247.90,231.20,56.40,57.10,99.20,52.70,6.34,484.10,242.60,115.80,117.10,99.70,52.00,3.54,237.70,241.30,56.40,57.10,99.10,52.50,7.03,323.23,238.37,228.60,231.30,99.33,52.40,16.91
2026-04-30 08:51:00,2026-04-30 08:51:59,Q10,248.10,230.90,56.40,57.00,99.90,52.20,1.06,484.30,243.70,115.80,117.60,99.90,52.10,-2.34,237.70,243.70,56.40,57.60,99.90,51.50,0.83,323.37,239.43,228.60,232.20,99.90,51.93,-0.46
2026-04-30 08:52:00,2026-04-30 08:52:59,Q10,247.60,231.20,56.40,57.10,99.50,50.40,5.26,483.30,240.50,113.80,115.90,99.80,53.70,2.74,237.20,243.10,56.40,57.60,99.50,51.00,5.49,322.70,238.27,226.60,230.60,99.60,51.70,13.49
2026-04-30 08:53:00,2026-04-30 08:53:59,Q10,247.90,230.40,55.40,56.80,99.60,56.70,4.11,483.60,242.70,114.80,116.90,99.90,56.00,1.74,237.20,238.90,55.40,56.40,99.60,56.30,4.74,322.90,237.33,225.60,230.10,99.70,56.33,10.60
2026-04-30 08:54:00,2026-04-30 08:54:59,Q10,248.30,230.50,56.40,57.00,99.80,60.80,2.34,484.50,243.10,115.80,117.60,99.90,61.20,-2.26,237.60,244.90,56.40,57.80,99.90,59.60,2.49,323.47,239.50,228.60,232.40,99.87,60.53,2.57
2026-04-30 08:55:00,2026-04-30 08:55:59,Q10,247.40,226.80,54.50,55.80,99.30,65.00,5.94,482.60,240.30,113.80,115.70,99.80,65.60,2.46,236.70,243.40,56.40,57.30,99.30,62.90,6.31,322.23,236.83,224.70,228.80,99.47,64.50,14.71
2026-04-30 08:56:00,2026-04-30 08:56:59,Q10,247.80,217.10,52.50,53.60,99.90,55.70,0.31,483.30,237.80,112.90,114.50,99.80,58.40,-3.00,236.90,230.80,53.50,54.30,99.90,53.90,1.23,322.67,228.57,218.90,222.40,99.87,56.00,-1.46
2026-04-30 08:57:00,2026-04-30 08:57:59,Q10,248.00,87.60,20.80,21.60,99.70,71.90,-1.29,484.50,95.70,44.50,46.00,99.50,73.40,-1.97,237.90,90.20,20.80,21.30,99.90,72.10,-0.31,323.47,91.17,86.10,88.90,99.70,72.47,-3.57
2026-04-30 08:58:00,2026-04-30 08:58:59,Q10,248.40,107.30,25.70,26.50,99.80,66.10,-1.11,484.90,114.80,54.50,55.20,99.50,65.80,-2.34,238.00,113.50,25.70,26.90,99.90,62.50,-0.31,323.77,111.87,105.90,108.60,99.73,64.80,-3.77
2026-04-30 08:59:00,2026-04-30 08:59:59,Q10,247.30,149.60,35.60,36.80,99.80,62.70,2.03,482.60,161.00,76.20,77.60,99.90,62.30,0.74,236.80,159.50,36.60,37.50,99.40,61.90,3.60,322.23,156.70,148.40,151.90,99.70,62.30,6.37
2026-04-30 09:00:00,2026-04-30 09:00:59,Q10,247.50,187.00,45.50,46.20,99.40,55.70,4.40,482.60,203.70,96.00,97.80,99.80,56.30,2.09,236.50,200.70,46.50,47.20,99.00,55.80,6.00,322.20,197.13,188.00,191.20,99.40,55.93,12.49
2026-04-30 09:01:00,2026-04-30 09:01:59,Q10,247.40,163.30,39.60,40.30,99.90,77.40,-1.31,482.40,175.90,83.20,84.30,99.50,78.60,-3.71,236.50,173.60,39.60,40.80,99.90,76.90,-0.54,322.10,170.93,162.40,165.40,99.77,77.63,-5.57
2026-04-30 09:02:00,2026-04-30 09:02:59,Q10,248.30,146.50,35.60,36.20,99.80,64.20,1.54,484.30,158.40,75.20,76.50,99.90,63.00,-0.29,237.50,155.10,35.60,36.70,99.60,64.70,2.89,323.37,153.33,146.40,149.40,99.77,63.97,4.14
2026-04-30 09:03:00,2026-04-30 09:03:59,Q10,247.90,138.70,33.70,34.10,99.90,65.10,-0.71,483.60,149.30,70.30,72.00,99.70,61.20,-2.29,237.10,147.70,33.70,34.80,99.90,61.00,0.31,322.87,145.23,137.70,140.90,99.83,62.43,-2.69
2026-04-30 09:04:00,2026-04-30 09:04:59,Q10,248.30,132.60,31.70,32.70,99.90,57.80,-1.00,484.70,145.60,69.30,70.20,99.50,59.20,-2.91,237.80,143.90,32.70,33.90,99.90,59.30,-0.23,323.60,140.70,133.70,136.80,99.77,58.77,-4.14
2026-04-30 09:05:00,2026-04-30 09:05:59,Q10,248.10,134.00,32.70,33.20,99.90,66.40,-1.03,484.10,143.50,68.30,69.20,99.50,64.30,-2.74,237.40,141.50,32.70,33.40,99.90,63.10,0.14,323.20,139.67,133.70,135.80,99.77,64.60,-3.63
2026-04-30 09:06:00,2026-04-30 09:06:59,Q10,247.70,128.70,30.70,31.60,99.50,65.00,2.63,483.90,139.10,66.30,67.10,99.90,67.80,1.20,237.60,134.80,30.70,31.80,99.20,65.40,3.43,323.07,134.20,127.70,130.50,99.53,66.07,7.26
2026-04-30 09:07:00,2026-04-30 09:07:59,Q10,248.00,126.30,30.70,31.20,99.90,62.80,-0.34,484.10,138.70,65.30,66.80,99.90,65.10,-1.14,237.50,133.50,30.70,31.50,99.90,62.30,1.14,323.20,132.83,126.70,129.50,99.90,63.40,-0.34
2026-04-30 09:08:00,2026-04-30 09:08:59,Q10,248.40,124.40,29.70,30.80,99.80,62.20,-1.17,484.90,133.60,63.40,64.40,99.50,66.00,-2.74,237.90,131.50,30.70,31.00,99.90,62.40,-0.26,323.73,129.83,123.80,126.20,99.73,63.53,-4.17
2026-04-30 09:09:00,2026-04-30 09:09:59,Q10,247.80,123.10,29.70,30.40,99.90,68.10,0.40,483.50,133.60,63.40,64.20,99.90,66.70,-0.37,237.20,132.10,30.70,31.30,99.70,66.20,1.77,322.83,129.60,123.80,125.90,99.83,67.00,1.80
2026-04-30 09:10:00,2026-04-30 09:10:59,Q10,248.50,119.40,28.70,29.50,99.80,65.00,-1.20,485.00,132.10,63.40,64.00,99.50,66.30,-2.60,237.90,129.00,29.70,30.60,99.90,65.10,-0.17,323.80,126.83,121.80,124.10,99.73,65.47,-3.97
2026-04-30 09:11:00,2026-04-30 09:11:59,Q10,247.90,113.70,26.70,27.90,99.90,65.90,-0.14,484.00,126.20,59.40,61.00,99.90,66.00,-1.11,237.60,122.70,27.70,28.90,99.90,62.30,1.11,323.17,120.87,113.80,117.80,99.90,64.73,-0.14
2026-04-30 09:12:00,2026-04-30 09:12:59,Q10,248.30,111.40,26.70,27.50,99.80,64.10,-1.43,484.80,122.90,58.40,59.00,99.50,64.20,-2.46,237.90,118.10,26.70,28.00,99.90,65.10,0.00,323.67,117.47,111.80,114.50,99.73,64.47,-3.89
2026-04-30 09:13:00,2026-04-30 09:13:59,Q10,247.70,103.20,24.80,25.40,99.90,61.80,-0.49,483.50,114.70,54.50,55.10,99.80,69.00,-1.31,237.20,110.30,25.70,26.10,99.80,67.00,1.17,322.80,109.40,105.00,106.60,99.83,65.93,-0.63
2026-04-30 09:14:00,2026-04-30 09:14:59,Q10,248.40,98.50,23.80,24.30,99.90,64.10,0.20,484.80,110.30,52.50,53.20,99.90,68.80,-0.43,237.80,105.70,23.80,24.90,99.60,67.90,1.80,323.67,104.83,100.10,102.40,99.80,66.93,1.57
2026-04-30 09:15:00,2026-04-30 09:15:59,Q10,247.90,96.70,22.80,23.70,99.90,63.80,-0.57,483.90,106.70,50.50,51.20,99.80,64.00,-1.23,237.50,102.40,23.80,24.20,99.90,63.00,0.60,323.10,101.93,97.10,99.10,99.87,63.60,-1.20
2026-04-30 09:16:00,2026-04-30 09:16:59,Q10,247.90,94.50,22.80,23.20,99.90,63.00,0.31,483.80,107.70,50.50,51.70,99.90,64.10,-0.14,237.30,101.10,22.80,23.90,99.40,63.50,2.23,323.00,101.10,96.10,98.80,99.73,63.53,2.40
2026-04-30 09:17:00,2026-04-30 09:17:59,Q10,248.40,97.20,23.80,24.10,99.90,67.20,-0.57,485.00,108.60,51.50,52.40,99.70,68.30,-1.63,238.00,106.10,24.80,25.20,99.90,68.10,0.51,323.80,103.97,100.10,101.70,99.83,67.87,-1.69
2026-04-30 09:18:00,2026-04-30 09:18:59,Q10,247.70,94.10,22.80,23.20,99.90,65.70,0.20,483.80,100.80,47.50,48.30,99.90,68.20,-0.23,237.50,96.80,21.80,22.80,99.80,66.10,1.14,323.00,97.23,92.10,94.30,99.87,66.67,1.11
2026-04-30 09:19:00,2026-04-30 09:19:59,Q10,248.10,87.80,20.80,21.60,99.50,67.30,-1.63,484.10,95.90,44.50,46.00,99.30,69.40,-2.20,237.50,94.30,21.80,22.30,99.90,67.40,-0.66,323.23,92.67,87.10,89.90,99.57,68.03,-4.49
2026-04-30 09:20:00,2026-04-30 09:20:59,Q10,248.50,89.40,21.80,22.10,99.90,69.90,-0.03,485.20,96.60,45.50,46.60,99.90,70.20,-0.51,238.20,91.40,20.80,21.70,99.80,65.50,1.00,323.97,92.47,88.10,90.40,99.87,68.53,0.46
2026-04-30 09:21:00,2026-04-30 09:21:59,Q10,248.00,86.00,20.80,21.30,99.60,64.10,-1.54,484.10,97.20,45.50,46.90,99.30,68.50,-2.11,237.50,92.30,20.80,21.80,99.90,69.70,-0.66,323.20,91.83,87.10,90.00,99.60,67.43,-4.31
2026-04-30 09:22:00,2026-04-30 09:22:59,Q10,248.50,85.70,20.80,21.10,99.70,67.90,-1.17,485.30,94.80,44.50,45.60,99.40,72.80,-1.89,238.30,91.00,20.80,21.70,99.90,68.30,-0.51,324.03,90.50,86.10,88.40,99.67,69.67,-3.57
2026-04-30 09:23:00,2026-04-30 09:23:59,Q10,248.00,83.60,19.80,20.60,99.90,66.40,-0.66,484.20,94.00,44.50,45.50,99.80,73.90,-1.03,237.70,89.60,20.80,21.10,99.90,70.00,0.40,323.30,89.07,85.10,87.20,99.87,70.10,-1.29
2026-04-30 09:24:00,2026-04-30 09:24:59,Q10,248.20,84.90,19.80,20.80,99.90,75.10,-0.51,484.60,92.40,43.60,44.50,99.70,78.20,-1.29,237.80,86.60,19.80,20.40,99.90,74.20,0.17,323.53,87.97,83.20,85.70,99.83,75.83,-1.63
2026-04-30 09:25:00,2026-04-30 09:25:59,Q10,247.90,86.00,20.80,21.20,99.60,70.50,-1.40,484.40,90.10,42.60,43.60,99.10,71.60,-2.34,237.90,89.10,20.80,21.10,99.80,71.80,-0.91,323.40,88.40,84.20,85.90,99.50,71.30,-4.66
2026-04-30 09:26:00,2026-04-30 09:26:59,Q10,248.20,85.10,20.80,21.10,99.90,68.70,0.03,484.70,90.40,42.60,43.60,99.90,68.60,-0.74,237.90,90.50,20.80,21.30,99.90,67.10,0.77,323.60,88.67,84.20,86.00,99.90,68.13,0.06
2026-04-30 09:27:00,2026-04-30 09:27:59,Q10,247.60,82.90,19.80,20.30,99.90,66.60,-0.46,483.70,91.80,42.60,44.00,99.70,72.10,-1.31,237.50,87.70,19.80,20.60,99.90,67.60,0.06,322.93,87.47,82.20,84.90,99.83,68.77,-1.71
2026-04-30 09:28:00,2026-04-30 09:28:59,Q10,248.30,86.00,20.80,21.30,99.90,69.20,-0.51,485.20,92.50,43.60,44.60,99.60,67.80,-1.46,238.30,91.00,21.00,21.70,100.00,63.80,0.00,323.93,89.83,85.40,87.60,99.83,66.93,-1.97
2026-04-30 09:29:00,2026-04-30 09:29:59,Q10,248.10,87.50,20.80,21.60,99.60,62.90,-1.43,484.70,95.40,44.50,46.00,99.20,62.30,-2.34,237.90,92.70,20.80,21.80,99.80,61.50,-0.94,323.57,91.87,86.10,89.40,99.53,62.23,-4.71
2026-04-30 09:30:00,2026-04-30 09:30:59,Q10,248.50,86.40,20.80,21.30,99.90,67.20,0.17,485.40,95.80,45.50,46.10,99.90,68.80,-0.80,238.30,94.20,21.80,22.40,99.90,68.20,0.66,324.07,92.13,88.10,89.80,99.90,68.07,0.03
2026-04-30 09:31:00,2026-04-30 09:31:59,Q10,248.30,85.10,20.80,21.10,99.90,65.00,0.00,485.10,93.30,44.50,45.10,99.70,68.40,-1.31,238.20,91.20,20.80,21.70,99.90,67.40,0.46,323.87,89.87,86.10,87.90,99.83,66.93,-0.86
2026-04-30 09:32:00,2026-04-30 09:32:59,Q10,247.60,91.20,21.80,22.50,99.90,66.70,0.14,483.50,97.40,45.50,46.90,99.90,68.40,-0.66,237.40,95.30,21.80,22.50,99.90,69.40,0.66,322.83,94.63,89.10,91.90,99.90,68.17,0.14
2026-04-30 09:33:00,2026-04-30 09:33:59,Q10,248.20,90.30,21.80,22.30,99.90,68.40,0.40,484.60,96.60,45.50,46.50,99.90,69.20,-0.57,238.00,95.00,21.80,22.60,99.80,68.20,0.91,323.60,93.97,89.10,91.40,99.87,68.60,0.74
2026-04-30 09:34:00,2026-04-30 09:34:59,Q10,248.30,87.70,20.80,21.60,99.90,61.00,0.57,484.90,94.40,44.50,45.50,99.90,68.10,-0.06,238.00,91.00,20.80,21.70,99.70,66.50,1.31,323.73,91.03,86.10,88.80,99.83,65.20,1.83
2026-04-30 09:35:00,2026-04-30 09:35:59,Q10,247.80,84.50,19.80,20.70,99.50,66.90,-1.54,484.00,89.80,42.60,43.10,99.10,70.30,-2.43,237.70,88.90,19.80,20.90,99.70,66.60,-1.14,323.17,87.73,82.20,84.70,99.43,67.93,-5.11
2026-04-30 09:36:00,2026-04-30 09:36:59,Q10,248.20,85.00,20.80,21.10,99.60,63.80,-1.49,484.70,92.30,43.60,44.50,99.00,64.90,-2.57,237.90,91.80,20.80,21.60,99.80,63.20,-1.03,323.60,89.70,85.20,87.20,99.47,63.97,-5.09
2026-04-30 09:37:00,2026-04-30 09:37:59,Q10,248.30,83.50,19.80,20.60,99.90,69.80,-0.40,484.90,89.40,42.60,43.10,99.80,69.90,-1.11,238.30,87.70,19.80,20.70,99.90,70.60,-0.26,323.83,86.87,82.20,84.40,99.87,70.10,-1.77
2026-04-30 09:38:00,2026-04-30 09:38:59,Q10,248.20,81.90,19.80,20.10,99.90,71.30,0.63,484.80,89.10,42.60,43.10,99.90,74.40,-0.37,238.10,86.80,19.80,20.50,99.80,70.90,0.83,323.70,85.93,82.20,83.70,99.87,72.20,1.09
2026-04-30 09:39:00,2026-04-30 09:39:59,Q10,248.00,84.70,19.80,20.80,99.70,64.30,1.06,484.60,89.20,42.60,43.10,99.90,69.60,0.20,238.10,87.50,19.80,20.70,99.50,67.10,1.66,323.57,87.13,82.20,84.60,99.70,67.00,2.91
2026-04-30 09:40:00,2026-04-30 09:40:59,Q10,248.30,83.60,19.80,20.60,99.70,71.60,-1.26,484.90,91.50,43.60,44.00,99.20,72.50,-2.26,238.10,89.80,20.80,21.20,99.80,71.70,-0.97,323.77,88.30,84.20,85.80,99.57,71.93,-4.49
2026-04-30 09:41:00,2026-04-30 09:41:59,Q10,247.80,84.00,19.80,20.70,99.90,69.30,0.37,483.90,90.10,42.60,43.50,99.90,71.80,-0.40,237.60,88.40,19.80,20.90,99.80,70.30,1.06,323.10,87.50,82.20,85.10,99.87,70.47,1.03
2026-04-30 09:42:00,2026-04-30 09:42:59,Q10,247.40,82.80,19.80,20.30,99.90,70.20,0.20,483.10,89.60,41.60,43.00,99.90,69.70,-0.17,237.10,86.30,19.80,20.40,99.90,69.90,0.66,322.53,86.23,81.20,83.70,99.90,69.93,0.69
2026-04-30 09:43:00,2026-04-30 09:43:59,Q10,248.40,84.40,19.80,20.80,99.90,65.10,0.17,485.00,91.20,43.60,44.10,99.90,67.30,-0.63,238.10,87.30,19.80,20.70,99.90,64.40,0.77,323.83,87.63,83.20,85.60,99.90,65.60,0.31
2026-04-30 09:44:00,2026-04-30 09:44:59,Q10,247.70,86.30,20.80,21.20,99.60,70.00,-1.46,483.70,94.40,44.50,45.40,99.10,74.80,-2.43,237.50,89.30,20.80,21.10,99.80,71.00,-1.00,322.97,90.00,86.10,87.70,99.50,71.93,-4.89
2026-04-30 09:45:00,2026-04-30 09:45:59,Q10,248.10,86.70,20.80,21.30,99.70,65.10,-1.20,484.70,92.90,43.60,44.50,99.10,66.20,-2.37,238.10,91.50,20.80,21.70,99.80,67.10,-1.11,323.63,90.37,85.20,87.50,99.53,66.13,-4.69
2026-04-30 09:46:00,2026-04-30 09:46:59,Q10,248.20,86.60,20.80,21.30,99.80,66.40,0.97,484.70,93.70,44.50,45.00,99.90,71.80,0.09,237.90,91.50,20.80,21.60,99.50,71.20,1.77,323.60,90.60,86.10,87.90,99.73,69.80,2.83
2026-04-30 09:47:00,2026-04-30 09:47:59,Q10,247.80,90.80,21.80,22.20,99.70,66.30,-1.23,484.10,97.50,45.50,46.90,99.20,71.20,-2.37,237.70,97.20,21.80,23.00,99.80,71.30,-1.03,323.20,95.17,89.10,92.10,99.57,69.60,-4.63
2026-04-30 09:48:00,2026-04-30 09:48:59,Q10,248.00,94.20,22.80,23.30,99.90,59.60,0.60,484.10,100.50,47.50,48.40,99.90,64.10,-0.54,237.60,98.90,22.80,23.20,99.80,63.30,1.09,323.23,97.87,93.10,94.90,99.87,62.33,1.14
2026-04-30 09:49:00,2026-04-30 09:49:59,Q10,247.40,94.40,22.80,23.20,99.90,66.40,0.49,483.30,100.00,47.50,48.30,99.90,65.90,-0.46,237.40,97.50,21.80,23.00,99.90,64.20,0.83,322.70,97.30,92.10,94.50,99.90,65.50,0.86
2026-04-30 09:50:00,2026-04-30 09:50:59,Q10,247.60,93.50,21.80,23.00,99.90,62.80,0.54,483.60,99.60,46.50,47.80,99.90,65.50,-0.23,237.50,97.60,21.80,23.00,99.80,63.40,1.11,322.90,96.90,90.10,93.80,99.87,63.90,1.43
2026-04-30 09:51:00,2026-04-30 09:51:59,Q10,247.40,93.10,21.80,23.00,99.70,72.60,-1.43,483.30,100.50,47.50,48.30,99.20,75.60,-2.37,237.40,96.10,21.80,22.80,99.80,71.90,-0.94,322.70,96.57,91.10,94.10,99.57,73.37,-4.74
2026-04-30 09:52:00,2026-04-30 09:52:59,Q10,248.40,96.70,22.80,23.80,99.90,65.90,0.89,485.20,102.10,48.50,49.50,99.90,71.20,-0.31,238.30,102.80,23.80,24.30,99.80,67.50,1.14,323.97,100.53,95.10,97.60,99.87,68.20,1.71
2026-04-30 09:53:00,2026-04-30 09:53:59,Q10,248.40,113.60,27.70,28.00,99.90,67.00,0.00,485.10,122.80,58.40,59.20,99.80,66.30,-1.46,238.20,119.90,27.70,28.30,99.90,60.40,0.31,323.90,118.77,113.80,115.50,99.87,64.57,-1.14
2026-04-30 09:54:00,2026-04-30 09:54:59,Q10,247.60,106.40,25.70,26.20,99.70,66.20,-1.43,483.60,114.80,54.50,55.10,99.40,64.20,-2.43,237.40,112.40,25.70,26.50,99.80,62.20,-1.03,322.87,111.20,105.90,107.80,99.63,64.20,-4.89
2026-04-30 09:55:00,2026-04-30 09:55:59,Q10,247.90,108.50,25.70,26.70,99.80,69.80,-1.29,484.30,115.50,54.50,55.70,99.40,72.00,-2.49,237.80,114.80,26.70,27.00,99.90,70.10,-1.00,323.33,112.93,106.90,109.40,99.70,70.63,-4.77
2026-04-30 09:56:00,2026-04-30 09:56:59,Q10,248.30,99.00,23.80,24.60,99.90,81.50,0.40,484.80,107.40,50.50,51.80,99.90,84.50,-0.43,237.90,103.10,23.80,24.40,99.80,80.20,1.11,323.67,103.17,98.10,100.80,99.87,82.07,1.09
2026-04-30 09:57:00,2026-04-30 09:57:59,Q10,247.70,99.00,23.80,24.50,99.70,70.30,-1.29,483.80,103.90,48.50,49.70,99.30,69.10,-2.31,237.50,103.90,23.80,24.40,99.80,68.00,-1.03,323.00,102.27,96.10,98.60,99.60,69.13,-4.63
2026-04-30 09:58:00,2026-04-30 09:58:59,Q10,247.70,98.90,23.80,24.20,99.90,66.70,-0.89,483.70,106.70,50.50,51.20,99.60,69.20,-1.83,237.40,103.50,23.80,24.40,99.90,67.80,-0.09,322.93,103.03,98.10,99.80,99.80,67.90,-2.80
2026-04-30 09:59:00,2026-04-30 09:59:59,Q10,248.30,97.80,23.80,24.10,99.90,66.20,0.40,484.90,102.20,48.50,49.40,99.90,69.90,-0.63,238.00,102.10,23.80,24.30,99.90,65.70,0.91,323.73,100.70,96.10,97.80,99.90,67.27,0.69
2026-04-30 10:00:00,2026-04-30 10:00:59,Q10,248.70,91.70,21.80,22.60,99.80,71.30,-1.17,485.50,99.30,47.50,48.00,99.20,72.30,-2.51,238.30,98.50,22.80,23.30,99.80,67.90,-1.20,324.17,96.50,92.10,93.90,99.60,70.50,-4.89
2026-04-30 10:01:00,2026-04-30 10:01:59,Q10,248.70,95.40,22.80,23.60,99.80,66.30,-1.17,485.60,100.60,47.50,48.50,99.20,67.00,-2.46,238.40,100.50,22.80,23.80,99.80,65.30,-1.14,324.23,98.83,93.10,95.90,99.60,66.20,-4.77
2026-04-30 10:02:00,2026-04-30 10:02:59,Q10,248.20,93.40,22.80,23.10,99.70,65.30,-1.26,484.70,98.60,46.50,47.40,99.30,64.80,-2.31,238.00,97.10,22.80,23.10,99.80,63.50,-1.03,323.63,96.37,92.10,93.60,99.60,64.53,-4.60
2026-04-30 10:03:00,2026-04-30 10:03:59,Q10,248.70,94.20,22.80,23.30,99.80,68.60,-1.20,485.60,102.00,48.50,49.50,99.20,68.50,-2.43,238.30,100.40,22.80,23.80,99.80,63.40,-0.97,324.20,98.87,94.10,96.60,99.60,66.83,-4.60
2026-04-30 10:04:00,2026-04-30 10:04:59,Q10,248.40,96.90,22.80,23.80,99.90,65.90,0.51,485.30,103.70,48.50,50.00,99.90,65.70,-0.60,238.20,102.00,23.80,24.30,99.80,64.70,1.03,323.97,100.87,95.10,98.10,99.87,65.43,0.94
2026-04-30 10:05:00,2026-04-30 10:05:59,Q10,248.40,95.50,22.80,23.60,99.80,66.10,-1.17,484.80,102.40,48.50,49.40,99.20,65.90,-2.51,237.90,101.00,22.80,23.90,99.90,64.10,-0.89,323.70,99.63,94.10,96.90,99.63,65.37,-4.57
2026-04-30 10:06:00,2026-04-30 10:06:59,Q10,247.90,93.20,21.80,23.00,99.70,73.10,-1.34,484.10,100.10,47.50,48.40,99.20,77.80,-2.46,237.60,98.30,22.80,23.20,99.80,74.10,-1.09,323.20,97.20,92.10,94.60,99.57,75.00,-4.89
2026-04-30 10:07:00,2026-04-30 10:07:59,Q10,248.60,90.50,21.80,22.30,99.90,68.40,-0.09,485.30,98.40,46.50,47.50,99.80,71.20,-1.14,238.10,96.80,21.80,22.80,99.90,69.80,0.26,324.00,95.23,90.10,92.60,99.87,69.80,-0.97
2026-04-30 10:08:00,2026-04-30 10:08:59,Q10,248.70,92.90,21.80,22.80,99.70,68.60,-1.34,485.30,97.60,46.50,47.00,99.20,74.40,-2.37,238.20,95.70,21.80,22.60,99.80,72.30,-0.89,324.07,95.40,90.10,92.40,99.57,71.77,-4.60
2026-04-30 10:09:00,2026-04-30 10:09:59,Q10,248.90,90.50,21.80,22.30,99.90,72.80,0.29,486.00,98.90,46.50,47.60,99.90,73.50,-0.71,238.50,98.30,22.80,23.30,99.90,72.10,0.66,324.47,95.90,91.10,93.20,99.90,72.80,0.23
2026-04-30 10:10:00,2026-04-30 10:10:59,Q10,248.10,92.60,21.80,22.80,99.90,73.50,0.69,484.30,98.50,46.50,47.40,99.90,71.60,-0.40,237.60,96.70,21.80,22.80,99.80,68.90,1.00,323.33,95.93,90.10,93.00,99.87,71.33,1.29
2026-04-30 10:11:00,2026-04-30 10:11:59,Q10,248.50,94.10,22.80,23.30,99.90,68.80,-0.34,485.10,99.90,47.50,48.00,99.60,70.20,-1.66,238.10,98.70,22.80,23.30,99.90,66.80,-0.23,323.90,97.57,93.10,94.60,99.80,68.60,-2.23
2026-04-30 10:12:00,2026-04-30 10:12:59,Q10,248.10,93.70,22.80,23.10,99.90,69.20,0.63,484.20,99.90,46.50,47.90,99.90,69.90,-0.54,237.60,97.70,21.80,23.00,99.80,70.90,1.11,323.30,97.10,91.10,94.00,99.87,70.00,1.20
2026-04-30 10:13:00,2026-04-30 10:13:59,Q10,247.90,94.70,22.80,23.20,99.80,67.20,-0.94,483.90,99.90,46.50,47.80,99.40,67.40,-2.14,237.40,102.80,23.80,24.20,99.90,65.50,-0.66,323.07,99.13,93.10,95.20,99.70,66.70,-3.74
2026-04-30 10:14:00,2026-04-30 10:14:59,Q10,248.80,94.80,22.80,23.30,99.80,63.50,-1.00,485.70,98.80,46.50,47.50,99.10,61.00,-2.54,238.40,99.50,22.80,23.60,99.80,60.80,-1.14,324.30,97.70,92.10,94.40,99.57,61.77,-4.69
2026-04-30 10:15:00,2026-04-30 10:15:59,Q10,248.20,92.20,21.80,22.80,99.90,64.80,0.09,484.40,100.50,47.50,48.40,99.80,70.10,-1.23,237.60,97.80,21.80,23.00,99.90,70.40,0.23,323.40,96.83,91.10,94.20,99.87,68.43,-0.91
2026-04-30 10:16:00,2026-04-30 10:16:59,Q10,248.50,89.70,21.80,22.10,99.90,60.30,0.31,485.00,97.60,46.50,47.00,99.80,61.40,-1.00,238.00,98.20,22.80,23.30,99.90,60.50,0.54,323.83,95.17,91.10,92.40,99.87,60.73,-0.14
2026-04-30 10:17:00,2026-04-30 10:17:59,Q10,247.90,94.30,22.80,23.20,99.70,68.30,1.40,483.90,102.10,48.50,49.30,99.90,70.20,-0.11,237.50,100.60,22.80,23.70,99.60,68.90,1.71,323.10,99.00,94.10,96.20,99.73,69.13,3.00
2026-04-30 10:18:00,2026-04-30 10:18:59,Q10,248.70,95.70,22.80,23.60,99.90,64.90,0.37,485.40,101.90,47.50,49.00,99.80,68.10,-1.26,238.10,101.60,23.80,24.00,99.90,66.40,0.46,324.07,99.73,94.10,96.60,99.87,66.47,-0.43
2026-04-30 10:19:00,2026-04-30 10:19:59,Q10,248.60,92.60,21.80,22.80,99.60,69.20,1.46,485.20,96.90,45.50,46.60,99.90,73.10,-0.34,238.00,100.30,22.80,23.80,99.70,71.20,1.54,323.93,96.60,90.10,93.20,99.73,71.17,2.66
2026-04-30 10:20:00,2026-04-30 10:20:59,Q10,248.20,92.40,21.80,22.80,99.90,64.00,0.74,484.40,102.00,48.50,49.40,99.90,64.90,-0.86,237.70,99.80,22.80,23.50,99.80,62.90,1.09,323.43,98.07,93.10,95.70,99.87,63.93,0.97
2026-04-30 10:21:00,2026-04-30 10:21:59,Q10,247.80,95.20,22.80,23.50,99.90,63.90,0.17,483.70,104.00,49.50,50.20,99.60,66.30,-1.66,237.40,104.30,23.80,24.60,99.90,63.80,0.11,322.97,101.17,96.10,98.30,99.80,64.67,-1.37
2026-04-30 10:22:00,2026-04-30 10:22:59,Q10,248.50,96.30,22.80,23.80,99.90,69.30,-0.26,485.00,104.70,49.50,50.40,99.50,72.30,-2.06,237.90,105.40,23.80,24.90,99.90,66.30,-0.20,323.80,102.13,96.10,99.10,99.77,69.30,-2.51
2026-04-30 10:23:00,2026-04-30 10:23:59,Q10,248.40,98.30,23.80,24.30,99.90,69.10,0.43,484.90,105.40,49.50,50.80,99.60,69.40,-1.77,237.90,107.70,24.80,25.40,99.90,68.00,0.37,323.73,103.80,98.10,100.50,99.80,68.83,-0.97
2026-04-30 10:24:00,2026-04-30 10:24:59,Q10,247.80,97.50,22.80,24.00,99.80,63.50,1.11,483.70,103.30,48.50,49.70,99.90,69.20,-0.94,237.40,105.50,23.80,24.90,99.80,66.80,1.11,322.97,102.10,95.10,98.60,99.83,66.50,1.29
2026-04-30 10:25:00,2026-04-30 10:25:59,Q10,248.40,93.20,22.80,23.10,99.80,68.40,-0.89,484.70,102.20,48.50,49.40,99.00,71.10,-2.80,237.70,103.60,23.80,24.40,99.90,68.10,-0.89,323.60,99.67,95.10,96.90,99.57,69.20,-4.57
2026-04-30 10:26:00,2026-04-30 10:26:59,Q10,248.30,97.10,23.80,24.10,99.80,65.20,-0.94,484.80,105.40,49.50,50.80,99.00,69.20,-2.91,237.90,106.00,24.80,25.10,99.80,66.40,-1.03,323.67,102.83,98.10,100.00,99.53,66.93,-4.89
2026-04-30 10:27:00,2026-04-30 10:27:59,Q10,248.40,97.80,23.80,24.10,99.80,67.20,-0.91,484.80,104.70,49.50,50.30,99.20,69.00,-2.69,237.90,105.10,23.80,24.90,99.90,63.00,-0.69,323.70,102.53,97.10,99.30,99.63,66.40,-4.29
2026-04-30 10:28:00,2026-04-30 10:28:59,Q10,248.30,95.10,22.80,23.60,99.90,71.90,0.23,484.60,102.30,48.50,49.40,99.70,75.20,-1.51,237.80,103.30,23.80,24.40,99.90,72.50,0.31,323.57,100.23,95.10,97.40,99.83,73.20,-0.97
2026-04-30 10:29:00,2026-04-30 10:29:59,Q10,248.00,94.20,22.80,23.30,99.80,63.30,-1.14,484.00,101.30,47.50,48.90,99.10,66.00,-2.74,237.40,102.90,23.80,24.20,99.90,66.10,-0.77,323.13,99.47,94.10,96.40,99.60,65.13,-4.66
2026-04-30 10:30:00,2026-04-30 10:30:59,Q10,248.20,98.80,23.80,24.30,99.90,68.40,0.51,484.10,107.00,50.50,51.80,99.80,69.30,-1.20,237.40,106.10,24.80,25.10,99.80,66.40,0.97,323.23,103.97,99.10,101.20,99.83,68.03,0.29
2026-04-30 10:31:00,2026-04-30 10:31:59,Q10,248.30,92.30,21.80,22.80,99.80,63.10,-1.11,484.80,103.00,48.50,49.90,99.10,64.50,-2.71,237.90,100.60,22.80,23.70,99.90,62.70,-0.71,323.67,98.63,93.10,96.40,99.60,63.43,-4.54
2026-04-30 10:32:00,2026-04-30 10:32:59,Q10,247.80,92.30,21.80,22.70,99.70,76.10,-1.34,483.40,99.70,46.50,47.80,99.20,75.20,-2.57,237.20,99.70,22.80,23.50,99.90,72.40,-0.71,322.80,97.23,91.10,94.00,99.60,74.57,-4.63
2026-04-30 10:33:00,2026-04-30 10:33:59,Q10,248.40,93.40,22.80,23.10,99.80,75.80,-1.17,484.90,102.40,48.50,49.40,99.20,80.50,-2.54,237.90,100.80,22.80,23.70,99.90,78.90,-0.74,323.73,98.87,94.10,96.20,99.63,78.40,-4.46
2026-04-30 10:34:00,2026-04-30 10:34:59,Q10,248.10,92.20,21.80,22.80,99.90,68.10,-0.83,484.10,103.70,48.50,49.90,99.40,66.90,-2.09,237.40,101.40,22.80,23.90,99.90,66.80,-0.46,323.20,99.10,93.10,96.60,99.73,67.27,-3.37
2026-04-30 10:35:00,2026-04-30 10:35:59,Q10,248.70,94.80,22.80,23.30,99.80,67.30,1.11,485.50,101.40,47.50,49.00,99.90,68.80,-0.37,238.20,100.70,22.80,23.80,99.70,64.70,1.31,324.13,98.97,93.10,96.10,99.80,66.93,2.06
2026-04-30 10:36:00,2026-04-30 10:36:59,Q10,248.40,97.50,23.80,24.10,99.60,79.70,-1.74,484.70,105.70,49.50,50.80,99.00,82.70,-2.94,237.70,104.50,23.80,24.60,99.70,79.40,-1.57,323.60,102.57,97.10,99.50,99.43,80.60,-6.26
2026-04-30 10:37:00,2026-04-30 10:37:59,Q10,248.30,95.60,22.80,23.60,99.80,66.90,0.89,484.50,100.10,47.50,48.40,99.90,67.20,-0.57,237.70,101.50,22.80,23.90,99.70,65.10,1.31,323.50,99.07,93.10,95.90,99.80,66.40,1.63
2026-04-30 10:38:00,2026-04-30 10:38:59,Q10,248.30,90.70,21.80,22.30,99.80,71.30,-1.00,484.30,100.70,47.50,48.40,99.20,72.50,-2.43,237.50,98.80,22.80,23.20,99.90,71.30,-0.66,323.37,96.73,92.10,93.90,99.63,71.70,-4.09
2026-04-30 10:39:00,2026-04-30 10:39:59,Q10,247.80,96.20,22.80,23.70,99.70,71.30,1.49,483.30,104.10,49.50,50.20,99.90,74.60,0.09,237.00,102.00,23.80,24.20,99.60,71.90,1.80,322.70,100.77,96.10,98.10,99.73,72.60,3.37
2026-04-30 10:40:00,2026-04-30 10:40:59,Q10,248.30,95.60,22.80,23.60,99.70,69.00,-1.26,484.30,102.70,48.50,49.40,99.10,70.70,-2.66,237.50,100.50,22.80,23.70,99.80,68.10,-1.00,323.37,99.60,94.10,96.70,99.53,69.27,-4.91
2026-04-30 10:41:00,2026-04-30 10:41:59,Q10,248.40,90.00,21.80,22.30,99.70,91.40,-1.20,485.00,95.20,45.50,46.10,99.00,94.10,-2.66,238.00,96.60,21.80,22.80,99.80,89.70,-1.23,323.80,93.93,89.10,91.20,99.50,91.73,-5.09
2026-04-30 10:42:00,2026-04-30 10:42:59,Q10,248.30,89.20,21.80,22.10,99.90,63.70,-0.40,484.60,95.30,44.50,46.00,99.70,68.20,-1.46,237.70,97.30,21.80,23.00,99.90,67.80,0.00,323.53,93.93,88.10,91.10,99.83,66.57,-1.86
2026-04-30 10:43:00,2026-04-30 10:43:59,Q10,248.20,92.80,21.80,22.80,99.80,72.00,-1.17,484.50,99.20,46.50,47.90,99.20,76.40,-2.51,237.70,98.70,22.80,23.20,99.80,69.40,-1.17,323.47,96.90,91.10,93.90,99.60,72.60,-4.86
2026-04-30 10:44:00,2026-04-30 10:44:59,Q10,247.70,91.60,21.80,22.50,99.80,69.00,-1.14,483.40,97.40,45.50,46.90,99.10,72.70,-2.63,237.20,97.70,21.80,23.00,99.80,69.60,-1.26,322.77,95.57,89.10,92.40,99.57,70.43,-5.03
2026-04-30 10:45:00,2026-04-30 10:45:59,Q10,247.80,94.80,22.80,23.20,99.70,69.70,-1.26,483.70,101.90,47.50,48.80,99.00,74.90,-2.74,237.30,99.40,22.80,23.50,99.80,74.60,-1.11,322.93,98.70,93.10,95.50,99.50,73.07,-5.11
2026-04-30 10:46:00,2026-04-30 10:46:59,Q10,247.60,92.90,21.80,22.70,99.90,71.90,-0.54,483.20,96.70,45.50,46.40,99.50,70.70,-1.83,237.00,96.00,21.80,22.80,99.90,67.90,-0.43,322.60,95.20,89.10,91.90,99.77,70.17,-2.80
2026-04-30 10:47:00,2026-04-30 10:47:59,Q10,247.80,93.00,21.80,23.00,99.90,66.00,0.31,483.60,98.90,46.50,47.30,99.90,69.80,-0.69,237.30,98.40,22.80,23.20,99.90,66.90,0.66,322.90,96.77,91.10,93.50,99.90,67.57,0.29
2026-04-30 10:48:00,2026-04-30 10:48:59,Q10,248.10,94.10,22.80,23.30,99.90,69.30,0.23,484.20,99.00,46.50,47.90,99.80,68.00,-1.00,237.50,99.90,22.80,23.50,99.90,68.00,0.43,323.27,97.67,92.10,94.70,99.87,68.43,-0.34
2026-04-30 10:49:00,2026-04-30 10:49:59,Q10,247.90,94.00,22.80,23.20,99.90,65.90,-0.49,483.90,97.70,45.50,46.90,99.40,67.90,-2.11,237.40,99.30,22.80,23.50,99.90,65.70,-0.69,323.07,97.00,91.10,93.60,99.73,66.50,-3.29
2026-04-30 10:50:00,2026-04-30 10:50:59,Q10,247.80,87.30,20.80,21.50,99.70,66.50,-1.17,483.50,93.40,43.60,44.90,99.00,75.60,-2.69,237.20,93.90,21.80,22.00,99.80,71.10,-0.94,322.83,91.53,86.20,88.40,99.50,71.07,-4.80
2026-04-30 10:51:00,2026-04-30 10:51:59,Q10,248.00,91.40,21.80,22.60,99.90,62.50,0.43,483.70,94.80,44.50,45.40,99.80,64.40,-0.89,237.20,93.20,21.80,22.00,99.90,61.90,0.71,322.97,93.13,88.10,90.00,99.87,62.93,0.26
2026-04-30 10:52:00,2026-04-30 10:52:59,Q10,247.50,91.90,21.80,22.50,99.90,67.80,-0.14,483.20,98.70,46.50,47.30,99.80,70.30,-1.09,237.10,96.50,21.80,22.80,99.90,67.50,0.09,322.60,95.70,90.10,92.60,99.87,68.53,-1.14
2026-04-30 10:53:00,2026-04-30 10:53:59,Q10,248.10,91.70,21.80,22.60,99.90,63.40,0.20,484.10,97.90,45.50,46.90,99.80,66.30,-0.91,237.40,97.30,21.80,23.00,99.90,64.00,0.51,323.20,95.63,89.10,92.50,99.87,64.57,-0.20
2026-04-30 10:54:00,2026-04-30 10:54:59,Q10,248.30,91.00,21.80,22.60,99.80,65.20,0.89,484.50,95.90,44.50,46.00,99.90,68.00,-0.31,237.60,94.20,21.80,22.30,99.80,65.20,1.06,323.47,93.70,88.10,90.90,99.83,66.13,1.63
2026-04-30 10:55:00,2026-04-30 10:55:59,Q10,248.00,92.20,21.80,22.80,99.90,71.20,0.34,484.00,99.70,46.50,47.90,99.90,73.30,-0.80,237.40,97.30,21.80,23.00,99.90,69.00,0.66,323.13,96.40,90.10,93.70,99.90,71.17,0.20
2026-04-30 10:56:00,2026-04-30 10:56:59,Q10,247.80,88.30,20.80,21.70,99.90,73.50,0.71,483.40,93.80,43.60,44.90,99.90,73.80,-0.74,237.10,93.50,21.80,22.00,99.80,66.90,0.91,322.77,91.87,86.20,88.60,99.87,71.40,0.89
2026-04-30 10:57:00,2026-04-30 10:57:59,Q10,247.80,89.20,20.80,22.00,99.80,61.20,-1.03,483.30,92.60,43.60,44.40,99.10,64.20,-2.46,237.00,94.30,21.80,22.30,99.80,62.70,-1.20,322.70,92.03,86.20,88.70,99.57,62.70,-4.69
2026-04-30 10:58:00,2026-04-30 10:58:59,Q10,247.80,90.00,21.80,22.20,99.90,68.30,0.34,483.40,93.70,43.60,44.90,99.90,65.60,-0.46,237.00,95.60,21.80,22.50,99.90,63.80,0.54,322.73,93.10,87.20,89.60,99.90,65.90,0.43
2026-04-30 10:59:00,2026-04-30 10:59:59,Q10,247.90,93.90,21.80,23.00,99.90,65.40,0.74,483.70,95.90,44.50,45.90,99.90,72.30,-0.31,237.30,96.80,21.80,22.80,99.90,65.30,0.74,322.97,95.53,88.10,91.70,99.90,67.67,1.17
2026-04-30 11:00:00,2026-04-30 11:00:59,Q10,247.60,89.70,20.80,22.00,99.90,66.20,0.31,483.20,94.80,44.50,45.40,99.90,67.60,-0.46,237.00,94.90,21.80,22.30,99.80,66.40,0.97,322.60,93.13,87.10,89.70,99.87,66.73,0.83
2026-04-30 11:01:00,2026-04-30 11:01:59,Q10,248.10,88.90,20.80,21.80,99.90,80.20,0.71,483.90,96.00,45.50,46.40,99.90,82.70,-0.51,237.20,94.70,21.80,22.30,99.80,80.10,1.06,323.07,93.20,88.10,90.50,99.87,81.00,1.26
2026-04-30 11:02:00,2026-04-30 11:02:59,Q10,248.10,88.80,20.80,21.80,99.70,66.60,-1.20,484.30,95.20,44.50,46.00,99.20,66.90,-2.40,237.60,95.30,21.80,22.50,99.70,64.70,-1.26,323.33,93.10,87.10,90.30,99.53,66.07,-4.86
2026-04-30 11:03:00,2026-04-30 11:03:59,Q10,247.80,89.50,20.80,22.00,99.90,63.40,0.06,483.30,91.80,42.60,44.00,99.90,66.80,-0.46,236.90,90.30,20.80,21.20,99.90,67.40,0.03,322.67,90.53,84.20,87.20,99.90,65.87,-0.37
2026-04-30 11:04:00,2026-04-30 11:04:59,Q10,247.70,90.60,21.80,22.20,99.90,62.70,0.51,483.10,96.60,45.50,46.40,99.90,65.70,-0.43,237.10,93.80,21.80,22.00,99.90,62.50,0.37,322.63,93.67,89.10,90.60,99.90,63.63,0.46
2026-04-30 11:05:00,2026-04-30 11:05:59,Q10,248.10,90.70,21.80,22.30,99.70,68.70,-1.40,484.00,98.10,46.50,47.40,99.00,70.50,-2.69,237.30,98.00,22.80,23.20,99.80,65.10,-1.17,323.13,95.60,91.10,92.90,99.50,68.10,-5.26
2026-04-30 11:06:00,2026-04-30 11:06:59,Q10,247.50,92.00,21.80,22.70,99.70,67.80,-1.29,483.10,96.70,45.50,46.40,99.20,69.40,-2.37,237.00,95.90,21.80,22.50,99.70,63.40,-1.34,322.53,94.87,89.10,91.60,99.53,66.87,-5.00
2026-04-30 11:07:00,2026-04-30 11:07:59,Q10,247.50,88.90,20.80,21.70,99.90,68.40,-0.51,483.00,94.30,44.50,45.40,99.60,71.70,-1.57,237.00,94.80,21.80,22.30,99.90,71.70,-0.46,322.50,92.67,87.10,89.40,99.80,70.60,-2.54
2026-04-30 11:08:00,2026-04-30 11:08:59,Q10,247.40,89.10,20.80,22.00,99.90,67.00,0.46,482.90,94.80,44.50,45.30,99.90,68.70,-0.49,237.00,94.90,21.80,22.30,99.90,67.90,0.34,322.43,92.93,87.10,89.60,99.90,67.87,0.31
2026-04-30 11:09:00,2026-04-30 11:09:59,Q10,247.60,89.00,20.80,22.00,99.80,66.10,-1.00,483.30,91.80,42.60,44.00,99.20,74.80,-2.23,237.20,90.20,20.80,21.30,99.70,69.40,-1.37,322.70,90.33,84.20,87.30,99.57,70.10,-4.60
2026-04-30 11:10:00,2026-04-30 11:10:59,Q10,248.10,86.70,20.80,21.30,99.80,67.50,-1.09,484.10,92.50,43.60,44.50,99.10,68.40,-2.37,237.50,93.30,21.80,22.00,99.80,69.00,-1.17,323.23,90.83,86.20,87.80,99.57,68.30,-4.63
2026-04-30 11:11:00,2026-04-30 11:11:59,Q10,247.40,87.00,20.80,21.50,99.90,64.20,0.74,482.70,93.30,43.60,44.80,99.90,64.70,-0.37,236.70,92.10,20.80,21.70,99.90,65.30,0.80,322.27,90.80,85.20,88.00,99.90,64.73,1.17
2026-04-30 11:12:00,2026-04-30 11:12:59,Q10,247.40,86.50,20.80,21.20,99.80,63.60,0.83,482.50,94.50,44.50,45.30,99.90,64.80,0.00,236.60,93.30,20.80,21.90,99.70,62.50,1.29,322.17,91.43,86.10,88.40,99.80,63.63,2.11
2026-04-30 11:13:00,2026-04-30 11:13:59,Q10,247.60,88.00,20.80,21.70,99.90,69.00,0.20,482.90,95.90,44.50,45.80,99.80,71.90,-1.00,236.90,94.10,21.80,22.20,99.90,70.60,0.54,322.47,92.67,87.10,89.70,99.87,70.50,-0.26
2026-04-30 11:14:00,2026-04-30 11:14:59,Q10,247.30,88.20,20.80,21.70,99.70,84.00,-1.14,482.60,92.70,43.60,44.30,99.20,88.40,-2.29,236.80,93.20,20.80,21.90,99.80,81.40,-1.06,322.23,91.37,85.20,87.90,99.57,84.60,-4.49
2026-04-30 11:15:00,2026-04-30 11:15:59,Q10,248.00,86.30,20.80,21.30,99.90,69.30,0.60,484.00,90.30,42.60,43.60,99.90,65.40,-0.49,237.50,89.90,20.80,21.10,99.90,63.30,0.80,323.17,88.83,84.20,86.00,99.90,66.00,0.91
2026-04-30 11:16:00,2026-04-30 11:16:59,Q10,247.30,85.80,19.80,21.00,99.90,73.10,-0.09,482.70,91.20,42.60,43.90,99.80,76.50,-0.94,236.80,91.50,20.80,21.50,99.90,72.80,0.37,322.27,89.50,83.20,86.40,99.87,74.13,-0.66
2026-04-30 11:17:00,2026-04-30 11:17:59,Q10,247.70,85.30,19.80,21.00,99.60,79.80,-1.34,483.50,92.00,43.60,44.40,99.00,82.80,-2.57,237.30,91.40,20.80,21.60,99.70,79.00,-1.40,322.83,89.57,84.20,87.00,99.43,80.53,-5.31
2026-04-30 11:18:00,2026-04-30 11:18:59,Q10,247.90,87.80,20.80,21.50,99.90,75.50,0.34,483.80,93.50,43.60,44.90,99.90,71.90,-0.80,237.30,93.50,21.80,22.00,99.90,70.70,0.29,323.00,91.60,86.20,88.40,99.90,72.70,-0.17
2026-04-30 11:19:00,2026-04-30 11:19:59,Q10,247.50,88.60,20.80,21.70,99.80,68.70,-0.83,482.90,93.90,43.60,44.80,99.50,70.90,-1.80,236.90,92.20,20.80,21.70,99.90,68.40,-0.66,322.43,91.57,85.20,88.20,99.73,69.33,-3.29
2026-04-30 11:20:00,2026-04-30 11:20:59,Q10,247.30,89.60,20.80,22.00,99.60,58.70,-1.40,482.70,93.90,43.60,44.80,99.20,64.90,-2.26,236.90,93.50,20.80,21.90,99.60,64.60,-1.46,322.30,92.33,85.20,88.70,99.47,62.73,-5.11
2026-04-30 11:21:00,2026-04-30 11:21:59,Q10,247.80,91.20,21.80,22.50,99.90,66.80,0.17,483.50,95.70,44.50,45.90,99.90,67.20,-0.77,237.10,94.50,21.80,22.30,99.90,66.70,0.60,322.80,93.80,88.10,90.70,99.90,66.90,-0.00
2026-04-30 11:22:00,2026-04-30 11:22:59,Q10,247.40,93.70,21.80,23.00,99.70,66.90,-1.20,482.60,97.70,45.50,46.80,99.40,68.10,-2.17,236.60,94.90,21.80,22.20,99.80,64.10,-1.17,322.20,95.43,89.10,92.00,99.63,66.37,-4.54
2026-04-30 11:23:00,2026-04-30 11:23:59,Q10,247.90,103.10,24.80,25.40,99.90,69.30,-0.29,483.70,108.00,51.50,52.20,99.70,69.70,-1.60,237.30,107.30,24.80,25.40,99.90,65.70,-0.49,322.97,106.13,101.10,103.00,99.83,68.23,-2.37
2026-04-30 11:24:00,2026-04-30 11:24:59,Q10,248.00,63.80,14.90,15.60,99.50,76.90,-1.26,483.80,71.60,33.30,34.30,98.80,80.70,-2.14,237.30,68.60,15.80,16.10,99.60,77.00,-1.23,323.03,68.00,64.00,66.00,99.30,78.20,-4.63
2026-04-30 11:25:00,2026-04-30 11:25:59,Q10,247.20,84.00,19.80,20.70,99.90,62.40,0.06,481.80,88.50,41.60,42.30,99.80,65.50,-0.83,236.10,86.20,19.80,20.30,99.90,62.90,0.23,321.70,86.23,81.20,83.30,99.87,63.60,-0.54
2026-04-30 11:26:00,2026-04-30 11:26:59,Q10,247.60,119.50,28.70,29.40,99.60,66.20,2.17,482.80,127.20,60.40,61.20,99.90,65.70,0.66,236.60,126.00,28.70,29.70,99.60,60.50,2.14,322.33,124.23,117.80,120.30,99.70,64.13,4.97
2026-04-30 11:27:00,2026-04-30 11:27:59,Q10,248.30,96.60,22.80,23.80,99.90,68.80,0.69,483.90,105.70,49.50,50.70,99.90,67.00,-0.66,237.10,106.40,24.80,25.10,99.90,64.90,0.94,323.10,102.90,97.10,99.60,99.90,66.90,0.97
2026-04-30 11:28:00,2026-04-30 11:28:59,Q10,247.60,83.00,19.80,20.50,99.80,63.80,-0.94,482.70,93.20,43.60,44.80,99.30,66.30,-2.09,236.60,90.30,20.80,21.20,99.80,60.70,-0.83,322.30,88.83,84.20,86.50,99.63,63.60,-3.86
2026-04-30 11:29:00,2026-04-30 11:29:59,Q10,248.20,75.40,17.80,18.60,99.90,70.20,0.00,483.90,81.60,38.60,39.10,99.70,71.70,-1.26,237.20,81.90,18.80,19.20,99.90,70.10,0.17,323.10,79.63,75.20,76.90,99.83,70.67,-1.09
2026-04-30 11:30:00,2026-04-30 11:30:59,Q10,247.70,74.90,17.80,18.30,99.90,64.70,0.66,483.00,78.40,36.60,37.70,99.90,65.70,-0.31,236.80,80.60,17.80,18.90,99.80,63.90,0.86,322.50,77.97,72.20,74.90,99.87,64.77,1.20
2026-04-30 11:31:00,2026-04-30 11:31:59,Q10,248.40,74.20,17.80,18.40,99.90,70.40,0.17,484.20,80.40,37.60,38.70,99.70,70.10,-1.06,237.30,80.50,17.80,19.00,99.90,64.70,0.60,323.30,78.37,73.20,76.10,99.83,68.40,-0.29
2026-04-30 11:32:00,2026-04-30 11:32:59,Q10,247.40,78.50,18.80,19.30,99.80,73.60,0.80,482.30,84.40,39.60,40.50,99.90,71.70,-0.34,236.40,81.60,18.80,19.10,99.70,68.60,1.20,322.03,81.50,77.20,78.90,99.80,71.30,1.66
2026-04-30 11:33:00,2026-04-30 11:33:59,Q10,247.90,75.60,17.80,18.50,99.80,68.30,-0.94,483.50,81.70,38.60,39.10,99.00,72.70,-2.29,236.90,81.70,18.80,19.10,99.90,69.40,-0.66,322.77,79.67,75.20,76.70,99.57,70.13,-3.89
2026-04-30 11:34:00,2026-04-30 11:34:59,Q10,247.60,76.00,17.80,18.80,99.90,70.60,0.31,482.50,83.00,39.60,40.00,99.90,73.50,-0.66,236.30,81.50,18.80,19.10,99.80,71.90,0.89,322.13,80.17,76.20,77.90,99.87,72.00,0.54
2026-04-30 11:35:00,2026-04-30 11:35:59,Q10,248.00,76.10,17.80,18.80,99.90,69.50,-0.69,483.50,84.20,39.60,40.60,99.30,74.70,-1.91,236.90,83.40,18.80,19.60,99.90,71.10,-0.40,322.80,81.23,76.20,79.00,99.70,71.77,-3.00
2026-04-30 11:36:00,2026-04-30 11:36:59,Q10,247.90,79.60,18.80,19.50,99.90,69.90,-0.40,483.00,86.40,40.60,41.50,99.60,70.30,-1.49,236.50,83.80,18.80,19.60,99.90,66.80,-0.11,322.47,83.27,78.20,80.60,99.80,69.00,-2.00
2026-04-30 11:37:00,2026-04-30 11:37:59,Q10,247.50,75.30,17.80,18.50,99.90,64.10,0.60,482.50,80.90,37.60,38.60,99.90,68.10,-0.46,236.50,81.40,18.80,19.10,99.80,66.90,1.03,322.17,79.20,74.20,76.20,99.87,66.37,1.17
2026-04-30 11:38:00,2026-04-30 11:38:59,Q10,247.10,77.20,18.80,19.00,99.90,67.90,0.46,481.80,83.70,38.60,39.90,99.90,70.90,-0.60,236.10,82.30,18.80,19.40,99.80,66.30,0.77,321.67,81.07,76.20,78.30,99.87,68.37,0.63
2026-04-30 11:39:00,2026-04-30 11:39:59,Q10,247.30,74.50,17.80,18.30,99.90,71.60,0.23,482.30,78.10,36.60,37.60,99.90,73.70,-0.51,236.40,77.60,17.80,18.20,99.80,70.20,0.74,322.00,76.73,72.20,74.10,99.87,71.83,0.46
2026-04-30 11:40:00,2026-04-30 11:40:59,Q10,247.30,72.20,16.80,17.80,99.70,62.30,-1.09,482.00,76.90,35.60,36.60,99.00,61.40,-2.20,236.00,78.50,17.80,18.40,99.90,60.60,-0.66,321.77,75.87,70.20,72.80,99.53,61.43,-3.94
2026-04-30 11:41:00,2026-04-30 11:41:59,Q10,247.70,71.00,16.80,17.50,99.80,70.00,-0.66,482.60,78.10,36.60,37.60,99.30,74.40,-1.74,236.30,73.90,16.80,17.20,99.90,75.00,-0.23,322.20,74.33,70.20,72.30,99.67,73.13,-2.63
2026-04-30 11:42:00,2026-04-30 11:42:59,Q10,247.70,76.00,17.80,18.80,99.90,65.70,0.17,482.90,84.30,39.60,40.50,99.60,67.20,-1.31,236.60,82.30,18.80,19.40,99.90,67.80,0.37,322.40,80.87,76.20,78.70,99.80,66.90,-0.77
2026-04-30 11:43:00,2026-04-30 11:43:59,Q10,248.10,72.00,16.80,17.90,99.90,66.90,0.57,483.60,81.70,38.60,39.10,99.90,65.70,-0.63,236.80,79.70,17.80,18.60,99.70,64.90,1.06,322.83,77.80,73.20,75.60,99.83,65.83,1.00
2026-04-30 11:44:00,2026-04-30 11:44:59,Q10,247.30,71.10,16.80,17.50,99.90,73.70,0.11,482.20,76.30,35.60,36.60,99.80,76.00,-0.69,236.30,75.70,16.80,17.70,99.90,72.20,0.49,321.93,74.37,69.20,71.80,99.87,73.97,-0.09
2026-04-30 11:45:00,2026-04-30 11:45:59,Q10,247.50,72.10,16.80,17.80,99.80,74.80,0.74,482.70,81.70,38.60,39.00,99.90,77.00,0.00,236.50,76.90,16.80,17.90,99.60,75.10,1.34,322.23,76.90,72.20,74.70,99.77,75.63,2.09
2026-04-30 11:46:00,2026-04-30 11:46:59,Q10,247.20,74.70,17.80,18.30,99.80,67.30,-0.94,481.90,81.10,37.60,39.00,99.00,72.70,-2.20,236.10,80.10,17.80,18.90,99.90,69.60,-0.71,321.73,78.63,73.20,76.20,99.57,69.87,-3.86
2026-04-30 11:47:00,2026-04-30 11:47:59,Q10,247.80,73.00,17.80,18.00,99.90,66.50,-0.51,483.10,78.40,36.60,37.70,99.30,69.20,-1.80,236.70,77.40,17.80,18.20,99.90,68.70,-0.29,322.53,76.27,72.20,73.90,99.70,68.13,-2.60
2026-04-30 11:48:00,2026-04-30 11:48:59,Q10,248.00,69.40,16.80,17.10,99.80,70.40,0.83,483.50,75.00,35.60,36.20,99.90,72.40,-0.29,236.90,76.50,16.80,17.90,99.60,72.40,1.34,322.80,73.63,69.20,71.20,99.77,71.73,1.89
2026-04-30 11:49:00,2026-04-30 11:49:59,Q10,247.50,70.50,16.80,17.30,99.80,66.00,-0.77,482.60,76.90,35.60,36.60,99.20,67.70,-1.83,236.50,75.40,16.80,17.70,99.90,64.90,-0.37,322.20,74.27,69.20,71.60,99.63,66.20,-2.97
2026-04-30 11:50:00,2026-04-30 11:50:59,Q10,247.70,68.80,15.80,16.80,99.70,80.70,-0.94,482.90,76.50,35.60,36.60,99.00,83.90,-2.03,236.70,75.60,16.80,17.70,99.80,78.90,-0.69,322.43,73.63,68.20,71.10,99.50,81.17,-3.66
2026-04-30 11:51:00,2026-04-30 11:51:59,Q10,247.30,70.60,16.80,17.30,99.90,70.30,0.00,482.20,79.10,37.60,38.10,99.70,70.10,-1.14,236.30,79.50,17.80,18.60,99.90,69.80,0.37,321.93,76.40,72.20,74.00,99.83,70.07,-0.77
2026-04-30 11:52:00,2026-04-30 11:52:59,Q10,247.60,70.00,16.80,17.30,99.80,74.40,0.80,482.90,75.40,35.60,36.20,99.90,73.10,-0.23,236.70,75.90,16.80,17.70,99.70,71.80,1.11,322.40,73.77,69.20,71.20,99.80,73.10,1.69
2026-04-30 11:53:00,2026-04-30 11:53:59,Q10,248.30,67.00,15.80,16.60,99.90,67.60,0.49,484.00,72.90,33.70,34.80,99.80,70.10,-0.86,237.10,71.90,15.80,16.80,99.90,69.80,0.49,323.13,70.60,65.30,68.20,99.87,69.17,0.11
2026-04-30 11:54:00,2026-04-30 11:54:59,Q10,248.30,63.60,14.90,15.60,99.90,66.70,0.46,484.20,73.10,34.70,35.30,99.80,68.30,-0.86,237.30,72.90,16.80,17.10,99.90,65.10,0.51,323.27,69.87,66.40,68.00,99.87,66.70,0.11
2026-04-30 11:55:00,2026-04-30 11:55:59,Q10,247.90,73.70,17.80,18.00,99.80,66.10,-0.83,483.00,82.60,38.60,39.60,99.00,69.20,-2.31,236.60,85.00,19.80,20.10,99.90,67.20,-0.71,322.50,80.43,76.20,77.70,99.57,67.50,-3.86
2026-04-30 11:56:00,2026-04-30 11:56:59,Q10,247.80,78.30,18.80,19.30,99.80,66.60,-0.77,483.10,84.20,39.60,40.60,99.10,68.90,-2.20,236.80,84.80,18.80,19.80,99.80,67.40,-0.89,322.57,82.43,77.20,79.70,99.57,67.63,-3.86
2026-04-30 11:57:00,2026-04-30 11:57:59,Q10,247.60,68.90,15.80,16.80,99.90,66.20,-0.29,482.70,76.50,35.60,36.60,99.40,69.70,-1.57,236.60,76.10,16.80,17.90,99.90,69.30,-0.46,322.30,73.83,68.20,71.30,99.73,68.40,-2.31
2026-04-30 11:58:00,2026-04-30 11:58:59,Q10,248.10,68.00,15.80,16.90,99.70,70.80,-0.94,483.80,72.10,33.30,34.80,98.90,72.00,-2.09,237.20,74.50,16.80,17.50,99.80,68.20,-0.80,323.03,71.53,65.90,69.20,99.47,70.33,-3.83
2026-04-30 11:59:00,2026-04-30 11:59:59,Q10,248.50,70.30,16.80,17.40,99.80,68.70,-0.80,484.50,74.00,34.30,35.80,98.80,76.80,-2.23,237.50,76.90,17.80,18.00,99.80,70.90,-0.86,323.50,73.73,68.90,71.20,99.47,72.13,-3.89
2026-04-30 12:00:00,2026-04-30 12:00:59,Q10,247.70,69.30,16.80,17.00,99.90,66.30,-0.23,482.90,77.40,36.60,37.10,99.60,66.90,-1.20,236.60,74.20,16.80,17.50,99.90,64.70,0.20,322.40,73.63,70.20,71.60,99.80,65.97,-1.23
2026-04-30 12:01:00,2026-04-30 12:01:59,Q10,247.70,69.00,16.80,17.00,99.90,71.00,0.49,482.90,74.20,34.70,35.70,99.80,74.10,-0.77,236.80,78.10,17.80,18.40,99.80,71.70,0.80,322.47,73.77,69.30,71.10,99.83,72.27,0.51
2026-04-30 12:02:00,2026-04-30 12:02:59,Q10,248.60,65.70,15.80,16.10,99.70,65.20,-0.91,484.80,72.40,33.30,34.80,98.70,65.40,-2.26,237.60,72.90,16.80,17.10,99.80,61.90,-0.71,323.67,70.33,65.90,68.00,99.40,64.17,-3.89
2026-04-30 12:03:00,2026-04-30 12:03:59,Q10,248.40,67.60,15.80,16.60,99.80,68.30,0.69,484.50,75.60,35.60,36.30,99.90,72.70,-0.63,237.50,75.00,16.80,17.80,99.80,68.50,0.86,323.47,72.73,68.20,70.70,99.83,69.83,0.91
2026-04-30 12:04:00,2026-04-30 12:04:59,Q10,248.00,69.50,16.80,17.10,99.70,73.00,-0.91,483.70,70.90,32.30,33.80,98.90,75.20,-2.06,237.00,74.10,16.80,17.50,99.70,72.90,-0.97,322.90,71.50,65.90,68.40,99.43,73.70,-3.94
2026-04-30 12:05:00,2026-04-30 12:05:59,Q10,248.10,67.20,15.80,16.60,99.90,71.20,0.20,483.90,73.60,34.70,35.30,99.70,73.70,-0.94,237.30,73.20,16.80,17.30,99.90,70.50,0.17,323.10,71.33,67.30,69.20,99.83,71.80,-0.57
2026-04-30 12:06:00,2026-04-30 12:06:59,Q10,248.80,72.00,16.80,17.90,99.80,77.10,0.74,484.90,79.40,37.60,38.20,99.90,80.20,-0.46,237.50,78.60,17.80,18.50,99.70,73.60,1.06,323.73,76.67,72.20,74.60,99.80,76.97,1.34
2026-04-30 12:07:00,2026-04-30 12:07:59,Q10,248.70,74.40,17.80,18.40,99.80,72.90,-0.77,484.90,78.20,36.60,37.80,99.20,77.30,-2.00,237.60,76.00,17.80,18.00,99.90,72.60,-0.34,323.73,76.20,72.20,74.20,99.63,74.27,-3.11
2026-04-30 12:08:00,2026-04-30 12:08:59,Q10,248.60,69.90,16.80,17.10,99.70,69.70,-0.91,484.70,74.70,34.30,35.80,98.80,77.00,-2.29,237.60,77.70,17.80,18.20,99.90,71.20,-0.69,323.63,74.10,68.90,71.10,99.47,72.63,-3.89
2026-04-30 12:10:00,2026-04-30 12:10:59,Q10,247.90,71.40,16.80,17.50,99.90,61.70,0.31,483.30,79.00,37.60,38.20,99.80,69.40,-0.71,236.80,76.60,16.80,17.90,99.90,65.20,0.63,322.67,75.67,71.20,73.60,99.87,65.43,0.23
2026-04-30 12:11:00,2026-04-30 12:11:59,Q10,247.90,71.30,16.80,17.50,99.90,72.10,0.57,483.60,75.10,35.60,36.20,99.90,75.70,-0.57,237.20,77.40,17.80,18.20,99.80,72.40,0.77,322.90,74.60,70.20,71.90,99.87,73.40,0.77
2026-04-30 12:12:00,2026-04-30 12:12:59,Q10,248.30,78.20,18.80,19.30,99.70,63.00,-1.03,484.10,84.70,39.20,40.70,98.90,63.90,-2.43,237.10,82.20,18.80,19.40,99.90,60.90,-0.71,323.17,81.70,76.80,79.40,99.50,62.60,-4.17
2026-04-30 12:13:00,2026-04-30 12:13:59,Q10,248.40,77.50,18.80,19.10,99.90,75.70,0.60,484.30,81.10,38.60,39.20,99.80,78.90,-0.83,237.40,80.70,17.80,19.00,99.80,73.20,0.86,323.37,79.77,75.20,77.30,99.83,75.93,0.63
2026-04-30 12:14:00,2026-04-30 12:14:59,Q10,248.20,71.20,16.80,17.60,99.90,68.30,-0.37,484.10,76.60,35.60,36.80,99.30,73.20,-1.74,237.30,77.80,17.80,18.20,99.90,72.00,-0.29,323.20,75.20,70.20,72.60,99.70,71.17,-2.40
2026-04-30 12:15:00,2026-04-30 12:15:59,Q10,248.10,70.30,16.80,17.40,99.90,62.50,0.57,483.90,74.70,34.70,35.70,99.90,65.00,-0.63,237.20,73.40,16.80,17.30,99.70,61.70,0.94,323.07,72.80,68.30,70.40,99.83,63.07,0.89
2026-04-30 12:16:00,2026-04-30 12:16:59,Q10,247.70,71.00,16.80,17.50,99.90,65.10,0.26,483.50,75.50,35.60,36.20,99.80,67.90,-0.77,237.10,75.90,16.80,17.80,99.80,66.50,0.69,322.77,74.13,69.20,71.50,99.83,66.50,0.17
2026-04-30 12:17:00,2026-04-30 12:17:59,Q10,248.10,69.50,16.80,17.10,99.60,72.80,-1.14,483.90,75.70,35.30,36.20,98.80,76.70,-2.29,237.30,74.50,16.80,17.50,99.80,74.30,-0.89,323.10,73.23,68.90,70.80,99.40,74.60,-4.31
2026-04-30 12:18:00,2026-04-30 12:18:59,Q10,248.30,70.50,16.80,17.40,99.90,67.00,0.09,484.50,78.20,36.60,37.80,99.60,68.20,-1.26,237.70,76.30,17.80,18.00,99.90,64.50,0.63,323.50,75.00,71.20,73.20,99.80,66.57,-0.54
2026-04-30 12:19:00,2026-04-30 12:19:59,Q10,248.60,73.60,17.80,18.10,99.90,75.50,-0.37,485.30,79.10,37.60,38.30,99.40,73.50,-1.66,238.00,80.30,18.80,19.00,99.90,70.50,0.03,323.97,77.67,74.20,75.40,99.73,73.17,-2.00
2026-04-30 12:20:00,2026-04-30 12:20:59,Q10,247.80,89.50,20.80,22.00,99.80,68.80,0.86,483.60,95.40,44.50,45.90,99.90,69.00,-0.74,237.30,96.80,21.80,22.80,99.80,64.70,0.97,322.90,93.90,87.10,90.70,99.83,67.50,1.09
2026-04-30 12:21:00,2026-04-30 12:21:59,Q10,247.90,90.30,21.80,22.20,99.80,67.00,-0.89,483.80,99.30,46.50,47.80,99.00,67.10,-2.74,237.30,100.00,22.80,23.70,99.80,64.60,-1.03,323.00,96.53,91.10,93.70,99.53,66.23,-4.66
2026-04-30 12:22:00,2026-04-30 12:22:59,Q10,248.00,78.70,18.80,19.30,99.90,66.70,0.23,484.10,86.10,40.60,41.60,99.70,64.10,-1.31,237.60,88.10,19.80,20.90,99.90,61.10,0.23,323.23,84.30,79.20,81.80,99.83,63.97,-0.86
2026-04-30 12:23:00,2026-04-30 12:23:59,Q10,248.60,79.70,18.80,19.60,99.90,70.10,0.34,485.00,88.90,41.60,42.70,99.60,71.30,-1.49,237.80,90.10,20.80,21.30,99.90,66.00,0.37,323.80,86.23,81.20,83.60,99.80,69.13,-0.77
2026-04-30 12:24:00,2026-04-30 12:24:59,Q10,248.40,82.50,19.80,20.30,99.80,70.80,-0.94,484.50,85.50,40.20,41.10,98.60,68.30,-2.77,237.60,87.60,19.80,20.60,99.80,66.60,-1.00,323.50,85.20,79.80,82.00,99.40,68.57,-4.71
2026-04-30 12:25:00,2026-04-30 12:25:59,Q10,248.40,84.40,19.80,20.80,99.80,69.30,-0.89,484.60,89.60,42.10,43.10,98.70,71.30,-2.86,237.60,92.10,20.80,21.80,99.80,67.40,-0.86,323.53,88.70,82.70,85.70,99.43,69.33,-4.60
2026-04-30 12:26:00,2026-04-30 12:26:59,Q10,248.40,82.10,19.80,20.30,99.70,63.20,1.03,484.80,89.50,42.60,43.10,99.90,70.40,-0.74,237.80,89.70,20.80,21.10,99.70,64.20,1.17,323.67,87.10,83.20,84.50,99.77,65.93,1.46
2026-04-30 12:27:00,2026-04-30 12:27:59,Q10,247.90,76.10,17.80,18.80,99.90,72.00,0.40,483.70,82.40,38.60,39.60,99.80,72.20,-0.97,237.30,82.20,18.80,19.40,99.90,73.10,0.69,322.97,80.23,75.20,77.80,99.87,72.43,0.11
2026-04-30 12:28:00,2026-04-30 12:28:59,Q10,248.70,80.30,18.80,19.80,99.80,62.30,0.80,485.20,87.30,41.60,42.20,99.90,64.50,-0.69,238.00,87.50,19.80,20.70,99.80,62.20,0.97,323.97,85.03,80.20,82.70,99.83,63.00,1.09
2026-04-30 12:29:00,2026-04-30 12:29:59,Q10,248.20,77.60,19.00,19.10,100.00,62.90,0.00,484.20,86.70,40.60,41.60,99.60,68.30,-1.43,237.40,85.20,19.80,20.10,99.90,65.30,0.20,323.27,83.17,79.40,80.80,99.83,65.50,-1.23
2026-04-30 12:30:00,2026-04-30 12:30:59,Q10,247.70,73.90,17.80,18.00,99.90,68.10,0.11,483.50,84.40,39.60,40.60,99.80,70.30,-0.86,237.10,81.80,18.80,19.20,99.90,67.60,0.66,322.77,80.03,76.20,77.80,99.87,68.67,-0.09
2026-04-30 12:31:00,2026-04-30 12:31:59,Q10,247.70,80.80,18.80,19.80,99.70,73.30,-1.11,483.40,84.80,39.60,40.60,99.00,76.20,-2.34,237.10,87.40,19.80,20.60,99.70,71.00,-1.23,322.73,84.33,78.20,81.00,99.47,73.50,-4.69
2026-04-30 12:32:00,2026-04-30 12:32:59,Q10,247.70,82.70,19.80,20.30,99.80,70.40,0.97,483.40,88.20,41.60,42.50,99.90,72.30,-0.29,237.20,91.70,20.80,21.60,99.70,69.40,1.29,322.77,87.53,82.20,84.40,99.80,70.70,1.97
2026-04-30 12:33:00,2026-04-30 12:33:59,Q10,247.70,81.00,19.80,20.00,99.90,71.20,0.11,483.30,85.90,40.60,41.10,99.80,71.00,-1.06,237.00,85.10,19.80,20.10,99.90,65.90,0.34,322.67,84.00,80.20,81.20,99.87,69.37,-0.60
2026-04-30 12:34:00,2026-04-30 12:34:59,Q10,248.60,79.40,18.80,19.60,99.90,70.30,-0.37,485.10,83.20,39.60,40.30,99.10,68.30,-2.26,237.90,87.20,19.80,20.60,99.90,65.40,-0.46,323.87,83.27,78.20,80.50,99.63,68.00,-3.09
2026-04-30 12:35:00,2026-04-30 12:35:59,Q10,247.90,88.00,20.80,21.70,99.70,65.60,1.26,483.50,93.50,43.60,44.90,99.90,73.70,-0.06,237.10,96.00,21.80,22.80,99.60,67.80,1.63,322.83,92.50,86.20,89.40,99.73,69.03,2.83
2026-04-30 12:36:00,2026-04-30 12:36:59,Q10,248.30,104.10,24.80,25.80,99.90,64.80,0.69,484.30,112.20,53.50,54.20,99.80,69.10,-1.26,237.40,115.10,26.70,27.30,99.90,64.80,0.71,323.33,110.47,105.00,107.30,99.87,66.23,0.14
2026-04-30 12:37:00,2026-04-30 12:37:59,Q10,248.70,88.60,20.80,21.80,99.80,65.40,1.09,485.10,95.40,45.50,46.10,99.90,69.60,-0.51,237.80,95.60,21.80,22.50,99.70,63.70,1.31,323.87,93.20,88.10,90.40,99.80,66.23,1.89
2026-04-30 12:38:00,2026-04-30 12:38:59,Q10,247.70,85.30,19.80,21.00,99.90,67.60,0.43,483.30,88.90,41.60,42.50,99.80,68.60,-1.06,237.10,92.20,20.80,21.80,99.90,68.60,0.46,322.70,88.80,82.20,85.30,99.87,68.27,-0.17
2026-04-30 12:39:00,2026-04-30 12:39:59,Q10,248.60,85.40,20.80,21.10,99.90,68.00,0.54,484.90,90.20,42.60,43.60,99.70,73.90,-1.23,237.70,92.30,20.80,21.80,99.90,71.00,0.54,323.73,89.30,84.20,86.50,99.83,70.97,-0.14
2026-04-30 12:40:00,2026-04-30 12:40:59,Q10,248.80,83.00,19.80,20.60,99.90,61.10,0.69,485.20,90.70,42.60,43.70,99.80,65.00,-0.86,237.90,92.50,20.80,21.80,99.90,64.30,0.83,323.97,88.73,83.20,86.10,99.87,63.47,0.66
2026-04-30 12:41:00,2026-04-30 12:41:59,Q10,248.50,84.10,19.80,20.80,99.90,75.90,-0.03,484.60,88.60,41.60,42.60,99.30,72.50,-2.06,237.60,89.70,20.80,21.10,99.90,71.90,-0.37,323.57,87.47,82.20,84.50,99.70,73.43,-2.46
2026-04-30 12:42:00,2026-04-30 12:42:59,Q10,248.40,88.20,20.80,21.80,99.90,63.30,-0.20,484.50,93.20,44.50,45.00,99.20,65.70,-2.20,237.60,94.30,21.80,22.30,99.90,62.20,-0.60,323.50,91.90,87.10,89.10,99.67,63.73,-3.00
2026-04-30 12:43:00,2026-04-30 12:43:59,Q10,247.90,87.80,20.80,21.50,99.80,74.40,-0.83,483.30,94.40,44.10,45.40,98.80,72.60,-2.89,236.90,97.60,21.80,22.90,99.80,69.50,-0.94,322.70,93.27,86.70,89.80,99.47,72.17,-4.66
2026-04-30 12:44:00,2026-04-30 12:44:59,Q10,247.60,82.00,19.80,20.30,99.90,74.10,0.17,483.20,88.80,41.60,42.50,99.40,76.60,-1.77,237.10,88.90,19.80,20.90,99.90,69.10,0.03,322.63,86.57,81.20,83.70,99.73,73.27,-1.57
2026-04-30 12:45:00,2026-04-30 12:45:59,Q10,247.70,80.40,18.80,19.80,99.90,71.10,-0.43,483.50,86.70,40.60,41.50,99.10,72.20,-2.17,237.10,87.40,19.80,20.60,99.90,69.60,-0.43,322.77,84.83,79.20,81.90,99.63,70.97,-3.03
2026-04-30 12:46:00,2026-04-30 12:46:59,Q10,247.70,81.40,19.80,20.00,99.80,71.70,-0.97,483.40,85.30,40.20,41.10,98.60,70.30,-2.83,237.10,85.50,19.80,20.10,99.80,70.60,-1.09,322.73,84.07,79.80,81.20,99.40,70.87,-4.89
2026-04-30 12:47:00,2026-04-30 12:47:59,Q10,248.50,86.40,20.80,21.30,99.90,66.00,0.46,484.70,90.30,42.60,43.60,99.80,66.50,-1.03,237.70,90.60,20.80,21.30,99.90,65.20,0.51,323.63,89.10,84.20,86.20,99.87,65.90,-0.06
2026-04-30 12:48:00,2026-04-30 12:48:59,Q10,248.30,90.00,21.80,22.30,99.80,69.20,-0.91,484.50,95.20,44.50,46.00,99.20,72.10,-2.40,237.60,95.00,21.80,22.50,99.80,65.20,-1.03,323.47,93.40,88.10,90.80,99.60,68.83,-4.34
2026-04-30 12:49:00,2026-04-30 12:49:59,Q10,248.20,90.40,21.80,22.30,99.80,64.90,-0.97,484.30,94.90,44.50,45.50,99.00,72.10,-2.74,237.50,97.20,21.80,23.00,99.80,68.40,-0.97,323.33,94.17,88.10,90.80,99.53,68.47,-4.69
2026-04-30 12:50:00,2026-04-30 12:50:59,Q10,247.90,84.80,19.80,20.70,99.90,75.10,-0.60,483.50,93.30,43.60,44.90,99.40,77.90,-1.97,237.10,91.90,20.80,21.60,99.90,74.40,-0.23,322.83,90.00,84.20,87.20,99.73,75.80,-2.80
2026-04-30 12:51:00,2026-04-30 12:51:59,Q10,247.80,83.00,19.80,20.50,99.90,64.50,0.20,483.00,89.30,41.60,43.00,99.70,68.40,-1.17,236.70,90.10,20.80,21.20,99.90,63.10,0.23,322.50,87.47,82.20,84.70,99.83,65.33,-0.74
2026-04-30 12:52:00,2026-04-30 12:52:59,Q10,247.50,86.20,20.80,21.20,99.80,64.40,-1.00,482.60,92.70,43.60,44.30,99.20,69.30,-2.31,236.50,94.20,21.80,22.20,99.90,70.10,-0.69,322.20,91.03,86.20,87.70,99.63,67.93,-4.00
2026-04-30 12:53:00,2026-04-30 12:53:59,Q10,247.70,100.70,23.80,24.70,99.90,66.20,-0.89,482.80,108.10,51.50,52.10,99.40,70.40,-2.43,236.40,106.50,24.80,25.00,99.90,65.80,-0.69,322.30,105.10,100.10,101.80,99.73,67.47,-4.00
2026-04-30 12:54:00,2026-04-30 12:54:59,Q10,247.10,83.40,19.80,20.50,99.90,71.90,0.20,481.70,90.30,42.60,43.30,99.90,73.40,-0.77,236.10,91.30,20.80,21.50,99.90,70.60,0.54,321.63,88.33,83.20,85.30,99.90,71.97,-0.03
2026-04-30 12:55:00,2026-04-30 12:55:59,Q10,247.80,80.70,18.80,19.80,99.90,86.10,0.34,482.90,91.00,42.60,43.90,99.90,88.10,-0.71,236.60,86.20,19.80,20.30,99.80,85.60,1.00,322.43,85.97,81.20,84.00,99.87,86.60,0.63
2026-04-30 12:56:00,2026-04-30 12:56:59,Q10,247.50,83.30,19.80,20.50,99.70,67.60,-1.11,482.50,88.30,41.60,42.40,99.20,66.60,-2.29,236.40,86.50,19.80,20.30,99.90,64.60,-0.60,322.13,86.03,81.20,83.20,99.60,66.27,-4.00
2026-04-30 12:57:00,2026-04-30 12:57:59,Q10,247.90,84.40,19.80,20.70,99.80,67.00,-1.09,483.30,91.60,42.60,44.00,99.20,67.80,-2.26,236.80,90.20,20.80,21.20,99.90,65.00,-0.60,322.67,88.73,83.20,85.90,99.63,66.60,-3.94
2026-04-30 12:58:00,2026-04-30 12:58:59,Q10,247.40,90.10,21.80,22.20,99.90,62.80,0.66,482.40,97.30,45.50,46.80,99.90,65.40,-0.37,236.50,93.60,20.80,21.90,99.80,62.50,1.17,322.10,93.67,88.10,90.90,99.87,63.57,1.46
2026-04-30 12:59:00,2026-04-30 12:59:59,Q10,247.10,88.90,20.80,21.70,99.80,66.10,-1.06,481.80,94.10,44.50,45.20,99.30,70.60,-2.14,236.10,96.40,21.80,22.70,99.90,68.00,-0.71,321.67,93.13,87.10,89.60,99.67,68.23,-3.91
2026-04-30 13:00:00,2026-04-30 13:00:59,Q10,247.40,88.90,20.80,21.70,99.80,58.90,0.91,482.30,97.00,45.50,46.80,99.90,61.80,-0.34,236.40,96.40,21.80,22.70,99.80,59.50,1.20,322.03,94.10,88.10,91.20,99.83,60.07,1.77
2026-04-30 13:01:00,2026-04-30 13:01:59,Q10,247.70,91.10,21.80,22.50,99.90,60.10,0.23,483.00,98.40,46.50,47.30,99.80,61.40,-1.14,236.70,98.50,22.80,23.10,99.90,59.10,0.43,322.47,96.00,91.10,92.90,99.87,60.20,-0.49
2026-04-30 13:02:00,2026-04-30 13:02:59,Q10,247.40,88.10,20.80,21.70,99.80,63.40,0.97,482.00,95.70,44.50,45.80,99.90,63.70,-0.40,236.10,96.60,21.80,22.70,99.70,62.80,1.34,321.83,93.47,87.10,90.20,99.80,63.30,1.91
2026-04-30 13:03:00,2026-04-30 13:03:59,Q10,248.00,89.90,21.80,22.10,99.80,67.80,0.89,483.50,98.10,46.50,47.30,99.80,68.90,-0.94,236.90,97.50,21.80,22.90,99.80,64.70,0.91,322.80,95.17,90.10,92.30,99.80,67.13,0.86
2026-04-30 13:04:00,2026-04-30 13:04:59,Q10,247.30,85.60,19.80,21.00,99.80,61.70,-0.94,481.90,94.70,44.50,45.20,99.10,64.80,-2.49,236.00,94.50,21.80,22.20,99.90,60.90,-0.71,321.73,91.60,86.10,88.40,99.60,62.47,-4.14
2026-04-30 13:05:00,2026-04-30 13:05:59,Q10,247.30,87.10,20.80,21.50,99.90,63.40,0.60,482.00,91.90,42.60,43.90,99.90,65.80,-0.77,236.20,93.30,20.80,21.90,99.80,63.50,1.03,321.83,90.77,84.20,87.30,99.87,64.23,0.86
2026-04-30 13:06:00,2026-04-30 13:06:59,Q10,248.20,90.70,21.80,22.30,99.70,61.10,1.23,483.80,96.80,45.50,46.40,99.90,66.50,-0.29,237.00,96.40,21.80,22.80,99.60,62.50,1.60,323.00,94.63,89.10,91.50,99.73,63.37,2.54
2026-04-30 13:07:00,2026-04-30 13:07:59,Q10,247.10,89.70,20.80,22.00,99.90,62.40,0.71,481.80,94.80,44.50,45.20,99.90,65.70,-0.71,236.10,95.70,21.80,22.40,99.90,62.90,0.83,321.67,93.40,87.10,89.60,99.90,63.67,0.83
2026-04-30 13:08:00,2026-04-30 13:08:59,Q10,247.10,89.80,20.80,22.00,99.90,63.60,0.77,481.80,92.50,43.60,44.30,99.90,65.50,-0.66,236.10,94.70,21.80,22.20,99.90,62.90,0.54,321.67,92.33,86.20,88.50,99.90,64.00,0.66
2026-04-30 13:09:00,2026-04-30 13:09:59,Q10,248.10,89.80,21.80,22.10,99.90,70.10,0.23,483.60,96.70,45.50,46.40,99.60,73.00,-1.57,237.00,96.90,21.80,22.80,99.90,69.20,-0.09,322.90,94.47,89.10,91.30,99.80,70.77,-1.43
2026-04-30 13:10:00,2026-04-30 13:10:59,Q10,248.10,94.90,22.80,23.30,99.90,61.80,0.69,483.50,100.40,47.50,48.30,99.90,70.70,-0.83,236.80,101.90,22.80,23.80,99.90,63.90,0.94,322.80,99.07,93.10,95.40,99.90,65.47,0.80
2026-04-30 13:11:00,2026-04-30 13:11:59,Q10,247.40,96.80,22.80,23.70,99.80,59.40,1.09,482.20,102.20,48.50,49.20,99.90,64.50,-0.31,236.30,103.20,23.80,24.30,99.80,61.90,1.20,321.97,100.73,95.10,97.20,99.83,61.93,1.97
2026-04-30 13:12:00,2026-04-30 13:12:59,Q10,247.40,87.80,20.80,21.50,99.80,66.90,1.09,482.40,94.70,44.50,45.30,99.90,68.00,-0.06,236.40,90.30,20.80,21.20,99.70,67.80,1.23,322.07,90.93,86.10,88.00,99.80,67.57,2.26
2026-04-30 13:13:00,2026-04-30 13:13:59,Q10,247.40,92.90,21.80,22.70,99.80,59.00,-0.91,482.10,96.80,45.50,46.30,99.30,64.70,-2.26,236.10,95.70,21.80,22.40,99.90,58.90,-0.57,321.87,95.13,89.10,91.40,99.67,60.87,-3.74
2026-04-30 13:14:00,2026-04-30 13:14:59,Q10,247.90,97.60,22.80,24.00,99.90,66.70,0.69,483.20,104.70,49.50,50.20,99.80,66.80,-1.26,236.70,103.60,23.80,24.30,99.90,64.90,0.63,322.60,101.97,96.10,98.50,99.87,66.13,0.06
2026-04-30 13:15:00,2026-04-30 13:15:59,Q10,248.00,97.60,23.80,24.10,99.90,64.30,0.11,483.90,107.80,50.50,51.70,99.70,67.20,-1.51,237.30,106.40,24.80,25.10,99.90,65.30,0.20,323.07,103.93,99.10,100.90,99.83,65.60,-1.20
2026-04-30 13:16:00,2026-04-30 13:16:59,Q10,248.00,98.60,23.80,24.30,99.80,65.80,1.06,483.70,104.40,49.50,50.20,99.90,65.20,-0.51,237.10,105.00,23.80,24.90,99.80,62.40,1.06,322.93,102.67,97.10,99.40,99.83,64.47,1.60
2026-04-30 13:17:00,2026-04-30 13:17:59,Q10,247.90,97.00,22.80,24.00,99.90,69.60,0.46,483.50,101.00,47.50,48.80,99.80,67.30,-0.94,237.10,100.40,22.80,23.70,99.90,65.10,0.63,322.83,99.47,93.10,96.50,99.87,67.33,0.14
2026-04-30 13:18:00,2026-04-30 13:18:59,Q10,247.50,95.20,22.80,23.50,99.70,68.50,1.43,482.70,103.60,48.50,49.60,99.90,69.70,-0.20,236.60,102.80,23.80,24.10,99.70,62.00,1.54,322.27,100.53,95.10,97.20,99.77,66.73,2.77
2026-04-30 13:19:00,2026-04-30 13:19:59,Q10,247.60,89.20,20.80,22.00,99.90,65.10,0.63,482.90,103.50,48.50,49.60,99.90,63.00,-0.71,236.70,99.70,22.80,23.40,99.80,60.70,1.06,322.40,97.47,92.10,95.00,99.87,62.93,0.97
2026-04-30 13:20:00,2026-04-30 13:20:59,Q10,247.20,97.70,22.80,24.00,99.90,63.10,0.20,482.10,103.90,48.50,49.60,99.50,62.40,-1.89,236.40,106.20,24.80,25.00,99.90,59.70,0.17,321.90,102.60,96.10,98.60,99.77,61.73,-1.51
2026-04-30 13:21:00,2026-04-30 13:21:59,Q10,248.10,100.10,23.80,24.80,99.90,55.80,-0.11,483.90,106.40,50.50,51.20,99.60,63.20,-1.66,237.20,104.60,23.80,24.60,99.90,58.10,0.23,323.07,103.70,98.10,100.60,99.80,59.03,-1.54
2026-04-30 13:22:00,2026-04-30 13:22:59,Q10,247.70,91.10,21.80,22.50,99.80,68.00,-1.00,482.90,98.10,46.50,47.20,99.20,72.00,-2.40,236.80,97.40,21.80,22.90,99.80,66.70,-0.91,322.47,95.53,90.10,92.60,99.60,68.90,-4.31
2026-04-30 13:23:00,2026-04-30 13:23:59,Q10,247.90,91.20,21.80,22.50,99.70,69.20,-1.26,483.70,96.70,45.50,46.40,99.00,68.20,-2.66,237.10,98.30,22.80,23.20,99.80,69.40,-1.03,322.90,95.40,90.10,92.10,99.50,68.93,-4.94
2026-04-30 13:24:00,2026-04-30 13:24:59,Q10,247.90,92.00,21.80,22.70,99.80,70.30,0.94,483.70,99.30,46.50,47.80,99.90,68.60,-0.71,237.30,100.90,22.80,23.70,99.90,67.40,0.86,322.97,97.40,91.10,94.20,99.87,68.77,1.09
2026-04-30 13:25:00,2026-04-30 13:25:59,Q10,248.10,99.40,23.80,24.60,99.90,66.90,0.29,483.80,106.60,50.50,51.20,99.70,75.50,-1.46,237.30,103.20,23.80,24.40,99.90,70.10,0.14,323.07,103.07,98.10,100.20,99.83,70.83,-1.03
2026-04-30 13:26:00,2026-04-30 13:26:59,Q10,247.40,95.60,22.80,23.50,99.90,68.50,0.49,482.50,102.10,48.50,49.20,99.80,70.50,-1.03,236.50,101.80,22.80,23.80,99.90,67.80,0.77,322.13,99.83,94.10,96.50,99.87,68.93,0.23
2026-04-30 13:27:00,2026-04-30 13:27:59,Q10,247.50,101.00,23.80,24.90,99.90,71.00,-0.26,482.90,106.50,50.50,51.10,99.50,71.70,-2.00,236.90,105.90,23.80,24.80,99.90,68.80,-0.14,322.43,104.47,98.10,100.80,99.77,70.50,-2.40
2026-04-30 13:28:00,2026-04-30 13:28:59,Q10,247.30,102.00,24.80,25.20,99.90,67.10,-0.91,482.50,107.90,50.50,51.60,99.30,69.00,-2.51,236.70,111.00,25.70,26.20,99.80,66.70,-1.11,322.17,106.97,101.00,103.00,99.67,67.60,-4.54
2026-04-30 13:29:00,2026-04-30 13:29:59,Q10,247.80,94.30,22.80,23.20,99.80,58.50,0.91,483.40,101.90,47.50,48.80,99.90,61.80,-0.57,237.10,102.70,23.80,24.20,99.80,58.60,1.17,322.77,99.63,94.10,96.20,99.83,59.63,1.51
2026-04-30 13:30:00,2026-04-30 13:30:59,Q10,247.70,97.10,22.80,24.00,99.90,63.00,0.51,483.30,103.40,48.50,49.70,99.80,68.80,-1.31,237.10,104.00,23.80,24.60,99.90,67.40,0.57,322.70,101.50,95.10,98.30,99.87,66.40,-0.23
2026-04-30 13:31:00,2026-04-30 13:31:59,Q10,247.10,98.50,23.80,24.20,99.90,65.50,0.37,482.40,106.10,50.50,51.10,99.90,68.40,-0.94,236.50,109.50,24.80,25.70,99.90,63.30,0.34,322.00,104.70,99.10,101.00,99.90,65.73,-0.23
2026-04-30 13:32:00,2026-04-30 13:32:59,Q10,247.50,98.50,23.80,24.20,99.80,65.80,1.11,482.70,107.20,50.50,51.60,99.90,67.40,-0.49,236.60,103.00,23.80,24.30,99.80,65.00,1.31,322.27,102.90,98.10,100.10,99.83,66.07,1.94
2026-04-30 13:33:00,2026-04-30 13:33:59,Q10,248.00,98.50,23.80,24.30,99.80,62.50,-0.97,483.70,103.90,48.50,49.70,99.10,66.00,-2.69,237.20,104.60,23.80,24.60,99.80,61.30,-1.06,322.97,102.33,96.10,98.60,99.57,63.27,-4.71
2026-04-30 13:34:00,2026-04-30 13:34:59,Q10,247.40,95.90,22.80,23.50,99.80,65.80,-1.06,482.80,102.90,48.50,49.20,99.10,70.40,-2.66,236.80,102.10,23.80,24.10,99.80,67.20,-1.09,322.33,100.30,95.10,96.80,99.57,67.80,-4.80
2026-04-30 13:35:00,2026-04-30 13:35:59,Q10,248.20,103.70,24.80,25.50,99.90,66.70,-0.49,484.10,109.70,51.50,52.80,99.40,71.20,-2.43,237.40,111.50,25.70,26.30,99.90,67.40,-0.71,323.23,108.30,102.00,104.60,99.73,68.43,-3.63
2026-04-30 13:36:00,2026-04-30 13:36:59,Q10,248.30,116.10,27.70,28.80,99.90,61.20,-0.69,484.20,126.50,59.40,61.00,99.40,63.90,-2.71,237.40,122.80,27.70,28.90,99.90,59.60,-0.89,323.30,121.80,114.80,118.70,99.73,61.57,-4.29
2026-04-30 13:37:00,2026-04-30 13:37:59,Q10,247.90,97.80,22.80,24.00,99.80,64.50,-1.03,483.60,103.80,48.50,49.70,99.10,67.70,-2.74,237.20,104.00,23.80,24.60,99.80,63.00,-1.17,322.90,101.87,95.10,98.30,99.57,65.07,-4.94
2026-04-30 13:38:00,2026-04-30 13:38:59,Q10,247.30,81.20,19.80,20.00,99.90,66.80,0.66,482.40,86.60,40.60,41.50,99.90,68.00,-0.51,236.60,88.50,19.80,20.80,99.80,62.30,0.94,322.10,85.43,80.20,82.30,99.87,65.70,1.09
2026-04-30 13:39:00,2026-04-30 13:39:59,Q10,247.10,78.70,18.80,19.30,99.70,68.60,-1.14,482.20,83.40,39.20,40.00,98.90,71.60,-2.40,236.50,85.20,19.80,20.10,99.70,68.30,-1.14,321.93,82.43,77.80,79.40,99.43,69.50,-4.69
2026-04-30 13:40:00,2026-04-30 13:40:59,Q10,247.50,81.40,19.80,20.00,99.90,66.80,0.71,483.10,87.40,41.60,42.00,99.90,72.20,-0.63,237.00,86.90,19.80,20.40,99.90,68.20,0.74,322.53,85.23,81.20,82.40,99.90,69.07,0.83
2026-04-30 13:41:00,2026-04-30 13:41:59,Q10,247.10,83.60,19.80,20.50,99.70,68.20,-1.06,482.20,88.40,41.60,42.40,99.00,69.40,-2.31,236.60,86.00,19.80,20.30,99.80,69.10,-1.06,321.97,86.00,81.20,83.20,99.50,68.90,-4.43
2026-04-30 13:42:00,2026-04-30 13:42:59,Q10,247.50,81.70,19.80,20.00,99.90,75.50,0.51,482.90,90.00,42.60,43.40,99.90,71.40,-0.63,236.70,88.10,19.80,20.80,99.80,72.50,0.89,322.37,86.60,82.20,84.20,99.87,73.13,0.77
2026-04-30 13:43:00,2026-04-30 13:43:59,Q10,247.50,79.10,18.80,19.50,99.90,70.60,0.46,482.80,88.30,41.60,42.40,99.90,73.20,-0.63,236.80,88.20,19.80,20.80,99.90,70.50,0.63,322.37,85.20,80.20,82.70,99.90,71.43,0.46
2026-04-30 13:44:00,2026-04-30 13:44:59,Q10,248.40,81.50,19.80,20.10,99.70,66.20,-1.20,484.70,87.20,41.20,42.10,98.70,65.10,-2.74,237.70,87.50,19.80,20.60,99.80,62.40,-0.94,323.60,85.40,80.80,82.80,99.40,64.57,-4.89
2026-04-30 13:45:00,2026-04-30 13:45:59,Q10,248.20,82.30,19.80,20.30,99.90,82.50,-0.31,484.40,89.70,42.60,43.10,99.50,86.30,-1.69,237.60,89.30,20.80,21.10,99.90,82.90,0.00,323.40,87.10,83.20,84.50,99.77,83.90,-2.00
2026-04-30 13:46:00,2026-04-30 13:46:59,Q10,248.40,78.80,18.80,19.30,99.90,64.80,0.29,484.90,81.80,38.60,39.20,99.80,70.40,-1.03,237.90,84.60,18.80,19.90,99.90,65.90,0.31,323.73,81.73,76.20,78.40,99.87,67.03,-0.43
2026-04-30 13:47:00,2026-04-30 13:47:59,Q10,248.60,76.80,17.80,18.80,99.80,64.00,-0.80,485.10,83.50,39.60,40.30,99.20,69.20,-2.06,238.00,83.60,18.80,19.80,99.80,66.00,-0.83,323.90,81.30,76.20,78.90,99.60,66.40,-3.69
2026-04-30 13:48:00,2026-04-30 13:48:59,Q10,247.80,78.70,18.80,19.30,99.90,71.80,-0.63,483.70,84.70,39.60,40.60,99.20,74.90,-2.06,237.40,84.60,18.80,19.90,99.80,72.60,-0.80,322.97,82.67,77.20,79.80,99.63,73.10,-3.49
2026-04-30 13:49:00,2026-04-30 13:49:59,Q10,247.80,85.00,19.80,21.00,99.90,70.40,0.63,483.50,91.20,42.60,44.00,99.80,68.80,-0.83,237.10,90.00,20.80,21.30,99.90,64.10,0.63,322.80,88.73,83.20,86.30,99.87,67.77,0.43
2026-04-30 13:50:00,2026-04-30 13:50:59,Q10,248.40,86.40,20.80,21.30,99.70,71.90,-1.11,484.50,90.40,42.10,43.60,98.90,69.50,-2.60,237.60,90.30,20.80,21.30,99.80,67.60,-1.09,323.50,89.03,83.70,86.20,99.47,69.67,-4.80
2026-04-30 13:51:00,2026-04-30 13:51:59,Q10,248.10,79.00,18.80,19.60,99.90,65.80,0.54,483.70,88.40,41.60,42.50,99.90,68.40,-0.46,237.20,84.50,18.80,19.90,99.80,63.30,1.09,323.00,83.97,79.20,82.00,99.87,65.83,1.17
2026-04-30 13:52:00,2026-04-30 13:52:59,Q10,247.90,77.20,18.80,19.00,99.90,63.60,0.66,483.60,84.60,39.60,40.60,99.90,65.60,-0.37,237.00,84.10,18.80,19.90,99.70,65.40,1.11,322.83,81.97,77.20,79.50,99.83,64.87,1.40
2026-04-30 13:53:00,2026-04-30 13:53:59,Q10,247.70,79.70,18.80,19.50,99.90,68.40,-0.11,483.00,84.60,39.60,40.60,99.70,73.60,-1.26,237.00,82.40,18.80,19.40,99.90,72.70,0.03,322.57,82.23,77.20,79.50,99.83,71.57,-1.34
2026-04-30 13:54:00,2026-04-30 13:54:59,Q10,248.00,80.70,18.80,19.80,99.60,69.90,-1.31,483.70,88.40,41.20,42.50,98.90,70.50,-2.51,237.10,87.20,19.80,20.60,99.80,69.40,-0.94,322.93,85.43,79.80,82.90,99.43,69.93,-4.77
2026-04-30 13:55:00,2026-04-30 13:55:59,Q10,247.50,81.00,19.80,20.00,99.90,67.80,-0.31,482.80,87.50,40.60,41.90,99.60,74.20,-1.54,236.70,88.30,19.80,20.80,99.90,69.30,-0.03,322.33,85.60,80.20,82.70,99.80,70.43,-1.89
2026-04-30 13:56:00,2026-04-30 13:56:59,Q10,248.30,77.70,18.80,19.10,99.70,68.40,-1.06,484.50,84.30,39.20,40.70,98.80,69.80,-2.57,237.70,85.30,19.80,20.10,99.80,66.40,-1.06,323.50,82.43,77.80,79.90,99.43,68.20,-4.69
2026-04-30 13:57:00,2026-04-30 13:57:59,Q10,248.30,78.40,18.80,19.30,99.90,64.40,-0.69,484.50,85.00,40.60,41.10,99.40,65.40,-1.74,237.60,85.60,19.80,20.10,99.90,61.90,-0.37,323.47,83.00,79.20,80.50,99.73,63.90,-2.80
2026-04-30 13:58:00,2026-04-30 13:58:59,Q10,248.00,77.70,18.80,19.10,99.90,72.20,-0.17,484.10,80.80,37.60,38.70,99.60,72.80,-1.31,237.50,80.60,17.80,19.00,99.90,66.40,0.06,323.20,79.70,74.20,76.80,99.80,70.47,-1.43
2026-04-30 13:59:00,2026-04-30 13:59:59,Q10,248.00,78.80,18.80,19.30,99.90,61.40,-0.43,483.80,85.60,40.60,41.10,99.30,66.50,-1.94,237.20,85.10,19.80,20.10,99.90,63.60,-0.40,323.00,83.17,79.20,80.50,99.70,63.83,-2.77
2026-04-30 14:00:00,2026-04-30 14:00:59,Q10,248.40,82.70,19.80,20.30,99.60,72.00,-1.29,484.70,88.40,41.20,42.60,98.80,71.40,-2.66,237.70,84.80,18.80,19.90,99.70,67.20,-1.31,323.60,85.30,79.80,82.80,99.37,70.20,-5.26
2026-04-30 14:01:00,2026-04-30 14:01:59,Q10,247.60,79.50,18.80,19.50,99.90,63.50,0.40,483.20,85.80,40.60,41.10,99.80,67.10,-0.89,237.00,86.00,19.80,20.40,99.90,65.90,0.40,322.60,83.77,79.20,81.00,99.87,65.50,-0.09
2026-04-30 14:02:00,2026-04-30 14:02:59,Q10,248.00,77.40,18.80,19.10,99.70,77.40,-1.20,483.90,86.50,40.20,41.50,98.90,80.90,-2.51,237.40,84.60,18.80,19.90,99.70,77.50,-1.14,323.10,82.83,77.80,80.50,99.43,78.60,-4.86
2026-04-30 14:03:00,2026-04-30 14:03:59,Q10,248.20,80.80,18.80,19.80,99.90,61.90,0.09,484.30,85.10,40.60,41.10,99.60,72.40,-1.37,237.60,84.70,18.80,19.90,99.90,66.00,0.54,323.37,83.53,78.20,80.80,99.80,66.77,-0.74
2026-04-30 14:04:00,2026-04-30 14:04:59,Q10,247.20,85.00,19.80,21.00,99.90,66.10,0.43,482.10,93.20,43.60,44.80,99.90,66.30,-0.54,236.30,90.00,20.80,21.20,99.80,65.50,0.83,321.87,89.40,84.20,87.00,99.87,65.97,0.71
2026-04-30 14:05:00,2026-04-30 14:05:59,Q10,248.40,82.50,19.80,20.30,99.90,68.40,0.06,484.70,92.60,43.60,44.50,99.80,72.40,-1.11,237.70,90.80,20.80,21.30,99.90,70.10,0.26,323.60,88.63,84.20,86.10,99.87,70.30,-0.80
2026-04-30 14:06:00,2026-04-30 14:06:59,Q10,247.90,82.50,19.80,20.30,99.90,77.30,0.51,483.60,92.10,43.60,44.40,99.90,80.20,-0.54,237.20,88.30,19.80,20.90,99.80,77.40,0.97,322.90,87.63,83.20,85.60,99.87,78.30,0.94
2026-04-30 14:07:00,2026-04-30 14:07:59,Q10,247.20,83.80,19.80,20.50,99.90,67.40,-0.46,482.00,92.20,43.60,44.30,99.70,71.60,-1.40,236.20,88.40,19.80,20.80,99.90,70.00,-0.06,321.80,88.13,83.20,85.60,99.83,69.67,-1.91
2026-04-30 14:08:00,2026-04-30 14:08:59,Q10,247.20,81.40,19.80,20.00,99.70,64.90,-1.17,482.00,89.00,41.60,42.90,99.00,65.90,-2.49,236.30,89.30,20.80,21.00,99.80,60.90,-0.94,321.83,86.57,82.20,83.90,99.50,63.90,-4.60
2026-04-30 14:09:00,2026-04-30 14:09:59,Q10,248.10,83.30,19.80,20.60,99.80,71.00,-0.97,483.60,93.30,43.60,44.90,99.20,70.90,-2.37,237.00,89.80,20.80,21.10,99.90,69.00,-0.63,322.90,88.80,84.20,86.60,99.63,70.30,-3.97
2026-04-30 14:10:00,2026-04-30 14:10:59,Q10,247.50,83.40,19.80,20.50,99.90,63.80,-0.23,482.70,92.70,43.60,44.30,99.60,68.50,-1.54,236.60,89.80,20.80,21.00,99.90,65.10,-0.14,322.27,88.63,84.20,85.80,99.80,65.80,-1.91
2026-04-30 14:11:00,2026-04-30 14:11:59,Q10,247.80,78.20,18.80,19.30,99.90,72.40,0.66,483.10,87.80,41.60,42.00,99.90,74.50,-0.66,236.70,84.60,18.80,19.80,99.80,71.90,0.94,322.53,83.53,79.20,81.10,99.87,72.93,0.94
2026-04-30 14:12:00,2026-04-30 14:12:59,Q10,247.70,92.80,21.80,22.70,99.90,62.60,-0.34,482.80,101.30,47.50,48.70,99.60,64.40,-1.63,236.70,100.60,22.80,23.60,99.90,62.80,-0.03,322.40,98.23,92.10,95.00,99.80,63.27,-2.00
2026-04-30 14:13:00,2026-04-30 14:13:59,Q10,247.40,111.60,26.70,27.40,99.50,63.50,2.23,482.20,120.80,56.40,57.80,99.90,66.50,0.51,236.20,121.50,27.70,28.60,99.40,65.10,2.66,321.93,117.97,110.80,113.80,99.60,65.03,5.40
2026-04-30 14:14:00,2026-04-30 14:14:59,Q10,247.20,117.90,27.70,28.90,99.80,58.40,1.23,481.90,123.70,58.40,59.20,99.90,59.10,-0.57,236.10,123.30,28.70,29.00,99.80,57.50,1.43,321.73,121.63,114.80,117.10,99.83,58.33,2.09
2026-04-30 14:15:00,2026-04-30 14:15:59,Q10,247.70,108.70,25.70,26.70,99.90,68.90,0.74,482.90,115.30,54.50,55.40,99.80,69.60,-1.43,236.60,116.20,26.70,27.40,99.90,64.90,-0.06,322.40,113.40,106.90,109.50,99.87,67.80,-0.74
2026-04-30 14:16:00,2026-04-30 14:16:59,Q10,246.60,99.10,23.80,24.40,99.70,67.40,1.66,480.60,120.20,56.40,57.60,99.90,66.50,0.03,235.50,106.00,23.80,24.90,99.60,62.00,2.00,320.90,108.43,104.00,106.90,99.73,65.30,3.69
2026-04-30 14:17:00,2026-04-30 14:17:59,Q10,247.20,102.70,24.80,25.20,99.80,63.90,1.14,481.80,108.40,50.50,51.90,99.90,68.10,-0.49,236.20,105.70,23.80,24.80,99.80,63.10,1.29,321.73,105.60,99.10,101.90,99.83,65.03,1.94
2026-04-30 14:18:00,2026-04-30 14:18:59,Q10,247.40,105.20,24.80,25.90,99.40,72.00,2.26,482.40,108.70,51.50,52.10,99.90,76.00,0.97,236.30,111.90,25.70,26.20,99.50,73.50,2.29,322.03,108.60,102.00,104.20,99.60,73.83,5.51
2026-04-30 14:19:00,2026-04-30 14:19:59,Q10,247.70,107.60,25.70,26.40,99.70,57.90,1.60,482.80,114.80,53.50,54.90,99.90,62.10,0.29,236.60,113.90,25.70,26.70,99.70,60.90,1.71,322.37,112.10,104.90,108.00,99.77,60.30,3.60
2026-04-30 14:20:00,2026-04-30 14:20:59,Q10,248.20,105.30,25.70,26.00,99.90,64.20,-0.74,483.60,111.90,52.50,53.60,99.40,64.60,-2.49,236.90,111.70,25.70,26.20,99.90,62.80,-0.66,322.90,109.63,103.90,105.80,99.73,63.87,-3.89
2026-04-30 14:22:00,2026-04-30 14:22:59,Q10,247.70,105.70,24.80,25.90,99.90,63.50,-0.77,482.60,113.30,53.50,54.50,99.40,62.80,-2.43,236.40,113.90,25.70,26.70,99.90,60.00,-0.77,322.23,110.97,104.00,107.10,99.73,62.10,-3.97
2026-04-30 14:23:00,2026-04-30 14:23:59,Q10,247.20,110.60,26.70,27.20,99.90,66.50,-0.94,481.60,118.00,55.40,56.80,99.40,66.90,-2.51,235.90,115.40,26.70,27.00,99.90,62.50,-0.60,321.57,114.67,108.80,111.00,99.73,65.30,-4.06
2026-04-30 14:24:00,2026-04-30 14:24:59,Q10,247.50,108.60,25.70,26.70,99.90,58.90,-0.97,482.20,117.50,55.40,56.40,99.40,60.00,-2.54,236.10,118.50,26.70,27.80,99.90,57.60,-0.54,321.93,114.87,107.80,110.90,99.73,58.83,-4.06
2026-04-30 14:25:00,2026-04-30 14:25:59,Q10,247.30,103.00,24.80,25.40,99.90,67.10,-0.86,482.00,112.20,52.50,54.00,99.50,68.20,-2.26,236.20,112.00,25.70,26.40,99.90,63.60,-0.74,321.83,109.07,103.00,105.80,99.77,66.30,-3.86
2026-04-30 14:26:00,2026-04-30 14:26:59,Q10,247.10,105.30,24.80,25.90,99.80,59.90,1.34,481.40,112.80,52.50,53.90,99.90,58.90,0.14,235.70,113.30,25.70,26.60,99.70,58.10,1.74,321.40,110.47,103.00,106.40,99.80,58.97,3.23
2026-04-30 14:27:00,2026-04-30 14:27:59,Q10,247.00,111.00,26.70,27.40,99.50,63.90,2.17,481.30,113.90,53.50,54.40,99.90,64.20,0.89,235.80,112.90,25.70,26.30,99.40,64.90,2.49,321.37,112.60,105.90,108.10,99.60,64.33,5.54
2026-04-30 14:28:00,2026-04-30 14:28:59,Q10,248.10,110.50,26.70,27.30,99.80,63.30,1.46,483.60,117.20,55.40,56.50,99.90,67.40,-0.17,236.90,117.40,26.70,27.60,99.80,64.00,1.29,322.87,115.03,108.80,111.40,99.83,64.90,2.57
2026-04-30 14:29:00,2026-04-30 14:29:59,Q10,248.00,106.80,25.70,26.30,99.90,58.10,0.77,483.50,114.80,54.50,55.10,99.90,64.40,-0.63,237.00,113.80,25.70,26.80,99.80,62.90,1.29,322.83,111.80,105.90,108.20,99.87,61.80,1.43
2026-04-30 14:30:00,2026-04-30 14:30:59,Q10,247.90,102.90,24.80,25.20,99.70,57.70,1.46,483.50,110.40,52.50,53.10,99.90,59.50,0.00,237.10,109.00,24.80,25.80,99.60,60.10,1.80,322.83,107.43,102.10,104.10,99.73,59.10,3.26
2026-04-30 14:31:00,2026-04-30 14:31:59,Q10,248.10,104.50,24.80,25.80,99.90,71.40,0.60,483.90,110.40,52.50,53.10,99.90,78.90,-0.97,237.30,109.10,24.80,25.80,99.90,76.20,1.00,323.10,108.00,102.10,104.70,99.90,75.50,0.63
2026-04-30 14:32:00,2026-04-30 14:32:59,Q10,247.50,104.10,24.80,25.70,99.80,67.90,-1.17,482.80,112.30,52.50,54.00,99.20,71.50,-2.77,236.70,112.30,25.70,26.40,99.80,70.00,-1.23,322.33,109.57,103.00,106.10,99.60,69.80,-5.17
2026-04-30 14:33:00,2026-04-30 14:33:59,Q10,248.50,102.70,24.80,25.30,99.90,61.80,-0.80,484.70,110.00,52.50,53.20,99.20,68.10,-2.69,237.70,110.80,25.70,26.10,99.80,66.30,-1.03,323.63,107.83,103.00,104.60,99.63,65.40,-4.51
2026-04-30 14:34:00,2026-04-30 14:34:59,Q10,248.10,104.40,24.80,25.80,99.80,65.20,-0.94,484.20,111.90,52.50,53.70,99.20,64.00,-2.77,237.40,109.80,24.80,25.80,99.80,61.20,-1.17,323.23,108.70,102.10,105.30,99.60,63.47,-4.89
2026-04-30 14:35:00,2026-04-30 14:35:59,Q10,248.10,101.10,24.80,25.00,99.80,65.00,-1.03,484.30,108.20,51.50,52.30,99.10,67.90,-2.86,237.50,108.40,24.80,25.60,99.80,68.10,-1.17,323.30,105.90,101.10,102.90,99.57,67.00,-5.06
2026-04-30 14:36:00,2026-04-30 14:36:59,Q10,248.10,104.20,24.80,25.80,99.90,70.40,0.80,483.80,111.20,52.50,53.60,99.90,69.80,-0.94,237.20,111.90,25.70,26.30,99.90,67.00,0.97,323.03,109.10,103.00,105.70,99.90,69.07,0.83
2026-04-30 14:37:00,2026-04-30 14:37:59,Q10,248.70,101.60,24.80,25.00,99.90,64.40,0.40,485.30,106.70,50.50,51.40,99.80,65.90,-1.26,237.90,106.70,24.80,25.10,99.90,63.90,0.66,323.97,105.00,100.10,101.50,99.87,64.73,-0.20
2026-04-30 14:38:00,2026-04-30 14:38:59,Q10,247.80,94.50,22.80,23.20,99.90,64.20,0.66,483.60,100.00,47.50,48.30,99.90,71.50,-0.63,237.20,100.30,22.80,23.70,99.90,66.80,0.74,322.87,98.27,93.10,95.20,99.90,67.50,0.77
2026-04-30 14:39:00,2026-04-30 14:39:59,Q10,248.60,96.60,22.80,23.80,99.90,68.10,0.26,484.80,104.60,49.50,50.30,99.80,66.50,-1.29,237.70,104.60,23.80,24.60,99.90,64.80,0.31,323.70,101.93,96.10,98.70,99.87,66.47,-0.71
2026-04-30 14:40:00,2026-04-30 14:40:59,Q10,249.00,99.30,23.80,24.70,99.50,62.60,1.97,485.80,105.70,49.50,50.90,99.90,66.10,-0.09,238.30,109.30,24.80,25.90,99.60,62.00,1.83,324.37,104.77,98.10,101.50,99.67,63.57,3.71
2026-04-30 14:41:00,2026-04-30 14:41:59,Q10,248.50,100.80,23.80,24.80,99.60,66.50,1.83,485.00,106.70,50.50,51.40,99.90,68.30,0.37,237.90,107.00,24.80,25.40,99.50,65.50,2.14,323.80,104.83,99.10,101.60,99.67,66.77,4.34
2026-04-30 14:42:00,2026-04-30 14:42:59,Q10,248.50,103.00,24.80,25.50,99.90,63.80,-0.60,484.80,108.60,51.50,52.30,99.60,66.80,-1.83,237.70,109.10,24.80,25.80,99.90,61.30,-0.43,323.67,106.90,101.10,103.60,99.80,63.97,-2.86
2026-04-30 14:43:00,2026-04-30 14:43:59,Q10,248.50,101.80,24.80,25.00,99.90,74.20,0.43,484.40,107.00,50.50,51.80,99.90,74.30,-0.89,237.40,110.60,25.70,26.10,99.90,72.20,0.77,323.43,106.47,101.00,102.90,99.90,73.57,0.31
2026-04-30 14:44:00,2026-04-30 14:44:59,Q10,248.40,102.90,24.80,25.30,99.90,61.60,0.46,484.60,106.70,50.50,51.30,99.80,64.70,-1.17,237.70,109.10,24.80,25.80,99.90,62.60,0.23,323.57,106.23,100.10,102.40,99.87,62.97,-0.49
2026-04-30 14:45:00,2026-04-30 14:45:59,Q10,248.10,98.50,23.80,24.30,99.80,66.20,-1.26,483.70,104.80,49.50,50.20,99.20,68.30,-2.60,237.20,104.70,23.80,24.60,99.80,65.30,-1.23,323.00,102.67,97.10,99.10,99.60,66.60,-5.09
2026-04-30 14:46:00,2026-04-30 14:46:59,Q10,248.10,96.10,22.80,23.80,99.80,66.40,1.11,484.00,102.80,48.50,49.40,99.90,68.50,-0.40,237.30,102.90,23.80,24.20,99.80,66.50,1.11,323.13,100.60,95.10,97.40,99.83,67.13,1.83
2026-04-30 14:47:00,2026-04-30 14:47:59,Q10,248.60,102.00,24.80,25.30,99.80,66.60,1.31,484.80,105.90,49.50,50.80,99.90,69.80,-0.20,237.60,110.70,25.70,26.10,99.70,67.60,1.46,323.67,106.20,100.00,102.20,99.80,68.00,2.57
2026-04-30 14:48:00,2026-04-30 14:48:59,Q10,248.10,105.10,25.70,26.00,99.80,61.80,-1.00,484.10,105.80,49.50,50.80,99.20,64.00,-2.74,237.50,107.10,24.80,25.40,99.80,61.30,-1.20,323.23,106.00,100.00,102.20,99.60,62.37,-4.94
2026-04-30 14:49:00,2026-04-30 14:49:59,Q10,248.60,99.20,23.80,24.60,99.90,65.10,0.37,484.60,104.40,49.50,50.30,99.80,67.50,-1.03,237.50,105.90,23.80,24.90,99.90,66.70,0.51,323.57,103.17,97.10,99.80,99.87,66.43,-0.14
2026-04-30 14:50:00,2026-04-30 14:50:59,Q10,248.80,98.80,23.80,24.30,99.90,63.30,-0.03,485.40,106.60,50.50,51.40,99.60,64.70,-1.91,237.90,104.80,23.80,24.60,99.90,63.20,0.09,324.03,103.40,98.10,100.30,99.80,63.73,-1.86
2026-04-30 14:51:00,2026-04-30 14:51:59,Q10,248.50,100.90,23.80,24.80,99.90,66.50,-0.80,484.70,107.30,50.50,51.80,99.20,68.30,-2.63,237.70,107.80,24.80,25.40,99.90,64.60,-0.60,323.63,105.33,99.10,102.00,99.67,66.47,-4.03
2026-04-30 14:52:00,2026-04-30 14:52:59,Q10,248.10,100.90,23.80,24.80,99.80,71.50,1.06,484.00,104.40,49.50,50.30,99.90,72.20,-0.51,237.40,104.30,23.80,24.60,99.80,69.50,1.06,323.17,103.20,97.10,99.70,99.83,71.07,1.60
2026-04-30 14:53:00,2026-04-30 14:53:59,Q10,248.60,102.00,24.80,25.30,99.90,69.00,-0.26,485.10,108.70,51.50,52.40,99.50,70.20,-1.97,237.90,107.20,24.80,25.40,99.90,64.10,-0.29,323.87,105.97,101.10,103.10,99.77,67.77,-2.51
2026-04-30 14:54:00,2026-04-30 14:54:59,Q10,248.50,99.20,23.80,24.60,99.80,73.40,-0.94,484.70,108.70,51.50,52.30,99.50,71.20,-2.06,237.50,106.70,24.80,25.10,99.90,68.70,-0.86,323.57,104.87,100.10,102.00,99.73,71.10,-3.86
2026-04-30 14:55:00,2026-04-30 14:55:59,Q10,248.60,104.20,24.80,25.80,99.80,64.20,1.34,484.80,113.60,53.50,54.70,99.90,64.20,-0.17,237.60,111.30,25.70,26.30,99.60,61.50,1.86,323.67,109.70,104.00,106.80,99.77,63.30,3.03
2026-04-30 14:56:00,2026-04-30 14:56:59,Q10,248.20,111.50,26.70,27.50,99.70,65.40,1.63,484.00,120.20,57.40,58.10,99.90,68.20,0.14,237.30,118.20,26.70,28.00,99.60,66.10,2.00,323.17,116.63,110.80,113.60,99.73,66.57,3.77
2026-04-30 14:57:00,2026-04-30 14:57:59,Q10,248.40,92.00,21.80,22.80,99.80,68.60,1.09,484.60,96.10,45.50,46.50,99.90,70.80,-0.14,237.60,95.10,21.80,22.50,99.70,68.70,1.23,323.53,94.40,89.10,91.80,99.80,69.37,2.17
2026-04-30 14:58:00,2026-04-30 14:58:59,Q10,248.20,81.70,19.80,20.10,99.90,68.90,0.71,484.20,88.60,41.60,42.60,99.90,72.10,-0.31,237.40,85.60,19.80,20.10,99.80,68.20,0.86,323.27,85.30,81.20,82.80,99.87,69.73,1.26
2026-04-30 14:59:00,2026-04-30 14:59:59,Q10,248.00,83.10,19.80,20.60,99.70,75.60,1.06,483.90,90.50,42.60,43.50,99.90,78.20,-0.20,237.30,88.00,19.80,20.90,99.60,74.90,1.51,323.07,87.20,82.20,85.00,99.73,76.23,2.37
2026-04-30 15:00:00,2026-04-30 15:00:59,Q10,248.50,85.60,20.80,21.10,99.90,69.60,0.29,485.00,92.20,43.60,44.60,99.60,73.00,-1.43,237.90,92.50,20.80,21.80,99.90,69.40,0.00,323.80,90.10,85.20,87.50,99.80,70.67,-1.14
2026-04-30 15:01:00,2026-04-30 15:01:59,Q10,248.70,85.30,20.80,21.10,99.80,66.30,-0.77,485.00,90.10,42.60,43.70,99.20,65.20,-2.23,237.80,91.90,20.80,21.60,99.90,64.20,-0.60,323.83,89.10,84.20,86.40,99.63,65.23,-3.60
2026-04-30 15:02:00,2026-04-30 15:02:59,Q10,248.80,76.60,17.80,18.80,99.90,67.60,0.46,485.40,85.30,40.60,41.20,99.80,72.30,-0.91,237.90,82.50,18.80,19.40,99.80,67.80,0.97,324.03,81.47,77.20,79.40,99.83,69.23,0.51
2026-04-30 15:03:00,2026-04-30 15:03:59,Q10,248.80,81.70,19.80,20.10,99.70,70.30,-1.06,485.30,87.20,41.20,42.20,98.90,70.20,-2.57,238.00,87.40,19.80,20.70,99.80,68.20,-0.91,324.03,85.43,80.80,83.00,99.47,69.57,-4.54
2026-04-30 15:04:00,2026-04-30 15:04:59,Q10,248.70,81.40,19.80,20.10,99.90,71.80,-0.57,485.20,89.20,42.60,43.20,99.20,75.00,-2.17,237.90,91.10,20.80,21.60,99.90,70.80,-0.20,323.93,87.23,83.20,84.90,99.67,72.53,-2.94
2026-04-30 15:05:00,2026-04-30 15:05:59,Q10,247.70,76.10,17.80,18.80,99.90,68.90,0.34,483.30,85.90,40.60,41.10,99.90,72.30,-0.71,237.10,83.60,18.80,19.70,99.80,69.00,0.83,322.70,81.87,77.20,79.60,99.87,70.07,0.46
2026-04-30 15:06:00,2026-04-30 15:06:59,Q10,247.80,81.30,19.80,20.00,99.90,71.20,0.31,483.40,86.70,40.60,41.50,99.90,70.90,-0.69,237.00,85.70,19.80,20.10,99.80,66.30,0.89,322.73,84.57,80.20,81.60,99.87,69.47,0.51
2026-04-30 15:07:00,2026-04-30 15:07:59,Q10,248.20,79.10,18.80,19.60,99.90,69.20,0.51,484.40,84.10,39.60,40.70,99.90,67.70,-0.71,237.60,86.40,19.80,20.40,99.90,65.10,0.74,323.40,83.20,78.20,80.70,99.90,67.33,0.54
2026-04-30 15:08:00,2026-04-30 15:08:59,Q10,247.80,80.90,18.80,19.80,99.60,71.50,-1.31,483.70,89.40,41.20,43.00,98.90,73.30,-2.57,237.30,88.50,19.80,20.90,99.80,71.30,-1.03,322.93,86.27,79.80,83.70,99.43,72.03,-4.91
2026-04-30 15:09:00,2026-04-30 15:09:59,Q10,248.00,80.70,18.80,19.80,99.60,63.80,-1.31,484.00,90.00,42.10,43.60,98.80,69.60,-2.71,237.40,88.20,19.80,20.90,99.80,71.00,-1.06,323.13,86.30,80.70,84.30,99.40,68.13,-5.09
2026-04-30 15:10:00,2026-04-30 15:10:59,Q10,247.80,76.70,17.80,18.80,99.90,67.60,0.63,483.30,83.80,39.60,40.10,99.90,69.40,-0.51,237.00,84.50,18.80,19.90,99.80,66.70,1.03,322.70,81.67,76.20,78.80,99.87,67.90,1.14
2026-04-30 15:11:00,2026-04-30 15:11:59,Q10,248.40,86.80,20.80,21.30,99.90,66.10,0.69,484.60,90.40,42.60,43.60,99.90,66.10,-0.49,237.60,91.70,20.80,21.60,99.80,66.70,1.09,323.53,89.63,84.20,86.50,99.87,66.30,1.29
2026-04-30 15:12:00,2026-04-30 15:12:59,Q10,248.30,100.90,23.80,24.80,99.80,65.20,-1.23,484.20,110.90,52.50,53.20,99.20,62.70,-2.80,237.40,108.10,24.80,25.60,99.90,60.20,-0.94,323.30,106.63,101.10,103.60,99.63,62.70,-4.97
2026-04-30 15:13:00,2026-04-30 15:13:59,Q10,247.80,103.50,24.80,25.40,99.80,61.70,1.11,483.60,112.60,53.50,54.10,99.90,65.20,-0.03,237.20,112.30,25.70,26.50,99.70,61.50,1.66,322.87,109.47,104.00,106.00,99.80,62.80,2.74
2026-04-30 15:14:00,2026-04-30 15:14:59,Q10,248.50,98.80,23.80,24.30,99.90,66.30,0.63,484.60,105.80,49.50,50.80,99.90,68.00,-0.71,237.50,105.40,23.80,24.90,99.80,65.80,1.06,323.53,103.33,97.10,100.00,99.87,66.70,0.97
2026-04-30 15:15:00,2026-04-30 15:15:59,Q10,248.20,94.20,22.80,23.30,99.90,64.80,0.80,484.00,105.60,49.50,50.80,99.90,66.00,-0.49,237.20,101.80,22.80,23.90,99.80,63.80,1.29,323.13,100.53,95.10,98.00,99.87,64.87,1.60
2026-04-30 15:16:00,2026-04-30 15:16:59,Q10,247.80,92.30,21.80,22.70,99.80,60.20,0.97,483.30,97.00,45.50,46.90,99.90,65.80,-0.09,237.10,101.20,22.80,23.90,99.70,63.60,1.49,322.73,96.83,90.10,93.50,99.80,63.20,2.37
2026-04-30 15:17:00,2026-04-30 15:17:59,Q10,248.40,97.10,23.80,24.10,99.70,79.50,-1.29,484.30,105.50,49.50,50.80,99.10,81.10,-2.77,237.50,104.70,23.80,24.60,99.90,78.00,-0.89,323.40,102.43,97.10,99.50,99.57,79.53,-4.94
2026-04-30 15:18:00,2026-04-30 15:18:59,Q10,247.50,102.80,24.80,25.20,99.90,72.70,0.40,482.50,108.20,51.50,52.10,99.80,72.20,-1.26,236.50,108.40,24.80,25.50,99.90,70.80,0.80,322.17,106.47,101.10,102.80,99.87,71.90,-0.06
2026-04-30 15:19:00,2026-04-30 15:19:59,Q10,247.60,99.50,23.80,24.50,99.80,61.40,1.20,482.70,107.70,50.50,51.60,99.90,69.40,0.14,236.50,104.90,23.80,24.50,99.50,65.80,2.00,322.27,104.03,98.10,100.60,99.73,65.53,3.34
2026-04-30 15:20:00,2026-04-30 15:20:59,Q10,248.20,94.20,22.80,23.30,99.90,62.20,0.54,484.10,101.60,47.50,48.90,99.80,66.80,-1.00,237.30,101.20,22.80,23.90,99.90,63.60,0.57,323.20,99.00,93.10,96.10,99.87,64.20,0.11
2026-04-30 15:21:00,2026-04-30 15:21:59,Q10,247.90,94.10,22.80,23.20,99.90,68.40,0.26,483.30,103.70,48.50,49.70,99.80,66.30,-1.06,236.90,103.10,23.80,24.30,99.90,65.80,0.66,322.70,100.30,95.10,97.20,99.87,66.83,-0.14
2026-04-30 15:22:00,2026-04-30 15:22:59,Q10,247.60,98.60,23.80,24.20,99.90,64.60,0.11,483.00,106.90,50.50,51.20,99.70,64.80,-1.37,236.80,103.60,23.80,24.30,99.90,62.70,0.40,322.47,103.03,98.10,99.70,99.83,64.03,-0.86
2026-04-30 15:23:00,2026-04-30 15:23:59,Q10,248.20,95.40,22.80,23.60,99.80,65.50,1.20,484.10,101.70,47.50,48.90,99.90,70.40,-0.23,237.30,102.40,23.80,24.20,99.60,66.90,1.69,323.20,99.83,94.10,96.70,99.77,67.60,2.66
2026-04-30 15:24:00,2026-04-30 15:24:59,Q10,248.20,97.60,23.80,24.10,99.90,69.80,0.54,484.00,103.70,48.50,49.90,99.90,72.90,-0.86,237.30,103.00,23.80,24.40,99.90,74.50,0.71,323.17,101.43,96.10,98.40,99.90,72.40,0.40
2026-04-30 15:25:00,2026-04-30 15:25:59,Q10,248.20,91.90,21.80,22.60,99.80,68.40,-1.14,484.10,101.20,47.50,48.90,99.10,69.10,-2.69,237.20,100.90,22.80,23.70,99.90,67.90,-0.89,323.17,98.00,92.10,95.20,99.60,68.47,-4.71
2026-04-30 15:26:00,2026-04-30 15:26:59,Q10,248.30,94.60,22.80,23.30,99.90,76.00,-0.57,484.40,98.80,46.50,47.40,99.40,77.10,-2.14,237.50,99.70,22.80,23.50,99.90,74.30,-0.46,323.40,97.70,92.10,94.20,99.73,75.80,-3.17
2026-04-30 15:27:00,2026-04-30 15:27:59,Q10,248.20,96.70,22.80,23.80,99.90,79.70,-0.86,484.20,103.70,48.50,49.90,99.10,81.90,-2.66,237.40,103.00,23.80,24.40,99.90,79.00,-0.94,323.27,101.13,95.10,98.10,99.63,80.20,-4.46
2026-04-30 15:28:00,2026-04-30 15:28:59,Q10,248.00,92.70,21.80,22.80,99.80,65.50,-1.17,483.70,101.90,47.50,48.80,99.20,70.70,-2.57,237.10,100.40,22.80,23.70,99.90,66.20,-0.80,322.93,98.33,92.10,95.30,99.63,67.47,-4.54
2026-04-30 15:29:00,2026-04-30 15:29:59,Q10,248.30,94.60,22.80,23.30,99.80,69.00,0.89,484.10,101.40,47.50,48.90,99.90,72.50,-0.51,237.20,100.60,22.80,23.70,99.70,68.10,1.34,323.20,98.87,93.10,95.90,99.80,69.87,1.71
2026-04-30 15:30:00,2026-04-30 15:30:59,Q10,248.00,96.10,22.80,23.80,99.80,70.30,-1.09,483.60,103.80,48.50,49.70,99.30,72.10,-2.49,237.00,99.10,22.80,23.50,99.90,69.50,-0.57,322.87,99.67,94.10,97.00,99.67,70.63,-4.14
2026-04-30 15:31:00,2026-04-30 15:31:59,Q10,248.10,102.20,24.80,25.30,99.90,63.90,0.60,484.20,108.50,51.50,52.30,99.90,65.70,-0.66,237.50,107.80,24.80,25.40,99.80,63.80,1.23,323.27,106.17,101.10,103.00,99.87,64.47,1.17
2026-04-30 15:32:00,2026-04-30 15:32:59,Q10,248.30,101.10,24.80,25.00,99.80,63.30,-1.20,484.50,107.00,50.50,51.80,99.30,66.20,-2.60,237.40,107.40,24.80,25.40,99.90,65.10,-0.83,323.40,105.17,100.10,102.20,99.67,64.87,-4.63
2026-04-30 15:33:00,2026-04-30 15:33:59,Q10,248.10,96.40,22.80,23.80,99.80,64.40,-1.20,484.10,104.70,49.50,50.30,99.10,66.10,-2.71,237.40,106.60,24.80,25.10,99.90,63.80,-0.89,323.20,102.57,97.10,99.20,99.60,64.77,-4.80
2026-04-30 15:34:00,2026-04-30 15:34:59,Q10,248.30,93.30,22.80,23.10,99.70,68.30,-1.31,484.20,103.10,48.50,49.90,99.00,70.40,-2.86,237.40,98.30,22.80,23.20,99.90,68.60,-0.91,323.30,98.23,94.10,96.20,99.53,69.10,-5.09
2026-04-30 15:35:00,2026-04-30 15:35:59,Q10,247.90,98.40,23.80,24.20,99.90,61.20,0.74,483.40,106.20,50.50,51.20,99.90,66.80,-0.40,237.00,101.90,22.80,23.90,99.70,61.30,1.43,322.77,102.17,97.10,99.30,99.83,63.10,1.77
2026-04-30 15:36:00,2026-04-30 15:36:59,Q10,247.80,97.90,22.80,24.00,99.80,61.70,-1.06,483.30,106.20,50.50,51.20,99.20,63.30,-2.60,236.90,105.30,23.80,24.80,99.90,61.80,-0.57,322.67,103.13,97.10,100.00,99.63,62.27,-4.23
2026-04-30 15:37:00,2026-04-30 15:37:59,Q10,248.00,94.50,22.80,23.30,99.90,61.70,-0.14,484.00,104.70,49.50,50.30,99.80,62.10,-1.20,237.30,102.40,23.80,24.20,99.90,61.40,0.63,323.10,100.53,96.10,97.80,99.87,61.73,-0.71
2026-04-30 15:38:00,2026-04-30 15:38:59,Q10,247.80,94.70,22.80,23.20,99.70,65.80,-1.37,483.50,102.60,48.50,49.30,99.20,63.30,-2.60,237.10,101.10,22.80,23.90,99.90,62.40,-0.86,322.80,99.47,94.10,96.40,99.60,63.83,-4.83
2026-04-30 15:39:00,2026-04-30 15:39:59,Q10,247.80,104.00,24.80,25.70,99.80,64.80,1.17,483.30,109.40,51.50,52.60,99.90,66.20,0.03,236.90,109.10,24.80,25.70,99.60,61.40,1.91,322.67,107.50,101.10,104.00,99.77,64.13,3.11
2026-04-30 15:40:00,2026-04-30 15:40:59,Q10,248.10,104.50,24.80,25.80,99.80,66.60,-1.29,484.00,113.00,53.50,54.70,99.30,65.60,-2.69,237.40,110.00,25.70,26.10,99.90,64.90,-0.83,323.17,109.17,104.00,106.60,99.67,65.70,-4.80
2026-04-30 15:41:00,2026-04-30 15:41:59,Q10,248.10,82.20,19.80,20.30,99.80,71.30,-1.06,484.00,90.70,42.60,43.60,99.30,74.10,-2.00,237.40,89.10,20.80,21.10,99.90,72.00,-0.34,323.17,87.33,83.20,85.00,99.67,72.47,-3.40
2026-04-30 15:42:00,2026-04-30 15:42:59,Q10,248.00,75.30,17.80,18.60,99.90,71.30,0.43,483.70,82.30,38.60,39.60,99.90,74.00,-0.31,237.20,79.80,17.80,18.70,99.80,71.00,0.97,322.97,79.13,74.20,76.90,99.87,72.10,1.09
2026-04-30 15:43:00,2026-04-30 15:43:59,Q10,248.50,76.60,17.80,18.80,99.90,67.40,-0.63,484.80,85.40,40.60,41.10,99.50,71.30,-1.66,237.70,81.40,19.00,19.20,100.00,68.00,0.00,323.67,81.13,77.40,79.10,99.80,68.90,-2.29
2026-04-30 15:44:00,2026-04-30 15:44:59,Q10,248.30,76.20,17.80,18.80,99.90,70.70,0.63,484.30,87.00,41.60,42.10,99.90,72.30,-0.03,237.40,83.90,18.80,19.70,99.50,71.70,1.51,323.33,82.37,78.20,80.60,99.77,71.57,2.11
2026-04-30 15:45:00,2026-04-30 15:45:59,Q10,248.30,80.10,18.80,19.80,99.50,63.20,-1.54,484.50,87.00,41.60,42.10,99.00,64.30,-2.37,237.70,85.70,19.80,20.10,99.60,62.70,-1.40,323.50,84.27,80.20,82.00,99.37,63.40,-5.31
2026-04-30 15:46:00,2026-04-30 15:46:59,Q10,248.70,79.30,18.80,19.60,99.90,72.70,0.09,485.20,89.20,42.60,43.20,99.80,73.00,-0.86,237.90,84.80,18.80,19.90,99.90,68.70,0.57,323.93,84.43,80.20,82.70,99.87,71.47,-0.20
2026-04-30 15:47:00,2026-04-30 15:47:59,Q10,248.50,79.00,18.80,19.60,99.90,92.20,0.34,484.80,84.80,39.60,40.70,99.90,94.30,-0.63,237.70,83.40,18.80,19.70,99.80,91.20,0.80,323.67,82.40,77.20,80.00,99.87,92.57,0.51
2026-04-30 15:48:00,2026-04-30 15:48:59,Q10,248.00,85.90,20.80,21.10,99.90,68.90,0.26,483.60,91.00,42.60,44.00,99.90,69.50,-0.77,237.20,90.10,20.80,21.30,99.80,65.40,0.83,322.93,89.00,84.20,86.40,99.87,67.93,0.31
2026-04-30 15:49:00,2026-04-30 15:49:59,Q10,248.10,104.70,24.80,25.80,99.70,67.30,-1.43,483.80,111.90,52.50,53.60,99.20,70.10,-2.80,237.10,111.70,25.70,26.30,99.90,69.80,-0.97,323.00,109.43,103.00,105.70,99.60,69.07,-5.20
2026-04-30 15:50:00,2026-04-30 15:50:59,Q10,248.70,105.80,25.70,26.00,99.90,63.20,0.03,485.00,112.30,53.50,54.30,99.80,64.50,-1.20,237.80,110.90,25.70,26.10,99.90,64.50,0.17,323.83,109.67,104.90,106.40,99.87,64.07,-1.00
2026-04-30 15:51:00,2026-04-30 15:51:59,Q10,248.40,100.60,23.80,24.80,99.70,69.50,-1.37,484.60,108.10,51.50,52.30,99.20,69.90,-2.80,237.60,109.10,24.80,25.80,99.80,68.50,-1.00,323.53,105.93,100.10,102.90,99.57,69.30,-5.17
2026-04-30 15:52:00,2026-04-30 15:52:59,Q10,248.20,105.30,25.70,26.00,99.80,69.10,-1.26,484.50,113.10,53.50,54.70,99.20,73.80,-2.80,237.60,112.80,25.70,26.50,99.80,70.70,-1.11,323.43,110.40,104.90,107.20,99.60,71.20,-5.17
2026-04-30 15:53:00,2026-04-30 15:53:59,Q10,248.60,106.80,25.70,26.30,99.90,62.60,0.89,485.10,113.70,53.50,54.80,99.90,64.40,-0.54,237.90,113.90,25.70,26.80,99.80,64.40,1.37,323.87,111.47,104.90,107.90,99.87,63.80,1.71
2026-04-30 15:54:00,2026-04-30 15:54:59,Q10,247.90,106.50,25.70,26.20,99.80,76.10,1.34,483.50,115.30,54.50,55.50,99.90,76.90,-0.40,237.30,113.60,25.70,26.80,99.70,75.30,1.66,322.90,111.80,105.90,108.50,99.80,76.10,2.60
2026-04-30 15:55:00,2026-04-30 15:55:59,Q10,248.10,223.00,54.50,55.30,99.80,52.00,2.40,483.80,236.60,111.90,114.00,99.90,55.00,-2.03,237.20,236.30,54.50,55.90,99.90,53.10,1.51,323.03,231.97,220.90,225.20,99.87,53.37,1.89
2026-04-30 15:56:00,2026-04-30 15:56:59,Q10,248.50,223.70,54.50,55.30,99.30,50.70,5.86,484.40,232.20,110.90,112.30,99.90,51.20,1.03,237.40,242.10,56.40,57.40,99.60,49.90,4.63,323.43,232.67,221.80,225.00,99.60,50.60,11.51
2026-04-30 15:57:00,2026-04-30 15:57:59,Q10,248.50,228.50,55.40,56.50,99.20,48.80,6.23,484.50,236.00,112.90,114.20,99.80,49.30,2.57,237.50,238.20,55.40,56.40,99.50,49.10,5.34,323.50,234.23,223.70,227.10,99.50,49.07,14.14
2026-04-30 15:58:00,2026-04-30 15:58:59,Q10,248.20,224.50,54.50,55.60,99.50,59.80,4.94,483.80,236.40,111.90,114.00,99.90,60.30,1.63,237.00,238.00,55.40,56.40,99.60,57.10,4.66,323.00,232.97,221.80,226.00,99.67,59.07,11.23
2026-04-30 15:59:00,2026-04-30 15:59:59,Q10,248.70,223.60,54.50,55.30,99.30,52.20,5.91,484.90,235.20,111.90,113.70,99.90,51.10,1.46,237.70,239.30,55.40,56.60,99.50,49.20,5.26,323.77,232.70,221.80,225.60,99.57,50.83,12.63
2026-04-30 16:00:00,2026-04-30 16:00:59,Q10,247.90,228.90,55.40,56.30,99.90,52.30,0.86,483.40,235.30,111.90,113.50,99.80,53.60,-3.09,236.90,241.30,56.00,56.90,100.00,50.10,0.00,322.73,235.17,223.30,226.70,99.90,52.00,-2.23
2026-04-30 16:01:00,2026-04-30 16:01:59,Q10,248.20,226.20,55.40,56.00,99.10,51.20,6.71,484.00,240.90,114.80,116.20,99.80,52.80,2.69,237.20,240.50,55.40,56.90,99.30,52.20,6.20,323.13,235.87,225.60,229.10,99.40,52.07,15.60
2026-04-30 16:02:00,2026-04-30 16:02:59,Q10,248.20,228.60,55.40,56.50,99.50,56.10,5.23,484.20,235.90,111.90,113.70,99.90,55.30,0.89,237.40,239.80,55.40,56.60,99.80,52.10,3.11,323.27,234.77,222.70,226.80,99.73,54.50,9.23
2026-04-30 16:03:00,2026-04-30 16:03:59,Q10,248.30,228.10,55.40,56.50,99.90,55.40,1.29,483.90,238.10,112.90,115.00,99.80,54.00,-3.11,237.10,240.00,55.40,56.90,99.90,50.40,0.17,323.10,235.40,223.70,228.40,99.87,53.27,-1.66
2026-04-30 16:04:00,2026-04-30 16:04:59,Q10,248.30,224.50,54.50,55.60,99.20,57.10,6.57,484.10,235.70,111.90,113.70,99.90,59.00,1.74,237.20,240.00,55.40,56.90,99.60,52.10,4.91,323.20,233.40,221.80,226.20,99.57,56.07,13.23
2026-04-30 16:05:00,2026-04-30 16:05:59,Q10,247.40,222.20,53.50,54.80,99.90,51.20,1.14,482.20,231.40,109.90,111.30,99.80,54.50,-3.00,236.30,239.70,55.40,56.40,99.90,52.60,0.20,321.97,231.10,218.80,222.50,99.87,52.77,-1.66
2026-04-30 16:06:00,2026-04-30 16:06:59,Q10,248.10,76.50,17.80,18.80,99.90,55.70,-0.37,484.20,83.60,39.60,40.20,99.60,60.50,-1.34,237.60,83.80,18.80,19.70,99.90,55.30,0.00,323.30,81.30,76.20,78.70,99.80,57.17,-1.71
2026-04-30 16:07:00,2026-04-30 16:07:59,Q10,248.20,104.10,24.80,25.80,99.90,58.60,0.66,484.30,110.20,52.50,53.20,99.90,62.80,-0.60,237.50,110.60,25.70,26.10,99.80,61.40,1.03,323.33,108.30,103.00,105.10,99.87,60.93,1.09
2026-04-30 16:08:00,2026-04-30 16:08:59,Q10,248.00,131.20,31.70,32.50,99.90,55.40,1.14,483.50,139.60,66.30,67.10,99.90,62.30,-0.71,237.10,139.50,31.70,32.90,99.70,56.60,2.03,322.87,136.77,129.70,132.50,99.83,58.10,2.46
2026-04-30 16:09:00,2026-04-30 16:09:59,Q10,247.70,144.10,34.70,35.60,99.90,56.80,-0.60,483.00,155.70,73.30,74.90,99.70,58.40,-2.49,236.70,155.10,35.60,36.60,99.90,56.50,0.11,322.47,151.63,143.60,147.10,99.83,57.23,-2.97
2026-04-30 16:10:00,2026-04-30 16:10:59,Q10,247.40,113.50,26.70,27.90,99.90,64.40,0.60,482.50,119.90,56.40,57.40,99.90,64.00,-0.34,236.70,117.50,26.70,27.60,99.80,62.90,1.11,322.20,116.97,109.80,112.90,99.87,63.77,1.37
2026-04-30 16:11:00,2026-04-30 16:11:59,Q10,247.30,99.30,23.80,24.50,99.70,69.70,-1.60,482.60,105.00,49.50,50.60,99.20,70.50,-2.63,236.70,104.80,23.80,24.50,99.80,66.30,-1.17,322.20,103.03,97.10,99.60,99.57,68.83,-5.40
2026-04-30 16:12:00,2026-04-30 16:12:59,Q10,247.40,96.10,22.80,23.70,99.90,65.20,-0.63,482.80,99.10,46.50,47.70,99.70,66.00,-1.37,236.90,99.00,22.80,23.40,99.90,67.40,-0.31,322.37,98.07,92.10,94.80,99.83,66.20,-2.31
2026-04-30 16:13:00,2026-04-30 16:13:59,Q10,247.20,94.10,22.80,23.20,99.90,67.30,0.71,482.60,98.60,46.50,47.20,99.90,68.70,-0.17,236.80,100.00,22.80,23.60,99.80,68.90,1.26,322.20,97.57,92.10,94.00,99.87,68.30,1.80
2026-04-30 16:14:00,2026-04-30 16:14:59,Q10,247.40,93.00,21.80,23.00,99.90,77.80,0.51,482.60,103.00,48.50,49.60,99.90,80.40,-0.31,236.50,98.90,22.80,23.10,99.80,76.70,1.20,322.17,98.30,93.10,95.70,99.87,78.30,1.40
2026-04-30 16:15:00,2026-04-30 16:15:59,Q10,247.60,92.60,21.80,22.70,99.90,65.10,0.51,483.20,100.60,47.50,48.30,99.90,71.70,-0.57,237.00,100.90,22.80,23.70,99.80,65.60,1.09,322.60,98.03,92.10,94.70,99.87,67.47,1.03
2026-04-30 16:16:00,2026-04-30 16:16:59,Q10,247.40,88.70,20.80,21.70,99.90,58.30,0.40,482.50,95.20,44.50,45.80,99.90,64.70,-0.40,236.60,93.00,20.80,21.90,99.70,61.50,1.23,322.17,92.30,86.10,89.40,99.83,61.50,1.23
2026-04-30 16:17:00,2026-04-30 16:17:59,Q10,246.70,88.20,20.80,21.60,99.70,62.30,-1.29,480.80,96.50,45.50,46.10,99.30,64.10,-2.31,235.60,94.10,21.80,22.10,99.90,65.90,-0.74,321.03,92.93,88.10,89.80,99.63,64.10,-4.34
2026-04-30 16:18:00,2026-04-30 16:18:59,Q10,247.40,88.30,20.80,21.70,99.90,65.70,0.69,482.10,98.30,46.50,47.20,99.90,67.30,-0.23,236.20,93.80,20.80,21.90,99.70,63.60,1.31,321.90,93.47,88.10,90.80,99.83,65.53,1.77
2026-04-30 16:19:00,2026-04-30 16:19:59,Q10,246.70,84.00,19.80,20.70,99.90,68.20,0.37,481.00,91.60,42.60,43.80,99.90,66.50,-0.23,235.70,88.80,19.80,20.70,99.80,67.50,0.97,321.13,88.13,82.20,85.20,99.87,67.40,1.11
2026-04-30 16:20:00,2026-04-30 16:20:59,Q10,247.00,83.00,19.80,20.50,99.90,65.70,-0.69,481.50,89.60,41.60,42.80,99.60,63.40,-1.49,236.00,88.00,19.80,20.80,99.90,65.70,-0.09,321.50,86.87,81.20,84.10,99.80,64.93,-2.26
2026-04-30 16:21:00,2026-04-30 16:21:59,Q10,247.60,84.70,19.80,20.70,99.90,67.90,0.66,482.50,91.00,42.60,43.90,99.90,68.90,0.03,236.40,90.00,20.80,21.20,99.60,68.10,1.66,322.17,88.57,83.20,85.80,99.80,68.30,2.34
2026-04-30 16:22:00,2026-04-30 16:22:59,Q10,247.10,85.90,19.80,21.00,99.90,61.60,-0.03,481.70,93.20,43.60,44.70,99.80,66.70,-0.91,236.10,92.50,20.80,21.70,99.90,61.50,0.63,321.63,90.53,84.20,87.40,99.87,63.27,-0.31
2026-04-30 16:23:00,2026-04-30 16:23:59,Q10,246.90,79.60,18.80,19.40,99.60,65.70,-1.43,481.30,86.30,40.60,41.40,99.10,66.10,-2.26,235.80,82.10,18.80,19.30,99.90,62.30,-0.69,321.33,82.67,78.20,80.10,99.53,64.70,-4.37
2026-04-30 16:24:00,2026-04-30 16:24:59,Q10,247.30,73.00,17.80,18.00,99.90,67.70,-0.49,482.20,81.60,38.60,39.00,99.60,69.90,-1.34,236.40,79.40,17.80,18.60,99.90,66.10,-0.09,321.97,78.00,74.20,75.60,99.80,67.90,-1.91
2026-04-30 16:25:00,2026-04-30 16:25:59,Q10,247.30,87.20,20.80,21.50,99.90,65.70,-0.66,482.10,96.00,45.50,46.30,99.50,69.10,-1.83,236.20,93.40,20.80,21.90,99.90,67.90,-0.31,321.87,92.20,87.10,89.70,99.77,67.57,-2.80
2026-04-30 16:26:00,2026-04-30 16:26:59,Q10,247.40,106.20,25.70,26.20,99.80,67.30,1.29,482.10,112.50,52.50,54.00,99.90,69.80,0.03,236.20,112.10,25.70,26.40,99.60,69.50,1.83,321.90,110.27,103.90,106.60,99.77,68.87,3.14
2026-04-30 16:27:00,2026-04-30 16:27:59,Q10,246.40,97.00,22.80,23.90,99.80,86.40,-1.06,480.30,102.40,47.50,49.00,99.50,88.60,-2.14,235.40,101.40,22.80,23.70,99.80,86.30,-1.06,320.70,100.27,93.10,96.60,99.70,87.10,-4.26
2026-04-30 16:28:00,2026-04-30 16:28:59,Q10,246.50,88.20,20.80,21.60,99.90,69.30,0.40,480.40,96.10,45.50,46.10,99.90,65.40,-0.54,235.50,90.20,20.80,21.10,99.90,65.50,0.74,320.80,91.50,87.10,88.80,99.90,66.73,0.60
2026-04-30 16:29:00,2026-04-30 16:29:59,Q10,246.40,87.90,20.80,21.40,99.90,63.50,0.00,480.50,90.60,42.60,43.20,99.90,68.20,-0.80,235.50,90.50,20.80,21.10,99.90,66.40,0.46,320.80,89.67,84.20,85.70,99.90,66.03,-0.34
2026-04-30 16:30:00,2026-04-30 16:30:59,Q10,246.40,91.40,21.80,22.40,99.60,70.20,1.69,480.20,97.60,45.50,46.60,99.90,70.30,0.69,235.30,97.00,21.80,22.80,99.40,67.20,2.14,320.63,95.33,89.10,91.80,99.63,69.23,4.51
2026-04-30 16:31:00,2026-04-30 16:31:59,Q10,246.70,88.90,20.80,21.60,99.70,71.40,-1.34,480.70,94.60,44.50,45.10,99.20,74.00,-2.34,235.50,92.80,20.80,21.60,99.80,76.00,-0.89,320.97,92.10,86.10,88.30,99.57,73.80,-4.57
2026-04-30 16:32:00,2026-04-30 16:32:59,Q10,246.90,91.10,21.80,22.40,99.90,68.40,0.14,480.90,97.00,45.50,46.60,99.90,70.30,-0.31,235.50,94.20,21.80,22.10,99.90,68.60,0.83,321.10,94.10,89.10,91.10,99.90,69.10,0.66
2026-04-30 16:33:00,2026-04-30 16:33:59,Q10,246.80,90.60,21.80,22.10,99.90,68.90,0.54,480.90,98.00,46.50,47.00,99.90,72.60,-0.29,235.50,95.50,21.80,22.30,99.80,71.70,1.11,321.07,94.70,90.10,91.40,99.87,71.07,1.37
2026-04-30 16:34:00,2026-04-30 16:34:59,Q10,247.20,92.60,21.80,22.70,99.70,64.30,-1.26,481.80,99.60,46.50,47.60,99.40,71.50,-2.26,236.10,98.60,22.80,23.10,99.80,69.10,-0.94,321.70,96.93,91.10,93.40,99.63,68.30,-4.46
2026-04-30 16:35:00,2026-04-30 16:35:59,Q10,246.50,92.80,21.80,22.60,99.90,73.20,0.74,480.40,98.40,46.50,47.00,99.90,76.70,0.03,235.50,95.80,21.80,22.30,99.70,74.90,1.40,320.80,95.67,90.10,91.90,99.83,74.93,2.17
2026-04-30 16:36:00,2026-04-30 16:36:59,Q10,247.50,94.60,22.80,23.20,99.90,62.80,0.49,482.10,99.90,46.50,47.70,99.90,62.30,-0.17,236.10,96.60,21.80,22.70,99.80,59.80,1.11,321.90,97.03,91.10,93.60,99.87,61.63,1.43
2026-04-30 16:37:00,2026-04-30 16:37:59,Q10,246.80,95.90,22.80,23.40,99.80,59.60,1.06,481.10,101.90,47.50,48.60,99.90,66.40,0.17,235.70,97.80,21.80,22.80,99.80,63.00,1.23,321.20,98.53,92.10,94.80,99.83,63.00,2.46
2026-04-30 16:38:00,2026-04-30 16:38:59,Q10,246.80,96.80,22.80,23.60,99.70,59.20,1.51,480.90,105.40,49.50,50.40,99.90,65.10,0.43,235.60,102.50,22.80,24.00,99.60,61.80,1.80,321.10,101.57,95.10,98.00,99.73,62.03,3.74
2026-04-30 16:39:00,2026-04-30 16:39:59,Q10,247.00,99.40,23.80,24.50,99.90,66.70,0.06,481.60,104.30,49.50,50.00,99.90,68.20,-0.91,236.00,102.30,23.80,24.10,99.90,65.80,0.49,321.53,102.00,97.10,98.60,99.90,66.90,-0.37
2026-04-30 16:40:00,2026-04-30 16:40:59,Q10,247.20,91.40,21.80,22.50,99.90,62.00,0.34,481.60,97.00,45.50,46.70,99.90,64.90,-0.49,235.90,94.50,21.80,22.10,99.90,63.20,0.63,321.57,94.30,89.10,91.30,99.90,63.37,0.49
2026-04-30 16:41:00,2026-04-30 16:41:59,Q10,247.70,85.30,19.80,21.00,99.90,67.70,-0.51,482.70,96.10,45.50,46.30,99.60,68.10,-1.57,236.50,91.30,20.80,21.50,99.90,63.40,-0.23,322.30,90.90,86.10,88.80,99.80,66.40,-2.31
2026-04-30 16:42:00,2026-04-30 16:42:59,Q10,247.60,89.20,20.80,22.00,99.70,83.80,-1.29,482.40,95.20,44.50,45.80,99.20,84.90,-2.37,236.30,93.70,20.80,21.90,99.90,84.10,-0.71,322.10,92.70,86.10,89.70,99.60,84.27,-4.37
2026-04-30 16:43:00,2026-04-30 16:43:59,Q10,247.40,94.80,22.80,23.20,99.90,66.40,-0.63,482.00,102.20,48.50,49.20,99.70,66.30,-1.57,236.20,101.40,22.80,23.80,99.90,62.90,-0.37,321.87,99.47,94.10,96.20,99.83,65.20,-2.57
2026-04-30 16:44:00,2026-04-30 16:44:59,Q10,247.00,102.00,24.80,25.20,99.90,66.90,-0.86,481.30,110.10,51.50,52.90,99.70,67.60,-1.77,235.80,105.00,23.80,24.70,99.90,64.70,-0.23,321.37,105.70,100.10,102.80,99.83,66.40,-2.86
2026-04-30 16:45:00,2026-04-30 16:45:59,Q10,247.00,97.20,22.80,24.00,99.90,64.60,0.60,481.50,107.10,50.50,51.50,99.90,69.60,-0.23,235.90,104.60,23.80,24.40,99.70,69.60,1.54,321.47,102.97,97.10,99.90,99.83,67.93,1.91
2026-04-30 16:46:00,2026-04-30 16:46:59,Q10,247.30,98.90,23.80,24.20,99.90,60.60,0.89,482.10,105.60,49.50,50.60,99.90,60.00,-0.29,236.10,104.20,23.80,24.50,99.80,58.50,1.14,321.83,102.90,97.10,99.30,99.87,59.70,1.74
2026-04-30 16:47:00,2026-04-30 16:47:59,Q10,247.70,97.80,22.80,24.00,99.80,57.20,0.91,482.70,106.40,50.50,51.10,99.90,59.00,0.03,236.40,102.40,23.80,24.10,99.70,58.10,1.46,322.27,102.20,97.10,99.20,99.80,58.10,2.40
2026-04-30 16:48:00,2026-04-30 16:48:59,Q10,246.80,98.40,23.80,24.10,99.70,64.70,-1.37,481.00,104.70,49.50,50.00,99.30,65.10,-2.49,235.60,102.10,22.80,24.00,99.90,63.80,-0.77,321.13,101.73,96.10,98.10,99.63,64.53,-4.63
2026-04-30 16:49:00,2026-04-30 16:49:59,Q10,247.20,98.10,23.80,24.20,99.90,63.30,0.51,481.90,102.20,48.50,49.10,99.90,66.40,-0.34,236.10,98.30,22.80,23.10,99.90,64.70,0.94,321.73,99.53,95.10,96.40,99.90,64.80,1.11
2026-04-30 16:50:00,2026-04-30 16:50:59,Q10,247.60,100.50,23.80,24.70,99.80,64.60,-1.06,482.60,107.20,50.50,51.60,99.40,66.50,-2.43,236.50,106.90,24.80,25.00,99.90,65.20,-0.63,322.23,104.87,99.10,101.30,99.70,65.43,-4.11
2026-04-30 16:51:00,2026-04-30 16:51:59,Q10,247.60,105.90,24.80,25.90,99.60,80.90,1.94,483.10,113.00,53.50,54.60,99.90,82.00,1.03,236.90,111.10,25.70,26.20,99.30,81.20,2.71,322.53,110.00,104.00,106.70,99.60,81.37,5.69
2026-04-30 16:52:00,2026-04-30 16:52:59,Q10,247.90,103.20,24.80,25.40,99.80,63.30,-0.94,483.50,112.50,53.50,54.10,99.50,62.70,-2.20,237.00,106.90,24.80,25.10,99.90,61.60,-0.66,322.80,107.53,103.10,104.60,99.73,62.53,-3.80
2026-04-30 16:53:00,2026-04-30 16:53:59,Q10,247.90,104.50,24.80,25.70,99.70,69.10,-1.51,483.60,111.80,52.50,53.60,99.30,69.40,-2.60,237.20,110.90,25.70,26.10,99.90,64.90,-0.91,322.90,109.07,103.00,105.40,99.63,67.80,-5.03
2026-04-30 16:54:00,2026-04-30 16:54:59,Q10,247.50,104.30,24.80,25.70,99.80,64.70,-1.34,482.70,112.10,52.50,54.00,99.40,66.70,-2.37,236.60,110.20,24.80,26.00,99.90,64.00,-0.60,322.27,108.87,102.10,105.70,99.70,65.13,-4.31
2026-04-30 16:55:00,2026-04-30 16:55:59,Q10,247.60,104.50,24.80,25.70,99.90,65.70,-0.09,483.10,111.00,52.50,53.60,99.80,68.20,-1.34,237.00,110.90,25.70,26.10,99.90,65.80,-0.14,322.57,108.80,103.00,105.40,99.87,66.57,-1.57
2026-04-30 16:56:00,2026-04-30 16:56:59,Q10,247.70,101.60,23.80,24.90,99.90,65.30,0.37,483.20,110.00,52.50,53.10,99.90,68.30,-0.57,237.00,108.20,24.80,25.60,99.90,66.10,0.71,322.63,106.60,101.10,103.60,99.90,66.57,0.51
2026-04-30 16:57:00,2026-04-30 16:57:59,Q10,247.70,96.90,22.80,23.70,99.90,77.90,0.11,482.90,104.00,49.50,50.10,99.90,76.90,-0.74,236.70,101.70,22.80,23.80,99.90,73.50,0.77,322.43,100.87,95.10,97.60,99.90,76.10,0.14
2026-04-30 16:58:00,2026-04-30 16:58:59,Q10,248.30,98.80,23.80,24.30,99.90,64.30,0.63,484.40,106.80,50.50,51.30,99.90,68.30,-0.54,237.50,103.80,23.80,24.40,99.80,66.80,1.11,323.40,103.13,98.10,100.00,99.87,66.47,1.20
2026-04-30 16:59:00,2026-04-30 16:59:59,Q10,247.60,100.80,23.80,24.70,99.90,70.90,0.69,482.80,109.90,51.50,52.50,99.90,71.50,-0.26,236.70,106.00,24.80,25.00,99.70,69.10,1.49,322.37,105.57,100.10,102.20,99.83,70.50,1.91
2026-04-30 17:00:00,2026-04-30 17:00:59,Q10,247.50,95.10,22.80,23.50,99.70,62.10,-1.37,482.80,103.30,48.50,49.60,99.30,67.00,-2.40,236.70,98.90,22.80,23.10,99.90,68.10,-0.77,322.33,99.10,94.10,96.20,99.63,65.73,-4.54
2026-04-30 17:01:00,2026-04-30 17:01:59,Q10,247.60,97.20,22.80,24.00,99.90,64.70,0.40,483.20,107.20,50.50,51.70,99.90,69.40,-0.43,237.00,105.10,23.80,24.90,99.70,68.60,1.40,322.60,103.17,97.10,100.60,99.83,67.57,1.37
2026-04-30 17:02:00,2026-04-30 17:02:59,Q10,248.00,104.40,24.80,25.80,99.70,60.20,1.37,483.90,111.40,52.50,53.60,99.90,62.30,0.31,237.30,111.50,25.70,26.30,99.50,62.70,2.17,323.07,109.10,103.00,105.70,99.70,61.73,3.86
2026-04-30 17:03:00,2026-04-30 17:03:59,Q10,247.70,104.50,24.80,25.70,99.90,67.20,0.77,483.20,112.80,53.50,54.10,99.90,67.80,-0.51,236.90,112.00,25.70,26.40,99.80,67.10,1.34,322.60,109.77,104.00,106.20,99.87,67.37,1.60
2026-04-30 17:04:00,2026-04-30 17:04:59,Q10,247.60,99.70,23.80,24.50,99.90,67.50,-0.46,483.00,108.60,51.50,52.20,99.70,67.70,-1.57,236.90,107.70,24.80,25.30,99.90,65.50,-0.26,322.50,105.33,100.10,102.00,99.83,66.90,-2.29
2026-04-30 17:05:00,2026-04-30 17:05:59,Q10,248.20,96.20,22.80,23.80,99.90,69.70,0.11,483.90,104.80,49.50,50.20,99.90,74.30,-0.94,237.20,102.50,23.80,24.20,99.90,73.00,0.69,323.10,101.17,96.10,98.20,99.90,72.33,-0.14
2026-04-30 17:06:00,2026-04-30 17:06:59,Q10,248.30,99.00,23.80,24.60,99.90,65.40,0.37,484.30,106.70,50.50,51.30,99.90,69.40,-0.69,237.40,106.70,24.80,25.10,99.90,67.10,0.91,323.33,104.13,99.10,101.00,99.90,67.30,0.60
2026-04-30 17:07:00,2026-04-30 17:07:59,Q10,248.50,104.00,24.80,25.80,99.90,67.60,0.00,484.90,111.70,52.50,53.70,99.70,67.50,-1.49,237.80,107.40,24.80,25.40,99.90,63.40,0.43,323.73,107.70,102.10,104.90,99.83,66.17,-1.06
2026-04-30 17:08:00,2026-04-30 17:08:59,Q10,248.10,99.20,23.80,24.60,99.90,67.90,0.66,483.90,105.90,49.50,50.70,99.90,70.70,-0.31,237.30,105.70,23.80,24.90,99.80,69.30,1.34,323.10,103.60,97.10,100.20,99.87,69.30,1.69
2026-04-30 17:09:00,2026-04-30 17:09:59,Q10,248.40,95.90,22.80,23.60,99.80,78.80,1.20,484.70,101.60,47.50,48.90,99.90,76.80,0.06,237.70,99.30,22.80,23.50,99.60,76.00,1.77,323.60,98.93,93.10,96.00,99.77,77.20,3.03
2026-04-30 17:10:00,2026-04-30 17:10:59,Q10,248.20,95.50,22.80,23.60,99.90,71.30,-0.14,484.40,104.00,49.50,50.30,99.80,69.60,-1.03,237.60,99.00,22.80,23.50,99.90,67.40,0.71,323.40,99.50,95.10,97.40,99.87,69.43,-0.46
2026-04-30 17:11:00,2026-04-30 17:11:59,Q10,247.90,93.30,21.80,23.00,99.90,64.20,0.14,483.70,102.70,48.50,49.30,99.90,70.80,-0.86,237.20,101.30,22.80,23.90,99.90,70.90,0.43,322.93,99.10,93.10,96.20,99.90,68.63,-0.29
2026-04-30 17:12:00,2026-04-30 17:12:59,Q10,248.70,92.60,21.80,22.80,99.90,66.50,-0.74,485.30,101.30,47.50,49.00,99.40,67.80,-2.14,238.00,101.60,23.80,24.00,99.90,63.10,-0.51,324.00,98.50,93.10,95.80,99.73,65.80,-3.40
2026-04-30 17:13:00,2026-04-30 17:13:59,Q10,248.10,94.90,22.80,23.30,99.90,72.00,0.54,484.40,103.10,48.50,49.90,99.90,69.60,-0.66,237.60,100.50,22.80,23.70,99.90,67.80,0.89,323.37,99.50,94.10,96.90,99.90,69.80,0.77
2026-04-30 17:14:00,2026-04-30 17:14:59,Q10,248.10,99.20,23.80,24.60,99.70,72.10,1.37,484.30,107.10,50.50,51.80,99.90,70.10,0.09,237.50,106.20,24.80,25.10,99.60,66.70,1.71,323.30,104.17,99.10,101.50,99.73,69.63,3.17
2026-04-30 17:15:00,2026-04-30 17:15:59,Q10,248.60,95.00,22.80,23.60,99.80,62.60,-1.23,485.00,103.40,48.50,50.00,99.20,65.00,-2.63,237.80,100.80,22.80,23.70,99.90,63.00,-0.83,323.80,99.73,94.10,97.30,99.63,63.53,-4.69
2026-04-30 17:16:00,2026-04-30 17:16:59,Q10,248.20,89.50,21.80,22.10,99.90,72.90,-0.40,484.30,96.40,45.50,46.50,99.70,72.00,-1.31,237.60,93.60,21.80,22.00,99.90,71.50,-0.11,323.37,93.17,89.10,90.60,99.83,72.13,-1.83
2026-04-30 17:17:00,2026-04-30 17:17:59,Q10,248.40,86.50,20.80,21.30,99.80,72.00,-1.06,484.60,93.70,44.50,45.00,99.40,74.40,-1.97,237.60,90.00,20.80,21.30,99.90,71.30,-0.11,323.53,90.07,86.10,87.60,99.70,72.57,-3.14
2026-04-30 17:18:00,2026-04-30 17:18:59,Q10,247.40,86.90,20.80,21.20,99.60,63.40,-1.57,482.80,95.30,44.50,45.80,99.10,64.80,-2.60,236.80,95.50,21.80,22.40,99.80,61.00,-0.94,322.33,92.57,87.10,89.40,99.50,63.07,-5.11
2026-04-30 17:19:00,2026-04-30 17:19:59,Q10,248.30,84.30,19.80,20.80,99.90,64.60,0.49,484.30,96.70,45.50,46.50,99.90,66.80,-0.57,237.50,94.90,21.80,22.30,99.80,65.50,1.17,323.37,91.97,87.10,89.60,99.87,65.63,1.09
2026-04-30 17:20:00,2026-04-30 17:20:59,Q10,248.10,86.80,20.80,21.30,99.60,67.50,-1.51,483.70,95.70,44.50,45.90,99.00,71.80,-2.66,237.20,93.70,21.80,22.00,99.90,70.90,-0.83,323.00,92.07,87.10,89.20,99.50,70.07,-5.00
2026-04-30 17:21:00,2026-04-30 17:21:59,Q10,247.80,88.20,20.80,21.70,99.60,67.20,-1.49,483.70,95.70,44.10,45.90,98.90,69.10,-2.86,237.10,92.50,20.80,21.80,99.80,68.40,-1.06,322.87,92.13,85.70,89.40,99.43,68.23,-5.40
2026-04-30 17:22:00,2026-04-30 17:22:59,Q10,247.70,90.00,21.80,22.20,99.70,64.30,-1.29,483.20,101.40,47.50,48.80,99.10,65.50,-2.66,237.00,98.70,22.80,23.20,99.90,63.60,-0.80,322.63,96.70,92.10,94.20,99.57,64.47,-4.74
2026-04-30 17:23:00,2026-04-30 17:23:59,Q10,247.50,92.90,21.80,22.70,99.70,68.90,-1.49,483.10,100.80,47.50,48.30,99.00,69.20,-2.77,236.90,97.70,21.80,22.90,99.80,67.40,-1.20,322.50,97.13,91.10,93.90,99.50,68.50,-5.46
2026-04-30 17:24:00,2026-04-30 17:24:59,Q10,247.90,91.70,21.80,22.50,99.70,69.90,-1.40,483.30,98.10,46.50,47.30,99.10,66.50,-2.69,236.90,94.80,21.80,22.20,99.90,65.80,-0.69,322.70,94.87,90.10,92.00,99.57,67.40,-4.77
2026-04-30 17:25:00,2026-04-30 17:25:59,Q10,247.50,89.00,20.80,22.00,99.90,65.70,-0.03,482.80,98.30,46.50,47.20,99.80,70.40,-1.14,236.70,95.10,21.80,22.40,99.90,71.30,0.63,322.33,94.13,89.10,91.60,99.87,69.13,-0.54
2026-04-30 17:26:00,2026-04-30 17:26:59,Q10,248.00,92.80,21.80,22.80,99.90,66.10,0.66,483.60,101.50,47.50,48.80,99.90,68.20,-0.57,237.00,98.90,22.80,23.20,99.70,66.40,1.43,322.87,97.73,92.10,94.80,99.83,66.90,1.51
2026-04-30 17:27:00,2026-04-30 17:27:59,Q10,247.60,95.60,22.80,23.50,99.90,65.10,0.83,483.20,103.70,48.50,49.70,99.90,65.60,-0.23,236.90,103.50,23.80,24.30,99.80,66.10,1.14,322.57,100.93,95.10,97.50,99.87,65.60,1.74
2026-04-30 17:28:00,2026-04-30 17:28:59,Q10,248.40,95.40,22.80,23.60,99.90,62.90,0.40,484.40,101.80,47.50,48.90,99.80,64.20,-0.94,237.50,100.30,22.80,23.70,99.80,68.50,0.94,323.43,99.17,93.10,96.20,99.83,65.20,0.40
2026-04-30 17:29:00,2026-04-30 17:29:59,Q10,248.00,86.70,20.80,21.30,99.60,68.50,-1.46,483.60,95.90,44.50,45.90,99.00,68.40,-2.57,237.00,89.00,20.80,21.10,99.90,67.80,-0.74,322.87,90.53,86.10,88.30,99.50,68.23,-4.77
2026-04-30 17:30:00,2026-04-30 17:30:59,Q10,248.10,87.90,20.80,21.60,99.90,71.60,0.26,483.70,97.60,45.50,46.90,99.90,72.80,-0.83,237.10,96.70,21.80,22.80,99.80,73.10,0.94,322.97,94.07,88.10,91.30,99.87,72.50,0.37
2026-04-30 17:31:00,2026-04-30 17:31:59,Q10,247.50,85.60,19.80,21.00,99.90,65.50,0.29,483.00,93.20,43.60,44.90,99.90,67.50,-0.63,237.00,88.70,19.80,20.90,99.80,64.70,0.97,322.50,89.17,83.20,86.80,99.87,65.90,0.63
2026-04-30 17:32:00,2026-04-30 17:32:59,Q10,247.30,89.50,20.80,22.00,99.90,78.10,0.06,482.50,97.60,45.50,46.80,99.80,79.30,-0.89,236.70,96.20,21.80,22.70,99.90,74.90,0.63,322.17,94.43,88.10,91.50,99.87,77.43,-0.20
2026-04-30 17:33:00,2026-04-30 17:33:59,Q10,247.50,86.80,20.80,21.20,99.60,67.30,-1.49,483.10,96.70,45.50,46.40,99.10,70.50,-2.51,237.00,93.50,21.80,22.00,99.80,66.20,-1.06,322.53,92.33,88.10,89.60,99.50,68.00,-5.06
2026-04-30 17:34:00,2026-04-30 17:34:59,Q10,248.20,89.00,21.80,22.10,99.90,67.30,0.43,484.30,93.90,44.50,45.00,99.90,67.90,-0.69,237.50,94.20,21.80,22.30,99.80,69.60,1.00,323.33,92.37,88.10,89.40,99.87,68.27,0.74
2026-04-30 17:35:00,2026-04-30 17:35:59,Q10,247.90,86.50,20.80,21.20,99.90,67.10,0.26,483.60,98.00,46.50,47.30,99.90,67.70,-0.63,237.10,93.50,21.80,22.00,99.80,66.80,1.11,322.87,92.67,89.10,90.50,99.87,67.20,0.74
2026-04-30 17:36:00,2026-04-30 17:36:59,Q10,248.20,90.10,21.80,22.30,99.90,68.60,0.26,484.20,94.50,44.50,45.50,99.90,68.90,-0.80,237.40,92.60,20.80,21.80,99.80,62.10,1.06,323.27,92.40,87.10,89.60,99.87,66.53,0.51
2026-04-30 17:37:00,2026-04-30 17:37:59,Q10,247.80,87.00,20.80,21.50,99.90,62.80,0.20,483.20,93.70,43.60,44.90,99.80,69.70,-0.94,236.90,91.30,20.80,21.50,99.90,67.20,0.69,322.63,90.67,85.20,87.90,99.87,66.57,-0.06
2026-04-30 17:38:00,2026-04-30 17:38:59,Q10,248.30,88.90,20.80,21.80,99.90,66.10,0.29,484.40,96.50,45.50,46.50,99.90,69.00,-0.57,237.50,94.60,21.80,22.30,99.80,65.70,0.97,323.40,93.33,88.10,90.60,99.87,66.93,0.69
2026-04-30 17:39:00,2026-04-30 17:39:59,Q10,247.70,91.50,21.80,22.50,99.80,81.70,0.86,483.20,98.90,46.50,47.30,99.90,84.40,0.09,237.00,94.60,21.80,22.30,99.40,83.10,2.00,322.63,95.00,90.10,92.10,99.70,83.07,2.94
2026-04-30 17:40:00,2026-04-30 17:40:59,Q10,247.50,94.20,22.80,23.20,99.90,65.90,0.43,482.80,100.20,47.50,48.20,99.90,71.00,-0.57,236.70,99.60,22.80,23.40,99.70,67.40,1.40,322.33,98.00,93.10,94.80,99.83,68.10,1.26
2026-04-30 17:41:00,2026-04-30 17:41:59,Q10,248.20,91.70,21.80,22.60,99.60,63.90,-1.57,484.20,98.90,46.50,47.40,99.10,62.70,-2.63,237.40,97.30,21.80,23.00,99.90,61.20,-0.77,323.27,95.97,90.10,93.00,99.53,62.60,-4.97
2026-04-30 17:42:00,2026-04-30 17:42:59,Q10,247.30,90.10,21.80,22.20,99.90,63.10,0.23,482.50,99.10,46.50,47.70,99.90,65.60,-0.43,236.60,96.30,21.80,22.70,99.80,63.30,1.14,322.13,95.17,90.10,92.60,99.87,64.00,0.94
2026-04-30 17:43:00,2026-04-30 17:43:59,Q10,247.80,87.30,20.80,21.50,99.50,65.70,-1.66,483.50,96.90,45.50,46.40,99.10,64.10,-2.49,237.20,93.10,21.80,22.00,99.80,65.90,-0.89,322.83,92.43,88.10,89.90,99.47,65.23,-5.03
2026-04-30 17:44:00,2026-04-30 17:44:59,Q10,247.80,92.60,21.80,22.70,99.90,68.50,0.31,483.30,99.10,46.50,47.80,99.90,70.50,-0.63,236.90,100.50,22.80,23.60,99.80,69.50,1.09,322.67,97.40,91.10,94.10,99.87,69.50,0.77
2026-04-30 17:45:00,2026-04-30 17:45:59,Q10,248.20,94.20,22.80,23.30,99.90,68.40,0.71,484.10,102.40,48.50,49.40,99.90,67.10,-0.40,237.40,101.60,22.80,23.90,99.70,66.60,1.51,323.23,99.40,94.10,96.60,99.83,67.37,1.83
2026-04-30 17:46:00,2026-04-30 17:46:59,Q10,247.50,91.00,21.80,22.50,99.60,74.90,-1.51,482.90,100.30,47.50,48.20,99.10,76.40,-2.60,236.80,97.90,21.80,22.90,99.80,76.00,-1.00,322.40,96.40,91.10,93.60,99.50,75.77,-5.11
2026-04-30 17:47:00,2026-04-30 17:47:59,Q10,247.20,95.60,22.80,23.50,99.90,70.10,-0.09,482.50,103.60,48.50,49.60,99.70,72.20,-1.43,236.70,101.00,22.80,23.80,99.90,70.10,0.43,322.13,100.07,94.10,96.90,99.83,70.80,-1.09
2026-04-30 17:48:00,2026-04-30 17:48:59,Q10,247.40,88.90,20.80,21.70,99.90,67.30,-0.51,482.40,98.30,46.50,47.20,99.60,69.70,-1.69,236.40,95.50,21.80,22.40,99.90,67.70,-0.14,322.07,94.23,89.10,91.30,99.80,68.23,-2.34
2026-04-30 17:49:00,2026-04-30 17:49:59,Q10,247.80,87.70,20.80,21.50,99.90,66.50,0.31,483.00,93.50,43.60,44.90,99.90,67.60,-0.54,236.70,92.00,20.80,21.70,99.80,65.10,1.06,322.50,91.07,85.20,88.10,99.87,66.40,0.83
2026-04-30 17:50:00,2026-04-30 17:50:59,Q10,248.00,90.80,21.80,22.30,99.90,65.90,0.71,483.30,97.40,45.50,46.90,99.90,70.10,-0.46,236.80,96.00,21.80,22.70,99.80,67.60,1.03,322.70,94.73,89.10,91.90,99.87,67.87,1.29
2026-04-30 17:51:00,2026-04-30 17:51:59,Q10,248.10,94.10,22.80,23.30,99.80,66.80,1.09,483.70,102.10,48.50,49.30,99.90,68.20,-0.17,237.00,100.60,22.80,23.70,99.80,65.00,1.17,322.93,98.93,94.10,96.30,99.83,66.67,2.09
2026-04-30 17:52:00,2026-04-30 17:52:59,Q10,248.00,92.30,21.80,22.80,99.80,65.10,1.11,483.60,99.40,46.50,47.80,99.90,64.50,-0.11,237.00,96.70,21.80,22.80,99.70,64.20,1.54,322.87,96.13,90.10,93.40,99.80,64.60,2.54
2026-04-30 17:53:00,2026-04-30 17:53:59,Q10,248.40,87.10,20.80,21.60,99.80,73.90,1.03,484.10,96.70,45.50,46.50,99.90,74.30,-0.11,237.10,93.10,21.80,22.00,99.60,69.70,1.63,323.20,92.30,88.10,90.10,99.77,72.63,2.54
2026-04-30 17:54:00,2026-04-30 17:54:59,Q10,248.00,87.40,20.80,21.60,99.90,67.50,-0.23,483.40,96.80,45.50,46.40,99.80,68.30,-1.20,236.80,93.90,20.80,21.90,99.90,65.50,0.49,322.73,92.70,87.10,89.90,99.87,67.10,-0.94
2026-04-30 17:55:00,2026-04-30 17:55:59,Q10,248.20,91.80,21.80,22.60,99.90,65.90,0.57,484.00,101.50,47.50,48.90,99.80,61.90,-1.00,237.20,100.00,22.80,23.70,99.90,61.90,0.80,323.13,97.77,92.10,95.20,99.87,63.23,0.37
2026-04-30 17:56:00,2026-04-30 17:56:59,Q10,248.00,93.70,22.80,23.10,99.90,61.30,0.69,483.50,101.30,47.50,48.80,99.90,62.40,-0.77,237.00,101.20,22.80,23.90,99.90,61.10,0.91,322.83,98.73,93.10,95.80,99.90,61.60,0.83
2026-04-30 17:57:00,2026-04-30 17:57:59,Q10,247.40,87.20,20.80,21.50,99.90,65.50,0.23,482.50,95.10,44.50,45.80,99.80,69.40,-1.14,236.40,92.30,20.80,21.70,99.90,65.00,0.60,322.10,91.53,86.10,89.00,99.87,66.63,-0.31
2026-04-30 17:58:00,2026-04-30 17:58:59,Q10,247.40,86.30,20.80,21.20,99.90,64.80,0.63,482.30,94.50,44.50,45.30,99.90,67.50,-0.54,236.30,93.20,20.80,21.90,99.70,65.70,1.31,322.00,91.33,86.10,88.40,99.83,66.00,1.40
2026-04-30 17:59:00,2026-04-30 17:59:59,Q10,248.20,93.10,22.80,23.10,99.80,66.80,1.20,483.70,100.90,47.50,48.30,99.90,67.30,-0.23,237.00,101.10,22.80,23.90,99.60,64.20,1.83,322.97,98.37,93.10,95.30,99.77,66.10,2.80
2026-04-30 18:00:00,2026-04-30 18:00:59,Q10,247.70,95.00,22.80,23.50,99.80,67.10,-1.20,482.60,105.20,49.50,50.60,99.20,66.10,-2.63,236.40,103.30,23.80,24.30,99.90,65.40,-0.23,322.23,101.17,96.10,98.40,99.63,66.20,-4.06
2026-04-30 18:01:00,2026-04-30 18:01:59,Q10,248.30,91.00,21.80,22.60,99.80,59.20,1.00,484.10,97.90,45.50,46.90,99.90,63.70,-0.34,237.10,96.90,21.80,22.80,99.70,64.10,1.31,323.17,95.27,89.10,92.30,99.80,62.33,1.97
2026-04-30 18:02:00,2026-04-30 18:02:59,Q10,247.40,87.30,20.80,21.50,99.80,62.60,0.97,482.20,95.20,44.50,45.80,99.90,65.00,-0.20,236.30,94.20,21.80,22.20,99.60,64.90,1.57,321.97,92.23,87.10,89.50,99.77,64.17,2.34
2026-04-30 18:03:00,2026-04-30 18:03:59,Q10,247.90,89.90,20.80,22.00,99.90,64.70,-0.09,483.20,97.00,45.50,46.90,99.60,65.20,-1.60,236.70,95.80,21.80,22.40,99.90,64.20,0.60,322.60,94.23,88.10,91.30,99.80,64.70,-1.09
2026-04-30 18:04:00,2026-04-30 18:04:59,Q10,248.90,88.20,20.80,21.80,99.80,66.90,-0.97,485.60,96.90,45.50,46.60,99.10,73.40,-2.51,238.20,96.20,21.80,22.80,99.90,70.90,-0.57,324.23,93.77,88.10,91.20,99.60,70.40,-4.06
2026-04-30 18:05:00,2026-04-30 18:05:59,Q10,248.90,88.40,20.80,21.80,99.80,70.50,0.83,485.70,96.90,45.50,46.60,99.90,72.60,-0.57,238.20,97.30,22.80,23.10,99.70,71.30,1.40,324.27,94.20,89.10,91.50,99.80,71.47,1.66
2026-04-30 18:06:00,2026-04-30 18:06:59,Q10,248.60,88.50,20.80,21.80,99.70,71.60,-1.23,485.10,95.60,45.10,46.10,98.90,72.70,-2.77,238.00,95.80,21.80,22.60,99.90,71.10,-0.86,323.90,93.30,87.70,90.50,99.50,71.80,-4.86
2026-04-30 18:07:00,2026-04-30 18:07:59,Q10,248.10,87.80,20.80,21.60,99.70,68.40,-1.31,484.30,92.60,43.10,44.50,98.80,69.30,-2.86,237.60,96.10,21.80,22.80,99.80,68.30,-1.11,323.33,92.17,85.70,88.90,99.43,68.67,-5.29
2026-04-30 18:08:00,2026-04-30 18:08:59,Q10,248.20,87.10,20.80,21.60,99.90,79.80,-0.49,484.10,99.00,46.50,47.90,99.40,82.40,-2.00,237.40,97.80,21.80,23.00,99.90,80.10,-0.17,323.23,94.63,89.10,92.50,99.73,80.77,-2.66
2026-04-30 18:09:00,2026-04-30 18:09:59,Q10,248.30,89.50,21.80,22.10,99.90,65.80,0.26,484.30,98.00,46.50,47.40,99.80,66.80,-1.03,237.50,96.70,21.80,22.80,99.80,65.60,0.94,323.37,94.73,90.10,92.30,99.83,66.07,0.17
2026-04-30 18:10:00,2026-04-30 18:10:59,Q10,248.10,90.40,21.80,22.30,99.60,69.50,-1.49,484.00,100.50,47.00,48.40,98.90,68.80,-2.94,237.30,99.70,22.80,23.50,99.90,66.80,-0.83,323.13,96.87,91.60,94.20,99.47,68.37,-5.26
2026-04-30 18:11:00,2026-04-30 18:11:59,Q10,247.90,95.60,22.80,23.50,99.90,67.70,0.80,483.80,103.10,48.50,49.70,99.90,70.70,-0.57,237.30,100.90,22.80,23.70,99.70,73.50,1.46,323.00,99.87,94.10,96.90,99.83,70.63,1.69
2026-04-30 18:12:00,2026-04-30 18:12:59,Q10,248.80,86.40,20.80,21.30,99.90,67.20,0.54,485.50,95.80,45.50,46.10,99.90,72.70,-0.69,238.10,95.30,21.80,22.60,99.70,69.50,1.23,324.13,92.50,88.10,90.00,99.83,69.80,1.09
2026-04-30 18:13:00,2026-04-30 18:13:59,Q10,248.30,85.50,20.80,21.10,99.60,69.40,-1.49,484.40,95.30,44.50,46.00,99.00,70.20,-2.74,237.50,91.50,20.80,21.60,99.90,69.00,-0.40,323.40,90.77,86.10,88.70,99.50,69.53,-4.63
2026-04-30 18:14:00,2026-04-30 18:14:59,Q10,247.60,85.20,19.80,21.00,99.70,67.90,-1.34,482.90,93.70,43.60,44.80,99.20,65.90,-2.31,236.70,91.20,20.80,21.50,99.90,65.10,-0.60,322.40,90.03,84.20,87.30,99.60,66.30,-4.26
2026-04-30 18:15:00,2026-04-30 18:15:59,Q10,248.20,88.70,20.80,21.80,99.80,72.10,0.97,483.50,94.50,44.50,45.40,99.90,70.80,0.00,237.10,92.50,20.80,21.80,99.40,68.00,2.14,322.93,91.90,86.10,89.00,99.70,70.30,3.11
2026-04-30 18:16:00,2026-04-30 18:16:59,Q10,248.10,87.80,20.80,21.60,99.90,69.10,-0.06,483.80,98.00,46.50,47.30,99.80,70.40,-1.03,237.20,94.20,21.80,22.30,99.80,69.40,1.20,323.03,93.33,89.10,91.20,99.83,69.63,0.11
2026-04-30 18:17:00,2026-04-30 18:17:59,Q10,247.80,90.90,21.80,22.20,99.80,63.00,-1.17,483.20,99.30,46.50,47.80,99.40,63.00,-2.26,236.90,97.60,21.80,22.90,99.90,64.50,-0.37,322.63,95.93,90.10,92.90,99.70,63.50,-3.80
2026-04-30 18:18:00,2026-04-30 18:18:59,Q10,248.00,95.40,22.80,23.60,99.80,67.40,0.94,483.60,103.80,48.50,49.70,99.90,66.10,-0.09,237.00,101.40,22.80,23.90,99.60,61.80,1.89,322.87,100.20,94.10,97.20,99.77,65.10,2.74
2026-04-30 18:19:00,2026-04-30 18:19:59,Q10,248.70,86.60,20.80,21.30,99.90,71.20,0.29,485.30,99.40,47.50,48.00,99.90,71.60,-0.77,238.00,93.80,21.80,22.10,99.80,68.00,1.23,324.00,93.27,90.10,91.40,99.87,70.27,0.74
2026-04-30 18:20:00,2026-04-30 18:20:59,Q10,247.90,84.90,19.80,20.70,99.60,66.90,-1.46,483.60,93.40,43.60,44.90,99.00,69.10,-2.60,237.20,91.90,20.80,21.60,99.90,66.30,-0.66,322.90,90.07,84.20,87.20,99.50,67.43,-4.71
2026-04-30 18:21:00,2026-04-30 18:21:59,Q10,248.50,87.10,20.80,21.60,99.90,71.20,-0.71,485.00,95.50,45.50,46.10,99.40,73.20,-1.94,237.90,92.00,20.80,21.80,99.90,71.00,0.03,323.80,91.53,87.10,89.50,99.73,71.80,-2.63
2026-04-30 18:22:00,2026-04-30 18:22:59,Q10,248.00,89.30,21.80,22.10,99.90,66.60,-0.71,483.90,98.80,46.50,47.30,99.50,68.40,-1.80,237.30,96.80,21.80,22.80,99.90,66.80,0.00,323.07,94.97,90.10,92.20,99.77,67.27,-2.51
2026-04-30 18:23:00,2026-04-30 18:23:59,Q10,248.10,91.00,21.80,22.60,99.90,72.00,0.20,483.80,104.40,49.50,50.20,99.90,71.10,-0.69,237.20,99.80,22.80,23.50,99.70,69.50,1.37,323.03,98.40,94.10,96.30,99.83,70.87,0.89
2026-04-30 18:24:00,2026-04-30 18:24:59,Q10,247.50,92.70,21.80,22.70,99.90,69.10,-0.17,482.80,101.50,47.50,48.70,99.80,70.60,-1.20,236.80,100.20,22.80,23.60,99.90,69.50,0.57,322.37,98.13,92.10,95.00,99.87,69.73,-0.80
2026-04-30 18:25:00,2026-04-30 18:25:59,Q10,248.60,90.70,21.80,22.30,99.70,64.40,-1.29,484.90,101.60,47.50,48.90,99.20,65.60,-2.54,237.70,97.30,21.80,23.00,99.90,64.10,-0.17,323.73,96.53,91.10,94.20,99.60,64.70,-4.00
2026-04-30 18:26:00,2026-04-30 18:26:59,Q10,247.90,89.50,20.80,22.00,99.90,61.80,0.26,483.40,99.90,46.50,47.80,99.90,64.80,-0.69,237.00,96.10,21.80,22.80,99.70,66.80,1.34,322.77,95.17,89.10,92.60,99.83,64.47,0.91
2026-04-30 18:27:00,2026-04-30 18:27:59,Q10,248.30,91.60,21.80,22.60,99.60,64.50,-1.46,484.20,100.00,47.50,48.40,99.10,63.90,-2.63,237.40,99.40,22.80,23.50,99.90,62.80,-0.69,323.30,97.00,92.10,94.50,99.53,63.73,-4.77
2026-04-30 18:28:00,2026-04-30 18:28:59,Q10,247.90,88.50,20.80,21.70,99.90,67.30,0.77,483.60,97.20,45.50,46.90,99.90,67.90,0.09,237.20,93.40,21.80,22.00,99.50,66.60,1.74,322.90,93.03,88.10,90.60,99.77,67.27,2.60
2026-04-30 18:29:00,2026-04-30 18:29:59,Q10,248.50,87.50,20.80,21.60,99.90,68.10,0.20,484.90,96.60,45.50,46.50,99.90,63.60,-0.80,237.80,93.40,21.80,22.00,99.80,65.40,1.09,323.73,92.50,88.10,90.10,99.87,65.70,0.49
2026-04-30 18:30:00,2026-04-30 18:30:59,Q10,248.30,86.40,21.00,21.30,100.00,63.60,0.00,484.20,97.10,45.50,46.90,99.70,66.60,-1.34,237.40,92.60,20.80,21.80,99.70,66.80,1.26,323.30,92.03,87.30,90.00,99.80,65.67,-0.09
2026-04-30 18:31:00,2026-04-30 18:31:59,Q10,248.40,90.30,21.80,22.30,99.90,70.20,0.51,484.70,100.00,47.50,48.40,99.90,69.10,-0.63,237.70,98.20,22.80,23.20,99.60,68.90,1.60,323.60,96.17,92.10,93.90,99.80,69.40,1.49
2026-04-30 18:32:00,2026-04-30 18:32:59,Q10,247.30,86.20,20.80,21.20,99.90,73.30,0.00,482.60,96.10,45.50,46.30,99.90,76.10,-0.83,236.80,94.10,21.80,22.20,99.80,76.20,1.09,322.23,92.13,88.10,89.70,99.87,75.20,0.26
2026-04-30 18:33:00,2026-04-30 18:33:59,Q10,248.00,88.10,20.80,21.80,99.90,67.80,0.09,483.80,97.50,45.50,46.90,99.90,69.60,-0.83,237.30,95.10,21.80,22.50,99.80,68.50,1.09,323.03,93.57,88.10,91.20,99.87,68.63,0.34
2026-04-30 18:34:00,2026-04-30 18:34:59,Q10,248.30,90.60,21.80,22.30,99.90,63.80,0.29,484.30,99.20,46.50,47.90,99.90,67.00,-0.74,237.50,96.00,21.80,22.80,99.80,64.20,1.11,323.37,95.27,90.10,93.00,99.87,65.00,0.66
2026-04-30 18:35:00,2026-04-30 18:35:59,Q10,248.20,93.00,22.80,23.10,99.90,75.20,-0.14,484.50,101.80,47.50,48.90,99.70,73.40,-1.34,237.60,98.90,22.80,23.20,99.90,71.60,0.54,323.43,97.90,93.10,95.20,99.83,73.40,-0.94
2026-04-30 18:36:00,2026-04-30 18:36:59,Q10,247.80,93.40,21.80,23.00,99.90,71.70,0.60,483.50,100.90,47.50,48.30,99.90,73.00,-0.37,237.20,97.90,21.80,23.00,99.70,71.60,1.40,322.83,97.40,91.10,94.30,99.83,72.10,1.63
2026-04-30 18:37:00,2026-04-30 18:37:59,Q10,248.40,95.40,22.80,23.60,99.70,65.70,-1.34,484.60,99.70,46.50,47.90,99.00,66.00,-2.83,237.60,101.40,22.80,23.90,99.90,63.20,-0.74,323.53,98.83,92.10,95.40,99.53,64.97,-4.91
2026-04-30 18:38:00,2026-04-30 18:38:59,Q10,248.30,99.20,23.80,24.60,99.90,63.80,0.80,484.50,107.40,50.50,51.80,99.90,65.40,-0.46,237.60,103.70,23.80,24.40,99.70,63.60,1.46,323.47,103.43,98.10,100.80,99.83,64.27,1.80
2026-04-30 18:39:00,2026-04-30 18:39:59,Q10,248.40,95.90,22.80,23.60,99.90,71.30,-0.51,484.50,104.00,49.50,50.30,99.60,71.60,-1.69,237.70,103.90,23.80,24.40,99.90,65.60,0.20,323.53,101.27,96.10,98.30,99.80,69.50,-2.00
2026-04-30 18:40:00,2026-04-30 18:40:59,Q10,248.40,90.00,21.80,22.30,99.90,66.90,-0.43,484.50,98.80,46.50,47.40,99.70,65.30,-1.51,237.60,96.50,21.80,22.80,99.90,64.30,0.31,323.50,95.10,90.10,92.50,99.83,65.50,-1.63
2026-04-30 18:41:00,2026-04-30 18:41:59,Q10,247.80,90.60,21.80,22.20,99.70,65.90,1.29,483.60,99.30,46.50,47.80,99.90,66.40,0.34,237.20,96.90,21.80,22.80,99.40,63.80,2.03,322.87,95.60,90.10,92.80,99.67,65.37,3.66
2026-04-30 18:42:00,2026-04-30 18:42:59,Q10,247.50,90.70,21.80,22.20,99.90,71.80,0.43,483.00,99.50,46.50,47.80,99.90,76.70,-0.43,236.90,96.10,21.80,22.70,99.80,73.90,1.14,322.47,95.43,90.10,92.70,99.87,74.13,1.14
2026-04-30 18:43:00,2026-04-30 18:43:59,Q10,248.40,94.90,22.80,23.30,99.90,66.60,-0.74,484.70,104.00,49.50,50.30,99.30,67.10,-2.43,237.70,101.70,22.80,23.90,99.90,60.80,-0.17,323.60,100.20,95.10,97.50,99.70,64.83,-3.34
2026-04-30 18:44:00,2026-04-30 18:44:59,Q10,248.00,96.20,22.80,23.80,99.90,64.80,0.43,483.50,102.00,48.50,49.30,99.80,64.50,-1.14,237.00,103.10,23.80,24.40,99.80,62.80,1.11,322.83,100.43,95.10,97.50,99.83,64.03,0.40
2026-04-30 18:45:00,2026-04-30 18:45:59,Q10,248.00,94.20,22.80,23.30,99.70,63.50,-1.31,483.80,105.60,49.50,50.70,99.40,65.90,-2.23,237.20,102.50,23.80,24.20,99.90,62.30,-0.46,323.00,100.77,96.10,98.20,99.67,63.90,-4.00
2026-04-30 18:46:00,2026-04-30 18:46:59,Q10,248.30,90.60,21.80,22.30,99.90,68.60,0.03,484.50,99.50,46.50,47.90,99.70,69.90,-1.29,237.50,97.40,21.80,23.00,99.80,68.50,0.94,323.43,95.83,90.10,93.20,99.80,69.00,-0.31
2026-04-30 18:47:00,2026-04-30 18:47:59,Q10,248.40,94.10,22.80,23.30,99.60,65.40,-1.51,484.40,105.50,49.50,50.80,99.10,66.50,-2.83,237.50,101.90,22.80,23.90,99.90,64.20,-0.51,323.43,100.50,95.10,98.00,99.53,65.37,-4.86
2026-04-30 18:48:00,2026-04-30 18:48:59,Q10,248.40,90.30,21.80,22.30,99.80,71.90,-1.09,484.60,100.50,47.50,48.40,99.30,73.10,-2.34,237.60,98.10,22.80,23.20,99.90,71.30,-0.51,323.53,96.30,92.10,93.90,99.67,72.10,-3.94
2026-04-30 18:49:00,2026-04-30 18:49:59,Q10,247.60,96.20,22.80,23.70,99.70,62.80,-1.49,483.00,106.80,50.50,51.20,99.10,65.40,-2.77,236.90,102.70,23.80,24.10,99.90,64.90,-0.74,322.50,101.90,97.10,99.00,99.57,64.37,-5.00
2026-04-30 18:50:00,2026-04-30 18:50:59,Q10,248.10,99.60,23.80,24.60,99.70,65.20,-1.49,483.90,108.50,51.50,52.20,99.10,71.40,-2.91,237.10,108.40,24.80,25.60,99.90,70.70,-0.57,323.03,105.50,100.10,102.40,99.57,69.10,-4.97
2026-04-30 18:51:00,2026-04-30 18:51:59,Q10,248.40,94.90,22.80,23.30,99.90,61.60,0.06,484.40,107.60,50.50,51.80,99.80,64.00,-1.20,237.50,104.50,23.80,24.60,99.90,62.60,0.77,323.43,102.33,97.10,99.70,99.87,62.73,-0.37
2026-04-30 18:52:00,2026-04-30 18:52:59,Q10,248.30,93.20,22.80,23.10,99.90,63.60,0.31,484.40,104.60,49.50,50.30,99.80,66.50,-1.00,237.60,102.70,23.80,24.20,99.80,63.80,1.14,323.43,100.17,96.10,97.60,99.83,64.63,0.46
2026-04-30 18:53:00,2026-04-30 18:53:59,Q10,248.40,95.40,22.80,23.60,99.90,73.30,0.49,484.50,104.20,49.50,50.30,99.90,74.90,-0.83,237.50,101.90,22.80,23.90,99.70,72.10,1.31,323.47,100.50,95.10,97.80,99.83,73.43,0.97
2026-04-30 18:54:00,2026-04-30 18:54:59,Q10,248.20,89.30,21.80,22.10,99.60,67.90,-1.43,484.30,98.50,46.10,47.40,98.90,67.50,-2.91,237.50,96.50,21.80,22.80,99.90,67.00,-0.77,323.33,94.77,89.70,92.30,99.47,67.47,-5.11
2026-04-30 18:55:00,2026-04-30 18:55:59,Q10,247.80,88.90,20.80,21.70,99.90,65.90,0.17,483.60,100.30,47.50,48.30,99.70,65.40,-1.37,237.10,97.00,21.80,23.00,99.90,68.30,0.71,322.83,95.40,90.10,93.00,99.83,66.53,-0.49
2026-04-30 18:56:00,2026-04-30 18:56:59,Q10,248.20,90.70,21.80,22.30,99.90,70.10,0.43,484.20,99.20,46.50,47.90,99.90,71.50,-0.51,237.30,96.00,21.80,22.80,99.70,72.30,1.26,323.23,95.30,90.10,93.00,99.83,71.30,1.17
2026-04-30 18:57:00,2026-04-30 18:57:59,Q10,248.00,92.60,21.80,22.80,99.90,67.20,0.17,483.50,100.10,47.50,48.30,99.90,68.80,-0.51,237.00,97.00,21.80,23.00,99.70,64.60,1.31,322.83,96.57,91.10,94.10,99.83,66.87,0.97
2026-04-30 18:58:00,2026-04-30 18:58:59,Q10,248.10,91.60,21.80,22.60,99.90,71.20,0.43,484.10,101.50,47.50,48.90,99.90,72.60,-0.63,237.40,100.70,22.80,23.70,99.80,73.20,1.20,323.20,97.93,92.10,95.20,99.87,72.33,1.00
2026-04-30 18:59:00,2026-04-30 18:59:59,Q10,247.70,93.30,21.80,23.00,99.80,61.40,-1.06,483.00,106.00,50.50,51.20,99.40,64.60,-2.31,236.80,102.70,23.80,24.10,99.90,62.30,-0.26,322.50,100.67,96.10,98.30,99.70,62.77,-3.63
2026-04-30 19:00:00,2026-04-30 19:00:59,Q10,247.40,95.10,22.80,23.50,99.90,64.80,0.46,482.70,102.90,48.50,49.20,99.90,67.80,-0.60,236.80,101.60,22.80,23.80,99.80,67.80,1.17,322.30,99.87,94.10,96.50,99.87,66.80,1.03
2026-04-30 19:01:00,2026-04-30 19:01:59,Q10,247.40,95.60,22.80,23.50,99.90,67.90,0.69,482.80,104.90,49.50,50.10,99.90,64.70,-0.29,236.80,101.00,22.80,23.80,99.70,64.10,1.54,322.33,100.50,95.10,97.40,99.83,65.57,1.94
2026-04-30 19:02:00,2026-04-30 19:02:59,Q10,247.20,90.00,21.80,22.20,99.90,65.60,0.20,482.30,99.00,46.50,47.70,99.90,67.80,-0.69,236.60,94.00,21.80,22.20,99.80,67.40,0.89,322.03,94.33,90.10,92.10,99.87,66.93,0.40
2026-04-30 19:03:00,2026-04-30 19:03:59,Q10,247.40,94.30,22.80,23.20,99.70,63.90,-1.34,483.00,97.80,45.50,46.90,99.10,68.50,-2.66,236.90,98.10,22.80,23.10,99.90,69.80,-0.66,322.43,96.73,91.10,93.20,99.57,67.40,-4.66
2026-04-30 19:04:00,2026-04-30 19:04:59,Q10,247.40,95.20,22.80,23.50,99.90,68.20,-0.83,482.70,104.70,49.50,50.10,99.60,67.50,-1.77,236.80,103.50,23.80,24.30,99.90,69.70,0.31,322.30,101.13,96.10,97.90,99.80,68.47,-2.29
2026-04-30 19:05:00,2026-04-30 19:05:59,Q10,247.60,92.40,21.80,22.70,99.90,64.00,0.29,482.90,104.70,49.50,50.10,99.90,66.60,-0.77,236.80,101.60,22.80,23.80,99.70,65.30,1.34,322.43,99.57,94.10,96.60,99.83,65.30,0.86
2026-04-30 19:06:00,2026-04-30 19:06:59,Q10,247.50,92.00,21.80,22.70,99.60,63.90,-1.51,482.70,101.40,47.50,48.70,99.00,70.40,-2.74,236.60,98.50,22.80,23.10,99.90,67.50,-0.66,322.27,97.30,92.10,94.50,99.50,67.27,-4.91
2026-04-30 19:07:00,2026-04-30 19:07:59,Q10,247.90,91.00,21.80,22.50,99.80,65.40,0.89,483.70,99.80,46.50,47.80,99.90,70.30,-0.34,237.30,98.80,22.80,23.20,99.50,68.20,1.97,322.97,96.53,91.10,93.50,99.73,67.97,2.51
2026-04-30 19:08:00,2026-04-30 19:08:59,Q10,248.10,91.00,21.80,22.60,99.80,64.00,0.86,484.20,102.00,48.50,49.40,99.90,64.50,0.14,237.50,97.40,21.80,23.00,99.40,63.90,2.06,323.27,96.80,92.10,95.00,99.70,64.13,3.06
2026-04-30 19:09:00,2026-04-30 19:09:59,Q10,248.20,91.70,21.80,22.60,99.80,67.30,-0.97,484.30,101.60,47.50,48.90,99.50,64.80,-2.03,237.50,98.10,22.80,23.20,99.90,64.10,0.26,323.33,97.13,92.10,94.70,99.73,65.40,-2.74
2026-04-30 19:10:00,2026-04-30 19:10:59,Q10,247.30,87.40,20.80,21.50,99.70,74.00,-1.29,482.30,95.70,44.50,45.80,99.20,71.10,-2.43,236.50,93.90,20.80,21.90,99.90,74.90,-0.43,322.03,92.33,86.10,89.20,99.60,73.33,-4.14
2026-04-30 19:11:00,2026-04-30 19:11:59,Q10,246.90,89.30,20.80,21.90,99.90,59.60,0.51,481.40,98.20,46.50,47.10,99.90,60.90,0.31,235.90,94.30,21.80,22.10,99.60,59.20,1.66,321.40,93.93,89.10,91.10,99.80,59.90,2.49
2026-04-30 19:12:00,2026-04-30 19:12:59,Q10,247.80,89.80,20.80,22.00,99.70,76.10,-1.26,482.90,96.40,45.50,46.30,99.30,78.90,-2.34,236.60,93.70,20.80,21.90,99.90,74.80,-0.51,322.43,93.30,87.10,90.20,99.63,76.60,-4.11
2026-04-30 19:13:00,2026-04-30 19:13:59,Q10,247.60,91.20,21.80,22.50,99.80,76.20,-1.03,482.70,99.00,46.50,47.70,99.40,76.10,-2.09,236.50,95.80,21.80,22.40,99.90,74.90,-0.34,322.27,95.33,90.10,92.60,99.70,75.73,-3.46
2026-04-30 19:14:00,2026-04-30 19:14:59,Q10,247.40,90.00,21.80,22.20,99.60,68.60,-1.46,482.10,98.30,46.50,47.20,99.30,70.60,-2.43,236.10,96.70,21.80,22.70,99.90,72.40,-0.46,321.87,95.00,90.10,92.10,99.60,70.53,-4.34
2026-04-30 19:15:00,2026-04-30 19:15:59,Q10,247.70,87.70,20.80,21.50,99.90,75.50,0.63,482.90,96.10,45.50,46.30,99.90,77.70,-0.17,236.70,92.80,20.80,21.70,99.60,77.30,1.60,322.43,92.20,87.10,89.50,99.80,76.83,2.06
2026-04-30 19:16:00,2026-04-30 19:16:59,Q10,247.90,84.90,19.80,20.70,99.90,69.90,0.43,483.10,93.30,43.60,44.90,99.90,68.40,-0.51,236.60,93.60,20.80,21.90,99.70,64.50,1.29,322.53,90.60,84.20,87.50,99.83,67.60,1.20
2026-04-30 19:17:00,2026-04-30 19:17:59,Q10,247.30,86.30,20.80,21.20,99.90,65.70,-0.11,482.00,93.20,43.60,44.80,99.80,63.50,-1.14,236.20,89.60,20.80,21.00,99.90,61.90,0.37,321.83,89.70,85.20,87.00,99.87,63.70,-0.89
2026-04-30 19:18:00,2026-04-30 19:18:59,Q10,248.00,89.70,21.80,22.10,99.90,70.70,0.66,483.50,100.00,47.50,48.30,99.90,71.00,-0.20,236.90,98.10,22.80,23.10,99.60,70.80,1.66,322.80,95.93,92.10,93.50,99.80,70.83,2.11
2026-04-30 19:19:00,2026-04-30 19:19:59,Q10,248.20,95.00,22.80,23.60,99.80,63.40,-1.17,483.90,104.00,49.50,50.20,99.40,66.30,-2.34,237.10,101.00,22.80,23.90,99.90,63.00,-0.34,323.07,100.00,95.10,97.70,99.70,64.23,-3.86
2026-04-30 19:20:00,2026-04-30 19:20:59,Q10,247.60,88.40,20.80,21.70,99.70,62.50,-1.31,482.50,96.90,45.50,46.30,99.20,62.60,-2.46,236.40,94.30,21.80,22.20,99.90,61.50,-0.46,322.17,93.20,88.10,90.20,99.60,62.20,-4.23
2026-04-30 19:21:00,2026-04-30 19:21:59,Q10,247.40,86.70,20.80,21.20,99.90,68.20,0.40,482.30,94.90,44.50,45.30,99.90,69.00,-0.14,236.30,93.20,20.80,21.90,99.50,68.20,1.71,322.00,91.60,86.10,88.40,99.77,68.47,1.97
2026-04-30 19:22:00,2026-04-30 19:22:59,Q10,248.00,88.60,20.80,21.80,99.90,67.50,0.60,483.70,100.30,47.50,48.30,99.90,69.40,-0.29,237.00,92.20,20.80,21.80,99.60,66.50,1.54,322.90,93.70,89.10,91.90,99.80,67.80,1.86
2026-04-30 19:23:00,2026-04-30 19:23:59,Q10,248.30,90.40,21.80,22.30,99.90,72.10,-0.40,484.50,99.00,46.50,47.90,99.80,72.40,-1.03,237.60,94.50,21.80,22.30,99.90,72.50,0.60,323.47,94.63,90.10,92.50,99.87,72.33,-0.83
2026-04-30 19:24:00,2026-04-30 19:24:59,Q10,248.10,86.40,20.80,21.30,99.40,69.90,-1.71,484.00,94.30,44.50,45.50,99.20,70.80,-2.43,237.30,90.40,20.80,21.30,99.90,70.30,-0.29,323.13,90.37,86.10,88.10,99.50,70.33,-4.43
2026-04-30 19:25:00,2026-04-30 19:25:59,Q10,248.60,90.20,21.80,22.30,99.90,72.70,-0.57,485.40,100.70,47.50,48.50,99.70,73.70,-1.49,238.00,93.60,21.80,22.10,99.90,74.00,0.49,324.00,94.83,91.10,92.90,99.83,73.47,-1.57
2026-04-30 19:26:00,2026-04-30 19:26:59,Q10,248.80,90.40,21.80,22.30,99.90,65.70,0.43,485.40,99.20,47.50,48.00,99.90,65.50,-0.40,238.00,96.40,21.80,22.80,99.60,66.20,1.57,324.07,95.33,91.10,93.10,99.80,65.80,1.60
2026-04-30 19:27:00,2026-04-30 19:27:59,Q10,247.90,88.50,20.80,21.70,99.90,70.40,-0.71,483.80,99.60,46.50,47.80,99.70,72.70,-1.54,237.40,95.10,21.80,22.50,99.90,69.60,0.31,323.03,94.40,89.10,92.00,99.83,70.90,-1.94
2026-04-30 19:28:00,2026-04-30 19:28:59,Q10,248.10,95.80,22.80,23.60,99.90,64.10,0.43,483.80,104.10,49.50,50.20,99.90,68.20,-0.23,237.10,99.70,22.80,23.50,99.60,67.50,1.77,323.00,99.87,95.10,97.30,99.80,66.60,1.97
2026-04-30 19:29:00,2026-04-30 19:29:59,Q10,248.80,94.20,22.80,23.30,99.90,65.30,0.80,485.50,103.20,49.00,50.00,100.00,67.90,0.00,238.10,99.40,22.80,23.60,99.40,68.60,2.06,324.13,98.93,94.60,96.90,99.77,67.27,2.86
2026-04-30 19:30:00,2026-04-30 19:30:59,Q10,248.80,92.10,21.80,22.80,99.90,64.30,0.31,485.40,101.10,47.50,49.00,99.90,65.50,-0.54,238.00,96.70,21.80,22.80,99.70,65.90,1.29,324.07,96.63,91.10,94.60,99.83,65.23,1.06
2026-04-30 19:31:00,2026-04-30 19:31:59,Q10,248.20,88.80,20.80,21.80,99.90,70.00,0.03,484.50,96.30,45.50,46.50,99.90,72.30,-0.80,237.70,93.40,21.80,22.00,99.80,70.00,1.06,323.47,92.83,88.10,90.30,99.87,70.77,0.29
2026-04-30 19:32:00,2026-04-30 19:32:59,Q10,248.40,85.10,20.80,21.10,99.60,79.20,-1.51,484.60,94.80,44.50,45.50,99.00,79.00,-2.60,237.70,91.60,20.80,21.60,99.80,76.10,-0.83,323.57,90.50,86.10,88.20,99.47,78.10,-4.94
2026-04-30 19:33:00,2026-04-30 19:33:59,Q10,248.70,86.20,20.80,21.30,99.90,70.00,-0.17,485.30,97.20,46.50,47.00,99.80,71.10,-1.20,238.00,96.00,21.80,22.80,99.90,69.60,0.63,324.00,93.13,89.10,91.10,99.87,70.23,-0.74
2026-04-30 19:34:00,2026-04-30 19:34:59,Q10,248.00,92.80,21.80,22.80,99.70,80.60,-1.46,483.80,104.00,49.50,50.20,99.30,78.60,-2.49,237.30,100.80,22.80,23.70,99.90,78.40,-0.43,323.03,99.20,94.10,96.70,99.63,79.20,-4.37
2026-04-30 19:35:00,2026-04-30 19:35:59,Q10,248.00,88.50,20.80,21.80,99.60,70.40,-1.51,483.90,100.70,47.50,48.30,99.10,68.80,-2.63,237.30,95.10,21.80,22.50,99.90,68.60,-0.63,323.07,94.77,90.10,92.60,99.53,69.27,-4.77
2026-04-30 19:36:00,2026-04-30 19:36:59,Q10,248.10,91.00,21.80,22.60,99.60,69.50,-1.51,483.90,99.00,46.50,47.80,99.00,72.70,-2.74,237.30,97.00,21.80,23.00,99.90,75.50,-0.51,323.10,95.67,90.10,93.40,99.50,72.57,-4.77
2026-04-30 19:37:00,2026-04-30 19:37:59,Q10,248.70,92.00,21.80,22.80,99.90,72.40,0.69,485.30,106.70,50.50,51.40,99.90,71.20,-0.66,238.10,100.90,22.80,23.80,99.70,67.80,1.57,324.03,99.87,95.10,98.00,99.83,70.47,1.60
2026-04-30 19:38:00,2026-04-30 19:38:59,Q10,248.60,96.30,22.80,23.80,99.90,66.40,-0.23,484.90,106.30,50.50,51.30,99.60,67.30,-1.74,237.70,103.50,23.80,24.40,99.90,67.10,0.69,323.73,102.03,97.10,99.50,99.80,66.93,-1.29
2026-04-30 19:39:00,2026-04-30 19:39:59,Q10,248.50,94.90,22.80,23.30,99.90,67.70,-0.11,484.80,104.00,49.50,50.30,99.80,71.40,-1.23,237.60,102.40,23.80,24.20,99.90,70.60,0.66,323.63,100.43,96.10,97.80,99.87,69.90,-0.69
2026-04-30 19:40:00,2026-04-30 19:40:59,Q10,247.90,96.90,22.80,23.70,99.90,67.40,0.74,483.50,107.50,50.50,51.70,99.90,68.00,-0.43,237.10,106.20,24.80,25.10,99.60,66.30,1.71,322.83,103.53,98.10,100.50,99.80,67.23,2.03
2026-04-30 19:41:00,2026-04-30 19:41:59,Q10,248.50,91.50,21.80,22.60,99.70,71.20,-1.29,484.60,102.00,48.50,49.40,99.30,69.00,-2.40,237.50,98.40,22.80,23.20,99.90,68.30,-0.23,323.53,97.30,93.10,95.20,99.63,69.50,-3.91
2026-04-30 19:42:00,2026-04-30 19:42:59,Q10,248.00,94.00,22.80,23.30,99.90,71.80,0.09,483.90,104.40,49.50,50.20,99.90,71.20,-0.89,237.30,100.00,22.80,23.70,99.80,71.50,1.29,323.07,99.47,95.10,97.20,99.87,71.50,0.49
2026-04-30 19:43:00,2026-04-30 19:43:59,Q10,248.60,95.70,22.80,23.60,99.60,66.20,-1.57,485.20,106.40,50.50,51.40,99.10,70.10,-2.80,238.00,100.20,22.80,23.80,99.90,67.60,-0.57,323.93,100.77,96.10,98.80,99.53,67.97,-4.94
2026-04-30 19:44:00,2026-04-30 19:44:59,Q10,248.50,103.30,24.80,25.50,99.90,68.20,0.60,484.70,112.40,53.50,54.20,99.90,68.50,-0.54,237.50,109.30,24.80,25.80,99.70,68.20,1.69,323.57,108.33,103.10,105.50,99.83,68.30,1.74
2026-04-30 19:45:00,2026-04-30 19:45:59,Q10,248.10,92.40,21.80,22.80,99.70,67.50,-1.40,484.10,103.20,48.50,49.90,99.10,66.00,-2.69,237.50,99.50,22.80,23.50,99.90,67.40,-0.60,323.23,98.37,93.10,96.20,99.57,66.97,-4.69
2026-04-30 19:46:00,2026-04-30 19:46:59,Q10,248.40,97.10,23.80,24.10,99.90,71.70,-0.11,484.70,107.00,50.50,51.80,99.70,73.40,-1.40,237.70,104.50,23.80,24.60,99.90,72.10,0.60,323.60,102.87,98.10,100.50,99.83,72.40,-0.91
2026-04-30 19:47:00,2026-04-30 19:47:59,Q10,248.60,100.20,23.80,24.80,99.70,67.20,-1.40,485.10,111.70,52.50,53.80,99.10,68.80,-2.89,237.80,108.30,24.80,25.60,99.90,67.20,-0.66,323.83,106.73,101.10,104.20,99.57,67.73,-4.94
2026-04-30 19:48:00,2026-04-30 19:48:59,Q10,248.70,95.30,22.80,23.60,99.80,66.60,-1.23,485.30,105.20,49.50,50.90,99.10,69.50,-2.74,238.00,105.50,23.80,25.00,99.90,68.60,-0.69,324.00,102.00,96.10,99.50,99.60,68.23,-4.66
2026-04-30 19:49:00,2026-04-30 19:49:59,Q10,248.40,95.70,22.80,23.60,99.90,62.10,-0.14,484.40,103.00,48.50,49.90,99.70,63.20,-1.40,237.40,101.40,22.80,23.90,99.90,62.00,0.89,323.40,100.03,94.10,97.40,99.83,62.43,-0.66
2026-04-30 19:50:00,2026-04-30 19:50:59,Q10,248.30,96.50,22.80,23.80,99.90,62.70,0.43,484.50,105.70,49.50,50.80,99.90,67.40,-0.49,237.70,103.90,23.80,24.40,99.70,66.70,1.51,323.50,102.03,96.10,99.00,99.83,65.60,1.46
2026-04-30 19:51:00,2026-04-30 19:51:59,Q10,249.00,95.30,22.80,23.70,99.60,69.90,-1.51,485.80,105.50,49.50,50.90,99.10,70.20,-2.74,238.20,103.50,23.80,24.50,99.90,69.70,-0.60,324.33,101.43,96.10,99.10,99.53,69.93,-4.86
2026-04-30 19:52:00,2026-04-30 19:52:59,Q10,248.90,94.90,22.80,23.30,99.90,60.60,0.54,485.50,105.90,49.50,50.90,99.90,63.50,-0.31,238.00,98.80,22.80,23.30,99.60,63.90,1.69,324.13,99.87,95.10,97.50,99.80,62.67,1.91
2026-04-30 19:53:00,2026-04-30 19:53:59,Q10,248.40,90.80,21.80,22.30,99.90,67.40,-0.23,484.80,99.90,46.50,47.90,99.80,69.10,-1.03,237.70,98.00,22.80,23.20,99.90,68.00,0.71,323.63,96.23,91.10,93.40,99.87,68.17,-0.54
2026-04-30 19:54:00,2026-04-30 19:54:59,Q10,248.90,92.10,21.80,22.80,99.90,64.40,0.43,485.70,99.00,47.50,48.00,99.90,67.90,-0.60,238.30,97.10,22.80,23.10,99.60,67.30,1.66,324.30,96.07,92.10,93.90,99.80,66.53,1.49
2026-04-30 19:55:00,2026-04-30 19:55:59,Q10,248.90,94.70,22.80,23.30,99.90,68.10,-0.06,485.60,105.00,49.50,50.90,99.80,66.40,-1.00,238.20,100.10,22.80,23.80,99.80,68.70,1.20,324.23,99.93,95.10,98.00,99.83,67.73,0.14
2026-04-30 19:56:00,2026-04-30 19:56:59,Q10,248.10,90.90,21.80,22.30,99.90,77.20,0.37,484.10,102.70,48.50,49.40,99.90,79.00,-0.43,237.50,99.20,22.80,23.50,99.60,78.90,1.57,323.23,97.60,93.10,95.20,99.80,78.37,1.51
2026-04-30 19:57:00,2026-04-30 19:57:59,Q10,248.70,91.70,21.80,22.60,99.50,67.00,-1.69,485.20,103.20,48.50,50.00,99.00,65.90,-2.80,238.00,99.70,22.80,23.60,99.90,67.30,-0.49,323.97,98.20,93.10,96.20,99.47,66.73,-4.97
2026-04-30 19:58:00,2026-04-30 19:58:59,Q10,248.10,93.30,22.80,23.10,99.90,64.70,0.37,484.10,106.40,50.50,51.30,99.90,65.20,-0.46,237.50,101.50,22.80,23.90,99.70,66.30,1.54,323.23,100.40,96.10,98.30,99.83,65.40,1.46
2026-04-30 19:59:00,2026-04-30 19:59:59,Q10,248.60,94.70,22.80,23.30,99.90,67.90,0.57,485.20,103.60,48.50,50.00,99.90,75.30,-0.43,238.00,102.10,23.80,24.30,99.60,72.30,1.63,323.93,100.13,95.10,97.60,99.80,71.83,1.77
2026-04-30 20:00:00,2026-04-30 20:00:59,Q10,248.30,91.60,21.80,22.60,99.90,76.00,-0.03,484.60,102.80,48.50,49.40,99.80,78.90,-1.11,237.60,98.90,22.80,23.20,99.80,74.90,1.09,323.50,97.77,93.10,95.20,99.83,76.60,-0.06
2026-04-30 20:01:00,2026-04-30 20:01:59,Q10,248.00,94.20,22.80,23.30,99.70,64.80,-1.40,483.80,102.40,48.50,49.30,99.30,67.00,-2.37,237.30,98.50,22.80,23.20,99.90,66.60,-0.23,323.03,98.37,94.10,95.80,99.63,66.13,-4.00
2026-04-30 20:02:00,2026-04-30 20:02:59,Q10,248.90,91.90,21.80,22.60,99.90,65.60,-0.60,485.30,102.60,48.50,49.50,99.60,68.50,-1.63,237.90,96.40,21.80,22.80,99.90,66.70,0.74,324.03,96.97,92.10,94.90,99.80,66.93,-1.49
2026-04-30 20:03:00,2026-04-30 20:03:59,Q10,249.00,92.80,21.80,22.90,99.90,66.90,0.26,485.70,101.10,47.50,49.00,99.90,66.90,-0.57,238.20,97.10,22.80,23.10,99.60,64.00,1.63,324.30,97.00,92.10,95.00,99.80,65.93,1.31
2026-04-30 20:04:00,2026-04-30 20:04:59,Q10,249.10,92.90,21.80,22.90,99.60,71.00,-1.51,485.90,104.90,49.50,50.40,99.20,70.60,-2.69,238.20,99.90,22.80,23.60,99.90,69.90,-0.23,324.40,99.23,94.10,96.90,99.57,70.50,-4.43
2026-04-30 20:05:00,2026-04-30 20:05:59,Q10,249.10,92.50,21.80,22.90,99.60,66.90,-1.60,486.00,107.70,51.50,52.00,99.10,68.90,-2.83,238.30,99.70,22.80,23.60,99.90,63.70,-0.51,324.47,99.97,96.10,98.50,99.53,66.50,-4.94
2026-04-30 20:06:00,2026-04-30 20:06:59,Q10,248.50,97.60,23.80,24.10,99.90,69.20,0.31,484.70,107.40,50.50,51.80,99.90,69.50,-0.69,237.60,103.80,23.80,24.40,99.60,68.60,1.77,323.60,102.93,98.10,100.30,99.80,69.10,1.40
2026-04-30 20:07:00,2026-04-30 20:07:59,Q10,248.60,96.60,22.80,23.80,99.90,65.00,-0.23,484.90,107.80,50.50,51.80,99.70,63.00,-1.49,237.70,105.80,23.80,24.90,99.90,62.10,0.63,323.73,103.40,97.10,100.50,99.83,63.37,-1.09
2026-04-30 20:08:00,2026-04-30 20:08:59,Q10,248.80,96.10,22.80,23.80,99.70,68.80,-1.29,485.50,107.30,50.50,51.90,99.20,67.80,-2.74,238.20,105.20,23.80,25.00,99.90,63.30,-0.40,324.17,102.87,97.10,100.70,99.60,66.63,-4.43
2026-04-30 20:09:00,2026-04-30 20:09:59,Q10,248.10,95.90,22.80,23.60,99.90,70.60,-0.11,484.20,107.00,50.50,51.80,99.80,71.30,-1.14,237.50,104.50,23.80,24.60,99.80,71.80,1.06,323.27,102.47,97.10,100.00,99.83,71.23,-0.20
2026-04-30 20:10:00,2026-04-30 20:10:59,Q10,248.00,93.70,22.80,23.10,99.60,65.70,-1.51,483.90,105.80,49.50,50.70,99.20,65.60,-2.60,237.40,104.30,23.80,24.60,99.90,63.00,-0.54,323.10,101.27,96.10,98.40,99.57,64.77,-4.66
2026-04-30 20:11:00,2026-04-30 20:11:59,Q10,248.20,92.60,21.80,22.80,99.90,68.90,0.54,484.00,104.10,49.50,50.30,99.90,69.70,-0.49,237.30,100.00,22.80,23.70,99.60,68.60,1.74,323.17,98.90,94.10,96.80,99.80,69.07,1.80
2026-04-30 20:12:00,2026-04-30 20:12:59,Q10,248.70,90.20,21.80,22.30,99.90,69.00,0.46,485.20,102.80,48.50,49.50,99.90,72.30,-0.80,238.00,99.60,22.80,23.60,99.70,70.50,1.43,323.97,97.53,93.10,95.40,99.83,70.60,1.09
2026-04-30 20:13:00,2026-04-30 20:13:59,Q10,248.70,93.30,22.80,23.10,99.90,65.30,-0.03,485.40,105.10,49.50,50.90,99.80,66.20,-1.29,238.10,100.10,22.80,23.80,99.90,65.80,0.83,324.07,99.50,95.10,97.80,99.87,65.77,-0.49
2026-04-30 20:14:00,2026-04-30 20:14:59,Q10,248.30,94.60,22.80,23.30,99.90,69.90,0.37,484.60,106.90,50.50,51.30,99.90,71.40,-0.49,237.80,101.60,22.80,23.90,99.80,73.60,1.20,323.57,101.03,96.10,98.50,99.87,71.63,1.09
2026-04-30 20:15:00,2026-04-30 20:15:59,Q10,248.60,89.30,21.80,22.10,99.70,67.60,-1.17,485.00,100.10,47.50,48.50,99.30,68.10,-2.26,237.80,99.70,22.80,23.50,99.90,66.00,0.00,323.80,96.37,92.10,94.10,99.63,67.23,-3.43
2026-04-30 20:16:00,2026-04-30 20:16:59,Q10,247.80,90.70,21.80,22.20,99.60,67.50,-1.60,483.80,98.80,46.50,47.30,99.00,69.80,-2.74,237.30,95.90,21.80,22.50,99.90,71.50,-0.69,322.97,95.13,90.10,92.00,99.50,69.60,-5.03
2026-04-30 20:17:00,2026-04-30 20:17:59,Q10,248.50,93.00,22.80,23.10,99.60,71.40,-1.51,484.70,101.40,47.00,48.90,98.90,72.70,-3.00,237.70,98.60,22.80,23.20,99.90,72.60,-0.77,323.63,97.67,92.60,95.20,99.47,72.23,-5.29
2026-04-30 20:18:00,2026-04-30 20:18:59,Q10,248.30,88.20,20.80,21.80,99.90,69.80,-0.20,484.30,102.10,48.50,49.40,99.70,67.70,-1.49,237.60,98.80,22.80,23.20,99.90,62.60,0.71,323.40,96.37,92.10,94.40,99.83,66.70,-0.97
2026-04-30 20:19:00,2026-04-30 20:19:59,Q10,247.70,87.00,20.80,21.50,99.90,64.20,0.26,483.40,95.40,44.50,45.90,99.90,67.90,-0.74,237.20,93.50,21.80,22.00,99.70,66.30,1.40,322.77,91.97,87.10,89.40,99.83,66.13,0.91
2026-04-30 20:20:00,2026-04-30 20:20:59,Q10,247.90,85.20,19.80,21.00,99.90,67.10,0.17,483.40,97.50,45.50,46.90,99.90,63.50,-0.57,237.00,92.10,20.80,21.80,99.50,66.60,1.71,322.77,91.60,86.10,89.70,99.77,65.73,1.31
2026-04-30 20:21:00,2026-04-30 20:21:59,Q10,248.00,92.00,22.00,22.80,100.00,73.20,0.00,483.90,100.10,47.50,48.30,99.70,75.60,-1.46,237.30,97.30,21.80,23.00,99.80,73.00,1.20,323.07,96.47,91.30,94.10,99.83,73.93,-0.26
2026-04-30 20:22:00,2026-04-30 20:22:59,Q10,248.80,96.10,22.80,23.80,99.70,69.40,1.43,485.50,105.00,49.50,50.90,99.90,69.90,0.23,238.10,102.30,23.80,24.30,99.10,68.60,2.80,324.13,101.13,96.10,99.00,99.57,69.30,4.46
2026-04-30 20:23:00,2026-04-30 20:23:59,Q10,248.90,94.20,22.80,23.30,99.90,69.10,0.66,485.60,107.50,50.50,51.90,99.90,69.80,-0.74,238.10,104.30,23.80,24.80,99.50,71.30,2.03,324.20,102.00,97.10,100.00,99.77,70.07,1.94
2026-04-30 20:24:00,2026-04-30 20:24:59,Q10,248.70,97.40,23.80,24.10,99.70,64.70,-1.43,485.10,108.80,51.50,52.40,99.10,66.90,-2.91,238.00,102.40,23.80,24.30,99.90,67.00,-0.54,323.93,102.87,99.10,100.80,99.57,66.20,-4.89
2026-04-30 20:25:00,2026-04-30 20:25:59,Q10,248.70,95.70,22.80,23.60,99.90,65.80,0.40,485.10,107.10,50.50,51.90,99.80,67.90,-1.14,237.80,102.50,23.80,24.20,99.70,69.80,1.37,323.87,101.77,97.10,99.70,99.80,67.83,0.63
2026-04-30 20:26:00,2026-04-30 20:26:59,Q10,248.00,93.70,22.80,23.10,99.90,76.60,-0.43,483.80,104.10,49.50,50.20,99.70,76.60,-1.54,237.30,101.40,22.80,23.90,99.90,75.50,0.51,323.03,99.73,95.10,97.20,99.83,76.23,-1.46
2026-04-30 20:27:00,2026-04-30 20:27:59,Q10,247.90,95.80,22.80,23.50,99.90,64.60,0.49,483.90,103.50,48.50,49.70,99.90,67.50,-0.60,237.30,102.80,23.80,24.20,99.70,67.60,1.60,323.03,100.70,95.10,97.40,99.83,66.57,1.49
2026-04-30 20:28:00,2026-04-30 20:28:59,Q10,248.60,95.80,22.80,23.60,99.90,69.10,0.74,485.00,107.50,50.50,51.90,99.90,69.00,-0.49,237.80,104.20,23.80,24.60,99.60,68.70,1.69,323.80,102.50,97.10,100.10,99.80,68.93,1.94
2026-04-30 20:29:00,2026-04-30 20:29:59,Q10,248.00,105.60,25.70,26.00,99.70,65.80,-1.57,483.90,115.30,54.50,55.50,99.20,66.60,-3.03,237.30,115.60,26.70,27.30,99.90,65.30,-0.77,323.07,112.17,106.90,108.80,99.60,65.90,-5.37
2026-04-30 20:30:00,2026-04-30 20:30:59,Q10,248.60,106.80,25.70,26.30,99.90,61.80,0.77,484.90,120.50,57.40,58.10,99.90,63.60,-0.57,237.80,116.50,26.70,27.50,99.50,61.00,2.20,323.77,114.60,109.80,111.90,99.77,62.13,2.40
2026-04-30 20:31:00,2026-04-30 20:31:59,Q10,247.80,106.10,25.70,26.20,99.90,71.20,-0.71,483.50,118.00,55.40,57.00,99.60,68.90,-1.97,237.10,112.80,25.70,26.50,99.90,70.30,0.20,322.80,112.30,106.80,109.70,99.80,70.13,-2.49
2026-04-30 20:32:00,2026-04-30 20:32:59,Q10,248.00,106.00,25.70,26.30,99.90,67.10,0.80,483.80,116.00,55.40,56.00,99.90,68.30,-0.31,237.20,113.40,25.70,26.80,99.60,67.20,2.03,323.00,111.80,106.80,109.10,99.80,67.53,2.51
2026-04-30 20:33:00,2026-04-30 20:33:59,Q10,248.60,107.50,25.70,26.50,99.90,67.60,0.94,484.80,115.70,54.50,55.70,99.90,68.90,-0.17,237.70,114.50,26.70,27.00,99.60,68.40,2.11,323.70,112.57,106.90,109.20,99.80,68.30,2.89
2026-04-30 20:34:00,2026-04-30 20:34:59,Q10,248.70,100.00,23.80,24.80,99.80,68.60,1.06,485.20,112.70,53.50,54.30,99.90,67.70,-0.37,237.90,108.90,24.80,25.60,99.60,66.20,1.97,323.93,107.20,102.10,104.70,99.77,67.50,2.66
2026-04-30 20:35:00,2026-04-30 20:35:59,Q10,247.80,100.10,23.80,24.70,99.80,68.50,1.06,483.40,113.20,53.50,54.60,99.90,67.30,0.09,237.10,107.80,24.80,25.40,99.40,63.40,2.37,322.77,107.03,102.10,104.70,99.70,66.40,3.51
2026-04-30 20:36:00,2026-04-30 20:36:59,Q10,248.00,102.10,24.80,25.30,99.70,64.00,-1.49,483.80,113.80,53.50,54.60,99.20,63.90,-2.89,237.40,111.70,25.70,26.30,99.90,62.90,-0.43,323.07,109.20,104.00,106.20,99.60,63.60,-4.80
2026-04-30 20:37:00,2026-04-30 20:37:59,Q10,248.00,98.50,23.80,24.30,99.80,60.70,1.31,483.40,110.90,52.50,53.10,99.90,60.20,0.06,236.80,107.90,24.80,25.30,99.40,60.60,2.29,322.73,105.77,101.10,102.70,99.70,60.50,3.66
2026-04-30 20:38:00,2026-04-30 20:38:59,Q10,247.60,95.10,22.80,23.50,99.80,62.80,1.03,482.40,104.90,49.50,50.10,99.90,63.70,-0.11,236.40,102.60,23.80,24.10,99.40,62.70,2.14,322.13,100.87,96.10,97.70,99.70,63.07,3.06
2026-04-30 20:39:00,2026-04-30 20:39:59,Q10,247.70,92.60,21.80,22.70,99.90,67.30,0.83,482.90,101.20,47.50,48.70,99.90,65.30,0.00,236.70,100.10,22.80,23.60,99.50,64.30,1.94,322.43,97.97,92.10,95.00,99.77,65.63,2.77
2026-04-30 20:40:00,2026-04-30 20:40:59,Q10,247.90,89.60,20.80,22.00,99.90,63.80,0.54,483.30,98.20,46.50,47.30,99.90,66.90,-0.43,236.90,95.10,21.80,22.40,99.60,66.60,1.60,322.70,94.30,89.10,91.70,99.80,65.77,1.71
2026-04-30 20:41:00,2026-04-30 20:41:59,Q10,247.50,95.80,22.80,23.50,99.90,65.60,0.66,482.30,106.80,50.50,51.10,99.90,65.20,-0.46,236.30,103.60,23.80,24.30,99.60,65.00,1.91,322.03,102.07,97.10,98.90,99.80,65.27,2.11
2026-04-30 20:42:00,2026-04-30 20:42:59,Q10,248.10,100.30,23.80,24.80,99.90,63.40,0.63,483.50,110.80,52.50,53.10,99.90,64.70,-0.40,236.80,109.20,24.80,25.70,99.70,65.80,1.66,322.80,106.77,101.10,103.60,99.83,64.63,1.89
2026-04-30 20:43:00,2026-04-30 20:43:59,Q10,247.50,98.70,23.80,24.20,99.90,68.80,-0.37,482.20,108.00,51.50,52.10,99.60,68.20,-2.00,236.30,105.70,23.80,24.80,99.90,66.20,0.46,322.00,104.13,99.10,101.10,99.80,67.73,-1.91
2026-04-30 20:44:00,2026-04-30 20:44:59,Q10,247.90,98.60,23.80,24.20,99.80,61.30,1.03,483.40,107.90,50.50,51.70,99.90,66.10,0.17,236.90,104.70,23.80,24.50,99.40,62.50,2.34,322.73,103.73,98.10,100.40,99.70,63.30,3.54
2026-04-30 20:45:00,2026-04-30 20:45:59,Q10,247.30,97.90,22.80,24.00,99.90,62.60,0.77,482.20,105.70,49.50,50.60,99.90,60.90,-0.06,236.30,101.90,22.80,23.80,99.60,61.40,1.91,321.93,101.83,95.10,98.40,99.80,61.63,2.63
2026-04-30 20:46:00,2026-04-30 20:46:59,Q10,248.30,91.20,21.80,22.60,99.90,61.10,0.63,484.00,101.00,47.50,48.90,99.90,62.80,-0.49,237.20,97.60,21.80,23.00,99.70,62.40,1.43,323.17,96.60,91.10,94.50,99.83,62.10,1.57
2026-04-30 20:47:00,2026-04-30 20:47:59,Q10,247.90,91.60,21.80,22.50,99.90,66.30,0.57,483.30,101.70,47.50,48.80,99.90,66.10,-0.80,236.90,98.30,22.80,23.10,99.80,63.90,1.23,322.70,97.20,92.10,94.40,99.87,65.43,1.00
2026-04-30 20:48:00,2026-04-30 20:48:59,Q10,248.20,93.30,22.80,23.10,99.90,64.60,0.40,483.80,104.30,49.50,50.20,99.90,66.30,-0.80,237.00,101.70,22.80,23.90,99.70,64.90,1.46,323.00,99.77,95.10,97.20,99.83,65.27,1.06
2026-04-30 20:49:00,2026-04-30 20:49:59,Q10,247.30,92.10,21.80,22.70,99.90,67.10,0.60,482.10,103.10,48.50,49.60,99.90,67.80,-0.31,236.20,99.40,22.80,23.40,99.70,66.50,1.60,321.87,98.20,93.10,95.70,99.83,67.13,1.89
2026-04-30 20:50:00,2026-04-30 20:50:59,Q10,247.40,88.00,20.80,21.70,99.70,63.00,-1.17,482.20,97.20,45.50,46.80,99.20,63.20,-2.43,236.30,93.20,20.80,21.90,99.90,63.10,-0.23,321.97,92.80,87.10,90.40,99.60,63.10,-3.83
2026-04-30 20:51:00,2026-04-30 20:51:59,Q10,247.50,86.40,20.80,21.20,99.90,60.80,-0.26,482.30,95.70,44.50,45.80,99.80,63.00,-1.20,236.30,94.10,21.80,22.20,99.90,61.60,0.63,322.03,92.07,87.10,89.20,99.87,61.80,-0.83
2026-04-30 20:52:00,2026-04-30 20:52:59,Q10,248.60,83.60,19.80,20.60,99.70,65.80,-1.31,484.70,96.70,45.50,46.50,99.10,67.30,-2.57,237.60,93.60,21.80,22.00,99.90,65.50,-0.37,323.63,91.30,87.10,89.10,99.57,66.20,-4.26
2026-04-30 20:53:00,2026-04-30 20:53:59,Q10,247.70,86.90,20.80,21.20,99.90,67.40,-0.34,483.50,99.10,46.50,47.80,99.70,67.60,-1.34,237.20,95.20,21.80,22.50,99.90,66.40,0.80,322.80,93.73,89.10,91.50,99.83,67.13,-0.89
2026-04-30 20:54:00,2026-04-30 20:54:59,Q10,247.90,89.70,20.80,22.00,99.90,66.00,-0.34,483.80,100.70,47.50,48.30,99.70,73.10,-1.37,237.40,93.80,21.80,22.00,99.90,71.80,0.63,323.03,94.73,90.10,92.30,99.83,70.30,-1.09
2026-04-30 20:55:00,2026-04-30 20:55:59,Q10,248.20,96.30,22.80,23.80,99.70,71.00,-1.49,484.10,105.70,49.50,50.80,99.20,70.80,-2.69,237.40,102.70,23.80,24.20,99.90,67.90,-0.37,323.23,101.57,96.10,98.80,99.60,69.90,-4.54
2026-04-30 20:56:00,2026-04-30 20:56:59,Q10,248.20,95.60,22.80,23.60,99.90,68.20,0.71,484.00,107.20,50.50,51.80,99.90,67.60,-0.29,237.50,103.00,23.80,24.40,99.50,65.70,2.03,323.23,101.93,97.10,99.80,99.77,67.17,2.46
2026-04-30 20:57:00,2026-04-30 20:57:59,Q10,248.20,96.10,22.80,23.80,99.90,71.70,0.40,484.30,105.80,49.50,50.80,99.90,66.10,-0.54,237.50,102.50,23.80,24.20,99.60,69.80,1.71,323.33,101.47,96.10,98.80,99.80,69.20,1.57
2026-04-30 20:58:00,2026-04-30 20:58:59,Q10,248.30,97.10,23.80,24.10,99.90,62.60,-0.31,484.50,107.20,50.50,51.80,99.70,63.80,-1.60,237.60,103.40,23.80,24.40,99.90,65.00,0.54,323.47,102.57,98.10,100.30,99.83,63.80,-1.37
2026-04-30 20:59:00,2026-04-30 20:59:59,Q10,248.80,97.40,23.80,24.10,99.70,70.50,-1.31,485.50,107.50,50.50,51.90,99.00,71.60,-2.97,238.10,106.40,24.80,25.20,99.90,70.00,-0.60,324.13,103.77,99.10,101.20,99.53,70.70,-4.89
2026-04-30 21:00:00,2026-04-30 21:00:59,Q10,247.60,94.20,22.80,23.20,99.90,63.30,-0.31,483.20,104.70,49.50,50.20,99.70,65.10,-1.60,237.10,101.80,22.80,23.90,99.90,65.10,0.63,322.63,100.23,95.10,97.30,99.83,64.50,-1.29
2026-04-30 21:01:00,2026-04-30 21:01:59,Q10,248.70,89.80,21.80,22.10,99.80,68.10,0.91,485.10,102.10,48.50,49.50,99.90,65.10,-0.40,237.90,101.60,22.80,23.90,99.40,65.40,2.09,323.90,97.83,93.10,95.50,99.70,66.20,2.60
2026-04-30 21:02:00,2026-04-30 21:02:59,Q10,248.40,91.10,21.80,22.60,99.90,70.80,0.37,484.40,100.10,47.50,48.40,99.90,72.60,-0.80,237.50,97.80,21.80,23.00,99.70,70.70,1.43,323.43,96.33,91.10,94.00,99.83,71.37,1.00
2026-04-30 21:03:00,2026-04-30 21:03:59,Q10,247.80,92.10,21.80,22.70,99.60,69.10,-1.51,483.50,104.00,49.50,50.20,99.00,77.00,-2.86,237.20,99.40,22.80,23.50,99.90,74.80,-0.49,322.83,98.50,94.10,96.40,99.50,73.63,-4.86
2026-04-30 21:04:00,2026-04-30 21:04:59,Q10,248.50,92.70,21.80,22.80,99.90,67.40,0.54,484.80,103.40,48.50,49.90,99.90,65.80,-0.63,237.80,100.80,22.80,23.70,99.60,64.60,1.63,323.70,98.97,93.10,96.40,99.80,65.93,1.54
2026-04-30 21:05:00,2026-04-30 21:05:59,Q10,248.70,93.80,22.80,23.10,99.90,64.20,-0.09,485.20,108.30,51.50,52.40,99.80,67.00,-1.20,238.00,100.80,22.80,23.80,99.80,66.40,1.17,323.97,100.97,97.10,99.30,99.83,65.87,-0.11
2026-04-30 21:06:00,2026-04-30 21:06:59,Q10,248.60,92.90,21.80,22.80,99.90,71.90,0.23,484.80,103.40,48.50,49.90,99.80,76.30,-1.09,237.70,100.50,22.80,23.70,99.70,72.30,1.60,323.70,98.93,93.10,96.40,99.80,73.50,0.74
2026-04-30 21:07:00,2026-04-30 21:07:59,Q10,248.60,90.60,21.80,22.30,99.90,67.30,0.14,485.00,102.00,48.50,49.50,99.80,67.60,-1.20,237.80,98.20,22.80,23.20,99.80,66.70,1.03,323.80,96.93,93.10,95.00,99.83,67.20,-0.03
2026-04-30 21:08:00,2026-04-30 21:08:59,Q10,248.50,92.30,21.80,22.80,99.90,67.90,-0.17,484.70,101.80,47.50,48.90,99.80,70.10,-1.31,237.50,97.20,21.80,23.00,99.80,70.50,1.03,323.57,97.10,91.10,94.70,99.83,69.50,-0.46
2026-04-30 21:09:00,2026-04-30 21:09:59,Q10,248.00,95.60,22.80,23.60,99.70,70.50,-1.23,483.90,105.20,49.50,50.70,99.20,67.80,-2.66,237.30,102.20,23.80,24.20,99.90,65.70,-0.26,323.07,101.00,96.10,98.50,99.60,68.00,-4.14
2026-04-30 21:10:00,2026-04-30 21:10:59,Q10,249.00,96.20,22.80,23.90,99.90,72.20,0.89,485.70,107.90,50.50,51.90,99.90,68.90,-0.57,238.20,105.60,23.80,25.00,99.50,69.80,2.09,324.30,103.23,97.10,100.80,99.77,70.30,2.40
2026-04-30 21:11:00,2026-04-30 21:11:59,Q10,248.10,100.40,23.80,24.80,99.90,70.10,0.09,484.10,111.50,52.50,53.70,99.80,72.10,-1.29,237.40,108.60,24.80,25.60,99.80,71.40,1.23,323.20,106.83,101.10,104.10,99.83,71.20,0.03
2026-04-30 21:12:00,2026-04-30 21:12:59,Q10,248.90,98.50,23.80,24.30,99.90,64.80,0.63,485.60,112.80,53.50,54.30,99.80,65.80,-1.03,238.20,110.10,25.70,26.20,99.60,65.20,1.94,324.23,107.13,103.00,104.80,99.77,65.27,1.54
2026-04-30 21:13:00,2026-04-30 21:13:59,Q10,248.90,95.70,22.80,23.60,99.90,67.00,0.31,485.70,106.20,50.50,51.40,99.80,70.80,-1.34,238.20,105.20,23.80,25.00,99.90,71.50,0.86,324.27,102.37,97.10,100.00,99.87,69.77,-0.17
2026-04-30 21:14:00,2026-04-30 21:14:59,Q10,248.50,93.40,22.80,23.10,99.90,66.90,-0.71,484.60,103.40,48.50,49.90,99.50,66.00,-1.97,237.50,100.90,22.80,23.70,99.90,65.50,0.23,323.53,99.23,94.10,96.70,99.77,66.13,-2.46
2026-04-30 21:15:00,2026-04-30 21:15:59,Q10,248.40,98.50,23.80,24.30,99.70,69.60,-1.54,484.50,109.00,51.50,52.80,99.00,71.40,-3.09,237.60,107.00,24.80,25.40,99.90,69.90,-0.40,323.50,104.83,100.10,102.50,99.53,70.30,-5.03
2026-04-30 21:16:00,2026-04-30 21:16:59,Q10,248.70,100.70,23.80,24.80,99.80,66.10,-1.20,485.30,111.90,52.50,53.80,99.10,70.90,-2.91,238.10,109.80,24.80,25.90,99.90,66.00,-0.60,324.03,107.47,101.10,104.50,99.60,67.67,-4.71
2026-04-30 21:17:00,2026-04-30 21:17:59,Q10,249.00,97.70,23.80,24.20,99.90,66.10,0.17,486.00,111.70,52.50,53.90,99.80,66.80,-1.34,238.40,106.00,24.80,25.20,99.80,67.40,1.26,324.47,105.13,101.10,103.30,99.83,66.77,0.09
2026-04-30 21:18:00,2026-04-30 21:18:59,Q10,248.90,97.40,23.80,24.10,99.90,66.30,0.51,485.80,107.90,50.50,51.90,99.80,68.00,-1.17,238.30,107.40,24.80,25.50,99.70,68.20,1.49,324.33,104.23,99.10,101.50,99.80,67.50,0.83
2026-04-30 21:19:00,2026-04-30 21:19:59,Q10,248.60,95.20,22.80,23.60,99.90,68.50,0.17,485.30,106.30,50.50,51.40,99.80,67.90,-1.03,238.10,107.00,24.80,25.50,99.80,65.30,1.20,324.00,102.83,98.10,100.50,99.83,67.23,0.34
2026-04-30 21:20:00,2026-04-30 21:20:59,Q10,249.10,92.80,21.80,22.90,99.90,64.80,0.77,486.30,102.20,48.50,49.60,99.90,71.50,-0.63,238.50,102.70,23.80,24.30,99.50,69.70,1.91,324.63,99.23,94.10,96.80,99.77,68.67,2.06
2026-04-30 21:21:00,2026-04-30 21:21:59,Q10,248.60,98.60,23.80,24.30,99.90,66.60,0.23,484.70,109.10,51.50,52.80,99.90,67.90,-0.97,237.60,106.60,24.80,25.10,99.70,66.20,1.40,323.63,104.77,100.10,102.20,99.83,66.90,0.66
2026-04-30 21:22:00,2026-04-30 21:22:59,Q10,248.80,99.10,23.80,24.60,99.90,67.10,0.63,485.50,109.10,51.50,52.90,99.90,67.00,-0.86,238.10,107.10,24.80,25.50,99.50,65.60,2.03,324.13,105.10,100.10,103.00,99.77,66.57,1.80
2026-04-30 21:23:00,2026-04-30 21:23:59,Q10,249.10,100.00,23.80,24.90,99.70,64.20,-1.43,485.80,112.10,53.50,54.30,99.20,65.60,-2.80,238.10,108.00,24.80,25.70,99.90,66.00,-0.09,324.33,106.70,102.10,104.90,99.60,65.27,-4.31
2026-04-30 21:24:00,2026-04-30 21:24:59,Q10,249.10,98.00,23.80,24.40,99.90,69.80,-0.09,486.10,110.50,52.50,53.50,99.70,68.70,-1.54,238.40,106.70,24.80,25.20,99.80,69.90,1.06,324.53,105.07,101.10,103.10,99.80,69.47,-0.57
2026-04-30 21:25:00,2026-04-30 21:25:59,Q10,248.50,97.50,23.80,24.10,99.90,69.90,0.63,484.80,108.60,51.50,52.30,99.90,70.30,-0.31,237.70,105.00,23.80,24.90,99.50,70.30,2.09,323.67,103.70,99.10,101.30,99.77,70.17,2.40
2026-04-30 21:26:00,2026-04-30 21:26:59,Q10,248.30,97.00,23.80,24.10,99.90,64.50,0.06,484.60,108.80,51.50,52.30,99.70,68.40,-1.49,237.70,106.30,24.80,25.10,99.80,66.60,1.14,323.53,104.03,100.10,101.50,99.80,66.50,-0.29
2026-04-30 21:27:00,2026-04-30 21:27:59,Q10,248.10,97.00,23.80,24.10,99.90,67.90,0.69,484.00,109.30,51.50,52.80,99.90,67.50,-0.60,237.40,104.20,23.80,24.60,99.50,67.10,2.03,323.17,103.50,99.10,101.50,99.77,67.50,2.11
2026-04-30 21:28:00,2026-04-30 21:28:59,Q10,248.10,94.30,22.80,23.30,99.70,58.90,-1.43,484.10,103.00,48.50,49.90,99.20,61.50,-2.60,237.40,100.00,22.80,23.70,99.90,61.60,-0.29,323.20,99.10,94.10,96.90,99.60,60.67,-4.31
2026-04-30 21:29:00,2026-04-30 21:29:59,Q10,248.90,90.50,21.80,22.30,99.90,64.80,0.34,485.60,102.40,48.50,49.50,99.90,63.80,-0.66,238.10,100.00,22.80,23.80,99.70,63.70,1.54,324.20,97.63,93.10,95.60,99.83,64.10,1.23
2026-04-30 21:30:00,2026-04-30 21:30:59,Q10,249.00,87.90,20.80,21.70,99.60,72.40,-1.54,485.80,100.60,47.50,48.50,99.00,75.80,-2.91,238.30,99.30,22.80,23.60,99.90,74.10,-0.57,324.37,95.93,91.10,93.80,99.50,74.10,-5.03
2026-04-30 21:31:00,2026-04-30 21:31:59,Q10,248.70,87.40,20.80,21.60,99.90,59.40,0.29,485.10,100.10,47.50,48.50,99.90,63.30,-0.69,238.00,97.70,22.80,23.10,99.60,63.70,1.69,323.93,95.07,91.10,93.20,99.80,62.13,1.29
2026-04-30 21:32:00,2026-04-30 21:32:59,Q10,248.90,87.60,20.80,21.60,99.90,76.80,0.29,485.60,99.90,47.50,48.00,99.90,77.60,-0.63,238.10,95.00,21.80,22.60,99.60,76.80,1.60,324.20,94.17,90.10,92.20,99.80,77.07,1.26
2026-04-30 21:33:00,2026-04-30 21:33:59,Q10,248.90,93.20,22.80,23.10,99.70,69.50,-1.20,485.50,104.50,49.50,50.40,99.30,69.70,-2.43,238.00,101.50,23.80,24.00,99.90,65.50,0.03,324.13,99.73,96.10,97.50,99.63,68.23,-3.60
2026-04-30 21:34:00,2026-04-30 21:34:59,Q10,248.50,99.90,23.80,24.60,99.60,64.40,-1.66,484.90,108.40,51.50,52.30,99.10,62.90,-2.97,237.90,106.60,24.80,25.10,99.90,63.70,-0.43,323.77,104.97,100.10,102.00,99.53,63.67,-5.06
2026-04-30 21:35:00,2026-04-30 21:35:59,Q10,249.20,96.50,22.80,23.90,99.90,67.90,0.49,486.30,108.60,51.50,52.50,99.90,69.90,-0.46,238.50,104.60,23.80,24.80,99.50,69.70,2.09,324.67,103.23,98.10,101.20,99.77,69.17,2.11
2026-04-30 21:36:00,2026-04-30 21:36:59,Q10,248.20,96.80,22.80,23.80,99.60,70.20,-1.66,484.30,109.40,51.50,52.80,99.10,71.50,-2.83,237.50,105.50,23.80,24.90,99.90,71.40,-0.54,323.33,103.90,98.10,101.50,99.53,71.03,-5.03
2026-04-30 21:37:00,2026-04-30 21:37:59,Q10,248.60,98.10,23.80,24.30,99.60,68.10,-1.63,484.80,110.70,52.50,53.20,99.10,70.30,-2.89,237.70,106.40,24.80,25.10,99.90,73.70,-0.34,323.70,105.07,101.10,102.60,99.53,70.70,-4.86
2026-04-30 21:38:00,2026-04-30 21:38:59,Q10,248.90,101.70,24.80,25.00,99.60,68.00,-1.66,485.70,113.80,53.50,54.80,99.10,71.20,-3.11,238.20,110.30,25.70,26.20,99.90,71.20,-0.31,324.27,108.60,104.00,106.00,99.53,70.13,-5.09
2026-04-30 21:39:00,2026-04-30 21:39:59,Q10,249.40,96.60,22.80,23.90,99.90,64.40,0.51,486.60,110.20,52.50,53.50,99.90,67.00,-0.80,238.60,109.90,24.80,25.90,99.50,69.50,2.17,324.87,105.57,100.10,103.30,99.77,66.97,1.89
2026-04-30 21:40:00,2026-04-30 21:40:59,Q10,248.90,98.10,23.80,24.30,99.70,70.90,-1.54,485.40,110.60,52.50,53.30,99.30,68.40,-2.69,238.00,105.10,23.80,25.00,99.90,66.40,0.06,324.10,104.60,100.10,102.60,99.63,68.57,-4.17
2026-04-30 21:41:00,2026-04-30 21:41:59,Q10,248.30,94.80,22.80,23.30,99.90,69.60,0.26,484.60,108.20,51.50,52.30,99.90,71.00,-0.57,237.70,105.10,23.80,24.90,99.50,71.10,2.03,323.53,102.70,98.10,100.50,99.77,70.57,1.71
2026-04-30 21:42:00,2026-04-30 21:42:59,Q10,248.60,98.00,23.80,24.30,99.50,70.30,-1.86,484.80,109.90,51.50,52.80,99.20,70.90,-2.89,237.70,107.70,24.80,25.40,99.90,69.10,-0.14,323.70,105.20,100.10,102.50,99.53,70.10,-4.89
2026-04-30 21:43:00,2026-04-30 21:43:59,Q10,248.90,104.10,24.80,25.80,99.90,63.90,0.00,485.30,116.10,55.40,56.30,99.90,66.50,-0.97,237.90,112.20,25.70,26.50,99.50,70.40,2.14,324.03,110.80,105.90,108.60,99.77,66.93,1.17
2026-04-30 21:44:00,2026-04-30 21:44:59,Q10,248.80,105.10,25.70,26.00,99.80,68.00,-1.37,485.30,118.20,56.40,57.20,99.20,67.40,-2.94,237.90,116.80,26.70,27.50,99.90,68.20,0.17,324.00,113.37,108.80,110.70,99.63,67.87,-4.14
2026-04-30 21:45:00,2026-04-30 21:45:59,Q10,249.50,99.60,23.80,24.70,99.90,75.80,0.89,486.70,114.80,54.50,55.40,99.90,74.10,-0.17,238.60,109.40,24.80,25.90,99.30,74.90,2.69,324.93,107.93,103.10,106.00,99.70,74.93,3.40
2026-04-30 21:46:00,2026-04-30 21:46:59,Q10,249.30,96.70,22.80,23.90,99.90,73.60,0.23,486.30,109.30,51.50,53.00,99.90,75.30,-0.54,238.50,106.90,24.80,25.20,99.40,74.40,2.20,324.70,104.30,99.10,102.10,99.73,74.43,1.89
2026-04-30 21:47:00,2026-04-30 21:47:59,Q10,249.20,91.30,21.80,22.70,99.90,67.30,0.06,486.40,104.30,49.50,50.50,99.90,68.60,-0.86,238.50,99.60,22.80,23.60,99.60,70.00,1.77,324.70,98.40,94.10,96.80,99.80,68.63,0.97
2026-04-30 21:48:00,2026-04-30 21:48:59,Q10,249.00,90.10,21.80,22.40,99.80,80.50,-0.86,485.90,103.20,48.50,50.00,99.60,79.90,-1.66,238.30,99.30,22.80,23.60,99.90,81.30,0.77,324.40,97.53,93.10,96.00,99.77,80.57,-1.74
2026-04-30 21:49:00,2026-04-30 21:49:59,Q10,249.50,91.50,21.80,22.70,99.90,64.20,0.06,486.80,107.70,51.50,52.00,99.90,67.20,-0.37,238.70,100.70,22.80,23.80,99.40,66.60,2.17,325.00,99.97,96.10,98.50,99.73,66.00,1.86
2026-04-30 21:50:00,2026-04-30 21:50:59,Q10,248.70,100.10,23.80,24.80,99.80,65.30,1.20,485.40,113.20,53.50,54.80,99.90,66.90,0.11,238.10,107.10,24.80,25.50,99.10,65.80,2.94,324.07,106.80,102.10,105.10,99.60,66.00,4.26
2026-04-30 21:51:00,2026-04-30 21:51:59,Q10,248.70,96.80,22.80,23.80,99.90,71.10,0.34,485.20,110.00,52.50,53.30,99.90,69.00,-0.54,237.80,105.10,23.80,24.90,99.50,70.60,2.14,323.90,103.97,99.10,102.00,99.77,70.23,1.94
2026-04-30 21:52:00,2026-04-30 21:52:59,Q10,249.20,92.30,21.80,22.90,99.50,68.30,-1.77,486.40,106.90,50.50,51.50,99.00,71.50,-3.00,238.60,100.10,22.80,23.80,99.90,73.50,-0.23,324.73,99.77,95.10,98.20,99.47,71.10,-5.00
2026-04-30 21:53:00,2026-04-30 21:53:59,Q10,249.30,95.30,22.80,23.70,99.70,66.60,-1.49,486.50,107.00,51.50,52.00,99.00,72.20,-3.09,238.50,105.40,23.80,25.00,99.90,70.20,-0.17,324.77,102.57,98.10,100.70,99.53,69.67,-4.74
2026-04-30 21:54:00,2026-04-30 21:54:59,Q10,249.40,95.90,22.80,23.70,99.60,66.70,-1.77,486.70,111.80,52.50,53.90,99.00,67.30,-3.11,238.60,105.30,23.80,25.00,99.90,66.40,-0.20,324.90,104.33,99.10,102.60,99.50,66.80,-5.09
2026-04-30 21:55:00,2026-04-30 21:55:59,Q10,249.70,93.60,22.80,23.20,99.90,69.20,0.23,487.10,107.20,51.50,52.10,99.80,73.50,-1.09,238.90,101.70,23.80,24.00,99.60,69.20,1.83,325.23,100.83,98.10,99.30,99.77,70.63,0.97
2026-04-30 21:56:00,2026-04-30 21:56:59,Q10,249.50,96.00,22.80,23.90,99.60,67.00,-1.63,486.90,112.00,52.90,54.40,98.80,66.70,-3.46,238.70,108.20,24.80,25.70,99.90,65.20,-0.49,325.03,105.40,100.50,104.00,99.43,66.30,-5.57
2026-04-30 21:57:00,2026-04-30 21:57:59,Q10,248.70,95.90,22.80,23.60,99.90,64.10,0.46,485.40,110.60,52.50,53.30,99.80,65.50,-1.17,238.00,105.40,23.80,25.00,99.60,63.70,1.77,324.03,103.97,99.10,101.90,99.77,64.43,1.06
2026-04-30 21:58:00,2026-04-30 21:58:59,Q10,249.00,90.30,21.80,22.40,99.90,67.40,0.49,485.50,103.80,48.50,50.00,99.90,65.60,-0.74,237.90,101.40,22.80,23.90,99.70,63.90,1.46,324.13,98.50,93.10,96.30,99.83,65.63,1.20
2026-04-30 21:59:00,2026-04-30 21:59:59,Q10,249.20,92.90,21.80,22.90,99.90,54.50,0.51,485.70,101.70,47.50,49.00,99.90,59.70,-0.57,238.10,99.70,22.80,23.60,99.50,56.80,1.91,324.33,98.10,92.10,95.50,99.77,57.00,1.86
2026-04-30 22:00:00,2026-04-30 22:00:59,Q10,249.40,93.00,22.80,23.20,99.70,61.60,-1.29,486.40,106.90,50.50,51.50,99.10,63.00,-2.89,238.30,105.50,24.00,25.00,100.00,60.70,0.00,324.70,101.80,97.30,99.70,99.60,61.77,-4.17
2026-04-30 22:01:00,2026-04-30 22:01:59,Q10,248.80,97.00,23.80,24.10,99.70,68.00,1.34,485.00,108.60,51.50,52.40,99.90,69.70,0.29,237.70,104.10,23.80,24.60,99.00,69.30,3.00,323.83,103.23,99.10,101.10,99.53,69.00,4.63
2026-04-30 22:02:00,2026-04-30 22:02:59,Q10,249.30,96.20,22.80,23.90,99.90,70.40,0.37,485.90,107.60,50.50,51.90,99.80,69.80,-1.03,238.20,105.30,23.80,25.00,99.80,66.60,1.37,324.47,103.03,97.10,100.80,99.83,68.93,0.71
2026-04-30 22:03:00,2026-04-30 22:03:59,Q10,248.90,96.90,22.80,23.80,99.90,67.50,-0.20,485.20,107.20,50.50,51.90,99.80,68.00,-1.37,237.70,104.90,23.80,24.60,99.90,64.70,0.86,323.93,103.00,97.10,100.30,99.87,66.73,-0.71
2026-04-30 22:04:00,2026-04-30 22:04:59,Q10,249.60,96.80,22.80,23.90,99.80,53.80,1.11,486.70,109.20,51.50,53.00,99.90,58.00,-0.09,238.50,106.20,24.80,25.20,99.40,56.60,2.37,324.93,104.07,99.10,102.10,99.70,56.13,3.40
2026-04-30 22:05:00,2026-04-30 22:05:59,Q10,249.20,90.90,21.80,22.40,99.90,65.10,0.40,486.10,104.50,49.50,50.50,99.90,64.10,-0.89,238.10,99.00,22.80,23.60,99.60,64.90,1.66,324.47,98.13,94.10,96.50,99.80,64.70,1.17
2026-04-30 22:06:00,2026-04-30 22:06:59,Q10,249.10,95.80,22.80,23.70,99.90,66.40,-0.31,485.90,105.40,49.50,50.90,99.90,62.80,-0.97,238.20,104.40,23.80,24.80,99.90,63.60,0.63,324.40,101.87,96.10,99.40,99.90,64.27,-0.66
2026-04-30 22:07:00,2026-04-30 22:07:59,Q10,249.80,99.90,23.80,24.70,99.80,62.60,1.20,487.10,110.40,52.50,53.60,99.90,61.40,-0.26,238.70,108.20,24.80,25.70,99.50,62.70,2.23,325.20,106.17,101.10,104.00,99.73,62.23,3.17
2026-04-30 22:08:00,2026-04-30 22:08:59,Q10,249.40,96.20,22.80,23.90,99.80,58.10,-1.00,486.10,105.80,50.50,51.00,99.30,60.00,-2.49,238.00,104.30,23.80,24.80,99.90,59.00,0.14,324.50,102.10,97.10,99.70,99.67,59.03,-3.34
2026-04-30 22:09:00,2026-04-30 22:09:59,Q10,249.00,96.10,22.80,23.90,99.70,60.80,1.57,485.80,108.40,51.50,52.40,99.90,59.70,0.34,238.20,103.60,23.80,24.50,99.10,61.40,2.86,324.33,102.70,98.10,100.80,99.57,60.63,4.77
2026-04-30 22:10:00,2026-04-30 22:10:59,Q10,249.10,97.70,23.80,24.20,99.70,63.20,1.40,485.80,106.80,50.50,51.40,99.90,66.30,0.09,238.20,105.60,23.80,25.00,99.50,64.20,2.17,324.37,103.37,98.10,100.60,99.70,64.57,3.66
2026-04-30 22:11:00,2026-04-30 22:11:59,Q10,249.10,96.90,22.80,23.90,99.90,64.30,-0.14,485.70,107.30,50.50,51.90,99.60,63.60,-1.80,238.00,106.80,24.80,25.20,99.90,64.20,0.97,324.27,103.67,98.10,101.00,99.80,64.03,-0.97
2026-04-30 22:12:00,2026-04-30 22:12:59,Q10,249.00,97.00,23.80,24.20,99.90,60.80,0.77,485.60,109.20,51.50,52.90,99.90,59.10,-0.63,237.90,106.60,24.80,25.10,99.50,57.40,2.17,324.17,104.27,100.10,102.20,99.77,59.10,2.31
2026-04-30 22:13:00,2026-04-30 22:13:59,Q10,249.90,94.50,22.80,23.40,99.80,73.60,-0.97,487.70,105.50,50.50,51.10,99.00,74.20,-2.97,239.20,107.00,24.80,25.60,99.90,72.20,-0.29,325.60,102.33,98.10,100.10,99.57,73.33,-4.23
2026-04-30 22:14:00,2026-04-30 22:14:59,Q10,250.20,101.70,24.80,25.20,99.90,62.40,0.86,488.20,115.50,55.40,56.10,99.90,63.70,-0.97,239.40,113.50,26.70,27.00,99.50,62.20,2.11,325.93,110.23,106.90,108.30,99.77,62.77,2.00
2026-04-30 22:15:00,2026-04-30 22:15:59,Q10,249.50,106.10,25.70,26.40,99.90,64.20,0.17,486.90,120.00,57.40,58.30,99.70,63.40,-1.69,238.80,117.20,26.70,27.80,99.70,62.30,1.77,325.07,114.43,109.80,112.50,99.77,63.30,0.26
2026-04-30 22:16:00,2026-04-30 22:16:59,Q10,250.00,102.50,24.80,25.50,99.90,60.50,0.83,487.70,112.30,53.50,54.50,99.90,62.20,-0.51,239.20,111.40,25.70,26.50,99.40,63.40,2.31,325.63,108.73,104.00,106.50,99.73,62.03,2.63
2026-04-30 22:17:00,2026-04-30 22:17:59,Q10,249.90,92.70,21.80,22.90,99.80,69.70,-0.94,487.80,106.20,50.50,51.60,99.20,71.30,-2.66,239.30,103.80,23.80,24.60,99.90,69.50,0.00,325.67,100.90,96.10,99.10,99.63,70.17,-3.60
2026-04-30 22:18:00,2026-04-30 22:18:59,Q10,249.40,91.80,21.80,22.70,99.80,70.40,1.06,487.00,104.90,49.50,50.60,99.90,68.20,-0.26,239.00,104.20,23.80,24.90,99.30,68.60,2.43,325.13,100.30,95.10,98.20,99.67,69.07,3.23
2026-04-30 22:19:00,2026-04-30 22:19:59,Q10,250.10,93.70,22.80,23.20,99.60,68.70,-1.51,488.20,107.80,51.50,52.20,99.00,70.70,-3.00,239.50,103.60,23.80,24.60,99.90,70.60,-0.40,325.93,101.70,98.10,100.00,99.50,70.00,-4.91
2026-04-30 22:20:00,2026-04-30 22:20:59,Q10,250.20,96.60,23.80,24.00,99.80,66.90,-1.23,488.50,111.70,52.90,54.20,98.80,66.90,-3.51,239.70,110.30,25.70,26.30,99.90,65.60,-0.20,326.13,106.20,102.40,104.50,99.50,66.47,-4.94
2026-04-30 22:21:00,2026-04-30 22:21:59,Q10,250.60,93.30,22.80,23.20,99.80,61.50,-1.14,489.00,107.90,51.50,52.30,99.00,63.80,-3.11,239.90,105.70,24.80,25.10,99.90,63.40,0.06,326.50,102.30,99.10,100.60,99.57,62.90,-4.20
2026-04-30 22:22:00,2026-04-30 22:22:59,Q10,250.30,95.50,22.80,23.80,99.60,72.60,-1.54,488.50,109.60,52.50,53.20,99.00,69.30,-3.17,239.60,105.20,24.80,25.10,99.90,70.10,-0.11,326.13,103.43,100.10,102.10,99.50,70.67,-4.83
2026-04-30 22:23:00,2026-04-30 22:23:59,Q10,249.60,99.40,23.80,24.70,99.60,65.40,-1.60,487.20,109.90,52.50,53.10,99.10,72.40,-3.06,239.00,107.40,24.80,25.60,99.90,71.30,-0.29,325.27,105.57,101.10,103.40,99.53,69.70,-4.94
2026-04-30 22:24:00,2026-04-30 22:24:59,Q10,249.70,95.60,22.80,23.70,99.70,80.70,-1.49,487.40,112.10,53.50,54.50,99.00,77.60,-3.20,239.00,108.00,24.80,25.80,99.90,76.50,-0.26,325.37,105.23,101.10,104.00,99.53,78.27,-4.94
2026-04-30 22:25:00,2026-04-30 22:25:59,Q10,250.30,96.70,23.80,24.00,99.70,67.00,-1.46,488.40,112.00,53.50,54.70,99.00,68.00,-3.23,239.50,109.40,25.70,26.10,99.90,68.00,-0.20,326.07,106.03,103.00,104.80,99.53,67.67,-4.89
2026-04-30 22:26:00,2026-04-30 22:26:59,Q10,249.70,101.10,24.80,25.10,99.70,74.60,-1.49,487.40,115.40,54.90,56.00,98.90,72.90,-3.43,239.10,111.80,25.70,26.50,99.90,75.40,-0.57,325.40,109.43,105.40,107.60,99.50,74.30,-5.49
2026-04-30 22:27:00,2026-04-30 22:27:59,Q10,250.40,104.20,25.70,26.00,99.70,62.90,1.69,488.80,118.90,56.40,57.60,99.90,68.90,0.26,239.80,117.90,26.50,28.00,98.80,65.60,3.77,326.33,113.67,108.60,111.60,99.47,65.80,5.71
2026-04-30 22:28:00,2026-04-30 22:28:59,Q10,250.50,102.30,24.80,25.50,99.70,69.10,-1.49,488.90,118.60,56.40,57.60,99.00,66.90,-3.43,239.70,116.20,26.70,27.70,99.90,66.70,-0.06,326.37,112.37,107.90,110.80,99.53,67.57,-4.97
2026-04-30 22:29:00,2026-04-30 22:29:59,Q10,250.30,106.20,25.70,26.50,99.90,59.30,0.91,488.40,123.70,59.40,60.00,99.90,57.50,-0.46,239.50,118.10,27.70,28.20,99.40,57.60,2.69,326.07,116.00,112.80,114.70,99.73,58.13,3.14
2026-04-30 22:30:00,2026-04-30 22:30:59,Q10,250.60,109.20,26.70,27.20,99.90,65.40,0.23,489.00,124.30,59.40,60.60,99.70,63.90,-1.77,239.90,121.30,27.70,28.90,99.90,65.20,1.09,326.50,118.27,113.80,116.70,99.83,64.83,-0.46
2026-04-30 22:31:00,2026-04-30 22:31:59,Q10,249.90,107.20,25.70,26.60,99.90,64.10,0.71,488.10,120.40,57.40,58.60,99.90,70.40,-0.74,239.40,117.50,26.70,28.00,99.50,67.00,2.17,325.80,115.03,109.80,113.20,99.77,67.17,2.14
2026-04-30 22:32:00,2026-04-30 22:32:59,Q10,250.30,104.10,25.70,26.00,99.80,65.00,-1.34,488.50,119.80,57.40,58.10,99.10,65.70,-3.17,239.70,114.80,26.70,27.20,99.90,64.20,0.00,326.17,112.90,109.80,111.30,99.60,64.97,-4.51
2026-04-30 22:33:00,2026-04-30 22:33:59,Q10,250.20,102.70,24.80,25.50,99.90,63.80,0.69,488.40,119.20,57.40,58.10,99.90,66.20,-0.71,239.60,114.00,26.70,27.20,99.50,68.60,2.34,326.07,111.97,108.90,110.80,99.77,66.20,2.31
2026-04-30 22:34:00,2026-04-30 22:34:59,Q10,250.50,104.60,25.70,26.00,99.90,72.40,-0.14,488.90,118.30,56.40,57.60,99.70,71.90,-1.89,239.80,115.00,26.70,27.50,99.80,73.30,1.51,326.40,112.63,108.80,111.10,99.80,72.53,-0.51
2026-04-30 22:35:00,2026-04-30 22:35:59,Q10,249.90,102.70,24.80,25.40,99.70,66.60,-1.40,487.70,115.40,55.40,56.00,99.40,61.70,-2.40,239.20,110.90,25.70,26.30,99.90,63.90,0.37,325.60,109.67,105.90,107.70,99.67,64.07,-3.43
2026-04-30 22:36:00,2026-04-30 22:36:59,Q10,250.60,96.50,23.80,24.00,99.90,64.50,0.40,489.00,109.60,52.50,53.30,99.90,64.90,-0.63,239.80,106.30,24.80,25.30,99.60,64.30,1.97,326.47,104.13,101.10,102.60,99.80,64.57,1.74
2026-04-30 22:37:00,2026-04-30 22:37:59,Q10,250.50,97.50,23.80,24.20,99.90,69.30,0.57,488.90,110.50,52.50,53.70,99.90,63.80,-0.49,239.90,107.10,24.80,25.60,99.60,65.30,1.97,326.43,105.03,101.10,103.50,99.80,66.13,2.06
2026-04-30 22:38:00,2026-04-30 22:38:59,Q10,250.80,99.80,23.80,24.80,99.90,61.30,0.54,489.40,113.20,54.50,55.30,99.90,61.50,-0.71,240.00,110.20,25.70,26.40,99.50,61.20,2.06,326.73,107.73,104.00,106.50,99.77,61.33,1.89
2026-04-30 22:39:00,2026-04-30 22:39:59,Q10,250.50,105.70,25.70,26.20,99.60,63.10,-1.69,489.00,120.20,57.40,58.70,99.10,64.60,-3.14,239.90,115.50,26.70,27.50,99.90,60.90,-0.17,326.47,113.80,109.80,112.40,99.53,62.87,-5.00
2026-04-30 22:40:00,2026-04-30 22:40:59,Q10,250.60,102.00,24.80,25.50,99.90,64.70,0.40,488.90,115.30,55.40,56.10,99.90,64.20,-0.51,239.70,110.70,25.70,26.30,99.60,66.00,2.03,326.40,109.33,105.90,107.90,99.80,64.97,1.91
2026-04-30 22:41:00,2026-04-30 22:41:59,Q10,250.10,101.70,24.80,25.20,99.90,61.90,0.83,488.10,116.30,55.40,56.60,99.90,65.10,0.00,239.40,110.90,25.70,26.30,99.20,64.70,2.83,325.87,109.63,105.90,108.10,99.67,63.90,3.66
2026-04-30 22:42:00,2026-04-30 22:42:59,Q10,250.70,102.10,24.80,25.50,99.90,61.50,-0.06,489.30,114.80,54.50,55.70,99.80,61.90,-1.14,240.00,110.00,25.70,26.40,99.70,62.80,1.74,326.67,108.97,105.00,107.60,99.80,62.07,0.54
2026-04-30 22:43:00,2026-04-30 22:43:59,Q10,250.20,93.50,22.80,23.20,99.90,63.30,0.26,488.60,102.60,48.50,49.80,99.80,62.70,-0.97,239.80,104.30,23.80,24.90,99.70,63.50,1.46,326.20,100.13,95.10,97.90,99.80,63.17,0.74
2026-04-30 22:44:00,2026-04-30 22:44:59,Q10,250.70,97.40,23.80,24.20,99.80,65.00,-1.17,489.30,109.40,52.50,53.30,99.30,66.10,-2.54,240.10,108.10,24.80,25.90,99.90,66.00,0.20,326.70,104.97,101.10,103.40,99.67,65.70,-3.51
2026-04-30 22:45:00,2026-04-30 22:45:59,Q10,250.30,99.00,23.80,24.80,99.80,67.40,-1.17,488.30,112.20,53.50,54.70,99.30,66.60,-2.54,239.60,106.40,24.80,25.30,99.90,63.80,0.20,326.07,105.87,102.10,104.80,99.67,65.93,-3.51
2026-04-30 22:46:00,2026-04-30 22:46:59,Q10,250.80,95.90,22.80,23.80,99.60,69.20,-1.54,489.60,106.30,50.50,51.80,99.10,70.10,-2.80,240.10,103.70,23.80,24.70,99.90,69.40,-0.23,326.83,101.97,97.10,100.30,99.53,69.57,-4.57
2026-04-30 22:47:00,2026-04-30 22:47:59,Q10,250.10,90.30,21.80,22.50,99.60,68.70,-1.66,488.30,104.60,49.50,50.80,99.10,64.50,-2.74,239.60,100.90,22.80,23.90,99.90,65.00,-0.34,326.00,98.60,94.10,97.20,99.53,66.07,-4.74
2026-04-30 22:48:00,2026-04-30 22:48:59,Q10,250.90,92.50,22.80,23.00,99.90,66.30,-0.03,489.80,104.80,49.50,50.90,99.80,66.10,-1.14,240.30,102.20,23.80,24.50,99.70,65.30,1.40,327.00,99.83,96.10,98.40,99.80,65.90,0.23
2026-04-30 22:49:00,2026-04-30 22:49:59,Q10,250.20,97.00,23.80,24.20,99.60,70.10,-1.69,488.20,109.30,52.50,53.20,99.00,67.80,-3.03,239.40,105.50,24.80,25.10,99.90,72.20,-0.37,325.93,103.93,101.10,102.50,99.50,70.03,-5.09
2026-04-30 22:50:00,2026-04-30 22:50:59,Q10,250.80,94.80,22.80,23.50,99.90,77.80,0.23,489.70,108.30,51.50,52.80,99.90,78.70,-0.60,240.20,102.60,23.80,24.50,99.40,78.50,2.14,326.90,101.90,98.10,100.80,99.73,78.33,1.77
2026-04-30 22:51:00,2026-04-30 22:51:59,Q10,250.70,95.90,22.80,23.80,99.90,68.40,0.20,489.40,109.40,52.50,53.30,99.90,68.70,-0.49,240.00,103.80,23.80,24.70,99.60,67.50,1.91,326.70,103.03,99.10,101.80,99.80,68.20,1.63
2026-04-30 22:52:00,2026-04-30 22:52:59,Q10,250.10,98.00,23.80,24.50,99.60,62.10,-1.60,488.30,109.70,52.50,53.20,99.10,61.80,-3.00,239.60,106.00,24.80,25.30,99.90,63.60,-0.54,326.00,104.57,101.10,103.00,99.53,62.50,-5.14
2026-04-30 22:53:00,2026-04-30 22:53:59,Q10,250.60,97.80,23.80,24.20,99.90,68.20,-0.51,488.90,109.00,52.50,53.20,99.70,67.20,-1.46,239.80,104.30,23.80,24.90,99.70,67.10,1.37,326.43,103.70,100.10,102.30,99.77,67.50,-0.60
2026-04-30 22:54:00,2026-04-30 22:54:59,Q10,250.90,94.00,22.80,23.50,99.60,69.60,-1.60,489.80,109.00,52.50,53.30,99.00,66.40,-3.09,240.30,107.30,24.80,25.70,99.90,67.00,-0.23,327.00,103.43,100.10,102.50,99.50,67.67,-4.91
2026-04-30 22:55:00,2026-04-30 22:55:59,Q10,250.20,94.40,22.80,23.50,99.90,66.70,0.37,488.30,106.70,50.50,51.70,99.90,67.00,-0.54,239.50,102.20,23.80,24.40,99.50,66.00,2.06,326.00,101.10,97.10,99.60,99.77,66.57,1.89
2026-04-30 22:56:00,2026-04-30 22:56:59,Q10,250.20,94.00,22.80,23.50,99.90,70.60,0.31,488.40,107.20,51.50,52.20,99.90,69.60,-0.80,239.50,104.90,23.80,24.90,99.50,68.40,2.11,326.03,102.03,98.10,100.60,99.77,69.53,1.63
2026-04-30 22:57:00,2026-04-30 22:57:59,Q10,251.10,97.80,23.80,24.30,99.90,65.80,-0.23,490.10,110.10,52.50,53.90,99.80,64.70,-1.31,240.40,105.20,24.80,25.20,99.70,64.90,1.54,327.20,104.37,101.10,103.40,99.80,65.13,0.00
2026-04-30 22:58:00,2026-04-30 22:58:59,Q10,251.00,92.20,22.80,23.10,99.60,70.00,-1.60,490.00,105.50,50.00,51.50,98.90,68.20,-3.17,240.40,103.30,23.80,24.70,99.90,69.80,-0.26,327.13,100.33,96.60,99.30,99.47,69.33,-5.03
2026-04-30 22:59:00,2026-04-30 22:59:59,Q10,251.00,97.90,23.80,24.30,99.60,66.10,-1.71,489.80,112.40,53.50,54.80,99.00,68.30,-3.20,240.20,108.30,24.80,25.90,99.90,69.60,-0.11,327.00,106.20,102.10,105.00,99.50,68.00,-5.03
2026-04-30 23:00:00,2026-04-30 23:00:59,Q10,250.70,102.50,24.80,25.50,99.50,64.50,-2.00,489.20,116.70,55.40,56.70,99.20,63.50,-3.06,239.90,110.80,25.70,26.30,99.90,66.20,0.17,326.60,110.00,105.90,108.50,99.53,64.73,-4.89
2026-04-30 23:01:00,2026-04-30 23:01:59,Q10,250.20,99.00,23.80,24.80,99.90,66.30,-0.17,488.40,111.30,53.50,54.20,99.80,67.80,-1.23,239.60,107.30,24.80,25.60,99.70,67.50,1.57,326.07,105.87,102.10,104.60,99.80,67.20,0.17
2026-04-30 23:02:00,2026-04-30 23:02:59,Q10,249.70,97.00,23.80,24.20,99.90,64.40,0.17,487.60,109.40,52.50,53.10,99.90,66.90,-0.54,239.30,104.80,23.80,24.90,99.50,66.20,2.09,325.53,103.73,100.10,102.20,99.77,65.83,1.71
2026-04-30 23:03:00,2026-04-30 23:03:59,Q10,250.80,99.60,23.80,24.80,99.90,64.00,0.26,489.30,115.60,55.40,56.20,99.90,66.20,-0.94,239.90,109.10,25.70,26.10,99.40,65.20,2.34,326.67,108.10,104.90,107.10,99.73,65.13,1.66
2026-04-30 23:04:00,2026-04-30 23:04:59,Q10,250.40,100.00,24.80,25.00,99.90,64.50,0.14,488.90,115.90,55.40,56.10,99.90,66.80,-0.46,239.80,110.70,25.70,26.30,99.30,68.40,2.51,326.37,108.87,105.90,107.40,99.70,66.57,2.20
2026-04-30 23:05:00,2026-04-30 23:05:59,Q10,250.30,101.70,24.80,25.20,99.90,70.50,-0.17,488.50,116.00,55.40,56.60,99.80,71.00,-1.37,239.60,111.80,25.70,26.50,99.80,69.80,1.40,326.13,109.83,105.90,108.30,99.83,70.43,-0.14
2026-04-30 23:06:00,2026-04-30 23:06:59,Q10,250.20,100.90,24.80,25.00,99.90,67.00,0.23,488.20,109.70,52.50,53.20,99.90,70.10,-0.80,239.40,108.00,24.80,25.80,99.60,69.40,1.89,325.93,106.20,102.10,104.00,99.80,68.83,1.31
2026-04-30 23:07:00,2026-04-30 23:07:59,Q10,250.70,98.10,23.80,24.50,99.90,69.10,0.46,489.40,111.10,53.50,54.30,99.90,69.40,-0.46,240.10,108.00,24.80,25.90,99.40,69.10,2.31,326.73,105.73,102.10,104.70,99.73,69.20,2.31
2026-04-30 23:08:00,2026-04-30 23:08:59,Q10,250.20,97.00,23.80,24.20,99.90,68.40,-0.14,488.30,111.60,53.50,54.20,99.70,68.00,-1.60,239.40,106.90,24.80,25.30,99.80,67.10,1.09,325.97,105.17,102.10,103.70,99.80,67.83,-0.66
2026-04-30 23:09:00,2026-04-30 23:09:59,Q10,249.90,99.80,23.80,24.70,99.90,80.00,-0.37,488.00,111.40,53.50,54.20,99.70,80.00,-1.46,239.50,106.10,24.80,25.30,99.90,79.30,0.97,325.80,105.77,102.10,104.20,99.83,79.77,-0.86
2026-04-30 23:10:00,2026-04-30 23:10:59,Q10,250.00,105.20,25.70,26.20,99.90,61.20,0.86,488.10,116.20,55.40,56.60,99.90,61.40,0.09,239.50,108.60,24.80,25.80,99.40,62.80,2.46,325.87,110.00,105.90,108.60,99.73,61.80,3.40
2026-04-30 23:11:00,2026-04-30 23:11:59,Q10,250.10,106.60,25.70,26.50,99.70,69.40,-1.63,488.20,118.70,56.40,57.60,99.20,66.70,-2.94,239.50,117.20,26.70,28.00,99.90,67.30,-0.14,325.93,114.17,108.80,112.10,99.60,67.80,-4.71
2026-04-30 23:12:00,2026-04-30 23:12:59,Q10,250.40,99.60,23.80,24.80,99.90,60.90,-0.37,488.50,112.10,53.50,54.70,99.80,61.60,-1.09,239.60,108.30,24.80,25.80,99.70,62.80,1.63,326.17,106.67,102.10,105.30,99.80,61.77,0.17
2026-04-30 23:13:00,2026-04-30 23:13:59,Q10,250.70,102.40,24.80,25.50,99.90,69.50,-0.37,489.30,116.80,55.40,56.70,99.70,68.10,-1.60,240.00,111.70,25.70,26.60,99.80,68.20,1.43,326.67,110.30,105.90,108.80,99.80,68.60,-0.54
2026-04-30 23:14:00,2026-04-30 23:14:59,Q10,250.00,108.80,26.70,27.00,99.90,59.20,-0.74,488.00,123.90,59.40,60.00,99.80,60.30,-1.54,239.40,116.70,26.70,27.70,99.80,61.10,1.20,325.80,116.47,112.80,114.70,99.83,60.20,-1.09
2026-04-30 23:15:00,2026-04-30 23:15:59,Q10,250.20,108.50,26.70,27.00,99.60,65.20,2.03,488.10,123.20,59.40,60.00,99.90,62.60,1.03,239.30,117.20,26.50,28.00,98.60,63.80,4.03,325.87,116.30,112.60,115.00,99.37,63.87,7.09
2026-04-30 23:16:00,2026-04-30 23:16:59,Q10,250.80,107.50,25.70,26.80,99.90,67.40,0.31,489.50,119.20,57.40,58.20,99.90,71.30,-0.89,240.00,114.40,26.70,27.40,99.60,69.50,1.86,326.77,113.70,109.80,112.40,99.80,69.40,1.29
2026-04-30 23:17:00,2026-04-30 23:17:59,Q10,249.90,106.20,25.70,26.40,99.90,65.40,0.31,487.80,117.80,55.40,57.00,99.90,68.10,-0.17,239.30,110.80,25.70,26.30,99.50,64.20,2.14,325.67,111.60,106.80,109.70,99.77,65.90,2.29
2026-04-30 23:18:00,2026-04-30 23:18:59,Q10,250.30,108.00,26.70,27.00,99.70,65.10,-1.66,488.60,122.50,58.40,59.50,99.40,64.30,-2.69,239.70,115.30,26.70,27.50,99.90,64.10,0.11,326.20,115.27,111.80,114.00,99.67,64.50,-4.23
2026-04-30 23:19:00,2026-04-30 23:19:59,Q10,250.70,114.90,27.70,28.50,99.70,61.40,-1.60,489.00,126.80,60.40,61.60,99.30,65.20,-2.97,239.70,124.10,28.70,29.60,99.90,63.80,-0.03,326.47,121.93,116.80,119.70,99.63,63.47,-4.60
2026-04-30 23:20:00,2026-04-30 23:20:59,Q10,250.50,113.60,27.70,28.20,99.70,62.40,-1.74,489.00,126.30,60.40,61.60,99.20,61.80,-3.29,239.90,121.20,27.70,28.90,99.90,62.00,-0.11,326.47,120.37,115.80,118.70,99.60,62.07,-5.14
2026-04-30 23:21:00,2026-04-30 23:21:59,Q10,250.10,108.50,26.70,27.00,99.70,65.50,-1.69,488.40,124.10,59.40,60.50,99.20,69.60,-3.17,239.60,118.80,27.70,28.20,99.90,72.60,-0.31,326.03,117.13,113.80,115.70,99.60,69.23,-5.17
2026-04-30 23:22:00,2026-04-30 23:22:59,Q10,251.20,106.10,25.70,26.60,99.90,69.90,0.49,490.20,122.00,58.40,59.80,99.90,68.00,-0.23,240.40,116.30,26.70,27.80,99.50,68.30,2.20,327.27,114.80,110.80,114.20,99.77,68.73,2.46
2026-04-30 23:23:00,2026-04-30 23:23:59,Q10,250.20,105.10,25.70,26.20,99.90,64.90,0.29,488.50,115.10,55.40,56.10,99.90,64.00,-0.43,239.70,112.40,25.70,26.80,99.60,63.10,1.91,326.13,110.87,106.80,109.10,99.80,64.00,1.77
2026-04-30 23:24:00,2026-04-30 23:24:59,Q10,251.00,101.10,24.80,25.40,99.90,64.40,0.43,489.80,112.50,53.50,54.80,99.90,70.70,-0.63,240.20,109.90,25.70,26.20,99.50,67.90,2.06,327.00,107.83,104.00,106.40,99.77,67.67,1.86
2026-04-30 23:25:00,2026-04-30 23:25:59,Q10,250.50,106.20,25.70,26.50,99.90,61.50,-0.40,489.00,120.20,57.40,58.70,99.80,67.90,-1.37,239.90,113.90,26.70,27.00,99.90,64.20,0.74,326.47,113.43,109.80,112.20,99.87,64.53,-1.03
2026-04-30 23:26:00,2026-04-30 23:26:59,Q10,250.40,107.60,25.70,26.80,99.90,69.10,0.00,488.90,118.20,56.40,57.60,99.80,67.70,-1.11,239.90,116.10,26.70,27.70,99.80,68.70,1.51,326.40,113.97,108.80,112.10,99.83,68.50,0.40
2026-04-30 23:27:00,2026-04-30 23:27:59,Q10,250.60,108.00,26.70,27.00,99.70,65.90,-1.69,489.20,118.80,56.40,57.70,99.30,69.80,-2.83,240.00,113.60,26.70,27.10,99.90,70.50,-0.51,326.60,113.47,109.80,111.80,99.63,68.73,-5.03
2026-04-30 23:28:00,2026-04-30 23:28:59,Q10,250.30,106.30,25.70,26.50,99.80,62.70,-1.34,488.60,116.00,55.40,56.60,99.40,62.60,-2.63,239.70,112.00,25.70,26.80,99.90,62.90,-0.43,326.20,111.43,106.80,109.90,99.70,62.73,-4.40
2026-04-30 23:29:00,2026-04-30 23:29:59,Q10,250.60,103.80,24.80,25.80,99.90,65.90,0.66,488.70,115.10,55.40,56.10,99.90,66.30,-0.26,239.50,111.60,25.70,26.50,99.60,65.40,1.94,326.27,110.17,105.90,108.40,99.80,65.87,2.34
2026-04-30 23:30:00,2026-04-30 23:30:59,Q10,249.90,107.80,25.70,26.60,99.90,55.30,0.83,487.40,116.30,55.40,56.50,99.90,60.70,-0.11,238.90,113.20,25.70,26.90,99.70,60.30,1.86,325.40,112.43,106.80,110.00,99.83,58.77,2.57
2026-04-30 23:31:00,2026-04-30 23:31:59,Q10,250.30,108.20,26.70,27.00,99.80,63.30,1.40,488.30,119.20,57.40,58.10,99.90,65.00,0.29,239.40,117.00,26.70,28.00,99.30,64.00,2.80,326.00,114.80,110.80,113.10,99.67,64.10,4.49
2026-04-30 23:32:00,2026-04-30 23:32:59,Q10,250.70,107.70,25.70,26.80,99.90,57.40,-0.37,489.00,120.00,57.40,58.70,99.80,64.10,-1.54,239.70,116.60,26.70,27.70,99.90,63.00,0.80,326.47,114.77,109.80,113.20,99.87,61.50,-1.11
2026-04-30 23:33:00,2026-04-30 23:33:59,Q10,250.50,105.80,25.70,26.20,99.90,63.20,-0.23,488.80,117.40,56.40,57.10,99.90,64.50,-1.09,239.60,114.80,26.70,27.20,99.80,65.00,1.17,326.30,112.67,108.80,110.50,99.87,64.23,-0.14
2026-04-30 23:34:00,2026-04-30 23:34:59,Q10,249.90,108.90,25.70,26.90,99.90,57.10,-0.80,487.50,122.20,58.40,59.40,99.70,59.10,-1.86,239.00,116.00,26.70,27.70,99.90,59.50,0.57,325.47,115.70,110.80,114.00,99.83,58.57,-2.09
2026-04-30 23:35:00,2026-04-30 23:35:59,Q10,250.40,103.30,24.80,25.80,99.90,60.20,-0.71,488.60,114.00,54.50,55.60,99.80,60.90,-1.51,239.50,108.90,24.80,25.80,99.90,58.10,0.57,326.17,108.73,104.10,107.20,99.87,59.73,-1.66
2026-04-30 23:36:00,2026-04-30 23:36:59,Q10,249.90,99.80,23.80,24.70,99.90,58.80,0.86,487.70,108.70,51.50,52.60,99.90,62.70,0.11,239.20,104.60,23.80,24.90,99.40,63.40,2.23,325.60,104.37,99.10,102.20,99.73,61.63,3.20
2026-04-30 23:37:00,2026-04-30 23:37:59,Q10,250.20,99.00,23.80,24.80,99.70,63.40,-1.40,488.30,107.40,51.50,52.20,99.30,63.30,-2.54,239.40,101.70,23.80,24.10,99.90,63.30,-0.34,325.97,102.70,99.10,101.10,99.63,63.33,-4.29
2026-04-30 23:38:00,2026-04-30 23:38:59,Q10,250.90,99.90,23.80,24.80,99.90,67.40,0.80,489.40,110.40,52.50,53.80,99.90,74.90,-0.11,239.90,108.30,24.80,25.80,99.70,71.00,1.74,326.73,106.20,101.10,104.40,99.83,71.10,2.43
2026-04-30 23:39:00,2026-04-30 23:39:59,Q10,250.90,103.40,24.80,25.80,99.90,62.90,0.89,489.10,115.80,55.40,56.20,99.90,61.30,0.06,239.70,110.70,25.70,26.30,99.40,61.20,2.51,326.57,109.97,105.90,108.30,99.73,61.80,3.46
2026-04-30 23:40:00,2026-04-30 23:40:59,Q10,250.20,99.00,23.80,24.80,99.60,64.40,-1.77,487.80,112.50,53.50,54.50,99.50,63.20,-2.26,239.10,106.00,24.80,25.30,99.90,63.90,-0.03,325.70,105.83,102.10,104.60,99.67,63.83,-4.06
2026-04-30 23:41:00,2026-04-30 23:41:59,Q10,250.00,95.60,22.80,23.80,99.90,63.90,0.00,487.70,107.70,51.50,52.10,99.90,65.80,-0.63,239.10,100.70,22.80,23.90,99.70,64.90,1.51,325.60,101.33,97.10,99.80,99.83,64.87,0.89
2026-04-30 23:42:00,2026-04-30 23:42:59,Q10,250.30,101.10,24.80,25.20,99.90,57.60,-0.86,487.90,110.40,52.50,53.60,99.80,63.20,-1.34,239.30,104.40,23.80,24.90,99.90,62.20,0.54,325.83,105.30,101.10,103.70,99.87,61.00,-1.66
2026-04-30 23:43:00,2026-04-30 23:43:59,Q10,250.80,100.00,24.80,25.00,99.90,59.40,0.00,489.00,111.30,53.50,54.30,99.90,63.90,-0.60,239.70,104.20,23.80,24.90,99.70,62.90,1.57,326.50,105.17,102.10,104.20,99.83,62.07,0.97
2026-04-30 23:44:00,2026-04-30 23:44:59,Q10,250.50,96.80,23.80,24.00,99.70,63.80,-1.34,488.70,108.00,51.50,52.70,99.50,64.10,-2.23,239.60,102.80,23.80,24.40,99.90,63.10,-0.20,326.27,102.53,99.10,101.10,99.70,63.67,-3.77
2026-04-30 23:45:00,2026-04-30 23:45:59,Q10,250.50,94.40,22.80,23.50,99.60,61.50,-1.71,488.40,105.20,50.50,51.20,99.40,61.80,-2.37,239.40,100.50,22.80,23.90,99.90,63.10,0.00,326.10,100.03,96.10,98.60,99.63,62.13,-4.09
2026-04-30 23:46:00,2026-04-30 23:46:59,Q10,250.30,97.50,23.80,24.20,99.90,62.50,0.23,488.30,106.00,50.50,51.70,99.90,64.10,-0.20,239.50,102.70,23.80,24.40,99.50,64.40,1.97,326.03,102.07,98.10,100.30,99.77,63.67,2.00
2026-04-30 23:47:00,2026-04-30 23:47:59,Q10,251.20,96.80,23.80,24.10,99.40,71.30,-2.11,490.40,110.50,52.50,53.90,99.10,72.80,-2.89,240.60,102.20,23.80,24.50,99.90,73.80,-0.26,327.40,103.17,100.10,102.50,99.47,72.63,-5.26
2026-04-30 23:48:00,2026-04-30 23:48:59,Q10,251.30,94.30,22.80,23.60,99.50,65.30,-1.83,490.40,106.20,50.50,51.90,99.20,63.10,-2.63,240.50,100.20,23.80,24.00,99.90,64.60,-0.20,327.40,100.23,97.10,99.50,99.53,64.33,-4.66
2026-04-30 23:49:00,2026-04-30 23:49:59,Q10,251.20,90.50,21.80,22.60,99.50,73.30,-1.77,490.40,103.80,49.50,50.50,99.20,69.60,-2.60,240.50,99.00,22.80,23.80,99.90,72.00,-0.11,327.37,97.77,94.10,96.90,99.53,71.63,-4.49
2026-04-30 23:50:00,2026-04-30 23:50:59,Q10,250.40,98.70,23.80,24.50,99.40,79.10,-2.11,488.80,111.70,53.50,54.20,99.20,78.50,-2.77,239.80,104.40,23.80,24.90,99.90,79.80,-0.11,326.33,104.93,101.10,103.60,99.50,79.13,-5.00
2026-04-30 23:51:00,2026-04-30 23:51:59,Q10,250.40,102.10,24.80,25.50,99.50,64.70,-1.97,488.70,115.90,55.40,56.10,99.40,67.60,-2.54,239.70,108.90,24.80,25.80,99.90,69.90,-0.06,326.27,108.97,105.00,107.40,99.60,67.40,-4.57
2026-04-30 23:52:00,2026-04-30 23:52:59,Q10,250.40,96.90,23.80,24.00,99.50,63.10,-1.80,488.70,111.00,53.50,54.20,99.30,69.40,-2.54,239.70,103.20,23.80,24.60,99.90,66.90,-0.14,326.27,103.70,101.10,102.80,99.57,66.47,-4.49
2026-04-30 23:53:00,2026-04-30 23:53:59,Q10,250.50,96.70,23.80,24.00,99.90,66.60,0.00,488.80,109.50,52.50,53.20,99.90,66.40,-0.43,239.60,102.20,23.80,24.40,99.50,67.20,1.97,326.30,102.80,100.10,101.60,99.77,66.73,1.54
2026-04-30 23:54:00,2026-04-30 23:54:59,Q10,250.20,102.60,24.80,25.50,99.80,62.50,-1.11,488.60,115.30,55.40,56.10,99.60,68.50,-2.11,239.80,110.30,25.70,26.30,99.90,66.90,0.43,326.20,109.40,105.90,107.90,99.77,65.97,-2.80
2026-04-30 23:56:00,2026-04-30 23:56:59,Q10,250.60,95.10,22.80,23.80,99.50,72.30,-1.89,488.90,108.80,51.50,52.70,99.30,71.40,-2.51,239.70,101.30,23.80,24.10,99.90,69.50,-0.26,326.40,101.73,98.10,100.60,99.57,71.07,-4.66
2026-04-30 23:57:00,2026-04-30 23:57:59,Q10,250.70,91.10,21.80,22.80,99.90,67.10,-0.60,489.30,103.70,49.50,50.40,99.90,66.10,-0.89,240.00,97.10,22.80,23.30,99.60,63.20,1.74,326.67,97.30,94.10,96.50,99.80,65.47,0.26
2026-04-30 23:58:00,2026-04-30 23:58:59,Q10,250.20,93.90,22.80,23.20,99.50,64.00,-1.91,488.50,105.90,50.50,51.20,99.30,65.80,-2.49,239.70,100.70,22.80,23.90,99.90,67.10,-0.46,326.13,100.17,96.10,98.30,99.57,65.63,-4.86
2026-04-30 23:59:00,2026-04-30 23:59:59,Q10,250.40,96.70,23.80,24.00,99.90,65.70,-0.11,488.70,109.90,52.50,53.20,99.90,68.10,-0.29,239.80,100.70,22.80,23.90,99.50,68.00,1.91,326.30,102.43,99.10,101.10,99.77,67.27,1.51
