Start Time,End Time,Meter,l1Volt,l1Amp,l1Kw,l1Kva,l1Pf,l1THD,l1Kvar,l2Volt,l2Amp,l2Kw,l2Kva,l2Pf,l2THD,l2Kvar,l3Volt,l3Amp,l3Kw,l3Kva,l3Pf,l3THD,l3Kvar,avgVolt,avgAmp,totalKw,totalKva,avgPf,avgTHD,totalKvar
2026-04-22 00:00:00,2026-04-22 00:00:59,Q09,482.00,202.00,93.10,97.40,96.10,55.10,14.03,482.50,209.80,96.00,100.70,96.70,55.40,13.37,480.20,204.30,92.20,97.90,95.40,55.40,15.29,481.57,205.37,281.30,296.00,96.07,55.30,42.69
2026-04-22 00:01:00,2026-04-22 00:01:59,Q09,482.90,200.20,92.20,96.40,96.20,54.90,13.71,483.50,213.70,97.90,102.90,96.70,55.20,13.34,478.90,203.20,92.20,97.00,95.00,54.60,15.83,481.77,205.70,282.30,296.30,95.97,54.90,42.89
2026-04-22 00:02:00,2026-04-22 00:02:59,Q09,482.40,202.10,93.10,97.40,96.00,54.90,13.91,481.90,211.90,97.00,101.50,96.50,58.60,13.63,480.00,204.70,92.20,97.90,95.00,56.50,15.69,481.43,206.23,282.30,296.80,95.83,56.67,43.23
2026-04-22 00:03:00,2026-04-22 00:03:59,Q09,481.90,201.30,92.20,96.70,96.00,56.40,13.97,482.50,211.50,97.00,101.70,96.60,58.80,13.26,480.00,204.70,92.20,97.90,95.20,57.40,15.40,481.47,205.83,281.40,296.30,95.93,57.53,42.63
2026-04-22 00:04:00,2026-04-22 00:04:59,Q09,482.60,198.60,90.20,95.40,95.90,55.30,13.94,482.20,208.30,96.00,100.30,96.70,57.10,13.03,479.50,203.20,92.20,97.20,95.00,56.60,15.60,481.43,203.37,278.40,292.90,95.87,56.33,42.57
2026-04-22 00:05:00,2026-04-22 00:05:59,Q09,481.90,198.80,90.20,95.20,95.90,57.10,13.91,483.60,208.90,96.00,100.50,96.90,58.30,12.71,478.50,205.70,91.20,98.00,94.90,57.10,15.86,481.33,204.47,277.40,293.70,95.90,57.50,42.49
2026-04-22 00:06:00,2026-04-22 00:06:59,Q09,481.10,199.10,90.20,95.70,95.70,55.00,14.23,483.70,209.90,96.00,100.90,96.70,56.30,12.91,479.20,203.30,92.20,97.20,95.10,55.80,15.49,481.33,204.10,278.40,293.80,95.83,55.70,42.63
2026-04-22 00:07:00,2026-04-22 00:07:59,Q09,482.80,202.70,92.20,97.40,95.40,63.40,14.74,483.50,213.40,97.90,102.90,96.30,64.90,13.57,481.80,204.70,93.10,98.10,95.00,62.60,15.51,482.70,206.93,283.20,298.40,95.57,63.63,43.83
2026-04-22 00:08:00,2026-04-22 00:08:59,Q09,483.50,204.80,93.10,98.50,95.60,63.00,14.43,482.90,214.90,98.90,103.10,96.50,64.90,13.31,480.90,209.50,94.00,100.30,94.70,60.00,15.97,482.43,209.73,286.00,301.90,95.60,62.63,43.71
2026-04-22 00:09:00,2026-04-22 00:09:59,Q09,483.10,198.20,90.20,95.60,95.60,64.80,14.20,484.20,214.50,98.90,103.60,96.30,65.00,13.46,479.90,206.10,92.10,98.70,94.80,64.90,15.51,482.40,206.27,281.20,297.90,95.57,64.90,43.17
2026-04-22 00:10:00,2026-04-22 00:10:59,Q09,483.80,200.00,91.20,96.60,95.60,65.00,14.03,483.80,210.10,97.00,101.40,96.40,67.30,13.20,480.20,204.80,91.20,97.90,94.80,64.30,15.46,482.60,204.97,279.40,295.90,95.60,65.53,42.69
2026-04-22 00:11:00,2026-04-22 00:11:59,Q09,483.30,200.60,91.20,96.60,95.70,63.60,13.80,485.00,210.80,97.00,101.80,96.40,66.10,12.94,480.30,202.30,90.20,97.00,94.90,62.60,15.17,482.87,204.57,278.40,295.40,95.67,64.10,41.91
2026-04-22 00:12:00,2026-04-22 00:12:59,Q09,483.00,196.30,89.30,94.70,95.50,65.70,13.94,484.70,208.10,96.00,100.70,96.30,66.50,13.03,481.90,203.10,91.20,97.60,94.90,65.60,15.03,483.20,202.50,276.50,293.00,95.57,65.93,42.00
2026-04-22 00:13:00,2026-04-22 00:13:59,Q09,484.30,195.10,89.30,94.40,95.80,65.20,13.51,483.20,206.60,95.00,99.50,96.20,67.20,13.29,480.40,197.60,88.40,94.60,94.80,66.00,15.00,482.63,199.77,272.70,288.50,95.60,66.13,41.80
2026-04-22 00:14:00,2026-04-22 00:14:59,Q09,482.60,195.00,88.30,94.00,95.30,66.10,13.97,485.00,201.10,93.10,97.50,96.40,67.80,12.57,480.90,199.00,89.30,95.50,94.90,64.80,14.91,482.83,198.37,270.70,287.00,95.53,66.23,41.46
2026-04-22 00:15:00,2026-04-22 00:15:59,Q09,482.70,196.00,89.30,94.50,95.40,65.90,13.91,484.40,203.50,94.10,98.30,96.20,68.60,12.91,482.10,199.60,90.20,95.90,95.00,65.40,14.54,483.07,199.70,273.60,288.70,95.53,66.63,41.37
2026-04-22 00:16:00,2026-04-22 00:16:59,Q09,483.10,194.60,88.30,93.70,95.50,66.10,13.71,484.50,203.60,94.10,98.30,96.20,69.00,12.86,481.60,196.00,89.30,94.30,95.00,67.40,14.51,483.07,198.07,271.70,286.30,95.57,67.50,41.09
2026-04-22 00:17:00,2026-04-22 00:17:59,Q09,484.30,192.50,87.40,92.90,95.70,66.40,13.26,483.70,206.20,95.00,99.50,96.10,67.90,13.14,481.10,196.20,88.40,94.30,94.40,67.00,15.20,483.03,198.30,270.80,286.70,95.40,67.10,41.60
2026-04-22 00:18:00,2026-04-22 00:18:59,Q09,484.30,192.90,87.40,92.90,95.60,67.50,13.29,483.60,204.30,94.10,98.50,96.30,68.60,12.83,481.30,197.70,88.40,94.80,94.60,68.20,14.97,483.07,198.30,269.90,286.20,95.50,68.10,41.09
2026-04-22 00:19:00,2026-04-22 00:19:59,Q09,484.50,192.80,87.40,92.90,95.70,68.20,13.11,484.20,203.90,94.10,98.30,96.40,68.90,12.66,480.30,196.90,88.40,94.10,94.50,67.70,15.09,483.00,197.87,269.90,285.30,95.53,68.27,40.86
2026-04-22 00:20:00,2026-04-22 00:20:59,Q09,483.40,193.70,88.30,93.20,95.70,67.90,13.14,483.70,200.30,92.20,96.60,96.30,69.40,12.60,481.90,197.20,88.40,94.80,94.60,69.30,14.77,483.00,197.07,268.90,284.60,95.53,68.87,40.51
2026-04-22 00:21:00,2026-04-22 00:21:59,Q09,484.40,195.40,89.30,94.40,95.70,68.20,13.09,484.40,205.20,95.00,99.20,96.30,69.20,12.71,480.20,198.30,89.30,95.00,94.30,67.70,15.20,483.00,199.63,273.60,288.60,95.43,68.37,41.00
2026-04-22 00:22:00,2026-04-22 00:22:59,Q09,484.80,189.70,86.40,91.50,95.80,66.90,12.89,484.30,202.00,93.10,97.80,96.30,67.90,12.63,480.60,193.30,86.50,92.60,94.40,67.70,14.97,483.23,195.00,266.00,281.90,95.50,67.50,40.49
2026-04-22 00:23:00,2026-04-22 00:23:59,Q09,483.50,189.30,86.40,91.30,95.50,69.40,13.34,484.80,204.20,94.10,98.70,96.10,70.60,12.86,481.70,195.00,87.40,93.80,94.40,69.00,14.97,483.33,196.17,267.90,283.80,95.33,69.67,41.17
2026-04-22 00:24:00,2026-04-22 00:24:59,Q09,484.40,192.60,87.40,92.90,95.80,67.50,12.91,485.40,199.20,92.20,96.50,96.20,70.60,12.80,480.90,197.20,88.40,94.60,94.60,69.60,14.66,483.57,196.33,268.00,284.00,95.53,69.23,40.37
2026-04-22 00:25:00,2026-04-22 00:25:59,Q09,485.00,192.70,88.30,93.10,95.80,68.90,12.83,484.20,200.10,92.20,96.80,96.30,68.70,12.69,481.40,196.50,88.40,94.30,94.40,69.20,14.91,483.53,196.43,268.90,284.20,95.50,68.93,40.43
2026-04-22 00:26:00,2026-04-22 00:26:59,Q09,485.00,188.00,86.40,91.20,95.70,67.10,12.89,484.00,201.40,93.10,97.30,96.40,67.00,12.34,481.40,192.60,86.50,92.40,94.60,66.70,14.69,483.47,194.00,266.00,280.90,95.57,66.93,39.91
2026-04-22 00:27:00,2026-04-22 00:27:59,Q09,484.90,190.50,86.40,92.00,95.60,69.20,12.91,484.10,196.80,90.20,94.90,96.30,70.40,12.49,481.10,193.40,86.50,92.80,94.20,69.60,15.14,483.37,193.57,263.10,279.70,95.37,69.73,40.54
2026-04-22 00:28:00,2026-04-22 00:28:59,Q09,483.20,187.50,85.50,90.30,95.60,70.00,13.00,485.30,197.60,91.20,95.50,96.40,70.40,12.29,481.40,197.10,88.40,94.80,94.50,69.30,14.83,483.30,194.07,265.10,280.60,95.50,69.90,40.11
2026-04-22 00:29:00,2026-04-22 00:29:59,Q09,483.40,194.80,88.30,93.70,95.70,67.60,12.89,484.90,199.50,92.20,96.30,96.40,67.90,12.37,481.60,194.30,87.40,93.30,94.40,68.00,14.97,483.30,196.20,267.90,283.30,95.50,67.83,40.23
2026-04-22 00:30:00,2026-04-22 00:30:59,Q09,482.70,193.50,88.30,93.00,95.60,69.30,13.06,484.30,197.90,91.20,95.30,96.30,70.80,12.51,481.10,194.80,87.40,93.30,94.60,68.90,14.60,482.70,195.40,266.90,281.60,95.50,69.67,40.17
2026-04-22 00:31:00,2026-04-22 00:31:59,Q09,482.90,193.80,88.30,93.00,95.60,65.30,13.09,484.40,202.80,93.10,97.80,96.20,68.10,12.66,481.50,194.20,87.40,93.30,94.50,65.10,14.74,482.93,196.93,268.80,284.10,95.43,66.17,40.49
2026-04-22 00:32:00,2026-04-22 00:32:59,Q09,482.90,192.10,87.40,92.50,95.60,69.40,13.03,484.60,203.20,94.10,98.30,96.30,71.00,12.51,481.80,195.70,87.40,93.80,94.50,69.50,14.83,483.10,197.00,268.90,284.60,95.47,69.97,40.37
2026-04-22 00:33:00,2026-04-22 00:33:59,Q09,484.50,189.90,86.40,91.50,95.70,68.50,12.74,484.30,200.50,92.20,96.80,96.50,69.20,12.29,480.40,198.00,89.30,95.00,94.30,68.60,15.09,483.07,196.13,267.90,283.30,95.50,68.77,40.11
2026-04-22 00:34:00,2026-04-22 00:34:59,Q09,483.90,191.30,87.40,92.30,95.60,70.40,13.00,483.70,199.60,92.20,96.10,96.30,67.70,12.54,481.80,195.30,87.40,93.80,94.30,66.70,14.94,483.13,195.40,267.00,282.20,95.40,68.27,40.49
2026-04-22 00:35:00,2026-04-22 00:35:59,Q09,484.30,189.00,86.40,91.50,95.70,69.00,13.00,484.00,200.60,92.20,96.80,96.20,70.10,12.66,482.10,194.10,87.40,93.50,94.70,69.00,14.49,483.47,194.57,266.00,281.80,95.53,69.37,40.14
2026-04-22 00:36:00,2026-04-22 00:36:59,Q09,484.10,191.40,87.40,92.40,95.60,69.60,13.00,484.50,201.00,93.10,97.30,96.40,67.20,12.31,482.40,196.70,88.40,94.50,94.70,66.60,14.51,483.67,196.37,268.90,284.20,95.57,67.80,39.83
2026-04-22 00:37:00,2026-04-22 00:37:59,Q09,483.50,187.10,85.50,90.30,95.50,69.20,13.17,485.40,201.80,93.10,97.50,96.40,69.90,12.17,481.80,196.80,88.40,94.30,94.70,68.50,14.57,483.57,195.23,267.00,282.10,95.53,69.20,39.91
2026-04-22 00:38:00,2026-04-22 00:38:59,Q09,483.70,183.40,83.60,88.40,95.90,61.40,12.69,482.80,196.00,90.20,94.50,96.50,62.90,12.03,480.10,185.80,83.60,88.80,95.10,61.70,13.91,482.20,188.40,257.40,271.70,95.83,62.00,38.63
2026-04-22 00:39:00,2026-04-22 00:39:59,Q09,483.50,180.30,82.60,86.90,96.00,60.20,12.57,482.60,191.90,88.30,92.10,96.50,62.40,12.14,479.90,184.70,83.60,88.10,95.10,60.70,13.97,482.00,185.63,254.50,267.10,95.87,61.10,38.69
2026-04-22 00:40:00,2026-04-22 00:40:59,Q09,482.30,184.40,84.50,88.70,96.00,59.10,12.60,482.70,192.40,88.30,92.50,96.30,62.20,12.29,480.90,184.40,83.60,88.30,95.30,60.50,13.46,481.97,187.07,256.40,269.50,95.87,60.60,38.34
2026-04-22 00:41:00,2026-04-22 00:41:59,Q09,483.70,185.00,85.40,89.40,96.10,60.10,12.29,483.00,191.00,88.30,92.30,96.40,61.80,12.34,479.60,187.30,83.70,89.60,94.90,61.60,14.09,482.10,187.77,257.40,271.30,95.80,61.17,38.71
2026-04-22 00:42:00,2026-04-22 00:42:59,Q09,483.60,187.50,86.40,90.30,96.20,58.00,12.43,482.80,197.10,90.20,95.00,96.40,59.90,12.46,479.80,188.80,85.50,90.10,95.00,60.00,14.09,482.07,191.13,262.10,275.40,95.87,59.30,38.97
2026-04-22 00:43:00,2026-04-22 00:43:59,Q09,482.80,188.10,86.40,90.60,96.10,59.50,12.63,483.40,195.30,90.20,94.20,96.50,61.00,12.37,480.10,191.20,86.40,91.70,95.20,59.40,14.03,482.10,191.53,263.00,276.50,95.93,59.97,39.03
2026-04-22 00:44:00,2026-04-22 00:44:59,Q09,483.40,186.80,85.40,89.80,96.10,59.30,12.69,483.90,200.10,92.20,96.60,96.50,60.10,12.43,479.50,191.00,86.40,91.50,95.10,59.70,14.23,482.27,192.63,264.00,277.90,95.90,59.70,39.34
2026-04-22 00:45:00,2026-04-22 00:45:59,Q09,482.10,191.70,88.30,92.10,96.00,58.60,13.06,484.20,200.00,92.20,96.80,96.40,60.20,12.71,479.10,191.20,86.40,91.50,95.00,57.90,14.49,481.80,194.30,266.90,280.40,95.80,58.90,40.26
2026-04-22 00:46:00,2026-04-22 00:46:59,Q09,482.10,186.30,85.40,89.70,96.00,58.90,13.17,484.30,196.10,90.20,94.90,96.40,60.80,12.69,479.50,193.20,87.40,92.40,95.20,59.60,14.31,481.97,191.87,263.00,277.00,95.87,59.77,40.17
2026-04-22 00:47:00,2026-04-22 00:47:59,Q09,482.00,190.00,86.40,91.60,95.90,55.90,13.34,484.40,198.90,91.20,95.80,96.50,57.90,12.74,480.10,192.70,87.40,92.20,95.10,57.10,14.63,482.17,193.87,265.00,279.60,95.83,56.97,40.71
2026-04-22 00:48:00,2026-04-22 00:48:59,Q09,482.60,193.10,89.30,93.00,96.10,57.30,13.06,484.50,200.30,92.20,96.80,96.70,60.10,12.37,479.60,195.10,88.30,93.40,95.30,57.70,14.40,482.23,196.17,269.80,283.20,96.03,58.37,39.83
2026-04-22 00:49:00,2026-04-22 00:49:59,Q09,483.00,198.80,90.20,95.60,95.90,55.90,13.60,483.70,199.30,92.20,96.10,96.50,58.00,12.94,479.40,199.70,90.20,95.30,95.10,57.00,14.86,482.03,199.27,272.60,287.00,95.83,56.97,41.40
2026-04-22 00:50:00,2026-04-22 00:50:59,Q09,482.70,191.90,87.40,92.10,95.90,57.50,13.54,482.60,203.20,93.10,97.80,96.50,59.90,12.83,480.10,197.70,89.30,94.60,95.30,58.00,14.66,481.80,197.60,269.80,284.50,95.90,58.47,41.03
2026-04-22 00:51:00,2026-04-22 00:51:59,Q09,482.20,196.20,89.30,94.50,95.90,56.50,13.69,481.70,201.20,92.20,96.70,96.30,57.80,13.29,479.90,196.30,88.30,93.90,95.10,57.90,14.86,481.27,197.90,269.80,285.10,95.77,57.40,41.83
2026-04-22 00:52:00,2026-04-22 00:52:59,Q09,482.50,193.40,88.30,93.00,95.80,54.60,13.80,484.20,203.00,94.10,98.30,96.50,57.60,12.86,479.30,197.90,89.30,94.40,95.20,55.80,14.74,482.00,198.10,271.70,285.70,95.83,56.00,41.40
2026-04-22 00:53:00,2026-04-22 00:53:59,Q09,482.90,200.50,91.20,96.40,95.80,63.50,13.97,484.70,211.10,97.90,102.10,96.50,66.50,13.09,480.10,203.70,92.20,97.40,95.00,63.90,15.23,482.57,205.10,281.30,295.90,95.77,64.63,42.29
2026-04-22 00:54:00,2026-04-22 00:54:59,Q09,484.50,203.80,93.10,98.30,95.80,62.10,14.09,483.30,211.60,97.00,101.90,96.20,65.50,13.63,480.90,205.50,93.10,98.40,95.00,62.20,15.26,482.90,206.97,283.20,298.60,95.67,63.27,42.97
2026-04-22 00:55:00,2026-04-22 00:55:59,Q09,484.60,203.10,93.10,98.30,95.80,63.20,13.91,483.60,211.70,97.00,101.90,96.30,65.70,13.54,480.60,203.00,92.20,97.40,95.00,64.60,15.26,482.93,205.93,282.30,297.60,95.70,64.50,42.71
2026-04-22 00:56:00,2026-04-22 00:56:59,Q09,483.90,207.00,94.10,100.00,95.80,63.40,14.03,483.80,210.40,97.00,101.40,96.30,63.80,13.49,481.60,207.20,94.10,99.60,95.00,63.50,15.31,483.10,208.20,285.20,301.00,95.70,63.57,42.83
2026-04-22 00:57:00,2026-04-22 00:57:59,Q09,483.00,205.70,94.10,99.00,95.60,60.60,14.34,485.00,214.10,98.90,103.80,96.50,63.70,13.09,480.50,205.90,93.10,98.40,95.00,61.90,15.54,482.83,208.57,286.10,301.20,95.70,62.07,42.97
2026-04-22 00:58:00,2026-04-22 00:58:59,Q09,484.40,201.10,92.20,97.30,95.70,62.60,14.14,483.90,214.80,98.90,103.40,96.40,64.40,13.46,480.50,209.60,94.00,100.30,94.90,64.20,15.51,482.93,208.50,285.10,301.00,95.67,63.73,43.11
2026-04-22 00:59:00,2026-04-22 00:59:59,Q09,483.10,206.80,94.10,99.50,95.50,60.20,14.51,484.90,214.00,98.90,103.60,96.50,63.20,13.23,480.30,205.50,93.10,98.40,95.10,61.20,15.49,482.77,208.77,286.10,301.50,95.70,61.53,43.23
2026-04-22 01:00:00,2026-04-22 01:00:59,Q09,483.10,200.00,91.20,96.60,95.70,63.60,14.11,485.10,210.70,97.00,101.80,96.50,64.90,13.23,480.20,209.70,94.00,100.30,94.70,63.70,15.77,482.80,206.80,282.20,298.70,95.63,64.07,43.11
2026-04-22 01:01:00,2026-04-22 01:01:59,Q09,482.80,205.90,93.10,98.80,95.80,64.10,14.03,483.70,211.90,97.00,101.90,96.20,66.20,13.89,481.70,207.20,93.10,99.60,94.90,65.60,15.43,482.73,208.33,283.20,300.30,95.63,65.30,43.34
2026-04-22 01:02:00,2026-04-22 01:02:59,Q09,483.70,204.30,93.10,98.50,95.80,63.90,14.06,483.30,216.70,99.80,104.30,96.00,66.40,14.09,481.70,207.10,93.10,99.60,94.90,64.60,15.40,482.90,209.37,286.00,302.40,95.57,64.97,43.54
2026-04-22 01:03:00,2026-04-22 01:03:59,Q09,483.00,208.50,95.00,100.50,95.90,61.80,14.11,484.70,217.10,100.80,105.00,96.40,64.20,13.51,481.00,203.80,92.20,97.60,95.00,61.70,15.49,482.90,209.80,288.00,303.10,95.77,62.57,43.11
2026-04-22 01:04:00,2026-04-22 01:04:59,Q09,483.70,208.50,95.00,100.50,95.90,62.90,14.06,484.50,213.90,98.90,103.10,96.30,65.40,13.77,480.10,208.50,93.10,99.80,94.80,63.00,15.71,482.77,210.30,287.00,303.40,95.67,63.77,43.54
2026-04-22 01:05:00,2026-04-22 01:05:59,Q09,484.20,207.10,95.00,100.20,95.80,62.30,14.20,483.10,213.80,97.90,102.90,96.20,64.40,13.83,480.40,210.80,95.00,100.80,95.00,63.10,15.46,482.57,210.57,287.90,303.90,95.67,63.27,43.49
2026-04-22 01:06:00,2026-04-22 01:06:59,Q09,483.90,206.80,94.10,99.50,95.80,63.10,14.11,484.10,213.00,98.90,103.10,96.40,66.00,13.46,480.00,208.60,94.10,99.80,95.00,64.10,15.43,482.67,209.47,287.10,302.40,95.73,64.40,43.00
2026-04-22 01:07:00,2026-04-22 01:07:59,Q09,482.60,207.80,94.10,99.80,95.60,63.80,14.60,483.30,213.30,97.90,102.90,96.10,66.40,13.91,481.70,207.50,94.10,99.60,95.20,63.70,15.14,482.53,209.53,286.10,302.30,95.63,64.63,43.66
2026-04-22 01:08:00,2026-04-22 01:08:59,Q09,482.50,209.00,95.00,100.70,95.40,62.90,14.86,484.30,215.30,99.80,104.10,96.20,64.00,13.80,481.30,204.70,93.10,98.10,95.10,63.20,15.43,482.70,209.67,287.90,302.90,95.57,63.37,44.09
2026-04-22 01:09:00,2026-04-22 01:09:59,Q09,483.00,207.30,94.10,100.00,95.50,63.70,14.69,483.20,209.80,96.00,100.90,96.40,67.00,13.31,481.70,208.60,95.00,100.00,95.30,64.60,15.03,482.63,208.57,285.10,300.90,95.73,65.10,43.03
2026-04-22 01:10:00,2026-04-22 01:10:59,Q09,482.80,207.00,94.10,99.80,95.50,61.30,14.69,484.50,214.80,98.90,103.60,96.40,63.30,13.34,481.00,207.20,94.10,99.60,95.10,60.40,15.34,482.77,209.67,287.10,303.00,95.67,61.67,43.37
2026-04-22 01:11:00,2026-04-22 01:11:59,Q09,482.60,207.20,94.10,99.80,95.30,62.60,15.00,483.20,210.30,97.00,101.40,96.40,66.40,13.31,481.50,207.20,94.10,99.60,95.30,63.30,15.06,482.43,208.23,285.20,300.80,95.67,64.10,43.37
2026-04-22 01:12:00,2026-04-22 01:12:59,Q09,484.30,205.90,94.10,99.20,95.60,62.60,14.57,483.70,214.40,98.90,103.40,96.40,65.00,13.51,481.30,209.40,95.00,100.50,95.00,63.40,15.57,483.10,209.90,288.00,303.10,95.67,63.67,43.66
2026-04-22 01:13:00,2026-04-22 01:13:59,Q09,483.40,208.00,95.00,100.50,95.60,63.40,14.54,484.00,217.70,100.80,105.00,96.30,65.60,13.54,482.50,209.30,95.00,100.70,95.30,64.10,15.03,483.30,211.67,290.80,306.20,95.73,64.37,43.11
2026-04-22 01:14:00,2026-04-22 01:14:59,Q09,483.70,203.30,93.10,98.00,95.80,59.80,14.29,485.60,213.90,98.90,103.30,96.50,63.50,13.37,481.10,208.70,95.00,100.00,95.10,62.40,15.43,483.47,208.63,287.00,301.30,95.80,61.90,43.09
2026-04-22 01:15:00,2026-04-22 01:15:59,Q09,483.30,207.20,94.10,100.00,95.70,62.90,14.31,485.20,213.80,98.90,103.30,96.40,65.40,13.46,481.80,208.20,95.00,100.00,95.10,63.80,15.43,483.43,209.73,288.00,303.30,95.73,64.03,43.20
2026-04-22 01:16:00,2026-04-22 01:16:59,Q09,483.00,201.50,92.20,97.10,95.60,63.00,14.34,485.30,214.50,98.90,103.80,96.60,64.90,13.23,480.70,212.50,94.90,101.80,94.90,62.20,15.89,483.00,209.50,286.00,302.70,95.70,63.37,43.46
2026-04-22 01:17:00,2026-04-22 01:17:59,Q09,484.20,205.70,94.10,99.20,95.60,60.30,14.46,483.80,212.10,97.90,102.40,96.40,64.80,13.57,481.60,205.40,92.10,98.60,94.90,59.80,15.77,483.20,207.73,284.10,300.20,95.63,61.63,43.80
2026-04-22 01:18:00,2026-04-22 01:18:59,Q09,483.40,208.70,95.00,100.50,95.60,63.50,14.43,484.70,215.30,99.80,104.10,96.40,64.60,13.49,481.70,207.30,93.10,99.60,94.90,63.50,15.71,483.27,210.43,287.90,304.20,95.63,63.87,43.63
2026-04-22 01:19:00,2026-04-22 01:19:59,Q09,484.30,204.10,93.10,98.70,95.70,61.60,14.31,485.30,215.60,99.80,104.30,96.50,64.40,13.43,480.70,208.80,93.10,99.80,94.80,60.40,16.03,483.43,209.50,286.00,302.80,95.67,62.13,43.77
2026-04-22 01:20:00,2026-04-22 01:20:59,Q09,484.00,207.60,95.00,100.20,95.60,63.30,14.54,483.50,216.80,99.80,104.30,96.30,64.70,13.71,481.90,207.90,94.10,99.60,95.10,63.00,15.51,483.13,210.77,288.90,304.10,95.67,63.67,43.77
2026-04-22 01:21:00,2026-04-22 01:21:59,Q09,484.30,207.10,95.00,100.20,95.80,58.50,14.34,483.90,215.60,98.90,103.80,96.30,61.70,13.66,482.20,206.60,94.10,99.30,95.10,60.90,15.49,483.47,209.77,288.00,303.30,95.73,60.37,43.49
2026-04-22 01:22:00,2026-04-22 01:22:59,Q09,483.40,203.20,93.10,98.00,95.70,63.00,14.49,485.40,213.40,98.90,103.30,96.40,64.20,13.51,481.10,208.30,95.00,100.00,95.10,63.80,15.54,483.30,208.30,287.00,301.30,95.73,63.67,43.54
2026-04-22 01:23:00,2026-04-22 01:23:59,Q09,482.90,207.60,94.10,99.80,95.70,62.50,14.31,484.90,212.20,97.90,102.60,96.50,64.90,13.29,481.50,213.10,96.90,102.50,95.00,61.20,15.63,483.10,210.97,288.90,304.90,95.73,62.87,43.23
2026-04-22 01:24:00,2026-04-22 01:24:59,Q09,483.40,206.40,94.10,99.50,95.70,63.60,14.43,484.30,214.80,98.90,103.60,96.30,64.90,13.86,481.70,205.20,92.10,98.60,94.90,61.60,15.77,483.13,208.80,285.10,301.70,95.63,63.37,44.06
2026-04-22 01:25:00,2026-04-22 01:25:59,Q09,483.40,204.70,93.10,98.50,95.70,62.60,14.20,485.30,210.90,97.00,101.80,96.50,65.60,13.23,480.80,209.50,94.00,100.30,94.80,63.10,15.83,483.17,208.37,284.10,300.60,95.67,63.77,43.26
2026-04-22 01:26:00,2026-04-22 01:26:59,Q09,483.00,205.10,94.10,99.00,95.70,63.10,14.40,485.30,214.00,98.90,103.80,96.40,64.50,13.66,480.60,210.30,94.00,100.80,94.80,63.20,15.97,482.97,209.80,287.00,303.60,95.63,63.60,44.03
2026-04-22 01:27:00,2026-04-22 01:27:59,Q09,482.80,207.50,94.10,99.80,95.80,61.30,14.31,484.30,216.40,99.80,104.50,96.40,63.80,13.60,481.70,209.70,94.00,100.50,94.90,62.50,15.77,482.93,211.20,287.90,304.80,95.70,62.53,43.69
2026-04-22 01:28:00,2026-04-22 01:28:59,Q09,484.60,206.30,95.00,99.70,96.00,62.60,13.97,483.80,219.20,100.80,105.80,96.30,64.80,14.00,481.30,211.00,94.90,101.50,94.80,64.00,15.94,483.23,212.17,290.70,307.00,95.70,63.80,43.91
2026-04-22 01:29:00,2026-04-22 01:29:59,Q09,482.90,210.40,95.90,101.20,95.60,62.90,14.71,484.70,217.40,100.80,105.00,96.40,64.70,13.54,481.80,211.30,95.90,101.50,95.00,64.40,15.77,483.13,213.03,292.60,307.70,95.67,64.00,44.03
2026-04-22 01:30:00,2026-04-22 01:30:59,Q09,484.40,208.00,95.00,100.70,95.70,62.20,14.43,483.80,215.30,98.90,103.80,96.40,65.10,13.69,480.50,207.00,93.10,99.40,94.80,62.10,15.94,482.90,210.10,287.00,303.90,95.63,63.13,44.06
2026-04-22 01:31:00,2026-04-22 01:31:59,Q09,484.10,207.30,95.00,100.20,95.90,62.80,14.09,484.30,215.80,99.80,104.10,96.40,64.30,13.74,480.20,211.30,94.90,101.30,94.80,63.50,15.89,482.87,211.47,289.70,305.60,95.70,63.53,43.71
2026-04-22 01:32:00,2026-04-22 01:32:59,Q09,483.80,209.00,95.00,100.90,95.70,63.10,14.46,483.60,217.00,99.80,104.80,96.30,63.60,13.74,481.90,207.80,94.10,99.60,95.10,62.60,15.46,483.10,211.27,288.90,305.30,95.70,63.10,43.66
2026-04-22 01:33:00,2026-04-22 01:33:59,Q09,484.60,205.40,94.10,99.20,95.70,62.40,14.34,484.70,212.50,97.90,102.60,96.40,65.70,13.60,480.50,211.30,94.90,101.30,94.90,63.90,15.83,483.27,209.73,286.90,303.10,95.67,64.00,43.77
2026-04-22 01:34:00,2026-04-22 01:34:59,Q09,483.00,206.20,94.10,99.50,95.70,64.10,14.34,485.30,213.20,98.90,103.30,96.50,64.80,13.29,480.70,209.30,95.00,100.30,95.00,62.70,15.71,483.00,209.57,288.00,303.10,95.73,63.87,43.34
2026-04-22 01:35:00,2026-04-22 01:35:59,Q09,481.50,199.80,90.20,95.70,95.90,54.00,14.11,483.90,208.00,96.00,100.50,96.70,56.30,13.03,479.90,203.20,92.20,97.20,95.30,55.30,15.26,481.77,203.67,278.40,293.40,95.97,55.20,42.40
2026-04-22 01:36:00,2026-04-22 01:36:59,Q09,481.80,200.00,92.20,96.20,96.00,54.90,13.94,482.80,208.30,96.00,100.30,96.50,58.60,13.31,480.80,204.50,92.20,97.90,95.20,56.80,15.23,481.80,204.27,280.40,294.40,95.90,56.77,42.49
2026-04-22 01:37:00,2026-04-22 01:37:59,Q09,482.20,201.40,91.20,96.90,95.90,55.10,14.14,484.00,208.40,96.00,100.70,96.50,57.50,13.34,480.50,206.30,93.10,98.90,95.30,53.60,15.26,482.23,205.37,280.30,296.50,95.90,55.40,42.74
2026-04-22 01:38:00,2026-04-22 01:38:59,Q09,482.40,201.30,91.20,96.90,95.70,55.80,14.37,483.90,205.10,95.00,99.00,96.50,58.70,13.29,480.50,205.20,93.10,98.40,95.20,57.00,15.26,482.27,203.87,279.30,294.30,95.80,57.17,42.91
2026-04-22 01:39:00,2026-04-22 01:39:59,Q09,483.60,199.10,92.20,96.10,96.10,54.60,13.83,483.00,210.40,97.00,101.40,96.40,57.10,13.54,479.70,199.40,90.20,95.30,95.20,55.90,15.17,482.10,202.97,279.40,292.80,95.90,55.87,42.54
2026-04-22 01:40:00,2026-04-22 01:40:59,Q09,482.30,199.40,90.20,95.90,95.80,54.20,14.34,484.00,208.10,96.00,100.70,96.40,57.70,13.46,481.60,203.50,92.20,97.60,95.30,54.80,14.94,482.63,203.67,278.40,294.20,95.83,55.57,42.74
2026-04-22 01:41:00,2026-04-22 01:41:59,Q09,483.70,200.50,91.20,96.60,95.80,57.30,14.29,484.60,207.10,96.00,100.20,96.20,60.30,13.91,479.70,205.90,92.10,98.20,94.90,57.80,15.71,482.67,204.50,279.30,295.00,95.63,58.47,43.91
2026-04-22 01:42:00,2026-04-22 01:42:59,Q09,483.80,201.80,92.20,97.10,95.90,55.90,14.17,483.30,208.40,96.00,100.50,96.30,55.80,13.80,481.10,203.90,92.20,97.60,95.00,54.70,15.43,482.73,204.70,280.40,295.20,95.73,55.47,43.40
2026-04-22 01:43:00,2026-04-22 01:43:59,Q09,483.20,198.60,90.20,95.60,95.80,57.30,14.31,483.90,208.90,96.00,100.50,96.10,59.20,13.94,482.00,204.40,93.10,98.30,95.40,58.20,14.86,483.03,203.97,279.30,294.40,95.77,58.23,43.11
2026-04-22 01:44:00,2026-04-22 01:44:59,Q09,483.40,203.70,93.10,98.00,95.70,55.80,14.49,484.70,210.20,97.00,101.60,96.30,58.80,13.83,480.90,205.20,93.10,98.40,95.10,58.50,15.43,483.00,206.37,283.20,298.00,95.70,57.70,43.74
2026-04-22 01:45:00,2026-04-22 01:45:59,Q09,484.50,199.30,92.20,96.30,96.00,57.40,13.86,483.70,208.70,96.00,100.50,96.40,59.80,13.63,480.30,201.00,90.20,96.50,94.90,58.30,15.63,482.83,203.00,278.40,293.30,95.77,58.50,43.11
2026-04-22 01:46:00,2026-04-22 01:46:59,Q09,483.80,202.20,92.20,97.60,95.50,58.60,14.54,486.10,208.70,97.00,101.10,96.50,58.80,13.20,480.90,207.20,93.10,99.40,94.90,57.60,15.71,483.60,206.03,282.30,298.10,95.63,58.33,43.46
2026-04-22 01:47:00,2026-04-22 01:47:59,Q09,485.00,206.50,94.10,99.90,95.80,63.10,14.23,484.70,214.20,98.90,103.60,96.10,62.50,14.11,482.80,207.90,93.10,99.80,94.80,60.70,15.77,484.17,209.53,286.10,303.30,95.57,62.10,44.11
2026-04-22 01:48:00,2026-04-22 01:48:59,Q09,485.50,205.70,94.10,99.40,95.70,64.40,14.31,485.40,218.20,100.80,105.70,96.30,65.00,13.77,481.20,208.70,94.00,100.00,94.50,64.20,16.40,484.03,210.87,288.90,305.10,95.50,64.53,44.49
2026-04-22 01:49:00,2026-04-22 01:49:59,Q09,483.80,205.60,94.10,99.00,95.60,63.60,14.43,486.40,219.20,101.80,106.40,96.30,65.80,13.66,482.20,211.30,94.90,101.70,94.80,63.90,15.89,484.13,212.03,290.80,307.10,95.57,64.43,43.97
2026-04-22 01:50:00,2026-04-22 01:50:59,Q09,485.20,207.90,95.00,100.40,95.80,61.90,14.17,484.80,211.80,97.90,102.10,96.20,63.80,13.94,482.40,207.40,93.10,99.80,94.70,63.50,16.00,484.13,209.03,286.00,302.30,95.57,63.07,44.11
2026-04-22 01:51:00,2026-04-22 01:51:59,Q09,484.40,204.60,93.10,98.70,95.50,63.90,14.51,486.10,213.70,98.90,103.50,96.50,64.60,13.49,482.10,209.50,94.00,100.70,94.60,63.70,16.23,484.20,209.27,286.00,302.90,95.53,64.07,44.23
2026-04-22 01:52:00,2026-04-22 01:52:59,Q09,483.80,208.40,95.00,100.50,95.30,64.60,14.86,486.30,217.40,100.80,105.50,96.50,64.40,13.51,482.20,212.80,95.90,102.20,94.50,63.70,16.57,484.10,212.87,291.70,308.20,95.43,64.23,44.94
2026-04-22 01:53:00,2026-04-22 01:53:59,Q09,483.90,206.60,94.10,99.50,95.50,63.40,14.83,484.90,214.60,98.90,103.60,96.30,66.30,13.77,483.00,212.70,95.90,102.40,94.90,63.40,15.80,483.93,211.30,288.90,305.50,95.57,64.37,44.40
2026-04-22 01:54:00,2026-04-22 01:54:59,Q09,485.40,209.70,95.90,101.40,95.70,64.00,14.43,484.50,219.60,100.80,106.00,96.20,66.50,14.11,482.10,211.00,94.90,101.70,94.40,64.70,16.51,484.00,213.43,291.60,309.10,95.43,65.07,45.06
2026-04-22 01:55:00,2026-04-22 01:55:59,Q09,484.10,208.00,95.00,100.70,95.50,63.10,14.54,486.40,218.60,100.80,105.90,96.30,66.10,13.74,482.20,208.50,94.00,100.30,94.50,64.20,16.34,484.23,211.70,289.80,306.90,95.43,64.47,44.63
2026-04-22 01:56:00,2026-04-22 01:56:59,Q09,484.10,204.20,93.10,98.70,95.40,62.80,14.86,486.20,212.70,98.90,103.00,96.30,65.10,13.86,481.80,210.00,94.90,101.00,94.60,62.80,16.31,484.03,208.97,286.90,302.70,95.43,63.57,45.03
2026-04-22 01:57:00,2026-04-22 01:57:59,Q09,483.20,202.10,92.20,97.60,95.80,57.00,14.40,484.60,211.20,97.90,102.10,96.30,59.80,13.71,481.60,208.00,95.00,100.00,95.10,57.90,15.51,483.13,207.10,285.10,299.70,95.73,58.23,43.63
2026-04-22 01:58:00,2026-04-22 01:58:59,Q09,484.50,204.10,93.10,98.70,95.80,56.80,14.26,483.80,208.90,96.00,100.50,96.40,56.60,13.66,480.30,207.20,93.10,99.40,94.90,56.20,15.77,482.87,206.73,282.20,298.60,95.70,56.53,43.69
2026-04-22 01:59:00,2026-04-22 01:59:59,Q09,482.90,203.10,92.20,97.80,95.80,56.90,14.29,484.90,208.40,96.00,100.70,96.50,59.30,13.40,481.60,205.70,93.10,98.60,95.10,57.60,15.43,483.13,205.73,281.30,297.10,95.80,57.93,43.11
2026-04-22 02:00:00,2026-04-22 02:00:59,Q09,483.20,203.80,93.10,98.00,95.70,56.90,14.49,483.10,212.00,97.90,102.40,96.40,57.90,13.80,481.20,205.20,93.10,98.60,95.00,56.90,15.80,482.50,207.00,284.10,299.00,95.70,57.23,44.09
2026-04-22 02:01:00,2026-04-22 02:01:59,Q09,484.00,202.20,92.20,97.80,95.70,56.70,14.34,484.30,210.00,97.00,101.60,96.50,59.50,13.40,479.70,202.30,90.20,96.80,94.90,57.30,15.86,482.67,204.83,279.40,296.20,95.70,57.83,43.60
2026-04-22 02:02:00,2026-04-22 02:02:59,Q09,484.20,208.90,95.00,100.70,95.40,60.00,15.14,484.30,216.50,99.80,104.50,96.20,61.20,14.00,482.40,211.00,95.90,101.70,95.00,58.80,15.71,483.63,212.13,290.70,306.90,95.53,60.00,44.86
2026-04-22 02:03:00,2026-04-22 02:03:59,Q09,484.90,212.10,96.90,102.60,95.60,63.00,14.57,485.90,218.80,100.80,105.70,96.20,63.20,13.91,481.30,210.10,94.90,101.00,94.70,62.10,16.14,484.03,213.67,292.60,309.30,95.50,62.77,44.63
2026-04-22 02:04:00,2026-04-22 02:04:59,Q09,485.50,210.90,95.90,101.80,95.70,65.20,14.37,485.20,219.90,101.80,106.20,96.30,66.50,13.89,482.00,212.80,95.90,102.20,94.60,65.10,16.23,484.23,214.53,293.60,310.20,95.53,65.60,44.49
2026-04-22 02:05:00,2026-04-22 02:05:59,Q09,483.50,209.50,95.00,100.90,95.30,66.00,15.06,485.80,216.90,99.80,104.80,96.30,67.70,13.77,482.30,213.60,95.90,102.70,94.70,62.80,16.20,483.87,213.33,290.70,308.40,95.43,65.50,45.03
2026-04-22 02:06:00,2026-04-22 02:06:59,Q09,485.10,211.60,96.90,102.30,95.40,65.70,14.80,485.50,215.50,99.80,104.30,96.10,65.80,14.09,480.70,213.80,95.90,102.20,94.60,65.20,16.26,483.77,213.63,292.60,308.80,95.37,65.57,45.14
2026-04-22 02:07:00,2026-04-22 02:07:59,Q09,483.70,211.40,95.90,101.90,95.40,63.30,14.94,486.30,216.40,99.80,105.00,96.30,64.90,13.80,481.60,211.70,94.90,101.50,94.60,61.60,16.31,483.87,213.17,290.60,308.40,95.43,63.27,45.06
2026-04-22 02:08:00,2026-04-22 02:08:59,Q09,484.80,206.80,94.10,99.70,95.40,65.30,14.91,484.40,217.60,100.80,105.00,96.10,66.10,14.09,482.00,214.00,96.80,103.10,94.70,64.10,16.14,483.73,212.80,291.70,307.80,95.40,65.17,45.14
2026-04-22 02:09:00,2026-04-22 02:09:59,Q09,484.30,209.30,95.90,101.20,95.30,64.70,15.06,484.30,218.30,100.80,105.50,96.20,67.50,13.80,482.40,211.00,94.90,101.70,94.90,64.50,15.91,483.67,212.87,291.60,308.40,95.47,65.57,44.77
2026-04-22 02:10:00,2026-04-22 02:10:59,Q09,484.00,209.40,95.90,101.20,95.20,63.30,15.20,485.50,217.70,100.80,105.20,96.30,64.60,13.69,481.20,213.50,95.90,102.50,94.70,64.20,16.14,483.57,213.53,292.60,308.90,95.40,64.03,45.03
2026-04-22 02:11:00,2026-04-22 02:11:59,Q09,484.70,209.50,95.90,101.20,95.10,65.70,15.34,484.70,218.60,100.80,105.50,96.30,65.90,13.69,481.70,214.90,95.90,102.90,94.70,64.40,16.26,483.70,214.33,292.60,309.60,95.37,65.33,45.29
2026-04-22 02:12:00,2026-04-22 02:12:59,Q09,483.90,204.50,93.10,98.50,95.50,60.00,14.71,484.70,208.50,96.00,100.70,96.50,59.30,13.43,480.00,214.50,95.90,102.70,94.90,57.80,15.91,482.87,209.17,285.00,301.90,95.63,59.03,44.06
2026-04-22 02:13:00,2026-04-22 02:13:59,Q09,484.10,200.70,91.20,96.80,95.80,56.90,14.20,484.30,211.10,97.90,102.10,96.50,58.90,13.54,480.10,205.50,92.10,98.40,94.90,57.70,15.80,482.83,205.77,281.20,297.30,95.73,57.83,43.54
2026-04-22 02:14:00,2026-04-22 02:14:59,Q09,483.80,199.40,91.20,96.10,95.60,57.10,14.63,483.60,208.20,96.00,100.50,96.50,59.20,13.37,481.40,206.90,94.10,99.10,95.10,57.20,15.51,482.93,204.83,281.30,295.70,95.73,57.83,43.51
2026-04-22 02:15:00,2026-04-22 02:15:59,Q09,483.70,200.80,91.20,96.60,95.60,56.40,14.63,483.30,210.80,97.00,101.40,96.50,60.20,13.46,481.30,203.90,92.20,97.60,95.10,57.30,15.60,482.77,205.17,280.40,295.60,95.73,57.97,43.69
2026-04-22 02:16:00,2026-04-22 02:16:59,Q09,483.00,200.00,91.20,96.60,95.60,55.70,14.69,484.90,206.80,95.00,99.70,96.60,57.90,13.17,479.80,207.70,94.10,99.20,95.30,56.50,15.37,482.57,204.83,280.30,295.50,95.83,56.70,43.23
2026-04-22 02:17:00,2026-04-22 02:17:59,Q09,483.40,202.60,92.20,97.60,95.80,57.70,14.34,483.40,207.00,95.00,100.00,96.40,59.70,13.54,481.10,206.90,94.10,99.10,95.40,58.80,15.17,482.63,205.50,281.30,296.70,95.87,58.73,43.06
2026-04-22 02:18:00,2026-04-22 02:18:59,Q09,484.20,206.50,94.10,99.70,95.50,63.70,14.74,485.40,213.70,98.90,103.30,96.30,66.10,13.69,481.70,211.80,94.90,101.50,94.70,63.60,16.09,483.77,210.67,287.90,304.50,95.50,64.47,44.51
2026-04-22 02:19:00,2026-04-22 02:19:59,Q09,485.30,206.10,94.10,99.90,95.50,66.00,14.57,484.90,217.60,100.80,105.00,96.30,67.00,13.94,481.10,211.70,94.90,101.50,94.40,65.60,16.49,483.77,211.80,289.80,306.40,95.40,66.20,45.00
2026-04-22 02:20:00,2026-04-22 02:20:59,Q09,485.20,207.10,95.00,100.40,95.50,63.90,14.71,484.20,216.70,99.80,104.50,96.20,65.00,14.03,481.60,211.00,94.90,101.50,94.70,63.60,16.06,483.67,211.60,289.70,306.40,95.47,64.17,44.80
2026-04-22 02:21:00,2026-04-22 02:21:59,Q09,483.90,207.60,94.10,100.00,95.30,64.30,15.11,484.20,216.50,99.80,104.50,96.20,65.50,13.89,482.50,213.20,95.90,102.70,94.80,63.70,16.06,483.53,212.43,289.80,307.20,95.43,64.50,45.06
2026-04-22 02:22:00,2026-04-22 02:22:59,Q09,483.80,205.00,94.10,99.00,95.40,64.80,14.86,485.70,215.80,99.80,104.30,96.10,67.90,14.03,480.90,209.10,94.00,100.30,94.80,65.30,15.80,483.47,209.97,287.90,303.60,95.43,66.00,44.69
2026-04-22 02:23:00,2026-04-22 02:23:59,Q09,483.80,210.40,95.90,101.40,95.60,63.60,14.57,484.50,211.30,97.90,102.10,96.00,66.50,14.17,482.60,212.70,95.90,102.20,94.80,64.40,15.71,483.63,211.47,289.70,305.70,95.47,64.83,44.46
2026-04-22 02:24:00,2026-04-22 02:24:59,Q09,485.00,209.10,95.90,101.40,95.60,64.90,14.57,485.20,217.10,100.80,105.20,96.10,66.60,14.06,481.50,207.30,93.10,99.60,94.80,65.70,15.71,483.90,211.17,289.80,306.20,95.50,65.73,44.34
2026-04-22 02:25:00,2026-04-22 02:25:59,Q09,484.30,210.20,95.90,101.60,95.70,63.30,14.49,485.30,216.40,99.80,104.80,96.00,64.30,14.26,482.10,212.10,95.90,102.20,94.90,63.20,15.69,483.90,212.90,291.60,308.60,95.53,63.60,44.43
2026-04-22 02:26:00,2026-04-22 02:26:59,Q09,484.00,208.40,95.00,100.70,95.50,65.10,14.77,485.40,215.70,99.80,104.30,96.10,67.50,14.03,482.90,211.80,94.90,101.70,94.90,64.70,15.71,484.10,211.97,289.70,306.70,95.50,65.77,44.51
2026-04-22 02:27:00,2026-04-22 02:27:59,Q09,484.10,208.30,95.00,100.70,95.40,63.50,14.86,486.30,216.00,99.80,105.00,96.10,65.10,13.97,482.40,209.90,94.00,100.70,94.80,62.90,15.91,484.27,211.40,288.80,306.40,95.43,63.83,44.74
2026-04-22 02:28:00,2026-04-22 02:28:59,Q09,483.90,210.40,95.90,101.40,95.40,62.90,14.83,485.70,214.40,98.90,103.80,96.10,65.40,14.03,483.00,210.30,94.90,101.40,94.90,62.00,15.60,484.20,211.70,289.70,306.60,95.47,63.43,44.46
2026-04-22 02:29:00,2026-04-22 02:29:59,Q09,484.40,203.00,93.10,98.30,95.50,64.60,14.66,486.70,215.60,99.80,104.50,96.10,67.40,13.94,482.00,212.50,95.90,102.20,94.80,65.90,15.80,484.37,210.37,288.80,305.00,95.47,65.97,44.40
2026-04-22 02:30:00,2026-04-22 02:30:59,Q09,485.50,206.60,94.10,99.90,95.70,61.40,14.37,484.90,215.90,99.80,104.10,96.20,65.30,13.97,481.70,213.20,95.90,102.50,94.70,60.20,15.97,484.03,211.90,289.80,306.50,95.53,62.30,44.31
2026-04-22 02:31:00,2026-04-22 02:31:59,Q09,484.90,204.30,93.10,98.70,95.70,63.70,14.20,485.80,220.30,101.80,106.70,96.30,65.90,13.71,481.60,205.70,92.10,98.60,94.70,63.60,15.97,484.10,210.10,287.00,304.00,95.57,64.40,43.89
2026-04-22 02:32:00,2026-04-22 02:32:59,Q09,485.30,209.90,95.90,101.40,95.60,65.00,14.46,485.00,215.90,99.80,104.30,96.30,63.70,13.74,482.00,212.70,95.90,102.20,94.60,63.30,16.06,484.10,212.83,291.60,307.90,95.50,64.00,44.26
2026-04-22 02:33:00,2026-04-22 02:33:59,Q09,483.70,209.00,95.00,100.90,95.40,65.40,14.91,485.80,219.10,101.80,106.20,96.10,68.40,14.00,482.50,210.40,94.90,101.20,94.90,65.70,15.77,484.00,212.83,291.70,308.30,95.47,66.50,44.69
2026-04-22 02:34:00,2026-04-22 02:34:59,Q09,485.00,211.10,96.90,102.30,95.30,67.10,14.86,486.00,215.70,99.80,104.50,96.20,68.50,13.80,481.10,216.00,96.80,103.90,94.70,66.00,15.97,484.03,214.27,293.50,310.70,95.40,67.20,44.63
2026-04-22 02:35:00,2026-04-22 02:35:59,Q09,484.70,208.20,95.00,100.70,95.40,66.70,14.77,486.30,213.90,98.90,103.50,96.20,68.80,13.77,481.40,212.50,94.90,102.00,94.80,65.80,15.74,484.13,211.53,288.80,306.20,95.47,67.10,44.29
2026-04-22 02:36:00,2026-04-22 02:36:59,Q09,484.60,208.00,95.00,100.70,95.30,65.60,14.89,486.20,216.60,99.80,105.00,96.20,68.30,13.74,481.40,209.50,94.00,100.50,94.70,66.00,15.91,484.07,211.37,288.80,306.20,95.40,66.63,44.54
2026-04-22 02:37:00,2026-04-22 02:37:59,Q09,483.60,203.90,93.10,98.00,95.10,66.80,15.17,485.70,218.00,100.80,105.70,96.10,67.80,13.80,482.80,211.70,94.90,101.70,94.80,64.20,15.80,484.03,211.20,288.80,305.40,95.33,66.27,44.77
2026-04-22 02:38:00,2026-04-22 02:38:59,Q09,485.40,206.90,94.10,99.90,95.40,64.00,14.71,485.80,213.90,98.90,103.30,96.30,66.10,13.57,482.00,213.60,95.90,102.70,94.70,65.30,16.00,484.40,211.47,288.90,305.90,95.47,65.13,44.29
2026-04-22 02:39:00,2026-04-22 02:39:59,Q09,485.50,199.50,91.20,96.50,95.60,66.80,14.11,485.70,213.30,98.90,103.30,96.20,67.80,13.57,482.20,207.50,93.10,99.80,94.50,65.50,15.94,484.47,206.77,283.20,299.60,95.43,66.70,43.63
2026-04-22 02:40:00,2026-04-22 02:40:59,Q09,485.30,202.10,92.20,98.00,95.40,67.30,14.40,485.10,211.90,97.90,102.30,96.20,67.40,13.60,482.80,208.00,94.00,100.30,94.50,65.40,15.86,484.40,207.33,284.10,300.60,95.37,66.70,43.86
2026-04-22 02:41:00,2026-04-22 02:41:59,Q09,485.60,200.50,92.20,97.00,95.40,68.00,14.23,484.70,211.70,97.90,102.10,96.00,68.10,13.80,482.40,204.20,92.10,98.30,94.40,66.20,15.77,484.23,205.47,282.20,297.40,95.27,67.43,43.80
2026-04-22 02:42:00,2026-04-22 02:42:59,Q09,483.50,199.70,91.20,96.10,95.30,67.70,14.29,485.40,211.40,97.90,102.30,96.00,69.10,13.66,482.70,204.40,92.10,98.30,94.60,67.60,15.40,483.87,205.17,281.20,296.70,95.30,68.13,43.34
2026-04-22 02:43:00,2026-04-22 02:43:59,Q09,484.50,196.90,89.30,94.90,95.60,67.70,13.71,484.70,211.00,96.90,102.10,95.90,67.90,13.66,482.90,200.70,90.20,96.40,94.40,66.50,15.37,484.03,202.87,276.40,293.40,95.30,67.37,42.74
2026-04-22 02:44:00,2026-04-22 02:44:59,Q09,485.20,198.30,91.20,96.00,95.40,68.50,13.80,486.10,204.30,95.00,99.10,96.20,69.00,13.20,481.40,202.90,91.20,97.20,94.30,67.00,15.63,484.23,201.83,277.40,292.30,95.30,68.17,42.63
2026-04-22 02:45:00,2026-04-22 02:45:59,Q09,485.30,198.90,91.20,96.00,95.40,66.10,13.80,484.70,203.40,94.10,98.30,96.00,67.40,13.34,481.90,201.70,90.20,96.70,94.40,66.60,15.29,483.97,201.33,275.50,291.00,95.27,66.70,42.43
2026-04-22 02:46:00,2026-04-22 02:46:59,Q09,484.90,199.00,91.20,96.30,95.30,67.30,13.80,486.40,205.00,95.00,99.60,96.20,68.30,13.03,481.60,198.40,89.30,95.20,94.20,65.40,15.54,484.30,200.80,275.50,291.10,95.23,67.00,42.37
2026-04-22 02:47:00,2026-04-22 02:47:59,Q09,485.60,194.10,89.30,94.10,95.60,69.50,13.23,486.30,201.80,93.10,97.70,96.30,70.00,12.83,481.80,198.10,89.30,95.20,94.30,69.10,15.40,484.57,198.00,271.70,287.00,95.40,69.53,41.46
2026-04-22 02:48:00,2026-04-22 02:48:59,Q09,486.00,194.50,89.30,94.30,95.50,67.40,13.26,486.30,204.50,95.00,99.10,96.30,67.00,12.74,481.80,195.70,87.40,93.80,94.10,66.90,15.60,484.70,198.23,271.70,287.20,95.30,67.10,41.60
2026-04-22 02:49:00,2026-04-22 02:49:59,Q09,484.40,194.50,88.30,93.90,95.40,69.00,13.40,486.60,204.80,95.00,99.10,96.20,69.10,12.86,483.10,197.40,89.30,95.20,94.20,68.70,15.37,484.70,198.90,272.60,288.20,95.27,68.93,41.63
2026-04-22 02:50:00,2026-04-22 02:50:59,Q09,486.40,193.10,88.30,93.80,95.60,67.50,13.00,485.70,202.20,93.10,98.00,96.10,68.70,12.94,482.20,193.40,87.40,93.00,94.10,66.80,15.34,484.77,196.23,268.80,284.80,95.27,67.67,41.29
2026-04-22 02:51:00,2026-04-22 02:51:59,Q09,485.90,195.70,89.30,94.60,95.50,69.10,13.37,485.60,201.60,93.10,97.50,96.00,70.80,13.06,483.80,195.90,88.40,94.20,94.40,69.60,14.97,485.10,197.73,270.80,286.30,95.30,69.83,41.40
2026-04-22 02:52:00,2026-04-22 02:52:59,Q09,485.90,194.00,89.30,94.10,95.60,69.00,13.11,485.90,201.70,93.10,97.50,96.20,70.50,12.74,482.80,195.60,87.40,94.00,94.30,69.30,15.03,484.87,197.10,269.80,285.60,95.37,69.60,40.89
2026-04-22 02:53:00,2026-04-22 02:53:59,Q09,485.00,192.70,88.30,93.10,95.60,64.80,13.11,486.40,198.60,92.20,96.20,96.10,66.90,12.74,483.60,195.20,88.40,94.20,94.60,68.40,14.60,485.00,195.50,268.90,283.50,95.43,66.70,40.46
2026-04-22 02:54:00,2026-04-22 02:54:59,Q09,485.30,190.80,87.40,92.20,95.60,69.80,13.06,486.90,201.00,93.10,97.70,96.40,69.50,12.31,482.20,195.00,87.40,94.00,94.50,68.00,14.77,484.80,195.60,267.90,283.90,95.50,69.10,40.14
2026-04-22 02:55:00,2026-04-22 02:55:59,Q09,484.50,190.10,86.40,92.00,95.60,66.00,13.03,486.20,200.50,93.10,97.20,96.30,68.40,12.46,483.60,192.80,86.50,92.70,94.30,64.80,15.00,484.77,194.47,266.00,281.90,95.40,66.40,40.49
2026-04-22 02:56:00,2026-04-22 02:56:59,Q09,485.50,188.60,86.40,91.20,95.50,68.90,13.14,485.30,199.50,92.20,96.50,96.10,69.10,12.74,483.40,193.10,87.40,93.20,94.40,69.60,14.80,484.73,193.73,266.00,280.90,95.33,69.20,40.69
2026-04-22 02:57:00,2026-04-22 02:57:59,Q09,486.70,186.00,85.50,90.40,95.70,71.00,12.71,486.30,198.20,92.20,96.20,96.30,70.60,12.54,482.70,195.70,87.40,94.00,94.10,70.40,15.09,485.23,193.30,265.10,280.60,95.37,70.67,40.34
2026-04-22 02:58:00,2026-04-22 02:58:59,Q09,485.30,171.20,77.90,82.90,95.80,73.80,11.37,487.30,182.20,84.50,88.60,96.40,73.50,11.11,483.00,177.40,79.90,85.50,94.30,73.20,13.43,485.20,176.93,242.30,257.00,95.50,73.50,35.91
2026-04-22 02:59:00,2026-04-22 02:59:59,Q09,485.80,163.30,75.10,79.10,95.90,72.90,10.60,485.90,175.00,80.60,84.90,96.40,74.20,10.43,484.10,168.20,76.10,81.30,94.80,73.40,12.11,485.27,168.83,231.80,245.30,95.70,73.50,33.14
2026-04-22 03:00:00,2026-04-22 03:00:59,Q09,485.60,153.60,71.00,74.20,96.20,73.20,9.69,485.80,164.00,75.80,79.50,96.70,72.10,9.51,482.00,157.90,70.50,75.70,94.70,73.30,11.57,484.47,158.50,217.30,229.40,95.87,72.87,30.77
2026-04-22 03:01:00,2026-04-22 03:01:59,Q09,484.80,151.00,70.10,73.10,96.30,73.50,9.20,485.70,157.30,73.00,76.10,96.70,73.80,9.09,483.00,151.30,68.40,72.90,95.00,73.50,10.71,484.50,153.20,211.50,222.10,96.00,73.60,29.00
2026-04-22 03:02:00,2026-04-22 03:02:59,Q09,484.90,145.70,67.20,70.20,96.10,74.40,9.00,486.80,150.70,69.10,72.90,96.70,76.30,8.63,482.80,145.80,65.60,69.90,95.10,75.10,10.23,484.83,147.40,201.90,213.00,95.97,75.27,27.86
2026-04-22 03:03:00,2026-04-22 03:03:59,Q09,485.50,138.70,63.40,66.90,96.40,76.20,8.46,485.40,148.00,68.20,71.80,96.60,76.90,8.43,483.70,141.00,64.60,68.10,95.30,75.90,9.60,484.87,142.57,196.20,206.80,96.10,76.33,26.49
2026-04-22 03:04:00,2026-04-22 03:04:59,Q09,484.70,138.20,63.40,66.80,96.30,77.50,8.37,486.30,142.70,66.20,69.00,96.60,78.50,8.17,484.00,140.00,63.70,67.80,95.40,77.20,9.29,485.00,140.30,193.30,203.60,96.10,77.73,25.83
2026-04-22 03:05:00,2026-04-22 03:05:59,Q09,484.10,135.60,62.40,65.30,96.30,77.70,8.11,486.60,139.80,64.30,67.60,96.60,80.70,8.00,482.80,134.00,60.80,64.60,95.50,78.60,8.89,484.50,136.47,187.50,197.50,96.13,79.00,25.00
2026-04-22 03:06:00,2026-04-22 03:06:59,Q09,485.00,132.20,61.40,64.00,96.40,77.70,7.77,486.80,136.20,63.40,66.10,96.60,77.80,7.80,484.10,133.60,60.80,64.40,95.40,78.00,8.77,485.30,134.00,185.60,194.50,96.13,77.83,24.34
2026-04-22 03:07:00,2026-04-22 03:07:59,Q09,486.30,128.50,59.50,62.20,96.70,79.30,7.34,486.20,135.60,62.40,65.60,96.60,79.80,7.74,483.20,127.70,58.00,61.30,95.30,80.50,8.60,485.23,130.60,179.90,189.10,96.20,79.87,23.69
2026-04-22 03:08:00,2026-04-22 03:08:59,Q09,485.50,126.70,58.60,61.10,96.50,78.50,7.34,487.30,134.80,62.40,65.30,96.70,78.90,7.43,482.80,127.10,58.00,61.20,95.40,77.80,8.49,485.20,129.53,179.00,187.60,96.20,78.40,23.26
2026-04-22 03:09:00,2026-04-22 03:09:59,Q09,485.00,126.50,58.60,61.10,96.60,79.70,7.23,486.60,132.10,61.40,64.20,96.70,80.10,7.43,484.00,126.70,57.00,61.00,95.50,79.70,8.29,485.20,128.43,177.00,186.30,96.27,79.83,22.94
2026-04-22 03:10:00,2026-04-22 03:10:59,Q09,484.90,123.40,56.60,59.50,96.50,79.20,7.23,486.90,132.80,61.40,64.20,96.80,79.80,7.23,483.80,127.10,58.00,61.30,95.40,78.90,8.29,485.20,127.77,176.00,185.00,96.23,79.30,22.74
2026-04-22 03:11:00,2026-04-22 03:11:59,Q09,485.10,124.40,57.60,60.10,96.60,77.00,7.11,487.10,130.10,60.50,63.30,96.80,76.90,7.23,484.00,124.40,57.00,60.00,95.30,78.20,8.29,485.40,126.30,175.10,183.40,96.23,77.37,22.63
2026-04-22 03:12:00,2026-04-22 03:12:59,Q09,485.80,123.40,56.60,59.70,96.80,80.10,6.83,486.40,128.60,59.50,62.20,96.70,80.20,7.20,484.60,122.20,56.00,59.00,95.40,80.60,8.06,485.60,124.73,172.10,180.90,96.30,80.30,22.09
2026-04-22 03:13:00,2026-04-22 03:13:59,Q09,485.50,121.10,55.70,58.70,96.90,75.90,6.66,487.30,126.10,59.20,61.40,97.00,76.60,6.86,483.90,121.20,55.10,58.40,95.50,77.10,7.97,485.57,122.80,170.00,178.50,96.47,76.53,21.49
2026-04-22 03:14:00,2026-04-22 03:14:59,Q09,486.60,119.00,55.30,57.80,97.00,80.00,6.43,486.40,128.80,60.10,62.20,97.00,79.60,6.80,483.00,123.90,56.00,59.40,95.40,80.60,7.94,485.33,123.90,171.40,179.40,96.47,80.07,21.17
2026-04-22 03:15:00,2026-04-22 03:15:59,Q09,486.60,121.20,56.30,58.80,97.00,77.60,6.43,487.50,126.40,58.60,61.40,96.90,79.10,6.94,482.70,122.00,55.10,58.80,95.30,77.70,8.00,485.60,123.20,170.00,179.00,96.40,78.13,21.37
2026-04-22 03:16:00,2026-04-22 03:16:59,Q09,487.00,121.10,56.30,58.90,97.10,76.70,6.37,485.90,125.40,57.60,60.60,96.80,77.20,6.94,483.60,119.50,54.20,57.50,95.40,77.00,7.89,485.50,122.00,168.10,177.00,96.43,76.97,21.20
2026-04-22 03:17:00,2026-04-22 03:17:59,Q09,485.50,119.80,54.70,57.70,96.90,79.70,6.49,487.80,124.10,57.60,60.40,96.90,80.30,6.77,483.60,119.30,54.20,57.50,95.40,80.30,7.89,485.63,121.07,166.50,175.60,96.40,80.10,21.14
2026-04-22 03:18:00,2026-04-22 03:18:59,Q09,485.50,118.80,54.70,57.20,96.70,77.10,6.60,488.10,127.70,59.20,62.00,97.00,79.80,6.71,483.40,117.70,53.20,56.50,95.20,78.30,8.00,485.67,121.40,167.10,175.70,96.30,78.40,21.31
2026-04-22 03:19:00,2026-04-22 03:19:59,Q09,484.20,118.20,54.70,57.10,96.60,76.80,6.74,486.50,120.10,55.70,58.30,96.80,77.00,6.89,481.90,115.60,52.20,55.30,95.10,76.10,8.14,484.20,117.97,162.60,170.70,96.17,76.63,21.77
2026-04-22 03:20:00,2026-04-22 03:20:59,Q09,484.80,117.60,53.80,56.60,96.70,75.00,6.63,486.20,121.30,55.70,58.80,96.80,75.70,6.89,482.00,118.90,53.20,56.90,95.10,76.50,8.09,484.33,119.27,162.70,172.30,96.20,75.73,21.60
2026-04-22 03:21:00,2026-04-22 03:21:59,Q09,484.50,115.60,52.80,55.70,96.60,76.50,6.69,486.40,121.60,55.70,58.80,96.90,76.80,6.83,481.80,119.50,54.20,57.20,95.00,76.70,8.20,484.23,118.90,162.70,171.70,96.17,76.67,21.71
2026-04-22 03:22:00,2026-04-22 03:22:59,Q09,483.90,116.30,53.80,56.00,96.60,76.00,6.69,486.20,118.40,54.70,57.30,96.90,74.70,6.77,481.80,116.70,52.20,55.80,95.00,76.40,8.11,483.97,117.13,160.70,169.10,96.17,75.70,21.57
2026-04-22 03:23:00,2026-04-22 03:23:59,Q09,485.30,115.20,52.80,55.80,96.80,74.60,6.54,484.30,120.60,55.70,58.10,96.70,76.90,6.97,481.60,118.20,53.20,56.80,95.00,74.30,8.17,483.73,118.00,161.70,170.70,96.17,75.27,21.69
2026-04-22 03:24:00,2026-04-22 03:24:59,Q09,484.90,116.80,53.80,56.10,96.80,77.70,6.46,485.80,125.70,57.60,60.60,96.80,76.40,6.86,480.90,115.30,52.20,55.20,95.00,77.50,8.17,483.87,119.27,163.60,171.90,96.20,77.20,21.49
2026-04-22 03:25:00,2026-04-22 03:25:59,Q09,484.60,114.60,52.80,55.20,96.80,76.40,6.49,486.20,124.30,57.60,60.30,96.80,76.00,6.89,481.10,114.90,50.80,54.80,94.70,77.80,8.37,483.97,117.93,161.20,170.30,96.10,76.73,21.74
2026-04-22 03:26:00,2026-04-22 03:26:59,Q09,484.00,115.20,52.80,55.70,96.80,75.70,6.46,485.30,122.10,56.60,59.20,96.70,74.50,6.94,482.60,114.30,50.80,54.90,94.80,76.10,8.20,483.97,117.20,160.20,169.80,96.10,75.43,21.60
2026-04-22 03:27:00,2026-04-22 03:27:59,Q09,485.30,121.70,55.70,58.70,96.60,75.70,7.31,485.40,133.10,61.40,64.50,96.60,75.00,7.83,482.30,129.80,58.30,62.20,94.40,75.30,9.43,484.33,128.20,175.40,185.40,95.87,75.33,24.57
2026-04-22 03:28:00,2026-04-22 03:28:59,Q09,485.50,132.80,61.40,64.00,96.30,74.10,8.11,485.20,141.60,65.30,68.40,96.60,73.60,8.31,482.50,136.20,61.10,65.60,94.50,73.60,10.03,484.40,136.87,187.80,198.00,95.80,73.77,26.46
2026-04-22 03:29:00,2026-04-22 03:29:59,Q09,484.00,136.10,62.40,65.80,96.20,71.80,8.80,485.80,149.30,69.10,72.30,96.40,72.00,9.00,482.80,141.10,63.00,68.00,94.50,70.70,10.60,484.20,142.17,194.50,206.10,95.70,71.50,28.40
2026-04-22 03:30:00,2026-04-22 03:30:59,Q09,483.90,143.60,66.20,69.10,96.00,69.70,9.37,485.10,151.10,70.10,73.20,96.40,70.50,9.29,482.70,147.10,65.80,70.90,94.70,70.50,10.89,483.90,147.27,202.10,213.20,95.70,70.23,29.54
2026-04-22 03:31:00,2026-04-22 03:31:59,Q09,484.30,150.90,69.10,72.60,96.00,66.60,9.80,486.20,155.30,72.00,75.30,96.50,68.60,9.57,481.30,149.90,66.70,71.70,94.70,67.40,11.34,483.93,152.03,207.80,219.60,95.73,67.53,30.71
2026-04-22 03:32:00,2026-04-22 03:32:59,Q09,483.60,156.90,71.20,75.30,95.80,66.50,10.40,485.80,161.70,74.90,78.10,96.40,69.10,9.89,481.60,155.20,70.30,74.60,95.10,66.90,11.26,483.67,157.93,216.40,228.00,95.77,67.50,31.54
2026-04-22 03:33:00,2026-04-22 03:33:59,Q09,484.60,156.90,71.20,75.50,95.70,65.70,10.86,485.60,164.10,75.80,79.50,96.40,67.70,10.17,482.10,158.30,72.20,76.20,95.00,65.10,11.69,484.10,159.77,219.20,231.20,95.70,66.17,32.71
2026-04-22 03:34:00,2026-04-22 03:34:59,Q09,484.30,162.40,74.10,78.40,95.90,70.40,10.74,485.90,172.40,79.70,83.40,96.40,70.90,10.49,482.90,166.30,75.20,80.00,94.70,69.60,12.29,484.37,167.03,229.00,241.80,95.67,70.30,33.51
2026-04-22 03:35:00,2026-04-22 03:35:59,Q09,485.50,165.20,76.00,80.00,95.90,71.60,10.94,484.90,176.70,81.60,85.20,96.40,72.40,10.69,482.10,172.30,77.10,82.90,94.60,71.20,12.63,484.17,171.40,234.70,248.10,95.63,71.73,34.26
2026-04-22 03:36:00,2026-04-22 03:36:59,Q09,484.40,171.70,77.90,82.80,95.90,70.20,11.14,486.30,179.40,82.60,87.00,96.30,70.40,11.00,483.20,171.10,77.10,82.60,94.70,70.80,12.60,484.63,174.07,237.60,252.40,95.63,70.47,34.74
2026-04-22 03:37:00,2026-04-22 03:37:59,Q09,485.70,172.30,79.70,83.40,96.00,72.10,11.11,484.70,182.10,84.50,88.10,96.20,72.50,11.34,481.90,171.60,77.10,82.30,94.40,71.60,13.14,484.10,175.33,241.30,253.80,95.53,72.07,35.60
2026-04-22 03:38:00,2026-04-22 03:38:59,Q09,484.40,173.70,78.80,83.70,95.80,68.30,11.63,485.10,177.10,81.60,85.80,96.00,69.90,11.60,483.30,175.60,79.80,84.50,95.00,69.00,12.51,484.27,175.47,240.20,254.00,95.60,69.07,35.74
2026-04-22 03:39:00,2026-04-22 03:39:59,Q09,484.70,172.30,79.70,83.20,96.00,68.90,11.54,485.80,181.20,83.50,87.80,96.10,71.20,11.66,483.00,176.40,80.80,85.00,95.00,70.00,12.69,484.50,176.63,244.00,256.00,95.70,70.03,35.89
2026-04-22 03:40:00,2026-04-22 03:40:59,Q09,485.20,176.20,80.80,85.40,95.80,68.40,11.83,486.30,187.80,86.40,90.90,96.10,70.20,11.71,482.30,177.30,80.80,85.30,95.00,69.20,12.91,484.60,180.43,248.00,261.60,95.63,69.27,36.46
2026-04-22 03:41:00,2026-04-22 03:41:59,Q09,484.00,176.90,80.80,85.20,95.90,66.10,11.80,484.60,183.40,84.50,88.60,96.40,66.30,11.34,482.70,176.00,79.80,84.80,95.10,65.60,12.80,483.77,178.77,245.10,258.60,95.80,66.00,35.94
2026-04-22 03:42:00,2026-04-22 03:42:59,Q09,483.90,180.50,81.70,86.90,95.60,68.60,12.29,486.30,186.90,86.40,90.40,96.20,70.40,11.69,482.00,179.70,81.70,86.30,95.00,68.50,13.09,484.07,182.37,249.80,263.60,95.60,69.17,37.06
2026-04-22 03:43:00,2026-04-22 03:43:59,Q09,484.60,182.30,83.60,88.10,95.70,66.80,12.31,484.60,184.10,85.40,89.10,96.00,67.70,12.00,483.10,180.70,81.70,86.90,95.10,66.10,13.03,484.10,182.37,250.70,264.10,95.60,66.87,37.34
2026-04-22 03:44:00,2026-04-22 03:44:59,Q09,483.60,179.60,81.70,86.50,95.50,68.10,12.46,486.40,181.80,83.50,88.00,96.60,69.30,11.20,481.70,182.30,81.80,87.50,94.90,67.20,13.57,483.90,181.23,247.00,262.00,95.67,68.20,37.23
2026-04-22 03:45:00,2026-04-22 03:45:59,Q09,484.00,183.30,83.60,88.60,95.60,65.40,12.40,484.80,186.70,86.40,90.00,96.40,70.40,11.54,482.90,179.20,81.70,86.30,95.10,64.90,13.23,483.90,183.07,251.70,264.90,95.70,66.90,37.17
2026-04-22 03:46:00,2026-04-22 03:46:59,Q09,483.60,183.60,83.60,88.40,95.70,65.10,12.46,484.60,188.40,86.40,91.00,96.50,65.10,11.57,482.80,179.90,81.70,86.30,95.00,64.50,13.46,483.67,183.97,251.70,265.70,95.73,64.90,37.49
2026-04-22 03:47:00,2026-04-22 03:47:59,Q09,483.90,182.40,82.70,87.90,95.70,66.60,12.49,484.70,187.10,86.40,90.50,96.40,68.30,11.77,482.40,181.80,81.80,87.20,94.90,67.10,13.60,483.67,183.77,250.90,265.60,95.67,67.33,37.86
2026-04-22 03:48:00,2026-04-22 03:48:59,Q09,485.20,181.70,82.70,87.80,95.70,67.90,12.57,484.50,192.80,88.30,92.90,96.20,69.30,12.20,481.80,182.80,81.80,87.50,94.80,67.80,13.83,483.83,185.77,252.80,268.20,95.57,68.33,38.60
2026-04-22 03:49:00,2026-04-22 03:49:59,Q09,483.90,184.80,83.60,88.90,95.80,66.50,12.60,484.50,191.60,88.30,92.40,96.00,69.20,12.51,482.80,187.10,84.60,90.10,94.90,67.00,13.71,483.73,187.83,256.50,271.40,95.57,67.57,38.83
2026-04-22 03:50:00,2026-04-22 03:50:59,Q09,483.20,181.30,82.70,87.40,95.50,66.80,12.77,485.40,192.30,89.30,93.10,96.30,68.10,12.03,482.20,186.40,83.70,89.70,94.60,66.00,14.23,483.60,186.67,255.70,270.20,95.47,66.97,39.03
2026-04-22 03:51:00,2026-04-22 03:51:59,Q09,483.80,189.00,86.40,91.30,95.70,66.90,12.77,485.40,194.40,90.20,94.10,96.20,68.60,12.43,482.70,190.60,85.50,91.60,94.80,66.40,14.06,483.97,191.33,262.10,277.00,95.57,67.30,39.26
2026-04-22 03:52:00,2026-04-22 03:52:59,Q09,484.70,191.10,87.40,92.40,95.70,66.10,13.06,484.70,196.30,90.20,94.90,96.10,67.80,12.86,482.50,190.00,85.50,91.60,94.70,66.60,14.43,483.97,192.47,263.10,278.90,95.50,66.83,40.34
2026-04-22 03:53:00,2026-04-22 03:53:59,Q09,484.90,190.60,86.40,92.00,95.60,68.00,13.11,484.80,204.10,94.10,98.70,96.00,69.10,13.09,482.70,192.20,86.50,92.50,94.30,68.20,15.11,484.13,195.63,267.00,283.20,95.30,68.43,41.31
2026-04-22 03:54:00,2026-04-22 03:54:59,Q09,484.90,193.70,88.30,93.40,95.80,65.70,13.06,485.90,204.20,94.10,98.90,96.30,68.50,12.80,481.40,195.20,87.40,93.80,94.90,66.60,14.49,484.07,197.70,269.80,286.10,95.67,66.93,40.34
2026-04-22 03:55:00,2026-04-22 03:55:59,Q09,483.80,196.50,89.30,94.70,95.40,67.30,13.69,486.20,201.20,93.10,97.70,96.20,69.00,12.89,481.70,196.70,88.40,94.30,94.60,68.10,15.09,483.90,198.13,270.80,286.70,95.40,68.13,41.66
2026-04-22 03:56:00,2026-04-22 03:56:59,Q09,485.30,196.20,90.20,95.10,95.80,65.50,13.29,484.40,205.10,95.00,99.20,96.20,67.60,13.20,482.00,198.40,89.30,95.40,94.60,66.20,15.11,483.90,199.90,274.50,289.70,95.53,66.43,41.60
2026-04-22 03:57:00,2026-04-22 03:57:59,Q09,485.50,197.40,90.20,95.50,95.70,65.90,13.46,485.50,209.20,97.00,101.40,96.10,67.00,13.37,481.10,201.50,90.20,96.70,94.40,65.60,15.40,484.03,202.70,277.40,293.60,95.40,66.17,42.23
2026-04-22 03:58:00,2026-04-22 03:58:59,Q09,483.90,198.80,90.20,95.60,95.60,65.60,13.69,486.00,206.50,96.00,100.10,96.10,68.70,13.37,482.50,199.40,89.30,95.90,94.60,66.00,15.34,484.13,201.57,275.50,291.60,95.43,66.77,42.40
2026-04-22 03:59:00,2026-04-22 03:59:59,Q09,484.10,201.00,92.20,97.30,95.40,65.00,14.14,486.20,209.20,97.00,101.60,96.10,66.20,13.40,482.80,200.40,90.20,96.40,94.50,64.80,15.69,484.37,203.53,279.40,295.30,95.33,65.33,43.23
2026-04-22 04:00:00,2026-04-22 04:00:59,Q09,484.70,198.30,90.20,95.80,95.60,66.00,13.89,486.30,209.70,97.00,101.60,96.20,67.00,13.40,481.80,198.50,89.30,95.20,94.50,65.20,15.57,484.27,202.17,276.50,292.60,95.43,66.07,42.86
2026-04-22 04:01:00,2026-04-22 04:01:59,Q09,484.70,201.70,92.20,97.30,95.50,64.00,13.97,484.90,206.30,95.00,99.70,96.20,64.60,13.34,482.40,202.40,91.20,97.40,94.60,64.40,15.51,484.00,203.47,278.40,294.40,95.43,64.33,42.83
2026-04-22 04:02:00,2026-04-22 04:02:59,Q09,484.60,199.70,91.20,96.30,95.60,65.90,13.94,484.80,209.20,97.00,101.20,96.10,66.80,13.66,483.00,202.00,91.20,97.60,94.40,66.00,15.74,484.13,203.63,279.40,295.10,95.37,66.23,43.34
2026-04-22 04:03:00,2026-04-22 04:03:59,Q09,485.20,201.70,92.20,97.50,95.60,66.90,13.94,485.60,212.70,97.90,102.80,96.20,67.20,13.51,480.90,204.00,91.20,97.90,94.30,66.70,15.97,483.90,206.13,281.30,298.20,95.37,66.93,43.43
2026-04-22 04:04:00,2026-04-22 04:04:59,Q09,484.20,198.60,90.20,95.80,95.50,65.00,14.14,486.10,209.80,97.00,101.60,96.40,65.30,13.17,481.10,205.50,92.10,98.60,94.40,63.40,16.11,483.80,204.63,279.30,296.00,95.43,64.57,43.43
2026-04-22 04:05:00,2026-04-22 04:05:59,Q09,483.60,205.90,94.10,99.00,95.60,64.20,14.26,485.30,210.70,95.90,101.80,95.90,66.40,14.14,482.30,202.40,91.20,97.40,94.50,65.60,15.83,483.73,206.33,281.20,298.20,95.33,65.40,44.23
2026-04-22 04:06:00,2026-04-22 04:06:59,Q09,484.00,199.40,91.20,96.30,95.80,62.30,13.86,484.60,211.90,96.90,102.10,95.90,62.80,14.20,482.60,201.10,90.20,96.90,94.60,63.10,15.63,483.73,204.13,278.30,295.30,95.43,62.73,43.69
2026-04-22 04:07:00,2026-04-22 04:07:59,Q09,485.20,201.80,92.20,97.50,95.70,65.30,13.94,484.70,215.30,98.80,104.10,95.90,66.50,14.14,481.70,204.60,92.10,98.10,94.40,66.10,15.94,483.87,207.23,283.10,299.70,95.33,65.97,44.03
2026-04-22 04:08:00,2026-04-22 04:08:59,Q09,484.10,204.20,93.10,98.70,95.70,63.40,13.91,484.70,208.10,96.00,100.70,96.10,65.10,13.77,482.50,204.90,92.10,98.30,94.50,63.50,15.83,483.77,205.73,281.20,297.70,95.43,64.00,43.51
2026-04-22 04:09:00,2026-04-22 04:09:59,Q09,483.50,196.30,90.20,94.70,96.00,55.60,13.29,484.80,203.00,94.10,98.30,96.50,56.90,13.14,479.60,202.50,90.20,96.80,94.70,57.30,15.54,482.63,200.60,274.50,289.80,95.73,56.60,41.97
2026-04-22 04:10:00,2026-04-22 04:10:59,Q09,482.70,196.50,89.30,94.50,95.70,58.30,13.94,483.10,205.80,95.00,99.00,96.30,59.20,13.40,480.90,196.80,88.40,94.10,94.80,58.50,15.46,482.23,199.70,272.70,287.60,95.60,58.67,42.80
2026-04-22 04:11:00,2026-04-22 04:11:59,Q09,483.80,198.70,90.20,95.60,95.90,56.70,13.60,483.20,204.00,94.10,98.50,96.50,58.30,13.20,480.10,198.70,89.30,95.00,94.60,55.20,15.74,482.37,200.47,273.60,289.10,95.67,56.73,42.54
2026-04-22 04:12:00,2026-04-22 04:12:59,Q09,482.40,194.00,88.30,93.50,95.90,57.70,13.63,484.70,202.00,93.10,97.80,96.60,59.20,12.83,480.60,201.80,90.20,96.50,94.90,58.60,15.31,482.57,199.27,271.60,287.80,95.80,58.50,41.77
2026-04-22 04:13:00,2026-04-22 04:13:59,Q09,483.30,195.10,89.30,94.20,95.80,58.20,13.83,483.30,204.30,94.10,98.50,96.50,59.60,13.17,480.50,199.20,89.30,95.50,94.70,59.00,15.66,482.37,199.53,272.70,288.20,95.67,58.93,42.66
2026-04-22 04:14:00,2026-04-22 04:14:59,Q09,483.20,196.40,89.30,94.70,95.90,57.60,13.63,484.40,203.80,94.10,98.30,96.60,58.20,13.06,479.50,203.20,91.20,97.20,94.80,57.10,15.51,482.37,201.13,274.60,290.20,95.77,57.63,42.20
2026-04-22 04:15:00,2026-04-22 04:15:59,Q09,483.60,197.00,91.20,95.20,96.00,56.90,13.40,483.80,204.70,94.10,98.50,96.50,58.00,13.26,479.30,197.10,88.40,94.40,94.70,57.30,15.69,482.23,199.60,273.70,288.10,95.73,57.40,42.34
2026-04-22 04:16:00,2026-04-22 04:16:59,Q09,483.30,197.90,91.20,95.20,96.00,56.90,13.51,482.80,205.20,94.10,98.80,96.50,58.10,13.06,480.20,198.10,90.20,95.00,95.10,57.30,15.17,482.10,200.40,275.50,289.00,95.87,57.43,41.74
2026-04-22 04:17:00,2026-04-22 04:17:59,Q09,483.00,197.50,91.20,95.20,96.00,57.30,13.57,484.20,204.40,94.10,98.70,96.60,58.00,13.00,479.10,198.20,88.40,94.80,94.80,55.50,15.54,482.10,200.03,273.70,288.70,95.80,56.93,42.11
2026-04-22 04:18:00,2026-04-22 04:18:59,Q09,483.10,200.50,91.20,96.60,95.60,62.80,14.23,485.40,211.00,97.90,102.30,96.40,63.80,13.37,481.50,207.80,93.10,99.60,94.60,61.60,16.03,483.33,206.43,282.20,298.50,95.53,62.73,43.63
2026-04-22 04:19:00,2026-04-22 04:19:59,Q09,483.30,202.80,92.20,97.60,95.50,64.40,14.49,485.50,217.30,100.80,105.20,96.30,65.50,13.51,481.90,208.10,94.00,100.00,94.60,63.00,16.11,483.57,209.40,287.00,302.80,95.47,64.30,44.11
2026-04-22 04:20:00,2026-04-22 04:20:59,Q09,484.10,201.10,92.20,97.30,95.50,65.60,14.40,485.50,212.60,97.90,102.80,96.20,67.00,13.74,481.10,211.90,94.90,101.50,94.50,64.40,16.23,483.57,208.53,285.00,301.60,95.40,65.67,44.37
2026-04-22 04:21:00,2026-04-22 04:21:59,Q09,483.90,207.80,94.10,100.00,95.40,65.70,14.69,485.60,212.30,97.90,102.80,96.20,67.70,13.69,481.10,207.40,93.10,99.60,94.60,65.30,16.00,483.53,209.17,285.10,302.40,95.40,66.23,44.37
2026-04-22 04:22:00,2026-04-22 04:22:59,Q09,484.50,204.80,93.10,98.70,95.70,63.80,14.11,484.40,213.60,98.90,103.10,96.30,65.20,13.60,482.30,205.90,92.10,98.80,94.70,63.20,15.77,483.73,208.10,284.10,300.60,95.57,64.07,43.49
2026-04-22 04:23:00,2026-04-22 04:23:59,Q09,484.90,204.00,93.10,98.70,95.90,62.60,13.86,485.00,215.00,99.80,104.30,96.30,64.90,13.60,480.80,204.10,91.20,97.90,94.80,63.40,15.54,483.57,207.70,284.10,300.90,95.67,63.63,43.00
2026-04-22 04:24:00,2026-04-22 04:24:59,Q09,485.20,203.00,93.10,98.50,95.70,61.40,14.14,484.80,215.00,99.80,104.10,96.30,63.00,13.63,481.10,202.80,91.20,97.20,94.60,62.50,15.89,483.70,206.93,284.10,299.80,95.53,62.30,43.66
2026-04-22 04:25:00,2026-04-22 04:25:59,Q09,484.60,206.40,94.10,99.70,95.60,65.60,14.37,485.70,213.70,98.90,103.30,96.30,65.50,13.60,480.90,206.80,92.10,98.90,94.70,63.10,15.89,483.73,208.97,285.10,301.90,95.53,64.73,43.86
2026-04-22 04:26:00,2026-04-22 04:26:59,Q09,484.90,205.00,94.10,99.20,95.40,64.70,14.63,486.40,212.80,98.90,103.00,96.40,65.50,13.34,481.90,210.00,94.90,101.00,94.70,63.90,16.00,484.40,209.27,287.90,303.20,95.50,64.70,43.97
2026-04-22 04:27:00,2026-04-22 04:27:59,Q09,484.90,208.20,95.00,100.70,95.20,65.20,15.00,485.60,212.60,97.90,102.80,96.30,66.90,13.51,483.30,209.10,94.00,100.90,94.90,63.70,15.63,484.60,209.97,286.90,304.40,95.47,65.27,44.14
2026-04-22 04:28:00,2026-04-22 04:28:59,Q09,485.80,206.90,94.10,99.90,95.40,66.10,14.60,485.40,215.50,99.80,104.30,96.20,68.20,13.69,482.90,208.40,94.00,100.30,94.70,65.60,15.91,484.70,210.27,287.90,304.50,95.43,66.63,44.20
2026-04-22 04:29:00,2026-04-22 04:29:59,Q09,485.50,204.70,93.10,98.90,95.50,64.70,14.51,485.20,218.00,100.80,105.70,96.00,65.10,14.11,483.30,206.00,93.10,99.50,94.80,63.90,15.69,484.67,209.57,287.00,304.10,95.43,64.57,44.31
2026-04-22 04:30:00,2026-04-22 04:30:59,Q09,486.20,204.90,94.10,99.10,95.50,66.20,14.57,486.80,215.70,99.80,104.50,96.00,67.30,14.11,482.20,208.80,94.00,100.30,94.60,65.40,16.00,485.07,209.80,287.90,303.90,95.37,66.30,44.69
2026-04-22 04:31:00,2026-04-22 04:31:59,Q09,485.50,208.20,95.00,100.90,95.40,64.10,14.69,485.50,216.00,98.80,104.80,95.90,65.20,14.17,483.80,209.70,94.00,100.90,94.70,64.60,15.74,484.93,211.30,287.80,306.60,95.33,64.63,44.60
2026-04-22 04:32:00,2026-04-22 04:32:59,Q09,484.70,211.70,96.90,102.10,95.30,63.90,14.86,486.90,216.60,99.80,105.00,96.10,66.20,13.86,483.20,207.60,93.10,100.00,94.70,64.80,15.86,484.93,211.97,289.80,307.10,95.37,64.97,44.57
2026-04-22 04:33:00,2026-04-22 04:33:59,Q09,485.80,206.30,94.10,99.90,95.60,65.80,14.37,485.40,215.80,99.80,104.30,96.10,66.80,14.00,483.50,208.80,94.00,100.50,94.80,66.20,15.57,484.90,210.30,287.90,304.70,95.50,66.27,43.94
2026-04-22 04:34:00,2026-04-22 04:34:59,Q09,484.60,205.80,94.10,99.20,95.60,63.70,14.37,486.80,214.50,99.80,104.00,96.10,66.20,13.86,482.10,209.30,94.00,100.70,94.60,63.30,15.89,484.50,209.87,287.90,303.90,95.43,64.40,44.11
2026-04-22 04:35:00,2026-04-22 04:35:59,Q09,485.00,207.80,95.00,100.40,95.50,65.90,14.43,486.80,215.30,99.80,104.50,96.30,67.40,13.60,481.60,210.30,94.90,101.00,94.50,66.60,16.14,484.47,211.13,289.70,305.90,95.43,66.63,44.17
2026-04-22 04:36:00,2026-04-22 04:36:59,Q09,484.60,201.10,92.20,97.30,95.50,64.40,14.23,486.90,215.90,99.80,104.50,96.40,66.40,13.43,482.10,211.60,94.90,101.70,94.50,64.30,16.17,484.53,209.53,286.90,303.50,95.47,65.03,43.83
2026-04-22 04:37:00,2026-04-22 04:37:59,Q09,485.90,203.50,93.10,98.50,95.50,64.40,14.37,485.00,216.10,99.80,104.80,96.30,67.60,13.77,482.20,211.80,94.90,101.70,94.20,66.00,16.60,484.37,210.47,287.80,305.00,95.33,66.00,44.74
2026-04-22 04:38:00,2026-04-22 04:38:59,Q09,485.00,195.60,89.30,94.60,95.90,59.90,13.69,485.20,208.30,96.00,100.90,96.60,56.50,13.00,480.80,201.30,90.20,96.50,94.70,56.10,15.77,483.67,201.73,275.50,292.00,95.73,57.50,42.46
2026-04-22 04:40:00,2026-04-22 04:40:59,Q09,483.20,199.10,91.20,96.10,95.70,57.20,14.06,485.40,205.90,95.00,99.40,96.70,58.70,12.63,480.20,201.90,90.20,96.50,94.90,57.50,15.51,482.93,202.30,276.40,292.00,95.77,57.80,42.20
2026-04-22 04:41:00,2026-04-22 04:41:59,Q09,482.80,196.00,89.30,94.50,95.50,55.50,14.29,485.30,207.40,96.00,100.40,96.60,57.80,12.94,480.90,202.70,90.20,97.00,94.90,56.80,15.60,483.00,202.03,275.50,291.90,95.67,56.70,42.83
2026-04-22 04:42:00,2026-04-22 04:42:59,Q09,482.80,199.40,90.20,95.90,95.60,56.40,14.17,484.80,205.50,95.00,99.20,96.60,55.70,12.94,481.10,199.80,89.30,95.70,94.70,55.70,16.00,482.90,201.57,274.50,290.80,95.63,55.93,43.11
2026-04-22 04:43:00,2026-04-22 04:43:59,Q09,483.30,197.10,90.20,95.20,95.70,57.70,14.03,484.60,210.10,97.00,101.60,96.60,58.60,13.00,481.90,202.70,91.20,97.20,94.90,57.10,15.57,483.27,203.30,278.40,294.00,95.73,57.80,42.60
2026-04-22 04:44:00,2026-04-22 04:44:59,Q09,485.00,206.90,94.10,99.90,95.40,63.80,14.46,486.60,214.40,99.80,104.00,96.50,65.20,13.23,481.60,209.00,94.00,100.50,94.40,63.40,16.40,484.40,210.10,287.90,304.40,95.43,64.13,44.09
2026-04-22 04:45:00,2026-04-22 04:45:59,Q09,484.40,205.10,94.10,99.20,95.40,65.40,14.46,485.30,212.30,97.90,102.80,96.40,66.20,13.34,483.00,208.00,94.00,100.50,94.70,63.80,15.91,484.23,208.47,286.00,302.50,95.50,65.13,43.71
2026-04-22 04:46:00,2026-04-22 04:46:59,Q09,483.90,203.10,93.10,98.00,95.40,62.90,14.43,485.50,213.40,98.90,103.30,96.50,63.60,13.23,483.10,204.70,92.10,98.50,94.40,61.50,16.37,484.17,207.07,284.10,299.80,95.43,62.67,44.03
2026-04-22 04:47:00,2026-04-22 04:47:59,Q09,485.20,201.00,92.20,97.50,95.30,64.60,14.57,484.80,216.70,99.80,104.50,96.50,65.80,13.20,481.90,211.00,94.90,101.50,94.20,63.80,16.60,483.97,209.57,286.90,303.50,95.33,64.73,44.37
2026-04-22 04:48:00,2026-04-22 04:48:59,Q09,484.10,200.90,91.20,96.80,95.30,65.00,14.57,486.60,211.40,97.90,102.50,96.40,65.30,13.26,481.70,207.40,93.10,99.60,94.40,63.60,16.29,484.13,206.57,282.20,298.90,95.37,64.63,44.11
2026-04-22 04:49:00,2026-04-22 04:49:59,Q09,483.90,204.40,93.10,98.50,95.20,65.20,14.77,486.20,209.10,97.00,101.60,96.30,65.40,13.40,482.00,208.80,94.00,100.30,94.50,61.70,16.26,484.03,207.43,284.10,300.40,95.33,64.10,44.43
2026-04-22 04:50:00,2026-04-22 04:50:59,Q09,485.20,204.30,93.10,98.90,95.40,66.20,14.49,485.40,212.20,97.90,102.80,96.50,66.10,13.20,481.50,206.20,93.10,99.10,94.50,63.70,16.20,484.03,207.57,284.10,300.80,95.47,65.33,43.89
2026-04-22 04:51:00,2026-04-22 04:51:59,Q09,483.80,201.70,92.20,97.10,95.30,63.00,14.60,485.30,212.60,97.90,102.80,96.40,64.80,13.29,482.90,207.20,93.10,99.80,94.60,60.30,15.89,484.00,207.17,283.20,299.70,95.43,62.70,43.77
2026-04-22 04:52:00,2026-04-22 04:52:59,Q09,484.30,204.20,93.10,98.70,95.40,64.10,14.43,484.60,212.20,97.90,102.60,96.30,65.10,13.51,482.70,207.20,93.10,99.80,94.60,64.20,15.94,483.87,207.87,284.10,301.10,95.43,64.47,43.89
2026-04-22 04:53:00,2026-04-22 04:53:59,Q09,483.90,201.40,92.20,97.10,95.20,65.70,14.69,486.20,213.00,98.90,103.50,96.20,65.60,13.57,481.20,205.70,92.10,98.60,94.30,60.90,16.40,483.77,206.70,283.20,299.20,95.23,64.07,44.66
2026-04-22 04:54:00,2026-04-22 04:54:59,Q09,483.40,203.40,93.10,98.00,95.50,65.20,14.20,485.70,213.50,98.90,103.30,96.50,65.40,13.23,482.00,209.30,94.00,100.70,94.20,65.30,16.51,483.70,208.73,286.00,302.00,95.40,65.30,43.94
2026-04-22 04:55:00,2026-04-22 04:55:59,Q09,485.20,200.50,92.20,97.00,95.60,65.10,14.00,484.50,212.60,97.90,102.60,96.40,65.20,13.37,481.30,206.60,93.10,99.10,94.20,64.50,16.46,483.67,206.57,283.20,298.70,95.40,64.93,43.83
2026-04-22 04:56:00,2026-04-22 04:56:59,Q09,484.00,201.50,92.20,97.30,95.40,66.40,14.31,485.60,211.40,97.90,102.30,96.50,66.30,13.17,481.50,207.20,93.10,99.60,94.50,64.90,16.17,483.70,206.70,283.20,299.20,95.47,65.87,43.66
2026-04-22 04:57:00,2026-04-22 04:57:59,Q09,483.30,202.10,92.20,97.60,95.70,63.20,14.00,485.20,211.80,97.90,102.30,96.20,64.10,13.69,482.10,205.60,92.10,98.80,94.50,63.20,16.00,483.53,206.50,282.20,298.70,95.47,63.50,43.69
2026-04-22 04:58:00,2026-04-22 04:58:59,Q09,483.50,204.80,93.10,98.50,95.60,65.40,14.06,485.80,211.80,97.90,102.30,96.50,65.60,13.20,481.30,204.90,92.10,98.10,94.30,65.10,16.31,483.53,207.17,283.10,298.90,95.47,65.37,43.57
2026-04-22 04:59:00,2026-04-22 04:59:59,Q09,483.90,203.50,93.10,98.00,95.60,63.30,14.03,483.70,214.70,98.90,103.40,96.40,64.70,13.31,481.00,208.10,94.00,100.00,94.40,63.00,16.17,482.87,208.77,286.00,301.40,95.47,63.67,43.51
2026-04-22 05:00:00,2026-04-22 05:00:59,Q09,482.20,201.30,91.20,96.90,95.50,63.00,14.23,484.70,211.50,97.90,102.10,96.40,65.20,13.43,480.80,208.90,93.10,99.80,94.40,64.00,16.29,482.57,207.23,282.20,298.80,95.43,64.07,43.94
2026-04-22 05:01:00,2026-04-22 05:01:59,Q09,482.30,202.90,92.20,97.40,95.60,65.10,14.17,483.30,210.30,97.00,101.40,96.30,65.80,13.49,481.20,204.10,92.10,98.10,94.60,65.50,15.80,482.27,205.77,281.30,296.90,95.50,65.47,43.46
2026-04-22 05:02:00,2026-04-22 05:02:59,Q09,483.30,202.80,92.20,97.60,95.90,63.60,13.69,484.30,214.50,98.90,103.60,96.30,64.30,13.63,479.20,208.80,93.10,99.60,94.20,64.70,16.37,482.27,208.70,284.20,300.80,95.47,64.20,43.69
2026-04-22 05:03:00,2026-04-22 05:03:59,Q09,482.60,201.00,91.20,96.90,95.70,64.30,13.97,484.30,212.80,97.90,102.60,96.40,64.70,13.40,479.10,203.80,91.20,97.20,94.40,65.10,16.23,482.00,205.87,280.30,296.70,95.50,64.70,43.60
2026-04-22 05:04:00,2026-04-22 05:04:59,Q09,481.80,200.90,91.20,96.20,95.50,63.20,14.17,484.50,213.80,98.90,103.10,96.40,64.10,13.46,479.80,209.40,94.00,100.10,94.30,62.90,16.31,482.03,208.03,284.10,299.40,95.40,63.40,43.94
2026-04-22 05:05:00,2026-04-22 05:05:59,Q09,482.50,201.50,91.20,96.90,95.70,64.50,14.03,484.10,215.30,99.80,104.10,96.40,64.30,13.57,479.30,207.70,93.10,99.20,94.10,64.70,16.69,481.97,208.17,284.10,300.20,95.40,64.50,44.29
2026-04-22 05:06:00,2026-04-22 05:06:59,Q09,483.40,201.00,92.20,97.10,95.70,64.60,13.91,482.80,216.10,99.80,104.10,96.40,64.80,13.57,479.40,208.80,93.10,99.60,94.10,65.60,16.60,481.87,208.63,285.10,300.80,95.40,65.00,44.09
2026-04-22 05:07:00,2026-04-22 05:07:59,Q09,483.20,201.10,92.20,97.10,95.80,64.60,13.63,482.60,212.50,97.90,102.20,96.50,64.20,13.09,479.20,204.00,91.20,97.70,94.40,63.20,16.11,481.67,205.87,281.30,297.00,95.57,64.00,42.83
2026-04-22 05:08:00,2026-04-22 05:08:59,Q09,483.30,201.70,92.20,97.10,95.70,65.20,14.00,482.70,213.80,97.90,102.70,96.10,66.40,13.83,480.70,205.80,92.10,98.40,94.40,66.10,15.94,482.23,207.10,282.20,298.20,95.40,65.90,43.77
2026-04-22 05:09:00,2026-04-22 05:09:59,Q09,482.50,201.90,91.20,96.90,95.40,62.30,14.34,485.00,211.90,97.90,102.30,96.20,64.90,13.46,480.80,204.00,91.20,97.90,94.50,63.20,15.86,482.77,205.93,280.30,297.10,95.37,63.47,43.66
2026-04-22 05:10:00,2026-04-22 05:10:59,Q09,483.30,196.40,89.30,94.70,95.70,64.60,13.86,484.30,209.90,97.00,101.20,96.20,65.60,13.60,482.10,208.40,94.00,100.30,94.50,64.70,15.69,483.23,204.90,280.30,296.20,95.47,64.97,43.14
2026-04-22 05:11:00,2026-04-22 05:11:59,Q09,483.40,198.60,90.20,95.60,95.40,65.10,14.14,485.00,210.60,97.00,101.80,96.40,67.10,13.23,480.70,203.10,91.20,97.40,94.40,66.20,15.97,483.03,204.10,278.40,294.80,95.40,66.13,43.34
2026-04-22 05:12:00,2026-04-22 05:12:59,Q09,482.60,201.70,91.20,96.90,95.40,63.00,14.23,484.00,212.20,97.90,102.60,96.20,65.70,13.43,481.50,201.90,90.20,96.70,94.50,65.10,15.74,482.70,205.27,279.30,296.20,95.37,64.60,43.40
2026-04-22 05:13:00,2026-04-22 05:13:59,Q09,483.90,200.70,91.20,96.60,95.30,65.90,14.23,484.60,211.40,97.90,102.10,96.50,66.80,12.97,480.20,204.20,91.20,97.90,94.20,65.20,16.29,482.90,205.43,280.30,296.60,95.33,65.97,43.49
2026-04-22 05:14:00,2026-04-22 05:14:59,Q09,483.20,198.60,90.20,95.60,95.40,63.10,14.20,483.80,206.30,95.00,99.50,96.30,63.90,13.29,481.90,204.90,92.10,98.10,94.60,65.60,15.60,482.97,203.27,277.30,293.20,95.43,64.20,43.09
2026-04-22 05:15:00,2026-04-22 05:15:59,Q09,482.90,199.20,90.20,95.90,95.50,64.80,14.00,483.40,207.40,95.00,100.00,96.20,65.80,13.51,481.60,201.80,90.20,96.70,94.50,64.80,15.71,482.63,202.80,275.40,292.60,95.40,65.13,43.23
2026-04-22 05:16:00,2026-04-22 05:16:59,Q09,482.00,202.20,92.20,97.40,95.40,65.00,14.31,483.70,208.10,96.00,100.50,96.20,66.90,13.46,481.30,206.00,93.10,99.10,94.60,64.40,15.74,482.33,205.43,281.30,297.00,95.40,65.43,43.51
2026-04-22 05:17:00,2026-04-22 05:17:59,Q09,482.30,200.10,91.20,96.40,95.60,64.60,13.89,483.70,208.30,96.00,100.50,96.30,65.70,13.34,481.30,204.30,92.10,98.10,94.40,65.00,15.94,482.43,204.23,279.30,295.00,95.43,65.10,43.17
2026-04-22 05:18:00,2026-04-22 05:18:59,Q09,483.50,199.20,91.20,96.10,95.80,63.70,13.54,483.60,211.00,97.00,101.90,96.50,64.50,13.11,480.00,204.00,91.20,97.90,94.20,64.60,16.26,482.37,204.73,279.40,295.90,95.50,64.27,42.91
2026-04-22 05:19:00,2026-04-22 05:19:59,Q09,483.40,198.40,90.20,95.60,95.40,66.40,14.17,484.40,210.80,97.00,101.60,96.40,66.50,13.26,480.20,206.40,92.10,98.90,94.20,65.80,16.31,482.67,205.20,279.30,296.10,95.33,66.23,43.74
2026-04-22 05:20:00,2026-04-22 05:20:59,Q09,483.90,199.70,91.20,96.10,95.80,64.90,13.51,483.60,211.30,97.00,101.90,96.40,64.50,13.31,479.70,201.80,90.20,96.30,94.00,63.50,16.37,482.40,204.27,278.40,294.30,95.40,64.30,43.20
2026-04-22 05:21:00,2026-04-22 05:21:59,Q09,482.40,196.10,89.30,94.50,95.60,66.40,13.89,483.30,208.90,96.00,100.50,96.30,66.80,13.29,481.10,205.60,92.10,98.60,94.30,66.30,16.11,482.27,203.53,277.40,293.60,95.40,66.50,43.29
2026-04-22 05:22:00,2026-04-22 05:22:59,Q09,483.90,191.70,87.40,92.30,95.80,64.70,13.46,483.70,208.90,96.00,100.50,96.50,64.30,13.09,479.50,205.10,92.10,98.20,94.00,64.80,16.54,482.37,201.90,275.50,291.00,95.43,64.60,43.09
2026-04-22 05:23:00,2026-04-22 05:23:59,Q09,483.70,196.70,89.30,94.70,95.80,65.50,13.43,483.40,209.30,96.00,100.90,96.60,65.60,12.89,480.20,205.40,92.10,98.40,94.30,65.70,16.14,482.43,203.80,277.40,294.00,95.57,65.60,42.46
2026-04-22 05:24:00,2026-04-22 05:24:59,Q09,482.00,194.90,88.30,93.50,95.50,65.90,13.91,483.50,207.20,95.00,100.00,96.50,64.80,12.89,480.60,207.70,93.10,99.40,94.20,63.50,16.26,482.03,203.27,276.40,292.90,95.40,64.73,43.06
2026-04-22 05:25:00,2026-04-22 05:25:59,Q09,483.00,197.40,90.20,95.20,95.50,62.50,13.91,483.10,207.80,95.00,100.00,96.40,64.70,13.03,480.40,204.60,91.20,97.90,94.40,62.70,15.89,482.17,203.27,276.40,293.10,95.43,63.30,42.83
2026-04-22 05:26:00,2026-04-22 05:26:59,Q09,483.20,194.10,88.30,93.70,95.50,65.20,14.03,483.30,210.80,97.00,101.40,96.60,66.50,12.83,480.60,206.70,92.10,98.90,94.40,64.30,16.09,482.37,203.87,277.40,294.00,95.50,65.33,42.94
2026-04-22 05:27:00,2026-04-22 05:27:59,Q09,481.90,197.30,89.30,94.80,95.30,64.90,14.17,484.50,212.30,97.90,102.60,96.60,66.00,12.71,480.30,204.00,91.20,97.90,94.20,64.10,16.40,482.23,204.53,278.40,295.30,95.37,65.00,43.29
2026-04-22 05:28:00,2026-04-22 05:28:59,Q09,482.40,199.60,90.20,95.90,95.60,65.70,13.69,483.20,212.80,97.90,102.40,96.60,66.20,12.86,480.90,202.30,90.20,97.00,94.20,65.30,16.20,482.17,204.90,278.30,295.30,95.47,65.73,42.74
2026-04-22 05:29:00,2026-04-22 05:29:59,Q09,482.00,200.20,91.20,96.40,95.50,64.40,13.86,483.60,211.90,97.00,101.90,96.50,64.80,13.06,481.10,203.20,91.20,97.60,94.10,64.30,16.34,482.23,205.10,279.40,295.90,95.37,64.50,43.26
2026-04-22 05:30:00,2026-04-22 05:30:59,Q09,482.30,201.00,91.20,96.90,95.60,63.80,13.77,484.20,213.80,98.90,103.10,96.40,61.80,13.20,478.90,202.30,90.20,96.60,94.10,61.10,16.40,481.80,205.70,280.30,296.60,95.37,62.23,43.37
2026-04-22 05:31:00,2026-04-22 05:31:59,Q09,481.90,194.40,88.30,93.30,95.90,63.30,13.40,483.60,210.00,97.00,101.40,96.40,65.70,13.26,480.40,206.90,92.10,98.90,94.20,64.40,16.11,481.97,203.77,277.40,293.60,95.50,64.47,42.77
2026-04-22 05:32:00,2026-04-22 05:32:59,Q09,483.60,194.80,88.30,93.70,95.80,63.60,13.34,483.60,210.20,97.00,101.40,96.60,64.50,12.89,480.00,203.70,90.20,97.40,93.70,64.90,16.89,482.40,202.90,275.50,292.50,95.37,64.33,43.11
2026-04-22 05:33:00,2026-04-22 05:33:59,Q09,483.70,197.40,90.20,95.20,95.60,66.10,13.66,483.50,208.50,96.00,100.50,96.70,64.00,12.71,480.10,206.20,91.10,98.90,93.80,64.70,16.86,482.43,204.03,277.30,294.60,95.37,64.93,43.23
2026-04-22 05:34:00,2026-04-22 05:34:59,Q09,483.50,197.10,90.20,95.20,95.80,63.00,13.43,483.20,207.50,95.00,100.00,96.60,63.60,12.94,479.40,202.20,89.30,96.80,93.90,61.60,16.66,482.03,202.27,274.50,292.00,95.43,62.73,43.03
2026-04-22 05:35:00,2026-04-22 05:35:59,Q09,482.10,194.10,88.30,93.50,95.50,66.00,13.71,484.70,208.50,96.00,100.70,96.70,65.20,12.66,479.20,208.20,92.10,99.60,93.90,64.70,16.69,482.00,203.60,276.40,293.80,95.37,65.30,43.06
2026-04-22 05:36:00,2026-04-22 05:36:59,Q09,481.50,195.00,88.30,93.80,95.50,63.70,13.71,484.30,209.90,97.00,101.20,96.80,63.90,12.43,479.00,205.00,92.10,98.20,94.00,63.70,16.71,481.60,203.30,277.40,293.20,95.43,63.77,42.86
2026-04-22 05:37:00,2026-04-22 05:37:59,Q09,481.80,193.80,87.40,92.80,95.60,66.10,13.57,482.50,209.90,96.00,100.70,96.60,65.10,12.91,480.10,203.90,90.20,97.40,93.80,64.60,16.77,481.47,202.53,273.60,290.90,95.33,65.27,43.26
2026-04-22 05:38:00,2026-04-22 05:38:59,Q09,481.60,195.90,88.30,93.80,95.60,64.90,13.63,482.40,212.50,97.90,102.20,96.60,64.10,12.86,479.50,205.30,91.10,98.20,93.90,65.00,16.74,481.17,204.57,277.30,294.20,95.37,64.67,43.23
2026-04-22 05:39:00,2026-04-22 05:39:59,Q09,480.90,187.30,84.60,89.80,95.90,58.10,13.14,481.50,202.40,93.10,97.20,96.80,58.50,12.51,477.60,198.20,88.40,94.40,94.40,58.40,15.91,480.00,195.97,266.10,281.40,95.70,58.33,41.57
2026-04-22 05:40:00,2026-04-22 05:40:59,Q09,480.70,190.40,87.40,91.20,96.00,57.10,13.17,482.20,204.50,94.10,98.30,96.80,57.10,12.60,476.90,200.00,89.30,95.20,94.30,57.70,16.09,479.93,198.30,270.80,284.70,95.70,57.30,41.86
2026-04-22 05:41:00,2026-04-22 05:41:59,Q09,479.60,189.30,85.50,90.50,95.80,58.20,13.40,482.40,199.40,91.20,95.90,96.90,56.60,12.37,477.20,200.10,89.30,95.40,94.40,57.00,16.11,479.73,196.27,266.00,281.80,95.70,57.27,41.89
2026-04-22 05:42:00,2026-04-22 05:42:59,Q09,480.90,193.70,87.40,92.60,95.80,58.60,13.37,480.70,206.30,94.10,98.90,96.70,58.20,12.71,477.40,199.80,88.40,94.90,94.30,58.70,16.14,479.67,199.93,269.90,286.40,95.60,58.50,42.23
2026-04-22 05:43:00,2026-04-22 05:43:59,Q09,480.80,188.60,85.50,90.20,95.90,57.60,13.29,481.60,202.60,93.10,97.20,96.90,57.70,12.37,476.80,199.50,88.40,94.70,94.30,57.40,16.11,479.73,196.90,267.00,282.10,95.70,57.57,41.77
2026-04-22 05:44:00,2026-04-22 05:44:59,Q09,480.60,193.10,87.40,92.60,95.80,58.60,13.46,482.60,202.60,93.10,97.40,96.90,58.10,12.29,477.00,197.70,87.40,94.00,94.40,57.50,16.00,480.07,197.80,267.90,284.00,95.70,58.07,41.74
2026-04-22 05:45:00,2026-04-22 05:45:59,Q09,479.60,192.70,86.40,92.00,95.70,57.30,13.74,481.70,202.50,93.10,97.20,96.70,58.00,12.63,478.20,200.20,89.30,95.60,94.60,56.40,15.89,479.83,198.47,268.80,284.80,95.67,57.23,42.26
2026-04-22 05:46:00,2026-04-22 05:46:59,Q09,480.40,192.40,87.40,92.20,95.80,57.80,13.49,481.00,201.10,92.20,96.70,96.80,57.40,12.46,477.90,198.90,88.40,94.40,94.60,56.40,15.71,479.77,197.47,268.00,283.30,95.73,57.20,41.66
2026-04-22 05:47:00,2026-04-22 05:47:59,Q09,479.60,189.20,85.50,90.50,95.80,56.80,13.63,482.10,199.50,91.20,95.90,96.80,57.10,12.51,477.50,201.30,89.30,95.90,94.60,56.70,15.83,479.73,196.67,266.00,282.30,95.73,56.87,41.97
2026-04-22 05:48:00,2026-04-22 05:48:59,Q09,480.20,192.50,87.40,92.20,95.60,59.80,13.89,481.00,203.20,93.10,97.60,96.80,59.20,12.49,478.60,198.20,88.40,94.60,94.70,58.00,15.71,479.93,197.97,268.90,284.40,95.70,59.00,42.09
2026-04-22 05:49:00,2026-04-22 05:49:59,Q09,481.40,180.80,81.70,86.60,95.90,62.20,12.57,482.50,192.80,88.30,92.50,96.90,60.50,11.69,477.50,192.80,85.50,91.60,94.30,60.70,15.34,480.47,188.80,255.50,270.70,95.70,61.13,39.60
2026-04-22 05:50:00,2026-04-22 05:50:59,Q09,479.90,172.50,77.90,82.40,95.50,61.30,12.11,482.50,181.10,83.50,87.20,96.90,61.00,10.71,477.10,178.60,79.00,84.90,94.40,60.60,14.23,479.83,177.40,240.40,254.50,95.60,60.97,37.06
2026-04-22 05:51:00,2026-04-22 05:51:59,Q09,480.70,160.30,72.20,76.80,95.80,66.20,11.00,480.50,174.60,79.70,83.50,96.70,65.60,10.49,477.50,168.70,75.20,80.10,94.10,65.20,13.54,479.57,167.87,227.10,240.40,95.53,65.67,35.03
2026-04-22 05:52:00,2026-04-22 05:52:59,Q09,480.00,153.30,69.30,73.40,95.90,63.70,10.23,480.70,161.00,74.70,77.30,97.00,63.70,9.40,476.20,158.00,70.50,75.20,94.20,59.90,12.69,478.97,157.43,214.50,225.90,95.70,62.43,32.31
2026-04-22 05:53:00,2026-04-22 05:53:59,Q09,480.10,144.50,66.20,69.10,96.20,68.30,9.34,481.30,161.20,74.70,77.40,97.00,67.00,9.06,476.30,151.80,66.00,71.90,93.90,66.80,12.40,479.23,152.50,206.90,218.40,95.70,67.37,30.80
2026-04-22 05:54:00,2026-04-22 05:54:59,Q09,479.30,140.90,64.30,67.10,96.20,65.40,8.94,482.00,150.30,69.80,72.30,97.10,65.10,8.57,476.40,149.80,65.80,70.90,94.20,67.00,11.63,479.23,147.00,199.90,210.30,95.83,65.83,29.14
2026-04-22 05:56:00,2026-04-22 05:56:59,Q09,478.70,134.80,61.40,64.10,96.30,72.20,8.20,481.30,147.10,67.90,70.70,97.10,70.80,7.94,477.50,140.80,62.00,66.80,94.10,72.20,10.91,479.17,140.90,191.30,201.60,95.83,71.73,27.06
2026-04-22 05:57:00,2026-04-22 05:57:59,Q09,479.20,130.80,59.50,62.30,96.40,70.30,7.91,482.10,141.80,65.00,68.00,97.10,69.90,7.74,477.80,137.70,61.10,65.30,94.10,70.00,10.54,479.70,136.77,185.60,195.60,95.87,70.07,26.20
2026-04-22 05:58:00,2026-04-22 05:58:59,Q09,480.10,128.60,58.60,61.40,96.90,76.70,7.14,481.30,138.40,64.00,66.40,97.20,76.30,7.46,478.80,135.90,60.20,64.50,94.40,77.20,9.89,480.07,134.30,182.80,192.30,96.17,76.73,24.49
2026-04-22 05:59:00,2026-04-22 05:59:59,Q09,480.90,124.60,56.60,59.50,96.70,76.80,7.11,481.40,140.00,65.00,67.30,97.40,77.30,7.06,478.00,131.40,58.30,62.60,94.20,77.20,9.94,480.10,132.00,179.90,189.40,96.10,77.10,24.11
2026-04-22 06:00:00,2026-04-22 06:00:59,Q09,479.10,121.90,54.70,58.00,96.80,78.00,6.94,482.30,138.60,64.00,66.50,97.40,76.60,6.89,476.60,129.30,57.30,61.40,94.20,76.20,9.80,479.33,129.93,176.00,185.90,96.13,76.93,23.63
2026-04-22 06:01:00,2026-04-22 06:01:59,Q09,479.20,124.20,57.20,59.40,97.00,76.60,6.69,480.30,132.00,61.10,63.40,97.10,77.60,7.20,478.20,130.50,58.30,62.10,94.30,78.60,9.46,479.23,128.90,176.60,184.90,96.13,77.60,23.34
2026-04-22 06:02:00,2026-04-22 06:02:59,Q09,480.50,119.40,55.30,57.10,97.20,75.40,6.34,480.10,133.90,61.10,63.80,97.20,73.50,7.06,476.90,126.00,55.50,60.00,94.00,77.20,9.51,479.17,126.43,171.90,180.90,96.13,75.37,22.91
2026-04-22 06:03:00,2026-04-22 06:03:59,Q09,479.20,118.80,54.30,56.50,97.10,79.10,6.26,481.70,136.70,63.00,65.40,97.30,76.60,6.89,475.90,123.30,53.90,58.40,93.90,80.00,9.51,478.93,126.27,171.20,180.30,96.10,78.57,22.66
2026-04-22 06:04:00,2026-04-22 06:04:59,Q09,478.40,116.60,53.30,55.40,97.20,76.80,6.14,481.60,134.10,62.10,64.50,97.20,75.30,6.91,476.80,123.60,53.90,58.50,93.80,77.20,9.49,478.93,124.77,169.30,178.40,96.07,76.43,22.54
2026-04-22 06:05:00,2026-04-22 06:05:59,Q09,480.30,117.40,54.30,56.20,97.50,81.00,5.74,481.20,133.40,61.10,64.00,97.10,76.50,7.00,476.10,120.80,53.00,57.10,93.80,79.10,9.20,479.20,123.87,168.40,177.30,96.13,78.87,21.94
2026-04-22 06:06:00,2026-04-22 06:06:59,Q09,480.40,116.90,53.30,55.70,97.60,80.50,5.54,480.90,131.50,60.10,62.90,97.30,78.30,6.71,476.30,120.10,53.00,57.10,93.80,81.00,9.11,479.20,122.83,166.40,175.70,96.23,79.93,21.37
2026-04-22 06:07:00,2026-04-22 06:07:59,Q09,479.70,119.10,55.30,57.00,97.40,77.30,5.83,479.90,127.80,58.20,60.80,97.20,76.00,6.74,476.20,122.00,54.50,58.10,94.00,79.80,9.00,478.60,122.97,168.00,175.90,96.20,77.70,21.57
2026-04-22 06:08:00,2026-04-22 06:08:59,Q09,478.70,115.80,52.40,55.00,97.30,79.80,5.89,479.60,126.50,58.20,60.40,97.20,79.30,6.60,477.40,116.60,51.70,55.30,94.40,80.80,8.60,478.57,119.63,162.30,170.70,96.30,79.97,21.09
2026-04-22 06:09:00,2026-04-22 06:09:59,Q09,478.80,114.00,52.40,54.50,97.30,81.20,5.86,479.50,127.00,58.20,60.80,97.20,78.70,6.63,477.20,123.60,54.50,58.70,94.20,80.60,8.77,478.50,121.53,165.10,174.00,96.23,80.17,21.26
2026-04-22 06:10:00,2026-04-22 06:10:59,Q09,479.70,112.80,51.40,53.60,97.50,82.40,5.54,479.70,128.70,59.20,61.30,97.40,79.60,6.40,475.50,118.70,52.10,56.00,93.90,82.20,8.94,478.30,120.07,162.70,170.90,96.27,81.40,20.89
2026-04-22 06:11:00,2026-04-22 06:11:59,Q09,478.10,113.20,52.40,54.00,97.30,79.00,5.74,479.70,127.90,58.20,60.80,97.40,79.00,6.34,477.20,118.20,52.60,56.30,94.10,80.50,8.80,478.33,119.77,163.20,171.10,96.27,79.50,20.89
2026-04-22 06:12:00,2026-04-22 06:12:59,Q09,477.90,116.10,53.30,55.30,97.20,81.00,5.77,480.80,127.80,58.20,61.00,97.60,79.60,6.14,476.20,121.70,53.00,57.60,93.90,80.90,9.09,478.30,121.87,164.50,173.90,96.23,80.50,21.00
2026-04-22 06:13:00,2026-04-22 06:13:59,Q09,478.90,112.40,51.40,53.50,97.40,81.10,5.46,480.40,129.50,59.20,61.90,97.80,77.80,5.91,475.40,118.70,52.10,56.00,93.40,81.10,9.34,478.23,120.20,162.70,171.40,96.20,80.00,20.71
2026-04-22 06:14:00,2026-04-22 06:14:59,Q09,479.00,108.40,49.50,51.70,97.50,82.00,5.34,480.20,126.50,58.20,60.50,97.80,79.40,5.80,475.30,116.20,51.20,55.10,93.40,82.20,9.26,478.17,117.03,158.90,167.30,96.23,81.20,20.40
2026-04-22 06:15:00,2026-04-22 06:15:59,Q09,477.30,111.40,50.40,52.90,97.30,81.10,5.54,480.80,128.20,59.20,61.40,97.70,77.90,5.91,475.70,117.30,51.20,55.60,93.60,79.50,9.09,477.93,118.97,160.80,169.90,96.20,79.50,20.54
2026-04-22 06:16:00,2026-04-22 06:16:59,Q09,478.50,107.60,49.50,51.10,97.50,82.80,5.34,479.10,128.30,59.20,61.30,97.60,80.20,5.94,476.50,114.90,50.20,54.30,93.70,82.70,8.91,478.03,116.93,158.90,166.70,96.27,81.90,20.20
2026-04-22 06:17:00,2026-04-22 06:17:59,Q09,477.80,111.90,50.40,52.90,97.50,81.50,5.34,479.10,122.00,56.30,58.40,97.50,80.20,6.09,476.70,116.50,51.70,55.20,94.00,82.40,8.69,477.87,116.80,158.40,166.50,96.33,81.37,20.11
2026-04-22 06:18:00,2026-04-22 06:18:59,Q09,477.40,107.00,49.50,51.00,97.30,80.10,5.51,480.00,125.80,58.20,60.00,97.80,77.50,5.63,476.60,115.20,50.80,54.70,94.20,78.90,8.66,478.00,116.00,158.50,165.70,96.43,78.83,19.80
2026-04-22 06:19:00,2026-04-22 06:19:59,Q09,478.30,109.50,50.40,52.10,97.30,82.10,5.51,479.60,125.10,57.20,59.90,97.80,79.70,5.71,476.40,115.70,50.80,54.70,94.10,81.70,8.66,478.10,116.77,158.40,166.70,96.40,81.17,19.89
2026-04-22 06:20:00,2026-04-22 06:20:59,Q09,477.70,109.00,49.50,52.00,97.20,79.10,5.63,480.90,124.00,57.20,59.50,97.70,77.70,5.74,476.60,117.70,51.70,55.70,94.00,80.00,8.77,478.40,116.90,158.40,167.20,96.30,78.93,20.14
2026-04-22 06:21:00,2026-04-22 06:21:59,Q09,477.70,116.30,53.30,55.30,97.10,79.20,6.31,480.90,133.80,61.10,63.80,97.70,77.40,6.43,476.10,130.20,56.70,61.90,93.80,79.20,9.83,478.23,126.77,171.10,181.00,96.20,78.60,22.57
2026-04-22 06:22:00,2026-04-22 06:22:59,Q09,478.00,124.10,56.60,59.30,96.80,75.70,7.00,480.80,142.00,66.00,68.20,97.50,73.50,7.00,477.40,138.40,60.50,65.80,93.60,74.80,10.60,478.73,134.83,183.10,193.30,95.97,74.67,24.60
2026-04-22 06:23:00,2026-04-22 06:23:59,Q09,479.50,132.00,60.50,63.20,96.70,73.50,7.60,479.90,148.70,67.90,70.90,97.40,72.60,7.51,476.60,146.10,64.20,69.50,93.80,72.40,11.06,478.67,142.27,192.60,203.60,95.97,72.83,26.17
2026-04-22 06:24:00,2026-04-22 06:24:59,Q09,478.80,140.60,63.40,66.90,96.50,74.60,8.40,481.20,156.90,72.80,75.00,97.30,72.30,8.17,475.90,151.30,66.00,71.70,93.80,74.50,11.77,478.63,149.60,202.20,213.60,95.87,73.80,28.34
2026-04-22 06:25:00,2026-04-22 06:25:59,Q09,477.80,149.80,68.20,71.10,96.40,70.50,8.94,479.40,160.50,73.70,76.60,97.10,69.80,8.83,477.00,154.40,67.90,73.50,93.70,71.80,12.43,478.07,154.90,209.80,221.20,95.73,70.70,30.20
2026-04-22 06:26:00,2026-04-22 06:26:59,Q09,478.00,151.90,69.10,72.20,96.10,72.70,9.71,479.20,165.70,76.60,79.00,97.00,71.80,9.40,477.00,164.80,72.50,78.20,93.70,72.20,12.97,478.07,160.80,218.20,229.40,95.60,72.23,32.09
2026-04-22 06:27:00,2026-04-22 06:27:59,Q09,478.60,162.90,73.90,77.40,96.00,68.40,10.26,479.00,174.90,80.50,83.30,97.10,68.40,9.60,476.40,168.30,73.50,80.00,93.80,67.30,13.46,478.00,168.70,227.90,240.70,95.63,68.03,33.31
2026-04-22 06:28:00,2026-04-22 06:28:59,Q09,477.70,169.10,76.00,80.60,95.20,72.40,11.63,481.00,176.40,81.50,84.70,97.10,71.50,9.69,476.30,176.10,78.00,83.80,94.20,71.00,13.63,478.33,173.87,235.50,249.10,95.50,71.63,34.94
2026-04-22 06:29:00,2026-04-22 06:29:59,Q09,478.70,173.00,77.90,82.70,95.40,72.30,11.71,479.90,180.80,82.60,86.20,96.90,71.10,10.31,475.40,181.10,79.90,86.00,94.00,70.80,14.14,478.00,178.30,240.40,254.90,95.43,71.40,36.17
2026-04-22 06:30:00,2026-04-22 06:30:59,Q09,476.90,171.00,76.90,81.40,95.10,69.70,12.34,480.20,184.00,85.40,88.30,97.00,69.10,10.40,476.50,184.10,81.80,87.60,94.10,66.80,14.43,477.87,179.70,244.10,257.30,95.40,68.53,37.17
2026-04-22 06:31:00,2026-04-22 06:31:59,Q09,478.60,174.60,78.80,83.20,95.20,69.90,12.34,479.10,187.00,86.30,89.60,97.20,69.50,10.14,476.20,184.90,81.80,87.60,94.00,67.80,14.86,477.97,182.17,246.90,260.40,95.47,69.07,37.34
2026-04-22 06:32:00,2026-04-22 06:32:59,Q09,478.10,179.40,80.80,85.60,95.20,69.60,12.57,479.40,191.50,88.30,91.50,97.20,64.80,10.31,476.70,184.50,81.80,87.60,94.00,66.60,15.20,478.07,185.13,250.90,264.70,95.47,67.00,38.09
2026-04-22 06:33:00,2026-04-22 06:33:59,Q09,478.00,177.00,79.80,84.60,95.30,68.90,12.57,478.90,193.60,89.20,92.30,97.30,66.20,10.46,475.20,189.40,82.80,89.80,93.90,66.30,15.54,477.37,186.67,251.80,266.70,95.50,67.13,38.57
2026-04-22 06:34:00,2026-04-22 06:34:59,Q09,478.50,179.80,80.80,85.60,95.40,69.80,12.51,479.90,193.90,89.20,92.40,97.30,65.90,10.49,475.30,193.10,84.60,91.70,93.80,65.20,15.77,477.90,188.93,254.60,269.70,95.50,66.97,38.77
2026-04-22 06:35:00,2026-04-22 06:35:59,Q09,476.80,181.10,81.70,86.20,95.20,68.80,13.09,479.00,194.20,89.20,92.90,97.30,67.00,10.66,476.40,199.10,88.40,94.70,94.00,65.70,15.80,477.40,191.47,259.30,273.80,95.50,67.17,39.54
2026-04-22 06:36:00,2026-04-22 06:36:59,Q09,477.10,183.90,82.70,87.30,95.20,69.10,13.14,480.60,197.00,91.20,94.60,97.30,65.80,10.83,475.40,197.70,86.50,93.60,93.70,65.50,16.26,477.70,192.87,260.40,275.50,95.40,66.80,40.23
2026-04-22 06:37:00,2026-04-22 06:37:59,Q09,478.70,187.40,84.60,89.40,95.40,69.10,12.91,480.10,200.50,93.10,96.00,97.10,68.10,11.20,475.00,201.30,88.30,95.50,93.60,67.70,16.34,477.93,196.40,266.00,280.90,95.37,68.30,40.46
2026-04-22 06:38:00,2026-04-22 06:38:59,Q09,477.70,188.30,83.70,89.70,94.80,68.80,13.89,481.10,199.70,92.20,95.70,97.00,67.80,11.31,476.90,201.00,88.30,95.70,93.90,65.70,16.17,478.57,196.33,264.20,281.10,95.23,67.43,41.37
2026-04-22 06:39:00,2026-04-22 06:39:59,Q09,478.60,185.90,82.70,88.40,94.90,68.10,13.83,479.90,200.90,92.20,95.80,97.10,68.10,11.23,477.00,202.70,90.20,96.40,94.10,65.60,16.03,478.50,196.50,265.10,280.60,95.37,67.27,41.09
2026-04-22 06:40:00,2026-04-22 06:40:59,Q09,479.00,189.10,85.50,90.50,95.00,68.40,13.80,480.40,202.80,93.10,97.00,97.10,65.60,11.34,475.80,201.90,88.30,95.50,93.90,64.50,16.43,478.40,197.93,266.90,283.00,95.33,66.17,41.57
2026-04-22 06:41:00,2026-04-22 06:41:59,Q09,478.10,188.20,83.70,89.90,94.90,70.10,14.00,481.30,204.80,95.10,98.10,97.10,69.00,11.34,477.30,207.40,91.10,98.70,93.80,67.10,16.66,478.90,200.13,269.90,286.70,95.27,68.73,42.00
2026-04-22 06:42:00,2026-04-22 06:42:59,Q09,478.30,192.40,86.40,91.80,95.00,69.50,13.94,481.20,206.10,96.00,99.10,97.10,67.90,11.34,477.70,205.40,91.20,97.80,94.00,66.20,16.46,479.07,201.30,273.60,288.70,95.37,67.87,41.74
2026-04-22 06:43:00,2026-04-22 06:43:59,Q09,478.80,188.40,83.70,89.90,94.80,67.40,14.17,482.00,203.70,94.10,97.80,97.30,66.10,11.09,476.70,201.60,88.30,95.70,93.80,64.70,16.83,479.17,197.90,266.10,283.40,95.30,66.07,42.09
2026-04-22 06:44:00,2026-04-22 06:44:59,Q09,480.40,193.40,87.40,92.60,95.10,69.60,13.89,481.40,204.40,94.10,98.10,96.90,67.20,11.86,476.70,206.00,91.10,98.10,93.60,66.50,16.91,479.50,201.27,272.60,288.80,95.20,67.77,42.66
2026-04-22 06:45:00,2026-04-22 06:45:59,Q09,479.30,195.30,87.40,93.40,94.90,66.20,14.23,481.80,203.50,94.10,97.60,97.10,65.10,11.60,476.40,205.60,91.20,97.60,94.00,63.70,16.66,479.17,201.47,272.70,288.60,95.33,65.00,42.49
2026-04-22 06:46:00,2026-04-22 06:46:59,Q09,479.50,192.30,86.40,92.00,95.10,67.50,14.23,481.30,207.30,96.00,99.60,97.00,67.00,11.69,478.60,207.60,92.10,98.90,94.50,65.00,15.77,479.80,202.40,274.50,290.50,95.53,66.50,41.69
2026-04-22 06:47:00,2026-04-22 06:47:59,Q09,479.90,195.90,88.30,93.40,95.10,68.70,14.23,481.10,207.00,95.00,99.60,96.80,66.00,12.11,478.00,206.50,92.10,98.50,94.30,63.50,16.14,479.67,203.13,275.40,291.50,95.40,66.07,42.49
2026-04-22 06:48:00,2026-04-22 06:48:59,Q09,479.10,194.80,86.50,92.90,94.90,65.30,14.60,481.00,205.50,94.10,98.60,96.80,66.80,12.00,478.50,207.90,92.10,98.90,94.50,62.70,15.94,479.53,202.73,272.70,290.40,95.40,64.93,42.54
2026-04-22 06:49:00,2026-04-22 06:49:59,Q09,478.40,194.00,86.50,92.70,94.90,68.40,14.40,481.30,211.90,98.00,101.50,97.00,66.70,11.80,477.90,208.60,93.10,99.20,94.20,65.40,16.40,479.20,204.83,277.60,293.40,95.37,66.83,42.60
2026-04-22 06:50:00,2026-04-22 06:50:59,Q09,477.10,188.30,84.60,89.70,95.20,57.20,14.14,480.40,202.00,93.10,97.00,97.00,57.00,11.83,476.10,202.70,90.20,96.20,94.60,56.40,15.86,477.87,197.67,267.90,282.90,95.60,56.87,41.83
2026-04-22 06:51:00,2026-04-22 06:51:59,Q09,478.70,192.80,86.40,91.80,95.50,60.40,13.71,479.70,199.30,92.20,95.30,97.10,59.70,11.66,475.20,201.50,89.30,95.50,94.70,58.00,15.69,477.87,197.87,267.90,282.60,95.77,59.37,41.06
2026-04-22 06:52:00,2026-04-22 06:52:59,Q09,478.70,192.70,86.40,91.80,95.80,58.90,13.26,479.10,198.50,91.20,94.80,97.10,58.70,11.77,475.20,199.70,88.40,94.50,94.60,57.50,15.69,477.67,196.97,266.00,281.10,95.83,58.37,40.71
2026-04-22 06:53:00,2026-04-22 06:53:59,Q09,477.50,187.90,84.60,89.20,95.40,58.00,13.89,479.90,201.70,93.10,96.30,97.00,58.00,11.71,475.30,196.10,87.40,93.10,94.80,56.50,15.54,477.57,195.23,265.10,278.60,95.73,57.50,41.14
2026-04-22 06:54:00,2026-04-22 06:54:59,Q09,476.80,194.20,87.40,92.30,95.40,57.80,14.06,478.60,196.60,90.20,93.70,97.00,59.00,11.91,476.20,195.90,86.50,92.80,94.80,57.20,15.60,477.20,195.57,264.10,278.80,95.73,58.00,41.57
2026-04-22 06:55:00,2026-04-22 06:55:59,Q09,477.10,192.80,86.40,91.60,95.10,58.30,14.51,477.90,202.20,92.20,96.40,96.90,60.50,12.03,475.90,199.70,88.40,94.50,94.70,57.20,15.77,476.97,198.23,267.00,282.50,95.57,58.67,42.31
2026-04-22 06:56:00,2026-04-22 06:56:59,Q09,477.90,193.30,87.40,92.10,95.40,58.70,14.03,478.20,198.90,91.20,94.60,97.00,58.60,11.83,475.40,199.00,88.40,94.50,94.80,57.00,15.63,477.17,197.07,267.00,281.20,95.73,58.10,41.49
2026-04-22 06:57:00,2026-04-22 06:57:59,Q09,476.90,194.50,87.40,92.30,95.30,59.60,14.34,478.90,200.40,92.20,95.60,97.10,59.20,11.69,474.90,199.10,89.30,94.30,95.10,57.00,15.29,476.90,198.00,268.90,282.20,95.83,58.60,41.31
2026-04-22 06:58:00,2026-04-22 06:58:59,Q09,476.50,195.30,87.40,92.80,95.30,58.00,14.46,478.20,200.30,91.20,95.60,96.90,58.90,11.91,476.00,199.20,89.30,94.70,95.20,56.10,15.14,476.90,198.27,267.90,283.10,95.80,57.67,41.51
2026-04-22 06:59:00,2026-04-22 06:59:59,Q09,477.60,196.00,88.30,93.50,95.30,58.80,14.34,478.40,196.70,89.30,93.70,96.90,59.00,12.03,476.10,201.60,90.20,95.70,95.20,56.50,15.14,477.37,198.10,267.80,282.90,95.80,58.10,41.51
2026-04-22 07:00:00,2026-04-22 07:00:59,Q09,476.10,192.20,86.40,91.40,95.20,57.90,14.57,478.60,201.90,93.10,96.10,97.00,60.30,11.86,476.10,198.20,89.30,94.20,95.10,56.50,15.31,476.93,197.43,268.80,281.70,95.77,58.23,41.74
2026-04-22 07:01:00,2026-04-22 07:01:59,Q09,477.10,194.60,87.40,92.50,95.10,56.90,14.69,479.40,200.30,92.20,95.80,97.10,57.90,11.80,474.20,207.40,92.10,98.10,94.80,55.50,15.94,476.90,200.77,271.70,286.40,95.67,56.77,42.43
2026-04-22 07:02:00,2026-04-22 07:02:59,Q09,477.30,191.10,86.40,91.10,95.30,57.30,14.23,478.20,202.60,93.10,96.60,97.10,57.60,11.69,473.90,200.10,88.40,94.60,94.70,55.90,15.91,476.47,197.93,267.90,282.30,95.70,56.93,41.83
2026-04-22 07:03:00,2026-04-22 07:03:59,Q09,477.40,191.60,86.40,91.10,95.30,56.10,14.31,478.30,202.00,93.10,96.60,97.10,56.80,11.71,474.30,198.60,87.40,93.90,94.80,53.90,15.83,476.67,197.40,266.90,281.60,95.73,55.60,41.86
2026-04-22 07:04:00,2026-04-22 07:04:59,Q09,477.40,189.70,85.50,90.20,95.30,59.70,14.23,478.10,205.80,94.10,98.00,97.20,59.10,11.60,474.70,200.80,88.40,94.80,94.70,57.10,16.03,476.73,198.77,268.00,283.00,95.73,58.63,41.86
2026-04-22 07:05:00,2026-04-22 07:05:59,Q09,475.70,188.70,84.60,89.30,95.00,61.30,14.60,479.30,203.70,94.10,97.20,97.40,60.10,11.31,474.00,205.70,91.20,97.20,94.60,57.30,16.46,476.33,199.37,269.90,283.70,95.67,59.57,42.37
2026-04-22 07:06:00,2026-04-22 07:06:59,Q09,476.10,196.20,88.30,93.30,95.20,59.70,14.60,478.10,200.30,92.20,95.60,97.10,59.20,11.74,475.90,201.00,89.30,95.50,94.90,57.10,15.91,476.70,199.17,269.80,284.40,95.73,58.67,42.26
2026-04-22 07:07:00,2026-04-22 07:07:59,Q09,478.60,199.00,90.20,95.10,95.00,67.20,14.71,479.40,213.10,98.90,102.00,97.10,67.00,12.03,475.50,211.70,94.00,100.20,94.40,64.40,16.69,477.83,207.93,283.10,297.30,95.50,66.20,43.43
2026-04-22 07:08:00,2026-04-22 07:08:59,Q09,477.90,201.70,89.30,95.90,94.90,65.00,15.06,478.70,212.00,97.00,101.30,96.90,64.80,12.17,476.70,213.30,94.90,101.40,94.50,63.30,16.49,477.77,209.00,281.20,298.60,95.43,64.37,43.71
2026-04-22 07:09:00,2026-04-22 07:09:59,Q09,478.60,201.20,91.20,96.10,95.00,66.60,14.83,479.60,211.30,97.00,101.10,96.90,66.30,12.34,475.20,209.30,93.10,99.30,94.30,64.10,16.71,477.80,207.27,281.30,296.50,95.40,65.67,43.89
2026-04-22 07:10:00,2026-04-22 07:10:59,Q09,477.40,203.50,90.20,96.80,94.90,65.30,15.03,479.90,211.90,98.00,101.10,97.00,62.70,12.17,475.90,211.70,94.00,100.20,94.40,61.00,16.66,477.73,209.03,282.20,298.10,95.43,63.00,43.86
2026-04-22 07:11:00,2026-04-22 07:11:59,Q09,476.50,197.60,88.30,93.80,95.00,64.90,14.91,479.60,208.40,95.00,99.60,96.90,63.30,12.31,476.00,213.90,94.90,101.40,94.40,62.60,16.66,477.37,206.63,278.20,294.80,95.43,63.60,43.89
2026-04-22 07:12:00,2026-04-22 07:12:59,Q09,479.00,202.80,91.20,96.80,95.20,67.70,14.46,479.10,215.20,97.90,103.00,96.90,65.90,12.40,475.70,211.00,94.00,100.20,94.10,64.80,17.00,477.93,209.67,283.10,300.00,95.40,66.13,43.86
2026-04-22 07:13:00,2026-04-22 07:13:59,Q09,477.20,201.40,90.20,95.90,95.00,65.30,14.83,480.40,215.30,99.90,103.20,97.00,63.10,12.14,476.50,214.50,94.90,101.90,94.10,61.40,17.11,478.03,210.40,285.00,301.00,95.37,63.27,44.09
2026-04-22 07:14:00,2026-04-22 07:14:59,Q09,478.60,202.30,91.20,96.60,95.00,67.20,14.86,480.00,213.40,98.90,102.20,97.00,65.00,12.20,475.40,216.10,95.90,102.60,94.20,65.10,16.94,478.00,210.60,286.00,301.40,95.40,65.77,44.00
2026-04-22 07:15:00,2026-04-22 07:15:59,Q09,478.40,203.30,91.20,97.00,94.80,65.40,15.03,480.00,209.80,97.00,100.30,97.10,63.10,12.00,475.30,212.20,94.00,100.70,94.30,60.90,16.86,477.90,208.43,282.20,298.00,95.40,63.13,43.89
2026-04-22 07:16:00,2026-04-22 07:16:59,Q09,477.50,202.80,90.20,96.40,94.90,67.90,15.11,478.80,210.70,97.00,100.40,97.00,67.00,12.23,476.80,212.60,94.00,100.90,94.40,64.60,16.74,477.70,208.70,281.20,297.70,95.43,66.50,44.09
2026-04-22 07:17:00,2026-04-22 07:17:59,Q09,478.00,203.30,91.20,97.00,94.80,65.00,15.14,479.80,213.20,98.90,102.00,97.20,63.90,11.83,475.30,214.30,94.90,101.70,94.40,61.10,16.94,477.70,210.27,285.00,300.70,95.47,63.33,43.91
2026-04-22 07:18:00,2026-04-22 07:18:59,Q09,477.80,201.90,89.30,95.90,94.80,67.40,15.20,480.20,211.80,98.00,101.30,97.20,66.40,11.83,475.60,219.90,97.80,104.00,94.40,63.60,17.03,477.87,211.20,285.10,301.20,95.47,65.80,44.06
2026-04-22 07:19:00,2026-04-22 07:19:59,Q09,478.60,198.30,89.30,94.60,95.00,66.80,14.69,479.80,210.90,97.00,100.60,97.30,64.50,11.71,475.20,215.70,95.90,102.10,94.00,62.50,17.34,477.87,208.30,282.20,297.30,95.43,64.60,43.74
2026-04-22 07:20:00,2026-04-22 07:20:59,Q09,477.80,200.00,89.30,95.40,94.70,67.90,15.17,480.50,213.10,98.90,102.20,97.30,66.20,11.66,475.10,220.30,97.80,104.50,94.20,63.60,17.26,477.80,211.13,286.00,302.10,95.40,65.90,44.09
2026-04-22 07:21:00,2026-04-22 07:21:59,Q09,476.90,201.30,89.30,95.70,94.80,66.70,15.17,480.00,209.40,97.00,100.30,97.10,66.20,11.94,476.30,217.00,96.80,103.30,94.40,63.70,16.89,477.73,209.23,283.10,299.30,95.43,65.53,44.00
2026-04-22 07:22:00,2026-04-22 07:22:59,Q09,478.90,203.70,92.20,97.00,95.00,67.60,14.86,479.50,212.00,98.00,101.50,97.20,66.00,11.80,475.70,214.10,94.90,101.70,94.40,63.40,16.77,478.03,209.93,285.10,300.20,95.53,65.67,43.43
2026-04-22 07:23:00,2026-04-22 07:23:59,Q09,479.20,197.50,89.30,94.40,95.00,65.40,14.80,479.60,215.40,98.90,103.00,97.10,64.50,12.00,476.10,213.10,94.90,101.40,94.30,62.50,16.83,478.30,208.67,283.10,298.80,95.47,64.13,43.63
2026-04-22 07:24:00,2026-04-22 07:24:59,Q09,478.60,200.30,90.20,95.60,95.00,64.70,14.89,480.20,210.30,97.00,100.80,97.00,64.10,12.14,477.10,211.90,94.00,100.60,94.30,62.40,16.89,478.63,207.50,281.20,297.00,95.43,63.73,43.91
2026-04-22 07:25:00,2026-04-22 07:25:59,Q09,478.90,199.80,90.20,95.10,95.00,67.10,14.91,481.00,213.90,98.90,102.50,97.00,66.30,12.14,476.20,215.90,95.90,102.30,94.30,63.60,16.91,478.70,209.87,285.00,299.90,95.43,65.67,43.97
2026-04-22 07:26:00,2026-04-22 07:26:59,Q09,478.00,204.00,91.20,97.50,94.90,65.20,15.20,480.50,210.80,97.00,100.80,97.00,64.30,12.11,477.50,212.00,94.90,101.10,94.70,62.60,16.29,478.67,208.93,283.10,299.40,95.53,64.03,43.60
2026-04-22 07:27:00,2026-04-22 07:27:59,Q09,478.40,204.50,91.20,97.50,94.60,67.50,15.57,481.10,212.50,98.00,102.00,97.00,66.70,12.14,476.20,211.20,94.00,100.40,94.60,63.70,16.60,478.57,209.40,283.20,299.90,95.40,65.97,44.31
2026-04-22 07:28:00,2026-04-22 07:28:59,Q09,479.30,200.20,89.30,95.80,94.80,65.10,15.23,479.90,209.20,97.00,100.10,97.00,64.10,12.17,476.10,212.00,94.00,100.90,94.50,61.80,16.63,478.43,207.13,280.30,296.80,95.43,63.67,44.03
2026-04-22 07:29:00,2026-04-22 07:29:59,Q09,478.80,205.50,91.20,98.00,94.80,65.50,15.34,480.60,210.00,97.00,100.80,97.10,66.20,11.94,475.90,212.80,94.00,100.70,94.80,62.30,16.34,478.43,209.43,282.20,299.50,95.57,64.67,43.63
2026-04-22 07:30:00,2026-04-22 07:30:59,Q09,477.60,204.80,91.20,97.30,94.80,65.60,15.46,479.80,211.80,98.00,101.10,97.00,66.10,11.97,477.50,210.80,95.00,100.20,95.00,62.30,15.94,478.30,209.13,284.20,298.60,95.60,64.67,43.37
2026-04-22 07:31:00,2026-04-22 07:31:59,Q09,478.50,203.30,91.20,97.00,94.70,64.60,15.43,480.10,208.90,95.00,99.80,96.90,65.10,12.23,476.10,214.70,94.90,101.90,94.70,61.80,16.34,478.23,208.97,281.10,298.70,95.43,63.83,44.00
2026-04-22 07:32:00,2026-04-22 07:32:59,Q09,478.90,201.50,90.20,96.10,94.90,66.80,15.03,479.80,214.90,98.90,102.50,97.00,66.50,12.20,475.80,213.90,94.90,101.20,94.40,63.90,16.83,478.17,210.10,284.00,299.80,95.43,65.73,44.06
2026-04-22 07:33:00,2026-04-22 07:33:59,Q09,477.60,204.50,91.20,97.30,94.80,65.30,15.40,479.80,211.10,98.00,101.10,97.00,63.80,12.23,477.40,214.10,95.90,102.10,94.70,62.50,16.43,478.27,209.90,285.10,300.50,95.50,63.87,44.06
2026-04-22 07:34:00,2026-04-22 07:34:59,Q09,477.10,205.30,91.20,97.80,94.60,65.80,15.66,480.20,212.60,98.00,101.80,97.00,66.50,12.11,477.00,214.50,95.90,102.10,94.80,62.20,16.37,478.10,210.80,285.10,301.70,95.47,64.83,44.14
2026-04-22 07:35:00,2026-04-22 07:35:59,Q09,477.30,204.30,91.20,97.30,94.80,63.30,15.60,479.50,211.40,97.00,101.10,96.90,62.90,12.26,477.30,214.10,95.90,102.10,94.90,59.50,16.20,478.03,209.93,284.10,300.50,95.53,61.90,44.06
2026-04-22 07:36:00,2026-04-22 07:36:59,Q09,479.10,206.00,92.10,98.70,94.90,62.50,15.09,479.80,213.60,98.90,102.00,97.00,63.20,12.17,475.90,208.60,92.10,98.80,94.50,61.90,16.71,478.27,209.40,283.10,299.50,95.47,62.53,43.97
2026-04-22 07:37:00,2026-04-22 07:37:59,Q09,478.30,204.20,91.20,97.50,94.40,67.40,15.89,480.90,209.30,97.00,100.30,97.20,66.50,11.80,476.30,214.00,94.90,101.90,94.60,62.90,16.83,478.50,209.17,283.10,299.70,95.40,65.60,44.51
2026-04-22 07:38:00,2026-04-22 07:38:59,Q09,477.50,203.80,90.20,96.80,94.50,64.10,15.94,480.40,211.50,98.00,101.30,97.20,64.00,11.74,476.10,217.60,96.80,103.30,94.90,59.70,16.43,478.00,210.97,285.00,301.40,95.53,62.60,44.11
2026-04-22 07:39:00,2026-04-22 07:39:59,Q09,477.70,207.40,92.10,98.70,94.60,66.20,15.69,480.60,212.60,98.00,101.80,97.10,65.60,11.89,477.50,213.50,94.90,101.60,94.90,61.40,16.37,478.60,211.17,285.00,302.10,95.53,64.40,43.94
2026-04-22 07:40:00,2026-04-22 07:40:59,Q09,477.40,205.10,91.20,97.80,94.50,64.00,15.74,480.70,210.70,97.00,100.80,97.20,64.60,11.74,475.90,214.60,94.90,101.70,94.70,63.60,16.66,478.00,210.13,283.10,300.30,95.47,64.07,44.14
2026-04-22 07:41:00,2026-04-22 07:41:59,Q09,478.70,205.10,91.20,98.00,94.80,65.70,15.57,479.00,213.10,98.90,102.00,97.00,66.50,12.31,476.40,217.00,96.80,103.30,94.80,63.60,16.37,478.03,211.73,286.90,303.30,95.53,65.27,44.26
2026-04-22 07:42:00,2026-04-22 07:42:59,Q09,477.40,205.00,91.20,97.80,94.70,67.30,15.57,479.80,213.50,97.90,102.00,96.90,67.30,12.40,477.40,213.50,94.90,101.60,94.70,64.00,16.34,478.20,210.67,284.00,301.40,95.43,66.20,44.31
2026-04-22 07:43:00,2026-04-22 07:43:59,Q09,477.50,205.30,91.20,97.80,94.80,66.10,15.46,479.90,217.00,99.90,103.90,97.00,65.70,12.14,477.30,214.10,95.90,102.10,94.70,63.30,16.54,478.23,212.13,287.00,303.80,95.50,65.03,44.14
2026-04-22 07:44:00,2026-04-22 07:44:59,Q09,478.50,207.70,92.10,98.90,94.90,66.40,15.23,479.80,210.80,96.00,100.60,96.90,66.20,12.26,476.90,213.80,94.90,101.40,94.70,63.30,16.31,478.40,210.77,283.00,300.90,95.50,65.30,43.80
2026-04-22 07:45:00,2026-04-22 07:45:59,Q09,478.20,203.30,91.20,97.00,94.70,66.10,15.57,479.70,210.30,97.00,100.60,97.00,65.50,12.09,477.50,211.10,94.00,100.60,94.90,63.20,16.03,478.47,208.23,282.20,298.20,95.53,64.93,43.69
2026-04-22 07:46:00,2026-04-22 07:46:59,Q09,479.10,204.50,91.20,97.70,94.70,66.30,15.34,479.90,210.80,97.00,100.60,97.00,65.60,12.11,476.40,213.70,94.90,101.40,94.70,62.00,16.37,478.47,209.67,283.10,299.70,95.47,64.63,43.83
2026-04-22 07:47:00,2026-04-22 07:47:59,Q09,478.60,203.70,91.20,97.00,94.60,68.70,15.57,479.40,211.30,98.00,101.10,97.00,68.20,12.14,477.50,215.70,95.90,102.60,94.60,64.10,16.54,478.50,210.23,285.10,300.70,95.40,67.00,44.26
2026-04-22 07:48:00,2026-04-22 07:48:59,Q09,477.70,205.80,91.20,97.80,94.50,67.50,15.71,480.40,210.50,97.00,100.80,97.10,67.10,11.74,477.90,213.10,94.90,101.60,94.90,63.00,16.14,478.67,209.80,283.10,300.20,95.50,65.87,43.60
2026-04-22 07:49:00,2026-04-22 07:49:59,Q09,478.90,204.00,91.20,97.50,94.50,64.90,15.60,479.80,211.30,98.00,101.10,97.30,65.20,11.51,477.10,216.60,96.80,103.00,94.70,62.50,16.51,478.60,210.63,286.00,301.60,95.50,64.20,43.63
2026-04-22 07:50:00,2026-04-22 07:50:59,Q09,478.90,204.80,91.20,97.50,94.50,67.90,15.63,480.00,209.90,97.00,100.30,97.20,67.60,11.43,476.30,217.60,96.80,103.30,94.80,63.80,16.23,478.40,210.77,285.00,301.10,95.50,66.43,43.29
2026-04-22 07:51:00,2026-04-22 07:51:59,Q09,477.40,201.20,89.30,95.90,94.50,64.30,15.60,480.70,211.60,98.00,101.30,97.30,64.80,11.40,476.70,213.10,94.90,101.40,94.60,60.60,16.74,478.27,208.63,282.20,298.60,95.47,63.23,43.74
2026-04-22 07:52:00,2026-04-22 07:52:59,Q09,477.20,206.70,92.10,98.30,94.50,68.30,15.74,479.60,211.70,98.00,101.10,97.10,67.50,11.86,477.20,217.00,96.80,103.50,94.80,63.40,16.31,478.00,211.80,286.90,302.90,95.47,66.40,43.91
2026-04-22 07:53:00,2026-04-22 07:53:59,Q09,477.30,204.30,90.20,97.30,93.90,65.00,16.60,480.90,208.50,96.00,99.80,97.10,66.40,11.60,477.00,217.10,96.80,103.50,94.90,61.50,16.34,478.40,209.97,283.00,300.60,95.30,64.30,44.54
2026-04-22 07:54:00,2026-04-22 07:54:59,Q09,478.60,203.20,91.20,97.00,94.30,65.10,15.77,479.70,209.00,97.00,100.10,97.30,65.40,11.40,476.90,218.00,96.80,103.80,94.80,62.20,16.37,478.40,210.07,285.00,300.90,95.47,64.23,43.54
2026-04-22 07:55:00,2026-04-22 07:55:59,Q09,478.60,201.90,90.20,96.10,94.60,66.40,15.43,479.70,208.70,96.00,99.60,97.30,66.20,11.43,475.90,214.10,94.90,101.70,94.70,60.90,16.34,478.07,208.23,281.10,297.40,95.53,64.50,43.20
2026-04-22 07:56:00,2026-04-22 07:56:59,Q09,478.70,203.50,91.20,97.00,94.40,65.80,15.80,479.80,210.80,97.00,100.60,97.20,64.00,11.51,476.10,214.30,94.90,101.90,94.80,60.20,16.40,478.20,209.53,283.10,299.50,95.47,63.33,43.71
2026-04-22 07:57:00,2026-04-22 07:57:59,Q09,477.70,202.30,90.20,96.40,94.50,67.30,15.80,480.30,210.70,97.00,100.80,97.10,67.80,11.69,477.70,215.90,95.90,102.60,94.90,62.90,16.11,478.57,209.63,283.10,299.80,95.50,66.00,43.60
2026-04-22 07:58:00,2026-04-22 07:58:59,Q09,478.90,206.40,92.10,98.50,94.40,64.70,15.74,480.50,213.00,98.90,102.20,97.20,65.10,11.60,476.30,215.10,95.90,102.30,94.80,61.30,16.43,478.57,211.50,286.90,303.00,95.47,63.70,43.77
2026-04-22 07:59:00,2026-04-22 07:59:59,Q09,478.80,202.00,90.20,96.60,94.50,66.20,15.69,481.10,210.70,98.00,101.00,97.30,67.10,11.43,476.30,215.90,95.90,102.30,94.90,62.80,16.26,478.73,209.53,284.10,299.90,95.57,65.37,43.37
2026-04-22 08:00:00,2026-04-22 08:00:59,Q09,477.70,204.80,91.20,97.30,94.40,66.90,15.97,480.80,212.70,98.00,101.80,97.00,66.90,11.97,477.80,213.70,94.90,101.60,94.90,63.20,16.20,478.77,210.40,284.10,300.70,95.43,65.67,44.14
2026-04-22 08:01:00,2026-04-22 08:01:59,Q09,478.60,205.20,91.20,98.00,94.50,61.40,15.71,481.00,211.10,98.00,101.50,97.10,64.80,11.71,476.60,213.40,95.90,101.40,95.00,59.60,15.97,478.73,209.90,285.10,300.90,95.53,61.93,43.40
2026-04-22 08:02:00,2026-04-22 08:02:59,Q09,478.00,205.10,91.20,98.00,94.40,65.30,16.14,479.50,206.50,95.10,98.70,97.00,65.70,11.91,477.60,211.00,95.00,100.60,95.30,61.40,15.51,478.37,207.53,281.30,297.30,95.57,64.13,43.57
2026-04-22 08:03:00,2026-04-22 08:03:59,Q09,478.00,202.30,90.20,96.60,94.50,62.40,15.83,479.90,208.50,96.00,99.60,97.10,63.90,11.71,478.00,214.20,96.90,102.30,95.20,62.80,15.71,478.63,208.33,283.10,298.50,95.60,63.03,43.26
2026-04-22 08:04:00,2026-04-22 08:04:59,Q09,478.40,202.30,90.20,96.60,94.30,66.90,16.00,481.00,211.10,98.00,101.50,97.20,66.10,11.66,476.20,215.50,95.90,102.30,94.80,61.70,16.40,478.53,209.63,284.10,300.40,95.43,64.90,44.06
2026-04-22 08:06:00,2026-04-22 08:06:59,Q09,478.90,202.30,90.20,96.60,94.60,66.80,15.63,479.80,211.50,98.00,101.10,97.20,66.90,11.71,476.20,216.30,95.90,102.80,94.80,62.40,16.43,478.30,210.03,284.10,300.50,95.53,65.37,43.77
2026-04-22 08:07:00,2026-04-22 08:07:59,Q09,477.60,202.30,90.20,96.40,94.50,64.70,15.66,480.40,208.00,96.00,99.80,97.30,65.40,11.46,476.60,213.00,94.90,101.40,94.90,60.50,16.26,478.20,207.77,281.10,297.60,95.57,63.53,43.37
2026-04-22 08:08:00,2026-04-22 08:08:59,Q09,478.90,206.40,92.10,98.50,94.60,66.50,15.49,479.80,209.60,97.00,100.10,97.10,66.80,11.80,476.30,210.90,93.10,100.00,94.90,62.80,16.20,478.33,208.97,282.20,298.60,95.53,65.37,43.49
2026-04-22 08:09:00,2026-04-22 08:09:59,Q09,477.50,201.70,89.30,95.90,94.60,65.70,15.54,479.80,207.10,96.00,99.20,97.10,65.80,11.66,477.20,212.00,94.90,101.10,94.90,62.00,16.03,478.17,206.93,280.20,296.20,95.53,64.50,43.23
2026-04-22 08:10:00,2026-04-22 08:10:59,Q09,477.60,200.20,89.30,95.40,94.30,67.70,15.94,480.60,210.20,97.00,100.80,97.30,67.00,11.40,475.80,216.80,95.90,102.60,94.90,61.70,16.29,478.00,209.07,282.20,298.80,95.50,65.47,43.63
2026-04-22 08:11:00,2026-04-22 08:11:59,Q09,478.40,201.20,90.20,96.10,94.40,65.70,15.63,480.00,209.80,97.00,100.30,97.20,65.80,11.54,475.70,216.40,95.90,102.60,94.60,61.50,16.57,478.03,209.13,283.10,299.00,95.40,64.33,43.74
2026-04-22 08:12:00,2026-04-22 08:12:59,Q09,477.00,201.00,89.30,95.90,94.10,67.20,16.06,480.80,207.30,96.00,99.40,97.20,66.40,11.40,476.60,213.30,94.90,101.40,94.90,62.60,16.23,478.13,207.20,280.20,296.70,95.40,65.40,43.69
2026-04-22 08:13:00,2026-04-22 08:13:59,Q09,477.80,202.90,90.20,96.40,94.40,66.00,15.71,479.20,204.80,93.10,97.70,96.90,68.30,11.86,477.50,210.10,95.00,100.20,95.00,62.60,15.69,478.17,205.93,278.30,294.30,95.43,65.63,43.26
2026-04-22 08:14:00,2026-04-22 08:14:59,Q09,477.00,195.30,87.40,93.00,94.90,57.90,14.97,478.40,203.20,94.10,97.00,97.20,58.50,11.51,475.30,202.70,90.20,95.90,95.00,55.30,15.77,476.90,200.40,271.70,285.90,95.70,57.23,42.26
2026-04-22 08:15:00,2026-04-22 08:15:59,Q09,475.90,195.60,87.40,92.60,95.00,59.30,14.89,479.10,203.50,94.10,97.20,97.30,58.90,11.23,475.60,204.60,91.20,96.90,95.30,56.20,15.40,476.87,201.23,272.70,286.70,95.87,58.13,41.51
2026-04-22 08:16:00,2026-04-22 08:16:59,Q09,477.00,197.00,87.40,94.00,94.90,57.60,15.11,477.80,200.20,92.20,95.40,97.20,56.50,11.49,475.20,202.60,90.20,95.90,95.30,53.80,15.34,476.67,199.93,269.80,285.30,95.80,55.97,41.94
2026-04-22 08:17:00,2026-04-22 08:17:59,Q09,476.80,196.80,88.30,93.30,95.00,57.70,15.00,478.80,202.60,93.10,96.60,97.30,57.60,11.49,474.20,206.50,92.20,97.60,95.20,55.00,15.60,476.60,201.97,273.60,287.50,95.83,56.77,42.09
2026-04-22 08:18:00,2026-04-22 08:18:59,Q09,477.00,194.20,86.50,92.50,94.90,56.80,15.09,477.50,201.80,92.20,95.90,97.20,56.60,11.49,474.90,203.60,91.20,96.20,95.20,53.60,15.51,476.47,199.87,269.90,284.60,95.77,55.67,42.09
2026-04-22 08:19:00,2026-04-22 08:19:59,Q09,476.00,192.90,86.40,91.40,95.10,56.70,14.71,477.80,201.10,92.20,95.90,97.20,55.40,11.43,475.70,204.80,91.20,96.90,95.20,53.60,15.40,476.50,199.60,269.80,284.20,95.83,55.23,41.54
2026-04-22 08:20:00,2026-04-22 08:20:59,Q09,475.60,195.80,86.50,92.60,94.90,58.70,15.09,478.30,203.60,94.10,97.00,97.20,59.10,11.49,474.40,208.40,93.10,98.60,95.20,55.30,15.63,476.10,202.60,273.70,288.20,95.77,57.70,42.20
2026-04-22 08:21:00,2026-04-22 08:21:59,Q09,476.00,195.80,87.40,92.80,95.10,55.50,14.80,478.60,204.00,94.10,97.50,97.10,56.20,11.74,474.30,203.20,91.20,96.20,95.10,52.90,15.57,476.30,201.00,272.70,286.50,95.77,54.87,42.11
2026-04-22 08:22:00,2026-04-22 08:22:59,Q09,475.30,196.50,88.30,93.10,95.00,57.60,15.03,478.80,202.50,93.10,96.60,97.20,57.60,11.54,474.70,200.50,89.30,94.80,95.20,55.20,15.63,476.27,199.83,270.70,284.50,95.80,56.80,42.20
2026-04-22 08:23:00,2026-04-22 08:23:59,Q09,476.60,200.20,89.30,95.20,94.80,57.30,15.31,479.40,200.00,92.20,95.80,97.20,55.50,11.49,474.50,209.30,94.10,99.10,95.10,53.40,15.86,476.83,203.17,275.60,290.10,95.70,55.40,42.66
2026-04-22 08:24:00,2026-04-22 08:24:59,Q09,477.10,194.20,86.50,92.50,94.90,58.00,15.17,479.40,204.30,94.10,97.70,97.20,58.50,11.57,474.80,203.60,91.20,96.20,95.10,55.50,15.80,477.10,200.70,271.80,286.40,95.73,57.33,42.54
2026-04-22 08:25:00,2026-04-22 08:25:59,Q09,477.10,198.40,88.40,94.40,94.80,59.80,15.29,479.40,205.50,95.10,98.20,97.30,59.40,11.40,474.70,206.10,92.20,97.60,95.10,56.20,15.83,477.07,203.33,275.70,290.20,95.73,58.47,42.51
2026-04-22 08:26:00,2026-04-22 08:26:59,Q09,478.30,197.50,89.30,94.20,95.00,59.20,14.94,479.10,204.50,94.10,97.70,97.20,60.10,11.63,476.30,205.90,92.20,97.60,95.20,57.30,15.43,477.90,202.63,275.60,289.50,95.80,58.87,42.00
2026-04-22 08:27:00,2026-04-22 08:27:59,Q09,477.60,193.90,86.50,92.10,94.70,58.70,15.40,480.50,200.60,93.10,96.00,97.30,58.40,11.29,476.00,208.00,94.10,99.00,95.10,53.70,15.74,478.03,200.83,273.70,287.10,95.70,56.93,42.43
2026-04-22 08:28:00,2026-04-22 08:28:59,Q09,477.80,196.00,87.40,93.50,94.80,59.00,15.20,480.20,199.90,92.20,95.50,97.40,59.20,11.06,475.70,207.50,93.10,98.30,95.30,55.20,15.46,477.90,201.13,272.70,287.30,95.83,57.80,41.71
2026-04-22 08:29:00,2026-04-22 08:29:59,Q09,477.90,195.80,87.40,93.00,94.80,59.10,15.23,479.60,199.10,92.20,95.30,97.40,57.90,11.00,475.40,207.10,93.10,98.30,95.30,54.20,15.54,477.63,200.67,272.70,286.60,95.83,57.07,41.77
2026-04-22 08:30:00,2026-04-22 08:30:59,Q09,478.00,195.30,87.40,93.20,94.90,58.80,15.09,480.30,202.40,93.10,97.00,97.40,59.00,11.17,475.60,206.10,92.20,97.80,95.30,54.80,15.49,477.97,201.27,272.70,288.00,95.87,57.53,41.74
2026-04-22 08:31:00,2026-04-22 08:31:59,Q09,477.50,200.70,89.30,95.40,94.30,66.40,16.03,481.20,209.00,97.00,100.50,97.40,66.70,11.09,476.40,217.70,97.80,103.30,95.30,61.80,15.74,478.37,209.13,284.10,299.20,95.67,64.97,42.86
2026-04-22 08:32:00,2026-04-22 08:32:59,Q09,479.30,200.90,89.30,95.80,94.30,65.10,15.97,480.10,206.80,95.10,98.90,97.20,64.50,11.51,476.70,209.90,94.10,99.50,95.00,60.20,15.97,478.70,205.87,278.50,294.20,95.50,63.27,43.46
2026-04-22 08:33:00,2026-04-22 08:33:59,Q09,478.50,202.40,90.20,96.60,94.30,67.30,16.03,479.90,207.60,96.00,99.20,97.10,68.00,11.66,477.90,211.90,95.00,100.60,95.20,62.70,15.63,478.77,207.30,281.20,296.40,95.53,66.00,43.31
2026-04-22 08:34:00,2026-04-22 08:34:59,Q09,477.90,198.60,88.40,94.40,94.30,65.40,15.89,481.40,204.00,95.10,98.10,97.20,64.20,11.43,477.10,211.50,95.00,100.60,95.00,60.70,15.91,478.80,204.70,278.50,293.10,95.50,63.43,43.23
2026-04-22 08:35:00,2026-04-22 08:35:59,Q09,477.90,205.60,91.20,97.80,94.40,67.20,15.89,481.30,210.20,98.00,101.00,97.10,66.80,11.66,477.70,215.70,96.90,102.60,95.00,62.40,15.97,478.97,210.50,286.10,301.40,95.50,65.47,43.51
2026-04-22 08:36:00,2026-04-22 08:36:59,Q09,479.10,204.20,91.20,97.70,94.60,64.60,15.69,480.50,207.50,95.00,99.40,96.90,65.00,12.03,476.50,213.60,95.90,101.40,95.10,60.30,15.71,478.70,208.43,282.10,298.50,95.53,63.30,43.43
2026-04-22 08:37:00,2026-04-22 08:37:59,Q09,478.40,203.90,91.20,97.00,94.60,63.20,15.71,480.20,209.70,96.00,100.30,96.80,64.90,12.17,478.30,210.20,95.00,100.40,95.30,61.10,15.29,478.97,207.93,282.20,297.70,95.57,63.07,43.17
2026-04-22 08:38:00,2026-04-22 08:38:59,Q09,477.90,204.60,91.20,97.30,94.50,65.30,15.80,480.50,209.60,97.00,100.30,97.00,67.20,11.86,478.20,210.00,95.00,100.40,95.20,62.50,15.46,478.87,208.07,283.20,298.00,95.57,65.00,43.11
2026-04-22 08:39:00,2026-04-22 08:39:59,Q09,478.10,201.50,90.20,96.10,94.40,63.10,16.03,480.60,207.90,96.00,99.40,97.00,65.90,11.89,476.70,216.10,96.90,102.80,95.30,59.60,15.46,478.47,208.50,283.10,298.30,95.57,62.87,43.37
2026-04-22 08:40:00,2026-04-22 08:40:59,Q09,478.10,202.60,90.20,96.60,94.40,66.10,15.89,480.80,209.40,97.00,100.30,97.10,67.60,11.60,476.50,211.40,95.00,100.40,95.20,62.40,15.71,478.47,207.80,282.20,297.30,95.57,65.37,43.20
2026-04-22 08:41:00,2026-04-22 08:41:59,Q09,477.30,203.90,90.20,96.80,94.10,65.40,16.23,481.00,206.30,96.00,99.10,97.30,65.40,11.23,476.60,214.60,95.90,101.90,95.20,59.90,15.80,478.30,208.27,282.10,297.80,95.53,63.57,43.26
2026-04-22 08:42:00,2026-04-22 08:42:59,Q09,478.60,202.40,90.20,96.60,94.20,66.80,16.14,479.80,211.50,98.00,101.10,97.20,67.50,11.49,477.80,217.10,97.80,103.50,95.10,62.80,15.86,478.73,210.33,286.00,301.20,95.50,65.70,43.49
2026-04-22 08:43:00,2026-04-22 08:43:59,Q09,478.30,202.80,90.20,96.60,94.40,67.00,15.91,479.90,208.60,96.00,99.60,97.10,67.90,11.51,478.10,213.20,95.90,101.80,95.20,63.40,15.57,478.77,208.20,282.10,298.00,95.57,66.10,43.00
2026-04-22 08:44:00,2026-04-22 08:44:59,Q09,477.10,202.10,90.20,96.40,94.20,63.80,16.23,481.00,203.40,94.10,97.60,97.10,62.90,11.54,477.60,214.00,96.90,102.10,95.20,58.60,15.69,478.57,206.50,281.20,296.10,95.50,61.77,43.46
2026-04-22 08:45:00,2026-04-22 08:45:59,Q09,478.80,205.10,91.20,98.00,94.20,66.30,16.00,479.70,204.80,94.10,97.70,97.30,67.10,11.26,477.50,212.90,95.90,101.10,95.20,61.60,15.69,478.67,207.60,281.20,296.80,95.57,65.00,42.94
2026-04-22 08:46:00,2026-04-22 08:46:59,Q09,478.20,205.40,91.20,98.00,94.10,67.30,16.23,480.40,205.40,95.10,98.40,97.10,66.10,11.57,476.90,214.50,95.90,101.90,95.00,61.30,15.94,478.50,208.43,282.20,298.30,95.40,64.90,43.74
2026-04-22 08:47:00,2026-04-22 08:47:59,Q09,477.90,202.80,90.20,96.40,94.10,67.00,16.14,481.00,206.90,96.00,99.10,97.20,68.00,11.31,477.90,216.90,97.80,103.00,95.20,62.90,15.63,478.93,208.87,284.00,298.50,95.50,65.97,43.09
2026-04-22 08:48:00,2026-04-22 08:48:59,Q09,478.90,201.50,90.20,96.10,94.20,63.40,16.06,479.70,210.20,97.00,100.60,97.10,65.90,11.57,477.40,215.60,96.90,102.60,95.10,59.00,15.80,478.67,209.10,284.10,299.30,95.47,62.77,43.43
2026-04-22 08:49:00,2026-04-22 08:49:59,Q09,477.50,202.10,90.20,96.40,94.20,65.70,16.09,481.00,203.20,94.10,97.60,97.20,67.60,11.23,477.60,210.20,95.00,100.20,95.30,62.60,15.46,478.70,205.17,279.30,294.20,95.57,65.30,42.77
2026-04-22 08:50:00,2026-04-22 08:50:59,Q09,478.80,206.40,92.10,98.50,94.40,65.30,15.94,479.80,203.30,94.10,97.20,97.10,67.80,11.51,477.70,209.80,94.10,99.70,95.30,61.90,15.43,478.77,206.50,280.30,295.40,95.60,65.00,42.89
2026-04-22 08:51:00,2026-04-22 08:51:59,Q09,478.90,205.80,91.20,98.00,94.30,66.90,15.74,480.00,204.80,94.10,97.90,97.20,68.70,11.37,476.50,211.50,95.00,100.40,95.00,62.40,15.86,478.47,207.37,280.30,296.30,95.50,66.00,42.97
2026-04-22 08:52:00,2026-04-22 08:52:59,Q09,477.90,207.00,92.10,98.70,94.10,65.70,16.14,480.80,205.80,95.10,98.40,97.20,67.20,11.29,476.20,212.40,95.00,100.90,95.20,61.60,15.69,478.30,208.40,282.20,298.00,95.50,64.83,43.11
2026-04-22 08:53:00,2026-04-22 08:53:59,Q09,477.30,200.60,89.30,95.40,94.10,65.40,16.23,480.70,202.60,93.10,97.00,97.20,67.40,11.20,477.50,213.70,95.90,101.60,95.30,62.00,15.49,478.50,205.63,278.30,294.00,95.53,64.93,42.91
2026-04-22 08:54:00,2026-04-22 08:54:59,Q09,477.80,202.50,89.30,96.40,93.90,65.40,16.37,479.30,205.90,95.10,98.20,97.20,67.20,11.17,477.20,209.90,94.10,99.70,95.40,60.90,15.29,478.10,206.10,278.50,294.30,95.50,64.50,42.83
2026-04-22 08:55:00,2026-04-22 08:55:59,Q09,478.80,205.80,91.20,98.00,94.20,65.70,15.94,480.90,204.50,94.10,97.90,97.20,66.10,11.34,476.80,210.50,94.10,100.00,95.20,60.90,15.51,478.83,206.93,279.40,295.90,95.53,64.23,42.80
2026-04-22 08:56:00,2026-04-22 08:56:59,Q09,479.10,200.00,89.30,95.80,94.50,65.40,15.57,480.30,206.20,95.10,98.90,97.20,66.10,11.34,476.90,207.40,93.10,98.50,95.10,60.50,15.57,478.77,204.53,277.50,293.20,95.60,64.00,42.49
2026-04-22 08:57:00,2026-04-22 08:57:59,Q09,479.50,196.60,87.40,93.90,94.40,65.80,15.60,480.40,205.70,95.10,98.40,97.20,65.30,11.26,476.90,211.00,95.00,100.40,95.10,61.20,15.71,478.93,204.43,277.50,292.70,95.57,64.10,42.57
2026-04-22 08:58:00,2026-04-22 08:58:59,Q09,479.40,198.00,88.40,94.80,94.20,67.30,15.80,480.70,205.70,95.10,98.40,97.30,66.80,11.17,477.00,213.60,95.90,101.60,95.00,62.70,15.74,479.03,205.77,279.40,294.80,95.50,65.60,42.71
2026-04-22 08:59:00,2026-04-22 08:59:59,Q09,478.00,201.00,89.30,96.10,93.90,66.10,16.26,481.90,205.80,95.10,98.60,97.40,66.60,10.83,477.50,216.40,97.80,103.00,95.10,60.20,15.69,479.13,207.73,282.20,297.70,95.47,64.30,42.77
2026-04-22 09:00:00,2026-04-22 09:00:59,Q09,478.50,201.20,90.20,96.10,94.10,67.90,16.11,480.60,205.00,95.10,98.40,97.20,68.70,11.23,477.90,216.60,97.80,103.00,95.10,62.40,15.71,479.00,207.60,283.10,297.50,95.47,66.33,43.06
2026-04-22 09:01:00,2026-04-22 09:01:59,Q09,479.20,199.00,89.30,95.30,94.20,68.00,15.91,480.70,204.60,94.10,97.90,97.20,67.90,11.37,476.90,210.20,94.10,100.00,95.00,62.80,15.89,478.93,204.60,277.50,293.20,95.47,66.23,43.17
2026-04-22 09:02:00,2026-04-22 09:02:59,Q09,477.70,200.60,89.30,95.40,94.00,66.00,16.23,481.00,202.00,94.10,97.20,97.10,67.40,11.37,478.40,214.40,96.90,102.30,95.00,62.70,15.83,479.03,205.67,280.30,294.90,95.37,65.37,43.43
2026-04-22 09:03:00,2026-04-22 09:03:59,Q09,477.50,205.00,90.20,97.80,93.90,67.80,16.34,480.60,206.70,95.10,98.90,97.10,68.70,11.46,478.40,211.00,95.00,100.90,95.10,62.60,15.69,478.83,207.57,280.30,297.60,95.37,66.37,43.49
2026-04-22 09:04:00,2026-04-22 09:04:59,Q09,479.30,201.70,90.20,96.30,94.00,67.60,15.97,481.30,206.20,96.00,99.10,97.10,68.30,11.40,476.80,211.70,94.00,100.40,94.80,62.60,16.09,479.13,206.53,280.20,295.80,95.30,66.17,43.46
2026-04-22 09:05:00,2026-04-22 09:05:59,Q09,478.10,202.70,90.20,96.60,94.10,68.00,16.03,481.80,208.40,97.00,100.00,97.10,69.10,11.31,478.00,211.40,95.00,100.90,95.10,63.50,15.63,479.30,207.50,282.20,297.50,95.43,66.87,42.97
2026-04-22 09:06:00,2026-04-22 09:06:59,Q09,477.50,199.40,88.40,94.90,94.00,66.20,16.09,480.90,205.50,95.10,98.40,97.30,65.70,11.03,477.30,216.20,97.80,103.00,95.10,60.20,15.77,478.57,207.03,281.30,296.30,95.47,64.03,42.89
2026-04-22 09:07:00,2026-04-22 09:07:59,Q09,478.30,200.90,89.30,95.60,94.20,66.20,15.86,479.50,205.30,95.10,98.20,97.10,65.40,11.37,477.20,214.20,96.90,102.10,95.20,62.60,15.49,478.33,206.80,281.30,295.90,95.50,64.73,42.71
2026-04-22 09:08:00,2026-04-22 09:08:59,Q09,477.20,203.90,89.30,96.80,93.90,66.60,16.23,480.80,204.10,94.10,97.90,97.20,68.50,11.20,477.10,209.70,94.10,99.70,95.20,62.70,15.40,478.37,205.90,277.50,294.40,95.43,65.93,42.83
2026-04-22 09:09:00,2026-04-22 09:09:59,Q09,477.00,200.60,89.30,95.40,94.20,63.70,15.86,479.40,202.90,93.10,96.80,97.20,64.40,11.09,477.60,213.00,95.90,101.60,95.30,60.40,15.17,478.00,205.50,278.30,293.80,95.57,62.83,42.11
2026-04-22 09:10:00,2026-04-22 09:10:59,Q09,478.30,201.80,90.20,96.10,94.10,67.60,15.97,479.20,203.50,94.10,97.20,97.20,68.40,11.26,477.20,214.30,96.90,102.10,95.20,62.90,15.51,478.23,206.53,281.20,295.40,95.50,66.30,42.74
2026-04-22 09:11:00,2026-04-22 09:11:59,Q09,478.10,202.30,90.20,96.60,94.00,66.10,16.09,480.80,205.50,95.10,98.40,97.30,63.70,11.09,476.30,212.90,95.00,100.90,95.10,59.80,15.71,478.40,206.90,280.30,295.90,95.47,63.20,42.89
2026-04-22 09:12:00,2026-04-22 09:12:59,Q09,476.80,202.10,90.20,96.20,94.10,66.70,16.06,479.90,201.70,93.10,96.30,97.10,68.00,11.31,477.50,210.30,95.00,100.20,95.40,62.50,15.14,478.07,204.70,278.30,292.70,95.53,65.73,42.51
2026-04-22 09:13:00,2026-04-22 09:13:59,Q09,478.00,199.50,89.30,95.10,94.00,66.90,16.00,479.40,201.50,93.10,96.30,97.20,67.90,11.23,477.00,213.50,95.90,101.60,95.10,60.80,15.51,478.13,204.83,278.30,293.00,95.43,65.20,42.74
2026-04-22 09:14:00,2026-04-22 09:14:59,Q09,478.90,200.10,89.30,95.60,94.20,65.00,15.80,479.60,205.20,95.10,98.20,97.10,69.20,11.23,476.90,208.10,94.10,99.00,95.30,59.30,15.20,478.47,204.47,278.50,292.80,95.53,64.50,42.23
2026-04-22 09:15:00,2026-04-22 09:15:59,Q09,478.60,200.60,87.40,95.60,92.80,67.10,17.49,482.70,197.60,91.20,95.00,97.50,67.80,10.29,480.00,211.30,95.90,101.30,95.60,59.30,15.11,480.43,203.17,274.50,291.90,95.30,64.73,42.89
2026-04-22 09:16:00,2026-04-22 09:16:59,Q09,480.40,201.30,88.30,96.50,92.90,67.50,17.54,481.40,196.90,91.20,94.30,97.30,67.90,10.57,480.50,214.70,96.90,102.70,95.60,61.00,14.97,480.77,204.30,276.40,293.50,95.27,65.47,43.09
2026-04-22 09:17:00,2026-04-22 09:17:59,Q09,481.20,198.00,88.30,95.20,93.10,69.00,17.14,482.20,199.30,92.20,95.90,97.60,69.20,10.03,480.70,216.10,97.80,103.70,95.50,61.30,15.29,481.37,204.47,278.30,294.80,95.40,66.50,42.46
2026-04-22 09:18:00,2026-04-22 09:18:59,Q09,480.60,200.50,89.30,96.00,93.00,69.10,17.31,482.10,199.60,92.20,95.90,97.40,69.00,10.34,481.20,210.90,95.90,101.00,95.60,61.20,14.97,481.30,203.67,277.40,292.90,95.33,66.43,42.63
2026-04-22 09:19:00,2026-04-22 09:19:59,Q09,479.50,201.00,88.30,96.30,92.90,68.30,17.51,482.90,200.90,93.10,96.40,97.40,69.00,10.29,480.90,213.80,96.90,102.20,95.70,60.70,14.94,481.10,205.23,278.30,294.90,95.33,66.00,42.74
2026-04-22 09:20:00,2026-04-22 09:20:59,Q09,480.30,199.50,88.30,95.50,93.00,65.80,17.37,481.90,197.50,91.20,94.80,97.40,67.30,10.46,480.70,219.40,99.80,105.10,95.60,59.40,15.00,480.97,205.47,279.30,295.40,95.33,64.17,42.83
2026-04-22 09:21:00,2026-04-22 09:21:59,Q09,475.60,204.10,89.30,96.90,93.10,67.30,17.46,479.00,198.40,91.20,94.80,97.20,69.50,10.86,477.00,212.20,95.90,101.10,95.80,61.00,14.60,477.20,204.90,276.40,292.80,95.37,65.93,42.91
2026-04-22 09:22:00,2026-04-22 09:22:59,Q09,476.10,204.90,90.20,97.10,93.00,65.90,17.74,478.10,194.30,89.20,92.70,97.10,69.00,10.97,477.50,212.10,95.90,101.10,95.90,60.50,14.54,477.23,203.77,275.30,290.90,95.33,65.13,43.26
2026-04-22 09:23:00,2026-04-22 09:23:59,Q09,475.90,205.30,90.20,97.40,93.20,66.20,17.43,477.80,196.50,90.20,93.50,97.40,69.20,10.40,477.20,212.80,97.00,101.10,96.10,60.00,14.31,476.97,204.87,277.40,292.00,95.57,65.13,42.14
2026-04-22 09:24:00,2026-04-22 09:24:59,Q09,475.30,203.50,89.30,96.40,93.00,64.80,17.71,478.70,197.70,91.20,94.20,97.20,67.60,10.86,477.10,217.50,97.80,103.50,95.90,58.50,14.54,477.03,206.23,278.30,294.10,95.37,63.63,43.11
2026-04-22 09:25:00,2026-04-22 09:25:59,Q09,475.60,201.90,87.40,95.50,92.90,64.20,17.74,478.90,202.90,93.10,96.60,97.40,66.60,10.51,477.60,216.40,98.90,103.00,96.00,59.10,14.51,477.37,207.07,279.40,295.10,95.43,63.30,42.77
2026-04-22 09:26:00,2026-04-22 09:26:59,Q09,476.80,204.20,89.20,97.10,92.80,68.10,17.77,479.90,197.60,91.20,94.40,97.50,69.20,10.20,477.00,216.30,97.80,103.00,95.70,60.10,14.97,477.90,206.03,278.20,294.50,95.33,65.80,42.94
2026-04-22 09:27:00,2026-04-22 09:27:59,Q09,480.00,201.20,88.30,96.50,92.90,65.90,17.63,482.70,195.80,90.20,94.00,97.40,68.00,10.34,479.30,215.20,96.90,103.00,95.80,58.50,14.77,480.67,204.07,275.40,293.50,95.37,64.13,42.74
2026-04-22 09:28:00,2026-04-22 09:28:59,Q09,479.50,197.80,87.40,94.40,93.30,61.00,17.14,480.70,191.90,88.30,91.70,97.50,61.50,10.20,478.60,205.70,93.10,98.00,96.00,53.20,14.40,479.60,198.47,268.80,284.10,95.60,58.57,41.74
2026-04-22 09:29:00,2026-04-22 09:29:59,Q09,478.00,194.50,85.60,92.70,93.40,57.60,16.94,481.90,190.90,88.30,91.40,97.70,60.10,9.97,478.10,208.70,94.10,99.40,95.90,51.50,14.63,479.33,198.03,268.00,283.50,95.67,56.40,41.54
2026-04-22 09:30:00,2026-04-22 09:30:59,Q09,479.00,195.60,86.50,93.40,93.60,60.60,16.66,481.30,192.20,89.20,92.40,97.60,62.50,10.23,477.70,209.00,94.10,99.70,95.70,53.70,14.83,479.33,198.93,269.80,285.50,95.63,58.93,41.71
2026-04-22 09:31:00,2026-04-22 09:31:59,Q09,478.80,195.30,86.50,93.20,93.50,58.40,16.83,481.40,191.50,88.30,91.90,97.50,61.00,10.29,477.70,205.40,92.20,97.80,95.80,53.30,14.69,479.30,197.40,267.00,282.90,95.60,57.57,41.80
2026-04-22 09:32:00,2026-04-22 09:32:59,Q09,478.90,198.50,87.40,94.60,93.60,58.40,16.77,480.80,196.10,91.20,94.10,97.60,62.40,10.06,477.90,206.00,93.10,98.30,95.90,53.00,14.63,479.20,200.20,271.70,287.00,95.70,57.93,41.46
2026-04-22 09:33:00,2026-04-22 09:33:59,Q09,479.30,196.60,86.50,93.90,93.60,59.50,16.91,481.00,194.90,90.20,93.30,97.60,61.50,10.23,478.60,206.00,94.10,98.50,96.00,53.70,14.46,479.63,199.17,270.80,285.70,95.73,58.23,41.60
2026-04-22 09:34:00,2026-04-22 09:34:59,Q09,479.40,196.20,86.50,93.90,93.40,59.10,16.97,481.00,192.20,89.20,92.40,97.70,61.10,9.91,478.40,208.90,94.10,99.40,95.90,51.50,14.71,479.60,199.10,269.80,285.70,95.67,57.23,41.60
2026-04-22 09:35:00,2026-04-22 09:35:59,Q09,478.40,195.80,86.50,93.20,93.10,60.90,17.40,481.90,193.90,89.20,92.80,97.80,61.90,9.69,478.20,209.50,95.00,99.90,96.00,54.00,14.63,479.50,199.73,270.70,285.90,95.63,58.93,41.71
2026-04-22 09:36:00,2026-04-22 09:36:59,Q09,478.80,193.60,85.60,92.30,93.60,58.60,16.91,480.40,192.90,89.20,92.20,97.60,59.50,10.11,479.80,206.60,94.10,98.70,96.10,51.70,14.26,479.67,197.70,268.90,283.20,95.77,56.60,41.29
2026-04-22 09:37:00,2026-04-22 09:37:59,Q09,479.10,192.20,84.60,92.00,93.30,59.20,17.11,480.40,191.10,88.30,91.70,97.60,61.80,10.00,478.30,205.10,92.20,98.00,95.90,52.30,14.60,479.27,196.13,265.10,281.70,95.60,57.77,41.71
2026-04-22 09:38:00,2026-04-22 09:38:59,Q09,477.90,195.40,85.60,93.00,92.90,59.60,17.94,480.80,190.60,88.30,91.20,97.50,61.30,10.20,479.70,210.00,96.00,100.60,96.10,53.30,14.49,479.47,198.67,269.90,284.80,95.50,58.07,42.63
2026-04-22 09:39:00,2026-04-22 09:39:59,Q09,479.10,195.40,86.50,93.40,93.10,61.20,17.49,480.80,192.40,89.20,92.20,97.60,61.50,10.00,479.70,210.80,96.00,100.60,96.00,52.10,14.43,479.87,199.53,271.70,286.20,95.57,58.27,41.91
2026-04-22 09:40:00,2026-04-22 09:40:59,Q09,479.60,200.40,88.30,95.80,93.00,60.70,17.57,480.70,190.10,88.30,91.20,97.60,61.80,9.91,479.00,208.00,95.00,99.60,96.10,53.30,14.29,479.77,199.50,271.60,286.60,95.57,58.60,41.77
2026-04-22 09:41:00,2026-04-22 09:41:59,Q09,478.30,198.90,87.40,94.60,93.20,62.30,17.26,482.50,196.00,91.20,94.50,97.80,63.10,9.69,479.00,208.60,94.10,99.60,95.90,54.20,14.74,479.93,201.17,272.70,288.70,95.63,59.87,41.69
2026-04-22 09:42:00,2026-04-22 09:42:59,Q09,479.70,199.60,88.30,95.30,93.10,60.50,17.43,480.40,192.10,89.20,92.20,97.50,63.10,10.23,478.80,206.00,93.10,98.50,95.90,54.30,14.66,479.63,199.23,270.60,286.00,95.50,59.30,42.31
2026-04-22 09:43:00,2026-04-22 09:43:59,Q09,479.40,197.80,87.40,94.40,93.30,60.30,17.11,481.20,197.30,91.20,94.80,97.60,61.80,10.00,478.30,204.00,92.20,97.50,95.90,53.20,14.71,479.63,199.70,270.80,286.70,95.60,58.43,41.83
2026-04-22 09:44:00,2026-04-22 09:44:59,Q09,479.10,198.70,87.40,94.80,93.20,61.60,17.43,480.80,191.20,88.30,91.70,97.50,64.10,10.31,479.00,210.80,96.00,100.60,96.00,54.70,14.37,479.63,200.23,271.70,287.10,95.57,60.13,42.11
2026-04-22 09:45:00,2026-04-22 09:45:59,Q09,479.00,201.50,89.30,96.30,93.30,59.50,17.34,480.20,191.70,88.30,91.70,97.60,60.80,10.11,479.20,210.30,96.00,100.60,96.10,52.80,14.29,479.47,201.17,273.60,288.60,95.67,57.70,41.74
2026-04-22 09:46:00,2026-04-22 09:46:59,Q09,478.00,195.90,86.50,93.20,93.10,60.30,17.51,481.50,191.80,88.30,91.90,97.60,62.90,10.03,479.60,208.60,95.00,99.60,96.00,54.30,14.43,479.70,198.77,269.80,284.70,95.57,59.17,41.97
2026-04-22 09:47:00,2026-04-22 09:47:59,Q09,478.40,193.00,85.60,92.30,93.20,60.70,17.26,480.20,191.60,88.30,91.70,97.50,62.10,10.20,479.50,209.50,96.00,100.10,96.00,53.30,14.34,479.37,198.03,269.90,284.10,95.57,58.70,41.80
2026-04-22 09:48:00,2026-04-22 09:48:59,Q09,478.50,194.70,85.60,92.70,93.30,59.20,17.17,480.50,195.40,90.20,93.60,97.50,61.20,10.20,479.90,206.10,94.10,98.70,96.10,53.00,14.29,479.63,198.73,269.90,285.00,95.63,57.80,41.66
2026-04-22 09:49:00,2026-04-22 09:49:59,Q09,478.90,204.60,89.20,97.50,92.70,68.70,18.00,481.90,195.70,90.20,93.80,97.40,69.80,10.31,481.10,213.90,97.90,102.50,96.00,61.00,14.40,480.63,204.73,277.30,293.80,95.37,66.50,42.71
2026-04-22 09:50:00,2026-04-22 09:50:59,Q09,479.20,205.60,90.20,98.20,92.60,65.10,18.20,481.90,196.60,91.20,94.30,97.30,66.90,10.46,481.30,217.30,99.80,104.40,96.00,59.00,14.34,480.80,206.50,281.20,296.90,95.30,63.67,43.00
2026-04-22 09:51:00,2026-04-22 09:51:59,Q09,479.80,203.90,89.20,97.20,92.60,69.10,17.89,482.40,197.70,91.20,95.00,97.60,69.10,10.03,479.20,212.50,95.90,101.50,95.80,60.30,14.94,480.47,204.70,276.30,293.70,95.33,66.17,42.86
2026-04-22 09:52:00,2026-04-22 09:52:59,Q09,480.50,202.00,88.30,97.00,92.90,65.20,17.74,481.30,196.70,91.20,94.30,97.30,67.10,10.54,480.00,214.80,96.90,102.70,95.80,58.20,14.77,480.60,204.50,276.40,294.00,95.33,63.50,43.06
2026-04-22 09:53:00,2026-04-22 09:53:59,Q09,480.10,201.70,88.30,96.50,92.70,66.30,17.89,481.10,197.90,91.20,94.80,97.50,68.10,10.23,480.10,213.80,96.90,102.20,95.90,59.40,14.74,480.43,204.47,276.40,293.50,95.37,64.60,42.86
2026-04-22 09:54:00,2026-04-22 09:54:59,Q09,480.00,203.00,89.20,97.40,92.80,65.80,17.69,482.50,199.50,92.20,95.90,97.50,66.80,10.11,479.70,210.80,95.00,100.60,95.70,59.50,15.00,480.73,204.43,276.40,293.90,95.33,64.03,42.80
2026-04-22 09:55:00,2026-04-22 09:55:59,Q09,479.80,204.20,89.20,97.70,92.20,68.50,18.34,482.00,195.80,90.20,94.00,97.70,68.20,9.66,479.40,215.90,96.90,103.00,95.70,57.70,15.20,480.40,205.30,276.30,294.70,95.20,64.80,43.20
2026-04-22 09:56:00,2026-04-22 09:56:59,Q09,478.90,197.30,86.50,94.20,92.70,67.70,17.83,483.00,195.80,91.20,94.20,97.50,68.10,10.09,479.40,212.60,95.90,101.50,95.80,60.90,14.80,480.43,201.90,273.60,289.90,95.33,65.57,42.71
2026-04-22 09:57:00,2026-04-22 09:57:59,Q09,479.50,201.50,88.30,96.30,92.80,64.40,17.77,483.00,195.70,91.20,94.20,97.50,66.50,10.06,479.40,213.00,96.90,102.00,95.90,57.20,14.69,480.63,203.40,276.40,292.50,95.40,62.70,42.51
2026-04-22 09:58:00,2026-04-22 09:58:59,Q09,479.40,202.10,88.30,96.80,92.80,67.80,17.63,482.00,196.80,91.20,94.50,97.40,68.80,10.29,481.40,213.20,96.90,102.50,95.70,59.80,14.86,480.93,204.03,276.40,293.80,95.30,65.47,42.77
2026-04-22 09:59:00,2026-04-22 09:59:59,Q09,479.20,201.30,88.30,96.30,92.50,66.30,17.91,483.30,196.70,91.20,94.70,97.70,67.00,9.74,479.60,215.00,96.90,103.00,95.60,58.90,15.17,480.70,204.33,276.40,294.00,95.27,64.07,42.83
2026-04-22 10:00:00,2026-04-22 10:00:59,Q09,479.50,204.40,89.20,97.70,92.40,67.90,18.23,482.80,197.90,91.20,95.00,97.60,68.20,9.83,479.30,216.10,97.80,103.50,95.90,58.70,14.91,480.53,206.13,278.20,296.20,95.30,64.93,42.97
2026-04-22 10:01:00,2026-04-22 10:01:59,Q09,478.80,201.10,88.30,96.10,92.60,66.20,18.09,482.30,195.70,90.20,94.00,97.50,68.60,10.11,480.40,215.20,97.80,103.20,95.90,59.40,14.66,480.50,204.00,276.30,293.30,95.33,64.73,42.86
2026-04-22 10:02:00,2026-04-22 10:02:59,Q09,478.80,198.70,86.50,94.60,92.50,67.30,18.09,482.70,195.10,90.20,94.00,97.70,68.10,9.77,480.20,215.30,98.90,103.20,96.00,59.50,14.54,480.57,203.03,275.60,291.80,95.40,64.97,42.40
2026-04-22 10:03:00,2026-04-22 10:03:59,Q09,478.90,202.00,88.30,96.60,92.70,66.50,17.91,481.30,191.30,88.30,91.90,97.40,69.50,10.29,481.10,212.50,97.00,102.00,96.20,59.80,14.06,480.43,201.93,273.60,290.50,95.43,65.27,42.26
2026-04-22 10:04:00,2026-04-22 10:04:59,Q09,480.20,202.20,88.30,97.00,92.70,68.00,17.86,481.70,200.00,93.10,96.20,97.40,69.40,10.26,479.20,211.10,95.90,101.10,95.80,60.40,14.77,480.37,204.43,277.30,294.30,95.30,65.93,42.89
2026-04-22 10:05:00,2026-04-22 10:05:59,Q09,480.10,204.30,89.20,97.90,92.70,68.10,17.89,481.60,196.70,91.20,94.30,97.40,69.20,10.43,479.00,211.50,95.90,101.10,95.80,61.00,14.74,480.23,204.17,276.30,293.30,95.30,66.10,43.06
2026-04-22 10:06:00,2026-04-22 10:06:59,Q09,479.90,204.50,89.20,97.70,92.60,67.40,17.97,481.00,198.10,92.20,95.20,97.50,69.30,10.09,480.30,215.40,97.80,103.20,95.90,59.40,14.77,480.40,206.00,279.20,296.10,95.33,65.37,42.83
2026-04-22 10:07:00,2026-04-22 10:07:59,Q09,478.60,201.30,88.30,96.10,92.40,67.80,18.20,482.20,193.30,90.20,93.00,97.70,69.00,9.71,479.50,213.60,96.90,102.00,95.90,59.40,14.71,480.10,202.73,275.40,291.10,95.33,65.40,42.63
2026-04-22 10:08:00,2026-04-22 10:08:59,Q09,479.60,201.50,88.30,96.30,92.70,65.40,17.89,480.70,199.40,92.20,95.50,97.50,67.00,10.17,480.00,215.50,97.80,103.20,95.90,58.30,14.69,480.10,205.47,278.30,295.00,95.37,63.57,42.74
2026-04-22 10:09:00,2026-04-22 10:09:59,Q09,479.10,207.60,91.10,99.20,92.70,68.70,17.91,482.40,196.50,91.20,94.50,97.60,69.30,9.89,479.40,212.90,97.00,101.50,96.20,60.10,14.17,480.30,205.67,279.30,295.20,95.50,66.03,41.97
2026-04-22 10:10:00,2026-04-22 10:10:59,Q09,479.60,204.50,89.20,97.70,92.70,66.00,18.11,481.20,195.30,90.20,93.80,97.40,69.30,10.31,480.90,216.70,98.90,103.70,96.10,60.20,14.31,480.57,205.50,278.30,295.20,95.40,65.17,42.74
2026-04-22 10:11:00,2026-04-22 10:11:59,Q09,478.70,203.20,89.20,97.00,92.70,67.30,18.00,481.90,194.80,90.20,93.30,97.40,68.30,10.26,481.00,214.90,97.90,102.90,96.10,60.50,14.29,480.53,204.30,277.30,293.20,95.40,65.37,42.54
2026-04-22 10:12:00,2026-04-22 10:12:59,Q09,479.00,198.70,86.50,94.80,92.50,66.60,18.06,483.20,193.20,90.20,93.20,97.50,67.60,10.06,480.10,212.50,95.90,101.80,95.90,59.80,14.69,480.77,201.47,272.60,289.80,95.30,64.67,42.80
2026-04-22 10:13:00,2026-04-22 10:13:59,Q09,478.90,204.70,89.20,97.50,92.40,66.60,18.23,482.40,196.10,91.20,94.50,97.50,68.20,10.03,480.80,215.40,98.90,103.20,96.00,58.80,14.57,480.70,205.40,279.30,295.20,95.30,64.53,42.83
2026-04-22 10:14:00,2026-04-22 10:14:59,Q09,479.10,197.70,86.50,94.40,92.50,69.80,17.97,482.80,194.30,90.20,93.50,97.60,70.00,9.77,480.70,216.00,97.80,103.70,95.90,61.50,14.57,480.87,202.67,274.50,291.60,95.33,67.10,42.31
2026-04-22 10:15:00,2026-04-22 10:15:59,Q09,479.20,206.60,90.20,98.70,92.60,66.00,18.11,481.70,196.10,91.20,94.30,97.60,68.80,9.89,481.30,214.90,97.90,102.90,96.20,60.40,14.11,480.73,205.87,279.30,295.90,95.47,65.07,42.11
2026-04-22 10:16:00,2026-04-22 10:16:59,Q09,479.50,204.50,89.20,97.70,92.40,69.80,18.00,482.60,193.30,90.20,93.00,97.60,70.80,9.71,481.80,216.30,97.80,103.90,95.90,61.30,14.63,481.30,204.70,277.20,294.60,95.30,67.30,42.34
2026-04-22 10:17:00,2026-04-22 10:17:59,Q09,481.00,198.00,87.40,95.20,92.50,66.70,17.97,482.10,200.30,93.10,96.40,97.40,66.40,10.17,481.40,215.00,97.80,103.40,95.80,58.50,14.69,481.50,204.43,278.30,295.00,95.23,63.87,42.83
2026-04-22 10:18:00,2026-04-22 10:18:59,Q09,480.80,203.90,89.20,97.40,92.40,69.20,17.94,483.40,193.80,90.20,93.20,97.50,69.20,9.97,480.00,215.90,97.80,103.20,95.70,60.60,14.94,481.40,204.53,277.20,293.80,95.20,66.33,42.86
2026-04-22 10:19:00,2026-04-22 10:19:59,Q09,480.30,201.70,88.30,96.50,92.30,69.60,18.09,483.00,192.90,89.20,92.70,97.70,69.30,9.71,480.00,214.10,96.90,102.70,95.70,59.90,15.03,481.10,202.90,274.40,291.90,95.23,66.27,42.83
2026-04-22 10:20:00,2026-04-22 10:20:59,Q09,479.70,198.40,86.50,94.80,92.20,68.20,18.14,483.00,194.30,90.20,93.70,97.70,68.50,9.57,481.10,216.20,97.80,103.90,95.80,60.10,14.91,481.27,202.97,274.50,292.40,95.23,65.60,42.63
2026-04-22 10:21:00,2026-04-22 10:21:59,Q09,480.70,197.30,86.50,94.60,92.60,68.00,17.66,482.20,195.50,90.20,94.00,97.70,68.10,9.69,479.80,207.30,94.10,99.20,95.80,59.70,14.83,480.90,200.03,270.80,287.80,95.37,65.27,42.17
2026-04-22 10:22:00,2026-04-22 10:22:59,Q09,479.10,203.40,89.20,97.20,92.30,63.90,18.14,481.90,193.40,89.20,92.80,97.60,65.80,9.74,481.50,208.60,96.00,100.00,96.00,55.60,14.46,480.83,201.80,274.40,290.00,95.30,61.77,42.34
2026-04-22 10:23:00,2026-04-22 10:23:59,Q09,480.60,202.80,88.30,97.00,92.70,67.80,17.60,482.70,194.90,90.20,93.50,97.60,68.30,9.86,479.90,210.40,95.00,100.60,95.80,59.20,14.63,481.07,202.70,273.50,291.10,95.37,65.10,42.09
2026-04-22 10:24:00,2026-04-22 10:24:59,Q09,480.00,200.30,88.30,96.00,92.60,63.90,17.69,481.60,192.80,89.20,92.40,97.70,65.20,9.63,481.10,214.10,97.90,102.90,96.00,57.30,14.37,480.90,202.40,275.40,291.30,95.43,62.13,41.69
2026-04-22 10:25:00,2026-04-22 10:25:59,Q09,479.80,197.00,86.50,94.40,92.80,64.70,17.49,481.60,191.20,88.30,91.90,97.50,69.10,9.86,481.20,209.20,96.00,100.50,96.00,60.40,14.17,480.87,199.13,270.80,286.80,95.43,64.73,41.51
2026-04-22 10:26:00,2026-04-22 10:26:59,Q09,479.70,197.70,86.50,94.40,92.60,67.30,17.69,482.80,195.00,90.20,94.00,97.70,68.00,9.66,480.00,211.30,95.90,101.30,95.90,59.00,14.57,480.83,201.33,272.60,289.70,95.40,64.77,41.91
2026-04-22 10:27:00,2026-04-22 10:27:59,Q09,479.00,196.50,85.60,93.90,92.60,62.70,17.86,482.20,193.50,90.20,93.00,97.50,68.50,10.06,480.90,212.10,97.00,101.80,96.00,55.30,14.31,480.70,200.70,272.80,288.70,95.37,62.17,42.23
2026-04-22 10:28:00,2026-04-22 10:28:59,Q09,479.00,201.80,88.30,96.30,92.70,66.60,17.89,481.40,192.60,89.20,92.40,97.40,68.40,10.14,481.20,205.40,94.10,98.60,96.20,59.40,13.91,480.53,199.93,271.60,287.30,95.43,64.80,41.94
2026-04-22 10:29:00,2026-04-22 10:29:59,Q09,478.90,199.40,87.40,95.10,92.70,67.30,17.80,481.80,194.70,90.20,93.30,97.40,68.40,10.20,481.20,212.90,97.00,102.00,96.10,60.50,14.11,480.63,202.33,274.60,290.40,95.40,65.40,42.11
2026-04-22 10:30:00,2026-04-22 10:30:59,Q09,479.00,200.80,87.40,95.80,92.60,67.50,17.91,482.80,195.40,90.20,94.00,97.40,69.40,10.29,480.80,211.20,97.00,101.30,96.00,59.60,14.34,480.87,202.47,274.60,291.10,95.33,65.50,42.54
2026-04-22 10:31:00,2026-04-22 10:31:59,Q09,479.60,199.50,87.40,95.30,92.70,66.50,17.74,483.10,194.60,90.20,93.70,97.50,68.30,10.03,479.80,214.30,97.90,102.50,96.00,58.80,14.37,480.83,202.80,275.50,291.50,95.40,64.53,42.14
2026-04-22 10:32:00,2026-04-22 10:32:59,Q09,478.90,200.30,87.40,95.60,92.50,68.60,17.94,482.60,195.00,90.20,94.00,97.30,69.80,10.23,480.40,210.10,96.00,100.80,96.00,60.80,14.26,480.63,201.80,273.60,290.40,95.27,66.40,42.43
2026-04-22 10:33:00,2026-04-22 10:33:59,Q09,478.70,200.80,87.40,95.60,92.60,65.70,17.83,482.20,194.10,90.20,93.50,97.40,68.00,10.14,481.00,213.60,96.90,102.50,95.90,59.90,14.43,480.63,202.83,274.50,291.60,95.30,64.53,42.40
2026-04-22 10:34:00,2026-04-22 10:34:59,Q09,480.20,203.00,89.20,97.40,92.70,68.90,17.71,481.20,194.00,90.20,93.30,97.30,68.80,10.34,480.80,210.60,95.00,100.80,95.80,62.10,14.54,480.73,202.53,274.40,291.50,95.27,66.60,42.60
2026-04-22 10:35:00,2026-04-22 10:35:59,Q09,479.50,201.40,88.30,96.30,92.70,69.50,17.63,483.10,195.40,91.20,94.20,97.50,69.20,10.09,479.70,211.80,95.90,101.10,95.90,62.10,14.49,480.77,202.87,275.40,291.60,95.37,66.93,42.20
2026-04-22 10:36:00,2026-04-22 10:36:59,Q09,479.20,203.60,89.20,97.20,92.40,70.90,18.06,481.90,192.60,89.20,92.40,97.30,70.60,10.40,481.50,211.50,95.90,101.50,95.80,62.60,14.66,480.87,202.57,274.30,291.10,95.17,68.03,43.11
2026-04-22 10:37:00,2026-04-22 10:37:59,Q09,479.80,202.10,88.30,96.80,92.60,67.30,17.77,482.90,196.90,91.20,94.50,97.40,70.20,10.29,479.40,210.30,95.00,100.60,95.80,61.30,14.69,480.70,203.10,274.50,291.90,95.27,66.27,42.74
2026-04-22 10:38:00,2026-04-22 10:38:59,Q09,478.40,194.20,84.60,92.70,92.90,59.90,17.54,481.60,192.40,89.20,92.40,97.50,62.90,10.03,478.40,203.20,93.10,97.00,96.10,53.30,14.03,479.47,196.60,266.90,282.10,95.50,58.70,41.60
2026-04-22 10:39:00,2026-04-22 10:39:59,Q09,478.20,192.70,84.60,91.80,93.00,60.80,17.23,482.10,185.80,86.30,89.20,97.60,63.50,9.83,478.60,205.00,93.10,98.00,96.00,53.70,14.26,479.63,194.50,264.00,279.00,95.53,59.33,41.31
2026-04-22 10:40:00,2026-04-22 10:40:59,Q09,478.10,192.20,83.70,91.80,92.70,60.20,17.69,481.90,189.50,87.30,90.90,97.60,64.10,9.71,478.60,201.90,92.20,96.10,96.30,53.30,13.71,479.53,194.53,263.20,278.80,95.53,59.20,41.11
2026-04-22 10:41:00,2026-04-22 10:41:59,Q09,478.30,194.10,85.60,92.70,93.10,60.10,17.31,480.30,188.20,87.30,90.20,97.40,62.10,10.14,480.10,205.10,94.10,98.40,96.30,53.60,13.57,479.57,195.80,267.00,281.30,95.60,58.60,41.03
2026-04-22 10:42:00,2026-04-22 10:42:59,Q09,478.90,196.10,86.50,93.70,93.00,59.30,17.60,481.60,186.50,86.30,89.50,97.50,62.90,10.00,478.50,206.40,94.10,98.50,96.40,52.00,13.57,479.67,196.33,266.90,281.70,95.63,58.07,41.17
2026-04-22 10:43:00,2026-04-22 10:43:59,Q09,479.10,194.80,85.60,92.90,93.10,58.20,17.29,480.00,189.50,87.30,90.70,97.40,60.10,10.14,479.30,204.90,93.10,97.70,96.20,51.40,13.83,479.47,196.40,266.00,281.30,95.57,56.57,41.26
2026-04-22 10:44:00,2026-04-22 10:44:59,Q09,477.50,195.00,85.60,93.00,92.70,61.10,17.80,481.60,189.60,87.30,90.90,97.60,62.30,9.71,478.70,205.90,93.10,98.00,96.20,51.60,14.11,479.27,196.83,266.00,281.90,95.50,58.33,41.63
2026-04-22 10:45:00,2026-04-22 10:45:59,Q09,478.60,194.70,85.60,92.70,93.20,61.30,17.11,480.80,194.30,90.20,93.10,97.50,62.30,10.00,478.20,202.10,92.20,96.60,96.10,53.50,14.06,479.20,197.03,268.00,282.40,95.60,59.03,41.17
2026-04-22 10:46:00,2026-04-22 10:46:59,Q09,477.30,195.60,85.60,93.00,92.70,61.30,17.86,479.90,189.20,87.30,90.50,97.50,64.10,9.97,479.50,205.70,94.10,98.20,96.40,54.10,13.63,478.90,196.83,267.00,281.70,95.53,59.83,41.46
2026-04-22 10:47:00,2026-04-22 10:47:59,Q09,477.90,195.70,86.50,93.00,93.00,60.20,17.54,479.60,188.60,87.30,90.10,97.40,61.60,10.17,479.50,208.00,95.00,99.60,96.30,52.90,13.77,479.00,197.43,268.80,282.70,95.57,58.23,41.49
2026-04-22 10:48:00,2026-04-22 10:48:59,Q09,477.40,197.60,85.60,94.00,92.70,59.40,17.91,481.10,186.90,86.30,89.50,97.50,62.20,9.91,479.40,208.10,95.00,99.60,96.30,53.50,13.89,479.30,197.53,266.90,283.10,95.50,58.37,41.71
2026-04-22 10:50:00,2026-04-22 10:50:59,Q09,477.70,198.10,86.50,94.40,92.80,58.60,17.80,481.70,189.60,87.30,90.90,97.60,62.50,9.83,479.10,204.50,93.10,97.70,96.30,51.60,13.89,479.50,197.40,266.90,283.00,95.57,57.57,41.51
2026-04-22 10:51:00,2026-04-22 10:51:59,Q09,477.70,197.10,86.50,94.00,93.00,61.50,17.46,480.60,190.20,88.30,91.20,97.50,64.20,10.06,479.60,207.00,95.00,99.20,96.10,54.50,14.03,479.30,198.10,269.80,284.40,95.53,60.07,41.54
2026-04-22 10:52:00,2026-04-22 10:52:59,Q09,479.60,194.40,85.60,92.90,93.00,59.90,17.51,480.70,191.00,88.30,91.70,97.50,63.70,10.14,479.20,206.20,94.10,98.70,96.10,53.90,14.11,479.83,197.20,268.00,283.30,95.53,59.17,41.77
2026-04-22 10:53:00,2026-04-22 10:53:59,Q09,479.50,187.60,82.80,89.60,93.50,58.90,16.71,480.50,191.30,88.30,91.70,97.70,60.00,9.77,478.80,206.70,94.10,98.50,96.00,51.90,14.34,479.60,195.20,265.20,279.80,95.73,56.93,40.83
2026-04-22 10:54:00,2026-04-22 10:54:59,Q09,478.10,194.90,85.60,92.70,93.00,60.70,17.51,482.30,192.50,89.20,92.50,97.70,62.70,9.71,478.80,209.80,95.00,99.90,96.10,52.90,14.49,479.73,199.07,269.80,285.10,95.60,58.77,41.71
2026-04-22 10:55:00,2026-04-22 10:55:59,Q09,479.00,198.70,87.40,94.80,93.00,57.10,18.09,480.60,198.70,92.20,95.00,97.40,59.60,10.60,480.10,212.30,97.00,101.80,96.10,50.80,14.60,479.90,203.23,276.60,291.60,95.50,55.83,43.29
2026-04-22 10:56:00,2026-04-22 10:56:59,Q09,478.50,205.60,90.20,98.00,93.00,60.20,18.06,481.70,195.70,90.20,93.80,97.50,62.20,10.40,478.20,213.70,97.00,101.80,96.10,52.20,14.66,479.47,205.00,277.40,293.60,95.53,58.20,43.11
2026-04-22 10:57:00,2026-04-22 10:57:59,Q09,479.30,201.90,88.30,96.30,92.90,60.10,18.40,482.40,196.30,91.20,94.50,97.60,62.10,10.40,479.20,210.40,96.00,100.60,96.10,52.30,14.89,480.30,202.87,275.50,291.40,95.53,58.17,43.69
2026-04-22 10:58:00,2026-04-22 10:58:59,Q09,480.30,214.20,93.80,102.70,92.60,64.30,18.80,481.30,205.10,95.10,98.60,97.40,66.00,10.74,480.10,220.60,100.80,105.60,96.00,55.10,15.17,480.57,213.30,289.70,306.90,95.33,61.80,44.71
2026-04-22 10:59:00,2026-04-22 10:59:59,Q09,480.30,213.00,93.80,102.20,92.70,66.00,18.94,481.60,205.70,95.10,98.60,97.40,67.50,10.77,480.70,224.40,102.70,107.50,96.00,58.10,15.20,480.87,214.37,291.60,308.30,95.37,63.87,44.91
2026-04-22 11:00:00,2026-04-22 11:00:59,Q09,478.90,216.40,94.80,103.20,92.30,65.90,19.43,483.00,199.80,93.10,96.10,97.50,66.30,10.63,480.50,225.80,103.70,108.00,96.10,57.00,15.09,480.80,214.00,291.60,307.30,95.30,63.07,45.14
2026-04-22 11:01:00,2026-04-22 11:01:59,Q09,479.10,214.50,93.80,102.50,92.50,66.60,19.23,483.30,206.70,96.00,99.50,97.40,67.60,10.83,480.10,223.90,102.70,107.00,96.00,58.10,15.37,480.83,215.03,292.50,309.00,95.30,64.10,45.43
2026-04-22 11:02:00,2026-04-22 11:02:59,Q09,480.10,214.30,93.80,102.70,92.30,66.40,19.77,482.80,206.30,96.00,99.30,97.20,68.60,11.23,479.70,225.20,102.70,107.80,96.10,59.00,15.20,480.87,215.27,292.50,309.80,95.20,64.67,46.20
2026-04-22 11:03:00,2026-04-22 11:03:59,Q09,479.70,219.10,95.70,104.90,92.50,64.30,19.63,481.40,205.50,95.10,98.60,97.40,66.20,10.91,480.90,225.20,103.70,108.00,96.30,56.40,14.83,480.67,216.60,294.50,311.50,95.40,62.30,45.37
2026-04-22 11:04:00,2026-04-22 11:04:59,Q09,480.20,217.90,95.70,104.20,92.60,64.10,19.54,482.10,208.30,97.00,100.30,97.40,66.50,11.03,480.30,225.90,103.70,108.00,96.20,56.70,15.06,480.87,217.37,296.40,312.50,95.40,62.43,45.63
2026-04-22 11:05:00,2026-04-22 11:05:59,Q09,478.60,216.30,94.80,103.20,92.20,66.20,19.97,482.80,207.20,96.00,99.80,97.30,69.20,11.03,480.30,225.60,103.70,108.00,96.30,57.80,14.94,480.57,216.37,294.50,311.00,95.27,64.40,45.94
2026-04-22 11:06:00,2026-04-22 11:06:59,Q09,478.80,217.30,94.80,103.70,92.20,63.60,20.17,481.30,207.40,96.00,99.60,97.40,67.50,10.89,481.20,228.80,104.60,109.70,96.30,57.30,15.06,480.43,217.83,295.40,313.00,95.30,62.80,46.11
2026-04-22 11:07:00,2026-04-22 11:07:59,Q09,480.00,218.80,95.70,104.60,92.20,66.60,19.94,482.30,206.90,96.00,99.30,97.50,68.40,10.83,479.60,228.90,104.60,109.20,96.10,58.30,15.49,480.63,218.20,296.30,313.10,95.27,64.43,46.26
2026-04-22 11:08:00,2026-04-22 11:08:59,Q09,478.60,217.70,94.80,103.70,92.30,63.70,20.03,481.80,209.40,97.00,100.50,97.50,67.20,10.77,481.00,230.10,105.60,110.60,96.30,56.40,15.14,480.47,219.07,297.40,314.80,95.37,62.43,45.94
2026-04-22 11:09:00,2026-04-22 11:09:59,Q09,478.80,219.70,95.70,104.70,92.50,65.70,19.80,481.90,207.60,96.00,99.60,97.40,67.10,11.00,481.10,224.70,102.70,107.70,96.20,56.40,15.31,480.60,217.33,294.40,312.00,95.37,63.07,46.11
2026-04-22 11:10:00,2026-04-22 11:10:59,Q09,479.70,220.70,96.60,105.40,92.40,66.30,19.91,481.40,206.30,96.00,99.10,97.40,67.80,11.09,480.80,223.40,102.70,107.00,96.20,57.30,15.26,480.63,216.80,295.30,311.50,95.33,63.80,46.26
2026-04-22 11:11:00,2026-04-22 11:11:59,Q09,479.00,217.10,94.80,103.90,92.30,62.40,20.00,482.20,209.70,97.00,100.70,97.40,66.20,11.09,481.40,227.50,104.60,109.20,96.10,56.10,15.60,480.87,218.10,296.40,313.80,95.27,61.57,46.69
2026-04-22 11:12:00,2026-04-22 11:12:59,Q09,478.70,219.80,95.70,104.70,92.30,64.50,20.14,482.50,206.40,96.00,99.30,97.30,67.40,11.14,480.60,227.50,103.70,109.00,96.40,56.90,14.97,480.60,217.90,295.40,313.00,95.33,62.93,46.26
2026-04-22 11:13:00,2026-04-22 11:13:59,Q09,483.70,218.70,96.60,105.30,92.30,64.20,19.80,485.10,206.70,96.00,99.90,97.60,65.20,10.57,483.70,226.30,104.60,109.20,96.00,56.00,15.74,484.17,217.23,297.20,314.40,95.30,61.80,46.11
2026-04-22 11:14:00,2026-04-22 11:14:59,Q09,482.20,217.30,95.70,104.60,92.00,65.30,20.26,485.10,204.90,95.10,98.90,97.50,68.20,10.63,484.40,231.80,106.60,111.80,96.20,56.70,15.23,483.90,218.00,297.40,315.30,95.23,63.40,46.11
2026-04-22 11:15:00,2026-04-22 11:15:59,Q09,483.00,214.60,94.80,103.40,92.10,63.00,20.09,486.50,206.00,97.00,100.10,97.60,64.70,10.46,482.80,229.20,105.60,110.40,96.10,54.80,15.57,484.10,216.60,297.40,313.90,95.27,60.83,46.11
2026-04-22 11:16:00,2026-04-22 11:16:59,Q09,482.00,219.70,96.60,105.60,92.10,64.20,19.91,486.10,207.50,97.00,100.60,97.60,63.80,10.54,483.10,228.80,104.50,110.10,95.90,54.20,15.80,483.73,218.67,298.10,316.30,95.20,60.73,46.26
2026-04-22 11:17:00,2026-04-22 11:17:59,Q09,482.50,218.90,96.60,105.10,92.20,65.70,19.83,485.80,206.50,96.00,99.90,97.50,67.30,10.66,484.20,227.60,103.60,109.90,95.90,57.00,15.74,484.17,217.67,296.20,314.90,95.20,63.33,46.23
2026-04-22 11:18:00,2026-04-22 11:18:59,Q09,482.50,216.50,95.70,104.10,92.00,61.40,20.23,486.50,204.30,96.00,99.10,97.60,65.10,10.51,483.80,229.60,105.60,110.60,96.30,54.10,15.20,484.27,216.80,297.30,313.80,95.30,60.20,45.94
2026-04-22 11:19:00,2026-04-22 11:19:59,Q09,483.70,219.40,96.60,105.80,92.30,64.10,19.77,485.00,206.90,96.00,99.90,97.50,66.10,10.83,483.90,232.30,107.50,112.10,96.00,56.70,15.54,484.20,219.53,300.10,317.80,95.27,62.30,46.14
2026-04-22 11:20:00,2026-04-22 11:20:59,Q09,482.80,219.40,96.60,105.60,92.20,61.80,20.00,484.80,208.00,97.00,100.70,97.50,66.40,10.77,484.40,229.50,105.60,110.80,96.20,54.30,15.29,484.00,218.97,299.20,317.10,95.30,60.83,46.06
2026-04-22 11:21:00,2026-04-22 11:21:59,Q09,483.30,216.90,95.70,104.30,92.10,65.20,20.03,484.60,206.40,96.00,99.70,97.60,67.50,10.51,483.70,227.50,104.60,109.60,96.10,55.50,15.57,483.87,216.93,296.30,313.60,95.27,62.73,46.11
2026-04-22 11:22:00,2026-04-22 11:22:59,Q09,482.60,216.30,95.70,104.10,92.20,65.00,20.06,485.10,204.60,95.10,98.90,97.50,68.40,10.74,483.90,229.30,105.60,110.60,96.20,56.50,15.20,483.87,216.73,296.40,313.60,95.30,63.30,46.00
2026-04-22 11:23:00,2026-04-22 11:23:59,Q09,483.40,213.60,93.80,102.90,92.20,61.00,19.86,485.00,208.50,97.00,100.90,97.60,64.00,10.57,483.30,229.60,104.50,110.60,95.90,54.90,15.89,483.90,217.23,295.30,314.40,95.23,59.97,46.31
2026-04-22 11:24:00,2026-04-22 11:24:59,Q09,483.20,215.40,94.80,103.80,92.10,66.30,20.09,484.70,208.80,97.00,100.70,97.50,68.40,10.80,484.10,230.10,106.60,111.30,96.10,58.00,15.46,484.00,218.10,298.40,315.80,95.23,64.23,46.34
2026-04-22 11:25:00,2026-04-22 11:25:59,Q09,481.80,215.60,94.80,103.40,92.00,61.80,20.26,485.70,209.60,98.00,101.40,97.60,65.50,10.63,483.90,231.70,106.60,111.60,96.00,54.60,15.69,483.80,218.97,299.40,316.40,95.20,60.63,46.57
2026-04-22 11:26:00,2026-04-22 11:26:59,Q09,483.60,214.40,94.80,103.40,92.20,65.30,19.89,485.00,208.20,97.00,100.90,97.60,67.60,10.46,483.20,226.90,104.60,109.20,96.00,56.10,15.71,483.93,216.50,296.40,313.50,95.27,63.00,46.06
2026-04-22 11:27:00,2026-04-22 11:27:59,Q09,482.40,215.50,93.70,103.60,91.80,65.50,20.54,486.10,206.60,97.00,100.10,97.70,66.80,10.40,482.50,231.60,106.60,111.30,96.10,56.50,15.69,483.67,217.90,297.30,315.00,95.20,62.93,46.63
2026-04-22 11:28:00,2026-04-22 11:28:59,Q09,482.50,218.10,95.60,105.10,91.60,66.80,20.66,486.30,207.70,97.00,100.60,97.70,68.00,10.14,482.70,233.90,107.50,112.30,96.20,57.20,15.51,483.83,219.90,300.10,318.00,95.17,64.00,46.31
2026-04-22 11:29:00,2026-04-22 11:29:59,Q09,483.00,218.20,96.60,105.30,92.00,65.60,20.37,485.00,207.20,97.00,100.40,97.50,66.70,10.86,483.30,228.30,104.50,110.10,95.90,56.50,15.94,483.77,217.90,298.10,315.80,95.13,62.93,47.17
2026-04-22 11:30:00,2026-04-22 11:30:59,Q09,483.20,215.90,93.70,103.80,91.80,66.00,20.49,484.70,208.30,97.00,100.70,97.50,67.20,10.66,483.50,231.60,106.60,111.60,96.00,56.80,15.71,483.80,218.60,297.30,316.10,95.10,63.33,46.86
2026-04-22 11:31:00,2026-04-22 11:31:59,Q09,483.20,213.30,92.80,102.90,91.90,64.70,20.40,484.80,207.40,97.00,100.20,97.70,66.80,10.34,483.40,233.50,107.50,112.50,96.10,55.80,15.77,483.80,218.07,297.30,315.60,95.23,62.43,46.51
2026-04-22 11:32:00,2026-04-22 11:32:59,Q09,482.20,216.90,94.60,104.10,91.80,66.30,20.54,485.80,203.90,95.10,98.50,97.60,68.00,10.49,484.50,231.80,106.60,111.80,96.10,57.10,15.57,484.17,217.53,296.30,314.40,95.17,63.80,46.60
2026-04-22 11:33:00,2026-04-22 11:33:59,Q09,483.60,218.20,96.60,105.30,92.10,64.90,20.00,486.00,209.70,98.00,101.60,97.70,66.50,10.49,482.90,228.90,103.60,109.90,95.90,56.90,15.97,484.17,218.93,298.20,316.80,95.23,62.77,46.46
2026-04-22 11:34:00,2026-04-22 11:34:59,Q09,483.90,215.40,94.80,103.80,92.30,63.90,19.83,485.30,209.60,98.00,101.40,97.60,67.00,10.66,483.50,225.20,103.70,108.70,96.00,56.30,15.77,484.23,216.73,296.50,313.90,95.30,62.40,46.26
2026-04-22 11:35:00,2026-04-22 11:35:59,Q09,482.60,218.90,95.60,105.10,91.90,65.60,20.31,485.70,208.70,97.00,100.90,97.60,68.60,10.51,483.80,229.10,105.60,110.60,96.10,56.70,15.66,484.03,218.90,298.20,316.60,95.20,63.63,46.49
2026-04-22 11:36:00,2026-04-22 11:36:59,Q09,482.40,215.00,93.70,103.60,91.80,63.20,20.60,486.30,206.00,97.00,100.10,97.50,66.70,10.63,484.00,231.60,106.60,111.80,96.20,54.90,15.43,484.23,217.53,297.30,315.50,95.17,61.60,46.66
2026-04-22 11:37:00,2026-04-22 11:37:59,Q09,483.70,220.00,97.50,106.30,92.20,65.60,20.06,485.20,205.10,96.00,99.40,97.50,68.30,10.74,484.10,232.10,107.50,112.30,96.10,57.10,15.46,484.33,219.07,301.00,318.00,95.27,63.67,46.26
2026-04-22 11:38:00,2026-04-22 11:38:59,Q09,483.50,219.90,95.60,105.80,91.90,63.50,20.46,485.30,205.20,96.00,99.40,97.40,66.40,10.89,484.80,228.40,105.60,110.40,96.10,55.90,15.43,484.53,217.83,297.20,315.60,95.13,61.93,46.77
2026-04-22 11:39:00,2026-04-22 11:39:59,Q09,482.90,216.60,95.70,104.10,92.00,65.60,20.31,486.90,210.50,98.90,102.10,97.50,67.90,10.69,484.20,228.30,105.60,110.40,96.30,56.40,15.17,484.67,218.47,300.20,316.60,95.27,63.30,46.17
2026-04-22 11:40:00,2026-04-22 11:40:59,Q09,484.60,215.70,95.70,104.10,92.30,65.30,19.80,485.80,209.50,98.00,101.40,97.40,68.50,10.94,484.30,226.10,104.60,109.40,96.00,57.20,15.54,484.90,217.10,298.30,314.90,95.23,63.67,46.29
2026-04-22 11:41:00,2026-04-22 11:41:59,Q09,484.40,216.70,95.70,104.50,92.10,61.50,20.14,486.50,204.60,96.00,99.10,97.50,65.60,10.69,484.00,224.80,103.70,108.40,96.20,55.20,15.23,484.97,215.37,295.40,312.00,95.27,60.77,46.06
2026-04-22 11:42:00,2026-04-22 11:42:59,Q09,483.40,220.30,97.50,106.30,92.00,65.00,20.46,486.40,206.50,97.00,100.10,97.50,67.00,10.60,485.00,227.80,105.60,110.10,96.40,57.10,14.94,484.93,218.20,300.10,316.50,95.30,63.03,46.00
2026-04-22 11:43:00,2026-04-22 11:43:59,Q09,482.90,219.80,95.60,105.60,91.80,62.30,20.63,486.90,207.70,97.00,100.60,97.60,65.20,10.43,484.80,233.30,107.50,112.80,96.30,54.80,15.37,484.87,220.27,300.10,319.00,95.23,60.77,46.43
2026-04-22 11:44:00,2026-04-22 11:44:59,Q09,484.20,217.90,96.60,105.00,92.10,65.50,20.20,486.00,207.90,97.00,100.60,97.60,67.50,10.60,485.10,231.00,107.50,112.00,96.10,56.40,15.49,485.10,218.93,301.10,317.60,95.27,63.13,46.29
2026-04-22 11:45:00,2026-04-22 11:45:59,Q09,483.10,218.50,95.60,105.30,91.60,63.60,20.83,487.50,210.50,98.90,102.30,97.70,63.80,10.31,484.00,230.50,106.60,111.30,96.10,53.50,15.83,484.87,219.83,301.10,318.90,95.13,60.30,46.97
2026-04-22 11:46:00,2026-04-22 11:46:59,Q09,483.90,223.40,97.40,107.70,91.70,61.10,20.51,487.40,206.60,97.00,100.30,97.80,65.50,10.03,483.80,230.60,106.60,111.10,96.10,54.50,15.74,485.03,220.20,301.00,319.10,95.20,60.37,46.29
2026-04-22 11:47:00,2026-04-22 11:47:59,Q09,483.60,220.40,96.50,106.30,91.80,66.60,20.57,487.30,205.10,96.00,99.80,97.60,68.20,10.43,483.70,233.40,107.50,112.50,96.20,56.30,15.51,484.87,219.63,300.00,318.60,95.20,63.70,46.51
2026-04-22 11:48:00,2026-04-22 11:48:59,Q09,484.40,217.50,95.60,105.00,91.90,63.90,20.49,487.10,209.80,98.00,101.80,97.60,68.40,10.51,483.70,233.10,107.50,112.50,96.10,54.20,15.63,485.07,220.13,301.10,319.30,95.20,62.17,46.63
2026-04-22 11:49:00,2026-04-22 11:49:59,Q09,483.00,215.70,93.70,103.80,91.90,65.70,20.46,486.60,207.70,97.00,100.60,97.60,66.80,10.40,484.40,231.50,106.60,111.80,96.10,55.80,15.57,484.67,218.30,297.30,316.20,95.20,62.77,46.43
2026-04-22 11:50:00,2026-04-22 11:50:59,Q09,483.30,216.00,94.60,104.30,91.90,60.30,20.34,487.20,204.00,96.00,99.30,97.70,65.50,10.26,484.10,230.80,106.60,111.30,96.00,53.90,15.83,484.87,216.93,297.20,314.90,95.20,59.90,46.43
2026-04-22 11:51:00,2026-04-22 11:51:59,Q09,484.40,217.70,96.60,105.00,92.10,65.40,20.03,485.90,207.60,97.00,100.40,97.70,66.60,10.43,483.60,231.50,105.40,111.60,95.90,55.70,16.14,484.63,218.93,299.00,317.00,95.23,62.57,46.60
2026-04-22 11:52:00,2026-04-22 11:52:59,Q09,482.30,208.80,92.00,100.30,92.70,58.70,19.23,486.40,203.90,95.10,98.70,97.70,59.70,10.46,482.30,225.70,103.70,108.40,96.00,51.10,15.77,483.67,212.80,290.80,307.40,95.47,56.50,45.46
2026-04-22 11:53:00,2026-04-22 11:53:59,Q09,483.30,210.00,92.90,101.40,92.90,58.70,19.11,484.50,203.50,95.10,98.30,97.60,59.80,10.77,482.80,222.80,102.70,107.00,96.00,51.50,15.71,483.53,212.10,290.70,306.70,95.50,56.67,45.60
2026-04-22 11:54:00,2026-04-22 11:54:59,Q09,483.10,206.20,91.10,99.50,92.80,57.50,19.06,486.30,205.00,96.00,99.60,97.80,59.10,10.31,482.40,219.50,100.80,105.60,96.10,49.70,15.60,483.93,210.23,287.90,304.70,95.57,55.43,44.97
2026-04-22 11:55:00,2026-04-22 11:55:59,Q09,483.00,215.90,94.80,103.80,92.50,58.80,19.63,486.20,203.30,95.10,98.70,97.60,60.40,10.71,484.40,222.10,102.70,107.40,96.20,50.80,15.31,484.53,213.77,292.60,309.90,95.43,56.67,45.66
2026-04-22 11:56:00,2026-04-22 11:56:59,Q09,483.30,209.40,92.00,100.90,92.80,58.50,19.23,486.30,205.30,96.00,99.60,97.70,59.90,10.51,482.90,221.20,101.80,106.50,96.10,51.40,15.49,484.17,211.97,289.80,307.00,95.53,56.60,45.23
2026-04-22 11:57:00,2026-04-22 11:57:59,Q09,482.80,212.00,93.80,102.20,92.70,59.00,19.49,485.80,202.10,94.10,98.00,97.60,61.30,10.60,484.30,222.60,102.70,107.40,96.30,50.30,15.11,484.30,212.23,290.60,307.60,95.53,56.87,45.20
2026-04-22 11:58:00,2026-04-22 11:58:59,Q09,482.70,210.30,92.90,101.20,92.70,56.90,19.49,485.20,201.20,94.10,97.50,97.60,60.20,10.74,484.20,222.80,102.70,107.40,96.20,50.40,15.29,484.03,211.43,289.70,306.10,95.50,55.83,45.51
2026-04-22 11:59:00,2026-04-22 11:59:59,Q09,482.00,213.10,93.80,102.70,92.90,57.60,19.09,486.50,203.40,95.10,98.70,97.80,58.50,10.26,483.30,220.80,101.80,106.30,96.10,48.90,15.51,483.93,212.43,290.70,307.70,95.60,55.00,44.86
2026-04-22 12:00:00,2026-04-22 12:00:59,Q09,481.70,211.30,92.90,101.50,92.80,58.80,19.29,485.70,207.20,97.00,100.40,97.60,61.40,10.86,483.60,225.70,103.70,108.70,96.10,50.90,15.54,483.67,214.73,293.60,310.60,95.50,57.03,45.69
2026-04-22 12:01:00,2026-04-22 12:01:59,Q09,483.00,207.40,91.10,100.00,92.80,58.10,19.31,485.70,205.80,96.00,99.40,97.50,60.50,10.80,484.40,222.50,102.70,107.40,96.20,50.20,15.23,484.37,211.90,289.80,306.80,95.50,56.27,45.34
2026-04-22 12:02:00,2026-04-22 12:02:59,Q09,484.30,207.00,92.00,100.20,92.80,58.90,19.14,485.80,206.40,96.00,99.90,97.60,60.50,10.60,483.00,217.80,99.80,104.80,96.10,50.90,15.43,484.37,210.40,287.80,304.90,95.50,56.77,45.17
2026-04-22 12:03:00,2026-04-22 12:03:59,Q09,484.00,209.50,92.90,101.20,92.60,57.80,19.49,486.30,203.00,95.10,98.70,97.70,60.00,10.54,483.00,221.50,101.80,106.70,96.10,49.50,15.54,484.43,211.33,289.80,306.60,95.47,55.77,45.57
2026-04-22 12:04:00,2026-04-22 12:04:59,Q09,484.10,214.00,94.80,103.60,92.60,57.30,19.49,486.00,207.30,97.00,100.60,97.60,59.30,10.74,482.80,223.40,102.70,107.50,96.00,50.20,15.66,484.30,214.90,294.50,311.70,95.40,55.60,45.89
2026-04-22 12:05:00,2026-04-22 12:05:59,Q09,482.40,214.70,94.80,103.10,92.70,59.40,19.43,486.70,205.20,96.00,99.60,97.50,61.90,11.00,484.00,221.70,101.80,107.00,96.10,50.40,15.51,484.37,213.87,292.60,309.70,95.43,57.23,45.94
2026-04-22 12:06:00,2026-04-22 12:06:59,Q09,484.00,210.30,93.90,101.60,93.10,57.60,18.83,485.30,204.50,95.10,98.90,97.70,60.20,10.71,483.00,224.00,102.60,108.20,95.90,49.30,15.86,484.10,212.93,291.60,308.70,95.57,55.70,45.40
2026-04-22 12:07:00,2026-04-22 12:07:59,Q09,483.30,208.70,92.00,100.50,92.80,59.30,19.14,485.30,204.30,95.10,98.90,97.70,61.40,10.46,484.10,223.80,102.70,107.90,96.10,51.60,15.51,484.23,212.27,289.80,307.30,95.53,57.43,45.11
2026-04-22 12:08:00,2026-04-22 12:08:59,Q09,482.30,210.90,92.90,101.20,92.40,58.30,19.74,486.60,206.00,97.00,100.10,97.70,62.50,10.43,483.40,222.50,102.70,107.20,96.00,51.30,15.77,484.10,213.13,292.60,308.50,95.37,57.37,45.94
2026-04-22 12:09:00,2026-04-22 12:09:59,Q09,481.60,215.10,87.60,103.40,85.40,41.90,28.91,486.40,200.60,89.20,97.20,92.50,43.50,19.80,482.40,226.70,97.20,108.90,90.80,36.80,24.91,483.47,214.13,274.00,309.50,89.57,40.73,73.63
2026-04-22 12:10:00,2026-04-22 12:10:59,Q09,481.50,207.30,84.20,99.60,85.20,44.30,29.11,486.40,200.00,89.20,97.20,92.20,44.90,20.11,482.60,227.00,98.10,109.40,90.70,38.00,24.97,483.50,211.43,271.50,306.20,89.37,42.40,74.20
2026-04-22 12:11:00,2026-04-22 12:11:59,Q09,483.90,211.40,85.80,101.90,85.60,42.10,28.66,485.40,199.40,88.30,96.50,92.10,43.10,20.46,482.60,221.90,95.40,106.50,90.40,36.10,25.14,483.97,210.90,269.50,304.90,89.37,40.43,74.26
2026-04-22 12:12:00,2026-04-22 12:12:59,Q09,481.70,211.10,85.80,101.50,85.20,43.00,29.09,484.90,200.10,88.30,96.80,92.30,43.10,20.00,483.90,221.50,95.40,106.70,90.70,35.20,25.03,483.50,210.90,269.50,305.00,89.40,40.43,74.11
2026-04-22 12:13:00,2026-04-22 12:13:59,Q09,482.50,218.10,89.20,105.10,85.90,43.60,28.54,484.20,202.70,89.20,97.80,92.30,43.60,20.40,482.80,226.60,97.20,108.90,90.50,39.00,25.37,483.17,215.80,275.60,311.80,89.57,42.07,74.31
2026-04-22 12:14:00,2026-04-22 12:14:59,Q09,481.70,212.60,85.80,102.00,85.60,44.90,28.71,484.40,205.50,91.10,99.20,92.10,46.00,20.63,483.70,227.50,98.10,109.60,90.20,39.10,25.57,483.27,215.20,275.00,310.80,89.30,43.33,74.91
2026-04-22 12:15:00,2026-04-22 12:15:59,Q09,483.50,212.60,86.70,102.40,85.50,44.50,28.89,486.10,203.00,90.20,98.70,92.20,44.60,20.46,482.60,225.70,97.20,108.40,90.30,38.70,25.57,484.07,213.77,274.10,309.50,89.33,42.60,74.91
2026-04-22 12:16:00,2026-04-22 12:16:59,Q09,483.70,213.20,86.70,102.90,85.70,42.80,28.69,485.20,202.00,89.20,98.00,92.10,44.60,20.63,483.40,224.40,97.20,108.20,90.30,36.40,25.54,484.10,213.20,273.10,309.10,89.37,41.27,74.86
2026-04-22 12:17:00,2026-04-22 12:17:59,Q09,482.60,215.50,87.60,103.60,85.70,47.10,28.46,486.30,209.00,91.90,101.60,91.80,46.70,21.26,484.80,227.90,97.00,109.90,89.40,42.20,26.43,484.57,217.47,276.50,315.10,88.97,45.33,76.14
2026-04-22 12:18:00,2026-04-22 12:18:59,Q09,484.00,217.20,89.20,105.00,85.70,48.10,28.46,486.30,207.70,91.00,100.60,91.80,47.50,21.26,482.80,227.50,97.00,109.40,89.40,42.40,26.57,484.37,217.47,277.20,315.00,88.97,46.00,76.29
2026-04-22 12:19:00,2026-04-22 12:19:59,Q09,484.00,209.40,85.80,101.20,85.90,47.60,28.11,486.30,204.90,90.10,99.10,91.80,47.60,21.20,483.00,225.00,96.10,108.70,89.40,41.70,26.34,484.43,213.10,272.00,309.00,89.03,45.63,75.66
2026-04-22 12:20:00,2026-04-22 12:20:59,Q09,482.40,216.30,88.40,104.10,85.60,48.60,28.74,486.90,204.30,90.10,99.10,91.60,48.20,21.34,484.40,230.20,98.80,111.30,89.70,43.60,26.03,484.57,216.93,277.30,314.50,88.97,46.80,76.11
2026-04-22 12:21:00,2026-04-22 12:21:59,Q09,482.30,211.00,85.80,101.70,85.60,46.80,28.54,486.40,206.70,91.00,100.10,91.70,47.10,21.23,484.40,225.70,96.10,108.90,89.60,41.90,26.14,484.37,214.47,272.90,310.70,88.97,45.27,75.91
2026-04-22 12:22:00,2026-04-22 12:22:59,Q09,484.30,213.70,87.60,103.10,85.90,47.30,28.06,485.80,207.60,92.00,100.40,92.00,47.00,21.09,483.20,223.50,95.20,107.70,89.40,41.50,26.46,484.43,214.93,274.80,311.20,89.10,45.27,75.60
2026-04-22 12:23:00,2026-04-22 12:23:59,Q09,483.90,209.90,85.00,100.90,85.60,49.00,28.34,487.10,205.30,91.10,99.80,92.00,47.90,20.80,483.20,224.90,96.10,108.20,89.60,43.70,26.17,484.73,213.37,272.20,308.90,89.07,46.87,75.31
2026-04-22 12:24:00,2026-04-22 12:24:59,Q09,482.90,217.40,88.40,104.60,85.50,47.20,28.54,486.70,211.30,92.80,102.50,91.50,47.30,21.40,485.10,223.40,96.10,108.20,89.40,42.60,26.17,484.90,217.37,277.30,315.30,88.80,45.70,76.11
2026-04-22 12:25:00,2026-04-22 12:25:59,Q09,482.10,216.80,88.40,104.10,85.70,51.90,28.71,486.00,213.70,92.70,103.50,90.70,51.20,22.80,484.60,231.10,97.70,111.80,88.90,47.30,26.77,484.23,220.53,278.80,319.40,88.43,50.13,78.29
2026-04-22 12:26:00,2026-04-22 12:26:59,Q09,484.10,210.30,85.80,101.60,85.60,48.90,28.26,486.00,214.90,94.60,104.00,91.10,49.70,22.14,483.10,225.20,95.00,108.70,88.60,46.00,27.03,484.40,216.80,275.40,314.30,88.43,48.20,77.43
2026-04-22 12:27:00,2026-04-22 12:27:59,Q09,484.30,221.00,91.20,107.00,86.00,55.10,28.09,486.10,215.40,94.60,104.50,91.10,54.20,22.31,483.10,231.40,97.70,111.60,88.70,52.40,26.94,484.50,222.60,283.50,323.10,88.60,53.90,77.34
2026-04-22 12:28:00,2026-04-22 12:28:59,Q09,484.10,226.00,92.70,109.40,85.30,55.70,28.83,487.20,216.00,95.60,105.20,91.40,55.40,21.69,483.50,234.60,100.60,113.00,89.10,52.00,26.77,484.93,225.53,288.90,327.60,88.60,54.37,77.29
2026-04-22 12:29:00,2026-04-22 12:29:59,Q09,483.10,219.50,89.20,105.80,85.40,55.10,28.71,487.10,216.70,95.60,105.20,91.30,54.60,21.83,485.00,238.90,102.30,115.40,89.00,50.80,26.77,485.07,225.03,287.10,326.40,88.57,53.50,77.31
2026-04-22 12:30:00,2026-04-22 12:30:59,Q09,484.50,223.40,90.90,107.90,85.60,54.70,28.63,485.90,217.40,94.50,105.20,90.90,56.10,22.40,484.60,234.20,99.40,113.30,88.90,51.70,26.77,485.00,225.00,284.80,326.40,88.47,54.17,77.80
2026-04-22 12:31:00,2026-04-22 12:31:59,Q09,483.30,222.40,90.90,107.20,85.40,55.60,28.89,486.10,208.50,91.90,101.10,91.00,54.90,22.14,485.40,233.50,100.60,113.00,89.20,50.70,26.46,484.93,221.47,283.40,321.30,88.53,53.73,77.49
2026-04-22 12:32:00,2026-04-22 12:32:59,Q09,484.30,222.50,90.90,107.40,85.10,55.70,28.97,485.80,213.00,93.70,103.30,91.10,55.50,22.11,485.00,231.00,98.60,112.00,88.80,51.70,27.03,485.03,222.17,283.20,322.70,88.33,54.30,78.11
2026-04-22 12:33:00,2026-04-22 12:33:59,Q09,483.10,225.50,91.80,108.70,85.60,54.50,28.83,485.60,214.40,92.70,103.80,90.60,55.70,22.71,485.30,233.50,100.60,113.00,89.00,51.70,26.49,484.67,224.47,285.10,325.50,88.40,53.97,78.03
2026-04-22 12:34:00,2026-04-22 12:34:59,Q09,484.60,223.10,90.90,107.90,85.30,55.40,29.09,486.90,216.90,93.60,105.00,90.80,54.80,22.54,483.50,233.10,98.60,112.50,88.80,51.40,27.14,485.00,224.37,283.10,325.40,88.30,53.87,78.77
2026-04-22 12:35:00,2026-04-22 12:35:59,Q09,484.40,220.60,89.00,106.50,84.80,56.10,29.17,487.40,214.60,94.60,104.20,91.40,55.60,21.60,483.60,233.20,98.60,112.50,88.80,52.20,27.17,485.13,222.80,282.20,323.20,88.33,54.63,77.94
2026-04-22 12:36:00,2026-04-22 12:36:59,Q09,483.00,220.70,90.10,106.30,85.20,54.30,29.06,486.10,216.20,93.60,105.00,90.80,54.80,22.49,485.60,233.90,99.40,113.00,88.90,50.60,26.83,484.90,223.60,283.10,324.30,88.30,53.23,78.37
2026-04-22 12:37:00,2026-04-22 12:37:59,Q09,484.60,225.60,91.80,108.90,85.40,55.40,28.69,485.70,215.40,93.60,104.30,90.90,54.40,22.46,483.60,234.20,99.40,113.00,88.70,52.10,27.06,484.63,225.07,284.80,326.20,88.33,53.97,78.20
2026-04-22 12:38:00,2026-04-22 12:38:59,Q09,483.60,225.00,91.80,108.70,85.00,55.70,28.97,487.60,219.60,96.50,106.70,91.30,56.40,21.83,483.50,235.40,99.40,113.50,88.80,51.30,27.09,484.90,226.67,287.70,328.90,88.37,54.47,77.89
2026-04-22 12:39:00,2026-04-22 12:39:59,Q09,484.30,222.20,90.90,107.40,85.20,54.00,28.74,487.60,216.90,95.60,105.20,91.30,54.50,21.91,483.90,236.00,99.40,114.00,88.60,49.00,27.34,485.27,225.03,285.90,326.60,88.37,52.50,78.00
2026-04-22 12:40:00,2026-04-22 12:40:59,Q09,483.80,225.50,91.80,108.70,85.50,55.00,28.66,487.50,215.40,94.60,104.70,91.10,53.80,22.26,483.70,237.70,100.30,114.50,88.90,51.40,26.89,485.00,226.20,286.70,327.90,88.50,53.40,77.80
2026-04-22 12:41:00,2026-04-22 12:41:59,Q09,483.00,224.00,91.80,108.20,85.20,53.10,29.03,487.40,219.00,96.50,106.70,91.00,55.40,22.14,484.10,233.90,99.70,112.80,89.00,48.90,26.80,484.83,225.63,288.00,327.70,88.40,52.47,77.97
2026-04-22 12:42:00,2026-04-22 12:42:59,Q09,484.90,222.50,90.90,107.40,85.30,55.30,28.91,486.30,219.20,95.40,106.40,90.90,56.00,22.29,484.60,236.00,100.30,114.20,88.80,51.20,26.91,485.27,225.90,286.60,328.00,88.33,54.17,78.11
2026-04-22 12:43:00,2026-04-22 12:43:59,Q09,483.10,225.00,91.80,108.70,85.00,55.60,29.11,487.80,217.10,95.60,105.70,91.10,56.20,21.86,484.80,230.30,98.80,111.30,89.10,50.90,26.71,485.23,224.13,286.20,325.70,88.40,54.23,77.69
2026-04-22 12:44:00,2026-04-22 12:44:59,Q09,482.60,222.60,90.90,107.00,85.10,55.20,28.74,487.90,216.30,95.60,105.20,91.00,55.90,22.06,484.20,230.10,97.70,111.30,88.60,51.50,27.03,484.90,223.00,284.20,323.50,88.23,54.20,77.83
2026-04-22 12:45:00,2026-04-22 12:45:59,Q09,483.00,224.20,91.80,108.20,85.40,54.50,28.57,487.10,217.60,95.60,105.70,91.00,56.70,22.20,485.10,233.40,99.40,113.00,88.70,51.40,26.97,485.07,225.07,286.80,326.90,88.37,54.20,77.74
2026-04-22 12:46:00,2026-04-22 12:46:59,Q09,482.90,220.00,90.10,106.00,85.30,55.50,28.80,487.20,215.20,94.60,104.70,91.10,55.40,22.26,484.90,235.30,99.40,113.70,88.80,51.70,27.03,485.00,223.50,284.10,324.40,88.40,54.20,78.09
2026-04-22 12:47:00,2026-04-22 12:47:59,Q09,483.40,219.10,89.20,105.80,85.50,54.00,28.20,488.00,216.60,95.60,105.40,91.00,53.70,22.17,483.90,230.00,97.70,111.10,88.40,49.70,27.06,485.10,221.90,282.50,322.30,88.30,52.47,77.43
2026-04-22 12:48:00,2026-04-22 12:48:59,Q09,483.70,222.80,90.90,107.20,85.50,56.10,28.34,487.90,216.30,95.60,105.20,91.10,55.30,22.11,483.70,231.30,97.70,111.60,88.60,51.60,27.06,485.10,223.47,284.20,324.00,88.40,54.33,77.51
2026-04-22 12:49:00,2026-04-22 12:49:59,Q09,483.30,221.40,90.10,106.70,85.50,53.20,28.26,487.60,218.80,96.50,106.20,91.20,53.60,22.06,484.00,232.30,98.60,112.30,88.40,48.50,27.26,484.97,224.17,285.20,325.20,88.37,51.77,77.57
2026-04-22 12:50:00,2026-04-22 12:50:59,Q09,484.90,216.20,88.40,104.50,85.80,54.00,28.17,486.60,220.60,96.50,106.90,91.20,55.80,22.14,483.70,230.30,97.70,111.10,88.60,51.00,27.03,485.07,222.37,282.60,322.50,88.53,53.60,77.34
2026-04-22 12:51:00,2026-04-22 12:51:59,Q09,483.40,219.00,89.20,105.80,85.70,53.40,28.29,487.50,217.60,95.60,105.70,91.00,53.10,22.37,485.00,229.90,97.70,111.10,88.50,49.80,27.20,485.30,222.17,282.50,322.60,88.40,52.10,77.86
2026-04-22 12:52:00,2026-04-22 12:52:59,Q09,482.80,220.20,90.10,106.00,85.50,53.80,28.46,486.90,214.50,93.60,104.00,90.90,55.00,22.37,485.00,232.30,98.60,112.50,88.70,50.60,26.80,484.90,222.33,282.30,322.50,88.37,53.13,77.63
2026-04-22 12:53:00,2026-04-22 12:53:59,Q09,485.00,217.20,89.20,105.20,85.60,53.80,28.26,486.50,216.60,94.60,105.00,91.00,53.20,22.34,483.60,233.90,98.60,112.50,88.40,49.90,27.26,485.03,222.57,282.40,322.70,88.33,52.30,77.86
2026-04-22 12:54:00,2026-04-22 12:54:59,Q09,484.60,216.80,88.40,104.50,85.70,55.20,28.31,487.00,212.80,92.70,103.20,90.90,55.60,22.51,483.50,235.60,99.40,113.50,88.50,52.30,27.06,485.03,221.73,280.50,321.20,88.37,54.37,77.89
2026-04-22 12:55:00,2026-04-22 12:55:59,Q09,483.30,219.90,89.20,105.80,85.60,54.80,28.54,487.90,213.10,92.70,103.70,90.80,55.80,22.49,484.50,233.40,98.60,112.80,88.80,52.00,26.83,485.23,222.13,280.50,322.30,88.40,54.20,77.86
2026-04-22 12:56:00,2026-04-22 12:56:59,Q09,483.90,225.90,91.80,108.70,85.40,54.70,28.60,487.80,214.30,94.60,104.20,91.10,55.90,22.26,483.90,232.70,98.60,112.10,88.60,51.00,27.17,485.20,224.30,285.00,325.00,88.37,53.87,78.03
2026-04-22 12:57:00,2026-04-22 12:57:59,Q09,483.30,220.50,90.10,106.30,85.70,54.30,28.51,487.20,220.50,97.40,107.10,91.00,54.20,22.29,485.20,233.40,99.40,113.00,88.90,50.20,26.86,485.23,224.80,286.90,326.40,88.53,52.90,77.66
2026-04-22 12:58:00,2026-04-22 12:58:59,Q09,484.50,223.70,90.90,107.90,85.60,56.20,28.57,487.10,216.90,94.50,105.20,90.80,55.80,22.69,483.90,232.10,98.60,112.10,88.60,51.70,27.00,485.17,224.23,284.00,325.20,88.33,54.57,78.26
2026-04-22 12:59:00,2026-04-22 12:59:59,Q09,480.50,226.20,92.90,108.50,86.40,53.60,27.94,483.50,214.20,93.70,103.40,91.20,54.20,21.91,482.60,231.30,98.80,111.30,89.70,51.50,25.60,482.20,223.90,285.40,323.20,89.10,53.10,75.46
2026-04-22 13:00:00,2026-04-22 13:00:59,Q09,482.00,220.00,91.20,106.00,86.30,55.30,27.89,483.10,214.30,93.70,103.40,91.50,55.40,21.83,481.60,232.10,98.80,111.60,89.20,51.00,26.37,482.23,222.13,283.70,321.00,89.00,53.90,76.09
2026-04-22 13:01:00,2026-04-22 13:01:59,Q09,481.00,220.50,90.30,105.80,86.20,53.70,27.97,484.90,217.00,95.60,105.00,91.70,54.20,21.54,481.10,233.20,99.70,112.10,89.40,50.20,26.23,482.33,223.57,285.60,322.90,89.10,52.70,75.74
2026-04-22 13:02:00,2026-04-22 13:02:59,Q09,481.10,220.50,90.30,105.80,86.40,53.80,28.03,483.10,219.30,95.60,105.80,91.20,53.50,22.03,482.80,233.60,99.70,112.30,89.50,50.30,26.03,482.33,224.47,285.60,323.90,89.03,52.53,76.09
2026-04-22 13:03:00,2026-04-22 13:03:59,Q09,482.00,222.70,92.00,107.00,86.60,54.80,27.83,482.70,219.30,95.60,105.60,91.20,56.00,22.23,481.60,235.10,100.60,113.00,89.40,51.80,26.09,482.10,225.70,288.20,325.60,89.07,54.20,76.14
2026-04-22 13:04:00,2026-04-22 13:04:59,Q09,480.50,224.00,92.00,107.50,86.20,52.40,28.03,484.70,217.60,95.60,105.00,91.50,53.20,21.71,480.90,231.50,97.90,110.90,89.40,49.60,26.23,482.03,224.37,285.50,323.40,89.03,51.73,75.97
2026-04-22 13:05:00,2026-04-22 13:05:59,Q09,480.70,222.60,91.20,106.60,86.20,54.60,28.14,482.90,215.80,93.70,103.60,91.10,56.00,22.03,482.50,233.40,99.70,112.30,89.50,52.50,25.94,482.03,223.93,284.60,322.50,88.93,54.37,76.11
2026-04-22 13:06:00,2026-04-22 13:06:59,Q09,481.70,223.00,92.00,107.30,86.40,52.00,27.80,483.10,217.50,94.60,104.80,91.40,53.10,21.86,482.20,230.90,97.90,110.90,89.30,48.80,26.29,482.33,223.80,284.50,323.00,89.03,51.30,75.94
2026-04-22 13:07:00,2026-04-22 13:07:59,Q09,480.50,219.40,90.30,105.10,86.80,53.90,27.43,481.70,219.50,95.60,105.30,91.70,55.10,21.63,480.50,228.10,97.00,109.40,89.40,51.10,26.11,480.90,222.33,282.90,319.80,89.30,53.37,75.17
2026-04-22 13:08:00,2026-04-22 13:08:59,Q09,479.40,222.90,91.20,106.30,86.60,54.80,27.80,481.80,218.60,94.60,104.90,91.30,54.20,21.94,481.30,233.90,99.70,112.10,89.70,51.90,25.74,480.83,225.13,285.50,323.30,89.20,53.63,75.49
2026-04-22 13:09:00,2026-04-22 13:09:59,Q09,481.20,221.70,91.20,106.30,86.70,53.90,27.43,482.10,219.70,95.60,105.60,91.60,54.80,21.69,480.50,229.20,97.00,109.90,89.40,52.10,26.03,481.27,223.53,283.80,321.80,89.23,53.60,75.14
2026-04-22 13:10:00,2026-04-22 13:10:59,Q09,479.40,220.10,90.30,105.40,86.60,55.20,27.74,483.10,217.60,94.60,104.80,91.40,54.80,21.89,481.40,230.90,97.90,110.60,89.60,50.90,25.89,481.30,222.87,282.80,320.80,89.20,53.63,75.51
2026-04-22 13:11:00,2026-04-22 13:11:59,Q09,481.10,219.40,91.30,105.30,87.10,55.10,27.23,482.50,217.70,94.60,104.60,91.50,54.60,22.00,479.90,228.60,97.00,109.20,89.40,52.50,26.03,481.17,221.90,282.90,319.10,89.33,54.07,75.26
2026-04-22 13:12:00,2026-04-22 13:12:59,Q09,479.30,218.00,89.40,104.40,86.70,53.70,27.71,482.10,216.00,94.60,104.10,91.20,54.50,22.20,481.30,232.20,98.80,111.60,89.70,50.80,25.63,480.90,222.07,282.80,320.10,89.20,53.00,75.54
2026-04-22 13:13:00,2026-04-22 13:13:59,Q09,479.40,223.00,91.20,106.80,86.40,55.70,27.77,483.80,217.10,94.60,104.80,91.60,54.80,21.63,479.90,232.60,98.80,111.10,89.40,50.40,26.29,481.03,224.23,284.60,322.70,89.13,53.63,75.69
2026-04-22 13:14:00,2026-04-22 13:14:59,Q09,479.00,223.40,91.20,106.80,86.80,51.90,27.69,482.70,217.10,94.60,104.60,91.20,54.30,22.00,480.50,231.80,97.90,110.90,89.90,49.20,25.26,480.73,224.10,283.70,322.30,89.30,51.80,74.94
2026-04-22 13:15:00,2026-04-22 13:15:59,Q09,480.00,225.20,94.00,108.00,87.00,53.20,27.29,481.30,217.00,94.60,104.40,91.20,55.60,22.09,480.80,226.30,96.10,108.50,89.60,51.90,25.57,480.70,222.83,284.70,320.90,89.27,53.57,74.94
2026-04-22 13:16:00,2026-04-22 13:16:59,Q09,479.20,222.40,91.20,106.30,86.30,52.40,27.89,483.80,218.00,95.60,105.30,91.70,54.90,21.49,480.60,230.30,97.90,110.40,89.40,50.40,26.23,481.20,223.57,284.70,322.00,89.13,52.57,75.60
2026-04-22 13:17:00,2026-04-22 13:17:59,Q09,479.80,222.60,91.20,106.30,86.40,54.90,27.69,483.70,218.10,95.60,105.30,91.70,54.80,21.49,479.90,232.60,98.80,111.10,89.30,51.40,26.31,481.13,224.43,285.60,322.70,89.13,53.70,75.49
2026-04-22 13:18:00,2026-04-22 13:18:59,Q09,479.30,224.80,92.00,107.30,86.60,54.20,27.80,482.90,213.80,92.80,102.70,91.60,54.40,21.60,481.30,230.70,97.90,110.60,89.80,50.60,25.77,481.17,223.10,282.70,320.60,89.33,53.07,75.17
2026-04-22 13:19:00,2026-04-22 13:19:59,Q09,479.70,221.90,90.30,105.90,86.90,53.50,27.54,482.10,215.70,93.70,103.60,91.10,55.10,22.17,481.60,228.70,97.00,109.70,89.70,51.40,25.49,481.13,222.10,281.00,319.20,89.23,53.33,75.20
2026-04-22 13:20:00,2026-04-22 13:20:59,Q09,479.10,222.80,91.20,106.30,86.60,53.70,27.57,483.30,218.30,95.60,105.30,91.50,55.60,21.63,480.10,226.80,96.10,108.50,89.70,51.30,25.66,480.83,222.63,282.90,320.10,89.27,53.53,74.86
2026-04-22 13:21:00,2026-04-22 13:21:59,Q09,480.60,221.20,91.20,106.10,86.70,54.80,27.66,481.60,219.60,95.60,105.30,91.50,54.70,21.86,480.50,229.30,97.00,109.90,89.50,51.70,26.03,480.90,223.37,283.80,321.30,89.23,53.73,75.54
2026-04-22 13:22:00,2026-04-22 13:22:59,Q09,479.60,218.70,89.40,104.40,86.70,53.10,27.69,483.20,216.10,94.60,104.30,91.40,53.40,21.77,479.40,233.00,98.80,111.60,89.70,50.90,25.60,480.73,222.60,282.80,320.30,89.27,52.47,75.06
2026-04-22 13:23:00,2026-04-22 13:23:59,Q09,480.50,223.20,92.00,107.00,86.80,55.00,27.46,481.90,217.70,94.60,104.40,91.40,55.50,22.03,479.20,228.90,97.00,109.20,89.30,52.60,26.06,480.53,223.27,283.60,320.60,89.17,54.37,75.54
2026-04-22 13:24:00,2026-04-22 13:24:59,Q09,479.90,219.00,89.40,104.90,86.90,53.70,27.46,481.40,216.80,93.70,103.90,91.10,53.60,22.17,481.00,227.70,97.00,109.20,89.60,50.80,25.63,480.77,221.17,280.10,318.00,89.20,52.70,75.26
2026-04-22 13:25:00,2026-04-22 13:25:59,Q09,479.10,224.40,93.10,107.30,87.20,54.20,27.29,481.80,216.40,93.70,103.90,91.00,54.70,22.34,481.10,227.80,97.00,109.20,89.80,50.80,25.26,480.67,222.87,283.80,320.40,89.33,53.23,74.89
2026-04-22 13:26:00,2026-04-22 13:26:59,Q09,480.70,222.30,92.20,106.60,87.30,54.80,27.00,481.40,217.50,94.60,104.40,91.30,55.00,22.11,479.30,227.20,96.10,108.70,89.50,52.00,25.66,480.47,222.33,282.90,319.70,89.37,53.93,74.77
2026-04-22 13:27:00,2026-04-22 13:27:59,Q09,480.70,222.40,91.20,106.60,86.80,52.50,27.17,481.60,218.90,94.60,104.90,91.50,53.10,21.77,479.60,231.30,97.90,110.60,89.10,49.70,26.20,480.63,224.20,283.70,322.10,89.13,51.77,75.14
2026-04-22 13:28:00,2026-04-22 13:28:59,Q09,479.40,224.70,93.10,107.30,87.00,53.70,27.23,482.90,214.20,93.70,103.10,91.60,55.70,21.77,481.10,229.90,97.90,110.10,89.50,51.50,25.86,481.13,222.93,284.70,320.50,89.37,53.63,74.86
2026-04-22 13:29:00,2026-04-22 13:29:59,Q09,480.90,222.00,91.20,106.60,86.80,54.20,27.17,482.20,219.90,95.60,105.60,91.50,52.10,21.80,479.90,229.30,97.00,109.70,89.30,49.10,25.97,481.00,223.73,283.80,321.90,89.20,51.80,74.94
2026-04-22 13:30:00,2026-04-22 13:30:59,Q09,480.00,224.70,92.00,107.50,86.80,54.80,27.51,482.00,217.20,94.60,104.60,91.30,55.40,22.09,481.10,227.90,97.00,109.20,89.50,52.80,25.77,481.03,223.27,283.60,321.30,89.20,54.33,75.37
2026-04-22 13:31:00,2026-04-22 13:31:59,Q09,479.30,220.20,90.30,105.40,86.70,50.80,27.71,483.00,217.00,94.60,104.80,91.30,53.00,21.94,481.00,233.40,99.70,112.10,89.70,50.80,25.69,481.10,223.53,284.60,322.30,89.23,51.53,75.34
2026-04-22 13:32:00,2026-04-22 13:32:59,Q09,479.10,222.90,91.20,106.30,86.70,53.60,27.74,481.80,214.60,92.80,102.90,91.20,54.10,22.06,481.20,228.60,97.00,109.70,89.80,51.60,25.40,480.70,222.03,281.00,318.90,89.23,53.10,75.20
2026-04-22 13:33:00,2026-04-22 13:33:59,Q09,479.20,219.60,89.40,104.90,86.50,53.50,27.86,483.00,218.20,95.60,105.30,91.30,55.30,21.91,481.00,233.80,99.70,112.10,89.60,50.50,25.71,481.07,223.87,284.70,322.30,89.13,53.10,75.49
2026-04-22 13:34:00,2026-04-22 13:34:59,Q09,480.70,220.70,90.30,105.60,86.90,55.40,27.17,481.90,214.60,92.80,102.90,91.60,55.70,21.66,479.90,230.60,97.90,110.20,89.50,52.80,25.74,480.83,221.97,281.00,318.70,89.33,54.63,74.57
2026-04-22 13:35:00,2026-04-22 13:35:59,Q09,479.80,219.50,89.40,104.90,86.50,55.40,27.74,483.30,216.30,94.60,104.30,91.70,55.90,21.63,479.30,229.50,97.00,109.70,89.40,52.00,26.17,480.80,221.77,281.00,318.90,89.20,54.43,75.54
2026-04-22 13:36:00,2026-04-22 13:36:59,Q09,478.60,226.40,92.90,108.00,86.70,54.40,27.60,483.10,215.20,93.70,103.80,91.50,56.40,21.80,480.00,235.40,99.70,112.80,89.60,51.30,25.86,480.57,225.67,286.30,324.60,89.27,54.03,75.26
2026-04-22 13:37:00,2026-04-22 13:37:59,Q09,480.30,224.40,93.10,107.50,87.00,53.60,27.51,481.10,216.10,93.70,103.90,91.40,54.00,22.03,480.30,231.90,97.90,110.90,89.70,51.40,25.69,480.57,224.13,284.70,322.30,89.37,53.00,75.23
2026-04-22 13:38:00,2026-04-22 13:38:59,Q09,480.50,222.70,92.20,106.60,87.20,55.00,27.20,481.60,218.70,94.60,104.90,91.40,56.10,21.91,479.70,233.10,98.80,111.60,89.80,51.80,25.40,480.60,224.83,285.60,323.10,89.47,54.30,74.51
2026-04-22 13:39:00,2026-04-22 13:39:59,Q09,478.30,212.00,87.90,101.30,87.00,50.10,27.06,482.50,219.70,95.60,105.60,91.90,50.40,21.37,478.90,229.40,97.00,109.50,89.40,47.80,26.09,479.90,220.37,280.50,316.40,89.43,49.43,74.51
2026-04-22 13:40:00,2026-04-22 13:40:59,Q09,479.50,216.10,89.60,103.50,87.80,50.60,26.60,481.50,213.60,92.80,102.50,91.60,51.10,21.71,478.00,225.80,96.30,107.60,90.20,48.10,24.80,479.67,218.50,278.70,313.60,89.87,49.93,73.11
2026-04-22 13:41:00,2026-04-22 13:41:59,Q09,479.10,218.70,90.50,104.40,87.10,51.10,27.26,483.40,218.40,95.60,105.30,91.60,52.00,21.71,479.80,226.70,96.10,108.30,89.90,48.30,25.37,480.77,221.27,282.20,318.00,89.53,50.47,74.34
2026-04-22 13:42:00,2026-04-22 13:42:59,Q09,479.90,220.10,91.30,105.40,87.70,48.60,26.80,481.50,215.10,93.70,103.40,91.20,49.50,22.23,480.90,222.20,94.30,106.60,89.90,45.90,25.09,480.77,219.13,279.30,315.40,89.60,48.00,74.11
2026-04-22 13:43:00,2026-04-22 13:43:59,Q09,478.90,218.80,90.50,104.20,87.60,50.10,26.63,482.00,212.80,92.80,102.20,91.60,50.90,21.74,480.60,225.50,96.10,108.00,89.80,47.70,25.31,480.50,219.03,279.40,314.40,89.67,49.57,73.69
2026-04-22 13:44:00,2026-04-22 13:44:59,Q09,479.90,216.60,89.60,103.50,87.80,49.60,26.40,481.50,216.00,93.70,103.90,91.80,50.10,21.77,480.70,223.90,95.20,107.00,89.60,45.70,25.66,480.70,218.83,278.50,314.40,89.73,48.47,73.83
2026-04-22 13:45:00,2026-04-22 13:45:59,Q09,479.80,213.40,88.70,102.00,87.40,49.90,26.83,481.60,211.20,91.90,101.50,91.50,51.70,21.77,480.90,227.90,96.10,109.00,89.80,47.90,25.14,480.77,217.50,276.70,312.50,89.57,49.83,73.74
2026-04-22 13:46:00,2026-04-22 13:46:59,Q09,478.50,218.30,90.50,104.20,87.30,50.30,27.03,483.10,218.10,95.60,105.30,91.60,51.30,21.57,479.90,225.70,96.30,107.80,90.10,47.70,25.09,480.50,220.70,282.40,317.30,89.67,49.77,73.69
2026-04-22 13:47:00,2026-04-22 13:47:59,Q09,480.50,218.70,90.50,104.60,87.70,49.80,26.57,481.50,212.20,91.90,102.00,91.60,50.40,21.77,479.20,230.00,97.90,110.20,89.80,47.90,25.26,480.40,220.30,280.30,316.80,89.70,49.37,73.60
2026-04-22 13:48:00,2026-04-22 13:48:59,Q09,480.40,216.30,89.60,103.70,87.70,50.70,26.51,481.70,211.40,91.90,101.50,91.70,51.10,21.60,479.20,226.90,96.10,108.30,89.90,47.50,25.23,480.43,218.20,277.60,313.50,89.77,49.77,73.34
2026-04-22 13:49:00,2026-04-22 13:49:59,Q09,479.60,215.10,88.70,103.00,87.50,49.50,26.80,481.30,213.20,92.80,102.50,91.50,51.40,21.86,480.40,226.20,96.10,108.50,89.90,48.00,25.20,480.43,218.17,277.60,314.00,89.63,49.63,73.86
2026-04-22 13:50:00,2026-04-22 13:50:59,Q09,479.00,212.40,87.90,101.50,87.40,47.80,26.71,483.20,211.70,91.90,101.90,91.80,48.00,21.17,479.70,224.90,96.30,107.30,90.10,43.60,24.86,480.63,216.33,276.10,310.70,89.77,46.47,72.74
2026-04-22 13:51:00,2026-04-22 13:51:59,Q09,479.30,213.60,88.70,102.00,87.60,47.40,26.54,483.00,211.30,92.90,101.90,92.00,48.00,21.03,479.00,220.40,94.50,105.40,90.30,44.60,24.86,480.43,215.10,276.10,309.30,89.97,46.67,72.43
2026-04-22 13:52:00,2026-04-22 13:52:59,Q09,480.00,214.30,88.70,102.70,87.30,46.80,26.97,481.20,207.10,90.10,99.60,91.60,47.10,21.51,480.20,221.50,95.40,106.10,90.10,42.70,25.03,480.47,214.30,274.20,308.40,89.67,45.53,73.51
2026-04-22 13:53:00,2026-04-22 13:53:59,Q09,478.80,220.10,91.30,105.20,87.60,50.20,26.71,482.30,213.50,92.80,102.70,91.40,50.80,21.89,480.80,222.80,95.40,106.60,90.00,47.20,24.91,480.63,218.80,279.50,314.50,89.67,49.40,73.51
2026-04-22 13:54:00,2026-04-22 13:54:59,Q09,479.30,216.20,89.60,103.50,87.30,48.10,26.86,481.20,210.50,91.90,101.00,91.50,49.40,21.57,480.60,218.80,93.60,104.60,90.00,45.60,24.94,480.37,215.17,275.10,309.10,89.60,47.70,73.37
2026-04-22 13:55:00,2026-04-22 13:55:59,Q09,478.90,217.30,89.60,103.70,87.20,49.10,26.94,483.30,210.70,91.90,101.40,91.50,50.90,21.54,480.00,224.80,96.30,107.50,90.10,47.20,24.77,480.73,217.60,277.80,312.60,89.60,49.07,73.26
2026-04-22 13:56:00,2026-04-22 13:56:59,Q09,480.50,217.80,90.50,104.20,87.40,48.90,26.74,482.70,212.70,92.80,102.20,91.60,50.90,21.46,479.30,225.80,96.30,107.80,90.00,46.80,24.97,480.83,218.77,279.60,314.20,89.67,48.87,73.17
2026-04-22 13:57:00,2026-04-22 13:57:59,Q09,479.00,212.70,87.90,101.50,87.40,50.80,26.71,482.70,213.50,92.80,102.70,91.80,51.40,21.23,480.70,223.70,96.30,107.00,90.00,47.80,25.00,480.80,216.63,277.00,311.20,89.73,50.00,72.94
2026-04-22 13:58:00,2026-04-22 13:58:59,Q09,479.30,214.50,88.70,102.50,87.40,49.60,26.43,483.00,212.80,92.80,102.40,91.70,49.30,21.51,481.00,220.20,93.40,105.80,89.50,46.90,25.54,481.10,215.83,274.90,310.70,89.53,48.60,73.49
2026-04-22 13:59:00,2026-04-22 13:59:59,Q09,479.90,216.10,89.60,103.50,87.60,50.70,26.37,483.20,209.00,91.00,100.90,91.70,51.20,21.31,479.20,223.40,95.40,106.80,90.00,48.00,24.69,480.77,216.17,276.00,311.20,89.77,49.97,72.37
2026-04-22 14:00:00,2026-04-22 14:00:59,Q09,480.00,218.90,90.50,104.60,87.40,49.30,26.43,483.10,207.00,90.10,100.00,91.60,49.60,21.43,479.20,218.10,92.60,104.40,89.80,44.90,25.00,480.77,214.67,273.20,309.00,89.60,47.93,72.86
2026-04-22 14:01:00,2026-04-22 14:01:59,Q09,479.20,216.90,89.60,103.50,87.80,48.70,26.06,481.70,212.10,91.90,102.00,91.60,49.50,21.57,480.80,219.00,93.40,105.10,89.70,46.80,25.11,480.57,216.00,274.90,310.60,89.70,48.33,72.74
2026-04-22 14:02:00,2026-04-22 14:02:59,Q09,480.30,212.80,87.90,101.80,87.80,49.70,25.94,481.30,211.10,91.90,101.50,91.70,49.10,21.43,479.70,221.00,93.40,105.90,89.60,45.40,25.20,480.43,214.97,273.20,309.20,89.70,48.07,72.57
2026-04-22 14:03:00,2026-04-22 14:03:59,Q09,478.80,215.40,88.70,102.80,87.50,47.90,26.54,482.50,205.80,89.20,98.80,91.70,48.20,21.29,480.70,219.50,94.50,105.10,90.20,44.80,24.63,480.67,213.57,272.40,306.70,89.80,46.97,72.46
2026-04-22 14:04:00,2026-04-22 14:04:59,Q09,478.60,217.00,89.60,103.70,87.60,50.30,26.57,482.60,208.80,91.00,100.30,91.40,50.70,21.74,480.20,221.60,95.40,106.10,90.00,47.90,24.89,480.47,215.80,276.00,310.10,89.67,49.63,73.20
2026-04-22 14:05:00,2026-04-22 14:05:59,Q09,478.30,217.10,89.60,103.70,87.50,47.80,26.51,481.50,210.20,91.90,101.00,91.80,49.30,21.14,480.20,220.80,94.50,105.60,90.10,46.10,24.74,480.00,216.03,276.00,310.30,89.80,47.73,72.40
2026-04-22 14:06:00,2026-04-22 14:06:59,Q09,479.40,217.50,89.60,103.90,87.60,48.80,26.60,482.40,214.40,93.70,103.10,91.70,50.40,21.46,478.40,223.00,95.40,106.60,90.00,47.50,24.97,480.07,218.30,278.70,313.60,89.77,48.90,73.03
2026-04-22 14:07:00,2026-04-22 14:07:59,Q09,480.00,217.30,90.50,104.20,87.80,47.00,26.29,480.60,212.30,91.90,101.80,91.40,49.90,21.86,479.00,222.10,94.30,106.30,89.80,44.20,24.89,479.87,217.23,276.70,312.30,89.67,47.03,73.03
2026-04-22 14:08:00,2026-04-22 14:08:59,Q09,478.30,217.90,89.60,103.70,87.40,49.80,26.86,482.10,210.40,91.90,101.20,91.40,51.50,21.63,479.40,224.00,96.30,107.30,90.20,48.20,24.66,479.93,217.43,277.80,312.20,89.67,49.83,73.14
2026-04-22 14:09:00,2026-04-22 14:09:59,Q09,479.60,215.80,88.70,103.00,87.80,45.70,26.34,482.50,212.10,92.80,102.20,91.40,48.40,21.83,478.50,220.20,93.40,105.20,89.90,46.10,24.83,480.20,216.03,274.90,310.40,89.70,46.73,73.00
2026-04-22 14:10:00,2026-04-22 14:10:59,Q09,478.60,217.40,89.60,103.70,87.50,49.70,26.91,481.90,216.40,93.70,103.90,91.00,51.10,22.31,480.20,220.40,94.50,105.60,90.00,47.70,24.80,480.23,218.07,277.80,313.20,89.50,49.50,74.03
2026-04-22 14:11:00,2026-04-22 14:11:59,Q09,479.50,216.20,90.60,103.50,88.20,50.30,26.00,482.30,217.00,94.60,104.60,91.60,49.60,21.71,478.50,222.20,95.40,106.10,90.10,46.70,24.71,480.10,218.47,280.60,314.20,89.97,48.87,72.43
2026-04-22 14:12:00,2026-04-22 14:12:59,Q09,479.90,215.50,89.80,103.00,88.40,49.40,25.69,480.80,213.40,92.80,102.20,91.70,49.80,21.74,478.50,220.00,93.40,105.20,89.80,48.10,24.91,479.73,216.30,276.00,310.40,89.97,49.10,72.34
2026-04-22 14:13:00,2026-04-22 14:13:59,Q09,478.30,214.80,88.70,102.30,87.80,49.20,26.26,482.20,215.20,93.70,103.60,91.70,50.00,21.34,479.80,223.60,95.40,106.80,90.20,46.40,24.49,480.10,217.87,277.80,312.70,89.90,48.53,72.09
2026-04-22 14:14:00,2026-04-22 14:14:59,Q09,479.70,211.00,88.90,101.10,88.10,50.10,26.06,481.60,212.40,91.90,102.00,91.60,50.50,21.54,478.20,220.40,94.50,105.20,90.20,47.30,24.57,479.83,214.60,275.30,308.30,89.97,49.30,72.17
2026-04-22 14:15:00,2026-04-22 14:15:59,Q09,478.30,216.50,90.60,103.20,88.00,47.10,26.11,482.30,209.40,91.00,100.70,91.70,49.10,21.20,478.70,223.90,95.40,106.60,90.70,45.20,23.83,479.77,216.60,277.00,310.50,90.13,47.13,71.14
2026-04-22 14:16:00,2026-04-22 14:16:59,Q09,478.00,213.20,88.90,101.80,88.00,49.70,26.14,482.10,205.90,89.20,98.80,91.70,49.70,21.43,478.80,220.30,94.50,105.20,90.20,46.90,24.54,479.63,213.13,272.60,305.80,89.97,48.77,72.11
2026-04-22 14:17:00,2026-04-22 14:17:59,Q09,479.70,215.60,89.80,103.00,88.40,48.40,25.54,480.60,214.90,92.80,102.70,91.70,49.50,21.63,478.60,221.70,93.40,105.60,89.80,44.20,24.80,479.63,217.40,276.00,311.30,89.97,47.37,71.97
2026-04-22 14:18:00,2026-04-22 14:18:59,Q09,478.00,216.30,89.60,103.20,87.90,50.20,26.51,481.80,211.30,91.90,101.50,91.50,50.60,21.66,479.50,222.00,95.40,106.30,90.50,46.60,24.26,479.77,216.53,276.90,311.00,89.97,49.13,72.43
2026-04-22 14:19:00,2026-04-22 14:19:59,Q09,477.90,217.30,90.60,103.50,88.00,48.90,26.03,481.50,207.50,90.10,99.60,91.80,49.20,21.37,479.40,224.00,96.30,107.30,90.00,45.60,24.77,479.60,216.27,277.00,310.40,89.93,47.90,72.17
2026-04-22 14:20:00,2026-04-22 14:20:59,Q09,479.60,218.40,90.50,104.40,87.40,52.30,26.63,482.30,216.50,94.60,104.10,91.50,53.40,21.69,478.50,227.50,96.10,108.50,89.60,50.30,25.46,480.13,220.80,281.20,317.00,89.50,52.00,73.77
2026-04-22 14:21:00,2026-04-22 14:21:59,Q09,479.00,219.40,90.50,104.90,87.10,54.50,27.03,482.80,218.20,95.60,105.10,91.60,55.30,21.49,478.60,230.10,97.00,109.90,89.80,52.20,25.29,480.13,222.57,283.10,319.90,89.50,54.00,73.80
2026-04-22 14:22:00,2026-04-22 14:22:59,Q09,478.70,218.40,90.50,104.20,87.00,53.80,27.17,482.90,213.90,92.80,102.70,91.50,54.90,21.46,479.40,229.90,97.00,109.70,89.90,49.30,25.11,480.33,220.73,280.30,316.60,89.47,52.67,73.74
2026-04-22 14:23:00,2026-04-22 14:23:59,Q09,479.00,218.60,89.40,104.40,86.80,53.80,27.37,481.60,218.30,94.60,104.90,91.50,53.80,21.54,480.80,227.90,96.10,109.00,89.70,50.60,25.46,480.47,221.60,280.10,318.30,89.33,52.73,74.37
2026-04-22 14:24:00,2026-04-22 14:24:59,Q09,479.00,220.60,91.30,105.40,87.30,54.30,26.86,482.70,211.80,91.90,101.70,91.40,55.50,21.74,480.20,226.10,96.10,108.50,89.90,52.60,24.97,480.63,219.50,279.30,315.60,89.53,54.13,73.57
2026-04-22 14:25:00,2026-04-22 14:25:59,Q09,479.40,218.30,90.50,104.40,87.20,53.60,26.86,482.70,213.60,92.80,102.70,91.80,54.10,21.17,479.00,229.80,98.10,109.70,90.00,50.70,24.97,480.37,220.57,281.40,316.80,89.67,52.80,73.00
2026-04-22 14:26:00,2026-04-22 14:26:59,Q09,479.80,223.10,92.20,106.80,87.10,55.40,27.06,483.20,213.90,92.80,102.90,91.40,55.50,21.77,479.30,228.30,97.00,109.20,89.90,51.50,25.17,480.77,221.77,282.00,318.90,89.47,54.13,74.00
2026-04-22 14:27:00,2026-04-22 14:27:59,Q09,480.60,221.10,92.20,106.10,87.40,55.90,26.54,481.30,215.00,93.70,103.40,91.60,55.60,21.77,479.70,227.60,96.10,108.70,89.20,52.30,25.91,480.53,221.23,282.00,318.20,89.40,54.60,74.23
2026-04-22 14:28:00,2026-04-22 14:28:59,Q09,479.60,217.90,89.60,103.90,87.00,53.50,26.94,482.40,218.60,95.60,105.10,91.70,54.20,21.34,478.80,226.80,96.10,108.00,89.60,51.20,25.60,480.27,221.10,281.30,317.00,89.43,52.97,73.89
2026-04-22 14:29:00,2026-04-22 14:29:59,Q09,478.90,218.90,90.50,104.20,87.10,54.10,27.00,481.70,215.10,93.70,103.40,91.50,56.00,21.74,480.60,227.70,96.10,109.00,89.70,52.00,25.40,480.40,220.57,280.30,316.60,89.43,54.03,74.14
2026-04-22 14:30:00,2026-04-22 14:30:59,Q09,480.20,220.90,91.30,105.60,87.50,53.00,26.60,481.80,215.50,93.70,103.40,91.50,53.60,21.63,478.70,230.40,97.00,109.90,89.80,51.30,25.00,480.23,222.27,282.00,318.90,89.60,52.63,73.23
2026-04-22 14:31:00,2026-04-22 14:31:59,Q09,480.30,220.50,91.30,105.60,87.20,54.60,26.83,481.10,218.60,94.60,104.90,91.50,54.70,21.80,479.10,223.90,94.30,106.80,89.50,51.80,25.51,480.17,221.00,280.20,317.30,89.40,53.70,74.14
2026-04-22 14:32:00,2026-04-22 14:32:59,Q09,479.90,217.10,89.60,103.90,87.40,53.40,26.51,481.40,214.40,92.80,102.90,91.70,51.90,21.46,478.20,229.10,97.00,109.50,89.70,49.80,25.17,479.83,220.20,279.40,316.30,89.60,51.70,73.14
2026-04-22 14:33:00,2026-04-22 14:33:59,Q09,479.50,220.10,91.30,105.40,87.60,54.10,26.40,481.90,216.50,93.70,103.90,91.60,54.90,21.69,478.00,225.90,95.20,107.60,89.60,51.40,25.29,479.80,220.83,280.20,316.90,89.60,53.47,73.37
2026-04-22 14:34:00,2026-04-22 14:34:59,Q09,478.20,221.60,91.30,105.60,87.20,53.90,27.06,481.70,214.80,92.80,102.90,91.30,51.50,21.94,479.90,226.00,96.10,108.30,89.90,49.20,25.14,479.93,220.80,280.20,316.80,89.47,51.53,74.14
2026-04-22 14:35:00,2026-04-22 14:35:59,Q09,480.00,218.40,90.50,104.60,87.60,52.10,26.17,480.70,219.20,95.60,105.10,91.90,52.20,21.26,478.30,228.70,96.10,109.00,89.60,49.80,25.37,479.67,222.10,282.20,318.70,89.70,51.37,72.80
2026-04-22 14:36:00,2026-04-22 14:36:59,Q09,479.00,218.60,90.50,104.40,87.40,53.40,26.77,481.10,213.40,92.80,102.50,91.10,54.90,21.94,480.40,226.50,97.20,108.50,90.10,51.40,24.54,480.17,219.50,280.50,315.40,89.53,53.23,73.26
2026-04-22 14:37:00,2026-04-22 14:37:59,Q09,479.50,218.30,90.50,104.40,87.40,54.00,26.74,481.40,211.40,91.90,101.50,91.20,54.50,21.86,480.80,230.80,99.00,110.40,90.00,52.80,24.66,480.57,220.17,281.40,316.30,89.53,53.77,73.26
2026-04-22 14:38:00,2026-04-22 14:38:59,Q09,480.80,220.40,91.30,105.60,87.40,53.20,26.60,481.40,213.60,92.80,102.50,91.30,54.50,21.80,480.20,226.00,96.10,108.50,89.80,51.50,24.94,480.80,220.00,280.20,316.60,89.50,53.07,73.34
2026-04-22 14:39:00,2026-04-22 14:39:59,Q09,479.90,217.60,88.60,103.90,86.90,55.00,27.00,483.80,216.40,94.60,104.30,91.50,55.80,21.63,479.90,225.60,95.20,107.80,89.30,51.50,25.86,481.20,219.87,278.40,316.00,89.23,54.10,74.49
2026-04-22 14:40:00,2026-04-22 14:40:59,Q09,480.60,221.90,92.20,106.10,87.10,53.30,27.03,482.00,213.40,92.80,102.70,91.00,54.40,22.17,481.40,225.50,96.10,108.20,89.60,51.40,25.20,481.33,220.27,281.10,317.00,89.23,53.03,74.40
2026-04-22 14:41:00,2026-04-22 14:41:59,Q09,480.30,219.80,90.30,105.10,86.70,54.60,27.26,481.70,216.00,93.70,103.90,91.40,53.70,21.77,480.80,228.70,97.00,109.40,89.30,52.10,25.86,480.93,221.50,281.00,318.40,89.13,53.47,74.89
2026-04-22 14:42:00,2026-04-22 14:42:59,Q09,479.90,197.10,80.80,94.40,86.60,54.20,24.29,481.00,202.60,89.20,97.20,92.20,53.80,19.71,479.50,210.70,87.00,100.60,87.40,50.00,26.11,480.13,203.47,257.00,292.20,88.73,52.67,70.11
2026-04-22 14:43:00,2026-04-22 14:43:59,Q09,479.50,186.80,76.50,89.10,86.30,51.00,23.97,480.70,182.10,78.30,87.40,90.70,52.70,19.34,480.00,192.30,81.90,92.20,89.20,49.10,22.29,480.07,187.07,236.70,268.70,88.73,50.93,65.60
2026-04-22 14:44:00,2026-04-22 14:44:59,Q09,478.40,175.40,70.60,83.70,85.50,53.10,22.89,482.10,170.50,72.90,81.90,90.60,53.70,18.17,478.90,182.50,75.70,87.00,88.50,50.90,21.57,479.80,176.13,219.20,252.60,88.20,52.57,62.63
2026-04-22 14:45:00,2026-04-22 14:45:59,Q09,479.00,163.50,66.30,78.10,85.30,48.70,21.49,480.40,164.20,70.20,78.70,90.30,51.20,17.54,479.40,172.50,71.30,82.40,87.70,47.40,21.00,479.60,166.73,207.80,239.20,87.77,49.10,60.03
2026-04-22 14:46:00,2026-04-22 14:46:59,Q09,479.90,157.40,63.00,75.20,84.30,51.30,21.17,480.60,154.20,65.00,73.90,89.80,51.60,17.20,478.60,165.70,67.10,78.90,86.90,48.90,20.77,479.70,159.10,195.10,228.00,87.00,50.60,59.14
2026-04-22 14:47:00,2026-04-22 14:47:59,Q09,478.10,141.70,55.60,67.40,83.80,50.00,19.89,481.00,153.60,65.70,73.60,90.60,47.30,16.09,479.90,159.60,64.60,76.20,85.20,46.20,21.34,479.67,151.63,185.90,217.20,86.53,47.83,57.31
2026-04-22 14:48:00,2026-04-22 14:48:59,Q09,479.50,140.10,55.60,67.10,83.00,50.40,20.09,481.40,141.50,59.60,67.80,89.10,49.90,16.23,477.90,151.30,61.20,72.00,85.90,47.60,19.74,479.60,144.30,176.40,206.90,86.00,49.30,56.06
2026-04-22 14:49:00,2026-04-22 14:49:59,Q09,479.30,140.00,55.60,67.10,83.20,50.10,19.60,479.90,133.90,55.40,63.70,88.20,51.20,16.34,479.80,145.70,58.70,69.50,85.90,47.80,18.97,479.67,139.87,169.70,200.30,85.77,49.70,54.91
2026-04-22 14:50:00,2026-04-22 14:50:59,Q09,477.70,137.90,53.30,65.30,82.40,49.80,19.54,481.50,131.00,55.40,63.00,88.10,51.70,15.91,478.10,142.80,57.00,67.90,85.70,47.60,18.71,479.10,137.23,165.70,196.20,85.40,49.70,54.17
2026-04-22 14:51:00,2026-04-22 14:51:59,Q09,479.10,133.60,51.00,63.70,81.80,47.90,19.31,481.40,132.40,54.80,63.50,87.90,49.10,15.74,477.60,136.10,54.40,64.90,85.10,45.40,18.80,479.37,134.03,160.20,192.10,84.93,47.47,53.86
2026-04-22 14:52:00,2026-04-22 14:52:59,Q09,478.80,123.90,47.60,58.80,82.10,49.10,18.03,480.50,128.30,54.30,61.40,89.10,49.40,15.11,479.50,136.70,54.00,65.10,83.00,46.40,19.77,479.60,129.63,155.90,185.30,84.73,48.30,52.91
2026-04-22 14:53:00,2026-04-22 14:53:59,Q09,479.10,129.70,49.40,61.80,81.80,47.80,18.71,480.80,124.50,51.30,59.50,87.10,49.50,15.60,480.10,133.80,53.50,63.80,85.00,45.90,17.97,480.00,129.33,154.20,185.10,84.63,47.73,52.29
2026-04-22 14:54:00,2026-04-22 14:54:59,Q09,478.40,121.60,45.60,57.80,80.80,49.30,17.89,482.50,123.00,52.50,59.30,89.00,50.20,14.54,478.20,136.00,53.30,65.00,82.60,45.90,19.46,479.70,126.87,151.40,182.10,84.13,48.47,51.89
2026-04-22 14:55:00,2026-04-22 14:55:59,Q09,478.70,122.90,46.40,58.30,80.70,47.80,18.54,482.20,121.30,50.50,58.30,87.50,48.50,14.97,479.00,127.30,50.40,60.80,84.20,45.50,18.17,479.97,123.83,147.30,177.40,84.13,47.27,51.69
2026-04-22 14:56:00,2026-04-22 14:56:59,Q09,478.20,119.00,44.80,56.90,80.80,47.60,18.29,482.00,121.70,50.50,58.30,87.20,47.80,14.97,479.30,127.00,50.40,60.80,84.30,43.40,17.80,479.83,122.57,145.70,176.00,84.10,46.27,51.06
2026-04-22 14:57:00,2026-04-22 14:57:59,Q09,479.40,124.80,48.40,59.40,82.20,47.90,18.03,481.70,132.60,56.10,63.50,89.60,47.50,15.06,477.80,140.80,54.10,66.80,82.80,43.70,20.23,479.63,132.73,158.60,189.70,84.87,46.37,53.31
2026-04-22 14:58:00,2026-04-22 14:58:59,Q09,478.30,134.30,52.50,64.10,82.10,47.20,18.74,482.30,138.40,59.40,66.50,90.50,47.30,15.03,477.90,148.20,58.10,70.60,83.20,45.20,21.20,479.50,140.30,170.00,201.20,85.27,46.57,54.97
2026-04-22 14:59:00,2026-04-22 14:59:59,Q09,479.50,144.40,56.40,69.00,83.90,51.00,19.51,480.60,144.00,61.40,69.10,89.30,51.00,16.29,477.60,151.10,61.20,72.00,85.70,47.80,19.77,479.23,146.50,179.00,210.10,86.30,49.93,55.57
2026-04-22 15:00:00,2026-04-22 15:00:59,Q09,477.30,147.10,58.80,70.10,84.70,47.30,20.29,479.90,149.30,63.20,71.40,89.70,50.10,16.86,478.90,159.50,65.40,76.00,86.70,44.70,20.14,478.70,151.97,187.40,217.50,87.03,47.37,57.29
2026-04-22 15:01:00,2026-04-22 15:01:59,Q09,477.60,155.50,61.30,73.90,84.90,51.00,20.74,481.30,154.50,66.60,74.10,90.00,52.00,16.94,477.90,165.30,67.90,78.70,87.40,49.00,20.17,478.93,158.43,195.80,226.70,87.43,50.67,57.86
2026-04-22 15:02:00,2026-04-22 15:02:59,Q09,480.10,166.20,66.40,79.70,84.70,52.30,21.77,480.30,163.80,69.40,78.20,89.30,52.70,18.34,479.00,169.90,68.80,81.00,86.70,50.00,21.49,479.80,166.63,204.60,238.90,86.90,51.67,61.60
2026-04-22 15:03:00,2026-04-22 15:03:59,Q09,477.50,160.30,63.80,76.30,84.80,51.20,21.77,481.10,167.10,72.80,80.30,91.00,51.40,17.46,479.10,179.70,73.10,85.70,86.60,47.90,22.51,479.23,169.03,209.70,242.30,87.47,50.17,61.74
2026-04-22 15:04:00,2026-04-22 15:04:59,Q09,479.00,170.50,68.80,81.40,85.60,52.80,21.74,481.00,170.10,72.90,81.80,90.80,52.50,18.09,477.30,178.50,72.20,84.90,86.90,49.00,22.57,479.10,173.03,213.90,248.10,87.77,51.43,62.40
2026-04-22 15:05:00,2026-04-22 15:05:59,Q09,478.70,179.00,73.10,85.60,86.10,50.00,22.71,479.90,177.00,74.80,84.80,89.10,50.60,19.74,479.80,178.80,74.80,85.30,88.10,48.90,21.40,479.47,178.27,222.70,255.70,87.77,49.83,63.86
2026-04-22 15:06:00,2026-04-22 15:06:59,Q09,478.20,175.10,70.60,83.70,85.70,51.40,23.09,482.10,179.90,77.40,86.30,90.30,52.10,19.09,478.60,181.60,74.80,86.50,87.80,48.80,22.46,479.63,178.87,222.80,256.50,87.93,50.77,64.63
2026-04-22 15:07:00,2026-04-22 15:07:59,Q09,479.20,180.60,74.00,86.20,86.40,52.80,22.94,479.60,179.50,76.50,85.70,90.20,54.20,19.40,479.30,188.20,79.20,90.10,88.20,50.50,22.29,479.37,182.77,229.70,262.00,88.27,52.50,64.63
2026-04-22 15:08:00,2026-04-22 15:08:59,Q09,478.10,185.00,75.70,88.40,86.40,51.90,23.23,481.30,184.50,79.20,88.50,90.20,52.10,19.60,478.90,190.10,79.20,90.80,88.40,49.00,22.31,479.43,186.53,234.10,267.70,88.33,51.00,65.14
2026-04-22 15:09:00,2026-04-22 15:09:59,Q09,479.70,184.00,75.70,88.10,86.40,53.40,23.29,480.90,186.70,80.10,89.30,90.80,53.50,19.37,478.30,195.10,81.80,93.20,88.20,49.50,22.91,479.63,188.60,237.60,270.60,88.47,52.13,65.57
2026-04-22 15:10:00,2026-04-22 15:10:59,Q09,478.10,188.70,76.50,89.90,86.40,51.90,23.66,481.50,186.80,80.10,89.50,90.60,50.50,19.71,479.00,194.20,81.00,92.90,88.40,48.90,22.97,479.53,189.90,237.60,272.30,88.47,50.43,66.34
2026-04-22 15:11:00,2026-04-22 15:11:59,Q09,477.60,189.90,77.40,90.20,86.80,52.40,23.51,480.70,189.40,81.00,90.70,90.60,52.70,19.80,479.20,196.70,81.80,93.90,88.70,50.50,22.71,479.17,192.00,240.20,274.80,88.70,51.87,66.03
2026-04-22 15:12:00,2026-04-22 15:12:59,Q09,477.90,189.20,77.40,90.20,86.40,51.20,23.86,481.90,186.90,80.10,89.50,90.90,52.90,19.57,478.00,196.70,81.80,93.70,88.60,49.00,23.09,479.27,190.93,239.30,273.40,88.63,51.03,66.51
2026-04-22 15:13:00,2026-04-22 15:13:59,Q09,478.70,192.20,79.20,91.80,87.00,53.30,23.54,479.80,190.20,81.90,91.00,90.60,53.60,20.06,479.30,194.40,81.00,92.90,88.60,51.70,22.94,479.27,192.27,242.10,275.70,88.73,52.87,66.54
2026-04-22 15:14:00,2026-04-22 15:14:59,Q09,478.40,186.90,76.60,88.90,87.00,53.40,23.69,480.90,190.90,82.80,91.20,91.00,54.10,19.74,479.70,201.80,84.50,96.30,88.80,51.20,23.14,479.67,193.20,243.90,276.40,88.93,52.90,66.57
2026-04-22 15:15:00,2026-04-22 15:15:59,Q09,478.60,189.70,78.30,90.30,87.20,53.20,23.69,481.20,190.70,82.80,91.40,91.00,54.60,20.00,479.70,202.20,84.50,96.80,88.70,51.80,23.40,479.83,194.20,245.60,278.50,88.97,53.20,67.09
2026-04-22 15:16:00,2026-04-22 15:16:59,Q09,478.70,194.20,80.00,92.70,87.00,53.20,23.91,481.10,195.40,84.60,93.80,91.00,53.20,20.03,479.80,202.50,84.50,96.80,88.60,51.10,23.60,479.87,197.37,249.10,283.30,88.87,52.50,67.54
2026-04-22 15:17:00,2026-04-22 15:17:59,Q09,478.40,191.60,78.30,91.30,86.90,53.90,24.11,481.80,196.40,85.50,94.30,91.40,53.90,19.71,479.30,205.30,86.20,98.20,88.80,51.70,23.69,479.83,197.77,250.00,283.80,89.03,53.17,67.51
2026-04-22 15:18:00,2026-04-22 15:18:59,Q09,478.80,202.30,82.60,96.60,86.90,52.90,24.69,482.30,195.50,84.60,94.00,91.00,54.10,20.23,479.00,205.80,87.20,98.20,89.20,51.10,23.46,480.03,201.20,254.40,288.80,89.03,52.70,68.37
2026-04-22 15:19:00,2026-04-22 15:19:59,Q09,479.60,198.50,81.80,94.80,87.30,54.60,24.80,481.10,198.30,85.50,95.20,90.80,55.80,20.97,480.10,208.70,88.10,99.80,89.00,52.70,23.97,480.27,201.83,255.40,289.80,89.03,54.37,69.74
2026-04-22 15:20:00,2026-04-22 15:20:59,Q09,479.90,206.20,85.30,98.70,87.20,52.40,25.03,481.10,196.50,84.60,94.30,90.90,54.40,21.03,480.30,210.60,89.00,100.80,89.20,52.10,23.91,480.43,204.43,258.90,293.80,89.10,52.97,69.97
2026-04-22 15:21:00,2026-04-22 15:21:59,Q09,479.10,206.20,84.30,98.70,86.90,54.50,25.60,482.90,203.50,88.30,97.80,91.20,55.50,20.69,478.90,216.20,91.70,103.20,89.50,51.90,24.09,480.30,208.63,264.30,299.70,89.20,53.97,70.37
2026-04-22 15:22:00,2026-04-22 15:22:59,Q09,478.90,207.10,84.30,98.90,86.80,54.10,25.83,482.80,203.30,88.30,97.80,91.60,55.00,20.49,478.90,215.70,90.80,102.80,89.50,51.80,24.40,480.20,208.70,263.40,299.50,89.30,53.63,70.71
2026-04-22 15:23:00,2026-04-22 15:23:59,Q09,480.00,208.90,86.10,99.80,87.20,54.40,25.66,480.80,208.60,90.10,99.80,91.00,53.00,21.31,480.20,212.80,89.90,101.80,89.40,49.80,24.23,480.33,210.10,266.10,301.40,89.20,52.40,71.20
2026-04-22 15:24:00,2026-04-22 15:24:59,Q09,480.30,210.20,87.00,100.80,87.00,54.50,26.03,481.30,210.30,91.90,101.00,91.30,54.10,21.11,479.70,219.30,92.60,104.90,89.30,51.30,24.91,480.43,213.27,271.50,306.70,89.20,53.30,72.06
2026-04-22 15:25:00,2026-04-22 15:25:59,Q09,480.60,212.50,87.90,101.80,87.10,52.50,25.97,482.00,210.80,91.90,101.20,91.20,53.00,21.37,479.20,215.80,90.80,103.00,89.30,47.90,24.74,480.60,213.03,270.60,306.00,89.20,51.13,72.09
2026-04-22 15:26:00,2026-04-22 15:26:59,Q09,480.10,213.90,87.70,102.20,86.80,54.50,26.23,482.50,212.00,92.80,102.20,91.40,54.70,21.23,478.80,220.40,93.40,105.20,89.00,52.00,25.49,480.47,215.43,273.90,309.60,89.07,53.73,72.94
2026-04-22 15:27:00,2026-04-22 15:27:59,Q09,480.20,215.10,89.60,103.20,87.50,53.80,25.86,481.20,212.40,91.90,102.00,91.20,55.00,21.60,480.10,222.70,94.30,106.60,89.40,52.30,24.80,480.50,216.73,275.80,311.80,89.37,53.70,72.26
2026-04-22 15:28:00,2026-04-22 15:28:59,Q09,479.90,216.10,89.60,103.50,87.40,54.40,26.06,482.20,211.40,91.90,101.70,91.30,55.30,21.54,478.60,218.80,92.60,104.20,89.50,52.00,24.74,480.23,215.43,274.10,309.40,89.40,53.90,72.34
2026-04-22 15:29:00,2026-04-22 15:29:59,Q09,478.90,214.50,88.70,102.30,87.00,53.40,26.51,482.80,213.20,92.80,102.70,91.30,55.50,21.34,479.20,226.50,96.10,108.30,89.60,51.80,24.91,480.30,218.07,277.60,313.30,89.30,53.57,72.77
2026-04-22 15:30:00,2026-04-22 15:30:59,Q09,479.60,218.00,90.50,104.40,87.70,54.90,26.06,480.70,212.30,91.90,101.80,91.20,55.40,21.86,480.20,223.20,95.20,107.00,89.60,52.70,24.77,480.17,217.83,277.60,313.20,89.50,54.33,72.69
2026-04-22 15:31:00,2026-04-22 15:31:59,Q09,480.00,219.40,91.30,105.10,87.10,52.90,26.60,482.20,216.20,94.60,104.10,91.30,54.00,21.71,478.60,223.30,94.30,106.60,89.40,50.60,25.29,480.27,219.63,280.20,315.80,89.27,52.50,73.60
2026-04-22 15:32:00,2026-04-22 15:32:59,Q09,478.40,224.00,93.10,107.10,87.50,54.90,26.69,481.70,214.90,92.80,102.90,91.10,56.00,22.17,480.20,222.80,94.30,106.60,89.90,52.40,24.77,480.10,220.57,280.20,316.60,89.50,54.43,73.63
2026-04-22 15:33:00,2026-04-22 15:33:59,Q09,479.30,221.00,91.30,105.90,87.20,53.80,26.71,482.20,216.20,94.60,104.10,91.70,54.60,21.17,478.40,226.20,96.10,108.00,89.90,51.70,25.03,479.97,221.13,282.00,318.00,89.60,53.37,72.91
2026-04-22 15:34:00,2026-04-22 15:34:59,Q09,480.10,222.20,92.20,106.60,87.10,54.60,26.94,482.60,214.10,93.70,103.10,91.30,55.30,21.71,479.10,227.20,96.10,108.70,89.90,51.40,24.94,480.60,221.17,282.00,318.40,89.43,53.77,73.60
2026-04-22 15:35:00,2026-04-22 15:35:59,Q09,478.90,219.70,90.50,104.70,87.10,53.90,27.00,482.50,216.20,94.60,104.10,91.20,53.60,21.77,480.30,226.10,96.10,108.50,89.90,50.80,24.83,480.57,220.67,281.20,317.30,89.40,52.77,73.60
2026-04-22 15:36:00,2026-04-22 15:36:59,Q09,479.10,221.80,91.30,105.90,87.10,53.90,26.94,482.80,214.80,93.70,103.10,91.50,55.70,21.54,480.70,227.10,96.10,109.00,89.90,51.90,25.09,480.87,221.23,281.10,318.00,89.50,53.83,73.57
2026-04-22 15:37:00,2026-04-22 15:37:59,Q09,480.50,219.90,91.30,105.10,87.30,54.30,26.91,482.70,216.30,94.60,104.10,91.20,55.60,21.89,479.00,227.70,96.10,108.70,89.90,52.40,24.94,480.73,221.30,282.00,317.90,89.47,54.10,73.74
2026-04-22 15:38:00,2026-04-22 15:38:59,Q09,479.90,221.20,91.30,105.90,87.50,55.00,26.66,481.60,217.40,94.60,104.40,91.40,55.60,21.66,481.10,224.00,96.30,107.70,90.00,51.30,24.83,480.87,220.87,282.20,318.00,89.63,53.97,73.14
2026-04-22 15:39:00,2026-04-22 15:39:59,Q09,479.60,217.10,89.60,103.90,87.00,54.80,27.26,483.30,215.90,93.70,103.80,91.50,54.80,21.57,479.70,228.00,97.00,109.20,89.90,51.50,25.20,480.87,220.33,280.30,316.90,89.47,53.70,74.03
2026-04-22 15:40:00,2026-04-22 15:40:59,Q09,480.50,222.00,92.20,106.60,87.50,54.60,26.83,481.50,214.50,92.80,102.90,91.40,54.70,21.83,480.60,225.70,97.20,108.00,90.00,52.70,24.94,480.87,220.73,282.20,317.50,89.63,54.00,73.60
2026-04-22 15:41:00,2026-04-22 15:41:59,Q09,480.20,222.10,92.20,106.60,87.20,55.00,27.09,481.70,213.90,92.80,102.50,91.00,54.30,22.26,481.00,225.90,96.10,108.20,89.70,51.80,25.20,480.97,220.63,281.10,317.30,89.30,53.70,74.54
2026-04-22 15:42:00,2026-04-22 15:42:59,Q09,480.50,225.10,94.00,108.00,87.20,55.50,27.14,481.80,211.80,91.90,101.50,91.20,55.70,22.00,481.00,231.20,98.80,111.10,89.80,52.10,25.23,481.10,222.70,284.70,320.60,89.40,54.43,74.37
2026-04-22 15:43:00,2026-04-22 15:43:59,Q09,480.60,225.70,94.00,108.00,87.30,53.30,27.14,481.70,214.20,92.80,102.90,91.20,55.30,22.23,480.90,231.50,97.90,110.90,89.90,51.00,25.23,481.07,223.80,284.70,321.80,89.47,53.20,74.60
2026-04-22 15:44:00,2026-04-22 15:44:59,Q09,479.50,222.40,91.20,106.30,86.50,54.30,27.71,483.50,215.20,93.70,103.80,91.60,54.90,21.63,480.30,234.00,99.70,112.30,89.50,52.20,26.00,481.10,223.87,284.60,322.40,89.20,53.80,75.34
2026-04-22 15:45:00,2026-04-22 15:45:59,Q09,479.40,221.70,90.30,105.90,86.70,55.40,27.54,482.90,215.60,93.70,103.60,91.40,55.30,21.91,481.10,232.20,98.80,111.60,89.50,52.40,25.83,481.13,223.17,282.80,321.10,89.20,54.37,75.29
2026-04-22 15:46:00,2026-04-22 15:46:59,Q09,480.40,220.70,90.30,105.60,86.60,53.10,27.46,483.60,215.70,93.70,103.80,91.40,52.40,21.77,480.00,230.60,97.90,110.40,89.50,51.10,25.71,481.33,222.33,281.90,319.80,89.17,52.20,74.94
2026-04-22 15:47:00,2026-04-22 15:47:59,Q09,480.70,218.70,89.40,104.60,86.60,55.40,27.37,482.80,218.00,95.60,105.10,91.60,54.90,21.54,479.50,227.60,96.10,108.70,89.30,50.90,26.00,481.00,221.43,281.10,318.40,89.17,53.73,74.91
2026-04-22 15:48:00,2026-04-22 15:48:59,Q09,481.10,225.60,94.00,108.20,87.10,52.50,27.06,482.00,221.30,96.50,106.50,91.30,52.90,22.14,480.70,228.30,97.00,109.40,89.30,50.70,25.86,481.27,225.07,287.50,324.10,89.23,52.03,75.06
2026-04-22 15:49:00,2026-04-22 15:49:59,Q09,479.30,217.70,88.60,103.90,86.60,54.50,27.71,483.20,218.70,95.60,105.30,91.40,54.60,21.80,480.70,229.40,97.00,109.90,89.50,52.20,25.94,481.07,221.93,281.20,319.10,89.17,53.77,75.46
2026-04-22 15:50:00,2026-04-22 15:50:59,Q09,478.80,222.50,91.20,106.10,86.60,53.40,27.51,482.80,214.70,93.70,103.10,91.40,54.90,21.60,481.00,227.10,97.00,109.20,89.70,50.60,25.40,480.87,221.43,281.90,318.40,89.23,52.97,74.51
2026-04-22 15:51:00,2026-04-22 15:51:59,Q09,479.10,219.10,89.40,104.90,86.60,55.00,27.34,483.20,216.60,94.60,104.30,91.80,55.10,21.26,479.40,230.00,97.90,110.20,89.40,51.10,26.03,480.57,221.90,281.90,319.40,89.27,53.73,74.63
2026-04-22 15:52:00,2026-04-22 15:52:59,Q09,479.10,219.30,89.40,104.90,86.90,54.90,26.94,482.90,215.20,93.70,103.60,91.70,54.40,21.46,479.10,229.00,97.00,109.70,89.30,51.50,26.00,480.37,221.17,280.10,318.20,89.30,53.60,74.40
2026-04-22 15:53:00,2026-04-22 15:53:59,Q09,479.70,223.70,91.20,106.80,86.90,55.60,27.00,481.00,213.20,92.80,102.50,91.90,54.80,21.14,480.00,229.30,97.00,109.90,89.70,52.10,25.46,480.23,222.07,281.00,319.20,89.50,54.17,73.60
2026-04-22 15:54:00,2026-04-22 15:54:59,Q09,480.60,218.70,90.50,104.60,87.20,53.50,26.77,482.00,214.80,93.70,103.10,91.40,54.20,21.91,479.60,232.50,98.80,111.10,89.30,52.10,25.80,480.73,222.00,283.00,318.80,89.30,53.27,74.49
2026-04-22 15:55:00,2026-04-22 15:55:59,Q09,479.80,222.60,92.20,106.30,87.30,55.10,26.94,481.20,212.70,91.90,102.00,91.10,54.80,22.11,480.70,224.10,95.20,107.50,89.90,52.90,24.91,480.57,219.80,279.30,315.80,89.43,54.27,73.97
2026-04-22 15:56:00,2026-04-22 15:56:59,Q09,480.00,220.90,91.30,105.60,87.20,54.40,26.80,482.80,216.60,94.60,104.10,91.40,54.40,21.71,479.00,223.20,94.30,106.80,89.60,51.70,25.40,480.60,220.23,280.20,316.50,89.40,53.50,73.91
2026-04-22 15:57:00,2026-04-22 15:57:59,Q09,479.30,216.20,88.60,103.50,86.80,54.00,27.20,481.80,217.20,94.60,104.40,91.50,56.00,21.51,481.00,232.30,98.80,111.60,89.80,52.10,25.26,480.70,221.90,282.00,319.50,89.37,54.03,73.97
2026-04-22 15:58:00,2026-04-22 15:58:59,Q09,479.40,220.80,91.30,105.40,87.50,52.60,26.91,480.80,213.00,92.80,102.20,91.10,53.70,22.09,480.20,224.60,96.30,107.50,90.20,49.60,24.54,480.13,219.47,280.40,315.10,89.60,51.97,73.54
2026-04-22 15:59:00,2026-04-22 15:59:59,Q09,478.50,222.20,92.20,106.10,87.60,52.40,26.60,480.80,213.60,92.80,102.20,91.30,54.70,21.80,480.20,222.40,95.40,106.60,90.30,52.10,24.34,479.83,219.40,280.40,314.90,89.73,53.07,72.74
2026-04-22 16:00:00,2026-04-22 16:00:59,Q09,479.10,219.00,90.50,104.90,87.40,54.70,26.77,480.80,213.20,92.80,102.20,91.30,55.20,21.71,480.00,224.50,96.30,107.50,90.10,51.20,24.69,479.97,218.90,279.60,314.60,89.60,53.70,73.17
2026-04-22 16:01:00,2026-04-22 16:01:59,Q09,478.60,219.90,90.50,104.70,87.40,51.80,26.83,480.70,213.20,92.80,102.20,91.40,52.60,21.74,479.90,225.90,96.30,107.80,90.00,49.30,24.83,479.73,219.67,279.60,314.70,89.60,51.23,73.40
2026-04-22 16:02:00,2026-04-22 16:02:59,Q09,478.70,220.40,91.30,105.20,87.20,53.40,26.77,482.40,213.80,92.80,102.70,91.80,54.80,21.11,478.50,228.60,97.20,109.00,90.10,50.80,24.83,479.87,220.93,281.30,316.90,89.70,53.00,72.71
2026-04-22 16:03:00,2026-04-22 16:03:59,Q09,479.00,217.40,89.60,103.90,87.00,51.30,26.89,480.90,211.90,91.90,101.30,91.50,52.20,21.43,480.00,225.40,96.10,108.00,89.70,46.60,25.11,479.97,218.23,277.60,313.20,89.40,50.03,73.43
2026-04-22 16:04:00,2026-04-22 16:04:59,Q09,478.80,219.30,90.50,104.70,87.20,53.40,26.91,481.00,208.20,91.00,100.00,91.40,53.60,21.54,480.00,226.30,97.20,108.50,90.00,51.30,24.83,479.93,217.93,278.70,313.20,89.53,52.77,73.29
2026-04-22 16:05:00,2026-04-22 16:05:59,Q09,479.90,220.00,91.30,105.40,87.40,53.70,26.49,481.10,212.80,91.90,102.00,91.50,55.50,21.54,478.60,226.70,96.10,108.00,89.80,51.90,24.91,479.87,219.83,279.30,315.40,89.57,53.70,72.94
2026-04-22 16:06:00,2026-04-22 16:06:59,Q09,478.90,215.10,89.80,102.80,88.60,49.80,25.03,479.70,210.10,92.00,100.60,92.00,48.70,21.14,477.60,219.10,92.60,104.50,89.90,46.90,24.63,478.73,214.77,274.40,307.90,90.17,48.47,70.80
2026-04-22 16:07:00,2026-04-22 16:07:59,Q09,479.80,212.70,88.90,101.50,88.40,50.10,25.54,480.60,206.00,89.20,98.90,91.30,51.20,21.66,478.20,215.40,91.80,102.80,90.30,47.90,23.89,479.53,211.37,269.90,303.20,90.00,49.73,71.09
2026-04-22 16:08:00,2026-04-22 16:08:59,Q09,479.00,216.10,90.60,103.50,88.40,49.70,25.54,480.00,209.70,91.00,100.30,91.40,50.20,21.69,479.00,216.10,92.70,103.50,90.10,48.50,24.20,479.33,213.97,274.30,307.30,89.97,49.47,71.43
2026-04-22 16:09:00,2026-04-22 16:09:59,Q09,479.50,212.20,88.90,101.50,88.20,48.10,25.43,480.60,209.60,91.00,100.30,91.80,50.10,21.23,477.80,220.20,92.60,104.90,89.90,46.80,24.57,479.30,214.00,272.50,306.70,89.97,48.33,71.23
2026-04-22 16:10:00,2026-04-22 16:10:59,Q09,478.70,213.20,88.90,101.80,88.00,49.30,25.89,481.00,210.40,91.90,101.00,91.80,50.00,21.14,477.30,220.10,93.60,104.90,90.30,47.30,24.20,479.00,214.57,274.40,307.70,90.03,48.87,71.23
2026-04-22 16:11:00,2026-04-22 16:11:59,Q09,478.80,206.20,86.20,98.50,88.00,49.30,25.57,480.90,212.20,92.90,101.80,92.10,49.50,20.77,477.30,218.30,92.70,104.00,90.00,46.40,24.60,479.00,212.23,271.80,304.30,90.03,48.40,70.94
2026-04-22 16:12:00,2026-04-22 16:12:59,Q09,479.20,211.60,88.90,101.10,88.20,50.50,25.37,480.80,211.00,92.90,101.30,92.20,50.10,20.83,477.50,218.80,91.70,104.00,89.90,47.70,24.77,479.17,213.80,273.50,306.40,90.10,49.43,70.97
2026-04-22 16:13:00,2026-04-22 16:13:59,Q09,478.30,214.60,89.80,102.30,88.30,47.90,25.69,479.20,209.60,91.00,100.10,91.40,48.90,21.86,478.50,217.10,92.70,103.70,90.00,46.60,24.43,478.67,213.77,273.50,306.10,89.90,47.80,71.97
2026-04-22 16:14:00,2026-04-22 16:14:59,Q09,477.10,214.40,88.70,102.10,87.80,49.60,26.20,480.50,216.20,93.70,103.70,91.80,50.50,20.94,479.10,221.70,94.50,105.90,90.60,46.20,23.94,478.90,217.43,276.90,311.70,90.07,48.77,71.09
2026-04-22 16:15:00,2026-04-22 16:15:59,Q09,478.60,212.60,88.90,101.30,88.30,49.00,25.37,479.60,212.30,92.90,101.50,92.00,51.00,20.77,477.30,220.30,93.60,104.90,90.30,47.60,24.11,478.50,215.07,275.40,307.70,90.20,49.20,70.26
2026-04-22 16:16:00,2026-04-22 16:16:59,Q09,478.20,210.40,88.00,100.40,88.20,48.90,25.71,481.20,205.70,89.20,98.60,91.80,47.90,21.03,477.20,219.70,93.60,104.50,90.50,45.60,23.91,478.87,211.93,270.80,303.50,90.17,47.47,70.66
2026-04-22 16:17:00,2026-04-22 16:17:59,Q09,478.40,210.70,88.00,100.40,88.40,48.90,25.34,481.10,212.80,91.90,102.00,91.80,49.70,21.23,477.10,214.60,91.80,102.10,90.10,47.20,24.31,478.87,212.70,271.70,304.50,90.10,48.60,70.89
2026-04-22 16:18:00,2026-04-22 16:18:59,Q09,478.20,213.90,88.90,101.80,88.10,53.90,25.49,479.50,215.20,92.80,103.00,91.50,53.50,21.63,479.20,215.70,90.80,103.00,89.60,49.80,24.80,478.97,214.93,272.50,307.80,89.73,52.40,71.91
2026-04-22 16:19:00,2026-04-22 16:19:59,Q09,478.90,220.30,91.30,105.20,87.60,52.90,26.17,479.80,212.20,91.90,101.50,91.50,53.80,21.54,479.00,224.00,95.20,107.30,89.70,51.70,24.91,479.23,218.83,278.40,314.00,89.60,52.80,72.63
2026-04-22 16:20:00,2026-04-22 16:20:59,Q09,477.80,217.90,89.60,103.50,87.60,53.80,26.29,480.30,215.30,93.70,103.20,91.60,54.00,21.29,479.20,224.60,96.30,107.30,90.10,52.00,24.54,479.10,219.27,279.60,314.00,89.77,53.27,72.11
2026-04-22 16:21:00,2026-04-22 16:21:59,Q09,479.30,212.40,87.90,101.50,87.80,52.80,25.77,480.50,214.80,92.80,102.70,91.70,53.30,21.37,477.80,222.70,93.40,105.90,89.50,51.00,25.11,479.20,216.63,274.10,310.10,89.67,52.37,72.26
2026-04-22 16:22:00,2026-04-22 16:22:59,Q09,478.90,215.40,89.80,102.80,88.30,53.80,25.46,479.70,215.40,92.80,103.00,91.40,54.10,21.77,478.40,222.00,94.30,106.10,89.70,52.50,24.69,479.00,217.60,276.90,311.90,89.80,53.47,71.91
2026-04-22 16:23:00,2026-04-22 16:23:59,Q09,479.00,217.40,90.60,103.90,88.30,53.10,25.34,479.40,211.90,91.90,101.10,91.80,53.40,21.23,477.70,221.80,93.40,105.40,89.90,49.90,24.51,478.70,217.03,275.90,310.40,90.00,52.13,71.09
2026-04-22 16:24:00,2026-04-22 16:24:59,Q09,477.20,216.20,89.60,103.00,87.70,53.00,26.14,479.70,216.70,93.70,103.50,91.70,51.90,21.11,478.50,223.20,95.40,106.60,90.10,49.50,24.49,478.47,218.70,278.70,313.10,89.83,51.47,71.74
2026-04-22 16:25:00,2026-04-22 16:25:59,Q09,476.70,210.70,87.10,100.00,88.00,53.80,25.43,480.50,214.20,93.80,102.70,92.20,54.90,20.71,477.30,226.70,95.20,107.80,89.70,51.20,24.97,478.17,217.20,276.10,310.50,89.97,53.30,71.11
2026-04-22 16:26:00,2026-04-22 16:26:59,Q09,478.60,214.50,89.80,102.30,88.10,52.30,25.40,479.80,214.80,93.80,102.50,92.00,51.20,20.97,476.90,225.50,95.20,107.10,89.80,50.00,24.80,478.43,218.27,278.80,311.90,89.97,51.17,71.17
2026-04-22 16:27:00,2026-04-22 16:27:59,Q09,478.60,216.80,90.60,103.20,88.20,53.50,25.43,479.60,213.60,92.80,102.00,91.70,54.50,21.37,476.90,221.70,93.40,105.20,89.70,51.50,24.69,478.37,217.37,276.80,310.40,89.87,53.17,71.49
2026-04-22 16:28:00,2026-04-22 16:28:59,Q09,478.30,217.80,89.60,103.70,87.70,50.80,25.94,480.10,216.30,94.80,103.70,92.00,51.80,20.94,476.80,226.70,95.20,107.60,89.80,49.80,25.06,478.40,220.27,279.60,315.00,89.83,50.80,71.94
2026-04-22 16:29:00,2026-04-22 16:29:59,Q09,477.50,213.70,87.90,101.60,87.60,53.10,26.06,480.90,213.50,93.80,102.20,92.20,53.50,20.63,477.00,225.00,96.30,107.30,90.00,50.50,24.86,478.47,217.40,278.00,311.10,89.93,52.37,71.54
2026-04-22 16:30:00,2026-04-22 16:30:59,Q09,478.60,217.20,90.60,103.70,88.00,54.00,25.51,479.90,215.00,93.80,103.00,92.10,54.90,21.03,477.10,221.10,93.40,105.40,89.50,51.50,25.37,478.53,217.77,277.80,312.10,89.87,53.47,71.91
2026-04-22 16:31:00,2026-04-22 16:31:59,Q09,478.30,217.50,89.60,103.70,87.70,54.50,26.03,479.10,212.70,91.90,101.50,91.90,54.30,21.03,477.90,227.00,96.10,108.30,89.80,50.80,25.03,478.43,219.07,277.60,313.50,89.80,53.20,72.09
2026-04-22 16:32:00,2026-04-22 16:32:59,Q09,478.00,220.10,92.40,105.20,88.40,53.20,25.34,480.50,212.90,91.90,101.80,91.90,53.50,21.14,476.80,221.90,94.50,105.20,90.00,50.60,24.46,478.43,218.30,278.80,312.20,90.10,52.43,70.94
2026-04-22 16:33:00,2026-04-22 16:33:59,Q09,476.90,216.80,89.80,102.80,88.10,54.70,25.71,480.40,214.40,92.80,102.70,91.70,54.40,21.49,478.30,225.80,95.20,107.60,89.70,52.20,25.06,478.53,219.00,277.80,313.10,89.83,53.77,72.26
2026-04-22 16:34:00,2026-04-22 16:34:59,Q09,477.10,216.20,89.60,103.00,87.90,53.20,25.74,480.90,211.70,92.90,101.30,92.20,54.10,20.71,477.20,226.00,96.30,107.80,90.00,51.80,24.74,478.40,217.97,278.80,312.10,90.03,53.03,71.20
2026-04-22 16:35:00,2026-04-22 16:35:59,Q09,476.60,214.80,88.90,101.90,88.00,53.80,25.77,480.20,213.40,93.80,102.20,92.00,55.10,20.97,477.60,224.70,95.40,106.80,90.00,52.30,24.66,478.13,217.63,278.10,310.90,90.00,53.73,71.40
2026-04-22 16:36:00,2026-04-22 16:36:59,Q09,478.10,215.40,89.80,102.80,88.70,53.90,24.80,478.70,220.20,96.60,105.20,92.00,52.40,21.26,477.10,225.10,95.20,107.30,89.50,50.50,25.09,477.97,220.23,281.60,315.30,90.07,52.27,71.14
2026-04-22 16:37:00,2026-04-22 16:37:59,Q09,476.20,211.50,88.00,100.40,88.30,54.00,25.46,479.60,216.90,93.70,103.50,91.80,54.30,21.37,477.90,224.80,94.30,106.80,89.80,52.60,24.71,477.90,217.73,276.00,310.70,89.97,53.63,71.54
2026-04-22 16:38:00,2026-04-22 16:38:59,Q09,477.80,216.70,90.60,103.00,88.00,53.40,25.63,478.40,216.90,94.80,103.20,92.10,54.50,20.86,477.10,227.40,96.10,108.30,89.80,51.00,24.94,477.77,220.33,281.50,314.50,89.97,52.97,71.43
2026-04-22 16:39:00,2026-04-22 16:39:59,Q09,477.00,211.80,88.00,100.60,88.10,51.60,25.14,478.30,210.10,91.00,100.40,91.70,50.70,21.03,477.60,222.80,93.40,105.90,89.80,49.50,24.29,477.63,214.90,272.40,306.90,89.87,50.60,70.46
2026-04-22 16:40:00,2026-04-22 16:40:59,Q09,477.80,209.20,86.10,99.70,87.80,54.10,25.09,479.00,206.10,90.20,98.70,92.00,55.20,20.31,476.50,218.10,91.70,103.80,89.70,51.80,24.31,477.77,211.13,268.00,302.20,89.83,53.70,69.71
2026-04-22 16:41:00,2026-04-22 16:41:59,Q09,477.80,208.90,86.10,99.20,87.70,50.90,25.17,478.40,206.70,89.20,98.50,91.40,52.20,21.09,477.60,213.90,89.90,101.60,89.50,49.70,24.29,477.93,209.83,265.20,299.30,89.53,50.93,70.54
2026-04-22 16:42:00,2026-04-22 16:42:59,Q09,476.80,208.10,86.10,99.00,87.70,53.20,25.00,480.10,205.80,89.20,98.40,91.40,52.40,20.91,476.10,216.80,90.80,102.80,89.50,51.00,24.14,477.67,210.23,266.10,300.20,89.53,52.20,70.06
2026-04-22 16:43:00,2026-04-22 16:43:59,Q09,475.80,209.50,87.10,99.30,88.00,51.70,24.94,478.90,209.00,90.10,99.90,91.10,52.70,21.09,477.10,212.70,90.90,101.10,90.10,51.10,23.23,477.27,210.40,268.10,300.30,89.73,51.83,69.26
2026-04-22 16:44:00,2026-04-22 16:44:59,Q09,476.50,202.00,84.50,96.20,88.20,52.60,24.29,477.80,199.30,85.50,94.90,91.70,52.20,20.26,477.30,214.30,91.80,102.10,90.00,48.70,23.29,477.20,205.20,261.80,293.20,89.97,51.17,67.83
2026-04-22 16:45:00,2026-04-22 16:45:59,Q09,477.60,207.20,86.20,98.70,88.30,52.20,24.31,478.30,202.70,87.40,96.60,91.20,53.70,20.97,475.90,211.60,89.00,100.20,89.80,51.10,23.31,477.27,207.17,262.60,295.50,89.77,52.33,68.60
2026-04-22 16:46:00,2026-04-22 16:46:59,Q09,475.70,205.90,85.40,97.40,88.10,51.80,24.54,478.00,203.40,88.30,97.00,91.20,54.40,20.63,477.40,209.00,89.10,99.70,90.20,51.00,22.77,477.03,206.10,262.80,294.10,89.83,52.40,67.94
2026-04-22 16:47:00,2026-04-22 16:47:59,Q09,475.80,208.00,85.30,98.80,87.60,52.30,24.89,479.30,204.50,88.30,97.70,91.20,53.50,20.63,477.00,208.30,88.10,99.20,89.90,49.70,23.29,477.37,206.93,261.70,295.70,89.57,51.83,68.80
2026-04-22 16:48:00,2026-04-22 16:48:59,Q09,477.70,203.10,84.50,96.80,88.30,51.90,24.43,477.90,204.10,88.30,97.30,91.00,53.90,21.23,476.60,210.50,88.10,100.00,89.70,51.60,23.31,477.40,205.90,260.90,294.10,89.67,52.47,68.97
2026-04-22 16:49:00,2026-04-22 16:49:59,Q09,477.40,205.80,84.40,97.80,87.70,51.10,24.83,477.90,200.80,86.40,95.40,91.20,52.70,20.69,477.10,207.90,87.20,98.70,89.80,49.30,23.37,477.47,204.83,258.00,291.90,89.57,51.03,68.89
2026-04-22 16:50:00,2026-04-22 16:50:59,Q09,477.60,207.20,86.20,98.70,88.20,52.60,24.29,478.70,205.90,88.30,98.00,91.60,54.00,20.26,475.80,208.70,88.20,98.80,90.10,50.70,23.09,477.37,207.27,262.70,295.50,89.97,52.43,67.63
2026-04-22 16:51:00,2026-04-22 16:51:59,Q09,477.40,207.20,86.20,98.70,88.00,51.50,24.66,478.90,205.60,88.30,98.00,91.20,51.10,20.74,475.70,210.00,89.10,99.80,90.00,48.20,23.17,477.33,207.60,263.60,296.50,89.73,50.27,68.57
2026-04-22 16:52:00,2026-04-22 16:52:59,Q09,476.60,206.00,86.20,98.10,88.30,51.40,24.34,477.60,203.10,87.40,96.80,91.30,53.20,20.57,477.30,205.50,87.30,97.80,90.40,50.80,22.57,477.17,204.87,260.90,292.70,90.00,51.80,67.49
2026-04-22 16:53:00,2026-04-22 16:53:59,Q09,475.90,205.20,85.40,97.40,88.30,50.50,24.46,477.80,202.60,87.40,96.40,91.20,52.10,20.69,477.10,207.10,88.20,98.70,90.40,49.20,22.51,476.93,204.97,261.00,292.50,89.97,50.60,67.66
2026-04-22 16:54:00,2026-04-22 16:54:59,Q09,477.20,206.50,86.20,98.30,88.30,49.40,24.14,477.80,202.30,87.40,96.40,91.60,52.80,20.23,475.60,210.60,89.10,99.80,90.20,47.10,22.83,476.87,206.47,262.70,294.50,90.03,49.77,67.20
2026-04-22 16:55:00,2026-04-22 16:55:59,Q09,477.00,204.30,85.40,97.30,88.00,52.00,24.40,478.50,199.70,86.40,95.10,91.30,52.50,20.43,475.30,209.00,89.10,99.30,90.00,50.30,22.94,476.93,204.33,260.90,291.70,89.77,51.60,67.77
2026-04-22 16:56:00,2026-04-22 16:56:59,Q09,475.60,208.60,85.30,98.80,87.90,53.00,24.60,478.30,204.10,88.30,97.50,91.40,53.90,20.29,477.10,209.50,89.10,99.70,90.30,50.70,22.80,477.00,207.40,262.70,296.00,89.87,52.53,67.69
2026-04-22 16:57:00,2026-04-22 16:57:59,Q09,477.30,203.90,84.50,96.80,88.10,53.10,24.46,477.50,203.90,87.40,96.80,91.40,53.80,20.46,475.80,211.70,90.00,100.20,90.10,50.90,23.03,476.87,206.50,261.90,293.80,89.87,52.60,67.94
2026-04-22 16:58:00,2026-04-22 16:58:59,Q09,476.30,207.10,85.30,98.50,87.90,52.60,24.77,477.50,197.30,84.60,94.00,91.10,54.40,20.51,477.40,203.30,86.40,96.80,90.50,50.80,22.43,477.07,202.57,256.30,289.30,89.83,52.60,67.71
2026-04-22 16:59:00,2026-04-22 16:59:59,Q09,476.60,205.70,84.40,97.60,87.70,51.40,24.83,479.10,199.60,86.40,95.30,91.30,52.30,20.49,475.80,207.60,88.20,98.30,90.10,49.60,22.94,477.17,204.30,259.00,291.20,89.70,51.10,68.26
2026-04-22 17:00:00,2026-04-22 17:00:59,Q09,476.90,204.10,85.40,97.10,88.00,53.80,24.49,478.10,203.70,88.30,97.00,91.40,53.50,20.37,475.70,209.60,89.10,99.30,90.10,51.90,22.97,476.90,205.80,262.80,293.40,89.83,53.07,67.83
2026-04-22 17:01:00,2026-04-22 17:01:59,Q09,477.10,201.70,83.60,95.90,88.00,50.70,24.49,477.60,199.30,85.50,94.90,91.30,52.30,20.51,476.20,214.30,90.90,101.90,90.00,49.60,23.06,476.97,205.10,260.00,292.70,89.77,50.87,68.06
2026-04-22 17:02:00,2026-04-22 17:02:59,Q09,476.50,205.10,84.40,97.60,87.50,52.40,24.74,478.10,198.60,85.50,94.60,91.80,54.30,19.86,477.10,210.20,90.00,100.20,90.10,51.60,23.17,477.23,204.63,259.90,292.40,89.80,52.77,67.77
2026-04-22 17:03:00,2026-04-22 17:03:59,Q09,477.20,203.50,83.50,96.80,87.80,53.40,24.69,477.80,201.00,86.40,95.90,91.50,53.60,20.34,476.20,212.50,90.00,100.90,90.10,52.00,23.11,477.07,205.67,259.90,293.60,89.80,53.00,68.14
2026-04-22 17:04:00,2026-04-22 17:04:59,Q09,477.10,205.70,85.40,97.80,88.00,51.30,24.57,478.10,199.90,86.40,95.10,91.40,53.30,20.51,477.60,213.20,90.90,101.60,90.00,48.90,23.06,477.60,206.27,262.70,294.50,89.80,51.17,68.14
2026-04-22 17:05:00,2026-04-22 17:05:59,Q09,476.10,203.50,83.50,96.60,87.70,54.00,24.69,479.70,201.20,87.40,96.30,91.80,53.80,20.00,476.60,212.90,90.00,100.90,90.10,50.90,23.29,477.47,205.87,260.90,293.80,89.87,52.90,67.97
2026-04-22 17:06:00,2026-04-22 17:06:59,Q09,477.30,206.50,85.30,98.30,87.90,51.70,24.57,477.90,203.50,87.40,96.80,91.60,50.80,20.23,476.50,211.90,90.00,100.40,90.00,48.80,23.26,477.23,207.30,262.70,295.50,89.83,50.43,68.06
2026-04-22 17:07:00,2026-04-22 17:07:59,Q09,476.00,203.70,83.50,96.60,87.90,53.40,24.69,478.00,201.70,87.40,96.10,91.70,54.50,20.09,477.50,211.30,90.00,100.60,90.30,51.10,22.97,477.17,205.57,260.90,293.30,89.97,53.00,67.74
2026-04-22 17:08:00,2026-04-22 17:08:59,Q09,475.60,206.70,84.40,97.80,87.90,52.10,24.71,478.40,199.70,86.40,95.10,91.60,54.30,20.37,477.20,210.50,90.00,100.20,90.10,50.70,23.20,477.07,205.63,260.80,293.10,89.87,52.37,68.29
2026-04-22 17:09:00,2026-04-22 17:09:59,Q09,475.30,206.40,84.40,97.80,87.80,52.10,24.91,478.90,209.70,90.10,99.90,91.70,53.50,20.20,476.80,216.40,91.80,102.80,90.20,50.70,23.29,477.00,210.83,266.30,300.50,89.90,52.10,68.40
2026-04-22 17:10:00,2026-04-22 17:10:59,Q09,475.30,207.30,85.30,98.30,87.60,52.70,24.86,479.30,200.50,87.40,95.80,92.10,52.30,19.74,476.70,216.00,91.80,102.80,90.00,50.30,23.63,477.10,207.93,264.50,296.90,89.90,51.77,68.23
2026-04-22 17:11:00,2026-04-22 17:11:59,Q09,476.20,209.70,86.10,99.50,87.80,54.30,24.89,478.00,201.00,87.40,96.10,91.70,54.70,20.17,477.50,211.90,90.00,100.60,90.20,52.00,23.26,477.23,207.53,263.50,296.20,89.90,53.67,68.31
2026-04-22 17:12:00,2026-04-22 17:12:59,Q09,475.60,201.60,82.70,95.50,87.50,54.50,24.89,479.70,204.70,89.20,97.70,92.30,54.20,19.60,476.50,217.60,91.70,103.30,89.80,51.80,23.94,477.27,207.97,263.60,296.50,89.87,53.50,68.43
2026-04-22 17:13:00,2026-04-22 17:13:59,Q09,475.90,205.60,84.40,97.40,87.50,53.40,25.00,479.60,203.40,88.30,97.20,91.90,54.20,20.03,477.30,219.00,92.60,104.50,89.90,50.00,23.69,477.60,209.33,265.30,299.10,89.77,52.53,68.71
2026-04-22 17:14:00,2026-04-22 17:14:59,Q09,476.40,205.30,84.40,97.60,87.70,51.60,24.94,479.00,210.70,92.00,100.60,92.00,53.00,20.09,478.10,219.40,92.60,104.70,89.90,49.40,23.83,477.83,211.80,269.00,302.90,89.87,51.33,68.86
2026-04-22 17:15:00,2026-04-22 17:15:59,Q09,477.10,207.10,85.30,98.70,87.50,53.60,25.34,479.90,208.90,90.10,99.60,91.70,54.10,20.51,476.00,220.40,92.60,104.70,89.80,51.70,24.03,477.67,212.13,268.00,303.00,89.67,53.13,69.89
2026-04-22 17:16:00,2026-04-22 17:16:59,Q09,476.30,208.50,86.10,99.00,87.90,53.00,25.09,478.40,205.30,88.30,98.00,91.40,53.20,20.80,477.70,215.80,91.80,102.60,90.00,50.10,23.60,477.47,209.87,266.20,299.60,89.77,52.10,69.49
2026-04-22 17:17:00,2026-04-22 17:17:59,Q09,477.30,206.00,86.20,98.30,88.00,52.10,24.51,479.30,204.00,88.30,97.70,91.70,53.20,20.43,475.70,209.60,88.10,99.30,89.70,50.30,23.71,477.43,206.53,262.60,295.30,89.80,51.87,68.66
2026-04-22 17:18:00,2026-04-22 17:18:59,Q09,477.70,208.50,87.10,99.20,88.00,53.80,24.63,478.30,203.70,88.30,97.00,91.50,54.10,20.63,475.90,214.30,89.90,101.70,89.80,51.80,23.63,477.30,208.83,265.30,297.90,89.77,53.23,68.89
2026-04-22 17:19:00,2026-04-22 17:19:59,Q09,477.50,208.10,87.10,99.20,88.20,51.70,24.66,478.80,207.10,89.20,98.90,91.60,52.70,20.77,475.60,212.30,89.00,100.70,89.70,47.70,23.83,477.30,209.17,265.30,298.80,89.83,50.70,69.26
2026-04-22 17:20:00,2026-04-22 17:20:59,Q09,475.60,208.10,86.20,98.80,88.10,53.20,24.71,478.90,207.10,89.20,98.90,91.50,53.40,20.77,477.20,213.70,89.90,101.60,89.80,51.30,23.74,477.23,209.63,265.30,299.30,89.80,52.63,69.23
2026-04-22 17:21:00,2026-04-22 17:21:59,Q09,475.80,209.50,86.10,99.30,87.60,53.70,25.11,479.80,204.30,88.30,97.70,91.80,53.00,20.34,475.90,213.60,89.90,101.20,89.70,51.50,24.17,477.17,209.13,264.30,298.20,89.70,52.73,69.63
2026-04-22 17:22:00,2026-04-22 17:22:59,Q09,477.00,210.90,88.00,100.20,88.00,53.60,24.69,477.60,210.20,91.00,100.20,91.50,53.70,20.74,477.20,213.00,89.90,101.60,89.60,49.50,23.89,477.27,211.37,268.90,302.00,89.70,52.27,69.31
2026-04-22 17:23:00,2026-04-22 17:23:59,Q09,475.80,206.20,84.40,97.80,87.40,52.60,25.23,479.80,204.50,89.20,97.70,92.00,54.90,20.09,476.30,221.50,93.40,105.20,89.70,50.80,24.23,477.30,210.73,267.00,300.70,89.70,52.77,69.54
2026-04-22 17:24:00,2026-04-22 17:24:59,Q09,477.60,209.00,86.10,99.70,87.90,52.70,24.69,478.80,208.00,91.10,99.40,92.00,53.80,20.23,476.00,217.30,91.70,103.30,89.70,50.70,24.09,477.47,211.43,268.90,302.40,89.87,52.40,69.00
2026-04-22 17:25:00,2026-04-22 17:25:59,Q09,475.90,209.60,86.10,99.30,87.70,53.10,24.89,479.60,203.80,89.20,97.20,92.00,53.00,20.23,477.10,216.90,91.70,103.00,89.60,49.90,24.20,477.53,210.10,267.00,299.50,89.77,52.00,69.31
2026-04-22 17:26:00,2026-04-22 17:26:59,Q09,476.40,206.10,85.30,98.10,87.90,54.00,24.49,480.30,205.40,90.20,98.40,92.30,54.00,19.83,476.00,216.50,90.80,102.80,89.60,50.70,24.31,477.57,209.33,266.30,299.30,89.93,52.90,68.63
2026-04-22 17:27:00,2026-04-22 17:27:59,Q09,476.90,204.00,85.40,97.10,88.00,53.30,24.17,479.20,201.50,88.30,96.30,92.20,53.80,19.71,478.00,214.40,90.80,102.30,89.60,50.40,23.89,478.03,206.63,264.50,295.70,89.93,52.50,67.77
2026-04-22 17:28:00,2026-04-22 17:28:59,Q09,478.10,201.70,83.50,96.10,87.60,54.10,24.57,478.70,202.40,87.40,96.60,91.80,54.90,20.09,477.30,212.80,89.90,101.10,89.30,51.60,24.11,478.03,205.63,260.80,293.80,89.57,53.53,68.77
2026-04-22 17:29:00,2026-04-22 17:29:59,Q09,477.10,200.40,82.70,95.40,87.50,51.50,24.34,479.40,203.30,88.30,97.20,91.60,53.60,20.03,478.40,213.60,89.90,101.80,89.40,50.30,23.60,478.30,205.77,260.90,294.40,89.50,51.80,67.97
2026-04-22 17:30:00,2026-04-22 17:30:59,Q09,477.80,199.70,81.80,94.90,87.70,53.30,24.09,480.10,196.70,85.50,94.10,91.70,53.90,19.91,476.20,208.00,88.10,99.00,89.40,50.30,23.49,478.03,201.47,255.40,288.00,89.60,52.50,67.49
2026-04-22 17:31:00,2026-04-22 17:31:59,Q09,478.30,200.30,82.70,95.60,87.70,51.10,24.00,478.80,196.80,84.60,93.70,91.50,53.50,19.97,477.20,209.00,88.10,99.70,89.40,48.00,23.34,478.10,202.03,255.40,289.00,89.53,50.87,67.31
2026-04-22 17:32:00,2026-04-22 17:32:59,Q09,477.20,198.70,81.80,94.40,87.30,51.10,24.14,479.10,195.30,84.60,93.40,91.60,53.90,19.74,478.20,206.40,87.20,98.50,89.20,48.00,23.57,478.17,200.13,253.60,286.30,89.37,51.00,67.46
2026-04-22 17:33:00,2026-04-22 17:33:59,Q09,478.30,197.40,81.80,94.20,87.20,53.90,24.06,479.30,194.00,83.70,92.90,91.60,53.40,19.69,477.20,209.40,88.10,99.70,89.00,50.20,23.74,478.27,200.27,253.60,286.80,89.27,52.50,67.49
2026-04-22 17:34:00,2026-04-22 17:34:59,Q09,476.30,195.20,80.00,92.80,87.50,52.10,23.91,479.60,195.20,84.60,93.40,91.10,51.60,20.00,477.60,202.00,85.40,96.40,89.40,50.30,22.89,477.83,197.47,250.00,282.60,89.33,51.33,66.80
2026-04-22 17:35:00,2026-04-22 17:35:59,Q09,476.80,194.80,80.00,92.30,87.10,52.50,24.23,480.20,193.30,83.70,92.60,91.30,53.70,19.71,477.00,205.90,86.30,97.80,89.40,50.50,23.03,478.00,198.00,250.00,282.70,89.27,52.23,66.97
2026-04-22 17:36:00,2026-04-22 17:36:59,Q09,476.80,193.20,79.20,91.90,87.20,53.30,23.89,480.20,195.40,84.60,93.60,91.40,54.40,19.57,476.80,204.40,86.30,97.10,89.20,51.10,23.09,477.93,197.67,250.10,282.60,89.27,52.93,66.54
2026-04-22 17:37:00,2026-04-22 17:37:59,Q09,476.80,194.10,80.00,92.30,87.20,52.90,23.94,478.90,190.10,81.90,90.80,91.10,53.60,19.86,478.20,201.90,85.40,96.10,89.30,50.60,22.89,477.97,195.37,247.30,279.20,89.20,52.37,66.69
2026-04-22 17:38:00,2026-04-22 17:38:59,Q09,477.80,196.30,80.90,93.50,87.20,53.60,23.91,478.70,192.30,82.80,91.80,91.00,53.50,19.97,478.10,202.20,85.40,96.60,89.20,49.80,22.91,478.20,196.93,249.10,281.90,89.13,52.30,66.80
2026-04-22 17:39:00,2026-04-22 17:39:59,Q09,478.20,194.90,80.00,92.70,87.50,52.40,23.51,478.60,192.90,82.80,91.80,91.30,51.70,19.63,476.60,202.70,85.40,96.20,89.20,49.50,22.83,477.80,196.83,248.20,280.70,89.33,51.20,65.97
2026-04-22 17:40:00,2026-04-22 17:40:59,Q09,476.70,192.00,79.20,91.40,87.20,50.70,23.94,478.80,192.10,82.80,91.80,91.00,53.00,19.71,478.10,201.00,85.40,96.10,89.60,49.60,22.40,477.87,195.03,247.40,279.30,89.27,51.10,66.06
2026-04-22 17:41:00,2026-04-22 17:41:59,Q09,477.90,190.00,78.30,90.60,87.00,53.50,23.77,480.10,191.40,82.80,91.70,91.20,53.90,19.71,476.70,201.10,83.60,95.70,88.90,51.00,23.23,478.23,194.17,244.70,278.00,89.03,52.80,66.71
2026-04-22 17:42:00,2026-04-22 17:42:59,Q09,476.00,190.90,78.30,90.40,87.30,51.80,23.63,479.70,192.40,82.80,92.00,91.60,51.80,19.34,477.60,202.00,85.40,96.40,89.20,48.90,23.06,477.77,195.10,246.50,278.80,89.37,50.83,66.03
2026-04-22 17:43:00,2026-04-22 17:43:59,Q09,476.50,189.80,77.40,90.00,87.60,49.30,23.40,480.40,190.90,82.80,91.20,91.80,49.70,19.14,477.10,199.70,83.70,94.90,89.30,46.10,23.00,478.00,193.47,243.90,276.10,89.57,48.37,65.54
2026-04-22 17:44:00,2026-04-22 17:44:59,Q09,477.00,194.30,80.00,92.50,87.60,48.20,23.77,478.50,192.00,82.80,91.80,91.70,48.90,19.43,477.70,201.70,84.60,95.90,89.50,45.50,22.97,477.73,196.00,247.40,280.20,89.60,47.53,66.17
2026-04-22 17:45:00,2026-04-22 17:45:59,Q09,476.40,194.60,80.00,92.30,87.60,50.10,24.03,479.20,196.40,84.60,93.90,91.80,49.80,19.54,478.10,201.30,85.40,96.10,89.50,47.60,23.31,477.90,197.43,250.00,282.30,89.63,49.17,66.89
2026-04-22 17:46:00,2026-04-22 17:46:59,Q09,477.20,195.00,80.90,93.00,87.70,47.30,23.86,478.70,194.30,83.70,92.70,91.90,46.40,19.60,477.40,205.80,86.30,97.80,89.30,44.00,23.60,477.77,198.37,250.90,283.50,89.63,45.90,67.06
2026-04-22 17:47:00,2026-04-22 17:47:59,Q09,476.70,192.00,79.20,91.40,87.50,50.30,24.11,480.20,194.20,85.60,93.10,92.10,49.70,19.49,476.30,205.50,86.30,97.60,89.20,46.10,23.97,477.73,197.23,251.10,282.10,89.60,48.70,67.57
2026-04-22 17:48:00,2026-04-22 17:48:59,Q09,476.60,201.00,82.70,95.70,87.50,50.40,24.26,480.40,193.90,84.60,92.60,92.10,49.50,19.57,476.60,206.50,87.20,98.10,89.20,46.90,24.09,477.87,200.47,254.50,286.40,89.60,48.93,67.91
2026-04-22 17:49:00,2026-04-22 17:49:59,Q09,475.70,199.90,82.70,94.50,88.10,49.50,23.94,478.90,197.30,86.50,94.20,92.20,50.00,19.49,477.60,206.80,88.20,98.30,90.00,46.90,23.26,477.40,201.33,257.40,287.00,90.10,48.80,66.69
2026-04-22 17:50:00,2026-04-22 17:50:59,Q09,475.90,198.20,81.80,94.10,87.60,49.80,24.51,479.20,199.40,86.40,95.30,91.90,49.00,19.80,477.80,211.00,89.00,100.60,89.70,46.20,23.66,477.63,202.87,257.20,290.00,89.73,48.33,67.97
2026-04-22 17:51:00,2026-04-22 17:51:59,Q09,476.40,200.20,82.70,95.20,87.60,50.10,24.54,478.60,199.70,87.40,95.10,92.00,49.20,19.74,477.60,211.90,89.00,100.60,89.80,45.40,23.57,477.53,203.93,259.10,290.90,89.80,48.23,67.86
2026-04-22 17:52:00,2026-04-22 17:52:59,Q09,477.30,201.60,82.70,95.90,87.60,49.60,24.43,479.40,198.60,86.50,94.80,92.10,49.50,19.80,476.40,209.90,88.10,99.50,89.30,45.50,24.17,477.70,203.37,257.30,290.20,89.67,48.20,68.40
2026-04-22 17:53:00,2026-04-22 17:53:59,Q09,476.10,200.30,82.70,95.20,87.60,50.60,24.66,479.50,198.90,86.50,94.80,92.00,49.80,19.89,478.00,210.30,89.00,100.40,89.70,48.20,23.83,477.87,203.17,258.20,290.40,89.77,49.53,68.37
2026-04-22 17:54:00,2026-04-22 17:54:59,Q09,475.90,198.50,81.80,94.10,87.60,49.00,24.69,480.20,200.40,88.30,96.00,92.10,49.00,19.89,477.30,212.20,89.90,101.10,89.60,46.20,24.06,477.80,203.70,260.00,291.20,89.77,48.07,68.63
2026-04-22 17:55:00,2026-04-22 17:55:59,Q09,477.90,197.00,80.90,94.00,87.80,50.10,24.46,479.80,199.60,86.40,95.30,91.90,49.40,20.20,476.40,210.20,88.10,100.00,89.30,47.80,24.26,478.03,202.27,255.40,289.30,89.67,49.10,68.91
2026-04-22 17:56:00,2026-04-22 17:56:59,Q09,476.80,201.00,82.70,95.70,87.80,50.40,24.69,480.60,201.40,88.30,96.50,92.10,49.40,20.00,476.60,210.40,88.10,100.00,89.60,46.90,24.06,478.00,204.27,259.10,292.20,89.83,48.90,68.74
2026-04-22 17:57:00,2026-04-22 17:57:59,Q09,476.70,202.30,83.50,96.20,87.70,47.90,24.69,480.70,202.70,88.30,97.00,92.10,48.50,19.91,477.20,214.20,90.80,102.10,89.60,43.80,24.17,478.20,206.40,262.60,295.30,89.80,46.73,68.77
2026-04-22 17:58:00,2026-04-22 17:58:59,Q09,476.30,203.80,84.50,96.60,88.10,49.80,24.20,480.50,199.90,87.40,95.50,92.30,50.00,19.63,477.50,207.80,87.20,98.70,89.90,46.40,23.57,478.10,203.83,259.10,290.80,90.10,48.73,67.40
2026-04-22 17:59:00,2026-04-22 17:59:59,Q09,476.70,206.30,85.30,98.10,87.50,51.40,25.14,480.50,204.00,88.30,97.90,91.90,50.80,20.11,476.70,209.50,88.10,99.50,89.80,47.10,23.91,477.97,206.60,261.70,295.50,89.73,49.77,69.17
2026-04-22 18:00:00,2026-04-22 18:00:59,Q09,476.80,213.20,87.90,101.40,87.60,52.10,25.40,480.30,208.40,90.10,99.80,91.50,54.40,20.63,477.00,211.80,90.00,100.60,90.20,50.20,23.60,478.03,211.13,268.00,301.80,89.77,52.23,69.63
2026-04-22 18:01:00,2026-04-22 18:01:59,Q09,476.70,204.60,84.40,97.10,87.40,52.70,25.51,480.40,208.70,90.10,99.80,91.60,54.20,20.43,478.30,216.10,92.70,103.20,90.10,51.40,23.69,478.47,209.80,267.20,300.10,89.70,52.77,69.63
2026-04-22 18:02:00,2026-04-22 18:02:59,Q09,478.40,209.50,86.10,99.90,87.90,52.30,25.11,479.10,205.50,89.20,98.20,91.60,53.70,20.74,477.40,218.30,91.70,104.00,89.80,50.70,24.03,478.30,211.10,267.00,302.10,89.77,52.23,69.89
2026-04-22 18:03:00,2026-04-22 18:03:59,Q09,476.90,210.00,86.10,100.00,87.60,53.30,25.46,480.60,205.40,89.20,98.40,91.80,53.90,20.60,478.40,216.70,91.70,103.20,89.80,50.70,24.26,478.63,210.70,267.00,301.60,89.73,52.63,70.31
2026-04-22 18:04:00,2026-04-22 18:04:59,Q09,477.00,206.20,85.30,98.30,87.10,54.40,25.60,481.20,209.40,92.00,100.50,92.00,54.10,20.26,477.30,220.30,92.60,104.90,89.40,51.10,24.77,478.50,211.97,269.90,303.70,89.50,53.20,70.63
2026-04-22 18:05:00,2026-04-22 18:05:59,Q09,477.50,210.20,87.00,100.20,87.50,51.90,25.29,479.10,203.40,88.30,97.20,91.90,53.20,20.31,478.20,214.90,90.80,102.30,89.60,49.80,24.40,478.27,209.50,266.10,299.70,89.67,51.63,70.00
2026-04-22 18:06:00,2026-04-22 18:06:59,Q09,477.00,209.90,86.10,99.70,87.30,54.10,25.60,480.50,208.00,90.10,99.80,91.80,54.50,20.46,478.70,221.40,93.40,105.60,89.60,50.80,24.49,478.73,213.10,269.60,305.10,89.57,53.13,70.54
2026-04-22 18:07:00,2026-04-22 18:07:59,Q09,478.70,210.10,87.00,100.40,87.40,52.90,25.46,480.30,206.00,89.20,98.90,91.80,54.70,20.54,477.10,217.60,91.70,103.50,89.60,49.10,24.40,478.70,211.23,267.90,302.80,89.60,52.23,70.40
2026-04-22 18:08:00,2026-04-22 18:08:59,Q09,477.60,209.00,86.10,99.70,87.40,54.10,25.60,479.30,210.10,91.00,100.60,91.60,55.30,20.57,478.60,217.40,92.70,103.70,90.00,50.70,23.94,478.50,212.17,269.80,304.00,89.67,53.37,70.11
2026-04-22 18:09:00,2026-04-22 18:09:59,Q09,478.60,210.50,87.00,100.40,87.30,53.50,25.89,479.60,209.00,91.00,100.10,91.50,52.10,20.80,478.90,215.20,91.80,102.80,90.00,49.10,23.97,479.03,211.57,269.80,303.30,89.60,51.57,70.66
2026-04-22 18:10:00,2026-04-22 18:10:59,Q09,479.20,213.60,88.70,102.00,87.40,54.50,25.60,479.90,205.70,89.20,98.20,91.50,55.30,20.77,478.50,219.20,92.60,104.70,89.80,52.10,24.03,479.20,212.83,270.50,304.90,89.57,53.97,70.40
2026-04-22 18:11:00,2026-04-22 18:11:59,Q09,478.90,210.10,86.00,100.40,86.70,52.10,26.23,482.10,204.90,89.20,98.30,91.70,53.10,20.43,478.60,220.70,93.40,105.20,89.80,49.90,24.29,479.87,211.90,268.60,303.90,89.40,51.70,70.94
2026-04-22 18:12:00,2026-04-22 18:12:59,Q09,478.80,213.00,87.90,101.80,87.20,54.00,26.06,480.20,203.10,88.30,97.40,91.00,56.00,21.34,479.70,214.60,90.80,102.50,89.90,52.40,23.94,479.57,210.23,267.00,301.70,89.37,54.13,71.34
2026-04-22 18:13:00,2026-04-22 18:13:59,Q09,478.90,206.20,84.30,98.50,86.90,52.70,25.89,480.50,203.60,88.30,97.40,91.90,52.50,20.34,479.70,217.80,91.70,103.90,89.50,49.40,24.71,479.70,209.20,264.30,299.80,89.43,51.53,70.94
2026-04-22 18:14:00,2026-04-22 18:14:59,Q09,477.80,208.00,86.10,99.20,87.20,54.70,25.57,480.00,207.90,90.10,99.40,91.70,56.00,20.54,479.60,220.80,93.40,105.40,89.40,53.10,24.63,479.13,212.23,269.60,304.00,89.43,54.60,70.74
2026-04-22 18:15:00,2026-04-22 18:15:59,Q09,479.40,212.00,87.90,101.50,87.10,53.60,25.66,479.90,206.30,89.20,98.70,91.60,53.60,20.71,478.10,216.80,91.70,103.20,89.20,50.60,24.86,479.13,211.70,268.80,303.40,89.30,52.60,71.23
2026-04-22 18:16:00,2026-04-22 18:16:59,Q09,478.70,212.50,86.90,101.30,86.90,55.40,25.83,481.60,206.20,90.10,99.10,91.80,55.10,20.54,477.60,220.30,92.60,104.90,89.30,51.70,24.86,479.30,213.00,269.60,305.30,89.33,54.07,71.23
2026-04-22 18:17:00,2026-04-22 18:17:59,Q09,479.40,214.30,88.70,102.50,87.30,53.90,25.34,480.50,210.40,91.00,100.80,91.80,54.00,20.54,477.70,217.80,91.70,103.50,89.20,52.40,24.91,479.20,214.17,271.40,306.80,89.43,53.43,70.80
2026-04-22 18:18:00,2026-04-22 18:18:59,Q09,478.40,211.30,87.00,100.90,87.20,53.80,25.71,479.90,207.80,90.10,99.20,91.50,55.70,20.74,479.40,219.60,92.60,104.90,89.50,51.40,24.49,479.23,212.90,269.70,305.00,89.40,53.63,70.94
2026-04-22 18:19:00,2026-04-22 18:19:59,Q09,479.00,209.30,87.00,100.10,87.20,52.50,25.74,480.00,207.80,90.10,99.40,91.60,51.90,20.66,479.10,213.40,90.80,102.00,89.60,50.20,24.51,479.37,210.17,267.90,301.50,89.47,51.53,70.91
2026-04-22 18:20:00,2026-04-22 18:20:59,Q09,479.20,206.60,85.30,98.70,87.10,52.00,25.77,480.00,211.50,91.90,101.30,91.90,52.30,20.57,478.20,219.70,92.60,104.70,89.30,50.60,25.03,479.13,212.60,269.80,304.70,89.43,51.63,71.37
2026-04-22 18:21:00,2026-04-22 18:21:59,Q09,477.80,215.50,88.70,102.60,87.00,55.20,25.94,481.70,208.20,92.00,100.00,92.20,54.50,20.29,477.80,222.70,93.40,105.90,89.40,50.80,25.26,479.10,215.47,274.10,308.50,89.53,53.50,71.49
2026-04-22 18:22:00,2026-04-22 18:22:59,Q09,479.00,209.60,87.00,100.10,87.10,53.10,25.69,480.70,210.70,91.00,100.80,91.80,52.40,20.63,477.40,220.70,92.60,104.90,89.20,50.90,25.06,479.03,213.67,270.60,305.80,89.37,52.13,71.37
2026-04-22 18:23:00,2026-04-22 18:23:59,Q09,478.10,209.20,85.10,99.90,86.60,54.80,26.23,482.00,210.40,91.90,101.20,91.60,53.60,20.83,477.80,218.60,91.70,104.00,89.10,52.00,25.26,479.30,212.73,268.70,305.10,89.10,53.47,72.31
2026-04-22 18:24:00,2026-04-22 18:24:59,Q09,479.30,212.00,87.90,101.50,87.20,52.90,25.57,480.10,211.90,91.90,101.30,91.70,50.30,20.80,477.70,219.30,92.60,104.50,89.00,49.40,25.23,479.03,214.40,272.40,307.30,89.30,50.87,71.60
2026-04-22 18:25:00,2026-04-22 18:25:59,Q09,479.00,211.40,87.90,101.10,87.10,54.40,25.66,481.20,211.70,92.90,101.50,92.10,55.40,20.37,477.20,219.00,92.60,104.50,89.10,51.50,25.34,479.13,214.03,273.40,307.10,89.43,53.77,71.37
2026-04-22 18:26:00,2026-04-22 18:26:59,Q09,478.50,213.20,87.90,101.80,87.00,52.90,26.06,480.20,207.70,90.10,99.40,91.50,54.30,21.00,479.60,218.30,92.60,104.40,89.40,51.00,24.83,479.43,213.07,270.60,305.60,89.30,52.73,71.89
2026-04-22 18:27:00,2026-04-22 18:27:59,Q09,479.40,210.30,86.00,100.60,86.90,55.30,25.91,480.30,208.00,91.10,99.80,92.00,55.10,20.49,478.50,222.60,94.30,106.10,89.10,51.90,25.40,479.40,213.63,271.40,306.50,89.33,54.10,71.80
2026-04-22 18:28:00,2026-04-22 18:28:59,Q09,478.90,210.50,86.00,100.40,86.90,55.00,25.97,481.90,209.60,91.00,100.50,91.80,55.30,20.69,477.80,225.60,95.20,107.30,89.20,52.10,25.31,479.53,215.23,272.20,308.20,89.30,54.13,71.97
2026-04-22 18:29:00,2026-04-22 18:29:59,Q09,479.30,212.50,86.90,101.50,86.80,55.10,25.80,482.00,206.80,91.10,99.30,92.10,54.70,20.20,478.10,222.60,94.30,106.10,89.20,52.40,25.20,479.80,213.97,272.30,306.90,89.37,54.07,71.20
2026-04-22 18:30:00,2026-04-22 18:30:59,Q09,477.70,211.50,86.00,100.60,86.90,53.70,25.94,481.00,210.90,91.90,101.00,91.70,53.70,20.66,479.60,219.60,92.60,104.90,89.30,50.70,24.94,479.43,214.00,270.50,306.50,89.30,52.70,71.54
2026-04-22 18:31:00,2026-04-22 18:31:59,Q09,478.00,211.20,86.00,100.90,86.50,55.20,26.14,481.30,206.10,90.10,99.10,91.90,55.30,20.20,479.40,219.50,92.60,104.90,89.30,52.00,25.03,479.57,212.27,268.70,304.90,89.23,54.17,71.37
2026-04-22 18:32:00,2026-04-22 18:32:59,Q09,479.40,205.70,84.30,98.20,86.90,52.40,25.74,481.60,210.90,91.90,101.00,91.90,54.00,20.40,478.10,219.50,92.60,104.70,89.10,50.60,25.20,479.70,212.03,268.80,303.90,89.30,52.33,71.34
2026-04-22 18:33:00,2026-04-22 18:33:59,Q09,479.70,208.40,85.10,99.60,86.90,54.70,25.60,480.90,209.50,91.00,100.30,91.80,54.70,20.60,478.20,223.40,93.30,106.60,88.80,52.20,25.34,479.60,213.77,269.40,306.50,89.17,53.87,71.54
2026-04-22 18:34:00,2026-04-22 18:34:59,Q09,478.10,213.40,86.90,101.80,86.60,55.50,26.29,481.00,208.40,91.00,100.00,91.80,55.50,20.57,480.00,219.80,93.40,105.10,89.30,52.20,25.14,479.70,213.87,271.30,306.90,89.23,54.40,72.00
2026-04-22 18:35:00,2026-04-22 18:35:59,Q09,477.90,210.70,86.00,100.20,86.50,51.90,26.17,482.00,206.00,90.10,99.30,91.70,53.30,20.40,479.40,220.20,93.40,105.40,89.30,50.80,24.91,479.77,212.30,269.50,304.90,89.17,52.00,71.49
2026-04-22 18:36:00,2026-04-22 18:36:59,Q09,479.80,208.90,85.10,99.60,86.90,53.40,25.63,480.60,206.50,89.20,98.90,91.90,54.50,20.37,478.80,218.90,92.60,104.20,89.20,51.10,24.97,479.73,211.43,266.90,302.70,89.33,53.00,70.97
2026-04-22 18:37:00,2026-04-22 18:37:59,Q09,477.70,206.60,84.30,98.30,86.60,53.10,26.03,481.90,207.90,90.10,99.60,91.70,55.70,20.46,479.80,222.70,94.30,106.30,89.20,52.60,25.00,479.80,212.40,268.70,304.20,89.17,53.80,71.49
2026-04-22 18:38:00,2026-04-22 18:38:59,Q09,478.90,209.40,85.10,99.90,86.30,54.40,26.31,482.50,205.00,89.20,98.80,91.70,54.50,20.49,478.50,219.60,92.60,104.70,89.10,50.50,25.34,479.97,211.33,266.90,303.40,89.03,53.13,72.14
2026-04-22 18:39:00,2026-04-22 18:39:59,Q09,478.30,209.50,85.10,99.90,86.50,54.80,26.09,482.60,206.20,91.10,99.30,92.00,55.60,20.00,479.40,218.00,92.60,104.40,89.50,51.50,24.86,480.10,211.23,268.80,303.60,89.33,53.97,70.94
2026-04-22 18:40:00,2026-04-22 18:40:59,Q09,479.20,204.20,83.40,97.70,86.80,53.50,25.83,480.70,206.50,89.20,98.90,91.70,54.40,20.51,479.80,221.30,93.40,105.90,89.10,50.70,25.03,479.90,210.67,266.00,302.50,89.20,52.87,71.37
2026-04-22 18:42:00,2026-04-22 18:42:59,Q09,477.50,206.50,85.30,98.30,87.00,52.20,25.66,481.30,204.50,89.20,98.10,91.80,53.70,20.51,478.90,220.70,93.40,105.20,89.20,49.00,24.91,479.23,210.57,267.90,301.60,89.33,51.63,71.09
2026-04-22 18:43:00,2026-04-22 18:43:59,Q09,478.80,208.80,85.10,99.40,86.30,54.80,26.34,480.80,207.60,90.10,99.40,91.40,55.50,20.80,480.00,222.70,94.30,106.60,89.10,52.00,25.11,479.87,213.03,269.50,305.40,88.93,54.10,72.26
2026-04-22 18:44:00,2026-04-22 18:44:59,Q09,478.70,208.60,85.10,99.40,86.70,55.00,25.83,482.30,205.60,90.20,98.80,92.00,55.60,20.17,478.00,218.70,92.60,104.20,89.20,52.20,25.03,479.67,210.97,267.90,302.40,89.30,54.27,71.03
2026-04-22 18:45:00,2026-04-22 18:45:59,Q09,478.50,208.50,86.10,99.40,87.10,55.00,25.71,481.70,210.10,91.90,101.00,91.60,55.60,20.74,480.20,219.10,93.40,105.10,89.30,52.80,24.77,480.13,212.57,271.40,305.50,89.33,54.47,71.23
2026-04-22 18:46:00,2026-04-22 18:46:59,Q09,479.90,207.00,86.10,99.20,87.10,53.80,25.49,480.80,205.50,89.20,98.40,91.80,54.20,20.57,478.50,222.20,94.30,106.10,89.00,51.20,25.06,479.73,211.57,269.60,303.70,89.30,53.07,71.11
2026-04-22 18:47:00,2026-04-22 18:47:59,Q09,479.80,207.30,86.10,99.20,87.10,54.10,25.46,480.40,209.30,91.00,100.30,91.60,55.70,20.77,479.00,218.00,91.50,104.40,88.90,52.40,25.11,479.73,211.53,268.60,303.90,89.20,54.07,71.34
2026-04-22 18:48:00,2026-04-22 18:48:59,Q09,478.50,207.10,85.30,98.90,87.00,52.90,25.60,480.80,202.50,87.40,97.00,91.40,54.60,20.86,479.80,216.80,91.70,103.50,89.00,50.30,24.91,479.70,208.80,264.40,299.40,89.13,52.60,71.37
2026-04-22 18:49:00,2026-04-22 18:49:59,Q09,478.60,201.20,83.50,96.10,87.80,51.60,24.37,479.60,201.30,88.30,96.30,92.10,50.20,20.14,477.00,213.90,88.90,101.60,88.80,48.10,25.00,478.40,205.47,260.70,294.00,89.57,49.97,69.51
2026-04-22 18:50:00,2026-04-22 18:50:59,Q09,478.10,201.60,83.50,96.10,87.70,49.80,24.51,479.20,203.40,88.30,97.20,91.90,49.60,20.37,478.10,212.20,88.90,101.30,88.90,47.60,24.86,478.47,205.73,260.70,294.60,89.50,49.00,69.74
2026-04-22 18:51:00,2026-04-22 18:51:59,Q09,479.50,204.90,84.40,97.70,87.30,50.50,25.11,482.50,202.30,88.30,97.40,91.80,50.50,20.57,478.50,214.40,89.80,102.30,88.90,47.80,25.06,480.17,207.20,262.50,297.40,89.33,49.60,70.74
2026-04-22 18:52:00,2026-04-22 18:52:59,Q09,478.70,199.20,82.70,95.10,87.20,49.30,25.14,481.00,204.10,89.20,98.10,91.40,48.00,20.80,480.00,212.70,88.90,101.80,88.90,45.70,24.83,479.90,205.33,260.80,295.00,89.17,47.67,70.77
2026-04-22 18:53:00,2026-04-22 18:53:59,Q09,480.20,200.00,83.50,96.00,87.50,49.50,24.71,480.90,201.70,87.40,96.50,91.50,50.00,20.80,478.50,214.20,89.80,102.30,88.60,47.50,25.03,479.87,205.30,260.70,294.80,89.20,49.00,70.54
2026-04-22 18:54:00,2026-04-22 18:54:59,Q09,479.90,203.30,84.40,97.20,87.20,49.90,25.09,481.00,205.00,89.20,98.60,91.60,50.20,20.71,479.80,210.00,88.00,100.60,88.70,46.90,25.06,480.23,206.10,261.60,296.40,89.17,49.00,70.86
2026-04-22 18:55:00,2026-04-22 18:55:59,Q09,479.40,203.10,84.40,97.20,87.50,50.40,24.86,481.30,206.20,90.10,99.10,91.80,49.10,20.63,477.70,214.20,89.80,102.10,88.70,46.50,25.23,479.47,207.83,264.30,298.40,89.33,48.67,70.71
2026-04-22 18:56:00,2026-04-22 18:56:59,Q09,478.70,202.00,83.50,96.60,87.10,49.50,25.23,481.90,201.60,87.40,96.70,91.80,49.00,20.46,477.90,213.20,88.90,101.60,88.80,47.20,25.11,479.50,205.60,259.80,294.90,89.23,48.57,70.80
2026-04-22 18:57:00,2026-04-22 18:57:59,Q09,478.40,201.90,83.50,96.10,87.40,50.50,24.94,481.60,199.60,86.40,95.70,91.80,49.40,20.43,478.20,212.30,89.90,101.30,89.10,48.10,24.69,479.40,204.60,259.80,293.10,89.43,49.33,70.06
2026-04-22 18:58:00,2026-04-22 18:58:59,Q09,479.60,201.10,83.50,96.30,87.50,49.70,24.86,480.50,199.40,86.40,95.50,91.50,49.20,20.97,479.00,216.70,90.60,103.50,88.70,46.80,25.00,479.70,205.73,260.50,295.30,89.23,48.57,70.83
2026-04-22 18:59:00,2026-04-22 18:59:59,Q09,478.90,200.90,82.70,95.60,87.60,51.30,24.86,480.20,201.00,87.40,96.50,91.30,50.80,21.14,479.10,211.10,88.90,101.10,88.70,48.20,24.94,479.40,204.33,259.00,293.20,89.20,50.10,70.94
2026-04-22 19:00:00,2026-04-22 19:00:59,Q09,479.60,201.30,83.50,96.30,87.70,49.90,25.00,480.50,205.60,89.20,98.40,91.10,50.30,21.26,479.30,210.00,89.00,100.60,89.20,47.00,24.37,479.80,205.63,261.70,295.30,89.33,49.07,70.63
2026-04-22 19:01:00,2026-04-22 19:01:59,Q09,479.80,202.70,83.50,96.80,87.60,50.50,24.91,481.20,204.10,89.20,98.10,91.20,50.10,21.00,478.20,213.80,89.90,101.80,89.20,47.40,24.20,479.73,206.87,262.60,296.70,89.33,49.33,70.11
2026-04-22 19:02:00,2026-04-22 19:02:59,Q09,479.40,204.20,84.40,97.70,87.40,50.20,25.20,482.40,203.80,88.30,97.80,91.10,50.20,21.06,478.50,208.50,88.10,99.40,89.30,48.50,24.17,480.10,205.50,260.80,294.90,89.27,49.63,70.43
2026-04-22 19:03:00,2026-04-22 19:03:59,Q09,480.30,203.90,84.40,97.40,87.50,49.80,25.06,481.40,206.80,89.10,99.10,90.80,49.10,21.49,478.50,207.10,87.20,98.90,89.00,46.80,24.34,480.07,205.93,260.70,295.40,89.10,48.57,70.89
2026-04-22 19:04:00,2026-04-22 19:04:59,Q09,478.70,205.80,84.40,98.00,87.10,50.10,25.63,481.40,202.30,87.30,97.20,90.70,50.50,21.57,480.00,209.90,89.00,100.30,89.10,47.30,24.43,480.03,206.00,260.70,295.50,88.97,49.30,71.63
2026-04-22 19:05:00,2026-04-22 19:05:59,Q09,478.60,203.50,84.40,97.00,87.10,47.10,25.51,482.50,199.70,85.50,95.90,90.70,48.60,21.43,479.70,212.60,89.90,101.50,89.00,46.10,24.40,480.27,205.27,259.80,294.40,88.93,47.27,71.34
2026-04-22 19:06:00,2026-04-22 19:06:59,Q09,479.30,205.10,84.30,98.20,86.90,50.20,25.80,481.40,199.00,85.50,95.70,90.60,50.60,21.54,480.70,207.40,88.10,99.40,89.10,48.70,24.31,480.47,203.83,257.90,293.30,88.87,49.83,71.66
2026-04-22 19:07:00,2026-04-22 19:07:59,Q09,479.60,204.50,84.40,97.70,87.20,49.00,25.43,482.80,199.40,86.40,95.90,91.10,51.50,21.11,478.50,211.20,89.00,100.90,89.20,47.50,24.37,480.30,205.03,259.80,294.50,89.17,49.33,70.91
2026-04-22 19:08:00,2026-04-22 19:08:59,Q09,479.60,205.50,85.30,98.20,87.10,50.10,25.57,483.30,200.30,86.40,96.60,90.90,50.80,21.34,479.10,211.10,89.90,101.10,89.20,47.00,24.43,480.67,205.63,261.60,295.90,89.07,49.30,71.34
2026-04-22 19:09:00,2026-04-22 19:09:59,Q09,479.10,202.90,83.50,96.80,87.10,51.90,25.51,483.10,202.10,87.30,97.60,90.90,52.00,21.31,478.90,209.50,88.10,99.90,89.20,49.80,24.37,480.37,204.83,258.90,294.30,89.07,51.23,71.20
2026-04-22 19:10:00,2026-04-22 19:10:59,Q09,479.30,207.50,86.10,99.20,87.00,51.30,25.69,480.80,202.00,86.40,97.00,90.50,51.50,21.60,480.20,208.10,88.10,99.80,89.30,49.00,23.97,480.10,205.87,260.60,296.00,88.93,50.60,71.26
2026-04-22 19:11:00,2026-04-22 19:11:59,Q09,480.70,207.60,86.10,99.40,87.20,50.70,25.34,481.10,198.00,85.50,95.20,90.90,50.60,21.37,479.10,210.60,88.00,100.60,88.80,48.10,24.74,480.30,205.40,259.60,295.20,88.97,49.80,71.46
2026-04-22 19:12:00,2026-04-22 19:12:59,Q09,479.10,204.40,84.40,97.70,87.00,51.20,25.60,482.80,196.40,84.60,94.50,90.60,52.20,21.54,479.40,210.60,89.00,100.60,89.10,49.20,24.34,480.43,203.80,258.00,292.80,88.90,50.87,71.49
2026-04-22 19:13:00,2026-04-22 19:13:59,Q09,478.70,203.70,84.40,97.00,87.10,48.80,25.40,482.50,198.30,85.50,95.40,90.70,50.50,21.46,479.60,210.70,89.00,100.60,89.10,47.70,24.14,480.27,204.23,258.90,293.00,88.97,49.00,71.00
2026-04-22 19:14:00,2026-04-22 19:14:59,Q09,479.10,205.30,84.30,98.20,86.80,51.40,25.69,482.80,204.00,88.20,98.30,90.80,52.20,21.37,478.70,213.30,88.90,101.80,88.90,49.80,24.69,480.20,207.53,261.40,298.30,88.83,51.13,71.74
2026-04-22 19:15:00,2026-04-22 19:15:59,Q09,479.40,205.60,85.30,98.20,87.20,49.50,25.40,483.00,198.80,85.50,95.60,90.60,49.90,21.43,478.80,207.10,87.20,98.90,89.30,47.30,23.94,480.40,203.83,258.00,292.70,89.03,48.90,70.77
2026-04-22 19:16:00,2026-04-22 19:16:59,Q09,480.40,204.70,84.40,97.90,87.20,51.20,25.46,480.90,201.20,86.40,96.50,90.40,52.50,21.80,479.60,211.00,89.90,101.10,89.00,49.20,24.29,480.30,205.63,260.70,295.50,88.87,50.97,71.54
2026-04-22 19:17:00,2026-04-22 19:17:59,Q09,479.90,204.40,84.40,97.70,87.20,49.80,25.57,482.80,202.20,87.30,97.40,90.60,51.60,21.66,478.60,210.70,89.00,100.40,89.10,48.20,24.31,480.43,205.77,260.70,295.50,88.97,49.87,71.54
2026-04-22 19:18:00,2026-04-22 19:18:59,Q09,479.00,202.80,82.60,96.80,86.90,49.20,25.63,482.90,201.60,86.40,96.90,90.60,51.50,21.43,479.90,209.60,89.00,100.10,89.20,45.90,24.09,480.60,204.67,258.00,293.80,88.90,48.87,71.14
2026-04-22 19:19:00,2026-04-22 19:19:59,Q09,480.40,203.90,83.40,97.40,86.80,50.10,25.77,483.60,199.80,86.40,96.10,90.50,50.40,21.51,479.40,209.70,89.00,100.10,89.10,48.20,24.34,481.13,204.47,258.80,293.60,88.80,49.57,71.63
2026-04-22 19:20:00,2026-04-22 19:20:59,Q09,480.70,204.80,83.40,97.90,86.90,49.50,25.54,483.20,199.00,86.40,96.10,90.60,50.20,21.37,479.30,209.60,89.00,100.10,89.00,48.40,24.34,481.07,204.47,258.80,294.10,88.83,49.37,71.26
2026-04-22 19:21:00,2026-04-22 19:21:59,Q09,480.90,202.00,84.50,97.00,88.10,51.40,24.29,482.00,206.60,89.10,99.30,90.60,52.90,21.94,479.50,206.60,86.20,98.70,88.50,50.50,24.57,480.80,205.07,259.80,295.00,89.07,51.60,70.80
2026-04-22 19:22:00,2026-04-22 19:22:59,Q09,480.60,202.90,84.50,97.00,88.20,47.80,24.20,482.90,207.00,89.10,99.80,90.70,51.70,21.74,477.90,207.30,86.20,98.70,88.60,49.60,24.43,480.47,205.73,259.80,295.50,89.17,49.70,70.37
2026-04-22 19:23:00,2026-04-22 19:23:59,Q09,480.00,201.20,84.50,96.50,88.30,51.10,23.94,480.40,204.20,87.30,97.90,90.90,51.50,21.57,477.20,210.60,88.00,100.20,88.60,49.40,24.46,479.20,205.33,259.80,294.60,89.27,50.67,69.97
2026-04-22 19:24:00,2026-04-22 19:24:59,Q09,477.80,203.50,84.50,96.80,88.40,50.70,24.06,480.80,208.20,89.10,99.80,90.90,52.90,21.43,478.10,207.50,87.20,98.90,89.10,49.70,23.77,478.90,206.40,260.80,295.50,89.47,51.10,69.26
2026-04-22 19:25:00,2026-04-22 19:25:59,Q09,477.50,199.80,82.70,94.90,88.40,50.20,23.97,481.00,202.30,87.30,97.20,90.70,51.30,21.60,477.50,206.90,86.20,98.30,88.90,49.30,24.00,478.67,203.00,256.20,290.40,89.33,50.27,69.57
2026-04-22 19:26:00,2026-04-22 19:26:59,Q09,478.40,203.10,85.40,97.00,88.50,49.60,23.94,478.80,202.60,86.40,96.60,90.50,51.30,21.80,477.20,206.40,87.20,98.30,89.00,49.50,23.77,478.13,204.03,259.00,291.90,89.33,50.13,69.51
2026-04-22 19:27:00,2026-04-22 19:27:59,Q09,477.70,203.30,84.50,96.80,88.60,49.60,23.66,480.80,203.50,88.30,97.40,91.10,52.50,21.17,475.90,207.60,87.20,98.30,89.20,48.60,23.69,478.13,204.80,260.00,292.50,89.63,50.23,68.51
2026-04-22 19:28:00,2026-04-22 19:28:59,Q09,477.90,200.80,83.60,95.40,88.60,49.20,23.77,479.80,206.10,88.20,98.70,90.70,50.50,21.74,477.90,205.00,86.30,97.80,89.00,49.00,23.74,478.53,203.97,258.10,291.90,89.43,49.57,69.26
2026-04-22 19:29:00,2026-04-22 19:29:59,Q09,479.20,202.90,84.50,96.80,88.80,50.20,23.63,479.60,206.10,88.20,98.70,90.70,52.40,21.69,477.90,203.50,85.40,96.80,89.00,50.10,23.74,478.90,204.17,258.10,292.30,89.50,50.90,69.06
2026-04-22 19:30:00,2026-04-22 19:30:59,Q09,478.40,200.70,83.60,95.60,88.20,48.70,24.20,482.10,204.40,88.20,98.30,90.70,50.60,21.63,477.80,207.90,86.20,98.70,88.90,48.10,24.03,479.43,204.33,258.00,292.60,89.27,49.13,69.86
2026-04-22 19:31:00,2026-04-22 19:31:59,Q09,480.70,203.20,85.40,97.40,88.50,56.40,23.71,482.00,207.30,89.10,99.80,90.80,57.70,21.66,477.60,212.40,88.90,101.10,88.50,55.10,24.31,480.10,207.63,263.40,298.30,89.27,56.40,69.69
2026-04-22 19:32:00,2026-04-22 19:32:59,Q09,481.50,204.10,86.20,98.10,88.40,55.80,23.66,482.30,207.70,89.10,99.80,90.90,57.70,21.40,478.20,210.60,88.00,100.40,88.60,54.90,24.17,480.67,207.47,263.30,298.30,89.30,56.13,69.23
2026-04-22 19:33:00,2026-04-22 19:33:59,Q09,479.40,206.00,86.20,98.70,88.40,52.40,23.80,482.60,206.60,89.10,99.30,90.80,52.50,21.51,478.90,208.30,87.10,99.40,88.70,51.60,24.17,480.30,206.97,262.40,297.40,89.30,52.17,69.49
2026-04-22 19:34:00,2026-04-22 19:34:59,Q09,481.20,202.40,85.40,97.20,88.60,55.40,23.40,481.30,212.20,91.90,102.00,91.00,56.40,21.46,477.30,209.70,87.10,99.70,88.40,54.50,24.34,479.93,208.10,264.40,298.90,89.33,55.43,69.20
2026-04-22 19:35:00,2026-04-22 19:35:59,Q09,481.30,203.60,85.40,97.60,88.60,56.20,23.37,481.60,207.40,89.10,99.60,90.90,57.00,21.37,478.10,212.50,88.90,101.30,88.60,54.70,24.11,480.33,207.83,263.40,298.50,89.37,55.97,68.86
2026-04-22 19:36:00,2026-04-22 19:36:59,Q09,479.30,205.70,86.20,98.20,88.80,53.30,23.49,480.70,206.80,88.20,98.90,90.80,55.40,21.54,479.10,207.70,88.10,99.20,89.00,52.20,23.66,479.70,206.73,262.50,296.30,89.53,53.63,68.69
2026-04-22 19:37:00,2026-04-22 19:37:59,Q09,479.10,200.80,82.70,95.80,87.60,53.50,24.26,480.50,203.60,88.30,97.40,91.50,55.70,20.51,478.50,212.80,88.90,101.30,88.60,52.00,24.71,479.37,205.73,259.90,294.50,89.23,53.73,69.49
2026-04-22 19:38:00,2026-04-22 19:38:59,Q09,480.60,206.50,86.20,98.90,88.30,53.90,23.83,481.20,204.30,89.20,98.10,91.00,56.10,21.43,477.30,208.30,87.10,99.20,88.50,52.50,24.46,479.70,206.37,262.50,296.20,89.27,54.17,69.71
2026-04-22 19:39:00,2026-04-22 19:39:59,Q09,480.10,208.20,87.10,99.80,88.20,54.90,23.97,482.20,209.00,91.00,100.70,91.00,55.90,21.31,477.30,209.70,87.10,99.70,88.70,52.40,24.26,479.87,208.97,265.20,300.20,89.30,54.40,69.54
2026-04-22 19:40:00,2026-04-22 19:40:59,Q09,479.90,204.60,85.40,97.70,88.30,53.50,23.89,481.90,203.80,88.30,97.60,91.10,55.40,21.34,477.10,212.00,88.90,101.10,88.50,53.10,24.51,479.63,206.80,262.60,296.40,89.30,54.00,69.74
2026-04-22 19:41:00,2026-04-22 19:41:59,Q09,480.10,201.80,84.50,96.50,88.20,53.80,24.00,481.90,209.60,91.00,100.50,91.10,56.20,21.17,477.40,211.70,88.00,100.60,88.70,52.50,24.31,479.80,207.70,263.50,297.60,89.33,54.17,69.49
2026-04-22 19:42:00,2026-04-22 19:42:59,Q09,480.70,202.30,84.50,97.00,88.40,54.60,23.69,481.20,209.60,91.00,100.50,91.00,55.30,21.31,477.60,212.40,88.90,101.10,88.60,54.00,24.26,479.83,208.10,264.40,298.60,89.33,54.63,69.26
2026-04-22 19:43:00,2026-04-22 19:43:59,Q09,478.40,199.00,83.60,95.10,88.40,52.30,23.83,481.90,211.20,91.90,101.50,91.10,54.30,21.03,478.00,209.50,88.10,99.90,89.10,50.30,23.80,479.43,206.57,263.60,296.50,89.53,52.30,68.66
2026-04-22 19:44:00,2026-04-22 19:44:59,Q09,478.70,204.90,85.40,97.50,88.30,54.30,23.83,481.80,206.70,89.10,99.10,90.70,56.30,21.54,478.20,207.80,86.20,98.90,88.70,53.70,24.09,479.57,206.47,260.70,295.50,89.23,54.77,69.46
2026-04-22 19:45:00,2026-04-22 19:45:59,Q09,478.50,200.20,83.60,95.60,88.20,53.10,23.91,481.90,207.00,89.10,99.60,90.90,51.80,21.40,478.50,207.60,86.20,98.90,88.60,51.30,24.29,479.63,204.93,258.90,294.10,89.23,52.07,69.60
2026-04-22 19:46:00,2026-04-22 19:46:59,Q09,480.50,203.80,85.40,97.40,88.40,54.90,23.63,482.30,208.00,91.00,100.30,91.00,56.70,21.49,477.30,208.70,87.10,99.20,88.20,54.50,24.66,480.03,206.83,263.50,296.90,89.20,55.37,69.77
2026-04-22 19:47:00,2026-04-22 19:47:59,Q09,479.20,202.40,84.50,96.80,88.20,55.30,23.80,482.30,209.40,90.00,100.70,90.90,56.60,21.49,478.20,212.30,88.90,101.30,88.30,54.30,24.60,479.90,208.03,263.40,298.80,89.13,55.40,69.89
2026-04-22 19:48:00,2026-04-22 19:48:59,Q09,479.30,204.20,85.40,97.70,88.20,54.70,23.83,482.50,208.50,91.00,100.30,91.00,56.40,21.20,478.10,209.30,87.10,99.90,88.60,53.70,24.26,479.97,207.33,263.50,297.90,89.27,54.93,69.29
2026-04-22 19:49:00,2026-04-22 19:49:59,Q09,480.60,203.90,85.40,97.40,88.60,53.00,23.40,480.60,205.50,89.20,98.40,91.00,54.50,21.34,478.50,208.60,87.10,99.40,88.50,52.50,24.20,479.90,206.00,261.70,295.20,89.37,53.33,68.94
2026-04-22 19:50:00,2026-04-22 19:50:59,Q09,478.80,201.20,84.50,96.10,88.00,55.50,24.00,482.30,209.20,91.00,100.70,91.10,56.30,21.20,477.60,211.70,88.00,100.60,88.50,53.70,24.51,479.57,207.37,263.50,297.40,89.20,55.17,69.71
2026-04-22 19:51:00,2026-04-22 19:51:59,Q09,479.40,205.30,86.20,98.20,88.30,52.70,23.89,480.60,205.80,88.20,98.40,90.90,55.20,21.37,478.80,209.30,87.10,99.90,88.70,53.10,24.09,479.60,206.80,261.50,296.50,89.30,53.67,69.34
2026-04-22 19:52:00,2026-04-22 19:52:59,Q09,479.10,201.70,84.50,96.30,88.10,55.10,23.91,482.50,209.50,91.00,100.70,91.10,56.60,21.17,477.90,208.40,87.10,99.20,88.60,54.80,24.34,479.83,206.53,262.60,296.20,89.27,55.50,69.43
2026-04-22 19:53:00,2026-04-22 19:53:59,Q09,480.80,201.60,84.50,96.50,88.50,54.00,23.40,481.00,205.20,88.20,98.60,90.90,55.10,21.40,477.30,209.40,87.10,99.70,88.30,53.00,24.37,479.70,205.40,259.80,294.80,89.23,54.03,69.17
2026-04-22 19:54:00,2026-04-22 19:54:59,Q09,479.40,205.20,86.20,98.20,88.40,54.40,23.77,481.20,209.60,90.00,100.50,90.70,55.50,21.66,479.20,207.40,87.10,99.20,88.50,54.10,24.20,479.93,207.40,263.30,297.90,89.20,54.67,69.63
2026-04-22 19:55:00,2026-04-22 19:55:59,Q09,479.20,202.90,84.50,96.80,88.50,51.80,23.60,480.90,206.60,89.20,98.90,91.00,54.80,21.29,479.00,211.10,88.90,101.10,88.80,50.80,24.03,479.70,206.87,262.60,296.80,89.43,52.47,68.91
2026-04-22 19:56:00,2026-04-22 19:56:59,Q09,480.40,205.60,86.20,98.40,88.10,52.20,23.89,480.80,207.70,89.10,99.40,90.80,56.00,21.49,478.60,211.00,88.00,100.90,88.40,51.80,24.43,479.93,208.10,263.30,298.70,89.10,53.33,69.80
2026-04-22 19:57:00,2026-04-22 19:57:59,Q09,478.50,203.90,85.40,97.00,88.20,55.10,23.66,481.80,208.80,91.00,100.00,91.40,56.20,20.77,478.50,209.30,87.10,99.90,88.60,53.10,24.37,479.60,207.33,263.50,296.90,89.40,54.80,68.80
2026-04-22 19:58:00,2026-04-22 19:58:59,Q09,478.80,203.80,84.40,97.00,87.80,54.50,24.06,482.20,209.00,91.00,100.70,91.10,53.70,21.00,478.50,209.40,87.10,99.90,88.60,53.10,24.23,479.83,207.40,262.50,297.60,89.17,53.77,69.29
2026-04-22 19:59:00,2026-04-22 19:59:59,Q09,479.30,205.90,86.20,98.20,88.30,53.70,23.86,482.20,203.20,87.30,97.80,90.90,55.60,21.31,479.40,207.00,87.10,99.20,88.80,53.00,24.09,480.30,205.37,260.60,295.20,89.33,54.10,69.26
2026-04-22 20:00:00,2026-04-22 20:00:59,Q09,478.60,202.00,84.50,96.60,88.20,54.50,23.83,482.10,205.40,89.20,98.80,91.00,56.10,21.17,478.80,210.40,88.00,100.40,88.70,54.10,24.03,479.83,205.93,261.70,295.80,89.30,54.90,69.03
2026-04-22 20:01:00,2026-04-22 20:01:59,Q09,480.70,201.70,84.50,96.50,88.90,53.90,23.17,480.40,209.30,90.00,100.30,90.60,55.10,21.80,477.60,205.70,85.40,97.80,88.50,53.20,23.94,479.57,205.57,259.90,294.60,89.33,54.07,68.91
2026-04-22 20:02:00,2026-04-22 20:02:59,Q09,479.40,198.10,82.70,94.80,88.70,53.30,23.40,480.90,206.70,88.20,98.90,90.70,55.50,21.57,479.10,205.80,86.20,98.20,88.90,53.70,23.63,479.80,203.53,257.10,291.90,89.43,54.17,68.60
2026-04-22 20:03:00,2026-04-22 20:03:59,Q09,478.50,204.80,85.40,97.50,88.40,52.60,23.80,481.30,211.10,90.90,101.50,90.90,54.90,21.51,478.40,205.60,85.40,98.00,88.70,52.80,24.17,479.40,207.17,261.70,297.00,89.33,53.43,69.49
2026-04-22 20:04:00,2026-04-22 20:04:59,Q09,478.30,201.10,84.50,96.10,88.10,52.60,23.97,481.30,206.70,89.10,99.10,90.90,55.00,21.34,478.00,208.50,87.10,99.40,88.60,51.20,24.29,479.20,205.43,260.70,294.60,89.20,52.93,69.60
2026-04-22 20:05:00,2026-04-22 20:05:59,Q09,479.60,202.70,84.50,96.80,88.50,53.60,23.60,479.60,204.90,88.30,97.70,91.00,54.70,21.26,477.40,205.90,85.40,97.80,88.70,53.90,24.09,478.87,204.50,258.20,292.30,89.40,54.07,68.94
2026-04-22 20:06:00,2026-04-22 20:06:59,Q09,479.60,203.50,85.40,97.20,88.50,53.90,23.71,479.50,205.70,88.20,98.20,90.70,55.80,21.63,477.60,206.60,86.20,98.30,88.60,53.00,24.09,478.90,205.27,259.80,293.70,89.27,54.23,69.43
2026-04-22 20:07:00,2026-04-22 20:07:59,Q09,479.70,201.50,84.50,96.30,88.50,53.90,23.49,480.70,206.10,88.20,98.90,90.90,56.00,21.43,476.20,206.60,86.20,98.10,88.30,53.60,24.49,478.87,204.73,258.90,293.30,89.23,54.50,69.40
2026-04-22 20:08:00,2026-04-22 20:08:59,Q09,479.70,203.50,85.40,97.20,88.50,52.80,23.49,480.30,205.70,89.20,98.40,91.10,52.80,21.17,476.40,210.50,87.10,100.00,88.70,51.40,24.14,478.80,206.57,261.70,295.60,89.43,52.33,68.80
2026-04-22 20:09:00,2026-04-22 20:09:59,Q09,479.80,202.30,84.50,96.80,88.30,53.70,23.66,480.30,206.70,88.20,98.90,90.90,55.10,21.43,476.30,208.50,87.10,99.00,88.40,53.10,24.46,478.80,205.83,259.80,294.70,89.20,53.97,69.54
2026-04-22 20:10:00,2026-04-22 20:10:59,Q09,478.80,204.00,85.40,97.50,88.50,51.70,23.80,479.50,208.00,89.10,99.60,90.80,52.00,21.69,477.70,210.00,88.00,100.20,88.60,51.00,24.23,478.67,207.33,262.50,297.30,89.30,51.57,69.71
2026-04-22 20:11:00,2026-04-22 20:11:59,Q09,479.10,204.50,85.40,97.70,88.50,53.30,23.57,481.20,208.10,91.00,100.00,91.30,55.60,21.06,476.10,210.50,87.10,100.00,88.70,52.80,24.31,478.80,207.70,263.50,297.70,89.50,53.90,68.94
2026-04-22 20:12:00,2026-04-22 20:12:59,Q09,478.20,203.40,85.40,97.00,88.70,53.20,23.66,480.70,211.00,90.90,101.30,90.80,55.00,21.60,477.70,209.30,87.10,99.70,88.80,52.50,23.97,478.87,207.90,263.40,298.00,89.43,53.57,69.23
2026-04-22 20:13:00,2026-04-22 20:13:59,Q09,478.70,205.10,85.40,98.00,88.80,54.60,23.63,479.70,208.10,89.10,99.60,90.70,55.10,21.77,478.00,209.70,87.10,99.90,88.90,53.00,23.89,478.80,207.63,261.60,297.50,89.47,54.23,69.29
2026-04-22 20:14:00,2026-04-22 20:14:59,Q09,478.50,204.90,85.40,97.50,88.50,52.30,23.91,481.10,207.90,89.10,99.60,90.80,53.90,21.86,476.00,210.90,87.10,100.00,88.60,52.00,24.54,478.53,207.90,261.60,297.10,89.30,52.73,70.31
2026-04-22 20:15:00,2026-04-22 20:15:59,Q09,478.70,205.00,85.40,98.00,88.90,54.90,23.54,480.60,208.40,90.10,99.80,91.00,56.60,21.80,475.60,210.40,87.10,99.80,88.60,53.40,24.49,478.30,207.93,262.60,297.60,89.50,54.97,69.83
2026-04-22 20:16:00,2026-04-22 20:16:59,Q09,479.10,209.30,88.00,100.10,88.30,54.00,24.09,480.60,210.80,91.00,100.80,91.20,55.20,21.57,475.70,213.70,88.90,101.20,88.40,53.00,24.94,478.47,211.27,267.90,302.10,89.30,54.07,70.60
2026-04-22 20:17:00,2026-04-22 20:17:59,Q09,479.40,208.20,87.10,99.60,88.70,54.50,23.80,479.10,210.00,91.00,100.60,91.00,55.20,21.77,477.20,213.70,88.90,101.60,88.50,53.40,24.66,478.57,210.63,267.00,301.80,89.40,54.37,70.23
2026-04-22 20:18:00,2026-04-22 20:18:59,Q09,478.40,206.40,86.20,98.50,88.40,52.80,23.94,479.80,208.80,90.10,99.60,91.00,54.60,21.69,477.90,215.30,89.80,102.60,88.50,52.30,24.63,478.70,210.17,266.10,300.70,89.30,53.23,70.26
2026-04-22 20:19:00,2026-04-22 20:19:59,Q09,477.90,206.30,86.20,98.30,88.30,52.70,24.26,481.00,212.60,91.90,102.00,91.10,53.10,21.69,477.70,212.80,88.90,101.10,88.40,51.80,25.03,478.87,210.57,267.00,301.40,89.27,52.53,70.97
2026-04-22 20:20:00,2026-04-22 20:20:59,Q09,479.50,203.40,85.40,97.20,88.50,54.00,23.80,481.40,211.30,91.90,101.50,91.20,55.80,21.69,476.30,211.00,88.00,100.40,88.20,53.00,25.17,479.07,208.57,265.30,299.10,89.30,54.27,70.66
2026-04-22 20:21:00,2026-04-22 20:21:59,Q09,479.30,205.20,86.20,98.20,88.70,52.50,23.74,481.30,213.20,92.80,102.50,91.20,55.70,21.60,476.20,211.90,88.00,100.40,88.50,52.00,24.80,478.93,210.10,267.00,301.10,89.47,53.40,70.14
2026-04-22 20:22:00,2026-04-22 20:22:59,Q09,480.20,207.10,88.10,99.40,89.00,54.10,23.34,480.10,211.20,91.90,101.30,91.00,55.00,21.77,476.90,208.00,87.10,99.00,88.40,52.90,24.66,479.07,208.77,267.10,299.70,89.47,54.00,69.77
2026-04-22 20:23:00,2026-04-22 20:23:59,Q09,479.60,207.00,87.10,99.20,88.40,51.80,23.94,480.90,215.10,93.70,103.20,91.10,51.60,21.71,476.10,213.00,88.90,101.40,88.10,49.60,25.31,478.87,211.70,269.70,303.80,89.20,51.00,70.97
2026-04-22 20:24:00,2026-04-22 20:24:59,Q09,479.90,208.20,87.10,99.60,88.50,54.90,23.83,480.20,210.80,91.00,100.80,91.30,55.10,21.43,477.30,212.90,88.90,101.10,88.40,53.30,25.00,479.13,210.63,267.00,301.50,89.40,54.43,70.26
2026-04-22 20:25:00,2026-04-22 20:25:59,Q09,478.20,205.20,85.40,98.00,88.40,51.70,24.11,480.50,211.00,91.90,101.30,91.10,56.10,21.63,478.00,215.10,89.80,102.80,88.60,50.60,24.69,478.90,210.43,267.10,302.10,89.37,52.80,70.43
2026-04-22 20:26:00,2026-04-22 20:26:59,Q09,478.90,205.00,86.30,98.00,89.00,51.60,23.31,479.20,205.30,89.20,98.20,91.50,52.80,21.29,475.40,207.90,86.20,98.30,88.60,51.10,24.57,477.83,206.07,261.70,294.50,89.70,51.83,69.17
2026-04-22 20:27:00,2026-04-22 20:27:59,Q09,479.80,203.30,86.30,97.20,89.20,49.50,23.31,479.90,210.90,91.00,100.60,91.20,51.50,21.51,476.30,208.30,88.10,99.00,89.00,48.60,24.03,478.67,207.50,265.40,296.80,89.80,49.87,68.86
2026-04-22 20:28:00,2026-04-22 20:28:59,Q09,479.30,201.60,85.40,96.30,89.10,50.80,23.37,479.70,211.20,91.90,101.10,91.40,51.50,21.43,476.00,211.90,88.00,100.40,88.80,49.90,24.43,478.33,208.23,265.30,297.80,89.77,50.73,69.23
2026-04-22 20:29:00,2026-04-22 20:29:59,Q09,479.50,207.40,88.10,99.20,89.10,48.70,23.49,479.80,204.80,88.30,97.70,91.20,50.40,21.57,477.40,208.60,88.10,99.20,89.00,49.00,24.14,478.90,206.93,264.50,296.10,89.77,49.37,69.20
2026-04-22 20:30:00,2026-04-22 20:30:59,Q09,478.70,206.20,87.20,98.50,89.20,49.80,23.63,480.80,211.80,91.90,101.30,91.50,51.50,21.49,475.70,211.20,89.00,100.20,89.10,48.90,24.43,478.40,209.73,268.10,300.00,89.93,50.07,69.54
2026-04-22 20:31:00,2026-04-22 20:31:59,Q09,479.30,209.20,89.00,100.10,89.30,50.10,23.66,479.40,215.00,92.80,103.00,91.40,51.20,21.74,476.50,211.60,89.00,100.40,89.10,49.00,24.60,478.40,211.93,270.80,303.50,89.93,50.10,70.00
2026-04-22 20:32:00,2026-04-22 20:32:59,Q09,479.40,209.70,89.00,100.10,89.10,48.90,24.06,479.80,214.10,92.80,102.50,91.60,52.10,21.74,477.60,216.30,91.70,103.00,89.00,49.00,24.97,478.93,213.37,273.50,305.60,89.90,50.00,70.77
2026-04-22 20:33:00,2026-04-22 20:33:59,Q09,480.90,212.40,87.90,101.80,87.50,48.20,25.97,481.60,209.60,91.00,100.50,91.40,48.40,21.77,479.30,221.50,92.40,105.90,88.90,46.40,25.69,480.60,214.50,271.30,308.20,89.27,47.67,73.43
2026-04-22 20:34:00,2026-04-22 20:34:59,Q09,480.80,209.60,87.00,100.30,87.80,48.20,25.91,481.30,213.70,92.80,102.50,91.40,48.80,21.86,478.80,221.60,93.40,105.60,89.40,47.50,25.17,480.30,214.97,273.20,308.40,89.53,48.17,72.94
2026-04-22 20:35:00,2026-04-22 20:35:59,Q09,481.40,217.20,91.50,104.40,88.10,50.80,25.83,481.90,214.20,92.80,102.90,91.00,50.80,22.66,480.00,219.80,93.40,105.10,89.00,48.80,25.54,481.10,217.07,277.70,312.40,89.37,50.13,74.03
2026-04-22 20:36:00,2026-04-22 20:36:59,Q09,479.20,220.50,92.40,105.40,88.20,48.90,26.43,481.70,212.90,90.90,102.00,90.50,49.50,23.03,480.50,221.00,95.40,106.10,90.10,47.40,24.37,480.47,218.13,278.70,313.50,89.60,48.60,73.83
2026-04-22 20:37:00,2026-04-22 20:37:59,Q09,479.90,216.00,90.60,103.50,88.20,49.40,26.23,481.20,214.30,91.80,102.90,90.70,51.40,22.83,480.40,221.20,94.30,106.10,89.80,48.30,24.63,480.50,217.17,276.70,312.50,89.57,49.70,73.69
2026-04-22 20:38:00,2026-04-22 20:38:59,Q09,479.30,219.60,90.50,104.90,87.40,50.50,26.94,483.20,214.50,93.70,103.40,91.30,48.60,22.29,480.10,223.60,95.20,107.00,89.40,48.30,25.83,480.87,219.23,279.40,315.30,89.37,49.13,75.06
2026-04-22 20:39:00,2026-04-22 20:39:59,Q09,481.60,214.90,88.70,102.90,87.60,50.00,26.66,482.10,217.30,94.60,104.60,91.00,51.40,22.83,479.60,223.80,94.30,106.80,89.00,47.90,26.11,481.10,218.67,277.60,314.30,89.20,49.77,75.60
2026-04-22 20:40:00,2026-04-22 20:40:59,Q09,480.50,218.30,90.50,104.60,87.40,51.90,26.51,481.80,217.00,94.60,104.40,91.80,50.70,21.89,480.20,229.40,95.90,109.90,88.80,48.50,26.63,480.83,221.57,281.00,318.90,89.33,50.37,75.03
2026-04-22 20:41:00,2026-04-22 20:41:59,Q09,479.60,217.30,89.60,103.90,87.30,50.80,26.51,483.70,214.10,94.80,103.40,92.00,50.20,21.57,479.50,226.30,95.00,108.30,88.90,47.50,26.66,480.93,219.23,279.40,315.60,89.40,49.50,74.74
2026-04-22 20:42:00,2026-04-22 20:42:59,Q09,480.30,218.80,90.50,104.60,87.70,48.40,26.74,482.10,218.60,95.60,105.10,91.10,49.70,22.77,481.20,225.20,96.10,108.20,89.20,46.20,25.94,481.20,220.87,282.20,317.90,89.33,48.10,75.46
2026-04-22 20:43:00,2026-04-22 20:43:59,Q09,481.50,219.10,91.30,105.30,87.50,51.00,26.86,482.90,219.60,95.60,105.60,91.10,50.90,22.83,479.50,227.80,95.00,108.70,88.90,48.00,26.40,481.30,222.17,281.90,319.60,89.17,49.97,76.09
2026-04-22 20:44:00,2026-04-22 20:44:59,Q09,479.80,221.90,91.30,105.90,87.50,49.00,27.46,482.20,216.70,93.60,104.10,90.70,50.90,23.17,481.00,225.00,96.10,108.20,89.70,47.50,25.51,481.00,221.20,281.00,318.20,89.30,49.13,76.14
2026-04-22 20:45:00,2026-04-22 20:45:59,Q09,481.10,221.40,92.20,106.30,87.90,48.30,26.86,481.40,217.70,93.60,104.40,90.80,50.60,23.23,480.30,224.90,95.20,107.50,89.30,46.70,25.94,480.93,221.33,281.00,318.20,89.33,48.53,76.03
2026-04-22 20:46:00,2026-04-22 20:46:59,Q09,481.70,222.20,92.20,106.80,87.50,49.10,26.94,482.20,221.00,96.50,106.50,91.10,50.70,22.91,480.70,226.70,96.10,108.50,89.00,46.80,26.37,481.53,223.30,284.80,321.80,89.20,48.87,76.23
2026-04-22 20:47:00,2026-04-22 20:47:59,Q09,481.80,220.60,91.30,105.80,87.70,49.90,26.71,483.60,217.60,94.60,104.80,91.30,50.80,22.69,479.70,229.20,97.00,109.70,89.10,48.00,26.31,481.70,222.47,282.90,320.30,89.37,49.57,75.71
2026-04-22 20:48:00,2026-04-22 20:48:59,Q09,479.90,215.70,88.70,103.00,87.60,50.40,26.83,483.80,217.60,94.60,104.80,91.50,48.30,22.29,480.00,224.20,95.20,107.50,89.30,45.70,26.14,481.23,219.17,278.50,315.30,89.47,48.13,75.26
2026-04-22 20:49:00,2026-04-22 20:49:59,Q09,480.40,221.50,92.20,106.10,87.40,50.80,27.20,483.60,220.20,96.50,106.30,91.30,51.60,22.69,479.30,229.00,97.00,109.70,89.10,47.80,26.43,481.10,223.57,285.70,322.10,89.27,50.07,76.31
2026-04-22 20:50:00,2026-04-22 20:50:59,Q09,479.80,219.30,90.50,104.90,87.30,51.00,27.23,483.10,217.90,94.60,104.80,91.30,50.90,22.46,480.70,228.60,97.00,109.40,89.30,47.70,26.17,481.20,221.93,282.10,319.10,89.30,49.87,75.86
2026-04-22 20:51:00,2026-04-22 20:51:59,Q09,480.20,228.90,94.80,109.40,87.50,54.40,27.54,482.20,225.20,97.20,108.40,90.60,55.20,23.34,481.40,228.20,97.00,109.70,89.70,51.60,25.54,481.27,227.43,289.00,327.50,89.27,53.73,76.43
2026-04-22 20:52:00,2026-04-22 20:52:59,Q09,480.30,227.40,94.00,109.00,87.40,54.20,27.57,482.50,223.30,96.30,107.50,90.80,54.30,23.11,481.70,233.00,99.70,112.10,89.70,51.30,25.63,481.50,227.90,290.00,328.60,89.30,53.27,76.31
2026-04-22 20:53:00,2026-04-22 20:53:59,Q09,480.40,225.30,94.00,108.00,87.50,54.80,27.49,483.00,222.70,96.30,107.20,90.90,56.00,23.03,481.90,233.90,99.70,112.10,89.80,52.30,25.54,481.77,227.30,290.00,327.30,89.40,54.37,76.06
2026-04-22 20:54:00,2026-04-22 20:54:59,Q09,480.60,227.40,94.00,109.00,87.10,54.50,27.63,484.40,223.80,97.40,107.90,91.20,55.70,22.66,480.80,228.60,97.00,109.40,89.40,51.40,26.20,481.93,226.60,288.40,326.30,89.23,53.87,76.49
2026-04-22 20:55:00,2026-04-22 20:55:59,Q09,482.30,224.10,93.10,108.00,87.50,54.80,27.31,483.50,225.50,97.20,108.70,90.70,55.60,23.37,480.10,230.80,97.90,110.40,89.20,52.20,26.11,481.97,226.80,288.20,327.10,89.13,54.20,76.80
2026-04-22 20:56:00,2026-04-22 20:56:59,Q09,482.50,224.40,93.10,108.00,87.50,54.00,27.14,483.60,225.10,97.20,108.70,90.90,54.80,23.03,480.40,226.60,96.10,108.50,89.20,51.90,26.11,482.17,225.37,286.40,325.20,89.20,53.57,76.29
2026-04-22 20:57:00,2026-04-22 20:57:59,Q09,480.90,224.00,93.10,107.50,87.20,54.40,27.49,484.20,222.20,97.40,107.40,91.20,55.40,22.57,481.70,232.40,98.80,111.60,89.50,52.80,26.00,482.27,226.20,289.30,326.50,89.30,54.20,76.06
2026-04-22 20:58:00,2026-04-22 20:58:59,Q09,481.90,224.60,93.10,107.70,87.40,53.50,27.43,483.20,218.40,95.60,105.30,91.10,54.20,22.91,482.00,234.00,99.70,112.80,89.40,52.20,26.20,482.37,225.67,288.40,325.80,89.30,53.30,76.54
2026-04-22 20:59:00,2026-04-22 20:59:59,Q09,482.20,223.80,93.10,107.50,87.20,52.20,27.40,484.40,221.00,96.50,107.00,91.10,54.70,22.86,481.20,230.80,97.90,110.60,89.10,49.50,26.43,482.60,225.20,287.50,325.10,89.13,52.13,76.69
2026-04-22 21:00:00,2026-04-22 21:00:59,Q09,481.50,224.90,92.00,107.70,86.80,53.70,28.14,485.10,218.30,94.50,105.70,90.70,55.20,23.31,481.30,231.30,98.80,111.10,89.20,51.30,26.46,482.63,224.83,285.30,324.50,88.90,53.40,77.91
2026-04-22 21:01:00,2026-04-22 21:01:59,Q09,482.60,228.70,94.80,109.90,87.50,53.10,27.23,483.60,221.90,96.50,106.70,91.20,53.90,22.89,480.50,228.60,97.00,109.40,89.10,49.80,26.49,482.23,226.40,288.30,326.00,89.27,52.27,76.60
2026-04-22 21:02:00,2026-04-22 21:02:59,Q09,481.00,222.60,92.20,106.80,87.30,54.20,27.77,484.50,223.70,97.40,107.90,91.00,55.10,22.91,482.00,234.60,99.70,112.80,89.70,52.20,25.91,482.50,226.97,289.30,327.50,89.33,53.83,76.60
2026-04-22 21:03:00,2026-04-22 21:03:59,Q09,481.00,231.10,96.60,111.10,87.10,52.60,28.00,484.70,226.60,99.20,109.40,91.00,53.00,23.03,482.20,234.70,99.70,112.80,89.50,52.60,26.26,482.63,230.80,295.50,333.30,89.20,52.73,77.29
2026-04-22 21:04:00,2026-04-22 21:04:59,Q09,481.00,229.40,94.60,110.10,86.80,54.30,28.20,484.90,227.30,99.20,109.90,91.10,55.00,22.71,481.30,232.40,98.80,111.60,89.50,51.30,26.37,482.40,229.70,292.60,331.60,89.13,53.53,77.29
2026-04-22 21:05:00,2026-04-22 21:05:59,Q09,483.10,230.30,96.60,111.10,87.20,54.40,27.60,483.80,223.90,97.40,107.70,91.10,54.90,22.86,482.00,232.30,98.80,111.80,89.30,50.90,26.40,482.97,228.83,292.80,330.60,89.20,53.40,76.86
2026-04-22 21:06:00,2026-04-22 21:06:59,Q09,481.50,226.30,92.90,108.70,86.80,54.80,28.20,485.10,222.60,96.30,107.70,90.90,55.70,23.03,482.60,232.00,98.80,111.80,89.40,52.90,26.37,483.07,226.97,288.00,328.20,89.03,54.47,77.60
2026-04-22 21:07:00,2026-04-22 21:07:59,Q09,482.40,227.60,94.80,109.40,87.00,52.70,28.00,485.50,221.30,97.40,107.20,91.10,53.50,22.91,481.60,238.00,101.50,114.50,89.30,50.10,26.49,483.17,228.97,293.70,331.10,89.13,52.10,77.40
2026-04-22 21:08:00,2026-04-22 21:08:59,Q09,482.60,233.00,97.40,112.30,87.10,54.10,27.86,484.00,221.10,95.40,107.00,90.80,55.60,23.20,483.10,234.50,100.60,113.00,89.40,51.90,26.09,483.23,229.53,293.40,332.30,89.10,53.87,77.14
2026-04-22 21:09:00,2026-04-22 21:09:59,Q09,481.40,231.30,96.60,111.10,87.20,53.30,28.00,484.50,217.60,94.50,105.00,90.80,53.60,23.23,482.30,230.80,97.90,110.90,89.60,50.80,26.03,482.73,226.57,289.00,327.00,89.20,52.57,77.26
2026-04-22 21:10:00,2026-04-22 21:10:59,Q09,481.50,225.70,94.00,108.20,87.10,55.30,27.97,483.50,225.00,97.20,108.70,90.80,56.20,23.20,482.70,232.80,98.80,111.80,89.50,53.60,26.06,482.57,227.83,290.00,328.70,89.13,55.03,77.23
2026-04-22 21:11:00,2026-04-22 21:11:59,Q09,481.00,224.50,92.00,107.70,86.90,53.00,28.09,484.90,223.00,96.30,107.90,90.90,53.50,22.97,481.70,231.40,98.80,111.10,89.50,50.20,26.11,482.53,226.30,287.10,326.70,89.10,52.23,77.17
2026-04-22 21:12:00,2026-04-22 21:12:59,Q09,481.60,229.80,95.70,110.10,87.10,52.90,27.94,483.90,223.90,96.30,107.70,90.50,54.90,23.54,483.10,232.80,99.70,112.10,89.50,51.60,25.91,482.87,228.83,291.70,329.90,89.03,53.13,77.40
2026-04-22 21:13:00,2026-04-22 21:13:59,Q09,481.30,228.00,94.80,109.70,87.00,54.60,28.03,485.20,225.60,98.10,109.10,90.90,54.70,23.06,481.20,233.60,99.70,112.10,89.50,51.40,26.17,482.57,229.07,292.60,330.90,89.13,53.57,77.26
2026-04-22 21:14:00,2026-04-22 21:14:59,Q09,481.60,229.50,95.70,110.10,87.00,51.20,27.97,483.90,219.70,94.50,105.80,90.70,52.80,23.23,483.10,237.50,101.50,114.50,89.50,49.20,25.94,482.87,228.90,291.70,330.40,89.07,51.07,77.14
2026-04-22 21:15:00,2026-04-22 21:15:59,Q09,482.30,228.30,94.80,109.90,87.20,53.90,27.94,485.30,225.50,98.10,109.10,90.90,55.50,23.09,481.20,238.90,101.50,114.50,89.60,51.90,26.00,482.93,230.90,294.40,333.50,89.23,53.77,77.03
2026-04-22 21:16:00,2026-04-22 21:16:59,Q09,483.20,228.90,95.70,110.10,87.10,53.30,27.86,483.80,221.90,95.40,106.70,90.80,54.00,23.11,482.10,232.00,98.80,111.80,89.40,48.80,26.20,483.03,227.60,289.90,328.60,89.10,52.03,77.17
2026-04-22 21:17:00,2026-04-22 21:17:59,Q09,482.40,225.50,94.00,108.40,87.40,53.20,27.51,484.60,225.90,97.20,108.90,90.90,54.40,23.37,480.80,233.70,98.80,111.80,89.10,50.70,26.57,482.60,228.37,290.00,329.10,89.13,52.77,77.46
2026-04-22 21:18:00,2026-04-22 21:18:59,Q09,482.80,225.00,94.00,108.40,87.40,54.10,27.60,484.40,223.80,96.30,107.90,90.70,54.60,23.43,480.70,232.50,98.80,111.40,89.20,52.30,26.37,482.63,227.10,289.10,327.70,89.10,53.67,77.40
2026-04-22 21:19:00,2026-04-22 21:19:59,Q09,482.20,224.70,93.10,108.00,87.60,53.70,27.46,483.70,224.90,97.20,108.20,90.50,54.80,23.49,483.10,226.10,97.00,109.20,89.70,51.40,25.49,483.00,225.23,287.30,325.40,89.27,53.30,76.43
2026-04-22 21:20:00,2026-04-22 21:20:59,Q09,483.10,230.30,96.60,111.10,87.30,53.60,27.80,484.90,220.30,95.40,106.50,90.60,54.40,23.57,481.60,230.10,97.90,110.60,89.40,51.30,26.26,483.20,226.90,289.90,328.20,89.10,53.10,77.63
2026-04-22 21:21:00,2026-04-22 21:21:59,Q09,481.60,227.30,94.80,109.20,87.10,53.40,27.74,485.00,222.10,96.30,107.70,90.90,54.70,23.09,482.90,234.90,99.70,112.80,89.20,51.70,26.37,483.17,228.10,290.80,329.70,89.07,53.27,77.20
2026-04-22 21:22:00,2026-04-22 21:22:59,Q09,482.20,224.90,93.10,108.00,87.30,53.70,27.71,483.30,224.40,97.20,108.20,90.70,55.20,23.31,482.70,230.60,97.90,110.90,89.50,51.20,25.89,482.73,226.63,288.20,327.10,89.17,53.37,76.91
2026-04-22 21:23:00,2026-04-22 21:23:59,Q09,480.90,224.80,93.10,107.50,87.00,55.30,27.77,484.70,225.10,98.30,108.90,91.30,56.00,22.54,481.30,234.00,99.70,112.60,89.30,52.30,26.46,482.30,227.97,291.10,329.00,89.20,54.53,76.77
2026-04-22 21:24:00,2026-04-22 21:24:59,Q09,481.50,227.80,94.80,109.20,87.30,51.60,27.77,484.40,224.90,98.30,108.40,91.00,53.40,23.06,480.90,228.90,97.00,109.40,89.50,51.50,26.14,482.27,227.20,290.10,327.00,89.27,52.17,76.97
2026-04-22 21:25:00,2026-04-22 21:25:59,Q09,482.40,225.60,94.00,108.40,87.20,55.10,27.60,483.60,222.70,97.40,107.20,91.00,55.00,23.17,480.60,234.40,99.70,112.30,89.00,52.60,26.66,482.20,227.57,291.10,327.90,89.07,54.23,77.43
2026-04-22 21:26:00,2026-04-22 21:26:59,Q09,481.00,228.00,94.80,109.70,87.20,52.10,27.74,484.50,224.80,97.20,108.40,90.80,53.90,23.14,481.70,231.70,98.80,111.10,89.50,50.60,25.97,482.40,228.17,290.80,329.20,89.17,52.20,76.86
2026-04-22 21:27:00,2026-04-22 21:27:59,Q09,481.50,226.60,94.00,108.70,87.40,54.30,27.60,484.50,222.00,96.30,107.40,90.90,55.40,23.17,480.80,231.80,97.90,110.90,89.30,51.90,26.31,482.27,226.80,288.20,327.00,89.20,53.87,77.09
2026-04-22 21:28:00,2026-04-22 21:28:59,Q09,480.80,226.50,94.00,108.50,87.30,53.40,27.63,484.40,223.70,96.30,107.90,90.80,54.90,23.11,481.20,231.70,98.80,111.10,89.50,51.90,25.91,482.13,227.30,289.10,327.50,89.20,53.40,76.66
2026-04-22 21:29:00,2026-04-22 21:29:59,Q09,482.60,226.20,94.00,108.90,87.40,54.40,27.31,483.30,224.50,98.30,108.20,91.00,55.40,23.09,480.70,229.20,97.00,109.90,89.20,52.40,26.31,482.20,226.63,289.30,327.00,89.20,54.07,76.71
2026-04-22 21:30:00,2026-04-22 21:30:59,Q09,482.50,226.10,94.00,108.90,87.40,54.50,27.49,483.20,223.80,96.30,107.70,90.90,55.20,23.26,481.50,231.10,98.80,111.10,89.20,52.50,26.43,482.40,227.00,289.10,327.70,89.17,54.07,77.17
2026-04-22 21:31:00,2026-04-22 21:31:59,Q09,481.20,227.60,94.80,109.20,87.20,55.20,27.69,484.50,220.00,96.50,106.50,91.00,55.60,23.06,482.30,233.90,99.70,112.30,89.30,52.80,26.34,482.67,227.17,291.00,328.00,89.17,54.53,77.09
2026-04-22 21:32:00,2026-04-22 21:32:59,Q09,481.10,227.80,94.80,109.20,87.00,53.20,28.03,485.20,225.30,98.10,109.10,90.70,55.20,23.37,481.40,230.40,97.90,110.60,89.30,50.70,26.40,482.57,227.83,290.80,328.90,89.00,53.03,77.80
2026-04-22 21:33:00,2026-04-22 21:33:59,Q09,482.90,226.70,94.00,108.90,87.40,55.20,27.54,483.90,225.10,97.20,108.70,90.80,55.60,23.46,480.90,229.20,97.00,109.90,89.10,53.00,26.51,482.57,227.00,288.20,327.50,89.10,54.60,77.51
2026-04-22 21:34:00,2026-04-22 21:34:59,Q09,482.40,226.30,94.00,108.90,87.20,54.50,27.77,485.20,224.70,98.30,108.60,91.10,53.60,23.00,481.10,233.20,99.70,112.10,89.30,50.60,26.57,482.90,228.07,292.00,329.60,89.20,52.90,77.34
2026-04-22 21:35:00,2026-04-22 21:35:59,Q09,481.60,227.50,94.80,109.20,87.10,54.40,27.83,484.00,223.10,97.40,107.90,91.00,55.00,22.97,482.60,236.60,100.60,113.80,89.40,52.60,26.20,482.73,229.07,292.80,330.90,89.17,54.00,77.00
2026-04-22 21:36:00,2026-04-22 21:36:59,Q09,481.50,224.30,93.10,107.70,87.00,53.60,27.80,485.30,225.60,99.20,109.10,91.30,56.00,22.49,481.20,236.20,100.60,113.50,89.50,52.00,26.29,482.67,228.70,292.90,330.30,89.27,53.87,76.57
2026-04-22 21:37:00,2026-04-22 21:37:59,Q09,481.10,228.80,94.80,109.70,87.10,52.50,27.66,485.00,220.80,96.50,106.70,91.30,51.90,22.60,480.90,231.80,97.90,110.90,89.40,49.30,26.34,482.33,227.13,289.20,327.30,89.27,51.23,76.60
2026-04-22 21:38:00,2026-04-22 21:38:59,Q09,481.80,229.50,94.60,110.10,86.90,55.00,27.94,485.40,221.10,97.40,107.20,91.40,55.40,22.60,481.10,234.10,99.70,112.60,89.20,52.60,26.80,482.77,228.23,291.70,329.90,89.17,54.33,77.34
2026-04-22 21:39:00,2026-04-22 21:39:59,Q09,482.30,230.50,94.60,110.90,86.90,51.80,27.91,485.20,224.50,98.30,108.60,91.20,53.90,22.86,481.30,236.40,100.60,113.50,89.10,51.60,26.86,482.93,230.47,293.50,333.00,89.07,52.43,77.63
2026-04-22 21:40:00,2026-04-22 21:40:59,Q09,482.30,228.70,94.80,109.90,87.00,54.30,27.63,486.10,225.20,99.20,109.30,91.40,55.80,22.43,482.20,236.10,100.60,113.80,89.30,52.50,26.57,483.53,230.00,294.60,333.00,89.23,54.20,76.63
2026-04-22 21:41:00,2026-04-22 21:41:59,Q09,483.50,228.80,95.70,110.10,87.40,54.30,27.63,484.50,226.70,98.10,109.40,90.90,54.50,23.40,483.50,235.90,100.60,113.50,89.20,52.40,26.49,483.83,230.47,294.40,333.00,89.17,53.73,77.51
2026-04-22 21:42:00,2026-04-22 21:42:59,Q09,482.90,226.70,94.00,108.90,87.90,53.60,27.14,485.30,225.40,98.10,109.10,90.90,55.90,23.37,483.90,230.10,98.80,111.10,89.50,52.10,25.94,484.03,227.40,290.90,329.10,89.43,53.87,76.46
2026-04-22 21:43:00,2026-04-22 21:43:59,Q09,483.50,228.10,95.70,110.10,87.50,54.90,27.51,484.80,228.00,99.00,110.40,90.70,56.00,23.57,483.90,227.00,97.00,109.60,89.10,54.00,26.49,484.07,227.70,291.70,330.10,89.10,54.97,77.57
2026-04-22 21:44:00,2026-04-22 21:44:59,Q09,482.80,228.00,94.80,109.90,87.60,54.90,27.46,485.90,225.10,98.10,109.10,90.90,55.90,23.43,483.90,236.90,100.60,114.00,89.20,54.20,26.54,484.20,230.00,293.50,333.00,89.23,55.00,77.43
2026-04-22 21:45:00,2026-04-22 21:45:59,Q09,484.10,228.50,95.70,110.40,87.50,54.30,27.54,485.30,227.60,99.00,110.10,90.90,54.10,23.31,484.20,233.20,99.70,112.80,89.20,50.50,26.46,484.53,229.77,294.40,333.30,89.20,52.97,77.31
2026-04-22 21:46:00,2026-04-22 21:46:59,Q09,484.10,229.80,95.70,110.80,87.40,55.10,27.60,486.70,222.70,97.40,107.90,91.20,55.00,23.00,482.60,235.40,100.60,113.30,89.20,51.80,26.74,484.47,229.30,293.70,332.00,89.27,53.97,77.34
2026-04-22 21:47:00,2026-04-22 21:47:59,Q09,483.60,226.40,94.80,109.20,87.60,52.00,27.49,485.30,227.10,99.00,110.10,90.80,54.30,23.46,484.10,231.10,98.80,111.80,89.30,51.80,26.37,484.33,228.20,292.60,331.10,89.23,52.70,77.31
2026-04-22 21:48:00,2026-04-22 21:48:59,Q09,482.90,229.90,95.70,110.40,87.60,55.20,27.63,485.20,224.50,98.30,108.60,91.00,55.50,23.40,483.80,233.10,99.70,112.50,89.30,51.60,26.46,483.97,229.17,293.70,331.50,89.30,54.10,77.49
2026-04-22 21:49:00,2026-04-22 21:49:59,Q09,483.50,230.60,96.60,111.10,87.40,51.60,27.66,486.20,227.90,100.10,110.30,91.00,52.80,23.26,482.10,232.40,98.80,111.80,89.30,50.30,26.46,483.93,230.30,295.50,333.20,89.23,51.57,77.37
2026-04-22 21:50:00,2026-04-22 21:50:59,Q09,482.70,226.20,94.00,108.90,87.60,54.20,27.66,485.50,226.00,99.20,109.60,91.00,55.40,23.40,483.60,236.80,100.60,114.00,89.30,52.60,26.54,483.93,229.67,293.80,332.50,89.30,54.07,77.60
2026-04-22 21:51:00,2026-04-22 21:51:59,Q09,483.60,232.60,97.40,112.10,87.60,51.60,27.60,485.40,225.10,98.10,109.10,90.80,53.60,23.60,484.40,236.20,101.50,114.20,89.30,48.90,26.43,484.47,231.30,297.00,335.40,89.23,51.37,77.63
2026-04-22 21:52:00,2026-04-22 21:52:59,Q09,483.90,231.70,96.60,111.60,87.10,55.90,27.83,487.40,226.60,100.10,110.10,91.10,54.10,23.17,483.80,235.00,100.60,113.50,89.00,53.00,26.91,485.03,231.10,297.30,335.20,89.07,54.33,77.91
2026-04-22 21:53:00,2026-04-22 21:53:59,Q09,484.70,228.30,95.70,110.40,87.20,54.30,27.83,487.10,224.90,99.20,109.10,91.10,55.60,23.23,483.10,234.60,100.60,113.00,89.10,52.80,26.89,484.97,229.27,295.50,332.50,89.13,54.23,77.94
2026-04-22 21:54:00,2026-04-22 21:54:59,Q09,483.80,225.90,94.00,108.70,87.20,55.20,27.83,487.10,225.70,98.10,109.60,90.90,56.90,23.37,483.60,236.40,100.60,114.00,89.00,53.20,26.83,484.83,229.33,292.70,332.30,89.03,55.10,78.03
2026-04-22 21:55:00,2026-04-22 21:55:59,Q09,484.10,226.90,94.80,109.40,87.20,54.60,27.97,487.30,228.50,101.00,111.00,91.00,54.50,23.37,483.70,235.50,100.60,113.50,89.20,52.00,26.83,485.03,230.30,296.40,333.90,89.13,53.70,78.17
2026-04-22 21:56:00,2026-04-22 21:56:59,Q09,484.60,228.50,95.70,110.40,87.40,55.40,27.66,486.00,225.80,98.10,109.30,90.80,56.40,23.54,484.90,229.50,97.90,110.80,89.00,53.10,26.69,485.17,227.93,291.70,330.50,89.07,54.97,77.89
2026-04-22 21:57:00,2026-04-22 21:57:59,Q09,484.30,228.00,95.70,110.40,87.10,54.00,27.77,488.10,228.40,101.00,111.30,91.20,54.50,22.97,484.50,240.00,103.20,116.20,89.00,52.20,27.06,485.63,232.13,299.90,337.90,89.10,53.57,77.80
2026-04-22 21:58:00,2026-04-22 21:58:59,Q09,484.40,230.90,96.60,111.30,87.50,54.10,27.66,486.80,226.90,98.10,109.80,90.80,56.00,23.57,485.20,237.10,101.50,114.90,89.10,52.70,26.71,485.47,231.63,296.20,336.00,89.13,54.27,77.94
2026-04-22 21:59:00,2026-04-22 21:59:59,Q09,484.60,232.70,97.40,112.30,87.50,53.60,27.40,486.60,226.70,98.10,109.80,90.90,55.10,23.40,485.30,233.50,100.60,113.00,89.10,52.10,26.60,485.50,230.97,296.10,335.10,89.17,53.60,77.40
2026-04-22 22:00:00,2026-04-22 22:00:59,Q09,484.80,228.20,95.70,110.40,87.70,53.50,27.23,486.50,227.30,99.00,110.30,90.80,53.90,23.60,485.20,231.60,98.60,112.00,88.90,51.70,26.74,485.50,229.03,293.30,332.70,89.13,53.03,77.57
2026-04-22 22:01:00,2026-04-22 22:01:59,Q09,484.10,228.10,95.70,110.40,87.40,55.30,27.54,486.30,225.50,98.10,109.30,90.90,56.30,23.34,484.70,235.30,100.60,113.70,89.10,53.00,26.69,485.03,229.63,294.40,333.40,89.13,54.87,77.57
2026-04-22 22:02:00,2026-04-22 22:02:59,Q09,484.10,228.70,95.70,110.40,87.50,53.00,27.54,487.70,225.10,98.10,109.60,90.80,53.90,23.49,484.00,236.90,101.50,114.20,89.00,50.60,26.66,485.27,230.23,295.30,334.20,89.10,52.50,77.69
2026-04-22 22:03:00,2026-04-22 22:03:59,Q09,485.70,225.80,94.80,109.10,87.60,54.00,27.40,487.90,229.30,99.90,111.50,90.70,54.90,23.86,483.50,232.70,98.60,112.10,88.70,53.00,27.03,485.70,229.27,293.30,332.70,89.00,53.97,78.29
2026-04-22 22:04:00,2026-04-22 22:04:59,Q09,485.80,229.60,96.60,111.10,87.30,52.40,27.57,486.60,224.90,97.20,108.90,90.90,54.00,23.34,484.80,237.10,100.30,114.70,88.80,49.80,26.94,485.73,230.53,294.10,334.70,89.00,52.07,77.86
2026-04-22 22:05:00,2026-04-22 22:05:59,Q09,486.20,222.40,93.10,107.90,87.40,55.50,27.46,487.60,225.60,99.20,109.60,91.00,55.90,23.26,483.70,236.00,100.60,114.00,89.00,53.10,26.74,485.83,228.00,292.90,331.50,89.13,54.83,77.46
2026-04-22 22:06:00,2026-04-22 22:06:59,Q09,485.20,225.30,94.80,109.10,87.90,54.10,27.03,486.30,225.10,98.10,109.30,90.90,51.80,23.49,485.30,232.70,99.70,112.50,89.00,51.00,26.60,485.60,227.70,292.60,330.90,89.27,52.30,77.11
2026-04-22 22:07:00,2026-04-22 22:07:59,Q09,485.20,230.50,96.60,111.60,87.40,54.80,27.63,487.70,229.50,99.90,111.50,90.60,55.50,23.80,483.50,232.80,99.70,112.10,89.00,52.50,26.63,485.47,230.93,296.20,335.20,89.00,54.27,78.06
2026-04-22 22:08:00,2026-04-22 22:08:59,Q09,485.00,231.30,97.40,112.00,87.80,53.90,27.34,485.30,227.60,99.00,110.10,90.50,55.70,24.00,484.10,233.60,99.70,112.80,89.10,52.70,26.46,484.80,230.83,296.10,334.90,89.13,54.10,77.80
2026-04-22 22:09:00,2026-04-22 22:09:59,Q09,483.50,227.80,94.80,109.60,87.60,54.10,27.63,485.30,225.70,98.10,109.10,90.20,57.40,24.14,484.30,232.70,99.70,112.30,89.30,54.80,26.06,484.37,228.73,292.60,331.00,89.03,55.43,77.83
2026-04-22 22:10:00,2026-04-22 22:10:59,Q09,483.60,229.10,95.70,110.60,87.50,54.80,27.51,486.40,225.90,98.10,109.30,90.70,56.00,23.63,484.50,233.10,99.70,112.80,89.10,52.90,26.43,484.83,229.37,293.50,332.70,89.10,54.57,77.57
2026-04-22 22:11:00,2026-04-22 22:11:59,Q09,485.10,229.20,96.60,111.10,87.60,54.80,27.34,487.20,223.70,97.20,108.60,90.60,57.00,23.74,483.10,233.20,98.60,112.50,88.90,52.90,26.57,485.13,228.70,292.40,332.20,89.03,54.90,77.66
2026-04-22 22:12:00,2026-04-22 22:12:59,Q09,485.60,232.00,97.40,112.50,87.40,55.00,27.66,485.70,224.40,97.20,108.60,90.50,56.30,23.97,484.50,234.90,99.40,113.30,88.90,52.00,26.71,485.27,230.43,294.00,334.40,88.93,54.43,78.34
2026-04-22 22:13:00,2026-04-22 22:13:59,Q09,484.90,225.50,94.00,108.90,87.20,55.20,27.63,487.40,224.20,99.20,109.10,91.10,56.50,23.06,483.00,234.70,99.40,113.00,88.90,54.20,26.97,485.10,228.13,292.60,331.00,89.07,55.30,77.66
2026-04-22 22:14:00,2026-04-22 22:14:59,Q09,483.60,231.90,96.60,111.60,87.00,54.20,27.86,487.60,224.30,99.20,109.10,91.30,54.50,22.80,484.30,233.30,99.70,112.80,89.00,51.70,26.97,485.17,229.83,295.50,333.50,89.10,53.47,77.63
2026-04-22 22:15:00,2026-04-22 22:15:59,Q09,484.20,230.20,96.60,111.30,87.40,52.30,27.80,487.90,227.50,99.00,110.50,90.80,53.90,23.43,484.70,234.50,100.60,113.30,89.40,52.10,26.26,485.60,230.73,296.20,335.10,89.20,52.77,77.49
2026-04-22 22:16:00,2026-04-22 22:16:59,Q09,482.50,231.90,97.70,111.30,88.00,54.90,27.34,483.50,226.00,98.10,109.20,90.40,55.90,24.06,482.90,233.20,99.70,112.30,89.50,53.70,25.86,482.97,230.37,295.50,332.80,89.30,54.83,77.26
2026-04-22 22:17:00,2026-04-22 22:17:59,Q09,481.40,233.10,97.40,112.10,87.80,55.60,27.77,484.40,231.80,99.90,111.80,90.30,57.20,24.40,482.50,232.10,98.80,111.80,89.30,52.90,26.37,482.77,232.33,296.10,335.70,89.13,55.23,78.54
2026-04-22 22:18:00,2026-04-22 22:18:59,Q09,481.20,230.10,95.70,110.60,87.80,54.40,27.54,484.20,226.50,98.10,109.40,90.90,55.10,23.54,481.30,238.60,101.50,114.50,89.50,52.00,26.29,482.23,231.73,295.30,334.50,89.40,53.83,77.37
2026-04-22 22:19:00,2026-04-22 22:19:59,Q09,482.80,226.60,95.00,108.90,88.10,52.50,27.17,483.70,230.40,99.90,111.10,90.80,54.00,23.83,480.60,231.80,97.90,110.90,89.30,53.60,26.31,482.37,229.60,292.80,330.90,89.40,53.37,77.31
2026-04-22 22:20:00,2026-04-22 22:20:59,Q09,482.90,233.80,98.60,112.30,88.00,54.30,27.37,483.00,229.00,99.00,110.60,90.80,55.10,23.86,480.80,235.30,99.70,112.80,89.30,52.50,26.49,482.23,232.70,297.30,335.70,89.37,53.97,77.71
2026-04-22 22:21:00,2026-04-22 22:21:59,Q09,480.50,233.80,96.60,111.80,87.40,55.10,28.14,484.30,226.60,98.10,109.40,90.90,56.10,23.51,481.00,233.00,99.70,112.10,89.50,52.30,26.54,481.93,231.13,294.40,333.30,89.27,54.50,78.20
2026-04-22 22:22:00,2026-04-22 22:22:59,Q09,481.40,233.70,98.60,112.10,88.00,55.10,27.43,483.30,230.80,99.90,111.10,90.80,56.60,23.94,482.10,236.70,100.60,113.80,89.30,53.60,26.51,482.27,233.73,299.10,337.00,89.37,55.10,77.89
2026-04-22 22:23:00,2026-04-22 22:23:59,Q09,481.30,231.00,96.60,111.10,87.40,54.30,28.00,484.80,234.20,101.70,113.30,90.80,55.40,23.60,481.40,231.80,98.80,111.10,89.40,51.60,26.63,482.50,232.33,297.10,335.50,89.20,53.77,78.23
2026-04-22 22:24:00,2026-04-22 22:24:59,Q09,482.60,235.70,98.30,113.30,87.40,55.90,28.26,485.30,229.70,99.90,111.10,90.80,56.00,23.83,481.30,239.20,101.50,115.00,89.40,54.10,26.69,483.07,234.87,299.70,339.40,89.20,55.33,78.77
2026-04-22 22:25:00,2026-04-22 22:25:59,Q09,482.00,230.10,95.70,110.90,87.80,53.90,27.80,483.90,233.50,100.80,112.50,90.50,55.90,24.11,482.90,236.20,100.60,113.80,89.60,51.60,26.14,482.93,233.27,297.10,337.20,89.30,53.80,78.06
2026-04-22 22:26:00,2026-04-22 22:26:59,Q09,482.20,230.30,95.70,110.90,87.70,54.80,27.69,483.40,224.10,97.20,108.20,90.80,55.60,23.86,482.00,236.30,100.60,113.80,89.30,52.10,26.54,482.53,230.23,293.50,332.90,89.27,54.17,78.09
2026-04-22 22:27:00,2026-04-22 22:27:59,Q09,481.40,232.00,97.70,111.60,88.00,54.50,27.54,484.40,229.80,99.00,110.80,90.90,56.30,23.86,481.80,239.10,101.50,115.00,89.40,52.90,26.66,482.53,233.63,298.20,337.40,89.43,54.57,78.06
2026-04-22 22:28:00,2026-04-22 22:28:59,Q09,482.40,229.90,95.70,110.40,87.20,56.00,27.89,484.80,231.90,101.00,111.80,91.40,55.50,23.17,480.60,242.30,102.10,116.20,88.70,53.30,27.77,482.60,234.70,298.80,338.40,89.10,54.93,78.83
2026-04-22 22:29:00,2026-04-22 22:29:59,Q09,481.70,234.70,98.60,112.60,88.00,52.50,27.66,483.50,233.80,100.80,112.50,90.40,53.30,24.40,482.40,235.20,100.60,113.30,89.40,49.30,26.31,482.53,234.57,300.00,338.40,89.27,51.70,78.37
2026-04-22 22:30:00,2026-04-22 22:30:59,Q09,482.70,237.70,99.20,114.20,87.90,52.30,27.83,485.20,231.00,100.80,112.00,90.60,54.90,24.26,481.40,237.70,100.60,114.00,89.30,49.90,26.63,483.10,235.47,300.60,340.20,89.27,52.37,78.71
2026-04-22 22:31:00,2026-04-22 22:31:59,Q09,482.80,235.60,98.30,113.30,87.40,53.40,28.51,485.20,227.00,99.00,110.10,90.10,56.20,24.69,481.30,236.50,100.60,113.50,89.40,53.60,26.54,483.10,233.03,297.90,336.90,88.97,54.40,79.74
2026-04-22 22:32:00,2026-04-22 22:32:59,Q09,483.50,236.60,98.30,114.00,87.80,55.60,27.74,485.00,235.10,101.70,114.00,90.80,56.00,24.09,481.50,240.70,102.30,115.40,89.10,54.30,27.00,483.33,237.47,302.30,343.40,89.23,55.30,78.83
2026-04-22 22:33:00,2026-04-22 22:33:59,Q09,482.90,232.80,97.70,111.80,88.10,54.20,27.63,484.20,231.20,99.90,111.80,90.60,55.60,24.00,483.50,236.30,100.60,114.00,89.90,52.20,25.74,483.53,233.43,298.20,337.60,89.53,54.00,77.37
2026-04-22 22:34:00,2026-04-22 22:34:59,Q09,483.30,235.90,98.30,113.50,87.70,54.30,28.06,484.10,227.70,98.10,109.90,90.50,56.40,24.26,483.20,234.80,100.60,113.00,89.40,53.20,26.57,483.53,232.80,297.00,336.40,89.20,54.63,78.89
2026-04-22 22:35:00,2026-04-22 22:35:59,Q09,483.30,230.60,96.60,111.10,87.80,54.80,27.91,484.30,231.50,99.90,111.80,90.60,55.50,23.94,483.60,236.70,100.60,114.00,89.70,53.40,26.14,483.73,232.93,297.10,336.90,89.37,54.57,78.00
2026-04-22 22:36:00,2026-04-22 22:36:59,Q09,482.80,237.00,99.20,114.20,87.80,54.20,27.80,486.10,230.20,99.90,111.80,90.70,56.50,23.94,482.60,234.50,99.70,112.80,89.50,52.80,26.37,483.83,233.90,298.80,338.80,89.33,54.50,78.11
2026-04-22 22:37:00,2026-04-22 22:37:59,Q09,482.20,232.60,96.60,111.80,87.90,52.60,27.94,485.00,229.40,99.90,111.10,90.20,53.60,24.51,483.30,233.70,99.70,112.50,89.70,52.30,26.00,483.50,231.90,296.20,335.40,89.27,52.83,78.46
2026-04-22 22:38:00,2026-04-22 22:38:59,Q09,483.60,230.60,96.60,111.10,87.50,55.10,28.14,484.10,230.00,99.90,111.30,90.50,55.00,24.14,482.60,235.50,100.60,113.30,89.20,53.40,26.74,483.43,232.03,297.10,335.70,89.07,54.50,79.03
2026-04-22 22:39:00,2026-04-22 22:39:59,Q09,484.20,235.70,99.40,113.70,88.20,55.00,27.06,484.30,231.70,99.90,111.80,90.80,56.90,24.06,481.80,238.50,100.30,114.50,88.90,53.50,26.89,483.43,235.30,299.60,340.00,89.30,55.13,78.00
2026-04-22 22:40:00,2026-04-22 22:40:59,Q09,482.40,231.50,96.60,111.30,87.90,53.60,27.57,485.20,228.00,99.00,110.60,90.50,54.20,24.11,483.00,234.20,100.60,113.00,89.20,51.60,26.49,483.53,231.23,296.20,334.90,89.20,53.13,78.17
2026-04-22 22:41:00,2026-04-22 22:41:59,Q09,483.00,233.70,98.60,112.50,88.10,55.40,27.51,483.60,229.40,99.00,110.60,90.50,55.80,24.29,482.50,237.80,101.50,114.20,89.40,52.30,26.31,483.03,233.63,299.10,337.30,89.33,54.50,78.11
2026-04-22 22:42:00,2026-04-22 22:42:59,Q09,482.50,232.20,96.60,111.80,87.90,51.10,27.69,485.50,231.70,100.80,112.00,90.70,53.90,23.97,481.90,234.70,99.70,112.60,89.50,51.70,26.31,483.30,232.87,297.10,336.40,89.37,52.23,77.97
2026-04-22 22:43:00,2026-04-22 22:43:59,Q09,482.20,237.70,99.20,114.20,87.90,54.10,27.71,484.80,231.70,99.90,111.80,90.50,55.90,24.14,483.00,238.10,101.50,115.00,89.60,52.50,26.03,483.33,235.83,300.60,341.00,89.33,54.17,77.89
2026-04-22 22:44:00,2026-04-22 22:44:59,Q09,483.00,233.20,98.60,112.50,88.10,55.00,27.54,485.20,231.00,100.80,112.00,90.60,56.20,24.11,481.60,235.80,100.60,113.00,89.60,53.40,26.14,483.27,233.33,300.00,337.50,89.43,54.87,77.80
2026-04-22 22:45:00,2026-04-22 22:45:59,Q09,482.20,232.80,96.60,111.80,87.80,54.70,27.57,485.00,229.80,99.90,111.10,90.80,55.50,23.74,481.40,232.20,98.80,111.60,89.30,53.10,26.51,482.87,231.60,295.30,334.50,89.30,54.43,77.83
2026-04-22 22:46:00,2026-04-22 22:46:59,Q09,482.50,232.60,97.70,111.80,88.10,52.60,27.40,485.30,232.80,100.80,112.50,90.60,56.00,24.11,481.80,231.80,98.80,111.10,89.40,51.80,26.23,483.20,232.40,297.30,335.40,89.37,53.47,77.74
2026-04-22 22:47:00,2026-04-22 22:47:59,Q09,482.90,233.40,98.60,112.30,88.00,54.60,27.77,484.00,228.40,99.00,110.40,90.40,55.30,24.40,483.20,233.90,99.70,112.50,89.60,53.60,26.11,483.37,231.90,297.30,335.20,89.33,54.50,78.29
2026-04-22 22:48:00,2026-04-22 22:48:59,Q09,483.50,228.30,96.80,110.10,88.20,54.70,27.31,484.50,230.40,99.90,111.30,90.70,54.80,23.91,481.30,234.50,99.70,112.60,89.50,52.40,26.17,483.10,231.07,296.40,334.00,89.47,53.97,77.40
2026-04-22 22:49:00,2026-04-22 22:49:59,Q09,482.50,233.00,98.60,112.30,88.00,55.40,27.51,483.90,231.00,99.90,111.60,90.50,56.00,24.17,483.10,233.70,99.70,112.50,89.50,52.30,26.23,483.17,232.57,298.20,336.40,89.33,54.57,77.91
2026-04-22 22:50:00,2026-04-22 22:50:59,Q09,481.80,231.60,96.60,111.10,87.80,53.20,27.66,484.80,228.20,100.10,110.40,91.00,55.10,23.51,482.40,236.30,100.60,113.80,89.60,51.50,26.29,483.00,232.03,297.30,335.30,89.47,53.27,77.46
2026-04-22 22:51:00,2026-04-22 22:51:59,Q09,483.70,237.30,100.30,114.50,88.60,54.80,26.94,483.50,227.20,98.10,109.60,90.50,56.30,24.09,482.00,230.50,99.00,110.90,90.00,53.90,25.31,483.07,231.67,297.40,335.00,89.70,55.00,76.34
2026-04-22 22:52:00,2026-04-22 22:52:59,Q09,483.30,229.70,96.80,110.60,88.50,52.40,27.03,482.90,228.40,98.10,109.90,90.50,54.30,24.17,482.00,234.10,99.70,112.80,89.70,52.40,25.71,482.73,230.73,294.60,333.30,89.57,53.03,76.91
2026-04-22 22:53:00,2026-04-22 22:53:59,Q09,481.40,234.70,97.40,112.60,87.70,54.70,27.66,484.30,225.40,98.30,108.90,91.00,55.80,23.40,480.70,235.70,99.70,112.80,89.60,52.90,26.20,482.13,231.93,295.40,334.30,89.43,54.47,77.26
2026-04-22 22:54:00,2026-04-22 22:54:59,Q09,482.70,235.10,98.30,113.30,87.90,54.60,27.49,483.00,230.50,99.90,111.10,90.70,56.30,23.97,481.60,235.70,100.60,113.00,89.30,52.80,26.37,482.43,233.77,298.80,337.40,89.30,54.57,77.83
2026-04-22 22:55:00,2026-04-22 22:55:59,Q09,482.10,233.20,97.40,112.30,87.80,52.90,27.71,484.20,228.50,99.00,110.40,90.90,54.20,23.57,481.10,237.50,100.60,114.00,89.70,49.90,26.11,482.47,233.07,297.00,336.70,89.47,52.33,77.40
2026-04-22 22:56:00,2026-04-22 22:56:59,Q09,482.20,232.40,96.60,111.80,87.90,54.60,27.69,484.10,228.10,99.00,110.40,90.80,55.40,23.74,480.90,236.10,100.60,113.30,89.80,53.00,25.94,482.40,232.20,296.20,335.50,89.50,54.33,77.37
2026-04-22 22:57:00,2026-04-22 22:57:59,Q09,482.60,227.50,95.90,109.40,88.10,55.40,27.34,483.70,228.80,99.00,110.10,90.80,55.90,23.71,480.70,237.40,100.60,113.80,89.70,53.40,25.89,482.33,231.23,295.50,333.30,89.53,54.90,76.94
2026-04-22 22:58:00,2026-04-22 22:58:59,Q09,482.80,232.50,96.60,111.80,87.90,55.00,27.49,483.00,227.50,98.10,109.60,90.80,56.10,23.74,481.10,238.50,101.50,114.50,89.40,53.20,26.37,482.30,232.83,296.20,335.90,89.37,54.77,77.60
2026-04-22 22:59:00,2026-04-22 22:59:59,Q09,482.30,234.70,98.60,112.80,88.10,55.20,27.43,482.50,229.00,99.00,110.40,90.80,56.00,23.80,481.90,233.00,99.70,112.10,89.60,53.90,26.09,482.23,232.23,297.30,335.30,89.50,55.03,77.31
2026-04-22 23:00:00,2026-04-22 23:00:59,Q09,482.00,233.40,98.60,112.30,88.20,53.80,27.43,481.90,228.00,98.10,109.70,90.30,55.60,24.43,481.80,233.60,99.70,112.10,89.60,52.40,25.94,481.90,231.67,296.40,334.10,89.37,53.93,77.80
2026-04-22 23:01:00,2026-04-22 23:01:59,Q09,482.70,229.70,96.80,110.40,88.20,54.20,27.11,482.50,228.30,98.10,109.90,90.70,55.90,23.94,480.50,233.20,98.80,111.80,89.40,52.70,26.23,481.90,230.40,293.70,332.10,89.43,54.27,77.29
2026-04-22 23:03:00,2026-04-22 23:03:59,Q09,481.50,229.80,96.80,110.10,88.20,50.20,27.37,482.60,222.60,96.30,107.00,90.40,52.30,24.06,481.80,232.90,98.80,111.60,89.90,48.40,25.43,481.97,228.43,291.90,328.70,89.50,50.30,76.86
2026-04-22 23:04:00,2026-04-22 23:04:59,Q09,482.90,231.20,97.70,111.30,88.30,50.60,27.09,483.20,227.50,98.10,109.60,90.70,52.60,23.86,480.80,226.60,96.10,108.50,89.70,49.40,25.83,482.30,228.43,291.90,329.40,89.57,50.87,76.77
2026-04-22 23:05:00,2026-04-22 23:05:59,Q09,481.90,230.60,95.70,110.60,87.90,49.80,27.71,483.70,225.00,97.20,108.70,90.70,51.00,23.83,480.20,228.40,97.00,109.40,89.80,48.70,25.89,481.93,228.00,289.90,328.70,89.47,49.83,77.43
2026-04-22 23:06:00,2026-04-22 23:06:59,Q09,482.50,226.40,95.00,108.90,88.40,50.90,27.00,482.40,226.60,97.20,108.90,90.80,52.60,23.77,480.40,223.40,95.20,107.00,89.70,49.50,25.80,481.77,225.47,287.40,324.80,89.63,51.00,76.57
2026-04-22 23:07:00,2026-04-22 23:07:59,Q09,482.20,232.70,97.70,111.80,88.30,49.40,27.14,482.00,222.90,96.30,107.00,90.70,49.00,23.97,480.90,231.50,97.90,110.90,89.70,47.60,25.89,481.70,229.03,291.90,329.70,89.57,48.67,77.00
2026-04-22 23:08:00,2026-04-22 23:08:59,Q09,482.20,227.70,95.90,109.40,88.10,51.00,27.37,481.80,223.80,96.30,107.30,90.70,52.50,24.00,480.60,229.80,97.00,109.90,89.40,49.90,26.40,481.53,227.10,289.20,326.60,89.40,51.13,77.77
2026-04-22 23:09:00,2026-04-22 23:09:59,Q09,481.50,230.60,96.80,110.60,88.20,50.10,27.40,482.50,223.80,96.30,107.50,90.40,52.00,24.23,482.00,233.30,99.70,112.30,89.70,48.50,25.80,482.00,229.23,292.80,330.40,89.43,50.20,77.43
2026-04-22 23:10:00,2026-04-22 23:10:59,Q09,482.70,229.80,96.80,110.40,88.10,48.20,27.14,483.50,229.00,99.00,110.60,90.80,50.30,23.91,480.20,232.20,98.80,111.40,89.10,46.40,26.63,482.13,230.33,294.60,332.40,89.33,48.30,77.69
2026-04-22 23:11:00,2026-04-22 23:11:59,Q09,482.60,227.90,95.90,109.40,88.10,51.50,27.29,482.60,222.00,96.30,107.00,90.60,51.90,24.00,481.40,231.90,98.80,111.10,89.50,50.00,26.03,482.20,227.27,291.00,327.50,89.40,51.13,77.31
2026-04-22 23:12:00,2026-04-22 23:12:59,Q09,482.30,230.90,96.80,110.90,88.00,51.10,27.49,484.00,225.60,97.20,108.90,90.80,53.30,23.89,480.40,226.70,96.10,108.50,89.50,49.30,26.23,482.23,227.73,290.10,328.30,89.43,51.23,77.60
2026-04-22 23:13:00,2026-04-22 23:13:59,Q09,482.40,229.90,96.80,110.40,88.00,50.00,27.49,484.30,226.60,98.10,109.40,90.80,50.10,23.86,480.50,233.80,98.80,111.80,89.50,48.50,26.23,482.40,230.10,293.70,331.60,89.43,49.53,77.57
2026-04-22 23:14:00,2026-04-22 23:14:59,Q09,480.90,228.30,94.80,109.40,87.60,50.30,28.06,483.80,225.80,97.20,108.70,90.50,51.60,24.17,481.90,232.00,98.80,111.60,89.40,48.90,26.46,482.20,228.70,290.80,329.70,89.17,50.27,78.69
2026-04-22 23:15:00,2026-04-22 23:15:59,Q09,483.10,226.50,95.90,109.20,88.10,49.50,27.37,482.90,225.40,97.20,108.40,90.40,51.00,24.46,480.50,228.90,97.00,109.40,89.20,47.30,26.46,482.17,226.93,290.10,327.00,89.23,49.27,78.29
2026-04-22 23:16:00,2026-04-22 23:16:59,Q09,482.00,230.20,95.70,110.90,87.90,50.90,27.71,483.00,223.50,96.30,107.70,90.50,53.30,24.20,482.30,224.70,95.20,108.00,89.40,49.60,26.37,482.43,226.13,287.20,326.60,89.27,51.27,78.29
2026-04-22 23:17:00,2026-04-22 23:17:59,Q09,481.50,229.50,95.70,110.10,87.40,50.50,28.37,485.10,227.70,99.00,110.10,90.60,51.70,24.14,481.70,233.00,99.70,112.10,89.20,48.60,26.97,482.77,230.07,294.40,332.30,89.07,50.27,79.49
2026-04-22 23:18:00,2026-04-22 23:18:59,Q09,482.00,235.30,98.30,113.30,87.90,53.70,28.09,484.40,233.80,100.80,112.80,90.50,55.40,24.26,483.00,237.50,101.50,114.50,89.70,50.70,26.26,483.13,235.53,300.60,340.60,89.37,53.27,78.60
2026-04-22 23:19:00,2026-04-22 23:19:59,Q09,481.30,233.00,97.40,112.10,87.70,54.80,28.17,484.30,230.90,99.90,111.30,90.70,56.60,24.00,482.00,236.50,100.60,113.80,89.60,53.60,26.40,482.53,233.47,297.90,337.20,89.33,55.00,78.57
2026-04-22 23:20:00,2026-04-22 23:20:59,Q09,481.30,233.20,97.40,112.10,87.90,51.00,27.80,483.80,231.10,99.90,111.60,90.50,53.30,24.31,482.30,237.00,101.50,114.20,89.40,50.90,26.46,482.47,233.77,298.80,337.90,89.27,51.73,78.57
2026-04-22 23:21:00,2026-04-22 23:21:59,Q09,481.80,236.90,98.30,113.50,87.60,55.00,28.14,485.00,229.30,99.90,111.10,90.40,56.30,24.34,482.00,237.30,101.50,114.20,89.50,52.60,26.46,482.93,234.50,299.70,338.80,89.17,54.63,78.94
2026-04-22 23:22:00,2026-04-22 23:22:59,Q09,482.20,233.70,97.40,112.30,87.70,55.20,28.06,485.20,232.90,100.80,112.50,90.60,54.00,23.97,482.20,236.10,100.60,113.80,89.70,51.70,26.17,483.20,234.23,298.80,338.60,89.33,53.63,78.20
2026-04-22 23:23:00,2026-04-22 23:23:59,Q09,482.40,235.90,98.30,113.30,87.90,55.20,27.66,483.70,227.70,98.10,109.60,90.80,54.80,23.83,483.30,235.90,100.60,113.50,89.60,52.50,26.17,483.13,233.17,297.00,336.40,89.43,54.17,77.66
2026-04-22 23:24:00,2026-04-22 23:24:59,Q09,483.20,236.20,98.30,114.00,87.70,55.30,27.83,485.60,229.40,101.00,111.10,91.00,55.90,23.57,481.60,239.60,101.50,115.00,89.50,53.00,26.51,483.47,235.07,300.80,340.10,89.40,54.73,77.91
2026-04-22 23:25:00,2026-04-22 23:25:59,Q09,482.20,233.00,97.40,112.30,87.60,55.20,28.09,485.50,226.30,98.10,109.60,90.70,57.30,23.89,482.20,234.70,99.70,112.80,89.70,54.10,26.20,483.30,231.33,295.20,334.70,89.33,55.53,78.17
2026-04-22 23:26:00,2026-04-22 23:26:59,Q09,483.20,234.80,99.40,113.00,88.00,54.10,27.80,484.20,228.80,99.00,110.40,90.40,56.20,24.29,483.80,234.10,100.60,113.00,89.80,52.40,25.83,483.73,232.57,299.00,336.40,89.40,54.23,77.91
2026-04-22 23:27:00,2026-04-22 23:27:59,Q09,482.50,232.50,96.60,111.80,87.70,54.70,27.94,485.90,230.00,99.90,111.60,90.70,55.80,23.89,482.90,238.20,101.50,114.70,89.60,52.80,26.26,483.77,233.57,298.00,338.10,89.33,54.43,78.09
2026-04-22 23:28:00,2026-04-22 23:28:59,Q09,483.80,228.40,95.70,110.10,87.90,54.40,27.49,484.90,230.60,99.90,111.30,90.90,55.40,23.80,481.50,234.60,99.70,112.60,89.30,52.20,26.69,483.40,231.20,295.30,334.00,89.37,54.00,77.97
2026-04-22 23:29:00,2026-04-22 23:29:59,Q09,483.90,233.30,98.60,112.50,88.20,53.80,27.57,483.80,230.80,99.90,111.10,90.40,55.70,24.49,483.10,238.10,101.50,115.00,89.50,52.50,26.29,483.60,234.07,300.00,338.60,89.37,54.00,78.34
2026-04-22 23:30:00,2026-04-22 23:30:59,Q09,483.30,234.60,99.40,113.00,88.00,53.50,27.60,485.50,234.00,101.70,113.50,90.90,54.80,23.77,481.80,237.90,100.60,114.00,89.60,51.20,26.29,483.53,235.50,301.70,340.50,89.50,53.17,77.66
2026-04-22 23:31:00,2026-04-22 23:31:59,Q09,483.50,235.50,99.40,113.50,88.00,55.40,27.66,485.50,230.40,99.90,111.60,90.50,57.10,24.17,482.00,234.80,99.70,112.80,89.60,54.10,26.06,483.67,233.57,299.00,337.90,89.37,55.53,77.89
2026-04-22 23:32:00,2026-04-22 23:32:59,Q09,484.20,233.60,98.60,112.80,88.20,56.20,27.29,484.00,234.40,101.70,113.30,90.80,56.20,23.89,482.90,235.90,100.60,113.30,89.60,54.40,26.14,483.70,234.63,300.90,339.40,89.53,55.60,77.31
2026-04-22 23:33:00,2026-04-22 23:33:59,Q09,483.70,234.60,99.40,113.00,88.10,53.30,27.46,484.80,230.00,99.90,111.30,90.60,54.00,24.11,481.70,234.10,99.70,112.60,89.50,52.60,26.14,483.40,232.90,299.00,336.90,89.40,53.30,77.71
2026-04-22 23:34:00,2026-04-22 23:34:59,Q09,483.10,235.40,98.30,113.50,87.90,53.00,27.74,485.30,231.00,100.80,112.00,90.80,55.90,23.89,481.50,236.40,100.60,113.50,89.70,52.50,26.14,483.30,234.27,299.70,339.00,89.47,53.80,77.77
2026-04-22 23:35:00,2026-04-22 23:35:59,Q09,482.40,232.90,97.70,111.80,88.00,52.70,27.80,485.60,231.40,100.80,112.00,90.70,51.60,23.97,481.80,238.20,101.50,114.50,89.80,50.50,26.09,483.27,234.17,300.00,338.30,89.50,51.60,77.86
2026-04-22 23:36:00,2026-04-22 23:36:59,Q09,482.50,233.00,98.60,112.30,88.30,54.70,27.51,485.00,227.80,99.00,110.10,90.60,56.60,24.20,483.00,238.30,101.50,115.00,89.80,53.80,25.94,483.50,233.03,299.10,337.40,89.57,55.03,77.66
2026-04-22 23:37:00,2026-04-22 23:37:59,Q09,483.50,236.90,99.40,114.00,88.30,54.70,27.43,485.40,226.50,98.10,109.60,90.80,56.20,24.09,482.10,237.40,101.50,114.20,89.70,53.50,26.09,483.67,233.60,299.00,337.80,89.60,54.80,77.60
2026-04-22 23:38:00,2026-04-22 23:38:59,Q09,484.70,235.10,99.40,113.70,88.40,53.60,27.17,484.40,230.70,99.90,111.30,90.60,54.20,24.26,482.50,237.70,101.50,114.20,89.40,52.50,26.26,483.87,234.50,300.80,339.20,89.47,53.43,77.69
2026-04-22 23:39:00,2026-04-22 23:39:59,Q09,483.10,233.60,98.60,112.50,88.20,55.40,27.46,484.50,231.80,99.90,111.80,90.50,56.40,24.29,484.00,237.40,101.50,114.70,89.60,54.00,25.94,483.87,234.27,300.00,339.00,89.43,55.27,77.69
2026-04-22 23:40:00,2026-04-22 23:40:59,Q09,483.80,231.80,97.70,111.60,88.00,54.90,27.69,486.00,232.30,100.80,112.80,90.60,56.90,24.06,482.50,234.80,99.70,112.80,89.60,54.50,26.20,484.10,232.97,298.20,337.20,89.40,55.43,77.94
2026-04-22 23:41:00,2026-04-22 23:41:59,Q09,483.20,231.40,97.70,111.60,88.00,53.80,27.57,486.20,228.70,99.00,110.80,90.80,55.20,23.83,482.90,233.70,99.70,112.30,89.70,51.70,26.00,484.10,231.27,296.40,334.70,89.50,53.57,77.40
2026-04-22 23:42:00,2026-04-22 23:42:59,Q09,483.20,229.00,96.80,110.60,88.10,54.20,27.46,486.30,226.90,98.10,109.80,90.60,57.20,24.00,483.10,236.60,100.60,114.00,89.70,53.80,25.91,484.20,230.83,295.50,334.40,89.47,55.07,77.37
2026-04-22 23:43:00,2026-04-22 23:43:59,Q09,483.70,234.40,99.40,113.00,88.10,52.60,27.54,486.40,230.50,99.90,111.80,90.80,53.70,23.97,482.90,235.50,100.60,113.30,89.50,51.20,26.46,484.33,233.47,299.90,338.10,89.47,52.50,77.97
2026-04-22 23:44:00,2026-04-22 23:44:59,Q09,484.30,235.30,99.40,113.70,88.00,55.00,27.69,486.50,231.60,100.80,112.30,90.80,56.60,23.89,482.60,236.30,100.60,113.80,89.60,53.10,26.31,484.47,234.40,300.80,339.80,89.47,54.90,77.89
2026-04-22 23:45:00,2026-04-22 23:45:59,Q09,484.60,238.70,101.20,115.20,88.20,52.70,27.63,484.70,234.10,101.70,113.30,90.60,51.10,24.37,483.40,239.40,102.30,115.40,89.50,49.80,26.43,484.23,237.40,305.20,343.90,89.43,51.20,78.43
2026-04-22 23:46:00,2026-04-22 23:46:59,Q09,483.70,237.40,100.30,114.50,88.00,54.80,27.66,485.80,231.40,100.80,112.00,90.50,56.40,24.26,482.40,235.60,100.60,113.30,89.50,54.10,26.31,483.97,234.80,301.70,339.80,89.33,55.10,78.23
2026-04-22 23:47:00,2026-04-22 23:47:59,Q09,483.50,237.40,100.30,114.50,88.10,54.00,27.74,484.90,228.60,99.00,110.40,90.30,52.70,24.49,484.10,234.90,100.60,113.30,89.70,51.30,26.00,484.17,233.63,299.90,338.20,89.37,52.67,78.23
2026-04-22 23:48:00,2026-04-22 23:48:59,Q09,483.70,241.60,100.90,116.40,87.90,51.10,27.89,484.20,230.00,99.90,111.30,90.40,53.70,24.40,484.00,234.00,100.60,113.30,89.60,51.40,26.11,483.97,235.20,301.40,341.00,89.30,52.07,78.40
2026-04-22 23:49:00,2026-04-22 23:49:59,Q09,484.50,236.60,99.20,114.20,87.90,54.30,27.94,484.60,230.20,99.90,111.30,90.50,56.40,24.31,483.70,237.40,101.50,114.50,89.70,52.90,26.06,484.27,234.73,300.60,340.00,89.37,54.53,78.31
2026-04-22 23:50:00,2026-04-22 23:50:59,Q09,482.80,235.40,98.30,113.30,87.60,54.80,28.06,485.90,233.20,101.70,113.00,90.80,57.10,23.86,482.90,236.80,100.60,113.80,89.50,53.60,26.60,483.87,235.13,300.60,340.10,89.30,55.17,78.51
2026-04-22 23:51:00,2026-04-22 23:51:59,Q09,484.60,232.70,97.40,112.30,87.70,55.00,28.00,485.90,231.50,100.80,112.00,90.50,55.50,24.31,482.10,240.50,102.30,115.70,89.30,52.10,26.69,484.20,234.90,300.50,340.00,89.17,54.20,79.00
2026-04-22 23:52:00,2026-04-22 23:52:59,Q09,483.90,236.30,98.30,114.00,87.70,55.90,28.29,484.30,224.60,97.20,108.40,90.30,57.10,24.66,483.60,237.20,101.50,114.50,89.40,54.20,26.60,483.93,232.70,297.00,336.90,89.13,55.73,79.54
2026-04-22 23:53:00,2026-04-22 23:53:59,Q09,483.20,235.70,99.40,113.50,88.00,54.00,27.83,486.20,231.90,100.80,112.30,90.60,55.00,24.14,483.70,236.60,100.60,114.00,89.60,52.40,26.23,484.37,234.73,300.80,339.80,89.40,53.80,78.20
2026-04-22 23:54:00,2026-04-22 23:54:59,Q09,484.50,233.10,98.60,112.80,88.00,55.80,27.86,485.40,233.10,101.70,113.00,90.30,56.80,24.43,484.50,237.20,101.50,114.70,89.60,53.80,26.09,484.80,234.47,301.80,340.50,89.30,55.47,78.37
2026-04-22 23:55:00,2026-04-22 23:55:59,Q09,485.20,233.00,99.40,113.00,88.30,53.60,27.51,485.30,229.70,99.90,111.10,90.60,54.20,24.26,484.20,235.50,100.60,113.70,89.60,51.30,26.14,484.90,232.73,299.90,337.80,89.50,53.03,77.91
2026-04-22 23:56:00,2026-04-22 23:56:59,Q09,485.10,234.90,98.30,113.50,87.90,53.30,27.63,485.40,231.30,100.80,112.00,90.80,55.30,24.03,482.90,236.80,100.60,113.80,89.30,51.70,26.66,484.47,234.33,299.70,339.30,89.33,53.43,78.31
2026-04-22 23:57:00,2026-04-22 23:57:59,Q09,484.20,234.70,98.30,113.30,87.70,55.70,28.06,485.50,229.30,99.90,111.10,90.30,56.60,24.40,484.70,234.40,100.60,113.30,89.50,53.60,26.23,484.80,232.80,298.80,337.70,89.17,55.30,78.69
2026-04-22 23:58:00,2026-04-22 23:58:59,Q09,485.00,230.00,97.70,111.60,88.00,51.40,27.57,484.90,229.00,99.00,110.80,90.40,52.90,24.34,484.20,236.50,101.50,114.20,89.50,50.70,26.11,484.70,231.83,298.20,336.60,89.30,51.67,78.03
2026-04-22 23:59:00,2026-04-22 23:59:59,Q09,483.40,234.20,98.30,113.00,87.60,54.60,28.09,486.50,230.30,99.90,111.80,90.50,55.30,24.06,483.70,239.30,102.30,115.40,89.60,53.20,26.11,484.53,234.60,300.50,340.20,89.23,54.37,78.26
