Start Time,End Time,Meter,l1Volt,l1Amp,l1Kw,l1Kva,l1Pf,l1THD,l1Kvar,l2Volt,l2Amp,l2Kw,l2Kva,l2Pf,l2THD,l2Kvar,l3Volt,l3Amp,l3Kw,l3Kva,l3Pf,l3THD,l3Kvar,avgVolt,avgAmp,totalKw,totalKva,avgPf,avgTHD,totalKvar
2026-04-22 00:00:00,2026-04-22 00:00:59,*PQM,264.86,1039.53,243.34,273.05,89.12,37.11,76.16,304.42,1076.97,280.40,326.08,85.99,37.90,118.58,267.62,1042.37,224.67,277.51,80.96,37.95,125.39,278.97,1052.96,748.41,876.64,85.36,37.65,320.14
2026-04-22 00:01:00,2026-04-22 00:01:59,*PQM,264.74,999.98,236.07,265.31,88.98,37.42,72.73,304.32,1039.28,271.74,316.57,85.84,38.37,114.65,267.38,1004.06,217.49,269.03,80.84,38.47,120.82,278.81,1014.44,725.30,850.90,85.22,38.09,308.20
2026-04-22 00:02:00,2026-04-22 00:02:59,*PQM,264.82,1002.32,238.66,267.86,89.10,37.19,73.37,304.28,1036.66,272.92,318.44,85.71,38.03,115.86,267.48,1004.47,219.30,270.50,81.07,38.21,121.21,278.86,1014.48,730.88,856.80,85.29,37.81,310.44
2026-04-22 00:03:00,2026-04-22 00:03:59,*PQM,264.76,1017.35,242.13,272.11,88.98,36.17,77.80,304.23,1047.80,275.78,322.69,85.46,37.28,121.51,267.44,1020.29,221.57,275.01,80.57,37.19,126.40,278.81,1028.48,739.49,869.81,85.01,36.88,325.71
2026-04-22 00:04:00,2026-04-22 00:04:59,*PQM,264.81,1012.11,236.84,266.98,88.71,36.35,78.78,304.31,1043.69,270.43,316.08,85.56,37.51,119.25,267.52,1021.47,218.77,271.60,80.55,37.14,125.91,278.88,1025.76,726.04,854.66,84.94,37.00,323.94
2026-04-22 00:05:00,2026-04-22 00:05:59,*PQM,264.69,1021.90,238.33,268.36,88.81,36.39,79.49,304.13,1054.26,270.93,316.35,85.64,37.62,119.14,267.48,1030.06,221.13,273.20,80.94,37.24,125.93,278.77,1035.40,730.39,857.91,85.13,37.08,324.57
2026-04-22 00:06:00,2026-04-22 00:06:59,*PQM,264.69,1024.08,238.62,268.25,88.95,36.32,78.67,304.11,1054.39,272.52,318.34,85.60,37.32,120.09,267.40,1032.74,220.10,272.63,80.73,37.13,126.40,278.73,1037.07,731.23,859.22,85.10,36.92,325.15
2026-04-22 00:07:00,2026-04-22 00:07:59,*PQM,265.26,950.10,225.92,251.53,89.82,38.19,59.27,304.70,972.49,257.92,296.36,87.03,39.55,94.89,268.00,952.26,211.58,254.65,83.09,39.26,102.74,279.32,958.28,695.42,802.53,86.65,39.00,256.90
2026-04-22 00:08:00,2026-04-22 00:08:59,*PQM,265.28,857.39,206.20,229.46,89.86,37.20,57.28,304.56,877.25,233.30,268.42,86.92,38.71,89.22,267.85,864.67,192.66,232.04,83.03,38.25,95.41,279.23,866.44,632.17,729.92,86.60,38.05,241.91
2026-04-22 00:09:00,2026-04-22 00:09:59,*PQM,265.44,869.49,209.71,232.28,90.28,37.45,54.72,304.67,885.62,236.18,271.08,87.13,39.11,88.61,268.03,862.61,194.38,232.64,83.56,38.94,93.10,279.38,872.57,640.27,735.99,86.99,38.50,236.43
2026-04-22 00:10:00,2026-04-22 00:10:59,*PQM,265.42,858.13,206.13,228.55,90.19,38.08,52.27,304.54,874.74,231.90,266.38,87.06,39.71,85.64,267.92,848.53,191.11,228.46,83.65,39.48,89.83,279.29,860.47,629.14,723.39,86.97,39.09,227.74
2026-04-22 00:11:00,2026-04-22 00:11:59,*PQM,265.74,821.95,196.68,218.52,90.01,39.94,46.43,304.97,835.13,222.39,254.76,87.29,41.65,75.92,268.34,819.41,184.53,219.74,83.98,41.09,81.99,279.68,825.50,603.60,693.01,87.09,40.89,204.34
2026-04-22 00:12:00,2026-04-22 00:12:59,*PQM,265.80,819.78,196.77,218.52,90.05,39.87,46.59,305.06,832.59,223.47,255.26,87.55,41.41,75.22,268.40,823.44,185.55,220.93,83.98,40.73,82.62,279.75,825.27,605.79,694.71,87.19,40.67,204.43
2026-04-22 00:13:00,2026-04-22 00:13:59,*PQM,265.69,824.58,196.89,218.54,90.10,39.79,46.07,304.85,838.55,222.64,254.45,87.50,41.46,75.15,268.30,818.48,184.59,219.35,84.15,40.92,81.57,279.61,827.20,604.13,692.34,87.25,40.72,202.79
2026-04-22 00:14:00,2026-04-22 00:14:59,*PQM,265.65,839.62,201.68,223.67,90.17,39.84,46.87,304.80,848.83,227.13,259.76,87.44,41.65,76.96,268.28,829.37,188.52,223.99,84.17,41.05,82.64,279.58,839.27,617.33,707.42,87.26,40.85,206.47
2026-04-22 00:15:00,2026-04-22 00:15:59,*PQM,265.64,844.55,203.15,225.41,90.12,38.89,49.97,304.78,855.74,228.16,261.48,87.26,40.70,81.00,268.14,837.25,189.01,225.22,83.92,40.19,85.99,279.52,845.85,620.31,712.11,87.10,39.93,216.96
2026-04-22 00:16:00,2026-04-22 00:16:59,*PQM,265.90,823.12,196.92,218.82,89.99,39.77,47.25,305.02,828.71,221.64,254.07,87.23,41.55,76.48,268.47,810.10,184.14,219.28,83.98,40.94,82.17,279.80,820.64,602.70,692.17,87.07,40.75,205.90
2026-04-22 00:17:00,2026-04-22 00:17:59,*PQM,265.74,820.83,195.84,217.24,90.15,39.71,46.37,304.96,833.24,220.41,253.19,87.05,41.57,77.03,268.26,814.16,181.96,217.36,83.71,41.19,81.96,279.65,822.74,598.21,687.79,86.97,40.82,205.35
2026-04-22 00:18:00,2026-04-22 00:18:59,*PQM,265.75,827.87,198.78,220.27,90.24,39.07,48.02,305.07,845.76,224.17,257.48,87.06,40.68,80.61,268.24,816.34,183.80,219.97,83.56,40.64,84.71,279.69,829.99,606.75,697.72,86.96,40.13,213.34
2026-04-22 00:19:00,2026-04-22 00:19:59,*PQM,265.76,836.39,199.07,220.41,90.32,39.04,48.19,305.05,849.40,224.69,257.76,87.17,40.67,80.16,268.32,831.45,184.86,220.77,83.73,40.58,84.96,279.71,839.08,608.62,698.94,87.08,40.10,213.32
2026-04-22 00:20:00,2026-04-22 00:20:59,*PQM,265.73,835.92,200.77,222.30,90.31,38.26,49.96,305.03,857.87,227.78,260.90,87.30,39.77,82.71,268.24,834.11,187.11,223.85,83.59,39.57,88.05,279.67,842.64,615.66,707.05,87.07,39.20,220.72
2026-04-22 00:21:00,2026-04-22 00:21:59,*PQM,265.92,817.47,196.24,217.55,90.20,39.09,47.11,305.22,840.79,222.55,255.35,87.16,40.54,80.33,268.52,807.60,181.79,218.02,83.38,40.64,84.76,279.89,821.96,600.58,690.91,86.91,40.09,212.20
2026-04-22 00:22:00,2026-04-22 00:22:59,*PQM,266.02,802.95,191.88,212.80,90.17,40.44,43.17,305.33,819.76,217.88,249.93,87.18,42.00,74.70,268.52,797.00,178.93,214.05,83.59,41.87,80.04,279.96,806.57,588.69,676.79,86.98,41.44,197.91
2026-04-22 00:23:00,2026-04-22 00:23:59,*PQM,266.05,797.36,190.78,211.49,90.21,40.32,42.33,305.34,818.53,218.44,250.19,87.31,41.53,74.54,268.60,787.18,177.18,211.67,83.71,41.85,79.50,280.00,801.03,586.40,673.36,87.07,41.23,196.37
2026-04-22 00:24:00,2026-04-22 00:24:59,*PQM,266.22,806.07,193.84,214.71,90.28,40.21,42.62,305.51,829.11,219.69,252.08,87.15,41.68,76.13,268.62,794.50,178.52,213.15,83.76,42.12,79.37,280.12,809.90,592.05,679.93,87.06,41.34,198.12
2026-04-22 00:25:00,2026-04-22 00:25:59,*PQM,266.12,794.26,191.52,212.65,90.06,40.55,43.15,305.42,814.34,217.25,249.30,87.14,42.00,74.49,268.71,793.29,177.85,212.54,83.68,42.11,79.36,280.08,800.63,586.62,674.49,86.96,41.55,197.00
2026-04-22 00:26:00,2026-04-22 00:26:59,*PQM,266.13,793.86,191.03,212.42,89.93,40.55,43.67,305.48,817.02,217.66,249.58,87.21,41.97,74.34,268.68,793.09,178.32,213.40,83.56,41.94,80.17,280.10,801.32,587.01,675.40,86.90,41.49,198.17
2026-04-22 00:27:00,2026-04-22 00:27:59,*PQM,266.02,832.30,198.79,220.59,90.12,38.43,49.80,305.37,850.30,225.07,258.92,86.93,39.91,83.63,268.57,824.61,183.77,220.87,83.20,39.91,88.53,279.99,835.74,607.63,700.37,86.75,39.42,221.95
2026-04-22 00:28:00,2026-04-22 00:28:59,*PQM,265.99,843.41,202.80,224.53,90.33,37.65,51.42,305.39,865.18,229.66,264.07,86.97,38.98,87.88,268.61,831.93,185.49,223.45,83.01,39.30,91.25,280.00,846.84,617.96,712.05,86.77,38.64,230.55
2026-04-22 00:29:00,2026-04-22 00:29:59,*PQM,265.80,857.72,205.13,226.75,90.46,37.55,51.74,305.09,876.50,230.87,265.48,86.96,39.02,88.05,268.32,844.28,187.21,225.01,83.20,39.28,90.93,279.74,859.50,623.21,717.24,86.88,38.62,230.72
2026-04-22 00:30:00,2026-04-22 00:30:59,*PQM,265.67,830.20,197.54,219.61,89.95,38.06,52.54,304.93,841.96,222.10,256.93,86.45,39.72,86.80,268.21,811.24,180.57,218.43,82.67,39.84,89.67,279.60,827.80,600.21,694.96,86.35,39.21,229.01
2026-04-22 00:31:00,2026-04-22 00:31:59,*PQM,265.87,812.54,195.63,217.25,90.05,38.55,49.85,305.14,829.81,220.82,254.58,86.74,40.16,83.77,268.35,804.90,178.97,216.10,82.82,40.30,87.22,279.79,815.75,595.42,687.93,86.53,39.67,220.84
2026-04-22 00:32:00,2026-04-22 00:32:59,*PQM,265.95,812.40,195.27,216.74,90.10,38.80,50.09,305.26,828.16,219.35,253.77,86.44,40.41,84.17,268.43,798.82,178.39,215.59,82.75,40.59,86.94,279.88,813.12,593.01,686.09,86.43,39.93,221.19
2026-04-22 00:33:00,2026-04-22 00:33:59,*PQM,265.90,831.31,198.62,221.00,89.87,38.62,50.81,305.19,847.91,223.96,258.06,86.79,40.36,83.36,268.42,827.14,183.76,221.21,83.07,40.19,88.14,279.84,835.45,606.34,700.27,86.58,39.72,222.31
2026-04-22 00:34:00,2026-04-22 00:34:59,*PQM,266.06,803.91,193.40,215.38,89.80,39.43,48.22,305.34,821.34,218.42,251.50,86.85,41.17,78.62,268.67,797.75,180.03,216.28,83.24,40.87,84.68,280.02,807.66,591.86,683.15,86.63,40.49,211.53
2026-04-22 00:35:00,2026-04-22 00:35:59,*PQM,266.22,792.17,189.04,210.60,89.76,40.49,44.28,305.46,804.97,212.82,245.75,86.60,42.20,75.35,268.78,781.53,174.85,210.42,83.09,42.07,80.15,280.15,792.89,576.71,666.77,86.49,41.59,199.79
2026-04-22 00:36:00,2026-04-22 00:36:59,*PQM,266.18,796.19,190.41,211.86,89.88,40.37,44.87,305.51,805.77,214.21,246.46,86.92,42.27,74.65,268.79,789.28,177.50,212.40,83.57,41.90,80.29,280.16,797.08,582.12,670.72,86.79,41.51,199.80
2026-04-22 00:37:00,2026-04-22 00:37:59,*PQM,266.05,814.21,195.18,216.53,90.14,39.74,45.70,305.35,830.36,220.56,252.92,87.21,41.44,76.58,268.64,813.32,181.82,217.25,83.69,41.17,82.69,280.01,819.30,597.56,686.70,87.01,40.78,204.97
2026-04-22 00:38:00,2026-04-22 00:38:59,*PQM,265.31,969.88,229.27,258.67,88.64,37.54,72.92,304.68,988.79,257.90,303.82,84.89,38.96,113.87,267.94,961.21,209.35,259.65,80.63,38.78,116.80,279.31,973.29,696.52,822.14,84.72,38.43,303.59
2026-04-22 00:39:00,2026-04-22 00:39:59,*PQM,265.27,984.38,227.93,258.74,88.09,37.53,78.33,304.67,1003.86,256.44,303.89,84.39,39.04,118.51,267.96,979.72,208.47,260.71,79.96,38.69,121.55,279.30,989.32,692.84,823.34,84.15,38.42,318.39
2026-04-22 00:40:00,2026-04-22 00:40:59,*PQM,265.27,1008.28,235.01,264.72,88.78,36.85,77.64,304.64,1031.92,264.71,311.28,85.04,38.18,119.21,267.87,1000.91,214.73,266.32,80.63,37.99,122.48,279.26,1013.70,714.44,842.31,84.81,37.67,319.33
2026-04-22 00:41:00,2026-04-22 00:41:59,*PQM,265.30,990.46,230.02,259.42,88.67,37.51,76.19,304.83,1016.88,260.66,305.69,85.27,38.93,114.67,267.87,994.76,212.23,262.94,80.71,38.43,120.50,279.33,1000.70,702.91,828.04,84.88,38.29,311.36
2026-04-22 00:42:00,2026-04-22 00:42:59,*PQM,265.27,981.62,232.50,262.89,88.44,37.21,76.14,304.80,1004.51,262.62,309.22,84.93,38.69,115.40,267.90,984.66,213.80,265.68,80.47,38.25,120.44,279.32,990.26,708.91,837.78,84.61,38.05,311.99
2026-04-22 00:43:00,2026-04-22 00:43:59,*PQM,265.29,989.02,233.03,263.43,88.46,37.52,76.39,304.74,1013.94,263.97,309.89,85.18,38.85,115.36,267.91,989.86,214.84,266.55,80.60,38.42,120.95,279.31,997.60,711.84,839.86,84.75,38.26,312.70
2026-04-22 00:44:00,2026-04-22 00:44:59,*PQM,265.37,987.51,231.01,259.79,88.92,37.34,75.36,304.86,1015.70,261.18,305.97,85.36,38.71,115.43,268.00,985.49,211.94,262.10,80.86,38.36,119.91,279.41,996.23,704.13,827.85,85.05,38.14,310.70
2026-04-22 00:45:00,2026-04-22 00:45:59,*PQM,265.30,984.54,231.07,261.44,88.38,37.40,76.51,304.69,1008.34,260.91,307.30,84.90,38.89,115.44,267.89,987.40,212.54,264.18,80.45,38.40,120.38,279.29,993.43,704.52,832.92,84.58,38.23,312.33
2026-04-22 00:46:00,2026-04-22 00:46:59,*PQM,265.12,1015.48,235.93,266.42,88.56,36.67,79.68,304.46,1034.54,265.62,312.26,85.06,38.20,119.15,267.68,1011.83,216.82,268.92,80.63,37.65,123.56,279.09,1020.62,718.37,847.60,84.75,37.51,322.40
2026-04-22 00:47:00,2026-04-22 00:47:59,*PQM,265.31,978.74,232.25,261.52,88.81,37.55,73.54,304.76,1013.02,265.48,310.05,85.63,38.68,113.04,267.89,979.33,213.97,264.23,80.98,38.55,118.48,279.32,990.36,711.70,835.79,85.14,38.26,305.06
2026-04-22 00:48:00,2026-04-22 00:48:59,*PQM,265.42,996.50,233.92,262.54,89.10,37.66,73.73,304.91,1022.89,265.84,310.14,85.71,38.96,113.61,267.98,995.61,215.37,265.04,81.26,38.73,118.39,279.44,1005.00,715.13,837.73,85.36,38.45,305.73
2026-04-22 00:49:00,2026-04-22 00:49:59,*PQM,265.23,1044.65,245.13,275.00,89.14,35.68,79.22,304.58,1068.77,276.41,322.56,85.69,37.10,121.14,267.76,1041.04,224.62,275.98,81.39,36.92,124.32,279.19,1051.49,746.16,873.54,85.41,36.57,324.68
2026-04-22 00:50:00,2026-04-22 00:50:59,*PQM,265.09,1020.10,241.70,271.64,88.98,35.81,79.07,304.49,1039.06,272.52,318.38,85.60,37.24,119.27,267.80,1018.10,222.98,274.41,81.26,36.81,124.25,279.13,1025.75,737.20,864.44,85.28,36.62,322.59
2026-04-22 00:51:00,2026-04-22 00:51:59,*PQM,264.86,1044.25,246.90,275.38,89.66,34.89,80.62,304.25,1073.19,278.96,323.75,86.16,36.23,123.14,267.45,1044.26,226.32,277.41,81.58,36.04,127.33,278.85,1053.90,752.18,876.54,85.80,35.72,331.09
2026-04-22 00:52:00,2026-04-22 00:52:59,*PQM,265.28,1015.70,243.39,271.19,89.75,36.23,68.23,304.66,1031.55,274.59,316.83,86.67,37.84,105.76,267.85,1010.28,226.75,273.63,82.87,37.27,112.44,279.26,1019.18,744.73,861.64,86.43,37.11,286.42
2026-04-22 00:53:00,2026-04-22 00:53:59,*PQM,265.78,872.70,209.72,231.79,90.48,36.68,55.06,305.05,885.05,235.59,270.09,87.23,38.39,89.32,268.26,866.94,193.95,231.68,83.71,38.09,93.42,279.70,874.90,639.26,733.56,87.14,37.72,237.80
2026-04-22 00:54:00,2026-04-22 00:54:59,*PQM,265.89,867.34,209.33,230.67,90.75,37.11,51.13,305.07,876.02,234.15,267.78,87.44,39.13,85.38,268.36,853.90,193.19,229.43,84.20,38.75,88.64,279.77,865.75,636.66,727.88,87.46,38.33,225.16
2026-04-22 00:55:00,2026-04-22 00:55:59,*PQM,265.87,868.12,209.54,231.22,90.62,37.18,51.87,305.07,881.84,234.98,268.15,87.63,39.14,84.44,268.31,859.28,194.19,230.78,84.15,38.66,89.33,279.75,869.75,638.71,730.15,87.47,38.33,225.64
2026-04-22 00:56:00,2026-04-22 00:56:59,*PQM,265.95,855.69,206.55,228.70,90.32,37.67,52.26,305.31,870.32,233.79,266.83,87.62,39.43,83.12,268.55,859.31,193.60,230.81,83.88,38.86,90.22,279.94,861.77,633.95,726.33,87.27,38.65,225.60
2026-04-22 00:57:00,2026-04-22 00:57:59,*PQM,265.87,860.98,207.83,229.39,90.60,37.38,51.72,305.09,872.72,233.20,266.48,87.51,39.16,84.46,268.40,854.71,192.64,229.24,84.03,38.77,89.23,279.79,862.81,633.66,725.10,87.38,38.44,225.40
2026-04-22 00:58:00,2026-04-22 00:58:59,*PQM,265.90,863.29,206.75,228.94,90.31,37.62,51.57,305.20,878.56,234.11,267.26,87.60,39.31,83.28,268.45,864.42,193.51,230.42,83.98,38.94,90.04,279.85,868.76,634.36,726.62,87.29,38.62,224.89
2026-04-22 00:59:00,2026-04-22 00:59:59,*PQM,265.84,871.93,209.74,231.64,90.55,36.87,53.75,304.97,882.36,234.65,269.09,87.20,38.59,88.46,268.39,856.24,193.04,230.65,83.69,38.49,91.60,279.73,870.18,637.43,731.38,87.15,37.98,233.80
2026-04-22 01:00:00,2026-04-22 01:00:59,*PQM,265.75,852.18,204.61,226.28,90.42,38.15,49.69,304.98,866.52,230.80,264.11,87.39,39.84,81.73,268.24,848.77,190.59,227.12,83.91,39.50,87.47,279.66,855.82,626.00,717.51,87.24,39.16,218.90
2026-04-22 01:01:00,2026-04-22 01:01:59,*PQM,265.67,856.12,207.14,228.15,90.79,37.77,48.21,304.93,871.94,232.86,266.31,87.44,39.43,83.57,268.12,842.17,190.31,226.56,84.00,39.54,87.08,279.57,856.74,630.31,721.02,87.41,38.91,218.86
2026-04-22 01:02:00,2026-04-22 01:02:59,*PQM,265.85,834.16,201.24,222.58,90.41,38.97,45.71,305.11,847.81,226.44,259.23,87.35,40.79,78.32,268.41,824.89,186.35,221.88,83.99,40.63,83.10,279.79,835.62,614.03,703.70,87.25,40.13,207.13
2026-04-22 01:03:00,2026-04-22 01:03:59,*PQM,265.79,843.62,203.73,224.95,90.57,38.77,45.54,305.10,859.33,229.48,262.39,87.46,40.42,79.33,268.27,831.87,188.21,223.91,84.06,40.52,83.49,279.72,844.94,621.42,711.25,87.36,39.90,208.36
2026-04-22 01:04:00,2026-04-22 01:04:59,*PQM,265.69,859.50,205.32,227.31,90.33,38.33,50.10,305.01,872.10,232.18,266.06,87.26,40.08,83.59,268.24,852.14,190.36,227.57,83.65,39.91,88.90,279.65,861.24,627.85,720.95,87.08,39.44,222.60
2026-04-22 01:05:00,2026-04-22 01:05:59,*PQM,265.71,867.49,209.57,231.03,90.71,37.56,50.80,304.91,876.29,233.66,267.53,87.34,39.50,85.14,268.25,851.03,192.58,228.94,84.12,39.36,88.01,279.62,864.94,635.81,727.50,87.39,38.81,223.96
2026-04-22 01:06:00,2026-04-22 01:06:59,*PQM,265.69,875.28,209.74,231.51,90.60,36.97,53.52,304.89,876.60,233.58,268.16,87.11,38.95,87.71,268.20,858.67,192.79,229.88,83.87,38.74,90.48,279.59,870.19,636.12,729.55,87.19,38.22,231.71
2026-04-22 01:07:00,2026-04-22 01:07:59,*PQM,265.57,879.54,212.05,234.14,90.57,36.72,53.46,304.79,885.83,236.22,270.71,87.26,38.72,88.00,268.04,867.55,194.77,231.88,84.00,38.65,90.72,279.47,877.64,643.04,736.73,87.27,38.03,232.19
2026-04-22 01:08:00,2026-04-22 01:08:59,*PQM,265.58,877.61,209.64,231.90,90.40,37.24,54.10,304.76,886.39,234.28,268.71,87.19,39.14,86.55,268.11,866.24,194.42,231.82,83.87,38.69,91.32,279.48,876.75,638.35,732.43,87.15,38.36,231.97
2026-04-22 01:09:00,2026-04-22 01:09:59,*PQM,265.92,865.59,208.58,230.82,90.37,37.07,54.52,305.08,868.68,231.91,266.72,86.95,38.95,87.55,268.41,850.86,192.30,228.90,84.01,38.78,89.53,279.80,861.71,632.79,726.43,87.11,38.27,231.60
2026-04-22 01:10:00,2026-04-22 01:10:59,*PQM,265.88,876.37,211.34,233.68,90.44,36.61,55.41,305.04,892.97,237.12,272.08,87.15,38.20,90.90,268.38,863.60,194.10,232.13,83.62,38.28,93.26,279.77,877.65,642.56,737.88,87.07,37.70,239.57
2026-04-22 01:11:00,2026-04-22 01:11:59,*PQM,265.69,894.18,215.34,238.02,90.47,36.32,56.75,304.87,900.86,241.29,276.35,87.31,37.91,90.75,268.36,881.41,199.40,237.42,83.99,37.90,94.32,279.64,892.15,656.04,751.80,87.26,37.38,241.83
2026-04-22 01:12:00,2026-04-22 01:12:59,*PQM,265.86,850.17,204.66,226.59,90.32,38.37,50.56,305.05,858.18,229.07,262.11,87.39,40.30,81.34,268.42,846.28,191.24,227.28,84.14,39.75,86.31,279.78,851.54,624.97,715.98,87.29,39.47,218.21
2026-04-22 01:13:00,2026-04-22 01:13:59,*PQM,266.04,831.70,199.40,220.70,90.35,39.77,44.41,305.29,840.69,224.79,256.74,87.56,41.56,75.26,268.64,827.46,186.32,221.01,84.30,41.28,80.66,279.99,833.28,610.51,698.45,87.40,40.87,200.33
2026-04-22 01:14:00,2026-04-22 01:14:59,*PQM,266.06,818.44,197.39,219.03,90.12,40.12,44.09,305.31,833.33,223.30,255.52,87.39,41.80,75.03,268.70,817.08,184.02,219.26,83.92,41.60,80.75,280.02,822.95,604.71,693.81,87.15,41.17,199.87
2026-04-22 01:15:00,2026-04-22 01:15:59,*PQM,266.03,837.08,199.88,221.45,90.26,40.03,44.75,305.28,845.68,224.40,257.00,87.32,41.88,75.44,268.62,831.19,186.74,221.53,84.29,41.51,80.82,279.98,837.98,611.02,699.98,87.29,41.14,201.00
2026-04-22 01:16:00,2026-04-22 01:16:59,*PQM,265.89,819.79,197.20,219.05,90.03,40.10,44.28,305.21,836.90,223.71,256.08,87.36,41.65,74.91,268.42,813.24,184.87,220.59,83.81,41.41,81.60,279.84,823.31,605.78,695.72,87.06,41.05,200.78
2026-04-22 01:17:00,2026-04-22 01:17:59,*PQM,265.89,842.95,201.16,223.01,90.20,39.04,48.60,305.17,855.66,226.58,259.83,87.20,40.75,80.54,268.47,838.34,186.92,223.43,83.66,40.48,85.65,279.84,845.65,614.66,706.27,87.02,40.09,214.80
2026-04-22 01:18:00,2026-04-22 01:18:59,*PQM,265.89,840.26,201.15,222.98,90.21,38.97,48.66,305.20,851.15,226.59,259.84,87.20,40.72,80.43,268.46,837.44,186.99,223.49,83.67,40.47,85.71,279.85,842.95,614.73,706.31,87.03,40.05,214.80
2026-04-22 01:19:00,2026-04-22 01:19:59,*PQM,265.98,830.50,199.25,221.52,89.94,39.17,49.30,305.33,841.12,226.47,259.29,87.34,40.68,78.38,268.59,833.16,187.82,224.74,83.57,40.14,86.70,279.97,834.93,613.53,705.55,86.95,40.00,214.38
2026-04-22 01:20:00,2026-04-22 01:20:59,*PQM,265.79,857.55,206.52,228.81,90.26,38.16,51.79,305.03,871.16,233.18,266.87,87.38,39.73,83.16,268.39,855.92,193.44,230.67,83.86,39.33,89.69,279.74,861.54,633.14,726.35,87.16,39.07,224.64
2026-04-22 01:21:00,2026-04-22 01:21:59,*PQM,265.82,856.19,206.14,228.25,90.32,38.21,51.34,305.10,870.90,232.94,266.65,87.36,39.81,83.39,268.36,854.35,192.27,229.65,83.72,39.60,89.57,279.76,860.48,631.35,724.55,87.13,39.21,224.31
2026-04-22 01:22:00,2026-04-22 01:22:59,*PQM,265.93,868.94,208.74,231.18,90.29,38.02,52.19,305.23,877.42,235.41,269.44,87.37,39.83,83.88,268.50,861.89,195.10,232.56,83.89,39.40,90.15,279.89,869.42,639.25,733.17,87.19,39.08,226.22
2026-04-22 01:23:00,2026-04-22 01:23:59,*PQM,265.83,869.07,208.17,230.42,90.34,37.84,52.52,305.18,883.91,235.05,268.71,87.47,39.51,84.12,268.38,867.62,194.68,232.03,83.90,39.13,90.84,279.80,873.53,637.90,731.17,87.24,38.83,227.47
2026-04-22 01:24:00,2026-04-22 01:24:59,*PQM,265.81,873.49,209.76,231.88,90.46,37.63,52.09,305.13,890.18,236.38,269.91,87.58,39.42,84.33,268.36,871.56,195.51,232.80,83.98,39.02,90.63,279.77,878.41,641.65,734.59,87.34,38.69,227.06
2026-04-22 01:25:00,2026-04-22 01:25:59,*PQM,265.84,855.68,207.00,228.67,90.52,37.88,49.53,305.17,872.88,235.20,268.07,87.74,39.41,82.35,268.37,852.88,192.73,229.61,83.94,39.40,89.12,279.79,860.48,634.92,726.35,87.40,38.90,221.01
2026-04-22 01:26:00,2026-04-22 01:26:59,*PQM,265.80,869.84,209.49,230.68,90.82,37.49,49.59,305.18,886.00,237.52,270.32,87.87,38.99,83.05,268.40,862.42,194.51,231.23,84.12,38.94,89.40,279.79,872.75,641.52,732.23,87.60,38.47,222.04
2026-04-22 01:27:00,2026-04-22 01:27:59,*PQM,265.61,860.44,207.12,228.89,90.49,37.79,50.24,304.94,878.26,235.25,268.08,87.75,39.46,81.98,268.11,855.32,193.45,230.38,83.97,39.27,89.27,279.55,864.67,635.82,727.36,87.40,38.84,221.50
2026-04-22 01:28:00,2026-04-22 01:28:59,*PQM,265.84,867.02,209.15,230.75,90.64,37.66,49.84,305.18,887.21,237.28,270.27,87.79,39.24,82.81,268.38,860.95,194.33,231.54,83.93,39.14,89.70,279.80,871.73,640.76,732.56,87.45,38.68,222.34
2026-04-22 01:29:00,2026-04-22 01:29:59,*PQM,265.82,879.26,210.73,232.90,90.48,36.87,54.03,305.10,892.35,238.05,272.12,87.48,38.50,87.95,268.38,871.82,194.76,233.20,83.52,38.41,93.86,279.77,881.14,643.55,738.22,87.16,37.93,235.83
2026-04-22 01:30:00,2026-04-22 01:30:59,*PQM,265.63,885.02,213.33,235.68,90.52,36.16,56.05,304.89,899.82,240.96,275.49,87.46,37.65,90.70,268.20,877.35,197.04,236.05,83.47,37.67,96.35,279.57,887.40,651.33,747.22,87.15,37.16,243.10
2026-04-22 01:31:00,2026-04-22 01:31:59,*PQM,265.65,890.38,214.55,237.21,90.45,36.30,57.15,304.95,905.25,241.13,276.27,87.28,37.92,90.87,268.20,885.70,198.53,237.62,83.55,37.77,96.46,279.60,893.78,654.20,751.09,87.09,37.33,244.48
2026-04-22 01:32:00,2026-04-22 01:32:59,*PQM,265.84,869.68,209.18,231.14,90.50,37.05,54.15,305.07,881.59,235.51,269.51,87.39,38.58,86.98,268.29,862.39,193.68,230.93,83.87,38.47,92.04,279.73,871.22,638.38,731.58,87.25,38.03,233.18
2026-04-22 01:33:00,2026-04-22 01:33:59,*PQM,265.87,874.29,209.58,231.60,90.49,37.43,51.89,305.17,892.45,238.09,271.37,87.74,38.84,84.12,268.48,871.01,195.59,232.95,83.96,38.73,91.36,279.84,879.25,643.27,735.92,87.40,38.33,227.36
2026-04-22 01:34:00,2026-04-22 01:34:59,*PQM,265.74,899.81,216.03,238.95,90.42,36.59,56.05,305.09,918.57,244.58,279.58,87.49,38.26,90.34,268.34,898.08,200.71,240.14,83.59,37.88,96.82,279.72,905.49,661.32,758.67,87.17,37.58,243.21
2026-04-22 01:35:00,2026-04-22 01:35:59,*PQM,265.23,1026.47,243.60,274.72,88.67,35.50,81.77,304.70,1048.76,275.30,322.87,85.27,36.94,123.17,267.90,1026.74,223.82,277.83,80.56,36.56,128.44,279.28,1033.99,742.72,875.42,84.83,36.33,333.38
2026-04-22 01:36:00,2026-04-22 01:36:59,*PQM,265.26,1034.75,244.53,273.10,89.54,35.91,78.08,304.69,1058.04,276.34,320.44,86.24,37.37,118.22,267.86,1035.76,225.96,276.15,81.83,36.90,124.50,279.27,1042.85,746.84,869.69,85.87,36.73,320.80
2026-04-22 01:37:00,2026-04-22 01:37:59,*PQM,265.36,1019.40,239.02,269.17,88.80,36.48,78.27,304.83,1041.31,270.73,316.00,85.68,37.86,116.69,267.95,1020.58,221.59,273.24,81.10,37.32,123.68,279.38,1027.09,731.34,858.41,85.19,37.22,318.64
2026-04-22 01:38:00,2026-04-22 01:38:59,*PQM,265.36,1020.51,238.63,268.01,89.04,36.50,78.09,304.76,1039.81,269.15,314.05,85.70,37.99,117.36,268.01,1022.87,220.15,270.48,81.39,37.49,122.82,279.38,1027.73,727.93,852.54,85.38,37.33,318.27
2026-04-22 01:39:00,2026-04-22 01:39:59,*PQM,265.43,1016.01,238.99,268.82,88.90,36.16,79.76,304.83,1040.45,270.09,316.52,85.33,37.55,120.99,268.02,1014.79,219.03,271.14,80.78,37.15,125.75,279.43,1023.75,728.10,856.47,85.01,36.95,326.50
2026-04-22 01:40:00,2026-04-22 01:40:59,*PQM,265.46,1072.80,247.58,277.66,89.17,35.10,85.61,304.97,1095.35,277.68,324.90,85.47,36.64,129.00,268.19,1067.49,225.82,278.88,80.97,36.20,131.52,279.54,1078.55,751.09,881.45,85.20,35.98,346.14
2026-04-22 01:41:00,2026-04-22 01:41:59,*PQM,265.59,1055.66,251.28,283.14,88.75,35.61,87.14,305.20,1075.54,282.35,331.59,85.15,37.16,129.11,268.30,1056.24,230.92,286.07,80.72,36.54,133.57,279.70,1062.48,764.56,900.79,84.87,36.44,349.82
2026-04-22 01:42:00,2026-04-22 01:42:59,*PQM,265.61,1051.82,249.08,279.47,89.13,35.22,85.32,305.23,1074.82,280.20,328.28,85.36,36.68,128.84,268.27,1049.42,227.68,281.65,80.84,36.28,132.37,279.70,1058.69,756.97,889.41,85.11,36.06,346.53
2026-04-22 01:43:00,2026-04-22 01:43:59,*PQM,265.78,1048.61,249.24,281.41,88.57,35.29,86.67,305.33,1070.82,278.95,328.89,84.82,36.89,129.20,268.49,1043.22,227.98,283.15,80.52,36.23,132.30,279.87,1054.22,756.17,893.45,84.63,36.14,348.17
2026-04-22 01:44:00,2026-04-22 01:44:59,*PQM,265.73,1066.33,249.95,281.16,88.90,35.47,87.38,305.35,1083.10,280.87,329.20,85.32,37.06,129.44,268.42,1065.99,229.68,283.92,80.90,36.43,133.57,279.83,1071.81,760.49,894.28,85.04,36.32,350.40
2026-04-22 01:45:00,2026-04-22 01:45:59,*PQM,265.74,1071.38,253.19,286.40,88.40,35.82,87.52,305.46,1094.47,286.92,337.11,85.11,37.18,129.18,268.52,1082.74,234.74,291.79,80.45,36.40,136.06,279.91,1082.86,774.85,915.30,84.66,36.47,352.77
2026-04-22 01:46:00,2026-04-22 01:46:59,*PQM,266.27,879.42,208.66,232.84,89.62,38.31,58.10,305.89,896.29,236.50,272.77,86.71,39.97,90.33,268.94,883.48,195.72,236.37,82.81,39.21,97.34,280.37,886.39,640.89,741.97,86.38,39.16,245.77
2026-04-22 01:47:00,2026-04-22 01:47:59,*PQM,266.27,866.35,206.85,230.51,89.74,38.59,55.85,305.85,884.35,234.32,269.76,86.86,40.20,87.06,269.03,876.79,194.37,233.97,83.08,39.48,94.26,280.38,875.83,635.53,734.23,86.56,39.42,237.17
2026-04-22 01:48:00,2026-04-22 01:48:59,*PQM,266.43,857.67,205.17,229.51,89.39,38.02,57.26,306.03,875.22,232.94,269.35,86.48,39.51,88.85,269.12,859.25,192.38,232.97,82.57,38.89,95.91,280.53,864.05,630.48,731.83,86.15,38.81,242.02
2026-04-22 01:49:00,2026-04-22 01:49:59,*PQM,266.39,870.13,207.11,231.53,89.45,38.95,57.52,306.01,893.71,236.56,272.50,86.81,40.48,88.74,269.02,881.26,195.13,236.04,82.67,39.62,97.18,280.47,881.70,638.79,740.06,86.31,39.68,243.44
2026-04-22 01:50:00,2026-04-22 01:50:59,*PQM,266.32,870.87,208.51,232.66,89.62,38.63,56.93,306.06,890.57,236.69,273.07,86.68,40.17,89.48,269.14,868.97,194.74,235.38,82.74,39.73,96.33,280.51,876.80,639.95,741.11,86.35,39.51,242.73
2026-04-22 01:51:00,2026-04-22 01:51:59,*PQM,266.41,868.16,208.03,232.31,89.55,38.51,57.25,306.08,888.06,235.09,271.69,86.53,40.20,89.27,269.22,872.45,194.65,234.99,82.83,39.57,95.62,280.57,876.22,637.76,738.98,86.30,39.43,242.14
2026-04-22 01:52:00,2026-04-22 01:52:59,*PQM,266.32,860.64,206.57,230.68,89.55,38.79,56.97,305.92,886.16,235.27,271.08,86.79,40.21,88.14,269.04,874.14,194.48,234.89,82.80,39.45,96.10,280.43,873.65,636.32,736.65,86.38,39.48,241.21
2026-04-22 01:53:00,2026-04-22 01:53:59,*PQM,266.31,877.64,209.24,233.57,89.58,38.18,58.28,305.83,897.10,237.39,273.72,86.73,39.71,91.32,269.04,885.84,196.48,237.02,82.89,39.04,97.74,280.39,886.86,643.10,744.31,86.40,38.98,247.33
2026-04-22 01:54:00,2026-04-22 01:54:59,*PQM,266.24,874.14,208.90,232.80,89.73,38.10,57.94,305.79,896.75,236.32,272.97,86.57,39.58,92.08,268.85,875.64,194.73,235.31,82.75,39.13,97.24,280.29,882.17,639.96,741.09,86.35,38.94,247.26
2026-04-22 01:55:00,2026-04-22 01:55:59,*PQM,266.39,855.29,204.11,227.98,89.53,38.77,56.18,305.95,878.50,232.86,269.01,86.56,40.03,89.52,269.04,861.67,191.45,231.74,82.61,39.61,95.93,280.46,865.16,628.42,728.73,86.23,39.47,241.63
2026-04-22 01:56:00,2026-04-22 01:56:59,*PQM,266.00,971.90,229.26,258.47,88.70,37.61,73.77,305.69,1006.46,262.57,306.95,85.54,38.65,112.95,268.60,983.57,212.72,262.76,80.96,38.26,118.41,280.10,987.31,704.55,828.18,85.07,38.17,305.13
2026-04-22 01:57:00,2026-04-22 01:57:59,*PQM,265.74,1030.92,243.00,274.14,88.64,36.52,80.97,305.42,1066.67,276.61,324.82,85.16,37.53,124.08,268.43,1031.86,223.61,277.33,80.63,37.34,127.91,279.86,1043.15,743.22,876.28,84.81,37.13,332.96
2026-04-22 01:58:00,2026-04-22 01:58:59,*PQM,265.81,1048.62,246.90,277.97,88.82,36.72,81.03,305.45,1084.39,281.79,329.17,85.61,37.68,123.78,268.52,1055.32,227.52,281.19,80.91,37.39,128.62,279.93,1062.78,756.20,888.33,85.11,37.26,333.44
2026-04-22 01:59:00,2026-04-22 01:59:59,*PQM,265.79,1047.73,248.25,279.68,88.76,36.46,81.57,305.46,1077.52,281.78,329.86,85.42,37.63,123.77,268.48,1050.18,229.17,283.22,80.92,37.16,128.79,279.91,1058.47,759.20,892.77,85.03,37.08,334.13
2026-04-22 02:00:00,2026-04-22 02:00:59,*PQM,265.48,1021.42,240.35,272.44,88.22,36.74,80.57,305.08,1048.04,273.68,321.76,85.06,37.83,120.98,268.23,1022.85,222.69,276.77,80.46,37.36,126.69,279.60,1030.77,736.72,870.97,84.58,37.31,328.24
2026-04-22 02:01:00,2026-04-22 02:01:59,*PQM,265.52,1032.72,243.32,274.41,88.67,36.97,78.88,305.09,1058.79,275.96,322.91,85.46,38.13,119.85,268.28,1035.16,225.23,278.00,81.02,37.66,125.04,279.63,1042.22,744.52,875.32,85.05,37.59,323.77
2026-04-22 02:02:00,2026-04-22 02:02:59,*PQM,266.20,885.33,211.62,235.01,90.05,38.74,53.98,305.71,901.30,239.03,274.68,87.02,40.30,87.57,268.83,881.59,197.60,236.34,83.61,39.83,92.88,280.25,889.41,648.26,746.03,86.89,39.62,234.44
2026-04-22 02:03:00,2026-04-22 02:03:59,*PQM,266.33,850.35,204.99,227.11,90.26,39.06,49.99,305.87,866.42,232.08,265.88,87.29,40.55,82.57,268.99,847.85,191.36,228.21,83.85,40.11,88.10,280.40,854.88,628.43,721.20,87.13,39.91,220.66
2026-04-22 02:04:00,2026-04-22 02:04:59,*PQM,266.37,839.94,202.16,224.62,90.00,39.50,49.50,305.95,855.47,230.10,263.39,87.36,40.99,80.27,269.10,839.45,190.07,226.99,83.73,40.40,87.29,280.47,844.95,622.33,714.99,87.03,40.30,217.06
2026-04-22 02:05:00,2026-04-22 02:05:59,*PQM,266.20,860.49,204.56,227.44,89.94,38.51,54.30,305.73,869.79,229.88,264.52,86.90,40.28,85.83,269.02,851.42,190.99,228.65,83.53,39.64,90.73,280.32,860.57,625.43,720.61,86.79,39.48,230.87
2026-04-22 02:06:00,2026-04-22 02:06:59,*PQM,266.09,846.47,203.80,226.35,90.04,38.71,52.31,305.55,865.55,230.04,265.19,86.75,40.11,86.37,268.66,841.06,188.30,226.38,83.18,39.93,90.52,280.10,851.03,622.14,717.92,86.65,39.58,229.21
2026-04-22 02:07:00,2026-04-22 02:07:59,*PQM,266.09,864.30,207.38,230.41,90.00,37.86,55.48,305.53,874.95,232.19,267.64,86.75,39.58,89.14,268.76,854.70,191.65,229.75,83.42,39.21,92.41,280.13,864.65,631.22,727.81,86.72,38.88,237.04
2026-04-22 02:08:00,2026-04-22 02:08:59,*PQM,266.18,875.45,206.94,231.31,89.47,38.00,60.91,305.64,885.26,231.99,269.16,86.19,39.69,93.18,268.83,868.13,192.13,232.63,82.59,38.90,97.68,280.22,876.28,631.07,733.10,86.08,38.86,251.77
2026-04-22 02:09:00,2026-04-22 02:09:59,*PQM,266.21,846.08,201.62,226.59,88.98,38.34,61.19,305.64,855.65,225.10,262.56,85.73,40.15,92.72,268.91,840.86,186.90,227.45,82.18,39.44,96.44,280.25,847.53,613.62,716.59,85.63,39.31,250.36
2026-04-22 02:10:00,2026-04-22 02:10:59,*PQM,266.13,846.01,200.40,224.61,89.22,38.83,57.82,305.52,856.43,224.09,260.50,86.02,40.65,89.64,268.82,841.54,185.86,225.31,82.49,39.89,93.41,280.16,847.99,610.35,710.42,85.91,39.79,240.87
2026-04-22 02:11:00,2026-04-22 02:11:59,*PQM,266.17,867.58,206.45,230.61,89.52,37.56,60.58,305.56,874.31,229.86,266.77,86.16,39.37,92.99,268.92,857.97,191.24,231.08,82.76,38.73,96.58,280.22,866.62,627.55,728.47,86.15,38.55,250.15
2026-04-22 02:12:00,2026-04-22 02:12:59,*PQM,265.62,1033.06,243.98,275.08,88.70,36.60,82.40,305.25,1056.69,275.27,322.58,85.33,38.00,122.28,268.46,1038.20,225.72,278.86,80.94,37.36,127.80,279.78,1042.65,744.96,876.51,84.99,37.32,332.47
2026-04-22 02:13:00,2026-04-22 02:13:59,*PQM,265.62,971.46,232.09,264.31,87.81,37.70,77.03,305.20,993.46,261.98,310.39,84.40,39.02,116.74,268.42,971.55,213.47,266.69,80.05,38.57,120.88,279.75,978.82,707.54,841.39,84.09,38.43,314.65
2026-04-22 02:14:00,2026-04-22 02:14:59,*PQM,265.73,986.17,231.98,262.99,88.21,38.21,75.65,305.25,1004.13,262.56,308.27,85.17,39.57,112.90,268.49,988.54,215.45,266.74,80.77,38.89,119.10,279.82,992.95,710.00,838.00,84.72,38.89,307.64
2026-04-22 02:15:00,2026-04-22 02:15:59,*PQM,265.51,995.84,233.55,263.94,88.49,38.11,75.05,305.01,1019.43,263.76,309.87,85.12,39.49,114.55,268.31,992.24,215.29,266.48,80.79,39.10,119.22,279.61,1002.50,712.60,840.28,84.80,38.90,308.83
2026-04-22 02:16:00,2026-04-22 02:16:59,*PQM,265.45,1022.72,242.34,272.23,89.02,37.96,75.92,304.97,1044.32,274.02,319.19,85.85,39.29,114.90,268.31,1022.04,225.02,275.49,81.68,38.87,121.13,279.58,1029.69,741.39,866.90,85.52,38.71,311.95
2026-04-22 02:17:00,2026-04-22 02:17:59,*PQM,265.65,1021.27,240.68,270.84,88.87,37.72,75.50,305.12,1042.19,272.73,318.13,85.73,39.09,114.85,268.40,1021.00,223.05,274.12,81.37,38.57,121.05,279.72,1028.15,736.47,863.09,85.32,38.46,311.40
2026-04-22 02:18:00,2026-04-22 02:18:59,*PQM,266.15,873.99,210.24,233.77,89.93,38.84,53.71,305.60,890.79,237.21,272.44,87.07,40.53,86.93,268.73,868.61,195.67,234.55,83.42,40.08,92.22,280.16,877.79,643.12,740.76,86.81,39.82,232.86
2026-04-22 02:19:00,2026-04-22 02:19:59,*PQM,266.20,844.12,202.55,224.99,90.03,39.19,50.43,305.65,861.63,228.97,262.77,87.14,40.92,82.00,268.88,843.02,189.08,226.29,83.56,40.56,87.99,280.24,849.59,620.60,714.04,86.91,40.22,220.42
2026-04-22 02:20:00,2026-04-22 02:20:59,*PQM,266.18,845.29,201.77,224.38,89.92,39.31,50.09,305.61,862.41,229.15,262.64,87.25,40.76,81.05,268.91,843.86,189.21,226.38,83.58,40.34,88.06,280.23,850.52,620.13,713.40,86.92,40.14,219.21
2026-04-22 02:21:00,2026-04-22 02:21:59,*PQM,266.09,854.77,205.51,228.29,90.02,38.42,51.98,305.54,875.13,233.32,267.73,87.15,39.85,84.81,268.78,853.95,191.24,229.18,83.44,39.69,89.99,280.14,861.28,630.07,725.21,86.87,39.32,226.77
2026-04-22 02:22:00,2026-04-22 02:22:59,*PQM,266.10,867.34,207.49,230.14,90.16,37.79,54.31,305.45,877.55,233.99,269.11,86.95,39.28,88.96,268.76,856.58,191.82,230.12,83.36,39.13,92.29,280.10,867.16,633.30,729.37,86.82,38.73,235.56
2026-04-22 02:23:00,2026-04-22 02:23:59,*PQM,266.28,869.54,208.11,230.96,90.11,38.03,54.85,305.65,888.39,235.40,270.25,87.11,39.58,88.30,268.80,861.55,193.66,231.99,83.48,39.08,93.07,280.24,873.16,637.17,733.20,86.90,38.90,236.22
2026-04-22 02:24:00,2026-04-22 02:24:59,*PQM,266.34,837.80,200.83,223.13,90.00,39.35,50.15,305.71,849.27,225.78,259.79,86.91,41.06,82.04,268.91,834.33,186.88,223.60,83.58,40.45,86.68,280.32,840.47,613.49,706.52,86.83,40.29,218.87
2026-04-22 02:25:00,2026-04-22 02:25:59,*PQM,266.31,837.83,201.53,224.10,89.93,39.42,50.10,305.67,850.19,227.59,261.75,86.95,41.04,82.16,268.89,835.15,187.93,225.24,83.44,40.46,87.50,280.29,841.06,617.06,711.09,86.77,40.31,219.76
2026-04-22 02:26:00,2026-04-22 02:26:59,*PQM,266.39,815.37,195.32,217.13,89.96,40.38,45.97,305.73,826.34,220.16,252.91,87.05,42.31,75.39,268.97,809.43,183.99,219.13,83.96,41.36,81.86,280.36,817.04,599.46,689.17,86.99,41.35,203.22
2026-04-22 02:27:00,2026-04-22 02:27:59,*PQM,266.50,818.55,194.92,216.90,89.86,40.57,47.17,305.90,834.09,220.41,253.09,87.09,42.38,75.74,269.06,816.36,183.60,219.33,83.71,41.46,82.85,280.49,823.00,598.93,689.32,86.89,41.47,205.75
2026-04-22 02:28:00,2026-04-22 02:28:59,*PQM,266.51,822.23,197.30,219.39,89.93,40.25,46.62,305.96,836.43,223.57,256.54,87.15,41.77,77.14,269.19,824.59,185.12,220.84,83.82,41.34,83.61,280.55,827.75,605.98,696.77,86.97,41.12,207.36
2026-04-22 02:29:00,2026-04-22 02:29:59,*PQM,266.47,815.22,194.72,216.29,90.03,40.95,43.58,305.93,831.39,221.21,253.60,87.23,42.58,73.60,269.09,812.11,182.82,217.84,83.92,42.07,80.54,280.50,819.57,598.75,687.72,87.06,41.87,197.72
2026-04-22 02:30:00,2026-04-22 02:30:59,*PQM,266.30,845.50,200.63,223.18,89.90,40.23,47.94,305.76,863.77,228.97,262.78,87.13,41.74,79.19,268.95,842.71,188.62,225.96,83.47,41.34,87.01,280.34,850.66,618.22,711.93,86.83,41.10,214.14
2026-04-22 02:31:00,2026-04-22 02:31:59,*PQM,266.18,854.40,204.00,227.16,89.81,40.39,49.35,305.75,877.78,232.43,266.54,87.20,42.06,79.97,268.79,856.58,192.25,230.41,83.44,41.33,88.04,280.24,862.92,628.68,724.11,86.82,41.26,217.35
2026-04-22 02:32:00,2026-04-22 02:32:59,*PQM,266.39,841.13,201.85,224.29,90.00,39.23,50.46,305.87,857.12,227.44,261.74,86.90,40.93,82.42,269.09,839.55,188.26,225.50,83.49,40.49,87.90,280.45,845.93,617.55,711.53,86.79,40.22,220.78
2026-04-22 02:33:00,2026-04-22 02:33:59,*PQM,266.36,831.85,201.02,223.37,90.00,39.13,50.54,305.75,845.60,226.31,260.21,86.97,40.77,82.34,269.00,828.04,187.45,224.29,83.57,40.19,87.68,280.37,835.16,614.78,707.86,86.85,40.03,220.56
2026-04-22 02:34:00,2026-04-22 02:34:59,*PQM,266.26,844.97,201.82,224.72,89.81,38.87,52.94,305.70,858.31,228.24,262.67,86.89,40.40,84.23,268.88,839.39,188.68,226.71,83.22,39.90,90.50,280.28,847.56,618.74,714.10,86.64,39.72,227.68
2026-04-22 02:35:00,2026-04-22 02:35:59,*PQM,266.39,843.33,201.34,224.35,89.74,39.50,51.82,305.79,851.79,226.57,260.52,86.97,41.26,81.45,269.03,841.65,189.11,226.31,83.56,40.43,87.83,280.40,845.59,617.02,711.19,86.76,40.40,221.10
2026-04-22 02:36:00,2026-04-22 02:36:59,*PQM,266.42,855.83,204.28,227.19,89.92,39.49,51.21,305.78,867.27,230.61,264.73,87.11,41.06,81.71,269.13,853.10,191.49,229.10,83.59,40.30,88.72,280.44,858.73,626.38,721.02,86.87,40.28,221.64
2026-04-22 02:37:00,2026-04-22 02:37:59,*PQM,266.47,850.49,204.71,227.34,90.05,39.26,51.17,305.84,863.73,230.74,264.85,87.12,40.88,82.32,269.15,849.64,191.54,228.93,83.67,40.31,88.85,280.49,854.62,626.99,721.13,86.94,40.15,222.34
2026-04-22 02:38:00,2026-04-22 02:38:59,*PQM,266.49,842.99,200.74,223.26,89.91,40.27,47.85,305.93,849.41,226.37,259.41,87.27,42.13,76.02,269.24,840.89,189.72,225.54,84.12,41.20,84.03,280.55,844.43,616.83,708.21,87.10,41.20,207.90
2026-04-22 02:39:00,2026-04-22 02:39:59,*PQM,266.49,835.15,200.36,222.55,90.03,40.23,46.78,305.95,844.26,225.83,258.86,87.24,42.05,76.32,269.23,826.91,188.04,223.82,84.01,41.39,83.09,280.56,835.44,614.22,705.23,87.09,41.22,206.19
2026-04-22 02:40:00,2026-04-22 02:40:59,*PQM,266.37,820.30,196.20,218.34,89.86,40.80,45.47,305.86,839.03,223.76,256.04,87.39,42.41,74.47,268.97,823.52,185.25,221.06,83.80,41.74,82.99,280.40,827.62,605.20,695.43,87.02,41.65,202.93
2026-04-22 02:41:00,2026-04-22 02:41:59,*PQM,266.40,817.23,196.81,218.97,89.88,40.61,46.33,305.83,833.43,222.14,254.90,87.15,42.43,75.29,269.01,819.33,185.01,220.54,83.89,41.78,82.12,280.41,823.33,603.96,694.41,86.97,41.61,203.74
2026-04-22 02:42:00,2026-04-22 02:42:59,*PQM,266.28,851.28,204.44,227.90,89.70,38.42,55.99,305.68,859.75,230.17,265.18,86.79,40.12,86.15,268.89,849.75,191.43,229.90,83.27,39.41,92.84,280.28,853.59,626.03,722.98,86.59,39.32,234.99
2026-04-22 02:43:00,2026-04-22 02:43:59,*PQM,266.29,867.92,207.12,230.17,89.99,38.09,54.88,305.68,878.05,232.90,268.14,86.86,39.78,88.38,268.93,859.37,191.47,229.97,83.26,39.49,92.86,280.30,868.45,631.48,728.28,86.70,39.12,236.12
2026-04-22 02:44:00,2026-04-22 02:44:59,*PQM,266.31,864.87,206.93,229.97,89.98,38.20,55.05,305.73,877.44,232.57,267.86,86.82,39.92,88.23,268.93,857.08,191.56,230.13,83.24,39.60,92.98,280.32,866.46,631.06,727.97,86.68,39.24,236.26
2026-04-22 02:45:00,2026-04-22 02:45:59,*PQM,266.29,855.24,205.29,228.40,89.88,38.89,54.32,305.71,871.58,231.24,266.17,86.88,40.46,86.28,268.89,851.75,191.30,229.69,83.29,39.99,92.08,280.30,859.52,627.83,724.26,86.68,39.78,232.68
2026-04-22 02:46:00,2026-04-22 02:46:59,*PQM,266.31,849.92,202.88,226.36,89.63,39.07,53.93,305.74,869.07,230.06,264.19,87.08,40.60,83.18,268.91,856.63,191.86,230.10,83.38,39.79,91.56,280.32,858.54,624.80,720.65,86.70,39.82,228.67
2026-04-22 02:47:00,2026-04-22 02:47:59,*PQM,266.54,835.67,201.22,224.32,89.70,39.18,53.13,306.04,851.05,227.28,261.70,86.85,40.76,83.88,269.25,835.76,188.11,226.27,83.13,40.26,90.51,280.61,840.83,616.60,712.29,86.56,40.07,227.52
2026-04-22 02:48:00,2026-04-22 02:48:59,*PQM,266.54,861.08,205.42,228.18,90.03,38.74,52.72,306.04,877.82,233.21,267.29,87.25,40.15,84.54,269.22,854.54,192.18,230.28,83.45,39.75,91.74,280.60,864.48,630.81,725.75,86.91,39.55,228.99
2026-04-22 02:49:00,2026-04-22 02:49:59,*PQM,266.54,824.16,197.95,220.39,89.82,39.73,50.03,306.16,838.23,225.51,258.72,87.17,41.21,80.05,269.36,829.32,185.97,223.55,83.19,40.73,88.01,280.69,830.57,609.43,702.66,86.72,40.56,218.09
2026-04-22 02:50:00,2026-04-22 02:50:59,*PQM,266.57,806.60,193.84,216.14,89.68,41.04,45.89,306.10,825.74,221.21,253.53,87.25,42.45,73.89,269.21,809.66,183.69,219.51,83.68,41.73,82.49,280.63,814.00,598.73,689.18,86.87,41.74,202.26
2026-04-22 02:51:00,2026-04-22 02:51:59,*PQM,266.72,807.67,194.43,216.09,89.97,40.57,45.25,306.16,827.16,221.33,253.55,87.29,41.94,75.27,269.36,801.54,181.62,216.93,83.72,41.81,81.23,280.75,812.12,597.38,686.58,87.00,41.44,201.75
2026-04-22 02:52:00,2026-04-22 02:52:59,*PQM,266.68,819.42,197.70,219.68,90.00,39.96,47.25,306.14,841.40,225.13,258.05,87.25,41.27,78.69,269.25,813.83,184.38,220.71,83.54,41.17,84.46,280.69,824.88,607.22,698.44,86.93,40.80,210.41
2026-04-22 02:53:00,2026-04-22 02:53:59,*PQM,266.71,801.29,192.70,214.51,89.83,40.88,45.21,306.18,817.38,218.84,251.14,87.14,42.30,75.10,269.35,797.65,180.14,215.41,83.63,42.02,81.02,280.75,805.44,591.68,681.06,86.87,41.73,201.33
2026-04-22 02:54:00,2026-04-22 02:54:59,*PQM,266.73,808.65,193.73,216.14,89.63,41.03,45.76,306.26,823.53,220.16,252.83,87.08,42.73,74.17,269.38,810.44,183.05,218.71,83.69,42.03,81.98,280.79,814.21,596.94,687.68,86.80,41.93,201.91
2026-04-22 02:55:00,2026-04-22 02:55:59,*PQM,266.72,804.69,191.73,214.20,89.51,40.85,47.19,306.19,819.82,217.52,250.53,86.82,42.39,76.43,269.37,799.68,179.92,216.31,83.18,41.83,83.21,280.76,808.06,589.17,681.03,86.50,41.69,206.83
2026-04-22 02:56:00,2026-04-22 02:56:59,*PQM,266.68,795.31,189.66,212.15,89.40,41.38,47.46,306.10,810.21,214.24,247.90,86.43,43.00,76.79,269.35,791.96,177.38,213.60,83.04,42.43,82.69,280.71,799.16,581.29,673.65,86.29,42.27,206.94
2026-04-22 02:57:00,2026-04-22 02:57:59,*PQM,266.78,811.34,193.41,216.12,89.50,40.98,47.67,306.24,830.05,219.21,252.61,86.78,42.43,77.11,269.47,806.42,181.46,218.20,83.16,41.95,83.82,280.83,815.94,594.09,686.93,86.48,41.79,208.61
2026-04-22 02:58:00,2026-04-22 02:58:59,*PQM,266.87,776.14,183.56,206.32,88.97,41.92,47.40,306.38,793.78,207.94,241.41,86.14,43.56,75.58,269.55,771.12,171.97,208.42,82.51,42.87,82.03,280.93,780.35,563.48,656.15,85.87,42.78,205.00
2026-04-22 02:59:00,2026-04-22 02:59:59,*PQM,266.98,781.94,186.66,208.51,89.52,40.89,46.88,306.40,793.01,210.08,242.89,86.49,42.47,76.55,269.59,774.23,173.24,208.68,83.02,42.06,81.43,280.99,783.06,569.98,660.08,86.34,41.80,204.86
2026-04-22 03:00:00,2026-04-22 03:00:59,*PQM,266.46,916.21,219.41,244.24,89.83,39.92,53.47,305.98,923.43,248.89,283.99,87.64,41.70,81.65,269.19,917.00,209.57,248.67,84.28,40.72,92.52,280.54,918.88,677.87,776.90,87.25,40.78,227.64
2026-04-22 03:01:00,2026-04-22 03:01:59,*PQM,266.72,833.14,198.26,222.85,88.96,41.65,50.97,306.25,838.05,221.62,258.17,85.84,43.68,80.46,269.46,827.31,184.88,223.38,82.76,42.86,85.74,280.81,832.83,604.76,704.40,85.86,42.73,217.17
2026-04-22 03:02:00,2026-04-22 03:02:59,*PQM,266.81,803.02,189.39,213.91,88.54,42.49,50.69,306.23,804.94,209.57,246.33,85.08,44.78,80.32,269.43,786.51,175.10,212.60,82.36,43.92,82.48,280.82,798.16,574.06,672.83,85.33,43.73,213.49
2026-04-22 03:03:00,2026-04-22 03:03:59,*PQM,266.75,780.14,184.53,208.85,88.35,43.04,49.76,306.16,785.85,204.32,241.12,84.74,45.19,79.56,269.41,767.82,169.99,207.60,81.89,44.53,81.12,280.77,777.94,558.84,657.57,84.99,44.25,210.43
2026-04-22 03:04:00,2026-04-22 03:04:59,*PQM,266.98,682.28,158.12,182.12,86.82,46.20,46.85,306.40,690.64,175.08,211.08,82.95,48.33,73.74,269.55,670.34,144.50,180.94,79.86,47.65,74.03,280.98,681.08,477.70,574.14,83.21,47.39,194.62
2026-04-22 03:05:00,2026-04-22 03:05:59,*PQM,267.13,662.16,152.92,176.15,86.82,46.82,43.99,306.51,667.49,169.06,204.22,82.78,49.05,70.43,269.71,646.65,139.67,174.48,80.05,48.42,69.93,281.12,658.77,461.65,554.85,83.22,48.10,184.36
2026-04-22 03:06:00,2026-04-22 03:06:59,*PQM,266.97,663.94,154.77,177.79,87.05,44.65,47.19,306.43,671.06,170.04,206.04,82.53,46.81,75.66,269.54,647.15,138.71,174.83,79.34,46.75,74.68,280.98,660.71,463.52,558.66,82.97,46.07,197.53
2026-04-22 03:07:00,2026-04-22 03:07:59,*PQM,266.89,696.62,163.53,186.73,87.58,44.01,47.63,306.41,705.02,180.69,216.57,83.43,46.27,76.25,269.47,688.30,148.27,184.82,80.22,45.83,76.84,280.92,696.65,492.49,588.12,83.74,45.37,200.72
2026-04-22 03:08:00,2026-04-22 03:08:59,*PQM,266.88,720.11,167.23,191.63,87.27,44.48,49.36,306.40,728.58,185.72,222.72,83.39,46.56,77.54,269.49,707.71,152.48,190.77,79.93,46.17,79.30,280.92,718.80,505.43,605.12,83.53,45.74,206.21
2026-04-22 03:09:00,2026-04-22 03:09:59,*PQM,266.87,732.08,171.43,194.86,87.97,44.10,46.61,306.44,734.56,189.11,224.92,84.08,46.73,75.11,269.49,713.74,156.24,192.62,81.11,46.24,75.90,280.93,726.79,516.78,612.40,84.39,45.69,197.62
2026-04-22 03:10:00,2026-04-22 03:10:59,*PQM,266.93,672.41,156.72,180.37,86.89,46.00,45.17,306.41,681.50,172.68,208.80,82.70,48.48,73.09,269.60,660.39,141.35,177.64,79.57,48.24,72.68,280.98,671.43,470.75,566.81,83.05,47.57,190.94
2026-04-22 03:11:00,2026-04-22 03:11:59,*PQM,267.20,658.13,153.51,176.79,86.83,46.13,44.35,306.79,667.84,169.41,205.01,82.63,48.46,71.78,269.84,644.90,138.48,174.47,79.37,48.44,71.63,281.28,656.96,461.40,556.27,82.95,47.68,187.76
2026-04-22 03:12:00,2026-04-22 03:12:59,*PQM,267.03,674.57,156.80,180.34,86.95,45.04,47.30,306.65,680.40,173.47,208.85,83.06,47.40,73.26,269.83,664.44,143.22,179.56,79.76,47.06,74.66,281.17,673.14,473.49,568.74,83.26,46.50,195.23
2026-04-22 03:13:00,2026-04-22 03:13:59,*PQM,267.06,696.08,162.36,185.72,87.42,45.34,45.15,306.71,704.32,180.70,216.54,83.45,47.44,73.97,269.78,684.55,147.54,184.40,80.01,47.42,74.95,281.18,694.98,490.60,586.66,83.63,46.73,194.07
2026-04-22 03:14:00,2026-04-22 03:14:59,*PQM,267.07,705.25,164.41,187.61,87.63,46.20,41.85,306.66,713.97,183.53,218.41,84.03,48.43,69.76,269.75,691.33,150.67,186.36,80.85,48.25,71.62,281.16,703.52,498.61,592.38,84.17,47.63,183.24
2026-04-22 03:15:00,2026-04-22 03:15:59,*PQM,267.05,721.59,169.33,192.22,88.09,46.11,40.03,306.70,730.79,190.09,224.04,84.84,48.30,67.38,269.79,713.88,157.10,192.27,81.71,47.91,70.95,281.18,722.09,516.51,608.53,84.88,47.44,178.35
2026-04-22 03:16:00,2026-04-22 03:16:59,*PQM,267.03,689.49,161.89,184.78,87.61,47.38,39.12,306.71,705.74,182.95,217.07,84.28,49.31,65.93,269.68,688.74,151.07,186.24,81.11,48.85,69.96,281.14,694.66,495.90,588.10,84.33,48.51,175.01
2026-04-22 03:17:00,2026-04-22 03:17:59,*PQM,267.15,661.17,153.36,176.44,86.92,48.73,38.53,306.78,674.11,171.92,206.72,83.17,50.78,65.53,269.75,652.71,141.18,176.21,80.12,50.59,67.26,281.23,662.67,466.47,559.37,83.40,50.03,171.32
2026-04-22 03:18:00,2026-04-22 03:18:59,*PQM,267.02,718.50,166.21,190.97,87.04,45.54,48.62,306.62,730.07,184.98,223.00,82.95,47.63,78.51,269.62,708.46,151.79,190.50,79.68,47.15,79.10,281.09,719.01,502.97,604.46,83.22,46.77,206.23
2026-04-22 03:19:00,2026-04-22 03:19:59,*PQM,266.35,894.76,206.15,237.84,86.68,41.67,76.03,306.03,923.84,231.91,281.12,82.50,42.91,114.85,269.09,897.53,187.37,240.58,77.88,42.50,116.22,280.49,905.37,625.43,759.54,82.35,42.36,307.09
2026-04-22 03:20:00,2026-04-22 03:20:59,*PQM,266.43,905.05,210.94,244.50,86.28,40.96,76.40,306.14,926.41,236.55,287.26,82.35,42.52,114.61,269.09,906.12,192.86,246.98,78.09,41.89,116.27,280.55,912.53,640.35,778.73,82.24,41.79,307.28
2026-04-22 03:21:00,2026-04-22 03:21:59,*PQM,266.47,884.66,204.68,238.36,85.87,41.42,77.05,306.09,905.23,229.19,280.45,81.72,42.79,114.79,269.16,883.80,185.30,239.86,77.25,42.49,115.39,280.57,891.23,619.17,758.67,81.61,42.23,307.22
2026-04-22 03:22:00,2026-04-22 03:22:59,*PQM,266.38,896.84,210.35,243.43,86.41,39.91,77.92,306.03,920.04,235.90,287.41,82.08,41.17,118.24,269.08,891.56,189.34,244.28,77.51,41.07,118.08,280.50,902.81,635.59,775.12,82.00,40.72,314.24
2026-04-22 03:23:00,2026-04-22 03:23:59,*PQM,266.06,972.58,227.33,260.71,87.20,38.07,84.27,305.74,1002.62,256.81,308.02,83.37,39.13,125.89,268.77,969.60,206.44,262.29,78.70,39.10,126.87,280.19,981.60,690.57,831.02,83.09,38.77,337.02
2026-04-22 03:24:00,2026-04-22 03:24:59,*PQM,266.15,965.30,223.60,255.88,87.38,38.22,82.91,305.85,995.77,252.23,302.99,83.25,39.22,125.89,268.83,959.82,201.51,256.65,78.52,39.42,125.65,280.28,973.63,677.34,815.52,83.05,38.95,334.46
2026-04-22 03:25:00,2026-04-22 03:25:59,*PQM,266.12,978.89,226.45,259.43,87.29,38.20,83.72,305.83,1008.35,256.20,307.29,83.37,39.15,126.42,268.86,974.47,204.82,261.11,78.44,39.34,127.12,280.27,987.24,687.46,827.83,83.03,38.90,337.26
2026-04-22 03:26:00,2026-04-22 03:26:59,*PQM,266.30,971.30,227.25,259.73,87.50,38.68,82.49,306.05,1001.01,256.12,306.65,83.52,39.85,124.36,269.00,972.94,206.53,261.71,78.92,39.65,126.02,280.45,981.75,689.90,828.09,83.31,39.39,332.87
2026-04-22 03:27:00,2026-04-22 03:27:59,*PQM,266.30,964.13,223.55,256.17,87.27,39.61,78.00,306.10,996.36,254.22,303.83,83.67,40.76,118.75,269.03,969.41,204.40,259.42,78.79,40.52,122.04,280.48,976.63,682.17,819.41,83.24,40.30,318.80
2026-04-22 03:28:00,2026-04-22 03:28:59,*PQM,266.44,943.66,219.38,250.74,87.49,40.60,75.21,306.21,972.01,249.16,296.85,83.93,41.75,113.74,269.25,943.55,201.79,254.29,79.36,41.46,117.99,280.63,953.08,670.32,801.87,83.59,41.27,306.93
2026-04-22 03:29:00,2026-04-22 03:29:59,*PQM,266.33,956.12,219.77,251.86,87.26,40.51,75.43,306.16,986.56,250.51,298.93,83.80,41.44,114.27,269.17,960.64,202.07,255.70,79.03,41.20,118.95,280.55,967.78,672.35,806.50,83.36,41.05,308.65
2026-04-22 03:30:00,2026-04-22 03:30:59,*PQM,266.28,980.21,230.89,263.00,87.79,39.40,76.34,306.02,1009.36,263.36,311.69,84.50,40.45,116.74,269.04,981.89,212.38,266.52,79.69,40.15,121.78,280.45,990.49,706.64,841.22,83.99,40.00,314.86
2026-04-22 03:31:00,2026-04-22 03:31:59,*PQM,266.21,960.97,225.12,258.83,86.97,40.64,76.25,305.91,983.10,255.70,304.87,83.87,41.94,112.68,268.99,965.16,209.22,263.30,79.46,41.17,118.85,280.37,969.74,690.04,827.00,83.44,41.25,307.77
2026-04-22 03:32:00,2026-04-22 03:32:59,*PQM,266.16,984.08,229.74,263.25,87.27,39.74,79.73,305.82,1005.12,258.75,309.07,83.72,41.24,118.91,268.92,984.33,211.00,265.60,79.44,40.59,122.31,280.30,991.18,699.48,837.92,83.48,40.52,320.95
2026-04-22 03:33:00,2026-04-22 03:33:59,*PQM,266.43,924.90,218.26,245.95,88.74,40.68,61.45,306.00,937.44,244.75,286.49,85.43,42.44,96.85,269.11,919.21,201.71,246.09,81.96,41.77,100.43,280.51,927.18,664.71,778.54,85.38,41.63,258.73
2026-04-22 03:34:00,2026-04-22 03:34:59,*PQM,266.46,851.56,202.42,227.57,88.95,41.28,53.35,305.98,863.54,227.08,264.56,85.83,43.11,84.91,269.25,844.44,188.54,228.20,82.62,42.55,89.13,280.56,853.18,618.04,720.32,85.80,42.31,227.39
2026-04-22 03:35:00,2026-04-22 03:35:59,*PQM,266.41,809.33,190.15,215.28,88.33,43.01,51.56,305.96,811.72,212.51,249.48,85.18,45.10,79.91,269.20,804.76,177.70,216.61,82.04,44.15,84.27,280.52,808.61,580.36,681.37,85.18,44.09,215.74
2026-04-22 03:36:00,2026-04-22 03:36:59,*PQM,266.67,769.63,184.54,206.35,89.43,40.94,46.11,306.00,786.68,209.45,241.77,86.63,42.17,75.43,269.31,767.34,172.25,207.70,82.93,41.85,80.80,280.66,774.55,566.24,655.82,86.33,41.65,202.34
2026-04-22 03:37:00,2026-04-22 03:37:59,*PQM,266.45,785.22,185.61,208.82,88.89,41.99,47.13,305.85,797.95,210.13,244.41,85.97,43.45,76.71,269.08,779.76,173.41,209.95,82.60,43.09,81.68,280.46,787.64,569.15,663.18,85.82,42.84,205.52
2026-04-22 03:38:00,2026-04-22 03:38:59,*PQM,266.48,864.71,206.89,230.64,89.70,40.76,50.32,305.89,877.89,233.16,268.22,86.93,42.48,81.28,269.07,862.62,194.28,232.11,83.70,41.73,86.94,280.48,868.41,634.33,730.97,86.78,41.66,218.54
2026-04-22 03:39:00,2026-04-22 03:39:59,*PQM,266.51,860.08,207.44,231.27,89.70,41.19,48.72,306.00,874.25,233.41,269.04,86.76,43.03,80.28,269.17,858.47,194.25,231.91,83.76,42.45,85.51,280.56,864.27,635.10,732.22,86.74,42.22,214.51
2026-04-22 03:40:00,2026-04-22 03:40:59,*PQM,266.53,833.97,199.48,222.60,89.61,42.57,43.34,306.02,848.11,226.31,260.17,86.98,44.16,73.81,269.20,830.69,187.33,223.70,83.74,43.76,80.12,280.58,837.59,613.12,706.47,86.78,43.50,197.26
2026-04-22 03:41:00,2026-04-22 03:41:59,*PQM,265.91,977.96,234.54,261.70,89.62,36.15,69.80,305.41,989.84,263.87,304.75,86.59,37.74,106.37,268.66,979.43,218.63,263.76,82.89,37.19,111.68,279.99,982.41,717.04,830.20,86.37,37.03,287.85
2026-04-22 03:42:00,2026-04-22 03:42:59,*PQM,266.44,850.16,201.75,225.62,89.42,41.00,50.88,305.86,862.86,226.95,262.88,86.33,42.76,81.98,269.06,848.98,188.59,226.75,83.17,42.14,87.09,280.45,854.00,617.29,715.24,86.31,41.97,219.95
2026-04-22 03:43:00,2026-04-22 03:43:59,*PQM,266.34,868.55,206.01,229.52,89.76,40.43,49.17,305.77,878.85,232.63,267.46,86.98,42.21,80.83,269.13,859.77,192.77,230.47,83.64,41.68,86.58,280.41,869.05,631.41,727.46,86.79,41.44,216.58
2026-04-22 03:44:00,2026-04-22 03:44:59,*PQM,266.28,899.66,216.29,240.60,89.89,39.16,55.53,305.76,910.89,243.66,279.86,87.07,40.94,87.00,269.05,901.89,203.57,243.07,83.75,40.22,93.82,280.36,904.15,663.52,763.53,86.90,40.11,236.34
2026-04-22 03:45:00,2026-04-22 03:45:59,*PQM,266.12,910.17,217.06,242.20,89.62,38.05,60.20,305.65,915.54,242.35,280.08,86.53,40.06,93.27,268.95,903.54,202.59,243.07,83.35,39.40,97.50,280.24,909.75,662.00,765.36,86.50,39.17,250.97
2026-04-22 03:46:00,2026-04-22 03:46:59,*PQM,266.15,887.51,212.55,237.20,89.61,38.38,58.97,305.74,904.02,239.65,276.36,86.72,40.16,90.75,269.00,893.57,199.41,240.14,83.04,39.38,97.22,280.30,895.03,651.61,753.70,86.45,39.31,246.94
2026-04-22 03:47:00,2026-04-22 03:47:59,*PQM,266.05,891.10,213.52,237.59,89.87,38.40,56.43,305.59,901.76,239.85,276.34,86.79,40.26,89.16,268.80,883.67,198.59,237.87,83.49,39.85,93.42,280.15,892.18,651.95,751.79,86.72,39.50,239.01
2026-04-22 03:48:00,2026-04-22 03:48:59,*PQM,266.15,856.17,205.37,228.70,89.80,39.32,52.65,305.64,870.44,231.83,267.10,86.80,41.03,84.59,268.86,846.37,190.87,229.20,83.28,40.67,89.46,280.22,857.66,628.07,725.00,86.62,40.34,226.70
2026-04-22 03:49:00,2026-04-22 03:49:59,*PQM,266.03,874.37,208.69,231.74,90.05,38.84,52.19,305.58,891.48,236.90,271.50,87.26,40.50,84.58,268.72,870.19,194.93,232.77,83.74,40.20,90.47,280.11,878.68,640.53,736.02,87.02,39.85,227.24
2026-04-22 03:50:00,2026-04-22 03:50:59,*PQM,266.08,864.01,205.34,229.18,89.60,39.54,53.84,305.69,877.27,232.75,267.97,86.86,41.36,83.86,268.89,866.16,193.55,232.30,83.32,40.66,91.18,280.22,869.15,631.64,729.45,86.59,40.52,228.88
2026-04-22 03:51:00,2026-04-22 03:51:59,*PQM,266.22,860.55,204.71,228.43,89.61,39.47,52.90,305.81,876.61,231.33,266.76,86.72,41.31,84.28,268.93,857.89,191.51,230.18,83.20,40.75,89.82,280.32,865.02,627.55,725.37,86.51,40.51,227.00
2026-04-22 03:52:00,2026-04-22 03:52:59,*PQM,266.24,839.44,202.04,224.81,89.87,39.02,51.29,305.80,855.36,228.66,263.49,86.78,40.69,84.50,268.95,835.16,187.44,225.26,83.21,40.48,89.03,280.33,843.32,618.13,713.56,86.62,40.06,224.81
2026-04-22 03:53:00,2026-04-22 03:53:59,*PQM,266.29,821.05,195.56,217.61,89.87,40.85,45.22,305.90,832.49,221.76,254.55,87.12,42.76,75.26,269.04,817.42,183.41,219.06,83.73,42.22,81.51,280.41,823.65,600.73,691.21,86.91,41.94,201.99
2026-04-22 03:54:00,2026-04-22 03:54:59,*PQM,266.37,801.11,190.69,213.24,89.42,41.01,47.77,305.87,816.56,215.37,249.18,86.43,42.87,77.72,268.96,800.94,178.17,214.68,82.99,42.19,82.76,280.40,806.20,584.23,677.11,86.28,42.02,208.25
2026-04-22 03:55:00,2026-04-22 03:55:59,*PQM,266.19,826.01,198.60,220.73,89.98,40.05,47.21,305.67,840.42,224.27,257.79,87.00,41.79,78.52,268.79,817.37,185.34,221.52,83.67,41.39,83.74,280.22,827.93,608.21,700.03,86.88,41.08,209.47
2026-04-22 03:56:00,2026-04-22 03:56:59,*PQM,266.27,848.51,203.25,225.61,90.09,39.89,47.89,305.82,858.34,228.96,262.90,87.09,41.82,79.47,268.99,843.93,189.53,226.07,83.84,41.35,84.82,280.36,850.26,621.74,714.59,87.00,41.02,212.18
2026-04-22 03:57:00,2026-04-22 03:57:59,*PQM,266.27,814.68,193.59,215.72,89.74,41.28,45.49,305.79,825.41,218.58,252.00,86.74,43.27,75.59,268.88,808.09,180.41,216.34,83.39,42.73,80.97,280.31,816.06,592.58,684.05,86.63,42.43,202.05
2026-04-22 03:58:00,2026-04-22 03:58:59,*PQM,266.29,813.91,196.28,218.79,89.71,40.00,48.98,305.80,830.78,220.94,255.33,86.53,41.84,81.58,268.77,806.38,180.98,217.93,83.04,41.66,85.11,280.29,817.02,598.19,692.04,86.43,41.17,215.68
2026-04-22 03:59:00,2026-04-22 03:59:59,*PQM,266.26,850.99,203.76,226.01,90.16,39.36,48.94,305.79,870.00,230.45,264.57,87.11,40.99,82.62,268.86,844.65,188.24,225.56,83.46,40.90,87.12,280.30,855.21,622.46,716.13,86.91,40.42,218.67
2026-04-22 04:00:00,2026-04-22 04:00:59,*PQM,266.20,855.02,205.07,227.45,90.16,38.86,50.73,305.73,869.16,231.01,265.02,87.17,40.69,82.07,268.84,854.43,191.42,228.59,83.74,40.25,87.97,280.26,859.54,627.50,721.06,87.02,39.93,220.77
2026-04-22 04:01:00,2026-04-22 04:01:59,*PQM,266.16,840.06,200.59,223.90,89.59,39.11,53.95,305.66,860.50,226.57,261.57,86.62,40.75,84.92,268.91,840.85,187.16,225.90,82.85,40.24,91.04,280.24,847.14,614.32,711.36,86.35,40.03,229.91
2026-04-22 04:02:00,2026-04-22 04:02:59,*PQM,266.26,841.97,201.98,224.83,89.84,39.09,52.90,305.78,858.68,228.08,263.27,86.63,40.61,86.61,268.89,834.66,186.32,225.20,82.74,40.53,91.06,280.31,845.10,616.38,713.30,86.40,40.08,230.56
2026-04-22 04:03:00,2026-04-22 04:03:59,*PQM,266.21,868.34,208.45,231.16,90.17,38.03,52.89,305.78,879.81,235.34,270.34,87.05,39.65,86.89,268.92,854.28,193.01,231.47,83.38,39.42,91.99,280.30,867.48,636.79,732.98,86.87,39.03,231.76
2026-04-22 04:04:00,2026-04-22 04:04:59,*PQM,266.18,889.79,213.59,236.29,90.39,36.62,57.14,305.70,904.29,240.41,275.99,87.11,38.27,92.67,268.80,878.24,196.77,236.12,83.33,38.15,96.69,280.23,890.77,650.77,748.40,86.95,37.68,246.50
2026-04-22 04:05:00,2026-04-22 04:05:59,*PQM,266.05,895.66,214.23,237.23,90.30,36.68,57.44,305.51,909.13,240.65,276.72,86.97,38.38,93.09,268.58,887.29,196.88,236.20,83.35,38.22,96.87,280.05,897.36,651.76,750.15,86.87,37.76,247.40
2026-04-22 04:06:00,2026-04-22 04:06:59,*PQM,266.13,881.26,211.10,233.06,90.58,37.51,52.65,305.58,895.48,236.46,271.75,87.01,39.21,88.74,268.64,864.55,192.80,230.51,83.64,39.35,91.28,280.12,880.43,640.36,735.32,87.08,38.69,232.67
2026-04-22 04:07:00,2026-04-22 04:07:59,*PQM,266.15,866.67,207.95,229.85,90.47,38.95,50.92,305.66,880.34,233.81,268.65,87.03,40.57,86.23,268.70,853.02,190.50,228.00,83.55,40.67,89.52,280.17,866.68,632.26,726.49,87.02,40.06,226.67
2026-04-22 04:08:00,2026-04-22 04:08:59,*PQM,266.24,843.86,201.36,222.87,90.35,39.47,46.46,305.75,856.50,227.52,261.07,87.15,41.13,80.17,268.77,826.38,185.40,221.61,83.66,41.27,84.47,280.25,842.24,614.27,705.56,87.05,40.62,211.10
2026-04-22 04:09:00,2026-04-22 04:09:59,*PQM,265.48,985.24,234.04,263.37,88.86,36.67,76.62,305.25,1020.15,265.59,311.77,85.19,37.90,119.50,268.15,987.41,212.99,265.28,80.29,37.79,123.00,279.63,997.60,712.62,840.42,84.78,37.45,319.12
2026-04-22 04:10:00,2026-04-22 04:10:59,*PQM,265.16,1045.48,244.65,274.42,89.15,36.36,81.46,304.81,1076.76,278.28,325.41,85.52,37.48,125.98,267.84,1043.64,223.26,277.27,80.52,37.46,130.39,279.27,1055.29,746.19,877.09,85.06,37.10,337.83
2026-04-22 04:11:00,2026-04-22 04:11:59,*PQM,265.35,1049.53,245.61,276.21,88.92,36.20,81.96,305.06,1081.45,279.43,326.93,85.47,37.31,125.42,268.12,1055.04,225.42,279.54,80.64,37.18,130.43,279.51,1062.01,750.47,882.69,85.01,36.90,337.81
2026-04-22 04:12:00,2026-04-22 04:12:59,*PQM,265.39,1014.93,241.44,273.46,88.29,36.28,81.24,305.09,1052.06,275.43,324.26,84.94,37.39,123.70,268.13,1022.26,222.36,277.52,80.12,37.29,129.29,279.54,1029.75,739.23,875.24,84.45,36.99,334.23
2026-04-22 04:13:00,2026-04-22 04:13:59,*PQM,265.34,1014.53,237.00,267.91,88.46,36.59,81.13,305.00,1045.73,268.96,316.98,84.85,37.77,123.92,268.11,1011.14,216.77,270.80,80.05,37.58,127.83,279.48,1023.80,722.73,855.70,84.45,37.31,332.88
2026-04-22 04:14:00,2026-04-22 04:14:59,*PQM,265.27,1054.19,249.66,279.92,89.19,35.44,83.50,304.94,1081.87,283.14,330.84,85.58,36.60,128.51,268.08,1050.86,228.13,282.59,80.73,36.51,132.42,279.43,1062.31,760.93,893.35,85.17,36.18,344.42
2026-04-22 04:15:00,2026-04-22 04:15:59,*PQM,265.31,1017.63,238.91,271.11,88.12,36.66,84.05,305.00,1054.34,273.06,322.62,84.64,37.64,126.98,268.07,1025.94,218.40,274.48,79.57,37.66,130.83,279.46,1032.64,730.37,868.22,84.11,37.32,341.86
2026-04-22 04:16:00,2026-04-22 04:16:59,*PQM,265.18,1059.76,248.91,280.79,88.64,35.97,84.06,304.86,1091.84,282.75,332.74,84.98,37.04,129.13,267.95,1052.77,226.76,282.78,80.19,37.14,132.32,279.33,1068.12,758.42,896.31,84.60,36.72,345.52
2026-04-22 04:17:00,2026-04-22 04:17:59,*PQM,265.43,999.13,238.24,265.90,89.60,38.59,65.12,305.14,1031.47,273.83,315.76,86.72,39.57,104.89,268.17,996.64,221.42,268.90,82.34,39.59,112.23,279.58,1009.08,733.49,850.57,86.22,39.25,282.24
2026-04-22 04:18:00,2026-04-22 04:18:59,*PQM,266.05,835.10,199.23,221.81,89.82,39.81,49.87,305.54,851.36,225.97,259.95,86.93,41.42,81.74,268.75,828.70,185.75,223.33,83.17,41.00,87.61,280.11,838.39,610.95,705.09,86.64,40.74,219.22
2026-04-22 04:19:00,2026-04-22 04:19:59,*PQM,266.14,835.00,199.66,222.11,89.89,40.12,48.89,305.67,853.37,226.13,259.30,87.21,41.79,77.65,268.87,838.26,188.80,225.28,83.81,40.95,85.29,280.23,842.21,614.59,706.69,86.97,40.95,211.84
2026-04-22 04:20:00,2026-04-22 04:20:59,*PQM,266.17,853.15,204.05,226.41,90.12,39.08,50.49,305.57,865.69,230.67,264.61,87.18,40.53,82.31,268.85,851.00,190.88,227.61,83.86,40.16,88.22,280.20,856.61,625.60,718.62,87.05,39.92,221.03
2026-04-22 04:21:00,2026-04-22 04:21:59,*PQM,266.12,859.33,204.50,226.76,90.18,38.80,50.04,305.63,876.62,232.65,265.95,87.48,40.30,82.09,268.82,852.58,190.56,227.59,83.73,40.17,88.77,280.19,862.84,627.72,720.31,87.13,39.76,220.90
2026-04-22 04:22:00,2026-04-22 04:22:59,*PQM,266.05,856.37,203.51,226.61,89.81,39.31,52.40,305.59,869.26,229.78,264.98,86.72,40.96,85.49,268.77,848.01,188.26,226.54,83.10,40.77,90.23,280.14,857.88,621.55,718.13,86.54,40.35,228.12
2026-04-22 04:23:00,2026-04-22 04:23:59,*PQM,266.09,882.87,212.33,236.38,89.83,39.42,53.39,305.69,908.79,242.14,277.90,87.13,40.90,86.96,268.82,885.08,197.84,238.12,83.09,40.61,94.22,280.20,892.25,652.31,752.39,86.68,40.31,234.57
2026-04-22 04:24:00,2026-04-22 04:24:59,*PQM,266.09,869.91,208.08,231.22,89.99,38.44,54.41,305.57,883.54,234.88,270.77,86.75,39.98,88.99,268.83,858.29,192.16,231.38,83.05,39.83,93.55,280.16,870.58,635.13,733.37,86.60,39.42,236.95
2026-04-22 04:25:00,2026-04-22 04:25:59,*PQM,266.18,853.53,204.44,227.48,89.87,38.34,54.15,305.58,873.28,230.30,265.73,86.67,39.95,88.48,268.86,848.08,188.41,227.18,82.93,39.78,92.40,280.21,858.30,623.15,720.40,86.49,39.36,235.03
2026-04-22 04:26:00,2026-04-22 04:26:59,*PQM,266.60,844.84,202.36,225.40,89.78,38.32,54.37,306.02,861.58,229.20,264.13,86.78,39.74,87.88,269.31,841.19,187.71,226.59,82.84,39.56,92.90,280.64,849.20,619.27,716.12,86.47,39.21,235.15
2026-04-22 04:27:00,2026-04-22 04:27:59,*PQM,266.71,823.92,196.33,219.43,89.47,40.20,50.97,306.16,836.76,223.17,256.94,86.86,41.71,79.75,269.51,825.77,185.19,222.65,83.18,40.98,87.47,280.79,828.82,604.69,699.02,86.50,40.96,218.20
2026-04-22 04:28:00,2026-04-22 04:28:59,*PQM,266.67,817.38,196.61,219.64,89.51,40.08,50.30,306.21,836.85,222.56,256.37,86.81,41.65,80.82,269.44,819.62,183.71,220.96,83.14,41.12,86.61,280.77,824.62,602.88,696.96,86.49,40.95,217.73
2026-04-22 04:29:00,2026-04-22 04:29:59,*PQM,266.73,831.85,198.48,220.90,89.85,39.77,49.28,306.21,844.61,224.42,258.63,86.77,41.27,81.33,269.43,827.38,185.00,221.98,83.34,40.92,86.57,280.79,834.61,607.89,701.50,86.65,40.65,217.19
2026-04-22 04:30:00,2026-04-22 04:30:59,*PQM,266.92,806.28,193.67,215.60,89.83,41.08,45.28,306.40,820.59,220.05,252.51,87.14,42.57,75.18,269.55,807.71,181.98,217.65,83.61,42.02,81.81,280.96,811.52,595.70,685.76,86.86,41.89,202.28
2026-04-22 04:31:00,2026-04-22 04:31:59,*PQM,266.83,804.69,193.37,215.42,89.77,40.93,45.80,306.34,825.14,220.50,253.04,87.14,42.35,74.86,269.50,807.80,182.14,218.19,83.48,41.80,82.76,280.89,812.54,596.01,686.65,86.79,41.69,203.43
2026-04-22 04:32:00,2026-04-22 04:32:59,*PQM,266.82,815.87,197.92,219.74,90.07,39.58,48.14,306.31,831.93,224.77,257.46,87.30,41.07,79.17,269.50,818.18,185.04,221.39,83.58,40.74,85.68,280.88,821.99,607.73,698.59,86.99,40.46,212.99
2026-04-22 04:34:00,2026-04-22 04:34:59,*PQM,266.76,821.30,198.73,220.85,89.98,38.76,50.16,306.26,839.76,225.89,259.41,87.08,40.13,82.01,269.40,822.53,185.27,222.47,83.28,39.89,88.21,280.81,827.86,609.89,702.73,86.78,39.59,220.38
2026-04-22 04:35:00,2026-04-22 04:35:59,*PQM,266.60,849.69,205.01,227.74,90.02,37.82,54.70,306.12,872.05,232.97,267.70,87.03,39.25,88.56,269.18,845.94,190.09,229.25,82.92,39.18,94.19,280.63,855.89,628.07,724.69,86.65,38.75,237.45
2026-04-22 04:36:00,2026-04-22 04:36:59,*PQM,266.71,851.79,205.54,227.66,90.28,37.52,53.71,306.27,873.14,233.56,268.42,87.01,38.80,88.92,269.37,848.05,190.82,229.32,83.21,38.75,93.88,280.78,857.66,629.91,725.40,86.83,38.36,236.51
2026-04-22 04:37:00,2026-04-22 04:37:59,*PQM,266.56,891.17,212.85,236.52,89.99,36.85,60.36,306.19,918.18,243.36,280.60,86.73,37.86,98.60,269.26,893.51,196.67,239.02,82.28,37.97,103.29,280.67,900.95,652.88,756.14,86.33,37.56,262.26
2026-04-22 04:38:00,2026-04-22 04:38:59,*PQM,266.03,1026.52,241.56,271.71,88.90,36.47,81.00,305.89,1067.42,277.97,324.60,85.63,37.22,124.43,268.89,1043.34,223.55,278.01,80.41,37.11,131.12,280.27,1045.76,743.08,874.33,84.98,36.93,336.55
2026-04-22 04:39:00,2026-04-22 04:39:59,*PQM,265.72,1008.73,238.86,270.64,88.26,36.58,81.52,305.44,1049.69,276.00,323.34,85.36,37.23,122.03,268.67,1029.28,222.58,277.91,80.09,37.06,129.87,279.94,1029.23,737.44,871.89,84.57,36.96,333.42
2026-04-22 04:40:00,2026-04-22 04:40:59,*PQM,265.65,1015.09,240.71,273.16,88.12,35.82,83.52,305.33,1056.59,276.67,326.15,84.83,36.49,126.29,268.57,1025.75,222.27,278.90,79.69,36.45,132.19,279.85,1032.48,739.65,878.21,84.22,36.25,342.00
2026-04-22 04:41:00,2026-04-22 04:41:59,*PQM,265.69,1040.00,246.01,277.76,88.57,35.75,83.77,305.41,1079.59,282.76,331.44,85.31,36.48,127.63,268.56,1049.10,226.17,282.27,80.12,36.61,133.34,279.89,1056.23,754.93,891.47,84.67,36.28,344.73
2026-04-22 04:42:00,2026-04-22 04:42:59,*PQM,265.74,1025.06,242.91,273.59,88.79,36.66,80.29,305.51,1062.73,279.81,326.28,85.76,37.42,122.22,268.69,1030.93,225.08,279.62,80.50,37.29,129.71,279.98,1039.57,747.80,879.49,85.01,37.12,332.21
2026-04-22 04:43:00,2026-04-22 04:43:59,*PQM,265.96,982.24,235.38,262.78,89.57,38.84,62.89,305.73,1012.18,271.54,311.97,87.04,39.87,99.01,268.95,993.27,222.34,268.88,82.69,39.59,109.28,280.21,995.90,729.25,843.63,86.43,39.43,271.18
2026-04-22 04:44:00,2026-04-22 04:44:59,*PQM,266.47,845.43,203.85,226.39,90.04,38.87,51.16,306.11,870.63,234.30,267.97,87.43,39.84,83.53,269.30,847.17,191.46,229.92,83.27,39.82,91.21,280.63,854.41,629.60,724.28,86.92,39.51,225.90
2026-04-22 04:45:00,2026-04-22 04:45:59,*PQM,266.37,854.09,204.01,226.37,90.12,38.63,52.13,305.99,878.84,234.51,268.17,87.45,39.49,84.74,269.24,858.24,191.49,229.99,83.26,39.57,92.40,280.53,863.73,630.01,724.52,86.94,39.23,229.26
2026-04-22 04:46:00,2026-04-22 04:46:59,*PQM,266.24,861.30,206.06,229.10,89.94,38.55,52.87,305.93,883.29,236.67,271.00,87.33,39.66,85.86,269.14,865.10,193.41,232.45,83.20,39.62,93.40,280.44,869.90,636.14,732.55,86.83,39.28,232.13
2026-04-22 04:47:00,2026-04-22 04:47:59,*PQM,266.23,867.06,207.55,231.15,89.79,38.70,54.51,305.88,894.85,238.29,273.55,87.11,39.72,88.19,269.17,873.12,194.53,234.79,82.85,39.74,95.58,280.43,878.34,640.37,739.49,86.58,39.39,238.28
2026-04-22 04:48:00,2026-04-22 04:48:59,*PQM,266.32,855.83,205.88,228.36,90.16,39.10,51.91,305.93,882.00,236.20,269.98,87.49,39.99,83.94,269.17,859.18,193.95,232.14,83.55,39.88,92.19,280.47,865.67,636.03,730.48,87.06,39.66,228.05
2026-04-22 04:49:00,2026-04-22 04:49:59,*PQM,266.37,817.19,194.21,217.41,89.33,40.67,50.11,305.94,842.60,223.38,257.27,86.83,41.71,80.44,269.15,828.30,183.22,221.47,82.73,41.29,88.29,280.49,829.36,600.81,696.15,86.30,41.22,218.84
2026-04-22 04:50:00,2026-04-22 04:50:59,*PQM,266.24,828.53,198.85,221.84,89.64,39.99,50.76,305.80,848.91,228.11,261.48,87.24,41.14,80.78,269.05,834.30,187.98,225.84,83.24,40.76,89.07,280.36,837.24,614.95,709.15,86.71,40.63,220.60
2026-04-22 04:51:00,2026-04-22 04:51:59,*PQM,266.23,836.40,200.74,223.26,89.91,39.71,49.58,305.79,855.20,229.45,263.04,87.23,40.78,81.04,269.07,836.67,188.91,226.22,83.51,40.59,88.24,280.36,842.76,619.10,712.52,86.88,40.36,218.86
2026-04-22 04:52:00,2026-04-22 04:52:59,*PQM,266.19,844.51,201.53,223.89,90.02,39.69,49.00,305.78,867.53,230.96,264.68,87.26,40.72,82.07,268.93,843.18,188.42,226.18,83.31,40.71,88.60,280.30,851.74,620.91,714.74,86.86,40.37,219.67
2026-04-22 04:53:00,2026-04-22 04:53:59,*PQM,266.06,847.67,202.69,225.73,89.80,39.80,50.63,305.61,864.94,230.98,265.06,87.14,41.22,82.14,268.87,847.01,190.53,228.44,83.40,40.78,88.78,280.18,853.21,624.20,719.23,86.78,40.60,221.54
2026-04-22 04:54:00,2026-04-22 04:54:59,*PQM,266.03,841.48,200.50,223.40,89.75,39.79,50.61,305.62,864.02,230.58,263.71,87.44,40.99,79.25,268.86,853.05,191.43,228.96,83.61,40.31,89.31,280.17,852.85,622.50,716.07,86.93,40.36,219.16
2026-04-22 04:55:00,2026-04-22 04:55:59,*PQM,266.07,840.62,201.25,223.27,90.14,39.64,47.31,305.69,861.43,230.78,263.47,87.59,40.94,79.13,268.89,842.01,189.69,226.54,83.73,40.71,86.97,280.22,848.02,621.72,713.28,87.15,40.43,213.41
2026-04-22 04:56:00,2026-04-22 04:56:59,*PQM,266.04,840.93,201.42,223.70,90.04,39.76,48.11,305.63,858.36,230.75,263.54,87.56,40.99,78.69,268.83,843.44,190.26,227.36,83.68,40.73,87.05,280.17,847.58,622.43,714.60,87.09,40.49,213.85
2026-04-22 04:57:00,2026-04-22 04:57:59,*PQM,266.02,812.82,194.43,216.19,89.94,40.73,44.64,305.60,832.58,223.72,255.89,87.43,41.93,75.17,268.71,812.66,182.76,218.90,83.49,41.90,83.04,280.11,819.35,600.91,690.97,86.95,41.52,202.85
2026-04-22 04:58:00,2026-04-22 04:58:59,*PQM,265.98,804.10,192.89,215.01,89.71,41.53,43.08,305.53,830.17,222.40,254.29,87.46,42.71,71.63,268.77,809.33,182.99,218.92,83.59,42.44,81.03,280.09,814.54,598.28,688.22,86.92,42.23,195.74
2026-04-22 04:59:00,2026-04-22 04:59:59,*PQM,265.78,839.21,199.48,222.15,89.79,39.73,50.55,305.29,862.58,227.68,261.31,87.13,41.08,81.18,268.53,842.28,187.55,225.38,83.21,40.80,88.35,279.87,848.02,614.71,708.84,86.71,40.54,220.08
2026-04-22 05:00:00,2026-04-22 05:00:59,*PQM,265.44,839.88,200.47,222.86,89.95,39.85,49.76,304.93,863.93,229.83,263.04,87.37,41.15,80.96,268.24,845.27,188.47,226.39,83.25,40.73,88.72,279.54,849.69,618.77,712.29,86.86,40.58,219.45
2026-04-22 05:01:00,2026-04-22 05:01:59,*PQM,265.37,829.44,199.06,221.68,89.80,39.49,49.35,304.79,854.05,227.89,261.50,87.14,40.76,81.10,268.11,833.11,186.54,224.35,83.15,40.58,88.12,279.42,838.87,613.48,707.53,86.70,40.28,218.57
2026-04-22 05:02:00,2026-04-22 05:02:59,*PQM,265.28,836.05,199.13,221.42,89.93,39.60,49.39,304.76,865.42,228.14,261.63,87.20,40.96,80.52,267.94,842.55,187.14,224.91,83.20,40.70,88.21,279.33,848.01,614.40,707.97,86.78,40.42,218.12
2026-04-22 05:03:00,2026-04-22 05:03:59,*PQM,265.17,838.53,200.13,222.33,90.02,39.21,49.51,304.60,861.37,229.37,262.61,87.34,40.45,80.85,267.93,838.29,187.89,225.27,83.40,40.34,88.12,279.23,846.06,617.39,710.21,86.92,40.00,218.47
2026-04-22 05:04:00,2026-04-22 05:04:59,*PQM,265.05,847.70,202.62,224.79,90.14,38.91,49.69,304.49,876.55,233.44,266.81,87.50,39.94,82.39,267.88,848.59,190.06,228.11,83.32,39.99,90.31,279.14,857.61,626.12,719.71,86.98,39.61,222.39
2026-04-22 05:05:00,2026-04-22 05:05:59,*PQM,265.19,839.39,200.13,222.82,89.82,39.13,50.47,304.62,864.64,229.75,263.17,87.30,40.40,81.26,267.89,847.29,188.97,226.74,83.34,40.03,89.34,279.23,850.44,618.85,712.73,86.82,39.85,221.07
2026-04-22 05:06:00,2026-04-22 05:06:59,*PQM,265.17,844.15,202.02,223.90,90.22,38.89,49.16,304.64,871.83,232.59,265.65,87.56,39.99,82.11,267.90,850.64,189.32,226.96,83.42,40.17,89.54,279.24,855.54,623.93,716.51,87.07,39.68,220.82
2026-04-22 05:07:00,2026-04-22 05:07:59,*PQM,265.06,832.68,200.06,221.11,90.48,38.97,46.69,304.46,863.10,229.34,261.58,87.68,40.15,79.60,267.70,835.52,186.60,223.04,83.66,40.35,86.24,279.07,843.77,616.00,705.73,87.27,39.82,212.52
2026-04-22 05:08:00,2026-04-22 05:08:59,*PQM,265.20,839.53,200.89,222.59,90.25,39.15,47.88,304.53,866.23,231.22,263.37,87.79,40.25,79.31,267.89,841.01,188.36,224.86,83.77,40.48,86.13,279.21,848.92,620.47,710.82,87.27,39.96,213.32
2026-04-22 05:09:00,2026-04-22 05:09:59,*PQM,265.38,826.84,198.29,220.15,90.07,39.95,46.69,304.68,845.79,227.49,259.41,87.69,41.20,76.15,268.08,831.23,186.87,222.73,83.90,41.06,83.74,279.38,834.62,612.64,702.29,87.22,40.74,206.57
2026-04-22 05:10:00,2026-04-22 05:10:59,*PQM,265.83,835.97,200.54,222.40,90.17,40.05,45.95,305.33,862.72,230.53,262.95,87.67,41.27,76.59,268.58,840.43,188.85,225.08,83.90,41.29,84.37,279.91,846.37,619.92,710.44,87.25,40.87,206.91
2026-04-22 05:11:00,2026-04-22 05:11:59,*PQM,265.69,844.91,203.08,225.52,90.05,38.96,50.31,305.17,862.51,231.10,265.15,87.16,40.41,82.40,268.41,844.14,190.02,227.91,83.37,40.31,89.16,279.76,850.52,624.20,718.59,86.86,39.89,221.88
2026-04-22 05:12:00,2026-04-22 05:12:59,*PQM,265.58,837.15,199.63,222.06,89.90,39.03,51.10,304.97,858.01,226.92,260.03,87.27,40.58,81.00,268.30,842.51,187.95,225.44,83.37,40.12,88.44,279.62,845.89,614.49,707.52,86.85,39.91,220.55
2026-04-22 05:13:00,2026-04-22 05:13:59,*PQM,265.58,839.11,201.64,223.88,90.07,38.71,51.06,305.07,857.62,230.31,262.80,87.64,40.08,80.26,268.34,849.72,191.24,228.35,83.75,39.57,89.25,279.66,848.82,623.18,715.03,87.15,39.45,220.57
2026-04-22 05:14:00,2026-04-22 05:14:59,*PQM,265.68,842.92,201.50,223.79,90.04,39.17,50.52,305.12,859.22,228.85,262.14,87.30,40.64,81.12,268.41,846.92,189.55,226.76,83.59,40.23,88.36,279.74,849.69,619.90,712.69,86.98,40.01,219.99
2026-04-22 05:15:00,2026-04-22 05:15:59,*PQM,265.38,852.70,203.70,226.45,89.95,38.75,52.31,304.73,864.93,229.35,263.15,87.15,40.53,82.47,268.18,851.43,191.42,228.53,83.76,39.98,88.44,279.43,856.35,624.47,718.13,86.96,39.75,223.21
2026-04-22 05:16:00,2026-04-22 05:16:59,*PQM,265.39,855.92,204.22,227.00,89.97,38.68,52.70,304.79,868.26,230.90,264.88,87.17,40.19,83.47,268.15,856.99,191.66,229.41,83.55,39.89,89.95,279.44,860.39,626.78,721.29,86.89,39.59,226.12
2026-04-22 05:17:00,2026-04-22 05:17:59,*PQM,265.34,859.79,207.00,229.50,90.20,38.56,51.94,304.85,875.91,234.31,268.77,87.18,40.10,84.75,268.07,859.02,193.02,230.99,83.57,40.02,90.65,279.42,864.91,634.34,729.26,86.98,39.56,227.34
2026-04-22 05:18:00,2026-04-22 05:18:59,*PQM,265.36,852.58,203.17,225.53,90.08,38.56,51.75,304.92,866.11,230.48,264.45,87.15,40.12,84.24,268.20,849.35,189.33,227.13,83.36,40.10,89.95,279.49,856.01,622.97,717.11,86.87,39.59,225.94
2026-04-22 05:19:00,2026-04-22 05:19:59,*PQM,265.25,850.84,203.97,226.13,90.20,38.47,50.90,304.84,874.49,234.62,267.96,87.56,39.60,83.91,268.12,854.24,191.63,229.88,83.36,39.68,91.83,279.40,859.86,630.22,723.98,87.04,39.25,226.64
2026-04-22 05:20:00,2026-04-22 05:20:59,*PQM,265.17,833.89,199.34,221.24,90.10,39.68,47.08,304.73,856.46,229.34,261.72,87.63,40.90,78.08,267.99,839.62,188.34,225.26,83.61,40.75,86.66,279.30,843.32,617.01,708.22,87.11,40.44,211.83
2026-04-22 05:21:00,2026-04-22 05:21:59,*PQM,265.15,828.88,197.52,219.63,89.93,39.40,47.77,304.65,851.63,227.49,259.77,87.58,40.55,76.67,268.01,833.84,188.13,224.70,83.73,40.34,86.65,279.27,838.12,613.14,704.09,87.08,40.10,211.09
2026-04-22 05:22:00,2026-04-22 05:22:59,*PQM,265.18,824.16,197.11,219.05,89.99,39.87,47.58,304.71,848.36,227.10,259.33,87.57,41.12,76.88,268.01,830.40,187.38,224.08,83.62,40.75,86.56,279.30,834.31,611.60,702.45,87.06,40.58,211.01
2026-04-22 05:23:00,2026-04-22 05:23:59,*PQM,265.19,841.19,201.15,223.20,90.12,39.50,48.00,304.78,869.28,231.81,264.41,87.67,40.69,78.12,268.13,852.46,191.24,228.66,83.64,40.32,87.89,279.37,854.31,624.20,716.27,87.14,40.17,214.01
2026-04-22 05:24:00,2026-04-22 05:24:59,*PQM,265.30,846.42,200.54,223.28,89.82,38.98,52.34,304.85,868.54,231.51,264.74,87.45,40.10,81.89,268.17,858.47,190.90,229.52,83.18,39.70,92.14,279.44,857.81,622.95,717.54,86.81,39.59,226.37
2026-04-22 05:25:00,2026-04-22 05:25:59,*PQM,265.10,834.99,196.90,220.06,89.47,39.43,53.26,304.58,852.15,224.47,258.48,86.84,40.94,82.24,267.93,842.40,186.51,224.69,83.01,40.36,90.37,279.20,843.18,607.88,703.23,86.44,40.24,225.87
2026-04-22 05:26:00,2026-04-22 05:26:59,*PQM,265.12,846.57,200.91,223.21,90.01,39.13,51.86,304.50,868.60,230.53,263.64,87.44,40.26,81.94,267.95,852.61,190.29,228.35,83.33,39.85,91.06,279.19,855.93,621.73,715.20,86.93,39.75,224.85
2026-04-22 05:27:00,2026-04-22 05:27:59,*PQM,265.16,836.91,200.28,223.30,89.69,38.75,52.68,304.69,853.61,229.42,262.92,87.26,39.96,81.90,268.02,849.51,190.33,228.44,83.32,39.67,91.20,279.29,846.68,620.03,714.66,86.76,39.46,225.78
2026-04-22 05:28:00,2026-04-22 05:28:59,*PQM,265.11,838.33,199.79,222.66,89.73,39.37,52.49,304.65,858.19,229.12,262.48,87.29,40.61,81.93,268.00,848.17,189.72,227.90,83.25,40.11,91.22,279.25,848.23,618.63,713.04,86.75,40.03,225.64
2026-04-22 05:29:00,2026-04-22 05:29:59,*PQM,265.14,835.83,199.21,221.75,89.83,39.33,49.80,304.71,864.37,230.90,263.13,87.75,40.41,78.44,267.98,854.83,190.69,228.36,83.50,40.05,89.92,279.28,851.68,620.79,713.24,87.03,39.93,218.16
2026-04-22 05:30:00,2026-04-22 05:30:59,*PQM,264.91,833.23,199.33,221.54,89.98,39.31,49.28,304.36,857.91,228.91,261.56,87.52,40.56,79.81,267.68,842.99,188.74,226.18,83.45,40.24,88.76,278.98,844.71,616.98,709.28,86.98,40.04,217.85
2026-04-22 05:31:00,2026-04-22 05:31:59,*PQM,264.95,835.18,199.85,222.05,90.00,39.55,48.71,304.50,864.64,231.04,263.99,87.52,40.63,80.12,267.75,842.11,189.17,227.22,83.25,40.57,89.34,279.07,847.31,620.06,713.26,86.92,40.25,218.17
2026-04-22 05:32:00,2026-04-22 05:32:59,*PQM,265.19,794.83,189.62,211.57,89.62,41.87,42.57,304.92,834.27,223.67,254.66,87.83,42.49,70.07,268.10,817.54,183.04,219.91,83.24,42.35,83.65,279.40,815.55,596.33,686.14,86.90,42.24,196.29
2026-04-22 05:33:00,2026-04-22 05:33:59,*PQM,265.19,794.29,188.34,210.16,89.62,42.00,42.83,304.86,827.92,220.78,251.59,87.75,42.72,69.46,268.16,816.46,181.74,218.14,83.32,42.35,82.45,279.40,812.89,590.86,679.89,86.89,42.36,194.74
2026-04-22 05:34:00,2026-04-22 05:34:59,*PQM,264.93,802.74,190.36,212.04,89.77,41.60,42.65,304.59,837.67,224.05,254.59,88.00,42.18,69.75,267.88,823.07,183.99,220.29,83.52,42.06,83.29,279.13,821.16,598.40,686.92,87.10,41.95,195.68
2026-04-22 05:35:00,2026-04-22 05:35:59,*PQM,264.96,812.15,191.55,214.21,89.42,40.99,47.81,304.57,845.27,224.25,256.33,87.48,41.69,74.92,267.90,833.40,184.70,222.74,82.92,41.35,88.03,279.14,830.27,600.49,693.28,86.61,41.34,210.76
2026-04-22 05:36:00,2026-04-22 05:36:59,*PQM,264.81,845.17,200.88,222.88,90.13,39.15,49.40,304.38,875.26,233.96,266.22,87.88,39.92,80.32,267.73,858.51,190.66,229.18,83.19,40.09,91.25,278.97,859.65,625.49,718.28,87.07,39.72,220.97
2026-04-22 05:37:00,2026-04-22 05:37:59,*PQM,264.77,847.57,201.68,223.96,90.06,38.56,51.24,304.44,880.82,235.99,269.13,87.68,39.12,83.97,267.64,859.08,190.94,230.78,82.74,39.50,94.68,278.95,862.49,628.61,723.86,86.83,39.06,229.89
2026-04-22 05:38:00,2026-04-22 05:38:59,*PQM,264.29,930.97,220.36,245.57,89.73,37.46,62.40,303.83,971.87,255.95,294.23,86.99,38.09,100.00,267.18,943.77,205.95,251.39,81.93,38.42,108.98,278.43,948.87,682.26,791.19,86.22,37.99,271.38
2026-04-22 05:39:00,2026-04-22 05:39:59,*PQM,263.94,1006.30,233.92,264.38,88.48,36.73,79.83,303.61,1052.21,272.50,317.95,85.70,37.31,119.83,266.88,1025.64,218.31,273.41,79.85,37.29,129.95,278.14,1028.05,724.72,855.74,84.68,37.11,329.61
2026-04-22 05:40:00,2026-04-22 05:40:59,*PQM,263.89,1018.70,238.16,269.25,88.45,36.60,79.02,303.48,1066.52,276.33,323.65,85.38,37.14,121.52,266.78,1037.03,220.60,276.46,79.79,37.42,129.89,278.05,1040.75,735.09,869.36,84.54,37.05,330.43
2026-04-22 05:41:00,2026-04-22 05:41:59,*PQM,263.79,1031.00,243.30,273.86,88.84,35.63,81.91,303.36,1074.08,281.48,328.22,85.76,36.34,125.38,266.67,1046.40,225.04,281.18,80.03,36.47,133.34,277.94,1050.49,749.81,883.26,84.88,36.15,340.64
2026-04-22 05:42:00,2026-04-22 05:42:59,*PQM,263.83,1028.74,240.26,270.91,88.68,35.95,81.80,303.42,1070.40,278.17,324.67,85.68,36.57,123.27,266.81,1045.97,223.57,279.11,80.10,36.56,132.51,278.02,1048.37,741.99,874.69,84.82,36.36,337.58
2026-04-22 05:43:00,2026-04-22 05:43:59,*PQM,263.86,998.74,232.55,263.98,88.09,37.06,78.35,303.54,1048.32,273.51,319.26,85.67,37.47,116.53,266.97,1025.44,219.09,274.37,79.85,37.39,128.20,278.12,1024.17,725.14,857.60,84.54,37.31,323.07
2026-04-22 05:44:00,2026-04-22 05:44:59,*PQM,263.82,1019.70,237.09,267.53,88.62,37.51,76.00,303.40,1064.24,277.10,321.81,86.11,37.99,114.82,266.89,1044.36,223.14,276.67,80.65,37.94,125.75,278.04,1042.76,737.32,866.01,85.13,37.81,316.57
2026-04-22 05:45:00,2026-04-22 05:45:59,*PQM,263.82,1002.30,234.11,263.46,88.86,37.50,77.29,303.39,1039.03,271.10,314.98,86.07,38.21,114.95,266.80,1019.00,220.17,272.21,80.88,37.84,124.50,278.00,1020.11,725.37,850.65,85.27,37.85,316.74
2026-04-22 05:46:00,2026-04-22 05:46:59,*PQM,263.70,1025.90,239.32,268.70,89.07,36.74,77.60,303.27,1068.48,277.62,321.86,86.25,37.40,118.25,266.73,1042.55,223.96,276.86,80.89,37.35,127.77,277.90,1045.64,740.90,867.42,85.40,37.16,323.63
2026-04-22 05:47:00,2026-04-22 05:47:59,*PQM,263.90,1011.73,236.27,266.23,88.75,36.60,77.29,303.47,1051.02,272.37,317.91,85.68,37.31,117.99,266.86,1026.62,220.57,273.68,80.60,37.27,126.12,278.08,1029.79,729.21,857.82,85.01,37.06,321.40
2026-04-22 05:48:00,2026-04-22 05:48:59,*PQM,264.06,1021.89,237.97,268.94,88.49,36.64,81.38,303.70,1057.56,274.20,321.03,85.41,37.40,122.01,267.14,1040.61,222.64,277.42,80.26,37.11,130.63,278.30,1040.02,734.81,867.39,84.72,37.05,334.02
2026-04-22 05:49:00,2026-04-22 05:49:59,*PQM,263.96,1006.82,235.60,266.11,88.53,37.33,79.54,303.58,1042.65,270.97,316.90,85.51,38.12,118.56,267.07,1024.39,221.02,274.87,80.41,37.81,127.68,278.20,1024.62,727.59,857.89,84.82,37.75,325.78
2026-04-22 05:50:00,2026-04-22 05:50:59,*PQM,263.84,984.29,228.20,259.34,87.99,37.68,79.25,303.44,1021.36,263.95,309.40,85.31,38.44,115.58,267.01,1008.11,215.75,269.53,80.05,37.92,126.53,278.10,1004.59,707.90,838.28,84.45,38.01,321.36
2026-04-22 05:51:00,2026-04-22 05:51:59,*PQM,263.40,1095.64,258.23,289.99,89.05,36.20,81.62,302.96,1141.83,299.51,346.12,86.53,36.89,122.34,266.52,1125.98,243.87,300.09,81.26,36.67,134.68,277.63,1121.15,801.60,936.21,85.61,36.59,338.65
2026-04-22 05:52:00,2026-04-22 05:52:59,*PQM,263.30,1084.74,256.03,287.07,89.19,36.24,81.40,302.90,1129.10,297.39,343.06,86.69,37.00,121.25,266.45,1114.78,242.04,297.15,81.45,36.72,134.07,277.55,1109.54,795.46,927.28,85.78,36.65,336.72
2026-04-22 05:53:00,2026-04-22 05:53:59,*PQM,263.56,1072.31,253.21,283.98,89.17,36.55,80.74,303.18,1116.12,294.36,339.65,86.67,37.20,121.55,266.69,1094.40,238.04,292.93,81.26,37.15,133.26,277.81,1094.28,785.62,916.56,85.70,36.97,335.55
2026-04-22 05:54:00,2026-04-22 05:54:59,*PQM,263.46,1071.07,250.07,280.49,89.15,36.97,80.15,303.11,1116.26,291.47,336.89,86.52,37.56,121.09,266.55,1097.05,235.11,290.18,81.02,37.45,132.97,277.71,1094.80,776.65,907.56,85.56,37.33,334.21
2026-04-22 05:55:00,2026-04-22 05:55:59,*PQM,263.35,1072.28,253.10,284.76,88.88,36.70,80.93,302.97,1110.61,293.90,340.26,86.38,37.43,121.06,266.43,1095.85,238.44,294.24,81.04,37.31,132.84,277.58,1092.91,785.43,919.26,85.43,37.15,334.83
2026-04-22 05:56:00,2026-04-22 05:56:59,*PQM,263.39,1036.08,242.91,275.46,88.18,37.06,79.78,303.02,1075.70,282.12,328.63,85.85,37.82,116.50,266.52,1070.28,230.82,286.21,80.65,37.59,129.26,277.64,1060.68,755.84,890.30,84.89,37.49,325.54
2026-04-22 05:57:00,2026-04-22 05:57:59,*PQM,263.76,1001.40,238.23,264.69,90.00,39.42,59.67,303.42,1040.54,277.74,315.73,87.97,40.25,93.99,266.93,1025.80,228.55,273.91,83.44,40.05,108.26,278.04,1022.58,744.52,854.33,87.14,39.91,261.92
2026-04-22 05:58:00,2026-04-22 05:58:59,*PQM,263.86,879.08,207.00,231.29,89.50,39.86,53.80,303.34,905.12,239.42,273.09,87.67,41.02,80.70,267.01,900.95,200.54,240.07,83.54,40.32,93.66,278.07,895.05,646.96,744.44,86.90,40.40,228.15
2026-04-22 05:59:00,2026-04-22 05:59:59,*PQM,263.91,886.47,210.41,233.67,90.04,39.79,49.94,303.31,918.43,244.61,277.18,88.25,40.67,77.92,267.10,907.74,203.79,242.44,84.06,40.27,91.72,278.11,904.22,658.82,753.28,87.45,40.24,219.58
2026-04-22 06:00:00,2026-04-22 06:00:59,*PQM,263.53,882.04,208.96,232.65,89.82,39.75,52.38,302.92,913.66,243.35,276.27,88.08,40.56,78.91,266.71,910.48,203.46,242.78,83.80,40.03,93.79,277.72,902.06,655.76,751.71,87.23,40.11,225.09
2026-04-22 06:01:00,2026-04-22 06:01:59,*PQM,263.43,874.53,207.59,230.86,89.92,39.76,51.61,302.81,911.22,241.94,274.49,88.14,40.62,79.46,266.54,898.08,200.91,240.21,83.64,40.23,93.12,277.59,894.61,650.45,745.56,87.23,40.20,224.19
2026-04-22 06:02:00,2026-04-22 06:02:59,*PQM,263.38,879.72,208.98,231.64,90.22,39.39,50.23,302.73,911.14,244.45,277.07,88.23,40.05,79.95,266.46,898.79,201.10,240.48,83.62,39.98,93.50,277.52,896.55,654.53,749.19,87.36,39.81,223.68
2026-04-22 06:03:00,2026-04-22 06:03:59,*PQM,263.20,871.50,207.01,229.79,90.09,39.39,49.94,302.56,910.86,241.94,274.45,88.15,40.15,79.94,266.19,895.75,198.74,237.79,83.58,40.11,92.66,277.32,892.70,647.68,742.03,87.27,39.88,222.53
2026-04-22 06:04:00,2026-04-22 06:04:59,*PQM,263.25,863.40,204.60,227.51,89.93,40.05,48.02,302.66,896.35,239.13,271.46,88.09,40.82,76.35,266.23,885.45,197.59,236.00,83.72,40.70,89.71,277.38,881.73,641.31,734.97,87.25,40.52,214.07
2026-04-22 06:05:00,2026-04-22 06:05:59,*PQM,263.32,862.46,203.76,226.26,90.06,40.13,47.52,302.81,896.78,240.06,272.14,88.21,40.67,76.69,266.30,885.11,196.57,235.34,83.53,40.81,90.80,277.48,881.45,640.40,733.74,87.27,40.54,215.01
2026-04-22 06:06:00,2026-04-22 06:06:59,*PQM,263.41,852.79,203.24,225.88,89.98,40.46,47.01,302.90,890.28,238.64,270.88,88.10,40.99,76.43,266.29,875.48,195.19,233.89,83.46,41.25,89.77,277.53,872.85,637.07,730.65,87.18,40.90,213.21
2026-04-22 06:07:00,2026-04-22 06:07:59,*PQM,263.10,901.85,214.52,236.84,90.57,38.30,51.42,302.40,931.41,247.76,281.03,88.16,39.13,83.75,266.05,914.38,203.70,242.52,83.99,39.44,94.15,277.18,915.88,665.98,760.39,87.58,38.96,229.33
2026-04-22 06:08:00,2026-04-22 06:08:59,*PQM,263.12,876.76,208.71,230.75,90.45,39.22,47.44,302.42,903.87,241.80,273.82,88.30,40.07,77.89,266.18,888.82,199.41,237.07,84.11,40.29,89.16,277.24,889.82,649.91,741.64,87.62,39.86,214.50
2026-04-22 06:09:00,2026-04-22 06:09:59,*PQM,263.09,876.28,208.15,230.31,90.38,39.20,48.73,302.38,904.99,241.91,273.68,88.39,40.02,77.59,266.01,894.59,200.36,238.26,84.09,39.98,90.62,277.16,891.95,650.42,742.25,87.62,39.73,216.95
2026-04-22 06:10:00,2026-04-22 06:10:59,*PQM,262.88,867.03,205.66,227.46,90.41,39.76,45.75,302.23,899.37,240.60,271.63,88.58,40.36,74.79,265.94,888.60,198.07,235.06,84.26,40.77,88.25,277.02,885.00,644.33,734.15,87.75,40.30,208.80
2026-04-22 06:11:00,2026-04-22 06:11:59,*PQM,262.82,859.21,203.45,225.15,90.36,39.96,45.56,302.13,891.79,237.95,269.03,88.45,40.71,73.94,265.84,880.81,196.14,233.59,83.97,40.78,87.83,276.93,877.27,637.55,727.77,87.59,40.48,207.33
2026-04-22 06:12:00,2026-04-22 06:12:59,*PQM,262.92,860.45,204.49,226.45,90.30,39.79,46.05,302.31,897.42,240.73,271.50,88.67,40.30,73.91,266.08,884.41,198.34,235.92,84.07,40.44,89.13,277.10,880.76,643.55,733.86,87.68,40.18,209.09
2026-04-22 06:13:00,2026-04-22 06:13:59,*PQM,262.87,870.04,205.20,227.98,90.01,39.32,51.19,302.25,906.88,241.42,272.73,88.52,39.90,77.18,266.08,904.99,201.08,240.00,83.78,39.55,93.61,277.07,893.97,647.70,740.71,87.44,39.59,221.98
2026-04-22 06:14:00,2026-04-22 06:14:59,*PQM,262.64,877.48,208.14,230.58,90.27,38.39,51.30,302.03,917.56,245.31,276.94,88.58,38.88,79.50,265.91,912.46,202.73,242.20,83.71,38.85,95.62,276.86,902.50,656.19,749.72,87.52,38.71,226.42
2026-04-22 06:15:00,2026-04-22 06:15:59,*PQM,262.68,885.13,209.47,232.12,90.24,38.15,52.30,302.08,925.98,247.49,279.27,88.62,38.56,81.68,265.89,920.96,203.56,243.56,83.57,38.65,97.59,276.88,910.69,660.52,754.95,87.48,38.45,231.57
2026-04-22 06:16:00,2026-04-22 06:16:59,*PQM,262.81,883.09,209.47,232.06,90.27,38.03,52.53,302.21,920.69,245.95,278.23,88.40,38.59,82.54,266.01,911.05,202.37,242.30,83.52,38.72,97.14,277.01,904.94,657.79,752.58,87.40,38.45,232.21
2026-04-22 06:17:00,2026-04-22 06:17:59,*PQM,262.72,869.78,205.18,227.84,90.06,39.03,51.06,302.10,899.48,240.85,272.50,88.39,39.72,78.62,265.95,899.63,200.29,239.26,83.71,39.36,94.10,276.92,889.63,646.33,739.60,87.39,39.37,223.78
2026-04-22 06:18:00,2026-04-22 06:18:59,*PQM,262.69,884.78,208.88,232.12,89.99,38.32,53.45,301.95,913.74,242.95,275.75,88.10,39.08,82.41,265.88,907.07,201.84,241.44,83.60,38.88,95.89,276.84,901.86,653.66,749.30,87.23,38.76,231.75
2026-04-22 06:19:00,2026-04-22 06:19:59,*PQM,262.73,890.74,210.01,233.13,90.08,38.36,53.35,301.98,924.61,244.96,277.26,88.35,38.95,82.33,265.95,915.48,203.27,242.71,83.75,38.77,96.39,276.89,910.28,658.24,753.09,87.40,38.69,232.08
2026-04-22 06:20:00,2026-04-22 06:20:59,*PQM,262.82,883.52,208.28,231.48,89.98,38.38,54.24,302.13,918.47,243.37,275.90,88.21,39.06,82.22,266.06,914.26,201.99,242.11,83.43,38.79,97.26,277.00,905.42,653.64,749.49,87.21,38.74,233.72
2026-04-22 06:21:00,2026-04-22 06:21:59,*PQM,262.81,853.18,201.72,224.75,89.75,40.49,48.42,302.16,888.23,236.46,267.42,88.42,41.10,72.74,266.07,889.84,198.28,236.38,83.88,40.44,89.47,277.01,877.08,636.47,728.55,87.35,40.68,210.62
2026-04-22 06:22:00,2026-04-22 06:22:59,*PQM,263.13,840.49,199.37,222.27,89.70,41.47,45.67,302.48,877.21,235.71,266.24,88.53,41.96,69.17,266.42,878.48,197.21,235.12,83.87,41.38,87.59,277.34,865.39,632.29,723.64,87.37,41.60,202.43
2026-04-22 06:23:00,2026-04-22 06:23:59,*PQM,263.06,856.90,201.40,224.29,89.79,41.38,44.94,302.40,887.23,237.77,268.18,88.66,41.76,68.74,266.35,889.48,199.29,236.69,84.20,41.21,87.08,277.27,877.87,638.45,729.16,87.55,41.45,200.75
2026-04-22 06:24:00,2026-04-22 06:24:59,*PQM,263.03,861.39,203.66,226.63,89.86,41.11,45.24,302.40,899.54,241.03,271.66,88.72,41.55,70.16,266.20,901.21,200.83,239.34,83.91,41.04,88.54,277.21,887.38,645.52,737.63,87.50,41.23,203.94
2026-04-22 06:25:00,2026-04-22 06:25:59,*PQM,262.83,859.02,202.35,225.80,89.61,41.40,45.98,302.29,896.40,239.81,270.70,88.59,41.87,69.33,266.08,900.59,200.57,239.11,83.88,41.29,88.31,277.07,885.33,642.73,735.62,87.36,41.52,203.62
2026-04-22 06:26:00,2026-04-22 06:26:59,*PQM,262.75,886.09,209.80,233.31,89.92,40.25,48.78,302.01,924.90,246.91,278.78,88.57,40.52,75.40,265.90,919.75,205.94,245.05,84.04,40.25,92.37,276.89,910.25,662.66,757.14,87.51,40.34,216.55
2026-04-22 06:27:00,2026-04-22 06:27:59,*PQM,262.79,900.47,212.96,236.98,89.86,39.53,52.75,302.01,935.44,250.04,282.22,88.60,39.97,78.33,265.97,937.49,209.87,249.90,83.98,39.37,95.96,276.92,924.47,672.87,769.10,87.48,39.62,227.04
2026-04-22 06:28:00,2026-04-22 06:28:59,*PQM,262.74,894.64,211.64,235.72,89.79,39.09,53.58,301.92,920.30,247.01,279.85,88.26,39.65,80.55,266.08,924.88,206.92,246.97,83.78,39.25,96.12,276.91,913.27,665.57,762.53,87.28,39.33,230.24
2026-04-22 06:29:00,2026-04-22 06:29:59,*PQM,262.91,818.45,195.24,217.73,89.67,38.14,52.29,301.88,837.05,223.70,255.33,87.61,39.13,79.12,266.17,838.90,187.68,224.34,83.66,38.89,89.38,276.99,831.47,606.62,697.40,86.98,38.72,220.80
2026-04-22 06:30:00,2026-04-22 06:30:59,*PQM,262.74,820.45,193.42,215.35,89.81,38.35,51.56,301.73,836.25,221.93,253.16,87.67,39.37,78.00,266.04,838.64,185.86,222.44,83.56,38.99,88.63,276.84,831.78,601.21,690.95,87.01,38.90,218.19
2026-04-22 06:31:00,2026-04-22 06:31:59,*PQM,262.46,828.94,194.55,217.06,89.63,39.88,49.37,301.59,852.14,225.96,256.98,87.93,40.60,74.35,265.85,853.60,189.71,226.90,83.61,40.12,87.89,276.63,844.89,610.23,700.94,87.06,40.20,211.61
2026-04-22 06:32:00,2026-04-22 06:32:59,*PQM,262.53,836.79,196.20,219.26,89.49,40.12,50.68,301.70,861.27,228.58,259.74,88.00,40.92,74.38,265.95,866.34,192.86,230.57,83.64,39.91,89.51,276.73,854.80,617.63,709.57,87.04,40.32,214.56
2026-04-22 06:33:00,2026-04-22 06:33:59,*PQM,262.37,846.44,199.81,222.47,89.81,39.30,50.74,301.49,876.91,233.74,264.95,88.22,39.95,76.20,265.73,873.52,195.37,233.55,83.65,39.54,91.65,276.53,865.63,628.92,720.98,87.23,39.60,218.59
2026-04-22 06:34:00,2026-04-22 06:34:59,*PQM,262.42,823.41,192.96,215.02,89.75,40.35,47.59,301.78,864.28,230.48,260.58,88.45,40.49,72.01,265.61,866.37,190.30,228.94,83.12,40.69,90.44,276.60,851.36,613.74,704.53,87.11,40.51,210.04
2026-04-22 06:35:00,2026-04-22 06:35:59,*PQM,262.38,809.67,190.70,212.58,89.71,40.92,45.16,301.57,842.59,224.99,254.91,88.26,41.26,69.56,265.69,841.28,187.31,224.16,83.56,41.06,85.65,276.55,831.18,603.00,691.64,87.18,41.08,200.36
2026-04-22 06:36:00,2026-04-22 06:36:59,*PQM,262.52,796.22,186.72,208.64,89.50,41.40,45.03,301.71,832.28,220.57,250.06,88.21,41.83,67.82,265.84,835.02,184.60,221.02,83.52,41.23,84.57,276.69,821.18,591.89,679.71,87.08,41.49,197.42
2026-04-22 06:37:00,2026-04-22 06:37:59,*PQM,262.55,790.92,186.36,208.00,89.59,40.89,44.71,301.72,827.81,220.18,249.70,88.18,41.23,68.83,265.83,827.09,183.12,219.62,83.38,40.99,84.63,276.70,815.27,589.66,677.33,87.05,41.04,198.17
2026-04-22 06:38:00,2026-04-22 06:38:59,*PQM,262.67,791.52,187.26,208.39,89.86,40.05,45.61,301.79,824.88,220.03,249.78,88.09,40.56,71.55,265.80,816.58,182.23,218.43,83.43,40.31,85.50,276.75,810.99,589.52,676.60,87.13,40.31,202.66
2026-04-22 06:39:00,2026-04-22 06:39:59,*PQM,262.88,818.84,193.31,215.35,89.77,38.65,50.78,302.08,846.78,224.88,255.71,87.94,39.33,77.10,266.21,844.12,187.71,224.91,83.46,38.93,90.11,277.06,836.58,605.90,695.97,87.06,38.97,217.98
2026-04-22 06:40:00,2026-04-22 06:40:59,*PQM,262.88,826.93,194.95,217.23,89.74,37.82,53.87,302.05,856.05,227.35,257.96,88.13,38.63,78.65,266.14,854.32,189.84,227.27,83.53,38.02,92.16,277.02,845.76,612.14,702.46,87.13,38.16,224.68
2026-04-22 06:41:00,2026-04-22 06:41:59,*PQM,262.93,793.40,188.85,209.58,90.11,38.93,46.86,302.22,835.22,223.23,251.96,88.59,39.27,72.06,266.22,830.79,184.39,220.22,83.73,39.10,86.97,277.12,819.80,596.46,681.76,87.48,39.10,205.88
2026-04-22 06:42:00,2026-04-22 06:42:59,*PQM,263.14,798.47,190.27,211.49,89.97,38.78,48.24,302.53,837.93,224.62,253.77,88.51,39.16,73.88,266.38,830.69,185.53,221.74,83.67,38.88,88.26,277.35,822.37,600.42,686.99,87.38,38.94,210.38
2026-04-22 06:43:00,2026-04-22 06:43:59,*PQM,263.31,803.83,190.91,212.55,89.82,38.85,48.79,302.67,837.15,224.29,254.13,88.26,39.45,74.07,266.60,835.84,186.41,223.29,83.48,38.92,88.71,277.53,825.61,601.61,689.97,87.19,39.07,211.57
2026-04-22 06:44:00,2026-04-22 06:44:59,*PQM,263.33,805.68,191.09,211.98,90.15,38.63,48.35,302.64,834.88,223.10,252.51,88.36,39.37,74.26,266.56,834.84,185.68,221.54,83.82,38.76,87.73,277.51,825.14,599.88,686.02,87.44,38.92,210.34
2026-04-22 06:45:00,2026-04-22 06:45:59,*PQM,263.26,833.81,197.69,219.22,90.18,37.77,50.64,302.47,862.56,230.19,260.83,88.25,38.44,78.29,266.43,857.16,191.29,228.26,83.80,38.06,91.10,277.39,851.18,619.17,708.31,87.41,38.09,220.03
2026-04-22 06:46:00,2026-04-22 06:46:59,*PQM,263.56,809.36,192.02,213.94,89.75,38.93,50.51,302.77,836.02,222.46,253.61,87.72,39.88,77.40,266.62,829.14,185.35,222.17,83.43,39.26,88.58,277.65,824.84,599.83,689.72,86.97,39.36,216.49
2026-04-22 06:47:00,2026-04-22 06:47:59,*PQM,263.68,802.91,189.40,210.62,89.93,38.91,47.94,302.92,827.11,219.88,249.26,88.21,39.90,71.85,266.82,826.05,185.28,220.19,84.15,38.94,85.05,277.81,818.69,594.57,680.06,87.43,39.25,204.84
2026-04-22 06:48:00,2026-04-22 06:48:59,*PQM,263.73,790.83,187.57,208.17,90.10,39.62,44.92,302.89,816.28,217.13,245.99,88.27,40.46,69.60,266.91,809.91,182.20,215.94,84.38,39.71,81.41,277.84,805.68,586.89,670.10,87.58,39.93,195.92
2026-04-22 06:49:00,2026-04-22 06:49:59,*PQM,263.35,822.79,194.62,217.03,89.67,38.53,53.59,302.52,845.31,224.49,256.73,87.44,39.47,81.77,266.55,839.31,186.39,224.55,83.01,38.97,91.95,277.48,835.80,605.51,698.31,86.71,38.99,227.31
2026-04-22 06:50:00,2026-04-22 06:50:59,*PQM,262.85,937.20,215.41,244.69,88.04,37.33,75.93,302.06,973.52,249.53,292.40,85.34,37.92,111.60,265.99,954.60,202.59,253.75,79.84,37.48,120.68,276.97,955.11,667.54,790.84,84.41,37.58,308.21
2026-04-22 06:51:00,2026-04-22 06:51:59,*PQM,262.54,992.03,230.04,260.14,88.43,36.28,79.09,301.84,1034.46,267.82,311.55,85.96,36.71,116.12,265.74,1016.31,217.69,270.86,80.37,36.41,127.43,276.71,1014.27,715.55,842.55,84.92,36.47,322.64
2026-04-22 06:52:00,2026-04-22 06:52:59,*PQM,262.52,1012.99,237.70,267.01,89.02,35.19,82.07,301.90,1051.15,277.04,320.12,86.54,35.72,120.13,265.79,1041.34,224.98,278.32,80.83,35.32,132.38,276.74,1035.16,739.72,865.46,85.47,35.41,334.59
2026-04-22 06:53:00,2026-04-22 06:53:59,*PQM,262.48,1008.38,233.66,263.88,88.55,36.05,79.69,301.77,1055.63,272.44,316.35,86.12,36.43,117.58,265.63,1038.48,221.06,274.58,80.51,36.14,129.41,276.63,1034.16,727.16,854.80,85.06,36.21,326.69
2026-04-22 06:54:00,2026-04-22 06:54:59,*PQM,262.39,987.16,228.92,260.14,88.00,36.02,81.57,301.57,1020.59,264.98,309.41,85.64,36.68,116.78,265.65,1010.54,217.04,270.58,80.21,36.12,128.07,276.54,1006.10,710.94,840.12,84.62,36.27,326.43
2026-04-22 06:55:00,2026-04-22 06:55:59,*PQM,262.42,952.37,221.91,253.18,87.65,36.18,80.23,301.52,983.46,256.39,301.25,85.11,36.84,115.53,265.63,979.39,209.51,263.04,79.65,36.26,125.71,276.52,971.74,687.80,817.47,84.14,36.43,321.46
2026-04-22 06:56:00,2026-04-22 06:56:59,*PQM,262.23,1028.90,239.03,269.34,88.75,35.11,82.07,301.31,1059.04,274.39,318.47,86.16,35.87,119.03,265.36,1051.74,225.85,278.68,81.04,35.28,129.34,276.30,1046.56,739.27,866.48,85.32,35.42,330.44
2026-04-22 06:57:00,2026-04-22 06:57:59,*PQM,262.21,1026.33,234.93,264.86,88.70,35.70,82.25,301.29,1050.92,269.24,312.64,86.12,36.53,117.15,265.40,1046.08,223.15,274.62,81.26,35.78,127.97,276.30,1041.11,727.32,852.12,85.36,36.00,327.36
2026-04-22 06:58:00,2026-04-22 06:58:59,*PQM,262.29,1008.96,234.98,266.10,88.31,34.87,83.17,301.32,1035.34,267.61,313.67,85.31,35.75,120.64,265.46,1025.09,220.23,273.55,80.51,35.29,128.37,276.36,1023.13,722.82,853.32,84.71,35.30,332.17
2026-04-22 06:59:00,2026-04-22 06:59:59,*PQM,262.44,962.60,224.16,252.91,88.63,37.34,74.72,301.57,989.91,257.86,299.56,86.08,38.10,108.59,265.68,981.40,212.84,262.24,81.16,37.42,119.13,276.56,977.97,694.86,814.71,85.29,37.62,302.43
2026-04-22 07:00:00,2026-04-22 07:00:59,*PQM,262.21,956.41,222.07,251.97,88.14,37.46,75.00,301.26,985.75,255.45,297.74,85.80,38.23,107.12,265.47,983.59,212.48,262.17,81.05,37.35,118.45,276.31,975.25,690.01,811.88,84.99,37.68,300.57
2026-04-22 07:01:00,2026-04-22 07:01:59,*PQM,262.02,953.63,219.71,248.78,88.32,38.24,73.02,301.15,986.82,254.26,294.82,86.24,39.06,103.52,265.38,989.35,211.78,260.58,81.27,37.98,116.64,276.18,976.60,685.75,804.19,85.28,38.43,293.18
2026-04-22 07:02:00,2026-04-22 07:02:59,*PQM,261.99,958.91,218.39,247.79,88.14,38.55,72.72,301.19,985.77,252.70,293.97,85.96,39.42,103.78,265.35,992.07,209.82,259.10,80.98,38.49,116.14,276.18,978.91,680.91,800.86,85.03,38.82,292.64
2026-04-22 07:03:00,2026-04-22 07:03:59,*PQM,261.90,954.75,221.25,251.41,88.00,37.56,75.76,301.06,992.46,257.69,300.25,85.83,38.09,108.20,265.30,988.31,212.39,264.07,80.43,37.38,121.70,276.09,978.51,691.33,815.72,84.75,37.68,305.67
2026-04-22 07:04:00,2026-04-22 07:04:59,*PQM,261.95,956.16,219.75,248.92,88.28,37.11,75.60,301.19,991.53,256.13,297.39,86.13,37.66,107.75,265.41,991.80,211.29,261.63,80.76,37.00,121.18,276.18,979.83,687.17,807.94,85.06,37.26,304.53
2026-04-22 07:05:00,2026-04-22 07:05:59,*PQM,261.80,968.08,224.65,253.68,88.56,36.42,76.54,301.02,1006.64,262.52,303.11,86.61,37.07,108.92,265.31,1007.31,216.87,267.19,81.17,36.28,123.48,276.04,994.01,704.04,823.99,85.44,36.59,308.94
2026-04-22 07:06:00,2026-04-22 07:06:59,*PQM,262.46,844.06,198.39,221.77,89.46,39.09,55.11,301.53,869.11,228.73,261.45,87.49,40.20,81.62,265.89,872.68,192.28,230.98,83.25,39.25,93.33,276.63,861.95,619.40,714.20,86.73,39.51,230.06
2026-04-22 07:07:00,2026-04-22 07:07:59,*PQM,262.72,787.63,186.42,207.82,89.70,39.21,48.43,301.71,810.69,214.70,244.28,87.89,40.34,73.24,265.90,810.05,180.54,215.65,83.72,39.42,84.49,276.78,802.79,581.66,667.76,87.10,39.66,206.16
2026-04-22 07:08:00,2026-04-22 07:08:59,*PQM,262.68,848.79,201.43,222.87,90.38,37.19,51.88,301.69,866.59,231.24,261.71,88.36,38.45,78.39,265.89,867.21,194.93,231.00,84.39,37.62,90.55,276.75,860.86,627.60,715.58,87.71,37.75,220.82
2026-04-22 07:09:00,2026-04-22 07:09:59,*PQM,262.62,842.78,199.51,221.79,89.95,37.53,53.95,301.56,853.80,227.51,258.67,87.96,38.87,79.99,265.80,860.52,192.19,228.78,84.00,38.01,90.77,276.66,852.37,619.20,709.23,87.31,38.14,224.71
2026-04-22 07:10:00,2026-04-22 07:10:59,*PQM,262.64,849.75,199.95,221.55,90.25,37.40,52.77,301.64,863.51,228.89,260.17,87.98,38.55,80.62,265.88,862.16,191.59,228.12,83.99,37.98,90.90,276.72,858.48,620.42,709.84,87.40,37.98,224.29
2026-04-22 07:11:00,2026-04-22 07:11:59,*PQM,262.64,839.63,199.67,221.56,90.12,37.70,51.66,301.61,861.93,230.29,260.96,88.25,38.69,78.53,265.80,863.58,192.79,229.27,84.09,38.20,90.56,276.68,855.05,622.74,711.79,87.48,38.20,220.74
2026-04-22 07:12:00,2026-04-22 07:12:59,*PQM,262.92,825.26,196.44,217.24,90.43,37.94,48.68,302.00,845.20,226.57,256.33,88.39,38.94,75.69,266.03,843.07,189.42,224.56,84.35,38.40,87.14,276.98,837.84,612.44,698.13,87.72,38.43,211.51
2026-04-22 07:13:00,2026-04-22 07:13:59,*PQM,262.77,821.45,193.46,214.76,90.08,38.12,50.06,301.96,844.97,224.21,254.00,88.27,38.95,75.02,266.00,848.69,188.92,224.45,84.17,38.28,88.05,276.91,838.37,606.60,693.22,87.51,38.45,213.13
2026-04-22 07:14:00,2026-04-22 07:14:59,*PQM,262.88,817.36,195.25,215.92,90.43,37.75,48.78,301.97,842.43,225.38,255.14,88.34,38.58,76.07,266.00,842.10,188.23,223.65,84.16,38.14,87.57,276.95,833.96,608.86,694.71,87.64,38.16,212.41
2026-04-22 07:15:00,2026-04-22 07:15:59,*PQM,262.69,832.00,196.10,217.45,90.18,37.89,50.26,301.74,851.66,226.45,256.20,88.39,38.83,75.29,265.98,852.71,191.40,226.86,84.37,38.07,88.29,276.80,845.46,613.95,700.51,87.65,38.26,213.83
2026-04-22 07:16:00,2026-04-22 07:16:59,*PQM,262.56,848.17,199.46,221.03,90.24,36.87,53.97,301.63,865.01,229.95,260.56,88.25,37.88,80.81,265.86,870.55,192.96,230.00,83.89,37.21,92.96,276.68,861.24,622.36,711.59,87.46,37.32,227.74
2026-04-22 07:17:00,2026-04-22 07:17:59,*PQM,262.54,847.65,201.49,223.05,90.34,36.62,54.22,301.59,867.72,232.22,262.75,88.38,37.56,80.86,265.88,868.55,195.14,232.09,84.08,36.95,93.24,276.67,861.30,628.85,717.89,87.60,37.04,228.32
2026-04-22 07:18:00,2026-04-22 07:18:59,*PQM,262.79,831.90,196.30,217.99,90.05,37.86,52.33,301.86,851.49,225.92,256.42,88.11,38.99,77.07,266.05,854.76,190.91,227.24,84.01,38.05,89.78,276.90,846.05,613.13,701.66,87.39,38.30,219.18
2026-04-22 07:19:00,2026-04-22 07:19:59,*PQM,262.65,849.85,201.28,223.61,90.01,36.89,54.53,301.74,874.73,233.35,264.16,88.33,37.82,80.57,265.93,879.43,196.35,233.88,83.96,37.15,94.31,276.77,868.00,630.97,721.64,87.43,37.29,229.40
2026-04-22 07:20:00,2026-04-22 07:20:59,*PQM,262.60,836.18,195.92,218.20,89.79,37.42,54.85,301.71,856.95,228.08,258.37,88.28,38.14,78.25,265.93,869.75,192.96,230.27,83.79,37.14,93.51,276.75,854.29,616.96,706.84,87.29,37.57,226.60
2026-04-22 07:21:00,2026-04-22 07:21:59,*PQM,262.75,841.67,198.62,220.64,90.02,37.04,54.34,301.83,864.10,229.45,260.12,88.21,37.91,80.10,265.98,864.08,192.91,230.04,83.86,37.23,92.74,276.85,856.61,620.99,710.80,87.36,37.39,227.17
2026-04-22 07:22:00,2026-04-22 07:22:59,*PQM,262.87,822.37,194.31,215.95,89.98,37.76,51.78,301.93,846.78,224.32,254.69,88.08,38.64,76.97,266.11,842.76,188.47,224.66,83.89,37.96,89.24,276.97,837.30,607.10,695.30,87.32,38.12,217.99
2026-04-22 07:23:00,2026-04-22 07:23:59,*PQM,263.03,838.21,198.77,220.66,90.08,37.79,51.58,302.14,865.81,231.66,261.86,88.47,38.49,77.22,266.24,866.76,193.96,230.84,84.02,37.75,91.50,277.14,856.92,624.39,713.36,87.52,38.01,220.29
2026-04-22 07:24:00,2026-04-22 07:24:59,*PQM,263.20,804.76,190.99,212.30,89.96,38.97,48.70,302.35,828.45,221.72,250.77,88.42,39.99,71.23,266.35,832.81,187.96,223.18,84.22,38.84,85.62,277.30,822.00,600.67,686.26,87.53,39.27,205.55
2026-04-22 07:25:00,2026-04-22 07:25:59,*PQM,263.13,802.67,190.69,211.98,89.96,39.21,47.44,302.28,829.33,221.63,250.60,88.44,40.04,70.06,266.35,829.22,187.45,222.20,84.36,39.08,84.58,277.25,820.41,599.78,684.78,87.59,39.44,202.07
2026-04-22 07:26:00,2026-04-22 07:26:59,*PQM,263.25,807.32,190.78,212.33,89.85,39.29,47.86,302.27,826.94,220.33,249.30,88.38,40.36,70.05,266.37,835.77,187.54,221.92,84.51,39.05,83.77,277.30,823.35,598.64,683.55,87.58,39.57,201.68
2026-04-22 07:27:00,2026-04-22 07:27:59,*PQM,263.12,793.68,185.98,207.41,89.67,40.15,46.08,302.08,809.06,214.58,242.81,88.38,41.24,66.57,266.34,820.82,183.46,216.93,84.57,39.77,80.62,277.18,807.85,584.02,667.16,87.54,40.39,193.27
2026-04-22 07:28:00,2026-04-22 07:28:59,*PQM,263.28,819.09,191.63,213.66,89.69,39.16,50.73,302.21,831.90,220.33,250.03,88.12,40.27,72.94,266.46,839.02,187.68,222.94,84.18,38.99,86.32,277.32,830.00,599.63,686.63,87.33,39.47,209.99
2026-04-22 07:29:00,2026-04-22 07:29:59,*PQM,263.06,839.40,197.61,220.06,89.80,38.50,52.80,302.05,856.19,226.67,257.49,88.03,39.55,76.48,266.33,860.71,192.10,228.73,83.99,38.52,89.45,277.15,852.10,616.39,706.29,87.27,38.86,218.73
2026-04-22 07:30:00,2026-04-22 07:30:59,*PQM,263.15,836.35,198.36,220.70,89.88,38.06,53.25,302.05,851.27,226.39,257.33,87.98,39.23,77.78,266.40,857.06,191.70,228.13,84.03,38.21,89.64,277.20,848.23,616.46,706.16,87.30,38.50,220.68
2026-04-22 07:31:00,2026-04-22 07:31:59,*PQM,262.92,839.05,198.31,220.96,89.75,37.70,55.40,301.92,853.39,227.64,258.38,88.10,38.79,78.77,266.17,862.19,193.15,230.24,83.89,37.67,92.31,277.00,851.54,619.10,709.57,87.25,38.05,226.47
2026-04-22 07:32:00,2026-04-22 07:32:59,*PQM,262.88,848.88,200.83,223.07,90.03,37.33,54.72,301.88,865.51,230.40,261.19,88.21,38.40,79.61,266.22,870.85,194.99,231.93,84.07,37.36,92.57,276.99,861.74,626.22,716.19,87.44,37.70,226.91
2026-04-22 07:33:00,2026-04-22 07:33:59,*PQM,262.93,835.90,197.21,219.46,89.86,38.00,52.58,302.01,855.35,228.02,258.05,88.36,38.96,76.53,266.23,864.55,192.68,229.14,84.09,37.92,90.58,277.06,851.93,617.91,706.65,87.44,38.29,219.68
2026-04-22 07:34:00,2026-04-22 07:34:59,*PQM,262.83,832.79,196.84,218.97,89.89,38.05,52.74,301.79,853.83,227.67,257.55,88.40,38.81,76.43,266.03,854.89,191.81,227.89,84.17,37.96,89.49,276.88,847.17,616.32,704.41,87.49,38.27,218.65
2026-04-22 07:35:00,2026-04-22 07:35:59,*PQM,262.98,833.72,196.36,218.88,89.71,38.22,52.99,301.99,850.56,226.71,256.67,88.33,39.19,75.43,266.31,862.10,192.50,228.54,84.23,38.02,89.35,277.09,848.80,615.58,704.09,87.42,38.48,217.76
2026-04-22 07:36:00,2026-04-22 07:36:59,*PQM,263.02,815.64,192.81,214.21,90.01,38.95,48.70,301.99,830.04,220.89,249.87,88.40,40.04,70.57,266.27,844.27,189.39,223.38,84.78,38.76,83.89,277.09,829.98,603.10,687.47,87.73,39.25,203.16
2026-04-22 07:37:00,2026-04-22 07:37:59,*PQM,262.97,812.30,192.53,214.00,89.97,39.05,48.20,302.01,831.88,221.49,250.09,88.57,40.07,70.19,266.33,837.43,189.30,223.59,84.67,38.84,84.08,277.10,827.20,603.33,687.68,87.73,39.32,202.47
2026-04-22 07:38:00,2026-04-22 07:38:59,*PQM,262.84,812.79,192.04,213.59,89.91,39.00,48.55,301.79,822.70,220.09,248.67,88.50,40.17,69.43,266.26,836.87,189.26,223.15,84.81,38.65,83.53,276.96,824.12,601.38,685.41,87.74,39.27,201.51
2026-04-22 07:39:00,2026-04-22 07:39:59,*PQM,263.05,815.67,192.13,213.89,89.83,39.22,48.57,302.06,833.93,221.76,250.59,88.49,40.18,69.79,266.37,843.31,189.57,224.10,84.59,38.91,84.58,277.16,830.97,603.46,688.58,87.64,39.44,202.94
2026-04-22 07:40:00,2026-04-22 07:40:59,*PQM,262.90,828.82,195.90,218.18,89.78,37.71,54.11,301.84,839.32,223.23,253.91,87.92,38.99,78.57,266.10,846.72,189.52,225.61,84.00,37.90,89.64,276.95,838.28,608.64,697.71,87.23,38.20,222.32
2026-04-22 07:41:00,2026-04-22 07:41:59,*PQM,262.65,844.56,199.80,221.83,90.07,37.35,53.40,301.61,864.74,229.24,259.84,88.22,38.35,79.60,265.95,863.43,193.16,229.59,84.13,37.55,91.21,276.74,857.58,622.19,711.26,87.47,37.75,224.20
2026-04-22 07:42:00,2026-04-22 07:42:59,*PQM,262.98,829.07,195.30,217.77,89.68,37.72,53.83,301.97,844.38,224.03,254.87,87.90,38.87,78.24,266.30,850.14,190.21,226.58,83.94,37.76,90.35,277.08,841.20,609.54,699.22,87.18,38.12,222.42
2026-04-22 07:43:00,2026-04-22 07:43:59,*PQM,262.97,815.56,192.30,214.61,89.61,38.80,52.22,302.02,832.32,221.43,251.54,88.03,39.80,74.23,266.26,842.90,189.17,225.00,84.07,38.49,88.34,277.08,830.26,602.90,691.15,87.24,39.03,214.79
2026-04-22 07:44:00,2026-04-22 07:44:59,*PQM,263.00,823.47,194.98,216.93,89.88,38.31,51.64,302.07,845.32,223.98,254.25,88.10,39.43,75.80,266.30,850.48,190.07,225.82,84.17,38.41,88.49,277.12,839.76,609.04,697.01,87.38,38.72,215.93
2026-04-22 07:45:00,2026-04-22 07:45:59,*PQM,263.09,826.96,196.17,218.29,89.86,38.37,51.90,302.10,847.27,225.42,255.60,88.19,39.34,75.56,266.39,852.38,191.66,227.51,84.24,38.28,88.56,277.19,842.20,613.26,701.41,87.43,38.66,216.02
2026-04-22 07:46:00,2026-04-22 07:46:59,*PQM,263.08,813.34,191.87,213.67,89.80,38.69,50.83,302.04,829.87,219.88,249.91,87.99,39.70,74.17,266.34,833.87,187.09,222.38,84.13,38.73,86.63,277.15,825.69,598.84,685.96,87.30,39.04,211.63
2026-04-22 07:47:00,2026-04-22 07:47:59,*PQM,263.14,812.14,189.47,211.86,89.43,39.30,51.94,302.12,825.72,217.52,247.43,87.91,40.38,72.64,266.52,837.49,186.52,221.88,84.07,39.00,86.55,277.26,825.11,593.51,681.17,87.14,39.56,211.13
2026-04-22 07:48:00,2026-04-22 07:48:59,*PQM,263.24,789.33,186.61,208.44,89.52,40.40,46.96,302.30,806.48,216.29,245.04,88.27,41.27,67.46,266.63,816.18,184.32,218.61,84.32,39.99,82.59,277.39,804.00,587.22,672.09,87.37,40.55,197.01
2026-04-22 07:49:00,2026-04-22 07:49:59,*PQM,263.13,799.84,188.85,210.69,89.63,40.17,47.34,302.19,816.14,218.78,247.46,88.41,41.04,67.67,266.54,829.21,186.62,221.26,84.34,39.82,83.19,277.29,815.06,594.24,679.42,87.46,40.34,198.21
2026-04-22 07:50:00,2026-04-22 07:50:59,*PQM,262.90,810.10,190.35,212.22,89.70,39.37,49.71,301.82,824.18,218.31,247.40,88.24,40.48,70.16,266.26,839.90,187.58,222.23,84.41,39.06,84.52,276.99,824.73,596.24,681.85,87.45,39.64,204.39
2026-04-22 07:51:00,2026-04-22 07:51:59,*PQM,262.85,823.39,193.88,215.99,89.76,38.63,51.60,301.82,841.12,223.10,252.89,88.22,39.56,74.29,266.23,849.80,190.37,226.09,84.20,38.46,88.32,276.97,838.10,607.35,694.97,87.39,38.88,214.21
2026-04-22 07:52:00,2026-04-22 07:52:59,*PQM,262.88,821.85,193.14,215.22,89.74,38.73,51.60,301.86,837.73,222.26,252.11,88.16,39.52,74.05,266.29,847.05,189.60,225.26,84.17,38.48,88.07,277.01,835.54,604.99,692.59,87.35,38.91,213.73
2026-04-22 07:53:00,2026-04-22 07:53:59,*PQM,262.87,826.31,194.42,216.78,89.69,38.12,53.76,301.89,838.77,222.81,253.39,87.93,39.15,76.76,266.33,849.55,190.00,226.44,83.91,38.10,89.78,277.03,838.21,607.23,696.61,87.18,38.46,220.30
2026-04-22 07:54:00,2026-04-22 07:54:59,*PQM,262.95,823.72,193.80,216.53,89.50,38.49,53.92,301.90,839.85,224.25,254.02,88.28,39.23,75.46,266.46,856.64,191.10,227.64,83.95,38.03,90.72,277.10,840.07,609.15,698.19,87.24,38.58,220.10
2026-04-22 07:55:00,2026-04-22 07:55:59,*PQM,262.80,835.84,197.50,220.26,89.67,38.15,54.72,301.69,850.05,227.17,257.31,88.29,39.13,76.43,266.28,861.55,194.04,230.68,84.11,37.89,90.93,276.92,849.15,618.71,708.26,87.36,38.39,222.08
2026-04-22 07:56:00,2026-04-22 07:56:59,*PQM,262.69,845.14,198.40,221.47,89.58,38.34,55.39,301.52,858.29,226.83,257.62,88.05,39.47,76.50,266.13,868.33,194.85,231.57,84.14,38.10,90.77,276.78,857.25,620.08,710.66,87.26,38.64,222.65
2026-04-22 07:57:00,2026-04-22 07:57:59,*PQM,263.02,824.76,193.71,216.03,89.67,38.01,53.77,301.95,833.54,222.08,252.04,88.11,39.06,76.05,266.44,848.14,190.19,225.73,84.25,37.82,89.35,277.14,835.48,605.97,693.80,87.34,38.30,219.17
2026-04-22 07:58:00,2026-04-22 07:58:59,*PQM,263.15,805.25,189.83,212.03,89.53,39.07,51.08,302.10,819.43,217.78,247.09,88.14,40.19,71.36,266.44,836.64,187.49,222.52,84.26,38.58,85.41,277.23,820.44,595.09,681.64,87.31,39.28,207.85
2026-04-22 07:59:00,2026-04-22 07:59:59,*PQM,263.09,788.08,186.13,208.14,89.43,40.07,48.56,302.05,796.56,213.00,242.19,87.95,41.15,68.84,266.44,815.08,183.39,217.25,84.41,39.64,82.00,277.19,799.91,582.52,667.58,87.26,40.29,199.40
2026-04-22 08:00:00,2026-04-22 08:00:59,*PQM,262.82,817.55,191.69,213.90,89.62,39.27,50.58,301.69,825.86,219.24,249.40,87.90,40.28,72.59,266.19,835.53,188.10,223.15,84.29,38.91,85.41,276.90,826.31,599.03,686.45,87.27,39.49,208.58
2026-04-22 08:01:00,2026-04-22 08:01:59,*PQM,263.06,792.59,187.01,208.62,89.64,40.44,46.88,301.94,807.62,214.09,243.18,88.04,41.41,67.92,266.41,817.30,183.87,217.74,84.44,40.13,80.72,277.14,805.84,584.97,669.54,87.37,40.66,195.52
2026-04-22 08:02:00,2026-04-22 08:02:59,*PQM,263.07,801.77,189.07,211.47,89.40,40.71,48.14,301.92,818.63,218.25,247.30,88.25,41.57,67.43,266.40,821.91,186.45,220.86,84.42,40.29,81.51,277.13,814.11,593.77,679.63,87.36,40.86,197.07
2026-04-22 08:03:00,2026-04-22 08:03:59,*PQM,263.05,801.84,187.34,209.34,89.49,40.40,47.68,301.82,807.41,214.36,243.22,88.13,41.51,67.42,266.40,819.23,183.91,217.23,84.67,40.16,80.06,277.09,809.49,585.61,669.79,87.43,40.69,195.16
2026-04-22 08:04:00,2026-04-22 08:04:59,*PQM,263.01,779.87,183.53,205.48,89.32,40.85,46.99,301.85,793.13,210.95,239.60,88.04,41.83,65.92,266.44,806.07,181.39,215.13,84.32,40.36,79.87,277.10,793.02,575.88,660.21,87.23,41.01,192.78
2026-04-22 08:05:00,2026-04-22 08:05:59,*PQM,262.91,802.61,189.21,211.62,89.41,39.97,49.82,301.83,815.00,217.10,246.03,88.24,41.23,68.86,266.36,832.21,187.77,222.21,84.50,39.45,83.49,277.03,816.61,594.08,679.85,87.39,40.22,202.18
2026-04-22 08:06:00,2026-04-22 08:06:59,*PQM,262.96,807.22,189.82,211.73,89.65,39.89,48.35,301.95,815.20,218.25,247.68,88.12,40.94,69.62,266.44,831.98,186.76,221.55,84.30,39.64,83.58,277.12,818.13,594.84,680.96,87.36,40.16,201.55
2026-04-22 08:07:00,2026-04-22 08:07:59,*PQM,262.79,809.41,189.81,212.25,89.43,39.98,49.37,301.83,820.17,219.12,248.30,88.25,41.13,68.75,266.27,841.08,188.71,223.74,84.34,39.48,84.38,276.96,823.55,597.64,684.29,87.34,40.20,202.50
2026-04-22 08:08:00,2026-04-22 08:08:59,*PQM,262.81,812.70,192.33,214.59,89.63,39.01,50.85,301.80,828.48,221.12,250.75,88.18,40.11,72.33,266.24,841.33,189.74,225.01,84.33,38.63,85.99,276.95,827.50,603.19,690.35,87.38,39.25,209.17
2026-04-22 08:09:00,2026-04-22 08:09:59,*PQM,263.02,815.78,192.88,215.04,89.69,39.03,50.91,302.04,829.50,221.60,251.27,88.19,40.13,72.81,266.45,843.49,189.84,225.10,84.33,38.79,86.21,277.17,829.59,604.32,691.42,87.41,39.32,209.92
2026-04-22 08:10:00,2026-04-22 08:10:59,*PQM,262.82,850.54,200.36,223.34,89.71,37.37,56.61,301.68,852.41,227.07,258.35,87.89,38.85,79.32,266.20,871.98,195.97,232.23,84.39,37.33,91.24,276.90,858.31,623.40,713.93,87.33,37.85,227.17
2026-04-22 08:11:00,2026-04-22 08:11:59,*PQM,262.81,850.17,199.29,222.69,89.50,38.01,56.82,301.78,861.49,228.05,259.33,87.94,39.25,78.76,266.31,874.42,196.18,233.43,84.04,37.79,92.48,276.97,862.03,623.52,715.44,87.16,38.35,228.06
2026-04-22 08:12:00,2026-04-22 08:12:59,*PQM,262.79,836.33,197.59,219.54,90.00,38.75,51.74,301.67,845.86,224.40,254.78,88.08,40.15,75.24,266.13,850.94,192.23,227.41,84.53,38.67,86.63,276.86,844.38,614.22,701.72,87.54,39.19,213.61
2026-04-22 08:13:00,2026-04-22 08:13:59,*PQM,262.79,823.60,193.92,217.27,89.25,38.53,55.54,301.78,839.79,222.09,253.14,87.73,39.86,76.79,266.14,859.80,191.34,228.04,83.91,38.27,90.68,276.90,841.06,607.35,698.45,86.96,38.89,223.00
2026-04-22 08:14:00,2026-04-22 08:14:59,*PQM,262.14,987.10,229.31,259.87,88.24,36.85,78.83,301.20,1011.24,263.22,305.55,86.14,37.88,109.92,265.51,1019.23,221.19,271.60,81.44,36.70,122.95,276.28,1005.86,713.71,837.02,85.27,37.14,311.69
2026-04-22 08:15:00,2026-04-22 08:15:59,*PQM,262.10,995.88,229.51,260.18,88.21,36.52,79.56,301.16,1014.46,263.21,304.62,86.41,37.65,108.77,265.58,1033.54,222.98,272.90,81.71,36.15,123.01,276.28,1014.62,715.70,837.69,85.44,36.77,311.33
2026-04-22 08:16:00,2026-04-22 08:16:59,*PQM,261.93,1018.46,235.94,267.58,88.17,35.92,84.50,300.94,1042.55,270.80,313.71,86.32,36.90,114.15,265.40,1060.75,229.12,281.15,81.49,35.53,129.02,276.09,1040.59,735.86,862.45,85.33,36.12,327.67
2026-04-22 08:17:00,2026-04-22 08:17:59,*PQM,262.00,991.78,230.96,262.59,87.96,36.24,81.19,300.99,1018.08,266.09,309.01,86.11,37.07,111.66,265.50,1030.71,223.10,275.32,81.03,35.96,125.89,276.16,1013.53,720.15,846.93,85.03,36.42,318.74
2026-04-22 08:18:00,2026-04-22 08:18:59,*PQM,261.99,1004.97,232.31,263.20,88.26,36.21,81.85,301.03,1027.72,268.07,309.87,86.51,37.08,111.37,265.51,1042.98,225.12,276.72,81.35,35.91,126.72,276.18,1025.22,725.50,849.78,85.38,36.40,319.94
2026-04-22 08:19:00,2026-04-22 08:19:59,*PQM,261.87,1001.11,234.05,265.22,88.25,36.06,81.23,300.82,1024.36,269.93,312.51,86.38,36.90,112.18,265.32,1035.12,225.74,277.77,81.27,35.86,126.57,276.00,1020.20,729.72,855.50,85.30,36.27,319.97
2026-04-22 08:20:00,2026-04-22 08:20:59,*PQM,261.94,1019.51,234.76,266.45,88.11,35.44,83.56,300.87,1040.48,269.71,313.02,86.16,36.38,113.95,265.30,1053.59,226.45,278.75,81.24,35.26,128.07,276.04,1037.86,730.92,858.22,85.17,35.69,325.59
2026-04-22 08:21:00,2026-04-22 08:21:59,*PQM,261.84,1029.62,238.35,268.74,88.69,35.62,82.87,300.87,1056.93,273.90,316.60,86.51,36.52,116.04,265.21,1060.42,228.35,280.02,81.55,35.67,128.85,275.97,1048.99,740.61,865.35,85.59,35.94,327.75
2026-04-22 08:22:00,2026-04-22 08:22:59,*PQM,261.98,1015.17,235.80,266.89,88.35,35.27,82.98,300.94,1037.11,270.03,313.74,86.07,36.20,116.04,265.35,1042.60,225.45,277.46,81.25,35.24,127.89,276.09,1031.63,731.28,858.09,85.22,35.57,326.91
2026-04-22 08:23:00,2026-04-22 08:23:59,*PQM,262.06,1022.10,237.54,268.29,88.54,35.45,84.37,301.10,1045.81,272.91,315.51,86.50,36.41,115.71,265.52,1056.71,229.21,280.88,81.61,35.30,129.83,276.23,1041.54,739.66,864.67,85.55,35.72,329.92
2026-04-22 08:24:00,2026-04-22 08:24:59,*PQM,262.39,982.50,227.99,258.93,88.05,37.11,78.03,301.43,1008.97,262.86,304.65,86.28,38.07,106.36,265.84,1018.40,221.84,272.19,81.50,36.71,121.53,276.55,1003.29,712.69,835.76,85.28,37.30,305.93
2026-04-22 08:25:00,2026-04-22 08:25:59,*PQM,262.31,1003.86,229.49,259.42,88.46,36.97,77.71,301.41,1028.83,265.47,306.17,86.71,37.76,106.65,265.83,1045.60,223.14,272.90,81.77,36.61,122.46,276.52,1026.10,718.11,838.49,85.65,37.11,306.82
2026-04-22 08:26:00,2026-04-22 08:26:59,*PQM,262.73,1009.81,229.90,259.69,88.53,37.01,78.31,301.87,1038.38,266.24,306.27,86.93,37.88,106.69,266.23,1051.81,223.95,273.76,81.81,36.53,123.15,276.94,1033.33,720.09,839.72,85.75,37.14,308.14
2026-04-22 08:27:00,2026-04-22 08:27:59,*PQM,262.70,985.00,226.02,256.34,88.17,36.96,79.43,301.83,1004.53,260.25,300.54,86.59,38.06,106.21,266.25,1028.09,221.04,270.55,81.70,36.44,122.12,276.93,1005.87,707.32,827.43,85.49,37.15,307.76
2026-04-22 08:28:00,2026-04-22 08:28:59,*PQM,262.76,964.67,222.74,252.86,88.09,37.79,76.80,301.90,993.13,258.34,297.73,86.77,38.77,102.76,266.36,1009.21,218.99,268.20,81.65,37.07,120.03,277.01,989.00,700.07,818.80,85.50,37.88,299.59
2026-04-22 08:29:00,2026-04-22 08:29:59,*PQM,262.44,996.08,232.36,264.16,87.96,36.37,82.84,301.46,1020.42,266.62,309.75,86.08,37.36,112.12,266.02,1034.24,225.63,277.86,81.20,35.95,127.08,276.64,1016.91,724.62,851.77,85.08,36.56,322.04
2026-04-22 08:30:00,2026-04-22 08:30:59,*PQM,262.91,934.03,218.12,243.47,89.59,38.29,62.74,301.95,947.23,249.73,283.86,87.98,39.62,87.25,266.48,969.02,214.27,255.23,83.95,38.06,102.50,277.11,950.09,682.12,782.55,87.17,38.66,252.49
2026-04-22 08:31:00,2026-04-22 08:31:59,*PQM,263.16,834.09,196.65,220.30,89.27,37.90,58.02,302.09,845.34,223.40,254.95,87.63,39.23,79.39,266.61,864.76,193.34,230.46,83.89,37.58,92.46,277.29,848.06,613.39,705.71,86.93,38.24,229.87
2026-04-22 08:32:00,2026-04-22 08:32:59,*PQM,263.16,833.04,196.74,219.69,89.56,38.12,54.65,302.06,841.82,223.77,253.95,88.12,39.56,75.66,266.68,858.59,193.94,229.23,84.61,37.92,88.57,277.30,844.48,614.45,702.86,87.43,38.53,218.89
2026-04-22 08:33:00,2026-04-22 08:33:59,*PQM,263.26,831.50,196.08,218.67,89.67,38.24,54.36,302.16,840.18,223.31,253.61,88.05,39.44,75.85,266.69,856.50,192.98,228.45,84.47,37.92,88.58,277.37,842.73,612.37,700.73,87.40,38.53,218.80
2026-04-22 08:34:00,2026-04-22 08:34:59,*PQM,263.24,829.90,195.36,217.52,89.81,38.67,51.69,302.21,839.99,223.31,253.27,88.17,39.93,73.57,266.66,851.11,191.91,226.93,84.57,38.49,86.49,277.37,840.33,610.58,697.73,87.52,39.03,211.75
2026-04-22 08:35:00,2026-04-22 08:35:59,*PQM,263.22,818.65,192.74,215.37,89.49,39.03,51.96,302.24,831.82,221.10,250.94,88.11,40.25,72.14,266.66,848.78,190.76,225.85,84.46,38.61,86.36,277.37,833.08,604.59,692.16,87.35,39.30,210.47
2026-04-22 08:36:00,2026-04-22 08:36:59,*PQM,263.19,820.23,193.69,215.75,89.77,39.31,48.92,302.12,831.44,221.27,250.48,88.34,40.60,70.12,266.48,846.07,190.74,224.58,84.93,39.07,83.02,277.26,832.58,605.70,690.80,87.68,39.66,202.06
2026-04-22 08:37:00,2026-04-22 08:37:59,*PQM,263.39,807.62,191.46,212.87,89.94,40.24,44.77,302.35,816.81,217.95,246.83,88.30,41.63,65.68,266.75,831.36,188.26,221.15,85.13,40.13,77.96,277.50,818.59,597.66,680.85,87.79,40.67,188.40
2026-04-22 08:38:00,2026-04-22 08:38:59,*PQM,263.29,813.82,192.15,214.00,89.79,39.48,46.42,302.15,815.54,218.88,247.84,88.32,40.85,67.99,266.65,828.98,188.53,221.93,84.95,39.44,79.99,277.36,819.45,599.56,683.77,87.68,39.92,194.41
2026-04-22 08:39:00,2026-04-22 08:39:59,*PQM,263.10,817.34,193.08,214.68,89.94,39.39,47.56,301.95,826.95,221.01,249.32,88.65,40.54,67.54,266.46,838.12,190.52,223.35,85.30,39.25,80.10,277.17,827.47,604.61,687.35,87.96,39.73,195.20
2026-04-22 08:40:00,2026-04-22 08:40:59,*PQM,263.14,818.59,193.37,214.89,89.99,39.43,47.77,302.01,833.75,221.75,250.00,88.70,40.52,66.71,266.60,845.43,191.67,224.73,85.29,39.12,80.67,277.25,832.59,606.78,689.62,87.99,39.69,195.16
2026-04-22 08:41:00,2026-04-22 08:41:59,*PQM,262.99,846.39,199.96,222.60,89.83,37.84,54.38,301.89,851.43,227.72,257.59,88.40,39.17,74.84,266.50,873.29,197.47,232.63,84.88,37.64,88.28,277.13,857.04,625.15,712.82,87.71,38.22,217.50
2026-04-22 08:42:00,2026-04-22 08:42:59,*PQM,263.06,833.12,196.24,219.01,89.60,37.95,54.62,301.96,842.79,222.97,252.80,88.20,39.47,73.57,266.64,866.45,194.97,230.06,84.75,37.60,88.02,277.22,847.46,614.17,701.88,87.51,38.34,216.22
2026-04-22 08:43:00,2026-04-22 08:43:59,*PQM,263.23,847.44,200.59,223.12,89.90,37.61,54.22,302.04,855.27,227.92,257.74,88.43,38.91,75.40,266.72,872.96,197.35,232.66,84.82,37.43,88.98,277.33,858.56,625.86,713.53,87.72,37.98,218.60
2026-04-22 08:44:00,2026-04-22 08:44:59,*PQM,263.23,842.95,199.96,222.82,89.74,38.34,54.18,302.08,852.53,227.95,258.21,88.28,39.56,75.38,266.75,870.00,196.93,233.19,84.45,38.12,89.46,277.35,855.16,624.85,714.22,87.49,38.67,219.02
2026-04-22 08:45:00,2026-04-22 08:45:59,*PQM,263.20,840.72,198.01,221.22,89.51,38.82,52.87,302.08,847.58,225.72,255.40,88.38,40.29,71.87,266.79,872.46,196.77,231.95,84.84,38.47,87.03,277.36,853.59,620.50,708.57,87.57,39.19,211.77
2026-04-22 08:46:00,2026-04-22 08:46:59,*PQM,262.99,833.69,195.62,218.35,89.59,38.60,52.91,301.81,834.90,222.57,252.08,88.29,39.96,71.44,266.53,860.80,194.47,229.13,84.88,38.14,86.28,277.11,843.13,612.66,699.55,87.59,38.90,210.63
2026-04-22 08:47:00,2026-04-22 08:47:59,*PQM,263.31,815.92,192.56,214.95,89.58,38.86,51.47,302.10,823.38,219.39,248.74,88.20,40.18,71.48,266.77,845.19,189.93,224.70,84.52,38.47,85.32,277.39,828.16,601.88,688.39,87.44,39.17,208.28
2026-04-22 08:48:00,2026-04-22 08:48:59,*PQM,263.11,825.23,196.33,218.44,89.88,38.56,51.88,301.97,834.72,222.44,252.21,88.20,39.98,72.38,266.58,852.03,193.44,227.92,84.87,38.39,85.38,277.22,837.33,612.22,698.56,87.65,38.98,209.64
2026-04-22 08:49:00,2026-04-22 08:49:59,*PQM,263.14,806.87,188.79,211.40,89.31,39.84,50.66,301.98,814.30,215.72,244.91,88.08,41.18,69.41,266.64,834.47,187.40,221.98,84.42,39.41,83.65,277.25,818.55,591.91,678.28,87.27,40.14,203.73
2026-04-22 08:50:00,2026-04-22 08:50:59,*PQM,263.21,808.75,190.01,212.65,89.36,39.28,51.76,302.07,814.83,217.09,246.42,88.10,40.56,69.63,266.68,839.72,189.56,224.19,84.56,38.71,84.82,277.32,821.10,596.66,683.25,87.34,39.52,206.20
2026-04-22 08:51:00,2026-04-22 08:51:59,*PQM,263.03,817.37,192.89,215.63,89.46,38.34,54.32,301.88,820.59,217.63,248.01,87.75,39.86,75.03,266.55,837.72,189.53,224.52,84.41,38.21,86.76,277.15,825.23,600.04,688.17,87.21,38.80,216.11
2026-04-22 08:52:00,2026-04-22 08:52:59,*PQM,263.11,834.59,196.97,219.60,89.69,38.30,53.61,302.01,846.58,224.01,254.15,88.14,39.66,74.72,266.65,862.87,194.21,229.53,84.61,38.11,87.87,277.26,848.01,615.18,703.29,87.48,38.69,216.19
2026-04-22 08:53:00,2026-04-22 08:53:59,*PQM,263.02,850.18,201.69,224.20,89.96,37.81,54.03,301.85,851.35,228.71,258.69,88.41,39.21,74.57,266.79,875.74,199.34,234.34,85.06,37.59,88.28,277.22,859.09,629.74,717.23,87.81,38.20,216.88
2026-04-22 08:54:00,2026-04-22 08:54:59,*PQM,262.88,841.05,197.49,221.49,89.17,37.98,58.63,301.69,842.44,223.41,254.95,87.63,39.49,78.91,266.38,871.26,194.75,231.80,84.02,37.64,91.93,276.98,851.58,615.65,708.24,86.94,38.37,229.47
2026-04-22 08:55:00,2026-04-22 08:55:59,*PQM,263.18,840.60,197.94,220.62,89.72,38.28,53.64,302.02,844.54,224.08,253.91,88.25,39.77,73.07,266.73,867.77,195.72,230.58,84.89,37.98,86.67,277.31,850.97,617.74,705.11,87.62,38.68,213.38
2026-04-22 08:56:00,2026-04-22 08:56:59,*PQM,263.18,835.04,195.80,219.04,89.39,39.89,51.97,302.16,845.61,224.57,254.54,88.22,40.96,70.12,266.80,869.77,195.71,231.25,84.63,39.16,86.58,277.38,850.14,616.08,704.84,87.41,40.00,208.68
2026-04-22 08:57:00,2026-04-22 08:57:59,*PQM,263.39,828.53,195.37,218.72,89.32,39.82,52.13,302.39,832.01,222.35,252.43,88.08,41.33,70.88,266.93,860.54,194.09,229.46,84.58,39.37,85.27,277.57,840.36,611.80,700.61,87.33,40.17,208.28
2026-04-22 08:58:00,2026-04-22 08:58:59,*PQM,263.20,814.44,191.09,214.67,89.01,40.37,52.26,302.08,813.86,217.12,247.63,87.68,41.89,70.10,266.80,839.51,190.25,225.58,84.34,39.81,84.50,277.36,822.60,598.45,687.88,87.01,40.69,206.86
2026-04-22 08:59:00,2026-04-22 08:59:59,*PQM,263.44,795.45,185.60,208.80,88.89,40.38,51.26,302.25,797.69,211.40,241.46,87.55,41.82,69.89,266.86,818.71,183.62,218.72,83.95,39.91,83.30,277.52,803.95,580.62,668.98,86.80,40.70,204.44
2026-04-22 09:00:00,2026-04-22 09:00:59,*PQM,263.23,797.35,186.01,209.07,88.97,40.35,50.81,302.07,804.54,212.22,241.94,87.71,41.72,68.99,266.71,822.76,184.22,219.04,84.11,39.86,83.06,277.34,808.22,582.45,670.04,86.93,40.64,202.86
2026-04-22 09:01:00,2026-04-22 09:01:59,*PQM,263.21,786.21,185.39,208.83,88.78,40.38,51.72,302.01,792.90,210.70,240.73,87.53,41.96,68.86,266.70,812.60,183.87,218.81,84.03,39.87,82.88,277.31,797.23,579.96,668.37,86.78,40.74,203.46
2026-04-22 09:02:00,2026-04-22 09:02:59,*PQM,263.14,827.55,193.63,216.41,89.47,40.26,49.12,301.94,830.77,221.94,251.43,88.27,41.47,68.52,266.77,851.96,191.61,226.49,84.60,39.87,83.18,277.28,836.76,607.18,694.33,87.45,40.53,200.81
2026-04-22 09:03:00,2026-04-22 09:03:59,*PQM,263.17,810.28,189.85,212.21,89.46,40.20,48.88,301.91,813.15,216.22,245.49,88.08,41.50,67.88,266.63,830.60,187.32,221.39,84.61,39.88,81.50,277.24,818.01,593.39,679.09,87.38,40.53,198.26
2026-04-22 09:04:00,2026-04-22 09:04:59,*PQM,263.36,805.03,189.68,211.61,89.64,39.85,48.05,302.17,812.46,216.39,245.32,88.21,41.16,67.81,266.72,826.68,186.92,220.65,84.71,39.64,81.32,277.42,814.72,592.98,677.58,87.52,40.22,197.18
2026-04-22 09:05:00,2026-04-22 09:05:59,*PQM,263.25,787.46,184.84,206.77,89.40,40.85,46.34,302.12,797.53,211.39,239.79,88.15,42.22,64.18,266.62,821.27,183.91,216.96,84.77,40.27,78.74,277.33,802.08,580.14,663.52,87.44,41.11,189.26
2026-04-22 09:06:00,2026-04-22 09:06:59,*PQM,263.13,846.29,199.45,222.08,89.81,37.99,54.51,301.88,851.47,226.46,256.77,88.19,39.39,75.75,266.54,868.94,195.92,231.66,84.57,37.74,89.28,277.18,855.57,621.83,710.52,87.52,38.37,219.54
2026-04-22 09:07:00,2026-04-22 09:07:59,*PQM,263.17,847.01,199.30,221.76,89.88,37.89,53.66,301.97,848.36,225.00,255.54,88.05,39.40,76.11,266.56,863.87,194.52,229.76,84.66,37.86,87.82,277.23,853.08,618.82,707.06,87.53,38.38,217.58
2026-04-22 09:08:00,2026-04-22 09:08:59,*PQM,263.00,851.90,201.13,224.27,89.68,37.38,56.91,301.75,853.07,227.10,257.60,88.16,38.87,77.29,266.43,876.95,198.33,233.82,84.82,37.11,90.67,277.06,860.64,626.55,715.70,87.55,37.79,224.87
2026-04-22 09:09:00,2026-04-22 09:09:59,*PQM,263.03,845.51,199.95,223.19,89.58,37.45,57.40,301.71,845.76,225.56,255.96,88.12,39.09,77.43,266.31,876.51,196.97,232.82,84.60,37.14,90.57,277.02,855.92,622.47,711.98,87.44,37.89,225.40
2026-04-22 09:10:00,2026-04-22 09:10:59,*PQM,262.92,848.05,200.25,222.94,89.82,37.31,56.33,301.54,850.12,225.66,256.10,88.11,38.85,77.43,266.21,872.84,196.18,231.62,84.70,37.21,89.94,276.89,857.00,622.09,710.66,87.55,37.79,223.71
2026-04-22 09:11:00,2026-04-22 09:11:59,*PQM,263.14,852.34,200.63,223.25,89.87,37.15,56.50,301.74,854.64,225.32,256.25,87.93,38.80,78.58,266.44,875.18,195.41,231.11,84.56,37.28,90.00,277.11,860.72,621.37,710.61,87.45,37.74,225.08
2026-04-22 09:12:00,2026-04-22 09:12:59,*PQM,262.92,876.82,207.21,230.42,89.93,36.52,58.69,301.45,876.02,232.43,264.18,87.98,38.13,82.35,266.32,890.44,200.91,237.58,84.57,36.83,92.99,276.90,881.09,640.54,732.18,87.49,37.16,234.02
2026-04-22 09:13:00,2026-04-22 09:13:59,*PQM,262.89,871.00,204.80,228.21,89.74,36.70,59.52,301.49,872.65,230.95,262.21,88.08,38.31,80.93,266.21,891.08,200.65,237.36,84.54,36.75,93.54,276.86,878.24,636.41,727.78,87.45,37.25,234.00
2026-04-22 09:14:00,2026-04-22 09:14:59,*PQM,263.11,855.63,203.35,225.86,90.03,37.28,55.28,301.65,852.27,228.11,258.38,88.28,39.01,76.80,266.44,872.04,198.72,233.61,85.06,37.43,88.19,277.07,859.98,630.17,717.85,87.79,37.91,220.26
2026-04-22 09:15:00,2026-04-22 09:15:59,*PQM,264.29,840.76,198.50,222.25,89.31,38.67,56.35,302.60,823.77,220.57,249.37,88.45,40.42,69.15,267.81,872.36,200.54,233.63,85.83,37.56,84.36,278.23,845.63,619.60,705.25,87.87,38.88,209.86
2026-04-22 09:16:00,2026-04-22 09:16:59,*PQM,264.80,833.26,196.39,220.18,89.19,38.84,55.71,303.27,815.28,218.62,246.96,88.52,40.63,67.70,268.32,868.05,199.15,232.07,85.81,37.68,83.28,278.80,838.86,614.15,699.21,87.84,39.05,206.69
2026-04-22 09:17:00,2026-04-22 09:17:59,*PQM,264.85,827.33,194.86,218.32,89.25,39.04,55.16,303.27,812.80,218.05,246.05,88.62,40.55,66.49,268.42,861.68,198.54,231.40,85.80,37.60,83.49,278.85,833.94,611.44,695.77,87.89,39.06,205.14
2026-04-22 09:18:00,2026-04-22 09:18:59,*PQM,264.81,842.26,199.75,224.29,89.06,37.83,59.41,303.18,822.59,221.37,251.52,88.01,39.48,73.42,268.26,869.40,199.92,234.49,85.26,36.95,87.55,278.75,844.75,621.04,710.30,87.44,38.09,220.38
2026-04-22 09:19:00,2026-04-22 09:19:59,*PQM,264.68,837.75,197.48,222.02,88.95,38.07,59.98,303.17,824.84,218.92,248.31,88.17,40.04,72.24,268.14,870.58,199.25,233.17,85.45,37.09,87.32,278.66,844.39,615.66,703.50,87.52,38.40,219.54
2026-04-22 09:20:00,2026-04-22 09:20:59,*PQM,262.76,857.46,201.14,224.82,89.47,37.61,57.40,300.72,834.63,221.61,250.99,88.29,39.40,72.99,266.10,875.27,199.65,233.35,85.56,37.06,85.75,276.53,855.79,622.39,709.16,87.77,38.02,216.15
2026-04-22 09:21:00,2026-04-22 09:21:59,*PQM,262.63,858.84,201.70,225.05,89.62,37.50,57.09,300.63,839.49,222.42,251.41,88.47,39.37,72.79,265.96,881.44,200.42,233.69,85.77,36.97,85.64,276.41,859.92,624.54,710.15,87.95,37.95,215.51
2026-04-22 09:22:00,2026-04-22 09:22:59,*PQM,262.59,864.15,202.71,226.22,89.61,36.88,59.28,300.57,843.57,223.43,252.98,88.32,38.62,75.57,265.98,880.79,201.01,234.75,85.63,36.49,87.90,276.38,862.84,627.14,713.95,87.85,37.33,222.76
2026-04-22 09:23:00,2026-04-22 09:23:59,*PQM,262.54,870.15,204.31,228.43,89.44,36.70,61.25,300.55,845.23,224.10,253.71,88.33,38.73,75.96,265.90,895.31,203.25,237.14,85.71,36.18,88.40,276.33,870.23,631.66,719.28,87.83,37.20,225.61
2026-04-22 09:24:00,2026-04-22 09:24:59,*PQM,262.59,855.85,202.34,226.39,89.38,37.04,60.27,300.62,838.68,223.24,252.72,88.34,38.88,75.03,266.07,881.64,201.58,235.86,85.47,36.37,88.46,276.43,858.72,627.17,714.97,87.73,37.43,223.77
2026-04-22 09:25:00,2026-04-22 09:25:59,*PQM,262.95,839.03,198.31,221.59,89.49,38.59,54.56,300.97,814.59,218.91,246.85,88.68,40.42,66.44,266.46,869.97,200.16,231.96,86.29,37.56,81.35,276.79,841.20,617.38,700.40,88.15,38.86,202.36
2026-04-22 09:26:00,2026-04-22 09:26:59,*PQM,264.18,846.93,198.64,222.84,89.14,38.32,58.12,302.38,825.57,219.66,248.45,88.41,40.15,70.02,267.73,881.22,200.89,234.00,85.85,37.22,85.12,278.10,851.24,619.20,705.28,87.80,38.56,213.26
2026-04-22 09:27:00,2026-04-22 09:27:59,*PQM,264.05,1010.97,232.03,265.76,87.31,36.84,86.67,302.55,1001.69,261.66,301.73,86.72,38.24,103.24,267.58,1059.31,233.58,282.58,82.66,35.44,123.11,278.06,1023.99,727.27,850.07,85.56,36.84,313.01
2026-04-22 09:28:00,2026-04-22 09:28:59,*PQM,263.90,1008.94,231.68,264.93,87.45,36.80,85.36,302.36,999.85,260.74,301.11,86.59,38.13,103.43,267.48,1056.84,231.68,280.38,82.63,35.61,122.25,277.91,1021.88,724.10,846.42,85.56,36.85,311.04
2026-04-22 09:29:00,2026-04-22 09:29:59,*PQM,263.76,1002.65,231.23,264.05,87.57,36.90,85.79,302.28,992.24,260.43,299.81,86.87,38.40,103.12,267.41,1048.33,232.30,280.31,82.87,35.68,122.28,277.82,1014.41,723.96,844.17,85.77,36.99,311.20
2026-04-22 09:30:00,2026-04-22 09:30:59,*PQM,263.77,1026.20,234.35,266.83,87.83,35.94,88.65,302.30,1024.67,264.32,304.57,86.78,37.24,109.46,267.33,1075.32,232.82,282.33,82.46,34.95,127.16,277.80,1042.06,731.48,853.72,85.69,36.04,325.28
2026-04-22 09:31:00,2026-04-22 09:31:59,*PQM,263.78,1018.47,237.13,272.12,87.14,36.26,90.58,302.23,1010.30,267.80,310.00,86.39,37.63,108.33,267.30,1070.25,238.49,290.15,82.20,34.89,128.76,277.77,1033.01,743.43,872.26,85.24,36.26,327.68
2026-04-22 09:32:00,2026-04-22 09:32:59,*PQM,264.05,1040.68,240.39,275.51,87.25,35.42,92.14,302.59,1033.60,270.96,314.14,86.25,36.64,113.18,267.58,1084.47,238.70,291.31,81.94,34.43,131.20,278.07,1052.91,750.04,880.96,85.15,35.50,336.51
2026-04-22 09:33:00,2026-04-22 09:33:59,*PQM,264.13,1015.03,232.32,266.64,87.13,36.15,89.67,302.58,1006.40,262.97,304.08,86.48,37.37,107.85,267.64,1064.39,232.23,282.77,82.13,35.00,126.39,278.12,1028.60,727.51,853.48,85.25,36.17,323.91
2026-04-22 09:34:00,2026-04-22 09:34:59,*PQM,263.92,1016.55,231.76,266.88,86.84,36.46,90.18,302.32,1004.83,261.90,303.76,86.22,37.57,107.36,267.62,1065.27,233.16,284.09,82.07,35.02,126.69,277.95,1028.88,726.82,854.73,85.04,36.35,324.23
2026-04-22 09:35:00,2026-04-22 09:35:59,*PQM,263.95,986.37,226.92,261.23,86.87,36.30,88.95,302.30,980.59,256.58,297.26,86.32,37.56,106.37,267.59,1033.39,227.64,277.58,82.01,35.16,124.98,277.95,1000.12,711.14,836.06,85.06,36.34,320.29
2026-04-22 09:36:00,2026-04-22 09:36:59,*PQM,263.99,1019.70,235.16,268.42,87.61,36.18,88.01,302.46,1006.86,263.57,302.97,86.99,37.65,104.78,267.65,1066.85,236.32,284.44,83.08,34.95,123.92,278.03,1031.14,735.05,855.83,85.90,36.26,316.72
2026-04-22 09:37:00,2026-04-22 09:37:59,*PQM,263.83,1023.53,235.26,269.73,87.22,35.95,90.71,302.17,1004.73,263.83,304.26,86.71,37.35,106.79,267.49,1073.42,237.06,286.49,82.74,34.49,126.34,277.83,1033.89,736.14,860.49,85.56,35.93,323.85
2026-04-22 09:38:00,2026-04-22 09:38:59,*PQM,263.97,1008.68,229.38,263.63,87.01,36.68,87.74,302.36,992.71,258.13,296.95,86.93,38.17,99.71,267.72,1067.75,234.58,282.59,83.01,34.88,121.79,278.02,1023.04,722.10,843.17,85.65,36.58,309.25
2026-04-22 09:39:00,2026-04-22 09:39:59,*PQM,264.10,1002.12,231.36,265.56,87.12,37.12,86.81,302.49,983.93,260.83,300.20,86.88,38.39,100.08,267.81,1052.36,235.82,284.02,83.03,35.42,122.11,278.13,1012.80,728.01,849.78,85.68,36.98,308.99
2026-04-22 09:40:00,2026-04-22 09:40:59,*PQM,264.09,983.21,225.75,259.39,87.03,37.40,85.21,302.47,967.13,253.23,292.74,86.50,38.85,100.30,267.78,1030.65,227.70,275.45,82.67,36.05,119.02,278.11,993.66,706.68,827.59,85.40,37.43,304.54
2026-04-22 09:41:00,2026-04-22 09:41:59,*PQM,264.15,987.25,226.12,259.68,87.07,36.96,85.41,302.56,976.19,255.20,294.77,86.58,38.27,101.52,267.79,1033.79,227.77,276.31,82.43,35.55,120.78,278.17,999.08,709.08,830.76,85.36,36.93,307.70
2026-04-22 09:42:00,2026-04-22 09:42:59,*PQM,264.00,1012.66,231.19,265.50,87.08,36.46,91.11,302.38,997.22,259.81,299.68,86.70,37.91,106.18,267.59,1063.43,233.34,282.60,82.57,35.07,126.25,277.99,1024.44,724.35,847.78,85.45,36.48,323.55
2026-04-22 09:43:00,2026-04-22 09:43:59,*PQM,263.95,1045.68,239.60,273.59,87.58,35.47,92.51,302.41,1038.39,269.84,310.32,86.96,36.83,111.36,267.58,1097.52,239.43,289.73,82.64,34.41,130.33,277.98,1060.53,748.88,873.63,85.72,35.57,334.20
2026-04-22 09:44:00,2026-04-22 09:44:59,*PQM,264.05,1017.02,236.10,269.69,87.55,35.27,92.59,302.32,1004.42,263.29,303.70,86.69,36.81,110.53,267.56,1060.99,235.62,284.64,82.78,34.32,127.89,277.98,1027.48,735.02,858.04,85.67,35.47,331.01
2026-04-22 09:45:00,2026-04-22 09:45:59,*PQM,263.93,1028.60,239.04,274.43,87.11,35.33,92.54,302.18,1008.59,266.28,308.86,86.21,36.71,110.80,267.46,1066.60,238.17,289.06,82.39,34.28,127.95,277.86,1034.60,743.49,872.35,85.24,35.44,331.29
2026-04-22 09:46:00,2026-04-22 09:46:59,*PQM,264.01,1037.95,240.11,275.61,87.12,35.57,94.32,302.36,1027.78,270.05,311.42,86.71,36.90,110.29,267.58,1090.72,242.61,293.70,82.60,34.06,130.95,277.98,1052.15,752.77,880.73,85.48,35.51,335.57
2026-04-22 09:47:00,2026-04-22 09:47:59,*PQM,263.85,1048.13,240.37,274.41,87.60,35.56,93.07,302.24,1039.78,270.87,311.40,86.99,36.83,110.81,267.54,1103.66,241.77,292.18,82.75,34.23,131.15,277.88,1063.86,753.01,877.98,85.78,35.54,335.03
2026-04-22 09:48:00,2026-04-22 09:48:59,*PQM,264.22,1019.86,236.64,266.67,88.74,37.09,76.15,302.61,1007.63,266.04,301.45,88.25,38.53,90.86,267.87,1074.10,240.08,283.26,84.75,35.74,112.01,278.23,1033.86,742.76,851.39,87.25,37.12,279.02
2026-04-22 09:49:00,2026-04-22 09:49:59,*PQM,264.63,867.60,203.64,229.66,88.67,37.24,66.25,302.87,840.55,223.99,255.13,87.79,38.88,79.80,268.23,897.59,204.40,240.45,85.01,36.18,93.56,278.58,868.58,632.04,725.24,87.16,37.43,239.60
2026-04-22 09:50:00,2026-04-22 09:50:59,*PQM,264.52,845.94,198.03,223.10,88.76,38.67,60.37,302.79,816.95,218.51,247.71,88.21,40.37,69.93,268.18,879.70,202.38,235.82,85.82,37.09,86.01,278.50,847.53,618.91,706.63,87.60,38.71,216.31
2026-04-22 09:51:00,2026-04-22 09:51:59,*PQM,264.45,828.26,195.99,220.69,88.81,38.44,59.41,302.53,805.58,215.21,244.53,88.01,40.46,70.68,267.96,860.03,198.53,232.05,85.55,37.30,84.81,278.31,831.29,609.73,697.28,87.46,38.73,214.90
2026-04-22 09:52:00,2026-04-22 09:52:59,*PQM,264.52,844.80,199.09,223.75,88.98,38.60,59.22,302.71,826.01,221.39,250.40,88.41,40.19,70.57,268.10,881.59,202.80,236.60,85.71,37.10,87.11,278.44,850.80,623.28,710.76,87.70,38.63,216.89
2026-04-22 09:53:00,2026-04-22 09:53:59,*PQM,264.43,849.62,200.23,225.30,88.87,38.94,59.27,302.61,828.09,221.83,250.97,88.39,40.76,69.36,267.99,887.20,204.53,238.24,85.85,37.59,86.02,278.34,854.97,626.59,714.51,87.70,39.10,214.66
2026-04-22 09:54:00,2026-04-22 09:54:59,*PQM,264.59,847.75,199.41,223.99,89.03,38.82,57.71,302.80,824.94,220.53,249.68,88.33,40.46,70.20,268.27,878.53,201.78,235.23,85.78,37.53,85.37,278.55,850.41,621.72,708.90,87.71,38.94,213.28
2026-04-22 09:55:00,2026-04-22 09:55:59,*PQM,264.62,829.09,193.65,218.87,88.47,39.04,59.96,302.82,809.18,214.27,243.76,87.90,40.83,71.05,268.25,862.39,196.64,230.73,85.22,37.70,86.42,278.56,833.55,604.55,693.36,87.20,39.19,217.42
2026-04-22 09:56:00,2026-04-22 09:56:59,*PQM,264.41,827.93,195.60,219.82,88.98,39.13,56.48,302.63,813.15,217.34,246.24,88.26,40.57,69.31,268.01,858.39,197.34,230.82,85.50,37.91,84.47,278.35,833.16,610.28,696.88,87.58,39.20,210.27
2026-04-22 09:57:00,2026-04-22 09:57:59,*PQM,264.48,844.24,198.21,223.05,88.86,39.21,57.96,302.77,830.38,220.72,249.90,88.32,40.96,69.30,267.96,879.25,200.93,235.29,85.40,37.88,85.98,278.40,851.29,619.86,708.25,87.53,39.35,213.23
2026-04-22 09:58:00,2026-04-22 09:58:59,*PQM,264.65,834.50,196.42,220.98,88.89,39.30,57.53,302.95,818.37,217.98,247.33,88.13,41.02,69.28,268.22,867.57,198.37,232.49,85.32,38.07,84.95,278.61,840.15,612.78,700.80,87.45,39.46,211.76
2026-04-22 09:59:00,2026-04-22 09:59:59,*PQM,264.63,830.59,195.70,220.35,88.81,39.35,57.34,302.89,817.76,218.73,247.48,88.38,40.75,68.36,268.28,869.20,199.00,233.26,85.31,37.88,85.54,278.60,839.19,613.42,701.10,87.50,39.33,211.24
2026-04-22 10:00:00,2026-04-22 10:00:59,*PQM,264.41,835.78,195.85,220.69,88.75,39.34,58.02,302.54,814.80,217.15,245.70,88.38,40.97,67.96,268.09,874.55,199.66,233.23,85.61,37.80,84.81,278.35,841.71,612.67,699.62,87.58,39.37,210.79
2026-04-22 10:01:00,2026-04-22 10:01:59,*PQM,264.62,828.48,194.52,220.20,88.34,39.49,59.22,302.79,799.37,214.22,243.70,87.90,41.59,67.49,268.22,858.05,198.81,232.68,85.44,38.02,84.13,278.54,828.63,607.54,696.58,87.23,39.70,210.84
2026-04-22 10:02:00,2026-04-22 10:02:59,*PQM,264.52,839.08,197.59,222.49,88.81,39.20,58.08,302.69,820.51,218.46,247.44,88.29,40.95,69.09,268.11,869.67,199.72,233.54,85.52,38.01,84.67,278.44,843.09,615.78,703.48,87.54,39.39,211.83
2026-04-22 10:03:00,2026-04-22 10:03:59,*PQM,264.52,829.59,196.20,220.53,88.96,39.40,55.86,302.69,810.55,219.25,247.55,88.57,40.73,66.69,268.17,858.68,198.60,231.65,85.73,38.16,82.47,278.46,832.94,614.05,699.73,87.75,39.43,205.01
2026-04-22 10:04:00,2026-04-22 10:04:59,*PQM,264.43,816.81,190.99,214.90,88.87,39.61,55.85,302.55,791.84,211.04,239.26,88.20,41.34,65.90,268.06,846.17,193.37,225.51,85.75,38.46,80.48,278.35,818.27,595.40,679.66,87.61,39.80,202.24
2026-04-22 10:05:00,2026-04-22 10:05:59,*PQM,264.29,846.70,199.42,223.93,89.05,38.16,59.57,302.50,828.85,221.80,249.90,88.75,39.70,69.62,267.86,879.38,202.98,236.17,85.95,36.76,86.19,278.22,851.64,624.20,710.00,87.92,38.21,215.38
2026-04-22 10:06:00,2026-04-22 10:06:59,*PQM,264.38,851.29,200.95,225.78,89.00,37.84,60.64,302.54,829.39,221.84,251.05,88.37,39.54,72.71,268.03,884.17,202.82,236.96,85.59,36.79,88.18,278.32,854.95,625.60,713.79,87.65,38.06,221.54
2026-04-22 10:07:00,2026-04-22 10:07:59,*PQM,264.21,875.92,205.56,231.23,88.90,37.50,63.45,302.39,847.77,227.66,257.57,88.39,39.06,75.26,267.89,909.74,208.19,243.49,85.50,36.23,91.82,278.16,877.81,641.41,732.30,87.60,37.60,230.53
2026-04-22 10:08:00,2026-04-22 10:08:59,*PQM,264.43,857.93,202.06,227.18,88.94,37.54,63.09,302.44,833.60,221.19,250.97,88.13,39.36,74.48,267.96,887.90,204.11,238.48,85.59,36.33,89.49,278.28,859.81,627.35,716.62,87.55,37.74,227.06
2026-04-22 10:09:00,2026-04-22 10:09:59,*PQM,264.48,850.29,200.32,225.62,88.79,37.38,63.15,302.45,822.80,219.62,248.93,88.23,39.16,73.96,267.89,877.40,202.65,236.90,85.54,36.06,89.11,278.27,850.16,622.60,711.44,87.52,37.53,226.22
2026-04-22 10:10:00,2026-04-22 10:10:59,*PQM,264.39,858.05,200.98,225.74,89.04,37.15,62.48,302.34,826.35,218.87,248.66,88.02,38.94,75.81,267.91,878.41,200.92,234.66,85.62,36.23,88.35,278.21,854.27,620.78,709.06,87.56,37.44,226.63
2026-04-22 10:11:00,2026-04-22 10:11:59,*PQM,264.50,867.11,204.21,229.18,89.10,37.43,62.88,302.52,840.20,223.77,253.46,88.29,39.14,75.47,267.93,894.56,205.02,239.41,85.64,36.30,89.85,278.32,867.29,632.99,722.05,87.67,37.62,228.20
2026-04-22 10:12:00,2026-04-22 10:12:59,*PQM,264.55,848.19,199.42,224.13,88.97,38.11,60.10,302.62,815.27,218.72,247.99,88.20,39.81,72.21,268.12,873.02,200.80,234.59,85.60,36.97,86.23,278.43,845.49,618.94,706.71,87.59,38.30,218.53
2026-04-22 10:13:00,2026-04-22 10:13:59,*PQM,264.63,842.49,198.19,223.02,88.87,38.10,60.63,302.71,813.83,217.88,246.99,88.21,39.80,71.92,268.16,871.89,200.46,234.19,85.60,36.67,86.78,278.50,842.74,616.53,704.19,87.56,38.19,219.34
2026-04-22 10:14:00,2026-04-22 10:14:59,*PQM,264.58,858.43,202.31,227.19,89.05,37.11,62.87,302.70,829.15,221.26,250.94,88.17,38.87,75.80,268.22,882.66,203.26,237.46,85.60,36.19,89.24,278.50,856.75,626.83,715.59,87.61,37.39,227.91
2026-04-22 10:15:00,2026-04-22 10:15:59,*PQM,264.59,841.64,199.24,223.34,89.21,38.09,58.88,302.68,815.79,217.80,246.55,88.34,40.10,70.39,268.10,874.36,201.12,233.96,85.96,36.98,84.49,278.46,843.93,618.15,703.85,87.84,38.39,213.77
2026-04-22 10:16:00,2026-04-22 10:16:59,*PQM,265.05,833.89,197.27,221.50,89.06,38.32,59.22,303.22,808.46,215.84,244.73,88.19,40.20,70.39,268.60,867.50,199.10,232.15,85.76,37.23,84.51,278.96,836.61,612.20,698.38,87.67,38.58,214.12
2026-04-22 10:17:00,2026-04-22 10:17:59,*PQM,264.91,846.43,200.22,224.47,89.20,38.09,59.02,303.05,819.62,220.04,248.70,88.47,39.86,70.58,268.50,877.21,202.12,235.19,85.94,36.96,85.30,278.82,847.75,622.38,708.36,87.87,38.30,214.90
2026-04-22 10:18:00,2026-04-22 10:18:59,*PQM,264.92,846.93,200.61,224.75,89.26,38.41,57.89,303.07,818.86,220.17,248.77,88.50,40.21,69.82,268.53,875.42,202.40,235.06,86.10,37.34,83.96,278.84,847.07,623.18,708.59,87.95,38.65,211.67
2026-04-22 10:19:00,2026-04-22 10:19:59,*PQM,264.88,842.71,198.27,222.57,89.08,38.96,57.46,303.02,818.51,218.48,246.78,88.53,40.59,67.41,268.48,879.92,201.92,234.45,86.13,37.48,83.08,278.79,847.04,618.68,703.80,87.91,39.01,207.95
2026-04-22 10:20:00,2026-04-22 10:20:59,*PQM,264.67,837.30,197.65,222.70,88.75,38.06,62.03,302.91,815.07,218.66,247.60,88.31,39.77,71.40,268.32,877.13,202.15,236.01,85.65,36.55,88.07,278.63,843.17,618.46,706.32,87.57,38.13,221.50
2026-04-22 10:21:00,2026-04-22 10:21:59,*PQM,264.78,849.43,200.62,226.39,88.62,38.48,62.69,302.95,820.91,221.04,250.85,88.11,40.25,72.50,268.36,882.81,204.57,239.04,85.58,37.01,88.49,278.70,851.05,626.23,716.29,87.44,38.58,223.68
2026-04-22 10:22:00,2026-04-22 10:22:59,*PQM,264.73,873.11,204.69,231.25,88.51,38.99,63.38,302.95,844.18,225.77,256.20,88.12,40.76,72.98,268.35,905.21,208.53,244.10,85.43,37.35,90.14,278.68,874.17,638.98,731.55,87.35,39.03,226.50
2026-04-22 10:23:00,2026-04-22 10:23:59,*PQM,264.59,869.56,204.46,229.96,88.91,38.29,62.55,302.78,843.63,224.58,254.62,88.20,40.06,73.77,268.26,902.96,206.55,241.49,85.53,37.03,89.20,278.54,872.05,635.59,726.07,87.55,38.46,225.52
2026-04-22 10:24:00,2026-04-22 10:24:59,*PQM,264.66,856.18,199.68,225.80,88.43,39.06,62.35,302.81,826.32,219.47,249.82,87.85,40.93,72.39,268.29,887.51,203.03,238.02,85.30,37.65,88.24,278.59,856.67,622.19,713.63,87.20,39.21,222.98
2026-04-22 10:25:00,2026-04-22 10:25:59,*PQM,264.58,855.81,200.05,226.06,88.50,39.13,62.18,302.79,832.40,220.37,250.92,87.82,40.94,72.85,268.15,887.82,203.03,238.20,85.24,37.76,88.92,278.51,858.67,623.45,715.17,87.19,39.28,223.95
2026-04-22 10:26:00,2026-04-22 10:26:59,*PQM,264.60,859.84,200.46,226.47,88.51,39.09,61.97,302.84,840.50,222.21,252.94,87.85,40.72,73.66,268.16,888.97,202.59,238.00,85.12,37.86,88.68,278.53,863.10,625.26,717.41,87.16,39.22,224.32
2026-04-22 10:27:00,2026-04-22 10:27:59,*PQM,264.59,816.53,191.40,216.79,88.29,40.62,56.26,302.76,782.51,210.85,239.93,87.88,42.57,63.97,268.16,847.34,196.25,228.70,85.81,39.05,79.78,278.50,815.46,598.50,685.42,87.33,40.75,200.00
2026-04-22 10:28:00,2026-04-22 10:28:59,*PQM,264.65,815.90,190.50,215.24,88.50,40.58,55.17,302.77,783.84,209.51,238.01,88.03,42.50,63.97,268.24,843.86,193.97,225.99,85.83,39.17,78.93,278.55,814.53,593.98,679.24,87.45,40.75,198.06
2026-04-22 10:29:00,2026-04-22 10:29:59,*PQM,264.57,819.75,191.95,216.30,88.74,40.35,54.84,302.68,789.56,210.95,239.46,88.09,42.32,64.45,268.11,849.66,195.46,227.63,85.87,38.83,79.59,278.45,819.66,598.36,683.39,87.57,40.50,198.88
2026-04-22 10:30:00,2026-04-22 10:30:59,*PQM,264.69,814.25,190.12,215.21,88.34,40.82,55.97,302.83,781.53,207.89,236.77,87.80,43.07,64.07,268.25,844.39,194.30,226.43,85.81,39.29,78.86,278.59,813.39,592.32,678.41,87.32,41.06,198.90
2026-04-22 10:31:00,2026-04-22 10:31:59,*PQM,264.65,841.37,197.42,222.87,88.58,39.48,59.73,302.74,820.14,217.25,247.03,87.94,41.31,70.22,268.16,871.00,200.02,234.15,85.42,38.05,85.33,278.52,844.17,614.69,704.05,87.32,39.61,215.28
2026-04-22 10:32:00,2026-04-22 10:32:59,*PQM,264.60,819.46,191.55,216.39,88.52,40.42,55.85,302.64,791.84,209.71,238.90,87.78,42.22,66.76,268.10,850.09,193.15,226.02,85.45,39.17,80.20,278.45,820.46,594.41,681.32,87.25,40.60,202.81
2026-04-22 10:33:00,2026-04-22 10:33:59,*PQM,264.37,847.95,197.76,222.91,88.72,39.29,60.44,302.50,812.00,215.30,244.84,87.93,41.30,70.49,267.99,870.15,199.71,232.76,85.80,37.96,83.99,278.29,843.37,612.77,700.52,87.48,39.52,214.92
2026-04-22 10:34:00,2026-04-22 10:34:59,*PQM,264.66,833.85,194.94,219.65,88.75,38.71,60.41,302.79,809.22,214.20,243.38,88.01,40.40,72.11,268.24,861.50,196.04,229.69,85.35,37.51,86.02,278.56,834.86,605.18,692.72,87.37,38.87,218.55
2026-04-22 10:35:00,2026-04-22 10:35:59,*PQM,264.65,841.96,197.77,222.64,88.83,38.16,60.56,302.80,813.81,217.13,246.52,88.08,39.88,72.56,268.19,866.37,198.62,232.42,85.46,37.08,86.27,278.55,840.71,613.52,701.58,87.45,38.37,219.39
2026-04-22 10:36:00,2026-04-22 10:36:59,*PQM,264.63,833.20,196.38,221.41,88.70,38.32,61.09,302.80,801.24,214.41,243.73,87.97,40.30,72.23,268.21,861.85,197.68,231.07,85.55,37.29,85.41,278.55,832.10,608.47,696.20,87.41,38.64,218.73
2026-04-22 10:37:00,2026-04-22 10:37:59,*PQM,264.50,846.90,198.83,224.29,88.65,38.20,62.94,302.69,825.60,218.41,248.62,87.85,39.86,74.79,267.99,880.07,199.90,234.57,85.22,36.98,88.97,278.39,850.85,617.13,707.48,87.24,38.35,226.70
2026-04-22 10:38:00,2026-04-22 10:38:59,*PQM,263.96,996.20,229.67,265.70,86.44,36.83,90.48,302.29,978.74,256.95,298.68,86.03,38.35,104.13,267.57,1043.13,232.17,282.59,82.16,35.19,124.12,277.94,1006.02,718.79,846.98,84.87,36.79,318.74
2026-04-22 10:39:00,2026-04-22 10:39:59,*PQM,263.88,1001.26,231.60,265.62,87.19,37.37,85.77,302.14,985.41,259.57,299.18,86.76,38.82,99.86,267.40,1049.98,234.40,282.36,83.01,35.64,120.45,277.81,1012.22,725.57,847.16,85.66,37.28,306.09
2026-04-22 10:41:00,2026-04-22 10:41:59,*PQM,263.93,1003.56,230.97,264.46,87.34,37.45,85.99,302.20,987.68,257.62,296.68,86.83,39.20,100.50,267.47,1050.06,233.02,280.09,83.20,36.03,119.68,277.87,1013.77,721.61,841.23,85.79,37.56,306.17
2026-04-22 10:42:00,2026-04-22 10:42:59,*PQM,263.99,1002.54,227.57,260.93,87.21,37.62,86.14,302.26,985.89,252.42,291.15,86.70,39.48,99.29,267.52,1057.00,230.24,276.29,83.33,36.08,117.94,277.92,1015.15,710.23,828.37,85.75,37.73,303.38
2026-04-22 10:43:00,2026-04-22 10:43:59,*PQM,263.98,990.76,228.18,262.07,87.07,37.60,85.28,302.16,967.79,253.13,292.72,86.47,39.24,99.76,267.48,1033.17,229.92,276.65,83.11,36.14,117.53,277.87,997.24,711.23,831.45,85.55,37.66,302.58
2026-04-22 10:44:00,2026-04-22 10:44:59,*PQM,263.83,1048.42,238.52,274.49,86.89,35.87,95.28,302.02,1022.41,264.56,306.90,86.21,37.47,111.54,267.41,1093.42,239.04,289.81,82.48,34.58,129.51,277.75,1054.75,742.12,871.20,85.19,35.97,336.32
2026-04-22 10:45:00,2026-04-22 10:45:59,*PQM,263.85,1023.96,234.12,270.10,86.68,35.58,95.32,302.00,1003.28,259.92,302.23,86.00,37.14,111.28,267.41,1063.81,233.34,284.70,81.96,34.37,129.63,277.75,1030.35,727.38,857.03,84.88,35.70,336.24
2026-04-22 10:46:00,2026-04-22 10:46:59,*PQM,263.78,1032.02,236.75,272.96,86.74,35.34,96.14,302.02,1012.97,264.37,306.14,86.36,36.78,111.01,267.39,1080.25,237.92,288.92,82.35,34.03,131.41,277.73,1041.75,739.04,868.02,85.15,35.38,338.56
2026-04-22 10:47:00,2026-04-22 10:47:59,*PQM,263.69,1043.01,233.44,267.12,87.39,35.19,94.57,301.85,1025.80,258.98,298.89,86.65,36.80,111.84,267.25,1088.92,231.57,280.52,82.55,34.27,129.00,277.60,1052.57,723.99,846.54,85.53,35.42,335.42
2026-04-22 10:48:00,2026-04-22 10:48:59,*PQM,263.94,1015.13,233.22,268.66,86.81,36.05,92.76,302.13,992.54,260.45,302.12,86.21,37.53,108.07,267.54,1057.55,233.64,284.54,82.11,34.60,128.20,277.87,1021.74,727.30,855.32,85.04,36.06,329.03
2026-04-22 10:49:00,2026-04-22 10:49:59,*PQM,264.04,999.20,228.21,264.01,86.44,36.07,93.37,302.24,979.09,254.21,296.01,85.88,37.80,108.24,267.59,1047.16,228.31,279.14,81.79,34.93,127.03,277.96,1008.48,710.73,839.16,84.70,36.27,328.64
2026-04-22 10:50:00,2026-04-22 10:50:59,*PQM,263.95,1019.45,232.80,268.33,86.76,36.04,93.10,302.20,1001.59,260.48,301.74,86.32,37.57,108.51,267.49,1067.75,233.37,283.98,82.18,34.65,128.26,277.88,1029.60,726.65,854.05,85.09,36.09,329.86
2026-04-22 10:51:00,2026-04-22 10:51:59,*PQM,263.86,1004.04,229.69,264.42,86.87,36.60,90.36,302.11,987.23,257.59,298.38,86.33,38.08,105.22,267.45,1048.95,230.39,280.26,82.21,35.24,125.49,277.81,1013.41,717.67,843.06,85.13,36.64,321.08
2026-04-22 10:52:00,2026-04-22 10:52:59,*PQM,264.07,996.55,227.85,262.41,86.83,37.71,87.07,302.41,980.54,256.32,295.67,86.69,39.21,100.08,267.72,1042.84,229.96,278.55,82.55,36.15,121.41,278.07,1006.65,714.12,836.63,85.36,37.69,308.57
2026-04-22 10:53:00,2026-04-22 10:53:59,*PQM,264.09,987.37,227.28,261.98,86.76,38.09,87.48,302.44,969.72,256.83,295.90,86.80,39.51,99.11,267.74,1037.89,231.07,279.80,82.59,36.24,122.04,278.09,998.33,715.19,837.68,85.38,37.95,308.62
2026-04-22 10:54:00,2026-04-22 10:54:59,*PQM,263.92,986.35,227.26,262.11,86.71,37.20,88.00,302.25,976.85,256.20,296.97,86.27,38.54,102.57,267.52,1034.71,228.58,278.49,82.08,35.66,123.33,277.90,999.31,712.04,837.57,85.02,37.13,313.90
2026-04-22 10:55:00,2026-04-22 10:55:59,*PQM,264.00,984.13,229.01,263.80,86.82,36.87,89.47,302.32,966.95,256.88,297.18,86.44,38.42,102.88,267.65,1030.63,230.80,280.16,82.38,35.41,123.64,277.99,993.91,716.70,841.14,85.21,36.90,315.99
2026-04-22 10:56:00,2026-04-22 10:56:59,*PQM,263.77,1004.86,229.69,264.95,86.69,36.58,91.61,302.06,992.76,257.67,299.50,86.04,37.88,108.19,267.41,1049.32,229.92,280.52,81.96,35.21,126.79,277.75,1015.64,717.28,844.97,84.90,36.56,326.59
2026-04-22 10:57:00,2026-04-22 10:57:59,*PQM,264.36,958.30,222.75,253.63,87.82,39.05,73.82,302.66,937.60,249.11,285.15,87.36,40.63,86.34,267.92,1001.93,226.17,268.91,84.11,37.56,105.69,278.31,965.94,698.03,807.69,86.43,39.08,265.85
2026-04-22 10:58:00,2026-04-22 10:58:59,*PQM,264.54,846.52,196.96,222.99,88.33,38.79,63.04,302.77,824.95,218.50,248.56,87.91,40.43,73.19,268.06,884.35,200.71,235.60,85.19,37.07,89.68,278.46,851.94,616.17,707.14,87.14,38.76,225.91
2026-04-22 10:59:00,2026-04-22 10:59:59,*PQM,264.79,828.55,193.29,219.35,88.12,39.63,60.57,303.05,806.69,215.91,244.69,88.24,41.34,66.73,268.43,874.93,200.37,233.56,85.79,37.68,85.01,278.76,836.73,609.58,697.60,87.38,39.55,212.31
2026-04-22 11:00:00,2026-04-22 11:00:59,*PQM,264.68,839.91,196.35,221.34,88.71,39.09,59.34,302.85,817.86,218.27,246.93,88.39,40.54,68.75,268.24,878.03,200.63,233.73,85.84,37.33,85.01,278.59,845.27,615.26,701.99,87.65,38.99,213.10
2026-04-22 11:01:00,2026-04-22 11:01:59,*PQM,264.68,822.74,193.15,217.84,88.67,39.29,58.24,302.82,803.33,214.54,243.26,88.19,40.80,68.77,268.26,856.52,196.24,229.43,85.53,37.61,83.81,278.59,827.53,603.92,690.52,87.46,39.23,210.82
2026-04-22 11:02:00,2026-04-22 11:02:59,*PQM,264.67,837.06,196.68,222.02,88.59,39.27,59.55,302.85,809.38,216.84,246.25,88.06,41.15,68.79,268.18,874.04,200.61,233.82,85.80,37.63,84.66,278.57,840.16,614.14,702.09,87.48,39.35,213.00
2026-04-22 11:03:00,2026-04-22 11:03:59,*PQM,264.67,853.06,200.10,225.57,88.71,39.19,60.08,302.79,819.55,219.25,248.86,88.10,41.04,70.16,268.27,878.40,202.58,236.08,85.81,37.73,84.75,278.58,850.34,621.93,710.51,87.54,39.32,214.99
2026-04-22 11:04:00,2026-04-22 11:04:59,*PQM,264.51,851.03,199.08,224.74,88.58,39.21,59.94,302.64,819.06,219.14,248.47,88.19,41.16,67.55,268.11,882.83,204.09,237.23,86.03,37.54,84.64,278.42,850.97,622.30,710.44,87.60,39.30,212.12
2026-04-22 11:05:00,2026-04-22 11:05:59,*PQM,264.52,847.99,197.86,223.78,88.42,39.17,61.17,302.55,813.10,215.97,246.03,87.78,41.23,70.29,268.16,879.58,201.76,235.18,85.79,37.63,84.97,278.41,846.89,615.59,704.99,87.33,39.34,216.44
2026-04-22 11:06:00,2026-04-22 11:06:59,*PQM,264.45,864.36,201.54,227.18,88.71,38.88,61.39,302.50,829.11,221.19,250.61,88.26,40.77,70.65,268.15,897.11,205.50,239.22,85.90,37.39,86.55,278.37,863.53,628.22,717.02,87.62,39.01,218.60
2026-04-22 11:07:00,2026-04-22 11:07:59,*PQM,264.49,853.58,200.21,225.46,88.80,38.80,60.49,302.56,824.49,219.30,248.68,88.18,40.68,70.76,268.08,881.73,203.06,236.62,85.81,37.27,85.54,278.38,853.27,622.57,710.77,87.60,38.92,216.79
2026-04-22 11:08:00,2026-04-22 11:08:59,*PQM,264.50,840.22,195.39,222.08,87.98,39.48,62.16,302.63,805.75,213.51,243.26,87.77,41.64,68.46,268.21,881.57,201.07,234.73,85.66,37.66,85.07,278.45,842.51,609.97,700.07,87.14,39.59,215.69
2026-04-22 11:09:00,2026-04-22 11:09:59,*PQM,264.49,864.43,202.19,228.41,88.52,38.81,63.46,302.63,835.09,221.79,251.92,88.04,40.84,72.05,268.11,897.00,206.69,241.34,85.64,37.00,88.95,278.41,865.51,630.67,721.67,87.40,38.88,224.45
2026-04-22 11:10:00,2026-04-22 11:10:59,*PQM,264.49,864.95,202.78,228.65,88.69,38.40,63.57,302.62,834.50,221.87,252.07,88.02,40.43,73.74,268.17,895.33,205.84,240.09,85.73,36.87,89.06,278.43,864.93,630.49,720.81,87.48,38.57,226.38
2026-04-22 11:11:00,2026-04-22 11:11:59,*PQM,264.71,851.54,199.02,224.88,88.50,39.44,60.57,302.86,825.71,219.27,248.50,88.24,41.30,68.32,268.29,889.75,204.43,238.01,85.89,37.52,85.93,278.62,855.66,622.73,711.39,87.54,39.42,214.82
2026-04-22 11:12:00,2026-04-22 11:12:59,*PQM,264.52,853.17,198.42,224.31,88.46,39.60,60.62,302.58,819.03,217.01,246.91,87.89,41.56,70.16,268.16,880.96,201.65,235.46,85.64,37.99,85.32,278.42,851.05,617.08,706.68,87.33,39.72,216.10
2026-04-22 11:13:00,2026-04-22 11:13:59,*PQM,266.41,844.58,198.68,224.60,88.46,39.37,60.64,305.05,819.72,221.25,250.99,88.15,41.02,70.30,270.23,882.27,203.47,237.97,85.50,37.48,87.87,280.56,848.85,623.40,713.56,87.37,39.29,218.81
2026-04-22 11:14:00,2026-04-22 11:14:59,*PQM,266.38,828.42,196.66,222.40,88.42,39.61,60.43,304.93,810.66,217.88,247.55,88.01,41.22,70.87,270.14,864.64,200.14,234.39,85.39,37.90,87.01,280.48,834.57,614.68,704.34,87.28,39.58,218.31
2026-04-22 11:15:00,2026-04-22 11:15:59,*PQM,266.23,856.56,201.83,228.21,88.44,38.97,63.08,304.86,842.05,225.06,255.30,88.15,40.43,73.71,270.06,894.02,206.04,241.52,85.31,37.15,91.29,280.38,864.21,632.93,725.03,87.30,38.85,228.07
2026-04-22 11:16:00,2026-04-22 11:16:59,*PQM,266.18,845.04,198.50,224.99,88.23,38.99,63.33,304.73,822.12,219.76,250.24,87.82,40.67,73.32,269.91,879.45,202.10,237.34,85.15,37.23,89.74,280.27,848.87,620.36,712.57,87.07,38.96,226.39
2026-04-22 11:17:00,2026-04-22 11:17:59,*PQM,266.25,842.62,199.62,224.88,88.77,38.96,59.59,304.75,818.75,220.04,249.36,88.24,40.76,70.65,269.92,871.54,202.71,236.19,85.83,37.48,85.71,280.31,844.30,622.38,710.43,87.61,39.07,215.95
2026-04-22 11:18:00,2026-04-22 11:18:59,*PQM,266.30,845.57,198.49,224.35,88.47,39.43,60.19,304.85,820.49,219.69,249.10,88.19,41.20,69.12,269.98,877.45,203.53,237.41,85.73,37.57,86.02,280.38,847.84,621.71,710.86,87.47,39.40,215.34
2026-04-22 11:19:00,2026-04-22 11:19:59,*PQM,266.33,835.26,196.81,222.38,88.50,39.61,59.88,304.90,810.82,217.74,247.08,88.12,41.47,68.89,270.04,870.68,201.49,235.12,85.70,37.69,85.43,280.42,838.92,616.04,704.58,87.44,39.59,214.19
2026-04-22 11:20:00,2026-04-22 11:20:59,*PQM,266.22,829.38,194.65,219.98,88.49,40.14,57.86,304.74,806.17,216.08,244.76,88.28,42.06,65.44,269.98,864.95,200.71,233.84,85.83,37.94,83.30,280.31,833.50,611.44,698.57,87.53,40.05,206.60
2026-04-22 11:21:00,2026-04-22 11:21:59,*PQM,266.33,825.89,196.50,221.10,88.87,39.91,56.77,304.82,798.57,214.80,243.89,88.07,41.83,66.97,270.03,855.41,199.45,231.67,86.09,38.25,81.10,280.39,826.62,610.75,696.66,87.68,40.00,204.84
2026-04-22 11:22:00,2026-04-22 11:22:59,*PQM,266.18,836.20,198.57,223.95,88.67,38.77,59.36,304.76,811.18,218.49,247.88,88.14,40.50,69.08,269.93,871.17,202.58,235.78,85.92,37.02,84.72,280.29,839.52,619.63,707.61,87.58,38.76,213.16
2026-04-22 11:23:00,2026-04-22 11:23:59,*PQM,266.05,848.61,200.36,226.23,88.57,38.88,61.72,304.65,824.71,221.61,251.53,88.10,40.94,71.33,269.74,886.38,204.97,239.64,85.53,37.08,88.61,280.15,853.23,626.94,717.40,87.40,38.97,221.66
2026-04-22 11:24:00,2026-04-22 11:24:59,*PQM,266.16,852.56,200.43,226.35,88.55,38.01,64.56,304.67,816.99,218.87,249.68,87.66,40.13,75.08,269.79,883.18,203.21,237.64,85.51,36.41,89.79,280.21,850.91,622.52,713.66,87.24,38.18,229.44
2026-04-22 11:25:00,2026-04-22 11:25:59,*PQM,266.15,843.74,199.40,225.00,88.62,37.84,64.20,304.72,811.39,217.42,247.57,87.82,40.05,75.18,269.89,872.41,201.20,235.37,85.49,36.58,88.97,280.25,842.52,618.03,707.93,87.31,38.16,228.36
2026-04-22 11:26:00,2026-04-22 11:26:59,*PQM,266.13,857.76,202.46,228.50,88.60,37.36,65.72,304.68,824.11,221.23,251.72,87.89,39.27,76.64,269.87,886.05,204.58,239.41,85.45,35.84,91.11,280.22,855.97,628.26,719.63,87.31,37.49,233.47
2026-04-22 11:27:00,2026-04-22 11:27:59,*PQM,266.06,875.13,206.51,232.96,88.64,37.29,67.52,304.58,842.37,224.41,255.38,87.87,39.44,78.59,269.87,905.97,208.76,243.68,85.67,35.99,92.48,280.17,874.49,639.68,732.03,87.40,37.57,238.59
2026-04-22 11:28:00,2026-04-22 11:28:59,*PQM,266.11,871.72,204.20,230.84,88.46,37.48,67.75,304.69,836.09,223.24,254.34,87.78,39.51,77.96,269.97,908.76,207.45,242.79,85.44,35.98,93.35,280.26,872.19,634.90,727.97,87.23,37.66,239.06
2026-04-22 11:29:00,2026-04-22 11:29:59,*PQM,266.19,863.70,203.16,229.31,88.60,37.40,66.69,304.69,828.38,221.29,252.38,87.68,39.35,79.02,270.04,888.11,204.30,239.37,85.35,36.08,92.17,280.31,860.06,628.76,721.06,87.21,37.61,237.88
2026-04-22 11:30:00,2026-04-22 11:30:59,*PQM,266.03,837.00,197.13,222.88,88.45,39.75,60.78,304.56,806.02,217.24,246.40,88.17,41.89,67.20,269.84,873.47,203.54,236.89,85.92,37.62,85.50,280.14,838.83,617.91,706.17,87.51,39.75,213.47
2026-04-22 11:31:00,2026-04-22 11:31:59,*PQM,266.14,822.02,192.73,218.17,88.34,40.58,57.93,304.69,789.43,211.05,239.97,87.95,43.00,64.37,269.97,857.15,198.68,231.02,86.00,38.61,80.92,280.27,822.87,602.47,689.16,87.43,40.73,203.22
2026-04-22 11:32:00,2026-04-22 11:32:59,*PQM,266.24,818.33,192.03,217.19,88.42,40.69,56.83,304.86,791.27,211.99,240.54,88.13,42.64,63.88,270.09,851.48,197.14,229.80,85.79,38.64,81.12,280.40,820.36,601.16,687.53,87.44,40.66,201.83
2026-04-22 11:33:00,2026-04-22 11:33:59,*PQM,266.31,814.01,192.68,217.77,88.48,40.42,56.93,304.95,788.12,211.63,240.42,88.03,42.47,65.02,270.09,846.94,196.47,228.93,85.82,38.70,80.81,280.45,816.36,600.78,687.12,87.44,40.53,202.76
2026-04-22 11:34:00,2026-04-22 11:34:59,*PQM,266.32,829.84,195.46,220.69,88.57,39.02,60.87,304.98,799.80,214.71,244.41,87.85,41.16,70.34,270.02,862.22,199.12,232.68,85.57,37.32,85.64,280.44,830.62,609.29,697.79,87.33,39.17,216.85
2026-04-22 11:35:00,2026-04-22 11:35:59,*PQM,266.22,822.54,193.81,219.37,88.35,39.30,61.39,304.90,797.70,212.81,242.37,87.80,41.58,70.07,269.97,860.71,198.46,231.77,85.63,37.47,85.40,280.36,826.99,605.08,693.52,87.26,39.45,216.86
2026-04-22 11:36:00,2026-04-22 11:36:59,*PQM,266.15,855.91,201.63,227.16,88.76,38.09,63.10,304.72,826.11,220.60,251.05,87.87,40.20,75.04,269.87,881.86,203.88,238.12,85.62,36.73,88.75,280.25,854.63,626.11,716.33,87.42,38.34,226.89
2026-04-22 11:37:00,2026-04-22 11:37:59,*PQM,266.43,851.60,200.01,225.94,88.52,38.41,63.67,305.09,817.10,218.23,248.83,87.70,40.56,74.94,270.12,878.42,202.25,236.41,85.55,36.96,88.23,280.55,849.04,620.49,711.19,87.26,38.64,226.84
2026-04-22 11:38:00,2026-04-22 11:38:59,*PQM,266.63,825.82,193.88,219.49,88.33,38.77,63.14,305.32,787.65,210.29,240.66,87.38,41.08,73.15,270.34,849.02,196.17,229.71,85.40,37.34,86.12,280.76,820.83,600.34,689.86,87.04,39.06,222.41
2026-04-22 11:39:00,2026-04-22 11:39:59,*PQM,266.76,836.88,196.54,222.80,88.21,38.75,61.83,305.48,809.27,216.85,247.24,87.71,40.71,72.08,270.40,859.21,198.96,233.21,85.31,37.15,86.16,280.88,835.12,612.35,703.26,87.08,38.87,220.07
2026-04-22 11:40:00,2026-04-22 11:40:59,*PQM,266.72,833.29,196.30,222.16,88.36,39.34,62.33,305.43,803.11,214.63,244.29,87.86,41.67,71.36,270.42,859.10,199.54,232.97,85.65,37.60,84.88,280.86,831.83,610.47,699.41,87.29,39.54,218.57
2026-04-22 11:41:00,2026-04-22 11:41:59,*PQM,266.76,842.04,198.16,224.93,88.10,39.54,63.00,305.55,812.91,218.47,248.40,87.95,41.68,70.12,270.52,880.97,203.83,238.30,85.54,37.51,86.99,280.94,845.30,620.47,711.63,87.20,39.58,220.11
2026-04-22 11:42:00,2026-04-22 11:42:59,*PQM,266.73,833.61,197.44,223.05,88.52,39.22,60.52,305.41,796.86,214.87,244.33,87.94,41.41,69.44,270.51,858.90,201.20,233.94,86.00,37.45,83.79,280.88,829.79,613.50,701.32,87.49,39.36,213.75
2026-04-22 11:43:00,2026-04-22 11:43:59,*PQM,266.71,831.04,194.55,220.28,88.32,39.35,61.09,305.52,790.86,211.42,240.61,87.87,41.74,68.16,270.59,862.81,199.76,231.99,86.10,37.35,83.08,280.94,828.24,605.72,692.88,87.43,39.48,212.33
2026-04-22 11:44:00,2026-04-22 11:44:59,*PQM,266.85,830.90,195.71,221.29,88.44,39.43,60.44,305.58,798.65,214.04,243.30,87.97,41.67,68.56,270.61,861.24,200.26,233.31,85.83,37.46,84.11,281.01,830.26,610.01,697.90,87.42,39.52,213.12
2026-04-22 11:45:00,2026-04-22 11:45:59,*PQM,266.70,824.42,194.00,219.94,88.20,39.46,61.64,305.44,783.21,211.43,240.26,88.00,41.88,66.80,270.56,854.25,200.06,232.60,86.01,37.31,83.19,280.90,820.63,605.48,692.81,87.40,39.55,211.63
2026-04-22 11:46:00,2026-04-22 11:46:59,*PQM,266.75,866.84,204.46,231.25,88.42,37.37,68.20,305.50,827.12,222.91,253.40,87.97,39.50,76.61,270.63,893.27,208.67,243.29,85.77,35.74,92.23,280.96,862.41,636.05,727.93,87.39,37.54,237.04
2026-04-22 11:47:00,2026-04-22 11:47:59,*PQM,266.85,854.90,202.79,229.78,88.25,37.43,67.26,305.67,821.19,221.16,252.27,87.67,39.63,77.39,270.73,884.67,205.60,241.04,85.29,35.90,91.76,281.08,853.59,629.55,723.09,87.07,37.65,236.40
2026-04-22 11:48:00,2026-04-22 11:48:59,*PQM,266.86,865.41,205.15,231.69,88.55,37.42,67.21,305.61,832.06,222.46,253.50,87.75,39.67,78.04,270.64,889.27,207.15,241.74,85.69,35.99,91.19,281.04,862.24,634.75,726.92,87.33,37.69,236.44
2026-04-22 11:49:00,2026-04-22 11:49:59,*PQM,266.75,865.79,204.35,230.82,88.54,37.07,67.75,305.61,831.24,223.74,254.05,88.07,39.37,76.63,270.55,898.46,208.53,243.57,85.62,35.45,92.39,280.97,865.16,636.62,728.43,87.41,37.30,236.77
2026-04-22 11:50:00,2026-04-22 11:50:59,*PQM,266.69,868.16,205.48,231.25,88.86,37.34,65.08,305.58,836.93,227.01,256.04,88.66,39.45,72.92,270.55,909.51,211.62,245.57,86.18,35.39,90.93,280.94,871.53,644.11,732.86,87.90,37.39,228.93
2026-04-22 11:51:00,2026-04-22 11:51:59,*PQM,266.44,920.32,213.24,244.99,87.04,36.81,82.78,305.31,895.52,237.96,274.35,86.74,38.66,93.98,270.23,969.26,217.36,261.22,83.21,35.06,112.63,280.66,928.36,668.56,780.55,85.66,36.84,289.39
2026-04-22 11:52:00,2026-04-22 11:52:59,*PQM,266.11,996.87,227.81,264.36,86.17,35.92,95.95,304.93,979.33,254.13,296.73,85.64,37.46,110.54,269.89,1043.51,229.81,281.01,81.78,34.30,129.06,280.31,1006.57,711.74,842.10,84.53,35.89,335.55
2026-04-22 11:53:00,2026-04-22 11:53:59,*PQM,266.15,960.75,221.92,260.97,85.04,36.68,96.06,305.03,937.70,248.20,292.65,84.81,38.30,108.45,269.90,1010.69,225.47,278.99,80.82,34.73,128.08,280.36,969.71,695.59,832.61,83.55,36.57,332.59
2026-04-22 11:54:00,2026-04-22 11:54:59,*PQM,266.18,1001.20,229.36,265.94,86.25,35.99,96.14,305.15,983.40,255.88,298.56,85.70,37.55,111.36,270.01,1050.70,231.20,282.39,81.87,34.34,129.52,280.45,1011.77,716.44,846.90,84.61,35.96,337.02
2026-04-22 11:55:00,2026-04-22 11:55:59,*PQM,266.51,949.62,218.07,254.15,85.80,37.52,91.40,305.54,933.08,245.44,286.55,85.65,39.19,103.53,270.30,1001.52,222.20,272.17,81.64,35.56,123.83,280.78,961.41,685.71,812.88,84.36,37.42,318.76
2026-04-22 11:56:00,2026-04-22 11:56:59,*PQM,266.28,982.01,224.39,259.91,86.33,36.32,93.74,305.26,962.62,250.49,291.76,85.86,37.95,107.91,270.12,1029.31,226.71,276.50,81.99,34.69,126.66,280.55,991.31,701.58,828.17,84.73,36.32,328.31
2026-04-22 11:57:00,2026-04-22 11:57:59,*PQM,266.43,987.62,230.18,267.67,85.99,35.69,93.82,305.31,967.74,257.14,300.71,85.51,37.25,109.20,270.25,1033.33,232.43,284.46,81.71,33.97,127.88,280.66,996.23,719.75,852.85,84.40,35.64,330.90
2026-04-22 11:58:00,2026-04-22 11:58:59,*PQM,266.22,1069.56,248.42,284.72,87.25,35.01,98.53,305.16,1055.61,279.88,322.01,86.92,36.33,115.13,270.05,1126.74,251.52,303.90,82.76,33.31,137.22,280.48,1083.97,779.83,910.63,85.64,34.88,350.88
2026-04-22 11:59:00,2026-04-22 11:59:59,*PQM,266.22,1052.87,241.26,277.98,86.79,34.37,101.56,305.21,1037.00,270.17,313.14,86.28,35.95,118.19,270.06,1104.55,242.99,295.93,82.11,32.94,137.93,280.50,1064.81,754.41,887.06,85.06,34.42,357.68
2026-04-22 12:00:00,2026-04-22 12:00:59,*PQM,266.29,1038.27,240.11,276.24,86.92,34.66,99.33,305.25,1017.99,268.78,311.21,86.37,36.08,116.23,270.13,1087.87,241.95,293.60,82.41,33.15,135.25,280.56,1048.04,750.84,881.06,85.23,34.63,350.81
2026-04-22 12:01:00,2026-04-22 12:01:59,*PQM,266.34,1055.95,243.91,281.49,86.65,34.18,103.36,305.27,1037.62,273.94,317.53,86.27,35.57,118.97,270.11,1108.48,246.90,300.50,82.16,32.40,140.08,280.57,1067.35,764.75,899.53,85.03,34.05,362.41
2026-04-22 12:02:00,2026-04-22 12:02:59,*PQM,266.43,1009.07,229.85,267.29,85.99,36.01,98.30,305.39,990.91,258.76,301.68,85.77,37.47,112.76,270.30,1060.21,232.80,285.32,81.59,34.36,133.23,280.71,1020.06,721.41,854.29,84.45,35.95,344.28
2026-04-22 12:03:00,2026-04-22 12:03:59,*PQM,266.46,1042.85,240.23,276.84,86.78,35.17,99.64,305.37,1026.51,269.42,312.10,86.32,36.59,115.50,270.28,1095.56,242.18,294.52,82.23,33.49,135.65,280.70,1054.97,751.83,883.46,85.11,35.08,350.79
2026-04-22 12:04:00,2026-04-22 12:04:59,*PQM,266.48,1010.29,230.48,268.01,86.00,35.55,99.48,305.39,982.13,257.10,300.16,85.66,37.32,113.43,270.31,1055.70,233.15,285.22,81.75,33.89,132.72,280.73,1016.04,720.74,853.39,84.47,35.59,345.63
2026-04-22 12:05:00,2026-04-22 12:05:59,*PQM,266.36,984.08,225.18,262.08,85.92,35.86,96.54,305.31,974.84,255.08,297.37,85.78,37.16,111.43,270.14,1034.49,227.05,279.15,81.33,34.16,130.51,280.60,997.80,707.30,838.60,84.34,35.73,338.48
2026-04-22 12:06:00,2026-04-22 12:06:59,*PQM,266.45,993.27,227.75,265.50,85.78,35.71,99.11,305.38,979.19,256.23,300.19,85.36,37.05,115.08,270.25,1039.78,228.55,282.05,81.03,34.08,133.01,280.69,1004.08,712.53,847.74,84.06,35.61,347.19
2026-04-22 12:07:00,2026-04-22 12:07:59,*PQM,266.37,1009.62,231.55,269.20,86.02,35.60,99.92,305.39,991.65,261.35,304.50,85.83,37.07,114.25,270.25,1061.48,234.68,287.49,81.63,33.84,134.63,280.67,1020.92,727.58,861.19,84.49,35.50,348.81
2026-04-22 12:08:00,2026-04-22 12:08:59,*PQM,266.33,958.91,217.29,254.61,85.34,37.22,94.89,305.28,941.59,244.14,286.36,85.26,38.82,107.57,270.18,1007.70,220.55,272.08,81.06,35.34,127.07,280.60,969.40,681.98,813.04,83.89,37.13,329.53
2026-04-22 12:09:00,2026-04-22 12:09:59,*PQM,266.26,976.27,227.76,262.92,86.63,31.36,100.89,304.95,954.88,254.07,294.92,86.15,32.42,116.57,270.08,1020.45,228.90,279.52,81.89,29.35,135.10,280.43,983.87,710.73,837.36,84.89,31.04,352.56
2026-04-22 12:10:00,2026-04-22 12:10:59,*PQM,266.18,999.51,231.22,266.37,86.81,30.79,102.84,304.85,979.75,257.15,298.52,86.14,31.68,120.12,270.02,1039.77,231.02,282.10,81.89,28.99,137.38,280.35,1006.34,719.40,846.98,84.95,30.49,360.34
2026-04-22 12:11:00,2026-04-22 12:11:59,*PQM,266.26,973.05,225.76,260.84,86.55,31.76,98.86,305.02,956.70,253.36,293.20,86.41,32.61,114.44,270.07,1015.15,227.52,277.70,81.93,29.71,133.63,280.45,981.64,706.64,831.75,84.96,31.36,346.93
2026-04-22 12:12:00,2026-04-22 12:12:59,*PQM,266.08,1018.02,235.17,271.21,86.71,31.12,105.36,304.81,995.48,262.74,303.60,86.54,32.14,120.70,269.96,1070.83,237.30,288.83,82.16,28.96,140.46,280.28,1028.11,735.21,863.65,85.14,30.74,366.52
2026-04-22 12:13:00,2026-04-22 12:13:59,*PQM,265.86,1016.54,235.85,272.24,86.63,27.39,111.00,304.48,998.63,262.36,305.40,85.91,28.33,130.05,269.71,1066.57,234.40,288.68,81.20,25.92,147.32,280.02,1027.25,732.61,866.32,84.58,27.21,388.38
2026-04-22 12:14:00,2026-04-22 12:14:59,*PQM,266.03,1001.18,233.96,267.82,87.36,27.34,105.75,304.57,996.18,262.26,303.29,86.47,28.22,128.37,269.71,1050.96,230.28,282.80,81.43,26.00,144.72,280.10,1016.11,726.50,853.90,85.09,27.19,378.83
2026-04-22 12:15:00,2026-04-22 12:15:59,*PQM,266.36,976.23,234.12,260.23,89.96,28.81,83.68,305.03,957.83,261.75,293.34,89.23,29.58,101.47,270.19,1015.06,234.81,275.15,85.34,27.53,119.51,280.53,983.04,730.67,828.72,88.18,28.64,304.66
2026-04-22 12:16:00,2026-04-22 12:16:59,*PQM,266.39,958.56,231.07,256.93,89.94,29.26,82.21,305.09,936.43,258.15,289.55,89.15,29.76,97.74,270.20,1002.39,233.15,272.71,85.49,27.61,116.91,280.56,965.79,722.38,819.19,88.20,28.88,296.86
2026-04-22 12:17:00,2026-04-22 12:17:59,*PQM,266.63,983.42,244.56,263.11,92.95,25.39,69.80,305.27,960.14,271.75,294.44,92.29,26.05,86.78,270.47,1021.04,246.24,276.49,89.06,24.56,105.08,280.79,988.20,762.55,834.03,91.44,25.33,261.67
2026-04-22 12:18:00,2026-04-22 12:18:59,*PQM,266.62,971.10,239.47,258.86,92.51,26.34,71.07,305.24,951.31,267.59,291.04,91.94,27.05,87.10,270.40,1012.19,242.65,274.03,88.55,25.28,106.95,280.75,978.20,749.72,823.92,91.00,26.22,265.11
2026-04-22 12:19:00,2026-04-22 12:19:59,*PQM,266.58,962.83,237.06,256.06,92.58,26.00,70.21,305.25,941.21,262.96,286.46,91.80,26.75,86.38,270.34,1000.40,239.26,269.85,88.66,25.15,104.48,280.72,968.15,739.28,812.37,91.01,25.97,261.07
2026-04-22 12:20:00,2026-04-22 12:20:59,*PQM,266.67,976.70,241.78,260.75,92.73,25.73,70.54,305.27,950.86,267.32,290.38,92.06,26.45,86.04,270.48,1016.53,244.20,274.54,88.95,24.88,104.34,280.81,981.36,753.30,825.67,91.24,25.69,260.93
2026-04-22 12:21:00,2026-04-22 12:21:59,*PQM,266.55,971.60,239.06,258.20,92.58,26.32,69.61,305.20,947.36,265.58,288.71,91.99,27.20,84.93,270.38,1009.85,242.16,272.41,88.89,25.46,104.03,280.71,976.27,746.80,819.33,91.16,26.33,258.57
2026-04-22 12:22:00,2026-04-22 12:22:59,*PQM,266.64,940.72,235.56,254.09,92.71,25.90,66.21,305.22,910.61,258.74,281.42,91.94,26.94,81.45,270.44,972.86,237.36,266.08,89.21,25.28,97.61,280.77,941.40,731.66,801.59,91.29,26.04,245.27
2026-04-22 12:23:00,2026-04-22 12:23:59,*PQM,266.72,957.52,236.64,254.77,92.88,26.46,66.66,305.40,930.50,260.70,282.66,92.23,27.47,81.70,270.53,994.27,239.05,267.37,89.41,25.71,98.75,280.88,960.76,736.40,804.80,91.51,26.55,247.11
2026-04-22 12:24:00,2026-04-22 12:24:59,*PQM,266.80,935.64,232.53,251.80,92.35,27.00,67.24,305.54,912.34,257.01,280.63,91.58,28.17,83.73,270.60,969.79,233.79,263.93,88.58,26.38,100.04,280.98,939.26,723.33,796.35,90.84,27.18,251.01
2026-04-22 12:25:00,2026-04-22 12:25:59,*PQM,266.49,1002.62,246.23,266.82,92.28,28.43,71.96,305.07,970.63,270.66,296.77,91.20,29.24,90.58,270.29,1024.68,246.15,278.38,88.42,27.76,106.03,280.62,999.31,763.04,841.97,90.64,28.48,268.57
2026-04-22 12:26:00,2026-04-22 12:26:59,*PQM,266.71,979.24,241.27,263.83,91.45,28.47,73.15,305.28,937.53,261.01,289.92,90.03,29.77,90.95,270.57,996.09,239.78,273.23,87.75,28.12,103.42,280.85,970.95,742.06,826.98,89.75,28.79,267.52
2026-04-22 12:27:00,2026-04-22 12:27:59,*PQM,266.75,883.03,217.14,235.56,92.18,24.62,71.43,305.15,860.01,238.98,264.41,90.38,24.58,93.80,270.51,900.64,211.98,243.51,87.05,23.81,105.18,280.80,881.22,668.09,743.48,89.87,24.34,270.41
2026-04-22 12:28:00,2026-04-22 12:28:59,*PQM,266.85,860.85,209.23,228.81,91.44,25.38,72.69,305.21,817.25,225.44,250.68,89.93,26.05,90.53,270.63,870.13,205.88,235.79,87.31,24.61,99.99,280.90,849.41,640.55,715.29,89.56,25.35,263.21
2026-04-22 12:29:00,2026-04-22 12:29:59,*PQM,267.05,874.13,212.26,231.16,91.82,25.20,71.43,305.52,833.74,229.57,254.50,90.20,25.83,89.41,270.88,889.69,209.12,238.67,87.62,24.48,99.78,281.15,865.85,650.95,724.33,89.88,25.17,260.62
2026-04-22 12:30:00,2026-04-22 12:30:59,*PQM,267.09,855.94,208.60,227.00,91.89,25.71,68.74,305.49,835.63,229.84,254.56,90.29,25.64,90.45,270.84,872.42,203.86,234.68,86.87,24.91,101.33,281.14,854.67,642.30,716.24,89.68,25.42,260.52
2026-04-22 12:31:00,2026-04-22 12:31:59,*PQM,266.94,849.24,209.16,227.67,91.87,25.78,69.03,305.36,815.02,225.19,248.45,90.64,26.56,84.96,270.78,861.79,206.87,234.82,88.10,24.91,94.99,281.03,842.02,641.21,710.94,90.20,25.75,248.98
2026-04-22 12:32:00,2026-04-22 12:32:59,*PQM,266.99,842.35,206.90,225.26,91.85,26.15,67.51,305.40,807.85,223.06,245.58,90.83,26.97,81.75,270.84,861.26,206.25,233.24,88.43,25.29,92.94,281.08,837.15,636.21,704.07,90.37,26.14,242.20
2026-04-22 12:33:00,2026-04-22 12:33:59,*PQM,266.89,846.49,207.48,225.02,92.21,26.01,66.19,305.26,821.38,226.44,250.05,90.56,26.28,86.11,270.62,855.66,202.78,231.68,87.53,25.12,96.09,280.92,841.17,636.71,706.75,90.10,25.80,248.40
2026-04-22 12:34:00,2026-04-22 12:34:59,*PQM,266.94,834.58,204.58,221.87,92.21,26.31,63.64,305.30,811.91,224.32,247.56,90.61,26.38,84.85,270.59,843.71,199.36,227.79,87.52,25.56,94.61,280.94,830.07,628.26,697.22,90.11,26.08,243.10
2026-04-22 12:35:00,2026-04-22 12:35:59,*PQM,267.05,819.22,203.05,220.48,92.10,26.51,64.12,305.42,788.96,219.13,241.25,90.83,27.21,80.15,270.79,834.95,200.67,227.26,88.30,25.73,90.50,281.09,814.38,622.85,688.99,90.41,26.48,234.77
2026-04-22 12:36:00,2026-04-22 12:36:59,*PQM,267.08,829.85,204.53,221.66,92.27,26.23,63.80,305.49,803.07,223.44,246.17,90.77,26.54,82.14,270.81,832.19,200.69,227.87,88.07,25.44,91.92,281.13,821.70,628.66,695.70,90.37,26.07,237.86
2026-04-22 12:37:00,2026-04-22 12:37:59,*PQM,266.96,831.47,204.47,221.68,92.24,26.33,63.86,305.30,820.51,225.79,249.23,90.59,26.20,85.39,270.60,843.46,198.86,227.76,87.31,25.55,95.55,280.95,831.81,629.12,698.67,90.05,26.03,244.80
2026-04-22 12:38:00,2026-04-22 12:38:59,*PQM,266.99,829.07,204.16,221.62,92.12,26.39,64.00,305.48,786.67,219.23,240.82,91.04,27.15,78.65,270.80,841.71,201.95,227.59,88.74,25.57,87.73,281.09,819.15,625.35,690.03,90.63,26.37,230.38
2026-04-22 12:39:00,2026-04-22 12:39:59,*PQM,266.93,835.24,205.11,223.28,91.86,25.98,67.89,305.43,796.35,220.54,243.74,90.48,26.69,83.90,270.73,848.12,201.71,229.21,88.00,25.34,93.27,281.03,826.57,627.35,696.22,90.12,26.00,245.05
2026-04-22 12:40:00,2026-04-22 12:40:59,*PQM,266.87,853.18,209.77,227.67,92.14,25.55,67.99,305.40,809.64,225.59,248.81,90.67,26.31,85.08,270.72,858.13,205.79,233.69,88.06,25.00,94.32,281.00,840.31,641.14,710.17,90.29,25.62,247.39
2026-04-22 12:41:00,2026-04-22 12:41:59,*PQM,266.95,853.66,210.17,228.66,91.92,24.95,69.59,305.40,828.36,229.77,254.30,90.36,24.84,90.06,270.68,864.51,204.93,235.30,87.10,24.21,100.30,281.01,848.84,644.87,718.26,89.79,24.67,259.95
2026-04-22 12:42:00,2026-04-22 12:42:59,*PQM,267.09,835.16,205.77,224.36,91.71,25.82,68.91,305.61,797.03,222.62,245.93,90.52,26.58,84.62,270.87,851.95,203.65,231.79,87.86,24.94,95.64,281.19,828.05,632.04,702.08,90.03,25.78,249.16
2026-04-22 12:43:00,2026-04-22 12:43:59,*PQM,267.03,852.94,207.92,226.44,91.82,25.69,69.27,305.54,816.33,224.98,248.11,90.68,26.50,84.19,270.81,870.21,206.87,235.02,88.02,24.91,95.93,281.13,846.49,639.77,709.58,90.17,25.70,249.38
2026-04-22 12:44:00,2026-04-22 12:44:59,*PQM,266.96,844.42,208.08,226.73,91.77,25.54,68.91,305.49,808.07,223.88,247.65,90.40,26.49,84.85,270.71,857.09,205.72,234.03,87.90,24.88,94.93,281.05,836.53,637.68,708.41,90.03,25.64,248.68
2026-04-22 12:45:00,2026-04-22 12:45:59,*PQM,266.82,853.58,208.46,226.60,92.00,25.53,68.02,305.43,816.19,225.49,248.38,90.78,26.29,84.21,270.58,872.41,206.80,234.40,88.22,24.70,94.89,280.94,847.39,640.75,709.39,90.33,25.51,247.11
2026-04-22 12:46:00,2026-04-22 12:46:59,*PQM,266.95,841.27,205.76,224.24,91.76,25.67,68.88,305.51,805.09,222.25,245.78,90.43,26.55,84.42,270.67,853.92,204.20,232.36,87.88,24.87,95.17,281.04,833.43,632.21,702.37,90.02,25.70,248.48
2026-04-22 12:47:00,2026-04-22 12:47:59,*PQM,266.95,842.40,206.36,224.90,91.75,25.42,69.13,305.54,804.65,223.01,246.26,90.56,26.59,83.99,270.69,858.06,205.46,233.39,88.03,24.54,95.33,281.06,835.04,634.83,704.56,90.11,25.52,248.46
2026-04-22 12:48:00,2026-04-22 12:48:59,*PQM,266.96,834.70,204.90,222.47,92.10,25.58,66.55,305.64,797.03,222.08,244.53,90.82,26.71,81.55,270.63,852.84,203.63,230.84,88.22,24.84,92.96,281.08,828.19,630.61,697.84,90.38,25.71,241.06
2026-04-22 12:49:00,2026-04-22 12:49:59,*PQM,266.87,850.89,208.23,225.75,92.24,25.35,66.57,305.51,817.54,226.60,248.73,91.10,26.39,81.72,270.58,873.33,207.62,234.69,88.47,24.63,93.96,280.99,847.25,642.45,709.17,90.60,25.46,242.24
2026-04-22 12:50:00,2026-04-22 12:50:59,*PQM,266.93,816.04,201.79,219.08,92.11,26.10,63.63,305.58,792.91,220.81,242.50,91.06,26.90,78.29,270.61,843.24,201.85,228.73,88.25,25.22,91.23,281.04,817.40,624.45,690.31,90.47,26.07,233.15
2026-04-22 12:51:00,2026-04-22 12:51:59,*PQM,267.07,835.31,205.14,221.69,92.53,25.93,62.44,305.69,808.05,223.53,245.08,91.20,26.75,79.69,270.72,851.59,202.82,229.34,88.44,25.24,90.47,281.16,831.65,631.49,696.11,90.73,25.97,232.59
2026-04-22 12:52:00,2026-04-22 12:52:59,*PQM,266.83,848.87,207.83,225.59,92.12,25.28,67.55,305.44,823.29,226.80,249.82,90.79,26.10,84.78,270.47,874.91,205.98,234.40,87.88,24.55,96.39,280.91,849.02,640.61,709.81,90.26,25.31,248.72
2026-04-22 12:53:00,2026-04-22 12:53:59,*PQM,266.82,857.04,210.02,227.70,92.23,25.25,66.89,305.40,837.25,230.48,253.50,90.92,25.81,85.78,270.44,874.66,207.33,235.94,87.88,24.53,97.26,280.89,856.31,647.84,717.14,90.34,25.20,249.93
2026-04-22 12:54:00,2026-04-22 12:54:59,*PQM,266.98,833.37,205.51,222.69,92.29,25.76,65.40,305.49,817.45,226.65,249.92,90.69,26.02,85.24,270.57,851.36,201.91,230.85,87.47,24.96,96.73,281.01,834.06,634.07,703.47,90.15,25.58,247.37
2026-04-22 12:55:00,2026-04-22 12:55:59,*PQM,267.00,846.01,207.81,224.99,92.37,25.58,64.93,305.59,821.89,226.68,249.21,90.96,26.25,83.71,270.65,865.87,203.99,231.61,88.08,24.92,93.85,281.08,844.59,638.49,705.81,90.47,25.58,242.48
2026-04-22 12:56:00,2026-04-22 12:56:59,*PQM,267.14,812.81,200.78,217.72,92.22,26.20,62.73,305.71,788.06,219.43,241.40,90.90,27.09,79.21,270.68,827.90,199.10,225.66,88.23,25.55,90.29,281.18,809.59,619.31,684.77,90.45,26.28,232.23
2026-04-22 12:57:00,2026-04-22 12:57:59,*PQM,267.09,825.44,202.41,219.43,92.24,26.27,63.35,305.65,804.08,221.65,244.10,90.81,26.89,81.42,270.71,843.38,198.99,226.46,87.87,25.55,92.21,281.15,824.30,623.05,689.99,90.31,26.24,236.98
2026-04-22 12:58:00,2026-04-22 12:58:59,*PQM,267.14,826.84,205.61,223.20,92.12,25.80,65.59,305.59,820.17,229.91,253.73,90.61,25.66,88.32,270.66,848.16,200.65,231.54,86.66,24.91,100.40,281.13,831.72,636.17,708.47,89.80,25.46,254.31
2026-04-22 12:59:00,2026-04-22 12:59:59,*PQM,265.49,839.05,205.38,222.06,92.49,25.69,63.56,303.68,809.10,221.73,243.32,91.13,26.54,79.18,269.12,859.22,203.44,229.25,88.74,25.06,89.63,279.43,835.79,630.55,694.63,90.79,25.76,232.37
2026-04-22 13:00:00,2026-04-22 13:00:59,*PQM,265.60,825.73,202.96,219.58,92.43,26.02,62.24,303.80,790.44,219.47,240.79,91.15,26.95,77.95,269.18,838.89,201.12,226.46,88.81,25.42,88.09,279.53,818.35,623.55,686.82,90.80,26.13,228.27
2026-04-22 13:01:00,2026-04-22 13:01:59,*PQM,265.58,830.21,203.84,220.53,92.43,26.09,62.01,303.80,805.55,221.75,243.08,91.23,26.82,78.30,269.08,850.89,201.83,227.74,88.62,25.39,89.00,279.49,828.88,627.42,691.36,90.76,26.10,229.31
2026-04-22 13:02:00,2026-04-22 13:02:59,*PQM,265.50,834.60,204.22,220.72,92.53,25.94,61.84,303.76,807.63,223.44,244.83,91.26,26.61,78.62,269.08,854.41,202.30,228.28,88.62,25.25,89.78,279.45,832.21,629.95,693.83,90.80,25.93,230.24
2026-04-22 13:03:00,2026-04-22 13:03:59,*PQM,265.61,828.66,202.96,219.53,92.45,25.84,62.43,303.74,827.45,226.65,249.69,90.78,25.93,85.06,269.03,848.56,197.78,227.28,87.02,25.18,96.51,279.46,834.89,627.39,696.50,90.08,25.65,243.99
2026-04-22 13:04:00,2026-04-22 13:04:59,*PQM,265.46,843.94,206.12,223.67,92.15,25.23,66.67,303.59,836.90,227.48,251.79,90.34,25.44,89.08,268.94,859.35,200.06,230.19,86.91,24.62,99.03,279.33,846.73,633.65,705.65,89.80,25.10,254.78
2026-04-22 13:05:00,2026-04-22 13:05:59,*PQM,265.44,844.69,205.16,222.49,92.21,25.13,65.96,303.68,824.63,226.66,249.46,90.86,25.46,84.17,269.02,861.06,202.35,230.32,87.86,24.42,95.31,279.38,843.46,634.17,702.27,90.31,25.00,245.44
2026-04-22 13:06:00,2026-04-22 13:06:59,*PQM,265.54,832.38,203.49,220.65,92.22,25.77,63.86,303.80,804.32,223.08,244.69,91.17,26.52,79.75,269.14,852.81,202.29,228.80,88.42,24.99,91.44,279.49,829.84,628.86,694.14,90.60,25.76,235.05
2026-04-22 13:07:00,2026-04-22 13:07:59,*PQM,264.74,838.50,205.58,222.22,92.51,25.49,63.34,302.87,815.64,225.38,246.63,91.38,26.10,79.78,268.23,858.77,204.03,230.47,88.53,24.64,91.47,278.61,837.64,635.00,699.32,90.81,25.41,234.60
2026-04-22 13:08:00,2026-04-22 13:08:59,*PQM,264.87,827.63,203.04,219.81,92.37,25.96,62.92,302.99,796.62,221.12,242.50,91.18,26.71,79.06,268.37,850.23,201.03,227.31,88.44,25.15,90.39,278.74,824.83,625.18,689.62,90.66,25.94,232.37
2026-04-22 13:09:00,2026-04-22 13:09:59,*PQM,265.08,837.10,203.50,220.60,92.25,25.83,63.88,303.29,803.31,221.03,242.73,91.06,26.69,79.70,268.68,853.97,202.04,228.23,88.53,25.04,90.49,279.02,831.46,626.57,691.57,90.61,25.85,234.07
2026-04-22 13:10:00,2026-04-22 13:10:59,*PQM,265.24,827.37,202.25,218.77,92.45,26.03,61.13,303.37,802.71,222.53,244.13,91.15,26.63,78.70,268.74,842.14,200.06,226.90,88.17,25.32,90.78,279.12,824.07,624.85,689.80,90.59,25.99,230.61
2026-04-22 13:11:00,2026-04-22 13:11:59,*PQM,264.97,833.66,205.01,221.56,92.53,25.71,62.24,303.08,808.16,223.02,244.68,91.15,26.50,79.88,268.42,846.75,201.96,228.22,88.50,25.14,90.02,278.82,829.52,630.00,694.46,90.72,25.78,232.14
2026-04-22 13:12:00,2026-04-22 13:12:59,*PQM,264.98,845.64,205.92,222.73,92.45,25.68,62.61,303.21,814.35,224.66,246.07,91.30,26.56,79.41,268.57,865.01,204.14,230.19,88.69,25.01,90.50,278.92,841.67,634.72,698.99,90.81,25.75,232.51
2026-04-22 13:13:00,2026-04-22 13:13:59,*PQM,264.86,873.12,213.45,229.85,92.86,24.77,64.46,302.90,854.86,237.04,260.71,90.92,24.77,89.94,268.35,878.22,206.14,235.99,87.35,24.32,99.74,278.70,868.74,656.63,726.55,90.38,24.62,254.14
2026-04-22 13:14:00,2026-04-22 13:14:59,*PQM,264.96,833.38,205.61,222.02,92.61,25.46,62.81,303.03,841.57,234.99,258.14,91.03,24.85,86.85,268.32,865.40,201.43,232.13,86.77,24.52,102.29,278.77,846.78,642.03,712.29,90.14,24.94,251.95
2026-04-22 13:15:00,2026-04-22 13:15:59,*PQM,265.09,830.39,206.20,222.18,92.81,25.48,60.45,303.01,841.27,235.68,257.61,91.49,24.96,84.78,268.32,853.14,201.33,231.76,86.87,24.54,99.77,278.81,841.60,643.21,711.54,90.39,24.99,245.00
2026-04-22 13:16:00,2026-04-22 13:16:59,*PQM,264.90,840.11,205.22,221.00,92.86,25.71,60.69,303.00,804.77,221.68,242.07,91.58,26.54,76.31,268.44,850.94,202.72,227.41,89.14,25.08,86.36,278.78,831.94,629.62,690.48,91.19,25.78,223.37
2026-04-22 13:17:00,2026-04-22 13:17:59,*PQM,265.16,819.28,203.13,218.86,92.81,26.06,58.90,303.27,782.08,219.41,239.27,91.70,27.07,73.67,268.66,833.47,201.18,224.90,89.45,25.51,84.15,279.03,811.61,623.72,683.02,91.32,26.21,216.72
2026-04-22 13:18:00,2026-04-22 13:18:59,*PQM,265.04,823.30,202.55,218.65,92.64,25.89,60.59,303.21,793.49,220.86,241.70,91.38,26.65,77.48,268.53,836.31,199.63,225.12,88.68,25.27,87.96,278.93,817.70,623.04,685.47,90.90,25.94,226.03
2026-04-22 13:19:00,2026-04-22 13:19:59,*PQM,265.09,821.24,202.88,219.05,92.62,25.80,60.62,303.09,796.98,223.59,244.98,91.27,26.07,79.84,268.44,836.25,198.81,225.45,88.19,25.13,90.95,278.87,818.16,625.28,689.48,90.69,25.67,231.41
2026-04-22 13:20:00,2026-04-22 13:20:59,*PQM,264.87,827.22,203.03,219.00,92.71,25.83,60.61,302.95,796.30,219.80,241.12,91.16,26.44,78.52,268.38,833.67,198.50,223.74,88.72,25.33,87.45,278.73,819.06,621.33,683.85,90.86,25.87,226.57
2026-04-22 13:21:00,2026-04-22 13:21:59,*PQM,265.02,831.30,205.41,221.71,92.65,25.46,62.64,303.10,803.28,223.63,245.03,91.27,26.25,80.10,268.51,840.36,201.81,228.11,88.47,24.87,90.55,278.88,824.98,630.86,694.84,90.80,25.53,233.29
2026-04-22 13:22:00,2026-04-22 13:22:59,*PQM,264.86,850.91,208.06,225.05,92.45,25.12,64.81,302.91,821.89,225.98,248.43,90.96,25.79,83.95,268.28,863.02,203.69,230.86,88.23,24.72,93.41,278.68,845.27,637.74,704.34,90.55,25.21,242.17
2026-04-22 13:23:00,2026-04-22 13:23:59,*PQM,264.71,858.13,209.30,226.02,92.60,24.81,64.37,302.68,840.74,228.14,251.41,90.74,25.44,86.36,268.03,865.90,203.03,230.95,87.91,24.49,94.84,278.47,854.92,640.47,708.39,90.42,24.91,245.57
2026-04-22 13:24:00,2026-04-22 13:24:59,*PQM,264.91,845.58,207.69,224.61,92.47,24.98,64.61,303.03,818.75,226.09,248.39,91.02,25.74,83.82,268.33,859.17,203.07,230.50,88.10,24.57,93.34,278.76,841.16,636.85,703.49,90.53,25.10,241.77
2026-04-22 13:25:00,2026-04-22 13:25:59,*PQM,264.70,862.79,211.19,227.64,92.77,24.82,64.39,302.77,836.61,229.06,251.49,91.08,25.54,84.33,268.08,872.15,205.71,232.66,88.42,24.47,93.21,278.52,857.18,645.96,711.79,90.76,24.94,241.92
2026-04-22 13:26:00,2026-04-22 13:26:59,*PQM,264.74,857.14,209.83,226.19,92.76,24.78,64.42,302.78,823.50,226.38,248.90,90.95,25.73,83.80,268.09,855.50,204.42,230.93,88.52,24.49,91.84,278.54,845.38,640.62,706.03,90.74,25.00,240.06
2026-04-22 13:27:00,2026-04-22 13:27:59,*PQM,265.01,831.40,204.33,220.23,92.78,25.48,60.86,303.10,800.35,221.41,242.58,91.27,26.49,78.40,268.43,841.15,200.94,226.07,88.89,25.14,87.66,278.85,824.30,626.68,688.88,90.98,25.70,226.92
2026-04-22 13:28:00,2026-04-22 13:28:59,*PQM,264.91,827.94,202.27,218.26,92.67,25.73,60.47,303.11,798.78,220.28,241.17,91.34,26.60,78.21,268.36,842.16,198.87,224.31,88.66,25.25,88.04,278.79,822.96,621.41,683.75,90.89,25.86,226.72
2026-04-22 13:29:00,2026-04-22 13:29:59,*PQM,264.91,822.51,203.43,219.37,92.74,25.87,60.41,303.01,796.77,221.45,242.68,91.25,26.53,78.56,268.34,838.81,200.13,225.87,88.61,25.29,88.40,278.75,819.36,625.01,687.92,90.86,25.90,227.37
2026-04-22 13:30:00,2026-04-22 13:30:59,*PQM,265.00,811.08,198.91,214.62,92.68,26.37,58.51,303.13,791.08,216.69,236.95,91.45,27.25,74.34,268.44,831.17,197.38,222.09,88.87,25.64,85.22,278.86,811.11,612.98,673.66,91.00,26.42,218.07
2026-04-22 13:31:00,2026-04-22 13:31:59,*PQM,264.91,815.18,198.65,213.98,92.84,26.77,56.78,303.10,780.77,215.23,234.91,91.62,27.60,71.28,268.47,835.56,197.96,221.38,89.42,26.07,82.36,278.83,810.50,611.84,670.27,91.29,26.81,210.43
2026-04-22 13:32:00,2026-04-22 13:32:59,*PQM,264.95,833.43,202.93,219.18,92.59,25.87,60.89,302.97,803.21,220.32,242.44,90.88,26.52,80.72,268.39,844.87,198.45,224.74,88.30,25.31,89.80,278.77,827.17,621.69,686.35,90.59,25.90,231.42
2026-04-22 13:33:00,2026-04-22 13:33:59,*PQM,264.92,835.62,204.55,220.29,92.86,25.76,59.90,303.06,807.25,223.14,244.52,91.26,26.37,79.39,268.41,849.88,200.68,226.76,88.50,25.18,89.48,278.80,830.92,628.37,691.57,90.87,25.77,228.77
2026-04-22 13:34:00,2026-04-22 13:34:59,*PQM,264.79,813.55,200.61,216.54,92.64,25.98,59.91,302.99,784.53,216.84,237.59,91.26,26.98,76.00,268.26,829.47,197.91,222.99,88.75,25.41,86.00,278.68,809.19,615.36,677.12,90.89,26.12,221.91
2026-04-22 13:35:00,2026-04-22 13:35:59,*PQM,264.85,827.54,203.10,219.34,92.59,25.78,61.97,302.93,790.00,218.70,240.30,91.01,26.67,78.75,268.32,835.24,199.99,225.41,88.72,25.33,87.90,278.70,817.59,621.78,685.05,90.77,25.93,228.62
2026-04-22 13:36:00,2026-04-22 13:36:59,*PQM,264.69,831.95,204.37,220.91,92.51,25.83,62.39,302.75,796.80,219.84,241.47,91.04,26.70,79.43,268.16,844.42,200.63,226.44,88.60,25.44,88.12,278.53,824.39,624.84,688.82,90.72,25.99,229.94
2026-04-22 13:37:00,2026-04-22 13:37:59,*PQM,264.73,853.89,207.93,224.07,92.80,25.26,62.51,302.78,837.18,230.67,253.62,90.95,25.35,86.15,268.13,864.13,201.66,230.37,87.54,24.79,96.86,278.55,851.73,640.26,708.06,90.43,25.13,245.53
2026-04-22 13:38:00,2026-04-22 13:38:59,*PQM,264.83,833.07,205.00,221.59,92.51,25.55,62.71,302.86,828.92,228.38,251.92,90.66,25.46,87.30,268.20,851.66,198.29,228.19,86.89,25.00,98.02,278.63,837.88,631.66,701.70,90.02,25.34,248.03
2026-04-22 13:39:00,2026-04-22 13:39:59,*PQM,264.59,931.50,225.69,247.17,91.31,26.17,78.30,302.78,901.26,244.03,272.71,89.48,27.35,99.08,268.07,943.49,220.19,253.95,86.71,25.96,108.25,278.48,925.41,689.91,773.84,89.17,26.49,285.63
2026-04-22 13:40:00,2026-04-22 13:40:59,*PQM,264.20,990.28,236.18,263.31,89.69,27.07,90.91,302.35,964.29,256.61,292.80,87.64,28.26,115.18,267.61,1004.38,228.36,270.44,84.44,27.05,123.67,278.05,986.32,721.14,826.55,87.26,27.46,329.76
2026-04-22 13:41:00,2026-04-22 13:41:59,*PQM,264.65,970.16,236.56,254.34,93.01,28.32,63.08,302.94,950.05,259.98,283.64,91.66,29.42,84.02,268.10,990.77,233.45,262.17,89.04,28.17,96.46,278.56,970.33,729.99,800.15,91.24,28.64,243.55
2026-04-22 13:42:00,2026-04-22 13:42:59,*PQM,264.74,973.56,240.27,259.36,92.64,28.78,64.59,303.06,949.90,264.30,289.79,91.20,29.96,86.15,268.26,989.29,236.94,267.64,88.53,28.65,98.61,278.69,970.92,741.51,816.80,90.79,29.13,249.34
2026-04-22 13:43:00,2026-04-22 13:43:59,*PQM,264.73,970.91,240.42,259.29,92.72,28.39,63.96,303.05,949.64,265.65,291.05,91.27,29.49,85.24,268.17,990.14,237.87,268.67,88.53,28.12,98.99,278.65,970.23,743.94,819.00,90.84,28.67,248.20
2026-04-22 13:44:00,2026-04-22 13:44:59,*PQM,264.74,961.05,236.66,256.71,92.19,28.70,64.29,303.06,930.20,260.48,286.98,90.77,29.81,85.52,268.30,978.58,233.71,265.17,88.13,28.50,98.19,278.70,956.61,730.85,808.86,90.36,29.00,247.99
2026-04-22 13:45:00,2026-04-22 13:45:59,*PQM,264.73,935.25,231.21,250.66,92.24,29.19,61.68,303.04,910.94,254.22,279.37,91.00,30.35,80.34,268.23,958.79,230.08,260.13,88.45,28.90,93.92,278.67,934.99,715.51,790.17,90.56,29.48,235.95
2026-04-22 13:46:00,2026-04-22 13:46:59,*PQM,264.58,933.75,229.06,247.95,92.38,28.27,65.26,302.87,917.41,252.94,277.53,91.14,29.42,84.76,268.17,955.75,227.53,258.03,88.18,28.03,98.45,278.54,935.64,709.53,783.52,90.57,28.57,248.47
2026-04-22 13:47:00,2026-04-22 13:47:59,*PQM,264.46,985.51,238.72,258.44,92.37,27.82,68.13,302.80,960.80,263.32,288.68,91.22,29.03,87.75,268.06,1009.10,236.85,268.44,88.23,27.61,101.96,278.44,985.14,738.89,815.56,90.61,28.15,257.84
2026-04-22 13:48:00,2026-04-22 13:48:59,*PQM,264.57,970.58,238.79,257.78,92.63,27.39,68.42,302.90,947.16,262.90,287.95,91.30,28.64,87.78,268.11,994.24,237.13,267.88,88.52,27.19,102.02,278.53,970.66,738.82,813.61,90.82,27.74,258.22
2026-04-22 13:49:00,2026-04-22 13:49:59,*PQM,264.49,985.48,241.62,260.60,92.72,27.16,68.34,302.80,970.55,266.68,291.55,91.47,28.43,87.67,267.98,1015.54,240.48,271.52,88.57,26.97,102.68,278.42,990.52,748.77,823.66,90.92,27.52,258.69
2026-04-22 13:50:00,2026-04-22 13:50:59,*PQM,264.74,966.46,237.31,257.31,92.22,31.81,58.04,303.12,957.38,266.27,291.33,91.40,32.38,77.38,268.14,1000.92,237.54,268.79,88.38,30.76,95.10,278.67,974.92,741.12,817.43,90.67,31.65,230.52
2026-04-22 13:51:00,2026-04-22 13:51:59,*PQM,264.52,958.86,236.18,257.05,91.88,31.63,57.76,302.85,949.97,265.90,291.88,91.10,32.18,76.70,267.95,989.29,237.35,269.53,88.06,30.71,94.90,278.44,966.04,739.43,818.45,90.35,31.51,229.36
2026-04-22 13:52:00,2026-04-22 13:52:59,*PQM,264.56,968.69,239.44,258.85,92.50,31.21,57.89,302.90,958.63,269.25,293.70,91.68,31.80,76.50,268.00,1000.60,240.60,271.52,88.61,30.20,95.20,278.49,975.97,749.29,824.07,90.93,31.07,229.59
2026-04-22 13:53:00,2026-04-22 13:53:59,*PQM,264.47,976.82,235.28,253.95,92.65,28.03,65.66,302.74,943.85,258.26,282.47,91.43,29.22,84.51,268.04,995.52,233.43,262.49,88.93,27.83,97.37,278.42,972.06,726.98,798.90,91.00,28.36,247.54
2026-04-22 13:54:00,2026-04-22 13:54:59,*PQM,264.65,961.70,236.58,255.81,92.48,27.62,64.63,302.87,936.77,260.04,285.38,91.12,28.87,84.61,268.14,977.00,234.03,264.29,88.55,27.60,97.38,278.55,958.49,730.66,805.48,90.72,28.03,246.62
2026-04-22 13:55:00,2026-04-22 13:55:59,*PQM,264.63,950.11,234.46,253.43,92.52,28.83,62.47,302.87,928.80,258.46,283.12,91.29,30.02,82.26,268.10,969.82,232.13,262.00,88.60,28.67,95.39,278.53,949.57,725.05,798.55,90.80,29.17,240.12
2026-04-22 13:56:00,2026-04-22 13:56:59,*PQM,264.56,969.56,238.85,256.46,93.14,28.38,61.16,302.89,938.84,262.48,285.33,91.99,29.56,80.69,268.04,983.16,236.45,264.40,89.43,28.24,93.69,278.50,963.85,737.78,806.19,91.52,28.73,235.54
2026-04-22 13:57:00,2026-04-22 13:57:59,*PQM,264.63,967.18,237.74,255.94,92.89,28.68,61.95,303.00,950.04,263.56,287.37,91.72,29.67,81.52,268.14,991.77,236.50,265.80,88.98,28.35,96.43,278.59,969.67,737.81,809.11,91.19,28.90,239.90
2026-04-22 13:58:00,2026-04-22 13:58:59,*PQM,264.64,966.39,238.44,255.99,93.14,28.40,60.75,303.03,950.40,264.70,287.76,91.99,29.24,81.10,268.12,990.77,236.89,265.67,89.17,28.06,95.84,278.60,969.19,740.03,809.42,91.43,28.57,237.69
2026-04-22 13:59:00,2026-04-22 13:59:59,*PQM,264.70,954.64,233.22,250.82,92.98,29.51,58.75,303.15,939.61,259.80,282.66,91.91,30.29,78.25,268.18,981.24,232.05,260.95,88.92,29.07,93.53,278.68,958.50,725.06,794.43,91.27,29.62,230.53
2026-04-22 14:00:00,2026-04-22 14:00:59,*PQM,264.59,951.76,234.25,252.79,92.67,28.51,62.24,302.94,932.18,258.69,282.87,91.45,29.66,81.45,268.06,978.88,233.16,262.63,88.78,28.18,95.64,278.53,954.27,726.09,798.29,90.96,28.78,239.33
2026-04-22 14:01:00,2026-04-22 14:01:59,*PQM,264.58,947.74,233.43,251.51,92.81,28.33,63.17,303.00,928.61,258.58,282.21,91.63,29.36,82.51,268.04,972.22,232.15,261.66,88.72,27.97,97.02,278.54,949.52,724.17,795.38,91.06,28.55,242.70
2026-04-22 14:02:00,2026-04-22 14:02:59,*PQM,264.46,968.43,234.42,252.62,92.79,27.89,63.19,302.81,948.44,259.95,283.48,91.70,29.01,82.59,268.02,997.12,233.44,262.82,88.82,27.50,97.30,278.43,971.33,727.81,798.92,91.11,28.13,243.08
2026-04-22 14:03:00,2026-04-22 14:03:59,*PQM,264.65,951.85,226.84,244.27,92.86,31.70,55.09,303.05,949.52,256.89,278.48,92.25,32.25,73.14,268.09,986.28,228.25,256.60,88.95,30.65,91.70,278.60,962.55,711.97,779.35,91.35,31.53,219.93
2026-04-22 14:04:00,2026-04-22 14:04:59,*PQM,264.42,999.18,243.25,262.70,92.60,27.49,68.44,302.78,976.24,268.52,294.09,91.31,28.48,89.07,267.94,1020.76,241.24,272.63,88.48,27.12,103.17,278.38,998.72,753.01,829.42,90.80,27.70,260.69
2026-04-22 14:05:00,2026-04-22 14:05:59,*PQM,264.46,939.13,233.02,253.00,92.11,27.06,66.32,302.73,922.84,259.21,285.34,90.84,27.95,87.73,267.97,957.67,230.41,262.72,87.70,26.75,101.84,278.39,939.88,722.63,801.06,90.21,27.25,255.89
2026-04-22 14:06:00,2026-04-22 14:06:59,*PQM,264.36,1005.88,248.81,267.68,92.95,26.62,70.05,302.71,992.02,276.97,302.11,91.68,27.21,93.25,267.89,1031.81,245.63,277.77,88.43,26.25,108.07,278.32,1009.90,771.41,847.56,91.02,26.69,271.37
2026-04-22 14:07:00,2026-04-22 14:07:59,*PQM,264.37,1045.70,256.82,276.38,92.92,26.08,71.32,302.60,1014.55,280.73,308.37,91.04,27.14,97.03,267.79,1053.47,250.08,282.84,88.42,26.23,107.58,278.25,1037.91,787.62,867.58,90.79,26.48,275.93
2026-04-22 14:08:00,2026-04-22 14:08:59,*PQM,264.35,1002.81,246.86,266.99,92.46,27.16,69.36,302.63,976.62,271.37,298.62,90.88,28.15,93.43,267.70,1017.66,241.46,274.19,88.06,27.10,104.91,278.23,999.03,759.69,839.80,90.47,27.47,267.70
2026-04-22 14:09:00,2026-04-22 14:09:59,*PQM,264.53,966.19,235.95,254.64,92.66,27.08,63.31,302.83,949.07,259.66,285.41,90.98,28.24,86.48,267.84,978.53,230.90,261.49,88.30,27.15,97.69,278.40,964.59,726.51,801.54,90.65,27.49,247.48
2026-04-22 14:10:00,2026-04-22 14:10:59,*PQM,264.52,962.54,237.65,255.60,92.98,27.96,62.52,302.82,944.74,261.94,285.90,91.62,29.11,84.19,267.79,983.17,233.84,263.25,88.83,27.93,96.55,278.38,963.48,733.42,804.74,91.14,28.33,243.26
2026-04-22 14:11:00,2026-04-22 14:11:59,*PQM,264.20,988.80,244.09,261.57,93.32,27.58,63.20,302.54,972.09,271.24,295.11,91.91,28.46,85.48,267.58,1007.18,240.63,270.44,88.97,27.38,100.08,278.11,989.36,755.95,827.13,91.40,27.81,248.75
2026-04-22 14:12:00,2026-04-22 14:12:59,*PQM,264.23,960.79,235.53,252.89,93.14,28.88,58.07,302.52,947.02,262.35,285.17,92.00,29.67,78.05,267.55,979.17,233.59,262.31,89.05,28.48,93.50,278.10,962.33,731.46,800.38,91.39,29.01,229.62
2026-04-22 14:13:00,2026-04-22 14:13:59,*PQM,264.27,966.70,236.53,255.02,92.75,28.45,62.57,302.49,940.40,259.66,284.19,91.37,29.54,83.31,267.72,977.09,233.08,262.31,88.86,28.20,95.39,278.16,961.40,729.27,801.52,90.99,28.73,241.26
2026-04-22 14:14:00,2026-04-22 14:14:59,*PQM,264.09,990.65,239.22,255.78,93.53,27.18,64.12,302.27,958.22,261.87,284.02,92.20,28.38,84.80,267.48,999.74,235.36,262.72,89.59,27.07,96.60,277.95,982.87,736.45,802.52,91.77,27.54,245.52
2026-04-22 14:15:00,2026-04-22 14:15:59,*PQM,264.19,948.96,234.67,253.37,92.62,28.00,64.17,302.55,928.24,259.64,284.67,91.21,29.22,86.15,267.58,967.67,230.76,261.26,88.33,27.94,98.66,278.11,948.29,725.07,799.29,90.72,28.39,248.99
2026-04-22 14:16:00,2026-04-22 14:16:59,*PQM,264.21,971.47,239.62,257.76,92.96,27.23,65.28,302.49,953.54,265.13,288.52,91.89,28.28,85.16,267.53,999.67,237.74,266.94,89.06,26.93,99.55,278.08,974.89,742.49,813.22,91.30,27.48,250.00
2026-04-22 14:17:00,2026-04-22 14:17:59,*PQM,264.18,1002.37,245.80,265.26,92.66,27.35,68.12,302.49,977.94,272.19,298.00,91.34,28.12,88.84,267.63,1020.48,243.56,275.25,88.49,26.93,103.89,278.10,1000.26,761.54,838.50,90.83,27.47,260.86
2026-04-22 14:18:00,2026-04-22 14:18:59,*PQM,264.25,990.13,240.52,259.23,92.78,27.16,67.39,302.53,968.42,264.54,289.45,91.39,28.34,88.04,267.64,1011.74,237.45,267.79,88.67,26.96,101.08,278.14,990.09,742.51,816.47,90.95,27.49,256.52
2026-04-22 14:19:00,2026-04-22 14:19:59,*PQM,264.26,936.35,229.84,248.85,92.36,27.10,65.59,302.51,913.45,251.90,277.19,90.88,28.12,86.67,267.62,953.54,225.97,256.26,88.18,26.96,97.54,278.13,934.45,707.72,782.29,90.47,27.39,249.80
2026-04-22 14:20:00,2026-04-22 14:20:59,*PQM,264.36,855.78,208.70,225.10,92.72,24.26,64.22,302.51,826.22,226.94,249.16,91.08,25.15,83.99,267.70,866.00,203.99,231.00,88.31,24.02,93.00,278.19,849.33,639.63,705.26,90.70,24.48,241.21
2026-04-22 14:21:00,2026-04-22 14:21:59,*PQM,264.52,826.44,202.04,218.53,92.45,25.31,63.75,302.64,802.87,220.11,242.45,90.78,25.98,82.99,267.90,838.11,197.48,224.45,87.99,24.83,91.84,278.35,822.47,619.64,685.43,90.41,25.37,238.58
2026-04-22 14:22:00,2026-04-22 14:22:59,*PQM,264.63,846.65,208.72,225.57,92.53,24.30,66.79,302.75,816.75,225.26,248.57,90.62,25.25,86.84,267.92,859.32,202.93,230.23,88.14,24.11,94.32,278.43,840.91,636.92,704.37,90.43,24.55,247.95
2026-04-22 14:24:00,2026-04-22 14:24:59,*PQM,264.69,819.39,201.85,218.25,92.48,25.29,62.72,302.76,792.31,218.10,240.51,90.68,26.22,81.85,267.96,818.80,196.61,222.84,88.23,24.99,89.32,278.47,810.17,616.57,681.60,90.47,25.50,233.89
2026-04-22 14:25:00,2026-04-22 14:25:59,*PQM,264.58,844.72,206.52,222.35,92.88,24.68,62.11,302.63,813.69,224.63,246.15,91.26,25.44,81.42,267.89,855.18,201.98,227.94,88.61,24.36,90.46,278.37,837.87,633.12,696.44,90.92,24.83,233.99
2026-04-22 14:26:00,2026-04-22 14:26:59,*PQM,264.82,823.24,200.58,216.99,92.44,25.54,61.79,302.93,791.40,216.57,238.78,90.70,26.40,81.34,268.17,827.08,195.02,221.05,88.22,25.29,88.19,278.64,813.91,612.17,676.82,90.45,25.74,231.32
2026-04-22 14:27:00,2026-04-22 14:27:59,*PQM,264.59,861.62,211.34,227.82,92.77,24.11,65.05,302.75,830.98,229.28,252.08,90.95,25.06,86.18,267.97,862.16,205.32,232.46,88.33,23.89,93.75,278.44,851.59,645.94,712.36,90.68,24.35,244.97
2026-04-22 14:28:00,2026-04-22 14:28:59,*PQM,264.61,843.92,207.32,224.44,92.37,24.25,65.89,302.75,819.07,225.64,248.72,90.72,25.09,85.79,267.98,853.78,202.58,230.15,88.02,23.95,94.33,278.45,838.92,635.54,703.32,90.37,24.43,246.01
2026-04-22 14:29:00,2026-04-22 14:29:59,*PQM,264.57,834.49,202.50,219.41,92.30,25.04,64.73,302.65,802.61,219.62,242.22,90.67,25.87,83.09,267.93,843.26,198.35,225.25,88.06,24.61,91.75,278.38,826.79,620.47,686.88,90.34,25.17,239.57
2026-04-22 14:30:00,2026-04-22 14:30:59,*PQM,264.70,845.28,206.18,223.18,92.39,24.48,66.27,302.80,811.42,222.06,245.32,90.52,25.54,85.81,268.06,853.27,200.60,227.65,88.12,24.32,93.02,278.52,836.66,628.85,696.14,90.34,24.78,245.10
2026-04-22 14:31:00,2026-04-22 14:31:59,*PQM,264.45,888.34,217.32,233.82,92.94,23.64,66.19,302.54,850.26,233.91,256.27,91.28,24.38,86.24,267.83,893.36,211.79,238.14,88.94,23.41,93.94,278.27,877.32,663.02,728.23,91.05,23.81,246.37
2026-04-22 14:32:00,2026-04-22 14:32:59,*PQM,264.31,867.35,214.60,230.62,93.06,23.61,64.58,302.50,843.20,233.28,255.08,91.45,24.34,84.74,267.61,881.52,209.54,236.04,88.77,23.22,93.92,278.14,864.02,657.43,721.74,91.09,23.72,243.25
2026-04-22 14:33:00,2026-04-22 14:33:59,*PQM,264.31,856.65,211.37,227.24,93.02,24.40,62.31,302.47,822.41,229.38,250.83,91.45,25.04,81.74,267.69,862.81,206.62,232.23,88.97,24.09,90.37,278.16,847.29,647.37,710.31,91.14,24.51,234.42
2026-04-22 14:34:00,2026-04-22 14:34:59,*PQM,264.40,844.18,207.51,223.22,92.96,24.47,62.21,302.61,819.17,226.25,247.49,91.42,25.20,81.21,267.77,861.58,203.21,229.03,88.73,24.16,90.72,278.26,841.65,636.97,699.74,91.04,24.61,234.14
2026-04-22 14:35:00,2026-04-22 14:35:59,*PQM,264.44,845.02,207.83,223.73,92.90,24.48,62.11,302.62,820.88,226.37,248.12,91.23,25.33,81.60,267.77,860.85,203.11,229.18,88.62,24.24,90.73,278.28,842.25,637.31,701.03,90.92,24.68,234.43
2026-04-22 14:36:00,2026-04-22 14:36:59,*PQM,264.46,846.08,208.03,223.94,92.90,24.20,62.41,302.60,821.16,225.38,246.98,91.25,25.22,81.52,267.77,856.76,202.75,228.56,88.70,23.99,89.84,278.28,841.33,636.16,699.48,90.95,24.47,233.77
2026-04-22 14:37:00,2026-04-22 14:37:59,*PQM,264.80,809.51,198.30,213.26,92.98,25.70,56.65,302.98,777.61,214.90,234.65,91.58,26.79,73.36,268.13,819.58,194.77,218.40,89.18,25.31,82.31,278.64,802.23,607.97,666.31,91.25,25.93,212.33
2026-04-22 14:38:00,2026-04-22 14:38:59,*PQM,264.89,800.57,197.21,212.45,92.83,26.13,57.26,303.01,773.08,213.87,233.79,91.48,27.02,74.09,268.17,814.16,193.73,217.89,88.91,25.67,83.25,278.69,795.94,604.80,664.12,91.07,26.27,214.60
2026-04-22 14:39:00,2026-04-22 14:39:59,*PQM,265.11,800.02,196.27,211.96,92.60,26.50,57.75,303.29,766.54,211.52,232.12,91.12,27.74,74.28,268.37,810.45,192.49,216.59,88.87,26.26,82.28,278.92,792.34,600.28,660.67,90.87,26.83,214.31
2026-04-22 14:40:00,2026-04-22 14:40:59,*PQM,265.12,781.56,192.48,209.03,92.08,26.82,58.52,303.24,747.46,207.27,228.72,90.62,28.01,74.18,268.39,789.73,188.95,213.81,88.38,26.44,82.28,278.92,772.92,588.71,651.55,90.36,27.09,214.99
2026-04-22 14:41:00,2026-04-22 14:41:59,*PQM,264.89,820.57,200.72,217.19,92.42,25.74,61.93,303.03,787.29,216.96,238.57,90.94,26.83,79.80,268.21,832.83,196.28,222.18,88.34,25.34,87.95,278.71,813.56,613.96,677.94,90.57,25.97,229.68
2026-04-22 14:42:00,2026-04-22 14:42:59,*PQM,264.57,930.65,227.59,247.81,91.84,27.42,71.17,302.79,931.07,254.10,282.58,89.92,27.44,98.98,267.85,950.06,219.88,255.06,86.21,26.97,109.81,278.40,937.26,701.58,785.46,89.32,27.28,279.96
2026-04-22 14:43:00,2026-04-22 14:43:59,*PQM,264.39,955.59,233.39,252.33,92.49,26.34,70.73,302.64,939.90,257.48,284.34,90.55,26.66,96.86,267.78,966.86,225.89,259.06,87.20,26.08,107.27,278.27,954.12,716.76,795.73,90.08,26.36,274.86
2026-04-22 14:44:00,2026-04-22 14:44:59,*PQM,264.19,955.82,233.64,253.26,92.25,25.63,72.93,302.42,948.32,259.78,287.19,90.45,25.74,99.75,267.66,973.10,226.64,260.78,86.91,25.29,111.17,278.09,959.08,720.06,801.23,89.87,25.55,283.85
2026-04-22 14:45:00,2026-04-22 14:45:59,*PQM,264.13,949.38,233.56,252.55,92.48,25.31,71.95,302.30,934.53,258.48,284.48,90.86,25.70,96.30,267.49,966.51,227.97,260.69,87.45,25.05,108.12,277.97,950.14,720.01,797.72,90.26,25.35,276.37
2026-04-22 14:46:00,2026-04-22 14:46:59,*PQM,264.18,931.12,226.77,245.95,92.20,25.48,72.10,302.31,909.12,249.50,276.27,90.31,25.90,96.84,267.52,946.43,219.54,252.24,87.04,25.29,107.04,278.00,928.89,695.82,774.45,89.85,25.56,275.97
2026-04-22 14:47:00,2026-04-22 14:47:59,*PQM,263.97,969.93,232.89,255.56,91.13,23.79,85.62,302.19,889.90,238.44,267.36,89.19,26.34,100.25,267.59,964.34,227.60,257.62,88.35,24.32,102.65,277.92,941.39,698.93,780.53,89.55,24.82,288.52
2026-04-22 14:48:00,2026-04-22 14:48:59,*PQM,264.16,942.09,230.83,248.94,92.73,24.76,71.17,302.20,923.81,253.43,279.00,90.84,25.03,95.53,267.44,953.76,223.83,255.26,87.69,24.59,105.84,277.93,939.89,708.10,783.20,90.42,24.79,272.53
2026-04-22 14:49:00,2026-04-22 14:49:59,*PQM,264.24,912.48,224.63,242.35,92.69,25.29,67.77,302.17,902.03,247.81,273.06,90.75,25.58,93.30,267.39,920.23,217.00,247.83,87.56,25.20,102.94,277.93,911.58,689.44,763.24,90.33,25.36,264.02
2026-04-22 14:50:00,2026-04-22 14:50:59,*PQM,264.00,922.14,223.69,240.98,92.83,25.16,66.91,301.98,907.44,247.59,272.80,90.76,25.37,93.38,267.17,936.32,215.67,246.68,87.43,25.05,103.12,277.72,921.96,686.94,760.46,90.34,25.19,263.40
2026-04-22 14:51:00,2026-04-22 14:51:59,*PQM,264.24,881.93,217.78,234.75,92.77,25.72,63.49,302.12,871.20,241.27,264.96,91.06,25.97,87.90,267.35,889.29,211.19,240.70,87.74,25.51,98.11,277.90,880.80,670.24,740.41,90.52,25.73,249.49
2026-04-22 14:52:00,2026-04-22 14:52:59,*PQM,264.20,921.27,222.03,243.11,91.33,23.93,79.66,302.37,823.98,221.05,248.75,88.86,27.66,93.79,267.65,897.59,214.68,240.62,89.22,25.25,90.68,278.07,880.95,657.75,732.49,89.80,25.61,264.12
2026-04-22 14:53:00,2026-04-22 14:53:59,*PQM,264.50,870.39,215.57,232.31,92.79,25.60,63.30,302.58,873.05,241.90,265.59,91.08,25.54,88.75,267.52,885.05,208.78,239.30,87.25,25.31,100.10,278.20,876.16,666.25,737.20,90.37,25.48,252.15
2026-04-22 14:54:00,2026-04-22 14:54:59,*PQM,264.19,936.95,224.59,245.97,91.31,23.28,82.39,302.46,837.77,223.56,252.21,88.64,26.82,97.10,267.67,915.68,216.48,243.25,89.00,24.64,93.95,278.11,896.80,664.63,741.43,89.65,24.91,273.45
2026-04-22 14:55:00,2026-04-22 14:55:59,*PQM,264.48,888.36,217.78,236.31,92.16,24.66,70.67,302.56,881.41,244.54,271.32,90.13,24.69,97.12,267.61,902.23,210.22,244.38,86.02,24.41,108.74,278.22,890.67,672.54,752.01,89.44,24.59,276.53
2026-04-22 14:56:00,2026-04-22 14:56:59,*PQM,264.31,876.30,214.65,232.37,92.38,25.34,67.27,302.36,869.25,238.78,264.20,90.38,25.38,93.48,267.43,889.62,206.36,238.17,86.64,25.17,103.09,278.03,878.39,659.79,734.74,89.80,25.30,263.83
2026-04-22 14:57:00,2026-04-22 14:57:59,*PQM,264.07,927.53,224.63,245.32,91.56,23.84,79.38,302.24,855.10,231.00,258.18,89.47,26.78,95.33,267.46,917.67,218.27,246.59,88.52,24.66,97.50,277.92,900.10,673.89,750.09,89.85,25.09,272.21
2026-04-22 14:58:00,2026-04-22 14:58:59,*PQM,264.07,951.17,231.72,252.94,91.61,23.40,82.67,302.30,854.88,232.31,260.28,89.25,26.62,96.92,267.63,932.65,224.59,251.76,89.21,24.47,95.67,278.00,912.90,688.62,764.98,90.02,24.83,275.26
2026-04-22 14:59:00,2026-04-22 14:59:59,*PQM,264.02,899.59,220.12,237.60,92.64,25.41,66.76,302.05,886.93,243.19,268.15,90.69,26.06,92.51,267.10,910.62,211.63,242.77,87.17,25.44,101.84,277.72,899.05,674.94,748.53,90.17,25.64,261.12
2026-04-22 15:00:00,2026-04-22 15:00:59,*PQM,263.84,926.36,227.63,244.89,92.95,24.88,67.49,301.82,908.26,250.76,275.69,90.95,25.36,93.07,266.93,933.60,219.93,250.18,87.91,24.84,102.46,277.53,922.74,698.31,770.77,90.60,25.03,263.02
2026-04-22 15:01:00,2026-04-22 15:01:59,*PQM,263.92,901.47,221.47,238.86,92.72,25.47,66.36,301.95,894.08,244.66,270.22,90.54,26.01,93.20,266.93,911.42,212.86,243.97,87.25,25.47,101.59,277.60,902.32,678.99,753.06,90.17,25.65,261.16
2026-04-22 15:02:00,2026-04-22 15:02:59,*PQM,264.24,759.17,185.66,200.32,92.68,23.79,58.50,302.14,740.44,202.78,222.82,91.01,24.71,76.61,267.32,771.62,181.16,205.82,88.02,23.52,84.61,277.90,757.08,569.60,628.96,90.57,24.01,219.72
2026-04-22 15:03:00,2026-04-22 15:03:59,*PQM,263.86,871.89,211.55,230.44,91.80,21.57,76.33,301.93,780.90,211.16,235.63,89.61,24.45,88.97,267.27,854.62,205.26,228.98,89.64,22.27,87.20,277.69,835.81,627.97,695.06,90.35,22.76,252.50
2026-04-22 15:04:00,2026-04-22 15:04:59,*PQM,263.82,872.54,212.34,231.52,91.72,22.76,75.83,301.95,810.04,220.46,245.30,89.87,25.14,90.77,267.08,870.59,206.93,233.77,88.52,23.16,94.31,277.62,851.06,639.73,710.59,90.04,23.69,260.91
2026-04-22 15:05:00,2026-04-22 15:05:59,*PQM,264.36,803.00,198.89,214.33,92.80,23.24,62.37,302.07,827.14,228.44,252.32,90.54,22.56,91.58,267.19,822.95,189.93,222.20,85.48,22.44,103.70,277.87,817.69,617.26,688.85,89.60,22.75,257.66
2026-04-22 15:06:00,2026-04-22 15:06:59,*PQM,264.26,794.90,197.26,211.32,93.34,23.63,57.21,302.16,780.12,217.20,237.26,91.55,24.20,77.95,267.28,805.38,191.82,216.81,88.47,23.31,87.25,277.90,793.47,606.27,665.38,91.12,23.71,222.41
2026-04-22 15:07:00,2026-04-22 15:07:59,*PQM,264.12,811.35,200.07,214.75,93.16,23.38,59.89,302.10,791.27,218.85,239.61,91.33,24.09,81.09,267.25,817.26,193.94,219.17,88.49,23.15,89.08,277.82,806.63,612.86,673.54,90.99,23.54,230.07
2026-04-22 15:08:00,2026-04-22 15:08:59,*PQM,264.19,821.15,202.73,217.05,93.41,23.31,59.37,302.09,828.06,227.03,249.20,91.10,23.28,86.08,267.13,830.61,194.10,222.12,87.39,22.98,95.26,277.80,826.61,623.87,688.37,90.63,23.19,240.71
2026-04-22 15:09:00,2026-04-22 15:09:59,*PQM,264.38,811.63,199.40,214.00,93.18,23.58,59.35,302.41,794.48,219.71,240.68,91.28,24.21,81.49,267.50,821.18,193.11,218.85,88.24,23.33,90.08,278.10,809.10,612.22,673.54,90.90,23.71,230.92
2026-04-22 15:10:00,2026-04-22 15:10:59,*PQM,264.06,838.60,205.70,221.14,93.02,23.02,63.01,302.05,824.13,225.72,247.41,91.24,23.75,84.40,267.13,847.80,199.42,226.14,88.19,22.85,93.17,277.75,836.84,630.84,694.69,90.81,23.21,240.57
2026-04-22 15:11:00,2026-04-22 15:11:59,*PQM,263.96,851.86,208.78,224.10,93.16,22.82,63.62,301.92,835.74,229.31,251.40,91.21,23.47,86.35,267.07,860.66,202.15,229.41,88.12,22.63,95.39,277.65,849.42,640.25,704.92,90.83,22.97,245.36
2026-04-22 15:12:00,2026-04-22 15:12:59,*PQM,263.94,846.61,207.92,223.32,93.10,22.83,63.60,301.91,827.01,227.97,249.88,91.23,23.65,85.44,267.07,852.50,201.80,228.68,88.24,22.66,94.37,277.64,842.04,637.69,701.89,90.86,23.05,243.42
2026-04-22 15:13:00,2026-04-22 15:13:59,*PQM,263.94,845.27,207.12,222.33,93.16,22.96,63.13,301.93,818.03,224.42,246.02,91.22,23.97,84.36,267.02,849.88,200.52,226.38,88.58,22.96,91.29,277.63,837.73,632.05,694.73,90.98,23.30,238.78
2026-04-22 15:14:00,2026-04-22 15:14:59,*PQM,264.18,816.70,199.87,215.88,92.58,23.57,63.73,302.20,796.81,218.39,240.70,90.73,24.48,84.53,267.30,824.02,193.69,220.64,87.78,23.53,92.38,277.89,812.51,611.95,677.23,90.36,23.86,240.64
2026-04-22 15:15:00,2026-04-22 15:15:59,*PQM,264.16,811.53,199.99,215.10,92.98,23.98,60.83,302.23,787.17,218.96,240.12,91.19,24.66,80.76,267.26,818.92,194.83,220.46,88.38,23.76,89.39,277.88,805.87,613.78,675.67,90.85,24.13,230.97
2026-04-22 15:16:00,2026-04-22 15:16:59,*PQM,264.22,791.58,193.87,209.97,92.33,24.50,61.74,302.34,774.08,212.25,234.06,90.68,25.36,79.92,267.37,808.62,189.49,216.11,87.68,24.20,89.17,277.98,791.42,595.60,660.13,90.23,24.69,230.83
2026-04-22 15:17:00,2026-04-22 15:17:59,*PQM,264.36,787.01,193.78,209.16,92.65,24.66,59.51,302.47,762.40,211.04,231.80,91.04,25.78,76.90,267.53,800.01,189.73,214.78,88.34,24.39,85.49,278.12,783.14,594.55,655.75,90.68,24.94,221.90
2026-04-22 15:18:00,2026-04-22 15:18:59,*PQM,264.27,790.42,191.05,206.54,92.50,25.26,59.63,302.39,765.10,209.63,230.52,90.94,26.21,77.03,267.49,798.98,187.45,213.03,87.99,25.02,86.78,278.05,784.84,588.14,650.09,90.48,25.50,223.45
2026-04-22 15:19:00,2026-04-22 15:19:59,*PQM,264.53,773.15,190.22,205.11,92.74,25.59,57.01,302.77,747.79,208.07,227.89,91.30,26.58,73.41,267.76,787.16,187.08,211.29,88.54,25.30,83.08,278.35,769.37,585.37,644.29,90.86,25.82,213.50
2026-04-22 15:20:00,2026-04-22 15:20:59,*PQM,264.56,758.29,184.97,199.56,92.69,26.76,54.20,302.67,729.25,201.65,221.15,91.19,27.84,69.78,267.75,763.68,181.84,205.19,88.62,26.41,78.92,278.33,750.41,568.46,625.89,90.83,27.00,202.90
2026-04-22 15:21:00,2026-04-22 15:21:59,*PQM,264.50,770.17,189.26,204.24,92.67,26.14,56.23,302.57,745.01,205.53,225.76,91.04,27.13,72.83,267.72,776.59,185.17,209.25,88.49,25.84,81.14,278.26,763.92,579.97,639.25,90.73,26.37,210.20
2026-04-22 15:22:00,2026-04-22 15:22:59,*PQM,264.48,786.12,194.67,209.44,92.94,25.53,56.83,302.56,764.19,211.54,231.16,91.51,26.68,73.11,267.72,798.36,191.33,215.08,88.96,25.30,82.36,278.25,782.89,597.54,655.68,91.14,25.84,212.30
2026-04-22 15:23:00,2026-04-22 15:23:59,*PQM,264.60,771.83,190.88,206.35,92.50,26.04,57.13,302.65,746.41,207.74,227.81,91.19,27.14,73.64,267.77,781.74,187.16,211.58,88.46,25.82,82.42,278.34,766.66,585.78,645.74,90.72,26.33,213.19
2026-04-22 15:24:00,2026-04-22 15:24:59,*PQM,264.62,810.14,199.03,214.96,92.59,25.00,61.39,302.70,777.74,214.53,235.74,91.00,26.21,78.60,267.86,816.88,194.35,219.45,88.56,24.88,86.36,278.39,801.59,607.91,670.15,90.72,25.37,226.35
2026-04-22 15:25:00,2026-04-22 15:25:59,*PQM,264.81,824.53,202.79,218.95,92.62,24.79,62.12,302.92,793.62,219.12,240.64,91.06,25.92,80.20,268.01,835.24,198.52,223.91,88.66,24.56,88.20,278.58,817.80,620.43,683.50,90.78,25.09,230.53
2026-04-22 15:26:00,2026-04-22 15:26:59,*PQM,264.63,837.57,205.57,221.95,92.62,24.46,64.36,302.86,803.14,222.39,243.72,91.25,25.64,81.29,267.92,849.52,202.34,228.09,88.71,24.15,90.23,278.47,830.07,630.30,693.75,90.86,24.75,235.88
2026-04-22 15:27:00,2026-04-22 15:27:59,*PQM,264.53,843.03,206.14,222.31,92.73,24.57,63.57,302.65,805.08,222.72,244.55,91.08,25.43,81.78,267.82,852.65,201.90,227.51,88.75,24.27,90.02,278.33,833.59,630.76,694.37,90.85,24.76,235.37
2026-04-22 15:28:00,2026-04-22 15:28:59,*PQM,264.64,830.80,204.30,220.12,92.81,24.96,61.65,302.73,798.53,221.34,242.29,91.35,25.99,78.55,267.91,844.09,201.05,226.08,88.93,24.60,87.79,278.43,824.47,626.69,688.50,91.03,25.18,227.98
2026-04-22 15:29:00,2026-04-22 15:29:59,*PQM,264.55,827.67,204.51,220.42,92.78,24.94,61.48,302.61,792.38,220.97,242.08,91.28,26.04,78.76,267.76,832.67,201.20,226.10,88.98,24.68,87.47,278.31,817.58,626.67,688.60,91.01,25.22,227.71
2026-04-22 15:30:00,2026-04-22 15:30:59,*PQM,264.52,819.83,202.26,218.19,92.70,25.31,61.02,302.62,794.18,218.57,239.66,91.20,26.33,78.57,267.77,831.59,198.11,223.27,88.73,24.97,86.90,278.30,815.20,618.95,681.12,90.88,25.54,226.49
2026-04-22 15:31:00,2026-04-22 15:31:59,*PQM,264.59,824.69,202.46,218.38,92.71,25.13,61.56,302.61,794.13,219.07,240.26,91.18,26.20,79.25,267.78,829.28,198.29,223.55,88.70,24.94,87.72,278.33,816.03,619.82,682.19,90.86,25.42,228.53
2026-04-22 15:32:00,2026-04-22 15:32:59,*PQM,264.51,832.24,205.72,221.47,92.89,24.80,61.69,302.56,797.60,221.59,242.45,91.40,25.90,78.78,267.72,842.73,201.55,226.21,89.10,24.62,86.86,278.26,824.19,628.85,690.13,91.13,25.11,227.33
2026-04-22 15:33:00,2026-04-22 15:33:59,*PQM,264.63,834.10,204.93,221.45,92.54,24.90,63.65,302.54,800.60,220.07,243.21,90.48,25.95,83.70,267.86,830.71,198.05,224.40,88.26,24.97,89.82,278.34,821.80,623.05,689.06,90.43,25.27,237.17
2026-04-22 15:34:00,2026-04-22 15:34:59,*PQM,264.68,805.74,197.90,213.75,92.58,25.91,59.49,302.66,775.50,213.75,235.19,90.88,26.95,78.10,267.92,808.95,192.18,217.21,88.48,25.82,85.40,278.42,796.73,603.83,666.16,90.65,26.23,222.99
2026-04-22 15:35:00,2026-04-22 15:35:59,*PQM,264.86,815.08,199.98,215.70,92.71,25.74,59.33,302.85,779.78,214.68,236.26,90.87,26.72,78.27,268.10,817.53,193.77,218.37,88.74,25.55,84.47,278.60,804.13,608.43,670.32,90.77,26.00,222.06
2026-04-22 15:36:00,2026-04-22 15:36:59,*PQM,264.95,825.21,203.13,218.79,92.84,25.46,59.72,303.01,793.31,218.50,239.45,91.25,26.35,78.25,268.21,826.73,197.46,221.98,88.95,25.26,84.98,278.72,815.08,619.09,680.22,91.02,25.69,222.94
2026-04-22 15:37:00,2026-04-22 15:37:59,*PQM,264.95,823.05,202.85,218.90,92.67,25.33,60.89,303.02,789.39,217.57,238.90,91.07,26.43,77.82,268.25,826.90,198.59,223.34,88.92,25.14,85.33,278.74,813.11,619.01,681.14,90.89,25.63,224.03
2026-04-22 15:38:00,2026-04-22 15:38:59,*PQM,264.82,829.60,202.92,219.04,92.64,25.48,61.48,302.92,793.69,217.83,239.95,90.78,26.51,80.33,268.13,830.97,197.49,222.44,88.78,25.28,86.75,278.62,818.09,618.24,681.44,90.73,25.76,228.57
2026-04-22 15:39:00,2026-04-22 15:39:59,*PQM,264.92,809.08,198.28,214.84,92.29,25.82,61.81,303.03,769.96,211.82,234.65,90.27,26.99,80.96,268.21,804.34,191.91,217.37,88.29,25.72,85.85,278.72,794.46,602.01,666.85,90.28,26.18,228.62
2026-04-22 15:40:00,2026-04-22 15:40:59,*PQM,264.99,812.61,199.37,215.15,92.67,26.26,59.38,303.09,774.53,213.72,234.82,91.02,27.24,76.87,268.38,812.92,194.71,219.07,88.88,25.86,83.57,278.82,800.02,607.81,669.04,90.85,26.45,219.82
2026-04-22 15:41:00,2026-04-22 15:41:59,*PQM,264.96,807.73,198.42,214.27,92.60,26.19,58.86,303.15,771.42,213.03,234.42,90.88,27.34,77.42,268.30,812.78,192.97,217.61,88.68,25.97,83.50,278.80,797.31,604.42,666.30,90.72,26.50,219.78
2026-04-22 15:42:00,2026-04-22 15:42:59,*PQM,264.95,798.02,196.07,212.32,92.35,26.26,60.27,303.12,758.31,210.09,232.27,90.45,27.46,77.82,268.36,800.75,191.28,216.38,88.40,25.94,84.39,278.81,785.69,597.44,660.98,90.40,26.55,222.48
2026-04-22 15:43:00,2026-04-22 15:43:59,*PQM,264.97,803.93,196.61,212.76,92.41,26.29,60.71,303.10,771.92,211.87,233.65,90.68,27.09,78.34,268.35,812.14,191.91,217.39,88.28,25.84,85.84,278.81,796.00,600.39,663.80,90.46,26.41,224.89
2026-04-22 15:44:00,2026-04-22 15:44:59,*PQM,265.06,796.17,195.56,211.99,92.25,26.11,60.64,303.23,761.41,210.72,232.38,90.68,27.21,78.05,268.49,801.08,190.91,216.30,88.26,25.83,85.35,278.93,786.22,597.19,660.66,90.40,26.38,224.04
2026-04-22 15:45:00,2026-04-22 15:45:59,*PQM,265.15,801.89,195.77,212.02,92.34,26.41,60.29,303.33,765.40,210.15,232.05,90.56,27.34,77.71,268.62,799.12,190.93,216.05,88.38,26.02,84.55,279.03,788.80,596.85,660.12,90.42,26.59,222.55
2026-04-22 15:46:00,2026-04-22 15:46:59,*PQM,265.05,823.20,202.88,219.24,92.54,25.65,61.87,303.15,790.02,217.79,239.75,90.84,26.52,81.24,268.40,825.90,196.88,222.37,88.53,25.45,87.73,278.87,813.04,617.54,681.36,90.64,25.87,230.84
2026-04-22 15:47:00,2026-04-22 15:47:59,*PQM,264.93,841.02,205.34,221.72,92.61,25.34,62.53,303.06,808.95,221.61,243.73,90.92,26.02,82.04,268.33,847.72,200.00,225.83,88.56,24.94,89.37,278.77,832.56,626.94,691.29,90.70,25.43,233.95
2026-04-22 15:48:00,2026-04-22 15:48:59,*PQM,264.90,836.54,204.98,220.83,92.82,25.40,60.22,303.08,802.13,221.25,242.39,91.28,26.21,78.72,268.32,845.45,200.36,225.18,88.98,25.06,86.74,278.77,828.04,626.60,688.40,91.03,25.56,225.68
2026-04-22 15:49:00,2026-04-22 15:49:59,*PQM,264.94,855.29,209.47,225.73,92.80,24.80,63.18,303.06,821.71,226.08,247.98,91.17,25.59,82.82,268.31,858.82,203.97,229.90,88.72,24.49,90.14,278.77,845.27,639.52,703.61,90.89,24.96,236.14
2026-04-22 15:50:00,2026-04-22 15:50:59,*PQM,264.85,848.39,210.05,226.06,92.92,24.80,62.14,303.03,811.81,224.96,246.74,91.17,25.90,81.82,268.27,851.15,204.13,229.19,89.07,24.69,87.81,278.72,837.12,639.14,701.99,91.05,25.13,231.76
2026-04-22 15:51:00,2026-04-22 15:51:59,*PQM,264.73,845.45,208.00,223.99,92.86,24.77,61.80,302.98,814.55,224.82,246.23,91.31,25.52,81.32,268.11,857.49,203.13,228.51,88.89,24.48,88.87,278.61,839.16,635.95,698.73,91.02,24.92,231.99
2026-04-22 15:52:00,2026-04-22 15:52:59,*PQM,264.51,873.05,214.47,231.10,92.80,24.15,66.02,302.70,838.00,231.37,254.11,91.05,24.79,86.80,268.02,878.63,208.59,235.46,88.59,23.84,94.01,278.41,863.23,654.42,720.68,90.81,24.26,246.83
2026-04-22 15:53:00,2026-04-22 15:53:59,*PQM,264.54,846.46,208.49,225.07,92.63,24.72,64.85,302.71,811.42,224.72,246.91,91.01,25.38,83.27,268.06,854.29,203.88,230.22,88.56,24.30,91.53,278.44,837.39,637.09,702.21,90.73,24.80,239.65
2026-04-22 15:54:00,2026-04-22 15:54:59,*PQM,264.71,835.76,205.54,222.01,92.58,25.43,62.58,302.87,799.50,220.34,241.92,91.08,26.34,80.02,268.22,842.66,201.40,226.50,88.92,25.02,87.51,278.60,825.97,627.28,690.43,90.86,25.60,230.11
2026-04-22 15:55:00,2026-04-22 15:55:59,*PQM,264.88,822.12,202.36,218.50,92.61,25.58,61.69,302.98,784.51,216.99,239.03,90.78,26.60,80.36,268.22,826.31,197.09,222.23,88.69,25.21,86.86,278.69,810.98,616.44,679.76,90.69,25.80,228.92
2026-04-22 15:56:00,2026-04-22 15:56:59,*PQM,264.69,832.30,203.04,219.54,92.48,25.67,62.70,302.71,787.88,216.39,238.51,90.73,26.71,80.89,268.16,830.73,197.50,222.77,88.66,25.43,86.74,278.52,816.97,616.94,680.82,90.62,25.94,230.33
2026-04-22 15:57:00,2026-04-22 15:57:59,*PQM,264.69,832.03,202.64,219.18,92.45,25.45,63.36,302.85,792.75,218.24,240.02,90.92,26.44,80.38,268.14,841.91,199.23,224.98,88.56,24.93,89.06,278.56,822.23,620.11,684.18,90.65,25.61,232.80
2026-04-22 15:58:00,2026-04-22 15:58:59,*PQM,264.56,844.01,206.00,222.49,92.59,25.11,63.28,302.50,841.55,228.53,252.44,90.53,25.17,88.52,267.85,855.38,198.53,228.10,87.03,24.56,97.80,278.30,846.98,633.06,703.03,90.05,24.95,249.60
2026-04-22 15:59:00,2026-04-22 15:59:59,*PQM,264.37,857.61,210.92,227.61,92.67,24.23,64.52,302.30,867.19,238.01,262.04,90.83,23.94,91.11,267.70,880.92,203.92,235.49,86.60,23.54,103.02,278.12,868.57,652.85,725.13,90.03,23.90,258.64
2026-04-22 16:00:00,2026-04-22 16:00:59,*PQM,264.27,844.89,206.76,222.47,92.94,24.95,61.16,302.38,803.86,222.68,243.96,91.28,25.96,79.66,267.79,848.53,202.18,226.92,89.10,24.72,87.42,278.15,832.43,631.61,693.36,91.10,25.21,228.24
2026-04-22 16:01:00,2026-04-22 16:01:59,*PQM,264.27,839.71,203.78,219.64,92.78,25.34,61.54,302.36,800.32,219.02,240.51,91.07,26.09,79.72,267.80,843.22,198.86,223.95,88.80,24.92,87.25,278.14,827.75,621.67,684.11,90.88,25.45,228.51
2026-04-22 16:02:00,2026-04-22 16:02:59,*PQM,264.36,809.93,198.15,213.16,92.96,25.78,56.76,302.59,780.16,215.43,235.47,91.49,26.67,74.46,267.79,821.08,194.19,218.41,88.91,25.53,83.21,278.25,803.72,607.77,667.05,91.12,25.99,214.43
2026-04-22 16:03:00,2026-04-22 16:03:59,*PQM,264.44,819.30,200.24,215.22,93.04,25.53,57.50,302.64,792.46,218.22,238.15,91.63,26.49,74.91,267.91,828.50,196.84,221.11,89.02,25.16,84.36,278.33,813.42,615.30,674.49,91.23,25.73,216.77
2026-04-22 16:04:00,2026-04-22 16:04:59,*PQM,264.34,802.34,197.80,212.92,92.90,25.80,57.84,302.46,776.20,215.88,236.25,91.38,26.54,75.89,267.77,817.26,193.97,218.69,88.70,25.47,85.32,278.19,798.60,607.65,667.86,90.99,25.94,219.06
2026-04-22 16:05:00,2026-04-22 16:05:59,*PQM,264.42,800.10,195.18,211.22,92.41,25.93,60.27,302.47,774.34,212.00,233.37,90.84,26.83,78.04,267.72,808.46,190.95,216.56,88.17,25.67,86.38,278.20,794.30,598.13,661.15,90.47,26.14,224.68
2026-04-22 16:06:00,2026-04-22 16:06:59,*PQM,263.76,1003.54,237.19,261.34,90.76,27.34,85.04,301.99,971.90,258.49,291.05,88.81,28.32,109.10,267.25,1016.80,230.11,268.64,85.66,27.15,118.19,277.67,997.41,725.78,821.03,88.41,27.60,312.32
2026-04-22 16:07:00,2026-04-22 16:07:59,*PQM,263.95,954.06,231.13,249.17,92.76,28.79,62.36,302.21,926.78,253.28,277.32,91.33,29.99,83.27,267.44,966.92,227.37,255.89,88.85,28.65,94.44,277.87,949.25,711.78,782.38,90.98,29.14,240.07
2026-04-22 16:08:00,2026-04-22 16:08:59,*PQM,263.96,955.39,231.44,248.90,92.99,28.91,61.25,302.11,934.67,255.38,278.65,91.65,29.98,82.06,267.33,973.37,228.07,256.58,88.89,28.67,94.61,277.80,954.48,714.90,784.14,91.17,29.19,237.92
2026-04-22 16:09:00,2026-04-22 16:09:59,*PQM,263.98,960.11,236.99,255.43,92.78,27.78,63.65,302.10,929.04,258.92,284.03,91.16,28.86,84.47,267.36,967.60,232.76,262.11,88.80,27.74,95.71,277.81,952.25,728.66,801.57,90.91,28.13,243.82
2026-04-22 16:10:00,2026-04-22 16:10:59,*PQM,263.91,962.15,239.38,256.57,93.30,26.58,62.96,302.03,938.67,262.99,285.68,92.06,27.81,84.01,267.24,976.15,235.54,263.68,89.33,26.62,96.12,277.73,958.99,737.91,805.94,91.56,27.00,243.08
2026-04-22 16:11:00,2026-04-22 16:11:59,*PQM,263.85,983.27,239.81,257.51,93.12,27.46,62.82,301.97,968.71,265.64,289.61,91.72,28.33,84.57,267.14,1003.05,235.71,265.49,88.78,27.25,98.43,277.65,985.01,741.16,812.61,91.21,27.68,245.82
2026-04-22 16:12:00,2026-04-22 16:12:59,*PQM,263.79,978.97,238.15,257.40,92.52,27.54,66.23,301.97,957.47,263.90,289.70,91.10,28.44,87.47,267.15,994.00,234.51,266.44,88.02,27.35,101.64,277.64,976.81,736.56,813.54,90.54,27.78,255.34
2026-04-22 16:13:00,2026-04-22 16:13:59,*PQM,263.58,1009.83,246.00,263.83,93.24,26.55,67.26,301.75,985.72,270.08,294.68,91.65,27.62,90.59,266.95,1022.65,240.31,270.42,88.86,26.61,102.31,277.43,1006.07,756.38,828.93,91.25,26.93,260.16
2026-04-22 16:14:00,2026-04-22 16:14:59,*PQM,263.68,1026.86,249.68,267.69,93.27,26.25,69.53,301.90,1003.34,274.47,298.75,91.87,27.35,92.10,267.12,1044.62,245.44,275.53,89.08,26.29,104.81,277.57,1024.94,769.58,841.97,91.41,26.63,266.44
2026-04-22 16:15:00,2026-04-22 16:15:59,*PQM,263.55,1018.37,245.42,263.49,93.14,26.69,68.20,301.85,999.00,270.58,295.54,91.55,27.72,91.78,266.94,1037.08,240.33,271.00,88.68,26.77,104.31,277.45,1018.15,756.33,830.03,91.13,27.06,264.29
2026-04-22 16:16:00,2026-04-22 16:16:59,*PQM,263.62,1011.47,249.34,268.04,93.02,26.63,68.08,301.82,989.03,276.36,301.27,91.73,27.43,90.83,267.01,1029.34,245.76,277.03,88.71,26.49,105.28,277.48,1009.95,771.46,846.34,91.16,26.85,264.19
2026-04-22 16:17:00,2026-04-22 16:17:59,*PQM,263.72,972.99,239.80,255.93,93.70,27.44,61.11,301.88,958.13,265.85,287.50,92.47,28.17,82.46,267.04,998.17,237.05,264.81,89.52,27.14,96.80,277.55,976.43,742.70,808.24,91.89,27.58,240.37
2026-04-22 16:18:00,2026-04-22 16:18:59,*PQM,263.82,845.93,208.15,224.24,92.82,26.48,59.64,301.85,819.59,226.86,249.03,91.10,27.58,79.06,267.07,855.89,203.52,229.90,88.53,26.45,88.56,277.58,840.47,638.53,703.18,90.81,26.84,227.25
2026-04-22 16:19:00,2026-04-22 16:19:59,*PQM,264.02,838.43,205.69,220.98,93.08,24.74,60.28,302.02,808.24,223.51,244.14,91.55,25.57,78.98,267.34,850.35,201.49,226.48,88.97,24.31,88.25,277.79,832.34,630.69,691.60,91.20,24.87,227.52
2026-04-22 16:20:00,2026-04-22 16:20:59,*PQM,263.96,818.20,201.97,216.58,93.25,25.30,56.79,302.02,787.90,219.26,238.52,91.93,26.15,73.17,267.28,827.36,199.56,222.98,89.50,24.77,83.31,277.75,811.15,620.79,678.07,91.56,25.41,213.27
2026-04-22 16:21:00,2026-04-22 16:21:59,*PQM,263.84,814.00,197.86,212.87,92.95,25.47,57.95,301.92,783.18,215.19,235.58,91.35,26.24,74.90,267.19,823.55,194.77,219.38,88.78,25.04,84.67,277.65,806.91,607.83,667.82,91.03,25.58,217.53
2026-04-22 16:22:00,2026-04-22 16:22:59,*PQM,263.80,816.07,199.40,214.32,93.04,25.36,57.31,301.87,788.27,217.70,237.60,91.62,26.16,74.61,267.05,830.04,196.22,220.45,89.01,25.02,84.93,277.57,811.46,613.32,672.38,91.22,25.51,216.86
2026-04-22 16:23:00,2026-04-22 16:23:59,*PQM,263.65,804.39,197.08,212.01,92.95,25.58,57.15,301.68,782.68,215.87,236.41,91.31,26.42,75.43,266.86,816.35,193.10,218.21,88.50,25.33,85.48,277.40,801.14,606.05,666.64,90.92,25.78,218.06
2026-04-22 16:24:00,2026-04-22 16:24:59,*PQM,263.62,809.83,199.22,214.05,93.07,25.04,56.77,301.60,785.15,218.02,238.14,91.55,25.84,74.93,266.83,821.79,195.35,219.97,88.81,24.65,85.10,277.35,805.59,612.59,672.15,91.14,25.18,216.79
2026-04-22 16:25:00,2026-04-22 16:25:59,*PQM,263.39,831.30,205.57,219.69,93.58,24.69,55.95,301.43,807.17,225.24,244.36,92.17,25.56,74.11,266.68,843.95,201.81,225.88,89.34,24.47,84.98,277.17,827.47,632.62,689.93,91.70,24.91,215.04
2026-04-22 16:26:00,2026-04-22 16:26:59,*PQM,263.46,837.69,204.93,219.42,93.40,24.44,58.41,301.45,815.33,223.51,243.89,91.65,25.31,78.32,266.73,848.93,199.72,224.64,88.91,24.21,87.73,277.21,833.99,628.16,687.95,91.32,24.65,224.45
2026-04-22 16:27:00,2026-04-22 16:27:59,*PQM,263.50,814.90,199.80,215.29,92.80,24.86,58.95,301.43,787.85,216.95,238.15,91.10,25.71,77.99,266.76,821.94,194.68,219.88,88.54,24.75,86.42,277.23,808.23,611.43,673.32,90.81,25.11,223.35
2026-04-22 16:28:00,2026-04-22 16:28:59,*PQM,263.49,813.96,199.32,214.50,92.92,24.87,58.98,301.40,790.91,216.82,237.74,91.20,25.77,78.20,266.71,825.79,194.28,219.47,88.52,24.61,86.83,277.20,810.22,610.42,671.72,90.88,25.08,224.00
2026-04-22 16:29:00,2026-04-22 16:29:59,*PQM,263.38,823.54,202.38,217.38,93.10,24.81,59.44,301.38,800.76,221.34,241.90,91.50,25.44,78.41,266.67,834.37,198.21,223.69,88.61,24.41,88.76,277.14,819.55,621.93,682.98,91.07,24.89,226.61
2026-04-22 16:30:00,2026-04-22 16:30:59,*PQM,263.36,838.01,206.31,220.84,93.42,24.52,58.25,301.35,815.05,225.87,245.74,91.92,25.13,77.92,266.57,852.43,201.91,226.91,88.98,24.24,88.20,277.09,835.16,634.09,693.49,91.44,24.63,224.38
2026-04-22 16:31:00,2026-04-22 16:31:59,*PQM,263.39,809.95,197.69,212.87,92.87,25.36,57.68,301.41,784.38,216.56,236.59,91.53,25.96,75.74,266.78,827.45,194.36,219.42,88.58,24.95,86.24,277.19,807.26,608.61,668.88,90.99,25.42,219.66
2026-04-22 16:32:00,2026-04-22 16:32:59,*PQM,263.53,805.35,199.29,214.12,93.08,25.28,57.07,301.51,790.96,219.29,239.53,91.55,25.93,76.19,266.77,823.15,195.65,220.97,88.54,24.91,86.92,277.27,806.49,614.23,674.61,91.06,25.37,220.18
2026-04-22 16:33:00,2026-04-22 16:33:59,*PQM,263.50,817.29,199.51,213.64,93.38,25.39,54.89,301.41,787.43,219.11,237.97,92.08,26.01,71.96,266.84,825.55,196.41,220.13,89.22,24.98,83.31,277.25,810.09,615.02,671.75,91.56,25.46,210.16
2026-04-22 16:34:00,2026-04-22 16:34:59,*PQM,263.38,812.74,199.80,213.94,93.39,25.47,54.96,301.41,790.72,220.00,239.15,91.99,26.01,73.09,266.57,830.04,196.62,220.66,89.11,25.04,84.33,277.12,811.17,616.42,673.75,91.50,25.51,212.38
2026-04-22 16:35:00,2026-04-22 16:35:59,*PQM,263.25,843.34,207.65,223.15,93.06,24.22,61.09,301.20,827.71,229.11,249.81,91.71,24.75,80.97,266.48,863.75,203.36,229.91,88.45,23.87,92.19,276.98,844.93,640.12,702.87,91.07,24.28,234.25
2026-04-22 16:36:00,2026-04-22 16:36:59,*PQM,263.09,856.92,210.16,225.64,93.14,23.89,62.26,301.05,840.80,231.63,253.01,91.55,24.32,83.16,266.39,868.89,205.36,232.28,88.41,23.60,93.96,276.84,855.54,647.14,710.92,91.03,23.94,239.38
2026-04-22 16:37:00,2026-04-22 16:37:59,*PQM,263.12,851.68,209.69,225.23,93.10,23.88,62.40,301.05,841.69,231.91,253.11,91.62,24.31,83.32,266.38,865.18,205.25,232.20,88.39,23.61,94.23,276.85,852.85,646.85,710.54,91.04,23.93,239.94
2026-04-22 16:38:00,2026-04-22 16:38:59,*PQM,263.09,862.03,210.63,226.27,93.09,23.81,62.79,300.99,841.20,231.12,252.49,91.53,24.27,83.59,266.30,874.32,205.55,232.14,88.54,23.46,93.25,276.79,859.18,647.29,710.90,91.06,23.85,239.62
2026-04-22 16:39:00,2026-04-22 16:39:59,*PQM,263.06,854.05,208.86,224.75,92.93,23.83,62.60,300.95,840.42,229.85,251.29,91.47,24.44,83.03,266.30,867.60,203.77,230.62,88.35,23.62,93.34,276.77,854.03,642.48,706.67,90.92,23.96,238.98
2026-04-22 16:40:00,2026-04-22 16:40:59,*PQM,263.05,859.35,209.53,224.89,93.17,23.68,63.21,300.94,841.74,230.33,251.58,91.55,24.11,84.19,266.28,870.99,204.04,231.05,88.31,23.30,94.14,276.76,857.36,643.89,707.51,91.01,23.70,241.54
2026-04-22 16:41:00,2026-04-22 16:41:59,*PQM,263.20,857.57,212.49,228.21,93.11,23.55,63.50,301.00,854.52,235.81,258.36,91.27,23.61,88.37,266.39,867.50,204.92,233.62,87.72,23.25,97.89,276.86,859.86,653.22,720.19,90.70,23.47,249.76
2026-04-22 16:42:00,2026-04-22 16:42:59,*PQM,262.98,854.69,208.51,223.95,93.11,23.66,62.51,300.89,832.35,228.41,250.10,91.33,24.28,83.68,266.18,866.55,202.75,229.21,88.46,23.45,93.16,276.68,851.19,639.68,703.26,90.96,23.80,239.35
2026-04-22 16:43:00,2026-04-22 16:43:59,*PQM,262.74,905.32,219.25,237.32,92.40,24.02,70.76,300.73,859.51,232.35,257.25,90.30,25.51,90.98,266.12,904.55,211.73,239.49,88.41,24.34,95.78,276.53,889.79,663.34,734.06,90.37,24.62,257.51
2026-04-22 16:44:00,2026-04-22 16:44:59,*PQM,262.71,906.25,219.83,237.79,92.45,26.52,69.14,300.76,861.95,233.41,258.28,90.34,26.77,89.66,266.12,904.80,212.36,240.15,88.43,26.44,94.63,276.53,891.00,665.59,736.22,90.41,26.58,253.43
2026-04-22 16:45:00,2026-04-22 16:45:59,*PQM,262.63,901.39,218.85,237.78,92.04,23.61,73.56,300.73,815.89,222.49,246.63,90.21,26.42,86.54,266.18,890.86,214.30,238.66,89.79,24.31,88.13,276.51,869.38,655.64,723.08,90.68,24.78,248.23
2026-04-22 16:46:00,2026-04-22 16:46:59,*PQM,263.03,822.39,201.60,219.56,91.82,24.23,61.89,300.79,849.69,231.76,253.50,91.42,25.81,87.47,266.02,864.09,195.99,227.72,86.06,24.49,102.41,276.61,845.39,629.35,700.79,89.77,24.84,251.77
2026-04-22 16:47:00,2026-04-22 16:47:59,*PQM,263.09,791.40,193.65,208.29,92.97,25.67,55.31,300.81,804.83,220.45,242.00,91.09,25.50,80.95,266.07,804.96,186.71,215.43,86.67,25.16,92.74,276.66,800.40,600.80,665.72,90.24,25.44,229.01
2026-04-22 16:48:00,2026-04-22 16:48:59,*PQM,263.05,815.30,198.85,214.46,92.72,24.74,60.33,300.77,820.36,225.27,247.78,90.92,24.67,84.49,266.13,835.61,193.14,222.96,86.63,24.05,97.34,276.65,823.76,617.26,685.20,90.09,24.49,242.16
2026-04-22 16:49:00,2026-04-22 16:49:59,*PQM,262.75,865.51,207.90,227.89,91.23,23.81,75.70,300.80,786.52,211.40,236.17,89.51,26.67,86.92,266.25,862.74,204.41,230.06,88.85,24.23,89.79,276.60,838.25,623.70,694.12,89.86,24.90,252.41
2026-04-22 16:50:00,2026-04-22 16:50:59,*PQM,263.07,845.15,206.73,222.67,92.84,25.39,61.69,300.96,845.50,233.30,255.93,91.16,25.35,86.09,266.24,871.72,200.54,230.86,86.87,24.84,99.20,276.76,854.12,640.57,709.46,90.29,25.19,246.98
2026-04-22 16:51:00,2026-04-22 16:51:59,*PQM,262.81,845.44,207.61,224.11,92.64,24.58,63.43,300.62,862.87,236.23,260.06,90.84,24.28,91.23,265.85,864.12,199.44,231.63,86.10,24.11,103.52,276.43,857.48,643.28,715.80,89.86,24.32,258.18
2026-04-22 16:52:00,2026-04-22 16:52:59,*PQM,263.02,862.17,211.00,227.31,92.83,24.02,64.40,300.78,874.41,237.56,262.12,90.63,23.93,93.15,266.07,873.68,201.21,233.02,86.35,23.78,103.15,276.62,870.09,649.77,722.45,89.93,23.91,260.70
2026-04-22 16:53:00,2026-04-22 16:53:59,*PQM,262.52,909.50,220.75,241.05,91.58,22.27,80.28,300.58,821.64,222.46,249.94,89.00,24.69,96.97,265.98,886.70,211.65,238.60,88.70,23.16,94.78,276.36,872.61,654.85,729.59,89.76,23.37,272.03
2026-04-22 16:54:00,2026-04-22 16:54:59,*PQM,262.81,890.55,219.55,235.08,93.39,23.54,63.61,300.60,897.46,245.21,268.96,91.17,23.61,91.83,265.92,901.56,209.82,240.15,87.37,23.40,101.95,276.44,896.53,674.58,744.19,90.65,23.52,257.38
2026-04-22 16:55:00,2026-04-22 16:55:59,*PQM,262.76,880.01,216.41,232.06,93.26,23.65,63.59,300.39,897.81,245.94,269.96,91.10,23.33,93.18,265.82,894.43,206.85,239.14,86.50,23.29,105.79,276.32,890.75,669.21,741.16,90.29,23.42,262.57
2026-04-22 16:56:00,2026-04-22 16:56:59,*PQM,263.04,851.78,207.76,224.39,92.59,24.45,64.65,300.63,864.79,235.96,260.77,90.49,24.07,93.91,266.04,864.69,197.61,230.78,85.63,24.06,105.50,276.57,860.42,641.33,715.93,89.57,24.19,264.06
2026-04-22 16:57:00,2026-04-22 16:57:59,*PQM,262.89,872.31,213.35,229.90,92.80,24.30,65.10,300.55,874.55,239.18,263.85,90.65,24.19,93.56,266.03,878.32,203.08,234.82,86.48,24.08,103.88,276.49,875.06,655.60,728.57,89.98,24.19,262.53
2026-04-22 16:58:00,2026-04-22 16:58:59,*PQM,262.98,884.23,217.62,233.59,93.16,23.80,64.42,300.55,897.38,247.61,271.82,91.09,23.31,93.67,265.98,898.15,207.99,240.71,86.41,23.34,107.11,276.50,893.26,673.22,746.12,90.22,23.48,265.21
2026-04-22 16:59:00,2026-04-22 16:59:59,*PQM,263.03,856.56,208.54,223.93,93.13,24.63,60.54,300.61,870.54,236.42,259.21,91.21,24.20,88.39,266.09,874.18,199.21,230.13,86.56,24.13,100.61,276.58,867.09,644.17,713.27,90.30,24.32,249.54
2026-04-22 17:00:00,2026-04-22 17:00:59,*PQM,262.89,842.01,201.84,218.38,92.42,25.26,65.87,300.66,823.31,228.18,252.23,90.47,24.63,86.44,266.05,869.65,197.80,228.08,86.72,24.42,101.88,276.53,844.99,627.82,698.70,89.87,24.77,254.19
2026-04-22 17:01:00,2026-04-22 17:01:59,*PQM,262.83,860.91,204.13,221.48,92.16,24.71,70.44,300.64,827.49,228.79,254.44,89.92,24.21,90.08,266.10,881.89,199.84,231.01,86.50,23.89,104.51,276.52,856.76,632.75,706.94,89.53,24.27,265.03
2026-04-22 17:02:00,2026-04-22 17:02:59,*PQM,262.98,891.88,213.33,232.02,91.95,23.51,77.08,300.76,827.40,222.68,248.90,89.47,25.18,91.23,266.32,889.41,208.24,236.32,88.12,23.31,97.18,276.69,869.57,644.25,717.24,89.84,24.00,265.49
2026-04-22 17:03:00,2026-04-22 17:03:59,*PQM,262.93,858.29,209.68,225.66,92.92,23.66,64.04,300.48,878.38,239.91,263.70,90.98,23.03,92.88,266.03,882.75,201.21,233.65,86.11,23.05,106.27,276.48,873.14,650.80,723.02,90.00,23.25,263.18
2026-04-22 17:04:00,2026-04-22 17:04:59,*PQM,263.29,831.35,204.36,219.50,93.10,24.24,61.05,300.92,839.73,231.20,254.06,91.00,23.83,88.53,266.34,846.06,195.63,226.02,86.55,23.68,100.09,276.85,839.05,631.18,699.58,90.22,23.92,249.67
2026-04-22 17:05:00,2026-04-22 17:05:59,*PQM,263.16,846.23,207.03,221.61,93.42,24.47,58.85,300.77,845.66,231.64,252.87,91.60,24.17,83.20,266.34,855.96,200.35,228.09,87.84,23.84,95.29,276.76,849.28,639.02,702.56,90.95,24.16,237.35
2026-04-22 17:06:00,2026-04-22 17:06:59,*PQM,263.09,840.30,205.73,221.15,93.03,24.20,61.76,300.80,834.11,228.40,250.63,91.13,24.08,85.93,266.32,856.94,198.71,227.04,87.52,23.69,96.46,276.74,843.78,632.84,698.82,90.56,23.99,244.15
2026-04-22 17:07:00,2026-04-22 17:07:59,*PQM,263.01,860.45,210.57,225.65,93.32,23.80,61.15,300.71,863.76,235.39,257.37,91.46,23.55,86.80,266.21,873.58,203.09,231.70,87.65,23.32,98.20,276.64,865.93,649.05,714.72,90.81,23.56,246.15
2026-04-22 17:08:00,2026-04-22 17:08:59,*PQM,262.89,845.46,206.71,221.88,93.16,24.05,61.03,300.53,859.65,235.00,257.28,91.34,23.54,88.33,266.00,860.32,198.69,229.19,86.69,23.45,101.07,276.47,855.14,640.40,708.36,90.40,23.68,250.44
2026-04-22 17:09:00,2026-04-22 17:09:59,*PQM,262.91,845.29,207.44,223.00,93.02,24.04,61.74,300.67,837.29,231.35,253.56,91.24,23.91,85.88,266.23,862.96,200.45,229.39,87.38,23.50,97.14,276.60,848.51,639.24,705.95,90.55,23.82,244.76
2026-04-22 17:10:00,2026-04-22 17:10:59,*PQM,262.86,842.38,204.71,220.06,93.02,24.30,61.52,300.59,814.40,223.40,243.88,91.60,24.79,78.96,266.30,854.77,201.34,226.95,88.71,23.77,90.35,276.58,837.18,629.44,690.89,91.11,24.29,230.84
2026-04-22 17:11:00,2026-04-22 17:11:59,*PQM,262.84,828.96,201.10,216.96,92.69,24.53,61.81,300.64,794.93,219.15,240.00,91.31,25.13,79.93,266.22,828.88,196.88,223.05,88.27,24.10,90.08,276.57,817.59,617.14,680.01,90.76,24.59,231.82
2026-04-22 17:12:00,2026-04-22 17:12:59,*PQM,262.92,828.44,200.49,216.19,92.74,24.54,62.05,300.85,800.69,219.16,239.84,91.38,25.13,79.21,266.35,849.26,197.85,223.57,88.50,24.07,90.56,276.71,826.13,617.50,679.60,90.87,24.58,231.82
2026-04-22 17:13:00,2026-04-22 17:13:59,*PQM,263.04,834.97,202.18,216.55,93.36,24.62,57.26,300.89,826.47,225.95,246.50,91.66,24.60,80.06,266.36,852.38,196.46,223.24,88.00,24.19,91.78,276.76,837.94,624.58,686.30,91.01,24.47,229.10
2026-04-22 17:14:00,2026-04-22 17:14:59,*PQM,263.19,807.83,195.98,211.49,92.67,25.42,58.82,301.08,792.90,215.53,235.66,91.45,25.99,75.57,266.50,829.86,193.66,219.01,88.42,24.86,87.05,276.92,810.20,605.17,666.17,90.85,25.42,221.44
2026-04-22 17:15:00,2026-04-22 17:15:59,*PQM,263.21,818.26,201.51,216.36,93.14,24.79,57.73,301.09,807.51,223.23,243.22,91.78,25.11,77.33,266.44,834.17,197.57,222.97,88.61,24.33,88.56,276.91,819.98,622.32,682.55,91.18,24.74,223.62
2026-04-22 17:16:00,2026-04-22 17:16:59,*PQM,263.09,816.38,199.44,214.24,93.09,24.76,57.74,300.93,811.21,223.86,244.97,91.38,24.60,80.85,266.27,831.72,193.31,220.78,87.56,24.22,92.44,276.76,819.77,616.61,679.98,90.68,24.53,231.03
2026-04-22 17:17:00,2026-04-22 17:17:59,*PQM,263.12,850.13,207.44,222.44,93.26,24.06,60.91,301.01,845.38,232.13,254.09,91.36,23.98,86.01,266.33,860.21,199.75,228.19,87.54,23.70,96.73,276.82,851.91,639.31,704.71,90.72,23.91,243.65
2026-04-22 17:18:00,2026-04-22 17:18:59,*PQM,263.13,838.29,206.15,221.15,93.22,23.76,60.75,300.93,852.95,234.68,257.25,91.23,23.32,89.03,266.18,852.37,196.95,227.69,86.50,23.32,100.76,276.75,847.87,637.78,706.08,90.31,23.47,250.54
2026-04-22 17:20:00,2026-04-22 17:20:59,*PQM,262.93,879.50,215.68,231.18,93.30,22.92,64.13,300.71,879.82,242.08,264.55,91.51,22.86,89.55,266.04,895.48,208.82,238.31,87.63,22.62,101.65,276.56,884.93,666.59,734.04,90.81,22.80,255.33
2026-04-22 17:21:00,2026-04-22 17:21:59,*PQM,263.00,874.63,214.33,229.96,93.20,23.07,63.95,300.77,881.18,241.48,264.24,91.39,22.91,90.57,266.05,890.55,206.52,236.63,87.28,22.69,102.29,276.61,882.12,662.33,730.82,90.62,22.89,256.82
2026-04-22 17:22:00,2026-04-22 17:22:59,*PQM,263.06,872.48,213.82,229.15,93.31,23.13,63.27,300.88,884.97,241.82,265.19,91.19,22.90,92.16,266.11,888.93,204.65,235.32,86.96,22.94,103.23,276.68,882.12,660.29,729.66,90.49,22.99,258.66
2026-04-22 17:23:00,2026-04-22 17:23:59,*PQM,262.94,880.02,217.14,232.58,93.36,22.78,64.53,300.89,869.86,241.02,263.78,91.37,23.05,90.24,266.13,893.38,209.21,237.86,87.96,22.72,100.05,276.65,881.09,667.38,734.22,90.90,22.85,254.81
2026-04-22 17:24:00,2026-04-22 17:24:59,*PQM,262.87,880.49,215.47,231.03,93.26,22.80,64.77,300.78,876.27,240.22,263.83,91.05,22.75,92.27,266.12,883.56,206.45,236.34,87.35,22.66,101.80,276.59,880.11,662.13,731.20,90.56,22.74,258.84
2026-04-22 17:25:00,2026-04-22 17:25:59,*PQM,262.97,885.37,218.28,233.59,93.44,22.87,64.39,301.04,875.14,242.68,265.21,91.50,22.99,89.76,266.26,894.60,210.64,239.54,87.93,22.68,100.16,276.76,885.04,671.60,738.35,90.96,22.85,254.32
2026-04-22 17:26:00,2026-04-22 17:26:59,*PQM,262.95,865.25,214.17,229.81,93.19,22.95,63.81,300.98,854.61,236.95,258.70,91.59,23.50,86.51,266.18,880.53,208.25,236.01,88.24,22.85,96.80,276.70,866.80,659.37,724.53,91.01,23.10,247.12
2026-04-22 17:27:00,2026-04-22 17:27:59,*PQM,263.19,811.30,198.51,212.81,93.28,24.75,55.87,301.38,791.34,219.09,238.39,91.90,25.54,73.82,266.51,824.52,195.32,219.47,89.00,24.61,84.89,277.03,809.05,612.91,670.67,91.39,24.97,214.58
2026-04-22 17:28:00,2026-04-22 17:28:59,*PQM,263.30,811.71,199.30,213.55,93.33,24.83,56.06,301.28,792.47,219.35,238.58,91.94,25.51,74.38,266.59,820.60,195.51,219.60,89.03,24.60,84.88,277.06,808.26,614.17,671.73,91.43,24.98,215.32
2026-04-22 17:29:00,2026-04-22 17:29:59,*PQM,263.37,801.89,196.30,210.03,93.46,25.23,53.57,301.48,786.07,217.10,235.44,92.21,25.85,70.68,266.70,813.76,193.55,217.15,89.13,24.88,82.32,277.18,800.57,606.95,662.62,91.60,25.32,206.57
2026-04-22 17:30:00,2026-04-22 17:30:59,*PQM,263.35,796.91,197.58,211.51,93.41,24.94,53.75,301.39,787.99,219.90,239.03,92.00,25.26,72.97,266.60,813.62,194.29,218.91,88.75,24.48,84.89,277.11,799.50,611.77,669.46,91.39,24.89,211.61
2026-04-22 17:31:00,2026-04-22 17:31:59,*PQM,263.38,808.15,199.31,213.96,93.15,24.55,57.93,301.46,810.16,224.00,245.07,91.40,24.64,81.47,266.62,826.38,193.10,220.85,87.44,24.16,93.01,277.15,814.90,616.41,679.88,90.66,24.45,232.42
2026-04-22 17:32:00,2026-04-22 17:32:59,*PQM,263.24,812.88,199.12,213.78,93.14,24.48,57.69,301.25,794.45,220.33,239.80,91.88,25.05,75.91,266.56,829.62,195.48,220.70,88.57,24.10,87.86,277.02,812.32,614.94,674.28,91.20,24.54,221.46
2026-04-22 17:33:00,2026-04-22 17:33:59,*PQM,263.40,817.07,201.42,216.27,93.13,24.43,58.36,301.41,799.30,222.83,242.31,91.96,24.83,76.44,266.79,835.96,198.28,223.53,88.70,23.91,88.44,277.20,817.44,622.53,682.11,91.27,24.39,223.24
2026-04-22 17:34:00,2026-04-22 17:34:59,*PQM,263.32,833.79,202.17,217.49,92.96,23.99,61.43,301.09,846.38,232.80,255.72,91.04,23.15,89.18,266.47,854.01,194.19,225.85,85.98,23.24,103.08,276.96,844.73,629.16,699.06,89.99,23.46,253.69
2026-04-22 17:35:00,2026-04-22 17:35:59,*PQM,263.41,842.22,205.65,221.20,92.97,23.62,61.92,301.22,867.86,238.49,261.00,91.38,22.92,89.45,266.58,865.67,198.67,231.14,85.95,22.65,105.11,277.07,858.58,642.80,713.34,90.10,23.06,256.49
2026-04-22 17:36:00,2026-04-22 17:36:59,*PQM,263.46,858.63,209.96,225.52,93.10,23.06,63.78,301.35,889.60,244.41,267.73,91.29,22.30,93.10,266.69,890.75,202.32,235.85,85.78,22.41,109.07,277.17,879.66,656.69,729.10,90.06,22.59,265.96
2026-04-22 17:37:00,2026-04-22 17:37:59,*PQM,263.56,859.30,210.89,226.20,93.23,23.01,63.62,301.28,881.16,241.83,265.17,91.20,22.42,92.75,266.63,875.62,201.95,234.26,86.21,22.46,106.07,277.16,872.03,654.66,725.63,90.21,22.63,262.44
2026-04-22 17:38:00,2026-04-22 17:38:59,*PQM,263.55,846.78,208.37,223.93,93.05,23.14,63.81,301.35,877.31,240.91,264.51,91.08,22.34,93.58,266.60,870.33,199.63,233.26,85.58,22.40,108.41,277.17,864.81,648.91,721.70,89.90,22.63,265.80
2026-04-22 17:39:00,2026-04-22 17:39:59,*PQM,263.48,847.55,209.17,224.71,93.08,23.04,63.60,301.25,872.91,239.41,262.79,91.10,22.60,92.50,266.58,868.94,200.63,233.02,86.10,22.50,105.94,277.10,863.13,649.20,720.52,90.09,22.71,262.04
2026-04-22 17:40:00,2026-04-22 17:40:59,*PQM,263.33,842.74,206.31,221.66,93.07,23.89,61.76,301.11,871.03,237.97,260.90,91.21,23.19,90.08,266.49,868.71,199.12,231.18,86.13,23.24,104.57,276.98,860.82,643.40,713.74,90.14,23.44,256.42
2026-04-22 17:41:00,2026-04-22 17:41:59,*PQM,263.14,871.09,210.74,230.75,91.33,22.18,77.71,301.21,815.83,221.02,246.01,89.84,24.26,91.11,266.75,877.55,207.82,236.29,87.95,22.27,97.86,277.03,854.82,639.58,713.05,89.71,22.90,266.68
2026-04-22 17:42:00,2026-04-22 17:42:59,*PQM,263.28,867.96,211.34,228.39,92.53,24.40,66.82,301.17,876.54,239.85,264.77,90.59,24.15,94.73,266.53,890.65,203.01,236.35,85.89,23.93,106.65,276.99,878.38,654.20,729.51,89.67,24.16,268.20
2026-04-22 17:43:00,2026-04-22 17:43:59,*PQM,263.19,960.30,234.84,251.49,93.38,27.77,59.12,301.31,957.16,265.66,288.12,92.20,27.98,82.59,266.59,988.52,231.95,261.72,88.63,27.38,99.16,277.03,968.66,732.45,801.33,91.40,27.71,240.87
2026-04-22 17:44:00,2026-04-22 17:44:59,*PQM,262.92,982.94,239.86,257.59,93.11,27.67,61.11,300.95,999.28,275.45,300.23,91.75,27.27,89.37,266.28,1013.52,235.25,268.63,87.57,27.12,107.36,276.72,998.58,750.55,826.46,90.81,27.35,257.84
2026-04-22 17:45:00,2026-04-22 17:45:59,*PQM,263.09,949.89,235.52,252.93,93.11,27.31,60.55,301.16,941.97,263.62,286.36,92.06,27.70,81.62,266.55,979.74,233.96,263.36,88.83,26.84,97.57,276.93,957.20,733.10,802.66,91.34,27.28,239.74
2026-04-22 17:46:00,2026-04-22 17:46:59,*PQM,263.16,950.77,236.03,254.55,92.72,26.65,64.32,301.19,937.52,263.61,288.38,91.41,27.15,85.91,266.60,969.83,233.59,264.88,88.19,26.30,101.35,276.98,952.71,733.23,807.81,90.77,26.70,251.58
2026-04-22 17:47:00,2026-04-22 17:47:59,*PQM,263.03,967.89,240.02,257.96,93.04,26.80,64.84,301.12,958.77,269.95,293.18,92.08,27.18,86.52,266.53,996.55,238.82,269.51,88.61,26.35,103.51,276.89,974.40,748.79,820.64,91.25,26.78,254.87
2026-04-22 17:48:00,2026-04-22 17:48:59,*PQM,262.96,949.84,235.40,253.09,93.01,27.37,62.78,301.07,933.77,264.00,286.71,92.08,27.81,82.42,266.49,980.16,235.19,264.70,88.85,26.86,99.53,276.84,954.59,734.59,804.51,91.31,27.35,244.73
2026-04-22 17:49:00,2026-04-22 17:49:59,*PQM,262.81,975.95,238.39,254.77,93.57,27.36,62.99,300.90,968.47,267.90,288.64,92.81,27.72,81.81,266.35,1010.84,238.95,267.51,89.32,26.62,100.38,276.69,985.09,745.24,810.92,91.90,27.23,245.18
2026-04-22 17:50:00,2026-04-22 17:50:59,*PQM,262.68,974.82,237.41,254.01,93.47,27.60,62.97,300.70,964.00,267.20,288.23,92.70,27.90,81.11,266.18,1012.25,238.44,267.12,89.26,26.89,100.28,276.52,983.69,743.05,809.36,91.81,27.46,244.36
2026-04-22 17:51:00,2026-04-22 17:51:59,*PQM,262.97,954.44,234.40,252.18,92.95,27.49,62.63,301.05,938.57,262.23,284.55,92.16,27.99,81.07,266.55,983.89,234.76,263.93,88.95,26.91,98.14,276.86,958.97,731.39,800.65,91.35,27.46,241.84
2026-04-22 17:52:00,2026-04-22 17:52:59,*PQM,262.92,993.29,240.19,257.58,93.25,27.50,63.90,301.01,981.48,269.74,291.67,92.48,27.82,81.70,266.52,1029.01,241.65,271.27,89.08,26.70,101.39,276.82,1001.26,751.59,820.52,91.60,27.34,246.99
2026-04-22 17:53:00,2026-04-22 17:53:59,*PQM,262.97,953.70,237.00,255.86,92.63,28.16,62.61,300.94,939.59,264.99,289.50,91.54,28.41,82.66,266.48,977.86,235.94,267.38,88.24,27.47,99.86,276.80,957.05,737.93,812.74,90.80,28.01,245.13
2026-04-22 17:54:00,2026-04-22 17:54:59,*PQM,263.05,960.92,234.97,252.90,92.91,27.81,63.00,301.11,946.38,261.79,285.08,91.83,28.37,82.85,266.52,984.35,233.65,263.55,88.66,27.38,99.19,276.89,963.88,730.40,801.53,91.13,27.85,245.04
2026-04-22 17:55:00,2026-04-22 17:55:59,*PQM,263.14,960.39,235.31,251.65,93.51,26.38,61.39,301.12,945.38,261.64,283.55,92.28,26.97,82.39,266.45,982.80,232.74,261.08,89.14,26.08,97.51,276.90,962.86,729.69,796.28,91.64,26.48,241.29
2026-04-22 17:56:00,2026-04-22 17:56:59,*PQM,263.20,947.99,230.62,247.69,93.10,28.53,58.41,301.36,940.07,258.84,280.74,92.20,29.05,78.38,266.62,975.21,229.66,258.46,88.86,28.02,95.01,277.06,954.42,719.12,786.88,91.39,28.53,231.80
2026-04-22 17:57:00,2026-04-22 17:57:59,*PQM,263.29,943.81,231.92,249.85,92.82,28.15,58.44,301.47,928.24,259.15,282.26,91.81,28.78,77.93,266.74,969.15,231.24,260.41,88.80,27.67,94.25,277.17,947.07,722.30,792.52,91.14,28.20,230.61
2026-04-22 17:58:00,2026-04-22 17:58:59,*PQM,263.28,943.92,232.19,249.96,92.89,28.03,58.73,301.35,931.00,260.45,283.14,91.99,28.44,77.87,266.70,969.25,231.73,261.39,88.65,27.37,95.41,277.11,948.06,724.38,794.49,91.18,27.95,232.01
2026-04-22 17:59:00,2026-04-22 17:59:59,*PQM,263.33,831.72,202.33,217.70,92.94,24.49,59.52,301.23,833.59,227.61,249.60,91.19,24.26,83.24,266.71,852.05,196.34,225.21,87.18,23.92,95.62,277.09,839.12,626.28,692.51,90.44,24.22,238.39
2026-04-22 18:00:00,2026-04-22 18:00:59,*PQM,263.43,798.44,195.55,211.81,92.32,25.12,61.25,301.25,793.94,219.13,241.52,90.73,24.91,83.60,266.77,816.55,189.87,219.15,86.64,24.51,95.19,277.15,802.98,604.55,672.48,89.90,24.85,240.03
2026-04-22 18:01:00,2026-04-22 18:01:59,*PQM,263.64,825.21,202.60,218.13,92.88,24.87,61.09,301.49,839.62,231.19,253.73,91.12,24.23,86.69,266.87,842.98,196.25,227.01,86.45,24.05,100.40,277.33,835.94,630.04,698.87,90.15,24.38,248.18
2026-04-22 18:02:00,2026-04-22 18:02:59,*PQM,263.56,818.39,200.28,216.84,92.36,24.77,62.97,301.46,823.90,227.04,250.65,90.58,24.37,88.62,266.82,834.01,193.08,224.59,85.97,24.10,100.75,277.28,825.43,620.41,692.09,89.64,24.41,252.34
2026-04-22 18:03:00,2026-04-22 18:03:59,*PQM,263.55,849.05,207.57,222.89,93.12,24.22,61.88,301.56,848.06,232.14,254.77,91.11,24.24,86.59,266.94,867.07,200.12,229.32,87.27,23.88,97.58,277.35,854.73,639.82,706.98,90.50,24.11,246.04
2026-04-22 18:04:00,2026-04-22 18:04:59,*PQM,263.50,820.96,201.15,216.76,92.80,24.53,61.56,301.43,834.48,227.65,250.35,90.93,24.23,86.39,266.80,836.41,194.52,224.70,86.57,23.96,98.84,277.24,830.61,623.31,691.81,90.10,24.24,246.79
2026-04-22 18:05:00,2026-04-22 18:05:59,*PQM,263.68,822.46,202.65,218.17,92.89,24.40,60.63,301.73,811.65,224.72,246.27,91.25,24.70,81.90,267.09,834.17,197.50,225.01,87.77,23.98,92.89,277.50,822.76,624.87,689.46,90.64,24.36,235.42
2026-04-22 18:06:00,2026-04-22 18:06:59,*PQM,263.69,849.67,209.10,225.33,92.80,24.24,63.23,301.67,851.55,234.78,258.11,90.96,24.15,88.92,267.08,861.85,201.93,232.43,86.88,23.75,100.56,277.48,854.36,645.82,715.87,90.21,24.05,252.71
2026-04-22 18:07:00,2026-04-22 18:07:59,*PQM,263.63,857.69,210.13,225.92,93.01,23.94,64.19,301.56,861.68,236.27,259.67,90.99,23.68,90.54,267.05,869.05,202.60,233.25,86.86,23.42,102.28,277.41,862.81,649.00,718.84,90.29,23.68,257.02
2026-04-22 18:08:00,2026-04-22 18:08:59,*PQM,263.78,826.23,202.45,218.39,92.70,24.53,63.33,301.69,825.16,226.20,249.62,90.62,24.31,88.68,267.17,841.16,195.50,225.28,86.78,23.98,99.18,277.55,830.85,624.14,693.29,90.03,24.27,251.19
2026-04-22 18:09:00,2026-04-22 18:09:59,*PQM,263.82,801.10,196.59,210.97,93.18,25.65,56.85,301.64,814.80,224.61,245.74,91.40,24.96,82.50,267.12,822.09,190.86,219.98,86.76,24.72,96.29,277.53,812.66,612.06,676.70,90.45,25.11,235.64
2026-04-22 18:10:00,2026-04-22 18:10:59,*PQM,263.83,807.28,197.76,213.23,92.74,25.45,57.94,301.75,820.73,226.01,248.63,90.90,24.80,84.03,267.16,832.14,191.66,221.86,86.39,24.72,97.25,277.58,820.05,615.43,683.72,90.01,24.99,239.22
2026-04-22 18:11:00,2026-04-22 18:11:59,*PQM,264.29,777.85,191.35,206.25,92.77,30.89,45.01,302.30,793.47,220.46,239.62,92.00,30.09,65.45,267.61,806.45,190.22,216.35,87.92,29.56,82.21,278.07,792.59,602.02,662.23,90.90,30.18,192.67
2026-04-22 18:12:00,2026-04-22 18:12:59,*PQM,264.20,756.85,186.29,201.12,92.63,26.88,53.20,302.12,778.64,216.36,237.13,91.24,25.91,76.66,267.44,789.86,182.57,211.66,86.26,25.70,92.53,277.92,775.12,585.23,649.91,90.04,26.16,222.38
2026-04-22 18:13:00,2026-04-22 18:13:59,*PQM,264.13,790.15,193.45,208.75,92.67,30.20,47.95,302.31,769.50,214.18,233.23,91.83,30.68,62.23,267.56,812.23,193.91,217.62,89.11,29.07,76.19,278.00,790.63,601.54,659.61,91.20,29.98,186.37
2026-04-22 18:14:00,2026-04-22 18:14:59,*PQM,264.12,774.84,190.16,205.21,92.66,26.35,57.09,302.17,754.85,208.78,228.46,91.39,26.89,72.51,267.51,789.75,188.07,212.78,88.39,25.74,84.27,277.93,773.15,587.01,646.45,90.81,26.33,213.88
2026-04-22 18:15:00,2026-04-22 18:15:59,*PQM,263.92,784.44,192.15,207.62,92.54,25.97,57.05,302.07,764.25,211.19,231.32,91.30,26.59,73.31,267.39,804.84,189.66,215.05,88.19,25.41,84.82,277.79,784.51,593.00,654.00,90.68,25.99,215.19
2026-04-22 18:16:00,2026-04-22 18:16:59,*PQM,263.96,800.19,196.07,211.54,92.69,25.52,59.03,301.95,778.81,215.39,235.68,91.39,26.01,76.38,267.29,814.38,192.88,218.74,88.18,24.92,87.56,277.73,797.79,604.35,665.95,90.75,25.48,222.96
2026-04-22 18:17:00,2026-04-22 18:17:59,*PQM,263.82,747.81,181.47,196.69,92.27,26.30,56.08,301.94,725.47,198.72,218.75,90.84,27.00,71.94,267.18,767.67,178.39,203.11,87.83,25.91,82.17,277.65,746.98,558.58,618.54,90.31,26.40,210.19
2026-04-22 18:18:00,2026-04-22 18:18:59,*PQM,264.00,760.48,186.16,202.47,91.94,25.79,59.08,302.03,736.31,203.08,223.96,90.67,26.59,74.23,267.26,776.32,183.34,209.09,87.68,25.27,84.47,277.76,757.70,572.58,635.53,90.10,25.88,217.78
2026-04-22 18:19:00,2026-04-22 18:19:59,*PQM,263.81,756.71,183.59,200.00,91.79,25.76,59.59,301.83,730.16,200.76,221.71,90.55,26.32,74.49,267.18,770.58,181.20,207.32,87.40,25.13,85.51,277.61,752.49,565.55,629.03,89.92,25.74,219.59
2026-04-22 18:20:00,2026-04-22 18:20:59,*PQM,263.94,757.60,181.71,198.45,91.56,26.03,61.15,302.03,726.78,197.42,219.01,90.14,26.78,75.72,267.35,770.33,178.71,204.91,87.21,25.42,85.56,277.77,751.57,557.83,622.37,89.64,26.08,222.43
2026-04-22 18:21:00,2026-04-22 18:21:59,*PQM,264.03,757.49,182.59,198.69,91.90,26.28,60.20,302.07,729.27,199.91,219.85,90.93,26.62,74.25,267.45,770.11,180.57,206.19,87.57,25.37,85.53,277.85,752.29,563.07,624.74,90.13,26.09,219.99
2026-04-22 18:22:00,2026-04-22 18:22:59,*PQM,263.97,793.53,193.82,209.76,92.40,25.27,60.27,302.08,771.89,212.95,233.95,91.02,25.74,77.48,267.38,811.82,190.16,216.55,87.81,24.78,88.43,277.81,792.41,596.93,660.26,90.41,25.26,226.18
2026-04-22 18:23:00,2026-04-22 18:23:59,*PQM,263.99,761.10,185.70,200.58,92.58,26.28,55.97,302.12,737.78,203.86,222.88,91.46,26.97,70.99,267.39,776.73,183.43,207.81,88.27,25.78,82.54,277.83,758.54,572.99,631.27,90.77,26.34,209.51
2026-04-22 18:24:00,2026-04-22 18:24:59,*PQM,263.98,735.32,178.06,192.98,92.27,26.94,54.80,302.09,715.66,195.78,214.88,91.11,27.35,69.72,267.36,752.21,176.00,200.13,87.94,26.16,80.86,277.81,734.40,549.84,608.00,90.44,26.82,205.38
2026-04-22 18:25:00,2026-04-22 18:25:59,*PQM,264.04,726.80,175.82,191.09,92.01,27.55,54.09,302.13,705.34,193.15,212.02,91.10,28.30,67.53,267.40,744.85,174.99,198.79,88.03,26.86,79.15,277.86,725.66,543.96,601.91,90.38,27.57,200.76
2026-04-22 18:26:00,2026-04-22 18:26:59,*PQM,264.00,735.45,179.41,194.11,92.43,27.13,53.51,302.16,707.55,197.11,215.61,91.42,27.76,67.11,267.43,752.88,178.31,201.93,88.30,26.34,78.97,277.86,731.96,554.83,611.65,90.72,27.08,199.59
2026-04-22 18:27:00,2026-04-22 18:27:59,*PQM,263.92,779.21,189.32,205.04,92.33,26.04,58.35,302.14,751.99,207.75,227.51,91.31,26.66,72.51,267.42,798.22,188.23,213.47,88.18,25.32,85.01,277.83,776.48,585.29,646.03,90.61,26.01,215.87
2026-04-22 18:28:00,2026-04-22 18:28:59,*PQM,264.17,725.82,175.40,191.78,91.46,27.06,58.25,302.29,702.04,191.55,211.87,90.41,27.74,71.69,267.58,743.86,174.25,199.38,87.40,26.23,82.45,278.01,723.91,541.21,603.02,89.76,27.01,212.39
2026-04-22 18:29:00,2026-04-22 18:29:59,*PQM,264.12,724.40,175.50,191.63,91.58,26.91,57.71,302.27,696.91,191.82,212.40,90.31,27.40,71.57,267.56,744.03,173.66,199.05,87.25,26.11,82.43,277.98,721.78,540.98,603.08,89.71,26.81,211.71
2026-04-22 18:30:00,2026-04-22 18:30:59,*PQM,264.04,737.40,178.15,195.24,91.25,26.51,60.78,302.11,710.90,194.00,215.80,89.90,27.19,75.75,267.49,751.64,175.37,201.71,86.94,25.90,85.30,277.88,733.32,547.53,612.75,89.36,26.53,221.83
2026-04-22 18:31:00,2026-04-22 18:31:59,*PQM,264.20,725.69,175.97,191.94,91.68,27.00,57.12,302.37,700.85,192.40,212.18,90.68,27.68,70.95,267.64,741.41,174.26,199.03,87.56,26.31,81.44,278.07,722.65,542.63,603.14,89.97,27.00,209.52
2026-04-22 18:32:00,2026-04-22 18:32:59,*PQM,264.12,748.56,183.12,198.72,92.15,26.30,57.23,302.22,728.27,201.56,221.32,91.07,26.85,71.93,267.52,768.19,181.32,206.65,87.74,25.53,83.88,277.95,748.34,566.00,626.70,90.32,26.23,213.05
2026-04-22 18:33:00,2026-04-22 18:33:59,*PQM,264.10,725.32,175.55,191.57,91.64,26.98,56.94,302.20,702.95,192.86,212.74,90.66,27.39,70.85,267.53,745.02,173.77,199.04,87.30,26.17,82.03,277.94,724.43,542.18,603.35,89.87,26.85,209.82
2026-04-22 18:34:00,2026-04-22 18:34:59,*PQM,264.16,718.33,174.57,190.30,91.74,27.19,56.01,302.22,701.49,192.38,211.72,90.86,27.41,69.46,267.54,740.58,173.28,198.17,87.44,26.25,81.34,277.97,720.13,540.24,600.19,90.01,26.95,206.81
2026-04-22 18:35:00,2026-04-22 18:35:59,*PQM,264.09,743.62,180.19,195.33,92.25,26.57,56.54,302.23,718.18,198.09,216.86,91.34,27.04,69.71,267.58,763.23,179.64,203.83,88.13,25.63,82.31,277.97,741.68,557.92,616.03,90.57,26.41,208.56
2026-04-22 18:36:00,2026-04-22 18:36:59,*PQM,264.13,754.49,183.21,199.36,91.90,26.41,59.19,302.19,730.74,200.57,220.69,90.89,26.99,73.41,267.56,777.14,181.88,207.40,87.70,25.69,84.79,277.96,754.13,565.67,627.44,90.16,26.36,217.38
2026-04-22 18:37:00,2026-04-22 18:37:59,*PQM,264.26,719.14,175.18,190.48,91.97,27.30,52.80,302.36,698.17,192.52,210.87,91.30,27.91,65.32,267.67,739.82,174.91,198.42,88.15,26.49,77.50,278.10,719.05,542.60,599.76,90.47,27.23,195.62
2026-04-22 18:38:00,2026-04-22 18:38:59,*PQM,264.33,673.34,162.73,177.89,91.47,29.17,52.05,302.41,649.35,178.81,196.93,90.80,29.71,62.38,267.77,694.31,163.67,186.79,87.62,27.88,74.69,278.17,672.34,505.20,561.61,89.96,28.92,189.12
2026-04-22 18:39:00,2026-04-22 18:39:59,*PQM,264.37,695.29,169.53,184.48,91.90,28.41,51.43,302.53,670.30,185.43,203.38,91.17,28.94,61.94,267.88,713.86,170.45,192.94,88.34,27.20,74.03,278.26,693.15,525.41,580.80,90.47,28.18,187.40
2026-04-22 18:40:00,2026-04-22 18:40:59,*PQM,264.18,727.90,177.90,193.25,92.06,27.12,53.90,302.34,709.84,196.56,215.04,91.41,27.60,65.91,267.70,754.38,178.48,202.46,88.15,26.07,79.55,278.07,730.71,552.94,610.75,90.54,26.93,199.36
2026-04-22 18:41:00,2026-04-22 18:41:59,*PQM,263.96,764.54,185.63,201.72,92.02,25.92,58.72,302.15,740.26,203.45,223.59,90.99,26.61,72.71,267.51,783.98,184.50,210.05,87.84,25.25,85.16,277.87,762.93,573.58,635.36,90.28,25.93,216.59
2026-04-22 18:42:00,2026-04-22 18:42:59,*PQM,264.01,722.18,174.38,190.47,91.55,26.66,57.79,302.02,730.48,197.81,219.87,89.97,26.19,79.25,267.26,744.34,168.87,198.50,85.07,25.74,91.16,277.76,732.33,541.06,608.85,88.86,26.20,228.20
2026-04-22 18:43:00,2026-04-22 18:43:59,*PQM,264.26,736.95,178.89,195.06,91.71,26.10,59.02,302.41,707.94,194.65,215.67,90.25,26.60,74.08,267.72,750.22,175.90,201.56,87.27,25.49,83.87,278.13,731.70,549.44,612.29,89.74,26.06,216.98
2026-04-22 18:44:00,2026-04-22 18:44:59,*PQM,264.23,713.88,172.92,188.80,91.59,26.51,57.58,302.36,689.28,189.26,209.75,90.23,27.16,72.57,267.58,725.24,170.01,195.40,87.01,25.97,82.29,278.06,709.47,532.19,593.95,89.61,26.55,212.44
2026-04-22 18:45:00,2026-04-22 18:45:59,*PQM,264.17,736.05,177.87,194.00,91.68,26.32,58.53,302.39,709.27,194.98,215.39,90.53,26.82,73.86,267.68,749.75,175.06,200.73,87.21,25.71,84.10,278.08,731.69,547.91,610.12,89.81,26.28,216.49
2026-04-22 18:46:00,2026-04-22 18:46:59,*PQM,264.17,723.48,175.97,191.99,91.66,26.17,58.74,302.39,707.38,194.38,214.78,90.50,26.58,73.53,267.55,744.94,173.80,200.03,86.88,25.36,85.17,278.04,725.27,544.14,606.80,89.68,26.04,217.45
2026-04-22 18:47:00,2026-04-22 18:47:59,*PQM,264.06,711.06,171.19,186.64,91.72,26.50,57.09,302.25,696.89,189.79,209.93,90.41,26.74,72.33,267.45,733.86,168.53,194.32,86.73,25.76,83.38,277.92,713.94,529.51,590.89,89.62,26.33,212.80
2026-04-22 18:48:00,2026-04-22 18:48:59,*PQM,264.12,701.98,170.99,187.16,91.36,26.44,58.03,302.34,688.93,188.95,208.83,90.48,26.94,71.24,267.51,727.18,169.69,195.34,86.87,25.64,82.87,277.99,706.03,529.63,591.33,89.57,26.34,212.14
2026-04-22 18:49:00,2026-04-22 18:49:59,*PQM,263.39,883.56,203.96,231.39,88.15,28.49,87.01,301.68,879.84,229.81,264.22,86.97,28.88,107.22,266.83,919.60,200.19,244.04,82.03,27.74,121.77,277.30,894.33,633.96,739.65,85.72,28.37,316.00
2026-04-22 18:50:00,2026-04-22 18:50:59,*PQM,263.53,851.62,201.37,230.21,87.47,28.90,88.73,301.77,849.17,227.17,263.18,86.32,29.19,109.50,266.86,884.82,196.93,242.66,81.16,28.04,123.43,277.39,861.87,625.47,736.04,84.98,28.71,321.66
2026-04-22 18:51:00,2026-04-22 18:51:59,*PQM,264.09,811.19,196.06,214.38,91.45,31.98,55.43,302.56,813.72,222.69,244.99,90.90,32.41,69.92,267.49,850.04,197.61,226.94,87.08,30.96,87.69,278.05,824.98,616.36,686.31,89.81,31.78,213.04
2026-04-22 18:52:00,2026-04-22 18:52:59,*PQM,264.19,784.55,188.45,204.56,92.13,32.16,51.66,302.53,784.00,214.07,234.24,91.39,32.49,67.17,267.53,816.74,188.61,215.55,87.50,31.25,83.32,278.08,795.10,591.13,654.35,90.34,31.97,202.14
2026-04-22 18:53:00,2026-04-22 18:53:59,*PQM,264.06,803.97,193.51,209.90,92.19,31.75,51.20,302.48,804.55,220.68,240.77,91.66,31.92,66.60,267.41,839.48,194.73,221.70,87.84,30.72,83.95,277.98,816.00,608.93,672.37,90.56,31.46,201.75
2026-04-22 18:54:00,2026-04-22 18:54:59,*PQM,264.14,802.60,196.83,214.57,91.73,32.19,51.66,302.53,803.27,224.15,246.13,91.07,32.30,67.56,267.51,835.29,197.87,226.40,87.40,31.27,84.93,278.06,813.72,618.86,687.10,90.07,31.92,204.15
2026-04-22 18:55:00,2026-04-22 18:55:59,*PQM,263.84,798.22,194.00,211.15,91.88,31.25,53.53,302.15,797.93,220.22,241.51,91.18,31.38,70.07,267.13,831.07,193.62,221.79,87.30,30.41,86.03,277.71,809.07,607.84,674.44,90.12,31.01,209.62
2026-04-22 18:56:00,2026-04-22 18:56:59,*PQM,263.92,800.38,192.32,209.23,91.92,30.18,54.83,302.27,798.95,217.55,238.95,91.04,30.71,71.79,267.23,828.82,191.04,219.19,87.16,29.67,86.73,277.81,809.38,600.91,667.36,90.04,30.19,213.35
2026-04-22 18:57:00,2026-04-22 18:57:59,*PQM,264.04,787.33,190.20,208.07,91.41,31.13,54.55,302.36,787.35,215.49,237.98,90.55,31.50,71.72,267.34,817.01,188.82,218.08,86.58,30.56,86.42,277.91,797.23,594.51,664.14,89.51,31.06,212.69
2026-04-22 18:58:00,2026-04-22 18:58:59,*PQM,263.85,771.41,186.81,204.81,91.21,31.29,55.12,302.20,773.98,211.55,234.71,90.14,31.71,72.64,267.16,799.23,184.88,214.47,86.20,30.74,87.04,277.74,781.54,583.24,653.99,89.18,31.25,214.80
2026-04-22 18:59:00,2026-04-22 18:59:59,*PQM,264.02,771.36,186.23,203.31,91.60,31.22,53.78,302.39,773.33,211.21,233.36,90.51,31.23,72.45,267.33,796.75,183.24,212.24,86.33,30.64,86.21,277.91,780.48,580.68,648.91,89.48,31.03,212.44
2026-04-22 19:00:00,2026-04-22 19:00:59,*PQM,263.86,762.23,185.22,202.49,91.47,30.75,54.86,302.17,761.31,209.35,232.10,90.20,30.81,73.50,267.17,786.32,182.25,211.46,86.19,30.27,86.82,277.73,769.95,576.82,646.05,89.29,30.61,215.18
2026-04-22 19:01:00,2026-04-22 19:01:59,*PQM,264.07,730.80,175.79,192.57,91.29,30.64,53.95,302.37,735.29,199.21,221.01,90.14,30.44,71.31,267.40,760.94,173.53,202.01,85.90,29.75,84.67,277.95,742.34,548.53,615.59,89.11,30.28,209.93
2026-04-22 19:02:00,2026-04-22 19:02:59,*PQM,264.23,752.97,181.88,198.22,91.75,29.62,52.64,302.63,752.86,205.41,227.18,90.42,29.60,71.34,267.60,775.09,178.55,206.64,86.41,29.24,84.09,278.15,760.31,565.84,632.03,89.53,29.49,208.07
2026-04-22 19:03:00,2026-04-22 19:03:59,*PQM,264.33,733.78,176.86,193.16,91.56,30.02,53.02,302.62,735.65,199.89,221.64,90.19,29.86,71.46,267.62,757.62,173.34,201.45,86.05,29.41,83.91,278.19,742.35,550.09,616.26,89.26,29.76,208.38
2026-04-22 19:04:00,2026-04-22 19:04:59,*PQM,264.37,720.16,175.82,191.84,91.65,30.07,53.47,302.72,722.84,198.88,220.15,90.34,30.03,72.22,267.58,738.51,171.96,199.75,86.09,29.52,84.22,278.22,727.17,546.66,611.74,89.36,29.87,209.91
2026-04-22 19:05:00,2026-04-22 19:05:59,*PQM,264.40,716.61,174.30,190.02,91.73,31.70,49.61,302.79,717.62,197.15,217.94,90.46,31.67,67.36,267.67,737.58,171.77,198.66,86.46,31.04,80.24,278.29,723.94,543.21,606.63,89.55,31.47,197.21
2026-04-22 19:06:00,2026-04-22 19:06:59,*PQM,264.50,693.40,169.59,184.90,91.72,30.31,49.30,302.77,691.04,190.99,210.90,90.56,30.46,65.42,267.74,715.49,167.71,193.47,86.69,29.51,78.07,278.34,699.98,528.29,589.26,89.66,30.09,192.80
2026-04-22 19:07:00,2026-04-22 19:07:59,*PQM,264.50,694.28,167.13,182.69,91.49,31.20,48.42,302.81,694.79,188.99,209.38,90.26,31.13,65.51,267.82,714.20,165.12,191.31,86.31,30.47,77.73,278.38,701.09,521.24,583.38,89.35,30.93,191.66
2026-04-22 19:08:00,2026-04-22 19:08:59,*PQM,264.58,705.77,170.59,185.68,91.88,29.91,50.62,302.88,703.78,192.29,212.16,90.63,30.17,67.11,267.83,730.40,168.86,194.74,86.72,29.24,79.76,278.43,713.32,531.75,592.58,89.74,29.77,197.49
2026-04-22 19:09:00,2026-04-22 19:09:59,*PQM,264.51,741.03,178.99,195.23,91.68,31.01,51.84,302.88,741.84,202.52,223.51,90.61,31.01,68.94,267.80,769.13,177.13,204.53,86.61,30.28,82.89,278.40,750.67,558.64,623.26,89.63,30.77,203.66
2026-04-22 19:10:00,2026-04-22 19:10:59,*PQM,264.45,749.39,177.64,192.67,92.20,29.14,53.06,302.79,750.54,201.12,220.87,91.06,29.11,70.69,267.72,774.48,175.52,202.02,86.89,28.51,84.11,278.32,758.14,554.28,615.56,90.05,28.92,207.85
2026-04-22 19:11:00,2026-04-22 19:11:59,*PQM,264.57,688.96,167.10,183.44,91.09,30.60,51.43,302.87,691.60,189.77,210.69,90.07,30.54,66.61,267.72,719.14,166.37,193.73,85.88,29.31,80.86,278.39,699.90,523.24,587.86,89.01,30.15,198.90
2026-04-22 19:12:00,2026-04-22 19:12:59,*PQM,264.40,729.15,175.04,192.00,91.17,31.98,51.55,302.83,729.10,197.80,219.52,90.11,31.94,68.79,267.69,756.24,173.15,201.13,86.09,31.15,81.65,278.31,738.16,545.99,612.66,89.12,31.69,201.98
2026-04-22 19:13:00,2026-04-22 19:13:59,*PQM,264.39,723.95,175.04,190.60,91.83,30.87,50.15,302.75,728.50,199.07,219.51,90.69,30.78,68.26,267.62,749.49,173.06,199.86,86.59,30.15,81.63,278.25,733.98,547.17,609.97,89.70,30.60,200.03
2026-04-22 19:14:00,2026-04-22 19:14:59,*PQM,264.53,697.73,168.17,183.23,91.78,30.66,50.56,302.90,699.92,190.23,210.09,90.55,30.63,67.19,267.72,723.74,166.28,192.30,86.47,29.71,79.99,278.38,707.13,524.69,585.62,89.60,30.33,197.74
2026-04-22 19:15:00,2026-04-22 19:15:59,*PQM,264.49,708.41,171.88,187.28,91.78,30.67,49.97,302.72,710.27,193.83,214.31,90.45,30.68,67.41,267.64,734.03,169.14,195.35,86.58,29.99,79.59,278.28,717.57,534.86,596.94,89.60,30.45,196.97
2026-04-22 19:16:00,2026-04-22 19:16:59,*PQM,264.44,741.16,180.06,195.94,91.89,30.10,51.03,302.81,744.17,204.70,224.70,91.10,30.13,66.45,267.68,773.90,180.23,206.75,87.17,29.12,82.01,278.31,753.08,564.99,627.39,90.06,29.78,199.49
2026-04-22 19:17:00,2026-04-22 19:17:59,*PQM,264.56,725.22,176.59,191.88,92.03,29.69,51.97,302.91,726.88,200.87,220.07,91.28,29.58,66.63,267.82,758.54,176.82,202.95,87.12,28.44,82.38,278.43,736.88,554.28,614.90,90.14,29.24,200.99
2026-04-22 19:18:00,2026-04-22 19:18:59,*PQM,264.83,690.31,171.17,186.42,91.82,30.86,47.59,303.18,695.22,195.34,214.00,91.28,30.83,60.96,268.12,724.38,172.45,197.83,87.17,29.53,76.97,278.71,703.30,538.96,598.25,90.09,30.41,185.53
2026-04-22 19:19:00,2026-04-22 19:19:59,*PQM,264.85,679.58,165.39,180.38,91.69,32.21,45.83,303.26,681.82,190.27,208.12,91.42,32.01,57.48,268.15,717.34,168.14,192.66,87.28,30.59,75.00,278.75,692.91,523.80,581.15,90.13,31.60,178.31
2026-04-22 19:20:00,2026-04-22 19:20:59,*PQM,264.43,682.23,166.69,180.15,92.53,32.31,41.14,303.29,699.61,193.20,212.23,91.03,32.58,60.89,267.50,703.42,163.50,188.40,86.78,31.90,74.00,278.41,695.09,523.38,580.78,90.11,32.26,176.04
2026-04-22 19:21:00,2026-04-22 19:21:59,*PQM,264.59,668.29,163.31,177.68,91.91,32.46,41.84,303.39,684.99,189.64,210.14,90.24,32.28,60.49,267.67,691.22,161.09,187.05,86.12,31.72,74.24,278.55,681.50,514.03,574.87,89.43,32.15,176.57
2026-04-22 19:22:00,2026-04-22 19:22:59,*PQM,264.51,705.12,171.78,185.83,92.44,29.95,46.74,303.27,719.83,196.76,217.60,90.42,30.46,68.54,267.57,719.23,166.11,192.59,86.25,29.82,79.56,278.45,714.73,534.65,596.02,89.70,30.08,194.84
2026-04-22 19:23:00,2026-04-22 19:23:59,*PQM,263.68,690.49,168.38,183.17,91.92,30.74,45.34,302.19,713.16,194.97,215.88,90.32,30.82,68.03,266.61,712.73,162.61,189.92,85.62,30.53,79.52,277.49,705.46,525.96,588.96,89.29,30.70,192.89
2026-04-22 19:24:00,2026-04-22 19:24:59,*PQM,263.59,715.18,172.53,186.73,92.40,29.56,48.84,302.25,732.89,197.32,218.79,90.19,30.17,72.83,266.54,732.28,165.15,192.28,85.89,29.58,82.19,277.46,726.78,535.00,597.80,89.49,29.77,203.87
2026-04-22 19:25:00,2026-04-22 19:25:59,*PQM,263.46,730.29,178.01,193.10,92.19,29.43,48.39,302.10,752.30,204.89,227.41,90.10,30.02,73.65,266.37,748.88,170.57,198.89,85.76,29.82,83.90,277.31,743.83,553.48,619.41,89.35,29.76,205.94
2026-04-22 19:26:00,2026-04-22 19:26:59,*PQM,263.04,742.92,181.44,195.07,93.02,29.05,48.60,301.56,761.30,207.81,228.87,90.80,29.59,73.40,265.96,756.71,174.07,200.94,86.63,29.19,83.65,276.85,753.64,563.32,624.88,90.15,29.28,205.64
2026-04-22 19:27:00,2026-04-22 19:27:59,*PQM,263.32,721.23,176.39,191.31,92.20,29.67,48.44,301.79,736.46,201.38,224.03,89.89,30.17,73.01,266.14,733.32,168.64,196.44,85.85,29.86,82.11,277.08,730.33,546.41,611.78,89.31,29.90,203.56
2026-04-22 19:28:00,2026-04-22 19:28:59,*PQM,263.50,707.83,172.73,188.25,91.76,30.08,48.98,301.97,722.67,196.20,219.79,89.27,30.59,73.14,266.33,718.45,164.44,192.78,85.30,30.32,81.36,277.27,716.32,533.37,600.82,88.77,30.33,203.48
2026-04-22 19:29:00,2026-04-22 19:29:59,*PQM,263.62,717.61,176.06,191.50,91.94,30.09,48.33,302.18,734.49,201.87,224.68,89.85,30.86,73.81,266.50,730.84,167.70,196.13,85.51,30.69,82.87,277.43,727.64,545.63,612.31,89.10,30.55,205.01
2026-04-22 19:30:00,2026-04-22 19:30:59,*PQM,263.96,734.45,175.74,190.46,92.27,30.43,50.21,302.63,745.61,199.07,221.46,89.89,30.94,74.28,266.84,740.14,167.08,194.44,85.93,30.60,82.12,277.81,740.06,541.89,606.36,89.36,30.66,206.61
2026-04-22 19:31:00,2026-04-22 19:31:59,*PQM,264.47,593.62,145.03,156.33,92.78,23.29,46.74,302.89,595.62,160.68,179.17,89.68,23.94,68.47,267.21,590.49,135.09,157.08,86.00,23.58,71.61,278.19,593.24,440.81,492.58,89.49,23.60,186.82
2026-04-22 19:32:00,2026-04-22 19:32:59,*PQM,264.50,543.14,133.46,143.62,92.93,25.25,39.92,302.97,545.18,149.72,165.89,90.25,25.68,58.51,267.34,544.40,126.12,146.16,86.29,25.28,64.07,278.27,544.24,409.30,455.67,89.82,25.40,162.50
2026-04-22 19:33:00,2026-04-22 19:33:59,*PQM,264.47,533.42,131.76,141.14,93.35,25.80,36.95,302.98,531.45,146.81,161.85,90.71,26.74,54.85,267.27,535.34,124.70,143.10,87.14,26.11,59.92,278.24,533.41,403.27,446.09,90.40,26.22,151.72
2026-04-22 19:34:00,2026-04-22 19:34:59,*PQM,264.36,535.36,131.76,141.10,93.38,25.62,36.66,302.88,537.92,148.40,163.01,91.04,26.38,54.49,267.19,540.00,125.32,143.87,87.10,25.81,60.77,278.14,537.76,405.48,447.98,90.51,25.94,151.92
2026-04-22 19:35:00,2026-04-22 19:35:59,*PQM,264.48,534.15,131.36,140.72,93.35,25.39,36.94,302.95,539.41,146.91,161.62,90.90,26.24,54.77,267.29,537.76,124.46,142.84,87.14,25.60,60.25,278.24,537.11,402.73,445.17,90.46,25.74,151.97
2026-04-22 19:36:00,2026-04-22 19:36:59,*PQM,264.24,594.86,147.61,157.81,93.53,23.38,42.97,302.55,636.34,172.69,191.55,90.15,22.73,72.27,266.92,602.29,135.26,161.11,83.96,23.35,79.03,277.90,611.16,455.56,510.47,89.22,23.15,194.27
2026-04-22 19:37:00,2026-04-22 19:37:59,*PQM,263.84,680.74,164.21,179.44,91.51,22.01,61.32,302.48,608.87,161.15,184.28,87.45,25.66,76.89,267.09,647.03,152.57,172.84,88.27,23.92,69.94,277.80,645.55,477.93,536.56,89.08,23.86,208.14
2026-04-22 19:38:00,2026-04-22 19:38:59,*PQM,264.20,625.55,153.08,164.74,92.93,24.93,46.64,302.69,634.76,172.00,192.03,89.57,25.09,72.23,267.13,621.75,141.63,166.05,85.29,25.27,76.28,278.01,627.36,466.71,522.81,89.26,25.10,195.16
2026-04-22 19:39:00,2026-04-22 19:39:59,*PQM,263.94,661.05,162.90,175.52,92.81,24.51,50.59,302.61,657.65,179.30,199.64,89.81,25.40,73.43,266.96,658.20,152.61,176.69,86.38,24.93,77.58,277.84,658.97,494.81,551.84,89.67,24.95,201.60
2026-04-22 19:40:00,2026-04-22 19:40:59,*PQM,263.96,633.38,154.23,167.04,92.33,25.32,48.89,302.65,632.02,170.26,190.28,89.48,26.38,70.10,266.98,631.77,145.03,168.42,86.11,25.75,74.34,277.86,632.39,469.53,525.74,89.31,25.82,193.33
2026-04-22 19:41:00,2026-04-22 19:41:59,*PQM,264.02,651.66,158.69,171.44,92.56,25.32,49.54,302.71,649.55,176.28,195.93,89.97,26.39,70.40,267.08,656.56,150.47,174.19,86.38,25.64,76.20,277.94,652.59,485.44,541.57,89.64,25.78,196.15
2026-04-22 19:42:00,2026-04-22 19:42:59,*PQM,264.10,653.97,160.04,173.33,92.33,24.65,51.60,302.70,648.71,176.36,197.16,89.45,25.62,73.66,267.10,653.00,150.60,174.98,86.07,25.03,77.83,277.97,651.90,487.00,545.47,89.28,25.10,203.09
2026-04-22 19:43:00,2026-04-22 19:43:59,*PQM,264.01,643.66,157.80,170.85,92.36,24.34,51.23,302.56,642.68,174.60,195.43,89.34,24.99,74.20,266.96,642.84,147.44,172.28,85.58,24.58,78.32,277.84,643.06,479.84,538.56,89.09,24.64,203.74
2026-04-22 19:44:00,2026-04-22 19:44:59,*PQM,264.18,676.29,165.94,179.35,92.53,24.99,52.11,302.80,685.04,187.28,209.39,89.44,25.22,79.46,267.08,677.94,153.91,181.22,84.93,25.14,84.56,278.02,679.76,507.13,569.95,88.97,25.12,216.12
2026-04-22 19:45:00,2026-04-22 19:45:59,*PQM,264.04,653.33,159.57,172.62,92.44,25.62,50.10,302.73,652.28,177.41,197.72,89.72,26.57,71.62,266.97,654.86,150.49,175.14,85.92,25.92,77.37,277.91,653.49,487.46,545.48,89.36,26.04,199.09
2026-04-22 19:46:00,2026-04-22 19:46:59,*PQM,264.13,626.82,153.54,165.82,92.59,26.49,45.84,302.84,625.54,171.15,189.50,90.32,27.60,64.39,267.05,631.12,146.99,169.65,86.64,26.61,71.80,278.01,627.83,471.68,524.97,89.85,26.90,182.03
2026-04-22 19:47:00,2026-04-22 19:47:59,*PQM,264.01,630.45,153.72,165.80,92.71,26.26,45.84,302.77,627.45,171.80,189.75,90.54,27.23,64.31,267.00,639.69,147.15,169.60,86.77,26.34,72.10,277.93,632.53,472.67,525.14,90.01,26.61,182.25
2026-04-22 19:48:00,2026-04-22 19:48:59,*PQM,264.22,617.92,152.17,164.21,92.66,26.18,45.59,302.94,612.80,168.18,186.22,90.31,27.52,63.71,267.22,622.75,145.58,167.28,87.03,26.47,70.12,278.13,617.82,465.93,517.71,90.00,26.72,179.42
2026-04-22 19:49:00,2026-04-22 19:49:59,*PQM,264.03,635.73,155.64,168.20,92.53,26.51,46.90,302.76,635.98,173.72,192.09,90.43,27.45,65.15,267.00,647.80,149.89,172.85,86.72,26.44,73.26,277.93,639.83,479.24,533.14,89.89,26.80,185.31
2026-04-22 19:50:00,2026-04-22 19:50:59,*PQM,264.02,637.33,155.40,167.81,92.61,24.83,49.00,302.66,631.91,172.15,191.10,90.08,25.92,68.45,266.97,643.37,148.10,171.33,86.44,24.91,75.08,277.88,637.53,475.65,530.24,89.71,25.22,192.53
2026-04-22 19:51:00,2026-04-22 19:51:59,*PQM,264.09,635.76,154.96,167.71,92.40,24.29,50.53,302.80,638.37,172.64,192.39,89.73,25.20,71.80,267.05,641.62,146.51,170.94,85.71,24.66,77.85,277.98,638.58,474.11,531.03,89.28,24.72,200.19
2026-04-22 19:52:00,2026-04-22 19:52:59,*PQM,264.20,615.39,151.65,162.81,93.15,24.43,45.23,302.84,610.59,167.75,186.01,90.18,25.50,66.62,267.20,609.86,142.48,164.37,86.68,25.03,71.38,278.08,611.95,461.88,513.18,90.00,24.99,183.23
2026-04-22 19:53:00,2026-04-22 19:53:59,*PQM,264.23,601.05,147.61,159.16,92.74,25.12,45.28,302.86,606.16,165.77,184.37,89.91,25.80,67.29,267.20,599.71,138.10,161.38,85.58,25.75,72.78,278.10,602.31,451.48,504.91,89.41,25.56,185.35
2026-04-22 19:54:00,2026-04-22 19:54:59,*PQM,264.25,602.99,148.33,159.14,93.21,24.94,43.02,302.92,604.73,164.94,182.52,90.37,25.91,64.11,267.18,603.58,139.68,160.92,86.80,25.45,69.02,278.12,603.77,452.95,502.57,90.13,25.43,176.15
2026-04-22 19:55:00,2026-04-22 19:55:59,*PQM,264.19,595.43,146.71,157.19,93.33,24.28,43.12,302.74,599.45,163.43,180.58,90.50,25.28,63.85,267.07,595.38,138.03,159.11,86.75,24.83,68.98,278.00,596.75,448.18,496.89,90.20,24.80,175.96
2026-04-22 19:56:00,2026-04-22 19:56:59,*PQM,264.14,595.67,146.24,157.37,92.93,23.59,45.28,302.67,596.94,162.10,180.57,89.77,24.56,67.25,267.04,593.63,136.55,158.54,86.13,24.31,70.88,277.95,595.42,444.89,496.49,89.61,24.15,183.41
2026-04-22 19:57:00,2026-04-22 19:57:59,*PQM,264.15,582.03,142.65,153.69,92.82,23.80,45.32,302.70,584.53,159.09,177.23,89.77,24.58,66.36,267.12,584.59,134.27,156.52,85.78,24.18,71.16,277.99,583.72,436.01,487.44,89.46,24.19,182.83
2026-04-22 19:58:00,2026-04-22 19:58:59,*PQM,264.13,579.03,142.48,153.29,92.95,24.35,43.42,302.71,580.20,158.29,175.52,90.18,25.26,63.19,267.12,582.91,135.04,156.05,86.54,24.72,68.31,277.99,580.71,435.81,484.85,89.89,24.78,174.93
2026-04-22 19:59:00,2026-04-22 19:59:59,*PQM,264.39,553.86,136.44,146.37,93.22,24.90,39.28,302.91,555.60,152.50,167.99,90.78,25.62,58.03,267.33,558.39,129.76,149.17,86.99,25.07,63.79,278.21,555.95,418.70,463.52,90.33,25.20,161.10
2026-04-22 20:00:00,2026-04-22 20:00:59,*PQM,264.21,552.95,135.40,145.21,93.25,26.47,37.10,302.78,551.16,151.56,166.62,90.97,27.34,54.26,267.15,558.57,130.38,149.06,87.47,26.60,61.17,278.05,554.23,417.35,460.89,90.56,26.80,152.52
2026-04-22 20:01:00,2026-04-22 20:01:59,*PQM,264.14,559.37,136.95,146.70,93.36,26.02,37.37,302.50,592.55,161.58,178.70,90.42,25.26,63.45,266.87,571.45,127.44,151.01,84.39,25.60,71.71,277.84,574.46,425.97,476.41,89.39,25.63,172.53
2026-04-22 20:02:00,2026-04-22 20:02:59,*PQM,264.25,569.29,140.51,150.29,93.50,26.93,36.63,302.81,604.92,165.62,182.92,90.54,26.24,63.05,267.01,576.53,130.90,154.71,84.61,26.68,71.48,278.02,583.58,437.03,487.92,89.55,26.62,171.17
2026-04-22 20:03:00,2026-04-22 20:03:59,*PQM,264.07,625.46,153.10,165.45,92.53,24.73,49.02,302.65,629.00,170.88,190.44,89.73,25.37,71.26,266.90,633.36,144.14,168.33,85.63,24.94,76.64,277.87,629.27,468.12,524.22,89.30,25.01,196.92
2026-04-22 20:04:00,2026-04-22 20:04:59,*PQM,263.83,648.33,157.65,170.77,92.32,24.74,50.95,302.49,648.37,175.13,195.76,89.46,25.60,73.24,266.73,650.39,148.57,173.40,85.68,24.97,78.59,277.68,649.03,481.35,539.93,89.15,25.10,202.78
2026-04-22 20:05:00,2026-04-22 20:05:59,*PQM,263.62,648.96,157.84,171.18,92.21,24.89,51.77,302.21,646.30,174.58,195.42,89.33,25.90,73.77,266.56,651.00,148.59,173.54,85.62,25.25,78.59,277.46,648.75,481.00,540.14,89.06,25.35,204.12
2026-04-22 20:06:00,2026-04-22 20:06:59,*PQM,263.63,654.06,160.50,173.28,92.62,24.60,50.80,302.18,663.99,180.14,201.93,89.21,24.90,77.35,266.49,651.41,148.36,175.04,84.76,24.88,82.13,277.43,656.49,489.00,550.26,88.86,24.79,210.28
2026-04-22 20:07:00,2026-04-22 20:07:59,*PQM,263.79,627.78,153.36,165.76,92.52,24.93,48.41,302.44,628.56,171.04,190.55,89.76,25.76,70.20,266.70,632.04,144.15,168.22,85.69,25.27,75.98,277.64,629.46,468.55,524.53,89.32,25.32,194.59
2026-04-22 20:08:00,2026-04-22 20:08:59,*PQM,263.51,639.69,156.04,169.00,92.33,25.71,49.65,302.11,636.34,172.70,193.06,89.45,26.71,71.07,266.50,640.90,146.82,171.23,85.74,26.08,76.36,277.37,638.98,475.55,533.29,89.18,26.17,197.08
2026-04-22 20:09:00,2026-04-22 20:09:59,*PQM,263.55,617.15,150.28,163.03,92.18,26.44,47.82,302.21,616.35,166.83,186.38,89.51,27.46,67.81,266.53,621.74,142.10,165.78,85.72,26.67,73.49,277.43,618.41,459.20,515.18,89.13,26.86,189.12
2026-04-22 20:10:00,2026-04-22 20:10:59,*PQM,263.56,619.32,150.09,162.63,92.29,26.08,47.07,302.07,617.86,167.51,186.61,89.76,26.88,67.14,266.46,622.57,142.21,165.64,85.85,26.28,73.43,277.36,619.91,459.81,514.88,89.30,26.41,187.64
2026-04-22 20:11:00,2026-04-22 20:11:59,*PQM,263.33,624.67,152.42,164.59,92.61,26.00,46.75,301.99,627.66,170.59,189.54,90.00,26.94,67.59,266.29,627.55,144.38,167.67,86.11,26.35,73.69,277.20,626.63,467.39,521.80,89.57,26.43,188.03
2026-04-22 20:12:00,2026-04-22 20:12:59,*PQM,263.49,608.31,147.68,159.41,92.64,26.81,44.00,302.07,639.48,172.44,192.32,89.66,26.31,70.62,266.31,620.62,137.29,163.93,83.75,26.56,78.70,277.29,622.80,457.41,515.66,88.69,26.56,193.32
2026-04-22 20:13:00,2026-04-22 20:13:59,*PQM,263.61,589.60,144.54,155.73,92.82,27.69,40.68,302.13,605.02,163.94,181.74,90.21,28.07,61.95,266.46,592.28,136.67,158.88,86.02,27.86,68.61,277.40,595.63,445.15,496.35,89.68,27.87,171.25
2026-04-22 20:14:00,2026-04-22 20:14:59,*PQM,263.42,609.19,149.01,160.03,93.11,27.68,39.85,301.98,638.60,173.45,191.92,90.38,27.33,65.79,266.25,614.93,139.19,163.53,85.12,27.71,73.51,277.22,620.91,461.66,515.48,89.54,27.57,179.14
2026-04-22 20:15:00,2026-04-22 20:15:59,*PQM,263.38,603.09,147.21,158.30,92.99,26.83,40.64,301.88,646.73,175.39,194.41,90.22,25.36,68.15,266.13,617.01,137.33,163.89,83.80,26.23,77.94,277.13,622.28,459.92,516.60,89.00,26.14,186.73
2026-04-22 20:16:00,2026-04-22 20:16:59,*PQM,263.48,605.18,148.66,159.87,92.99,26.80,41.66,302.08,627.98,170.24,188.99,90.08,26.92,65.66,266.33,612.28,139.17,162.90,85.43,27.05,72.45,277.30,615.15,458.06,511.76,89.50,26.92,179.76
2026-04-22 20:17:00,2026-04-22 20:17:59,*PQM,263.32,629.13,153.91,166.28,92.56,25.76,47.09,301.97,630.96,172.55,191.33,90.18,26.69,66.68,266.16,635.29,147.13,170.33,86.38,26.02,73.75,277.15,631.80,473.59,527.94,89.71,26.16,187.52
2026-04-22 20:18:00,2026-04-22 20:18:59,*PQM,263.37,619.84,151.78,163.99,92.56,25.70,46.65,302.08,619.73,169.47,188.19,90.05,26.72,66.44,266.25,623.99,144.41,167.25,86.34,26.00,72.60,277.23,621.19,465.66,519.42,89.65,26.14,185.69
2026-04-22 20:19:00,2026-04-22 20:19:59,*PQM,263.27,630.11,153.98,166.21,92.64,25.97,46.87,302.03,637.36,173.68,192.39,90.28,26.82,66.71,266.16,641.75,147.33,171.03,86.14,26.14,74.68,277.15,636.41,474.99,529.63,89.69,26.31,188.26
2026-04-22 20:20:00,2026-04-22 20:20:59,*PQM,263.53,634.63,153.97,166.00,92.75,25.96,46.54,302.29,640.32,173.47,192.15,90.28,26.94,66.79,266.44,643.21,147.21,170.56,86.31,26.28,74.32,277.42,639.38,474.65,528.71,89.78,26.39,187.65
2026-04-22 20:21:00,2026-04-22 20:21:59,*PQM,263.56,622.44,151.33,163.27,92.68,26.45,45.46,302.34,628.49,170.76,188.99,90.35,27.49,64.97,266.45,629.10,145.18,168.13,86.35,26.52,72.76,277.45,626.68,467.27,520.39,89.80,26.82,183.19
2026-04-22 20:22:00,2026-04-22 20:22:59,*PQM,263.59,623.10,152.50,164.27,92.83,26.63,44.14,302.27,648.25,176.24,196.19,89.83,26.70,70.13,266.43,632.61,142.98,168.64,84.78,26.81,77.50,277.43,634.65,471.72,529.10,89.15,26.71,191.78
2026-04-22 20:23:00,2026-04-22 20:23:59,*PQM,263.53,606.65,148.78,160.58,92.65,26.19,44.31,302.25,621.20,169.84,188.67,90.02,26.44,67.23,266.41,616.93,140.57,164.71,85.34,26.27,74.26,277.40,614.93,459.19,513.96,89.34,26.30,185.80
2026-04-22 20:24:00,2026-04-22 20:24:59,*PQM,263.43,634.26,154.93,167.25,92.63,25.14,48.13,302.20,635.74,173.66,193.26,89.86,26.16,70.54,266.41,639.76,146.49,170.62,85.86,25.55,76.19,277.35,636.59,475.07,531.13,89.45,25.62,194.86
2026-04-22 20:25:00,2026-04-22 20:25:59,*PQM,263.39,645.12,157.10,169.69,92.58,25.47,48.58,302.14,650.95,176.44,196.60,89.75,26.25,71.44,266.34,651.29,148.53,173.09,85.81,25.80,77.38,277.29,649.12,482.08,539.38,89.38,25.84,197.40
2026-04-22 20:26:00,2026-04-22 20:26:59,*PQM,263.46,687.81,165.99,180.39,92.01,26.67,53.74,302.25,699.60,186.84,209.90,89.02,27.54,78.80,266.42,697.74,156.45,184.54,84.78,26.92,84.89,277.38,695.05,509.28,574.83,88.60,27.04,217.42
2026-04-22 20:27:00,2026-04-22 20:27:59,*PQM,263.34,777.41,184.84,198.51,93.12,31.31,47.35,302.21,796.51,211.31,232.11,91.04,32.03,72.63,266.25,792.76,177.71,204.15,87.05,31.53,82.79,277.27,788.89,573.86,634.77,90.40,31.62,202.76
2026-04-22 20:28:00,2026-04-22 20:28:59,*PQM,263.33,744.97,182.63,198.25,92.12,31.24,46.71,302.14,768.70,210.96,234.31,90.04,31.85,71.32,266.21,763.27,176.53,205.70,85.82,31.23,83.43,277.23,758.98,570.13,638.25,89.33,31.44,201.47
2026-04-22 20:29:00,2026-04-22 20:29:59,*PQM,263.57,738.58,181.12,197.06,91.91,31.07,46.76,302.25,756.50,207.89,231.64,89.75,31.66,71.08,266.45,753.59,174.56,203.70,85.69,31.04,82.28,277.42,749.55,563.58,632.40,89.12,31.26,200.12
2026-04-22 20:30:00,2026-04-22 20:30:59,*PQM,263.39,759.10,187.14,202.99,92.19,29.79,50.81,302.06,775.44,214.87,238.66,90.03,30.37,76.46,266.34,775.55,180.08,210.04,85.74,29.84,87.65,277.26,770.03,582.08,651.69,89.32,30.00,214.93
2026-04-22 20:31:00,2026-04-22 20:31:59,*PQM,263.34,765.82,188.46,204.72,92.06,30.41,50.66,302.07,783.35,216.32,240.48,89.95,30.97,76.48,266.28,782.36,181.25,211.56,85.67,30.61,87.64,277.23,777.18,586.03,656.76,89.23,30.66,214.78
2026-04-22 20:32:00,2026-04-22 20:32:59,*PQM,264.59,748.87,182.92,200.90,91.05,31.63,52.44,303.05,746.92,207.58,230.75,89.96,31.87,70.03,267.93,771.50,181.19,210.82,85.94,30.90,84.36,278.52,755.76,571.69,642.47,88.99,31.47,206.83
2026-04-22 20:33:00,2026-04-22 20:33:59,*PQM,264.47,752.28,184.53,201.43,91.61,31.39,51.86,302.92,752.88,209.50,231.54,90.48,31.31,69.56,267.77,777.61,182.64,211.33,86.42,30.58,84.46,278.39,760.92,576.66,644.30,89.50,31.09,205.89
2026-04-22 20:34:00,2026-04-22 20:34:59,*PQM,264.66,759.09,184.99,202.21,91.49,31.40,52.41,303.11,762.50,210.20,232.37,90.46,31.50,70.56,267.95,784.36,182.85,211.71,86.37,30.69,85.37,278.57,768.65,578.05,646.29,89.44,31.20,208.35
2026-04-22 20:35:00,2026-04-22 20:35:59,*PQM,264.76,772.94,184.49,201.37,91.61,31.75,53.06,303.29,772.61,208.56,231.07,90.26,31.93,72.41,268.05,793.12,181.03,209.72,86.32,31.05,85.48,278.70,779.56,574.08,642.17,89.40,31.58,210.95
2026-04-22 20:36:00,2026-04-22 20:36:59,*PQM,264.49,819.60,196.78,216.16,91.03,28.19,68.35,303.08,758.39,202.44,227.70,88.91,31.01,81.91,268.02,809.29,191.13,217.11,88.03,28.94,84.04,278.53,795.76,590.35,660.97,89.32,29.38,234.30
2026-04-22 20:37:00,2026-04-22 20:37:59,*PQM,264.94,795.92,193.19,209.46,92.23,30.18,55.42,303.51,796.43,218.02,240.03,90.83,30.64,75.21,268.17,820.20,189.64,217.86,87.05,29.78,88.64,278.87,804.18,600.85,667.35,90.04,30.20,219.28
2026-04-22 20:38:00,2026-04-22 20:38:59,*PQM,264.77,781.93,189.25,207.26,91.31,31.06,54.97,303.25,776.02,212.30,236.11,89.91,31.43,74.47,268.01,800.12,185.36,214.89,86.25,30.53,86.46,278.68,786.02,586.91,658.27,89.16,31.01,215.90
2026-04-22 20:39:00,2026-04-22 20:39:59,*PQM,264.76,763.69,188.07,205.74,91.41,31.66,51.02,303.13,777.19,214.28,238.17,89.97,31.73,73.56,267.90,783.07,182.84,213.29,85.72,31.18,86.28,278.60,774.65,585.19,657.21,89.03,31.52,210.86
2026-04-22 20:40:00,2026-04-22 20:40:59,*PQM,264.43,822.99,197.18,217.13,90.81,28.91,67.54,303.16,761.34,204.01,229.95,88.72,31.80,80.96,268.02,821.08,192.21,219.20,87.69,29.53,84.24,278.54,801.80,593.40,666.28,89.07,30.08,232.74
2026-04-22 20:41:00,2026-04-22 20:41:59,*PQM,264.97,758.51,184.30,200.36,91.98,31.13,50.89,303.44,776.87,213.04,235.02,90.64,30.42,73.42,268.18,781.55,179.96,209.50,85.90,30.28,87.82,278.86,772.31,577.29,644.89,89.51,30.61,212.13
2026-04-22 20:42:00,2026-04-22 20:42:59,*PQM,264.94,761.99,185.34,203.09,91.26,32.20,50.89,303.43,760.09,209.19,232.15,90.11,32.43,68.91,268.15,785.32,183.16,211.83,86.47,31.39,82.15,278.84,769.13,577.70,647.07,89.28,32.01,201.95
2026-04-22 20:43:00,2026-04-22 20:43:59,*PQM,264.91,785.04,190.43,208.51,91.33,30.85,56.42,303.41,787.54,215.72,239.01,90.26,30.95,74.78,268.22,809.98,188.68,218.59,86.32,29.96,89.18,278.85,794.19,594.83,666.11,89.30,30.59,220.39
2026-04-22 20:44:00,2026-04-22 20:44:59,*PQM,264.61,833.67,201.87,220.30,91.64,31.09,58.37,303.17,863.28,236.48,262.27,90.17,30.08,85.34,267.86,864.92,196.60,231.81,84.81,29.99,102.11,278.55,853.96,634.96,714.38,88.87,30.39,245.83
2026-04-22 20:45:00,2026-04-22 20:45:59,*PQM,264.91,808.74,194.20,211.72,91.72,30.62,57.47,303.49,811.14,220.51,242.78,90.83,30.68,74.50,268.21,839.99,193.53,223.13,86.74,29.49,90.75,278.87,819.96,608.24,677.63,89.76,30.26,222.72
2026-04-22 20:46:00,2026-04-22 20:46:59,*PQM,265.07,802.20,195.62,214.36,91.26,31.32,57.74,303.72,804.53,222.69,246.70,90.27,31.51,75.22,268.39,834.89,195.29,226.42,86.25,30.26,91.83,279.06,813.87,613.60,687.48,89.26,31.03,224.79
2026-04-22 20:47:00,2026-04-22 20:47:59,*PQM,265.09,789.44,190.50,207.53,91.79,30.57,57.17,303.71,786.17,214.53,236.66,90.65,30.88,74.65,268.29,816.85,188.95,217.66,86.81,29.63,88.85,279.03,797.49,593.98,661.85,89.75,30.36,220.67
2026-04-22 20:48:00,2026-04-22 20:48:59,*PQM,265.07,767.36,189.04,207.13,91.27,30.21,55.97,303.62,766.62,214.32,237.22,90.35,30.49,73.05,268.39,796.08,188.38,218.11,86.37,29.28,88.53,279.03,776.69,591.74,662.46,89.33,29.99,217.55
2026-04-22 20:49:00,2026-04-22 20:49:59,*PQM,264.76,812.88,199.09,218.27,91.21,30.09,59.58,303.28,808.85,224.42,249.36,90.00,30.55,79.26,268.04,840.39,196.45,228.15,86.11,29.48,93.36,278.69,820.71,619.97,695.77,89.11,30.04,232.19
2026-04-22 20:50:00,2026-04-22 20:50:59,*PQM,265.03,761.01,184.04,201.21,91.47,28.97,57.53,303.48,745.03,203.32,226.54,89.75,29.54,76.28,268.33,775.35,179.66,208.14,86.32,28.56,86.38,278.95,760.46,567.02,635.89,89.18,29.02,220.19
2026-04-22 20:51:00,2026-04-22 20:51:59,*PQM,265.03,679.33,165.24,180.36,91.62,24.87,57.40,303.25,692.72,187.22,209.96,89.17,24.11,82.42,268.10,694.91,156.06,185.86,83.97,24.09,90.58,278.79,688.99,508.52,576.18,88.25,24.36,230.41
2026-04-22 20:52:00,2026-04-22 20:52:59,*PQM,265.20,654.11,158.31,171.71,92.20,26.61,49.63,303.53,669.31,182.78,202.60,90.22,25.60,72.43,268.38,673.16,152.09,179.37,84.79,25.45,83.81,279.04,665.53,493.18,553.68,89.07,25.89,205.86
2026-04-22 20:53:00,2026-04-22 20:53:59,*PQM,265.41,648.43,158.26,172.06,91.98,26.56,50.43,303.69,641.45,175.75,195.89,89.72,26.37,71.14,268.57,653.37,150.34,175.74,85.55,26.02,78.72,279.22,647.75,484.35,543.68,89.08,26.32,200.29
2026-04-22 20:54:00,2026-04-22 20:54:59,*PQM,265.42,645.94,157.93,170.95,92.39,26.27,49.03,303.75,628.22,172.05,190.63,90.25,26.53,66.64,268.65,648.47,152.09,174.42,87.20,25.71,73.28,279.27,640.88,482.08,536.00,89.95,26.17,188.95
2026-04-22 20:55:00,2026-04-22 20:55:59,*PQM,265.48,621.64,151.84,164.88,92.10,26.93,47.06,303.72,637.55,174.41,193.10,90.32,26.04,67.85,268.56,641.86,146.33,171.95,85.10,25.78,78.96,279.25,633.68,472.58,529.93,89.17,26.25,193.87
2026-04-22 20:56:00,2026-04-22 20:56:59,*PQM,265.58,631.51,154.82,168.77,91.74,26.98,50.23,303.95,637.01,174.74,194.35,89.91,26.50,69.85,268.67,647.85,149.08,174.88,85.24,26.00,79.54,279.40,638.79,478.64,538.00,88.96,26.49,199.62
2026-04-22 20:57:00,2026-04-22 20:57:59,*PQM,265.55,629.58,152.24,166.44,91.47,27.22,50.20,304.10,617.02,168.76,187.83,89.85,27.31,65.94,268.84,642.33,148.53,172.42,86.15,26.25,75.05,279.50,629.64,469.53,526.68,89.15,26.93,191.19
2026-04-22 20:58:00,2026-04-22 20:58:59,*PQM,265.58,632.62,154.38,168.31,91.73,26.87,50.03,304.08,614.44,169.00,187.49,90.14,27.41,64.55,268.89,642.21,150.90,173.67,86.89,26.17,73.05,279.52,629.75,474.28,529.47,89.58,26.82,187.63
2026-04-22 20:59:00,2026-04-22 20:59:59,*PQM,265.78,630.06,153.11,167.14,91.61,26.97,50.53,304.24,611.87,167.66,186.29,90.00,27.58,65.22,269.00,637.78,149.34,172.39,86.63,26.30,73.40,279.67,626.57,470.11,525.83,89.41,26.95,189.15
2026-04-22 21:00:00,2026-04-22 21:00:59,*PQM,265.73,628.09,153.66,167.78,91.59,27.21,50.53,304.25,614.63,168.51,187.44,89.90,27.70,65.26,268.91,639.80,149.70,173.09,86.49,26.48,73.85,279.63,627.51,471.87,528.31,89.33,27.13,189.63
2026-04-22 21:01:00,2026-04-22 21:01:59,*PQM,265.58,635.24,152.62,166.70,91.56,26.27,52.27,304.03,621.19,167.96,188.05,89.32,26.62,69.70,268.84,642.97,146.58,171.38,85.53,25.64,77.28,279.48,633.13,467.17,526.13,88.80,26.18,199.25
2026-04-22 21:02:00,2026-04-22 21:02:59,*PQM,265.73,649.75,157.83,173.03,91.22,27.07,53.95,304.21,642.90,175.12,196.28,89.22,26.95,72.81,269.02,659.55,151.40,177.85,85.13,26.40,80.82,279.65,650.73,484.36,547.16,88.52,26.81,207.58
2026-04-22 21:03:00,2026-04-22 21:03:59,*PQM,265.70,636.12,154.54,169.69,91.07,27.04,53.25,304.19,621.14,169.19,188.98,89.53,27.58,68.13,269.02,647.79,150.56,174.97,86.05,26.39,76.37,279.64,635.01,474.29,533.64,88.88,27.00,197.76
2026-04-22 21:04:00,2026-04-22 21:04:59,*PQM,265.62,674.14,162.00,177.57,91.23,26.53,56.66,304.16,658.44,177.74,198.84,89.39,26.81,73.51,269.01,686.49,156.69,182.81,85.72,25.90,81.86,279.60,673.02,496.43,559.22,88.78,26.41,212.02
2026-04-22 21:05:00,2026-04-22 21:05:59,*PQM,265.88,632.21,153.01,167.95,91.11,27.53,52.41,304.39,612.56,166.64,186.01,89.59,28.13,66.70,269.19,641.55,148.66,172.39,86.24,26.84,74.38,279.82,628.77,468.32,526.35,88.98,27.50,193.49
2026-04-22 21:06:00,2026-04-22 21:06:59,*PQM,265.99,632.28,154.32,168.87,91.39,27.22,51.42,304.50,614.48,168.69,187.62,89.91,27.54,65.98,269.32,643.88,150.76,174.05,86.62,26.38,74.24,279.94,630.21,473.77,530.53,89.31,27.05,191.65
2026-04-22 21:07:00,2026-04-22 21:07:59,*PQM,265.97,618.27,149.78,164.05,91.30,28.26,49.73,304.50,601.09,164.21,182.77,89.84,28.63,63.44,269.28,632.08,146.90,170.03,86.40,27.24,72.43,279.92,617.14,460.88,516.85,89.18,28.04,185.60
2026-04-22 21:08:00,2026-04-22 21:08:59,*PQM,266.04,617.80,149.46,163.56,91.38,28.12,49.20,304.56,604.61,164.19,182.81,89.81,28.30,64.49,269.29,633.35,145.46,168.57,86.29,27.14,72.62,279.96,618.59,459.11,514.95,89.16,27.85,186.30
2026-04-22 21:09:00,2026-04-22 21:09:59,*PQM,265.81,644.27,155.61,170.63,91.20,26.61,53.57,304.25,628.65,170.63,190.54,89.55,27.06,70.18,269.05,655.50,150.44,175.37,85.78,25.92,77.86,279.70,642.81,476.68,536.54,88.84,26.53,201.61
2026-04-22 21:10:00,2026-04-22 21:10:59,*PQM,265.72,639.49,155.26,169.97,91.35,26.82,53.22,304.14,619.34,169.27,188.85,89.63,27.27,68.07,269.00,651.66,151.22,175.28,86.27,25.96,76.23,279.62,636.83,475.75,534.10,89.09,26.68,197.52
2026-04-22 21:11:00,2026-04-22 21:11:59,*PQM,265.77,643.93,156.19,170.79,91.45,26.69,53.31,304.12,620.42,169.24,188.86,89.61,27.19,68.12,269.00,655.98,152.15,175.66,86.62,25.86,75.61,279.63,640.11,477.59,535.31,89.23,26.58,197.05
2026-04-22 21:12:00,2026-04-22 21:12:59,*PQM,265.91,618.06,150.79,164.84,91.48,26.29,51.27,304.26,612.31,167.66,186.84,89.73,26.11,68.80,269.13,628.61,145.27,170.00,85.45,25.41,77.26,279.77,619.66,463.72,521.69,88.89,25.94,197.33
2026-04-22 21:13:00,2026-04-22 21:13:59,*PQM,265.77,633.40,153.08,167.53,91.37,26.59,52.27,304.18,611.50,166.46,185.74,89.62,27.13,67.37,269.06,640.26,148.21,171.69,86.33,26.01,74.51,279.67,628.39,467.75,524.95,89.11,26.58,194.15
2026-04-22 21:14:00,2026-04-22 21:14:59,*PQM,265.92,649.05,157.54,172.26,91.45,26.78,53.55,304.34,633.31,173.12,192.42,89.97,26.93,69.19,269.22,662.95,153.49,177.77,86.34,25.89,78.03,279.83,648.44,484.15,542.45,89.26,26.53,200.77
2026-04-22 21:15:00,2026-04-22 21:15:59,*PQM,266.00,642.59,155.54,170.15,91.41,26.67,53.53,304.42,622.38,168.63,188.19,89.61,27.04,68.93,269.26,650.89,150.60,174.26,86.42,26.01,76.04,279.89,638.62,474.77,532.60,89.15,26.57,198.51
2026-04-22 21:16:00,2026-04-22 21:16:59,*PQM,265.98,637.79,154.69,169.29,91.37,26.56,53.36,304.48,618.81,169.65,188.47,90.02,26.87,66.86,269.33,650.57,151.58,175.50,86.37,25.70,76.66,279.93,635.72,475.92,533.25,89.25,26.38,196.87
2026-04-22 21:17:00,2026-04-22 21:17:59,*PQM,265.80,652.23,157.52,172.95,91.08,27.07,54.51,304.21,682.34,184.83,206.43,89.53,25.78,76.68,268.99,685.21,152.16,183.35,82.99,25.58,90.92,279.67,673.26,494.50,562.72,87.87,26.14,222.11
2026-04-22 21:18:00,2026-04-22 21:18:59,*PQM,265.99,626.94,153.13,168.51,90.88,27.82,52.69,304.33,651.23,179.94,200.56,89.72,26.33,71.89,269.07,657.98,149.81,180.15,83.16,25.90,87.56,279.80,645.38,482.88,549.21,87.92,26.68,212.15
2026-04-22 21:19:00,2026-04-22 21:19:59,*PQM,265.92,606.53,146.62,161.01,91.06,29.29,48.26,304.32,617.87,168.44,187.77,89.71,28.37,65.85,269.11,631.58,142.62,169.19,84.30,27.79,78.31,279.78,618.66,457.68,517.96,88.36,28.48,192.42
2026-04-22 21:20:00,2026-04-22 21:20:59,*PQM,266.08,607.95,147.34,160.93,91.56,28.91,46.35,304.47,616.82,168.50,187.47,89.88,27.92,65.57,269.31,623.84,142.05,167.46,84.83,27.61,76.24,279.95,616.20,457.89,515.86,88.75,28.15,188.16
2026-04-22 21:21:00,2026-04-22 21:21:59,*PQM,265.89,611.02,148.09,161.50,91.69,28.89,46.29,304.47,594.11,163.74,180.89,90.52,28.98,59.26,269.30,626.42,145.93,167.71,87.01,27.83,69.36,279.89,610.52,457.76,510.11,89.74,28.57,174.91
2026-04-22 21:22:00,2026-04-22 21:22:59,*PQM,265.89,650.67,158.17,173.26,91.29,27.28,53.15,304.27,661.37,181.44,203.18,89.30,26.15,75.67,269.14,666.31,151.38,180.56,83.84,26.14,86.49,279.77,659.45,490.99,557.00,88.14,26.52,215.31
2026-04-22 21:23:00,2026-04-22 21:23:59,*PQM,265.68,663.62,158.12,173.14,91.33,26.40,55.05,304.14,664.54,183.78,205.47,89.44,24.95,77.37,268.85,697.88,151.93,181.48,83.72,25.07,90.27,279.56,675.34,493.82,560.08,88.16,25.47,222.69
2026-04-22 21:24:00,2026-04-22 21:24:59,*PQM,265.66,676.38,164.08,179.49,91.42,25.26,57.26,304.02,676.02,183.76,206.62,88.94,24.67,80.67,268.92,682.74,154.94,183.86,84.27,24.53,88.04,279.53,678.38,502.78,569.97,88.21,24.82,225.98
2026-04-22 21:25:00,2026-04-22 21:25:59,*PQM,265.58,687.26,166.47,181.55,91.69,25.25,57.00,304.04,673.09,181.72,203.30,89.38,25.49,77.03,268.92,688.49,158.43,184.50,85.87,24.91,83.15,279.51,682.94,506.62,569.36,88.98,25.22,217.17
2026-04-22 21:26:00,2026-04-22 21:26:59,*PQM,265.79,658.54,159.78,174.75,91.43,25.99,55.31,304.19,675.63,182.80,204.82,89.25,25.07,78.64,268.96,677.20,151.94,181.81,83.57,25.00,89.06,279.65,670.46,494.51,561.39,88.08,25.35,223.01
2026-04-22 21:27:00,2026-04-22 21:27:59,*PQM,265.60,668.28,161.27,176.94,91.14,26.63,56.81,303.98,689.90,186.44,209.09,89.17,25.38,80.23,268.83,694.17,154.60,185.77,83.22,25.25,92.30,279.47,684.12,502.31,571.81,87.84,25.75,229.34
2026-04-22 21:28:00,2026-04-22 21:28:59,*PQM,265.56,676.97,163.60,178.84,91.48,25.29,57.59,303.89,694.82,186.79,209.56,89.13,24.44,81.56,268.77,696.89,155.66,186.55,83.44,24.23,91.82,279.41,689.56,506.06,574.95,88.02,24.65,230.97
2026-04-22 21:29:00,2026-04-22 21:29:59,*PQM,265.64,678.02,165.66,181.31,91.37,25.50,57.47,304.10,668.92,182.68,204.69,89.25,25.60,77.34,268.90,684.35,158.60,185.89,85.32,24.97,84.87,279.55,677.10,506.94,571.89,88.64,25.36,219.68
2026-04-22 21:30:00,2026-04-22 21:30:59,*PQM,265.58,656.74,159.45,174.24,91.51,25.82,54.55,304.08,644.81,175.81,196.25,89.58,25.78,72.76,268.84,667.35,153.66,178.97,85.86,25.14,80.55,279.50,656.30,488.92,549.47,88.98,25.58,207.87
2026-04-22 21:31:00,2026-04-22 21:31:59,*PQM,265.78,657.80,159.08,174.22,91.31,26.20,54.73,304.25,636.58,173.84,194.04,89.59,26.49,70.80,269.00,665.59,153.70,178.50,86.11,25.51,78.75,279.68,653.33,486.62,546.76,89.00,26.07,204.28
2026-04-22 21:32:00,2026-04-22 21:32:59,*PQM,265.60,643.60,156.47,170.21,91.93,26.66,49.98,304.10,629.00,171.47,189.78,90.35,27.11,65.46,268.85,652.76,152.14,174.90,86.98,26.00,73.70,279.52,641.79,480.08,534.89,89.76,26.59,189.14
2026-04-22 21:33:00,2026-04-22 21:33:59,*PQM,265.63,616.93,150.74,164.09,91.86,27.73,47.39,304.03,607.47,166.59,184.87,90.11,27.80,63.76,268.78,627.01,146.01,168.96,86.42,26.86,72.39,279.48,617.14,463.34,517.92,89.46,27.46,183.54
2026-04-22 21:34:00,2026-04-22 21:34:59,*PQM,265.73,620.26,151.88,165.82,91.59,27.87,47.85,304.31,601.24,166.33,184.36,90.22,28.27,61.83,268.95,632.29,148.65,170.82,87.02,27.12,70.66,279.66,617.93,466.86,521.00,89.61,27.75,180.34
2026-04-22 21:35:00,2026-04-22 21:35:59,*PQM,265.86,620.47,151.88,165.94,91.53,28.53,48.55,304.44,604.95,166.94,185.26,90.11,28.77,62.52,269.12,636.40,148.99,171.82,86.71,27.66,71.91,279.81,620.61,467.82,523.02,89.45,28.32,182.99
2026-04-22 21:36:00,2026-04-22 21:36:59,*PQM,265.74,642.37,156.79,171.26,91.55,26.44,51.43,304.29,627.87,172.47,191.57,90.03,26.70,66.81,269.01,656.64,152.95,176.91,86.46,25.73,75.88,279.68,642.29,482.21,539.74,89.35,26.29,194.12
2026-04-22 21:37:00,2026-04-22 21:37:59,*PQM,265.71,649.22,158.02,172.94,91.37,26.39,54.46,304.24,639.94,174.51,195.78,89.14,26.28,73.54,269.04,655.07,151.12,177.21,85.28,25.75,81.04,279.66,648.08,483.65,545.92,88.60,26.14,209.05
2026-04-22 21:38:00,2026-04-22 21:38:59,*PQM,265.77,646.31,157.67,172.69,91.30,26.50,54.47,304.29,642.15,175.50,196.43,89.34,26.24,73.00,269.06,657.14,151.78,178.31,85.12,25.68,82.04,279.71,648.54,484.95,547.43,88.59,26.14,209.51
2026-04-22 21:39:00,2026-04-22 21:39:59,*PQM,265.81,645.19,157.38,171.62,91.70,25.65,52.94,304.39,644.79,175.88,195.85,89.80,25.53,71.41,269.11,659.11,151.70,177.44,85.49,25.04,80.81,279.77,649.70,484.96,544.91,89.00,25.41,205.16
2026-04-22 21:40:00,2026-04-22 21:40:59,*PQM,265.96,644.78,156.29,171.53,91.12,26.68,54.71,304.64,639.01,173.42,194.46,89.18,26.83,72.96,269.30,655.42,150.19,176.77,84.97,26.09,81.28,279.97,646.40,479.91,542.76,88.42,26.53,208.95
2026-04-22 21:41:00,2026-04-22 21:41:59,*PQM,266.20,648.96,156.44,171.50,91.21,26.73,54.30,304.79,670.88,181.50,203.41,89.23,25.66,77.25,269.40,671.82,149.45,179.77,83.13,25.60,88.78,280.13,663.89,487.38,554.69,87.86,26.00,220.33
2026-04-22 21:42:00,2026-04-22 21:42:59,*PQM,266.47,638.48,155.14,169.65,91.45,27.03,52.10,305.12,651.31,178.16,198.99,89.53,26.35,74.05,269.66,660.75,148.24,176.45,84.01,26.18,84.41,280.42,650.18,481.53,545.09,88.33,26.52,210.56
2026-04-22 21:43:00,2026-04-22 21:43:59,*PQM,266.38,648.22,154.72,169.97,91.03,26.80,56.35,305.09,642.63,178.05,199.92,89.06,25.51,74.56,269.62,674.77,151.11,179.55,84.16,25.20,87.56,280.36,655.21,483.87,549.44,88.08,25.84,218.46
2026-04-22 21:44:00,2026-04-22 21:44:59,*PQM,266.67,628.50,153.75,168.60,91.19,26.87,52.80,305.22,663.04,181.93,202.04,90.05,25.51,73.38,269.76,663.09,150.07,180.16,83.30,25.20,88.79,280.55,651.54,485.75,550.80,88.18,25.86,214.97
2026-04-22 21:45:00,2026-04-22 21:45:59,*PQM,266.71,626.47,153.47,167.71,91.51,27.41,50.85,305.36,641.40,177.03,196.62,90.04,26.59,70.07,269.87,652.09,149.24,176.66,84.48,26.10,82.71,280.65,639.99,479.74,540.99,88.68,26.70,203.63
2026-04-22 21:46:00,2026-04-22 21:46:59,*PQM,266.67,620.55,152.10,166.43,91.39,27.40,51.23,305.31,614.46,168.81,187.75,89.91,27.62,66.17,269.93,634.83,149.24,173.40,86.07,26.47,76.11,280.64,623.28,470.15,527.58,89.12,27.16,193.50
2026-04-22 21:47:00,2026-04-22 21:47:59,*PQM,266.69,637.89,155.76,170.27,91.48,26.35,52.68,305.36,641.33,175.43,195.59,89.69,26.03,71.15,269.87,655.40,151.03,177.30,85.18,25.38,81.45,280.64,644.88,482.22,543.16,88.78,25.92,205.28
2026-04-22 21:48:00,2026-04-22 21:48:59,*PQM,266.63,635.02,155.41,169.76,91.54,26.60,52.60,305.16,650.49,177.97,199.09,89.39,25.75,74.66,269.71,654.29,148.73,177.23,83.92,25.60,85.20,280.50,646.60,482.11,546.08,88.28,25.98,212.45
2026-04-22 21:49:00,2026-04-22 21:49:59,*PQM,266.47,657.29,160.31,175.51,91.34,25.43,56.20,305.15,671.28,182.54,205.01,89.04,24.84,79.59,269.60,674.40,152.33,182.10,83.65,24.57,88.72,280.41,667.66,495.18,562.62,88.01,24.95,224.52
2026-04-22 21:50:00,2026-04-22 21:50:59,*PQM,266.49,650.52,158.75,174.03,91.22,25.66,56.82,305.11,666.79,181.03,203.75,88.85,25.03,79.74,269.61,667.16,151.62,181.47,83.55,24.75,89.47,280.40,661.49,491.41,559.25,87.87,25.15,226.02
2026-04-22 21:51:00,2026-04-22 21:51:59,*PQM,266.62,659.25,160.07,175.50,91.21,26.03,57.19,305.27,673.96,183.20,205.83,89.01,25.25,80.23,269.76,677.54,152.90,183.20,83.46,24.96,90.48,280.55,670.25,496.17,564.52,87.89,25.41,227.90
2026-04-22 21:52:00,2026-04-22 21:52:59,*PQM,267.00,672.80,163.00,178.72,91.20,27.18,56.55,305.75,703.03,189.98,212.39,89.45,25.95,79.47,270.22,706.16,157.17,188.69,83.30,25.75,92.88,280.99,694.00,510.15,579.81,87.98,26.29,228.91
2026-04-22 21:53:00,2026-04-22 21:53:59,*PQM,266.99,653.80,159.81,175.23,91.20,26.80,55.28,305.77,665.58,182.24,204.58,89.08,26.02,77.58,270.27,671.98,152.65,182.24,83.76,25.83,87.72,281.01,663.79,494.69,562.06,88.01,26.22,220.58
2026-04-22 21:54:00,2026-04-22 21:54:59,*PQM,267.10,674.63,164.87,180.71,91.24,27.14,55.95,305.82,696.16,191.06,214.30,89.16,26.09,80.83,270.24,695.95,156.98,188.71,83.19,26.11,92.41,281.05,688.92,512.92,583.72,87.86,26.45,229.19
2026-04-22 21:55:00,2026-04-22 21:55:59,*PQM,267.14,682.85,167.63,188.22,89.06,25.38,67.83,305.85,709.20,182.27,205.92,88.51,27.42,88.04,270.21,697.94,159.01,191.78,82.91,25.30,93.28,281.07,696.66,508.91,585.92,86.83,26.03,249.15
2026-04-22 21:56:00,2026-04-22 21:56:59,*PQM,267.23,658.73,160.97,176.41,91.25,26.68,55.32,306.00,695.14,189.47,211.78,89.47,25.35,80.16,270.37,690.80,154.18,186.36,82.73,25.25,93.70,281.20,681.56,504.62,574.55,87.81,25.76,229.18
2026-04-22 21:57:00,2026-04-22 21:57:59,*PQM,267.52,623.56,152.42,166.31,91.65,27.21,50.49,306.33,646.52,178.07,198.25,89.82,26.11,72.06,270.73,649.50,146.73,175.37,83.67,25.97,85.02,281.53,639.86,477.22,539.93,88.38,26.43,207.57
2026-04-22 21:58:00,2026-04-22 21:58:59,*PQM,267.31,639.17,155.00,169.28,91.56,27.14,52.44,306.25,659.41,182.94,203.59,89.86,25.90,73.29,270.59,670.40,150.56,179.94,83.67,25.86,88.40,281.38,656.33,488.49,552.81,88.36,26.30,214.13
2026-04-22 21:59:00,2026-04-22 21:59:59,*PQM,267.50,632.52,155.55,169.86,91.57,27.58,50.78,306.32,669.83,183.06,203.28,90.05,26.32,73.55,270.64,663.26,149.37,179.05,83.42,26.27,86.93,281.49,655.20,487.98,552.20,88.35,26.72,211.27
2026-04-22 22:00:00,2026-04-22 22:00:59,*PQM,267.26,635.20,156.84,170.35,92.07,26.74,49.97,306.02,673.86,185.70,206.35,89.99,25.49,74.61,270.29,661.43,149.66,179.83,83.23,25.49,88.10,281.19,656.83,492.21,556.54,88.43,25.91,212.69
2026-04-22 22:01:00,2026-04-22 22:01:59,*PQM,267.46,632.43,154.64,169.54,91.21,25.81,54.05,306.16,672.08,183.50,205.49,89.30,24.70,78.98,270.50,667.80,147.34,179.70,82.00,24.56,92.38,281.37,657.44,485.48,554.73,87.50,25.02,225.41
2026-04-22 22:02:00,2026-04-22 22:02:59,*PQM,267.29,654.72,159.78,174.41,91.61,26.20,53.98,306.08,683.26,186.51,208.66,89.38,25.38,79.20,270.45,677.67,151.54,182.57,83.01,25.32,90.97,281.27,671.88,497.83,565.64,88.00,25.63,224.15
2026-04-22 22:03:00,2026-04-22 22:03:59,*PQM,267.47,641.89,155.78,172.13,90.50,26.12,55.77,306.31,668.71,182.13,203.37,89.56,25.74,78.57,270.56,671.19,149.22,180.72,82.57,25.40,91.31,281.45,660.59,487.12,556.21,87.54,25.75,225.64
2026-04-22 22:04:00,2026-04-22 22:04:59,*PQM,267.22,670.77,158.66,176.22,90.04,26.59,67.69,306.28,631.23,169.19,195.28,86.64,25.82,79.37,270.68,675.32,155.60,183.47,84.81,25.26,86.76,281.39,659.11,483.45,554.97,87.16,25.89,233.81
2026-04-22 22:05:00,2026-04-22 22:05:59,*PQM,267.59,635.25,157.43,176.79,89.05,25.04,64.73,306.20,664.93,168.32,190.76,88.24,27.19,83.56,270.66,645.58,148.25,178.50,83.06,25.30,86.36,281.48,648.59,474.01,546.05,86.78,25.84,234.65
2026-04-22 22:06:00,2026-04-22 22:06:59,*PQM,267.24,681.22,161.50,179.37,90.03,25.39,68.52,306.12,651.17,176.62,202.81,87.09,25.50,82.64,270.59,691.82,157.92,188.29,83.87,24.28,92.35,281.32,674.74,496.03,570.47,87.00,25.06,243.51
2026-04-22 22:07:00,2026-04-22 22:07:59,*PQM,267.44,649.93,158.74,174.44,91.00,26.23,57.28,306.15,667.76,182.13,205.24,88.74,25.46,80.72,270.54,666.38,150.97,182.18,82.87,25.03,90.89,281.38,661.36,491.84,561.85,87.54,25.57,228.89
2026-04-22 22:08:00,2026-04-22 22:08:59,*PQM,266.82,700.01,169.82,186.15,91.23,26.58,59.19,305.49,706.01,189.64,214.38,88.46,26.35,84.38,270.02,705.78,159.35,190.01,83.86,26.15,91.07,280.78,703.93,518.82,590.54,87.85,26.36,234.64
2026-04-22 22:09:00,2026-04-22 22:09:59,*PQM,266.63,739.41,171.92,191.33,89.86,26.95,75.94,305.53,681.55,182.95,214.40,85.33,25.89,91.55,270.01,733.10,165.44,197.22,83.88,26.02,97.41,280.72,718.02,520.31,602.95,86.36,26.29,264.90
2026-04-22 22:10:00,2026-04-22 22:10:59,*PQM,267.17,664.37,161.92,177.38,91.28,27.11,55.04,305.78,683.99,186.92,208.95,89.46,26.08,78.61,270.15,689.94,154.32,185.12,83.36,25.80,90.25,281.03,679.43,503.15,571.45,88.03,26.33,223.89
2026-04-22 22:11:00,2026-04-22 22:11:59,*PQM,267.26,662.53,161.58,177.35,91.11,27.70,55.22,305.87,682.00,186.30,209.52,88.92,26.79,79.16,270.24,681.34,153.92,184.93,83.24,26.59,90.18,281.12,675.29,501.81,571.80,87.75,27.03,224.56
2026-04-22 22:12:00,2026-04-22 22:12:59,*PQM,267.21,668.46,164.85,185.40,88.92,25.75,64.10,305.87,714.51,186.65,208.50,89.52,25.86,88.34,270.10,713.55,155.54,189.53,82.07,25.34,96.72,281.06,698.84,507.04,583.42,86.84,25.65,249.17
2026-04-22 22:13:00,2026-04-22 22:13:59,*PQM,267.08,710.82,168.96,190.12,88.87,26.32,76.19,306.00,654.92,172.55,200.87,85.90,26.56,86.79,270.50,706.91,164.21,194.05,84.62,24.78,89.87,281.19,690.88,505.72,585.04,86.47,25.89,252.84
2026-04-22 22:14:00,2026-04-22 22:14:59,*PQM,267.43,677.85,163.05,181.90,89.64,26.32,63.45,306.16,710.99,194.76,219.50,88.73,24.61,85.04,270.43,718.86,159.66,196.66,81.19,24.30,103.33,281.34,702.57,517.47,598.05,86.52,25.08,251.83
2026-04-22 22:15:00,2026-04-22 22:15:59,*PQM,267.40,665.56,160.03,177.07,90.38,28.02,59.14,306.12,676.10,184.44,208.19,88.59,26.85,79.22,270.58,689.48,155.15,187.52,82.74,26.11,92.61,281.37,677.04,499.62,572.79,87.23,26.99,230.97
2026-04-22 22:16:00,2026-04-22 22:16:59,*PQM,265.92,652.50,158.69,173.25,91.60,27.40,51.98,304.27,673.14,182.54,204.43,89.29,26.50,76.97,268.90,665.69,149.70,179.09,83.59,26.46,86.72,279.70,663.78,490.93,556.77,88.16,26.79,215.67
2026-04-22 22:17:00,2026-04-22 22:17:59,*PQM,266.03,650.17,157.55,172.97,91.08,26.85,54.53,304.39,659.25,180.07,202.11,89.10,25.80,76.98,268.97,664.03,149.79,179.22,83.58,25.87,87.32,279.80,657.81,487.42,554.30,87.92,26.17,218.84
2026-04-22 22:18:00,2026-04-22 22:18:59,*PQM,265.90,661.81,161.45,176.52,91.46,26.54,54.25,304.29,684.70,186.50,208.71,89.36,25.27,78.68,268.75,680.31,152.77,183.95,83.05,24.95,89.74,279.65,675.61,500.72,569.18,87.96,25.59,222.67
2026-04-22 22:19:00,2026-04-22 22:19:59,*PQM,265.61,671.33,159.68,175.87,90.80,25.68,62.63,304.07,648.26,175.38,199.53,87.90,25.34,80.06,268.71,677.49,153.18,181.71,84.30,24.78,88.32,279.46,665.69,488.23,557.11,87.66,25.27,231.01
2026-04-22 22:20:00,2026-04-22 22:20:59,*PQM,265.71,659.44,159.17,176.74,90.06,25.54,59.71,303.94,674.33,182.52,205.41,88.86,24.73,82.71,268.56,684.88,150.98,182.69,82.65,24.75,93.53,279.40,672.88,492.68,564.83,87.19,25.01,235.95
2026-04-22 22:21:00,2026-04-22 22:21:59,*PQM,265.62,683.36,166.26,182.20,91.25,24.96,59.21,303.84,697.56,187.72,212.48,88.35,24.04,84.48,268.56,687.38,155.63,187.53,82.99,24.35,92.71,279.34,689.44,509.60,582.21,87.53,24.45,236.40
2026-04-22 22:22:00,2026-04-22 22:22:59,*PQM,265.80,683.85,167.56,182.02,92.05,25.32,55.38,304.10,696.21,188.75,212.31,88.91,24.71,83.60,268.76,683.65,154.61,184.56,83.77,24.99,89.64,279.55,687.90,510.92,578.89,88.24,25.01,228.62
2026-04-22 22:23:00,2026-04-22 22:23:59,*PQM,265.97,660.40,161.60,175.72,91.96,27.05,51.61,304.33,672.10,182.30,204.62,89.09,26.41,77.56,268.86,663.62,150.48,178.73,84.19,26.48,84.42,279.72,665.37,494.37,559.06,88.42,26.65,213.59
2026-04-22 22:24:00,2026-04-22 22:24:59,*PQM,266.06,647.04,156.75,171.52,91.39,28.25,50.89,304.66,624.79,169.81,189.99,89.38,28.98,67.65,269.25,648.44,150.24,174.02,86.34,27.89,73.65,279.99,640.09,476.80,535.52,89.04,28.37,192.19
2026-04-22 22:25:00,2026-04-22 22:25:59,*PQM,266.08,625.57,152.02,166.12,91.52,28.69,47.77,304.59,648.05,176.44,197.13,89.50,27.55,71.07,269.03,645.38,144.59,172.66,83.74,27.57,82.00,279.90,639.67,473.04,535.91,88.25,27.94,200.84
2026-04-22 22:26:00,2026-04-22 22:26:59,*PQM,265.68,696.14,160.39,176.22,91.02,27.80,58.80,304.38,654.61,185.44,209.49,88.52,26.19,77.62,268.88,719.17,156.77,186.49,84.06,25.90,92.29,279.65,689.98,502.59,572.20,87.87,26.63,228.72
2026-04-22 22:27:00,2026-04-22 22:27:59,*PQM,265.85,673.14,163.30,182.70,89.38,25.32,62.61,304.28,700.89,189.17,214.10,88.36,25.84,89.77,268.66,704.85,153.11,187.83,81.52,25.57,99.88,279.60,692.96,505.59,584.63,86.42,25.58,252.25
2026-04-22 22:28:00,2026-04-22 22:28:59,*PQM,265.54,752.95,179.53,200.23,89.66,24.74,73.27,304.35,660.45,173.76,201.55,86.21,27.93,86.77,269.01,719.07,169.01,193.65,87.27,26.03,80.37,279.63,710.83,522.29,595.43,87.71,26.23,240.40
2026-04-22 22:29:00,2026-04-22 22:29:59,*PQM,265.80,702.55,168.65,187.95,89.73,24.87,68.17,304.34,666.73,174.12,199.83,87.13,26.77,83.27,268.91,689.68,160.34,187.84,85.36,25.07,84.71,279.68,686.32,503.11,575.63,87.41,25.57,236.14
2026-04-22 22:30:00,2026-04-22 22:30:59,*PQM,266.02,681.36,166.06,180.69,91.90,26.16,54.18,304.45,678.06,183.54,205.99,89.10,26.06,78.36,269.01,678.74,155.02,182.18,85.09,25.80,83.50,279.83,679.39,504.62,568.85,88.70,26.01,216.05
2026-04-22 22:31:00,2026-04-22 22:31:59,*PQM,266.04,691.23,165.20,181.46,91.04,25.68,61.80,304.47,670.77,183.41,208.63,87.91,25.12,84.08,269.06,700.91,156.19,185.47,84.21,25.12,91.49,279.86,687.64,504.79,575.56,87.72,25.31,237.37
2026-04-22 22:32:00,2026-04-22 22:32:59,*PQM,266.12,718.17,171.01,190.76,89.65,24.91,74.48,304.69,657.15,171.51,200.66,85.47,26.50,88.64,269.47,693.55,161.63,189.88,85.12,24.56,87.15,280.09,689.62,504.15,581.31,86.75,25.32,250.27
2026-04-22 22:33:00,2026-04-22 22:33:59,*PQM,266.46,672.79,162.59,179.86,90.40,25.81,59.04,304.76,680.13,180.64,203.42,88.80,26.50,82.65,269.38,681.93,152.15,182.56,83.34,25.36,88.74,280.20,678.28,495.39,565.84,87.52,25.89,230.43
2026-04-22 22:34:00,2026-04-22 22:34:59,*PQM,266.23,691.53,165.56,183.97,89.99,25.07,64.98,304.78,647.22,172.25,196.46,87.68,26.71,79.58,269.49,685.21,158.60,184.79,85.83,24.94,82.42,280.17,674.65,496.40,565.22,87.83,25.57,226.98
2026-04-22 22:35:00,2026-04-22 22:35:59,*PQM,266.39,652.17,155.96,173.70,89.78,26.67,58.91,304.74,653.32,177.67,201.62,88.12,26.09,80.40,269.48,668.02,148.74,180.30,82.50,26.30,90.77,280.20,657.84,482.37,555.63,86.80,26.35,230.09
2026-04-22 22:36:00,2026-04-22 22:36:59,*PQM,266.61,626.16,152.84,167.65,91.17,27.73,49.04,304.94,630.97,173.69,194.01,89.53,29.13,70.08,269.60,638.06,145.69,172.85,84.28,27.30,80.11,280.38,631.73,472.22,534.51,88.33,28.05,199.23
2026-04-22 22:37:00,2026-04-22 22:37:59,*PQM,266.48,607.00,149.49,162.24,92.14,28.91,43.84,304.76,612.82,167.00,185.80,89.88,28.31,64.98,269.41,610.31,141.21,164.74,85.72,28.07,71.84,280.22,610.05,457.70,512.78,89.25,28.43,180.66
2026-04-22 22:38:00,2026-04-22 22:38:59,*PQM,266.23,662.38,153.37,168.14,91.22,27.97,62.18,304.75,583.12,159.76,184.73,86.48,26.77,71.63,269.46,646.22,150.26,173.14,86.79,26.73,77.33,280.15,630.57,463.40,526.02,88.16,27.16,211.14
2026-04-22 22:39:00,2026-04-22 22:39:59,*PQM,266.29,660.74,157.87,175.95,89.72,27.54,62.31,304.87,599.88,160.86,183.66,87.59,28.59,72.14,269.55,653.33,153.26,177.02,86.58,26.50,74.38,280.24,637.98,471.98,536.63,87.96,27.54,208.84
2026-04-22 22:40:00,2026-04-22 22:40:59,*PQM,266.43,641.61,156.63,170.81,91.70,27.48,50.14,304.81,649.03,176.94,197.61,89.54,26.88,72.25,269.28,648.44,148.49,175.39,84.66,26.55,80.54,280.17,646.36,482.06,543.81,88.63,26.97,202.94
2026-04-22 22:41:00,2026-04-22 22:41:59,*PQM,266.19,658.04,160.93,177.73,90.55,25.98,58.33,304.60,667.62,177.65,199.28,89.15,27.01,78.13,269.05,669.93,153.17,181.78,84.26,25.56,85.02,279.95,665.20,491.75,558.79,87.98,26.18,221.48
2026-04-22 22:42:00,2026-04-22 22:42:59,*PQM,266.12,668.07,164.47,178.90,91.93,27.36,52.42,304.56,670.28,183.14,204.76,89.44,27.04,75.17,269.04,677.84,155.13,181.66,85.40,26.76,81.82,279.91,672.06,502.74,565.33,88.92,27.05,209.42
2026-04-22 22:43:00,2026-04-22 22:43:59,*PQM,266.36,650.10,158.49,173.08,91.57,27.03,52.52,304.73,630.35,171.75,192.71,89.12,27.53,71.86,269.24,643.72,149.72,174.24,85.93,26.81,76.37,280.11,641.39,479.97,540.03,88.87,27.12,200.75
2026-04-22 22:44:00,2026-04-22 22:44:59,*PQM,266.35,650.94,159.37,173.84,91.68,27.19,51.65,304.62,661.56,178.05,200.47,88.81,26.70,76.77,269.14,652.27,147.98,175.53,84.30,26.82,82.36,280.04,654.92,485.40,549.85,88.26,26.90,210.78
2026-04-22 22:45:00,2026-04-22 22:45:59,*PQM,266.10,656.92,157.90,172.76,91.39,26.45,54.05,304.46,647.13,177.81,200.58,88.65,25.74,78.09,268.95,671.83,147.84,176.28,83.87,25.81,85.34,279.84,658.63,483.55,549.63,87.97,26.00,217.48
2026-04-22 22:46:00,2026-04-22 22:46:59,*PQM,266.21,651.65,159.62,173.49,92.00,26.80,50.81,304.59,660.72,179.24,201.15,89.11,26.39,76.36,269.10,653.05,148.57,176.04,84.40,26.39,82.59,279.97,655.14,487.43,550.68,88.50,26.53,209.76
2026-04-22 22:47:00,2026-04-22 22:47:59,*PQM,266.33,645.26,158.01,172.50,91.60,27.29,52.32,304.75,646.42,175.38,197.52,88.79,27.13,75.62,269.21,646.04,148.15,175.25,84.54,26.76,81.53,280.10,645.91,481.53,545.26,88.31,27.06,209.47
2026-04-22 22:49:00,2026-04-22 22:49:59,*PQM,266.03,624.28,152.65,166.16,91.87,27.91,47.41,304.37,634.40,172.56,192.38,89.70,27.37,69.81,268.84,634.74,144.52,170.27,84.87,27.15,77.98,279.75,631.14,469.73,528.81,88.81,27.48,195.19
2026-04-22 22:50:00,2026-04-22 22:50:59,*PQM,266.06,635.85,156.34,173.34,90.19,26.50,56.87,304.30,653.41,168.30,188.27,89.39,28.25,76.09,268.77,648.67,147.32,174.56,84.40,26.41,79.93,279.71,645.98,471.96,536.17,87.99,27.05,212.89
2026-04-22 22:51:00,2026-04-22 22:51:59,*PQM,266.24,629.19,154.89,168.06,92.17,27.75,47.59,304.35,636.84,174.08,194.30,89.59,27.10,70.15,268.89,635.89,146.34,171.64,85.26,26.95,77.86,279.83,633.97,475.32,533.99,89.01,27.27,195.59
2026-04-22 22:52:00,2026-04-22 22:52:59,*PQM,266.08,639.12,158.00,173.94,90.84,26.16,54.41,304.23,656.35,174.54,194.60,89.69,26.90,76.20,268.74,653.08,148.62,176.57,84.17,25.89,82.38,279.68,649.52,481.16,545.11,88.23,26.32,212.98
2026-04-22 22:53:00,2026-04-22 22:53:59,*PQM,266.00,652.80,160.35,175.41,91.41,26.17,53.98,304.16,655.08,175.87,197.06,89.25,25.94,76.63,268.75,655.86,150.01,177.09,84.71,25.89,81.55,279.64,654.58,486.23,549.56,88.46,26.00,212.16
2026-04-22 22:54:00,2026-04-22 22:54:59,*PQM,265.75,687.05,166.67,181.89,91.63,25.43,57.85,303.92,675.73,182.63,206.26,88.54,25.14,81.68,268.62,684.05,155.72,184.19,84.55,25.08,86.57,279.43,682.28,505.02,572.33,88.24,25.22,226.10
2026-04-22 22:55:00,2026-04-22 22:55:59,*PQM,265.74,694.59,170.54,185.85,91.76,25.96,56.50,303.94,679.65,185.47,208.45,88.97,26.06,79.01,268.65,693.17,160.60,187.37,85.71,25.79,83.91,279.44,689.14,516.61,581.67,88.82,25.94,219.41
2026-04-22 22:56:00,2026-04-22 22:56:59,*PQM,265.92,683.85,167.59,181.88,92.14,26.22,53.88,304.06,660.97,180.62,201.85,89.48,26.58,74.55,268.86,679.55,158.21,182.75,86.57,26.22,78.81,279.61,674.79,506.42,566.49,89.40,26.34,207.24
2026-04-22 22:57:00,2026-04-22 22:57:59,*PQM,265.73,656.86,161.69,176.62,91.55,26.08,51.56,303.79,658.20,179.46,201.94,88.87,25.68,75.17,268.51,660.08,151.41,178.63,84.76,25.74,81.18,279.34,658.38,492.55,557.20,88.39,25.83,207.92
2026-04-22 22:58:00,2026-04-22 22:58:59,*PQM,265.79,640.47,156.27,170.18,91.82,27.75,49.42,304.00,617.75,168.67,188.51,89.47,28.31,67.26,268.72,639.51,149.04,171.82,86.74,27.53,72.28,279.50,632.58,473.97,530.52,89.35,27.86,188.95
2026-04-22 22:59:00,2026-04-22 22:59:59,*PQM,265.91,631.32,153.83,167.17,92.02,27.12,48.41,304.07,609.53,166.29,184.64,90.06,27.56,64.25,268.75,635.71,148.19,169.90,87.22,26.51,70.31,279.58,625.52,468.31,521.71,89.77,27.06,182.97
2026-04-22 23:00:00,2026-04-22 23:00:59,*PQM,265.52,639.45,156.81,170.07,92.20,27.36,48.44,303.59,621.82,169.94,189.10,89.87,27.61,65.71,268.37,643.00,150.56,172.58,87.24,26.91,71.36,279.16,634.76,477.32,531.75,89.77,27.29,185.51
2026-04-22 23:01:00,2026-04-22 23:01:59,*PQM,265.45,632.15,153.58,166.55,92.22,27.17,47.43,303.54,608.58,165.97,184.19,90.11,27.68,63.50,268.30,632.63,147.81,169.06,87.43,26.63,69.22,279.10,624.46,467.36,519.80,89.92,27.16,180.16
2026-04-22 23:02:00,2026-04-22 23:02:59,*PQM,265.66,621.57,150.98,164.38,91.85,28.00,47.41,303.77,621.40,169.12,189.23,89.37,27.52,69.28,268.38,627.72,142.38,167.36,85.07,27.30,75.97,279.27,623.56,462.48,520.97,88.76,27.61,192.66
2026-04-22 23:03:00,2026-04-22 23:03:59,*PQM,265.50,780.06,188.44,205.79,91.57,31.82,50.27,303.83,765.74,207.91,231.69,89.74,32.50,69.88,268.37,790.43,182.62,210.14,86.90,31.57,79.23,279.23,778.74,578.97,647.62,89.40,31.96,199.38
2026-04-22 23:04:00,2026-04-22 23:04:59,*PQM,265.63,766.13,189.10,206.39,91.62,32.53,50.35,303.95,746.22,206.75,230.06,89.87,33.59,68.64,268.55,769.60,183.63,210.19,87.36,32.29,77.26,279.38,760.65,579.48,646.64,89.62,32.80,196.25
2026-04-22 23:05:00,2026-04-22 23:05:59,*PQM,265.51,762.83,186.49,202.61,92.04,32.17,48.76,303.79,746.68,204.83,226.71,90.35,32.98,67.56,268.37,768.08,180.99,206.37,87.70,31.93,76.38,279.22,759.20,572.30,635.68,90.03,32.36,192.70
2026-04-22 23:06:00,2026-04-22 23:06:59,*PQM,265.41,780.50,191.68,208.06,92.13,30.71,51.77,303.74,763.93,211.86,233.87,90.59,31.61,70.66,268.23,793.08,186.50,212.85,87.62,30.43,80.63,279.13,779.17,590.04,654.79,90.11,30.92,203.05
2026-04-22 23:07:00,2026-04-22 23:07:59,*PQM,265.38,804.17,193.82,211.64,91.58,31.69,53.94,303.69,792.25,214.48,238.33,89.99,32.42,72.88,268.19,816.81,189.07,217.28,87.02,31.25,83.58,279.09,804.41,597.37,667.25,89.53,31.79,210.40
2026-04-22 23:08:00,2026-04-22 23:08:59,*PQM,265.59,772.04,187.99,203.29,92.47,30.86,50.98,303.93,760.24,208.58,229.28,90.97,31.54,68.44,268.39,787.93,184.34,209.80,87.87,30.28,80.17,279.30,773.40,580.91,642.37,90.44,30.89,199.59
2026-04-22 23:09:00,2026-04-22 23:09:59,*PQM,265.55,788.80,189.43,205.38,92.23,30.65,52.32,304.03,771.81,209.40,231.04,90.63,31.46,70.36,268.43,804.36,185.25,211.12,87.75,30.15,81.17,279.34,788.32,584.08,647.54,90.20,30.75,203.86
2026-04-22 23:10:00,2026-04-22 23:10:59,*PQM,265.64,779.70,189.07,205.51,92.00,31.23,52.75,304.03,763.81,209.17,231.07,90.52,32.07,70.68,268.46,794.27,185.12,211.49,87.53,30.70,81.57,279.38,779.26,583.36,648.07,90.02,31.33,205.00
2026-04-22 23:11:00,2026-04-22 23:11:59,*PQM,265.73,795.52,194.84,212.82,91.55,31.19,52.52,304.17,780.06,215.07,239.18,89.92,32.04,71.91,268.58,806.12,189.87,218.09,87.06,30.80,82.40,279.49,793.90,599.78,670.08,89.51,31.34,206.83
2026-04-22 23:12:00,2026-04-22 23:12:59,*PQM,265.64,786.33,191.70,207.76,92.27,30.32,53.23,304.12,778.62,212.96,235.45,90.45,31.01,72.80,268.54,803.86,186.93,214.04,87.33,29.93,84.17,279.43,789.61,591.59,657.25,90.02,30.42,210.20
2026-04-22 23:13:00,2026-04-22 23:13:59,*PQM,265.75,793.83,194.75,212.87,91.49,30.32,57.71,304.11,777.45,214.34,239.77,89.39,31.27,79.26,268.57,800.27,187.80,217.60,86.31,30.13,88.19,279.48,790.52,596.89,670.24,89.06,30.57,225.16
2026-04-22 23:14:00,2026-04-22 23:14:59,*PQM,265.48,806.51,196.81,215.27,91.42,30.68,58.13,303.97,794.98,217.45,243.10,89.45,31.55,79.90,268.47,817.84,190.42,220.81,86.24,30.52,89.46,279.31,806.44,604.67,679.18,89.04,30.92,227.49
2026-04-22 23:15:00,2026-04-22 23:15:59,*PQM,265.62,804.18,194.68,211.66,91.98,31.19,54.63,304.07,811.10,219.38,244.57,89.70,31.22,80.81,268.56,813.73,186.23,216.96,85.84,30.92,90.72,279.42,809.67,600.29,673.18,89.17,31.11,226.16
2026-04-22 23:16:00,2026-04-22 23:16:59,*PQM,265.90,770.90,188.37,205.87,91.50,32.23,52.11,304.46,758.38,209.01,232.48,89.90,32.95,71.60,268.87,783.05,183.83,211.78,86.81,31.80,82.00,279.74,770.78,581.21,650.12,89.40,32.33,205.72
2026-04-22 23:17:00,2026-04-22 23:17:59,*PQM,266.03,729.29,177.93,194.73,91.37,31.89,51.06,304.43,708.69,194.35,217.08,89.53,32.87,69.52,269.01,732.07,172.06,198.38,86.73,31.73,77.12,279.82,723.35,544.34,610.19,89.21,32.16,197.71
2026-04-22 23:18:00,2026-04-22 23:18:59,*PQM,266.34,622.80,151.81,165.65,91.65,27.90,48.93,304.52,622.28,168.24,188.94,89.04,27.63,70.68,269.14,624.18,142.52,167.79,84.94,27.48,76.24,280.00,623.09,462.57,522.39,88.54,27.67,195.86
2026-04-22 23:19:00,2026-04-22 23:19:59,*PQM,266.06,659.67,159.58,176.01,90.67,25.88,57.70,304.29,666.33,181.44,205.33,88.37,25.55,80.35,268.85,670.38,151.09,182.09,82.98,25.72,89.97,279.73,665.46,492.12,563.42,87.34,25.72,228.01
2026-04-22 23:20:00,2026-04-22 23:20:59,*PQM,266.15,626.84,153.16,168.72,90.78,26.87,52.67,304.37,644.09,174.14,195.28,89.17,27.18,75.25,268.87,638.03,144.20,173.18,83.26,26.44,83.70,279.80,636.32,471.49,537.17,87.74,26.83,211.62
2026-04-22 23:21:00,2026-04-22 23:21:59,*PQM,266.26,641.96,156.88,170.57,91.97,26.48,50.73,304.44,641.94,174.03,195.17,89.17,26.11,73.61,269.00,642.04,146.65,172.52,85.00,25.95,79.24,279.90,641.98,477.56,538.26,88.72,26.18,203.58
2026-04-22 23:22:00,2026-04-22 23:22:59,*PQM,266.27,643.39,157.99,171.88,91.92,26.44,51.09,304.56,632.78,171.90,192.63,89.23,26.80,71.79,269.17,639.46,148.72,172.85,86.04,26.36,75.89,280.00,638.55,478.60,537.37,89.06,26.53,198.77
2026-04-22 23:23:00,2026-04-22 23:23:59,*PQM,266.34,628.78,154.06,167.83,91.79,26.77,50.24,304.59,603.85,165.06,184.35,89.53,27.50,66.83,269.28,625.73,147.02,168.92,87.03,26.57,70.96,280.07,619.45,466.14,521.11,89.45,26.95,188.03
2026-04-22 23:24:00,2026-04-22 23:24:59,*PQM,266.39,648.28,160.10,173.49,92.28,26.59,49.82,304.66,629.66,173.19,193.41,89.55,27.03,70.66,269.29,642.04,150.32,173.59,86.60,26.57,74.19,280.11,639.99,483.62,540.48,89.48,26.73,194.66
2026-04-22 23:25:00,2026-04-22 23:25:59,*PQM,266.48,632.80,154.67,168.14,91.99,26.60,49.60,304.69,633.20,173.88,193.96,89.65,26.23,71.55,269.31,639.90,145.92,171.40,85.14,26.05,78.77,280.16,635.30,474.48,533.49,88.93,26.29,199.91
2026-04-22 23:26:00,2026-04-22 23:26:59,*PQM,266.61,641.22,158.05,170.57,92.66,26.70,47.06,304.93,620.85,171.11,189.72,90.19,27.21,66.18,269.52,635.58,149.82,171.13,87.55,26.70,70.27,280.35,632.55,478.98,531.43,90.13,26.87,183.51
2026-04-22 23:27:00,2026-04-22 23:27:59,*PQM,266.59,633.10,155.12,170.87,90.78,26.10,55.55,304.85,630.46,165.34,185.28,89.24,27.73,71.65,269.44,632.46,147.87,172.33,85.81,26.14,75.38,280.29,632.01,468.33,528.48,88.61,26.66,202.59
2026-04-22 23:28:00,2026-04-22 23:28:59,*PQM,266.66,625.57,154.62,167.42,92.36,27.88,44.72,304.96,641.11,175.93,194.89,90.27,27.28,68.11,269.38,632.80,146.04,170.99,85.41,27.38,76.56,280.33,633.16,476.59,533.30,89.35,27.51,189.39
2026-04-22 23:29:00,2026-04-22 23:29:59,*PQM,266.36,633.48,155.74,171.46,90.83,26.60,52.90,304.61,644.65,170.45,189.56,89.92,27.85,72.42,269.06,641.40,147.55,173.44,85.07,26.49,77.60,280.01,639.84,473.74,534.46,88.61,26.98,202.92
2026-04-22 23:30:00,2026-04-22 23:30:59,*PQM,266.37,647.69,157.74,171.66,91.89,27.43,50.50,304.69,642.78,174.26,195.55,89.11,27.26,73.43,269.18,645.35,147.74,173.42,85.19,27.08,78.37,280.08,645.27,479.74,540.62,88.73,27.26,202.31
2026-04-22 23:31:00,2026-04-22 23:31:59,*PQM,266.48,633.33,154.09,167.52,91.98,28.27,47.86,304.86,615.26,167.32,187.35,89.31,28.82,66.97,269.32,630.93,145.74,168.59,86.44,28.13,71.43,280.22,626.51,467.15,523.47,89.24,28.41,186.25
2026-04-22 23:32:00,2026-04-22 23:32:59,*PQM,266.28,646.53,158.71,172.88,91.80,26.96,51.84,304.63,630.48,171.63,191.82,89.47,27.55,69.85,269.16,644.38,151.22,174.62,86.60,26.65,74.53,280.02,640.46,481.56,539.33,89.29,27.05,196.22
2026-04-22 23:33:00,2026-04-22 23:33:59,*PQM,266.31,647.31,157.09,172.88,90.87,26.43,55.46,304.53,644.50,175.47,198.51,88.39,26.27,77.46,269.07,652.96,148.46,176.79,83.98,26.09,84.20,279.97,648.26,481.03,548.17,87.75,26.26,217.12
2026-04-22 23:34:00,2026-04-22 23:34:59,*PQM,266.39,664.38,159.84,176.09,90.77,26.77,56.90,304.68,668.70,181.38,205.19,88.39,25.78,80.47,269.14,677.47,151.59,181.78,83.39,25.88,89.21,280.07,670.18,492.80,563.07,87.52,26.14,226.58
2026-04-22 23:35:00,2026-04-22 23:35:59,*PQM,266.36,645.61,156.77,172.01,91.14,27.29,54.12,304.50,641.38,173.17,195.35,88.64,27.07,75.46,269.10,651.84,148.29,175.27,84.60,26.63,81.15,279.99,646.27,478.22,542.63,88.13,27.00,210.73
2026-04-22 23:36:00,2026-04-22 23:36:59,*PQM,266.48,663.82,161.39,176.82,91.27,26.03,57.36,304.70,663.42,179.50,202.69,88.56,25.53,79.32,269.20,667.41,152.89,181.63,84.17,25.19,86.29,280.13,664.88,493.78,561.14,88.00,25.58,222.97
2026-04-22 23:37:00,2026-04-22 23:37:59,*PQM,266.60,636.50,156.01,169.91,91.82,27.13,51.58,304.83,632.00,172.63,193.79,89.08,26.90,73.82,269.34,638.35,146.82,172.54,85.09,26.52,79.29,280.26,635.62,475.46,536.23,88.67,26.85,204.69
2026-04-22 23:38:00,2026-04-22 23:38:59,*PQM,266.64,640.21,157.22,171.50,91.68,26.98,51.36,304.95,632.28,172.34,193.63,89.01,27.24,72.21,269.41,642.75,148.92,173.79,85.69,26.47,77.38,280.33,638.41,478.49,538.92,88.79,26.90,200.95
2026-04-22 23:39:00,2026-04-22 23:39:59,*PQM,266.67,624.46,152.51,166.49,91.61,27.17,50.12,304.93,625.28,168.53,189.31,89.02,27.24,70.88,269.38,627.91,144.07,169.07,85.21,26.63,76.62,280.33,625.88,465.11,524.86,88.61,27.01,197.62
2026-04-22 23:40:00,2026-04-22 23:40:59,*PQM,266.69,631.37,154.53,169.10,91.38,26.56,52.01,304.97,632.73,171.65,191.96,89.42,26.78,71.33,269.38,642.81,147.74,173.69,85.06,25.78,78.98,280.35,635.64,473.92,534.76,88.62,26.37,202.33
2026-04-22 23:41:00,2026-04-22 23:41:59,*PQM,266.83,609.22,149.33,164.72,90.65,27.37,50.70,305.12,619.10,169.44,189.69,89.32,27.29,70.56,269.52,626.24,143.25,169.99,84.27,26.86,80.23,280.49,618.18,462.02,524.40,88.08,27.17,201.49
2026-04-22 23:42:00,2026-04-22 23:42:59,*PQM,266.89,596.19,146.16,158.46,92.24,29.26,42.01,305.21,603.80,166.02,184.54,89.96,28.51,63.14,269.69,605.85,139.16,162.87,85.44,28.26,71.82,280.60,601.95,451.34,505.88,89.21,28.68,176.98
2026-04-22 23:43:00,2026-04-22 23:43:59,*PQM,266.89,595.03,144.95,158.63,91.38,28.34,47.49,305.10,598.57,163.94,184.21,89.00,27.04,67.22,269.67,603.46,138.30,164.58,84.04,26.91,76.04,280.55,599.02,447.19,507.41,88.14,27.43,190.75
2026-04-22 23:44:00,2026-04-22 23:44:59,*PQM,267.00,602.38,148.48,161.30,92.05,28.76,44.81,305.40,583.95,160.82,179.07,89.81,29.24,61.08,269.86,607.34,142.41,163.55,87.08,28.30,66.83,280.75,597.89,451.71,503.92,89.64,28.77,172.72
2026-04-22 23:45:00,2026-04-22 23:45:59,*PQM,266.90,612.93,150.61,164.77,91.40,28.00,49.37,305.29,589.64,161.56,181.48,89.02,28.79,66.36,269.78,612.35,143.31,165.91,86.37,27.75,70.38,280.66,604.98,455.47,512.16,88.93,28.18,186.11
2026-04-22 23:46:00,2026-04-22 23:46:59,*PQM,266.89,614.45,149.82,163.93,91.39,27.23,50.04,305.17,613.90,167.87,189.13,88.76,26.50,71.16,269.57,617.11,141.73,168.10,84.32,26.44,78.58,280.54,615.15,459.43,521.15,88.16,26.72,199.78
2026-04-22 23:47:00,2026-04-22 23:47:59,*PQM,266.72,645.38,158.19,173.94,90.94,25.85,56.66,305.15,637.62,167.27,188.33,88.82,27.31,73.18,269.59,639.09,150.22,174.76,85.96,25.65,76.22,280.49,640.70,475.67,537.03,88.57,26.27,206.06
2026-04-22 23:48:00,2026-04-22 23:48:59,*PQM,266.86,659.43,162.20,177.27,91.50,26.47,55.19,305.28,660.61,180.57,203.76,88.62,25.81,79.58,269.74,657.96,151.45,180.36,83.97,25.74,85.42,280.63,659.33,494.22,561.39,88.03,26.01,220.19
2026-04-22 23:49:00,2026-04-22 23:49:59,*PQM,266.83,644.00,158.26,172.95,91.50,26.17,53.33,305.13,634.11,171.60,193.67,88.60,26.24,75.88,269.69,639.06,147.02,172.68,85.14,26.05,78.69,280.55,639.06,476.88,539.30,88.42,26.15,207.89
2026-04-22 23:50:00,2026-04-22 23:50:59,*PQM,266.77,688.78,166.72,182.70,91.26,25.46,59.73,305.17,693.01,186.36,211.31,88.19,24.83,85.35,269.66,692.23,155.38,186.50,83.32,24.76,91.62,280.53,691.34,508.47,580.50,87.59,25.02,236.70
2026-04-22 23:51:00,2026-04-22 23:51:59,*PQM,266.59,663.36,160.06,175.11,91.40,26.50,55.16,305.11,643.32,171.86,193.53,88.80,27.06,74.05,269.58,661.76,151.35,176.21,85.89,26.30,77.82,280.43,656.15,483.28,544.86,88.70,26.62,207.03
2026-04-22 23:52:00,2026-04-22 23:52:59,*PQM,266.70,648.81,157.18,170.97,91.94,26.36,52.07,305.27,624.96,169.81,189.72,89.50,26.73,70.13,269.66,649.69,149.34,172.84,86.40,26.05,75.38,280.54,641.15,476.32,533.53,89.28,26.38,197.58
2026-04-22 23:53:00,2026-04-22 23:53:59,*PQM,266.76,652.58,158.20,173.42,91.22,26.67,54.98,305.16,651.10,175.51,198.66,88.34,26.37,78.64,269.62,654.15,147.77,175.84,84.04,26.22,84.01,280.51,652.61,481.48,547.92,87.87,26.42,217.63
2026-04-22 23:54:00,2026-04-22 23:54:59,*PQM,267.23,626.11,153.90,167.23,92.03,27.69,48.44,305.72,624.31,170.21,189.97,89.60,27.44,68.72,270.06,629.68,145.80,169.90,85.81,26.96,75.21,281.00,626.70,469.92,527.11,89.15,27.36,192.38
2026-04-22 23:55:00,2026-04-22 23:55:59,*PQM,267.19,627.19,153.45,167.37,91.68,27.35,50.02,305.64,618.43,168.69,189.26,89.13,27.29,70.17,270.06,627.29,144.98,169.66,85.46,26.84,75.83,280.96,624.30,467.12,526.29,88.76,27.16,196.02
2026-04-22 23:56:00,2026-04-22 23:56:59,*PQM,267.06,627.83,153.73,169.55,90.67,26.51,53.21,305.48,636.51,174.11,194.50,89.52,27.83,74.12,269.80,640.77,146.27,174.01,84.06,26.25,83.17,280.78,635.04,474.11,538.07,88.08,26.86,210.50
2026-04-22 23:57:00,2026-04-22 23:57:59,*PQM,267.09,635.85,153.24,166.88,91.83,27.71,50.29,305.62,613.75,170.24,190.40,89.41,27.38,69.19,270.02,645.09,146.44,170.58,85.85,26.84,77.13,280.91,631.56,469.92,527.86,89.03,27.31,196.62
2026-04-22 23:58:00,2026-04-22 23:58:59,*PQM,267.15,650.73,159.16,173.62,91.67,26.57,53.08,305.55,649.85,176.71,198.13,89.19,26.16,74.93,269.96,654.39,150.12,176.90,84.86,25.69,82.00,280.89,651.66,485.98,548.66,88.57,26.14,210.00
2026-04-22 23:59:00,2026-04-22 23:59:59,*PQM,266.90,656.01,157.84,175.51,89.93,25.89,64.18,305.30,610.06,164.47,188.35,87.32,26.19,77.58,269.90,652.09,151.27,177.25,85.34,24.92,81.10,280.70,639.39,473.57,541.11,87.53,25.67,222.87
