Start Time,End Time,Meter,l1Volt,l1Amp,l1Kw,l1Kva,l1Pf,l1THD,l1Kvar,l2Volt,l2Amp,l2Kw,l2Kva,l2Pf,l2THD,l2Kvar,l3Volt,l3Amp,l3Kw,l3Kva,l3Pf,l3THD,l3Kvar,avgVolt,avgAmp,totalKw,totalKva,avgPf,avgTHD,totalKvar
2026-04-22 00:00:00,2026-04-22 00:00:59,Q08,483.60,125.20,53.40,60.40,89.50,24.30,15.34,481.90,127.40,52.50,61.10,86.30,25.90,17.80,480.00,117.90,47.60,56.20,85.40,25.90,16.89,481.83,123.50,153.50,177.70,87.07,25.37,50.03
2026-04-22 00:01:00,2026-04-22 00:01:59,Q08,482.30,134.90,57.60,64.60,90.80,22.50,15.60,482.20,138.90,56.80,66.50,86.10,24.60,19.26,480.90,124.30,50.70,59.50,86.50,26.50,17.00,481.80,132.70,165.10,190.60,87.80,24.53,51.86
2026-04-22 00:02:00,2026-04-22 00:02:59,Q08,482.50,128.90,55.50,61.70,91.00,22.70,14.91,482.60,133.00,54.40,64.10,85.90,24.30,19.00,480.10,118.10,47.60,56.60,85.90,25.20,16.74,481.73,126.67,157.50,182.40,87.60,24.07,50.66
2026-04-22 00:03:00,2026-04-22 00:03:59,Q08,483.30,140.20,61.00,67.60,91.20,22.10,16.09,481.90,145.30,59.30,69.70,86.20,22.40,20.46,479.70,129.50,52.50,61.80,86.20,25.20,18.06,481.63,138.33,172.80,199.10,87.87,23.23,54.60
2026-04-22 00:04:00,2026-04-22 00:04:59,Q08,482.50,133.50,57.00,64.10,89.50,21.40,16.43,481.20,133.60,53.50,64.00,85.50,23.60,19.43,481.60,124.50,50.20,59.60,85.40,23.70,17.69,481.77,130.53,160.70,187.70,86.80,22.90,53.54
2026-04-22 00:05:00,2026-04-22 00:05:59,Q08,482.40,139.00,58.70,67.00,89.70,22.20,17.03,482.70,139.90,56.10,67.00,85.80,23.90,19.83,480.40,128.90,52.50,61.40,86.60,25.40,17.74,481.83,135.93,167.30,195.40,87.37,23.83,54.60
2026-04-22 00:06:00,2026-04-22 00:06:59,Q08,482.60,134.30,57.00,64.60,89.90,22.60,16.29,482.30,139.40,56.10,67.00,85.30,23.80,20.11,479.80,124.60,49.60,59.40,84.70,25.30,18.29,481.57,132.77,162.70,191.00,86.63,23.90,54.69
2026-04-22 00:07:00,2026-04-22 00:07:59,Q08,484.50,141.80,61.20,68.20,90.40,22.80,16.83,482.70,145.30,59.30,69.90,86.10,23.70,20.40,480.80,132.00,54.20,63.40,86.20,25.90,18.26,482.67,139.70,174.70,201.50,87.57,24.13,55.49
2026-04-22 00:08:00,2026-04-22 00:08:59,Q08,483.60,136.10,57.20,65.70,88.60,26.50,17.54,481.60,135.40,53.80,64.90,84.80,29.10,19.91,482.30,126.00,51.00,60.70,85.80,29.60,17.89,482.50,132.50,162.00,191.30,86.40,28.40,55.34
2026-04-22 00:09:00,2026-04-22 00:09:59,Q08,483.20,142.40,61.20,68.60,90.10,25.70,16.94,482.80,145.70,58.70,69.90,85.10,27.00,20.69,482.40,129.40,53.30,62.20,86.00,28.70,18.00,482.80,139.17,173.20,200.70,87.07,27.13,55.63
2026-04-22 00:10:00,2026-04-22 00:10:59,Q08,483.30,146.50,63.70,70.50,91.00,25.50,16.80,481.70,148.70,60.30,71.20,85.30,27.30,21.43,482.70,129.60,53.30,62.20,86.60,29.60,17.94,482.57,141.60,177.30,203.90,87.63,27.47,56.17
2026-04-22 00:11:00,2026-04-22 00:11:59,Q08,485.20,141.80,60.50,68.40,89.90,25.10,17.00,482.30,140.10,56.30,67.50,84.20,26.40,20.83,482.50,126.40,51.60,60.70,86.20,29.00,17.40,483.33,136.10,168.40,196.60,86.77,26.83,55.23
2026-04-22 00:12:00,2026-04-22 00:12:59,Q08,485.60,145.20,62.30,70.30,89.70,26.70,17.60,482.70,145.30,59.30,69.90,86.00,28.10,20.43,482.20,134.10,55.00,64.60,86.50,28.70,18.51,483.50,141.53,176.60,204.80,87.40,27.83,56.54
2026-04-22 00:13:00,2026-04-22 00:13:59,Q08,485.40,143.80,62.10,69.40,90.60,25.10,16.94,482.30,144.90,58.70,69.40,85.30,26.70,20.94,481.70,129.30,53.30,62.00,86.60,28.30,17.83,483.13,139.33,174.10,200.80,87.50,26.70,55.71
2026-04-22 00:14:00,2026-04-22 00:14:59,Q08,485.00,147.60,63.90,71.30,90.50,25.50,17.31,481.80,148.30,60.30,71.20,85.00,27.50,21.37,482.50,135.90,55.90,65.10,86.90,28.80,17.83,483.10,143.93,180.10,207.60,87.47,27.27,56.51
2026-04-22 00:15:00,2026-04-22 00:15:59,Q08,483.50,144.20,62.80,69.60,91.20,26.20,16.51,483.50,145.80,60.20,70.00,86.40,28.50,19.97,482.30,131.50,55.40,63.10,88.40,29.50,16.74,483.10,140.50,178.40,202.70,88.67,28.07,53.23
2026-04-22 00:16:00,2026-04-22 00:16:59,Q08,483.80,142.30,61.20,68.60,90.60,27.30,16.54,483.70,142.10,58.50,68.60,86.50,29.30,19.43,482.90,130.50,53.90,62.70,87.90,30.10,16.94,483.47,138.30,173.60,199.90,88.33,28.90,52.91
2026-04-22 00:17:00,2026-04-22 00:17:59,Q08,485.10,141.90,61.20,68.40,90.90,25.90,16.37,483.20,143.30,58.70,69.10,85.40,28.70,20.40,481.40,127.90,53.10,61.10,87.30,30.10,16.91,483.23,137.70,173.00,198.60,87.87,28.23,53.69
2026-04-22 00:18:00,2026-04-22 00:18:59,Q08,484.30,144.50,62.80,69.70,91.50,26.90,15.97,483.00,145.50,60.20,70.00,86.30,28.40,20.11,482.80,128.70,53.10,61.70,87.70,29.90,16.94,483.37,139.57,176.10,201.40,88.50,28.40,53.03
2026-04-22 00:19:00,2026-04-22 00:19:59,Q08,484.50,143.90,62.80,69.20,91.50,26.90,16.03,482.40,145.80,59.30,69.90,86.10,28.70,20.34,483.10,127.10,53.10,61.30,87.50,31.00,17.09,483.33,138.93,175.20,200.40,88.37,28.87,53.46
2026-04-22 00:20:00,2026-04-22 00:20:59,Q08,485.30,137.00,59.40,66.40,90.40,25.50,16.03,482.80,138.60,56.80,66.50,86.50,27.80,19.00,481.70,126.80,51.60,60.60,86.80,28.70,17.11,483.27,134.13,167.80,193.50,87.90,27.33,52.14
2026-04-22 00:21:00,2026-04-22 00:21:59,Q08,484.00,145.80,63.70,70.20,91.40,27.00,16.37,483.50,147.20,61.10,71.00,86.40,28.90,20.37,482.80,133.40,55.70,64.10,87.80,31.20,17.23,483.43,142.13,180.50,205.30,88.53,29.03,53.97
2026-04-22 00:22:00,2026-04-22 00:22:59,Q08,483.90,137.10,60.10,66.20,91.30,25.80,15.34,483.40,142.10,57.80,68.60,85.30,27.90,20.11,483.30,124.20,50.70,59.90,86.10,30.60,16.94,483.53,134.47,168.60,194.70,87.57,28.10,52.40
2026-04-22 00:23:00,2026-04-22 00:23:59,Q08,485.70,143.40,62.80,69.40,91.70,27.20,15.83,483.70,145.50,60.20,70.00,86.10,29.30,20.40,482.00,129.70,53.90,62.20,87.40,31.30,17.09,483.80,139.53,176.90,201.60,88.40,29.27,53.31
2026-04-22 00:24:00,2026-04-22 00:24:59,Q08,484.50,135.70,58.50,65.30,90.20,27.40,16.03,484.40,136.80,55.20,65.80,85.80,29.30,19.20,482.30,125.10,51.60,60.20,86.50,30.90,16.97,483.73,132.53,165.30,191.30,87.50,29.20,52.20
2026-04-22 00:25:00,2026-04-22 00:25:59,Q08,484.90,143.00,62.80,69.20,91.50,27.10,15.97,482.70,143.40,57.80,68.90,85.70,28.70,20.43,483.70,126.40,52.20,60.90,87.40,31.10,16.86,483.77,137.60,172.80,199.00,88.20,28.97,53.26
2026-04-22 00:26:00,2026-04-22 00:26:59,Q08,485.80,136.10,59.20,66.00,91.20,27.00,15.51,482.80,139.00,56.10,67.00,85.50,28.70,19.89,483.10,123.60,50.70,59.40,86.50,30.50,16.83,483.90,132.90,166.00,192.40,87.73,28.73,52.23
2026-04-22 00:27:00,2026-04-22 00:27:59,Q08,485.90,143.00,62.80,69.40,91.50,27.30,15.86,483.30,145.00,60.20,70.00,86.40,28.30,20.14,482.10,132.70,54.80,63.60,87.10,31.10,17.37,483.77,140.23,177.80,203.00,88.33,28.90,53.37
2026-04-22 00:28:00,2026-04-22 00:28:59,Q08,484.50,136.20,58.50,65.80,90.00,27.60,16.23,483.90,137.20,56.10,66.20,85.90,29.30,19.00,483.10,126.20,51.60,60.90,86.80,30.70,16.86,483.83,133.20,166.20,192.90,87.57,29.20,52.09
2026-04-22 00:29:00,2026-04-22 00:29:59,Q08,485.20,146.30,63.70,70.80,91.80,27.50,15.83,482.70,148.80,61.10,71.30,86.20,28.70,20.66,482.90,130.10,53.90,62.70,87.00,30.90,17.49,483.60,141.73,178.70,204.80,88.33,29.03,53.97
2026-04-22 00:30:00,2026-04-22 00:30:59,Q08,483.20,148.00,65.30,71.50,92.10,26.60,15.91,483.10,152.90,62.80,73.40,86.90,27.70,20.51,482.40,134.90,55.70,64.60,87.90,30.10,17.34,482.90,145.27,183.80,209.50,88.97,28.13,53.77
2026-04-22 00:31:00,2026-04-22 00:31:59,Q08,484.70,141.10,61.90,68.20,91.70,27.40,15.54,483.50,145.70,60.20,70.00,86.10,29.30,20.34,481.30,127.90,52.50,61.10,86.70,31.70,17.37,483.17,138.23,174.60,199.30,88.17,29.47,53.26
2026-04-22 00:32:00,2026-04-22 00:32:59,Q08,485.40,134.40,57.00,65.00,89.70,27.30,16.43,482.60,134.70,54.40,64.60,85.60,29.30,19.34,481.30,123.60,50.70,59.20,86.10,30.30,17.37,483.10,130.90,162.10,188.80,87.13,28.97,53.14
2026-04-22 00:33:00,2026-04-22 00:33:59,Q08,484.10,136.10,58.50,65.80,90.30,26.50,16.06,483.40,134.80,53.80,64.70,84.60,28.90,19.80,483.20,121.60,49.90,58.40,86.70,31.50,16.40,483.57,130.83,162.20,188.90,87.20,28.97,52.26
2026-04-22 00:34:00,2026-04-22 00:34:59,Q08,483.90,149.90,64.60,72.00,91.80,26.90,16.29,483.80,151.00,62.60,72.90,87.30,28.60,20.23,482.60,136.80,57.20,65.60,88.30,30.50,17.46,483.43,145.90,184.40,210.50,89.13,28.67,53.97
2026-04-22 00:35:00,2026-04-22 00:35:59,Q08,485.30,144.90,62.80,69.80,91.90,24.50,15.80,482.70,147.50,60.20,70.90,86.20,26.70,20.37,483.50,132.00,54.80,63.80,87.80,29.30,16.89,483.83,141.47,177.80,204.50,88.63,26.83,53.06
2026-04-22 00:36:00,2026-04-22 00:36:59,Q08,485.70,149.30,64.80,72.30,90.60,26.10,17.43,483.80,151.80,61.90,72.90,86.70,27.90,20.74,482.30,139.50,56.80,67.00,86.90,29.20,18.74,483.93,146.87,183.50,212.20,88.07,27.73,56.91
2026-04-22 00:37:00,2026-04-22 00:37:59,Q08,485.20,143.00,62.10,69.40,90.10,25.70,17.20,482.80,141.10,56.30,68.00,84.10,28.60,21.20,483.70,125.40,51.60,60.40,86.70,30.60,17.31,483.90,136.50,170.00,197.80,86.97,28.30,55.71
2026-04-22 00:38:00,2026-04-22 00:38:59,Q08,484.40,135.90,57.80,65.30,89.90,23.70,16.37,483.50,137.80,54.80,66.20,83.50,25.30,20.80,482.60,119.70,47.90,57.40,84.80,27.80,17.46,483.50,131.13,160.50,188.90,86.07,25.60,54.63
2026-04-22 00:39:00,2026-04-22 00:39:59,Q08,483.00,151.50,65.50,72.90,91.60,21.60,16.74,482.90,153.40,63.50,73.70,87.20,23.80,20.86,481.00,138.90,57.40,66.40,87.70,24.90,18.23,482.30,147.93,186.40,213.00,88.83,23.43,55.83
2026-04-22 00:40:00,2026-04-22 00:40:59,Q08,483.10,130.90,53.90,62.80,87.70,23.90,17.37,483.10,128.30,51.20,61.80,84.20,25.60,19.17,480.90,119.60,48.50,57.10,85.50,27.10,17.31,482.37,126.27,153.60,181.70,85.80,25.53,53.86
2026-04-22 00:41:00,2026-04-22 00:41:59,Q08,484.40,125.70,53.40,60.50,89.10,22.80,15.80,482.30,131.40,52.30,63.10,83.60,24.30,19.74,480.80,114.50,44.80,54.70,83.40,25.80,17.49,482.50,123.87,150.50,178.30,85.37,24.30,53.03
2026-04-22 00:42:00,2026-04-22 00:42:59,Q08,484.20,128.50,54.30,62.00,89.60,24.00,15.69,481.30,132.00,52.30,63.50,83.70,25.30,20.09,481.90,117.10,46.50,56.30,83.50,27.00,17.54,482.47,125.87,153.10,181.80,85.60,25.43,53.31
2026-04-22 00:43:00,2026-04-22 00:43:59,Q08,483.40,118.60,48.70,57.00,87.50,22.90,15.97,481.80,120.80,45.60,57.70,80.70,25.00,19.66,482.50,105.30,41.00,50.60,82.20,26.40,16.63,482.57,114.90,135.30,165.30,83.47,24.77,52.26
2026-04-22 00:44:00,2026-04-22 00:44:59,Q08,483.20,116.90,48.70,56.00,87.30,25.20,16.03,482.90,121.00,47.60,58.30,82.10,26.40,19.17,482.10,108.00,42.60,52.10,82.10,28.20,17.26,482.73,115.30,138.90,166.40,83.83,26.60,52.46
2026-04-22 00:45:00,2026-04-22 00:45:59,Q08,482.80,126.70,53.40,60.70,89.40,21.70,15.74,482.80,131.50,52.30,63.10,83.20,22.50,19.94,480.80,114.60,44.80,54.70,83.70,25.00,17.20,482.13,124.27,150.50,178.50,85.43,23.07,52.89
2026-04-22 00:46:00,2026-04-22 00:46:59,Q08,484.50,128.50,54.30,62.00,89.20,23.70,16.46,481.60,130.90,51.50,62.50,83.60,25.90,20.00,480.60,117.40,47.60,56.20,85.10,27.00,17.09,482.23,125.60,153.40,180.70,85.97,25.53,53.54
2026-04-22 00:47:00,2026-04-22 00:47:59,Q08,484.30,134.60,57.60,64.90,90.40,22.30,16.17,481.10,138.20,56.10,66.40,85.40,22.80,20.26,481.10,123.90,50.20,59.20,85.30,23.50,17.94,482.17,132.23,163.90,190.50,87.03,22.87,54.37
2026-04-22 00:48:00,2026-04-22 00:48:59,Q08,483.30,120.70,50.20,58.00,88.40,25.20,15.94,482.40,119.60,47.90,57.40,84.30,27.30,18.26,481.70,112.30,45.00,53.90,85.20,28.70,16.34,482.47,117.53,143.10,169.30,85.97,27.07,50.54
2026-04-22 00:49:00,2026-04-22 00:49:59,Q08,484.30,128.00,54.90,62.00,90.60,23.20,15.11,482.40,129.90,52.10,62.20,84.50,25.10,19.09,481.30,113.90,46.40,54.40,86.10,26.70,15.94,482.67,123.93,153.40,178.60,87.07,25.00,50.14
2026-04-22 00:50:00,2026-04-22 00:50:59,Q08,483.90,127.00,54.90,61.30,90.80,22.50,14.63,481.10,130.80,52.10,62.50,84.30,24.90,19.40,481.30,113.60,45.40,54.40,84.70,25.30,16.43,482.10,123.80,152.40,178.20,86.60,24.23,50.46
2026-04-22 00:51:00,2026-04-22 00:51:59,Q08,483.70,138.80,60.10,66.70,91.00,22.10,16.03,480.90,140.60,57.00,67.20,85.30,23.30,20.54,481.40,124.50,50.70,59.60,86.10,23.80,17.51,482.00,134.63,167.80,193.50,87.47,23.07,54.09
2026-04-22 00:52:00,2026-04-22 00:52:59,Q08,483.00,119.10,49.60,57.50,87.80,22.80,15.91,480.20,120.50,46.20,57.60,81.10,25.20,19.74,481.30,106.20,41.00,51.00,82.10,27.10,16.86,481.50,115.27,136.80,166.10,83.67,25.03,52.51
2026-04-22 00:53:00,2026-04-22 00:53:59,Q08,485.10,146.80,63.70,70.80,91.60,23.90,16.11,482.00,148.30,60.30,71.30,85.80,24.90,21.14,481.80,130.90,53.30,62.50,86.40,28.10,17.97,482.97,142.00,177.30,204.60,87.93,25.63,55.23
2026-04-22 00:54:00,2026-04-22 00:54:59,Q08,485.20,145.60,63.70,70.30,91.50,25.10,16.31,482.00,150.00,61.20,72.30,85.50,26.70,21.43,481.70,131.00,54.20,63.00,86.40,29.10,17.97,482.97,142.20,179.10,205.60,87.80,26.97,55.71
2026-04-22 00:55:00,2026-04-22 00:55:59,Q08,484.80,140.80,61.00,67.80,91.00,25.80,16.20,482.20,144.50,58.70,69.40,85.00,27.50,20.91,483.20,127.60,52.50,61.30,86.10,29.00,17.60,483.40,137.63,172.20,198.50,87.37,27.43,54.71
2026-04-22 00:56:00,2026-04-22 00:56:59,Q08,484.10,139.50,59.60,67.30,89.40,24.70,17.09,484.10,139.30,57.00,67.30,85.40,27.00,19.97,482.60,127.60,51.80,61.20,85.80,28.60,18.03,483.60,135.47,168.40,195.80,86.87,26.77,55.09
2026-04-22 00:57:00,2026-04-22 00:57:59,Q08,485.40,137.40,59.40,66.40,90.30,25.30,16.46,482.70,140.90,56.30,67.50,84.50,26.50,20.89,482.00,124.70,50.20,59.80,85.20,29.00,17.89,483.37,134.33,165.90,193.70,86.67,26.93,55.23
2026-04-22 00:58:00,2026-04-22 00:58:59,Q08,484.10,142.50,61.20,68.70,90.30,24.90,17.03,483.80,145.40,59.50,70.00,85.20,26.50,20.86,482.20,130.00,53.30,62.70,86.60,28.20,17.74,483.37,139.30,174.00,201.40,87.37,26.53,55.63
2026-04-22 00:59:00,2026-04-22 00:59:59,Q08,483.90,136.80,57.80,65.70,89.00,26.80,17.14,483.40,136.80,54.60,65.70,84.80,28.40,19.94,482.70,125.20,51.00,60.20,85.70,29.90,17.69,483.33,132.93,163.40,191.60,86.50,28.37,54.77
2026-04-22 01:00:00,2026-04-22 01:00:59,Q08,485.00,134.10,56.30,65.00,88.80,24.80,16.97,481.90,135.40,53.80,64.90,84.40,26.80,19.91,481.70,124.30,50.20,59.60,85.00,28.30,17.80,482.87,131.27,160.30,189.50,86.07,26.63,54.69
2026-04-22 01:01:00,2026-04-22 01:01:59,Q08,485.10,142.80,61.90,68.90,91.30,24.70,16.09,481.80,146.60,58.80,70.20,84.90,26.70,21.43,481.70,128.90,51.80,61.60,85.40,29.50,18.06,482.87,139.43,172.50,200.70,87.20,26.97,55.57
2026-04-22 01:02:00,2026-04-22 01:02:59,Q08,484.10,138.60,60.10,66.80,91.30,25.50,15.49,482.60,138.10,55.40,66.50,84.80,27.30,20.11,483.40,121.70,49.90,58.40,86.80,29.00,16.37,483.37,132.80,165.40,191.70,87.63,27.27,51.97
2026-04-22 01:03:00,2026-04-22 01:03:59,Q08,484.90,136.10,57.80,65.80,89.40,27.70,16.54,482.10,132.80,52.90,63.60,84.80,30.20,19.29,482.90,121.90,49.90,58.30,86.60,31.80,16.63,483.30,130.27,160.60,187.70,86.93,29.90,52.46
2026-04-22 01:04:00,2026-04-22 01:04:59,Q08,484.30,134.40,58.20,64.90,91.30,26.20,15.11,482.00,137.00,56.10,66.00,85.40,27.90,19.71,482.90,119.70,49.00,57.40,86.20,30.40,16.69,483.07,130.37,163.30,188.30,87.63,28.17,51.51
2026-04-22 01:05:00,2026-04-22 01:05:59,Q08,485.10,136.80,59.20,66.00,91.20,27.10,15.51,481.80,139.50,56.10,66.90,85.40,28.20,20.00,481.70,124.70,50.70,59.60,86.50,31.20,16.86,482.87,133.67,166.00,192.50,87.70,28.83,52.37
2026-04-22 01:06:00,2026-04-22 01:06:59,Q08,483.90,136.10,58.50,65.70,90.30,25.80,15.97,482.10,132.80,52.90,63.60,84.20,28.20,19.63,483.00,118.80,48.70,57.00,87.30,30.10,15.83,483.00,129.23,160.10,186.30,87.27,28.03,51.43
2026-04-22 01:07:00,2026-04-22 01:07:59,Q08,484.70,136.60,58.50,65.80,90.20,28.00,16.34,481.70,135.70,54.40,64.90,85.70,30.10,19.43,482.20,127.10,52.50,61.20,86.90,30.90,16.94,482.87,133.13,165.40,191.90,87.60,29.67,52.71
2026-04-22 01:08:00,2026-04-22 01:08:59,Q08,483.70,136.50,58.50,65.70,90.90,25.50,15.83,482.70,137.70,56.10,66.00,85.60,27.10,19.49,481.90,122.40,50.50,58.70,87.40,28.60,16.31,482.77,132.20,165.10,190.40,87.97,27.07,51.63
2026-04-22 01:09:00,2026-04-22 01:09:59,Q08,484.00,137.80,59.40,66.30,90.60,26.90,16.00,482.50,137.20,55.40,66.00,84.70,28.60,19.89,482.90,122.50,50.50,58.80,87.10,31.00,16.29,483.13,132.50,165.30,191.10,87.47,28.83,52.17
2026-04-22 01:10:00,2026-04-22 01:10:59,Q08,483.70,134.40,57.60,64.70,90.20,25.80,16.06,483.20,132.80,52.90,63.80,84.10,29.00,19.63,482.70,119.00,49.60,57.40,87.20,30.40,15.83,483.20,128.73,160.10,185.90,87.17,28.40,51.51
2026-04-22 01:11:00,2026-04-22 01:11:59,Q08,483.50,138.70,59.40,66.70,90.30,26.10,16.51,482.80,139.70,56.80,67.00,86.00,28.70,19.49,482.80,128.30,53.10,61.70,87.30,29.20,16.94,483.03,135.57,169.30,195.40,87.87,28.00,52.94
2026-04-22 01:12:00,2026-04-22 01:12:59,Q08,484.20,135.20,58.50,65.30,90.90,24.50,15.63,482.20,136.30,55.20,65.60,85.10,27.70,19.66,483.40,119.20,49.60,57.50,87.10,29.50,16.23,483.27,130.23,163.30,188.40,87.70,27.23,51.51
2026-04-22 01:13:00,2026-04-22 01:13:59,Q08,485.50,141.20,61.20,68.40,90.80,25.90,16.26,482.40,139.00,56.10,67.00,85.00,28.50,20.14,483.10,126.60,52.20,60.90,87.50,29.10,16.46,483.67,135.60,169.50,196.30,87.77,27.83,52.86
2026-04-22 01:14:00,2026-04-22 01:14:59,Q08,485.70,134.20,58.20,65.00,91.00,25.40,15.37,483.50,136.10,55.20,65.70,85.40,27.10,19.54,482.00,119.70,49.00,57.40,86.40,29.70,16.63,483.73,130.00,162.40,188.10,87.60,27.40,51.54
2026-04-22 01:15:00,2026-04-22 01:15:59,Q08,485.50,132.50,57.00,64.00,89.30,26.40,16.49,483.10,132.80,53.50,63.80,85.10,28.70,19.03,481.80,124.30,50.70,59.60,86.50,30.00,16.71,483.47,129.87,161.20,187.40,86.97,28.37,52.23
2026-04-22 01:16:00,2026-04-22 01:16:59,Q08,485.00,130.50,56.10,63.00,89.70,27.10,15.94,482.40,132.90,52.90,63.60,84.60,29.10,19.46,483.30,120.00,48.50,58.00,85.40,30.90,16.97,483.57,127.80,157.50,184.60,86.57,29.03,52.37
2026-04-22 01:17:00,2026-04-22 01:17:59,Q08,485.80,130.10,56.70,63.00,90.20,25.80,15.43,482.90,134.20,54.40,64.60,85.20,28.40,19.11,482.30,119.80,48.50,57.40,85.40,30.60,16.86,483.67,128.03,159.60,185.00,86.93,28.27,51.40
2026-04-22 01:18:00,2026-04-22 01:18:59,Q08,484.50,134.20,57.60,64.90,90.00,27.90,16.03,484.10,133.50,53.80,64.40,84.90,29.20,19.43,482.10,121.20,49.90,58.30,86.40,31.50,16.66,483.57,129.63,161.30,187.60,87.10,29.53,52.11
2026-04-22 01:19:00,2026-04-22 01:19:59,Q08,485.00,129.00,55.20,62.60,89.30,27.10,16.00,483.50,132.30,53.50,63.80,85.40,28.60,18.71,482.80,121.50,49.30,58.30,85.40,29.60,17.17,483.77,127.60,158.00,184.70,86.70,28.43,51.89
2026-04-22 01:20:00,2026-04-22 01:20:59,Q08,484.90,133.70,57.60,64.40,90.10,27.10,15.89,483.70,137.10,56.10,66.20,85.80,29.70,19.20,481.80,123.90,50.20,59.20,85.80,30.90,17.31,483.47,131.57,163.90,189.80,87.23,29.23,52.40
2026-04-22 01:21:00,2026-04-22 01:21:59,Q08,484.40,131.90,56.70,63.40,90.50,26.60,15.40,483.60,135.30,55.20,65.20,85.50,28.30,19.20,482.70,121.00,49.30,58.30,85.60,29.90,17.06,483.57,129.40,161.20,186.90,87.20,28.27,51.66
2026-04-22 01:22:00,2026-04-22 01:22:59,Q08,485.20,139.80,60.30,67.40,90.60,26.90,16.20,483.80,142.20,58.50,68.60,86.20,28.40,19.71,482.00,128.40,52.50,61.70,86.60,30.50,17.51,483.67,136.80,171.30,197.70,87.80,28.60,53.43
2026-04-22 01:23:00,2026-04-22 01:23:59,Q08,484.40,132.30,55.40,63.90,88.60,26.30,17.17,484.20,134.80,54.40,64.90,85.40,28.70,19.54,481.90,126.40,50.40,60.60,84.90,29.00,18.40,483.50,131.17,160.20,189.40,86.30,28.00,55.11
2026-04-22 01:24:00,2026-04-22 01:24:59,Q08,484.00,141.40,60.50,68.20,89.90,24.80,17.26,483.90,142.90,57.80,68.60,85.50,27.30,20.54,482.90,132.00,54.20,63.60,86.20,28.00,18.23,483.60,138.77,172.50,200.40,87.20,26.70,56.03
2026-04-22 01:25:00,2026-04-22 01:25:59,Q08,485.60,136.90,58.50,66.00,90.50,25.00,16.17,483.30,141.60,57.80,68.10,85.30,27.10,20.60,481.90,126.50,51.00,60.60,85.00,29.00,18.26,483.60,135.00,167.30,194.70,86.93,27.03,55.03
2026-04-22 01:26:00,2026-04-22 01:26:59,Q08,484.50,142.40,61.20,68.70,90.80,24.40,16.49,482.70,146.70,59.50,70.40,85.30,26.00,20.94,483.50,129.70,52.70,62.30,85.90,27.10,18.06,483.57,139.60,173.40,201.40,87.33,25.83,55.49
2026-04-22 01:27:00,2026-04-22 01:27:59,Q08,485.00,139.40,59.60,67.40,89.40,25.50,17.31,482.00,141.40,57.00,68.00,85.20,27.70,20.49,482.80,130.40,52.70,62.70,85.60,29.00,18.37,483.27,137.07,169.30,198.10,86.73,27.40,56.17
2026-04-22 01:28:00,2026-04-22 01:28:59,Q08,485.70,146.00,63.00,70.80,90.50,24.20,16.91,482.90,147.60,59.50,70.90,85.90,25.00,20.71,481.90,131.50,54.20,63.00,86.40,26.10,18.29,483.50,141.70,176.70,204.70,87.60,25.10,55.91
2026-04-22 01:29:00,2026-04-22 01:29:59,Q08,484.00,141.20,61.20,68.20,90.10,26.60,16.77,483.90,143.30,58.70,69.10,85.70,28.10,20.46,482.10,130.60,52.70,62.70,85.50,29.90,18.49,483.33,138.37,172.60,200.00,87.10,28.20,55.71
2026-04-22 01:30:00,2026-04-22 01:30:59,Q08,483.40,140.90,60.30,67.60,90.20,25.50,16.66,483.10,144.20,58.70,69.60,85.50,25.80,20.43,482.70,130.60,52.70,62.70,85.80,27.60,18.14,483.07,138.57,171.70,199.90,87.17,26.30,55.23
2026-04-22 01:31:00,2026-04-22 01:31:59,Q08,485.30,141.30,60.50,68.40,89.30,27.10,17.26,482.40,140.90,57.60,67.50,86.30,28.30,19.74,481.70,132.50,53.50,63.50,85.80,28.60,18.54,483.13,138.23,171.60,199.40,87.13,28.00,55.54
2026-04-22 01:32:00,2026-04-22 01:32:59,Q08,484.10,137.90,58.70,66.30,89.30,26.00,16.94,483.30,135.30,54.60,65.20,84.00,27.80,20.40,483.00,123.70,50.20,59.40,85.40,29.10,17.57,483.47,132.30,163.50,190.90,86.23,27.63,54.91
2026-04-22 01:33:00,2026-04-22 01:33:59,Q08,484.50,147.00,64.60,71.10,91.00,25.60,16.91,482.70,150.80,61.90,72.30,86.00,26.90,21.31,483.10,135.60,55.90,65.20,86.10,29.30,18.77,483.43,144.47,182.40,208.60,87.70,27.27,57.00
2026-04-22 01:34:00,2026-04-22 01:34:59,Q08,483.90,143.00,62.10,69.10,90.60,25.00,16.77,483.70,145.10,59.50,70.00,85.80,26.20,20.66,482.70,130.60,53.30,62.70,86.20,28.10,18.17,483.43,139.57,174.90,201.80,87.53,26.43,55.60
2026-04-22 01:35:00,2026-04-22 01:35:59,Q08,484.20,136.80,58.50,65.80,90.30,25.10,16.17,482.60,138.60,57.40,66.50,87.30,27.10,18.63,480.40,129.60,53.10,61.90,87.00,28.20,17.49,482.40,135.00,169.00,194.20,88.20,26.80,52.29
2026-04-22 01:36:00,2026-04-22 01:36:59,Q08,484.30,131.00,56.70,63.40,90.20,24.40,15.63,481.30,130.10,52.70,62.50,85.30,26.20,18.80,480.90,117.90,48.20,56.20,86.80,27.60,16.11,482.17,126.33,157.60,182.10,87.43,26.07,50.54
2026-04-22 01:37:00,2026-04-22 01:37:59,Q08,484.40,135.20,59.20,65.30,91.10,24.20,15.40,482.70,136.90,55.90,65.60,86.40,25.50,19.17,480.80,124.40,50.70,59.50,86.60,27.60,16.97,482.63,132.17,165.80,190.40,88.03,25.77,51.54
2026-04-22 01:38:00,2026-04-22 01:38:59,Q08,483.30,132.50,56.70,63.80,90.80,23.50,15.49,481.90,135.80,54.40,64.90,85.80,24.80,19.31,482.60,121.70,49.90,58.30,86.40,26.40,16.83,482.60,130.00,161.00,187.00,87.67,24.90,51.63
2026-04-22 01:39:00,2026-04-22 01:39:59,Q08,484.90,125.30,53.40,60.50,89.20,23.70,15.83,481.60,125.90,50.40,60.10,84.90,26.10,18.46,481.10,117.00,47.60,56.30,85.80,26.60,16.40,482.53,122.73,151.40,176.90,86.63,25.47,50.69
2026-04-22 01:40:00,2026-04-22 01:40:59,Q08,484.80,132.20,57.30,63.90,91.70,24.40,14.71,482.00,136.80,55.90,65.60,86.10,25.60,19.43,480.90,120.10,48.50,57.60,85.80,28.30,17.00,482.57,129.70,161.70,187.10,87.87,26.10,51.14
2026-04-22 01:41:00,2026-04-22 01:41:59,Q08,484.90,133.00,58.20,64.40,91.10,23.70,15.17,481.90,137.20,55.20,65.90,85.30,24.40,19.66,482.40,121.00,49.30,58.30,85.90,25.90,16.80,483.07,130.40,162.70,188.60,87.43,24.67,51.63
2026-04-22 01:42:00,2026-04-22 01:42:59,Q08,484.40,128.40,54.30,62.00,89.10,25.50,16.20,482.80,128.10,51.20,61.70,84.80,27.90,18.74,482.50,118.50,48.20,56.90,86.20,28.70,16.49,483.23,125.00,153.70,180.60,86.70,27.37,51.43
2026-04-22 01:43:00,2026-04-22 01:43:59,Q08,485.10,123.20,51.90,59.70,88.50,24.20,15.97,483.30,127.40,51.80,61.30,85.90,26.10,17.91,481.40,120.10,48.50,57.70,85.00,25.60,17.26,483.27,123.57,152.20,178.70,86.47,25.30,51.14
2026-04-22 01:44:00,2026-04-22 01:44:59,Q08,485.40,130.80,56.70,63.00,90.20,25.80,15.60,482.40,133.30,54.40,64.10,85.70,26.70,19.00,482.20,121.70,49.30,58.30,85.60,28.50,17.17,483.33,128.60,160.40,185.40,87.17,27.00,51.77
2026-04-22 01:45:00,2026-04-22 01:45:59,Q08,484.80,126.80,53.40,61.00,89.20,24.30,15.77,483.40,129.20,52.10,62.30,84.90,26.30,18.69,481.00,117.20,47.60,56.30,85.00,26.30,16.91,483.07,124.40,153.10,179.60,86.37,25.63,51.37
2026-04-22 01:46:00,2026-04-22 01:46:59,Q08,484.40,129.80,55.80,62.40,90.10,24.40,15.57,483.20,133.40,54.40,64.20,85.70,25.40,18.80,483.50,119.60,48.50,57.50,85.80,27.90,16.89,483.70,127.60,158.70,184.10,87.20,25.90,51.26
2026-04-22 01:47:00,2026-04-22 01:47:59,Q08,486.20,125.10,52.80,60.80,88.00,27.10,16.26,485.10,126.60,51.80,61.10,85.10,29.50,18.17,482.70,118.10,47.00,56.90,84.60,29.60,17.23,484.67,123.27,151.60,178.80,85.90,28.73,51.66
2026-04-22 01:48:00,2026-04-22 01:48:59,Q08,485.60,130.40,56.10,63.00,89.30,29.00,16.11,484.90,134.20,53.80,64.90,84.80,31.30,19.40,482.50,121.40,48.70,58.30,84.80,32.70,17.46,484.33,128.67,158.60,186.20,86.30,31.00,52.97
2026-04-22 01:49:00,2026-04-22 01:49:59,Q08,485.00,128.70,55.20,62.10,89.40,27.00,15.74,484.10,132.00,53.50,63.90,85.00,27.90,18.91,484.30,118.00,47.90,57.10,84.80,29.60,17.20,484.47,126.23,156.60,183.10,86.40,28.17,51.86
2026-04-22 01:50:00,2026-04-22 01:50:59,Q08,486.00,135.10,58.50,65.60,90.20,27.60,16.37,483.40,138.60,56.80,66.70,86.10,29.30,19.57,483.70,128.10,52.50,61.80,86.20,30.30,17.69,484.37,133.93,167.80,194.10,87.50,29.07,53.63
2026-04-22 01:51:00,2026-04-22 01:51:59,Q08,486.40,128.20,54.60,62.20,88.10,27.40,16.51,484.00,127.10,51.20,61.50,84.40,28.80,18.77,483.30,119.40,47.90,57.50,84.70,30.10,17.26,484.57,124.90,153.70,181.20,85.73,28.77,52.54
2026-04-22 01:52:00,2026-04-22 01:52:59,Q08,485.40,138.00,59.40,66.90,90.50,28.10,16.20,485.00,142.90,58.50,68.90,86.20,29.70,19.77,483.00,129.40,53.30,62.30,86.00,31.20,17.91,484.47,136.77,171.20,198.10,87.57,29.67,53.89
2026-04-22 01:53:00,2026-04-22 01:53:59,Q08,486.00,131.60,56.70,63.70,90.30,28.20,15.57,483.60,134.40,54.40,64.70,85.40,29.30,19.37,483.40,121.40,49.30,58.40,85.30,30.10,17.26,484.33,129.13,160.40,186.80,87.00,29.20,52.20
2026-04-22 01:54:00,2026-04-22 01:54:59,Q08,484.70,137.20,59.40,66.30,90.70,27.50,15.83,484.80,143.80,58.70,69.20,85.40,28.30,20.20,483.30,125.60,51.00,60.40,85.20,30.60,17.80,484.27,135.53,169.10,195.90,87.10,28.80,53.83
2026-04-22 01:55:00,2026-04-22 01:55:59,Q08,484.80,135.70,57.20,65.30,88.90,27.00,16.97,484.50,137.70,55.40,66.30,84.80,29.00,20.03,483.80,124.80,49.60,59.90,84.70,29.80,18.29,484.37,132.73,162.20,191.50,86.13,28.60,55.29
2026-04-22 01:56:00,2026-04-22 01:56:59,Q08,484.80,145.90,63.00,70.20,90.90,25.70,16.86,484.80,152.40,62.00,73.60,85.90,26.90,21.43,483.80,136.20,55.20,65.70,85.60,28.70,19.09,484.47,144.83,180.20,209.50,87.47,27.10,57.37
2026-04-22 01:57:00,2026-04-22 01:57:59,Q08,484.00,138.70,59.40,66.80,90.30,23.10,16.43,484.10,139.80,57.00,67.30,85.60,25.50,20.31,481.70,126.80,51.00,60.60,85.70,26.70,18.06,483.27,135.10,167.40,194.70,87.20,25.10,54.80
2026-04-22 01:58:00,2026-04-22 01:58:59,Q08,484.70,145.70,63.70,70.20,91.10,21.60,16.57,482.50,148.80,61.10,71.30,86.10,23.60,20.80,483.20,132.40,54.20,63.80,86.60,25.10,18.14,483.47,142.30,179.00,205.30,87.93,23.43,55.51
2026-04-22 01:59:00,2026-04-22 01:59:59,Q08,485.50,137.10,58.70,66.40,89.60,24.40,16.83,482.90,140.90,57.00,67.50,85.90,24.70,19.97,481.70,128.90,51.80,61.60,85.10,26.20,18.63,483.37,135.63,167.50,195.50,86.87,25.10,55.43
2026-04-22 02:00:00,2026-04-22 02:00:59,Q08,484.30,140.70,60.30,67.80,90.80,22.80,16.40,483.40,146.60,59.50,70.50,85.90,23.30,20.66,481.40,129.90,52.70,62.00,85.80,25.00,18.34,483.03,139.07,172.50,200.30,87.50,23.70,55.40
2026-04-22 02:01:00,2026-04-22 02:01:59,Q08,484.80,141.20,61.90,68.20,91.00,23.20,16.34,482.40,146.60,60.20,70.40,86.00,24.30,20.69,481.60,130.50,52.70,62.50,85.80,26.50,18.40,482.93,139.43,174.80,201.10,87.60,24.67,55.43
2026-04-22 02:02:00,2026-04-22 02:02:59,Q08,485.20,140.00,60.30,67.90,90.30,22.40,16.66,483.40,144.40,58.70,69.60,85.80,24.00,20.51,482.00,130.40,52.70,62.70,85.50,25.00,18.49,483.53,138.27,171.70,200.20,87.20,23.80,55.66
2026-04-22 02:03:00,2026-04-22 02:03:59,Q08,484.80,115.10,46.80,55.70,85.10,29.90,16.54,484.90,119.30,46.20,57.60,81.00,31.10,18.86,483.10,109.30,41.60,52.60,80.40,31.10,17.63,484.27,114.57,134.60,165.90,82.17,30.70,53.03
2026-04-22 02:04:00,2026-04-22 02:04:59,Q08,486.20,121.10,50.50,58.80,87.50,27.80,16.11,484.70,126.00,48.60,61.00,81.30,29.10,20.00,482.70,112.20,42.90,54.00,81.20,31.10,17.60,484.53,119.77,142.00,173.80,83.33,29.33,53.71
2026-04-22 02:05:00,2026-04-22 02:05:59,Q08,485.50,132.00,56.30,64.00,88.90,29.00,16.69,485.00,137.50,55.40,66.40,84.00,29.10,20.49,482.60,122.20,48.10,58.80,83.40,30.40,18.60,484.37,130.57,159.80,189.20,85.43,29.50,55.77
2026-04-22 02:06:00,2026-04-22 02:06:59,Q08,484.50,120.60,49.90,58.10,86.40,27.10,16.77,484.90,121.30,45.80,58.60,79.70,30.10,20.09,482.80,109.10,42.10,52.50,81.60,31.90,17.06,484.07,117.00,137.80,169.20,82.57,29.70,53.91
2026-04-22 02:07:00,2026-04-22 02:07:59,Q08,484.40,119.40,49.60,57.60,87.60,30.60,15.83,484.70,120.40,47.60,58.10,82.70,32.20,18.51,483.30,111.00,44.00,53.60,83.50,32.20,16.49,484.13,116.93,141.20,169.30,84.60,31.67,50.83
2026-04-22 02:08:00,2026-04-22 02:08:59,Q08,484.80,118.70,50.70,57.10,89.20,29.00,14.83,483.40,121.10,47.60,58.40,82.10,31.10,19.26,483.90,106.60,41.80,51.20,82.70,33.20,16.31,484.03,115.47,140.10,166.70,84.67,31.10,50.40
2026-04-22 02:09:00,2026-04-22 02:09:59,Q08,485.70,140.50,60.30,67.90,90.70,27.30,16.37,484.30,142.30,58.50,68.70,86.30,29.60,19.69,482.20,128.90,53.10,61.70,87.10,30.10,17.29,484.07,137.23,171.90,198.30,88.03,29.00,53.34
2026-04-22 02:10:00,2026-04-22 02:10:59,Q08,484.70,137.40,59.40,66.30,90.00,26.80,16.51,483.30,137.40,56.10,66.20,85.10,29.40,19.69,483.70,127.60,52.50,61.30,86.90,30.30,16.74,483.90,134.13,168.00,193.80,87.33,28.83,52.94
2026-04-22 02:11:00,2026-04-22 02:11:59,Q08,485.00,118.70,49.60,57.20,87.10,31.30,16.09,483.30,120.10,47.30,58.00,83.20,33.70,18.29,483.30,111.70,44.00,53.60,83.50,34.20,16.71,483.87,116.83,140.90,168.80,84.60,33.07,51.09
2026-04-22 02:12:00,2026-04-22 02:12:59,Q08,484.60,123.60,51.90,59.50,88.40,28.40,15.69,484.20,124.90,49.20,60.00,82.50,30.40,19.11,483.50,112.00,44.80,54.10,83.40,31.90,16.60,484.10,120.17,145.90,173.60,84.77,30.23,51.40
2026-04-22 02:13:00,2026-04-22 02:13:59,Q08,484.70,118.10,50.20,57.10,88.30,24.30,15.63,482.60,118.40,45.90,56.90,82.30,27.60,18.66,481.40,104.90,42.00,50.00,84.30,27.70,15.83,482.90,113.80,138.10,164.00,84.97,26.53,50.11
2026-04-22 02:14:00,2026-04-22 02:14:59,Q08,484.90,128.70,54.90,62.00,90.00,23.30,15.60,482.50,128.60,51.20,61.70,84.80,26.00,19.00,482.50,115.50,47.30,55.40,86.00,27.00,16.31,483.30,124.27,153.40,179.10,86.93,25.43,50.91
2026-04-22 02:15:00,2026-04-22 02:15:59,Q08,484.80,135.50,57.80,65.30,89.90,24.40,16.80,483.40,136.50,55.90,65.70,86.60,26.20,19.09,481.30,127.50,53.10,61.10,87.20,26.70,17.40,483.17,133.17,166.80,192.10,87.90,25.77,53.29
2026-04-22 02:16:00,2026-04-22 02:16:59,Q08,483.50,121.90,51.00,58.40,88.60,25.50,15.91,484.00,121.40,47.60,58.60,82.60,27.90,19.11,481.70,108.50,43.30,51.90,85.00,28.20,15.91,483.07,117.27,141.90,168.90,85.40,27.20,50.94
2026-04-22 02:17:00,2026-04-22 02:17:59,Q08,485.10,146.30,63.70,70.80,91.80,23.60,15.91,482.40,145.10,60.00,69.90,87.20,25.70,19.69,481.50,129.90,54.60,62.00,88.40,26.80,16.89,483.00,140.43,178.30,202.70,89.13,25.37,52.49
2026-04-22 02:18:00,2026-04-22 02:18:59,Q08,485.50,131.40,56.10,63.50,89.30,24.50,16.43,482.80,131.70,54.20,63.10,86.00,27.00,18.49,482.80,123.50,50.70,59.30,86.70,27.00,16.86,483.70,128.87,161.00,185.90,87.33,26.17,51.77
2026-04-22 02:19:00,2026-04-22 02:19:59,Q08,484.40,134.10,57.00,64.90,89.00,29.30,16.63,484.40,136.40,55.20,65.80,85.90,30.80,18.89,483.60,126.50,51.00,60.90,85.70,31.50,17.66,484.13,132.33,163.20,191.60,86.87,30.53,53.17
2026-04-22 02:20:00,2026-04-22 02:20:59,Q08,485.20,131.90,56.70,63.50,90.00,27.20,15.74,482.90,134.50,53.80,64.60,84.90,29.80,19.57,483.50,120.70,47.90,58.00,84.80,31.00,17.40,483.87,129.03,158.40,186.10,86.57,29.33,52.71
2026-04-22 02:21:00,2026-04-22 02:21:59,Q08,485.50,138.60,58.70,66.90,89.60,27.80,16.54,483.00,140.50,57.60,67.60,86.00,29.80,19.31,483.30,128.30,51.80,61.80,85.90,30.20,17.74,483.93,135.80,168.10,196.30,87.17,29.27,53.60
2026-04-22 02:22:00,2026-04-22 02:22:59,Q08,485.60,129.10,54.60,62.60,88.80,29.00,16.51,484.20,132.50,53.50,63.90,85.70,30.20,18.57,482.40,121.80,49.30,58.30,85.90,30.50,17.20,484.07,127.80,157.40,184.80,86.80,29.90,52.29
2026-04-22 02:23:00,2026-04-22 02:23:59,Q08,485.10,142.70,61.90,68.90,91.00,27.90,16.11,483.00,143.60,58.70,69.10,85.60,29.00,20.46,484.00,130.00,53.30,62.90,86.30,31.40,17.60,484.03,138.77,173.90,200.90,87.63,29.43,54.17
2026-04-22 02:24:00,2026-04-22 02:24:59,Q08,486.10,134.00,59.20,65.10,91.10,27.00,15.43,483.20,138.80,56.10,66.70,85.70,28.50,19.74,482.60,122.90,49.90,58.80,86.00,30.30,17.20,483.97,131.90,165.20,190.60,87.60,28.60,52.37
2026-04-22 02:25:00,2026-04-22 02:25:59,Q08,485.80,135.60,58.50,65.50,90.30,27.20,15.97,484.20,138.80,56.10,66.80,85.40,29.20,19.54,482.60,123.80,50.70,59.30,86.00,30.60,17.20,484.20,132.73,165.30,191.60,87.23,29.00,52.71
2026-04-22 02:26:00,2026-04-22 02:26:59,Q08,486.40,130.80,55.40,63.20,88.70,29.70,16.29,483.90,131.10,53.50,63.30,85.00,30.60,18.77,483.00,122.00,49.30,58.90,85.10,32.40,17.29,484.43,127.97,158.20,185.40,86.27,30.90,52.34
2026-04-22 02:27:00,2026-04-22 02:27:59,Q08,485.80,137.40,58.70,66.40,89.90,24.70,16.71,484.30,140.90,56.30,67.80,84.80,27.50,20.54,483.40,127.00,51.80,61.30,85.20,28.70,18.09,484.50,135.10,166.80,195.50,86.63,26.97,55.34
2026-04-22 02:28:00,2026-04-22 02:28:59,Q08,485.90,142.80,60.50,68.90,89.90,26.30,17.23,484.80,147.30,60.30,71.10,85.30,28.20,20.94,482.50,131.60,53.50,63.10,85.40,30.10,18.69,484.40,140.57,174.30,203.10,86.87,28.20,56.86
2026-04-22 02:29:00,2026-04-22 02:29:59,Q08,486.90,140.20,61.20,68.00,90.30,26.80,16.57,483.70,142.20,57.10,68.60,84.60,27.80,21.03,483.50,126.60,51.00,60.90,85.00,29.00,18.14,484.70,136.33,169.30,197.50,86.63,27.87,55.74
2026-04-22 02:30:00,2026-04-22 02:30:59,Q08,486.50,137.80,58.70,66.60,89.30,27.60,17.09,484.00,143.50,58.70,69.20,85.40,29.00,20.34,482.60,130.60,52.10,62.70,84.60,29.90,18.91,484.37,137.30,169.50,198.50,86.43,28.83,56.34
2026-04-22 02:31:00,2026-04-22 02:31:59,Q08,485.70,139.00,60.30,67.40,90.30,25.30,16.43,483.30,142.50,57.10,68.60,84.70,26.80,21.00,484.10,126.70,50.40,61.00,84.80,27.60,18.26,484.37,136.07,167.80,197.00,86.60,26.57,55.69
2026-04-22 02:32:00,2026-04-22 02:32:59,Q08,486.00,143.60,61.40,69.50,89.60,27.30,17.37,484.80,145.60,58.80,70.20,84.60,28.70,21.09,482.50,130.30,52.70,62.70,85.40,30.90,18.40,484.43,139.83,172.90,202.40,86.53,28.97,56.86
2026-04-22 02:33:00,2026-04-22 02:33:59,Q08,484.70,138.70,58.70,66.80,89.70,26.30,17.00,484.50,142.80,57.10,68.70,84.90,27.70,20.63,484.00,129.20,52.70,62.40,85.40,29.50,18.20,484.40,136.90,168.50,197.90,86.67,27.83,55.83
2026-04-22 02:34:00,2026-04-22 02:34:59,Q08,485.90,139.00,59.00,67.40,88.80,27.50,17.74,484.90,141.50,58.50,68.20,86.00,29.30,19.86,482.60,133.70,54.40,64.10,85.90,29.20,18.63,484.47,138.07,171.90,199.70,86.90,28.67,56.23
2026-04-22 02:35:00,2026-04-22 02:35:59,Q08,486.30,137.10,58.70,66.60,89.00,27.50,17.17,483.70,136.80,54.00,65.70,83.90,28.90,20.60,482.80,126.40,51.00,60.70,85.10,30.50,17.89,484.27,133.43,163.70,193.00,86.00,28.97,55.66
2026-04-22 02:36:00,2026-04-22 02:36:59,Q08,485.50,145.70,63.00,70.30,90.20,26.70,17.26,483.40,148.60,60.30,71.50,85.50,28.60,21.17,484.10,134.40,54.40,64.90,85.50,29.50,18.91,484.33,142.90,177.70,206.70,87.07,28.27,57.34
2026-04-22 02:37:00,2026-04-22 02:37:59,Q08,485.50,139.80,60.30,67.40,90.20,26.50,16.89,484.30,144.30,58.70,69.70,85.00,27.90,21.06,483.90,130.40,52.70,62.80,85.40,28.70,18.40,484.57,138.17,171.70,199.90,86.87,27.70,56.34
2026-04-22 02:38:00,2026-04-22 02:38:59,Q08,485.70,141.00,59.80,68.40,88.40,28.10,18.14,485.40,142.10,57.80,68.90,85.30,30.60,20.23,483.20,133.30,54.40,64.20,85.70,31.10,18.63,484.77,138.80,172.00,201.50,86.47,29.93,57.00
2026-04-22 02:39:00,2026-04-22 02:39:59,Q08,485.70,139.10,60.30,67.40,90.10,27.60,16.46,485.40,141.10,58.50,68.40,86.40,29.00,19.31,483.10,128.80,52.50,61.80,86.50,29.70,17.60,484.73,136.33,171.30,197.60,87.67,28.77,53.37
2026-04-22 02:40:00,2026-04-22 02:40:59,Q08,486.80,135.20,58.50,65.60,90.30,28.30,16.17,484.10,142.70,58.50,68.70,86.50,29.90,19.40,483.00,129.30,52.70,62.30,85.90,31.30,17.94,484.63,135.73,169.70,196.60,87.57,29.83,53.51
2026-04-22 02:41:00,2026-04-22 02:41:59,Q08,485.30,135.80,57.80,65.50,89.20,29.70,17.03,485.50,137.50,56.10,66.40,85.70,30.60,19.23,483.10,128.80,52.50,61.80,86.60,31.50,17.40,484.63,134.03,166.40,193.70,87.17,30.60,53.66
2026-04-22 02:42:00,2026-04-22 02:42:59,Q08,486.00,138.00,59.60,67.10,89.00,28.80,17.06,484.60,139.70,58.30,67.30,87.00,31.50,18.60,482.40,132.70,54.20,63.60,86.30,31.20,18.11,484.33,136.80,172.10,198.00,87.43,30.50,53.77
2026-04-22 02:43:00,2026-04-22 02:43:59,Q08,486.00,142.60,62.10,69.00,90.50,29.30,16.63,483.10,142.30,58.50,68.60,86.20,30.90,20.00,483.80,131.00,54.20,63.30,86.60,31.50,17.83,484.30,138.63,174.80,200.90,87.77,30.57,54.46
2026-04-22 02:44:00,2026-04-22 02:44:59,Q08,485.20,138.20,58.70,66.90,89.70,28.40,16.63,485.20,138.10,56.10,66.90,85.50,30.30,19.54,483.40,126.50,51.60,60.90,86.30,30.90,17.40,484.60,134.27,166.40,194.70,87.17,29.87,53.57
2026-04-22 02:45:00,2026-04-22 02:45:59,Q08,485.10,133.70,57.60,64.50,90.00,28.00,16.43,485.00,142.20,57.80,68.90,85.90,29.10,19.69,483.50,126.10,51.00,60.90,85.80,30.60,17.89,484.53,134.00,166.40,194.30,87.23,29.23,54.00
2026-04-22 02:46:00,2026-04-22 02:46:59,Q08,485.30,140.20,59.60,67.90,89.10,29.30,17.29,485.10,140.90,57.60,67.90,86.80,30.50,18.89,483.10,133.60,55.00,64.20,86.70,31.00,18.03,484.50,138.23,172.20,200.00,87.53,30.27,54.20
2026-04-22 02:47:00,2026-04-22 02:47:59,Q08,485.60,129.30,55.20,62.60,89.20,29.00,16.37,484.90,131.40,53.50,63.40,85.40,31.10,19.00,484.10,123.40,50.20,59.50,85.60,32.10,17.31,484.87,128.03,158.90,185.50,86.73,30.73,52.69
2026-04-22 02:48:00,2026-04-22 02:48:59,Q08,486.70,147.50,64.60,71.40,91.20,27.80,16.54,484.10,149.10,62.60,72.10,87.00,29.30,20.40,483.60,137.00,56.80,66.20,86.70,31.10,18.40,484.80,144.53,184.00,209.70,88.30,29.40,55.34
2026-04-22 02:49:00,2026-04-22 02:49:59,Q08,485.50,134.60,57.60,65.00,90.20,28.50,16.14,484.60,138.70,56.10,66.80,85.40,29.70,19.74,484.70,126.10,51.00,61.00,85.80,31.20,17.46,484.93,133.13,164.70,192.80,87.13,29.80,53.34
2026-04-22 02:50:00,2026-04-22 02:50:59,Q08,485.50,135.30,57.80,65.50,89.70,29.80,16.57,485.80,140.10,57.60,67.90,86.30,30.90,19.34,483.30,129.80,52.70,62.30,85.80,31.00,18.03,484.87,135.07,168.10,195.70,87.27,30.57,53.94
2026-04-22 02:51:00,2026-04-22 02:51:59,Q08,485.60,136.00,58.50,66.00,90.50,27.30,15.89,485.70,138.60,56.10,66.90,85.30,28.10,19.71,484.60,123.30,50.70,59.50,86.20,30.80,17.03,485.30,132.63,165.30,192.40,87.33,28.73,52.63
2026-04-22 02:52:00,2026-04-22 02:52:59,Q08,485.90,136.70,58.50,66.00,90.90,27.70,15.66,484.70,139.50,57.00,67.30,85.20,27.80,20.23,485.20,122.70,50.20,59.20,85.40,30.90,17.49,485.27,132.97,165.70,192.50,87.17,28.80,53.37
2026-04-22 02:53:00,2026-04-22 02:53:59,Q08,486.10,134.10,57.80,65.10,89.90,27.30,16.06,486.00,137.20,56.10,66.60,85.00,29.90,19.49,483.90,121.10,49.30,58.40,85.80,31.30,17.03,485.33,130.80,163.20,190.10,86.90,29.50,52.57
2026-04-22 02:54:00,2026-04-22 02:54:59,Q08,487.20,141.30,61.20,68.70,90.10,26.80,16.94,484.30,143.70,60.00,69.20,87.00,28.80,19.37,484.30,135.50,56.50,65.30,87.30,29.40,17.80,485.27,140.17,177.70,203.20,88.13,28.33,54.11
2026-04-22 02:55:00,2026-04-22 02:55:59,Q08,485.50,133.60,57.60,64.50,90.20,28.50,16.03,485.40,136.30,55.20,66.00,85.40,30.60,19.57,484.40,123.90,50.20,59.50,85.90,32.20,17.26,485.10,131.27,163.00,190.00,87.17,30.43,52.86
2026-04-22 02:56:00,2026-04-22 02:56:59,Q08,485.60,123.90,51.90,59.70,88.60,29.30,15.46,484.70,127.10,50.00,61.50,82.20,28.60,19.37,485.00,109.90,42.60,52.90,82.70,33.40,16.69,485.10,120.30,144.50,174.10,84.50,30.43,51.51
2026-04-22 02:57:00,2026-04-22 02:57:59,Q08,486.70,137.40,60.10,66.60,91.00,27.50,15.77,485.10,141.40,57.80,68.40,85.90,29.20,19.91,484.30,125.30,51.60,60.50,86.10,31.60,17.46,485.37,134.70,169.50,195.50,87.67,29.43,53.14
2026-04-22 02:58:00,2026-04-22 02:58:59,Q08,486.70,121.20,51.00,58.80,88.10,31.00,15.86,485.10,125.60,49.80,60.60,83.20,32.90,19.03,485.30,112.70,44.30,54.30,82.80,34.40,17.23,485.70,119.83,145.10,173.70,84.70,32.77,52.11
2026-04-22 02:59:00,2026-04-22 02:59:59,Q08,486.90,137.70,60.10,66.60,91.00,30.00,15.89,484.60,142.90,57.80,68.70,85.40,31.10,20.40,485.30,126.60,52.50,61.10,86.00,32.90,17.49,485.60,135.73,170.40,196.40,87.47,31.33,53.77
2026-04-22 03:00:00,2026-04-22 03:00:59,Q08,486.00,129.40,54.60,62.70,88.50,25.50,16.57,483.60,131.40,51.70,63.30,82.50,27.20,20.40,484.30,118.20,47.30,57.10,83.40,29.40,17.63,484.63,126.33,153.60,183.10,84.80,27.37,54.60
2026-04-22 03:01:00,2026-04-22 03:01:59,Q08,484.90,132.70,56.10,63.90,89.00,26.40,16.54,484.40,136.30,54.00,65.80,83.40,27.50,20.46,484.50,120.70,48.10,58.10,83.60,28.70,18.03,484.60,129.90,158.20,187.80,85.33,27.53,55.03
2026-04-22 03:02:00,2026-04-22 03:02:59,Q08,485.60,138.60,58.10,66.90,88.50,26.70,17.74,484.60,137.80,55.40,66.30,84.90,29.20,20.00,485.10,129.10,52.70,62.60,85.80,28.90,18.09,485.10,135.17,166.20,195.80,86.40,28.27,55.83
2026-04-22 03:03:00,2026-04-22 03:03:59,Q08,485.50,138.50,58.70,66.90,89.10,27.40,17.43,484.30,138.30,54.80,66.80,83.80,29.80,20.80,485.10,125.20,51.00,60.60,85.60,31.10,17.71,484.97,134.00,164.50,194.30,86.17,29.43,55.94
2026-04-22 03:04:00,2026-04-22 03:04:59,Q08,486.80,137.90,58.70,66.60,89.90,26.00,16.80,484.00,140.80,56.30,67.80,84.20,28.10,21.03,484.80,124.90,51.00,60.00,85.00,29.30,18.03,485.20,134.53,166.00,194.40,86.37,27.80,55.86
2026-04-22 03:05:00,2026-04-22 03:05:59,Q08,487.50,128.50,53.90,62.30,87.80,28.90,16.77,485.70,128.00,49.60,62.10,80.90,31.40,20.83,484.20,113.90,44.30,54.70,82.50,32.80,17.49,485.80,123.47,147.80,179.10,83.73,31.03,55.09
2026-04-22 03:06:00,2026-04-22 03:06:59,Q08,487.40,120.00,48.70,58.40,84.50,31.70,17.54,484.90,120.20,45.80,58.10,79.50,34.70,19.80,484.80,112.20,43.20,54.20,80.80,35.20,17.66,485.70,117.47,137.70,170.70,81.60,33.87,55.00
2026-04-22 03:07:00,2026-04-22 03:07:59,Q08,487.50,130.10,54.80,63.30,87.90,30.30,16.97,484.40,131.10,51.00,63.40,81.50,31.00,20.83,484.60,117.80,45.90,56.60,82.70,32.90,17.83,485.50,126.33,151.70,183.30,84.03,31.40,55.63
2026-04-22 03:08:00,2026-04-22 03:08:59,Q08,485.80,153.20,66.60,74.20,90.30,27.40,18.09,485.80,155.90,64.50,75.20,86.00,28.70,21.69,484.40,140.40,57.60,67.80,86.80,30.30,19.06,485.33,149.83,188.70,217.20,87.70,28.80,58.83
2026-04-22 03:09:00,2026-04-22 03:09:59,Q08,485.80,132.10,55.70,64.00,87.30,27.30,17.49,485.60,131.70,51.00,63.50,81.20,29.00,20.80,484.90,118.80,47.30,57.10,83.40,30.40,17.57,485.43,127.53,154.00,184.60,83.97,28.90,55.86
2026-04-22 03:10:00,2026-04-22 03:10:59,Q08,485.90,152.40,65.00,73.70,89.40,25.10,18.77,485.90,147.40,60.30,71.30,85.80,28.60,20.91,483.80,138.30,57.40,66.70,87.80,28.70,18.26,485.20,146.03,182.70,211.70,87.67,27.47,57.94
2026-04-22 03:11:00,2026-04-22 03:11:59,Q08,486.10,132.70,57.00,64.20,89.70,28.90,16.20,486.10,132.70,53.10,64.20,83.50,31.10,19.97,484.30,118.30,48.50,57.10,85.90,32.60,16.46,485.50,127.90,158.60,185.50,86.37,30.87,52.63
2026-04-22 03:12:00,2026-04-22 03:12:59,Q08,486.20,147.10,63.90,71.40,90.90,27.80,16.91,486.30,149.80,61.20,72.40,85.80,29.90,21.09,484.80,134.20,55.00,64.90,86.70,31.60,18.11,485.77,143.70,180.10,208.70,87.80,29.77,56.11
2026-04-22 03:13:00,2026-04-22 03:13:59,Q08,487.70,146.20,63.90,71.10,90.80,27.90,16.91,485.90,145.60,59.50,70.30,85.80,29.80,20.49,484.30,134.10,55.70,64.90,87.70,31.80,17.26,485.97,141.97,179.10,206.30,88.10,29.83,54.66
2026-04-22 03:14:00,2026-04-22 03:14:59,Q08,487.80,153.60,66.60,74.50,90.30,26.10,18.20,485.10,153.50,63.60,74.20,86.60,27.80,21.11,484.40,142.70,59.20,68.70,87.50,28.20,18.83,485.77,149.93,189.40,217.40,88.13,27.37,58.14
2026-04-22 03:15:00,2026-04-22 03:15:59,Q08,487.20,132.30,56.30,64.30,88.80,26.70,16.57,484.70,132.90,51.00,63.90,81.40,28.60,21.17,485.70,116.20,46.50,56.30,83.20,30.60,17.37,485.87,127.13,153.80,184.50,84.47,28.63,55.11
2026-04-22 03:16:00,2026-04-22 03:16:59,Q08,486.50,122.90,51.30,59.30,87.50,27.60,16.34,486.30,124.20,46.80,60.30,78.90,29.30,20.83,485.10,106.50,41.30,51.40,81.50,31.40,16.71,485.97,117.87,139.40,171.00,82.63,29.43,53.89
2026-04-22 03:17:00,2026-04-22 03:17:59,Q08,487.60,123.60,51.90,59.90,88.40,27.30,15.89,485.80,128.30,49.60,62.10,80.40,28.00,21.00,484.20,108.10,41.60,52.30,80.80,30.30,17.60,485.87,120.00,143.10,174.30,83.20,28.53,54.49
2026-04-22 03:18:00,2026-04-22 03:18:59,Q08,488.00,126.80,53.10,61.50,87.30,28.20,17.23,485.50,127.90,49.40,61.60,81.80,30.60,20.34,484.40,116.10,46.50,56.10,83.20,31.70,17.63,485.97,123.60,149.00,179.20,84.10,30.17,55.20
2026-04-22 03:19:00,2026-04-22 03:19:59,Q08,486.80,158.20,69.20,76.80,91.20,23.40,17.91,484.00,154.20,63.60,74.50,86.20,25.50,21.89,484.90,139.90,59.00,67.30,88.40,27.10,18.09,485.23,150.77,191.80,218.60,88.60,25.33,57.89
2026-04-22 03:20:00,2026-04-22 03:20:59,Q08,486.70,139.40,60.30,67.60,90.30,21.90,16.54,483.90,141.50,57.10,68.10,84.60,24.10,21.06,483.40,124.80,50.20,59.90,85.10,24.90,18.14,484.67,135.23,167.60,195.60,86.67,23.63,55.74
2026-04-22 03:21:00,2026-04-22 03:21:59,Q08,486.00,140.80,61.20,68.00,90.50,22.00,16.63,485.10,142.90,57.80,68.90,85.00,23.00,20.83,483.00,124.30,50.70,59.90,86.10,25.10,17.71,484.70,136.00,169.70,196.80,87.20,23.37,55.17
2026-04-22 03:22:00,2026-04-22 03:22:59,Q08,484.70,122.40,50.70,59.00,86.70,22.70,16.91,483.70,120.20,45.60,58.00,80.70,26.00,19.57,484.30,109.90,43.20,52.80,83.60,26.30,16.49,484.23,117.50,139.50,169.80,83.67,25.00,52.97
2026-04-22 03:23:00,2026-04-22 03:23:59,Q08,486.50,144.40,62.80,70.00,91.30,23.20,16.46,483.30,147.60,60.30,71.00,85.50,24.80,21.31,482.80,128.60,52.50,61.70,86.30,25.70,18.06,484.20,140.20,175.60,202.70,87.70,24.57,55.83
2026-04-22 03:24:00,2026-04-22 03:24:59,Q08,484.60,159.10,69.20,77.00,91.70,20.30,17.57,484.90,159.50,66.10,77.00,87.40,23.10,21.46,482.80,145.40,60.70,69.90,88.60,23.80,18.49,484.10,154.67,196.00,223.90,89.23,22.40,57.51
2026-04-22 03:25:00,2026-04-22 03:25:59,Q08,485.00,139.70,60.30,67.40,90.70,22.10,16.43,483.30,141.90,57.10,68.10,84.70,23.20,21.00,483.90,125.90,51.00,60.40,85.90,26.00,17.69,484.07,135.83,168.40,195.90,87.10,23.77,55.11
2026-04-22 03:26:00,2026-04-22 03:26:59,Q08,486.30,132.00,57.00,64.20,89.40,23.90,16.57,483.90,137.20,55.40,66.20,84.90,25.90,19.91,482.40,124.10,49.60,59.80,84.90,26.80,18.00,484.20,131.10,162.00,190.20,86.40,25.53,54.49
2026-04-22 03:27:00,2026-04-22 03:27:59,Q08,485.80,122.40,51.90,59.20,88.70,22.90,15.57,483.30,126.80,48.60,60.90,81.20,23.70,20.26,483.80,108.30,42.60,52.20,82.00,26.10,16.97,484.30,119.17,143.10,172.30,83.97,24.23,52.80
2026-04-22 03:28:00,2026-04-22 03:28:59,Q08,485.10,138.80,59.40,66.90,90.80,22.70,16.43,484.50,143.70,58.70,69.20,85.00,23.70,21.03,484.30,126.70,51.00,61.00,85.90,25.30,17.89,484.63,136.40,169.10,197.10,87.23,23.90,55.34
2026-04-22 03:29:00,2026-04-22 03:29:59,Q08,485.30,123.50,52.50,59.70,89.60,22.60,15.51,484.90,127.40,50.60,61.50,83.00,24.10,20.17,482.80,112.60,44.00,54.00,83.10,26.30,17.34,484.33,121.17,147.10,175.20,85.23,24.33,53.03
2026-04-22 03:30:00,2026-04-22 03:30:59,Q08,485.30,122.30,51.30,59.20,87.50,23.90,16.60,483.70,123.70,49.00,59.40,83.50,24.90,19.11,483.80,114.90,45.70,55.10,83.60,25.60,17.51,484.27,120.30,146.00,173.70,84.87,24.80,53.23
2026-04-22 03:31:00,2026-04-22 03:31:59,Q08,486.30,131.60,56.10,63.70,89.60,22.40,16.03,483.90,133.80,53.80,64.20,84.10,23.10,20.11,483.30,120.90,47.90,58.00,84.00,25.30,17.77,484.50,128.77,157.80,185.90,85.90,23.60,53.91
2026-04-22 03:32:00,2026-04-22 03:32:59,Q08,484.80,120.80,51.00,58.10,88.20,23.20,15.80,484.70,123.60,48.40,59.50,82.30,24.50,19.49,482.60,109.70,42.60,52.50,82.70,25.70,16.97,484.03,118.03,142.00,170.10,84.40,24.47,52.26
2026-04-22 03:33:00,2026-04-22 03:33:59,Q08,485.70,146.50,63.00,70.80,90.90,22.00,17.09,484.20,148.80,61.10,71.60,86.90,23.60,20.46,482.40,134.40,55.70,64.60,87.50,24.40,18.20,484.10,143.23,179.80,207.00,88.43,23.33,55.74
2026-04-22 03:34:00,2026-04-22 03:34:59,Q08,485.60,139.30,59.60,67.40,89.50,24.70,17.51,483.40,141.30,57.80,68.10,85.70,26.40,20.17,484.20,130.30,53.30,62.90,86.60,27.20,18.03,484.40,136.97,170.70,198.40,87.27,26.10,55.71
2026-04-22 03:35:00,2026-04-22 03:35:59,Q08,484.90,141.60,60.50,68.20,89.40,24.50,17.37,484.60,140.70,56.30,67.80,84.20,27.00,20.74,484.40,126.50,51.60,61.00,86.20,26.80,17.54,484.63,136.27,168.40,197.00,86.60,26.10,55.66
2026-04-22 03:36:00,2026-04-22 03:36:59,Q08,485.30,122.30,50.70,59.20,86.90,28.00,16.83,485.30,123.40,47.20,59.70,80.40,30.80,20.17,484.30,111.10,43.50,53.70,82.30,32.20,17.11,484.97,118.93,141.40,172.60,83.20,30.33,54.11
2026-04-22 03:37:00,2026-04-22 03:37:59,Q08,485.40,120.20,49.30,58.20,85.60,28.70,17.17,483.80,121.40,46.40,58.40,80.60,30.20,19.57,484.70,110.30,42.90,53.20,81.90,30.80,17.37,484.63,117.30,138.60,169.80,82.70,29.90,54.11
2026-04-22 03:38:00,2026-04-22 03:38:59,Q08,486.40,127.10,52.50,61.70,86.90,27.10,17.37,483.40,124.90,48.40,59.90,82.20,29.80,19.57,484.00,117.00,47.00,56.60,84.20,29.20,17.11,484.60,123.00,147.90,178.20,84.43,28.70,54.06
2026-04-22 03:39:00,2026-04-22 03:39:59,Q08,485.40,150.10,65.50,72.80,91.20,24.40,17.14,484.90,152.10,62.80,73.60,86.20,26.80,21.26,483.30,134.80,55.70,64.70,87.50,28.20,18.11,484.53,145.67,184.00,211.10,88.30,26.47,56.51
2026-04-22 03:40:00,2026-04-22 03:40:59,Q08,486.10,145.40,63.70,70.50,91.80,26.60,15.49,483.90,144.00,60.00,69.60,87.40,29.20,18.77,484.10,126.50,52.80,61.00,88.60,30.10,16.23,484.70,138.63,176.50,201.10,89.27,28.63,50.49
2026-04-22 03:41:00,2026-04-22 03:41:59,Q08,485.50,118.40,51.30,57.20,90.00,29.90,14.29,483.90,119.00,46.70,57.50,82.20,31.80,18.63,484.40,103.70,41.20,49.90,84.80,34.90,14.80,484.60,113.70,139.20,164.60,85.67,32.20,47.71
2026-04-22 03:42:00,2026-04-22 03:42:59,Q08,485.60,119.60,50.20,57.70,88.80,26.50,15.14,484.90,120.90,46.40,58.10,80.80,29.30,19.40,483.00,105.60,41.50,50.70,83.30,31.60,15.63,484.50,115.37,138.10,166.50,84.30,29.13,50.17
2026-04-22 03:43:00,2026-04-22 03:43:59,Q08,484.70,126.40,54.00,61.00,90.10,27.10,15.11,484.70,129.10,50.80,62.40,82.70,28.20,19.94,484.20,110.80,44.50,53.20,84.10,30.60,16.34,484.53,122.10,149.30,176.60,85.63,28.63,51.40
2026-04-22 03:44:00,2026-04-22 03:44:59,Q08,485.30,130.10,56.10,63.00,89.90,27.10,15.74,483.10,131.40,52.30,63.30,83.50,29.20,19.83,484.40,116.10,47.60,56.10,85.50,30.40,16.34,484.27,125.87,156.00,182.40,86.30,28.90,51.91
2026-04-22 03:45:00,2026-04-22 03:45:59,Q08,484.90,112.80,46.40,54.20,86.20,28.70,15.60,483.40,114.50,44.00,55.10,80.30,31.10,18.17,484.10,101.50,39.40,48.90,82.20,32.70,15.74,484.13,109.60,129.80,158.20,82.90,30.83,49.51
2026-04-22 03:46:00,2026-04-22 03:46:59,Q08,485.20,114.60,48.40,55.30,88.80,27.40,14.54,483.00,118.50,45.40,57.00,81.10,29.40,18.91,484.00,100.90,39.40,48.40,82.10,31.40,15.80,484.07,111.33,133.20,160.70,84.00,29.40,49.26
2026-04-22 03:47:00,2026-04-22 03:47:59,Q08,484.90,128.00,54.90,62.00,90.00,26.50,15.57,484.80,131.40,52.30,63.40,83.70,28.10,19.80,482.70,116.50,46.20,55.90,84.80,29.30,16.74,484.13,125.30,153.40,181.30,86.17,27.97,52.11
2026-04-22 03:48:00,2026-04-22 03:48:59,Q08,485.60,115.90,47.80,55.80,87.90,28.10,15.43,483.20,114.50,44.50,55.10,81.40,30.00,18.77,483.90,103.50,40.70,49.70,83.50,31.40,15.69,484.23,111.30,133.00,160.60,84.27,29.83,49.89
2026-04-22 03:49:00,2026-04-22 03:49:59,Q08,484.70,132.50,56.10,63.90,89.50,27.70,16.43,484.40,135.70,55.20,65.30,85.20,29.70,19.29,483.60,122.90,49.90,58.90,86.20,30.20,17.00,484.23,130.37,161.20,188.10,86.97,29.20,52.71
2026-04-22 03:50:00,2026-04-22 03:50:59,Q08,485.50,134.90,57.60,65.00,90.70,26.10,15.57,483.50,134.50,53.80,64.70,84.70,27.40,19.77,483.20,118.90,48.20,57.00,86.10,28.80,16.57,484.07,129.43,159.60,186.70,87.17,27.43,51.91
2026-04-22 03:51:00,2026-04-22 03:51:59,Q08,486.10,118.40,50.20,57.30,88.50,27.20,14.97,484.10,120.60,46.40,58.10,80.70,29.60,19.31,482.70,104.60,41.00,50.10,82.10,32.10,15.97,484.30,114.53,137.60,165.50,83.77,29.63,50.26
2026-04-22 03:52:00,2026-04-22 03:52:59,Q08,484.90,119.00,50.70,57.60,89.70,26.40,14.71,484.40,123.50,47.80,59.50,81.80,28.90,19.43,483.50,105.50,41.50,50.70,83.50,32.90,15.80,484.27,116.00,140.00,167.80,85.00,29.40,49.94
2026-04-22 03:53:00,2026-04-22 03:53:59,Q08,485.20,137.30,59.40,66.40,90.30,27.60,16.14,484.20,139.40,57.00,67.30,85.30,29.30,19.77,484.30,124.50,51.60,60.00,86.30,30.80,17.11,484.57,133.73,168.00,193.70,87.30,29.23,53.03
2026-04-22 03:54:00,2026-04-22 03:54:59,Q08,486.50,112.90,47.00,54.40,87.50,28.50,15.20,484.40,113.00,43.20,54.70,80.40,30.90,18.77,482.60,102.80,40.20,49.20,82.00,32.40,15.83,484.50,109.57,130.40,158.30,83.30,30.60,49.80
2026-04-22 03:55:00,2026-04-22 03:55:59,Q08,486.10,146.00,63.70,71.00,91.60,26.70,16.17,484.20,148.90,61.10,71.60,86.70,27.90,20.51,482.40,134.70,55.70,64.60,87.30,30.30,17.71,484.23,143.20,180.50,207.20,88.53,28.30,54.40
2026-04-22 03:56:00,2026-04-22 03:56:59,Q08,486.40,122.60,52.50,59.30,89.70,29.10,14.86,483.30,125.70,49.20,60.40,82.50,30.10,19.71,483.60,108.60,42.60,52.20,82.70,32.30,16.63,484.43,118.97,144.30,171.90,84.97,30.50,51.20
2026-04-22 03:57:00,2026-04-22 03:57:59,Q08,486.60,124.50,52.20,60.30,87.90,29.00,16.00,483.50,122.40,47.60,58.90,82.10,31.40,19.06,483.60,112.40,44.80,54.10,83.90,32.20,16.29,484.57,119.77,144.60,173.30,84.63,30.87,51.34
2026-04-22 03:58:00,2026-04-22 03:58:59,Q08,485.40,124.70,53.40,60.10,89.80,26.30,15.20,483.90,126.50,49.20,60.90,82.50,28.60,19.69,484.40,108.50,43.70,52.30,84.40,30.00,16.06,484.57,119.90,146.30,173.30,85.57,28.30,50.94
2026-04-22 03:59:00,2026-04-22 03:59:59,Q08,485.20,141.60,61.90,68.40,91.10,27.10,15.77,485.00,144.50,58.70,69.80,85.20,28.30,20.49,483.30,129.00,52.70,62.30,85.80,30.70,17.46,484.50,138.37,173.30,200.50,87.37,28.70,53.71
2026-04-22 04:00:00,2026-04-22 04:00:59,Q08,486.00,148.80,63.90,71.90,90.20,24.60,17.86,484.00,148.40,60.30,71.60,85.20,26.10,21.34,483.40,134.00,55.70,64.70,87.40,27.80,17.83,484.47,143.73,179.90,208.20,87.60,26.17,57.03
2026-04-22 04:01:00,2026-04-22 04:01:59,Q08,485.60,122.10,51.30,59.20,87.20,27.80,16.40,484.70,127.10,49.40,61.50,81.50,29.00,19.94,482.70,113.40,43.70,54.50,81.50,30.30,17.66,484.33,120.87,144.40,175.20,83.40,29.03,54.00
2026-04-22 04:02:00,2026-04-22 04:02:59,Q08,484.80,119.90,50.20,57.60,88.50,25.40,15.31,484.50,126.00,48.00,61.00,80.20,25.50,20.57,483.90,106.90,40.80,51.20,80.20,29.20,17.26,484.40,117.60,139.00,169.80,82.97,26.70,53.14
2026-04-22 04:03:00,2026-04-22 04:03:59,Q08,485.30,149.10,65.50,72.30,91.20,25.80,16.91,483.40,151.40,61.20,72.90,85.10,27.30,22.11,484.10,131.30,54.20,63.40,86.00,29.70,18.60,484.27,143.93,180.90,208.60,87.43,27.60,57.63
2026-04-22 04:04:00,2026-04-22 04:04:59,Q08,486.20,149.20,65.50,72.40,91.30,24.10,16.94,483.40,152.90,62.80,73.40,86.10,25.90,21.34,483.50,137.70,57.40,66.20,87.10,27.50,18.23,484.37,146.60,185.70,212.00,88.17,25.83,56.51
2026-04-22 04:05:00,2026-04-22 04:05:59,Q08,484.80,146.80,63.00,70.70,90.40,25.80,17.43,483.40,149.80,61.10,72.00,86.10,27.70,20.97,483.80,136.40,55.90,65.70,86.80,28.30,18.51,484.00,144.33,180.00,208.40,87.77,27.27,56.91
2026-04-22 04:06:00,2026-04-22 04:06:59,Q08,484.60,149.80,65.50,72.10,91.00,24.60,17.29,484.40,148.80,60.30,71.60,85.70,26.00,21.49,483.60,134.80,55.70,64.70,87.30,28.10,18.06,484.20,144.47,181.50,208.40,88.00,26.23,56.83
2026-04-22 04:07:00,2026-04-22 04:07:59,Q08,484.90,134.20,57.60,64.90,90.80,26.50,15.46,484.90,137.30,55.40,66.30,84.40,28.70,20.23,482.90,120.40,48.50,57.80,85.20,31.30,17.06,484.23,130.63,161.50,189.00,86.80,28.83,52.74
2026-04-22 04:08:00,2026-04-22 04:08:59,Q08,486.10,131.10,56.70,63.70,90.70,26.80,14.89,483.10,132.30,52.30,63.80,83.10,27.90,20.17,483.40,114.80,46.20,55.10,84.20,31.10,16.51,484.20,126.07,155.20,182.60,86.00,28.60,51.57
2026-04-22 04:09:00,2026-04-22 04:09:59,Q08,484.90,127.90,54.30,61.50,89.30,23.80,16.26,483.10,129.40,51.50,62.30,83.90,24.70,20.09,481.30,116.20,45.70,55.80,83.90,27.60,17.71,483.10,124.50,151.50,179.60,85.70,25.37,54.06
2026-04-22 04:10:00,2026-04-22 04:10:59,Q08,483.30,132.30,56.70,63.80,90.40,21.60,15.51,482.90,136.40,54.00,65.60,83.80,22.60,20.63,481.40,118.80,47.00,56.80,84.00,25.30,17.54,482.53,129.17,157.70,186.20,86.07,23.17,53.69
2026-04-22 04:11:00,2026-04-22 04:11:59,Q08,484.30,146.60,63.70,70.70,91.30,21.50,16.69,481.90,152.50,62.80,73.10,86.00,21.60,21.31,481.80,134.10,55.00,64.50,86.40,23.80,18.51,482.67,144.40,181.50,208.30,87.90,22.30,56.51
2026-04-22 04:12:00,2026-04-22 04:12:59,Q08,484.30,135.70,59.20,65.30,91.40,23.50,15.09,482.40,138.00,56.10,66.50,85.60,24.40,19.60,482.50,120.70,49.00,57.80,86.40,26.90,16.60,483.07,131.47,164.30,189.60,87.80,24.93,51.29
2026-04-22 04:13:00,2026-04-22 04:13:59,Q08,483.90,137.70,60.10,66.20,91.00,24.20,16.00,482.20,140.30,58.30,67.50,87.20,25.60,19.06,482.40,129.10,53.90,62.20,87.50,26.80,17.14,482.83,135.70,172.30,195.90,88.57,25.53,52.20
2026-04-22 04:14:00,2026-04-22 04:14:59,Q08,483.80,138.10,59.40,66.70,90.90,22.60,15.91,483.50,139.50,57.00,67.10,85.80,23.70,19.83,480.60,124.30,50.70,59.50,86.70,25.90,17.06,482.63,133.97,167.10,193.30,87.80,24.07,52.80
2026-04-22 04:15:00,2026-04-22 04:15:59,Q08,484.40,144.10,63.50,69.70,92.50,22.60,15.31,481.60,148.30,61.80,71.20,87.20,24.00,20.23,480.80,129.70,53.10,61.90,87.70,26.30,17.26,482.27,140.70,178.40,202.80,89.13,24.30,52.80
2026-04-22 04:16:00,2026-04-22 04:16:59,Q08,483.00,113.20,47.50,54.60,88.10,26.00,14.91,483.30,115.20,44.50,55.50,81.20,27.60,18.57,481.30,101.00,39.40,48.60,82.60,30.10,15.66,482.53,109.80,131.40,158.70,83.97,27.90,49.14
2026-04-22 04:17:00,2026-04-22 04:17:59,Q08,483.20,122.50,51.60,58.90,89.10,23.60,15.17,481.90,125.70,50.40,60.10,84.40,24.50,18.40,482.30,114.80,45.40,54.90,84.00,26.70,16.74,482.47,121.00,147.40,173.90,85.83,24.93,50.31
2026-04-22 04:18:00,2026-04-22 04:18:59,Q08,485.00,134.50,57.60,65.00,90.70,23.70,15.80,482.50,136.10,55.90,65.60,86.00,25.20,19.34,482.80,124.30,50.70,59.80,86.60,27.60,17.00,483.43,131.63,164.20,190.40,87.77,25.50,52.14
2026-04-22 04:19:00,2026-04-22 04:19:59,Q08,485.20,134.40,57.60,65.00,90.70,27.80,15.80,483.60,141.00,58.50,68.10,86.00,29.10,19.97,482.80,125.60,51.00,60.20,85.00,31.20,18.17,483.87,133.67,167.10,193.30,87.23,29.37,53.94
2026-04-22 04:20:00,2026-04-22 04:20:59,Q08,484.40,133.10,57.00,64.40,89.30,28.10,16.40,484.20,131.70,52.90,63.40,84.80,29.40,19.23,482.60,121.80,49.90,58.30,86.20,30.30,16.77,483.73,128.87,159.80,186.10,86.77,29.27,52.40
2026-04-22 04:21:00,2026-04-22 04:21:59,Q08,485.10,132.30,57.00,64.00,89.20,29.70,16.34,484.60,136.40,55.90,65.80,86.30,30.90,18.69,482.30,127.60,51.80,61.20,85.50,31.70,17.74,484.00,132.10,164.70,191.00,87.00,30.77,52.77
2026-04-22 04:22:00,2026-04-22 04:22:59,Q08,485.60,131.50,56.70,63.50,90.80,28.50,15.20,483.10,137.10,56.10,66.20,85.10,29.30,19.83,483.50,119.40,47.90,57.50,84.80,31.60,17.34,484.07,129.33,160.70,187.20,86.90,29.80,52.37
2026-04-22 04:23:00,2026-04-22 04:23:59,Q08,484.50,136.00,58.50,65.80,90.00,27.30,16.17,484.30,137.10,55.40,66.30,84.70,29.10,19.77,482.70,124.40,50.70,59.80,86.10,30.70,16.86,483.83,132.50,164.60,191.90,86.93,29.03,52.80
2026-04-22 04:24:00,2026-04-22 04:24:59,Q08,485.10,132.30,57.60,64.00,90.40,27.40,15.46,484.00,133.90,54.40,64.40,85.10,28.60,19.49,482.40,119.70,48.50,57.40,85.10,30.70,17.20,483.83,128.63,160.50,185.80,86.87,28.90,52.14
2026-04-22 04:25:00,2026-04-22 04:25:59,Q08,485.80,130.40,56.10,63.00,89.20,28.00,16.17,483.50,134.10,55.00,64.70,86.00,29.60,18.57,482.90,125.20,51.00,60.20,85.60,30.30,17.37,484.07,129.90,162.10,187.90,86.93,29.30,52.11
2026-04-22 04:26:00,2026-04-22 04:26:59,Q08,485.30,132.60,57.00,64.00,89.20,28.40,16.57,484.70,132.70,52.90,63.90,84.50,30.70,19.37,484.10,121.60,49.90,58.60,86.20,32.30,16.77,484.70,128.97,159.80,186.50,86.63,30.47,52.71
2026-04-22 04:27:00,2026-04-22 04:27:59,Q08,486.40,133.70,57.60,64.60,90.10,28.60,15.80,485.40,137.70,56.10,66.40,85.50,30.00,19.49,483.50,124.60,50.20,59.90,85.00,31.80,17.63,485.10,132.00,163.90,190.90,86.87,30.13,52.91
2026-04-22 04:28:00,2026-04-22 04:28:59,Q08,487.00,136.60,58.70,66.20,89.60,28.80,16.49,484.70,137.40,56.10,66.30,85.80,30.90,19.31,483.60,127.30,51.80,61.30,85.90,31.40,17.66,485.10,133.77,166.60,193.80,87.10,30.37,53.46
2026-04-22 04:29:00,2026-04-22 04:29:59,Q08,485.40,129.80,53.90,62.60,87.30,29.80,17.20,485.40,127.90,51.80,61.60,85.10,31.90,18.17,484.50,122.10,50.20,59.00,85.60,31.10,17.20,485.10,126.60,155.90,183.20,86.00,30.93,52.57
2026-04-22 04:30:00,2026-04-22 04:30:59,Q08,485.40,133.80,57.00,64.50,89.90,28.00,16.23,484.30,138.10,56.10,66.80,85.80,29.40,19.34,484.70,124.80,51.60,60.00,86.00,31.20,17.49,484.80,132.23,164.70,191.30,87.23,29.53,53.06
2026-04-22 04:31:00,2026-04-22 04:31:59,Q08,486.50,133.00,57.60,64.60,90.00,28.30,15.94,484.20,138.00,56.10,66.80,85.10,29.80,19.74,485.30,121.90,49.30,58.70,85.00,30.90,17.60,485.33,130.97,163.00,190.10,86.70,29.67,53.29
2026-04-22 04:32:00,2026-04-22 04:32:59,Q08,487.10,138.90,59.60,67.20,89.30,27.10,17.29,485.30,142.60,57.80,68.90,85.10,27.90,20.54,483.40,130.00,52.70,62.80,85.00,29.30,18.66,485.27,137.17,170.10,198.90,86.47,28.10,56.49
2026-04-22 04:33:00,2026-04-22 04:33:59,Q08,485.70,135.10,57.20,65.50,88.00,28.60,17.66,485.60,138.50,56.10,66.90,85.10,29.40,19.71,484.80,130.30,52.10,62.90,84.80,29.40,18.66,485.37,134.63,165.40,195.30,85.97,29.13,56.03
2026-04-22 04:34:00,2026-04-22 04:34:59,Q08,486.40,142.60,61.40,69.00,89.50,27.10,17.49,484.90,145.20,59.50,70.20,85.70,29.40,20.49,484.40,134.20,54.40,64.90,85.90,30.40,18.66,485.23,140.67,175.30,204.10,87.03,28.97,56.63
2026-04-22 04:35:00,2026-04-22 04:35:59,Q08,485.60,135.20,58.50,65.50,90.00,27.80,16.03,484.00,138.70,56.10,66.80,85.60,29.10,19.54,484.70,125.00,51.00,60.50,85.20,28.50,17.80,484.77,132.97,165.60,192.80,86.93,28.47,53.37
2026-04-22 04:36:00,2026-04-22 04:36:59,Q08,485.30,140.10,59.60,67.90,89.40,27.50,17.23,485.00,143.40,58.70,69.40,85.50,28.40,20.51,484.10,132.60,52.90,63.90,84.70,30.30,19.06,484.80,138.70,171.20,201.20,86.53,28.73,56.80
2026-04-22 04:37:00,2026-04-22 04:37:59,Q08,486.40,142.70,61.40,69.00,89.50,27.60,17.29,484.20,145.10,59.50,70.20,85.70,28.60,20.46,484.50,134.70,54.40,64.90,85.10,30.30,18.97,485.03,140.83,175.30,204.10,86.77,28.83,56.71
2026-04-22 04:38:00,2026-04-22 04:38:59,Q08,484.30,136.30,58.50,65.80,90.50,22.80,16.29,483.50,143.00,58.70,69.10,85.20,23.80,20.57,483.50,125.30,51.00,60.40,85.40,26.00,18.03,483.77,134.87,168.20,195.30,87.03,24.20,54.89
2026-04-22 04:39:00,2026-04-22 04:39:59,Q08,485.70,144.40,62.80,69.80,91.20,22.60,16.31,483.60,150.20,61.90,72.40,86.50,23.80,20.77,481.90,133.70,53.50,64.00,85.90,25.50,18.71,483.73,142.77,178.20,206.20,87.87,23.97,55.80
2026-04-22 04:40:00,2026-04-22 04:40:59,Q08,483.70,138.40,58.70,66.70,89.80,22.60,16.77,483.10,138.40,56.10,66.70,85.30,22.80,20.17,483.20,126.60,51.00,60.90,85.80,25.20,17.94,483.33,134.47,165.80,194.30,86.97,23.53,54.89
2026-04-22 04:41:00,2026-04-22 04:41:59,Q08,484.90,135.30,57.80,65.30,89.00,23.70,17.23,483.20,141.60,58.50,68.10,86.20,24.80,19.71,481.20,130.60,52.70,62.50,85.10,25.10,18.94,483.10,135.83,169.00,195.90,86.77,24.53,55.89
2026-04-22 04:42:00,2026-04-22 04:42:59,Q08,484.80,137.20,59.40,66.30,90.10,22.40,16.63,482.60,140.20,57.00,67.50,85.80,23.80,20.09,482.70,126.30,51.00,60.70,85.90,24.60,18.03,483.37,134.57,167.40,194.50,87.27,23.60,54.74
2026-04-22 04:43:00,2026-04-22 04:43:59,Q08,483.80,140.40,60.30,67.60,90.10,22.50,16.89,484.30,144.90,59.30,69.70,86.00,23.20,20.26,482.10,132.00,54.20,63.60,86.00,24.10,18.37,483.40,139.10,173.80,200.90,87.37,23.27,55.51
2026-04-22 04:44:00,2026-04-22 04:44:59,Q08,485.10,128.30,55.20,62.10,89.30,26.70,15.94,485.20,132.40,53.80,64.00,84.20,27.50,19.49,483.10,118.10,47.00,57.00,84.40,30.10,17.23,484.47,126.27,156.00,183.10,85.97,28.10,52.66
2026-04-22 04:45:00,2026-04-22 04:45:59,Q08,485.40,134.60,57.00,65.00,89.60,28.70,16.40,485.20,137.80,56.80,66.40,86.60,29.10,18.97,482.90,130.00,52.70,62.70,85.70,30.70,18.03,484.50,134.13,166.50,194.10,87.30,29.50,53.40
2026-04-22 04:46:00,2026-04-22 04:46:59,Q08,485.10,134.20,57.60,65.00,90.50,26.90,15.60,484.50,139.10,57.00,67.30,85.70,28.60,19.54,484.10,123.50,50.20,59.50,85.30,30.40,17.54,484.57,132.27,164.80,191.80,87.17,28.63,52.69
2026-04-22 04:47:00,2026-04-22 04:47:59,Q08,485.20,132.50,57.60,64.00,90.30,28.80,15.80,485.40,138.60,56.80,66.90,86.10,29.30,19.43,482.80,125.10,51.00,60.20,85.00,30.90,18.00,484.47,132.07,165.40,191.10,87.13,29.67,53.23
2026-04-22 04:48:00,2026-04-22 04:48:59,Q08,486.20,125.60,52.80,60.80,88.70,28.20,15.94,484.80,126.00,50.40,61.00,84.00,29.90,18.89,482.50,115.60,46.20,55.40,84.70,30.60,16.74,484.50,122.40,149.40,177.20,85.80,29.57,51.57
2026-04-22 04:49:00,2026-04-22 04:49:59,Q08,486.50,120.20,50.50,58.30,87.70,30.10,15.74,483.80,124.30,49.60,59.90,84.00,31.00,18.37,483.40,115.10,45.10,55.50,82.60,32.40,17.49,484.57,119.87,145.20,173.70,84.77,31.17,51.60
2026-04-22 04:50:00,2026-04-22 04:50:59,Q08,486.10,140.30,61.90,68.00,91.20,27.20,15.86,483.30,142.30,58.50,68.60,86.60,28.70,19.89,483.50,128.90,52.50,61.80,86.70,30.00,17.60,484.30,137.17,172.90,198.40,88.17,28.63,53.34
2026-04-22 04:51:00,2026-04-22 04:51:59,Q08,485.80,133.60,57.00,64.50,89.70,28.80,16.06,484.90,135.50,54.60,65.30,84.80,30.10,19.51,482.60,122.20,49.30,58.80,85.40,32.10,17.14,484.43,130.43,160.90,188.60,86.63,30.33,52.71
2026-04-22 04:52:00,2026-04-22 04:52:59,Q08,485.50,134.20,57.60,65.00,90.70,28.50,15.74,483.50,140.20,57.00,67.60,85.60,29.10,19.83,484.00,122.40,50.20,59.00,85.80,31.40,17.40,484.33,132.27,164.80,191.60,87.37,29.67,52.97
2026-04-22 04:53:00,2026-04-22 04:53:59,Q08,484.70,134.20,57.00,64.90,89.50,27.30,16.29,483.80,136.60,55.20,65.70,85.90,29.00,18.83,483.90,127.20,52.50,61.30,86.00,29.40,17.29,484.13,132.67,164.70,191.90,87.13,28.57,52.40
2026-04-22 04:54:00,2026-04-22 04:54:59,Q08,485.30,135.60,58.50,65.50,90.00,27.50,16.40,484.10,137.80,56.10,66.30,85.70,29.10,19.60,482.90,126.80,51.60,60.70,86.20,30.10,17.49,484.10,133.40,166.20,192.50,87.30,28.90,53.49
2026-04-22 04:55:00,2026-04-22 04:55:59,Q08,486.10,135.60,58.50,65.60,90.80,27.10,15.43,483.40,140.70,57.60,67.60,86.00,28.70,19.71,482.70,125.20,51.00,60.20,85.00,30.50,17.86,484.07,133.83,167.10,193.40,87.27,28.77,53.00
2026-04-22 04:56:00,2026-04-22 04:56:59,Q08,484.50,133.80,57.00,64.40,89.70,27.90,16.34,484.70,137.30,56.10,66.30,85.30,30.50,19.37,482.80,123.70,50.70,59.30,86.20,31.80,17.09,484.00,131.60,163.80,190.00,87.07,30.07,52.80
2026-04-22 04:57:00,2026-04-22 04:57:59,Q08,486.10,127.70,53.70,61.70,88.50,28.70,16.26,483.70,128.00,51.20,61.80,84.60,30.50,18.77,482.10,118.90,47.00,56.90,84.90,31.30,17.11,483.97,124.87,151.90,180.40,86.00,30.17,52.14
2026-04-22 04:58:00,2026-04-22 04:58:59,Q08,485.70,138.00,60.10,66.90,91.50,27.40,15.34,483.90,146.00,60.20,70.50,86.70,27.70,19.94,481.90,128.00,51.80,61.60,85.60,29.80,18.11,483.83,137.33,172.10,199.00,87.93,28.30,53.40
2026-04-22 04:59:00,2026-04-22 04:59:59,Q08,485.20,131.70,56.10,63.50,89.90,28.10,15.69,482.50,133.10,53.80,64.10,84.60,29.40,19.54,482.00,120.40,48.50,57.80,85.00,31.40,17.06,483.23,128.40,158.40,185.40,86.50,29.63,52.29
2026-04-22 05:00:00,2026-04-22 05:00:59,Q08,484.10,137.80,59.40,66.30,90.50,27.00,16.31,483.50,142.00,58.50,68.60,86.10,28.30,19.60,481.00,129.40,53.30,62.00,86.80,30.20,17.31,482.87,136.40,171.20,196.90,87.80,28.50,53.23
2026-04-22 05:01:00,2026-04-22 05:01:59,Q08,484.40,131.10,56.10,63.40,89.50,27.50,15.89,482.90,134.30,55.00,64.60,86.40,29.20,18.49,480.70,124.40,50.20,59.50,85.20,30.50,17.69,482.67,129.93,161.30,187.50,87.03,29.07,52.06
2026-04-22 05:02:00,2026-04-22 05:02:59,Q08,483.10,139.90,61.00,67.10,91.10,27.50,15.77,482.50,143.80,58.50,68.90,86.40,28.70,19.80,482.40,126.90,51.60,60.70,86.20,30.10,17.71,482.67,136.87,171.10,196.70,87.90,28.77,53.29
2026-04-22 05:03:00,2026-04-22 05:03:59,Q08,483.50,135.00,58.50,65.20,90.90,26.60,15.66,481.80,142.00,58.50,68.30,86.10,28.40,19.77,482.40,125.90,51.00,60.20,85.90,31.40,17.57,482.57,134.30,168.00,193.70,87.63,28.80,53.00
2026-04-22 05:04:00,2026-04-22 05:04:59,Q08,483.40,139.00,61.00,67.10,91.20,27.30,15.77,482.50,146.90,60.20,70.40,86.30,28.80,20.23,481.40,128.20,51.80,61.60,85.80,30.30,18.11,482.43,138.03,173.00,199.10,87.77,28.80,54.11
2026-04-22 05:05:00,2026-04-22 05:05:59,Q08,482.90,142.00,60.50,68.40,89.80,27.20,17.29,482.40,147.10,60.20,70.90,86.40,28.70,20.17,481.90,135.80,54.40,64.90,85.90,29.80,18.86,482.40,141.63,175.10,204.20,87.37,28.57,56.31
2026-04-22 05:06:00,2026-04-22 05:06:59,Q08,483.90,143.50,62.10,69.10,90.90,25.10,16.40,481.50,150.80,61.90,72.20,86.00,26.20,21.11,481.50,131.40,53.50,63.00,85.10,28.20,19.00,482.30,141.90,177.50,204.30,87.33,26.50,56.51
2026-04-22 05:07:00,2026-04-22 05:07:59,Q08,484.20,145.80,63.70,70.20,91.10,26.60,16.63,481.40,152.20,62.80,73.10,86.10,27.60,21.37,481.40,135.30,54.40,64.90,85.40,30.10,19.14,482.33,144.43,180.90,208.20,87.53,28.10,57.14
2026-04-22 05:08:00,2026-04-22 05:08:59,Q08,482.50,144.10,62.10,69.40,90.40,25.80,17.00,482.50,149.00,61.10,71.80,86.00,27.40,20.77,481.70,133.50,54.20,64.00,86.00,29.00,18.63,482.23,142.20,177.40,205.20,87.47,27.40,56.40
2026-04-22 05:09:00,2026-04-22 05:09:59,Q08,484.30,141.90,60.50,68.20,89.40,27.20,17.54,481.50,146.00,60.20,70.20,86.10,28.70,20.29,482.40,134.40,54.40,64.60,85.60,29.30,18.94,482.73,140.77,175.10,203.00,87.03,28.40,56.77
2026-04-22 05:10:00,2026-04-22 05:10:59,Q08,483.50,148.00,63.90,71.50,90.40,25.50,17.34,483.60,150.00,61.90,72.40,86.30,26.60,20.86,482.90,135.70,55.90,65.10,86.40,28.00,18.74,483.33,144.57,181.70,209.00,87.70,26.70,56.94
2026-04-22 05:11:00,2026-04-22 05:11:59,Q08,485.40,143.70,61.40,69.40,89.80,26.20,17.40,482.50,146.90,60.20,70.40,86.20,27.10,20.63,482.20,136.50,55.20,65.60,85.60,28.80,19.14,483.37,142.37,176.80,205.40,87.20,27.37,57.17
2026-04-22 05:12:00,2026-04-22 05:12:59,Q08,483.70,136.80,57.20,65.70,88.70,26.60,17.51,484.10,141.70,57.80,68.20,85.50,27.20,20.14,481.90,131.00,52.90,63.00,84.70,28.70,19.06,483.23,136.50,167.90,196.90,86.30,27.50,56.71
2026-04-22 05:13:00,2026-04-22 05:13:59,Q08,485.10,141.60,60.50,68.40,89.60,26.80,17.14,482.60,143.80,58.50,68.90,86.40,26.60,20.09,482.40,135.30,55.20,65.10,85.40,28.30,18.97,483.37,140.23,174.20,202.40,87.13,27.23,56.20
2026-04-22 05:14:00,2026-04-22 05:14:59,Q08,484.40,139.90,60.30,67.30,90.00,26.00,16.60,483.30,145.10,59.50,70.00,85.50,27.00,20.46,482.40,129.00,52.10,62.20,84.90,28.90,18.63,483.37,138.00,171.90,199.50,86.80,27.30,55.69
2026-04-22 05:15:00,2026-04-22 05:15:59,Q08,483.70,137.20,58.10,66.20,88.30,26.20,17.89,483.70,137.30,56.10,66.20,85.30,28.30,20.00,481.10,131.30,53.50,63.00,85.30,29.30,18.69,482.83,135.27,167.70,195.40,86.30,27.93,56.57
2026-04-22 05:17:00,2026-04-22 05:17:59,Q08,483.20,138.60,59.40,66.70,90.60,28.00,15.97,483.70,139.30,57.60,67.10,86.30,29.20,19.54,481.50,128.80,52.50,61.60,86.10,30.60,17.69,482.80,135.57,169.50,195.40,87.67,29.27,53.20
2026-04-22 05:18:00,2026-04-22 05:18:59,Q08,484.00,130.70,55.80,62.90,90.20,27.20,15.51,482.40,134.20,53.80,64.60,84.60,28.40,19.37,482.80,116.90,46.80,55.90,85.60,30.90,16.66,483.07,127.27,156.40,183.40,86.80,28.83,51.54
2026-04-22 05:20:00,2026-04-22 05:20:59,Q08,483.40,134.00,57.60,64.70,90.90,26.40,15.46,482.00,138.30,56.10,66.50,85.60,27.10,19.63,482.50,122.70,49.30,58.80,85.80,28.80,17.17,482.63,131.67,163.00,190.00,87.43,27.43,52.26
2026-04-22 05:21:00,2026-04-22 05:21:59,Q08,484.80,138.60,60.10,66.80,91.10,28.60,15.74,482.00,145.50,59.30,69.90,86.90,28.70,19.69,481.40,130.20,53.30,62.50,86.00,30.70,18.09,482.73,138.10,172.70,199.20,88.00,29.33,53.51
2026-04-22 05:22:00,2026-04-22 05:22:59,Q08,483.10,130.30,55.20,62.80,89.60,27.60,15.89,483.80,132.70,53.50,63.80,85.20,29.80,18.97,481.40,120.20,48.50,57.70,85.40,31.10,17.09,482.77,127.73,157.20,184.30,86.73,29.50,51.94
2026-04-22 05:23:00,2026-04-22 05:23:59,Q08,484.30,131.00,56.10,63.40,89.10,28.80,16.31,483.70,134.60,55.00,64.70,86.60,29.60,18.43,481.00,126.70,51.00,60.60,85.30,30.80,17.94,483.00,130.77,162.10,188.70,87.00,29.73,52.69
2026-04-22 05:24:00,2026-04-22 05:24:59,Q08,484.70,130.20,55.20,62.90,89.70,27.10,15.71,482.80,134.00,55.00,64.60,86.40,28.40,18.51,481.00,124.10,50.20,59.60,85.10,29.60,17.69,482.83,129.43,160.40,187.10,87.07,28.37,51.91
2026-04-22 05:25:00,2026-04-22 05:25:59,Q08,483.40,112.50,45.90,54.10,85.50,29.50,15.77,482.40,110.70,42.40,53.00,80.80,32.50,17.91,481.50,104.30,40.50,50.00,81.40,33.60,16.26,482.43,109.17,128.80,157.10,82.57,31.87,49.94
2026-04-22 05:26:00,2026-04-22 05:26:59,Q08,482.80,133.30,57.60,64.10,90.10,27.60,15.71,482.80,136.50,55.90,65.60,86.20,28.10,19.00,481.70,126.90,51.00,60.60,85.00,29.80,17.83,482.43,132.23,164.50,190.30,87.10,28.50,52.54
2026-04-22 05:27:00,2026-04-22 05:27:59,Q08,483.00,126.80,52.20,60.90,87.50,29.00,16.74,482.80,126.40,51.00,60.70,85.60,31.20,17.91,481.90,122.60,49.30,58.70,85.20,31.80,17.37,482.57,125.27,152.50,180.30,86.10,30.67,52.03
2026-04-22 05:28:00,2026-04-22 05:28:59,Q08,483.20,121.60,50.50,58.40,87.10,29.60,16.20,482.10,120.50,47.90,57.80,84.80,31.00,17.60,482.40,117.80,47.00,56.40,84.20,30.80,17.09,482.57,119.97,145.40,172.60,85.37,30.47,50.89
2026-04-22 05:29:00,2026-04-22 05:29:59,Q08,484.30,134.30,57.60,64.90,90.40,28.40,15.74,481.90,141.60,57.60,67.80,86.70,28.80,19.20,482.10,128.40,51.80,61.70,85.20,31.10,18.20,482.77,134.77,167.00,194.40,87.43,29.43,53.14
2026-04-22 05:30:00,2026-04-22 05:30:59,Q08,482.50,131.20,55.40,63.10,88.90,28.60,16.43,482.90,133.10,54.40,64.10,85.40,29.90,18.69,481.40,124.10,50.20,59.60,85.70,30.80,17.14,482.27,129.47,160.00,186.80,86.67,29.77,52.26
2026-04-22 05:31:00,2026-04-22 05:31:59,Q08,482.70,132.50,56.10,63.60,89.90,28.20,15.80,481.80,136.80,55.20,65.40,85.40,29.50,19.29,482.00,121.60,49.30,58.30,85.00,31.50,17.54,482.17,130.30,160.60,187.30,86.77,29.73,52.63
2026-04-22 05:32:00,2026-04-22 05:32:59,Q08,484.40,126.50,52.80,61.00,88.90,27.60,15.77,483.20,131.30,54.20,63.30,86.40,28.00,18.09,480.60,122.50,48.70,58.60,84.20,29.80,17.97,482.73,126.77,155.70,182.90,86.50,28.47,51.83
2026-04-22 05:33:00,2026-04-22 05:33:59,Q08,483.00,134.90,57.60,64.70,90.10,27.50,16.06,483.70,141.70,58.50,68.10,86.70,27.50,19.31,481.60,128.80,51.20,61.60,84.90,29.10,18.57,482.77,135.13,167.30,194.40,87.23,28.03,53.94
2026-04-22 05:34:00,2026-04-22 05:34:59,Q08,484.50,124.70,53.40,60.00,89.80,27.40,15.14,482.00,133.10,55.00,64.10,86.10,27.90,18.54,481.40,120.20,47.30,57.70,83.90,30.30,17.83,482.63,126.00,155.70,181.80,86.60,28.53,51.51
2026-04-22 05:35:00,2026-04-22 05:35:59,Q08,483.70,138.60,60.10,66.70,91.10,28.30,15.77,481.80,147.00,60.90,70.70,87.10,28.20,19.63,481.50,132.80,53.50,63.50,85.90,30.90,18.29,482.33,139.47,174.50,200.90,88.03,29.13,53.69
2026-04-22 05:36:00,2026-04-22 05:36:59,Q08,483.70,129.80,55.20,62.30,89.20,27.90,16.09,481.70,132.70,54.20,63.50,86.50,28.20,18.54,481.10,125.50,50.40,60.10,84.90,29.80,18.06,482.17,129.33,159.80,185.90,86.87,28.63,52.69
2026-04-22 05:37:00,2026-04-22 05:37:59,Q08,482.20,141.40,60.30,68.00,90.50,25.70,16.66,482.40,150.00,61.90,72.30,86.80,26.20,20.31,480.70,135.30,54.40,64.80,85.50,28.60,19.11,481.77,142.23,176.60,205.10,87.60,26.83,56.09
2026-04-22 05:38:00,2026-04-22 05:38:59,Q08,482.40,138.10,60.10,66.50,91.00,24.10,16.06,481.50,147.70,60.20,70.70,86.30,26.30,20.49,481.40,130.90,52.70,62.50,85.20,28.50,18.69,481.77,138.90,173.00,199.70,87.50,26.30,55.23
2026-04-22 05:39:00,2026-04-22 05:39:59,Q08,482.00,142.40,61.90,68.40,91.20,23.50,16.37,481.20,149.30,61.80,71.70,87.10,24.00,20.49,478.40,135.30,55.00,64.50,86.00,26.10,18.94,480.53,142.33,178.70,204.60,88.10,24.53,55.80
2026-04-22 05:40:00,2026-04-22 05:40:59,Q08,482.10,133.90,57.60,64.10,90.00,23.10,16.26,479.80,139.80,56.80,66.60,86.50,23.90,19.46,478.30,129.80,51.80,61.70,85.10,24.80,18.49,480.07,134.50,166.20,192.40,87.20,23.93,54.20
2026-04-22 05:41:00,2026-04-22 05:41:59,Q08,482.00,141.00,61.00,68.00,91.10,21.90,16.31,479.90,147.70,60.20,70.40,86.60,22.10,20.60,478.10,131.50,52.70,62.60,85.90,25.10,18.71,480.00,140.07,173.90,201.00,87.87,23.03,55.63
2026-04-22 05:42:00,2026-04-22 05:42:59,Q08,480.30,133.20,56.70,63.80,90.50,22.40,15.86,479.90,140.00,57.60,67.10,86.10,22.20,19.86,479.70,124.50,49.60,59.40,84.90,24.60,18.26,479.97,132.57,163.90,190.30,87.17,23.07,53.97
2026-04-22 05:43:00,2026-04-22 05:43:59,Q08,482.10,137.80,59.40,66.00,90.90,23.00,16.06,480.40,144.90,59.30,69.10,86.80,23.10,20.03,478.30,129.70,51.80,61.70,85.50,25.30,18.66,480.27,137.47,170.50,196.80,87.73,23.80,54.74
2026-04-22 05:44:00,2026-04-22 05:44:59,Q08,481.40,130.30,54.60,62.50,88.90,22.40,16.54,479.70,133.20,54.20,63.70,86.00,23.40,18.80,479.30,123.80,49.30,58.90,85.20,24.10,17.91,480.13,129.10,158.10,185.10,86.70,23.30,53.26
2026-04-22 05:45:00,2026-04-22 05:45:59,Q08,481.60,138.50,59.40,66.40,90.90,22.80,16.09,480.10,145.70,59.30,69.60,86.80,22.60,20.09,478.30,130.10,52.70,62.10,85.40,25.10,18.74,480.00,138.10,171.40,198.10,87.70,23.50,54.91
2026-04-22 05:46:00,2026-04-22 05:46:59,Q08,481.30,134.10,57.60,64.50,90.10,22.00,16.17,480.80,137.60,55.20,65.80,85.20,23.10,19.97,478.30,122.50,49.30,58.30,85.30,24.90,17.80,480.13,131.40,162.10,188.60,86.87,23.33,53.94
2026-04-22 05:47:00,2026-04-22 05:47:59,Q08,481.80,142.20,61.90,68.30,91.20,22.70,16.17,479.40,145.70,59.30,69.50,86.70,23.20,20.26,478.80,131.10,53.30,62.60,86.40,24.10,18.23,480.00,139.67,174.50,200.40,88.10,23.33,54.66
2026-04-22 05:48:00,2026-04-22 05:48:59,Q08,480.30,131.10,55.20,62.90,89.30,23.00,16.60,480.60,135.40,55.00,64.80,86.50,24.30,19.03,479.20,127.40,51.00,60.80,85.20,24.80,18.40,480.03,131.30,161.20,188.50,87.00,24.03,54.03
2026-04-22 05:49:00,2026-04-22 05:49:59,Q08,481.30,134.10,58.20,64.50,91.10,23.50,15.23,480.40,138.70,57.40,66.20,87.00,23.90,18.89,480.50,122.80,49.90,58.60,86.20,25.20,17.37,480.73,131.87,165.50,189.30,88.10,24.20,51.49
2026-04-22 05:50:00,2026-04-22 05:50:59,Q08,482.20,128.70,54.90,61.70,90.50,25.30,15.29,480.00,131.90,53.30,62.90,86.20,25.60,18.63,479.00,120.00,48.50,57.50,85.90,27.40,16.89,480.40,126.87,156.70,182.10,87.53,26.10,50.80
2026-04-22 05:51:00,2026-04-22 05:51:59,Q08,481.80,137.00,59.20,65.90,91.40,24.70,15.43,480.00,142.60,59.20,68.20,87.70,24.20,18.97,478.10,130.70,53.30,62.10,86.70,26.00,17.71,479.97,136.77,171.70,196.20,88.60,24.97,52.11
2026-04-22 05:52:00,2026-04-22 05:52:59,Q08,481.20,128.40,54.90,61.60,90.40,24.30,15.40,479.50,135.20,55.70,64.70,87.70,24.70,17.91,477.40,124.20,50.70,59.10,86.30,25.40,17.37,479.37,129.27,161.30,185.40,88.13,24.80,50.69
2026-04-22 05:53:00,2026-04-22 05:53:59,Q08,481.10,133.80,57.30,64.00,91.50,24.20,15.20,479.00,139.10,57.40,66.60,87.30,25.10,18.80,477.30,125.90,51.30,59.60,87.20,26.70,16.91,479.13,132.93,166.00,190.20,88.67,25.33,50.91
2026-04-22 05:54:00,2026-04-22 05:54:59,Q08,481.30,142.80,62.60,68.30,92.50,22.80,15.06,479.00,148.80,61.60,70.90,88.40,22.90,19.34,478.40,133.30,54.80,63.60,87.70,25.50,17.60,479.57,141.63,179.00,202.80,89.53,23.73,52.00
2026-04-22 05:55:00,2026-04-22 05:55:59,Q08,480.50,136.60,59.80,65.30,92.10,23.80,14.66,479.20,142.40,59.20,68.00,87.70,24.20,18.91,477.80,127.60,51.60,60.60,86.70,26.70,17.31,479.17,135.53,170.60,193.90,88.83,24.90,50.89
2026-04-22 05:56:00,2026-04-22 05:56:59,Q08,480.80,131.10,55.80,62.90,90.20,24.40,15.97,480.20,136.40,57.20,65.30,88.00,25.40,17.83,478.30,128.20,53.10,61.20,87.40,26.10,17.17,479.77,131.90,166.10,189.40,88.53,25.30,50.97
2026-04-22 05:57:00,2026-04-22 05:57:59,Q08,480.60,133.40,57.30,63.80,91.60,24.10,14.89,479.40,141.00,58.30,67.50,87.80,23.80,18.54,477.80,125.50,50.70,59.60,86.60,25.50,17.34,479.27,133.30,166.30,190.90,88.67,24.47,50.77
2026-04-22 05:58:00,2026-04-22 05:58:59,Q08,481.10,133.70,57.30,64.00,91.60,28.90,14.69,481.40,139.00,58.10,66.90,88.40,29.10,17.83,479.00,126.70,52.20,60.40,87.10,31.50,17.00,480.50,133.13,167.60,191.30,89.03,29.83,49.51
2026-04-22 05:59:00,2026-04-22 05:59:59,Q08,480.30,139.40,59.40,66.70,90.60,27.40,16.14,480.80,142.90,59.20,68.20,87.40,28.00,19.00,480.10,131.90,53.30,62.90,86.90,29.50,17.74,480.40,138.07,171.90,197.80,88.30,28.30,52.89
2026-04-22 06:00:00,2026-04-22 06:00:59,Q08,480.10,137.10,58.50,65.80,90.20,28.30,16.31,479.70,141.80,58.30,67.50,87.70,28.80,18.63,479.90,132.50,54.20,63.20,86.80,30.00,17.91,479.90,137.13,171.00,196.50,88.23,29.03,52.86
2026-04-22 06:01:00,2026-04-22 06:01:59,Q08,479.90,144.40,61.90,69.00,91.60,26.90,15.63,480.90,150.10,63.40,72.00,88.20,27.30,19.31,477.80,133.20,54.20,63.40,86.50,28.70,18.49,479.53,142.57,179.50,204.40,88.77,27.63,53.43
2026-04-22 06:02:00,2026-04-22 06:02:59,Q08,481.00,132.00,56.70,63.50,90.00,28.50,15.66,478.80,136.60,55.90,65.00,86.20,28.50,18.80,478.90,125.10,50.20,59.80,85.40,31.50,17.49,479.57,131.23,162.80,188.30,87.20,29.50,51.94
2026-04-22 06:03:00,2026-04-22 06:03:59,Q08,480.70,133.70,56.70,63.80,90.90,27.40,15.46,479.90,142.80,59.20,68.00,87.20,27.70,19.23,477.00,129.70,51.80,61.50,85.10,27.80,18.43,479.20,135.40,167.70,193.30,87.73,27.63,53.11
2026-04-22 06:04:00,2026-04-22 06:04:59,Q08,480.40,130.80,55.20,62.40,89.70,30.10,15.89,480.50,137.80,56.50,65.80,87.60,29.40,18.23,477.40,128.80,51.80,61.10,85.10,31.20,18.40,479.43,132.47,163.50,189.30,87.47,30.23,52.51
2026-04-22 06:05:00,2026-04-22 06:05:59,Q08,480.30,130.10,55.80,62.40,90.00,29.40,15.49,480.10,134.30,55.00,64.30,86.00,29.40,18.86,477.30,123.30,48.70,58.70,84.90,31.60,17.54,479.23,129.23,159.50,185.40,86.97,30.13,51.89
2026-04-22 06:06:00,2026-04-22 06:06:59,Q08,480.60,136.60,59.20,65.30,91.50,29.00,15.23,479.90,145.80,60.00,69.50,87.90,28.40,19.06,478.40,132.50,54.20,63.10,86.00,30.50,18.26,479.63,138.30,173.40,197.90,88.47,29.30,52.54
2026-04-22 06:07:00,2026-04-22 06:07:59,Q08,480.90,133.40,57.30,63.80,91.10,28.70,15.20,479.30,143.40,59.20,68.50,87.40,28.20,19.09,477.10,128.80,51.80,61.10,85.30,30.70,18.26,479.10,135.20,168.30,193.40,87.93,29.20,52.54
2026-04-22 06:08:00,2026-04-22 06:08:59,Q08,480.30,131.80,55.20,62.90,89.60,29.70,16.00,479.50,137.10,55.90,65.60,86.90,29.50,18.63,477.00,127.00,51.00,60.60,85.00,31.40,18.26,478.93,131.97,162.10,189.10,87.17,30.20,52.89
2026-04-22 06:09:00,2026-04-22 06:09:59,Q08,480.00,151.00,66.20,72.50,92.00,25.10,16.29,477.80,156.10,64.40,74.40,87.20,25.10,21.14,478.00,139.70,56.80,66.40,86.70,27.90,18.86,478.60,148.93,187.40,213.30,88.63,26.03,56.29
2026-04-22 06:10:00,2026-04-22 06:10:59,Q08,478.40,142.20,60.30,67.90,90.90,26.00,16.37,479.40,149.30,61.10,71.40,86.40,26.50,20.54,477.70,133.40,53.50,63.40,85.70,28.60,18.69,478.50,141.63,174.90,202.70,87.67,27.03,55.60
2026-04-22 06:11:00,2026-04-22 06:11:59,Q08,479.50,147.10,63.70,70.40,91.60,25.60,16.43,478.20,155.60,64.40,74.10,87.30,26.00,20.83,478.40,138.40,55.90,66.00,86.50,27.90,18.97,478.70,147.03,184.00,210.50,88.47,26.50,56.23
2026-04-22 06:12:00,2026-04-22 06:12:59,Q08,478.90,141.10,60.30,67.40,90.00,26.50,16.80,479.80,146.70,60.00,69.90,87.50,26.70,19.49,476.90,134.90,53.50,63.80,85.60,27.90,19.20,478.53,140.90,173.80,201.10,87.70,27.03,55.49
2026-04-22 06:13:00,2026-04-22 06:13:59,Q08,478.20,139.90,59.40,66.40,90.90,26.00,16.29,479.00,148.10,60.90,70.90,87.00,26.10,20.11,478.30,134.30,54.40,64.10,85.90,28.40,18.74,478.50,140.77,174.70,201.40,87.93,26.83,55.14
2026-04-22 06:14:00,2026-04-22 06:14:59,Q08,479.80,142.40,61.90,68.00,91.00,24.70,16.26,479.60,148.70,60.90,70.90,87.50,25.20,20.00,477.10,135.90,54.40,64.40,85.80,27.10,19.14,478.83,142.33,177.20,203.30,88.10,25.67,55.40
2026-04-22 06:15:00,2026-04-22 06:15:59,Q08,478.50,140.20,59.40,66.90,90.90,25.70,16.20,479.30,148.60,60.90,70.90,87.50,25.60,19.77,476.90,134.00,53.50,63.80,85.80,28.20,18.89,478.23,140.93,173.80,201.60,88.07,26.50,54.86
2026-04-22 06:16:00,2026-04-22 06:16:59,Q08,479.20,140.60,60.30,67.10,90.10,27.10,16.83,478.00,145.80,60.00,69.30,87.70,26.30,19.43,477.60,135.90,55.00,64.40,86.00,28.00,19.11,478.27,140.77,175.30,200.80,87.93,27.13,55.37
2026-04-22 06:17:00,2026-04-22 06:17:59,Q08,479.80,146.20,62.80,69.90,91.40,25.70,16.31,478.20,152.40,62.60,72.70,87.60,25.80,20.31,477.40,136.20,55.00,64.90,86.40,28.10,18.97,478.47,144.93,180.40,207.50,88.47,26.53,55.60
2026-04-22 06:18:00,2026-04-22 06:18:59,Q08,479.60,141.60,61.00,67.50,91.60,25.20,15.83,478.20,151.00,62.60,72.20,87.00,26.00,20.46,477.90,132.70,52.70,63.00,85.80,28.40,18.69,478.57,141.77,176.30,202.70,88.13,26.53,54.97
2026-04-22 06:19:00,2026-04-22 06:19:59,Q08,478.60,151.10,65.50,72.20,91.60,24.70,16.69,479.50,157.50,66.00,75.20,88.20,24.50,20.40,477.70,143.80,59.20,68.20,87.10,26.80,19.20,478.60,150.80,190.70,215.60,88.97,25.33,56.29
2026-04-22 06:20:00,2026-04-22 06:20:59,Q08,479.40,139.00,58.70,66.60,89.30,26.70,17.09,478.20,142.50,58.30,67.90,87.60,27.60,18.89,478.10,135.70,54.40,64.50,85.80,27.80,19.00,478.57,139.07,171.40,199.00,87.57,27.37,54.97
2026-04-22 06:21:00,2026-04-22 06:21:59,Q08,478.70,134.60,57.60,64.10,90.70,27.90,15.49,479.00,140.80,58.30,67.10,87.50,28.60,18.57,478.50,127.20,51.60,60.70,86.10,30.20,17.71,478.73,134.20,167.50,191.90,88.10,28.90,51.77
2026-04-22 06:22:00,2026-04-22 06:22:59,Q08,480.50,131.10,55.20,62.90,89.80,28.20,15.60,478.60,133.50,54.20,63.60,86.80,28.70,18.23,478.00,125.80,50.20,59.80,85.40,30.70,17.51,479.03,130.13,159.60,186.30,87.33,29.20,51.34
2026-04-22 06:23:00,2026-04-22 06:23:59,Q08,478.70,127.90,54.00,60.70,90.20,28.30,15.17,479.90,133.50,54.80,63.70,87.00,28.40,18.06,477.90,122.80,49.30,58.20,85.40,29.90,17.37,478.83,128.07,158.10,182.60,87.53,28.87,50.60
2026-04-22 06:24:00,2026-04-22 06:24:59,Q08,480.00,133.00,56.10,63.80,89.70,27.60,16.00,478.30,137.30,57.20,65.50,88.20,28.20,17.63,478.20,129.20,52.50,61.70,86.30,28.30,17.89,478.83,133.17,165.80,191.00,88.07,28.03,51.51
2026-04-22 06:25:00,2026-04-22 06:25:59,Q08,478.60,128.20,54.30,61.20,89.90,28.70,15.60,479.50,133.70,54.20,63.70,86.60,29.30,18.26,476.50,122.00,49.30,58.10,85.80,30.40,17.20,478.20,127.97,157.80,183.00,87.43,29.47,51.06
2026-04-22 06:26:00,2026-04-22 06:26:59,Q08,479.30,129.40,54.90,61.80,90.80,25.90,14.94,477.70,137.40,55.90,65.30,86.80,26.20,18.63,478.10,123.40,49.30,58.80,85.20,28.30,17.60,478.37,130.07,160.10,185.90,87.60,26.80,51.17
2026-04-22 06:27:00,2026-04-22 06:27:59,Q08,479.80,125.40,53.70,59.90,91.10,28.30,14.23,478.50,131.90,53.90,62.60,87.80,29.30,17.29,477.10,119.00,48.20,56.80,86.20,30.00,16.63,478.47,125.43,155.80,179.30,88.37,29.20,48.14
2026-04-22 06:28:00,2026-04-22 06:28:59,Q08,478.60,124.60,51.90,59.30,88.40,26.60,15.94,478.50,125.00,50.70,59.80,86.00,29.20,17.54,478.20,119.20,47.60,56.90,85.50,29.60,16.89,478.43,122.93,150.20,176.00,86.63,28.47,50.37
2026-04-22 06:29:00,2026-04-22 06:29:59,Q08,478.50,136.90,57.80,65.00,89.40,28.90,16.63,479.60,135.90,55.00,64.70,86.60,29.10,18.80,477.40,130.00,53.30,62.00,86.20,30.40,17.74,478.50,134.27,166.10,191.70,87.40,29.47,53.17
2026-04-22 06:30:00,2026-04-22 06:30:59,Q08,477.90,132.70,55.80,63.00,90.30,27.30,15.66,477.80,134.50,54.20,63.90,86.30,28.90,18.57,478.30,122.20,49.90,58.30,86.70,29.90,16.71,478.00,129.80,159.90,185.20,87.77,28.70,50.94
2026-04-22 06:31:00,2026-04-22 06:31:59,Q08,478.60,133.60,56.70,63.60,90.10,27.10,15.89,479.10,136.60,56.50,65.10,87.10,27.80,18.40,476.60,126.60,50.70,60.00,86.40,29.60,17.34,478.10,132.27,163.90,188.70,87.87,28.17,51.63
2026-04-22 06:32:00,2026-04-22 06:32:59,Q08,478.30,130.50,55.20,62.10,89.00,28.10,16.23,478.00,130.80,53.30,62.10,86.70,29.20,17.74,478.40,124.00,50.70,59.30,86.60,29.50,16.89,478.23,128.43,159.20,183.50,87.43,28.93,50.86
2026-04-22 06:33:00,2026-04-22 06:33:59,Q08,478.70,136.90,59.20,65.00,91.00,26.90,15.69,477.40,139.80,57.40,66.30,87.50,26.40,18.77,477.90,128.20,53.10,61.10,87.00,28.90,17.40,478.00,134.97,169.70,192.40,88.50,27.40,51.86
2026-04-22 06:34:00,2026-04-22 06:34:59,Q08,479.80,128.70,54.90,61.30,90.10,27.10,15.23,477.90,134.40,54.20,63.90,86.30,27.20,18.63,476.30,122.10,48.70,58.10,84.70,29.60,17.60,478.00,128.40,157.80,183.30,87.03,27.97,51.46
2026-04-22 06:35:00,2026-04-22 06:35:59,Q08,477.90,137.10,59.20,65.30,91.20,26.90,15.49,478.70,141.80,58.30,67.40,87.70,27.30,18.77,477.10,129.30,52.50,61.50,86.70,29.00,17.60,477.90,136.07,170.00,194.20,88.53,27.73,51.86
2026-04-22 06:36:00,2026-04-22 06:36:59,Q08,478.70,129.60,54.30,61.70,89.60,28.00,15.83,478.90,132.80,54.80,63.10,87.40,29.00,17.77,476.90,125.70,50.70,59.50,86.10,29.10,17.46,478.17,129.37,159.80,184.30,87.70,28.70,51.06
2026-04-22 06:37:00,2026-04-22 06:37:59,Q08,478.20,137.40,58.50,65.50,90.30,27.70,16.00,479.00,142.40,58.50,68.00,86.70,28.10,19.14,477.60,129.20,51.80,61.50,85.90,29.50,17.86,478.27,136.33,168.80,195.00,87.63,28.43,53.00
2026-04-22 06:38:00,2026-04-22 06:38:59,Q08,479.80,134.40,57.60,64.20,90.90,27.20,15.37,478.00,138.60,56.50,66.00,87.60,27.40,18.51,476.70,129.60,52.50,61.40,86.30,29.80,17.60,478.17,134.20,166.60,191.60,88.27,28.13,51.49
2026-04-22 06:39:00,2026-04-22 06:39:59,Q08,479.60,142.20,61.90,68.00,91.30,27.00,15.71,479.60,144.10,59.20,69.00,87.70,27.50,19.06,477.10,131.70,53.90,62.50,87.10,29.60,17.60,478.77,139.33,175.00,199.50,88.70,28.03,52.37
2026-04-22 06:40:00,2026-04-22 06:40:59,Q08,480.20,132.20,56.10,63.40,89.10,27.70,16.43,478.40,130.90,53.30,62.10,86.60,29.00,18.09,478.30,126.70,51.60,60.20,86.60,29.40,17.06,478.97,129.93,161.00,185.70,87.43,28.70,51.57
2026-04-22 06:41:00,2026-04-22 06:41:59,Q08,479.60,141.90,61.00,67.50,91.50,28.20,15.69,478.50,146.70,60.00,69.80,87.90,28.20,19.20,478.80,133.20,54.80,63.60,87.00,30.70,17.91,478.97,140.60,175.80,200.90,88.80,29.03,52.80
2026-04-22 06:42:00,2026-04-22 06:42:59,Q08,479.30,142.60,61.20,68.00,90.90,24.80,16.43,480.30,148.40,61.80,71.00,87.20,25.00,20.03,478.90,136.10,55.90,65.00,86.10,27.80,18.74,479.50,142.37,178.90,204.00,88.07,25.87,55.20
2026-04-22 06:43:00,2026-04-22 06:43:59,Q08,481.00,142.00,61.20,68.30,90.50,26.60,16.71,479.70,148.20,60.90,70.90,87.10,27.40,20.03,477.60,134.60,54.20,63.90,86.00,29.40,18.86,479.43,141.60,176.30,203.10,87.87,27.80,55.60
2026-04-22 06:44:00,2026-04-22 06:44:59,Q08,481.10,143.70,61.90,68.80,91.00,25.40,16.37,480.10,148.40,61.80,71.00,87.40,26.00,19.97,478.00,137.90,55.90,65.50,86.40,27.30,18.69,479.73,143.33,179.60,205.30,88.27,26.23,55.03
2026-04-22 06:45:00,2026-04-22 06:45:59,Q08,479.40,147.70,63.70,70.40,91.20,26.50,16.80,480.50,154.10,63.50,73.90,87.70,26.20,20.46,478.50,140.50,56.80,66.90,86.80,28.70,19.11,479.47,147.43,184.00,211.20,88.57,27.13,56.37
2026-04-22 06:46:00,2026-04-22 06:46:59,Q08,480.00,141.00,60.30,67.70,90.10,23.80,16.57,480.40,140.90,57.00,67.20,85.60,26.40,20.06,478.60,128.00,52.50,61.20,86.10,28.00,17.71,479.67,136.63,169.80,196.10,87.27,26.07,54.34
2026-04-22 06:47:00,2026-04-22 06:47:59,Q08,480.30,141.50,59.00,67.70,88.80,26.70,17.63,480.80,141.00,57.60,67.70,86.40,28.20,19.49,478.80,134.50,55.00,64.10,86.10,29.60,18.49,479.97,139.00,171.60,199.50,87.10,28.17,55.60
2026-04-22 06:48:00,2026-04-22 06:48:59,Q08,480.50,153.70,66.40,73.40,91.30,25.60,17.34,480.10,157.00,65.20,75.40,87.70,26.30,20.69,479.70,144.90,59.20,69.00,87.80,27.70,18.80,480.10,151.87,190.80,217.80,88.93,26.53,56.83
2026-04-22 06:49:00,2026-04-22 06:49:59,Q08,480.80,120.20,49.60,57.60,87.20,27.60,16.03,480.70,121.50,47.00,58.10,81.60,29.70,19.26,478.20,111.00,42.90,53.10,81.80,31.70,17.14,479.90,117.57,139.50,168.80,83.53,29.67,52.43
2026-04-22 06:50:00,2026-04-22 06:50:59,Q08,478.40,138.50,57.80,66.00,89.60,23.90,16.94,478.60,139.90,56.10,66.40,85.40,24.90,19.77,478.60,127.90,51.60,60.70,86.60,25.90,17.34,478.53,135.43,165.50,193.10,87.20,24.90,54.06
2026-04-22 06:51:00,2026-04-22 06:51:59,Q08,479.40,128.80,54.30,61.30,89.20,23.60,16.29,477.40,133.00,54.20,63.40,86.00,23.40,18.94,477.40,123.50,49.30,58.70,85.00,25.50,17.94,478.07,128.43,157.80,183.40,86.73,24.17,53.17
2026-04-22 06:52:00,2026-04-22 06:52:59,Q08,479.30,116.80,48.40,55.60,88.90,23.30,15.03,477.60,122.90,48.10,58.20,83.40,23.40,18.94,477.60,107.90,41.80,51.00,82.20,25.80,17.17,478.17,115.87,138.30,164.80,84.83,24.17,51.14
2026-04-22 06:53:00,2026-04-22 06:53:59,Q08,479.00,131.00,56.40,62.70,91.80,22.90,14.23,477.30,136.80,55.00,64.90,86.50,23.80,18.83,477.10,119.50,47.60,56.80,85.80,26.20,16.74,477.80,129.10,159.00,184.40,88.03,24.30,49.80
2026-04-22 06:54:00,2026-04-22 06:54:59,Q08,478.70,125.40,53.70,59.80,91.20,23.20,14.57,477.20,132.00,52.70,63.00,85.90,23.90,18.60,477.40,116.40,47.30,55.30,86.00,26.00,16.26,477.77,124.60,153.70,178.10,87.70,24.37,49.43
2026-04-22 06:55:00,2026-04-22 06:55:59,Q08,478.80,133.50,56.70,63.60,90.40,23.60,15.74,478.20,135.20,56.30,64.50,88.00,25.00,17.86,476.00,127.70,52.20,60.50,87.20,25.90,17.17,477.67,132.13,165.20,188.60,88.53,24.83,50.77
2026-04-22 06:56:00,2026-04-22 06:56:59,Q08,478.80,129.30,54.90,61.70,90.90,23.30,15.03,477.20,131.50,53.30,62.50,86.50,25.00,18.40,476.50,120.40,49.00,57.10,86.70,26.70,16.46,477.50,127.07,157.20,181.30,88.03,25.00,49.89
2026-04-22 06:57:00,2026-04-22 06:57:59,Q08,477.60,134.00,57.30,63.90,91.20,23.20,15.09,477.50,136.50,55.70,64.90,87.00,23.80,18.43,477.00,122.40,50.50,58.20,87.20,26.20,16.49,477.37,130.97,163.50,187.00,88.47,24.40,50.00
2026-04-22 06:58:00,2026-04-22 06:58:59,Q08,478.30,133.90,57.30,63.60,91.00,23.60,15.37,477.00,133.70,54.20,63.40,86.70,24.50,18.57,476.70,121.60,49.60,57.60,87.50,26.00,16.29,477.33,129.73,161.10,184.60,88.40,24.70,50.23
2026-04-22 06:59:00,2026-04-22 06:59:59,Q08,478.90,130.70,55.80,62.10,90.00,23.60,15.69,477.80,133.20,54.80,63.40,87.30,25.30,17.77,476.00,124.30,50.70,59.00,86.90,25.80,16.83,477.57,129.40,161.30,184.50,88.07,24.90,50.29
2026-04-22 07:00:00,2026-04-22 07:00:59,Q08,477.00,135.60,57.60,64.40,90.90,23.70,15.71,477.30,135.50,55.00,64.40,86.70,24.80,18.83,477.20,125.00,51.30,59.60,87.60,26.60,16.51,477.17,132.03,163.90,188.40,88.40,25.03,51.06
2026-04-22 07:01:00,2026-04-22 07:01:59,Q08,476.90,134.80,57.30,63.80,91.00,21.70,15.40,477.30,135.60,55.00,64.40,86.80,23.80,18.71,477.40,123.20,50.50,58.70,87.20,24.40,16.66,477.20,131.20,162.80,186.90,88.33,23.30,50.77
2026-04-22 07:02:00,2026-04-22 07:02:59,Q08,477.00,135.50,58.20,64.40,91.40,23.90,15.31,477.10,137.20,56.50,65.30,87.40,24.50,18.54,477.50,124.90,51.30,59.10,87.70,25.70,16.60,477.20,132.53,166.00,188.80,88.83,24.70,50.46
2026-04-22 07:03:00,2026-04-22 07:03:59,Q08,476.80,128.20,53.40,60.90,89.00,23.40,16.23,477.00,127.00,51.60,60.60,86.30,25.80,17.71,477.20,120.70,49.60,57.20,87.00,25.40,16.34,477.00,125.30,154.60,178.70,87.43,24.87,50.29
2026-04-22 07:04:00,2026-04-22 07:04:59,Q08,477.90,134.80,57.30,63.90,91.40,24.10,15.20,476.30,137.40,56.50,65.20,87.40,24.80,18.71,476.50,123.70,50.50,58.50,87.10,25.60,17.03,476.90,131.97,164.30,187.60,88.63,24.83,50.94
2026-04-22 07:05:00,2026-04-22 07:05:59,Q08,476.70,137.80,59.20,65.20,91.60,23.60,15.06,477.90,141.20,58.30,67.30,87.80,23.20,18.69,475.60,127.60,51.60,60.30,86.90,25.70,17.31,476.73,135.53,169.10,192.80,88.77,24.17,51.06
2026-04-22 07:06:00,2026-04-22 07:06:59,Q08,477.30,134.20,57.30,63.90,91.40,24.20,15.17,478.00,137.90,56.50,65.50,87.30,24.10,18.57,475.30,123.80,50.50,58.40,87.40,26.40,16.69,476.87,131.97,164.30,187.80,88.70,24.90,50.43
2026-04-22 07:07:00,2026-04-22 07:07:59,Q08,478.00,130.10,55.20,62.10,89.20,27.90,16.06,478.10,132.80,54.20,63.10,86.10,29.20,18.11,478.30,124.70,50.70,59.30,86.30,31.00,16.77,478.13,129.20,160.10,184.50,87.20,29.37,50.94
2026-04-22 07:08:00,2026-04-22 07:08:59,Q08,479.30,132.40,56.70,63.20,90.40,28.50,15.49,477.40,136.80,55.00,64.90,86.20,29.10,19.03,476.90,122.60,49.30,58.10,85.50,30.70,17.46,477.87,130.60,161.00,186.20,87.37,29.43,51.97
2026-04-22 07:09:00,2026-04-22 07:09:59,Q08,479.40,133.70,56.70,63.70,90.70,28.20,15.46,477.60,136.30,55.00,64.90,86.30,28.90,19.00,478.10,124.10,50.70,59.30,86.20,29.90,17.11,478.37,131.37,162.40,187.90,87.73,29.00,51.57
2026-04-22 07:10:00,2026-04-22 07:10:59,Q08,479.10,135.70,57.60,64.70,90.50,28.00,15.94,477.00,136.60,55.00,64.90,86.30,29.10,18.94,477.20,124.10,51.30,59.10,87.10,30.80,16.77,477.77,132.13,163.90,188.70,87.97,29.30,51.66
2026-04-22 07:11:00,2026-04-22 07:11:59,Q08,478.60,131.40,55.20,62.60,89.70,27.30,15.97,477.10,133.90,54.20,63.40,86.80,28.40,18.14,477.80,125.20,50.70,59.60,86.40,28.20,17.14,477.83,130.17,160.10,185.60,87.63,27.97,51.26
2026-04-22 07:12:00,2026-04-22 07:12:59,Q08,479.10,139.00,60.10,66.60,91.40,27.40,15.49,477.50,142.50,58.30,67.70,87.20,26.80,19.23,478.00,128.20,52.50,61.20,86.70,29.50,17.46,478.20,136.57,170.90,195.50,88.43,27.90,52.17
2026-04-22 07:13:00,2026-04-22 07:13:59,Q08,478.50,128.00,54.30,61.20,89.70,26.60,15.34,479.40,130.10,52.70,62.30,85.40,28.70,18.49,477.20,118.90,47.60,56.30,85.30,31.00,16.69,478.37,125.67,154.60,179.80,86.80,28.77,50.51
2026-04-22 07:14:00,2026-04-22 07:14:59,Q08,478.20,139.30,59.40,66.40,90.20,27.00,16.60,479.00,142.90,58.50,68.00,86.10,27.20,19.94,477.20,131.00,53.30,62.50,86.00,30.30,18.11,478.13,137.73,171.20,196.90,87.43,28.17,54.66
2026-04-22 07:15:00,2026-04-22 07:15:59,Q08,479.00,135.00,57.00,64.70,89.70,26.20,16.46,478.20,139.40,56.80,66.40,86.50,25.80,19.20,478.00,127.70,51.00,60.70,85.60,27.60,18.17,478.40,134.03,164.80,191.80,87.27,26.53,53.83
2026-04-22 07:16:00,2026-04-22 07:16:59,Q08,478.20,142.40,60.30,67.90,90.20,26.80,16.91,478.30,144.40,58.50,68.80,86.10,27.10,20.26,478.00,132.80,54.20,63.10,86.30,29.50,18.20,478.17,139.87,173.00,199.80,87.53,27.80,55.37
2026-04-22 07:17:00,2026-04-22 07:17:59,Q08,479.50,139.00,59.40,66.60,90.40,24.80,16.26,478.00,143.40,58.50,68.40,86.20,24.30,19.89,477.20,129.60,51.80,61.50,85.70,26.90,18.11,478.23,137.33,169.70,196.50,87.43,25.33,54.26
2026-04-22 07:18:00,2026-04-22 07:18:59,Q08,478.50,135.10,57.00,64.50,89.90,28.20,16.34,479.20,141.10,58.30,67.50,87.00,27.50,19.29,477.00,131.20,52.70,62.50,85.00,29.20,18.86,478.23,135.80,168.00,194.50,87.30,28.30,54.49
2026-04-22 07:19:00,2026-04-22 07:19:59,Q08,478.30,127.10,51.60,60.70,86.80,28.30,17.29,479.40,126.50,51.00,60.40,85.70,29.40,18.00,476.80,124.80,49.60,59.00,84.90,28.80,17.94,478.17,126.13,152.20,180.10,85.80,28.83,53.23
2026-04-22 07:20:00,2026-04-22 07:20:59,Q08,478.00,133.90,56.10,63.60,89.50,27.40,16.57,479.40,140.00,57.60,67.10,86.80,27.20,19.20,476.60,130.90,51.20,61.90,84.90,28.60,18.86,478.00,134.93,164.90,192.60,87.07,27.73,54.63
2026-04-22 07:21:00,2026-04-22 07:21:59,Q08,478.50,136.90,58.50,65.00,90.10,27.60,16.26,477.60,142.90,57.60,67.70,86.90,27.20,19.46,478.00,129.90,51.80,61.70,85.10,28.70,18.74,478.03,136.57,167.90,194.40,87.37,27.83,54.46
2026-04-22 07:22:00,2026-04-22 07:22:59,Q08,479.30,131.70,55.20,62.70,89.00,27.50,16.69,478.80,135.80,55.00,64.50,86.10,28.00,18.97,476.60,126.20,50.20,60.00,85.30,29.40,18.09,478.23,131.23,160.40,187.20,86.80,28.30,53.74
2026-04-22 07:23:00,2026-04-22 07:23:59,Q08,478.40,135.10,56.30,64.50,88.80,27.00,17.09,479.00,138.00,56.80,66.10,86.80,27.90,18.80,478.50,131.60,52.70,62.60,85.70,28.40,18.49,478.63,134.90,165.80,193.20,87.10,27.77,54.37
2026-04-22 07:24:00,2026-04-22 07:24:59,Q08,479.20,134.90,57.60,64.20,90.60,27.40,15.94,478.50,142.80,57.60,67.90,86.70,26.90,19.74,478.90,128.90,51.80,61.20,85.10,29.40,18.63,478.87,135.53,167.00,193.30,87.47,27.90,54.31
2026-04-22 07:25:00,2026-04-22 07:25:59,Q08,479.80,137.10,57.80,65.60,89.70,26.00,16.69,478.60,140.50,56.10,66.90,85.80,26.80,19.80,478.50,128.00,51.80,61.20,85.50,28.30,18.17,478.97,135.20,165.70,193.70,87.00,27.03,54.66
2026-04-22 07:26:00,2026-04-22 07:26:59,Q08,479.80,128.70,54.30,61.30,89.80,28.40,15.54,478.60,134.10,55.70,64.10,87.20,29.00,17.94,478.70,124.50,50.20,59.30,85.60,30.50,17.51,479.03,129.10,160.20,184.70,87.53,29.30,51.00
2026-04-22 07:27:00,2026-04-22 07:27:59,Q08,479.90,133.00,55.40,63.70,88.80,28.90,16.71,478.60,135.90,56.30,64.50,88.30,30.00,17.29,477.80,132.70,53.30,63.00,86.80,29.60,17.89,478.77,133.87,165.00,191.20,87.97,29.50,51.89
2026-04-22 07:28:00,2026-04-22 07:28:59,Q08,479.00,131.20,55.20,62.70,89.30,27.80,16.00,478.60,132.80,54.20,63.10,86.80,28.40,18.09,479.30,125.10,50.20,59.90,85.70,28.90,17.49,478.97,129.70,159.60,185.70,87.27,28.37,51.57
2026-04-22 07:29:00,2026-04-22 07:29:59,Q08,479.10,133.70,56.10,63.70,89.60,27.60,16.29,479.80,136.50,56.50,65.10,87.90,27.50,17.89,477.60,129.90,52.50,61.50,86.50,28.60,17.83,478.83,133.37,165.10,190.30,88.00,27.90,52.00
2026-04-22 07:30:00,2026-04-22 07:30:59,Q08,479.20,130.90,55.20,62.30,89.40,26.40,16.14,479.80,131.80,53.90,62.70,87.50,27.70,17.57,477.50,126.50,51.60,60.10,86.80,28.80,17.14,478.83,129.73,160.70,185.10,87.90,27.63,50.86
2026-04-22 07:31:00,2026-04-22 07:31:59,Q08,480.00,133.00,56.10,63.80,89.00,30.00,16.49,478.00,135.70,56.30,64.50,88.00,30.60,17.54,478.00,130.00,53.30,62.10,86.30,30.50,17.94,478.67,132.90,165.70,190.40,87.77,30.37,51.97
2026-04-22 07:32:00,2026-04-22 07:32:59,Q08,479.30,135.10,57.60,64.70,90.60,27.90,15.66,478.00,136.60,56.50,65.00,87.90,28.50,18.11,478.60,129.50,52.50,61.70,86.70,29.30,17.54,478.63,133.73,166.60,191.40,88.40,28.57,51.31
2026-04-22 07:33:00,2026-04-22 07:33:59,Q08,479.10,140.30,60.30,67.10,90.40,29.30,16.49,478.10,143.30,59.80,68.40,88.20,29.60,18.69,478.70,134.20,55.00,64.10,86.90,30.30,18.31,478.63,139.27,175.10,199.60,88.50,29.73,53.49
2026-04-22 07:34:00,2026-04-22 07:34:59,Q08,479.10,129.80,54.30,61.80,89.60,28.50,15.80,479.50,134.30,55.70,64.20,87.50,29.30,17.83,477.30,125.10,50.20,59.60,85.80,29.80,17.71,478.63,129.73,160.20,185.60,87.63,29.20,51.34
2026-04-22 07:35:00,2026-04-22 07:35:59,Q08,478.80,137.00,58.50,65.50,90.60,28.90,16.00,478.90,135.70,55.70,64.50,87.90,29.40,18.51,477.80,131.50,53.30,62.50,86.90,30.00,17.80,478.50,134.73,167.50,192.50,88.47,29.43,52.31
2026-04-22 07:36:00,2026-04-22 07:36:59,Q08,478.50,131.60,55.80,62.60,90.00,28.00,15.89,478.70,135.00,55.00,64.50,86.80,28.90,18.40,478.50,126.20,51.60,60.20,86.30,30.20,17.26,478.57,130.93,162.40,187.30,87.70,29.03,51.54
2026-04-22 07:37:00,2026-04-22 07:37:59,Q08,479.80,136.80,58.50,65.10,90.10,28.60,16.14,478.80,139.00,57.40,66.40,87.60,29.40,18.37,477.90,130.00,53.30,62.00,86.60,29.90,17.71,478.83,135.27,169.20,193.50,88.10,29.30,52.23
2026-04-22 07:38:00,2026-04-22 07:38:59,Q08,478.90,129.20,54.30,61.70,89.00,28.90,16.03,478.30,129.00,53.10,61.70,87.10,29.50,17.46,478.70,125.00,50.70,59.80,86.20,29.10,17.14,478.63,127.73,158.10,183.20,87.43,29.17,50.63
2026-04-22 07:39:00,2026-04-22 07:39:59,Q08,478.90,137.00,58.50,65.50,90.40,27.00,16.09,478.90,138.20,56.50,66.00,87.20,28.70,18.57,479.30,128.70,53.10,61.30,87.00,29.30,17.31,479.03,134.63,168.10,192.80,88.20,28.33,51.97
2026-04-22 07:40:00,2026-04-22 07:40:59,Q08,478.40,127.10,53.40,60.70,89.70,28.90,15.57,478.30,129.70,52.50,61.70,86.00,29.70,18.20,478.60,119.10,48.20,56.90,86.00,30.70,16.66,478.43,125.30,154.10,179.30,87.23,29.77,50.43
2026-04-22 07:41:00,2026-04-22 07:41:59,Q08,478.60,132.70,56.70,63.10,90.10,26.90,16.00,477.80,136.00,55.00,64.90,86.90,29.00,18.40,478.30,126.20,51.60,60.20,86.80,30.10,17.14,478.23,131.63,163.30,188.20,87.93,28.67,51.54
2026-04-22 07:42:00,2026-04-22 07:42:59,Q08,479.90,123.50,51.00,58.90,88.40,29.10,15.97,478.60,127.30,51.60,60.70,86.80,30.70,17.29,477.20,122.50,49.30,58.20,85.50,30.30,17.23,478.57,124.43,151.90,177.80,86.90,30.03,50.49
2026-04-22 07:43:00,2026-04-22 07:43:59,Q08,478.40,129.10,54.30,61.70,89.10,29.60,15.91,479.40,129.50,52.50,61.80,86.10,30.20,18.09,478.40,121.70,48.50,57.80,85.60,31.80,17.11,478.73,126.77,155.30,181.30,86.93,30.53,51.11
2026-04-22 07:44:00,2026-04-22 07:44:59,Q08,478.80,128.70,53.70,61.20,88.90,29.70,16.09,479.80,130.90,53.30,62.30,86.00,30.20,18.09,478.40,122.90,49.30,58.30,85.80,32.10,17.03,479.00,127.50,156.30,181.80,86.90,30.67,51.20
2026-04-22 07:45:00,2026-04-22 07:45:59,Q08,479.50,130.50,55.20,62.30,89.80,27.80,15.66,478.60,132.90,54.20,63.10,86.70,28.00,18.09,478.20,122.40,49.90,58.30,86.10,29.50,17.06,478.77,128.60,159.30,183.70,87.53,28.43,50.80
2026-04-22 07:46:00,2026-04-22 07:46:59,Q08,479.60,136.20,58.50,65.10,90.10,26.90,16.46,479.10,144.10,58.50,69.00,86.80,27.10,19.60,477.60,130.20,52.70,62.00,85.50,28.80,18.63,478.77,136.83,169.70,196.10,87.47,27.60,54.69
2026-04-22 07:47:00,2026-04-22 07:47:59,Q08,478.60,138.60,57.20,66.00,88.80,27.30,17.40,479.60,136.60,55.20,65.10,85.70,28.70,19.46,478.60,130.40,53.30,62.10,86.30,29.60,17.83,478.93,135.20,165.70,193.20,86.93,28.53,54.69
2026-04-22 07:48:00,2026-04-22 07:48:59,Q08,479.30,133.80,56.10,63.70,89.30,26.90,16.54,479.00,137.20,55.90,65.60,86.30,26.90,19.23,479.50,127.30,50.40,60.80,84.90,28.50,18.46,479.27,132.77,162.40,190.10,86.83,27.43,54.23
2026-04-22 07:49:00,2026-04-22 07:49:59,Q08,480.20,136.60,57.80,65.30,89.50,26.70,16.71,479.20,140.20,58.30,67.10,87.20,26.90,19.00,477.90,131.90,52.70,62.50,85.60,27.20,18.63,479.10,136.23,168.80,194.90,87.43,26.93,54.34
2026-04-22 07:50:00,2026-04-22 07:50:59,Q08,479.40,133.60,55.40,63.70,88.60,28.30,17.14,478.20,134.60,54.40,64.10,85.90,29.60,19.06,478.70,127.10,51.00,60.70,85.70,29.50,17.94,478.77,131.77,160.80,188.50,86.73,29.13,54.14
2026-04-22 07:51:00,2026-04-22 07:51:59,Q08,479.70,135.80,57.00,64.70,89.40,27.10,16.66,478.20,140.60,56.80,66.90,86.70,26.90,19.11,478.00,131.30,52.70,62.60,85.30,28.10,18.57,478.63,135.90,166.50,194.20,87.13,27.37,54.34
2026-04-22 07:52:00,2026-04-22 07:52:59,Q08,478.40,135.20,56.30,64.50,88.90,27.70,17.06,479.90,139.00,56.80,66.60,86.40,28.80,19.20,478.00,131.40,52.70,62.60,85.20,29.70,18.66,478.77,135.20,165.80,193.70,86.83,28.73,54.91
2026-04-22 07:53:00,2026-04-22 07:53:59,Q08,479.80,137.20,57.20,65.60,88.80,27.10,17.20,478.30,136.20,55.20,65.00,85.60,28.10,19.43,478.40,128.90,51.80,61.20,85.70,28.90,18.03,478.83,134.10,164.20,191.80,86.70,28.03,54.66
2026-04-22 07:54:00,2026-04-22 07:54:59,Q08,478.50,134.20,57.00,64.10,89.40,29.00,16.54,479.60,139.50,56.80,66.60,86.70,28.90,19.14,478.30,129.60,51.80,61.70,85.10,29.90,18.63,478.80,134.43,165.60,192.40,87.07,29.27,54.31
2026-04-22 07:55:00,2026-04-22 07:55:59,Q08,478.50,136.50,57.80,65.00,89.20,25.70,16.91,478.80,139.40,56.80,66.40,86.90,26.80,18.91,478.10,132.20,53.50,63.10,85.90,27.30,18.40,478.47,136.03,168.10,194.50,87.33,26.60,54.23
2026-04-22 07:56:00,2026-04-22 07:56:59,Q08,479.10,137.60,57.20,65.60,88.90,28.00,17.23,478.20,142.00,57.60,67.90,86.50,28.70,19.31,477.40,131.10,52.70,62.50,85.30,28.60,18.77,478.23,136.90,167.50,196.00,86.90,28.43,55.31
2026-04-22 07:57:00,2026-04-22 07:57:59,Q08,479.80,137.90,57.80,65.60,89.50,26.10,16.80,478.60,140.60,57.40,66.90,87.00,25.70,19.09,478.50,132.00,53.50,63.10,85.80,26.40,18.51,478.97,136.83,168.70,195.60,87.43,26.07,54.40
2026-04-22 07:58:00,2026-04-22 07:58:59,Q08,480.20,133.70,56.10,63.80,89.00,29.90,16.57,478.70,134.30,55.70,64.10,87.90,30.40,17.51,478.10,129.50,52.50,61.70,86.70,31.00,17.71,479.00,132.50,164.30,189.60,87.87,30.43,51.80
2026-04-22 07:59:00,2026-04-22 07:59:59,Q08,478.90,130.80,55.20,62.10,89.70,27.00,15.94,480.20,134.00,55.70,64.30,87.20,28.70,17.89,478.00,124.90,50.70,59.30,86.60,29.30,17.17,479.03,129.90,161.60,185.70,87.83,28.33,51.00
2026-04-22 08:00:00,2026-04-22 08:00:59,Q08,478.40,141.10,60.30,67.40,90.50,27.70,16.43,478.80,144.30,59.20,68.80,87.90,27.10,18.77,479.10,134.20,55.70,64.20,87.40,28.90,17.77,478.77,139.87,175.20,200.40,88.60,27.90,52.97
2026-04-22 08:01:00,2026-04-22 08:01:59,Q08,478.30,134.30,57.00,64.10,89.70,27.30,16.34,479.30,138.30,56.80,66.10,86.60,28.50,18.66,479.10,127.10,51.60,60.80,86.60,29.40,17.31,478.90,133.23,165.40,191.00,87.63,28.40,52.31
2026-04-22 08:02:00,2026-04-22 08:02:59,Q08,478.40,132.30,55.40,63.10,88.80,29.60,16.60,479.50,134.30,55.70,64.20,87.50,31.00,17.63,478.80,128.90,52.50,61.20,86.60,30.30,17.54,478.90,131.83,163.60,188.50,87.63,30.30,51.77
2026-04-22 08:03:00,2026-04-22 08:03:59,Q08,478.60,131.90,55.20,62.60,89.40,27.60,16.03,479.80,130.70,53.30,62.30,86.90,28.10,17.71,478.20,124.30,50.70,59.30,86.90,28.30,16.69,478.87,128.97,159.20,184.20,87.73,28.00,50.43
2026-04-22 08:04:00,2026-04-22 08:04:59,Q08,478.50,113.40,46.40,54.00,86.90,31.80,15.37,479.70,116.50,45.70,55.60,83.90,31.30,17.29,478.40,109.10,42.60,52.10,82.60,33.30,16.74,478.87,113.00,134.70,161.70,84.47,32.13,49.40
2026-04-22 08:05:00,2026-04-22 08:05:59,Q08,478.60,129.50,54.30,61.70,89.40,27.80,15.86,478.40,130.60,53.30,62.10,86.60,28.90,17.91,478.80,121.80,49.00,57.80,86.10,29.60,16.97,478.60,127.30,156.60,181.60,87.37,28.77,50.74
2026-04-22 08:06:00,2026-04-22 08:06:59,Q08,479.10,130.20,54.60,62.30,88.40,29.30,16.77,479.60,130.80,53.90,62.30,87.90,29.90,17.26,478.10,129.90,52.50,61.70,86.50,28.90,17.71,478.93,130.30,161.00,186.30,87.60,29.37,51.74
2026-04-22 08:07:00,2026-04-22 08:07:59,Q08,479.70,127.60,54.00,60.80,90.00,28.40,15.29,478.90,131.90,53.30,62.60,86.80,28.60,17.91,477.70,119.40,47.60,56.80,85.90,30.20,16.97,478.77,126.30,154.90,180.20,87.57,29.07,50.17
2026-04-22 08:08:00,2026-04-22 08:08:59,Q08,479.10,135.60,57.60,64.70,90.40,28.00,16.00,479.70,138.20,57.40,66.10,87.80,28.20,18.34,477.50,131.60,53.30,62.50,86.70,28.80,17.69,478.77,135.13,168.30,193.30,88.30,28.33,52.03
2026-04-22 08:09:00,2026-04-22 08:09:59,Q08,478.90,127.80,54.00,60.70,90.00,27.70,15.43,478.30,131.10,53.30,62.60,86.30,28.10,18.11,478.80,120.50,49.00,57.40,86.20,29.10,16.63,478.67,126.47,156.30,180.70,87.50,28.30,50.17
2026-04-22 08:10:00,2026-04-22 08:10:59,Q08,478.20,129.80,53.70,61.70,88.50,29.10,16.51,479.10,131.50,53.90,62.70,87.70,29.40,17.26,478.40,127.90,51.60,60.70,86.20,29.30,17.66,478.57,129.73,159.20,185.10,87.47,29.27,51.43
2026-04-22 08:11:00,2026-04-22 08:11:59,Q08,477.90,125.30,51.90,59.60,88.80,28.00,15.97,479.30,126.00,51.60,60.40,86.20,29.90,17.49,477.60,120.30,49.00,57.20,86.40,30.00,16.46,478.27,123.87,152.50,177.20,87.13,29.30,49.91
2026-04-22 08:12:00,2026-04-22 08:12:59,Q08,478.20,131.70,55.20,62.60,89.20,28.00,16.31,477.80,131.80,53.30,62.50,86.80,29.10,17.94,478.50,127.40,51.60,60.70,86.90,29.50,16.91,478.17,130.30,160.10,185.80,87.63,28.87,51.17
2026-04-22 08:13:00,2026-04-22 08:13:59,Q08,478.50,130.20,55.20,62.10,89.50,28.50,15.80,479.60,132.40,54.20,63.20,86.80,29.40,17.89,477.00,124.20,50.70,59.10,86.10,30.10,17.06,478.37,128.93,160.10,184.40,87.47,29.33,50.74
2026-04-22 08:14:00,2026-04-22 08:14:59,Q08,478.40,132.90,55.40,63.10,88.60,28.40,16.69,479.40,132.20,54.80,63.20,87.50,29.40,17.34,477.30,126.70,51.60,60.10,86.80,29.70,17.26,478.37,130.60,161.80,186.40,87.63,29.17,51.29
2026-04-22 08:15:00,2026-04-22 08:15:59,Q08,477.50,130.10,55.20,62.00,89.80,26.00,15.69,477.00,129.00,52.50,61.50,86.90,27.20,17.66,476.70,118.90,48.70,56.20,87.10,27.20,16.37,477.07,126.00,156.40,179.70,87.93,26.80,49.71
2026-04-22 08:16:00,2026-04-22 08:16:59,Q08,477.00,132.60,56.40,63.00,91.00,24.10,15.11,476.60,134.80,54.80,63.80,87.50,24.80,18.06,477.10,124.10,51.30,59.10,87.00,25.30,16.77,476.90,130.50,162.50,185.90,88.50,24.73,49.94
2026-04-22 08:17:00,2026-04-22 08:17:59,Q08,477.40,133.70,56.70,63.40,90.90,24.60,15.66,477.70,136.60,56.30,64.90,88.20,25.60,17.91,475.50,128.40,52.20,60.80,87.90,25.30,16.91,476.87,132.90,165.20,189.10,89.00,25.17,50.49
2026-04-22 08:18:00,2026-04-22 08:18:59,Q08,477.60,133.10,55.40,63.40,88.30,23.90,17.06,476.20,130.70,52.50,61.90,86.60,25.50,18.17,476.70,126.30,50.70,60.00,86.10,24.80,17.71,476.83,130.03,158.60,185.30,87.00,24.73,52.94
2026-04-22 08:19:00,2026-04-22 08:19:59,Q08,477.70,133.40,56.70,63.40,90.20,23.40,16.14,476.20,138.00,56.50,65.70,87.20,24.40,18.77,475.80,128.00,51.60,60.80,86.30,25.20,17.89,476.57,133.13,164.80,189.90,87.90,24.33,52.80
2026-04-22 08:20:00,2026-04-22 08:20:59,Q08,477.20,138.60,58.50,65.80,90.20,23.30,16.71,477.60,141.60,58.30,67.30,87.60,23.90,19.11,475.90,132.80,53.30,62.70,86.60,24.00,18.37,476.90,137.67,170.10,195.80,88.13,23.73,54.20
2026-04-22 08:21:00,2026-04-22 08:21:59,Q08,476.90,138.50,57.80,65.70,89.60,22.90,17.17,477.70,139.40,57.40,66.30,87.30,24.50,18.66,475.50,132.30,53.90,62.70,87.60,24.50,17.60,476.70,136.73,169.10,194.70,88.17,23.97,53.43
2026-04-22 08:22:00,2026-04-22 08:22:59,Q08,476.20,134.80,55.40,63.80,88.50,23.10,17.46,477.10,133.60,54.20,63.40,86.70,25.90,18.37,476.50,129.60,53.10,61.40,87.20,25.00,17.37,476.60,132.67,162.70,188.60,87.47,24.67,53.20
2026-04-22 08:23:00,2026-04-22 08:23:59,Q08,478.00,144.80,61.90,68.80,91.00,22.50,16.69,476.60,148.00,61.60,70.40,88.20,22.80,19.29,476.50,138.60,56.50,65.70,87.80,24.30,18.14,477.03,143.80,180.00,204.90,89.00,23.20,54.11
2026-04-22 08:24:00,2026-04-22 08:24:59,Q08,478.00,138.20,57.80,66.00,89.80,22.50,16.77,476.90,136.30,55.00,64.70,86.50,23.80,19.09,477.30,127.00,51.60,60.60,86.90,23.70,17.46,477.40,133.83,164.40,191.30,87.73,23.33,53.31
2026-04-22 08:25:00,2026-04-22 08:25:59,Q08,478.40,139.90,59.40,66.40,90.10,21.90,17.03,477.00,143.00,59.20,68.20,87.90,23.40,19.06,476.60,134.90,54.80,63.80,87.10,23.60,18.40,477.33,139.27,173.40,198.40,88.37,22.97,54.49
2026-04-22 08:26:00,2026-04-22 08:26:59,Q08,478.10,134.10,56.30,64.10,88.30,22.90,17.43,479.30,133.60,54.80,63.70,87.60,24.00,17.77,477.10,131.20,53.30,62.50,86.90,23.70,17.91,478.17,132.97,164.40,190.30,87.60,23.53,53.11
2026-04-22 08:27:00,2026-04-22 08:27:59,Q08,477.70,138.70,57.80,65.80,89.80,21.40,16.91,478.80,141.50,58.30,67.40,87.70,23.10,18.69,478.00,131.90,53.90,62.60,87.00,23.20,18.11,478.17,137.37,170.00,195.80,88.17,22.57,53.71
2026-04-22 08:28:00,2026-04-22 08:28:59,Q08,477.80,133.70,56.10,63.40,89.70,21.60,16.54,478.40,134.60,55.70,64.10,87.10,23.50,18.54,478.50,128.10,52.50,61.20,86.70,23.90,17.66,478.23,132.13,164.30,188.70,87.83,23.00,52.74
2026-04-22 08:29:00,2026-04-22 08:29:59,Q08,478.90,138.50,57.80,66.00,89.30,22.90,17.06,479.30,140.30,58.30,67.10,87.50,23.10,18.54,477.20,132.90,53.30,63.00,86.90,23.80,18.03,478.47,137.23,169.40,196.10,87.90,23.27,53.63
2026-04-22 08:30:00,2026-04-22 08:30:59,Q08,478.00,130.20,55.20,62.10,89.70,23.60,16.00,477.60,130.30,53.90,62.00,87.20,25.00,17.69,477.70,124.30,51.30,59.10,87.20,24.30,16.71,477.77,128.27,160.40,183.20,88.03,24.30,50.40
2026-04-22 08:31:00,2026-04-22 08:31:59,Q08,478.80,138.90,58.50,66.00,90.70,27.80,16.11,479.30,142.90,59.20,68.00,87.70,28.50,18.54,477.70,132.00,53.90,63.00,87.60,28.90,17.23,478.60,137.93,171.60,197.00,88.67,28.40,51.89
2026-04-22 08:32:00,2026-04-22 08:32:59,Q08,480.00,135.40,57.60,64.80,90.30,27.50,15.86,479.00,138.60,57.40,66.10,87.00,27.80,18.51,477.90,126.60,51.60,60.10,86.60,28.90,17.26,478.97,133.53,166.60,191.00,87.97,28.07,51.63
2026-04-22 08:33:00,2026-04-22 08:33:59,Q08,480.00,127.10,53.40,61.00,89.80,28.80,15.63,479.00,130.30,53.30,62.30,86.50,29.20,18.17,478.00,121.10,49.00,57.80,86.20,29.80,16.89,479.00,126.17,155.70,181.10,87.50,29.27,50.69
2026-04-22 08:34:00,2026-04-22 08:34:59,Q08,480.10,133.40,56.10,63.80,89.30,26.90,16.54,478.70,132.70,54.80,63.10,87.60,29.30,17.57,478.90,127.60,52.20,60.70,87.60,28.80,16.89,479.23,131.23,163.10,187.60,88.17,28.33,51.00
2026-04-22 08:35:00,2026-04-22 08:35:59,Q08,478.90,141.80,60.30,67.40,90.80,27.50,16.26,480.30,142.90,59.80,68.20,88.20,27.90,18.57,478.60,134.90,55.70,64.10,87.80,29.60,17.51,479.27,139.87,175.80,199.70,88.93,28.33,52.34
2026-04-22 08:36:00,2026-04-22 08:36:59,Q08,479.60,136.80,58.50,65.10,90.90,25.90,15.83,480.00,139.30,57.40,66.70,87.90,27.40,18.23,477.90,128.80,53.10,61.10,87.90,27.70,16.89,479.17,134.97,169.00,192.90,88.90,27.00,50.94
2026-04-22 08:37:00,2026-04-22 08:37:59,Q08,480.60,141.90,61.00,67.70,91.10,26.80,15.97,479.50,144.10,59.20,69.00,87.90,28.60,18.83,478.40,132.40,54.80,63.10,87.80,29.00,17.34,479.50,139.47,175.00,199.80,88.93,28.13,52.14
2026-04-22 08:38:00,2026-04-22 08:38:59,Q08,479.60,136.70,58.50,65.10,90.10,27.00,16.26,478.60,134.30,55.70,64.10,87.50,28.00,18.03,479.40,129.40,53.10,61.80,87.80,28.50,16.77,479.20,133.47,167.30,191.00,88.47,27.83,51.06
2026-04-22 08:39:00,2026-04-22 08:39:59,Q08,478.70,143.80,61.90,68.40,91.30,26.60,16.17,479.00,144.00,59.20,69.00,87.60,27.50,19.09,479.50,133.50,55.40,63.70,88.40,29.30,16.97,479.07,140.43,176.50,201.10,89.10,27.80,52.23
2026-04-22 08:40:00,2026-04-22 08:40:59,Q08,478.50,140.70,60.10,66.90,91.00,25.70,16.23,479.00,140.40,58.30,67.10,87.90,28.20,18.54,478.70,130.60,54.60,62.10,88.50,28.20,16.91,478.73,137.23,173.00,196.10,89.13,27.37,51.69
2026-04-22 08:41:00,2026-04-22 08:41:59,Q08,478.60,143.10,61.20,68.40,90.60,26.80,16.49,479.50,144.10,59.80,69.00,88.10,26.90,18.46,478.90,134.40,56.30,64.10,88.30,28.30,17.14,479.00,140.53,177.30,201.50,89.00,27.33,52.09
2026-04-22 08:42:00,2026-04-22 08:42:59,Q08,478.40,135.80,56.30,64.50,88.50,28.70,17.26,479.40,133.00,54.80,63.70,87.30,30.70,17.49,478.50,127.90,52.80,60.70,88.30,30.50,16.57,478.77,132.23,163.90,188.90,88.03,29.97,51.31
2026-04-22 08:43:00,2026-04-22 08:43:59,Q08,478.50,144.60,61.20,68.80,90.60,27.70,16.63,479.20,142.60,59.80,68.00,88.10,28.70,18.51,479.40,136.10,57.20,65.10,88.60,29.20,17.14,479.03,141.10,178.20,201.90,89.10,28.53,52.29
2026-04-22 08:44:00,2026-04-22 08:44:59,Q08,480.00,139.00,59.40,66.70,90.50,27.60,16.34,478.60,140.20,57.40,66.90,87.60,28.30,18.57,478.90,131.50,53.90,62.60,87.70,29.00,17.26,479.17,136.90,170.70,196.20,88.60,28.30,52.17
2026-04-22 08:45:00,2026-04-22 08:45:59,Q08,478.50,133.90,56.10,63.60,89.80,27.60,16.34,478.60,132.80,54.20,63.10,86.20,29.20,18.57,479.40,123.00,50.50,58.90,87.50,29.60,16.46,478.83,129.90,160.80,185.60,87.83,28.80,51.37
2026-04-22 08:46:00,2026-04-22 08:46:59,Q08,478.20,136.10,57.80,65.00,89.00,28.70,16.91,479.90,135.70,55.70,64.70,87.70,30.40,17.71,478.50,131.10,53.90,62.60,87.50,29.40,17.31,478.87,134.30,167.40,192.30,88.07,29.50,51.94
2026-04-22 08:47:00,2026-04-22 08:47:59,Q08,479.40,126.00,53.40,60.40,89.00,27.70,15.97,478.40,126.30,50.40,60.20,84.80,29.00,18.40,479.50,117.60,48.20,56.00,86.00,30.10,16.29,479.10,123.30,152.00,176.60,86.60,28.93,50.66
2026-04-22 08:48:00,2026-04-22 08:48:59,Q08,480.20,143.70,61.90,68.60,91.00,27.80,16.37,478.90,146.80,60.70,69.80,88.40,28.50,18.69,478.10,136.80,57.20,65.00,88.20,29.00,17.57,479.07,142.43,179.80,203.40,89.20,28.43,52.63
2026-04-22 08:49:00,2026-04-22 08:49:59,Q08,478.50,121.70,49.60,57.80,87.60,28.90,15.91,479.90,118.60,46.50,56.50,83.90,30.50,17.60,479.30,113.00,45.90,54.10,85.30,30.80,15.83,479.23,117.77,142.00,168.40,85.60,30.07,49.34
2026-04-22 08:50:00,2026-04-22 08:50:59,Q08,479.40,125.70,51.30,59.90,87.90,28.90,16.51,478.50,123.10,49.90,58.80,86.20,29.20,17.26,479.20,119.00,49.00,57.00,86.40,29.00,16.60,479.03,122.60,150.20,175.70,86.83,29.03,50.37
2026-04-22 08:51:00,2026-04-22 08:51:59,Q08,480.10,112.40,45.60,53.80,86.20,27.30,15.71,478.80,116.70,44.50,55.40,81.60,27.00,18.54,478.30,105.50,40.00,50.20,80.30,28.90,17.31,479.07,111.53,130.10,159.40,82.70,27.73,51.57
2026-04-22 08:52:00,2026-04-22 08:52:59,Q08,478.60,147.20,62.30,70.30,89.40,26.20,18.03,479.50,144.30,59.20,69.00,87.40,27.50,19.26,478.20,139.10,58.10,66.40,88.00,27.70,18.03,478.77,143.53,179.60,205.70,88.27,27.13,55.31
2026-04-22 08:53:00,2026-04-22 08:53:59,Q08,479.30,143.40,61.20,68.50,90.60,25.00,17.00,479.50,145.40,60.00,69.50,87.50,25.70,19.57,477.70,134.70,54.80,63.90,87.50,25.70,18.17,478.83,141.17,176.00,201.90,88.53,25.47,54.74
2026-04-22 08:54:00,2026-04-22 08:54:59,Q08,478.90,132.00,54.80,63.10,87.80,27.30,17.17,478.10,133.20,53.50,63.60,85.40,28.30,18.60,479.00,123.60,49.30,58.90,85.30,28.60,17.71,478.67,129.60,157.60,185.60,86.17,28.07,53.49
2026-04-22 08:55:00,2026-04-22 08:55:59,Q08,479.50,122.50,50.50,58.40,87.30,28.80,16.86,478.10,122.70,48.10,58.30,83.40,28.10,18.83,478.70,115.50,45.40,55.00,84.40,29.60,17.00,478.77,120.23,144.00,171.70,85.03,28.83,52.69
2026-04-22 08:56:00,2026-04-22 08:56:59,Q08,478.70,137.90,56.50,65.50,87.80,26.10,18.06,479.30,138.10,56.80,66.10,86.40,27.30,18.86,479.60,132.80,54.20,63.20,86.10,26.40,18.46,479.20,136.27,167.50,194.80,86.77,26.60,55.37
2026-04-22 08:57:00,2026-04-22 08:57:59,Q08,480.20,141.20,59.00,67.70,88.90,26.30,17.43,479.50,142.90,59.20,68.00,87.30,27.30,18.60,478.10,132.60,54.20,63.10,86.70,27.20,18.17,479.27,138.90,172.40,198.80,87.63,26.93,54.20
2026-04-22 08:58:00,2026-04-22 08:58:59,Q08,479.50,129.80,53.10,61.80,87.00,27.60,17.46,479.00,124.50,49.00,59.40,83.50,28.90,18.94,479.90,118.90,47.60,56.50,85.20,28.90,17.06,479.47,124.40,149.70,177.70,85.23,28.47,53.46
2026-04-22 08:59:00,2026-04-22 08:59:59,Q08,479.80,121.80,49.60,58.00,87.70,27.10,16.26,479.10,124.20,49.00,59.40,83.60,28.10,18.89,480.20,115.00,45.70,55.20,83.30,28.80,17.43,479.70,120.33,144.30,172.60,84.87,28.00,52.57
2026-04-22 09:00:00,2026-04-22 09:00:59,Q08,479.50,131.30,54.60,62.70,88.30,28.10,17.11,478.80,131.60,52.70,62.60,85.20,29.00,18.97,479.80,124.60,50.20,59.40,85.60,29.20,17.63,479.37,129.17,157.50,184.70,86.37,28.77,53.71
2026-04-22 09:01:00,2026-04-22 09:01:59,Q08,479.40,118.60,47.60,56.50,85.80,27.10,17.31,478.70,118.50,46.50,56.40,83.80,28.60,18.03,479.80,115.20,46.20,55.10,84.30,28.50,17.20,479.30,117.43,140.30,168.00,84.63,28.07,52.54
2026-04-22 09:02:00,2026-04-22 09:02:59,Q08,479.30,142.60,60.50,68.00,89.40,25.30,17.40,479.60,141.90,57.60,67.50,86.90,27.60,19.46,478.60,134.80,55.00,64.10,86.50,27.30,18.49,479.17,139.77,173.10,199.60,87.60,26.73,55.34
2026-04-22 09:03:00,2026-04-22 09:03:59,Q08,478.40,135.60,56.30,64.50,88.90,25.70,17.11,480.20,136.30,55.90,65.30,86.00,27.90,19.11,478.80,128.00,52.50,61.20,86.10,27.30,17.89,479.13,133.30,164.70,191.00,87.00,26.97,54.11
2026-04-22 09:04:00,2026-04-22 09:04:59,Q08,479.20,146.90,62.10,69.90,90.10,26.00,17.51,478.90,149.20,61.80,71.20,87.00,27.60,20.09,480.00,137.30,56.50,65.80,87.20,28.20,18.43,479.37,144.47,180.40,206.90,88.10,27.27,56.03
2026-04-22 09:05:00,2026-04-22 09:05:59,Q08,479.40,135.00,56.30,64.70,88.20,25.40,17.54,480.60,134.60,55.00,64.30,86.30,28.00,18.71,478.40,130.00,53.30,62.10,86.20,27.70,18.03,479.47,133.20,164.60,191.10,86.90,27.03,54.29
2026-04-22 09:06:00,2026-04-22 09:06:59,Q08,479.00,143.20,60.50,68.50,89.30,26.30,17.77,480.10,143.90,59.20,68.60,87.10,27.10,19.54,477.90,138.20,55.90,65.80,86.80,28.00,18.69,479.00,141.77,175.60,202.90,87.73,27.13,56.00
2026-04-22 09:07:00,2026-04-22 09:07:59,Q08,479.90,133.70,56.70,63.70,90.10,27.50,15.86,478.50,134.60,55.00,64.10,86.70,28.10,18.43,478.70,124.20,50.70,59.30,86.70,29.40,16.94,479.03,130.83,162.40,187.10,87.83,28.33,51.23
2026-04-22 09:08:00,2026-04-22 09:08:59,Q08,478.60,141.10,60.30,67.40,90.30,26.80,16.51,478.10,139.10,57.40,66.40,87.60,27.70,18.57,479.30,132.70,54.80,63.20,87.70,28.10,17.31,478.67,137.63,172.50,197.00,88.53,27.53,52.40
2026-04-22 09:09:00,2026-04-22 09:09:59,Q08,478.10,132.00,55.40,63.10,88.60,28.40,16.77,479.60,130.10,53.90,62.30,87.50,30.00,17.26,478.30,126.60,52.20,60.20,87.40,28.80,16.89,478.67,129.57,161.50,185.60,87.83,29.07,50.91
2026-04-22 09:10:00,2026-04-22 09:10:59,Q08,479.40,142.10,61.20,68.00,90.10,29.20,16.60,478.50,140.20,57.40,66.90,87.50,29.60,18.49,477.70,133.00,54.80,63.40,87.80,30.30,17.26,478.53,138.43,173.40,198.30,88.47,29.70,52.34
2026-04-22 09:11:00,2026-04-22 09:11:59,Q08,478.30,135.00,57.60,64.50,90.00,26.20,16.00,479.40,135.00,55.00,64.70,86.90,28.00,18.17,478.90,126.00,52.20,60.20,87.30,28.60,16.66,478.87,132.00,164.80,189.40,88.07,27.60,50.83
2026-04-22 09:12:00,2026-04-22 09:12:59,Q08,478.80,142.70,61.00,67.90,91.10,26.80,16.23,479.00,143.20,59.20,68.50,87.50,28.20,19.06,477.50,132.70,54.60,63.00,88.40,29.20,16.91,478.43,139.53,174.80,199.40,89.00,28.07,52.20
2026-04-22 09:13:00,2026-04-22 09:13:59,Q08,478.20,133.60,56.10,63.60,89.60,26.60,16.23,479.00,132.20,54.20,63.20,86.60,28.70,18.06,478.50,124.30,51.30,59.30,87.30,28.90,16.54,478.57,130.03,161.60,186.10,87.83,28.07,50.83
2026-04-22 09:14:00,2026-04-22 09:14:59,Q08,478.10,142.70,60.30,67.90,90.20,27.10,17.00,479.60,138.60,57.40,66.10,87.00,28.80,18.83,478.50,133.00,55.40,63.60,88.70,29.30,16.66,478.73,138.10,173.10,197.60,88.63,28.40,52.49
2026-04-22 09:15:00,2026-04-22 09:15:59,Q08,479.30,136.90,57.80,65.10,89.10,26.10,17.17,481.20,132.40,54.20,63.50,86.40,28.20,18.34,480.90,127.00,52.80,61.00,88.20,27.60,16.43,480.47,132.10,164.80,189.60,87.90,27.30,51.94
2026-04-22 09:16:00,2026-04-22 09:16:59,Q08,479.90,138.00,58.10,66.10,88.30,27.60,17.89,481.80,131.80,54.20,63.00,86.20,30.10,18.23,481.70,129.00,54.60,62.00,88.50,27.90,16.46,481.13,132.93,166.90,191.10,87.67,28.53,52.57
2026-04-22 09:17:00,2026-04-22 09:17:59,Q08,481.10,134.20,55.70,64.50,87.50,27.60,18.06,482.20,129.30,53.30,62.20,86.70,29.10,17.60,481.50,130.50,54.60,62.50,88.20,28.10,16.69,481.60,131.33,163.60,189.20,87.47,28.27,52.34
2026-04-22 09:18:00,2026-04-22 09:18:59,Q08,481.40,143.50,60.50,68.80,89.60,27.70,17.51,480.80,137.60,56.50,65.80,87.60,29.10,18.43,482.50,131.40,55.40,63.10,88.80,28.30,16.94,481.57,137.50,172.40,197.70,88.67,28.37,52.89
2026-04-22 09:19:00,2026-04-22 09:19:59,Q08,481.90,138.10,58.70,66.40,89.70,26.50,16.74,481.80,133.10,54.20,64.00,86.90,27.40,18.26,481.10,127.10,53.70,61.10,88.10,27.10,16.57,481.60,132.77,166.60,191.50,88.23,27.00,51.57
2026-04-22 09:20:00,2026-04-22 09:20:59,Q08,481.90,143.40,60.50,68.80,89.40,27.40,17.51,480.60,135.90,55.00,64.80,86.60,29.00,18.69,481.00,130.80,54.60,62.50,88.90,29.00,16.40,481.17,136.70,170.10,196.10,88.30,28.47,52.60
2026-04-22 09:21:00,2026-04-22 09:21:59,Q08,478.00,137.80,57.80,65.50,89.10,26.60,17.26,476.70,132.00,53.90,62.80,87.10,27.50,17.71,478.00,128.20,54.30,61.20,89.10,27.50,16.06,477.57,132.67,166.00,189.50,88.43,27.20,51.03
2026-04-22 09:22:00,2026-04-22 09:22:59,Q08,476.40,147.20,61.40,70.00,89.70,27.40,17.80,478.10,141.00,58.30,67.40,87.70,28.40,18.54,477.90,137.00,57.80,65.30,89.40,27.80,16.74,477.47,141.73,177.50,202.70,88.93,27.87,53.09
2026-04-22 09:23:00,2026-04-22 09:23:59,Q08,477.00,143.10,61.20,68.20,90.20,25.50,17.06,476.40,136.60,55.70,64.70,87.40,28.20,18.31,478.50,132.00,56.10,63.10,89.60,26.80,16.00,477.30,137.23,173.00,196.00,89.07,26.83,51.37
2026-04-22 09:24:00,2026-04-22 09:24:59,Q08,477.00,145.90,61.40,69.20,89.50,27.00,17.86,476.50,138.50,56.50,65.70,87.40,29.00,18.40,478.70,134.80,57.00,64.10,89.80,28.30,16.23,477.40,139.73,174.90,199.00,88.90,28.10,52.49
2026-04-22 09:25:00,2026-04-22 09:25:59,Q08,477.10,143.00,59.80,68.20,88.90,26.60,18.06,477.30,134.70,55.40,63.90,88.00,29.10,17.57,477.20,134.70,56.10,63.90,89.80,27.50,16.31,477.20,137.47,171.30,196.00,88.90,27.73,51.94
2026-04-22 09:26:00,2026-04-22 09:26:59,Q08,477.90,148.40,62.30,70.60,89.40,27.20,18.17,478.40,139.30,57.40,66.40,87.90,29.20,18.17,478.20,138.20,58.50,66.00,90.10,26.80,16.40,478.17,141.97,178.20,203.00,89.13,27.73,52.74
2026-04-22 09:27:00,2026-04-22 09:27:59,Q08,480.70,146.30,61.60,70.10,88.60,25.70,18.54,481.20,139.20,56.80,66.90,86.10,27.70,19.37,482.20,134.20,56.30,64.60,88.40,26.10,17.26,481.37,139.90,174.70,201.60,87.70,26.50,55.17
2026-04-22 09:28:00,2026-04-22 09:28:59,Q08,480.20,149.20,63.90,71.50,90.30,22.20,17.91,480.20,145.30,60.70,69.60,88.00,24.20,19.34,479.80,141.00,59.60,67.50,89.10,22.60,17.66,480.07,145.17,184.20,208.60,89.13,23.00,54.91
2026-04-22 09:29:00,2026-04-22 09:29:59,Q08,479.30,142.00,59.80,68.00,88.40,22.10,18.63,480.80,135.10,55.70,64.80,87.10,24.50,18.43,479.70,135.20,57.00,64.70,89.10,22.20,16.97,479.93,137.43,172.50,197.50,88.20,22.93,54.03
2026-04-22 09:30:00,2026-04-22 09:30:59,Q08,479.70,148.60,62.30,70.90,89.90,22.70,18.17,480.30,143.40,59.20,68.60,87.80,23.70,19.17,479.20,140.40,59.60,67.10,89.30,22.80,17.43,479.73,144.13,181.10,206.60,89.00,23.07,54.77
2026-04-22 09:31:00,2026-04-22 09:31:59,Q08,478.80,145.50,61.40,69.30,89.90,21.30,17.60,479.30,141.90,58.30,67.50,87.30,21.70,19.20,480.80,134.40,56.30,64.30,88.50,21.50,17.34,479.63,140.60,176.00,201.10,88.57,21.50,54.14
2026-04-22 09:32:00,2026-04-22 09:32:59,Q08,478.80,147.10,63.00,70.30,90.00,23.10,17.83,479.20,143.20,59.20,68.50,87.70,24.30,19.20,480.80,136.80,57.20,65.30,88.80,22.30,17.57,479.60,142.37,179.40,204.10,88.83,23.23,54.60
2026-04-22 09:33:00,2026-04-22 09:33:59,Q08,479.10,152.70,64.10,72.80,89.30,21.20,19.09,480.50,144.00,60.70,69.10,88.60,23.40,18.60,480.90,145.50,62.10,69.60,90.20,20.80,17.40,480.17,147.40,186.90,211.50,89.37,21.80,55.09
2026-04-22 09:34:00,2026-04-22 09:34:59,Q08,479.20,128.80,53.10,61.30,87.20,22.30,17.31,479.90,122.30,48.70,58.40,84.70,23.50,18.17,481.40,118.20,48.20,56.80,86.20,22.00,16.71,480.17,123.10,150.00,176.50,86.03,22.60,52.20
2026-04-22 09:35:00,2026-04-22 09:35:59,Q08,479.20,146.40,62.10,69.90,90.40,21.70,17.69,480.80,145.90,60.70,69.60,88.10,22.90,19.31,480.30,137.90,57.20,65.80,88.80,21.70,17.77,480.10,143.40,180.00,205.30,89.10,22.10,54.77
2026-04-22 09:36:00,2026-04-22 09:36:59,Q08,480.20,133.60,56.10,63.80,89.10,23.90,17.37,479.80,131.50,53.30,62.70,86.50,24.90,18.77,480.20,128.40,53.10,61.40,87.50,23.60,17.23,480.07,131.17,162.50,187.90,87.70,24.13,53.37
2026-04-22 09:37:00,2026-04-22 09:37:59,Q08,479.40,130.10,53.90,62.30,87.20,21.90,17.54,480.30,126.50,51.00,60.50,85.60,22.70,17.86,480.30,123.00,50.70,59.00,86.80,22.00,16.83,480.00,126.53,155.60,181.80,86.53,22.20,52.23
2026-04-22 09:38:00,2026-04-22 09:38:59,Q08,478.70,154.90,65.00,73.60,89.90,22.40,18.77,479.30,147.30,61.60,70.40,88.30,23.60,19.26,481.20,145.30,61.40,69.70,89.90,22.20,17.60,479.73,149.17,188.00,213.70,89.37,22.73,55.63
2026-04-22 09:39:00,2026-04-22 09:39:59,Q08,479.60,116.00,47.80,55.60,87.10,24.60,15.74,480.90,112.80,44.50,53.80,84.10,25.60,16.80,480.10,107.90,43.30,51.40,85.50,25.10,15.43,480.20,112.23,135.60,160.80,85.57,25.10,47.97
2026-04-22 09:40:00,2026-04-22 09:40:59,Q08,479.10,128.00,53.70,61.30,88.30,25.50,16.86,480.80,125.30,51.60,60.00,86.50,27.30,17.29,479.70,119.90,49.60,57.00,87.90,25.00,16.03,479.87,124.40,154.90,178.30,87.57,25.93,50.17
2026-04-22 09:41:00,2026-04-22 09:41:59,Q08,479.40,135.50,55.70,64.70,87.60,23.10,18.00,481.30,130.30,53.90,62.50,87.10,24.60,17.71,480.30,130.50,53.90,62.40,87.60,22.90,17.43,480.33,132.10,163.50,189.60,87.43,23.53,53.14
2026-04-22 09:42:00,2026-04-22 09:42:59,Q08,480.80,140.50,59.60,67.20,89.10,23.00,17.86,480.00,137.10,56.50,65.80,87.20,23.60,18.74,480.00,132.00,55.40,63.40,88.00,22.30,17.54,480.27,136.53,171.50,196.40,88.10,22.97,54.14
2026-04-22 09:43:00,2026-04-22 09:43:59,Q08,479.40,138.10,58.10,66.10,88.90,21.00,17.83,480.90,134.40,55.00,64.30,86.70,23.40,18.69,479.80,131.10,54.60,62.70,88.40,22.20,17.00,480.03,134.53,167.70,193.10,88.00,22.20,53.51
2026-04-22 09:44:00,2026-04-22 09:44:59,Q08,479.00,144.30,60.50,69.00,89.00,22.00,18.23,480.80,138.70,57.40,66.20,87.30,23.80,18.77,479.90,135.40,56.30,64.70,88.50,21.90,17.46,479.90,139.47,174.20,199.90,88.27,22.57,54.46
2026-04-22 09:45:00,2026-04-22 09:45:59,Q08,478.50,137.30,56.50,65.50,87.70,22.70,18.40,479.90,131.70,53.30,62.70,86.90,24.50,18.06,480.60,132.40,55.40,63.40,88.20,23.00,17.17,479.67,133.80,165.20,191.60,87.60,23.40,53.63
2026-04-22 09:46:00,2026-04-22 09:46:59,Q08,479.40,145.50,61.40,69.50,89.90,21.20,17.91,480.00,144.30,60.00,69.10,87.80,23.40,19.09,479.70,137.50,57.20,65.60,88.80,22.00,17.60,479.70,142.43,178.60,204.20,88.83,22.20,54.60
2026-04-22 09:47:00,2026-04-22 09:47:59,Q08,479.30,140.10,59.60,67.10,89.30,22.20,17.71,480.10,137.90,56.50,65.80,87.20,23.90,18.83,481.00,133.80,55.40,64.00,88.10,22.70,17.46,480.13,137.27,171.50,196.90,88.20,22.93,54.00
2026-04-22 09:48:00,2026-04-22 09:48:59,Q08,478.90,143.40,59.20,68.40,87.80,22.80,19.03,480.60,136.20,56.50,65.30,87.20,25.20,18.43,480.10,136.10,57.20,65.30,88.70,22.60,17.46,479.87,138.57,172.90,199.00,87.90,23.53,54.91
2026-04-22 09:49:00,2026-04-22 09:49:59,Q08,480.30,142.50,59.20,68.20,87.10,24.80,19.23,481.60,134.50,55.70,64.50,87.40,26.10,18.03,480.70,136.20,57.20,65.30,88.30,23.70,17.83,480.87,137.73,172.10,198.00,87.60,24.87,55.09
2026-04-22 09:50:00,2026-04-22 09:50:59,Q08,480.20,147.80,61.60,70.60,88.10,26.30,19.20,481.60,141.40,58.30,67.80,87.00,28.20,19.09,480.50,141.30,59.00,67.70,88.30,26.20,18.00,480.77,143.50,178.90,206.10,87.80,26.90,56.29
2026-04-22 09:51:00,2026-04-22 09:51:59,Q08,479.90,145.00,60.70,69.50,88.40,27.00,18.60,481.30,136.90,55.90,65.40,86.70,28.30,18.94,482.10,135.10,57.20,65.10,88.20,26.20,17.57,481.10,139.00,173.80,200.00,87.77,27.17,55.11
2026-04-22 09:52:00,2026-04-22 09:52:59,Q08,480.30,148.60,62.50,71.00,88.10,25.50,19.34,479.90,139.50,56.80,66.60,86.70,28.30,18.97,482.30,139.90,58.70,67.00,89.20,25.90,17.17,480.83,142.67,178.00,204.60,88.00,26.57,55.49
2026-04-22 09:53:00,2026-04-22 09:53:59,Q08,479.50,138.80,57.40,66.10,87.80,27.60,18.31,480.70,128.60,53.10,61.40,87.90,30.30,17.03,481.90,133.90,56.10,64.00,89.40,27.10,16.46,480.70,133.77,166.60,191.50,88.37,28.33,51.80
2026-04-22 09:54:00,2026-04-22 09:54:59,Q08,480.00,144.40,61.40,69.10,89.50,27.00,17.69,481.80,139.10,57.40,66.90,87.90,28.80,18.17,481.50,136.90,57.80,65.40,89.10,27.40,16.94,481.10,140.13,176.60,201.40,88.83,27.73,52.80
2026-04-22 09:55:00,2026-04-22 09:55:59,Q08,480.60,141.20,59.00,67.70,88.50,28.50,18.31,481.50,136.20,56.50,65.40,87.40,30.20,17.97,480.80,135.50,57.00,64.80,89.40,28.20,16.57,480.97,137.63,172.50,197.90,88.43,28.97,52.86
2026-04-22 09:56:00,2026-04-22 09:56:59,Q08,480.80,146.80,63.00,70.10,90.30,25.30,17.37,480.00,139.20,57.40,66.70,87.50,27.60,18.66,481.90,135.30,57.00,64.90,89.90,27.10,16.11,480.90,140.43,177.40,201.70,89.23,26.67,52.14
2026-04-22 09:57:00,2026-04-22 09:57:59,Q08,480.00,147.00,62.30,70.60,89.00,26.80,18.49,480.90,141.00,59.00,67.70,88.70,27.90,17.77,482.00,142.00,60.50,68.40,89.90,26.20,17.03,480.97,143.33,181.80,206.70,89.20,26.97,53.29
2026-04-22 09:58:00,2026-04-22 09:58:59,Q08,481.00,142.80,60.50,68.30,89.40,25.40,17.69,481.60,135.80,55.70,64.90,87.00,28.80,18.31,481.20,132.60,56.10,63.50,89.60,27.30,16.11,481.27,137.07,172.30,196.70,88.67,27.17,52.11
2026-04-22 09:59:00,2026-04-22 09:59:59,Q08,481.30,151.40,64.10,72.60,89.80,26.80,18.29,482.00,144.40,60.70,69.40,88.40,28.80,18.46,481.00,141.50,60.30,67.80,90.00,26.70,16.94,481.43,145.77,185.10,209.80,89.40,27.43,53.69
2026-04-22 10:00:00,2026-04-22 10:00:59,Q08,479.30,144.90,60.50,69.00,89.60,24.70,17.89,481.40,137.60,56.50,65.90,87.80,27.70,18.26,481.40,137.20,57.80,65.90,89.80,26.30,16.49,480.70,139.90,174.80,200.80,89.07,26.23,52.63
2026-04-22 10:01:00,2026-04-22 10:01:59,Q08,479.60,144.30,59.20,69.00,87.40,27.90,19.11,481.40,130.50,53.90,62.50,87.70,30.00,17.31,482.00,135.70,58.50,65.10,90.00,26.60,16.31,481.00,136.83,171.60,196.60,88.37,28.17,52.74
2026-04-22 10:02:00,2026-04-22 10:02:59,Q08,480.90,144.70,62.10,69.10,90.20,25.20,17.17,480.20,137.90,56.50,65.80,87.30,27.40,18.63,482.20,131.10,56.10,63.10,89.50,27.00,16.23,481.10,137.90,174.70,198.00,89.00,26.53,52.03
2026-04-22 10:03:00,2026-04-22 10:03:59,Q08,481.50,144.90,60.70,69.30,88.70,27.10,18.09,480.30,137.20,56.50,65.80,87.90,28.40,17.80,481.50,138.50,58.70,66.40,89.20,26.40,16.89,481.10,140.20,175.90,201.50,88.60,27.30,52.77
2026-04-22 10:04:00,2026-04-22 10:04:59,Q08,479.80,139.90,57.40,66.60,87.90,27.60,18.06,481.70,130.20,53.30,62.50,86.10,31.60,17.69,481.10,127.80,54.30,61.10,89.30,27.60,15.71,480.87,132.63,165.00,190.20,87.77,28.93,51.46
2026-04-22 10:05:00,2026-04-22 10:05:59,Q08,479.70,138.40,58.10,66.10,88.20,27.90,18.14,481.10,133.70,54.80,64.00,87.70,30.40,17.49,481.70,134.90,57.00,64.50,89.10,28.10,16.69,480.83,135.67,169.90,194.60,88.33,28.80,52.31
2026-04-22 10:06:00,2026-04-22 10:06:59,Q08,480.90,142.90,60.50,68.20,89.60,26.80,17.43,479.90,135.40,55.70,64.70,87.10,27.80,18.34,481.20,131.00,56.10,63.00,89.30,27.90,16.23,480.67,136.43,172.30,195.90,88.67,27.50,52.00
2026-04-22 10:07:00,2026-04-22 10:07:59,Q08,480.50,145.00,61.40,69.60,89.30,26.60,17.86,481.00,139.50,58.10,66.90,88.20,28.20,17.97,480.40,136.80,57.80,65.30,89.40,26.40,16.86,480.63,140.43,177.30,201.80,88.97,27.07,52.69
2026-04-22 10:08:00,2026-04-22 10:08:59,Q08,480.10,135.40,55.70,64.80,87.90,27.10,17.71,480.90,127.80,52.20,61.00,87.20,29.80,17.17,480.30,129.90,53.70,61.90,88.70,27.30,16.34,480.43,131.03,161.60,187.70,87.93,28.07,51.23
2026-04-22 10:09:00,2026-04-22 10:09:59,Q08,480.90,141.90,59.00,67.70,88.70,28.20,18.31,480.00,136.10,57.20,65.30,88.20,29.80,17.57,480.50,135.50,57.00,64.80,89.70,27.60,16.69,480.47,137.83,173.20,197.80,88.87,28.53,52.57
2026-04-22 10:10:00,2026-04-22 10:10:59,Q08,480.90,141.50,59.60,67.70,89.40,26.60,17.34,479.80,133.60,54.20,63.70,86.20,28.50,18.71,481.90,130.30,54.60,62.50,88.90,27.00,16.11,480.87,135.13,168.40,193.90,88.17,27.37,52.17
2026-04-22 10:11:00,2026-04-22 10:11:59,Q08,481.10,146.30,62.30,70.20,89.90,26.60,17.57,480.10,140.70,58.30,67.20,87.50,28.90,18.60,482.00,135.70,57.80,65.10,89.40,27.80,16.51,481.07,140.90,178.40,202.50,88.93,27.77,52.69
2026-04-22 10:12:00,2026-04-22 10:12:59,Q08,479.90,144.30,60.50,69.00,89.20,26.60,17.94,482.00,136.40,56.50,65.60,87.10,28.90,18.43,481.70,133.60,56.10,64.00,89.50,27.20,16.37,481.20,138.10,173.10,198.60,88.60,27.57,52.74
2026-04-22 10:13:00,2026-04-22 10:13:59,Q08,480.90,148.60,61.80,71.00,87.80,26.20,19.69,481.80,140.00,58.30,67.30,87.30,28.10,18.94,481.10,141.90,59.00,67.80,88.80,25.60,17.94,481.27,143.50,179.10,206.10,87.97,26.63,56.57
2026-04-22 10:14:00,2026-04-22 10:14:59,Q08,480.30,148.30,63.20,71.00,89.20,25.40,18.66,481.80,144.40,60.00,69.30,87.30,27.10,19.29,481.20,138.80,58.10,66.40,88.90,25.80,17.69,481.10,143.83,181.30,206.70,88.47,26.10,55.63
2026-04-22 10:15:00,2026-04-22 10:15:59,Q08,481.60,151.70,64.10,72.60,89.50,25.10,18.71,480.50,146.90,60.90,70.10,87.30,27.50,19.54,481.50,141.30,59.60,67.80,89.10,26.00,17.63,481.20,146.63,184.60,210.50,88.63,26.20,55.89
2026-04-22 10:16:00,2026-04-22 10:16:59,Q08,480.80,145.90,60.70,69.60,88.00,26.60,19.14,482.60,138.30,57.40,66.50,87.30,27.60,18.66,481.90,139.20,58.10,66.90,88.80,26.00,17.66,481.77,141.13,176.20,203.00,88.03,26.73,55.46
2026-04-22 10:17:00,2026-04-22 10:17:59,Q08,480.40,154.50,65.00,73.90,89.60,25.20,18.94,481.40,149.60,61.80,71.70,87.40,26.50,19.89,483.30,144.50,61.40,69.60,89.20,24.90,17.86,481.70,149.53,188.20,215.20,88.73,25.53,56.69
2026-04-22 10:18:00,2026-04-22 10:18:59,Q08,482.00,152.60,65.00,73.30,89.70,25.90,18.74,482.00,146.20,60.90,70.40,87.60,27.10,19.66,481.60,142.20,60.50,68.30,89.10,26.10,17.89,481.87,147.00,186.40,212.00,88.80,26.37,56.29
2026-04-22 10:19:00,2026-04-22 10:19:59,Q08,480.40,151.80,63.40,72.50,88.70,24.80,19.23,482.20,144.10,60.00,69.40,87.00,26.50,19.43,483.00,142.40,60.50,68.60,89.10,25.60,17.66,481.87,146.10,183.90,210.50,88.27,25.63,56.31
2026-04-22 10:20:00,2026-04-22 10:20:59,Q08,480.80,145.80,60.00,69.60,87.40,25.90,19.63,481.90,139.40,57.40,66.90,87.30,28.20,18.54,481.40,139.90,58.10,66.90,88.80,25.60,17.77,481.37,141.70,175.50,203.40,87.83,26.57,55.94
2026-04-22 10:21:00,2026-04-22 10:21:59,Q08,480.80,142.50,59.20,68.20,87.10,26.80,19.14,481.90,134.80,55.00,64.50,86.20,28.50,18.60,482.00,135.70,57.20,65.10,88.10,27.30,17.46,481.57,137.67,171.40,197.80,87.13,27.53,55.20
2026-04-22 10:22:00,2026-04-22 10:22:59,Q08,481.20,138.20,57.40,66.40,87.80,26.10,18.17,480.50,135.40,55.00,64.80,86.10,26.90,18.80,482.30,131.70,54.80,63.10,87.00,26.30,17.74,481.33,135.10,167.20,194.30,86.97,26.43,54.71
2026-04-22 10:23:00,2026-04-22 10:23:59,Q08,481.00,144.70,60.70,69.30,88.30,24.90,18.77,481.70,138.70,57.40,66.40,87.20,26.30,18.80,481.20,138.40,58.10,66.40,88.30,25.90,17.83,481.30,140.60,176.20,202.10,87.93,25.70,55.40
2026-04-22 10:24:00,2026-04-22 10:24:59,Q08,481.10,134.90,55.00,64.50,86.90,26.50,18.69,480.20,131.70,53.30,62.90,86.40,28.20,18.14,482.20,131.60,54.80,63.10,87.40,25.80,17.63,481.17,132.73,163.10,190.50,86.90,26.83,54.46
2026-04-22 10:25:00,2026-04-22 10:25:59,Q08,480.40,136.90,56.50,65.30,87.70,27.70,17.91,480.40,128.50,51.80,61.40,85.70,29.50,18.06,482.60,126.80,52.80,60.70,88.30,28.50,16.26,481.13,130.73,161.10,187.40,87.23,28.57,52.23
2026-04-22 10:26:00,2026-04-22 10:26:59,Q08,481.70,135.30,56.30,64.90,88.70,27.90,17.31,480.50,132.90,54.80,63.40,87.40,29.40,17.63,481.30,129.70,54.60,62.00,88.20,27.60,16.83,481.17,132.63,165.70,190.30,88.10,28.30,51.77
2026-04-22 10:27:00,2026-04-22 10:27:59,Q08,480.00,139.30,58.10,66.70,88.70,25.30,17.77,481.80,133.70,54.80,64.00,87.50,27.90,17.69,481.20,132.50,56.10,63.50,89.10,25.90,16.54,481.00,135.17,169.00,194.20,88.43,26.37,52.00
2026-04-22 10:28:00,2026-04-22 10:28:59,Q08,481.10,131.40,54.20,63.00,86.10,29.70,18.37,480.30,121.90,49.90,58.10,86.20,31.90,16.86,482.50,125.80,52.80,60.20,88.30,29.20,16.17,481.30,126.37,156.90,181.30,86.87,30.27,51.40
2026-04-22 10:29:00,2026-04-22 10:29:59,Q08,481.40,137.90,57.20,65.90,88.60,25.20,17.49,481.00,130.50,53.30,62.50,86.80,28.20,17.89,481.00,130.70,54.60,62.50,88.30,26.10,16.57,481.13,133.03,165.10,190.90,87.90,26.50,51.94
2026-04-22 10:30:00,2026-04-22 10:30:59,Q08,479.80,137.60,57.20,65.60,88.50,28.00,17.71,480.70,131.20,53.30,62.90,86.70,30.40,18.03,482.10,129.40,54.60,62.20,88.60,28.20,16.51,480.87,132.73,165.10,190.70,87.93,28.87,52.26
2026-04-22 10:32:00,2026-04-22 10:32:59,Q08,481.30,141.10,58.30,67.80,87.80,28.10,18.46,481.10,135.40,55.70,64.90,87.80,29.50,17.49,481.10,134.50,56.30,64.50,88.90,26.00,17.06,481.17,137.00,170.30,197.20,88.17,27.87,53.00
2026-04-22 10:33:00,2026-04-22 10:33:59,Q08,480.30,137.90,57.20,65.80,88.80,25.10,17.46,481.60,133.00,54.20,64.00,86.60,27.80,18.11,481.20,128.50,53.70,61.60,88.60,26.90,16.37,481.03,133.13,165.10,191.40,88.00,26.60,51.94
2026-04-22 10:34:00,2026-04-22 10:34:59,Q08,480.80,140.80,59.00,67.20,88.40,28.50,18.09,480.00,132.70,54.20,63.40,86.40,31.50,18.23,482.40,132.20,55.40,63.60,88.90,29.20,16.37,481.07,135.23,168.60,194.20,87.90,29.73,52.69
2026-04-22 10:35:00,2026-04-22 10:35:59,Q08,481.10,142.60,60.50,68.30,89.20,27.50,17.69,480.20,134.10,55.70,64.30,87.50,29.40,17.91,482.40,134.90,57.00,64.60,89.50,27.40,16.26,481.23,137.20,173.20,197.20,88.73,28.10,51.86
2026-04-22 10:36:00,2026-04-22 10:36:59,Q08,480.20,140.60,58.30,67.20,87.70,29.40,18.54,480.70,132.60,54.80,63.40,87.80,31.00,17.31,482.90,136.20,57.80,65.60,89.00,28.40,16.89,481.27,136.47,170.90,196.20,88.17,29.60,52.74
2026-04-22 10:37:00,2026-04-22 10:37:59,Q08,480.50,142.00,59.80,68.20,88.00,26.90,18.31,481.70,130.30,53.30,62.50,86.70,29.80,17.86,480.70,132.80,56.10,63.40,89.20,27.60,16.23,480.97,135.03,169.20,194.10,87.97,28.10,52.40
2026-04-22 10:38:00,2026-04-22 10:38:59,Q08,480.80,143.50,60.50,68.60,89.40,27.40,17.66,479.40,137.80,57.20,65.60,88.30,28.20,17.94,480.50,136.10,57.80,65.30,89.10,25.70,17.06,480.23,139.13,175.50,199.50,88.93,27.10,52.66
2026-04-22 10:39:00,2026-04-22 10:39:59,Q08,479.80,138.60,58.70,66.10,89.70,23.40,17.00,478.60,134.80,56.30,64.10,88.00,24.60,17.71,480.50,131.40,55.20,62.90,89.00,23.20,16.54,479.63,134.93,170.20,193.10,88.90,23.73,51.26
2026-04-22 10:40:00,2026-04-22 10:40:59,Q08,480.30,141.30,59.00,67.70,88.80,23.90,17.91,479.80,132.40,55.40,63.20,88.80,26.40,17.06,479.80,136.10,57.80,65.10,89.60,23.30,16.69,479.97,136.60,172.20,196.00,89.07,24.53,51.66
2026-04-22 10:41:00,2026-04-22 10:41:59,Q08,480.10,138.10,59.40,66.20,90.10,23.10,16.69,479.90,135.10,55.70,64.70,87.90,24.60,17.86,480.20,129.70,54.30,61.90,89.00,23.70,16.34,480.07,134.30,169.40,192.80,89.00,23.80,50.89
2026-04-22 10:42:00,2026-04-22 10:42:59,Q08,479.10,139.80,58.70,66.60,89.60,23.60,17.03,480.20,136.10,56.50,65.30,87.90,25.40,17.83,480.30,131.70,54.60,62.90,88.70,22.80,16.74,479.87,135.87,169.80,194.80,88.73,23.93,51.60
2026-04-22 10:43:00,2026-04-22 10:43:59,Q08,480.20,140.60,59.60,67.20,89.40,24.20,17.43,479.10,132.30,54.80,63.20,87.80,25.70,17.71,480.70,131.50,55.20,62.90,89.50,24.00,16.23,480.00,134.80,169.60,193.30,88.90,24.63,51.37
2026-04-22 10:44:00,2026-04-22 10:44:59,Q08,479.30,133.60,54.80,63.70,87.90,24.20,17.71,480.30,128.70,53.70,61.40,88.30,26.90,16.66,479.60,131.60,54.60,62.70,88.80,23.60,16.66,479.73,131.30,163.10,187.80,88.33,24.90,51.03
2026-04-22 10:45:00,2026-04-22 10:45:59,Q08,479.80,136.80,57.20,65.10,88.10,21.80,17.97,479.80,132.00,54.20,63.20,86.70,24.30,18.26,479.50,129.90,53.10,61.80,87.80,22.50,17.23,479.70,132.90,164.50,190.10,87.53,22.87,53.46
2026-04-22 10:46:00,2026-04-22 10:46:59,Q08,479.00,141.10,59.00,67.50,88.70,24.50,18.23,478.60,136.90,56.50,65.00,87.70,24.00,18.34,480.80,136.30,57.20,65.30,88.40,23.30,17.54,479.47,138.10,172.70,197.80,88.27,23.93,54.11
2026-04-22 10:47:00,2026-04-22 10:47:59,Q08,478.20,141.50,59.00,67.40,88.40,23.80,18.29,479.10,137.00,55.90,65.60,86.70,24.40,19.11,480.90,135.10,55.70,64.80,87.30,22.30,18.11,479.40,137.87,170.60,197.80,87.47,23.50,55.51
2026-04-22 10:48:00,2026-04-22 10:48:59,Q08,479.80,136.80,56.50,65.10,87.50,24.20,18.46,478.60,132.60,54.80,63.10,87.70,26.00,17.69,480.30,135.30,55.70,64.80,87.90,23.30,17.71,479.57,134.90,167.00,193.00,87.70,24.50,53.86
2026-04-22 10:49:00,2026-04-22 10:49:59,Q08,480.30,137.90,57.20,65.80,88.70,24.30,17.71,479.30,135.50,55.70,64.70,87.20,24.90,18.43,479.80,130.70,53.90,62.30,87.50,23.30,17.69,479.80,134.70,166.80,192.80,87.80,24.17,53.83
2026-04-22 10:50:00,2026-04-22 10:50:59,Q08,480.00,140.40,59.00,67.20,88.40,23.00,18.20,479.20,135.30,55.70,64.70,87.30,24.30,18.37,480.30,133.50,55.40,63.80,88.00,22.40,17.60,479.83,136.40,170.10,195.70,87.90,23.23,54.17
2026-04-22 10:51:00,2026-04-22 10:51:59,Q08,479.10,137.60,57.20,65.60,88.60,23.20,17.89,480.10,133.30,54.80,63.80,87.40,24.70,18.09,479.80,131.10,54.60,62.70,88.20,23.10,17.26,479.67,134.00,166.60,192.10,88.07,23.67,53.23
2026-04-22 10:52:00,2026-04-22 10:52:59,Q08,478.90,136.90,55.90,65.00,86.20,22.60,19.54,480.50,131.00,53.90,62.90,87.80,25.30,17.49,480.80,137.30,57.20,65.80,88.00,21.90,18.11,480.07,135.07,167.00,193.70,87.33,23.27,55.14
2026-04-22 10:53:00,2026-04-22 10:53:59,Q08,480.00,136.30,57.20,65.30,88.20,22.70,17.89,479.20,134.00,55.70,64.20,87.20,24.60,18.11,481.40,132.50,54.80,63.50,87.40,22.50,17.71,480.20,134.27,167.70,193.00,87.60,23.27,53.71
2026-04-22 10:54:00,2026-04-22 10:54:59,Q08,479.70,140.10,58.30,67.10,87.80,23.80,18.63,479.60,135.00,55.70,64.70,87.60,25.80,18.09,481.70,135.70,56.30,64.90,88.20,22.90,17.77,480.33,136.93,170.30,196.70,87.87,24.17,54.49
2026-04-22 10:55:00,2026-04-22 10:55:59,Q08,480.70,134.00,55.70,64.30,87.70,23.90,17.91,479.80,133.20,54.80,63.70,87.20,25.40,18.06,480.00,130.60,53.30,62.40,86.80,22.90,18.11,480.17,132.60,163.80,190.40,87.23,24.07,54.09
2026-04-22 10:56:00,2026-04-22 10:56:59,Q08,479.80,139.00,56.10,66.60,85.70,24.60,19.66,479.20,128.40,53.10,61.30,87.40,26.40,17.14,481.20,136.10,57.20,65.40,88.60,23.10,17.34,480.07,134.50,166.40,193.30,87.23,24.70,54.14
2026-04-22 10:57:00,2026-04-22 10:57:59,Q08,478.70,137.20,57.20,65.50,88.80,24.30,17.40,480.30,132.60,55.40,63.40,88.70,26.00,16.86,480.80,131.90,55.20,62.90,89.00,23.10,16.74,479.93,133.90,167.80,191.80,88.83,24.47,51.00
2026-04-22 10:58:00,2026-04-22 10:58:59,Q08,481.00,140.00,59.00,67.30,88.20,28.40,18.06,480.10,136.10,56.50,65.30,87.90,29.10,17.49,482.30,135.90,57.20,65.10,88.60,27.90,17.11,481.13,137.33,172.70,197.70,88.23,28.47,52.66
2026-04-22 10:59:00,2026-04-22 10:59:59,Q08,480.40,137.90,56.50,65.80,87.40,29.00,18.31,481.90,128.00,53.10,61.60,87.30,31.90,17.14,481.40,130.10,54.60,62.50,88.90,27.20,16.46,481.23,132.00,164.20,189.90,87.87,29.37,51.91
2026-04-22 11:00:00,2026-04-22 11:00:59,Q08,481.20,137.00,55.90,65.90,86.70,29.20,18.69,480.90,130.90,54.60,62.40,88.40,30.80,16.49,481.00,136.10,57.20,65.40,88.70,28.10,17.14,481.03,134.67,167.70,193.70,87.93,29.37,52.31
2026-04-22 11:01:00,2026-04-22 11:01:59,Q08,480.50,139.00,58.10,66.70,88.80,28.20,17.66,481.40,133.60,54.80,64.00,87.60,30.30,17.83,480.80,129.30,53.70,61.90,88.70,28.50,16.86,480.90,133.97,166.60,192.60,88.37,29.00,52.34
2026-04-22 11:02:00,2026-04-22 11:02:59,Q08,481.50,143.20,59.80,68.80,88.60,27.50,18.11,481.20,136.50,56.50,65.40,87.00,29.70,18.23,481.50,134.50,57.00,64.50,89.20,27.10,16.49,481.40,138.07,173.30,198.70,88.27,28.10,52.83
2026-04-22 11:03:00,2026-04-22 11:03:59,Q08,481.20,142.20,60.50,68.30,89.30,27.40,17.74,480.30,138.60,57.40,66.20,87.80,27.90,18.11,481.40,136.50,57.80,65.40,89.10,26.20,16.83,480.97,139.10,175.70,199.90,88.73,27.17,52.69
2026-04-22 11:04:00,2026-04-22 11:04:59,Q08,479.80,136.40,55.90,65.10,86.80,28.30,18.54,480.30,128.50,53.10,61.40,87.70,30.30,16.69,482.30,132.90,55.40,63.60,88.90,27.60,16.57,480.80,132.60,164.40,190.10,87.80,28.73,51.80
2026-04-22 11:05:00,2026-04-22 11:05:59,Q08,480.80,136.90,56.50,65.30,87.10,29.60,18.37,479.90,125.70,50.70,59.90,86.10,32.00,17.63,482.20,129.50,54.60,62.20,88.70,29.20,16.17,480.97,130.70,161.80,187.40,87.30,30.27,52.17
2026-04-22 11:06:00,2026-04-22 11:06:59,Q08,479.10,137.60,56.50,65.60,87.70,28.00,17.94,480.70,131.10,53.30,62.90,86.90,29.20,17.54,482.20,130.50,54.60,62.70,88.40,27.50,16.60,480.67,133.07,164.40,191.20,87.67,28.23,52.09
2026-04-22 11:07:00,2026-04-22 11:07:59,Q08,480.20,144.30,60.70,69.10,88.70,28.30,18.26,480.00,138.90,58.10,66.20,88.30,28.80,17.60,482.40,139.00,58.70,67.00,89.50,26.40,16.86,480.87,140.73,177.50,202.30,88.83,27.83,52.71
2026-04-22 11:08:00,2026-04-22 11:08:59,Q08,481.10,128.60,51.80,61.60,85.40,28.20,18.46,480.10,119.10,48.50,57.10,85.90,32.00,16.57,481.10,125.60,52.80,60.10,88.20,28.30,16.00,480.77,124.43,153.10,178.80,86.50,29.50,51.03
2026-04-22 11:09:00,2026-04-22 11:09:59,Q08,479.40,140.80,59.00,67.10,88.20,28.40,18.14,481.10,132.90,54.80,63.50,87.80,28.90,17.46,481.80,132.70,56.10,63.50,89.00,26.90,16.80,480.77,135.47,169.90,194.10,88.33,28.07,52.40
2026-04-22 11:10:00,2026-04-22 11:10:59,Q08,481.00,132.00,54.80,63.50,87.90,28.20,17.34,480.90,125.90,51.60,60.00,86.60,30.20,17.49,480.70,126.60,52.20,60.50,87.70,27.70,16.54,480.87,128.17,158.60,184.00,87.40,28.70,51.37
2026-04-22 11:11:00,2026-04-22 11:11:59,Q08,479.90,137.60,55.90,65.60,86.70,29.30,18.80,480.80,130.00,53.90,62.40,87.80,30.90,16.86,482.60,134.40,56.30,64.60,88.90,28.10,16.86,481.10,134.00,166.10,192.60,87.80,29.43,52.51
2026-04-22 11:12:00,2026-04-22 11:12:59,Q08,479.80,133.20,54.80,63.70,87.70,27.10,17.77,481.20,125.90,51.60,60.10,86.80,28.60,17.43,482.10,129.10,54.60,62.20,88.10,28.00,16.66,481.03,129.40,161.00,186.00,87.53,27.90,51.86
2026-04-22 11:13:00,2026-04-22 11:13:59,Q08,481.10,142.50,59.80,68.30,88.80,27.90,17.77,480.60,136.60,57.20,65.30,88.00,28.10,17.77,481.60,135.70,56.30,64.90,88.70,27.40,17.06,481.10,138.27,173.30,198.50,88.50,27.80,52.60
2026-04-22 11:14:00,2026-04-22 11:14:59,Q08,483.80,137.70,57.40,66.20,87.70,27.10,18.20,485.30,131.70,54.80,63.50,87.00,29.20,17.69,484.30,130.70,54.60,62.90,88.30,27.70,16.94,484.47,133.37,166.80,192.60,87.67,28.00,52.83
2026-04-22 11:15:00,2026-04-22 11:15:59,Q08,484.00,134.30,55.00,64.90,86.10,28.60,18.60,483.60,128.10,53.10,61.80,87.30,30.10,17.06,485.20,133.10,55.70,64.50,87.50,27.40,17.51,484.27,131.83,163.80,191.20,86.97,28.70,53.17
2026-04-22 11:16:00,2026-04-22 11:16:59,Q08,483.10,133.60,55.00,64.20,86.20,29.70,18.77,485.10,127.30,53.10,61.60,87.40,31.60,16.94,484.60,131.80,55.40,63.40,88.00,28.00,17.26,484.27,130.90,163.50,189.20,87.20,29.77,52.97
2026-04-22 11:17:00,2026-04-22 11:17:59,Q08,483.30,138.60,58.10,66.70,88.00,27.50,18.06,484.60,131.50,54.20,63.40,86.70,28.60,18.00,486.10,130.50,55.40,63.20,88.30,27.20,16.86,484.67,133.53,167.70,193.30,87.67,27.77,52.91
2026-04-22 11:18:00,2026-04-22 11:18:59,Q08,483.20,142.10,58.50,68.60,86.80,27.20,19.63,485.00,135.80,56.50,65.50,87.10,27.30,18.63,485.40,139.20,58.30,67.40,87.50,25.40,18.63,484.53,139.03,173.30,201.50,87.13,26.63,56.89
2026-04-22 11:19:00,2026-04-22 11:19:59,Q08,484.20,140.80,57.60,67.80,86.20,26.20,19.63,483.50,133.40,55.00,64.20,86.70,28.00,18.26,485.70,137.60,57.40,66.40,87.60,25.10,18.14,484.47,137.27,170.00,198.40,86.83,26.43,56.03
2026-04-22 11:20:00,2026-04-22 11:20:59,Q08,484.80,143.20,58.70,69.20,85.70,27.30,20.11,484.40,136.40,56.50,65.80,87.20,28.00,18.14,484.30,141.00,59.20,68.20,87.40,24.50,18.71,484.50,140.20,174.40,203.20,86.77,26.60,56.97
2026-04-22 11:21:00,2026-04-22 11:21:59,Q08,482.90,145.00,60.70,69.90,88.00,25.80,19.09,484.90,139.70,57.60,67.30,86.60,27.50,19.31,485.50,139.00,58.30,67.40,87.90,25.30,18.09,484.43,141.23,176.60,204.60,87.50,26.20,56.49
2026-04-22 11:22:00,2026-04-22 11:22:59,Q08,483.10,146.00,60.20,70.50,86.60,26.10,20.23,485.00,138.40,57.40,66.90,87.80,27.40,18.26,484.20,144.60,60.70,69.70,88.50,23.70,18.57,484.10,143.00,178.30,207.10,87.63,25.73,57.06
2026-04-22 11:23:00,2026-04-22 11:23:59,Q08,484.00,141.60,59.20,68.20,87.30,25.70,19.14,483.40,139.00,58.30,67.10,87.30,27.60,18.46,484.40,139.90,58.30,67.30,87.50,25.40,18.46,483.93,140.17,175.80,202.60,87.37,26.23,56.06
2026-04-22 11:24:00,2026-04-22 11:24:59,Q08,483.00,148.20,62.50,71.50,88.00,26.10,19.86,484.60,139.30,58.30,67.30,87.80,28.30,19.06,485.20,145.60,61.60,70.30,88.70,25.30,18.57,484.27,144.37,182.40,209.10,88.17,26.57,57.49
2026-04-22 11:25:00,2026-04-22 11:25:59,Q08,483.20,143.00,59.30,69.10,86.80,25.80,19.54,485.20,134.20,55.00,65.00,86.30,27.30,18.66,484.40,137.20,58.10,66.30,88.10,24.80,17.71,484.27,138.13,172.40,200.40,87.07,25.97,55.91
2026-04-22 11:26:00,2026-04-22 11:26:59,Q08,483.00,148.40,61.80,71.50,87.50,27.20,19.89,484.90,144.00,60.70,69.70,88.10,28.80,18.46,484.30,145.30,61.60,70.20,88.70,24.80,18.51,484.07,145.90,184.10,211.40,88.10,26.93,56.86
2026-04-22 11:27:00,2026-04-22 11:27:59,Q08,484.20,142.90,59.20,68.70,87.50,24.90,19.09,484.00,137.70,57.40,66.30,87.00,27.90,18.66,484.00,137.80,57.40,66.30,87.80,23.40,18.11,484.07,139.47,174.00,201.30,87.43,25.40,55.86
2026-04-22 11:28:00,2026-04-22 11:28:59,Q08,484.40,145.80,60.90,70.20,87.00,27.00,19.60,483.90,136.50,56.50,65.70,87.00,29.00,18.63,484.10,139.80,59.00,67.30,88.00,25.80,18.23,484.13,140.70,176.40,203.20,87.33,27.27,56.46
2026-04-22 11:29:00,2026-04-22 11:29:59,Q08,483.10,142.30,59.20,68.60,87.60,26.60,18.80,485.00,137.20,56.80,66.40,86.60,27.30,18.83,484.40,135.10,56.50,65.30,87.40,26.60,18.09,484.17,138.20,172.50,200.30,87.20,26.83,55.71
2026-04-22 11:30:00,2026-04-22 11:30:59,Q08,484.30,139.20,58.30,67.30,87.10,29.40,18.89,483.30,133.40,56.30,64.20,88.20,30.10,17.14,484.30,136.60,57.20,65.80,88.60,26.70,17.51,483.97,136.40,171.80,197.30,87.97,28.73,53.54
2026-04-22 11:31:00,2026-04-22 11:31:59,Q08,484.30,135.90,55.90,65.30,86.00,28.30,18.91,483.60,125.90,51.60,60.40,86.80,31.30,16.94,484.80,131.70,55.40,63.40,88.50,27.00,16.69,484.23,131.17,162.90,189.10,87.10,28.87,52.54
2026-04-22 11:32:00,2026-04-22 11:32:59,Q08,484.50,140.40,58.30,67.80,87.90,29.20,18.37,484.00,134.80,55.70,64.90,87.70,30.50,17.71,485.70,134.80,56.30,65.00,88.40,28.00,17.34,484.73,136.67,170.30,197.70,88.00,29.23,53.43
2026-04-22 11:33:00,2026-04-22 11:33:59,Q08,484.30,139.70,59.00,67.30,88.00,27.20,18.11,484.10,132.20,54.80,63.90,87.00,29.20,18.00,485.60,131.40,55.40,63.50,88.20,26.80,17.11,484.67,134.43,169.20,194.70,87.73,27.73,53.23
2026-04-22 11:34:00,2026-04-22 11:34:59,Q08,483.80,139.30,58.30,67.10,87.90,29.50,18.06,485.20,134.80,55.70,65.00,87.30,30.30,17.86,484.50,131.40,54.80,63.40,87.90,28.40,17.40,484.50,135.17,168.80,195.50,87.70,29.40,53.31
2026-04-22 11:35:00,2026-04-22 11:35:59,Q08,484.60,132.50,54.20,63.90,86.10,28.70,18.43,484.00,125.60,51.60,60.50,86.40,30.80,17.11,484.30,126.80,52.20,61.00,87.70,28.60,16.80,484.30,128.30,158.00,185.40,86.73,29.37,52.34
2026-04-22 11:36:00,2026-04-22 11:36:59,Q08,483.60,140.40,59.00,67.60,88.20,28.60,18.20,483.60,133.50,55.70,64.20,87.00,30.60,18.14,485.40,133.10,56.30,64.50,88.60,28.10,16.86,484.20,135.67,171.00,196.30,87.93,29.10,53.20
2026-04-22 11:37:00,2026-04-22 11:37:59,Q08,483.50,141.80,59.80,68.10,88.40,26.70,18.11,485.30,136.70,56.50,66.00,87.40,28.40,18.09,484.90,134.20,56.30,64.90,88.50,27.00,17.20,484.57,137.57,172.60,199.00,88.10,27.37,53.40
2026-04-22 11:38:00,2026-04-22 11:38:59,Q08,484.80,137.60,56.80,66.30,86.30,29.90,18.77,484.90,127.40,52.50,61.50,86.50,31.90,17.43,484.10,129.40,54.60,62.40,88.10,28.70,16.89,484.60,131.47,163.90,190.20,86.97,30.17,53.09
2026-04-22 11:39:00,2026-04-22 11:39:59,Q08,485.10,135.00,55.20,65.50,85.70,29.30,19.11,484.50,128.80,53.10,62.00,87.50,31.60,16.83,486.20,134.80,57.20,65.10,88.20,27.50,17.29,485.27,132.87,165.50,192.60,87.13,29.47,53.23
2026-04-22 11:40:00,2026-04-22 11:40:59,Q08,485.50,134.70,55.70,65.00,87.20,28.40,18.31,484.90,132.10,54.80,63.90,87.10,29.80,17.69,484.80,131.90,54.80,63.40,87.60,25.60,17.51,485.07,132.90,165.30,192.30,87.30,27.93,53.51
2026-04-22 11:41:00,2026-04-22 11:41:59,Q08,485.60,138.20,56.80,66.90,86.50,28.60,19.09,485.00,128.30,53.90,62.10,87.00,30.90,17.31,484.90,132.70,55.40,63.90,88.90,27.20,16.77,485.17,133.07,166.10,192.90,87.47,28.90,53.17
2026-04-22 11:42:00,2026-04-22 11:42:59,Q08,485.60,137.50,57.40,66.40,87.90,27.30,17.97,485.20,129.30,53.90,62.60,87.30,28.10,17.60,485.60,132.20,56.30,64.00,88.10,27.10,17.11,485.47,133.00,167.60,193.00,87.77,27.50,52.69
2026-04-22 11:43:00,2026-04-22 11:43:59,Q08,485.10,139.70,57.60,67.40,86.30,29.40,19.20,485.20,133.10,56.30,64.50,88.50,31.20,16.77,485.20,139.60,59.00,67.40,88.40,27.10,17.80,485.17,137.47,172.90,199.30,87.73,29.23,53.77
2026-04-22 11:44:00,2026-04-22 11:44:59,Q08,485.40,137.90,56.80,66.40,86.90,28.70,18.60,484.70,126.90,51.60,61.00,86.60,30.70,17.51,485.70,131.00,55.40,63.50,88.60,27.00,16.60,485.27,131.93,163.80,190.90,87.37,28.80,52.71
2026-04-22 11:45:00,2026-04-22 11:45:59,Q08,485.80,141.70,59.20,68.40,87.20,29.10,18.97,485.10,136.10,57.20,66.00,88.00,29.80,17.63,485.20,141.30,59.80,68.40,88.30,27.70,17.89,485.37,139.70,176.20,202.80,87.83,28.87,54.49
2026-04-22 11:46:00,2026-04-22 11:46:59,Q08,485.10,141.50,59.20,68.40,87.70,27.10,18.66,484.90,134.10,55.70,64.90,87.60,28.90,17.60,486.60,136.10,58.70,66.10,89.00,26.50,16.94,485.53,137.23,173.60,199.40,88.10,27.50,53.20
2026-04-22 11:47:00,2026-04-22 11:47:59,Q08,485.70,146.30,60.20,70.80,86.80,28.60,19.66,485.20,134.70,56.30,65.00,88.50,30.70,17.03,485.40,141.80,60.50,68.40,89.60,26.60,17.29,485.43,140.93,177.00,204.20,88.30,28.63,53.97
2026-04-22 11:48:00,2026-04-22 11:48:59,Q08,485.70,139.60,59.00,67.40,88.40,26.70,18.20,485.50,133.30,55.70,64.50,87.10,28.50,18.09,485.20,133.20,56.30,64.50,88.90,26.80,16.74,485.47,135.37,171.00,196.40,88.13,27.33,53.03
2026-04-22 11:49:00,2026-04-22 11:49:59,Q08,484.20,145.90,61.60,70.20,88.20,27.60,18.74,486.10,137.60,57.40,66.60,87.80,29.20,17.94,485.20,137.60,58.70,66.40,89.30,26.80,17.06,485.17,140.37,177.70,203.20,88.43,27.87,53.74
2026-04-22 11:50:00,2026-04-22 11:50:59,Q08,485.60,130.90,53.50,63.00,85.70,26.30,18.91,484.90,124.60,49.80,60.00,83.90,27.70,18.89,485.00,120.70,49.90,58.20,86.00,26.50,17.49,485.17,125.40,153.20,181.20,85.20,26.83,55.29
2026-04-22 11:51:00,2026-04-22 11:51:59,Q08,485.20,142.20,57.80,68.90,85.90,27.40,19.91,484.70,136.50,56.50,65.80,87.00,28.10,18.11,486.10,138.70,58.30,67.10,87.70,24.80,18.29,485.33,139.13,172.60,201.80,86.87,26.77,56.31
2026-04-22 11:52:00,2026-04-22 11:52:59,Q08,483.00,142.30,59.80,68.60,88.30,22.80,19.06,484.30,136.40,56.50,65.80,87.30,25.20,18.77,485.00,137.10,58.10,66.40,88.90,21.80,17.57,484.10,138.60,174.40,200.80,88.17,23.27,55.40
2026-04-22 11:53:00,2026-04-22 11:53:59,Q08,484.30,125.20,51.00,60.50,85.20,24.10,18.09,483.90,121.00,48.70,58.40,84.70,24.80,17.66,484.20,121.10,49.30,58.60,85.50,22.70,17.26,484.13,122.43,149.00,177.50,85.13,23.87,53.00
2026-04-22 11:54:00,2026-04-22 11:54:59,Q08,483.80,127.20,52.50,61.30,86.20,22.90,18.06,485.20,121.20,48.70,58.70,84.40,23.60,18.23,484.00,119.70,49.00,57.60,86.00,22.10,17.06,484.33,122.70,150.20,177.60,85.53,22.87,53.34
2026-04-22 11:55:00,2026-04-22 11:55:59,Q08,483.30,125.80,49.80,60.40,83.90,22.70,18.77,485.40,118.10,47.90,57.20,84.70,23.80,17.26,485.00,120.50,49.30,58.20,85.50,21.20,17.46,484.57,121.47,147.00,175.80,84.70,22.57,53.49
2026-04-22 11:56:00,2026-04-22 11:56:59,Q08,483.90,143.60,60.70,69.10,88.40,22.70,18.66,485.00,138.80,57.40,66.90,87.10,24.00,18.86,485.90,136.20,57.20,66.00,88.30,21.30,17.66,484.93,139.53,175.30,202.00,87.93,22.67,55.17
2026-04-22 11:57:00,2026-04-22 11:57:59,Q08,484.80,120.00,48.70,58.10,84.40,25.00,17.86,483.90,115.60,45.70,55.50,83.40,25.00,17.66,484.90,114.80,46.20,55.20,84.20,22.90,17.20,484.53,116.80,140.60,168.80,84.00,24.30,52.71
2026-04-22 11:58:00,2026-04-22 11:58:59,Q08,483.50,118.80,47.00,57.00,84.70,23.20,17.54,484.90,114.00,45.10,55.20,82.80,23.60,17.77,485.80,113.30,45.40,54.80,84.30,23.10,16.71,484.73,115.37,137.50,167.00,83.93,23.30,52.03
2026-04-22 11:59:00,2026-04-22 11:59:59,Q08,484.50,120.50,47.60,58.10,82.80,24.20,18.57,484.00,112.90,44.80,54.20,83.70,25.50,17.00,485.50,116.30,47.00,56.30,84.70,22.50,17.17,484.67,116.57,139.40,168.60,83.73,24.07,52.74
2026-04-22 12:00:00,2026-04-22 12:00:59,Q08,484.40,126.50,51.60,61.00,86.10,26.20,18.09,484.40,121.60,49.30,58.60,85.20,26.70,17.97,483.60,122.40,49.30,58.90,85.90,24.10,17.51,484.13,123.50,150.20,178.50,85.73,25.67,53.57
2026-04-22 12:01:00,2026-04-22 12:01:59,Q08,485.20,115.90,45.70,55.80,83.00,24.10,17.69,484.10,110.00,42.90,53.20,81.80,24.20,17.34,485.10,109.90,43.20,52.90,83.20,23.20,16.74,484.80,111.93,131.80,161.90,82.67,23.83,51.77
2026-04-22 12:02:00,2026-04-22 12:02:59,Q08,483.60,127.50,53.10,61.30,87.00,25.80,17.60,485.20,122.60,50.70,59.20,86.30,26.50,17.26,485.50,123.80,51.30,59.70,87.30,23.30,16.66,484.77,124.63,155.10,180.20,86.87,25.20,51.51
2026-04-22 12:03:00,2026-04-22 12:03:59,Q08,484.60,117.80,47.00,56.60,84.30,26.30,17.57,485.80,113.10,45.90,54.80,85.50,27.60,16.11,484.40,117.10,47.60,56.60,85.70,24.80,16.60,484.93,116.00,140.50,168.00,85.17,26.23,50.29
2026-04-22 12:04:00,2026-04-22 12:04:59,Q08,485.10,119.80,48.50,57.70,85.20,26.50,17.23,485.10,112.70,44.80,54.30,83.70,27.60,16.97,484.50,113.30,45.90,54.70,85.70,25.70,15.94,484.90,115.27,139.20,166.70,84.87,26.60,50.14
2026-04-22 12:05:00,2026-04-22 12:05:59,Q08,485.20,110.60,45.00,53.30,85.40,26.80,15.94,485.30,110.70,44.00,53.30,83.80,26.40,16.66,484.60,108.70,43.20,52.30,83.30,25.70,16.40,485.03,110.00,132.20,158.90,84.17,26.30,49.00
2026-04-22 12:06:00,2026-04-22 12:06:59,Q08,484.20,120.50,49.30,58.10,85.50,25.60,16.94,484.40,114.40,46.20,55.20,84.60,27.50,16.66,485.90,113.80,45.90,54.80,85.60,24.50,16.11,484.83,116.23,141.40,168.10,85.23,25.87,49.71
2026-04-22 12:07:00,2026-04-22 12:07:59,Q08,485.10,109.50,43.20,52.90,83.20,26.20,17.00,484.40,105.90,41.50,50.80,83.70,27.70,15.97,485.20,108.10,43.70,52.40,84.00,25.00,16.29,484.90,107.83,128.40,156.10,83.63,26.30,49.26
2026-04-22 12:08:00,2026-04-22 12:08:59,Q08,485.30,145.30,61.60,70.30,88.90,24.30,18.57,484.50,142.70,59.80,68.70,88.70,25.30,18.00,484.90,142.80,60.50,68.70,89.50,21.90,17.49,484.90,143.60,181.90,207.70,89.03,23.83,54.06
2026-04-22 12:09:00,2026-04-22 12:09:59,Q08,482.90,123.60,50.20,59.30,85.80,27.50,17.26,484.90,119.90,47.90,57.60,84.30,29.00,17.43,485.00,117.40,47.60,56.70,85.30,28.60,16.63,484.27,120.30,145.70,173.60,85.13,28.37,51.31
2026-04-22 12:10:00,2026-04-22 12:10:59,Q08,483.50,139.10,59.00,67.10,88.20,28.70,18.43,483.50,135.90,55.90,65.20,86.90,29.80,18.49,484.90,134.10,56.30,64.90,88.30,28.20,17.34,483.97,136.37,171.20,197.20,87.80,28.90,54.26
2026-04-22 12:12:00,2026-04-22 12:12:59,Q08,484.10,144.20,61.40,69.70,89.00,28.30,17.97,485.00,142.20,59.20,68.90,87.80,28.70,18.40,483.60,138.90,58.10,66.70,88.30,27.80,17.63,484.23,141.77,178.70,205.30,88.37,28.27,54.00
2026-04-22 12:13:00,2026-04-22 12:13:59,Q08,483.60,118.60,48.20,57.00,86.10,30.30,16.46,483.20,117.60,46.50,56.50,83.90,30.60,17.57,484.90,113.50,44.80,54.70,83.60,29.10,16.97,483.90,116.57,139.50,168.20,84.53,30.00,51.00
2026-04-22 12:14:00,2026-04-22 12:14:59,Q08,483.20,138.40,58.10,66.70,88.70,30.10,18.00,483.90,137.60,57.40,66.20,87.10,31.00,18.49,483.30,133.70,56.30,64.20,88.20,28.70,17.31,483.47,136.57,171.80,197.10,88.00,29.93,53.80
2026-04-22 12:15:00,2026-04-22 12:15:59,Q08,484.40,135.40,55.90,65.30,86.70,28.00,18.83,484.70,132.90,54.80,63.90,87.00,31.00,17.71,483.90,133.50,55.70,64.20,87.70,26.90,17.63,484.33,133.93,166.40,193.40,87.13,28.63,54.17
2026-04-22 12:16:00,2026-04-22 12:16:59,Q08,484.60,119.20,49.00,57.60,86.40,30.10,16.40,483.90,117.20,46.50,56.50,83.70,30.70,17.66,485.00,112.30,44.80,54.30,83.90,30.70,16.69,484.50,116.23,140.30,168.40,84.67,30.50,50.74
2026-04-22 12:17:00,2026-04-22 12:17:59,Q08,485.30,129.30,61.40,62.60,99.90,8.20,-0.23,484.70,118.60,56.40,57.10,99.90,8.80,-0.31,485.80,121.10,57.40,58.70,99.80,6.80,-1.57,485.27,123.00,175.20,178.40,99.87,7.93,-2.11
2026-04-22 12:18:00,2026-04-22 12:18:59,Q08,485.70,113.60,53.50,54.80,99.90,7.80,-0.31,484.60,107.10,50.50,51.80,99.90,8.60,-0.37,485.30,106.00,50.50,51.40,99.90,7.60,-0.37,485.20,108.90,154.50,158.00,99.90,8.00,-1.06
2026-04-22 12:19:00,2026-04-22 12:19:59,Q08,485.50,112.90,53.50,54.30,99.90,7.50,-0.29,484.70,107.60,50.50,51.80,99.90,8.70,-0.34,485.30,106.70,50.50,51.40,99.90,6.90,-0.60,485.17,109.07,154.50,157.50,99.90,7.70,-1.23
2026-04-22 12:20:00,2026-04-22 12:20:59,Q08,485.60,141.10,67.30,68.40,99.90,8.50,-0.31,485.40,129.80,61.40,62.60,99.90,8.90,-0.43,484.90,134.50,63.40,64.90,99.80,6.50,-1.77,485.30,135.13,192.10,195.90,99.87,7.97,-2.51
2026-04-22 12:21:00,2026-04-22 12:21:59,Q08,485.40,112.80,53.50,54.30,99.90,8.30,-0.23,484.50,109.20,51.50,52.80,99.90,8.60,-0.29,485.90,110.20,52.50,53.30,99.90,7.00,-0.60,485.27,110.73,157.50,160.40,99.90,7.97,-1.11
2026-04-22 12:22:00,2026-04-22 12:22:59,Q08,485.30,132.60,63.40,64.00,99.90,9.20,-0.23,486.40,123.30,58.40,59.80,99.90,10.20,-0.46,485.20,124.50,59.40,60.10,99.90,7.40,-1.34,485.63,126.80,181.20,183.90,99.90,8.93,-2.03
2026-04-22 12:23:00,2026-04-22 12:23:59,Q08,484.80,114.20,54.50,55.20,99.90,7.70,-0.11,485.60,108.50,51.50,52.40,99.90,8.90,-0.40,486.60,109.20,51.50,53.00,99.90,6.40,-0.51,485.67,110.63,157.50,160.60,99.90,7.67,-1.03
2026-04-22 12:24:00,2026-04-22 12:24:59,Q08,485.10,113.00,53.50,54.80,99.90,8.70,-0.20,486.50,107.40,51.50,52.00,99.90,9.60,-0.51,485.10,108.50,51.50,52.40,99.90,7.40,-0.54,485.57,109.63,156.50,159.20,99.90,8.57,-1.26
2026-04-22 12:25:00,2026-04-22 12:25:59,Q08,484.70,140.30,66.30,67.80,99.90,8.70,-0.14,484.90,130.50,61.40,62.90,99.90,10.20,-0.31,486.40,133.60,63.40,64.60,99.80,7.50,-1.74,485.33,134.80,191.10,195.30,99.87,8.80,-2.20
2026-04-22 12:26:00,2026-04-22 12:26:59,Q08,484.90,145.10,69.30,70.20,99.90,8.20,-0.11,485.00,133.60,63.40,64.50,99.90,9.40,-0.31,486.80,137.40,65.30,66.60,99.80,7.60,-1.94,485.57,138.70,198.00,201.30,99.87,8.40,-2.37
2026-04-22 12:27:00,2026-04-22 12:27:59,Q08,486.00,146.20,69.30,71.00,99.90,8.20,-0.23,485.00,134.80,63.40,65.00,99.90,8.90,-0.31,485.70,137.00,65.30,66.40,99.80,7.30,-1.97,485.57,139.33,198.00,202.40,99.87,8.13,-2.51
2026-04-22 12:28:00,2026-04-22 12:28:59,Q08,484.50,119.60,56.40,57.60,99.90,7.90,-0.11,485.60,114.10,54.50,55.30,99.90,7.80,-0.43,487.40,114.30,54.50,55.50,99.90,7.70,-0.63,485.83,116.00,165.40,168.40,99.90,7.80,-1.17
2026-04-22 12:29:00,2026-04-22 12:29:59,Q08,486.20,123.80,58.40,59.80,99.90,8.00,-0.29,486.50,118.40,56.40,57.30,99.90,8.80,-0.43,485.90,117.50,55.40,56.70,99.90,7.40,-0.46,486.20,119.90,170.20,173.80,99.90,8.07,-1.17
2026-04-22 12:30:00,2026-04-22 12:30:59,Q08,484.40,127.80,60.40,61.50,99.90,8.10,-0.11,486.20,119.80,56.40,57.80,99.90,9.40,-0.49,487.20,120.10,57.40,58.40,99.90,8.50,-0.83,485.93,122.57,174.20,177.70,99.90,8.67,-1.43
2026-04-22 12:31:00,2026-04-22 12:31:59,Q08,486.00,121.10,57.40,58.80,99.90,8.10,-0.20,485.50,112.90,53.50,54.30,99.90,9.20,-0.31,486.80,117.80,55.40,56.90,99.80,7.70,-1.63,486.10,117.27,166.30,170.00,99.87,8.33,-2.14
2026-04-22 12:32:00,2026-04-22 12:32:59,Q08,484.40,133.70,63.40,64.40,99.90,8.40,-0.06,487.30,126.20,60.40,61.40,99.90,9.30,-0.57,487.00,127.30,60.40,61.80,99.90,7.90,-1.43,486.23,129.07,184.20,187.60,99.90,8.53,-2.06
2026-04-22 12:33:00,2026-04-22 12:33:59,Q08,486.40,130.20,62.40,63.20,99.90,8.40,-0.29,486.00,123.20,58.40,59.80,99.90,10.30,-0.34,486.10,122.10,58.40,59.30,99.90,8.40,-0.77,486.17,125.17,179.20,182.30,99.90,9.03,-1.40
2026-04-22 12:34:00,2026-04-22 12:34:59,Q08,486.60,131.50,62.40,63.70,99.90,8.70,-0.31,486.20,118.60,56.40,57.30,99.90,9.20,-0.46,486.20,123.70,58.40,59.80,99.80,7.50,-2.03,486.33,124.60,177.20,180.80,99.87,8.47,-2.80
2026-04-22 12:35:00,2026-04-22 12:35:59,Q08,485.00,119.70,56.40,57.70,99.90,8.60,-0.06,486.10,112.70,53.50,54.40,99.90,10.10,-0.40,487.90,114.30,54.50,55.50,99.90,7.80,-1.11,486.33,115.57,164.40,167.60,99.90,8.83,-1.57
2026-04-22 12:36:00,2026-04-22 12:36:59,Q08,484.70,127.80,60.40,61.50,99.90,9.40,-0.03,486.50,122.90,58.40,59.30,99.90,9.40,-0.49,487.90,123.10,58.40,59.90,99.90,7.60,-0.29,486.37,124.60,177.20,180.70,99.90,8.80,-0.80
2026-04-22 12:37:00,2026-04-22 12:37:59,Q08,485.80,123.00,58.40,59.70,99.90,8.70,-0.31,487.30,118.10,56.40,57.50,99.90,9.90,-0.43,485.80,117.70,55.40,56.70,99.90,8.30,-0.66,486.30,119.60,170.20,173.90,99.90,8.97,-1.40
2026-04-22 12:38:00,2026-04-22 12:38:59,Q08,486.00,129.10,61.40,62.70,99.90,9.10,-0.31,487.00,121.00,57.40,58.90,99.90,9.60,-0.51,485.60,122.80,58.40,59.20,99.90,8.40,-1.54,486.20,124.30,177.20,180.80,99.90,9.03,-2.37
2026-04-22 12:39:00,2026-04-22 12:39:59,Q08,485.90,121.10,57.40,58.70,99.90,8.20,-0.29,487.40,119.20,56.40,58.00,99.90,9.00,-0.57,485.90,120.90,57.40,58.20,99.90,7.60,-0.17,486.40,120.40,171.20,174.90,99.90,8.27,-1.03
2026-04-22 12:40:00,2026-04-22 12:40:59,Q08,486.00,129.20,61.40,62.70,99.90,8.90,-0.26,487.00,120.70,57.40,58.40,99.90,10.00,-0.49,485.80,122.00,58.40,59.20,99.90,7.70,-0.51,486.27,123.97,177.20,180.30,99.90,8.87,-1.26
2026-04-22 12:41:00,2026-04-22 12:41:59,Q08,485.90,125.00,59.40,60.60,99.90,7.90,-0.26,486.70,118.00,56.40,57.30,99.90,8.40,-0.51,485.90,119.80,56.40,57.70,99.90,7.30,-0.83,486.17,120.93,172.20,175.60,99.90,7.87,-1.60
2026-04-22 12:42:00,2026-04-22 12:42:59,Q08,486.50,120.70,57.40,58.30,99.90,8.70,-0.29,486.90,117.40,55.40,56.90,99.90,9.50,-0.43,486.10,118.10,56.40,57.30,99.90,8.30,-0.06,486.50,118.73,169.20,172.50,99.90,8.83,-0.77
2026-04-22 12:43:00,2026-04-22 12:43:59,Q08,486.70,126.90,60.40,61.20,99.90,7.80,-0.29,486.10,119.80,56.40,57.80,99.90,9.50,-0.34,487.20,122.10,58.40,59.40,99.90,7.70,-0.71,486.67,122.93,175.20,178.40,99.90,8.33,-1.34
2026-04-22 12:44:00,2026-04-22 12:44:59,Q08,486.20,125.00,59.40,60.80,99.90,8.90,-0.17,486.10,121.00,57.40,58.80,99.90,10.30,-0.34,487.20,122.00,58.40,59.40,99.90,9.20,-0.46,486.50,122.67,175.20,179.00,99.90,9.47,-0.97
2026-04-22 12:45:00,2026-04-22 12:45:59,Q08,486.00,127.60,60.40,61.70,99.90,8.10,-0.23,486.70,121.50,57.40,58.80,99.90,9.40,-0.46,486.30,123.00,58.40,59.80,99.90,7.50,-0.46,486.33,124.03,176.20,180.30,99.90,8.33,-1.14
2026-04-22 12:46:00,2026-04-22 12:46:59,Q08,485.00,119.40,56.40,57.70,99.90,9.00,-0.09,486.40,113.20,53.50,54.90,99.90,9.60,-0.40,487.50,116.40,55.40,56.50,99.90,8.40,-0.31,486.30,116.33,165.30,169.10,99.90,9.00,-0.80
2026-04-22 12:47:00,2026-04-22 12:47:59,Q08,486.80,123.30,58.40,59.80,99.90,8.40,-0.31,486.40,118.60,56.40,57.30,99.90,9.20,-0.40,486.30,119.80,56.40,57.80,99.90,7.40,-0.34,486.50,120.57,171.20,174.90,99.90,8.33,-1.06
2026-04-22 12:48:00,2026-04-22 12:48:59,Q08,486.70,122.10,58.40,59.30,99.90,8.00,-0.34,486.70,116.10,55.40,56.40,99.90,9.50,-0.49,485.80,116.10,55.40,56.30,99.90,7.80,-0.23,486.40,118.10,169.20,172.00,99.90,8.43,-1.06
2026-04-22 12:49:00,2026-04-22 12:49:59,Q08,485.20,130.50,62.40,63.00,99.90,7.80,-0.11,487.40,124.60,59.40,60.40,99.90,8.90,-0.60,486.10,124.50,59.40,60.30,99.90,7.20,-0.29,486.23,126.53,181.20,183.70,99.90,7.97,-1.00
2026-04-22 12:50:00,2026-04-22 12:50:59,Q08,484.90,120.60,57.40,58.10,99.90,8.70,-0.03,487.40,117.00,55.40,57.00,99.90,9.20,-0.51,486.90,119.10,56.40,57.80,99.90,7.80,0.00,486.40,118.90,169.20,172.90,99.90,8.57,-0.54
2026-04-22 12:51:00,2026-04-22 12:51:59,Q08,485.00,133.00,63.40,64.50,99.90,8.10,-0.03,487.30,124.60,59.40,60.40,99.90,8.90,-0.54,486.80,126.30,60.40,61.20,99.90,7.50,-0.49,486.37,127.97,183.20,186.10,99.90,8.17,-1.06
2026-04-22 12:52:00,2026-04-22 12:52:59,Q08,484.90,126.40,59.40,61.00,99.90,8.40,-0.09,487.50,122.10,58.40,59.40,99.90,9.10,-0.54,486.40,122.40,58.40,59.30,99.90,7.70,-0.06,486.27,123.63,176.20,179.70,99.90,8.40,-0.69
2026-04-22 12:53:00,2026-04-22 12:53:59,Q08,486.30,136.00,65.30,66.10,99.90,8.10,-0.31,486.20,128.60,61.40,62.20,99.90,9.10,-0.43,485.30,127.00,60.40,61.60,99.90,7.60,-0.40,485.93,130.53,187.10,189.90,99.90,8.27,-1.14
2026-04-22 12:54:00,2026-04-22 12:54:59,Q08,486.40,126.60,60.40,61.20,99.90,8.00,-0.20,485.60,120.00,57.40,58.20,99.90,8.80,-0.31,487.10,121.30,57.40,58.90,99.90,7.60,-0.63,486.37,122.63,175.20,178.30,99.90,8.13,-1.14
2026-04-22 12:55:00,2026-04-22 12:55:59,Q08,486.60,130.90,62.40,63.20,99.90,8.50,-0.23,485.70,125.30,59.40,60.60,99.90,9.00,-0.40,486.80,127.30,60.40,61.70,99.90,7.60,-0.51,486.37,127.83,182.20,185.50,99.90,8.37,-1.14
2026-04-22 12:56:00,2026-04-22 12:56:59,Q08,486.60,125.00,59.40,60.80,99.90,8.30,-0.23,485.80,120.30,57.40,58.20,99.90,9.10,-0.37,487.30,120.30,57.40,58.40,99.90,7.00,-0.20,486.57,121.87,174.20,177.40,99.90,8.13,-0.80
2026-04-22 12:57:00,2026-04-22 12:57:59,Q08,485.90,130.80,62.40,63.00,99.90,8.00,-0.09,486.50,123.00,58.40,59.80,99.90,8.90,-0.43,487.70,126.20,60.40,61.40,99.90,7.70,-1.20,486.70,126.67,181.20,184.20,99.90,8.20,-1.71
2026-04-22 12:58:00,2026-04-22 12:58:59,Q08,485.40,123.90,58.40,59.70,99.90,8.20,-0.06,487.70,119.10,56.40,58.00,99.90,8.70,-0.54,486.60,122.10,58.40,59.30,99.90,7.10,-0.03,486.57,121.70,173.20,177.00,99.90,8.00,-0.63
2026-04-22 12:59:00,2026-04-22 12:59:59,Q08,483.90,132.30,62.40,63.80,99.90,7.80,-0.14,482.90,127.10,60.40,61.20,99.90,8.90,-0.34,483.70,128.00,60.40,61.80,99.90,7.80,-0.34,483.50,129.13,183.20,186.80,99.90,8.17,-0.83
2026-04-22 13:00:00,2026-04-22 13:00:59,Q08,481.90,126.30,59.40,60.60,99.90,8.20,-0.06,484.10,120.70,57.40,58.10,99.90,8.70,-0.51,484.00,122.50,58.40,59.00,99.90,7.30,-0.63,483.33,123.17,175.20,177.70,99.90,8.07,-1.20
2026-04-22 13:01:00,2026-04-22 13:01:59,Q08,484.20,125.20,59.40,60.50,99.90,8.20,-0.34,483.30,117.40,55.40,56.50,99.90,9.20,-0.40,483.50,116.80,55.40,56.00,99.90,7.90,-1.37,483.67,119.80,170.20,173.00,99.90,8.43,-2.11
2026-04-22 13:02:00,2026-04-22 13:02:59,Q08,482.30,113.30,53.50,54.50,99.90,8.10,-0.03,484.40,109.80,51.50,52.80,99.90,9.50,-0.54,484.70,111.20,52.50,53.70,99.90,7.60,-0.43,483.80,111.43,157.50,161.00,99.90,8.40,-1.00
2026-04-22 13:03:00,2026-04-22 13:03:59,Q08,483.30,124.80,58.40,59.90,99.90,8.60,-0.17,484.30,121.10,57.40,58.60,99.90,10.20,-0.51,482.90,119.80,56.40,57.40,99.90,8.30,-0.83,483.50,121.90,172.20,175.90,99.90,9.03,-1.51
2026-04-22 13:04:00,2026-04-22 13:04:59,Q08,482.70,114.10,53.50,54.90,99.90,8.40,-0.17,484.60,107.80,50.50,51.80,99.90,10.40,-0.54,483.50,108.60,51.50,52.20,99.90,8.40,-0.83,483.60,110.17,155.50,158.90,99.90,9.07,-1.54
2026-04-22 13:05:00,2026-04-22 13:05:59,Q08,482.30,121.90,57.40,58.30,99.90,9.30,-0.11,482.60,119.80,56.40,57.40,99.90,9.40,-0.43,484.70,117.50,55.40,56.60,99.90,7.80,-0.34,483.20,119.73,169.20,172.30,99.90,8.83,-0.89
2026-04-22 13:06:00,2026-04-22 13:06:59,Q08,483.90,113.70,53.50,54.60,99.90,8.80,-0.26,483.10,108.80,51.50,52.20,99.90,9.70,-0.37,483.20,109.90,51.50,52.60,99.90,8.20,-0.11,483.40,110.80,156.50,159.40,99.90,8.90,-0.74
2026-04-22 13:07:00,2026-04-22 13:07:59,Q08,482.10,119.60,56.40,57.40,99.90,8.70,-0.09,483.70,112.20,53.50,54.10,99.90,9.60,-0.51,484.50,113.70,53.50,54.70,99.90,7.70,-0.66,483.43,115.17,163.40,166.20,99.90,8.67,-1.26
2026-04-22 13:08:00,2026-04-22 13:08:59,Q08,481.80,120.30,56.40,57.70,99.90,8.00,-0.23,482.90,113.10,53.50,54.50,99.90,9.40,-0.54,481.90,115.00,54.50,55.30,99.90,7.80,-0.49,482.20,116.13,164.40,167.50,99.90,8.40,-1.26
2026-04-22 13:09:00,2026-04-22 13:09:59,Q08,481.50,123.30,58.40,59.20,99.90,8.10,-0.11,483.20,119.30,56.40,57.50,99.90,9.00,-0.51,483.10,121.20,57.40,58.40,99.90,7.80,-0.26,482.60,121.27,172.20,175.10,99.90,8.30,-0.89
2026-04-22 13:11:00,2026-04-22 13:11:59,Q08,481.90,127.70,60.40,61.10,99.90,7.60,-0.09,481.80,119.90,56.40,57.20,99.90,8.90,-0.40,483.70,124.60,58.40,59.90,99.90,7.90,-1.00,482.47,124.07,175.20,178.20,99.90,8.13,-1.49
2026-04-22 13:12:00,2026-04-22 13:12:59,Q08,481.70,123.50,58.40,59.20,99.90,8.00,-0.11,481.90,118.10,55.40,56.80,99.90,9.10,-0.37,483.70,121.30,57.40,58.40,99.90,7.70,-0.66,482.43,120.97,171.20,174.40,99.90,8.27,-1.14
2026-04-22 13:13:00,2026-04-22 13:13:59,Q08,482.80,130.30,61.40,62.70,99.90,7.60,-0.26,482.50,122.20,57.40,58.80,99.90,8.90,-0.40,482.00,123.40,58.40,59.30,99.90,7.40,-0.71,482.43,125.30,177.20,180.80,99.90,7.97,-1.37
2026-04-22 13:14:00,2026-04-22 13:14:59,Q08,482.80,125.20,59.40,60.20,99.90,7.70,-0.29,481.90,114.00,53.50,54.80,99.90,9.10,-0.46,482.10,119.10,56.40,57.40,99.90,7.40,-1.46,482.27,119.43,169.30,172.40,99.90,8.07,-2.20
2026-04-22 13:15:00,2026-04-22 13:15:59,Q08,481.90,127.80,60.40,61.10,99.90,8.20,-0.17,482.70,121.50,57.40,58.30,99.90,8.80,-0.49,481.90,121.30,57.40,58.20,99.90,7.00,-1.03,482.17,123.53,175.20,177.60,99.90,8.00,-1.69
2026-04-22 13:16:00,2026-04-22 13:16:59,Q08,482.20,128.90,60.40,61.70,99.90,8.20,-0.29,482.80,122.10,57.40,58.80,99.90,9.40,-0.46,481.80,123.30,58.40,59.20,99.90,6.90,-1.00,482.27,124.77,176.20,179.70,99.90,8.17,-1.74
2026-04-22 13:17:00,2026-04-22 13:17:59,Q08,481.10,128.10,60.40,61.60,99.90,8.30,-0.09,483.40,122.70,57.40,58.90,99.90,10.10,-0.54,482.80,122.60,57.40,58.80,99.90,7.60,-0.63,482.43,124.47,175.20,179.30,99.90,8.67,-1.26
2026-04-22 13:18:00,2026-04-22 13:18:59,Q08,483.10,119.50,56.40,57.50,99.90,8.40,-0.29,482.20,111.90,52.50,53.50,99.90,9.50,-0.43,482.70,112.70,52.50,54.00,99.90,7.60,-0.51,482.67,114.70,161.40,165.00,99.90,8.50,-1.23
2026-04-22 13:19:00,2026-04-22 13:19:59,Q08,483.10,125.40,59.40,60.40,99.90,7.80,-0.34,482.20,119.30,56.40,57.40,99.90,8.70,-0.37,482.50,119.30,56.40,57.40,99.90,7.50,-0.74,482.60,121.33,172.20,175.20,99.90,8.00,-1.46
2026-04-22 13:20:00,2026-04-22 13:20:59,Q08,482.10,127.40,60.40,61.20,99.90,8.00,-0.26,481.60,120.00,56.40,57.70,99.90,9.10,-0.40,483.00,120.60,56.40,58.00,99.90,8.00,-1.03,482.23,122.67,173.20,176.90,99.90,8.37,-1.69
2026-04-22 13:21:00,2026-04-22 13:21:59,Q08,482.50,119.40,56.40,57.40,99.90,8.30,-0.29,482.90,116.40,54.50,55.90,99.90,9.10,-0.51,482.10,114.90,53.50,54.90,99.90,7.70,0.26,482.50,116.90,164.40,168.20,99.90,8.37,-0.54
2026-04-22 13:22:00,2026-04-22 13:22:59,Q08,480.80,120.50,57.00,57.60,100.00,8.30,0.00,482.60,114.10,53.50,54.90,99.90,9.70,-0.51,483.40,115.40,54.50,55.50,99.90,7.00,-0.34,482.27,116.67,165.00,168.00,99.93,8.33,-0.86
2026-04-22 13:23:00,2026-04-22 13:23:59,Q08,482.60,126.80,59.40,60.70,99.90,8.50,-0.31,482.40,120.50,56.40,57.80,99.90,9.20,-0.46,481.80,121.30,57.40,58.20,99.90,8.30,-0.14,482.27,122.87,173.20,176.70,99.90,8.67,-0.91
2026-04-22 13:24:00,2026-04-22 13:24:59,Q08,482.40,122.00,57.40,58.80,99.90,8.00,-0.26,482.40,118.30,55.40,56.90,99.90,9.00,-0.49,481.80,119.30,57.00,57.20,100.00,7.40,0.00,482.20,119.87,169.80,172.90,99.93,8.13,-0.74
2026-04-22 13:25:00,2026-04-22 13:25:59,Q08,480.90,125.90,59.40,60.00,99.90,8.40,-0.06,482.90,122.30,57.40,58.80,99.90,9.00,-0.57,482.40,124.30,58.40,59.80,99.90,7.60,-0.03,482.07,124.17,175.20,178.60,99.90,8.33,-0.66
2026-04-22 13:26:00,2026-04-22 13:26:59,Q08,480.90,115.70,54.50,55.20,99.90,8.70,-0.09,481.40,114.20,53.50,54.80,99.90,9.00,-0.40,483.40,113.90,53.50,54.60,99.90,7.40,0.06,481.90,114.60,161.50,164.60,99.90,8.37,-0.43
2026-04-22 13:27:00,2026-04-22 13:27:59,Q08,482.10,126.90,59.40,60.70,99.90,8.40,-0.20,481.10,122.10,57.40,58.70,99.90,9.00,-0.40,483.00,124.30,58.40,59.90,99.90,7.20,-0.20,482.07,124.43,175.20,179.30,99.90,8.20,-0.80
2026-04-22 13:28:00,2026-04-22 13:28:59,Q08,482.10,121.00,57.40,58.30,99.90,8.70,-0.17,481.80,117.00,55.40,56.30,99.90,10.00,-0.40,483.70,117.60,55.40,56.50,99.90,7.60,-0.26,482.53,118.53,168.20,171.10,99.90,8.77,-0.83
2026-04-22 13:29:00,2026-04-22 13:29:59,Q08,482.10,119.60,56.40,57.40,99.90,8.50,-0.20,483.10,117.70,55.40,56.50,99.90,9.10,-0.49,482.20,116.90,54.50,55.90,99.90,7.80,-0.37,482.47,118.07,166.30,169.80,99.90,8.47,-1.06
2026-04-22 13:30:00,2026-04-22 13:30:59,Q08,481.50,117.40,55.40,56.30,99.90,7.80,-0.09,483.00,112.20,53.50,54.10,99.90,9.20,-0.49,483.00,112.20,53.50,54.10,99.90,8.20,-0.03,482.50,113.93,162.40,164.50,99.90,8.40,-0.60
2026-04-22 13:31:00,2026-04-22 13:31:59,Q08,480.90,124.20,58.40,59.50,99.90,8.80,-0.06,482.20,120.40,56.40,57.80,99.90,9.70,-0.43,483.30,120.50,56.40,58.00,99.90,7.30,-0.17,482.13,121.70,171.20,175.30,99.90,8.60,-0.66
2026-04-22 13:32:00,2026-04-22 13:32:59,Q08,481.10,118.20,55.40,56.80,99.90,8.00,-0.09,483.20,114.30,54.50,55.10,99.90,9.20,-0.51,482.40,112.60,52.50,54.00,99.90,7.40,-0.43,482.23,115.03,162.40,165.90,99.90,8.20,-1.03
2026-04-22 13:33:00,2026-04-22 13:33:59,Q08,481.00,121.40,57.40,58.20,99.90,7.80,-0.11,482.90,115.60,54.50,55.40,99.90,9.10,-0.57,482.60,115.50,54.50,55.40,99.90,7.70,-1.00,482.17,117.50,166.40,169.00,99.90,8.20,-1.69
2026-04-22 13:34:00,2026-04-22 13:34:59,Q08,482.80,125.10,59.40,60.20,99.90,9.20,-0.31,481.90,119.80,56.40,57.20,99.90,10.00,-0.37,482.00,118.30,55.40,56.90,99.90,7.80,-0.31,482.23,121.07,171.20,174.30,99.90,9.00,-1.00
2026-04-22 13:35:00,2026-04-22 13:35:59,Q08,482.60,123.20,58.40,59.30,99.90,7.90,-0.29,482.10,119.20,56.40,57.40,99.90,9.40,-0.40,481.80,118.60,55.40,56.80,99.90,7.50,-0.54,482.17,120.33,170.20,173.50,99.90,8.27,-1.23
2026-04-22 13:36:00,2026-04-22 13:36:59,Q08,480.70,135.20,63.40,64.80,99.90,8.80,-0.06,482.40,121.00,57.40,58.30,99.90,10.00,-0.54,483.30,128.60,60.40,61.80,99.70,7.90,-2.49,482.13,128.27,181.20,184.90,99.83,8.90,-3.09
2026-04-22 13:37:00,2026-04-22 13:37:59,Q08,482.10,122.90,57.40,58.80,99.90,9.00,-0.09,481.20,117.90,55.40,56.30,99.90,10.20,-0.31,483.20,119.20,56.40,57.50,99.90,8.70,-0.60,482.17,120.00,169.20,172.60,99.90,9.30,-1.00
2026-04-22 13:38:00,2026-04-22 13:38:59,Q08,482.90,120.70,56.40,57.80,99.90,8.50,-0.31,481.80,114.20,53.50,54.80,99.90,9.70,-0.43,482.10,115.10,54.50,55.40,99.90,8.30,-0.74,482.27,116.67,164.40,168.00,99.90,8.83,-1.49
2026-04-22 13:39:00,2026-04-22 13:39:59,Q08,482.60,125.00,59.40,60.20,99.90,8.20,-0.26,481.60,115.40,54.50,55.30,99.90,9.90,-0.37,481.90,118.40,55.40,56.80,99.90,8.20,-1.26,482.03,119.60,169.30,172.30,99.90,8.77,-1.89
2026-04-22 13:40:00,2026-04-22 13:40:59,Q08,480.90,120.50,56.40,57.60,99.90,9.10,-0.26,482.10,113.40,53.50,54.50,99.90,9.40,-0.54,480.30,114.30,53.50,54.70,99.90,8.20,-1.09,481.10,116.07,163.40,166.80,99.90,8.90,-1.89
2026-04-22 13:41:00,2026-04-22 13:41:59,Q08,481.60,119.80,56.40,57.20,99.90,9.80,-0.09,481.50,112.70,52.50,53.90,99.90,10.20,-0.37,483.30,115.30,54.50,55.50,99.90,8.30,-1.14,482.13,115.93,163.40,166.60,99.90,9.43,-1.60
2026-04-22 13:42:00,2026-04-22 13:42:59,Q08,482.50,121.50,57.40,58.30,99.90,9.30,-0.31,482.00,112.00,52.50,54.00,99.90,10.30,-0.37,481.30,116.10,54.50,55.80,99.90,8.20,-1.14,481.93,116.53,164.40,168.10,99.90,9.27,-1.83
2026-04-22 13:43:00,2026-04-22 13:43:59,Q08,482.50,117.50,55.40,56.40,99.90,8.60,-0.29,481.60,110.90,51.50,52.90,99.90,9.80,-0.37,482.30,111.30,52.50,53.50,99.90,7.60,-0.66,482.13,113.23,159.40,162.80,99.90,8.67,-1.31
2026-04-22 13:44:00,2026-04-22 13:44:59,Q08,480.90,119.90,56.40,57.10,99.90,9.10,-0.09,482.80,113.80,53.50,54.50,99.90,10.00,-0.51,483.00,114.60,54.50,55.10,99.90,8.00,-1.17,482.23,116.10,164.40,166.70,99.90,9.03,-1.77
2026-04-22 13:45:00,2026-04-22 13:45:59,Q08,482.30,115.80,54.50,55.40,99.90,9.30,-0.17,481.40,107.40,50.50,51.50,99.90,9.90,-0.34,482.10,109.20,51.50,52.50,99.90,7.80,-0.83,481.93,110.80,156.50,159.40,99.90,9.00,-1.34
2026-04-22 13:46:00,2026-04-22 13:46:59,Q08,480.70,116.90,54.50,55.70,99.90,9.80,-0.14,483.30,110.70,52.50,53.10,99.90,9.60,-0.57,481.40,113.10,53.50,54.40,99.90,8.20,-0.80,481.80,113.57,160.50,163.20,99.90,9.20,-1.51
2026-04-22 13:47:00,2026-04-22 13:47:59,Q08,480.40,119.20,56.40,57.10,99.90,9.00,-0.11,482.20,112.50,52.50,54.00,99.90,9.30,-0.51,482.90,114.60,53.50,54.90,99.90,7.80,-0.86,481.83,115.43,162.40,166.00,99.90,8.70,-1.49
2026-04-22 13:48:00,2026-04-22 13:48:59,Q08,481.10,119.40,56.40,57.20,99.90,9.00,-0.14,481.50,115.10,54.50,55.30,99.90,9.80,-0.37,482.90,116.70,54.50,55.90,99.90,7.30,-0.71,481.83,117.07,165.40,168.40,99.90,8.70,-1.23
2026-04-22 13:49:00,2026-04-22 13:49:59,Q08,481.30,115.40,54.50,55.30,99.90,9.20,-0.14,483.10,110.60,52.50,53.10,99.90,9.90,-0.51,481.10,112.30,52.50,53.90,99.90,7.90,-0.43,481.83,112.77,159.50,162.30,99.90,9.00,-1.09
2026-04-22 13:50:00,2026-04-22 13:50:59,Q08,482.00,122.70,57.40,58.80,99.90,9.50,-0.34,481.30,114.40,53.50,54.80,99.90,9.90,-0.40,481.10,117.90,55.40,56.30,99.90,7.70,-1.17,481.47,118.33,166.30,169.90,99.90,9.03,-1.91
2026-04-22 13:51:00,2026-04-22 13:51:59,Q08,480.60,121.60,57.40,58.10,99.90,8.40,-0.11,481.90,114.10,53.50,54.80,99.90,9.10,-0.43,482.80,115.80,54.50,55.40,99.90,7.40,-0.77,481.77,117.17,165.40,168.30,99.90,8.30,-1.31
2026-04-22 13:52:00,2026-04-22 13:52:59,Q08,480.90,125.20,59.40,60.00,99.90,8.70,-0.14,481.70,117.40,55.40,56.30,99.90,9.50,-0.46,483.30,118.10,55.40,57.00,99.90,6.90,-1.34,481.97,120.23,170.20,173.30,99.90,8.37,-1.94
2026-04-22 13:53:00,2026-04-22 13:53:59,Q08,481.60,119.60,56.40,57.20,99.90,9.00,-0.17,481.50,110.60,51.50,52.90,99.90,10.00,-0.34,483.10,112.10,53.50,54.10,99.90,7.80,-1.17,482.07,114.10,161.40,164.20,99.90,8.93,-1.69
2026-04-22 13:54:00,2026-04-22 13:54:59,Q08,481.90,129.80,61.40,62.00,99.90,8.80,-0.23,482.80,121.90,57.40,58.30,99.90,9.30,-0.54,481.40,122.30,57.40,58.70,99.90,7.70,-0.77,482.03,124.67,176.20,179.00,99.90,8.60,-1.54
2026-04-22 13:55:00,2026-04-22 13:55:59,Q08,482.40,125.90,59.40,60.20,99.90,8.20,-0.26,482.50,119.20,56.40,57.40,99.90,9.60,-0.46,481.60,121.60,57.40,58.20,99.90,7.10,-0.94,482.17,122.23,173.20,175.80,99.90,8.30,-1.66
2026-04-22 13:56:00,2026-04-22 13:56:59,Q08,481.90,128.40,60.40,61.60,99.90,9.00,-0.23,482.90,121.70,57.40,58.30,99.90,10.10,-0.49,481.50,121.00,57.40,58.20,99.90,8.60,-1.00,482.10,123.70,175.20,178.10,99.90,9.23,-1.71
2026-04-22 13:57:00,2026-04-22 13:57:59,Q08,481.10,116.90,54.50,55.80,99.90,8.10,-0.09,483.60,107.20,50.50,51.70,99.90,9.20,-0.57,482.10,111.20,52.50,53.50,99.90,7.10,-1.26,482.27,111.77,157.50,161.00,99.90,8.13,-1.91
2026-04-22 13:58:00,2026-04-22 13:58:59,Q08,482.30,131.80,62.40,63.10,99.90,8.50,-0.26,481.50,122.50,57.40,58.70,99.90,9.00,-0.37,482.60,123.80,58.40,59.30,99.90,7.30,-1.49,482.13,126.03,178.20,181.10,99.90,8.27,-2.11
2026-04-22 13:59:00,2026-04-22 13:59:59,Q08,481.40,122.10,57.40,58.70,99.90,8.90,-0.11,482.80,115.10,54.50,55.40,99.90,9.50,-0.46,483.50,117.20,55.40,56.50,99.90,7.30,-0.97,482.57,118.13,167.30,170.60,99.90,8.57,-1.54
2026-04-22 14:00:00,2026-04-22 14:00:59,Q08,481.20,130.30,61.40,62.50,99.90,9.10,-0.20,482.90,123.70,58.40,59.30,99.90,9.50,-0.51,481.20,125.40,59.40,60.10,99.90,7.30,-1.11,481.77,126.47,179.20,181.90,99.90,8.63,-1.83
2026-04-22 14:01:00,2026-04-22 14:01:59,Q08,481.10,118.70,55.40,56.80,99.90,8.60,-0.06,483.10,105.30,49.50,50.70,99.90,9.70,-0.49,482.90,111.40,52.50,53.50,99.80,8.00,-1.80,482.37,111.80,157.40,161.00,99.87,8.77,-2.34
2026-04-22 14:02:00,2026-04-22 14:02:59,Q08,481.90,116.80,54.50,55.80,99.90,8.00,-0.29,482.90,114.00,53.50,54.90,99.90,8.80,-0.54,481.30,113.30,53.50,54.40,99.90,7.80,-0.14,482.03,114.70,161.50,165.10,99.90,8.20,-0.97
2026-04-22 14:03:00,2026-04-22 14:03:59,Q08,481.00,102.50,48.50,49.10,99.90,7.80,-0.14,482.40,99.00,46.50,47.70,99.90,8.00,-0.43,483.40,100.60,47.50,48.30,99.90,6.90,0.03,482.27,100.70,142.50,145.10,99.90,7.57,-0.54
2026-04-22 14:04:00,2026-04-22 14:04:59,Q08,480.70,115.80,54.50,55.20,99.90,9.20,-0.14,482.80,109.70,51.50,52.50,99.90,10.10,-0.54,481.80,112.50,52.50,53.90,99.90,8.20,-1.43,481.77,112.67,158.50,161.60,99.90,9.17,-2.11
2026-04-22 14:05:00,2026-04-22 14:05:59,Q08,481.00,106.60,49.50,51.00,99.90,7.60,-0.20,483.00,102.40,48.50,49.30,99.90,8.40,-0.51,481.40,102.40,48.50,49.10,99.90,7.10,0.23,481.80,103.80,146.50,149.40,99.90,7.70,-0.49
2026-04-22 14:06:00,2026-04-22 14:06:59,Q08,480.40,122.90,57.40,58.60,99.90,9.70,-0.11,482.60,118.80,55.40,56.90,99.90,10.40,-0.54,481.40,118.20,55.40,56.80,99.90,8.10,-1.03,481.47,119.97,168.20,172.30,99.90,9.40,-1.69
2026-04-22 14:07:00,2026-04-22 14:07:59,Q08,482.00,90.90,42.60,43.40,99.90,8.90,-0.37,481.10,85.20,39.60,40.90,99.90,8.80,-0.37,480.80,86.50,40.60,41.30,99.90,7.20,-0.71,481.30,87.53,122.80,125.60,99.90,8.30,-1.46
2026-04-22 14:08:00,2026-04-22 14:08:59,Q08,482.00,125.80,59.40,60.20,99.90,8.00,-0.34,481.10,118.90,55.40,56.80,99.90,9.30,-0.34,480.60,119.70,56.40,57.10,99.90,7.40,-1.26,481.23,121.47,171.20,174.10,99.90,8.23,-1.94
2026-04-22 14:10:00,2026-04-22 14:10:59,Q08,480.90,103.00,48.50,49.40,99.90,8.40,-0.26,482.20,97.80,45.50,46.80,99.90,9.10,-0.51,480.80,95.80,44.50,45.60,99.90,7.60,-0.43,481.30,98.87,138.50,141.80,99.90,8.37,-1.20
2026-04-22 14:11:00,2026-04-22 14:11:59,Q08,480.20,97.90,45.50,46.60,99.90,7.60,-0.23,481.60,93.50,43.60,44.70,99.90,8.50,-0.54,481.90,94.80,44.50,45.20,99.90,7.70,-0.17,481.23,95.40,133.60,136.50,99.90,7.93,-0.94
2026-04-22 14:12:00,2026-04-22 14:12:59,Q08,480.80,110.70,51.50,52.80,99.90,8.10,-0.23,480.30,105.00,49.50,50.40,99.90,7.90,-0.40,481.70,105.20,49.50,50.50,99.90,7.50,-0.43,480.93,106.97,150.50,153.70,99.90,7.83,-1.06
2026-04-22 14:13:00,2026-04-22 14:13:59,Q08,481.10,98.20,46.50,47.10,99.90,8.70,-0.29,482.00,95.80,44.50,45.80,99.90,8.80,-0.49,480.40,95.80,44.50,45.60,99.90,7.50,0.09,481.17,96.60,135.50,138.50,99.90,8.33,-0.69
2026-04-22 14:14:00,2026-04-22 14:14:59,Q08,479.80,99.10,46.50,47.40,99.90,8.40,-0.14,480.90,94.80,44.50,45.10,99.90,9.00,-0.40,482.10,95.60,44.50,45.80,99.90,6.80,-0.26,480.93,96.50,135.50,138.30,99.90,8.07,-0.80
2026-04-22 14:15:00,2026-04-22 14:15:59,Q08,480.40,99.90,46.50,47.50,99.90,8.40,-0.20,480.00,96.80,45.50,46.10,99.90,9.30,-0.40,482.00,96.60,45.50,46.30,99.90,7.40,-0.23,480.80,97.77,137.50,139.90,99.90,8.37,-0.83
2026-04-22 14:16:00,2026-04-22 14:16:59,Q08,481.50,91.80,42.60,43.80,99.90,8.70,-0.34,481.30,87.70,40.60,41.80,99.90,9.20,-0.43,480.50,87.70,40.60,41.80,99.90,7.20,0.31,481.10,89.07,123.80,127.40,99.90,8.37,-0.46
2026-04-22 14:17:00,2026-04-22 14:17:59,Q08,479.90,94.20,44.50,45.00,99.90,7.30,-0.11,481.20,90.50,42.60,43.30,99.90,8.10,-0.46,481.80,88.60,41.60,42.30,99.90,6.90,-0.06,480.97,91.10,128.70,130.60,99.90,7.43,-0.63
2026-04-22 14:18:00,2026-04-22 14:18:59,Q08,480.10,127.80,59.40,61.00,99.90,8.80,-0.11,482.10,119.30,56.40,57.40,99.90,10.50,-0.54,481.00,122.30,57.40,58.70,99.90,7.80,-1.11,481.07,123.13,173.20,177.10,99.90,9.03,-1.77
2026-04-22 14:19:00,2026-04-22 14:19:59,Q08,480.00,115.00,54.50,55.20,99.90,8.90,-0.14,481.80,110.70,51.50,52.90,99.90,9.40,-0.51,481.40,110.50,51.50,52.90,99.90,7.50,-0.71,481.07,112.07,157.50,161.00,99.90,8.60,-1.37
2026-04-22 14:20:00,2026-04-22 14:20:59,Q08,481.40,118.30,55.40,56.80,99.90,9.20,-0.23,480.40,113.30,53.50,54.20,99.90,9.80,-0.37,481.80,113.00,53.50,54.40,99.90,7.60,-0.71,481.20,114.87,162.40,165.40,99.90,8.87,-1.31
2026-04-22 14:21:00,2026-04-22 14:21:59,Q08,480.60,125.80,59.40,60.00,99.90,8.90,-0.06,481.30,117.90,55.40,56.30,99.90,9.50,-0.43,482.80,121.20,57.40,58.30,99.90,7.70,-1.31,481.57,121.63,172.20,174.60,99.90,8.70,-1.80
2026-04-22 14:22:00,2026-04-22 14:22:59,Q08,481.50,107.90,50.50,51.50,99.90,9.50,-0.26,481.00,105.10,49.50,50.50,99.90,9.80,-0.46,483.00,104.40,49.50,50.20,99.90,8.60,-0.03,481.83,105.80,149.50,152.20,99.90,9.30,-0.74
2026-04-22 14:23:00,2026-04-22 14:23:59,Q08,481.10,105.00,49.50,50.50,99.90,8.30,-0.20,482.40,97.40,45.50,46.80,99.90,9.20,-0.49,482.10,100.30,47.50,48.20,99.90,8.20,-0.77,481.87,100.90,142.50,145.50,99.90,8.57,-1.46
2026-04-22 14:24:00,2026-04-22 14:24:59,Q08,482.10,101.40,47.50,48.70,99.90,9.10,-0.31,482.40,99.80,46.50,47.70,99.90,10.20,-0.51,481.60,97.40,45.50,46.70,99.90,8.00,0.03,482.03,99.53,139.50,143.10,99.90,9.10,-0.80
2026-04-22 14:25:00,2026-04-22 14:25:59,Q08,481.00,117.30,55.40,56.30,99.90,9.10,-0.14,482.30,112.40,52.50,54.00,99.90,9.80,-0.54,481.20,113.20,53.50,54.40,99.90,7.90,-0.66,481.50,114.30,161.40,164.70,99.90,8.93,-1.34
2026-04-22 14:26:00,2026-04-22 14:26:59,Q08,481.70,103.40,48.50,49.50,99.90,9.30,-0.26,482.50,98.10,46.50,47.20,99.90,9.10,-0.49,481.20,100.20,47.50,48.10,99.90,8.00,0.03,481.80,100.57,142.50,144.80,99.90,8.80,-0.71
2026-04-22 14:27:00,2026-04-22 14:27:59,Q08,482.20,126.10,59.40,60.70,99.90,8.10,-0.23,480.80,118.70,55.40,56.60,99.90,9.40,-0.34,482.30,118.60,55.40,56.90,99.90,7.90,-1.17,481.77,121.13,170.20,174.20,99.90,8.47,-1.74
2026-04-22 14:28:00,2026-04-22 14:28:59,Q08,481.60,96.30,45.50,46.20,99.90,8.30,-0.26,481.00,91.20,42.60,43.80,99.90,9.40,-0.37,482.60,91.90,42.60,43.90,99.90,8.70,-0.46,481.73,93.13,130.70,133.90,99.90,8.80,-1.09
2026-04-22 14:29:00,2026-04-22 14:29:59,Q08,481.80,131.00,62.40,63.00,99.90,8.40,-0.17,480.60,124.30,58.40,59.50,99.90,9.30,-0.31,482.00,123.80,58.40,59.30,99.90,7.80,-1.31,481.47,126.37,179.20,181.80,99.90,8.50,-1.80
2026-04-22 14:30:00,2026-04-22 14:30:59,Q08,480.30,113.80,53.50,54.20,99.90,9.50,-0.03,482.00,108.00,51.50,52.10,99.90,11.20,-0.49,482.30,109.90,51.50,52.50,99.90,8.50,-0.80,481.53,110.57,156.50,158.80,99.90,9.73,-1.31
2026-04-22 14:31:00,2026-04-22 14:31:59,Q08,482.20,96.80,45.50,46.30,99.90,9.20,-0.29,481.00,93.10,43.60,44.70,99.90,8.50,-0.26,482.20,92.50,43.60,44.30,99.90,8.50,-0.26,481.80,94.13,132.70,135.30,99.90,8.73,-0.80
2026-04-22 14:32:00,2026-04-22 14:32:59,Q08,480.90,98.10,46.50,47.00,99.90,8.90,-0.20,480.80,94.70,44.50,45.10,99.90,9.10,-0.34,482.40,94.80,44.50,45.30,99.90,8.50,-0.26,481.37,95.87,135.50,137.40,99.90,8.83,-0.80
2026-04-22 14:33:00,2026-04-22 14:33:59,Q08,480.40,110.40,51.50,52.80,99.90,8.60,-0.14,482.10,102.70,48.50,49.20,99.90,9.20,-0.51,481.40,104.60,49.50,50.00,99.90,8.30,-1.00,481.30,105.90,149.50,152.00,99.90,8.70,-1.66
2026-04-22 14:34:00,2026-04-22 14:34:59,Q08,480.40,101.50,47.50,48.50,99.90,8.80,-0.23,482.10,96.40,45.50,46.30,99.90,9.50,-0.49,481.20,96.70,45.50,46.20,99.90,8.70,-0.37,481.23,98.20,138.50,141.00,99.90,9.00,-1.09
2026-04-22 14:35:00,2026-04-22 14:35:59,Q08,480.30,97.30,45.50,46.60,99.90,8.90,-0.14,481.10,94.00,44.50,45.20,99.90,9.10,-0.43,482.10,95.80,44.50,45.80,99.90,8.60,-0.09,481.17,95.70,134.50,137.60,99.90,8.87,-0.66
2026-04-22 14:36:00,2026-04-22 14:36:59,Q08,480.60,100.30,47.50,48.00,99.90,9.20,-0.17,481.00,97.30,45.50,46.70,99.90,9.30,-0.43,482.30,98.40,46.50,47.20,99.90,7.60,-0.11,481.30,98.67,139.50,141.90,99.90,8.70,-0.71
2026-04-22 14:37:00,2026-04-22 14:37:59,Q08,482.50,98.70,46.50,47.20,99.90,8.50,-0.26,481.10,94.20,44.50,45.20,99.90,8.70,-0.34,481.40,95.60,44.50,45.70,99.90,8.00,-0.23,481.67,96.17,135.50,138.10,99.90,8.40,-0.83
2026-04-22 14:38:00,2026-04-22 14:38:59,Q08,481.10,129.00,61.40,62.00,99.90,8.20,-0.09,483.10,119.80,56.40,57.50,99.90,9.40,-0.51,482.40,122.30,57.40,58.80,99.90,8.60,-0.97,482.20,123.70,175.20,178.30,99.90,8.73,-1.57
2026-04-22 14:39:00,2026-04-22 14:39:59,Q08,481.30,130.60,61.40,62.50,99.90,8.10,-0.06,482.90,124.40,58.40,59.80,99.90,8.70,-0.51,481.70,124.40,58.40,59.60,99.90,7.20,-0.71,481.97,126.47,178.20,181.90,99.90,8.00,-1.29
2026-04-22 14:40:00,2026-04-22 14:40:59,Q08,481.80,89.50,41.60,42.80,99.90,10.10,-0.17,482.10,83.30,39.60,40.00,99.90,10.20,-0.40,484.00,84.40,39.60,40.70,99.90,9.50,-0.43,482.63,85.73,120.80,123.50,99.90,9.93,-1.00
2026-04-22 14:41:00,2026-04-22 14:41:59,Q08,482.00,113.10,53.50,54.50,99.90,8.10,-0.11,481.80,107.50,50.50,51.50,99.90,8.90,-0.43,483.50,108.80,51.50,52.20,99.90,7.20,-0.63,482.43,109.80,155.50,158.20,99.90,8.07,-1.17
2026-04-22 14:42:00,2026-04-22 14:42:59,Q08,481.40,103.10,48.50,49.50,99.90,8.50,-0.29,480.80,100.10,47.50,48.00,99.90,9.10,-0.40,482.40,99.10,46.50,47.70,99.90,7.60,-0.60,481.53,100.77,142.50,145.20,99.90,8.40,-1.29
2026-04-22 14:43:00,2026-04-22 14:43:59,Q08,480.90,127.60,59.40,61.00,99.90,8.70,-0.11,480.40,115.80,54.50,55.20,99.90,9.30,-0.37,482.50,120.90,56.40,57.80,99.80,7.80,-1.91,481.27,121.43,170.30,174.00,99.87,8.60,-2.40
2026-04-22 14:44:00,2026-04-22 14:44:59,Q08,481.10,119.60,56.40,57.20,99.90,9.50,-0.23,481.70,110.70,51.50,52.90,99.90,10.30,-0.49,481.00,113.60,53.50,54.40,99.90,8.30,-1.09,481.27,114.63,161.40,164.50,99.90,9.37,-1.80
2026-04-22 14:45:00,2026-04-22 14:45:59,Q08,480.10,103.40,48.50,49.40,99.90,8.40,-0.20,481.10,97.70,45.50,46.70,99.90,9.00,-0.46,481.60,98.80,46.50,47.10,99.90,7.90,-0.71,480.93,99.97,140.50,143.20,99.90,8.43,-1.37
2026-04-22 14:46:00,2026-04-22 14:46:59,Q08,481.40,110.50,51.50,52.90,99.90,9.00,-0.31,480.40,103.30,48.50,49.40,99.90,8.60,-0.40,480.60,107.00,50.50,51.40,99.90,7.90,-0.43,480.80,106.93,150.50,153.70,99.90,8.50,-1.14
2026-04-22 14:47:00,2026-04-22 14:47:59,Q08,479.90,98.30,45.50,46.90,99.90,8.90,-0.20,481.80,93.00,43.60,44.70,99.90,8.90,-0.49,481.00,95.80,44.50,45.70,99.90,7.90,-0.57,480.90,95.70,133.60,137.30,99.90,8.57,-1.26
2026-04-22 14:48:00,2026-04-22 14:48:59,Q08,479.80,120.30,56.40,57.50,99.90,8.80,-0.03,481.50,113.70,53.50,54.40,99.90,10.10,-0.54,481.60,115.00,54.50,55.30,99.90,7.80,-0.83,480.97,116.33,164.40,167.20,99.90,8.90,-1.40
2026-04-22 14:49:00,2026-04-22 14:49:59,Q08,480.60,115.90,54.50,55.20,99.90,9.10,-0.11,479.90,108.30,50.50,51.70,99.90,9.90,-0.37,482.30,109.70,51.50,52.50,99.90,8.30,-0.77,480.93,111.30,156.50,159.40,99.90,9.10,-1.26
2026-04-22 14:50:00,2026-04-22 14:50:59,Q08,479.50,115.40,54.50,55.10,99.90,8.70,-0.11,481.20,110.60,51.50,52.90,99.90,9.20,-0.60,480.40,111.80,52.50,53.30,99.90,8.00,-0.26,480.37,112.60,158.50,161.30,99.90,8.63,-0.97
2026-04-22 14:51:00,2026-04-22 14:51:59,Q08,481.60,107.00,50.50,51.50,99.90,8.10,-0.34,479.70,100.60,46.50,47.90,99.90,8.90,-0.37,480.30,101.70,47.50,48.50,99.90,7.80,-0.91,480.53,103.10,144.50,147.90,99.90,8.27,-1.63
2026-04-22 14:52:00,2026-04-22 14:52:59,Q08,480.70,101.80,47.50,48.50,99.90,9.60,-0.23,482.00,100.00,47.50,48.20,99.90,10.20,-0.49,480.10,99.70,46.50,47.50,99.90,8.10,0.23,480.93,100.50,141.50,144.20,99.90,9.30,-0.49
2026-04-22 14:53:00,2026-04-22 14:53:59,Q08,481.30,135.00,63.40,64.90,99.90,9.10,-0.26,480.70,127.20,59.40,61.00,99.90,9.90,-0.46,480.50,128.00,60.40,61.40,99.90,7.30,-0.94,480.83,130.07,183.20,187.30,99.90,8.77,-1.66
2026-04-22 14:54:00,2026-04-22 14:54:59,Q08,479.90,107.50,50.50,51.30,99.90,9.60,-0.20,482.20,105.60,49.50,50.60,99.90,10.20,-0.57,481.00,104.20,49.50,50.00,99.90,7.50,0.60,481.03,105.77,149.50,151.90,99.90,9.10,-0.17
2026-04-22 14:55:00,2026-04-22 14:55:59,Q08,480.40,118.20,55.40,56.60,99.90,8.90,-0.06,481.30,115.10,54.50,55.30,99.90,10.00,-0.46,482.70,113.70,53.50,54.50,99.90,8.10,-0.34,481.47,115.67,163.40,166.40,99.90,9.00,-0.86
2026-04-22 14:56:00,2026-04-22 14:56:59,Q08,481.50,117.60,55.40,56.30,99.90,9.40,-0.17,481.40,112.10,52.50,53.90,99.90,10.00,-0.46,480.40,112.70,52.50,53.80,99.90,8.20,-0.37,481.10,114.13,160.40,164.00,99.90,9.20,-1.00
2026-04-22 14:57:00,2026-04-22 14:57:59,Q08,480.90,128.40,60.40,61.40,99.90,9.50,-0.11,479.80,120.50,56.40,57.50,99.90,9.90,-0.34,481.80,123.10,58.40,59.20,99.80,8.20,-1.60,480.83,124.00,175.20,178.10,99.87,9.20,-2.06
2026-04-22 14:58:00,2026-04-22 14:58:59,Q08,480.10,109.00,51.50,52.30,99.90,8.60,-0.14,482.20,109.00,51.50,52.50,99.90,9.80,-0.54,481.50,107.30,50.50,51.50,99.90,7.90,0.40,481.27,108.43,153.50,156.30,99.90,8.77,-0.29
2026-04-22 14:59:00,2026-04-22 14:59:59,Q08,480.40,105.90,49.50,50.40,99.90,8.50,-0.23,481.50,101.10,47.50,48.60,99.90,9.90,-0.49,480.10,101.60,47.50,48.50,99.90,8.90,-0.60,480.67,102.87,144.50,147.50,99.90,9.10,-1.31
2026-04-22 15:00:00,2026-04-22 15:00:59,Q08,479.20,111.20,52.50,53.20,99.90,9.30,-0.06,480.60,107.80,50.50,51.40,99.90,9.40,-0.51,480.90,107.90,50.50,51.40,99.90,8.10,-0.29,480.23,108.97,153.50,156.00,99.90,8.93,-0.86
2026-04-22 15:01:00,2026-04-22 15:01:59,Q08,479.00,109.40,51.50,52.20,99.90,8.70,-0.03,480.50,104.00,48.50,49.90,99.90,10.10,-0.51,480.60,105.40,49.50,50.40,99.90,8.30,-0.86,480.03,106.27,149.50,152.50,99.90,9.03,-1.40
2026-04-22 15:02:00,2026-04-22 15:02:59,Q08,481.00,113.00,53.50,54.40,99.90,9.20,-0.17,480.00,107.70,50.50,51.40,99.90,9.10,-0.40,482.20,108.90,51.50,52.10,99.90,8.50,-0.49,481.07,109.87,155.50,157.90,99.90,8.93,-1.06
2026-04-22 15:03:00,2026-04-22 15:03:59,Q08,480.90,114.80,53.50,54.70,99.90,7.30,-0.26,479.30,107.70,50.50,51.30,99.90,8.80,-0.31,481.20,108.80,50.50,51.90,99.90,6.90,-0.54,480.47,110.43,154.50,157.90,99.90,7.67,-1.11
2026-04-22 15:04:00,2026-04-22 15:04:59,Q08,481.30,102.40,48.50,49.10,99.90,8.10,-0.20,479.10,95.40,44.50,45.50,99.90,8.60,-0.34,480.90,97.80,45.50,46.60,99.90,8.40,-1.14,480.43,98.53,138.50,141.20,99.90,8.37,-1.69
2026-04-22 15:05:00,2026-04-22 15:05:59,Q08,481.00,104.20,49.50,50.00,99.90,8.40,-0.31,479.90,98.40,45.50,46.90,99.90,8.90,-0.37,480.90,99.20,46.50,47.50,99.90,7.40,-0.34,480.60,100.60,141.50,144.40,99.90,8.23,-1.03
2026-04-22 15:06:00,2026-04-22 15:06:59,Q08,481.30,123.40,58.40,59.20,99.90,7.40,-0.20,481.60,121.20,57.40,58.20,99.90,8.30,-0.54,480.40,119.40,56.40,57.10,99.90,6.60,-0.06,481.10,121.33,172.20,174.50,99.90,7.43,-0.80
2026-04-22 15:07:00,2026-04-22 15:07:59,Q08,480.00,116.40,54.50,55.70,99.90,7.60,-0.03,481.50,109.30,51.50,52.40,99.90,9.00,-0.51,481.90,112.60,52.50,53.90,99.90,7.60,-1.34,481.13,112.77,158.50,162.00,99.90,8.07,-1.89
2026-04-22 15:09:00,2026-04-22 15:09:59,Q08,480.60,122.50,57.40,58.60,99.90,7.70,-0.11,480.90,116.70,54.50,55.70,99.90,8.70,-0.46,482.30,117.40,55.40,56.40,99.90,7.40,-0.86,481.27,118.87,167.30,170.70,99.90,7.93,-1.43
2026-04-22 15:10:00,2026-04-22 15:10:59,Q08,480.10,125.10,59.40,60.00,99.90,8.00,-0.09,479.70,120.30,56.40,57.50,99.90,9.50,-0.37,481.70,122.20,57.40,58.70,99.90,7.50,-0.34,480.50,122.53,173.20,176.20,99.90,8.33,-0.80
2026-04-22 15:11:00,2026-04-22 15:11:59,Q08,479.80,125.10,58.40,59.90,99.90,8.20,-0.09,481.40,120.00,56.40,57.70,99.90,9.10,-0.54,480.00,123.00,58.40,59.00,99.90,7.30,-0.89,480.40,122.70,173.20,176.60,99.90,8.20,-1.51
2026-04-22 15:12:00,2026-04-22 15:12:59,Q08,481.40,122.20,57.40,58.70,99.90,8.90,-0.26,480.10,117.30,55.40,56.20,99.90,9.10,-0.37,479.90,117.70,55.40,56.00,99.90,7.20,-0.14,480.47,119.07,168.20,170.90,99.90,8.40,-0.77
2026-04-22 15:13:00,2026-04-22 15:13:59,Q08,481.20,126.20,59.40,60.60,99.90,7.70,-0.26,480.70,119.70,56.40,57.10,99.90,8.90,-0.43,479.90,121.40,56.40,58.00,99.90,7.10,-1.03,480.60,122.43,172.20,175.70,99.90,7.90,-1.71
2026-04-22 15:14:00,2026-04-22 15:14:59,Q08,480.10,110.60,51.50,52.80,99.90,9.00,-0.11,481.50,106.10,49.50,51.00,99.90,8.80,-0.51,481.10,106.90,49.50,51.00,99.90,7.60,-0.09,480.90,107.87,150.50,154.80,99.90,8.47,-0.71
2026-04-22 15:15:00,2026-04-22 15:15:59,Q08,480.60,119.90,56.40,57.10,99.90,7.70,-0.17,481.90,113.10,53.50,54.40,99.90,8.60,-0.51,480.80,112.60,52.50,53.80,99.90,7.60,-0.86,481.10,115.20,162.40,165.30,99.90,7.97,-1.54
2026-04-22 15:16:00,2026-04-22 15:16:59,Q08,481.10,106.50,49.50,51.00,99.90,8.90,-0.23,481.70,100.60,47.50,48.10,99.90,9.10,-0.49,480.40,102.40,47.50,49.00,99.90,8.20,-0.20,481.07,103.17,144.50,148.10,99.90,8.73,-0.91
2026-04-22 15:17:00,2026-04-22 15:17:59,Q08,480.40,113.80,53.50,54.20,99.90,8.00,-0.17,481.50,109.80,51.50,52.40,99.90,8.80,-0.49,481.90,107.60,50.50,51.50,99.90,7.40,-0.34,481.27,110.40,155.50,158.10,99.90,8.07,-1.00
2026-04-22 15:18:00,2026-04-22 15:18:59,Q08,480.40,104.50,48.50,49.90,99.90,9.00,-0.17,481.10,98.30,46.50,47.10,99.90,9.00,-0.46,482.40,100.30,47.50,48.20,99.90,7.90,-0.43,481.30,101.03,142.50,145.20,99.90,8.63,-1.06
2026-04-22 15:19:00,2026-04-22 15:19:59,Q08,482.20,125.70,59.40,60.20,99.90,8.00,-0.26,481.90,118.30,55.40,56.80,99.90,8.60,-0.46,481.20,118.10,55.40,56.80,99.90,7.40,-0.91,481.77,120.70,170.20,173.80,99.90,8.00,-1.63
2026-04-22 15:20:00,2026-04-22 15:20:59,Q08,481.10,104.80,49.50,50.00,99.90,8.70,-0.17,482.50,101.20,47.50,48.70,99.90,9.00,-0.51,481.30,101.10,48.00,48.60,100.00,7.80,0.00,481.63,102.37,145.00,147.30,99.93,8.50,-0.69
2026-04-22 15:21:00,2026-04-22 15:21:59,Q08,482.30,106.10,50.50,51.10,99.90,8.90,-0.31,481.50,99.70,46.50,47.60,99.90,9.50,-0.43,481.10,101.30,47.50,48.60,99.90,8.20,-0.63,481.63,102.37,144.50,147.30,99.90,8.87,-1.37
2026-04-22 15:22:00,2026-04-22 15:22:59,Q08,480.80,117.50,55.40,56.20,99.90,8.40,-0.09,481.10,111.40,52.50,53.40,99.90,9.40,-0.40,482.90,110.50,52.50,53.00,99.90,7.60,-0.57,481.60,113.13,160.40,162.60,99.90,8.47,-1.06
2026-04-22 15:23:00,2026-04-22 15:23:59,Q08,481.70,103.10,48.50,49.50,99.90,8.70,-0.20,481.00,98.00,46.50,47.10,99.90,8.60,-0.37,483.00,98.90,46.50,47.30,99.90,7.90,-0.54,481.90,100.00,141.50,143.90,99.90,8.40,-1.11
2026-04-22 15:24:00,2026-04-22 15:24:59,Q08,481.80,125.10,59.40,60.10,99.90,8.40,-0.20,482.00,114.70,53.50,54.90,99.90,9.60,-0.51,481.10,117.00,55.40,56.30,99.80,8.30,-1.86,481.63,118.93,168.30,171.30,99.87,8.77,-2.57
2026-04-22 15:25:00,2026-04-22 15:25:59,Q08,480.80,129.30,60.40,61.90,99.90,7.60,-0.06,482.10,122.20,57.40,58.80,99.90,9.10,-0.54,482.70,122.60,57.40,58.80,99.90,7.00,-1.23,481.87,124.70,175.20,179.50,99.90,7.90,-1.83
2026-04-22 15:26:00,2026-04-22 15:26:59,Q08,481.10,120.30,56.40,57.70,99.90,8.00,-0.09,481.50,115.20,54.50,55.30,99.90,8.40,-0.43,483.10,117.10,55.40,56.50,99.90,7.50,-0.34,481.90,117.53,166.30,169.50,99.90,7.97,-0.86
2026-04-22 15:27:00,2026-04-22 15:27:59,Q08,481.10,102.60,48.50,49.10,99.90,8.50,-0.11,481.10,97.70,45.50,46.70,99.90,9.70,-0.40,483.00,98.20,46.50,47.30,99.90,8.20,-0.46,481.73,99.50,140.50,143.10,99.90,8.80,-0.97
2026-04-22 15:28:00,2026-04-22 15:28:59,Q08,481.80,99.90,46.50,47.60,99.90,9.60,-0.23,481.30,92.70,43.60,44.30,99.90,9.40,-0.43,481.30,94.50,44.50,45.20,99.90,8.40,-0.57,481.47,95.70,134.60,137.10,99.90,9.13,-1.23
2026-04-22 15:29:00,2026-04-22 15:29:59,Q08,481.00,132.20,62.40,63.50,99.90,8.20,-0.14,481.70,126.50,59.40,60.60,99.90,9.20,-0.51,481.00,127.50,60.40,61.10,99.90,7.70,-1.00,481.23,128.73,182.20,185.20,99.90,8.37,-1.66
2026-04-22 15:30:00,2026-04-22 15:30:59,Q08,482.00,129.90,61.40,62.20,99.90,8.10,-0.26,480.70,123.50,58.40,59.00,99.90,9.60,-0.43,481.10,123.80,58.40,59.20,99.90,7.50,-1.06,481.27,125.73,178.20,180.40,99.90,8.40,-1.74
2026-04-22 15:31:00,2026-04-22 15:31:59,Q08,482.20,120.70,56.40,57.80,99.90,8.30,-0.20,481.40,113.70,53.50,54.40,99.90,8.70,-0.40,480.80,116.10,54.50,55.70,99.90,7.90,-1.20,481.47,116.83,164.40,167.90,99.90,8.30,-1.80
2026-04-22 15:32:00,2026-04-22 15:32:59,Q08,482.20,116.20,54.50,55.90,99.90,8.70,-0.23,481.70,111.10,52.50,53.40,99.90,9.30,-0.46,480.90,110.90,51.50,52.80,99.90,7.80,-0.34,481.60,112.73,158.50,162.10,99.90,8.60,-1.03
2026-04-22 15:33:00,2026-04-22 15:33:59,Q08,480.50,125.80,59.40,60.00,99.90,7.70,-0.06,482.20,118.70,55.40,56.90,99.90,8.30,-0.57,481.90,121.80,57.40,58.20,99.90,7.50,-0.69,481.53,122.10,172.20,175.10,99.90,7.83,-1.31
2026-04-22 15:34:00,2026-04-22 15:34:59,Q08,481.40,120.30,56.40,57.70,99.90,8.20,-0.23,482.20,109.00,51.50,52.50,99.90,9.70,-0.51,481.20,114.00,53.50,54.80,99.80,8.00,-1.86,481.60,114.43,161.40,165.00,99.87,8.63,-2.60
2026-04-22 15:35:00,2026-04-22 15:35:59,Q08,480.90,124.50,58.40,59.50,99.90,8.00,-0.03,481.60,118.30,55.40,56.80,99.90,9.30,-0.46,483.20,120.50,56.40,58.00,99.90,7.30,-1.43,481.90,121.10,170.20,174.30,99.90,8.20,-1.91
2026-04-22 15:36:00,2026-04-22 15:36:59,Q08,480.90,118.50,55.40,56.60,99.90,8.40,-0.06,481.30,108.70,50.50,51.90,99.90,9.60,-0.46,483.40,111.30,52.50,53.60,99.80,8.20,-1.43,481.87,112.83,158.40,162.10,99.87,8.73,-1.94
2026-04-22 15:37:00,2026-04-22 15:37:59,Q08,481.40,128.40,60.40,61.60,99.90,8.60,-0.17,482.90,120.30,56.40,57.80,99.90,9.60,-0.51,481.90,122.20,57.40,58.70,99.90,8.00,-1.14,482.07,123.63,174.20,178.10,99.90,8.73,-1.83
2026-04-22 15:38:00,2026-04-22 15:38:59,Q08,482.40,119.90,56.40,57.40,99.90,7.40,-0.29,482.10,113.40,53.50,54.50,99.90,8.70,-0.40,481.90,112.80,52.50,53.90,99.90,7.60,-1.00,482.13,115.37,162.40,165.80,99.90,7.90,-1.69
2026-04-22 15:39:00,2026-04-22 15:39:59,Q08,481.60,109.30,51.50,52.40,99.90,8.60,-0.26,482.80,102.50,48.50,49.20,99.90,8.70,-0.51,482.80,102.40,48.50,49.20,99.90,8.20,-1.06,482.40,104.73,148.50,150.80,99.90,8.50,-1.83
2026-04-22 15:40:00,2026-04-22 15:40:59,Q08,481.50,106.20,49.50,51.00,99.90,8.80,-0.14,482.50,99.30,46.50,47.70,99.90,9.10,-0.49,483.10,102.80,48.50,49.30,99.90,7.90,-0.83,482.37,102.77,144.50,148.00,99.90,8.60,-1.46
2026-04-22 15:41:00,2026-04-22 15:41:59,Q08,481.60,126.20,59.40,60.60,99.90,8.10,-0.11,482.00,117.60,55.40,56.40,99.90,9.50,-0.49,483.60,120.20,56.40,58.00,99.90,8.00,-1.31,482.40,121.33,171.20,175.00,99.90,8.53,-1.91
2026-04-22 15:42:00,2026-04-22 15:42:59,Q08,482.30,121.10,57.40,58.30,99.90,7.80,-0.17,481.70,111.90,52.50,53.40,99.90,8.60,-0.34,483.70,113.70,53.50,54.60,99.90,7.60,-1.29,482.57,115.57,163.40,166.30,99.90,8.00,-1.80
2026-04-22 15:43:00,2026-04-22 15:43:59,Q08,481.30,128.80,60.40,61.60,99.90,8.80,-0.09,481.50,121.50,57.40,58.20,99.90,9.50,-0.43,483.50,124.30,58.40,59.90,99.90,7.70,-0.77,482.10,124.87,176.20,179.70,99.90,8.67,-1.29
2026-04-22 15:44:00,2026-04-22 15:44:59,Q08,482.70,134.60,63.40,64.60,99.90,8.70,-0.23,482.70,122.30,57.40,58.80,99.90,10.10,-0.43,481.80,124.20,58.40,59.60,99.80,7.70,-1.83,482.40,127.03,179.20,183.00,99.87,8.83,-2.49
2026-04-22 15:45:00,2026-04-22 15:45:59,Q08,481.70,124.40,58.40,59.60,99.90,8.10,-0.17,481.80,115.10,54.50,55.30,99.90,9.50,-0.37,483.80,119.30,56.40,57.50,99.90,7.10,-1.09,482.43,119.60,169.30,172.40,99.90,8.23,-1.63
2026-04-22 15:46:00,2026-04-22 15:46:59,Q08,482.90,101.00,47.50,48.70,99.90,8.30,-0.29,481.90,95.30,44.50,45.70,99.90,8.30,-0.37,482.80,95.20,44.50,45.80,99.90,7.60,-0.69,482.53,97.17,136.50,140.20,99.90,8.07,-1.34
2026-04-22 15:47:00,2026-04-22 15:47:59,Q08,483.10,115.90,54.50,55.50,99.90,8.60,-0.34,482.20,110.40,52.50,53.00,99.90,9.00,-0.43,482.20,109.80,51.50,52.50,99.90,8.40,-0.83,482.50,112.03,158.50,161.00,99.90,8.67,-1.60
2026-04-22 15:48:00,2026-04-22 15:48:59,Q08,482.90,121.10,57.40,58.30,99.90,8.30,-0.23,482.50,115.60,54.50,55.40,99.90,9.20,-0.40,482.00,116.10,54.50,55.90,99.90,7.70,-0.57,482.47,117.60,166.40,169.60,99.90,8.40,-1.20
2026-04-22 15:49:00,2026-04-22 15:49:59,Q08,482.20,131.90,62.40,63.10,99.90,7.60,-0.20,481.10,123.80,58.40,59.20,99.90,8.90,-0.40,482.90,126.10,59.40,60.70,99.90,7.80,-1.09,482.07,127.27,180.20,183.00,99.90,8.10,-1.69
2026-04-22 15:50:00,2026-04-22 15:50:59,Q08,482.80,127.50,60.40,61.20,99.90,8.60,-0.23,481.70,117.50,55.40,56.30,99.90,9.80,-0.34,482.30,121.30,57.40,58.30,99.80,7.90,-1.60,482.27,122.10,173.20,175.80,99.87,8.77,-2.17
2026-04-22 15:51:00,2026-04-22 15:51:59,Q08,481.90,138.40,65.30,66.40,99.90,7.50,-0.20,480.90,128.70,60.40,61.40,99.90,8.80,-0.34,483.00,132.50,62.40,63.80,99.90,7.60,-1.34,481.93,133.20,188.10,191.60,99.90,7.97,-1.89
2026-04-22 15:52:00,2026-04-22 15:52:59,Q08,480.90,125.50,59.40,60.00,99.90,8.10,0.00,481.90,118.60,55.40,56.80,99.90,9.20,-0.43,483.10,121.50,57.40,58.40,99.90,7.50,-1.29,481.97,121.87,172.20,175.20,99.90,8.27,-1.71
2026-04-22 15:53:00,2026-04-22 15:53:59,Q08,482.10,134.40,63.40,64.60,99.90,8.60,-0.26,480.80,126.60,59.40,60.50,99.90,9.80,-0.29,481.50,129.60,61.40,62.00,99.90,8.70,-1.20,481.47,130.20,184.20,187.10,99.90,9.03,-1.74
2026-04-22 15:54:00,2026-04-22 15:54:59,Q08,481.20,132.50,62.40,63.50,99.90,8.40,-0.09,481.40,119.70,56.40,57.20,99.90,9.50,-0.40,483.20,121.80,57.40,58.40,99.80,7.90,-1.86,481.93,124.67,176.20,179.10,99.87,8.60,-2.34
2026-04-22 15:55:00,2026-04-22 15:55:59,Q08,480.90,127.00,59.40,61.00,99.90,8.40,-0.11,483.00,118.70,55.40,57.00,99.90,9.10,-0.57,482.00,122.50,57.40,58.80,99.90,7.30,-1.34,481.97,122.73,172.20,176.80,99.90,8.27,-2.03
2026-04-22 15:56:00,2026-04-22 15:56:59,Q08,481.00,124.60,58.40,59.60,99.90,9.20,-0.03,481.40,115.60,54.50,55.30,99.90,10.40,-0.40,483.40,119.60,56.40,57.50,99.80,8.00,-1.66,481.93,119.93,169.30,172.40,99.87,9.20,-2.09
2026-04-22 15:57:00,2026-04-22 15:57:59,Q08,481.30,119.00,56.40,57.20,99.90,9.00,-0.17,481.10,110.30,51.50,52.90,99.90,10.00,-0.37,483.00,113.10,53.50,54.60,99.90,7.90,-1.37,481.80,114.13,161.40,164.70,99.90,8.97,-1.91
2026-04-22 15:58:00,2026-04-22 15:58:59,Q08,481.20,114.10,53.50,54.80,99.90,7.90,-0.26,483.10,104.00,49.50,50.20,99.90,9.00,-0.49,482.00,107.70,50.50,51.60,99.80,7.60,-1.40,482.10,108.60,153.50,156.60,99.87,8.17,-2.14
2026-04-22 15:59:00,2026-04-22 15:59:59,Q08,480.80,129.10,60.40,61.90,99.90,8.60,-0.17,482.00,120.90,56.40,57.80,99.90,9.80,-0.57,481.20,124.20,58.40,59.60,99.80,7.40,-1.71,481.33,124.73,175.20,179.30,99.87,8.60,-2.46
2026-04-22 16:00:00,2026-04-22 16:00:59,Q08,481.50,118.30,55.40,56.80,99.90,8.20,-0.29,481.40,115.50,54.50,55.30,99.90,8.40,-0.43,480.90,116.10,54.50,55.70,99.90,7.60,-0.40,481.27,116.63,164.40,167.80,99.90,8.07,-1.11
2026-04-22 16:01:00,2026-04-22 16:01:59,Q08,481.30,117.70,55.40,56.30,99.90,8.40,-0.23,482.00,110.80,52.50,53.00,99.90,9.60,-0.51,481.00,112.50,52.50,53.90,99.90,8.20,-1.03,481.43,113.67,160.40,163.20,99.90,8.73,-1.77
2026-04-22 16:02:00,2026-04-22 16:02:59,Q08,481.70,115.90,54.50,55.30,99.90,8.30,-0.29,481.60,111.10,52.50,53.40,99.90,9.10,-0.43,481.10,112.30,52.50,53.90,99.90,7.70,-0.54,481.47,113.10,159.50,162.60,99.90,8.37,-1.26
2026-04-22 16:03:00,2026-04-22 16:03:59,Q08,481.90,98.60,46.50,47.10,99.90,8.60,-0.34,481.10,91.70,42.60,43.80,99.90,9.60,-0.40,481.60,93.00,43.60,44.70,99.90,7.60,-1.14,481.53,94.43,132.70,135.60,99.90,8.60,-1.89
2026-04-22 16:04:00,2026-04-22 16:04:59,Q08,481.80,133.40,62.40,64.00,99.90,7.80,-0.29,481.20,123.60,58.40,59.20,99.90,8.60,-0.43,481.10,124.70,58.40,59.60,99.90,7.50,-1.34,481.37,127.23,179.20,182.80,99.90,7.97,-2.06
2026-04-22 16:05:00,2026-04-22 16:05:59,Q08,481.10,133.30,62.40,64.00,99.90,8.40,-0.23,481.60,125.70,59.40,60.10,99.90,8.90,-0.49,480.70,128.40,60.40,61.40,99.90,7.50,-1.20,481.13,129.13,182.20,185.50,99.90,8.27,-1.91
2026-04-22 16:06:00,2026-04-22 16:06:59,Q08,480.70,135.40,63.40,64.80,99.90,8.50,-0.23,480.80,126.80,59.40,60.50,99.90,9.70,-0.43,479.60,127.30,59.40,60.80,99.90,7.50,-1.43,480.37,129.83,182.20,186.10,99.90,8.57,-2.09
2026-04-22 16:08:00,2026-04-22 16:08:59,Q08,480.70,127.90,59.40,61.00,99.90,8.20,-0.20,481.70,121.10,57.40,58.20,99.90,8.90,-0.54,480.00,122.40,57.40,58.60,99.90,7.00,-1.31,480.80,123.80,174.20,177.80,99.90,8.03,-2.06
2026-04-22 16:09:00,2026-04-22 16:09:59,Q08,481.30,102.50,48.50,49.10,99.90,8.70,-0.37,480.40,97.90,45.50,46.60,99.90,9.10,-0.40,480.20,97.20,45.50,46.60,99.90,7.10,-0.29,480.63,99.20,139.50,142.30,99.90,8.30,-1.06
2026-04-22 16:10:00,2026-04-22 16:10:59,Q08,480.60,114.90,53.50,54.70,99.90,7.90,-0.31,480.70,109.80,51.50,52.30,99.90,9.40,-0.46,479.70,111.20,52.50,53.20,99.90,7.50,-0.86,480.33,111.97,157.50,160.20,99.90,8.27,-1.63
2026-04-22 16:11:00,2026-04-22 16:11:59,Q08,479.30,113.90,53.50,54.10,99.90,7.80,-0.23,481.10,109.30,51.50,52.40,99.90,8.30,-0.57,480.40,111.10,52.50,53.30,99.90,7.40,-0.23,480.27,111.43,157.50,159.80,99.90,7.83,-1.03
2026-04-22 16:12:00,2026-04-22 16:12:59,Q08,480.30,104.20,48.50,49.90,99.90,8.40,-0.31,481.30,97.00,45.50,46.70,99.90,9.50,-0.51,479.80,100.50,46.50,47.90,99.80,7.60,-1.29,480.47,100.57,140.50,144.50,99.87,8.50,-2.11
2026-04-22 16:13:00,2026-04-22 16:13:59,Q08,480.90,116.30,54.50,55.70,99.90,8.00,-0.26,479.20,112.50,52.50,53.60,99.90,7.90,-0.31,480.10,112.50,52.50,53.80,99.90,7.00,-0.23,480.07,113.77,159.50,163.10,99.90,7.63,-0.80
2026-04-22 16:14:00,2026-04-22 16:14:59,Q08,479.00,112.40,52.50,53.60,99.90,7.50,-0.11,479.90,105.90,49.50,50.30,99.90,8.00,-0.43,481.30,106.10,49.50,51.00,99.90,7.00,-0.80,480.07,108.13,151.50,154.90,99.90,7.50,-1.34
2026-04-22 16:15:00,2026-04-22 16:15:59,Q08,480.40,104.10,48.50,49.90,99.90,8.40,-0.34,480.10,96.30,45.50,46.10,99.90,8.80,-0.43,479.30,99.40,46.50,47.40,99.90,7.40,-0.71,479.93,99.93,140.50,143.40,99.90,8.20,-1.49
2026-04-22 16:16:00,2026-04-22 16:16:59,Q08,478.90,127.40,59.40,60.70,99.90,8.40,-0.14,480.90,117.40,55.40,56.20,99.90,9.20,-0.54,480.20,119.50,56.40,57.10,99.90,7.50,-1.49,480.00,121.43,171.20,174.00,99.90,8.37,-2.17
2026-04-22 16:17:00,2026-04-22 16:17:59,Q08,481.00,108.00,50.50,51.90,99.90,8.30,-0.34,479.70,103.50,48.50,49.30,99.90,9.00,-0.40,479.70,103.80,48.50,49.30,99.90,7.90,-0.51,480.13,105.10,147.50,150.50,99.90,8.40,-1.26
2026-04-22 16:18:00,2026-04-22 16:18:59,Q08,480.90,110.20,51.50,52.80,99.90,8.10,-0.29,479.40,103.60,48.50,49.30,99.90,8.20,-0.37,480.50,103.40,48.50,49.40,99.90,7.40,-0.89,480.27,105.73,148.50,151.50,99.90,7.90,-1.54
2026-04-22 16:19:00,2026-04-22 16:19:59,Q08,481.00,135.20,63.40,64.90,99.90,9.60,-0.26,480.40,120.10,56.40,57.60,99.90,10.30,-0.46,479.90,125.00,58.40,59.90,99.80,8.80,-2.03,480.43,126.77,178.20,182.40,99.87,9.57,-2.74
2026-04-22 16:20:00,2026-04-22 16:20:59,Q08,481.10,117.20,55.40,56.30,99.90,8.20,-0.40,480.30,112.10,52.50,53.80,99.90,9.20,-0.43,480.10,111.80,52.50,53.30,99.90,7.90,-0.51,480.50,113.70,160.40,163.40,99.90,8.43,-1.34
2026-04-22 16:21:00,2026-04-22 16:21:59,Q08,479.30,104.70,48.50,49.80,99.90,8.60,-0.20,480.80,100.90,47.50,48.00,99.90,8.70,-0.51,481.40,100.90,47.50,48.10,99.90,8.20,-0.46,480.50,102.17,143.50,145.90,99.90,8.50,-1.17
2026-04-22 16:22:00,2026-04-22 16:22:59,Q08,480.70,125.20,59.40,60.00,99.90,8.30,-0.26,479.80,113.20,53.50,54.10,99.90,9.50,-0.37,481.10,117.90,55.40,56.30,99.70,8.00,-2.43,480.53,118.77,168.30,170.40,99.83,8.60,-3.06
2026-04-22 16:23:00,2026-04-22 16:23:59,Q08,479.70,110.40,51.50,52.70,99.90,8.40,-0.17,479.70,104.70,48.50,49.80,99.90,9.50,-0.43,481.20,106.20,49.50,51.00,99.90,7.80,-0.77,480.20,107.10,149.50,153.50,99.90,8.57,-1.37
2026-04-22 16:24:00,2026-04-22 16:24:59,Q08,480.30,128.90,60.40,61.40,99.90,7.70,-0.34,480.00,119.20,56.40,57.10,99.90,8.70,-0.43,479.40,121.90,56.40,58.00,99.90,7.90,-1.29,479.90,123.33,173.20,176.50,99.90,8.10,-2.06
2026-04-22 16:25:00,2026-04-22 16:25:59,Q08,480.00,137.10,64.30,65.80,99.90,8.30,-0.29,479.00,126.30,59.40,60.40,99.90,9.30,-0.37,479.30,130.10,61.40,62.30,99.80,7.60,-2.23,479.43,131.17,185.10,188.50,99.87,8.40,-2.89
2026-04-22 16:26:00,2026-04-22 16:26:59,Q08,479.60,128.20,60.40,61.30,99.90,7.10,-0.20,479.10,118.70,55.40,56.50,99.90,8.40,-0.40,480.80,122.20,57.40,58.60,99.80,6.40,-1.51,479.83,123.03,173.20,176.40,99.87,7.30,-2.11
2026-04-22 16:27:00,2026-04-22 16:27:59,Q08,479.10,109.50,51.50,52.20,99.90,8.50,-0.20,479.40,104.70,48.50,49.80,99.90,9.50,-0.46,481.00,105.10,49.50,50.50,99.90,7.80,-0.60,479.83,106.43,149.50,152.50,99.90,8.60,-1.26
2026-04-22 16:28:00,2026-04-22 16:28:59,Q08,480.20,105.70,49.50,50.40,99.90,8.00,-0.37,479.40,97.20,45.50,46.50,99.90,9.40,-0.43,479.40,98.50,45.50,46.90,99.80,7.80,-1.60,479.67,100.47,140.50,143.80,99.87,8.40,-2.40
2026-04-22 16:29:00,2026-04-22 16:29:59,Q08,479.70,111.30,52.50,53.20,99.90,8.40,-0.29,480.40,106.90,49.50,50.90,99.90,8.10,-0.51,479.30,106.00,49.50,50.80,99.90,7.70,-0.37,479.80,108.07,151.50,154.90,99.90,8.07,-1.17
2026-04-22 16:30:00,2026-04-22 16:30:59,Q08,480.30,127.60,59.40,61.00,99.90,8.00,-0.29,479.80,121.80,56.40,58.00,99.90,7.80,-0.40,479.30,121.10,56.40,58.00,99.90,7.40,-0.71,479.80,123.50,172.20,177.00,99.90,7.73,-1.40
2026-04-22 16:31:00,2026-04-22 16:31:59,Q08,479.50,110.30,51.50,52.70,99.90,8.80,-0.20,480.30,102.10,47.50,49.00,99.90,9.00,-0.51,479.10,103.10,48.50,49.30,99.90,7.80,-1.00,479.63,105.17,147.50,151.00,99.90,8.53,-1.71
2026-04-22 16:32:00,2026-04-22 16:32:59,Q08,480.70,113.70,53.50,54.20,99.90,8.00,-0.31,479.60,112.30,52.50,53.60,99.90,8.00,-0.37,479.50,112.50,52.50,53.60,99.90,7.70,-0.03,479.93,112.83,158.50,161.40,99.90,7.90,-0.71
2026-04-22 16:33:00,2026-04-22 16:33:59,Q08,480.20,125.40,59.40,60.00,99.90,8.00,-0.23,479.10,120.00,56.40,57.50,99.90,9.10,-0.37,480.30,122.10,57.40,58.60,99.90,7.80,-0.31,479.87,122.50,173.20,176.10,99.90,8.30,-0.91
2026-04-22 16:34:00,2026-04-22 16:34:59,Q08,479.60,120.50,56.40,57.50,99.90,8.00,-0.23,480.30,116.80,54.50,55.70,99.90,9.20,-0.51,479.00,117.20,55.40,56.00,99.90,7.50,-0.11,479.63,118.17,166.30,169.20,99.90,8.23,-0.86
2026-04-22 16:35:00,2026-04-22 16:35:59,Q08,478.80,122.00,57.40,58.30,99.90,8.40,-0.11,478.50,115.50,53.50,55.00,99.90,9.10,-0.40,480.40,116.60,54.50,55.70,99.90,8.20,-0.14,479.23,118.03,165.40,169.00,99.90,8.57,-0.66
2026-04-22 16:36:00,2026-04-22 16:36:59,Q08,479.20,120.20,56.40,57.50,99.90,7.90,-0.23,479.90,117.20,55.40,56.00,99.90,8.90,-0.51,478.60,118.00,55.40,56.40,99.90,7.20,0.11,479.23,118.47,167.20,169.90,99.90,8.00,-0.63
2026-04-22 16:37:00,2026-04-22 16:37:59,Q08,479.10,122.10,57.40,58.40,99.90,8.90,-0.23,479.80,117.00,55.40,56.00,99.90,9.80,-0.51,478.40,117.80,54.50,55.90,99.90,7.60,0.37,479.10,118.97,167.30,170.30,99.90,8.77,-0.37
2026-04-22 16:38:00,2026-04-22 16:38:59,Q08,479.30,119.50,56.40,57.00,99.90,8.40,-0.26,479.80,117.00,55.40,56.00,99.90,9.20,-0.49,478.50,115.10,53.50,55.00,99.90,7.70,0.11,479.20,117.20,165.30,168.00,99.90,8.43,-0.63
2026-04-22 16:39:00,2026-04-22 16:39:59,Q08,479.50,119.40,56.40,57.00,99.90,8.10,-0.17,479.60,118.30,55.40,56.50,99.90,9.20,-0.51,478.60,116.80,54.50,55.40,99.90,7.10,0.09,479.23,118.17,166.30,168.90,99.90,8.13,-0.60
2026-04-22 16:40:00,2026-04-22 16:40:59,Q08,479.50,113.40,53.50,54.10,99.90,8.50,-0.31,478.80,112.30,52.50,53.50,99.90,9.00,-0.46,478.60,110.50,51.50,52.60,99.90,7.60,0.49,478.97,112.07,157.50,160.20,99.90,8.37,-0.29
2026-04-22 16:41:00,2026-04-22 16:41:59,Q08,478.70,116.30,54.50,55.40,99.90,8.50,-0.23,479.90,114.50,53.50,54.60,99.90,9.60,-0.54,478.70,116.70,54.50,55.40,99.90,7.50,0.14,479.10,115.83,162.50,165.40,99.90,8.53,-0.63
2026-04-22 16:42:00,2026-04-22 16:42:59,Q08,477.90,115.50,53.50,54.90,99.90,8.60,-0.09,478.70,110.60,51.50,52.60,99.90,10.00,-0.43,480.20,110.40,51.50,52.80,99.90,7.50,-0.49,478.93,112.17,156.50,160.30,99.90,8.70,-1.00
2026-04-22 16:43:00,2026-04-22 16:43:59,Q08,477.50,116.30,54.50,55.30,99.90,8.10,-0.09,478.10,116.20,54.50,55.40,99.90,9.90,-0.43,479.70,115.80,54.50,55.10,99.90,7.00,0.20,478.43,116.10,163.50,165.80,99.90,8.33,-0.31
2026-04-22 16:44:00,2026-04-22 16:44:59,Q08,477.50,106.70,49.50,50.60,99.90,7.90,-0.20,479.20,103.70,48.50,49.30,99.90,7.80,-0.51,478.70,102.70,47.50,48.80,99.90,7.40,-0.20,478.47,104.37,145.50,148.70,99.90,7.70,-0.91
2026-04-22 16:45:00,2026-04-22 16:45:59,Q08,478.80,103.50,48.50,49.20,99.90,8.10,-0.31,477.20,97.60,45.50,46.30,99.90,9.10,-0.37,479.10,98.60,45.50,46.90,99.90,8.30,-0.63,478.37,99.90,139.50,142.40,99.90,8.50,-1.31
2026-04-22 16:46:00,2026-04-22 16:46:59,Q08,478.90,98.20,45.50,46.80,99.90,9.10,-0.34,477.70,94.40,43.60,44.80,99.90,9.50,-0.40,477.90,92.00,42.60,43.90,99.90,9.00,-0.03,478.17,94.87,131.70,135.50,99.90,9.20,-0.77
2026-04-22 16:47:00,2026-04-22 16:47:59,Q08,479.00,124.70,58.40,59.40,99.90,7.90,-0.23,478.50,120.70,56.40,57.40,99.90,9.30,-0.34,478.40,120.50,56.40,57.40,99.90,6.80,-0.49,478.63,121.97,171.20,174.20,99.90,8.00,-1.06
2026-04-22 16:48:00,2026-04-22 16:48:59,Q08,479.30,111.10,52.50,53.20,99.90,8.40,-0.29,478.90,102.00,47.50,48.80,99.90,9.40,-0.49,478.30,105.30,49.50,50.20,99.90,9.00,-1.00,478.83,106.13,149.50,152.20,99.90,8.93,-1.77
2026-04-22 16:49:00,2026-04-22 16:49:59,Q08,479.40,112.40,52.50,53.60,99.90,8.50,-0.37,478.10,109.50,51.50,52.10,99.90,9.40,-0.40,478.20,108.90,50.50,51.60,99.90,8.30,-0.20,478.57,110.27,154.50,157.30,99.90,8.73,-0.97
2026-04-22 16:50:00,2026-04-22 16:50:59,Q08,477.50,124.80,58.40,59.10,99.90,8.60,-0.17,479.70,121.20,56.40,58.00,99.90,9.60,-0.57,478.10,122.00,57.40,58.30,99.90,7.80,-0.40,478.43,122.67,172.20,175.40,99.90,8.67,-1.14
2026-04-22 16:51:00,2026-04-22 16:51:59,Q08,479.40,89.10,41.60,42.60,99.90,8.90,-0.29,478.80,83.20,38.60,39.70,99.90,9.60,-0.40,478.20,83.50,38.60,39.70,99.90,9.20,-0.57,478.80,85.27,118.80,122.00,99.90,9.23,-1.26
2026-04-22 16:52:00,2026-04-22 16:52:59,Q08,478.90,92.20,42.60,44.00,99.90,8.70,-0.37,477.00,86.70,40.60,41.00,99.90,9.00,-0.34,479.00,87.50,40.60,41.70,99.90,8.70,-0.26,478.30,88.80,123.80,126.70,99.90,8.80,-0.97
2026-04-22 16:53:00,2026-04-22 16:53:59,Q08,478.00,100.30,46.50,47.80,99.90,8.40,-0.29,478.90,96.10,44.50,45.90,99.90,8.60,-0.54,478.00,96.30,44.50,45.90,99.90,8.10,-0.40,478.30,97.57,135.50,139.60,99.90,8.37,-1.23
2026-04-22 16:54:00,2026-04-22 16:54:59,Q08,477.40,127.40,59.40,60.60,99.90,8.00,-0.14,478.70,119.40,55.40,56.90,99.90,8.80,-0.63,478.20,121.10,56.40,57.80,99.90,7.90,-1.40,478.10,122.63,171.20,175.30,99.90,8.23,-2.17
2026-04-22 16:55:00,2026-04-22 16:55:59,Q08,478.50,113.90,53.50,54.00,99.90,7.50,-0.23,476.90,108.10,50.50,51.40,99.90,8.30,-0.34,478.70,108.10,50.50,51.60,99.90,7.70,-0.63,478.03,110.03,154.50,157.00,99.90,7.83,-1.20
2026-04-22 16:56:00,2026-04-22 16:56:59,Q08,477.30,116.90,54.50,55.30,99.90,7.70,-0.20,478.70,111.50,52.50,53.10,99.90,8.50,-0.57,478.70,111.60,52.50,53.10,99.90,7.70,-0.63,478.23,113.33,159.50,161.50,99.90,7.97,-1.40
2026-04-22 16:57:00,2026-04-22 16:57:59,Q08,478.70,104.00,48.50,49.70,99.90,8.40,-0.34,478.70,97.60,45.50,46.40,99.90,9.10,-0.43,478.40,99.30,46.50,47.30,99.90,8.30,-0.40,478.60,100.30,140.50,143.40,99.90,8.60,-1.17
2026-04-22 16:58:00,2026-04-22 16:58:59,Q08,478.30,96.60,44.50,45.90,99.90,8.10,-0.34,478.40,92.00,42.60,44.00,99.90,8.70,-0.49,477.90,92.30,42.60,43.90,99.90,8.50,-0.37,478.20,93.63,129.70,133.80,99.90,8.43,-1.20
2026-04-22 16:59:00,2026-04-22 16:59:59,Q08,478.90,123.30,57.40,58.80,99.90,7.40,-0.26,477.60,119.00,55.40,56.80,99.90,7.90,-0.43,478.80,120.00,56.40,57.40,99.90,7.50,-0.94,478.43,120.77,169.20,173.00,99.90,7.60,-1.63
2026-04-22 17:00:00,2026-04-22 17:00:59,Q08,478.20,113.60,53.50,54.00,99.90,7.40,-0.26,478.80,105.80,49.50,50.20,99.90,8.70,-0.49,478.00,109.90,51.50,52.10,99.90,7.40,-1.14,478.33,109.77,154.50,156.30,99.90,7.83,-1.89
2026-04-22 17:01:00,2026-04-22 17:01:59,Q08,478.60,106.90,49.50,50.70,99.90,7.50,-0.31,476.90,101.40,47.50,48.10,99.90,8.50,-0.37,478.80,100.80,46.50,47.80,99.90,7.80,-0.74,478.10,103.03,143.50,146.60,99.90,7.93,-1.43
2026-04-22 17:02:00,2026-04-22 17:02:59,Q08,477.40,108.90,50.50,51.50,99.90,7.90,-0.14,478.70,105.60,49.50,50.20,99.90,8.60,-0.51,478.50,105.30,49.50,50.20,99.90,7.40,0.00,478.20,106.60,149.50,151.90,99.90,7.97,-0.66
2026-04-22 17:03:00,2026-04-22 17:03:59,Q08,478.60,123.00,57.40,58.80,99.90,8.10,-0.29,478.70,120.10,56.40,57.40,99.90,8.20,-0.54,478.20,120.10,56.40,57.40,99.90,7.30,-0.17,478.50,121.07,170.20,173.60,99.90,7.87,-1.00
2026-04-22 17:04:00,2026-04-22 17:04:59,Q08,478.30,134.30,63.40,64.10,99.90,7.80,-0.17,479.50,126.10,59.40,60.40,99.90,9.50,-0.57,478.80,128.60,60.40,61.20,99.90,7.80,-1.34,478.87,129.67,183.20,185.70,99.90,8.37,-2.09
2026-04-22 17:05:00,2026-04-22 17:05:59,Q08,479.10,137.10,64.30,65.60,99.90,7.80,-0.26,479.50,127.50,59.40,60.80,99.90,8.20,-0.51,478.70,130.80,61.40,62.10,99.90,7.20,-1.29,479.10,131.80,185.10,188.50,99.90,7.73,-2.06
2026-04-22 17:07:00,2026-04-22 17:07:59,Q08,479.20,115.30,54.50,55.10,99.90,7.70,-0.29,478.50,111.00,52.50,53.10,99.90,8.00,-0.40,478.50,109.90,51.50,52.10,99.90,7.20,-0.26,478.73,112.07,158.50,160.30,99.90,7.63,-0.94
2026-04-22 17:08:00,2026-04-22 17:08:59,Q08,478.40,117.10,54.50,55.90,99.90,8.00,-0.20,477.50,113.90,52.50,53.90,99.90,8.20,-0.34,479.60,113.70,53.50,54.10,99.90,7.30,0.09,478.50,114.90,160.50,163.90,99.90,7.83,-0.46
2026-04-22 17:09:00,2026-04-22 17:09:59,Q08,478.80,113.70,53.50,54.00,99.90,7.50,-0.31,477.80,108.70,50.50,51.50,99.90,8.10,-0.43,478.00,109.40,51.50,52.10,99.90,7.70,-0.31,478.20,110.60,155.50,157.60,99.90,7.77,-1.06
2026-04-22 17:10:00,2026-04-22 17:10:59,Q08,478.50,124.30,58.40,59.30,99.90,8.60,-0.17,477.40,121.30,56.40,57.70,99.90,8.60,-0.34,479.20,121.70,56.40,58.00,99.90,8.20,-0.83,478.37,122.43,171.20,175.00,99.90,8.47,-1.34
2026-04-22 17:11:00,2026-04-22 17:11:59,Q08,478.40,102.10,47.50,48.80,99.90,8.30,-0.26,477.70,100.10,46.50,47.70,99.90,8.20,-0.34,479.80,99.60,46.50,47.40,99.90,7.60,0.00,478.63,100.60,140.50,143.90,99.90,8.03,-0.60
2026-04-22 17:12:00,2026-04-22 17:12:59,Q08,478.70,112.70,52.50,53.50,99.90,8.80,-0.26,477.60,111.00,51.50,52.90,99.90,9.20,-0.34,479.20,109.20,51.50,52.20,99.90,8.00,0.31,478.50,110.97,155.50,158.60,99.90,8.67,-0.29
2026-04-22 17:13:00,2026-04-22 17:13:59,Q08,477.70,108.20,50.50,51.50,99.90,8.50,-0.14,478.90,105.10,49.50,50.20,99.90,8.30,-0.49,480.00,106.20,49.50,50.90,99.90,7.20,0.03,478.87,106.50,149.50,152.60,99.90,8.00,-0.60
2026-04-22 17:14:00,2026-04-22 17:14:59,Q08,477.80,114.30,53.50,54.40,99.90,8.70,-0.03,479.40,110.70,51.50,52.70,99.90,9.10,-0.46,479.90,109.50,51.50,52.20,99.90,8.00,0.00,479.03,111.50,156.50,159.30,99.90,8.60,-0.49
2026-04-22 17:15:00,2026-04-22 17:15:59,Q08,479.10,134.40,63.40,64.20,99.90,8.10,-0.14,477.70,127.80,59.40,60.60,99.90,8.60,-0.29,479.50,127.90,59.40,60.80,99.90,7.90,-0.94,478.77,130.03,182.20,185.60,99.90,8.20,-1.37
2026-04-22 17:16:00,2026-04-22 17:16:59,Q08,479.40,113.70,53.50,54.10,99.90,8.20,-0.26,478.40,111.60,52.50,53.10,99.90,8.20,-0.40,479.00,111.30,52.50,53.20,99.90,7.50,0.34,478.93,112.20,158.50,160.40,99.90,7.97,-0.31
2026-04-22 17:17:00,2026-04-22 17:17:59,Q08,479.10,129.40,60.40,61.80,99.90,7.40,-0.17,478.10,122.30,57.40,58.30,99.90,8.30,-0.40,480.00,122.60,57.40,58.60,99.90,7.10,-1.06,479.07,124.77,175.20,178.70,99.90,7.60,-1.63
2026-04-22 17:18:00,2026-04-22 17:18:59,Q08,478.20,120.90,56.40,57.40,99.90,7.90,-0.11,479.50,110.30,51.50,52.70,99.90,8.60,-0.54,478.80,116.70,54.50,55.40,99.90,7.50,-1.43,478.83,115.97,162.40,165.50,99.90,8.00,-2.09
2026-04-22 17:19:00,2026-04-22 17:19:59,Q08,477.70,119.70,55.40,56.80,99.90,7.60,-0.06,478.70,114.10,53.50,54.50,99.90,8.50,-0.46,479.80,115.00,54.50,55.10,99.90,7.90,-0.31,478.73,116.27,163.40,166.40,99.90,8.00,-0.83
2026-04-22 17:20:00,2026-04-22 17:20:59,Q08,477.40,127.50,59.40,60.60,99.90,7.90,-0.03,478.30,123.60,57.40,58.80,99.90,8.20,-0.46,479.80,126.60,59.40,60.40,99.90,7.10,-0.89,478.50,125.90,176.20,179.80,99.90,7.73,-1.37
2026-04-22 17:21:00,2026-04-22 17:21:59,Q08,479.50,125.50,58.40,59.90,99.90,7.70,-0.29,477.60,115.40,53.50,54.90,99.90,9.40,-0.34,478.30,118.60,55.40,56.40,99.90,7.60,-1.40,478.47,119.83,167.30,171.20,99.90,8.23,-2.03
2026-04-22 17:22:00,2026-04-22 17:22:59,Q08,477.90,122.10,57.40,58.20,99.90,7.90,-0.06,478.80,113.40,53.50,54.00,99.90,8.70,-0.49,480.00,117.10,55.40,56.20,99.90,8.20,-0.71,478.90,117.53,166.30,168.40,99.90,8.27,-1.26
2026-04-22 17:23:00,2026-04-22 17:23:59,Q08,478.30,127.80,59.40,60.70,99.90,8.30,-0.17,477.80,121.80,56.40,57.70,99.90,8.80,-0.40,479.80,123.80,57.40,58.90,99.90,8.10,-1.14,478.63,124.47,173.20,177.30,99.90,8.40,-1.71
2026-04-22 17:24:00,2026-04-22 17:24:59,Q08,479.40,118.10,55.40,56.50,99.90,8.70,-0.31,479.00,112.50,52.50,53.60,99.90,10.00,-0.49,478.10,113.50,53.50,54.00,99.90,8.10,-1.06,478.83,114.70,161.40,164.10,99.90,8.93,-1.86
2026-04-22 17:25:00,2026-04-22 17:25:59,Q08,478.00,125.70,58.40,59.80,99.90,8.00,-0.09,478.50,118.90,55.40,56.40,99.90,8.20,-0.46,480.00,120.60,56.40,57.60,99.90,7.10,-0.54,478.83,121.73,170.20,173.80,99.90,7.77,-1.09
2026-04-22 17:26:00,2026-04-22 17:26:59,Q08,477.80,115.40,53.50,54.90,99.90,8.00,-0.17,479.70,112.70,52.50,53.60,99.90,8.80,-0.57,478.50,112.40,52.50,53.50,99.90,7.80,-0.14,478.67,113.50,158.50,162.00,99.90,8.20,-0.89
2026-04-22 17:27:00,2026-04-22 17:27:59,Q08,479.70,121.80,56.40,58.00,99.90,7.90,-0.29,479.40,114.80,53.50,54.60,99.90,9.30,-0.46,478.50,115.70,53.50,55.00,99.90,7.60,-0.69,479.20,117.43,163.40,167.60,99.90,8.27,-1.43
2026-04-22 17:28:00,2026-04-22 17:28:59,Q08,479.90,123.50,57.40,58.90,99.90,9.20,-0.34,478.50,117.10,54.50,55.90,99.90,9.30,-0.34,478.80,117.80,54.50,55.90,99.90,8.60,-0.20,479.07,119.47,166.40,170.70,99.90,9.03,-0.89
2026-04-22 17:29:00,2026-04-22 17:29:59,Q08,478.70,128.50,60.40,61.20,99.90,8.60,-0.06,480.30,123.70,58.40,59.00,99.90,9.30,-0.54,480.00,124.50,58.40,59.50,99.90,7.30,-0.60,479.67,125.57,177.20,179.70,99.90,8.40,-1.20
2026-04-22 17:30:00,2026-04-22 17:30:59,Q08,480.00,116.50,54.50,55.70,99.90,8.50,-0.26,478.70,115.10,53.50,55.00,99.90,9.10,-0.34,479.40,113.30,53.50,54.10,99.90,8.60,0.03,479.37,114.97,161.50,164.80,99.90,8.73,-0.57
2026-04-22 17:31:00,2026-04-22 17:31:59,Q08,480.40,126.30,59.40,60.50,99.90,8.30,-0.29,478.90,120.70,56.40,57.40,99.90,8.60,-0.34,479.40,121.70,56.40,58.00,99.90,8.00,-0.17,479.57,122.90,172.20,175.90,99.90,8.30,-0.80
2026-04-22 17:32:00,2026-04-22 17:32:59,Q08,478.50,120.50,56.40,57.40,99.90,8.40,-0.11,479.90,117.30,55.40,56.00,99.90,9.50,-0.51,480.30,115.80,54.50,55.20,99.90,7.50,-0.11,479.57,117.87,166.30,168.60,99.90,8.47,-0.74
2026-04-22 17:33:00,2026-04-22 17:33:59,Q08,479.00,126.40,59.40,60.40,99.90,8.80,-0.17,480.80,122.80,57.40,58.60,99.90,9.10,-0.54,479.60,123.10,57.40,58.90,99.90,7.60,-0.06,479.80,124.10,174.20,177.90,99.90,8.50,-0.77
2026-04-22 17:34:00,2026-04-22 17:34:59,Q08,480.20,109.20,51.50,52.30,99.90,8.70,-0.31,479.20,104.60,48.50,49.80,99.90,8.80,-0.40,479.30,104.90,48.50,49.80,99.90,7.70,-0.43,479.57,106.23,148.50,151.90,99.90,8.40,-1.14
2026-04-22 17:35:00,2026-04-22 17:35:59,Q08,479.60,113.10,53.50,54.10,99.90,8.40,-0.29,478.10,106.60,49.50,50.70,99.90,8.00,-0.37,480.20,107.50,50.50,51.40,99.90,7.90,-0.54,479.30,109.07,153.50,156.20,99.90,8.10,-1.20
2026-04-22 17:36:00,2026-04-22 17:36:59,Q08,478.20,122.80,57.40,58.30,99.90,7.90,-0.11,479.90,117.30,55.40,56.00,99.90,8.80,-0.54,480.10,119.90,56.40,57.10,99.90,7.90,-0.69,479.40,120.00,169.20,171.40,99.90,8.20,-1.34
2026-04-22 17:37:00,2026-04-22 17:37:59,Q08,478.50,126.30,59.40,60.20,99.90,8.20,-0.14,480.30,119.20,56.40,57.10,99.90,8.40,-0.54,480.00,121.50,57.40,58.10,99.90,7.20,-0.80,479.60,122.33,173.20,175.40,99.90,7.93,-1.49
2026-04-22 17:38:00,2026-04-22 17:38:59,Q08,480.20,119.10,56.40,57.10,99.90,8.30,-0.26,478.70,114.20,53.50,54.50,99.90,8.80,-0.34,480.20,117.10,55.40,56.20,99.90,7.80,-0.54,479.70,116.80,165.30,167.80,99.90,8.30,-1.14
2026-04-22 17:39:00,2026-04-22 17:39:59,Q08,479.10,124.60,58.40,59.40,99.90,8.60,-0.26,479.90,116.00,54.50,55.60,99.90,9.10,-0.54,479.00,119.40,56.40,57.00,99.90,7.80,-0.74,479.33,120.00,169.30,172.00,99.90,8.50,-1.54
2026-04-22 17:40:00,2026-04-22 17:40:59,Q08,479.70,116.70,54.50,55.60,99.90,8.00,-0.26,479.80,114.80,53.50,54.60,99.90,9.00,-0.46,478.90,115.10,53.50,55.00,99.90,7.30,0.00,479.47,115.53,161.50,165.20,99.90,8.10,-0.71
2026-04-22 17:41:00,2026-04-22 17:41:59,Q08,478.40,115.70,53.50,55.00,99.90,7.60,-0.17,480.50,115.80,54.50,55.20,99.90,8.60,-0.54,479.10,113.90,53.50,54.10,99.90,7.40,0.11,479.33,115.13,161.50,164.30,99.90,7.87,-0.60
2026-04-22 17:42:00,2026-04-22 17:42:59,Q08,479.80,121.40,56.40,58.00,99.90,8.40,-0.23,479.40,118.70,55.40,56.50,99.90,9.60,-0.46,478.90,118.20,55.40,56.40,99.90,7.30,0.09,479.37,119.43,167.20,170.90,99.90,8.43,-0.60
2026-04-22 17:43:00,2026-04-22 17:43:59,Q08,479.20,117.80,55.40,56.00,99.90,7.60,-0.26,480.20,113.00,53.50,54.20,99.90,8.30,-0.54,478.60,114.60,53.50,54.50,99.90,7.00,-0.49,479.33,115.13,162.40,164.70,99.90,7.63,-1.29
2026-04-22 17:44:00,2026-04-22 17:44:59,Q08,479.10,122.20,57.40,58.40,99.90,8.80,-0.26,479.50,114.60,53.50,54.60,99.90,9.20,-0.54,478.40,114.60,53.50,54.50,99.90,7.70,-0.97,479.00,117.13,164.40,167.50,99.90,8.57,-1.77
2026-04-22 17:45:00,2026-04-22 17:45:59,Q08,478.80,116.80,54.50,55.40,99.90,8.60,-0.20,480.30,113.00,53.50,54.20,99.90,9.40,-0.51,478.60,115.10,53.50,55.00,99.90,8.00,-0.14,479.23,114.97,161.50,164.60,99.90,8.67,-0.86
2026-04-22 17:46:00,2026-04-22 17:46:59,Q08,479.20,115.90,54.50,55.10,99.90,8.70,-0.23,480.00,112.50,52.50,53.80,99.90,9.30,-0.49,478.50,112.80,52.50,53.50,99.90,8.00,-0.06,479.23,113.73,159.50,162.40,99.90,8.67,-0.77
2026-04-22 17:47:00,2026-04-22 17:47:59,Q08,478.10,125.50,58.40,59.80,99.90,7.60,-0.11,478.60,117.80,54.50,55.90,99.90,8.60,-0.40,480.00,120.50,56.40,57.60,99.90,7.20,-0.71,478.90,121.27,169.30,173.30,99.90,7.80,-1.23
2026-04-22 17:48:00,2026-04-22 17:48:59,Q08,477.90,117.80,54.50,55.80,99.90,8.80,-0.11,480.10,110.90,51.50,52.80,99.90,9.70,-0.51,479.10,112.70,52.50,53.60,99.90,7.90,-1.00,479.03,113.80,158.50,162.20,99.90,8.80,-1.63
2026-04-22 17:49:00,2026-04-22 17:49:59,Q08,477.60,118.70,55.40,56.30,99.90,8.50,-0.09,480.10,114.20,53.50,54.70,99.90,9.10,-0.54,479.10,115.90,54.50,55.10,99.90,7.10,-0.11,478.93,116.27,163.40,166.10,99.90,8.23,-0.74
2026-04-22 17:50:00,2026-04-22 17:50:59,Q08,478.90,119.50,55.40,56.90,99.90,8.60,-0.17,479.40,114.70,53.50,54.60,99.90,9.40,-0.46,478.00,115.30,53.50,55.00,99.90,7.30,-0.23,478.77,116.50,162.40,166.50,99.90,8.43,-0.86
2026-04-22 17:51:00,2026-04-22 17:51:59,Q08,479.30,123.80,57.40,58.90,99.90,8.30,-0.20,478.80,114.30,53.50,54.50,99.90,8.80,-0.31,479.60,115.80,54.50,55.10,99.90,7.70,-1.43,479.23,117.97,165.40,168.50,99.90,8.27,-1.94
2026-04-22 17:52:00,2026-04-22 17:52:59,Q08,478.40,126.40,59.40,60.20,99.90,8.20,-0.17,479.10,122.70,57.40,58.40,99.90,7.90,-0.46,479.80,123.10,57.40,58.90,99.90,7.10,-0.37,479.10,124.07,174.20,177.50,99.90,7.73,-1.00
2026-04-22 17:53:00,2026-04-22 17:53:59,Q08,477.80,120.30,56.40,57.20,99.90,8.00,-0.11,479.20,112.60,52.50,53.60,99.90,9.20,-0.43,480.10,115.30,54.50,55.20,99.90,7.80,-0.74,479.03,116.07,163.40,166.00,99.90,8.33,-1.29
2026-04-22 17:54:00,2026-04-22 17:54:59,Q08,479.00,115.20,54.50,55.10,99.90,9.00,-0.14,478.50,106.40,49.50,50.70,99.90,10.30,-0.40,479.90,107.00,50.50,51.30,99.80,7.90,-1.54,479.13,109.53,154.50,157.10,99.87,9.07,-2.09
2026-04-22 17:55:00,2026-04-22 17:55:59,Q08,477.90,124.50,58.40,59.10,99.90,8.60,-0.14,479.90,117.70,55.40,56.00,99.90,9.50,-0.60,479.20,120.50,56.40,57.50,99.90,8.00,-0.66,479.00,120.90,170.20,172.60,99.90,8.70,-1.40
2026-04-22 17:56:00,2026-04-22 17:56:59,Q08,478.50,119.70,55.40,56.90,99.90,8.10,-0.23,480.40,113.40,53.50,54.20,99.90,9.20,-0.60,478.80,114.70,53.50,54.50,99.90,7.60,-0.71,479.23,115.93,162.40,165.60,99.90,8.30,-1.54
2026-04-22 17:57:00,2026-04-22 17:57:59,Q08,479.90,115.50,54.50,55.10,99.90,8.00,-0.37,479.10,111.70,52.50,53.20,99.90,8.60,-0.40,478.80,111.10,52.50,53.10,99.90,7.00,-0.40,479.27,112.77,159.50,161.40,99.90,7.87,-1.17
2026-04-22 17:58:00,2026-04-22 17:58:59,Q08,479.00,126.80,59.40,60.40,99.90,8.30,-0.14,479.00,118.50,55.40,56.50,99.90,9.00,-0.43,480.60,119.80,56.40,57.10,99.90,7.00,-0.89,479.53,121.70,171.20,174.00,99.90,8.10,-1.46
2026-04-22 17:59:00,2026-04-22 17:59:59,Q08,478.40,121.60,56.40,57.80,99.90,7.30,-0.11,480.10,113.90,53.50,54.20,99.90,8.10,-0.54,480.40,114.40,53.50,54.70,99.90,7.00,-1.03,479.63,116.63,163.40,166.70,99.90,7.47,-1.69
2026-04-22 18:00:00,2026-04-22 18:00:59,Q08,479.70,127.90,59.40,60.80,99.90,8.40,-0.34,478.50,121.00,56.40,57.80,99.90,8.90,-0.40,478.80,123.10,57.40,58.80,99.90,7.60,-0.91,479.00,124.00,173.20,177.40,99.90,8.30,-1.66
2026-04-22 18:01:00,2026-04-22 18:01:59,Q08,478.70,100.00,46.50,47.80,99.90,8.00,-0.20,479.50,93.20,43.60,44.50,99.90,8.50,-0.43,481.10,96.00,45.50,46.20,99.90,8.30,-0.66,479.77,96.40,135.60,138.50,99.90,8.27,-1.29
2026-04-22 18:02:00,2026-04-22 18:02:59,Q08,478.70,118.80,55.40,56.40,99.90,8.80,-0.14,480.60,113.30,53.50,54.20,99.90,9.70,-0.60,479.70,115.90,54.50,55.10,99.90,8.60,-0.77,479.67,116.00,163.40,165.70,99.90,9.03,-1.51
2026-04-22 18:03:00,2026-04-22 18:03:59,Q08,478.90,105.20,49.50,50.20,99.90,7.80,-0.17,480.60,102.90,47.50,49.00,99.90,8.50,-0.49,480.40,102.70,47.50,49.00,99.90,7.80,0.03,479.97,103.60,144.50,148.20,99.90,8.03,-0.63
2026-04-22 18:04:00,2026-04-22 18:04:59,Q08,480.40,120.10,56.40,57.60,99.90,8.60,-0.31,479.20,116.50,54.50,55.60,99.90,8.30,-0.37,479.90,116.90,54.50,55.60,99.90,8.00,-0.11,479.83,117.83,165.40,168.80,99.90,8.30,-0.80
2026-04-22 18:05:00,2026-04-22 18:05:59,Q08,479.50,116.80,54.50,55.60,99.90,8.50,-0.29,480.40,114.10,53.50,54.70,99.90,8.90,-0.54,479.10,113.00,53.50,54.10,99.90,7.80,0.03,479.67,114.63,161.50,164.40,99.90,8.40,-0.80
2026-04-22 18:06:00,2026-04-22 18:06:59,Q08,478.90,117.20,54.50,55.90,99.90,8.50,-0.09,481.10,116.70,54.50,55.80,99.90,8.80,-0.57,480.40,113.80,53.50,54.20,99.90,7.80,0.29,480.13,115.90,162.50,165.90,99.90,8.37,-0.37
2026-04-22 18:07:00,2026-04-22 18:07:59,Q08,479.10,118.00,55.40,56.50,99.90,7.60,-0.20,481.10,114.60,53.50,54.80,99.90,8.50,-0.57,480.10,117.20,55.40,56.20,99.90,7.70,-0.26,480.10,116.60,164.30,167.50,99.90,7.93,-1.03
2026-04-22 18:08:00,2026-04-22 18:08:59,Q08,478.90,107.10,50.50,51.10,99.90,8.00,-0.17,480.30,106.20,49.50,50.90,99.90,8.60,-0.49,481.20,105.50,49.50,50.50,99.90,7.70,0.03,480.13,106.27,149.50,152.50,99.90,8.10,-0.63
2026-04-22 18:09:00,2026-04-22 18:09:59,Q08,479.20,120.70,56.40,57.50,99.90,7.60,-0.09,480.20,114.70,53.50,54.70,99.90,9.00,-0.46,481.70,116.50,54.50,55.80,99.90,7.10,-0.46,480.37,117.30,164.40,168.00,99.90,7.90,-1.00
2026-04-22 18:10:00,2026-04-22 18:10:59,Q08,480.80,120.00,56.40,57.60,99.90,8.00,-0.26,479.50,115.00,54.50,55.10,99.90,8.80,-0.31,480.40,115.30,54.50,55.20,99.90,7.50,-0.57,480.23,116.77,165.40,167.90,99.90,8.10,-1.14
2026-04-22 18:11:00,2026-04-22 18:11:59,Q08,481.10,121.10,57.40,58.20,99.90,8.10,-0.31,480.50,115.60,54.50,55.20,99.90,9.10,-0.46,480.40,116.20,54.50,55.70,99.90,7.60,-1.17,480.67,117.63,166.40,169.10,99.90,8.27,-1.94
2026-04-22 18:12:00,2026-04-22 18:12:59,Q08,479.90,120.00,56.40,57.50,99.90,8.40,-0.17,481.70,115.30,54.50,55.30,99.90,8.50,-0.54,481.00,116.50,54.50,55.80,99.90,7.60,-0.57,480.87,117.27,165.40,168.60,99.90,8.17,-1.29
2026-04-22 18:13:00,2026-04-22 18:13:59,Q08,480.10,118.70,55.40,56.60,99.90,8.20,-0.11,480.90,115.00,54.50,55.20,99.90,8.80,-0.43,482.30,116.00,54.50,55.90,99.90,7.70,-0.17,481.10,116.57,164.40,167.70,99.90,8.23,-0.71
2026-04-22 18:14:00,2026-04-22 18:14:59,Q08,479.90,115.30,54.50,55.10,99.90,8.90,-0.03,482.00,110.00,52.50,53.00,99.90,9.70,-0.54,481.20,110.70,51.50,52.90,99.90,8.00,-0.14,481.03,112.00,158.50,161.00,99.90,8.87,-0.71
2026-04-22 18:15:00,2026-04-22 18:15:59,Q08,479.30,114.30,53.50,54.60,99.90,8.60,-0.03,481.60,110.50,51.50,52.90,99.90,9.00,-0.54,481.00,111.40,52.50,53.40,99.90,7.40,0.00,480.63,112.07,157.50,160.90,99.90,8.33,-0.57
2026-04-22 18:16:00,2026-04-22 18:16:59,Q08,481.40,120.60,56.40,57.70,99.90,8.30,-0.26,480.20,118.10,55.40,56.60,99.90,8.90,-0.34,481.00,117.20,55.40,56.30,99.90,7.40,0.46,480.87,118.63,167.20,170.60,99.90,8.20,-0.14
2026-04-22 18:17:00,2026-04-22 18:17:59,Q08,480.70,116.30,54.50,55.70,99.90,8.00,-0.23,479.90,114.10,53.50,54.60,99.90,8.60,-0.34,481.60,112.70,52.50,53.90,99.90,7.50,0.54,480.73,114.37,160.50,164.20,99.90,8.03,-0.03
2026-04-22 18:18:00,2026-04-22 18:18:59,Q08,480.50,102.00,47.50,49.00,99.90,9.20,-0.20,481.00,97.00,45.50,46.70,99.90,9.50,-0.46,480.20,98.40,46.50,47.00,99.90,9.10,-0.23,480.57,99.13,139.50,142.70,99.90,9.27,-0.89
2026-04-22 18:19:00,2026-04-22 18:19:59,Q08,480.90,106.90,49.50,50.90,99.90,7.30,-0.26,479.60,106.50,49.50,50.80,99.90,7.60,-0.34,481.60,105.20,49.50,50.50,99.90,7.30,0.34,480.70,106.20,148.50,152.20,99.90,7.40,-0.26
2026-04-22 18:20:00,2026-04-22 18:20:59,Q08,479.80,113.00,53.50,54.10,99.90,8.00,-0.03,480.10,110.80,51.50,52.80,99.90,8.50,-0.37,481.80,108.20,50.50,51.90,99.90,7.90,0.20,480.57,110.67,155.50,158.80,99.90,8.13,-0.20
2026-04-22 18:21:00,2026-04-22 18:21:59,Q08,481.10,126.80,59.40,60.60,99.90,8.10,-0.14,479.90,118.00,55.40,56.50,99.90,9.20,-0.40,480.50,120.10,56.40,57.60,99.90,7.20,-1.29,480.50,121.63,171.20,174.70,99.90,8.17,-1.83
2026-04-22 18:22:00,2026-04-22 18:22:59,Q08,479.60,101.90,47.50,48.40,99.90,9.00,-0.09,481.40,101.60,47.50,48.60,99.90,8.60,-0.49,481.80,100.00,47.50,48.10,99.90,7.50,0.14,480.93,101.17,142.50,145.10,99.90,8.37,-0.43
2026-04-22 18:23:00,2026-04-22 18:23:59,Q08,479.70,95.70,44.50,45.50,99.90,8.70,-0.11,480.10,93.90,43.60,44.60,99.90,8.70,-0.40,482.00,93.70,43.60,44.80,99.90,8.40,0.23,480.60,94.43,131.70,134.90,99.90,8.60,-0.29
2026-04-22 18:24:00,2026-04-22 18:24:59,Q08,480.80,97.60,45.50,46.60,99.90,8.60,-0.23,480.00,94.40,44.50,45.10,99.90,9.20,-0.37,481.90,94.50,44.50,45.20,99.90,8.30,0.23,480.90,95.50,134.50,136.90,99.90,8.70,-0.37
2026-04-22 18:25:00,2026-04-22 18:25:59,Q08,480.70,104.30,48.50,49.90,99.90,8.80,-0.31,481.60,104.50,49.50,50.00,99.90,9.10,-0.49,480.10,102.10,47.50,49.00,99.90,8.10,0.69,480.80,103.63,145.50,148.90,99.90,8.67,-0.11
2026-04-22 18:26:00,2026-04-22 18:26:59,Q08,481.40,119.50,56.40,57.20,99.90,8.40,-0.34,481.00,114.10,53.50,54.80,99.90,9.10,-0.49,480.20,113.70,53.50,54.20,99.90,7.80,-0.14,480.87,115.77,163.40,166.20,99.90,8.43,-0.97
2026-04-22 18:27:00,2026-04-22 18:27:59,Q08,479.80,97.80,45.50,46.50,99.90,8.60,-0.17,481.40,96.00,45.50,46.20,99.90,8.90,-0.46,481.80,95.10,44.50,45.70,99.90,7.90,0.23,481.00,96.30,135.50,138.40,99.90,8.47,-0.40
2026-04-22 18:28:00,2026-04-22 18:28:59,Q08,479.60,109.10,51.50,52.20,99.90,8.90,-0.14,481.50,104.10,49.50,50.00,99.90,9.10,-0.54,481.60,104.30,49.50,50.00,99.90,7.90,-0.43,480.90,105.83,150.50,152.20,99.90,8.63,-1.11
2026-04-22 18:29:00,2026-04-22 18:29:59,Q08,480.20,126.90,59.40,60.50,99.90,8.50,-0.14,481.90,122.50,57.40,58.70,99.90,9.10,-0.54,480.60,124.20,58.40,59.50,99.90,7.60,-0.71,480.90,124.53,175.20,178.70,99.90,8.40,-1.40
2026-04-22 18:30:00,2026-04-22 18:30:59,Q08,481.40,119.30,56.40,57.20,99.90,8.40,-0.31,480.60,115.40,54.50,55.20,99.90,8.10,-0.40,480.40,115.00,54.50,55.20,99.90,7.40,0.11,480.80,116.57,165.40,167.60,99.90,7.97,-0.60
2026-04-22 18:31:00,2026-04-22 18:31:59,Q08,479.60,104.90,48.50,49.80,99.90,8.70,-0.11,481.20,101.20,47.50,48.60,99.90,9.00,-0.49,482.20,101.10,47.50,48.70,99.90,7.60,-0.26,481.00,102.40,143.50,147.10,99.90,8.43,-0.86
2026-04-22 18:32:00,2026-04-22 18:32:59,Q08,481.40,125.50,59.40,60.10,99.90,9.10,-0.31,480.30,119.70,56.40,57.10,99.90,9.50,-0.37,481.20,123.20,58.40,59.20,99.90,7.90,-0.69,480.97,122.80,174.20,176.40,99.90,8.83,-1.37
2026-04-22 18:33:00,2026-04-22 18:33:59,Q08,481.70,94.30,44.50,45.20,99.90,8.20,-0.31,481.90,92.00,43.60,44.30,99.90,8.90,-0.43,480.90,91.70,42.60,43.70,99.90,8.20,0.31,481.50,92.67,130.70,133.20,99.90,8.43,-0.43
2026-04-22 18:34:00,2026-04-22 18:34:59,Q08,479.50,132.40,62.40,63.20,99.90,8.80,-0.06,481.70,123.50,58.40,59.20,99.90,9.70,-0.54,481.00,124.50,58.40,59.60,99.90,7.60,-1.11,480.73,126.80,179.20,182.00,99.90,8.70,-1.71
2026-04-22 18:35:00,2026-04-22 18:35:59,Q08,479.80,103.30,48.50,49.30,99.90,8.80,-0.17,481.80,101.30,47.50,48.60,99.90,8.80,-0.51,482.20,101.80,47.50,48.70,99.90,8.20,-0.11,481.27,102.13,143.50,146.60,99.90,8.60,-0.80
2026-04-22 18:36:00,2026-04-22 18:36:59,Q08,480.30,101.10,47.50,48.50,99.90,8.90,-0.26,480.60,97.50,45.50,46.60,99.90,9.40,-0.37,482.40,98.30,46.50,47.20,99.90,7.60,-0.29,481.10,98.97,139.50,142.30,99.90,8.63,-0.91
2026-04-22 18:37:00,2026-04-22 18:37:59,Q08,481.20,112.00,52.50,53.90,99.90,8.40,-0.26,482.20,108.90,51.50,52.10,99.90,8.70,-0.54,480.80,108.60,50.50,51.80,99.90,7.30,0.03,481.40,109.83,154.50,157.80,99.90,8.13,-0.77
2026-04-22 18:38:00,2026-04-22 18:38:59,Q08,480.20,100.30,47.50,48.00,99.90,8.90,-0.17,482.40,100.80,47.50,48.20,99.90,9.10,-0.54,481.20,100.50,47.50,48.10,99.90,8.50,-0.26,481.27,100.53,142.50,144.30,99.90,8.83,-0.97
2026-04-22 18:39:00,2026-04-22 18:39:59,Q08,481.40,100.60,47.50,48.10,99.90,9.00,-0.29,481.20,95.20,44.50,45.70,99.90,9.90,-0.37,481.50,95.30,44.50,45.70,99.90,7.90,-0.40,481.37,97.03,136.50,139.50,99.90,8.93,-1.06
2026-04-22 18:40:00,2026-04-22 18:40:59,Q08,480.70,101.40,47.50,48.50,99.90,8.60,-0.20,480.60,97.20,45.50,46.60,99.90,8.80,-0.37,482.50,97.50,45.50,46.80,99.90,8.10,-0.34,481.27,98.70,138.50,141.90,99.90,8.50,-0.91
2026-04-22 18:41:00,2026-04-22 18:41:59,Q08,480.00,103.70,48.50,49.40,99.90,8.50,-0.09,481.40,100.10,47.50,48.10,99.90,8.40,-0.46,482.30,99.60,46.50,47.70,99.90,8.20,0.11,481.23,101.13,142.50,145.20,99.90,8.37,-0.43
2026-04-22 18:42:00,2026-04-22 18:42:59,Q08,481.30,100.30,47.50,48.10,99.90,8.50,-0.31,480.30,95.00,44.50,45.60,99.90,8.90,-0.34,481.00,95.70,44.50,45.70,99.90,8.30,-0.74,480.87,97.00,136.50,139.40,99.90,8.57,-1.40
2026-04-22 18:43:00,2026-04-22 18:43:59,Q08,481.60,117.70,55.40,56.30,99.90,7.70,-0.31,480.80,114.50,53.50,54.70,99.90,7.60,-0.43,480.80,115.00,54.50,55.20,99.90,6.60,0.06,481.07,115.73,163.40,166.20,99.90,7.30,-0.69
2026-04-22 18:44:00,2026-04-22 18:44:59,Q08,480.80,94.00,44.50,45.10,99.90,8.70,-0.29,482.20,91.70,42.60,43.90,99.90,9.00,-0.49,480.50,90.80,42.60,43.20,99.90,8.90,0.06,481.17,92.17,129.70,132.20,99.90,8.87,-0.71
2026-04-22 18:45:00,2026-04-22 18:45:59,Q08,481.40,111.50,52.50,53.40,99.90,8.70,-0.23,481.70,110.60,51.50,52.90,99.90,8.80,-0.43,480.40,109.80,51.50,52.30,99.90,7.60,0.23,481.17,110.63,155.50,158.60,99.90,8.37,-0.43
2026-04-22 18:46:00,2026-04-22 18:46:59,Q08,481.60,116.30,54.50,55.80,99.90,8.30,-0.20,480.30,110.60,51.50,52.80,99.90,8.90,-0.37,481.70,112.60,52.50,53.90,99.90,7.60,-0.86,481.20,113.17,158.50,162.50,99.90,8.27,-1.43
2026-04-22 18:47:00,2026-04-22 18:47:59,Q08,479.50,127.70,59.40,60.80,99.90,8.60,-0.03,481.40,123.10,58.40,59.20,99.90,8.10,-0.54,482.10,124.90,58.40,59.80,99.90,7.10,-0.03,481.00,125.23,176.20,179.80,99.90,7.93,-0.60
2026-04-22 18:48:00,2026-04-22 18:48:59,Q08,479.60,98.80,45.50,46.90,99.90,8.70,-0.11,481.80,95.30,44.50,45.70,99.90,8.90,-0.51,480.90,95.30,44.50,45.60,99.90,8.50,-0.57,480.77,96.47,134.50,138.20,99.90,8.70,-1.20
2026-04-22 18:49:00,2026-04-22 18:49:59,Q08,480.30,116.30,54.50,55.70,99.90,9.60,-0.14,481.40,113.00,53.50,54.40,99.90,9.90,-0.51,479.50,112.40,52.50,53.60,99.90,8.10,-0.63,480.40,113.90,160.50,163.70,99.90,9.20,-1.29
2026-04-22 18:50:00,2026-04-22 18:50:59,Q08,480.40,127.30,59.40,61.00,99.90,8.60,-0.31,480.00,122.20,57.40,58.60,99.90,9.30,-0.49,479.20,122.30,57.40,58.40,99.90,7.60,-0.29,479.87,123.93,174.20,178.00,99.90,8.50,-1.09
2026-04-22 18:51:00,2026-04-22 18:51:59,Q08,480.90,103.80,48.50,49.40,99.90,8.30,-0.23,481.90,98.90,46.50,47.10,99.90,9.50,-0.51,480.60,99.20,46.50,47.50,99.90,7.80,-0.74,481.13,100.63,141.50,144.00,99.90,8.53,-1.49
2026-04-22 18:52:00,2026-04-22 18:52:59,Q08,480.40,97.20,45.50,46.60,99.90,7.40,-0.17,482.10,95.70,44.50,45.80,99.90,8.10,-0.51,481.60,96.40,45.50,46.20,99.90,7.60,0.06,481.37,96.43,135.50,138.60,99.90,7.70,-0.63
2026-04-22 18:53:00,2026-04-22 18:53:59,Q08,481.50,115.20,54.50,55.30,99.90,8.70,-0.23,480.40,109.70,51.50,52.30,99.90,9.00,-0.37,481.40,111.40,52.50,53.40,99.90,7.90,-0.37,481.10,112.10,158.50,161.00,99.90,8.53,-0.97
2026-04-22 18:54:00,2026-04-22 18:54:59,Q08,481.70,117.60,55.40,56.30,99.90,8.50,-0.29,481.60,110.40,51.50,52.90,99.90,9.00,-0.49,480.20,112.80,52.50,53.80,99.90,8.00,-0.60,481.17,113.60,159.40,163.00,99.90,8.50,-1.37
2026-04-22 18:55:00,2026-04-22 18:55:59,Q08,481.40,119.60,56.40,57.20,99.90,8.40,-0.29,479.80,114.10,53.50,54.60,99.90,9.10,-0.31,480.70,113.60,53.50,54.20,99.90,7.30,-0.26,480.63,115.77,163.40,166.00,99.90,8.27,-0.86
2026-04-22 18:56:00,2026-04-22 18:56:59,Q08,481.60,115.50,54.50,55.30,99.90,9.20,-0.31,480.80,108.30,50.50,51.80,99.90,9.70,-0.37,480.10,111.10,52.50,53.30,99.90,7.90,-0.71,480.83,111.63,157.50,160.40,99.90,8.93,-1.40
2026-04-22 18:57:00,2026-04-22 18:57:59,Q08,479.90,114.60,53.50,54.60,99.90,9.10,-0.06,481.10,109.10,51.50,52.40,99.90,9.70,-0.49,481.40,110.50,51.50,52.90,99.90,7.30,-0.46,480.80,111.40,156.50,159.90,99.90,8.70,-1.00
2026-04-22 18:58:00,2026-04-22 18:58:59,Q08,480.30,109.00,51.50,52.30,99.90,8.40,-0.17,480.30,105.00,49.50,50.40,99.90,9.70,-0.43,481.70,105.50,49.50,50.50,99.90,7.90,-0.54,480.77,106.50,150.50,153.20,99.90,8.67,-1.14
2026-04-22 18:59:00,2026-04-22 18:59:59,Q08,480.20,124.60,58.40,59.50,99.90,8.20,-0.14,480.50,117.70,55.40,56.20,99.90,8.70,-0.46,481.90,119.40,56.40,57.20,99.90,7.20,-0.91,480.87,120.57,170.20,172.90,99.90,8.03,-1.51
2026-04-22 19:00:00,2026-04-22 19:00:59,Q08,481.50,117.90,55.40,56.30,99.90,8.10,-0.31,480.40,109.60,51.50,52.30,99.90,9.30,-0.40,480.10,112.30,52.50,53.80,99.90,7.80,-1.00,480.67,113.27,159.40,162.40,99.90,8.40,-1.71
2026-04-22 19:01:00,2026-04-22 19:01:59,Q08,481.10,111.60,52.50,53.40,99.90,7.70,-0.23,480.10,105.50,49.50,50.40,99.90,8.20,-0.37,481.80,105.80,49.50,50.50,99.90,6.90,-0.74,481.00,107.63,151.50,154.30,99.90,7.60,-1.34
2026-04-22 19:02:00,2026-04-22 19:02:59,Q08,481.20,127.30,60.40,61.10,99.90,8.00,-0.17,480.60,117.70,55.40,56.20,99.90,9.00,-0.34,482.20,120.90,56.40,57.80,99.80,7.30,-1.77,481.33,121.97,172.20,175.10,99.87,8.10,-2.29
2026-04-22 19:03:00,2026-04-22 19:03:59,Q08,480.50,103.90,48.50,49.40,99.90,8.00,-0.23,482.00,98.60,46.50,47.20,99.90,8.00,-0.51,481.40,99.40,46.50,47.60,99.90,7.20,-0.49,481.30,100.63,141.50,144.20,99.90,7.73,-1.23
2026-04-22 19:05:00,2026-04-22 19:05:59,Q08,482.20,107.10,50.50,51.60,99.90,7.70,-0.26,480.50,102.10,47.50,49.00,99.90,7.70,-0.31,481.80,103.70,48.50,49.50,99.90,6.80,-0.77,481.50,104.30,146.50,150.10,99.90,7.40,-1.34
2026-04-22 19:06:00,2026-04-22 19:06:59,Q08,482.70,110.50,52.50,53.00,99.90,8.10,-0.29,481.10,102.80,48.50,49.10,99.90,8.70,-0.37,481.60,104.50,49.50,50.00,99.90,6.90,-1.14,481.80,105.93,150.50,152.10,99.90,7.90,-1.80
2026-04-22 19:07:00,2026-04-22 19:07:59,Q08,481.50,115.70,54.50,55.30,99.90,8.50,-0.23,480.50,109.30,51.50,52.30,99.90,9.30,-0.37,482.60,110.30,52.50,53.00,99.90,7.80,-0.77,481.53,111.77,158.50,160.60,99.90,8.53,-1.37
2026-04-22 19:08:00,2026-04-22 19:08:59,Q08,482.20,105.20,49.50,50.60,99.90,8.40,-0.34,482.60,100.50,47.50,48.20,99.90,9.30,-0.49,481.10,101.30,47.50,48.60,99.90,7.20,-0.60,481.97,102.33,144.50,147.40,99.90,8.30,-1.43
2026-04-22 19:09:00,2026-04-22 19:09:59,Q08,480.70,128.30,60.40,61.40,99.90,8.80,0.00,482.60,116.50,54.50,55.90,99.90,10.00,-0.54,482.30,119.90,56.40,57.40,99.80,7.70,-1.83,481.87,121.57,171.30,174.70,99.87,8.83,-2.37
2026-04-22 19:10:00,2026-04-22 19:10:59,Q08,480.70,117.00,55.40,56.20,99.90,7.50,-0.09,481.20,110.70,51.50,52.90,99.90,8.20,-0.46,482.80,112.80,52.50,54.00,99.90,7.00,-1.09,481.57,113.50,159.40,163.10,99.90,7.57,-1.63
2026-04-22 19:11:00,2026-04-22 19:11:59,Q08,481.90,133.60,62.40,64.00,99.90,9.30,-0.26,480.30,124.20,58.40,59.50,99.90,9.90,-0.34,482.00,125.10,59.40,60.20,99.80,7.50,-1.66,481.40,127.63,180.20,183.70,99.87,8.90,-2.26
2026-04-22 19:12:00,2026-04-22 19:12:59,Q08,480.90,105.60,49.50,50.40,99.90,8.10,-0.20,482.70,98.70,46.50,47.20,99.90,8.50,-0.54,481.70,101.30,47.50,48.60,99.90,7.30,-1.11,481.77,101.87,143.50,146.20,99.90,7.97,-1.86
2026-04-22 19:13:00,2026-04-22 19:13:59,Q08,480.50,117.00,55.40,56.20,99.90,8.90,-0.06,482.40,108.00,51.50,52.10,99.90,9.40,-0.51,481.70,110.20,51.50,52.90,99.90,7.60,-1.11,481.53,111.73,158.40,161.20,99.90,8.63,-1.69
2026-04-22 19:14:00,2026-04-22 19:14:59,Q08,481.00,123.80,58.40,59.20,99.90,7.30,-0.14,482.60,117.40,55.40,56.40,99.90,8.70,-0.54,481.30,119.40,56.40,57.20,99.90,6.50,-0.66,481.63,120.20,170.20,172.80,99.90,7.50,-1.34
2026-04-22 19:15:00,2026-04-22 19:15:59,Q08,482.30,123.40,58.40,59.30,99.90,8.90,-0.26,481.00,119.10,56.40,57.20,99.90,9.10,-0.34,481.20,119.90,56.40,57.20,99.90,7.50,-0.49,481.50,120.80,171.20,173.70,99.90,8.50,-1.09
2026-04-22 19:16:00,2026-04-22 19:16:59,Q08,480.70,94.40,44.50,45.10,99.90,8.00,-0.17,482.50,88.40,41.60,42.40,99.90,8.10,-0.51,481.20,88.90,41.60,42.30,99.80,7.50,-1.37,481.47,90.57,127.70,129.80,99.87,7.87,-2.06
2026-04-22 19:17:00,2026-04-22 19:17:59,Q08,482.30,115.90,54.50,55.40,99.90,7.80,-0.20,480.90,109.30,51.50,52.30,99.90,8.10,-0.31,482.50,111.40,52.50,53.50,99.90,7.10,-0.54,481.90,112.20,158.50,161.20,99.90,7.67,-1.06
2026-04-22 19:18:00,2026-04-22 19:18:59,Q08,481.30,127.20,60.40,61.10,99.90,7.20,-0.11,482.70,117.30,55.40,56.40,99.90,7.20,-0.54,481.20,120.80,56.40,57.70,99.90,6.40,-1.11,481.73,121.77,172.20,175.20,99.90,6.93,-1.77
2026-04-22 19:19:00,2026-04-22 19:19:59,Q08,481.10,132.30,62.40,63.50,99.90,8.10,-0.11,483.10,121.10,57.40,58.40,99.90,8.70,-0.57,482.20,124.70,58.40,59.80,99.80,7.20,-1.60,482.13,126.03,178.20,181.70,99.87,8.00,-2.29
2026-04-22 19:20:00,2026-04-22 19:20:59,Q08,481.20,121.40,57.40,58.20,99.90,8.30,-0.09,482.90,118.10,55.40,56.90,99.90,8.70,-0.54,482.50,117.30,55.40,56.40,99.90,7.10,-0.51,482.20,118.93,168.20,171.50,99.90,8.03,-1.14
2026-04-22 19:21:00,2026-04-22 19:21:59,Q08,483.00,123.20,58.40,59.40,99.90,8.30,-0.29,481.40,118.10,55.40,56.80,99.90,8.60,-0.40,480.70,117.80,55.40,56.20,99.90,7.40,-0.17,481.70,119.70,169.20,172.40,99.90,8.10,-0.86
2026-04-22 19:22:00,2026-04-22 19:22:59,Q08,482.70,120.10,56.40,57.80,99.90,7.80,-0.31,481.20,116.50,54.50,55.80,99.90,8.30,-0.43,480.80,116.50,54.50,55.70,99.90,7.20,-0.14,481.57,117.70,165.40,169.30,99.90,7.77,-0.89
2026-04-22 19:23:00,2026-04-22 19:23:59,Q08,482.60,121.90,57.40,58.30,99.90,8.60,-0.31,482.40,119.20,56.40,57.40,99.90,8.80,-0.49,480.30,120.20,56.40,57.60,99.90,7.60,0.20,481.77,120.43,170.20,173.30,99.90,8.33,-0.60
2026-04-22 19:24:00,2026-04-22 19:24:59,Q08,481.40,117.80,55.40,56.30,99.90,7.90,-0.34,479.70,113.60,53.50,54.10,99.90,8.50,-0.37,480.00,114.10,53.50,54.70,99.90,7.40,-0.26,480.37,115.17,162.40,165.10,99.90,7.93,-0.97
2026-04-22 19:25:00,2026-04-22 19:25:59,Q08,479.90,109.70,51.50,52.20,99.90,9.10,-0.09,479.50,105.70,49.50,50.30,99.90,9.40,-0.40,480.40,106.40,49.50,50.90,99.90,8.10,-0.09,479.93,107.27,150.50,153.40,99.90,8.87,-0.57
2026-04-22 19:26:00,2026-04-22 19:26:59,Q08,481.00,125.70,59.40,60.10,99.90,8.60,-0.34,480.10,120.70,56.40,57.60,99.90,9.10,-0.46,478.60,121.50,56.40,57.80,99.90,8.10,-0.23,479.90,122.63,172.20,175.50,99.90,8.60,-1.03
2026-04-22 19:27:00,2026-04-22 19:27:59,Q08,479.30,107.00,50.50,51.30,99.90,8.30,-0.17,480.70,103.40,48.50,49.40,99.90,8.20,-0.54,479.40,105.10,49.50,50.30,99.90,7.80,-0.29,479.80,105.17,148.50,151.00,99.90,8.10,-1.00
2026-04-22 19:28:00,2026-04-22 19:28:59,Q08,479.80,102.60,47.50,48.90,99.90,8.10,-0.23,479.00,98.00,45.50,46.90,99.90,7.60,-0.40,480.20,98.40,46.50,47.00,99.90,7.00,-0.40,479.67,99.67,139.50,142.80,99.90,7.57,-1.03
2026-04-22 19:29:00,2026-04-22 19:29:59,Q08,479.40,118.30,55.40,56.50,99.90,9.10,-0.09,480.20,113.20,53.50,54.20,99.90,8.90,-0.51,480.40,115.10,54.50,55.20,99.90,7.80,-0.57,480.00,115.53,163.40,165.90,99.90,8.60,-1.17
2026-04-22 19:30:00,2026-04-22 19:30:59,Q08,481.40,120.30,56.40,57.70,99.90,8.50,-0.29,479.40,114.40,53.50,54.60,99.90,8.20,-0.34,480.30,114.30,53.50,54.70,99.90,7.80,-0.31,480.37,116.33,163.40,167.00,99.90,8.17,-0.94
2026-04-22 19:31:00,2026-04-22 19:31:59,Q08,482.60,115.80,54.50,55.40,99.90,8.20,-0.40,481.10,112.50,52.50,53.90,99.90,8.50,-0.37,479.70,111.80,52.50,53.20,99.90,7.80,-0.06,481.13,113.37,159.50,162.50,99.90,8.17,-0.83
2026-04-22 19:32:00,2026-04-22 19:32:59,Q08,481.70,131.60,62.40,63.00,99.90,8.30,-0.20,482.00,127.90,60.40,61.20,99.90,8.30,-0.49,481.70,128.00,60.40,61.60,99.90,7.70,-0.40,481.80,129.17,183.20,185.80,99.90,8.10,-1.09
2026-04-22 19:33:00,2026-04-22 19:33:59,Q08,482.40,115.80,54.50,55.40,99.90,9.10,-0.17,481.10,107.30,50.50,51.50,99.90,9.00,-0.31,482.10,109.40,51.50,52.50,99.90,8.80,-0.57,481.87,110.83,156.50,159.40,99.90,8.97,-1.06
2026-04-22 19:34:00,2026-04-22 19:34:59,Q08,481.20,123.70,58.40,59.20,99.90,8.50,-0.09,481.40,116.60,54.50,55.80,99.90,9.20,-0.46,481.50,117.70,55.40,56.30,99.90,8.50,-0.91,481.37,119.33,168.30,171.30,99.90,8.73,-1.46
2026-04-22 19:35:00,2026-04-22 19:35:59,Q08,483.00,121.40,57.40,58.40,99.90,8.10,-0.37,480.50,115.20,54.50,55.20,99.90,8.30,-0.34,480.50,114.70,53.50,54.70,99.90,7.10,-0.54,481.33,117.10,165.40,168.30,99.90,7.83,-1.26
2026-04-22 19:36:00,2026-04-22 19:36:59,Q08,481.80,122.50,57.40,58.70,99.90,8.30,-0.23,480.20,118.00,55.40,56.60,99.90,8.80,-0.40,481.30,118.60,55.40,56.80,99.90,7.90,-0.51,481.10,119.70,168.20,172.10,99.90,8.33,-1.14
2026-04-22 19:37:00,2026-04-22 19:37:59,Q08,481.70,112.50,52.50,53.90,99.90,7.70,-0.20,481.60,104.40,49.50,50.00,99.90,8.50,-0.49,479.40,109.20,51.50,52.20,99.80,7.60,-1.43,480.90,108.70,153.50,156.10,99.87,7.93,-2.11
2026-04-22 19:38:00,2026-04-22 19:38:59,Q08,481.00,125.40,59.40,60.10,99.90,8.50,-0.14,482.10,118.90,55.40,56.90,99.90,8.40,-0.57,480.00,119.50,56.40,57.10,99.90,7.80,-0.60,481.03,121.27,171.20,174.10,99.90,8.23,-1.31
2026-04-22 19:39:00,2026-04-22 19:39:59,Q08,482.20,120.80,56.40,57.80,99.90,8.10,-0.34,481.70,117.00,55.40,56.30,99.90,7.80,-0.51,479.50,116.20,54.50,55.60,99.90,7.50,-0.49,481.13,118.00,166.30,169.70,99.90,7.80,-1.34
2026-04-22 19:40:00,2026-04-22 19:40:59,Q08,482.70,120.40,56.40,57.80,99.90,8.50,-0.29,480.70,114.20,53.50,54.70,99.90,8.70,-0.40,479.70,116.40,54.50,55.60,99.90,8.40,-0.97,481.03,117.00,164.40,168.10,99.90,8.53,-1.66
2026-04-22 19:41:00,2026-04-22 19:41:59,Q08,481.50,123.20,58.40,59.20,99.90,7.90,-0.29,480.40,116.60,54.50,55.70,99.90,7.90,-0.46,481.00,116.50,54.50,55.80,99.90,6.60,-0.83,480.97,118.77,167.40,170.70,99.90,7.47,-1.57
2026-04-22 19:42:00,2026-04-22 19:42:59,Q08,481.50,125.80,59.40,60.10,99.90,8.40,-0.23,481.90,120.60,56.40,57.70,99.90,8.30,-0.51,479.90,121.20,56.40,58.00,99.90,8.00,-0.06,481.10,122.53,172.20,175.80,99.90,8.23,-0.80
2026-04-22 19:43:00,2026-04-22 19:43:59,Q08,480.50,101.20,47.50,48.50,99.90,8.10,-0.14,481.90,93.70,43.60,44.70,99.90,8.70,-0.54,480.40,96.00,45.50,46.10,99.90,7.50,-1.11,480.93,96.97,136.60,139.30,99.90,8.10,-1.80
2026-04-22 19:44:00,2026-04-22 19:44:59,Q08,482.10,119.70,56.40,57.40,99.90,8.50,-0.34,481.10,115.30,54.50,55.30,99.90,8.50,-0.51,479.30,115.80,54.50,55.10,99.90,7.90,-0.49,480.83,116.93,165.40,167.80,99.90,8.30,-1.34
2026-04-22 19:45:00,2026-04-22 19:45:59,Q08,480.40,125.90,59.40,60.00,99.90,7.70,-0.06,481.50,122.30,57.40,58.70,99.90,7.30,-0.49,480.40,122.00,57.40,58.60,99.90,6.90,-0.09,480.77,123.40,174.20,177.30,99.90,7.30,-0.63
2026-04-22 19:46:00,2026-04-22 19:46:59,Q08,481.10,130.30,61.40,62.50,99.90,9.10,-0.17,481.80,123.20,58.40,59.20,99.90,8.70,-0.63,480.10,126.00,59.40,60.50,99.90,8.30,-0.94,481.00,126.50,179.20,182.20,99.90,8.70,-1.74
2026-04-22 19:47:00,2026-04-22 19:47:59,Q08,481.80,126.50,59.40,60.60,99.90,8.00,-0.20,480.50,123.50,58.40,59.00,99.90,8.00,-0.40,481.20,121.80,57.40,58.20,99.90,7.20,-0.23,481.17,123.93,175.20,177.80,99.90,7.73,-0.83
2026-04-22 19:48:00,2026-04-22 19:48:59,Q08,481.50,131.60,62.40,63.00,99.90,7.50,-0.20,481.00,125.30,59.40,60.10,99.90,8.00,-0.51,480.50,125.40,59.40,60.00,99.90,7.60,-0.54,481.00,127.43,181.20,183.10,99.90,7.70,-1.26
2026-04-22 19:49:00,2026-04-22 19:49:59,Q08,480.90,126.60,59.40,60.50,99.90,7.60,-0.09,481.60,120.40,56.40,57.70,99.90,7.50,-0.49,481.10,121.40,57.40,58.20,99.90,6.90,-0.66,481.20,122.80,173.20,176.40,99.90,7.33,-1.23
2026-04-22 19:50:00,2026-04-22 19:50:59,Q08,482.60,129.40,61.40,62.20,99.90,8.50,-0.26,479.90,125.60,58.40,59.90,99.90,7.50,-0.31,480.30,122.70,57.40,58.60,99.90,7.00,-0.11,480.93,125.90,177.20,180.70,99.90,7.67,-0.69
2026-04-22 19:51:00,2026-04-22 19:51:59,Q08,482.20,110.80,52.50,53.00,99.90,7.50,-0.40,481.10,106.20,49.50,51.00,99.90,8.30,-0.46,479.40,106.10,49.50,50.80,99.90,7.80,-0.63,480.90,107.70,151.50,154.80,99.90,7.87,-1.49
2026-04-22 19:52:00,2026-04-22 19:52:59,Q08,481.10,138.10,65.30,66.40,99.90,9.00,-0.20,482.00,133.30,63.40,64.10,99.90,9.00,-0.69,480.40,135.40,63.40,64.80,99.90,8.10,-0.20,481.17,135.60,192.10,195.30,99.90,8.70,-1.09
2026-04-22 19:53:00,2026-04-22 19:53:59,Q08,480.70,122.60,57.40,58.60,99.90,7.80,-0.09,481.70,116.10,54.50,55.80,99.90,8.00,-0.51,480.70,119.30,56.40,57.10,99.90,7.40,-0.49,481.03,119.33,168.30,171.50,99.90,7.73,-1.09
2026-04-22 19:54:00,2026-04-22 19:54:59,Q08,481.10,123.90,58.40,59.20,99.90,8.90,-0.03,480.80,121.40,57.40,58.10,99.90,8.30,-0.43,481.10,121.30,57.40,58.20,99.90,8.00,-0.06,481.00,122.20,173.20,175.50,99.90,8.40,-0.51
2026-04-22 19:55:00,2026-04-22 19:55:59,Q08,481.20,120.80,56.40,57.70,99.90,8.10,-0.11,481.20,116.80,54.50,55.80,99.90,8.20,-0.46,481.40,116.50,54.50,55.80,99.90,7.30,-0.40,481.27,118.03,165.40,169.30,99.90,7.87,-0.97
2026-04-22 19:56:00,2026-04-22 19:56:59,Q08,480.90,114.70,53.50,54.70,99.90,9.30,-0.06,480.90,111.90,52.50,53.30,99.90,9.60,-0.43,481.40,113.40,53.50,54.40,99.90,8.50,0.00,481.07,113.33,159.50,162.40,99.90,9.13,-0.49
2026-04-22 19:57:00,2026-04-22 19:57:59,Q08,480.40,118.90,55.40,56.60,99.90,8.30,-0.09,481.30,112.90,52.50,53.90,99.90,8.20,-0.49,480.20,113.60,53.50,54.20,99.90,8.10,-0.29,480.63,115.13,161.40,164.70,99.90,8.20,-0.86
2026-04-22 19:58:00,2026-04-22 19:58:59,Q08,482.80,121.70,57.40,58.30,99.90,9.50,-0.40,480.90,117.30,55.40,56.20,99.90,8.80,-0.46,480.10,118.10,55.40,56.60,99.90,8.90,-0.20,481.27,119.03,168.20,171.10,99.90,9.07,-1.06
2026-04-22 19:59:00,2026-04-22 19:59:59,Q08,481.60,118.20,55.40,56.80,99.90,8.60,-0.11,482.10,112.50,52.50,54.00,99.90,8.00,-0.46,481.80,114.70,53.50,54.80,99.90,7.70,-0.51,481.83,115.13,161.40,165.60,99.90,8.10,-1.09
2026-04-22 20:00:00,2026-04-22 20:00:59,Q08,481.90,116.90,54.50,55.80,99.90,9.50,-0.20,481.70,115.00,54.50,55.30,99.90,9.60,-0.46,479.40,116.20,54.50,55.60,99.90,8.90,-0.14,481.00,116.03,163.50,166.70,99.90,9.33,-0.80
2026-04-22 20:01:00,2026-04-22 20:01:59,Q08,481.10,116.10,54.50,55.80,99.90,8.10,-0.17,480.80,111.10,52.50,53.30,99.90,8.00,-0.46,481.20,112.00,52.50,53.90,99.90,6.70,-0.57,481.03,113.07,159.50,163.00,99.90,7.60,-1.20
2026-04-22 20:02:00,2026-04-22 20:02:59,Q08,481.50,117.40,55.40,56.30,99.90,8.90,-0.23,481.30,112.70,52.50,53.90,99.90,8.90,-0.60,479.70,114.80,53.50,54.60,99.90,8.20,-0.54,480.83,114.97,161.40,164.80,99.90,8.67,-1.37
2026-04-22 20:03:00,2026-04-22 20:03:59,Q08,482.30,112.70,52.50,54.00,99.90,7.60,-0.31,480.40,109.50,51.50,52.30,99.90,8.20,-0.37,479.50,109.30,51.50,52.20,99.90,7.50,-0.09,480.73,110.50,155.50,158.50,99.90,7.77,-0.77
2026-04-22 20:04:00,2026-04-22 20:04:59,Q08,481.30,112.80,52.50,53.90,99.90,8.90,-0.14,479.80,111.80,52.50,53.20,99.90,8.90,-0.37,480.10,110.20,51.50,52.80,99.90,8.40,0.43,480.40,111.60,156.50,159.90,99.90,8.73,-0.09
2026-04-22 20:05:00,2026-04-22 20:05:59,Q08,481.20,115.30,54.50,55.30,99.90,8.00,-0.31,480.20,112.20,52.50,53.80,99.90,8.30,-0.40,478.80,110.80,51.50,52.60,99.90,8.10,-0.03,480.07,112.77,158.50,161.70,99.90,8.13,-0.74
2026-04-22 20:06:00,2026-04-22 20:06:59,Q08,481.20,118.00,55.40,56.80,99.90,8.30,-0.29,480.50,112.90,52.50,53.80,99.90,8.30,-0.54,478.20,111.80,52.50,53.10,99.90,7.90,-0.46,479.97,114.23,160.40,163.70,99.90,8.17,-1.29
2026-04-22 20:07:00,2026-04-22 20:07:59,Q08,480.70,116.20,54.50,55.70,99.90,7.60,-0.31,480.90,111.80,52.50,53.30,99.90,7.50,-0.57,478.80,112.20,52.50,53.50,99.90,7.30,-0.31,480.13,113.40,159.50,162.50,99.90,7.47,-1.20
2026-04-22 20:08:00,2026-04-22 20:08:59,Q08,479.80,116.30,54.50,55.60,99.90,8.20,-0.14,480.80,113.50,53.50,54.20,99.90,8.50,-0.60,479.30,112.60,52.50,53.60,99.90,7.60,-0.17,479.97,114.13,160.50,163.40,99.90,8.10,-0.91
2026-04-22 20:09:00,2026-04-22 20:09:59,Q08,481.10,111.10,52.50,53.40,99.90,7.30,-0.23,479.30,104.10,48.50,49.80,99.90,8.30,-0.31,480.30,106.70,49.50,50.90,99.90,7.20,-0.89,480.23,107.30,150.50,154.10,99.90,7.60,-1.43
2026-04-22 20:10:00,2026-04-22 20:10:59,Q08,480.80,118.70,55.40,56.60,99.90,8.80,-0.26,478.90,116.30,54.50,55.40,99.90,8.50,-0.34,479.60,117.70,55.40,56.00,99.90,7.60,-0.06,479.77,117.57,165.30,168.00,99.90,8.30,-0.66
2026-04-22 20:11:00,2026-04-22 20:11:59,Q08,479.40,116.60,54.50,55.60,99.90,7.40,-0.17,479.80,112.80,52.50,53.60,99.90,7.00,-0.49,479.80,113.30,53.50,54.10,99.90,7.20,-0.37,479.67,114.23,160.50,163.30,99.90,7.20,-1.03
2026-04-22 20:12:00,2026-04-22 20:12:59,Q08,481.20,114.40,53.50,54.80,99.90,8.50,-0.29,478.90,108.20,50.50,51.60,99.90,8.70,-0.37,479.40,108.60,50.50,51.70,99.90,7.90,-0.63,479.83,110.40,154.50,158.10,99.90,8.37,-1.29
2026-04-22 20:13:00,2026-04-22 20:13:59,Q08,480.30,113.70,53.50,54.20,99.90,7.90,-0.26,481.00,109.60,51.50,52.40,99.90,7.70,-0.51,478.80,111.70,52.50,53.10,99.90,7.80,-0.37,480.03,111.67,157.50,159.70,99.90,7.80,-1.14
2026-04-22 20:14:00,2026-04-22 20:14:59,Q08,480.60,119.80,56.40,57.10,99.90,8.10,-0.23,481.00,116.20,54.50,55.80,99.90,8.40,-0.57,478.40,115.70,53.50,55.00,99.90,8.10,0.00,480.00,117.23,164.40,167.90,99.90,8.20,-0.80
2026-04-22 20:15:00,2026-04-22 20:15:59,Q08,479.80,117.00,55.40,56.00,99.90,8.00,-0.20,480.50,106.50,49.50,50.90,99.90,8.30,-0.54,479.30,108.20,50.50,51.70,99.90,7.80,-1.06,479.87,110.57,155.40,158.60,99.90,8.03,-1.80
2026-04-22 20:16:00,2026-04-22 20:16:59,Q08,480.00,120.60,56.40,57.60,99.90,7.90,-0.14,480.80,117.30,55.40,56.20,99.90,8.30,-0.54,479.20,119.20,56.40,57.00,99.90,7.50,0.06,480.00,119.03,168.20,170.80,99.90,7.90,-0.63
2026-04-22 20:17:00,2026-04-22 20:17:59,Q08,480.10,119.60,56.40,57.10,99.90,7.70,-0.17,480.20,118.00,55.40,56.60,99.90,7.50,-0.46,479.50,115.90,54.50,55.10,99.90,7.30,0.00,479.93,117.83,166.30,168.80,99.90,7.50,-0.63
2026-04-22 20:18:00,2026-04-22 20:18:59,Q08,480.50,118.80,55.40,56.60,99.90,8.90,-0.20,479.50,111.70,52.50,53.20,99.90,8.40,-0.43,480.00,113.00,53.50,54.20,99.90,8.10,-0.54,480.00,114.50,161.40,164.00,99.90,8.47,-1.17
2026-04-22 20:19:00,2026-04-22 20:19:59,Q08,480.70,119.00,56.40,57.10,99.90,7.40,-0.34,480.50,115.60,54.50,55.20,99.90,7.20,-0.51,478.30,116.60,54.50,55.40,99.90,6.60,-0.06,479.83,117.07,165.40,167.70,99.90,7.07,-0.91
2026-04-22 20:20:00,2026-04-22 20:20:59,Q08,480.30,126.20,59.40,60.50,99.90,7.80,-0.11,479.40,124.50,58.40,59.40,99.90,7.60,-0.37,480.20,125.30,59.40,60.00,99.90,7.50,0.40,479.97,125.33,177.20,179.90,99.90,7.63,-0.09
2026-04-22 20:21:00,2026-04-22 20:21:59,Q08,480.80,117.70,55.40,56.20,99.90,7.40,-0.26,481.20,116.40,54.50,55.80,99.90,7.50,-0.57,478.70,115.60,53.50,55.00,99.90,7.10,0.31,480.23,116.57,163.40,167.00,99.90,7.33,-0.51
2026-04-22 20:22:00,2026-04-22 20:22:59,Q08,481.80,122.20,57.40,58.70,99.90,8.30,-0.34,479.80,120.60,56.40,57.50,99.90,8.00,-0.40,478.60,117.50,54.50,55.90,99.90,7.80,0.11,480.07,120.10,168.30,172.10,99.90,8.03,-0.63
2026-04-22 20:23:00,2026-04-22 20:23:59,Q08,480.50,120.50,56.40,57.60,99.90,7.70,-0.23,481.30,119.50,56.40,57.20,99.90,7.50,-0.57,478.90,117.80,54.50,55.90,99.90,6.90,0.37,480.23,119.27,167.30,170.70,99.90,7.37,-0.43
2026-04-22 20:24:00,2026-04-22 20:24:59,Q08,481.00,120.40,56.40,57.70,99.90,8.30,-0.20,479.30,118.70,55.40,56.50,99.90,8.70,-0.37,480.20,118.10,55.40,56.60,99.90,8.00,0.09,480.17,119.07,167.20,170.80,99.90,8.33,-0.49
2026-04-22 20:25:00,2026-04-22 20:25:59,Q08,480.40,121.60,57.40,58.10,99.90,7.20,-0.17,480.00,118.60,55.40,56.60,99.90,7.20,-0.43,480.20,118.50,55.40,56.60,99.90,7.30,0.14,480.20,119.57,168.20,171.30,99.90,7.23,-0.46
2026-04-22 20:26:00,2026-04-22 20:26:59,Q08,480.10,120.10,56.40,57.60,99.90,8.10,-0.11,481.30,121.10,57.40,58.20,99.90,8.40,-0.54,479.40,118.90,55.40,56.50,99.90,7.50,0.34,480.27,120.03,169.20,172.30,99.90,8.00,-0.31
2026-04-22 20:27:00,2026-04-22 20:27:59,Q08,480.90,114.00,53.50,54.70,99.90,7.40,-0.20,479.20,110.80,51.50,52.70,99.90,7.30,-0.34,480.00,109.80,51.50,52.30,99.90,7.00,-0.03,480.03,111.53,156.50,159.70,99.90,7.23,-0.57
2026-04-22 20:28:00,2026-04-22 20:28:59,Q08,479.70,112.10,52.50,53.60,99.90,8.30,-0.17,480.20,111.50,52.50,53.30,99.90,8.40,-0.54,480.00,111.40,52.50,53.30,99.90,7.50,0.37,479.97,111.67,157.50,160.20,99.90,8.07,-0.34
2026-04-22 20:29:00,2026-04-22 20:29:59,Q08,479.90,116.60,54.50,55.60,99.90,8.00,-0.17,480.50,115.50,54.50,55.20,99.90,8.20,-0.49,479.90,114.10,53.50,54.60,99.90,7.40,0.17,480.10,115.40,162.50,165.40,99.90,7.87,-0.49
2026-04-22 20:30:00,2026-04-22 20:30:59,Q08,480.30,113.80,53.50,54.20,99.90,8.20,-0.23,479.30,111.10,52.50,53.20,99.90,8.60,-0.46,479.70,108.90,50.50,51.70,99.90,7.90,0.14,479.77,111.27,156.50,159.10,99.90,8.23,-0.54
2026-04-22 20:31:00,2026-04-22 20:31:59,Q08,481.10,118.90,55.40,56.80,99.90,7.60,-0.37,479.00,114.70,53.50,54.60,99.90,7.60,-0.34,478.70,114.30,53.50,54.50,99.90,6.30,-0.03,479.60,115.97,162.40,165.90,99.90,7.17,-0.74
2026-04-22 20:32:00,2026-04-22 20:32:59,Q08,481.40,110.20,51.50,52.90,99.90,8.50,-0.26,479.70,104.60,48.50,49.80,99.90,9.10,-0.37,479.10,104.90,48.50,49.80,99.90,8.00,-0.37,480.07,106.57,148.50,152.50,99.90,8.53,-1.00
2026-04-22 20:33:00,2026-04-22 20:33:59,Q08,482.70,117.90,55.40,56.40,99.90,7.80,-0.29,481.20,113.50,53.50,54.40,99.90,8.30,-0.40,481.80,114.20,53.50,54.80,99.90,7.40,-0.49,481.90,115.20,162.40,165.60,99.90,7.83,-1.17
2026-04-22 20:34:00,2026-04-22 20:34:59,Q08,481.30,112.60,52.50,53.90,99.90,8.70,-0.17,481.20,111.60,52.50,53.40,99.90,9.10,-0.43,482.80,110.20,52.50,53.00,99.90,8.00,-0.20,481.77,111.47,157.50,160.30,99.90,8.60,-0.80
2026-04-22 20:35:00,2026-04-22 20:35:59,Q08,481.60,118.90,55.40,56.80,99.90,8.40,-0.17,482.80,114.40,53.50,54.90,99.90,9.30,-0.49,481.20,112.50,52.50,53.90,99.90,7.70,-0.69,481.87,115.27,161.40,165.60,99.90,8.47,-1.34
2026-04-22 20:36:00,2026-04-22 20:36:59,Q08,481.30,94.50,44.50,45.20,99.90,9.60,-0.17,483.00,90.10,42.60,43.50,99.90,9.30,-0.51,481.20,92.20,43.60,44.30,99.90,8.40,-0.49,481.83,92.27,130.70,133.00,99.90,9.10,-1.17
2026-04-22 20:37:00,2026-04-22 20:37:59,Q08,481.10,118.00,55.40,56.80,99.90,8.70,-0.14,481.80,112.60,52.50,53.90,99.90,9.40,-0.49,482.50,113.10,53.50,54.50,99.90,7.60,-0.66,481.80,114.57,161.40,165.20,99.90,8.57,-1.29
2026-04-22 20:38:00,2026-04-22 20:38:59,Q08,482.20,117.60,55.40,56.40,99.90,8.80,-0.11,483.10,111.80,52.50,53.60,99.90,9.70,-0.49,483.50,111.70,52.50,53.60,99.90,7.90,-0.80,482.93,113.70,160.40,163.60,99.90,8.80,-1.40
2026-04-22 20:39:00,2026-04-22 20:39:59,Q08,482.50,124.40,58.40,59.80,99.90,8.80,-0.20,481.90,117.00,55.40,56.30,99.90,9.60,-0.40,482.70,116.00,54.50,55.90,99.80,6.80,-1.54,482.37,119.13,168.30,172.00,99.87,8.40,-2.14
2026-04-22 20:40:00,2026-04-22 20:40:59,Q08,481.30,117.80,55.40,56.30,99.90,8.30,-0.14,482.70,110.30,52.50,53.00,99.90,8.80,-0.57,481.80,112.30,52.50,53.90,99.90,7.60,-1.00,481.93,113.47,160.40,163.20,99.90,8.23,-1.71
2026-04-22 20:41:00,2026-04-22 20:41:59,Q08,481.10,121.50,57.40,58.20,99.90,7.70,-0.14,482.60,117.40,55.40,56.40,99.90,9.10,-0.49,483.10,118.20,55.40,57.00,99.90,6.90,-0.43,482.27,119.03,168.20,171.60,99.90,7.90,-1.06
2026-04-22 20:42:00,2026-04-22 20:42:59,Q08,483.40,110.50,52.50,53.10,99.90,8.30,-0.26,482.00,103.20,48.50,49.60,99.90,9.00,-0.37,482.40,104.30,49.50,50.10,99.90,7.80,-1.09,482.60,106.00,150.50,152.80,99.90,8.37,-1.71
2026-04-22 20:43:00,2026-04-22 20:43:59,Q08,481.80,126.60,59.40,60.60,99.90,9.10,-0.14,481.50,120.00,56.40,57.70,99.90,9.60,-0.37,483.40,122.30,57.40,58.90,99.90,7.40,-1.26,482.23,122.97,173.20,177.20,99.90,8.70,-1.77
2026-04-22 20:44:00,2026-04-22 20:44:59,Q08,482.90,118.20,55.40,56.90,99.90,8.20,-0.26,481.50,112.60,52.50,53.90,99.90,9.80,-0.34,483.00,112.00,53.50,54.10,99.90,8.00,-0.80,482.47,114.27,161.40,164.90,99.90,8.67,-1.40
2026-04-22 20:45:00,2026-04-22 20:45:59,Q08,481.50,124.80,58.40,59.60,99.90,8.10,-0.14,481.30,114.00,53.50,54.80,99.90,9.60,-0.49,483.00,117.60,55.40,56.50,99.80,7.00,-1.66,481.93,118.80,167.30,170.90,99.87,8.23,-2.29
2026-04-22 20:46:00,2026-04-22 20:46:59,Q08,481.60,117.10,55.40,56.30,99.90,8.20,-0.09,483.60,108.40,51.50,52.20,99.90,9.50,-0.57,482.90,110.50,52.50,53.00,99.90,7.70,-1.29,482.70,112.00,159.40,161.50,99.90,8.47,-1.94
2026-04-22 20:47:00,2026-04-22 20:47:59,Q08,483.70,123.80,58.40,59.40,99.90,8.40,-0.26,482.10,118.70,55.40,56.90,99.90,9.80,-0.31,482.50,119.20,56.40,57.40,99.90,7.50,-0.43,482.77,120.57,170.20,173.70,99.90,8.57,-1.00
2026-04-22 20:48:00,2026-04-22 20:48:59,Q08,482.70,115.90,54.50,55.40,99.90,7.80,-0.17,482.10,108.30,51.50,52.10,99.90,9.50,-0.40,483.70,110.20,52.50,53.10,99.80,7.60,-1.63,482.83,111.47,158.50,160.60,99.87,8.30,-2.20
2026-04-22 20:49:00,2026-04-22 20:49:59,Q08,482.30,125.20,59.40,60.20,99.90,8.00,-0.14,481.80,119.20,56.40,57.20,99.90,9.00,-0.40,483.60,118.30,55.40,57.00,99.90,6.60,-0.89,482.57,120.90,171.20,174.40,99.90,7.87,-1.43
2026-04-22 20:50:00,2026-04-22 20:50:59,Q08,482.70,123.00,58.40,59.30,99.90,8.20,-0.23,481.30,116.20,54.50,55.80,99.90,9.20,-0.34,482.60,117.30,55.40,56.40,99.90,7.20,-0.49,482.20,118.83,168.30,171.50,99.90,8.20,-1.06
2026-04-22 20:51:00,2026-04-22 20:51:59,Q08,483.00,129.10,61.40,62.30,99.90,8.10,-0.26,483.20,124.90,58.40,59.90,99.90,8.80,-0.51,482.20,124.60,58.40,59.80,99.90,7.00,-0.17,482.80,126.20,178.20,182.00,99.90,7.97,-0.94
2026-04-22 20:52:00,2026-04-22 20:52:59,Q08,482.90,127.30,60.40,61.20,99.90,7.10,-0.23,483.50,120.60,56.40,58.00,99.90,7.40,-0.57,482.60,121.90,57.40,58.30,99.90,6.50,-0.77,483.00,123.27,174.20,177.50,99.90,7.00,-1.57
2026-04-22 20:53:00,2026-04-22 20:53:59,Q08,482.50,127.20,60.40,61.20,99.90,7.80,-0.14,483.20,122.10,57.40,58.90,99.90,8.60,-0.57,483.30,121.40,57.40,58.40,99.90,7.10,-0.34,483.00,123.57,175.20,178.50,99.90,7.83,-1.06
2026-04-22 20:54:00,2026-04-22 20:54:59,Q08,482.60,125.10,59.40,60.20,99.90,7.10,-0.14,482.40,121.00,57.40,58.30,99.90,8.10,-0.46,484.20,123.10,58.40,59.50,99.90,6.10,-0.94,483.07,123.07,175.20,178.00,99.90,7.10,-1.54
2026-04-22 20:55:00,2026-04-22 20:55:59,Q08,483.60,125.30,59.40,60.40,99.90,8.40,-0.20,483.60,121.10,57.40,58.40,99.90,9.20,-0.46,482.50,122.10,57.40,58.80,99.90,7.40,-0.57,483.23,122.83,174.20,177.60,99.90,8.33,-1.23
2026-04-22 20:56:00,2026-04-22 20:56:59,Q08,482.40,124.70,58.40,59.80,99.90,7.30,-0.09,483.70,120.60,56.40,58.00,99.90,8.20,-0.54,483.70,121.50,57.40,58.40,99.90,6.20,-0.60,483.27,122.27,172.20,176.20,99.90,7.23,-1.23
2026-04-22 20:57:00,2026-04-22 20:57:59,Q08,484.00,128.40,60.40,62.00,99.90,7.70,-0.29,482.40,123.10,58.40,59.30,99.90,8.60,-0.40,483.20,124.30,58.40,59.90,99.90,6.80,-0.31,483.20,125.27,177.20,181.20,99.90,7.70,-1.00
2026-04-22 20:58:00,2026-04-22 20:58:59,Q08,483.20,122.80,57.40,58.90,99.90,7.20,-0.20,484.30,117.40,55.40,56.60,99.90,7.70,-0.54,483.00,118.40,55.40,57.00,99.90,6.80,-0.37,483.50,119.53,168.20,172.50,99.90,7.23,-1.11
2026-04-22 20:59:00,2026-04-22 20:59:59,Q08,483.10,120.40,56.40,58.00,99.90,8.10,-0.11,483.20,115.60,54.50,55.50,99.90,8.30,-0.46,484.60,114.60,54.50,55.20,99.90,7.30,-0.37,483.63,116.87,165.40,168.70,99.90,7.90,-0.94
2026-04-22 21:00:00,2026-04-22 21:00:59,Q08,482.90,121.40,57.40,58.30,99.90,7.30,0.00,483.90,118.90,55.40,57.00,99.90,7.60,-0.46,484.60,118.80,56.40,57.10,99.90,6.20,-0.09,483.80,119.70,169.20,172.40,99.90,7.03,-0.54
2026-04-22 21:01:00,2026-04-22 21:01:59,Q08,483.20,116.50,55.40,56.00,99.90,8.90,-0.17,484.70,113.40,53.50,54.70,99.90,8.90,-0.54,483.10,115.00,54.50,55.50,99.90,8.00,-0.29,483.67,114.97,163.40,166.20,99.90,8.60,-1.00
2026-04-22 21:02:00,2026-04-22 21:02:59,Q08,482.90,117.40,55.40,56.40,99.90,7.60,-0.11,484.20,112.40,53.50,54.20,99.90,8.50,-0.51,484.10,114.90,54.50,55.20,99.90,6.90,-0.26,483.73,114.90,163.40,165.80,99.90,7.67,-0.89
2026-04-22 21:03:00,2026-04-22 21:03:59,Q08,483.40,111.00,52.50,53.60,99.90,8.50,-0.14,483.80,104.40,49.50,50.20,99.90,9.70,-0.43,485.10,107.60,50.50,51.90,99.90,9.10,-0.97,484.10,107.67,152.50,155.70,99.90,9.10,-1.54
2026-04-22 21:04:00,2026-04-22 21:04:59,Q08,484.40,118.70,56.40,57.10,99.90,8.00,-0.26,483.90,113.90,53.50,54.60,99.90,8.30,-0.40,483.10,115.30,54.50,55.50,99.90,7.10,-0.23,483.80,115.97,164.40,167.20,99.90,7.80,-0.89
2026-04-22 21:05:00,2026-04-22 21:05:59,Q08,484.10,114.30,54.50,55.20,99.90,8.00,-0.20,483.00,109.10,51.50,52.60,99.90,8.40,-0.34,484.60,109.10,51.50,52.80,99.90,7.60,-0.51,483.90,110.83,157.50,160.60,99.90,8.00,-1.06
2026-04-22 21:06:00,2026-04-22 21:06:59,Q08,484.90,115.50,54.50,55.70,99.90,7.90,-0.26,483.30,110.50,52.50,53.10,99.90,8.70,-0.31,484.30,108.20,51.50,52.30,99.90,8.10,-1.26,484.17,111.40,158.50,161.10,99.90,8.23,-1.83
2026-04-22 21:07:00,2026-04-22 21:07:59,Q08,483.70,107.60,50.50,51.70,99.90,8.60,-0.11,485.10,105.10,49.50,50.90,99.90,9.40,-0.54,485.00,106.10,50.50,51.40,99.90,7.70,-0.14,484.60,106.27,150.50,154.00,99.90,8.57,-0.80
2026-04-22 21:08:00,2026-04-22 21:08:59,Q08,483.70,118.00,55.40,57.00,99.90,8.30,-0.06,484.40,114.90,54.50,55.20,99.90,8.60,-0.46,485.50,114.60,54.50,55.30,99.90,7.50,-0.29,484.53,115.83,164.40,167.50,99.90,8.13,-0.80
2026-04-22 21:09:00,2026-04-22 21:09:59,Q08,485.20,114.10,54.50,55.30,99.90,8.20,-0.26,483.50,108.00,51.50,52.20,99.90,9.00,-0.34,484.30,108.40,51.50,52.30,99.90,8.80,-0.71,484.33,110.17,157.50,159.80,99.90,8.67,-1.31
2026-04-22 21:10:00,2026-04-22 21:10:59,Q08,485.00,122.10,58.40,59.20,99.90,7.70,-0.23,483.30,115.70,54.50,55.50,99.90,8.60,-0.31,484.20,116.80,55.40,56.10,99.90,7.00,-0.31,484.17,118.20,168.30,170.80,99.90,7.77,-0.86
2026-04-22 21:11:00,2026-04-22 21:11:59,Q08,484.00,120.90,57.40,58.10,99.90,8.30,-0.20,484.80,115.90,54.50,55.70,99.90,8.90,-0.54,483.50,116.20,55.40,56.00,99.90,7.80,-0.37,484.10,117.67,167.30,169.80,99.90,8.33,-1.11
2026-04-22 21:12:00,2026-04-22 21:12:59,Q08,483.20,124.20,58.40,59.90,99.90,7.80,-0.09,484.70,115.90,54.50,55.70,99.90,9.00,-0.54,484.70,118.20,56.40,57.10,99.80,7.10,-1.57,484.20,119.43,169.30,172.70,99.87,7.97,-2.20
2026-04-22 21:13:00,2026-04-22 21:13:59,Q08,483.30,120.70,56.40,58.00,99.90,8.50,-0.14,484.80,116.40,55.40,56.10,99.90,9.50,-0.57,484.20,116.60,55.40,56.10,99.90,7.70,-0.51,484.10,117.90,167.20,170.20,99.90,8.57,-1.23
2026-04-22 21:14:00,2026-04-22 21:14:59,Q08,483.40,124.00,58.40,59.90,99.90,7.50,-0.11,484.90,117.10,55.40,56.60,99.90,8.40,-0.57,484.40,115.50,54.50,55.70,99.90,7.10,-0.86,484.23,118.87,168.30,172.20,99.90,7.67,-1.54
2026-04-22 21:15:00,2026-04-22 21:15:59,Q08,484.00,113.80,53.50,54.70,99.90,8.00,-0.20,484.60,105.30,49.50,50.80,99.90,8.70,-0.51,483.70,107.90,50.50,51.70,99.90,7.80,-1.03,484.10,109.00,153.50,157.20,99.90,8.17,-1.74
2026-04-22 21:16:00,2026-04-22 21:16:59,Q08,484.70,127.00,60.40,61.50,99.90,7.70,-0.26,484.50,122.10,58.40,59.00,99.90,8.00,-0.46,483.60,120.20,56.40,58.00,99.90,6.30,-0.69,484.27,123.10,175.20,178.50,99.90,7.33,-1.40
2026-04-22 21:17:00,2026-04-22 21:17:59,Q08,484.10,111.60,52.50,53.70,99.90,7.90,-0.23,484.70,106.90,50.50,51.30,99.90,8.70,-0.51,483.60,108.50,51.50,52.20,99.90,7.10,-0.46,484.13,109.00,154.50,157.20,99.90,7.90,-1.20
2026-04-22 21:18:00,2026-04-22 21:18:59,Q08,484.20,121.50,57.40,58.60,99.90,7.70,-0.26,484.40,116.10,55.40,56.10,99.90,7.60,-0.49,483.30,117.40,55.40,56.50,99.90,6.70,-0.34,483.97,118.33,168.20,171.20,99.90,7.33,-1.09
2026-04-22 21:19:00,2026-04-22 21:19:59,Q08,484.60,100.30,47.50,48.40,99.90,8.10,-0.20,483.50,94.70,44.50,45.40,99.90,8.70,-0.37,485.50,94.40,44.50,45.60,99.90,7.40,-0.71,484.53,96.47,136.50,139.40,99.90,8.07,-1.29
2026-04-22 21:20:00,2026-04-22 21:20:59,Q08,483.90,121.30,57.40,58.40,99.90,7.80,-0.17,484.00,113.90,53.50,54.70,99.90,8.10,-0.49,485.30,118.50,56.40,57.20,99.90,7.20,-1.14,484.40,117.90,167.30,170.30,99.90,7.70,-1.80
2026-04-22 21:21:00,2026-04-22 21:21:59,Q08,484.60,121.90,57.40,58.60,99.90,7.00,-0.14,483.60,120.00,56.40,58.00,99.90,7.80,-0.34,485.30,117.50,55.40,56.70,99.90,7.50,-0.20,484.50,119.80,169.20,173.30,99.90,7.43,-0.69
2026-04-22 21:22:00,2026-04-22 21:22:59,Q08,483.60,122.70,57.40,58.90,99.90,7.70,-0.14,484.80,118.10,56.40,57.10,99.90,8.00,-0.54,483.90,119.90,56.40,57.50,99.90,6.80,-0.71,484.10,120.23,170.20,173.50,99.90,7.50,-1.40
2026-04-22 21:23:00,2026-04-22 21:23:59,Q08,483.00,118.30,55.40,57.00,99.90,7.40,-0.14,482.90,115.70,54.50,55.40,99.90,8.50,-0.46,484.60,115.60,54.50,55.70,99.90,6.90,-0.43,483.50,116.53,164.40,168.10,99.90,7.60,-1.03
2026-04-22 21:24:00,2026-04-22 21:24:59,Q08,484.70,124.30,59.40,60.00,99.90,7.60,-0.26,483.00,119.50,56.40,57.50,99.90,8.20,-0.40,484.00,118.50,56.40,57.10,99.90,6.70,-0.54,483.90,120.77,172.20,174.60,99.90,7.50,-1.20
2026-04-22 21:25:00,2026-04-22 21:25:59,Q08,484.10,119.60,56.40,57.60,99.90,7.30,-0.17,483.00,113.80,53.50,54.60,99.90,7.90,-0.31,484.40,114.90,54.50,55.20,99.90,7.20,-0.51,483.83,116.10,164.40,167.40,99.90,7.47,-1.00
2026-04-22 21:26:00,2026-04-22 21:26:59,Q08,483.70,125.60,59.40,60.40,99.90,7.60,-0.11,483.20,119.90,56.40,57.50,99.90,8.10,-0.37,485.00,121.90,57.40,58.70,99.90,7.30,-0.71,483.97,122.47,173.20,176.60,99.90,7.67,-1.20
2026-04-22 21:27:00,2026-04-22 21:27:59,Q08,484.20,120.80,57.40,58.10,99.90,7.30,-0.26,483.80,112.60,53.50,54.10,99.90,8.30,-0.51,483.00,113.70,53.50,54.60,99.90,6.80,-0.54,483.67,115.70,164.40,166.80,99.90,7.47,-1.31
2026-04-22 21:28:00,2026-04-22 21:28:59,Q08,483.70,122.40,57.40,58.90,99.90,8.30,-0.14,482.30,116.90,54.50,55.90,99.90,8.60,-0.37,484.40,118.30,56.40,57.10,99.90,7.50,-0.63,483.47,119.20,168.30,171.90,99.90,8.13,-1.14
2026-04-22 21:29:00,2026-04-22 21:29:59,Q08,483.10,120.10,56.40,58.00,99.90,7.70,-0.09,483.50,115.10,54.50,55.50,99.90,8.20,-0.46,484.80,116.70,55.40,56.10,99.90,7.70,-0.43,483.80,117.30,166.30,169.60,99.90,7.87,-0.97
2026-04-22 21:30:00,2026-04-22 21:30:59,Q08,484.50,123.70,58.40,59.50,99.90,7.60,-0.31,483.50,115.60,54.50,55.50,99.90,8.50,-0.43,483.00,117.60,55.40,56.50,99.90,7.40,-1.11,483.67,118.97,168.30,171.50,99.90,7.83,-1.86
2026-04-22 21:31:00,2026-04-22 21:31:59,Q08,484.90,121.10,57.40,58.60,99.90,7.30,-0.34,483.40,116.90,55.40,56.00,99.90,8.10,-0.40,483.40,115.50,54.50,55.50,99.90,7.10,-0.43,483.90,117.83,167.30,170.10,99.90,7.50,-1.17
2026-04-22 21:32:00,2026-04-22 21:32:59,Q08,483.50,124.00,58.40,59.90,99.90,7.70,-0.06,482.90,117.80,55.40,56.40,99.90,8.20,-0.34,484.90,120.20,57.40,58.10,99.90,6.80,-0.51,483.77,120.67,171.20,174.40,99.90,7.57,-0.91
2026-04-22 21:33:00,2026-04-22 21:33:59,Q08,483.30,118.90,55.40,57.00,99.90,7.60,-0.11,482.90,115.20,54.50,55.40,99.90,8.40,-0.40,484.90,114.60,54.50,55.20,99.90,7.50,-0.31,483.70,116.23,164.40,167.60,99.90,7.83,-0.83
2026-04-22 21:34:00,2026-04-22 21:34:59,Q08,483.90,120.60,56.40,58.00,99.90,8.40,-0.14,483.30,115.00,54.50,55.50,99.90,8.50,-0.43,485.10,115.30,54.50,55.80,99.90,7.60,-0.71,484.10,116.97,165.40,169.30,99.90,8.17,-1.29
2026-04-22 21:35:00,2026-04-22 21:35:59,Q08,484.90,117.10,55.40,56.60,99.90,7.40,-0.23,483.40,114.30,54.50,55.10,99.90,8.40,-0.37,484.60,113.90,53.50,54.70,99.90,7.00,-0.03,484.30,115.10,163.40,166.40,99.90,7.60,-0.63
2026-04-22 21:36:00,2026-04-22 21:36:59,Q08,484.10,126.50,59.40,61.00,99.90,8.10,-0.14,484.70,122.80,58.40,59.00,99.90,8.90,-0.51,483.30,121.90,57.40,58.40,99.90,7.50,0.00,484.03,123.73,175.20,178.40,99.90,8.17,-0.66
2026-04-22 21:37:00,2026-04-22 21:37:59,Q08,485.00,113.10,53.50,54.80,99.90,8.00,-0.26,483.30,107.00,50.50,51.70,99.90,8.70,-0.34,484.10,108.60,51.50,52.30,99.90,7.70,-0.63,484.13,109.57,155.50,158.80,99.90,8.13,-1.23
2026-04-22 21:38:00,2026-04-22 21:38:59,Q08,484.60,118.00,56.40,57.10,99.90,8.50,-0.26,483.20,113.20,53.50,54.60,99.90,8.40,-0.37,484.80,115.60,54.50,55.70,99.90,7.40,-0.29,484.20,115.60,164.40,167.40,99.90,8.10,-0.91
2026-04-22 21:39:00,2026-04-22 21:39:59,Q08,483.50,129.40,61.40,62.30,99.90,7.70,-0.03,483.80,124.40,58.40,59.90,99.90,8.90,-0.43,485.00,125.50,59.40,60.60,99.90,7.60,-0.60,484.10,126.43,179.20,182.80,99.90,8.07,-1.06
2026-04-22 21:40:00,2026-04-22 21:40:59,Q08,484.10,110.80,52.50,53.20,99.90,8.30,-0.14,484.50,105.30,49.50,50.80,99.90,8.40,-0.40,485.40,107.30,50.50,51.90,99.90,7.30,-0.69,484.67,107.80,152.50,155.90,99.90,8.00,-1.23
2026-04-22 21:41:00,2026-04-22 21:41:59,Q08,484.80,114.90,54.50,55.20,99.90,8.10,-0.20,485.50,110.80,52.50,53.30,99.90,8.40,-0.51,484.40,109.80,51.50,52.80,99.90,7.30,-0.29,484.90,111.83,158.50,161.30,99.90,7.93,-1.00
2026-04-22 21:42:00,2026-04-22 21:42:59,Q08,486.30,117.40,55.40,56.90,99.90,8.70,-0.26,485.30,112.10,53.50,54.30,99.90,8.60,-0.43,484.40,114.40,54.50,55.20,99.90,8.00,-0.43,485.33,114.63,163.40,166.40,99.90,8.43,-1.11
2026-04-22 21:43:00,2026-04-22 21:43:59,Q08,486.20,118.50,56.40,57.30,99.90,8.00,-0.37,484.30,117.00,55.40,56.60,99.90,7.90,-0.37,485.30,116.00,55.40,56.30,99.90,7.70,-0.17,485.27,117.17,167.20,170.20,99.90,7.87,-0.91
2026-04-22 21:44:00,2026-04-22 21:44:59,Q08,485.50,117.50,55.40,56.70,99.90,8.50,-0.26,486.40,112.60,53.50,54.40,99.90,8.70,-0.54,484.80,111.60,52.50,53.70,99.90,7.60,-0.49,485.57,113.90,161.40,164.80,99.90,8.27,-1.29
2026-04-22 21:45:00,2026-04-22 21:45:59,Q08,486.60,119.80,56.40,57.80,99.90,7.80,-0.29,484.80,115.00,54.50,55.70,99.90,8.10,-0.37,486.00,116.40,55.40,56.40,99.90,7.30,-0.31,485.80,117.07,166.30,169.90,99.90,7.73,-0.97
2026-04-22 21:46:00,2026-04-22 21:46:59,Q08,486.80,111.80,52.50,53.90,99.90,8.30,-0.29,485.40,106.30,50.50,51.40,99.90,8.80,-0.34,485.10,108.60,51.50,52.40,99.90,7.50,-0.34,485.77,108.90,154.50,157.70,99.90,8.20,-0.97
2026-04-22 21:47:00,2026-04-22 21:47:59,Q08,485.00,118.90,56.40,57.20,99.90,9.10,-0.11,486.40,115.60,54.50,55.90,99.90,9.80,-0.57,485.60,117.30,55.40,56.70,99.90,8.30,-0.49,485.67,117.27,166.30,169.80,99.90,9.07,-1.17
2026-04-22 21:48:00,2026-04-22 21:48:59,Q08,485.00,117.00,55.40,56.70,99.90,7.70,-0.20,486.10,111.90,52.50,53.90,99.90,8.00,-0.57,485.50,111.00,52.50,53.80,99.90,7.00,-0.43,485.53,113.30,160.40,164.40,99.90,7.57,-1.20
2026-04-22 21:49:00,2026-04-22 21:49:59,Q08,485.80,116.50,55.40,56.30,99.90,8.50,-0.14,486.00,114.00,54.50,55.40,99.90,9.30,-0.54,484.60,113.40,53.50,54.70,99.90,7.80,-0.37,485.47,114.63,163.40,166.40,99.90,8.53,-1.06
2026-04-22 21:50:00,2026-04-22 21:50:59,Q08,484.40,118.00,56.40,57.10,99.90,8.00,-0.20,485.50,110.90,52.50,53.30,99.90,7.70,-0.51,485.10,111.10,52.50,53.80,99.90,7.10,-0.54,485.00,113.33,161.40,164.20,99.90,7.60,-1.26
2026-04-22 21:51:00,2026-04-22 21:51:59,Q08,486.60,115.20,54.50,55.90,99.90,8.40,-0.26,485.60,112.40,53.50,54.30,99.90,9.20,-0.40,484.70,110.90,52.50,53.20,99.90,7.90,-0.17,485.63,112.83,160.50,163.40,99.90,8.50,-0.83
2026-04-22 21:52:00,2026-04-22 21:52:59,Q08,486.20,117.70,55.40,56.90,99.90,7.50,-0.23,485.30,112.30,53.50,54.30,99.90,8.40,-0.40,486.70,112.80,53.50,54.40,99.90,6.70,-0.71,486.07,114.27,162.40,165.60,99.90,7.53,-1.34
2026-04-22 21:53:00,2026-04-22 21:53:59,Q08,486.60,119.70,56.40,57.80,99.90,8.50,-0.23,487.20,115.30,55.40,56.00,99.90,8.40,-0.57,486.00,115.40,54.50,55.90,99.90,8.30,-0.54,486.60,116.80,166.30,169.70,99.90,8.40,-1.34
2026-04-22 21:54:00,2026-04-22 21:54:59,Q08,487.40,113.30,54.50,55.00,99.90,8.60,-0.31,485.80,108.70,51.50,52.40,99.90,8.30,-0.37,485.80,108.80,51.50,52.40,99.90,7.40,-0.29,486.33,110.27,157.50,159.80,99.90,8.10,-0.97
2026-04-22 21:55:00,2026-04-22 21:55:59,Q08,486.00,119.10,56.40,57.80,99.90,8.10,-0.06,487.30,113.20,54.50,55.00,99.90,8.90,-0.63,485.90,116.60,55.40,56.30,99.90,8.20,-0.40,486.40,116.30,166.30,169.10,99.90,8.40,-1.09
2026-04-22 21:56:00,2026-04-22 21:56:59,Q08,485.80,118.10,56.40,57.20,99.90,8.30,-0.11,486.90,111.20,52.50,53.90,99.90,8.40,-0.46,486.60,115.70,54.50,55.90,99.90,7.20,-0.91,486.43,115.00,163.40,167.00,99.90,7.97,-1.49
2026-04-22 21:57:00,2026-04-22 21:57:59,Q08,486.50,123.40,58.40,59.80,99.90,9.30,-0.40,486.10,120.60,57.40,58.30,99.90,9.20,-0.40,487.50,119.00,56.40,58.00,99.90,7.80,-0.20,486.70,121.00,172.20,176.10,99.90,8.77,-1.00
2026-04-22 21:58:00,2026-04-22 21:58:59,Q08,487.50,124.70,59.40,60.40,99.90,7.80,-0.26,486.90,120.90,57.40,58.30,99.90,7.50,-0.43,486.00,122.50,58.40,59.30,99.90,7.20,-0.17,486.80,122.70,175.20,178.00,99.90,7.50,-0.86
2026-04-22 21:59:00,2026-04-22 21:59:59,Q08,487.60,123.90,58.40,59.90,99.90,8.60,-0.31,486.70,114.80,54.50,55.40,99.90,9.50,-0.51,486.80,118.60,56.40,57.30,99.90,8.30,-0.86,487.03,119.10,169.30,172.60,99.90,8.80,-1.69
2026-04-22 22:00:00,2026-04-22 22:00:59,Q08,487.10,121.30,57.40,58.90,99.90,7.50,-0.20,487.30,114.60,54.50,55.50,99.90,8.50,-0.46,485.90,115.60,54.50,55.80,99.90,6.90,-0.86,486.77,117.17,166.40,170.20,99.90,7.63,-1.51
2026-04-22 22:01:00,2026-04-22 22:01:59,Q08,487.00,132.50,63.40,64.30,99.90,8.10,-0.20,487.40,127.30,60.40,61.80,99.90,8.70,-0.49,486.10,125.70,59.40,60.80,99.90,7.60,-0.26,486.83,128.50,183.20,186.90,99.90,8.13,-0.94
2026-04-22 22:02:00,2026-04-22 22:02:59,Q08,486.10,124.00,59.40,60.30,99.90,7.70,-0.03,486.90,119.10,56.40,57.80,99.90,8.80,-0.46,487.30,119.00,56.40,58.00,99.90,7.20,-0.37,486.77,120.70,172.20,176.10,99.90,7.90,-0.86
2026-04-22 22:03:00,2026-04-22 22:03:59,Q08,487.80,127.60,60.40,61.80,99.90,9.20,-0.23,485.80,120.30,57.40,58.20,99.90,9.00,-0.34,487.10,122.30,58.40,59.40,99.90,7.50,-1.09,486.90,123.40,176.20,179.40,99.90,8.57,-1.66
2026-04-22 22:04:00,2026-04-22 22:04:59,Q08,486.70,126.30,60.40,61.20,99.90,8.20,-0.06,487.00,122.40,58.40,59.40,99.90,8.10,-0.43,488.00,123.30,59.40,60.00,99.90,7.10,-0.40,487.23,124.00,178.20,180.60,99.90,7.80,-0.89
2026-04-22 22:05:00,2026-04-22 22:05:59,Q08,486.50,127.30,60.40,61.70,99.90,8.40,-0.09,487.80,121.30,57.40,58.90,99.90,8.50,-0.49,486.50,123.60,58.40,59.80,99.90,7.60,-0.11,486.93,124.07,176.20,180.40,99.90,8.17,-0.69
2026-04-22 22:06:00,2026-04-22 22:06:59,Q08,487.20,116.00,55.40,56.50,99.90,8.10,-0.20,487.30,108.30,51.50,52.60,99.90,9.00,-0.49,485.60,110.40,52.50,53.30,99.90,7.30,-0.71,486.70,111.57,159.40,162.40,99.90,8.13,-1.40
2026-04-22 22:07:00,2026-04-22 22:07:59,Q08,486.60,120.50,57.40,58.30,99.90,8.80,-0.14,487.40,117.20,55.40,57.00,99.90,8.60,-0.49,485.90,118.00,56.40,57.20,99.90,8.00,-0.40,486.63,118.57,169.20,172.50,99.90,8.47,-1.03
2026-04-22 22:08:00,2026-04-22 22:08:59,Q08,487.20,120.40,57.40,58.40,99.90,8.00,-0.23,486.10,117.20,55.40,56.90,99.90,7.30,-0.49,485.20,116.60,55.40,56.30,99.90,6.90,0.00,486.17,118.07,168.20,171.60,99.90,7.40,-0.71
2026-04-22 22:09:00,2026-04-22 22:09:59,Q08,486.40,117.30,55.40,56.90,99.90,9.00,-0.20,486.70,111.40,52.50,53.90,99.90,9.50,-0.51,485.10,112.40,53.50,54.30,99.90,7.80,-1.20,486.07,113.70,161.40,165.10,99.90,8.77,-1.91
2026-04-22 22:10:00,2026-04-22 22:10:59,Q08,486.90,116.40,55.40,56.40,99.90,8.70,-0.29,485.90,111.20,52.50,53.80,99.90,8.40,-0.43,485.10,113.50,53.50,54.80,99.90,7.60,0.03,485.97,113.70,161.40,165.00,99.90,8.23,-0.69
2026-04-22 22:11:00,2026-04-22 22:11:59,Q08,487.40,120.10,57.40,58.40,99.90,9.50,-0.31,486.00,115.80,54.50,55.90,99.90,9.40,-0.43,485.50,115.70,54.50,55.80,99.90,8.20,-0.11,486.30,117.20,166.40,170.10,99.90,9.03,-0.86
2026-04-22 22:12:00,2026-04-22 22:12:59,Q08,487.00,122.00,58.40,59.40,99.90,8.40,-0.29,485.50,113.50,53.50,54.80,99.90,9.00,-0.46,487.20,117.20,55.40,57.00,99.90,7.90,-0.91,486.57,117.57,167.30,171.20,99.90,8.43,-1.66
2026-04-22 22:13:00,2026-04-22 22:13:59,Q08,485.80,124.60,59.40,60.10,99.90,9.10,-0.14,486.60,120.80,57.40,58.30,99.90,8.60,-0.60,486.90,121.00,57.40,58.80,99.90,8.30,-0.54,486.43,122.13,174.20,177.20,99.90,8.67,-1.29
2026-04-22 22:14:00,2026-04-22 22:14:59,Q08,487.30,116.20,55.40,56.50,99.90,7.60,-0.37,485.40,111.70,52.50,53.80,99.90,8.70,-0.26,486.60,111.10,52.50,53.90,99.90,7.70,-0.06,486.43,113.00,160.40,164.20,99.90,8.00,-0.69
2026-04-22 22:15:00,2026-04-22 22:15:59,Q08,487.50,120.30,57.40,58.40,99.90,9.40,-0.34,486.40,113.50,53.50,54.90,99.90,9.10,-0.40,485.90,114.80,54.50,55.30,99.90,8.50,-0.40,486.60,116.20,165.40,168.60,99.90,9.00,-1.14
2026-04-22 22:16:00,2026-04-22 22:16:59,Q08,485.30,123.30,58.40,59.70,99.90,8.30,-0.20,486.10,118.50,56.40,57.30,99.90,8.60,-0.49,487.00,118.00,56.40,57.50,99.90,7.90,0.09,486.13,119.93,171.20,174.50,99.90,8.27,-0.60
2026-04-22 22:17:00,2026-04-22 22:17:59,Q08,485.20,124.10,59.40,60.10,99.90,8.60,-0.23,482.80,116.50,54.50,55.90,99.90,8.60,-0.31,484.60,116.50,55.40,56.10,99.90,7.40,-1.09,484.20,119.03,169.30,172.10,99.90,8.20,-1.63
2026-04-22 22:18:00,2026-04-22 22:18:59,Q08,484.80,122.80,58.40,59.00,99.90,7.20,-0.31,482.50,116.60,54.50,55.90,99.90,7.40,-0.43,483.50,119.20,56.40,57.50,99.90,6.40,-0.66,483.60,119.53,169.30,172.40,99.90,7.00,-1.40
2026-04-22 22:19:00,2026-04-22 22:19:59,Q08,484.90,123.40,58.40,59.50,99.90,8.70,-0.29,482.70,116.20,54.50,55.90,99.90,8.60,-0.40,483.70,118.50,55.40,57.00,99.90,7.80,-0.77,483.77,119.37,168.30,172.40,99.90,8.37,-1.46
2026-04-22 22:20:00,2026-04-22 22:20:59,Q08,483.90,124.30,58.40,59.90,99.90,8.10,-0.11,482.50,117.40,55.40,56.40,99.90,7.90,-0.34,484.50,118.90,56.40,57.10,99.90,6.60,-0.86,483.63,120.20,170.20,173.40,99.90,7.53,-1.31
2026-04-22 22:21:00,2026-04-22 22:21:59,Q08,484.60,122.10,58.40,59.00,99.90,8.70,-0.26,482.30,115.10,54.50,55.40,99.90,8.80,-0.34,484.20,116.60,55.40,56.10,99.90,7.60,-0.66,483.70,117.93,168.30,170.50,99.90,8.37,-1.26
2026-04-22 22:22:00,2026-04-22 22:22:59,Q08,482.70,125.00,59.40,60.20,99.90,7.60,-0.14,483.00,116.10,55.40,56.00,99.90,8.10,-0.54,483.80,118.90,55.40,57.00,99.90,7.60,-0.71,483.17,120.00,170.20,173.20,99.90,7.77,-1.40
2026-04-22 22:23:00,2026-04-22 22:23:59,Q08,484.40,119.50,56.40,57.60,99.90,8.50,-0.31,484.50,115.90,54.50,55.70,99.90,8.70,-0.60,483.10,113.60,53.50,54.60,99.90,7.40,-0.63,484.00,116.33,164.40,167.90,99.90,8.20,-1.54
2026-04-22 22:24:00,2026-04-22 22:24:59,Q08,484.70,123.10,58.40,59.50,99.90,8.10,-0.23,484.80,120.20,57.40,58.10,99.90,8.20,-0.51,483.70,118.30,55.40,57.00,99.90,7.30,-0.40,484.40,120.53,171.20,174.60,99.90,7.87,-1.14
2026-04-22 22:25:00,2026-04-22 22:25:59,Q08,483.70,119.70,56.40,57.50,99.90,7.70,-0.17,484.30,110.60,52.50,53.20,99.90,8.10,-0.49,484.90,111.50,52.50,53.70,99.80,6.90,-1.80,484.30,113.93,161.40,164.40,99.87,7.57,-2.46
2026-04-22 22:26:00,2026-04-22 22:26:59,Q08,485.30,123.60,58.40,59.70,99.90,6.90,-0.26,484.50,114.60,54.50,55.20,99.90,7.50,-0.40,483.50,116.50,55.40,56.00,99.90,6.40,-1.11,484.43,118.23,168.30,170.90,99.90,6.93,-1.77
2026-04-22 22:27:00,2026-04-22 22:27:59,Q08,484.60,123.30,58.40,59.50,99.90,8.00,-0.26,483.20,114.70,54.50,55.10,99.90,8.00,-0.40,484.30,118.50,56.40,57.10,99.90,7.20,-1.17,484.03,118.83,169.30,171.70,99.90,7.73,-1.83
2026-04-22 22:28:00,2026-04-22 22:28:59,Q08,483.00,124.70,58.40,59.90,99.90,7.70,-0.11,484.00,115.10,54.50,55.70,99.90,8.20,-0.54,484.20,117.60,55.40,56.60,99.80,6.60,-1.69,483.73,119.13,168.30,172.20,99.87,7.50,-2.34
2026-04-22 22:29:00,2026-04-22 22:29:59,Q08,483.40,123.80,58.40,59.40,99.90,7.10,-0.11,484.50,111.80,52.50,53.70,99.90,8.60,-0.57,484.00,114.90,54.50,55.20,99.70,6.90,-2.14,483.97,116.83,165.40,168.30,99.83,7.53,-2.83
2026-04-22 22:30:00,2026-04-22 22:30:59,Q08,483.40,125.10,59.40,60.40,99.90,7.40,-0.06,483.60,117.60,55.40,56.50,99.90,8.40,-0.49,484.70,122.70,58.40,59.00,99.90,6.80,-1.03,483.90,121.80,173.20,175.90,99.90,7.53,-1.57
2026-04-22 22:31:00,2026-04-22 22:31:59,Q08,485.60,127.60,60.40,61.60,99.90,7.60,-0.26,483.30,118.40,55.40,57.00,99.90,8.20,-0.29,484.70,120.30,57.40,58.10,99.80,7.70,-1.63,484.53,122.10,173.20,176.70,99.87,7.83,-2.17
2026-04-22 22:32:00,2026-04-22 22:32:59,Q08,483.80,127.60,60.40,61.30,99.90,7.70,-0.11,484.40,116.40,55.40,56.10,99.90,8.20,-0.51,485.30,122.70,58.40,59.20,99.80,6.80,-1.54,484.50,122.23,174.20,176.60,99.87,7.57,-2.17
2026-04-22 22:33:00,2026-04-22 22:33:59,Q08,484.60,127.90,60.40,61.50,99.90,8.50,-0.17,485.30,119.00,56.40,57.70,99.90,8.60,-0.57,484.60,121.50,57.40,58.60,99.90,7.10,-1.43,484.83,122.80,174.20,177.80,99.90,8.07,-2.17
2026-04-22 22:34:00,2026-04-22 22:34:59,Q08,484.40,128.90,60.40,62.00,99.90,7.70,-0.09,484.50,118.90,56.40,57.10,99.90,8.40,-0.49,485.90,123.30,58.40,59.70,99.90,7.20,-1.37,484.93,123.70,175.20,178.80,99.90,7.77,-1.94
2026-04-22 22:35:00,2026-04-22 22:35:59,Q08,484.60,123.30,58.40,59.50,99.90,7.50,-0.14,485.60,113.60,53.50,54.80,99.90,8.60,-0.57,484.40,115.80,54.50,55.70,99.80,7.60,-2.11,484.87,117.57,166.40,170.00,99.87,7.90,-2.83
2026-04-22 22:36:00,2026-04-22 22:36:59,Q08,484.90,130.30,61.40,62.90,99.90,7.50,-0.11,484.10,123.00,58.40,59.50,99.90,8.20,-0.37,486.40,125.40,59.40,60.80,99.90,6.60,-1.31,485.13,126.23,179.20,183.20,99.90,7.43,-1.80
2026-04-22 22:37:00,2026-04-22 22:37:59,Q08,486.30,130.50,62.40,63.20,99.90,7.50,-0.29,484.50,122.20,58.40,59.00,99.90,8.00,-0.37,484.30,124.00,59.40,60.00,99.80,7.40,-1.57,485.03,125.57,180.20,182.20,99.87,7.63,-2.23
2026-04-22 22:38:00,2026-04-22 22:38:59,Q08,484.00,124.90,59.40,60.00,99.90,7.70,-0.09,485.20,116.70,55.40,56.30,99.90,8.20,-0.60,485.30,121.20,57.40,58.70,99.80,7.30,-1.54,484.83,120.93,172.20,175.00,99.87,7.73,-2.23
2026-04-22 22:39:00,2026-04-22 22:39:59,Q08,484.90,128.20,60.40,62.00,99.90,7.90,-0.20,485.30,120.30,57.40,58.20,99.90,8.10,-0.51,484.00,121.30,57.40,58.60,99.90,7.10,-1.00,484.73,123.27,175.20,178.80,99.90,7.70,-1.71
2026-04-22 22:40:00,2026-04-22 22:40:59,Q08,485.40,131.80,62.40,63.50,99.90,8.50,-0.11,485.00,125.70,59.40,60.60,99.90,9.00,-0.49,484.00,125.70,59.40,60.50,99.90,7.50,-0.83,484.80,127.73,181.20,184.60,99.90,8.33,-1.43
2026-04-22 22:41:00,2026-04-22 22:41:59,Q08,484.80,127.20,60.40,61.50,99.90,7.40,-0.17,483.60,119.10,56.40,57.50,99.90,8.20,-0.46,485.50,120.30,57.40,58.20,99.90,6.80,-1.34,484.63,122.20,174.20,177.20,99.90,7.47,-1.97
2026-04-22 22:42:00,2026-04-22 22:42:59,Q08,484.30,125.60,59.40,60.50,99.90,8.70,-0.17,484.80,120.00,57.40,58.10,99.90,8.70,-0.60,484.10,122.10,58.40,59.00,99.90,7.20,-1.00,484.40,122.57,175.20,177.60,99.90,8.20,-1.77
2026-04-22 22:43:00,2026-04-22 22:43:59,Q08,484.70,125.70,59.40,60.50,99.90,8.00,-0.11,484.40,116.00,55.40,56.10,99.90,9.10,-0.49,485.70,119.90,56.40,57.70,99.80,7.90,-1.54,484.93,120.53,171.20,174.30,99.87,8.33,-2.14
2026-04-22 22:44:00,2026-04-22 22:44:59,Q08,485.30,125.40,59.40,60.60,99.90,8.10,-0.20,484.80,120.70,57.40,58.10,99.90,8.70,-0.46,484.20,121.70,57.40,58.60,99.90,7.10,-0.74,484.77,122.60,174.20,177.30,99.90,7.97,-1.40
2026-04-22 22:45:00,2026-04-22 22:45:59,Q08,485.50,130.40,62.40,63.00,99.90,9.10,-0.20,483.30,118.60,55.40,57.00,99.90,9.20,-0.37,484.90,124.60,59.40,60.00,99.90,9.50,-1.54,484.57,124.53,177.20,180.00,99.90,9.27,-2.11
2026-04-22 22:46:00,2026-04-22 22:46:59,Q08,485.00,123.10,58.40,59.70,99.90,7.50,-0.17,484.70,119.40,56.40,57.60,99.90,8.50,-0.49,483.80,119.10,56.40,57.50,99.90,6.90,-0.77,484.50,120.53,171.20,174.80,99.90,7.63,-1.43
2026-04-22 22:47:00,2026-04-22 22:47:59,Q08,484.60,130.70,61.40,62.90,99.90,9.00,-0.17,484.90,123.00,58.40,59.50,99.90,9.30,-0.54,484.50,124.40,59.40,60.00,99.90,8.40,-1.00,484.67,126.03,179.20,182.40,99.90,8.90,-1.71
2026-04-22 22:48:00,2026-04-22 22:48:59,Q08,485.70,127.00,60.40,61.60,99.90,7.40,-0.34,483.50,117.60,55.40,56.50,99.90,8.00,-0.40,484.70,121.80,57.40,58.60,99.90,7.20,-1.26,484.63,122.13,173.20,176.70,99.90,7.53,-2.00
2026-04-22 22:49:00,2026-04-22 22:49:59,Q08,485.50,122.70,58.40,59.20,99.90,8.60,-0.29,483.60,113.70,53.50,54.60,99.90,8.70,-0.46,483.50,115.70,54.50,55.50,99.90,7.40,-1.26,484.20,117.37,166.40,169.30,99.90,8.23,-2.00
2026-04-22 22:50:00,2026-04-22 22:50:59,Q08,484.60,125.80,59.40,60.50,99.90,7.10,-0.17,482.80,116.00,54.50,55.90,99.90,7.60,-0.31,484.90,117.90,55.40,56.60,99.80,6.60,-1.57,484.10,119.90,169.30,173.00,99.87,7.10,-2.06
2026-04-22 22:51:00,2026-04-22 22:51:59,Q08,484.90,130.40,61.40,62.90,99.90,7.90,-0.29,484.30,121.90,57.40,58.60,99.90,7.80,-0.49,483.40,122.40,57.40,58.90,99.90,6.80,-1.20,484.20,124.90,176.20,180.40,99.90,7.50,-1.97
2026-04-22 22:52:00,2026-04-22 22:52:59,Q08,484.20,126.90,59.40,61.00,99.90,7.20,-0.14,483.00,120.40,56.40,58.00,99.90,7.40,-0.43,485.10,122.00,58.40,59.20,99.90,6.70,-1.06,484.10,123.10,174.20,178.20,99.90,7.10,-1.63
2026-04-22 22:53:00,2026-04-22 22:53:59,Q08,483.30,128.10,60.40,61.80,99.90,7.90,-0.14,483.90,117.00,55.40,56.50,99.90,8.40,-0.57,483.90,121.50,57.40,58.40,99.90,7.20,-1.34,483.70,122.20,173.20,176.70,99.90,7.83,-2.06
2026-04-22 22:54:00,2026-04-22 22:54:59,Q08,484.50,123.20,58.40,59.50,99.90,7.40,-0.29,482.30,112.70,52.50,54.00,99.90,7.80,-0.37,484.30,117.60,55.40,56.60,99.80,6.50,-1.91,483.70,117.83,166.30,170.10,99.87,7.23,-2.57
2026-04-22 22:55:00,2026-04-22 22:55:59,Q08,484.10,130.00,61.40,62.90,99.90,7.50,-0.20,484.10,123.30,58.40,59.50,99.90,7.80,-0.57,483.50,126.40,59.40,60.90,99.90,6.60,-1.23,483.90,126.57,179.20,183.30,99.90,7.30,-2.00
2026-04-22 22:56:00,2026-04-22 22:56:59,Q08,484.10,128.10,60.40,62.00,99.90,7.30,-0.14,482.50,120.60,56.40,57.80,99.90,8.10,-0.34,484.90,122.20,58.40,59.00,99.90,6.50,-1.37,483.83,123.63,175.20,178.80,99.90,7.30,-1.86
2026-04-22 22:57:00,2026-04-22 22:57:59,Q08,483.10,128.40,60.40,61.80,99.90,7.80,-0.17,482.90,118.40,55.40,56.90,99.90,8.30,-0.54,484.10,120.80,57.40,58.10,99.90,7.30,-1.29,483.37,122.53,173.20,176.80,99.90,7.80,-2.00
2026-04-22 22:58:00,2026-04-22 22:58:59,Q08,483.20,125.70,59.40,60.40,99.90,7.00,-0.06,483.50,115.30,54.50,55.50,99.90,8.30,-0.49,484.40,118.70,56.40,57.10,99.80,7.00,-1.69,483.70,119.90,170.30,173.00,99.87,7.43,-2.23
2026-04-22 22:59:00,2026-04-22 22:59:59,Q08,483.60,127.00,60.40,61.30,99.90,7.30,-0.17,484.00,122.00,58.40,59.00,99.90,8.20,-0.57,483.80,121.60,57.40,58.40,99.90,7.20,-1.31,483.80,123.53,176.20,178.70,99.90,7.57,-2.06
2026-04-22 23:00:00,2026-04-22 23:00:59,Q08,482.50,130.90,61.40,62.70,99.90,7.10,-0.03,482.60,124.30,58.40,59.80,99.90,7.30,-0.40,484.10,125.10,59.40,60.50,99.90,6.30,-1.09,483.07,126.77,179.20,183.00,99.90,6.90,-1.51
2026-04-22 23:01:00,2026-04-22 23:01:59,Q08,484.40,132.30,62.40,63.90,99.90,8.10,-0.23,482.10,120.40,56.40,57.80,99.90,8.90,-0.34,482.80,124.30,58.40,59.80,99.80,7.10,-1.83,483.10,125.67,177.20,181.50,99.87,8.03,-2.40
2026-04-22 23:02:00,2026-04-22 23:02:59,Q08,483.00,123.90,58.40,59.40,99.90,7.50,-0.11,483.50,115.30,54.50,55.50,99.90,7.90,-0.57,483.90,120.00,56.40,58.00,99.90,6.20,-1.43,483.47,119.73,169.30,172.90,99.90,7.20,-2.11
2026-04-22 23:03:00,2026-04-22 23:03:59,Q08,484.20,133.30,63.40,64.40,99.90,7.30,-0.34,482.30,124.00,58.40,59.80,99.90,8.20,-0.43,483.20,125.70,59.40,60.40,99.80,7.20,-1.74,483.23,127.67,181.20,184.60,99.87,7.57,-2.51
2026-04-22 23:04:00,2026-04-22 23:04:59,Q08,484.40,130.50,61.40,62.90,99.90,7.80,-0.37,482.80,118.60,55.40,56.90,99.90,9.10,-0.37,482.90,122.10,57.40,58.80,99.70,7.30,-2.57,483.37,123.73,174.20,178.60,99.83,8.07,-3.31
2026-04-22 23:05:00,2026-04-22 23:05:59,Q08,484.40,127.40,60.40,61.50,99.90,7.90,-0.31,482.40,113.30,53.50,54.50,99.90,9.30,-0.40,483.00,118.00,55.40,57.00,99.60,7.40,-2.66,483.27,119.57,169.30,173.00,99.80,8.20,-3.37
2026-04-22 23:06:00,2026-04-22 23:06:59,Q08,482.90,120.90,56.40,57.80,99.90,7.60,-0.17,483.90,112.10,53.50,54.10,99.90,9.40,-0.57,483.00,116.20,55.40,56.00,99.90,6.70,-1.40,483.27,116.40,165.30,167.90,99.90,7.90,-2.14
2026-04-22 23:07:00,2026-04-22 23:07:59,Q08,482.60,124.40,58.40,59.80,99.90,7.90,-0.17,483.60,115.40,54.50,55.50,99.90,9.00,-0.60,483.30,117.70,55.40,56.50,99.80,7.80,-1.54,483.17,119.17,168.30,171.80,99.87,8.23,-2.31
2026-04-22 23:08:00,2026-04-22 23:08:59,Q08,483.80,128.60,60.40,61.80,99.90,7.60,-0.31,481.50,118.50,55.40,56.80,99.90,8.40,-0.34,483.30,120.70,56.40,58.00,99.80,7.30,-1.74,482.87,122.60,172.20,176.60,99.87,7.77,-2.40
2026-04-22 23:09:00,2026-04-22 23:09:59,Q08,484.40,125.00,59.40,60.50,99.90,7.50,-0.37,482.40,114.40,53.50,54.90,99.90,8.70,-0.43,482.20,115.50,54.50,55.40,99.80,6.90,-1.51,483.00,118.30,167.40,170.80,99.87,7.70,-2.31
2026-04-22 23:10:00,2026-04-22 23:10:59,Q08,484.60,126.90,59.40,61.00,99.90,7.80,-0.34,482.60,116.20,54.50,55.90,99.90,8.80,-0.34,482.70,120.10,56.40,57.80,99.80,7.70,-1.71,483.30,121.07,170.30,174.70,99.87,8.10,-2.40
2026-04-22 23:11:00,2026-04-22 23:11:59,Q08,483.10,126.30,59.40,60.90,99.90,8.20,-0.14,482.50,116.70,54.50,55.90,99.90,8.50,-0.43,484.70,118.90,56.40,57.10,99.80,6.90,-1.66,483.43,120.63,170.30,173.90,99.87,7.87,-2.23
2026-04-22 23:12:00,2026-04-22 23:12:59,Q08,483.00,127.90,60.40,61.30,99.90,8.10,-0.17,482.80,118.80,55.40,56.90,99.90,8.70,-0.49,484.20,120.20,57.40,58.10,99.80,6.80,-1.77,483.33,122.30,173.20,176.30,99.87,7.87,-2.43
2026-04-22 23:13:00,2026-04-22 23:13:59,Q08,483.60,119.70,56.40,57.50,99.90,7.80,-0.20,482.50,112.20,52.50,54.00,99.90,8.60,-0.31,484.10,113.00,53.50,54.70,99.90,7.50,-1.34,483.40,114.97,162.40,166.20,99.90,7.97,-1.86
2026-04-22 23:14:00,2026-04-22 23:14:59,Q08,484.60,118.40,56.40,57.10,99.90,8.00,-0.26,483.20,112.90,53.50,54.10,99.90,9.40,-0.40,482.70,112.70,52.50,54.00,99.90,7.50,-0.86,483.50,114.67,162.40,165.20,99.90,8.30,-1.51
2026-04-22 23:15:00,2026-04-22 23:15:59,Q08,482.70,119.90,56.40,57.40,99.90,8.40,-0.14,484.00,110.80,52.50,53.20,99.90,9.00,-0.60,483.30,114.60,54.50,55.10,99.80,7.60,-1.57,483.33,115.10,163.40,165.70,99.87,8.33,-2.31
2026-04-22 23:16:00,2026-04-22 23:16:59,Q08,484.00,122.70,58.40,59.00,99.90,7.60,-0.17,482.50,113.40,53.50,54.50,99.90,8.60,-0.37,484.40,114.80,54.50,55.20,99.80,6.80,-1.57,483.63,116.97,166.40,168.70,99.87,7.67,-2.11
2026-04-22 23:17:00,2026-04-22 23:17:59,Q08,483.60,118.50,55.40,57.00,99.90,8.30,-0.09,484.00,111.20,52.50,53.70,99.90,9.40,-0.46,484.90,113.20,53.50,54.70,99.90,7.10,-1.17,484.17,114.30,161.40,165.40,99.90,8.27,-1.71
2026-04-22 23:18:00,2026-04-22 23:18:59,Q08,483.60,119.50,56.40,57.50,99.90,8.50,-0.03,484.50,112.90,53.50,54.20,99.90,9.00,-0.49,485.10,116.50,55.40,56.30,99.90,7.50,-1.34,484.40,116.30,165.30,168.00,99.90,8.33,-1.86
2026-04-22 23:19:00,2026-04-22 23:19:59,Q08,484.40,115.50,54.50,55.70,99.90,7.40,-0.26,484.70,107.30,50.50,51.80,99.90,7.90,-0.54,483.60,110.70,52.50,53.10,99.80,6.70,-1.46,484.23,111.17,157.50,160.60,99.87,7.33,-2.26
2026-04-22 23:20:00,2026-04-22 23:20:59,Q08,484.50,127.10,60.40,61.50,99.90,8.00,-0.11,482.30,117.20,55.40,56.40,99.90,8.20,-0.29,484.80,119.20,56.40,57.60,99.80,7.50,-1.54,483.87,121.17,172.20,175.50,99.87,7.90,-1.94
2026-04-22 23:21:00,2026-04-22 23:21:59,Q08,484.80,118.60,56.40,57.10,99.90,7.50,-0.14,482.70,111.30,52.50,53.50,99.90,8.40,-0.34,485.20,113.70,53.50,54.80,99.90,7.20,-1.23,484.23,114.53,162.40,165.40,99.90,7.70,-1.71
2026-04-22 23:22:00,2026-04-22 23:22:59,Q08,485.00,130.20,62.40,63.00,99.90,7.90,-0.29,484.20,119.90,56.40,57.60,99.90,8.80,-0.60,483.60,122.50,57.40,58.90,99.90,7.80,-1.46,484.27,124.20,176.20,179.50,99.90,8.17,-2.34
2026-04-22 23:23:00,2026-04-22 23:23:59,Q08,484.20,124.80,59.40,60.00,99.90,7.00,-0.14,484.90,116.40,55.40,56.10,99.90,7.80,-0.51,484.40,118.90,56.40,57.10,99.90,6.90,-0.86,484.50,120.03,171.20,173.20,99.90,7.23,-1.51
2026-04-22 23:24:00,2026-04-22 23:24:59,Q08,484.10,133.40,63.40,64.40,99.90,7.90,0.00,483.70,119.20,56.40,57.50,99.90,9.00,-0.37,485.70,124.30,59.40,60.10,99.70,7.20,-2.23,484.50,125.63,179.20,182.00,99.83,8.03,-2.60
2026-04-22 23:25:00,2026-04-22 23:25:59,Q08,485.30,121.80,57.40,58.70,99.90,8.20,-0.17,483.30,112.90,53.50,54.10,99.90,8.50,-0.34,485.50,114.80,54.50,55.30,99.90,7.30,-1.14,484.70,116.50,165.40,168.10,99.90,8.00,-1.66
2026-04-22 23:26:00,2026-04-22 23:26:59,Q08,485.80,132.30,63.40,64.00,99.90,7.50,-0.46,483.90,124.50,58.40,59.90,99.90,8.10,-0.49,484.20,127.40,60.40,61.50,99.90,6.60,-1.40,484.63,128.07,182.20,185.40,99.90,7.40,-2.34
2026-04-22 23:27:00,2026-04-22 23:27:59,Q08,484.90,124.60,59.40,60.00,99.90,8.40,0.00,484.40,116.00,55.40,56.10,99.90,9.20,-0.37,486.30,120.20,57.40,58.30,99.80,7.90,-1.69,485.20,120.27,172.20,174.40,99.87,8.50,-2.06
2026-04-22 23:28:00,2026-04-22 23:28:59,Q08,485.20,127.50,60.40,61.60,99.90,7.70,-0.14,485.10,120.00,57.40,58.20,99.90,7.70,-0.54,484.20,121.20,57.40,58.60,99.90,6.80,-0.80,484.83,122.90,175.20,178.40,99.90,7.40,-1.49
2026-04-22 23:29:00,2026-04-22 23:29:59,Q08,485.20,123.00,58.40,59.70,99.90,8.70,-0.11,485.30,116.50,55.40,56.30,99.90,9.00,-0.51,484.50,119.10,56.40,57.60,99.90,7.90,-0.77,485.00,119.53,170.20,173.60,99.90,8.53,-1.40
2026-04-22 23:30:00,2026-04-22 23:30:59,Q08,485.90,120.60,57.40,58.20,99.90,7.70,-0.23,483.30,112.80,53.50,54.10,99.90,8.10,-0.37,484.50,115.50,54.50,55.70,99.90,7.20,-1.34,484.57,116.30,165.40,168.00,99.90,7.67,-1.94
2026-04-22 23:31:00,2026-04-22 23:31:59,Q08,485.20,125.90,59.40,60.60,99.90,8.70,-0.11,483.30,121.30,57.40,58.40,99.90,9.00,-0.31,485.70,121.40,57.40,58.70,99.90,8.40,-0.60,484.73,122.87,174.20,177.70,99.90,8.70,-1.03
2026-04-22 23:32:00,2026-04-22 23:32:59,Q08,486.10,126.40,60.40,61.20,99.90,7.80,-0.20,483.50,119.40,56.40,57.50,99.90,8.30,-0.29,485.10,121.00,57.40,58.70,99.90,6.90,-1.14,484.90,122.27,174.20,177.40,99.90,7.67,-1.63
2026-04-22 23:33:00,2026-04-22 23:33:59,Q08,484.20,120.10,57.40,58.10,99.90,8.40,-0.11,483.60,112.30,53.50,54.10,99.90,8.70,-0.54,485.50,114.90,54.50,55.30,99.90,8.00,-1.37,484.43,115.77,165.40,167.50,99.90,8.37,-2.03
2026-04-22 23:34:00,2026-04-22 23:34:59,Q08,484.20,124.60,59.40,60.00,99.90,7.50,-0.06,484.60,116.90,55.40,56.10,99.90,7.90,-0.49,484.30,122.20,58.40,59.00,99.90,6.70,-1.31,484.37,121.23,173.20,175.10,99.90,7.37,-1.86
2026-04-22 23:35:00,2026-04-22 23:35:59,Q08,484.20,122.00,58.40,59.00,99.90,8.80,-0.09,484.30,113.90,53.50,54.70,99.90,8.70,-0.51,485.10,117.10,55.40,56.70,99.90,7.80,-1.09,484.53,117.67,167.30,170.40,99.90,8.43,-1.69
2026-04-22 23:36:00,2026-04-22 23:36:59,Q08,486.00,117.60,55.40,56.90,99.90,7.90,-0.29,483.60,110.70,52.50,53.10,99.90,7.80,-0.40,485.20,112.80,53.50,54.30,99.90,7.30,-1.26,484.93,113.70,161.40,164.30,99.90,7.67,-1.94
2026-04-22 23:37:00,2026-04-22 23:37:59,Q08,484.50,120.90,57.40,58.10,99.90,9.20,-0.06,484.90,112.90,53.50,54.20,99.90,9.10,-0.49,485.20,116.30,55.40,56.30,99.90,7.90,-0.89,484.87,116.70,166.30,168.60,99.90,8.73,-1.43
2026-04-22 23:38:00,2026-04-22 23:38:59,Q08,485.90,117.40,55.40,56.70,99.90,7.80,-0.23,485.10,109.90,51.50,52.90,99.90,8.00,-0.43,484.00,113.90,53.50,54.70,99.90,6.70,-1.11,485.00,113.73,160.40,164.30,99.90,7.50,-1.77
2026-04-22 23:39:00,2026-04-22 23:39:59,Q08,486.70,116.00,55.40,56.40,99.90,8.80,-0.34,485.00,111.50,52.50,53.80,99.90,9.30,-0.49,484.30,111.40,52.50,53.70,99.90,7.90,-0.63,485.33,112.97,160.40,163.90,99.90,8.67,-1.46
2026-04-22 23:40:00,2026-04-22 23:40:59,Q08,485.00,123.10,58.40,59.70,99.90,8.20,-0.23,484.20,115.80,54.50,55.70,99.90,8.80,-0.43,486.10,117.90,55.40,56.90,99.90,7.30,-0.89,485.10,118.93,168.30,172.30,99.90,8.10,-1.54
2026-04-22 23:41:00,2026-04-22 23:41:59,Q08,485.10,114.90,54.50,55.30,99.90,8.30,-0.11,485.70,108.50,51.50,52.40,99.90,8.90,-0.51,485.60,111.70,52.50,53.80,99.90,7.70,-0.83,485.47,111.70,158.50,161.50,99.90,8.30,-1.46
2026-04-22 23:42:00,2026-04-22 23:42:59,Q08,486.10,122.00,58.40,59.30,99.90,8.60,-0.23,485.60,114.80,54.50,55.30,99.90,8.50,-0.51,484.70,116.30,55.40,56.10,99.90,7.10,-0.94,485.47,117.70,168.30,170.70,99.90,8.07,-1.69
2026-04-22 23:43:00,2026-04-22 23:43:59,Q08,486.40,118.60,56.40,57.30,99.90,8.60,-0.26,485.60,111.20,52.50,53.80,99.90,9.50,-0.51,484.70,112.60,53.50,54.20,99.90,7.70,-0.97,485.57,114.13,162.40,165.30,99.90,8.60,-1.74
2026-04-22 23:44:00,2026-04-22 23:44:59,Q08,486.10,118.80,56.40,57.30,99.90,7.90,-0.29,486.20,114.30,54.50,55.40,99.90,7.70,-0.57,485.30,116.10,55.40,56.30,99.90,7.20,-0.86,485.87,116.40,166.30,169.00,99.90,7.60,-1.71
2026-04-22 23:45:00,2026-04-22 23:45:59,Q08,486.80,111.30,52.50,53.90,99.90,9.00,-0.31,484.90,104.30,49.50,50.30,99.90,9.90,-0.46,484.70,107.30,50.50,51.80,99.80,8.70,-1.46,485.47,107.63,152.50,156.00,99.87,9.20,-2.23
2026-04-22 23:46:00,2026-04-22 23:46:59,Q08,486.80,123.80,58.40,59.80,99.90,8.20,-0.34,484.20,117.20,55.40,56.60,99.90,8.70,-0.46,486.00,118.20,56.40,57.30,99.90,7.50,-1.00,485.67,119.73,170.20,173.70,99.90,8.13,-1.80
2026-04-22 23:47:00,2026-04-22 23:47:59,Q08,485.60,119.30,56.40,57.70,99.90,8.60,-0.17,484.50,111.40,52.50,53.70,99.90,9.20,-0.51,486.50,113.40,53.50,54.90,99.90,8.50,-0.97,485.53,114.70,162.40,166.30,99.90,8.77,-1.66
2026-04-22 23:48:00,2026-04-22 23:48:59,Q08,486.20,122.30,58.40,59.30,99.90,8.40,-0.29,484.50,117.60,55.40,56.60,99.90,8.50,-0.40,485.30,117.30,55.40,56.70,99.90,7.60,-0.57,485.33,119.07,169.20,172.60,99.90,8.17,-1.26
2026-04-22 23:49:00,2026-04-22 23:49:59,Q08,485.50,112.50,53.50,54.30,99.90,8.70,-0.11,485.80,103.30,48.50,50.00,99.90,9.50,-0.49,485.20,106.70,50.50,51.40,99.90,8.20,-1.26,485.50,107.50,152.50,155.70,99.90,8.80,-1.86
2026-04-22 23:50:00,2026-04-22 23:50:59,Q08,485.90,123.80,58.40,59.70,99.90,8.60,-0.23,485.20,120.10,57.40,58.20,99.90,9.60,-0.54,484.30,118.60,56.40,57.10,99.90,8.40,-0.63,485.13,120.83,172.20,175.00,99.90,8.87,-1.40
2026-04-22 23:51:00,2026-04-22 23:51:59,Q08,485.10,117.70,55.40,56.70,99.90,8.40,-0.11,486.30,113.70,53.50,54.90,99.90,9.40,-0.54,485.60,114.60,54.50,55.30,99.90,7.80,-0.57,485.67,115.33,163.40,166.90,99.90,8.53,-1.23
2026-04-22 23:52:00,2026-04-22 23:52:59,Q08,486.20,118.00,56.40,57.30,99.90,8.80,-0.29,485.60,113.30,53.50,54.80,99.90,9.20,-0.51,484.50,116.20,55.40,56.10,99.90,7.90,-0.43,485.43,115.83,165.30,168.20,99.90,8.63,-1.23
2026-04-22 23:53:00,2026-04-22 23:53:59,Q08,485.20,108.70,51.50,52.40,99.90,8.50,-0.06,486.10,100.40,47.50,48.60,99.90,9.30,-0.57,485.80,104.40,49.50,50.40,99.90,7.60,-0.97,485.70,104.50,148.50,151.40,99.90,8.47,-1.60
2026-04-22 23:54:00,2026-04-22 23:54:59,Q08,487.10,119.60,56.40,58.00,99.90,8.50,-0.34,485.60,115.00,54.50,55.80,99.90,8.70,-0.49,485.10,114.00,54.50,55.30,99.90,7.20,-0.60,485.93,116.20,165.40,169.10,99.90,8.13,-1.43
2026-04-22 23:55:00,2026-04-22 23:55:59,Q08,487.40,117.30,55.40,57.00,99.90,8.00,-0.26,485.10,111.40,52.50,53.80,99.90,8.00,-0.34,486.00,112.10,53.50,54.40,99.90,7.60,-0.34,486.17,113.60,161.40,165.20,99.90,7.87,-0.94
2026-04-22 23:56:00,2026-04-22 23:56:59,Q08,485.80,118.80,56.40,57.20,99.90,9.30,0.00,484.90,111.10,52.50,53.70,99.90,8.90,-0.37,487.00,113.30,54.50,55.00,99.90,7.70,-1.17,485.90,114.40,163.40,165.90,99.90,8.63,-1.54
2026-04-22 23:57:00,2026-04-22 23:57:59,Q08,485.60,115.20,54.50,55.80,99.90,8.20,-0.06,486.60,106.40,50.50,51.50,99.90,8.30,-0.46,485.70,108.10,51.50,52.40,99.90,6.90,-0.80,485.97,109.90,156.50,159.70,99.90,7.80,-1.31
2026-04-22 23:58:00,2026-04-22 23:58:59,Q08,485.80,126.70,60.40,61.10,99.90,8.20,-0.06,485.60,118.20,56.40,57.20,99.90,8.30,-0.43,486.80,119.70,56.40,57.80,99.90,7.20,-0.69,486.07,121.53,173.20,176.10,99.90,7.90,-1.17
2026-04-22 23:59:00,2026-04-22 23:59:59,Q08,486.30,113.90,53.50,54.90,99.90,7.90,-0.14,484.90,104.90,49.50,50.30,99.90,8.50,-0.40,486.70,109.20,51.50,53.00,99.80,7.10,-1.49,485.97,109.33,154.50,158.20,99.87,7.83,-2.03
