Start Time,End Time,Meter,l1Volt,l1Amp,l1Kw,l1Kva,l1Pf,l1THD,l1Kvar,l2Volt,l2Amp,l2Kw,l2Kva,l2Pf,l2THD,l2Kvar,l3Volt,l3Amp,l3Kw,l3Kva,l3Pf,l3THD,l3Kvar,avgVolt,avgAmp,avgKw,avgKva,avgPf,avgTHD,avgKvar,peakKva,peakKw
2026-04-14 16:30:00,2026-04-14 16:44:59,Q09,461.50,298.70,128.80,137.40,94.30,34.80,26.71,466.30,294.80,130.10,137.00,95.80,35.50,22.60,463.80,304.10,133.00,140.80,95.20,33.40,24.40,463.87,299.20,391.90,415.20,95.10,34.57,73.71,415.20,391.90
2026-04-14 16:30:00,2026-04-14 16:44:59,Main PF,266.00,1015.30,244.80,270.00,91.70,28.40,112.37,266.70,1044.90,254.80,277.70,92.40,28.40,111.77,268.10,1053.70,259.40,282.20,92.30,28.40,111.46,266.93,1037.97,759.00,829.90,92.13,28.40,335.60,829.90,759.00
2026-04-14 16:30:00,2026-04-14 16:44:59,Q12,463.70,245.30,107.30,113.40,95.10,47.90,19.71,464.30,249.60,111.60,115.50,97.10,48.90,15.23,463.30,255.30,112.10,118.10,95.80,45.50,18.71,463.77,250.07,331.00,347.00,96.00,47.43,53.66,347.00,331.00
2026-04-14 16:45:00,2026-04-14 16:59:59,PQM,257.08,1034.82,243.63,266.59,91.38,31.57,67.26,295.25,1053.60,279.50,311.47,89.73,32.58,96.81,260.42,1064.92,236.89,277.73,85.29,31.92,112.54,270.91,1051.11,760.02,855.79,88.80,32.03,276.62,880.38,779.28
2026-04-14 16:45:00,2026-04-14 16:59:59,Q08,468.83,116.97,53.53,54.56,99.90,7.17,-0.25,468.55,114.73,52.35,53.49,99.90,7.49,-0.46,467.85,114.21,52.09,53.13,99.90,6.74,0.32,468.41,115.30,157.98,161.17,99.90,7.13,-0.39,170.90,167.20
2026-04-14 16:45:00,2026-04-14 16:59:59,Main PF,268.90,993.55,242.05,266.44,91.39,29.85,113.11,268.72,1031.51,253.29,276.64,92.08,30.47,113.14,270.29,1026.23,252.31,276.95,91.89,29.48,112.58,269.30,1017.10,747.65,820.03,91.78,29.93,338.83,840.60,767.20
2026-04-14 16:45:00,2026-04-14 16:59:59,Q12,467.67,244.47,107.83,114.05,95.11,49.37,19.28,469.62,250.76,113.43,117.41,97.20,50.09,14.87,466.59,255.88,112.75,119.16,95.44,47.12,19.45,467.96,250.37,334.01,350.61,95.92,48.86,53.59,354.30,337.80
2026-04-14 16:45:00,2026-04-14 16:59:59,Q09,466.41,296.43,129.16,137.91,94.43,34.72,26.22,470.82,295.73,132.05,138.84,95.97,35.34,22.23,467.14,297.51,130.97,138.60,95.09,33.31,24.75,468.12,296.56,392.18,415.35,95.16,34.46,73.20,420.40,396.60
2026-04-14 17:00:00,2026-04-14 17:14:59,Q09,467.29,295.46,128.91,137.75,94.49,36.33,25.89,471.97,296.87,133.73,139.73,96.09,37.03,21.76,468.49,299.37,132.43,139.99,95.17,34.83,24.44,469.25,297.23,395.06,417.46,95.25,36.06,72.09,425.00,402.90
2026-04-14 17:00:00,2026-04-14 17:14:59,PQM,257.86,928.08,221.50,239.72,92.45,32.23,48.99,296.19,943.84,254.81,279.97,91.07,33.25,73.88,261.17,952.97,217.33,249.39,87.23,32.71,89.77,271.74,941.63,693.63,769.07,90.25,32.73,212.63,855.34,760.22
2026-04-14 17:00:00,2026-04-14 17:14:59,Q08,470.46,114.45,52.48,53.58,99.90,7.19,-0.27,469.95,113.76,52.08,53.19,99.90,7.44,-0.46,469.25,112.40,51.48,52.51,99.90,7.08,0.62,469.89,113.54,156.04,159.28,99.90,7.24,-0.11,178.40,175.20
2026-04-14 17:00:00,2026-04-14 17:14:59,Main PF,269.52,890.94,222.45,239.48,93.53,30.44,88.05,269.46,926.61,232.27,249.16,93.99,31.10,88.37,270.82,919.14,231.44,248.37,93.86,30.02,87.99,269.93,912.23,686.16,737.01,93.80,30.52,264.41,823.40,753.60
2026-04-14 17:00:00,2026-04-14 17:14:59,Q12,468.91,247.54,108.87,115.76,94.98,53.69,19.36,470.51,255.36,115.68,119.81,97.18,53.69,14.91,467.87,261.02,115.29,121.84,95.26,51.17,19.87,469.10,254.64,339.84,357.41,95.81,52.85,54.14,363.20,344.20
2026-04-14 17:15:00,2026-04-14 17:29:59,PQM,258.21,871.71,209.45,225.09,93.05,32.19,40.67,296.52,886.07,240.51,262.28,91.70,33.30,64.06,261.43,893.07,205.68,233.32,88.16,32.78,78.97,272.05,883.62,655.64,720.69,90.97,32.76,183.69,743.45,676.90
2026-04-14 17:15:00,2026-04-14 17:29:59,Q08,470.59,116.56,53.40,54.61,99.90,7.54,-0.23,470.37,115.04,52.85,53.86,99.90,7.70,-0.46,469.91,113.16,51.86,52.91,99.90,7.69,0.60,470.29,114.92,158.11,161.38,99.90,7.64,-0.09,176.70,174.20
2026-04-14 17:15:00,2026-04-14 17:29:59,Main PF,269.65,838.49,211.48,225.49,94.39,30.53,77.11,269.69,866.85,219.56,233.36,94.80,31.29,77.19,271.01,862.77,219.43,233.26,94.69,30.33,76.85,270.12,856.04,650.47,692.11,94.63,30.72,231.15,717.50,673.00
2026-04-14 17:15:00,2026-04-14 17:29:59,Q12,469.26,248.89,109.71,116.51,94.94,55.61,19.23,471.41,256.06,116.34,120.33,97.16,56.17,14.87,468.05,259.30,114.47,121.11,95.07,53.54,20.06,469.57,254.75,340.52,357.95,95.72,55.11,54.17,360.90,343.50
2026-04-14 17:15:00,2026-04-14 17:29:59,Q09,468.13,298.35,130.60,139.37,94.54,36.87,25.76,472.30,295.56,133.10,139.19,96.12,37.45,21.78,468.81,299.62,132.74,140.13,95.10,35.35,24.62,469.75,297.84,396.44,418.69,95.25,36.56,72.15,423.90,401.80
2026-04-14 17:30:00,2026-04-14 17:44:59,Q09,470.17,294.03,129.21,137.88,94.54,36.80,25.61,474.83,294.91,133.63,139.69,96.13,37.46,21.56,471.11,298.45,132.61,140.09,95.15,35.35,24.32,472.04,295.80,395.44,417.67,95.27,36.54,71.48,424.40,401.80
2026-04-14 17:30:00,2026-04-14 17:44:59,PQM,259.43,865.34,208.10,224.08,92.86,32.64,40.94,297.93,875.87,239.09,260.87,91.65,33.66,63.21,262.76,887.71,205.21,232.89,88.11,33.05,78.57,273.38,876.30,652.41,717.85,90.88,33.12,182.72,746.15,678.75
2026-04-14 17:30:00,2026-04-14 17:44:59,Q08,473.03,116.77,53.80,54.95,99.90,7.39,-0.24,472.68,116.51,53.67,54.76,99.90,7.66,-0.45,472.35,114.77,52.81,54.01,99.90,7.27,0.72,472.69,116.02,160.27,163.71,99.90,7.44,0.03,175.70,172.20
2026-04-14 17:30:00,2026-04-14 17:44:59,Main PF,270.87,827.97,209.81,223.73,94.39,31.09,76.05,271.13,856.09,217.92,231.54,94.77,31.64,76.28,272.27,854.33,218.17,232.13,94.71,30.46,75.84,271.42,846.13,645.90,687.41,94.62,31.06,228.18,714.10,669.40
2026-04-14 17:30:00,2026-04-14 17:44:59,Q12,471.67,243.55,107.53,114.55,94.93,56.89,18.86,473.36,251.23,114.47,118.56,97.13,57.23,14.61,470.53,256.78,113.67,120.47,95.05,54.51,19.66,471.85,250.52,335.67,353.59,95.70,56.21,53.13,360.40,342.20
2026-04-14 17:45:00,2026-04-14 17:59:59,PQM,259.61,862.66,208.01,223.99,92.87,32.67,40.79,298.07,870.27,237.66,259.58,91.55,33.81,63.37,262.89,880.84,204.27,231.52,88.23,33.15,77.19,273.52,871.25,649.94,715.09,90.88,33.21,181.35,732.53,666.79
2026-04-14 17:45:00,2026-04-14 17:59:59,Q08,473.62,121.87,56.37,57.46,99.90,7.45,-0.29,472.54,118.75,54.89,55.88,99.90,7.69,-0.40,472.46,118.27,54.51,55.58,99.90,7.24,0.19,472.87,119.63,165.77,168.92,99.90,7.46,-0.51,179.70,177.20
2026-04-14 17:45:00,2026-04-14 17:59:59,Main PF,271.14,836.19,212.00,226.14,94.46,30.86,76.23,271.13,861.48,219.44,233.15,94.79,31.29,76.35,272.38,857.27,218.81,232.90,94.69,30.18,76.39,271.55,851.65,650.25,692.19,94.65,30.78,228.97,705.70,662.70
2026-04-14 17:45:00,2026-04-14 17:59:59,Q12,472.02,244.93,108.28,115.36,94.92,56.33,19.01,473.48,250.76,114.42,118.39,97.05,57.24,14.85,470.38,255.79,113.56,119.97,95.14,54.14,19.50,471.96,250.49,336.26,353.72,95.71,55.90,53.36,363.40,345.10
2026-04-14 17:45:00,2026-04-14 17:59:59,Q09,470.21,295.40,129.76,138.57,94.52,37.26,25.76,474.81,295.27,133.68,139.78,96.04,37.83,21.80,471.31,298.06,132.48,140.15,95.21,35.55,24.21,472.11,296.24,395.92,418.51,95.25,36.88,71.76,425.20,402.00
2026-04-14 18:00:00,2026-04-14 18:14:59,Q09,471.26,294.99,130.01,138.67,94.54,36.31,25.64,475.21,294.60,133.27,139.68,95.99,37.20,21.98,471.74,295.37,131.48,139.02,95.11,34.92,24.40,472.73,294.99,394.77,417.37,95.21,36.14,72.01,424.30,401.80
2026-04-14 18:00:00,2026-04-14 18:14:59,PQM,259.72,908.66,217.20,235.54,92.27,32.68,49.08,298.26,919.34,248.41,274.18,90.69,33.73,75.00,262.94,922.64,210.53,242.58,86.93,33.30,88.22,273.64,916.88,676.15,752.30,89.96,33.24,212.30,865.63,766.34
2026-04-14 18:00:00,2026-04-14 18:14:59,Q08,473.72,116.09,53.67,54.70,99.90,7.67,-0.22,473.15,114.93,52.88,54.03,99.90,7.65,-0.45,473.10,113.29,52.19,53.35,99.91,7.31,0.41,473.32,114.77,158.74,162.09,99.90,7.54,-0.26,177.00,173.20
2026-04-14 18:00:00,2026-04-14 18:14:59,Main PF,271.52,853.39,215.04,231.28,93.84,31.05,81.87,271.41,878.58,222.69,237.99,94.24,31.69,82.09,272.98,870.40,220.82,237.24,94.08,30.92,81.77,271.97,867.45,658.55,706.51,94.05,31.22,245.72,834.30,758.00
2026-04-14 18:00:00,2026-04-14 18:14:59,Q12,472.51,245.15,108.48,115.52,94.96,54.95,19.14,474.15,252.99,115.25,119.57,97.00,55.68,15.14,471.07,255.48,113.53,120.08,95.16,52.74,19.64,472.57,251.21,337.26,355.17,95.71,54.46,53.91,359.00,341.50
2026-04-14 18:15:00,2026-04-14 18:29:59,PQM,259.06,1026.65,242.70,266.13,91.20,32.00,68.55,297.73,1052.01,279.88,313.66,89.23,32.85,101.26,262.28,1050.12,233.35,276.06,84.53,32.51,115.29,273.02,1042.93,755.93,855.85,88.32,32.45,285.10,882.87,783.17
2026-04-14 18:15:00,2026-04-14 18:29:59,Q08,473.06,117.46,54.26,55.34,99.90,7.28,-0.32,471.66,116.02,53.43,54.48,99.90,7.26,-0.41,471.11,114.16,52.48,53.51,99.90,6.99,0.44,471.95,115.88,160.18,163.32,99.90,7.18,-0.29,185.70,182.20
2026-04-14 18:15:00,2026-04-14 18:29:59,Main PF,270.66,993.28,242.70,268.32,91.09,29.81,114.53,270.95,1040.67,256.76,281.57,91.84,30.31,114.72,271.87,1027.33,253.14,278.73,91.39,29.53,114.50,271.16,1020.43,752.60,828.62,91.44,29.89,343.75,850.70,769.00
2026-04-14 18:15:00,2026-04-14 18:29:59,Q12,471.07,241.88,107.62,113.66,95.28,50.33,18.53,472.97,249.36,113.47,117.57,97.04,50.81,15.17,469.58,250.62,111.07,117.33,95.17,48.83,19.52,471.21,247.28,332.16,348.56,95.83,49.99,53.22,354.40,338.70
2026-04-14 18:15:00,2026-04-14 18:29:59,Q09,469.83,293.36,128.83,137.45,94.48,35.52,25.76,473.99,292.90,131.57,138.50,95.91,35.84,22.25,470.48,296.17,131.03,139.03,94.95,33.92,24.74,471.43,294.14,391.43,414.98,95.11,35.09,72.76,421.90,397.60
2026-04-14 18:30:00,2026-04-14 18:44:59,Q09,471.01,293.68,129.48,138.01,94.54,36.64,25.46,475.65,295.36,133.33,140.07,96.02,37.32,21.86,471.38,295.68,131.50,139.07,95.00,35.25,24.55,472.68,294.90,394.31,417.16,95.18,36.40,71.87,424.40,399.60
2026-04-14 18:30:00,2026-04-14 18:44:59,PQM,259.84,866.19,208.48,225.08,92.64,33.57,40.56,298.48,881.65,239.72,262.99,91.18,34.57,65.74,263.00,881.80,202.86,231.78,87.57,34.26,79.03,273.77,876.55,651.06,719.85,90.46,34.13,185.34,838.56,738.48
2026-04-14 18:30:00,2026-04-14 18:44:59,Q08,473.76,118.31,54.73,55.85,99.90,7.53,-0.24,472.85,115.50,53.31,54.31,99.90,7.64,-0.44,472.76,115.27,53.24,54.25,99.90,7.31,0.23,473.12,116.36,161.28,164.41,99.90,7.49,-0.45,177.30,174.20
2026-04-14 18:30:00,2026-04-14 18:44:59,Main PF,271.38,853.89,214.78,231.12,93.74,31.34,82.89,271.45,888.64,224.97,240.98,94.21,31.91,83.07,272.27,873.52,221.29,237.34,93.97,31.15,82.76,271.70,872.02,661.04,709.44,93.97,31.47,248.72,820.20,744.30
2026-04-14 18:30:00,2026-04-14 18:44:59,Q12,472.70,245.84,109.75,115.92,95.18,54.94,18.72,474.21,254.80,115.92,120.51,96.98,55.46,15.34,470.34,256.18,113.17,120.19,94.98,53.10,19.94,472.42,252.27,338.84,356.62,95.71,54.50,54.00,360.40,342.50
2026-04-14 18:45:00,2026-04-14 18:59:59,PQM,259.91,862.80,208.07,223.87,92.94,33.07,38.84,298.50,872.58,238.13,260.28,91.49,34.16,62.90,263.05,876.77,203.06,230.32,88.16,33.72,76.25,273.82,870.72,649.26,714.47,90.86,33.65,177.99,730.22,664.00
2026-04-14 18:45:00,2026-04-14 18:59:59,Q08,474.17,121.63,56.42,57.32,99.90,7.43,-0.26,473.54,118.32,54.75,55.75,99.90,7.37,-0.46,472.87,117.73,54.19,55.37,99.90,7.18,-0.00,473.53,119.23,165.36,168.44,99.90,7.33,-0.73,177.40,174.20
2026-04-14 18:45:00,2026-04-14 18:59:59,Main PF,271.34,834.64,211.97,225.90,94.56,30.89,75.62,271.40,863.11,220.02,233.63,94.89,31.84,75.76,272.78,852.61,218.03,232.01,94.75,30.63,75.32,271.84,850.12,650.02,691.55,94.73,31.12,226.70,702.80,658.90
2026-04-14 18:45:00,2026-04-14 18:59:59,Q12,472.74,249.24,111.10,117.48,95.13,55.82,19.07,474.18,258.56,117.44,122.20,96.93,55.75,15.59,470.99,259.76,115.06,122.04,94.98,53.57,20.18,472.64,255.85,343.60,361.71,95.68,55.05,54.84,365.60,349.20
2026-04-14 18:45:00,2026-04-14 18:59:59,Q09,471.07,294.65,129.67,138.39,94.59,36.70,25.44,475.47,294.49,133.18,139.66,96.04,37.58,21.83,471.79,294.81,131.10,138.81,95.04,35.39,24.48,472.77,294.65,393.95,416.86,95.22,36.56,71.76,420.30,397.20
2026-04-14 19:00:00,2026-04-14 19:14:59,Q09,471.89,295.50,130.28,139.11,94.70,36.80,25.14,475.60,293.41,132.60,139.16,95.99,37.61,21.96,472.19,297.00,132.06,139.83,95.03,36.16,24.40,473.23,295.30,394.93,418.10,95.24,36.86,71.50,423.80,400.80
2026-04-14 19:00:00,2026-04-14 19:14:59,PQM,260.18,852.80,205.97,221.57,92.96,33.53,36.52,298.82,862.05,235.59,257.66,91.44,34.69,61.52,263.22,861.12,199.57,226.49,88.12,34.48,73.81,274.08,858.66,641.14,705.71,90.84,34.23,171.85,724.60,659.04
2026-04-14 19:00:00,2026-04-14 19:14:59,Q08,474.70,122.01,56.75,57.63,99.90,7.26,-0.28,473.60,117.53,54.37,55.44,99.90,7.27,-0.44,473.27,117.97,54.32,55.54,99.90,7.19,-0.34,473.86,119.17,165.42,168.61,99.90,7.24,-1.06,186.00,183.20
2026-04-14 19:00:00,2026-04-14 19:14:59,Main PF,271.77,825.06,210.54,223.83,94.84,31.03,72.53,271.76,851.40,218.16,230.92,95.14,31.99,72.68,272.89,837.79,215.50,228.15,94.96,31.11,72.35,272.14,838.08,644.20,682.90,94.98,31.38,217.57,708.00,663.60
2026-04-14 19:00:00,2026-04-14 19:14:59,Q12,473.08,249.21,111.35,117.62,95.23,55.39,18.80,474.78,257.11,116.45,121.63,96.85,55.67,15.79,471.26,258.39,114.43,121.40,94.98,53.82,20.02,473.04,254.90,342.23,360.65,95.69,54.96,54.61,365.30,346.00
2026-04-14 19:15:00,2026-04-14 19:29:59,PQM,260.28,879.71,213.23,228.90,93.15,32.42,39.67,298.96,890.36,243.20,266.06,91.41,33.63,67.05,263.25,884.40,204.56,232.40,88.02,33.63,78.15,274.16,884.82,661.00,727.36,90.86,33.23,184.87,752.41,683.83
2026-04-14 19:15:00,2026-04-14 19:29:59,Q08,475.23,125.68,58.30,59.45,99.90,7.16,-0.29,473.73,120.22,55.59,56.65,99.90,7.16,-0.43,473.64,120.55,55.79,56.86,99.90,7.34,-0.56,474.20,122.15,169.69,172.95,99.90,7.22,-1.28,187.00,184.20
2026-04-14 19:15:00,2026-04-14 19:29:59,Main PF,271.89,849.54,216.43,230.52,94.66,30.43,76.39,272.02,875.76,224.02,237.62,94.89,31.17,76.74,272.93,858.07,219.38,233.66,94.66,30.31,76.42,272.28,861.12,659.84,701.80,94.74,30.64,229.56,733.40,687.20
2026-04-14 19:15:00,2026-04-14 19:29:59,Q12,473.64,250.42,111.86,118.28,95.37,55.49,18.69,474.57,260.13,117.83,123.17,96.75,56.15,16.23,471.71,260.50,115.03,122.49,94.91,54.33,20.24,473.31,257.02,344.71,363.94,95.68,55.32,55.15,367.60,347.70
2026-04-14 19:15:00,2026-04-14 19:29:59,Q09,472.03,293.80,129.40,138.32,94.66,37.04,25.19,476.02,295.75,133.77,140.49,95.98,37.60,22.03,472.18,294.24,130.49,138.50,94.95,35.77,24.57,473.41,294.60,393.66,417.31,95.20,36.80,71.79,421.60,399.00
2026-04-14 19:30:00,2026-04-14 19:44:59,Q09,472.05,292.24,128.94,137.58,94.68,36.83,25.11,476.20,294.55,133.24,139.93,96.01,37.36,21.96,472.39,294.88,130.73,139.00,94.92,35.54,24.64,473.55,293.89,392.90,416.52,95.20,36.57,71.71,422.80,400.00
2026-04-14 19:30:00,2026-04-14 19:44:59,PQM,260.30,871.20,210.92,226.70,93.04,32.91,38.44,299.02,883.28,241.40,263.93,91.46,34.11,64.36,263.25,882.42,204.14,231.78,88.08,33.89,76.99,274.19,878.97,656.45,722.41,90.86,33.64,179.79,733.02,666.15
2026-04-14 19:30:00,2026-04-14 19:44:59,Q08,475.21,121.51,56.38,57.47,99.90,7.35,-0.27,473.71,116.82,53.98,55.11,99.90,7.19,-0.42,473.64,116.82,53.94,55.05,99.90,7.38,-0.35,474.18,118.38,164.31,167.63,99.90,7.31,-1.04,179.00,176.20
2026-04-14 19:30:00,2026-04-14 19:44:59,Main PF,271.75,841.93,214.49,228.24,94.61,30.38,75.94,272.20,871.83,222.63,236.89,94.93,30.97,75.88,273.12,857.71,219.65,233.74,94.73,30.32,75.72,272.36,857.16,656.76,698.87,94.75,30.56,227.54,708.80,664.50
2026-04-14 19:30:00,2026-04-14 19:44:59,Q12,473.79,252.42,112.96,119.29,95.43,54.72,18.71,474.84,261.92,118.67,124.05,96.79,55.06,16.31,471.68,261.03,115.13,122.82,94.83,53.43,20.53,473.44,258.46,346.76,366.16,95.68,54.40,55.56,370.90,351.50
2026-04-14 19:45:00,2026-04-14 19:59:59,PQM,260.39,932.65,224.50,242.72,92.56,32.30,48.73,299.27,953.97,258.54,284.91,90.83,33.30,77.85,263.54,949.40,217.09,250.13,86.91,33.20,91.34,274.40,945.34,700.13,777.75,90.10,32.93,217.93,880.27,777.81
2026-04-14 19:45:00,2026-04-14 19:59:59,Q08,475.51,123.51,57.17,58.45,99.90,6.86,-0.32,474.10,119.43,55.19,56.34,99.90,6.97,-0.43,473.22,118.97,55.08,56.07,99.90,7.04,-0.19,474.28,120.63,167.42,170.86,99.90,6.95,-0.94,182.50,179.20
2026-04-14 19:45:00,2026-04-14 19:59:59,Main PF,271.81,895.45,225.49,242.89,93.49,29.81,89.29,272.17,935.56,236.74,254.17,93.96,30.60,89.41,273.24,919.86,232.77,250.74,93.70,30.17,88.98,272.40,916.96,695.00,747.80,93.72,30.19,267.68,864.20,787.40
2026-04-14 19:45:00,2026-04-14 19:59:59,Q12,473.75,248.39,110.92,117.32,95.31,53.65,18.73,474.81,259.37,118.31,122.88,96.96,53.68,15.73,471.82,259.31,114.52,122.02,94.85,52.40,20.54,473.46,255.69,343.75,362.22,95.71,53.24,55.00,367.10,348.00
2026-04-14 19:45:00,2026-04-14 19:59:59,Q09,472.36,292.59,129.13,137.91,94.60,36.79,25.35,476.26,296.09,134.21,140.69,96.01,37.25,21.91,472.58,294.72,130.70,138.94,94.89,35.49,24.78,473.74,294.47,394.04,417.54,95.17,36.51,72.04,423.40,399.50
2026-04-14 20:00:00,2026-04-14 20:14:59,Q09,471.60,290.97,128.17,136.87,94.50,34.85,25.68,475.84,296.37,133.48,140.67,95.91,35.29,22.38,471.59,295.52,130.35,139.02,94.72,33.66,25.35,473.01,294.28,392.00,416.57,95.04,34.60,73.41,421.80,397.20
2026-04-14 20:00:00,2026-04-14 20:14:59,PQM,259.96,1045.50,248.68,271.51,91.59,31.84,66.97,299.04,1079.51,288.76,322.36,89.58,32.63,102.33,263.12,1072.03,238.58,281.82,84.66,32.59,117.11,274.04,1065.68,776.02,875.69,88.61,32.35,286.41,890.60,792.51
2026-04-14 20:00:00,2026-04-14 20:14:59,Q08,474.23,119.19,55.08,56.36,99.90,7.09,-0.23,473.55,117.66,54.26,55.43,99.90,6.89,-0.46,473.03,116.72,53.82,54.93,99.91,7.04,0.24,473.60,117.86,163.16,166.72,99.90,7.00,-0.46,176.50,173.80
2026-04-14 20:00:00,2026-04-14 20:14:59,Main PF,271.69,1016.73,249.85,275.75,91.36,29.46,115.83,271.78,1067.01,265.07,289.60,92.11,30.07,116.16,272.65,1041.81,257.94,283.39,91.67,29.68,115.39,272.04,1041.85,772.86,848.74,91.71,29.74,347.38,865.00,791.20
2026-04-14 20:00:00,2026-04-14 20:14:59,Q12,473.11,246.17,109.96,116.14,95.55,48.52,18.51,474.37,257.85,117.54,122.00,96.99,48.45,15.92,471.05,256.11,113.34,120.27,94.91,47.53,20.60,472.84,253.38,340.84,358.41,95.82,48.16,55.02,362.50,343.40
2026-04-14 20:15:00,2026-04-14 20:29:59,PQM,260.34,1030.63,246.59,269.60,91.47,31.93,66.31,299.49,1065.99,286.88,320.86,89.41,32.67,101.98,263.49,1055.38,236.30,279.74,84.47,32.70,116.46,274.44,1050.67,769.78,870.20,88.45,32.43,284.75,897.66,794.14
2026-04-14 20:15:00,2026-04-14 20:29:59,Q08,475.14,121.78,56.65,57.62,99.90,7.23,-0.28,474.12,120.20,55.52,56.66,99.90,7.06,-0.44,473.57,118.99,55.05,56.05,99.90,7.31,0.42,474.28,120.32,167.22,170.34,99.90,7.20,-0.30,182.50,179.20
2026-04-14 20:15:00,2026-04-14 20:29:59,Main PF,271.87,1012.28,249.17,274.56,91.20,29.51,116.36,272.29,1066.71,264.72,289.88,92.02,30.21,116.78,273.21,1045.64,259.01,285.20,91.47,29.61,116.13,272.46,1041.54,772.90,849.64,91.56,29.77,349.27,868.10,785.20
2026-04-14 20:15:00,2026-04-14 20:29:59,Q12,473.49,245.15,109.46,115.77,95.46,49.11,18.61,475.36,257.78,118.03,122.24,97.01,48.88,15.85,471.60,257.92,113.66,121.31,94.79,47.84,20.79,473.48,253.62,341.15,359.32,95.76,48.61,55.25,364.10,346.20
2026-04-14 20:15:00,2026-04-14 20:29:59,Q09,472.68,293.19,129.39,138.25,94.53,35.23,25.52,476.40,295.82,133.94,140.53,95.96,35.43,22.25,472.01,295.96,130.37,139.28,94.72,33.71,25.34,473.70,294.99,393.70,418.06,95.07,34.79,73.11,422.90,398.70
2026-04-14 20:30:00,2026-04-14 20:44:59,Q09,474.13,292.77,129.72,138.47,94.56,36.75,25.39,477.71,296.72,134.72,141.41,95.99,36.99,22.04,473.75,295.23,130.74,139.48,94.79,35.63,25.11,475.20,294.91,395.18,419.36,95.11,36.45,72.54,426.10,400.90
2026-04-14 20:30:00,2026-04-14 20:44:59,PQM,261.22,903.99,218.57,236.25,92.56,33.08,45.21,300.30,926.21,252.27,277.95,90.84,34.08,74.10,264.33,918.60,210.60,242.69,86.89,34.09,87.19,275.28,916.27,681.45,756.88,90.10,33.75,206.50,875.18,774.01
2026-04-14 20:30:00,2026-04-14 20:44:59,Q08,476.79,118.35,55.25,56.16,99.90,7.43,-0.25,475.85,115.67,53.73,54.77,99.90,7.31,-0.44,475.17,115.38,53.69,54.53,99.91,7.58,0.09,475.94,116.47,162.67,165.46,99.90,7.44,-0.60,175.40,172.20
2026-04-14 20:30:00,2026-04-14 20:44:59,Main PF,272.79,896.41,225.47,243.93,93.20,29.99,91.16,273.10,936.43,237.22,255.16,93.71,31.33,91.59,273.75,917.62,231.84,250.73,93.34,30.77,91.11,273.21,916.82,694.52,749.82,93.42,30.70,273.85,828.00,755.40
2026-04-14 20:30:00,2026-04-14 20:44:59,Q12,475.21,249.26,111.76,118.10,95.32,53.53,18.86,476.78,260.75,119.33,124.01,96.99,53.50,15.80,472.96,260.37,114.98,122.76,94.76,52.30,20.87,474.98,256.79,346.07,364.87,95.69,53.11,55.53,376.60,357.20
2026-04-14 20:45:00,2026-04-14 20:59:59,PQM,261.82,849.27,206.17,222.25,92.76,34.09,37.28,301.00,872.05,239.82,262.42,91.39,34.94,62.52,264.92,869.23,201.44,230.06,87.56,34.88,77.48,275.91,863.51,647.42,714.74,90.57,34.63,177.28,730.19,661.28
2026-04-14 20:45:00,2026-04-14 20:59:59,Q08,478.44,114.78,53.76,54.69,99.90,7.54,-0.28,477.27,113.73,52.99,54.02,99.90,7.34,-0.42,476.23,112.65,52.61,53.40,99.91,7.74,0.47,477.31,113.72,159.36,162.11,99.90,7.54,-0.23,168.40,165.30
2026-04-14 20:45:00,2026-04-14 20:59:59,Main PF,273.36,823.23,210.85,224.52,94.39,31.66,75.22,273.79,861.52,221.39,235.39,94.82,32.29,75.78,274.47,843.97,217.22,231.13,94.58,31.78,75.32,273.87,842.91,649.45,691.04,94.60,31.91,226.32,704.60,661.80
2026-04-14 20:45:00,2026-04-14 20:59:59,Q12,476.48,255.12,114.66,121.15,95.25,55.06,19.24,478.16,268.60,123.54,128.03,96.99,54.96,16.10,474.36,268.11,118.71,126.84,94.60,53.32,21.61,476.33,263.94,356.91,376.02,95.61,54.45,56.95,382.20,363.20
2026-04-14 20:45:00,2026-04-14 20:59:59,Q09,475.31,293.05,130.07,138.90,94.63,37.46,25.13,479.06,293.47,133.87,140.21,96.06,37.42,21.81,474.91,296.19,131.64,140.34,94.81,35.81,25.01,476.42,294.24,395.58,419.45,95.16,36.90,71.95,426.20,401.40
2026-04-14 21:00:00,2026-04-14 21:14:59,Q09,476.91,289.68,129.16,137.85,94.57,37.25,25.18,480.82,294.49,135.16,141.26,96.05,37.58,21.69,476.32,295.78,131.83,140.51,94.80,35.71,24.88,478.01,293.32,396.15,419.62,95.14,36.85,71.75,424.90,400.50
2026-04-14 21:00:00,2026-04-14 21:14:59,PQM,262.73,853.61,208.18,224.47,92.74,33.77,38.59,302.08,872.59,241.09,264.03,91.31,34.69,63.99,265.98,872.41,203.51,232.23,87.63,34.55,78.38,276.93,866.20,652.78,720.74,90.56,34.34,180.96,747.68,678.49
2026-04-14 21:00:00,2026-04-14 21:14:59,Q08,479.51,121.56,56.89,58.01,99.90,7.36,-0.24,479.24,118.75,55.60,56.58,99.90,7.41,-0.48,477.85,118.54,55.19,56.32,99.90,7.48,0.31,478.87,119.62,167.68,170.90,99.90,7.42,-0.41,179.40,176.20
2026-04-14 21:00:00,2026-04-14 21:14:59,Main PF,274.27,821.99,210.97,224.96,94.43,31.78,75.29,274.76,860.12,222.61,235.87,94.86,32.35,75.51,275.48,845.46,218.39,232.39,94.64,31.86,74.99,274.84,842.52,651.97,693.22,94.65,31.99,225.79,717.70,674.00
2026-04-14 21:00:00,2026-04-14 21:14:59,Q12,478.06,251.52,113.19,119.98,95.12,55.78,19.23,479.80,263.71,121.26,126.17,96.97,55.44,15.86,475.79,264.93,117.86,125.74,94.67,53.79,21.15,477.88,260.05,352.31,371.89,95.59,55.00,56.23,378.00,358.40
2026-04-14 21:15:00,2026-04-14 21:29:59,PQM,262.30,882.90,213.02,231.00,92.26,33.99,45.08,301.65,908.20,247.88,273.43,90.73,34.85,72.27,265.49,905.77,207.25,239.81,86.54,34.70,87.30,276.48,898.96,668.15,744.24,89.85,34.51,204.65,862.16,760.49
2026-04-14 21:15:00,2026-04-14 21:29:59,Q08,479.03,118.72,55.43,56.59,99.90,7.34,-0.30,478.37,117.74,54.94,56.07,99.90,7.23,-0.47,476.77,116.30,54.20,55.20,99.90,7.54,0.45,478.06,117.58,164.56,167.84,99.90,7.37,-0.32,174.50,171.20
2026-04-14 21:15:00,2026-04-14 21:29:59,Main PF,274.10,845.04,214.82,231.05,93.67,31.98,82.55,274.53,888.10,227.41,243.18,94.22,32.48,82.71,275.21,873.19,223.36,239.73,93.89,32.12,82.48,274.61,868.78,665.59,713.96,93.93,32.19,247.74,838.20,759.00
2026-04-14 21:15:00,2026-04-14 21:29:59,Q12,477.62,244.17,110.09,116.35,95.25,55.43,18.39,478.80,256.31,118.21,122.36,97.03,55.11,15.31,475.25,254.84,113.17,120.84,94.62,53.71,20.62,477.22,251.77,341.47,359.55,95.63,54.75,54.32,366.40,348.00
2026-04-14 21:15:00,2026-04-14 21:29:59,Q09,476.09,289.56,128.79,137.48,94.62,37.11,24.88,480.26,290.38,132.83,139.08,96.11,37.34,21.44,475.81,291.46,130.04,138.31,94.85,35.64,24.66,477.39,290.47,391.66,414.88,95.19,36.70,70.98,422.70,399.90
2026-04-14 21:30:00,2026-04-14 21:44:59,Q09,475.02,289.63,128.46,137.20,94.50,35.05,25.42,479.62,292.96,133.64,140.21,95.96,35.48,21.99,475.56,291.26,129.50,138.16,94.84,33.80,24.83,476.73,291.28,391.60,415.56,95.10,34.78,72.24,421.20,396.30
2026-04-14 21:30:00,2026-04-14 21:44:59,PQM,261.96,1020.49,243.49,267.47,91.03,32.76,68.48,301.37,1056.15,283.03,318.31,88.92,33.53,103.96,265.20,1046.97,232.75,277.63,83.83,33.47,118.13,276.18,1041.20,759.26,863.41,87.93,33.25,290.56,886.92,779.60
2026-04-14 21:30:00,2026-04-14 21:44:59,Q08,478.54,121.02,56.71,57.63,99.90,6.84,-0.32,477.51,119.22,55.66,56.66,99.90,6.84,-0.45,476.38,118.01,54.97,55.96,99.90,7.06,0.35,477.48,119.41,167.35,170.26,99.90,6.91,-0.42,177.80,175.20
2026-04-14 21:30:00,2026-04-14 21:44:59,Main PF,273.42,993.22,243.99,270.98,90.75,30.57,116.80,274.04,1048.11,261.20,286.78,91.66,31.06,116.81,274.93,1024.72,254.28,281.04,91.09,30.71,116.07,274.13,1022.02,759.47,838.81,91.17,30.78,349.68,859.90,775.20
2026-04-14 21:30:00,2026-04-14 21:44:59,Q12,476.63,235.41,105.86,111.92,95.41,50.79,17.80,478.35,245.90,113.16,117.22,97.02,50.58,14.98,474.74,246.20,109.26,116.51,94.87,49.22,19.70,476.57,242.50,328.28,345.66,95.77,50.20,52.47,352.00,333.60
2026-04-14 21:45:00,2026-04-14 21:59:59,PQM,262.83,880.24,212.99,231.50,92.07,34.19,45.70,302.13,900.84,246.06,272.10,90.51,35.25,71.90,266.01,901.00,207.31,239.78,86.59,34.86,86.32,276.99,894.03,666.36,743.38,89.72,34.77,203.92,870.22,767.14
2026-04-14 21:45:00,2026-04-14 21:59:59,Q08,480.04,120.05,56.42,57.41,99.90,6.81,-0.29,479.15,116.23,54.39,55.36,99.90,7.04,-0.44,478.46,115.82,54.23,55.15,99.90,6.97,-0.00,479.22,117.37,165.03,167.92,99.90,6.94,-0.73,174.40,171.20
2026-04-14 21:45:00,2026-04-14 21:59:59,Main PF,274.50,849.94,216.69,232.83,93.86,32.15,81.65,274.77,881.53,225.92,241.63,94.32,32.98,81.89,275.84,866.87,222.74,238.56,94.07,32.30,81.49,275.03,866.11,665.35,713.02,94.08,32.48,245.02,830.20,760.00
2026-04-14 21:45:00,2026-04-14 21:59:59,Q12,478.24,230.53,103.86,109.91,95.17,56.95,17.38,479.85,240.57,110.87,115.13,97.00,57.39,14.28,476.39,240.75,107.13,114.37,94.83,55.41,18.84,478.16,237.28,321.86,339.42,95.67,56.58,50.50,347.30,329.90
2026-04-14 21:45:00,2026-04-14 21:59:59,Q09,477.18,285.92,127.46,136.09,94.68,36.89,24.39,481.28,287.16,131.98,137.80,96.13,37.58,20.97,476.86,287.49,128.99,136.72,95.01,35.93,23.86,478.44,286.86,388.43,410.61,95.27,36.80,69.22,424.60,401.00
2026-04-14 22:00:00,2026-04-14 22:14:59,Q09,476.51,259.74,115.96,123.54,94.83,39.59,21.65,480.77,261.47,119.76,125.38,96.13,40.16,18.83,476.65,261.51,117.57,124.36,95.14,38.36,21.01,477.98,260.91,353.28,373.28,95.37,39.37,61.49,436.60,411.30
2026-04-14 22:00:00,2026-04-14 22:14:59,PQM,262.61,822.39,199.71,215.95,92.48,34.11,39.20,301.66,829.78,227.13,250.58,90.63,35.55,64.35,265.67,830.79,192.67,220.66,87.31,35.20,75.14,276.65,827.65,619.51,687.18,90.14,34.96,178.70,728.23,659.45
2026-04-14 22:00:00,2026-04-14 22:14:59,Q08,479.44,120.05,56.27,57.27,99.90,7.33,-0.25,478.47,116.29,54.34,55.34,99.90,7.38,-0.43,477.95,116.13,54.21,55.26,99.90,7.12,-0.06,478.62,117.49,164.83,167.87,99.90,7.28,-0.75,175.40,172.20
2026-04-14 22:00:00,2026-04-14 22:14:59,Main PF,274.24,793.91,203.86,217.38,94.25,32.37,73.15,274.50,817.74,210.07,224.07,94.53,33.54,73.50,275.50,806.47,207.92,221.71,94.35,32.74,73.20,274.75,806.04,621.85,663.17,94.38,32.88,219.84,699.30,655.20
2026-04-14 22:00:00,2026-04-14 22:14:59,Q12,478.12,226.37,101.75,107.91,94.99,60.30,17.22,479.23,234.96,107.42,112.22,96.78,60.98,14.26,475.84,235.81,104.89,111.82,94.82,58.54,18.24,477.73,232.38,314.06,331.95,95.53,59.94,49.72,338.20,320.10
2026-04-14 22:15:00,2026-04-14 22:29:59,PQM,263.77,727.57,176.09,191.94,91.71,36.16,36.14,302.95,727.45,197.80,220.51,89.65,38.04,57.85,266.87,732.00,169.55,195.39,86.73,37.37,66.07,277.86,729.00,543.44,607.84,89.37,37.19,160.07,666.34,598.23
2026-04-14 22:15:00,2026-04-14 22:29:59,Q08,481.56,123.30,58.11,59.14,99.90,7.34,-0.27,480.34,118.07,55.39,56.49,99.90,7.49,-0.42,479.98,118.36,55.62,56.54,99.90,6.98,-0.51,480.63,119.91,169.12,172.16,99.90,7.27,-1.20,181.10,178.20
2026-04-14 22:15:00,2026-04-14 22:29:59,Main PF,275.55,718.22,185.02,197.48,94.27,34.16,65.91,275.60,733.50,189.29,201.80,94.48,35.51,65.99,276.40,727.61,188.23,200.72,94.40,34.37,65.84,275.85,726.44,562.54,600.00,94.38,34.68,197.75,637.90,596.90
2026-04-14 22:15:00,2026-04-14 22:29:59,Q12,479.95,230.23,103.45,110.14,94.85,60.76,17.66,481.19,237.71,109.04,114.05,96.56,62.14,14.73,478.25,237.18,106.15,113.08,94.87,59.48,18.21,479.80,235.04,318.64,337.27,95.43,60.79,50.60,344.90,324.80
2026-04-14 22:15:00,2026-04-14 22:29:59,Q09,479.23,183.19,82.31,87.44,95.01,48.95,14.58,483.06,185.42,85.17,89.26,96.46,49.16,12.39,479.06,184.99,83.24,88.31,95.28,47.46,14.29,480.45,184.53,250.72,265.01,95.58,48.52,41.26,373.40,353.40
2026-04-14 22:30:00,2026-04-14 22:44:59,Q09,478.59,92.05,41.31,43.85,95.74,71.76,6.07,482.04,96.24,43.85,46.08,96.51,71.67,5.74,478.48,92.67,40.93,44.04,94.81,71.06,6.76,479.71,93.65,126.08,133.97,95.69,71.50,18.56,145.00,135.90
2026-04-14 22:30:00,2026-04-14 22:44:59,PQM,263.27,655.24,156.29,172.41,90.71,38.34,35.89,302.30,657.49,174.57,198.71,87.93,40.50,58.22,266.24,653.21,147.41,173.75,84.95,40.14,62.76,277.27,655.31,478.26,544.87,87.86,39.66,156.87,651.30,552.55
2026-04-14 22:30:00,2026-04-14 22:44:59,Q08,480.47,130.03,61.14,62.19,99.90,7.26,-0.24,479.42,122.71,57.49,58.61,99.90,7.51,-0.46,479.17,124.36,58.16,59.23,99.88,7.16,-1.04,479.69,125.70,176.79,180.02,99.89,7.31,-1.74,188.80,186.20
2026-04-14 22:30:00,2026-04-14 22:44:59,Main PF,274.83,640.34,161.80,175.42,92.88,36.07,65.39,274.94,656.71,166.36,180.18,93.08,38.02,65.47,276.00,642.56,162.68,176.88,92.78,37.09,65.24,275.26,646.54,490.84,532.47,92.91,37.06,196.09,633.40,564.30
2026-04-14 22:30:00,2026-04-14 22:44:59,Q12,478.91,231.91,103.99,110.81,94.77,61.86,17.80,480.11,237.08,108.40,113.54,96.22,64.11,15.34,477.34,237.18,105.88,112.91,94.79,61.15,18.13,478.79,235.39,318.27,337.25,95.26,62.37,51.27,342.20,322.90
2026-04-14 22:45:00,2026-04-14 22:59:59,PQM,263.98,611.56,146.53,161.29,90.85,39.21,30.78,303.12,615.14,164.52,186.45,88.23,41.42,51.03,266.87,611.64,139.25,163.28,85.29,40.94,56.73,277.99,612.78,450.30,511.02,88.12,40.52,138.54,531.65,468.37
2026-04-14 22:45:00,2026-04-14 22:59:59,Q08,481.91,128.01,60.31,61.39,99.90,7.51,-0.25,480.51,120.81,56.75,57.79,99.90,7.76,-0.44,480.06,122.49,57.55,58.50,99.90,7.29,-0.76,480.83,123.77,174.61,177.68,99.90,7.52,-1.45,192.10,189.10
2026-04-14 22:45:00,2026-04-14 22:59:59,Main PF,275.53,593.73,152.17,163.23,93.73,36.54,56.69,275.80,607.99,156.09,167.28,93.87,38.58,56.92,276.75,598.37,153.81,165.25,93.66,37.55,56.75,276.03,600.03,462.07,495.76,93.75,37.55,170.36,510.70,477.70
2026-04-14 22:45:00,2026-04-14 22:59:59,Q12,480.09,234.77,105.34,112.47,94.68,64.56,17.91,481.36,242.36,111.31,116.43,96.17,66.04,15.65,478.25,240.68,107.42,114.86,94.39,63.62,18.90,479.90,239.27,324.07,343.76,95.08,64.74,52.46,349.90,330.50
2026-04-14 22:45:00,2026-04-14 22:59:59,Q09,479.91,77.88,35.25,37.18,96.45,76.17,4.62,483.52,82.25,37.79,39.59,96.97,75.75,4.49,479.33,79.22,35.20,37.73,95.14,76.01,5.45,480.92,79.78,108.24,114.50,96.19,75.98,14.56,132.20,124.50
2026-04-14 23:00:00,2026-04-14 23:14:59,Q09,479.15,119.84,53.93,57.07,96.07,54.98,8.56,482.53,124.08,56.86,59.62,96.72,55.08,8.00,478.87,120.79,54.28,57.54,95.24,54.63,9.27,480.18,121.57,165.07,174.23,96.01,54.90,25.83,236.50,224.00
2026-04-14 23:00:00,2026-04-14 23:14:59,PQM,263.69,789.93,188.12,208.51,90.30,39.01,45.87,303.09,807.93,214.67,245.22,87.62,40.77,74.54,266.57,796.10,177.63,212.55,83.80,40.59,81.99,277.78,797.99,580.43,666.29,87.24,40.12,202.40,806.01,697.91
2026-04-14 23:00:00,2026-04-14 23:14:59,Q08,481.87,126.07,59.46,60.45,99.90,7.27,-0.27,479.97,119.53,56.11,57.05,99.90,7.47,-0.40,479.96,120.71,56.71,57.67,99.89,7.12,-0.70,480.60,122.10,172.27,175.17,99.90,7.29,-1.36,184.60,182.20
2026-04-14 23:00:00,2026-04-14 23:14:59,Main PF,275.39,804.01,201.17,220.91,92.01,36.38,87.55,275.46,839.48,211.32,230.77,92.48,37.85,87.76,276.38,814.40,204.92,224.58,92.01,37.25,87.27,275.75,819.30,617.40,676.26,92.17,37.16,262.58,775.40,701.80
2026-04-14 23:00:00,2026-04-14 23:14:59,Q12,480.19,204.56,92.12,97.91,95.43,59.89,14.94,481.08,215.31,98.31,103.17,96.40,61.48,13.80,477.27,211.06,93.94,100.38,94.51,59.91,16.66,479.51,210.31,284.38,301.46,95.44,60.42,45.40,345.80,325.60
2026-04-14 23:15:00,2026-04-14 23:29:59,PQM,263.52,923.05,218.11,243.46,89.58,36.97,63.48,303.06,945.93,248.47,287.10,86.54,38.54,98.78,266.38,928.56,203.60,247.83,82.15,38.40,105.33,277.65,932.51,670.17,778.38,86.09,37.97,267.58,814.20,708.81
2026-04-14 23:15:00,2026-04-14 23:29:59,Q08,481.52,122.71,57.95,58.86,99.90,6.84,-0.31,480.13,117.74,55.22,56.29,99.90,6.96,-0.45,479.41,117.95,55.32,56.25,99.90,6.73,-0.49,480.35,119.46,168.49,171.40,99.90,6.84,-1.24,192.00,189.10
2026-04-14 23:15:00,2026-04-14 23:29:59,Main PF,275.54,895.50,221.53,246.27,90.63,34.69,104.40,275.43,932.93,232.18,256.54,91.12,36.25,104.83,276.18,900.49,223.05,248.17,90.52,35.64,104.22,275.72,909.64,676.77,750.98,90.75,35.53,313.45,775.60,700.10
2026-04-14 23:15:00,2026-04-14 23:29:59,Q12,480.09,153.01,68.96,73.18,95.79,66.44,10.31,480.99,161.89,74.07,77.52,96.38,67.13,10.06,477.64,155.88,69.22,74.14,94.38,66.63,12.08,479.58,156.92,212.25,224.84,95.52,66.74,32.45,230.80,217.50
2026-04-14 23:15:00,2026-04-14 23:29:59,Q09,479.08,152.82,68.92,72.99,95.79,44.05,11.32,482.58,156.59,71.77,75.29,96.52,45.01,10.53,478.74,153.39,69.01,73.06,95.35,44.02,11.86,480.13,154.27,209.71,221.34,95.88,44.36,33.72,273.80,260.20
2026-04-14 23:30:00,2026-04-14 23:44:59,Q09,480.76,172.87,78.26,82.83,95.72,45.58,12.92,484.26,178.31,82.08,86.02,96.42,46.64,12.17,479.79,173.90,78.42,83.11,95.07,45.62,13.81,481.60,175.03,238.76,251.96,95.74,45.95,38.89,300.80,285.20
2026-04-14 23:30:00,2026-04-14 23:44:59,PQM,264.52,760.50,182.80,200.92,90.98,39.98,34.09,304.11,775.43,208.49,235.72,88.45,41.83,61.88,267.24,755.24,171.86,202.03,85.07,42.13,68.53,278.62,763.72,563.16,638.68,88.17,41.31,164.51,719.80,631.41
2026-04-14 23:30:00,2026-04-14 23:44:59,Q08,483.05,114.17,53.87,54.92,99.90,7.42,-0.25,481.79,109.85,51.66,52.60,99.90,7.29,-0.46,480.96,110.38,51.85,52.80,99.90,7.32,-0.34,481.93,111.46,157.38,160.32,99.90,7.34,-1.05,172.30,169.20
2026-04-14 23:30:00,2026-04-14 23:44:59,Main PF,276.41,730.67,188.24,201.36,94.13,37.46,67.73,276.44,758.53,196.29,209.23,94.37,38.83,68.19,277.11,730.37,187.97,202.00,93.92,38.57,67.75,276.65,739.86,572.50,612.59,94.14,38.29,203.66,727.80,655.80
2026-04-14 23:30:00,2026-04-14 23:44:59,Q12,481.79,138.14,63.17,66.30,96.64,76.08,7.93,482.23,146.57,67.11,70.45,96.69,75.91,8.41,479.34,139.16,62.08,66.44,94.48,76.85,10.22,481.12,141.29,192.36,203.20,95.93,76.28,26.56,211.70,201.20
2026-04-14 23:45:00,2026-04-14 23:59:59,PQM,265.07,794.31,190.96,210.26,90.86,38.91,40.47,304.80,810.75,217.61,246.95,88.19,40.76,69.99,267.81,793.97,179.72,212.47,84.70,40.73,76.60,279.22,799.68,588.29,669.68,87.92,40.13,187.06,827.24,715.06
2026-04-14 23:45:00,2026-04-14 23:59:59,Q08,484.40,113.99,54.01,54.99,99.90,7.72,-0.26,482.69,109.96,51.84,52.82,99.90,7.28,-0.44,481.97,109.82,51.55,52.65,99.90,7.66,-0.21,483.02,111.26,157.39,160.46,99.90,7.55,-0.91,173.20,170.20
2026-04-14 23:45:00,2026-04-14 23:59:59,Main PF,276.85,781.43,198.49,215.74,92.95,36.35,79.58,277.24,814.58,208.72,225.33,93.30,38.04,79.61,277.52,783.21,199.66,217.01,92.83,37.56,79.15,277.21,793.07,606.87,658.08,93.03,37.32,238.35,764.10,686.70
2026-04-14 23:45:00,2026-04-14 23:59:59,Q12,482.95,130.66,60.17,62.79,96.82,76.19,7.26,483.46,140.99,64.75,67.90,96.71,76.41,7.98,479.96,132.29,58.81,63.18,94.46,76.71,9.64,482.12,134.64,183.73,193.88,96.00,76.44,24.88,198.50,188.50
2026-04-14 23:45:00,2026-04-14 23:59:59,Q09,481.72,192.51,87.41,92.46,95.64,43.16,14.55,485.09,197.55,91.31,95.52,96.28,43.71,13.78,480.58,192.34,86.76,92.11,95.01,43.21,15.45,482.46,194.13,265.48,280.10,95.64,43.36,43.78,328.00,310.80
2026-04-15 00:00:00,2026-04-15 00:14:59,Q09,481.64,206.61,93.89,99.19,95.47,40.01,16.20,484.69,209.71,96.73,101.35,96.15,41.45,15.09,481.07,205.67,93.21,98.66,95.23,40.14,16.40,482.47,207.33,283.83,299.20,95.62,40.53,47.70,347.30,329.80
2026-04-15 00:00:00,2026-04-15 00:14:59,PQM,265.17,861.62,208.61,228.33,91.38,37.67,41.77,304.82,873.99,236.67,266.32,88.90,39.69,72.14,267.89,860.43,197.32,230.14,85.78,39.28,79.29,279.29,865.35,642.60,724.79,88.69,38.88,193.20,816.60,708.72
2026-04-15 00:00:00,2026-04-15 00:14:59,Q08,484.46,115.32,54.46,55.60,99.90,7.51,-0.26,482.90,110.34,51.98,53.01,99.90,7.54,-0.44,482.23,111.04,52.36,53.27,99.90,7.38,-0.38,483.19,112.23,158.80,161.89,99.90,7.48,-1.09,177.10,173.20
2026-04-15 00:00:00,2026-04-15 00:14:59,Main PF,276.99,831.50,213.40,229.82,93.71,35.41,79.81,277.01,858.50,220.99,237.07,93.97,37.16,79.94,277.59,830.04,213.19,229.84,93.61,36.46,79.61,277.19,840.01,647.58,696.74,93.76,36.34,239.36,781.30,704.70
2026-04-15 00:00:00,2026-04-15 00:14:59,Q12,482.69,188.39,85.77,90.62,95.80,62.70,12.93,483.61,196.97,90.76,95.00,96.27,65.38,12.55,480.21,190.02,85.41,90.92,94.89,63.81,14.26,482.17,191.79,261.93,276.55,95.66,63.97,39.74,304.90,290.80
2026-04-15 00:15:00,2026-04-15 00:29:59,PQM,265.28,842.25,205.52,223.35,92.03,37.00,36.02,305.03,856.19,234.39,261.13,89.76,38.97,65.27,267.91,838.78,194.86,225.05,86.59,38.79,73.80,279.41,845.74,634.77,709.52,89.46,38.25,175.09,760.28,682.62
2026-04-15 00:15:00,2026-04-15 00:29:59,Q08,485.07,115.25,54.57,55.60,99.90,8.10,-0.30,483.38,111.15,52.58,53.45,99.90,7.56,-0.44,482.06,111.45,52.39,53.41,99.91,7.84,-0.23,483.50,112.62,159.53,162.46,99.90,7.83,-0.97,175.20,172.20
2026-04-15 00:15:00,2026-04-15 00:29:59,Main PF,276.99,810.06,210.21,223.84,94.68,34.92,71.82,277.41,838.75,218.94,232.15,94.89,36.42,72.25,277.78,810.09,210.74,224.58,94.55,35.66,71.89,277.39,819.63,639.89,680.57,94.71,35.67,215.97,733.00,689.70
2026-04-15 00:15:00,2026-04-15 00:29:59,Q12,483.24,219.09,100.07,105.51,95.84,59.27,15.17,483.36,229.96,105.73,110.85,96.14,61.48,15.18,480.45,220.38,98.69,105.49,94.67,60.81,17.10,482.35,223.15,304.49,321.86,95.55,60.52,47.45,333.10,314.50
2026-04-15 00:15:00,2026-04-15 00:29:59,Q09,482.06,229.89,104.51,110.48,95.38,40.05,18.34,485.42,235.17,108.48,113.86,96.09,41.11,17.20,480.72,230.69,104.03,110.54,94.95,40.02,18.99,482.73,231.92,317.01,334.88,95.47,40.39,54.54,429.50,405.30
2026-04-15 00:30:00,2026-04-15 00:44:59,Q09,483.11,183.93,83.59,88.51,95.62,48.44,13.88,485.72,188.45,86.80,91.12,96.02,49.59,13.36,482.22,183.21,83.03,88.03,95.15,48.92,14.26,483.68,185.20,253.42,267.66,95.60,48.98,41.50,391.10,370.50
2026-04-15 00:30:00,2026-04-15 00:44:59,PQM,265.50,728.81,177.26,193.31,91.64,37.70,33.99,305.01,731.75,198.39,223.24,88.80,40.01,60.94,268.14,717.56,165.46,192.16,86.06,39.75,65.03,279.55,726.04,541.12,608.71,88.84,39.15,159.96,690.88,620.28
2026-04-15 00:30:00,2026-04-15 00:44:59,Q08,485.73,114.39,54.22,55.36,99.90,8.37,-0.30,483.61,109.51,51.83,52.68,99.90,8.09,-0.43,482.72,109.89,51.83,52.70,99.90,8.17,-0.40,484.02,111.26,157.88,160.73,99.90,8.21,-1.13,172.20,169.20
2026-04-15 00:30:00,2026-04-15 00:44:59,Main PF,277.43,665.70,172.48,184.34,94.38,36.48,60.38,277.71,679.78,176.29,188.25,94.43,38.71,60.49,278.33,655.37,169.75,181.87,94.12,37.72,60.22,277.82,666.95,518.52,554.46,94.31,37.64,181.08,620.20,579.80
2026-04-15 00:30:00,2026-04-15 00:44:59,Q12,483.65,227.03,103.51,109.45,95.37,62.09,16.37,484.13,234.92,107.56,113.43,95.82,64.86,15.82,481.24,228.43,102.46,109.65,94.75,63.51,17.29,483.00,230.13,313.53,332.53,95.31,63.49,49.48,335.00,315.50
2026-04-15 00:45:00,2026-04-15 00:59:59,PQM,266.03,624.31,150.45,166.19,90.53,40.59,30.70,305.58,624.27,166.63,190.99,87.24,43.23,54.56,268.68,611.41,139.45,164.48,84.78,42.82,56.41,280.10,620.00,456.53,521.65,87.51,42.21,141.67,542.89,475.93
2026-04-15 00:45:00,2026-04-15 00:59:59,Q08,486.16,116.20,55.11,56.13,99.90,8.17,-0.27,484.28,110.07,51.97,52.99,99.90,8.13,-0.44,483.81,111.55,52.68,53.70,99.90,7.77,-0.55,484.75,112.61,159.76,162.82,99.90,8.02,-1.26,184.50,182.20
2026-04-15 00:45:00,2026-04-15 00:59:59,Main PF,277.87,597.95,154.87,165.84,93.97,38.22,55.62,278.26,610.84,158.10,169.53,93.97,40.71,55.82,278.46,587.79,151.56,163.27,93.65,39.67,55.65,278.20,598.86,464.54,498.64,93.86,39.53,167.09,525.70,490.80
2026-04-15 00:45:00,2026-04-15 00:59:59,Q12,484.57,227.02,103.80,109.72,95.24,64.27,16.51,484.93,234.83,107.26,113.55,95.64,66.94,16.10,481.71,227.99,102.41,109.52,94.49,65.15,17.58,483.74,229.94,313.47,332.79,95.12,65.45,50.19,336.20,316.20
2026-04-15 00:45:00,2026-04-15 00:59:59,Q09,483.49,111.88,50.70,53.89,95.79,65.52,7.64,487.13,116.11,53.39,56.29,95.95,66.54,7.73,483.12,110.91,49.85,53.34,94.78,66.24,8.35,484.58,112.97,153.94,163.52,95.51,66.10,23.72,190.90,181.10
2026-04-15 01:00:00,2026-04-15 01:14:59,Q09,483.15,78.71,36.08,37.84,96.97,76.91,4.38,485.32,83.57,38.17,40.25,96.35,76.68,5.04,481.17,76.73,34.20,36.71,95.05,77.80,5.41,483.21,79.67,108.45,114.80,96.12,77.13,14.82,140.80,133.00
2026-04-15 01:00:00,2026-04-15 01:14:59,PQM,265.57,586.79,140.89,155.74,90.47,41.17,27.88,304.96,586.86,155.32,178.88,86.83,43.89,52.03,267.98,567.26,128.50,152.10,84.50,43.56,52.25,279.50,580.30,424.72,486.72,87.26,42.87,132.16,502.48,439.53
2026-04-15 01:00:00,2026-04-15 01:14:59,Q08,485.28,119.36,56.48,57.68,99.90,8.79,-0.28,483.01,113.68,53.59,54.59,99.90,8.48,-0.45,482.25,114.40,53.84,54.86,99.91,8.29,-0.45,483.51,115.81,163.91,167.14,99.90,8.52,-1.17,181.40,177.20
2026-04-15 01:00:00,2026-04-15 01:14:59,Main PF,276.89,558.89,144.13,154.37,94.27,38.81,50.75,277.19,570.79,147.45,157.87,94.23,41.64,50.92,277.77,544.13,140.22,150.73,93.82,40.68,50.71,277.29,557.94,431.80,462.97,94.11,40.38,152.38,490.10,453.90
2026-04-15 01:00:00,2026-04-15 01:14:59,Q12,482.83,228.02,103.78,109.82,95.38,65.49,16.19,483.32,236.54,107.67,113.93,95.39,67.68,16.67,480.22,227.40,101.91,108.89,94.18,66.96,17.88,482.13,230.65,313.37,332.63,94.98,66.71,50.74,336.60,317.10
2026-04-15 01:15:00,2026-04-15 01:29:59,PQM,265.44,627.09,150.33,166.39,90.40,39.82,33.58,304.75,624.43,164.77,190.33,86.64,42.55,58.89,267.87,607.91,137.31,162.94,84.38,41.80,58.90,279.36,619.81,452.41,519.66,87.14,41.39,151.37,660.25,559.59
2026-04-15 01:15:00,2026-04-15 01:29:59,Q08,485.27,117.92,55.83,56.87,99.90,8.11,-0.32,482.47,110.93,52.35,53.23,99.90,7.96,-0.42,482.13,112.38,52.94,53.98,99.89,7.55,-0.87,483.29,113.74,161.12,164.09,99.90,7.88,-1.61,175.70,172.20
2026-04-15 01:15:00,2026-04-15 01:29:59,Main PF,277.13,625.62,158.51,172.99,92.73,36.57,64.77,277.08,639.12,161.92,176.66,92.69,39.51,64.81,277.61,610.08,154.15,168.91,92.21,38.11,64.78,277.27,624.94,474.57,518.56,92.54,38.06,194.37,630.60,559.70
2026-04-15 01:15:00,2026-04-15 01:29:59,Q12,483.29,226.97,103.61,109.48,95.40,62.93,16.28,483.48,234.05,106.78,112.89,95.41,66.21,16.49,480.52,225.62,101.26,108.14,94.60,65.02,17.23,482.43,228.88,311.66,330.51,95.14,64.72,49.99,343.90,324.80
2026-04-15 01:15:00,2026-04-15 01:29:59,Q09,482.66,83.98,38.28,40.29,96.66,74.11,4.90,485.40,87.75,40.16,42.37,96.17,74.01,5.45,481.67,82.39,36.76,39.46,95.06,74.73,5.74,483.24,84.71,115.20,122.12,95.96,74.28,16.09,139.60,132.10
2026-04-15 01:30:00,2026-04-15 01:44:59,Q09,482.17,68.78,31.32,32.97,96.94,73.49,3.85,484.68,72.11,32.82,34.71,96.39,74.47,4.34,480.94,67.21,30.08,32.07,95.46,74.76,4.53,482.60,69.37,94.22,99.75,96.26,74.24,12.72,116.30,110.10
2026-04-15 01:30:00,2026-04-15 01:44:59,PQM,265.06,777.11,182.84,205.92,88.79,37.78,58.24,304.41,781.33,200.81,237.95,84.39,39.77,91.58,267.57,758.14,164.59,202.83,81.14,39.16,89.82,279.01,772.19,548.24,646.69,84.78,38.90,239.65,667.12,566.48
2026-04-15 01:30:00,2026-04-15 01:44:59,Q08,483.76,116.63,55.02,56.12,99.90,7.74,-0.25,482.21,109.06,51.31,52.29,99.90,7.71,-0.47,481.82,110.90,52.25,53.21,99.86,7.37,-0.98,482.60,112.20,158.58,161.62,99.89,7.61,-1.69,169.20,165.40
2026-04-15 01:30:00,2026-04-15 01:44:59,Main PF,276.82,760.51,187.28,210.00,89.71,35.20,92.32,276.73,777.59,191.25,214.64,89.76,37.69,92.48,277.57,744.39,181.88,206.16,89.05,36.04,92.23,277.04,760.83,560.41,630.81,89.51,36.31,277.02,660.20,583.40
2026-04-15 01:30:00,2026-04-15 01:44:59,Q12,482.33,242.30,110.32,116.53,95.45,54.29,17.99,482.89,247.37,112.64,119.14,95.74,57.87,17.52,479.68,239.94,108.33,114.71,95.12,55.53,18.28,481.63,243.20,331.29,350.39,95.44,55.90,53.78,379.30,359.20
2026-04-15 01:45:00,2026-04-15 01:59:59,PQM,265.36,760.91,181.70,202.09,90.02,36.87,50.92,304.73,760.15,198.60,231.87,85.81,39.30,83.19,267.81,735.64,163.19,197.09,83.05,38.79,81.21,279.30,752.23,543.49,631.05,86.29,38.32,215.31,724.30,619.67
2026-04-15 01:45:00,2026-04-15 01:59:59,Q08,485.06,122.58,58.02,59.16,99.90,7.95,-0.29,482.99,114.49,53.92,55.01,99.90,7.82,-0.47,482.40,116.79,54.92,56.08,99.87,7.43,-1.28,483.48,117.95,166.86,170.25,99.89,7.73,-2.04,180.20,177.20
2026-04-15 01:45:00,2026-04-15 01:59:59,Main PF,277.45,695.31,175.18,192.35,92.25,35.49,74.74,277.62,705.28,177.84,195.28,92.14,37.82,74.83,278.00,675.09,169.32,187.15,91.59,36.21,74.79,277.69,691.89,522.33,574.78,91.99,36.51,224.36,688.40,611.50
2026-04-15 01:45:00,2026-04-15 01:59:59,Q12,483.85,263.10,120.01,126.93,95.42,56.45,19.37,484.00,270.04,123.33,130.33,95.63,59.85,19.09,480.66,260.82,117.49,124.99,94.90,57.94,20.04,482.84,264.65,360.83,382.25,95.32,58.08,58.50,391.90,370.60
2026-04-15 01:45:00,2026-04-15 01:59:59,Q09,483.11,70.11,32.01,33.61,97.16,75.89,3.73,485.64,73.42,33.51,35.45,96.47,76.29,4.33,482.05,67.81,30.31,32.39,95.61,76.92,4.46,483.60,70.45,95.83,101.45,96.42,76.37,12.52,118.60,111.00
2026-04-15 02:00:00,2026-04-15 02:14:59,Q09,484.18,73.39,33.58,35.26,97.21,77.71,3.87,486.97,76.95,35.33,37.21,96.53,78.28,4.47,483.74,71.49,32.21,34.39,95.69,78.39,4.59,484.96,73.95,101.13,106.86,96.48,78.13,12.93,131.90,125.00
2026-04-15 02:00:00,2026-04-15 02:14:59,PQM,266.37,621.59,150.94,165.67,91.11,39.12,30.06,305.76,616.66,164.76,188.48,87.42,41.87,55.16,268.81,599.04,137.60,160.94,85.50,41.32,54.61,280.32,612.43,453.30,515.09,88.01,40.77,139.83,536.75,472.12
2026-04-15 02:00:00,2026-04-15 02:14:59,Q08,486.40,122.07,58.03,59.04,99.90,7.94,-0.27,484.39,113.99,53.91,54.91,99.90,8.13,-0.48,484.01,116.42,55.14,56.10,99.86,7.44,-1.23,484.93,117.49,167.08,170.04,99.89,7.84,-1.98,180.50,177.20
2026-04-15 02:00:00,2026-04-15 02:14:59,Main PF,278.19,598.12,155.15,166.06,94.11,36.81,55.35,277.99,604.54,156.75,167.65,93.99,39.65,55.33,278.65,577.30,149.14,160.48,93.59,37.98,55.33,278.28,593.32,461.03,494.20,93.90,38.15,166.02,516.20,482.20
2026-04-15 02:00:00,2026-04-15 02:14:59,Q12,484.60,241.97,110.60,116.96,95.35,62.50,17.56,484.95,249.01,114.05,120.40,95.39,65.40,17.69,482.38,240.80,108.41,115.80,94.67,64.17,18.37,483.98,243.93,333.06,353.16,95.13,64.02,53.62,363.10,342.70
2026-04-15 02:15:00,2026-04-15 02:29:59,PQM,266.00,781.66,186.43,208.07,89.67,37.13,53.86,305.62,787.45,205.99,241.00,85.58,39.37,86.78,268.46,762.99,168.74,205.06,82.44,38.86,86.04,280.03,777.37,561.16,654.13,85.90,38.45,226.68,716.51,608.95
2026-04-15 02:15:00,2026-04-15 02:29:59,Q08,486.03,121.10,57.53,58.52,99.90,7.93,-0.28,484.32,113.21,53.42,54.49,99.90,7.60,-0.47,483.14,115.33,54.41,55.47,99.89,7.38,-1.09,484.50,116.55,165.35,168.49,99.90,7.63,-1.84,181.20,178.20
2026-04-15 02:15:00,2026-04-15 02:29:59,Main PF,277.83,726.68,182.46,201.46,91.39,35.43,81.87,278.05,744.73,187.08,206.60,91.38,37.79,82.43,278.34,711.24,178.24,197.49,90.90,36.35,81.70,278.07,727.55,547.78,605.55,91.23,36.52,246.00,678.70,602.50
2026-04-15 02:15:00,2026-04-15 02:29:59,Q12,484.55,240.75,110.20,116.37,95.76,54.93,17.27,484.43,250.50,114.61,121.02,95.80,57.93,17.57,481.48,239.96,108.07,115.17,94.85,57.00,18.70,483.49,243.74,332.87,352.56,95.47,56.62,53.54,359.30,341.00
2026-04-15 02:15:00,2026-04-15 02:29:59,Q09,483.86,90.12,41.25,43.33,96.44,68.64,5.57,486.54,94.36,42.98,45.62,95.97,69.54,6.16,482.71,88.65,39.68,42.51,94.82,70.28,6.48,484.37,91.04,123.92,131.46,95.74,69.49,18.21,169.00,159.70
2026-04-15 02:30:00,2026-04-15 02:44:59,Q09,484.63,65.38,30.02,31.43,97.72,79.22,3.04,487.75,69.91,32.21,33.84,96.84,79.56,3.81,483.71,63.87,28.75,30.68,95.63,80.91,4.06,485.36,66.39,90.98,95.95,96.73,79.90,10.92,106.70,100.80
2026-04-15 02:30:00,2026-04-15 02:44:59,PQM,266.54,610.54,148.20,163.26,90.80,39.40,30.86,306.14,613.71,164.59,188.62,87.31,41.97,55.47,268.98,595.97,136.09,160.75,84.73,41.41,57.10,280.55,606.74,448.89,512.63,87.61,40.93,143.43,657.13,561.54
2026-04-15 02:30:00,2026-04-15 02:44:59,Q08,486.82,123.41,58.71,59.83,99.90,8.09,-0.26,484.83,115.60,54.76,55.74,99.90,7.93,-0.47,484.14,117.45,55.56,56.51,99.89,7.86,-1.04,485.26,118.82,169.03,172.08,99.90,7.96,-1.77,182.90,179.20
2026-04-15 02:30:00,2026-04-15 02:44:59,Main PF,278.34,591.61,152.61,164.22,93.73,36.66,56.61,278.46,606.55,156.65,168.51,93.76,39.25,56.87,278.76,581.05,149.62,161.61,93.31,37.96,56.60,278.51,593.07,458.88,494.35,93.60,37.96,170.08,649.30,579.00
2026-04-15 02:30:00,2026-04-15 02:44:59,Q12,485.36,238.11,109.03,115.29,95.51,63.13,16.89,485.48,249.34,114.10,120.74,95.54,65.65,17.35,482.31,239.13,107.50,114.99,94.21,64.99,18.87,484.38,242.19,330.62,351.01,95.09,64.59,53.10,360.60,339.90
2026-04-15 02:45:00,2026-04-15 02:59:59,PQM,266.67,567.21,136.92,151.31,90.48,41.23,26.80,306.14,566.81,150.67,173.65,86.77,43.97,50.38,269.10,547.30,124.43,147.31,84.47,43.50,50.70,280.64,560.44,412.02,472.27,87.24,42.90,127.88,494.17,432.94
2026-04-15 02:45:00,2026-04-15 02:59:59,Q08,487.07,117.63,56.04,57.07,99.90,8.56,-0.24,485.03,112.43,53.17,54.28,99.90,8.52,-0.44,484.67,113.17,53.48,54.53,99.90,8.26,-0.54,485.59,114.41,162.69,165.87,99.90,8.45,-1.23,185.30,182.20
2026-04-15 02:45:00,2026-04-15 02:59:59,Main PF,278.56,552.32,143.04,153.39,94.07,38.81,50.89,278.66,562.23,145.73,156.32,94.03,41.76,50.96,278.75,535.22,137.97,148.78,93.54,40.23,50.90,278.65,549.92,426.74,458.48,93.88,40.27,152.75,479.90,447.70
2026-04-15 02:45:00,2026-04-15 02:59:59,Q12,485.52,237.39,108.61,114.92,95.34,65.53,16.94,485.71,246.29,112.96,119.29,95.36,68.61,17.26,482.70,237.13,106.70,114.18,94.32,67.29,18.33,484.64,240.27,328.27,348.39,95.01,67.15,52.54,351.40,331.30
2026-04-15 02:45:00,2026-04-15 02:59:59,Q09,484.92,61.81,28.45,29.74,97.82,81.64,2.80,487.64,64.69,29.83,31.32,96.89,82.05,3.50,484.11,59.62,26.88,28.63,96.09,83.22,3.57,485.55,62.04,85.16,89.68,96.94,82.30,9.86,106.20,100.80
2026-04-15 03:00:00,2026-04-15 03:14:59,Q09,485.02,68.91,31.69,33.18,97.48,79.98,3.38,487.57,72.95,33.37,35.34,96.65,80.06,4.11,483.98,67.06,30.22,32.18,95.57,81.38,4.30,485.52,69.64,95.28,100.69,96.57,80.47,11.79,111.20,104.60
2026-04-15 03:00:00,2026-04-15 03:14:59,PQM,266.51,586.27,141.97,156.53,90.70,40.24,28.64,306.05,589.15,156.68,180.28,86.91,42.96,53.70,268.94,566.68,128.62,152.39,84.40,42.65,53.75,280.50,580.70,427.27,489.19,87.34,41.95,136.08,502.37,439.44
2026-04-15 03:00:00,2026-04-15 03:14:59,Q08,487.21,116.65,55.55,56.57,99.90,8.62,-0.27,485.16,110.50,52.36,53.40,99.90,8.29,-0.47,484.25,111.76,52.83,53.80,99.90,8.05,-0.59,485.54,112.97,160.74,163.77,99.90,8.32,-1.33,179.50,177.20
2026-04-15 03:00:00,2026-04-15 03:14:59,Main PF,278.44,565.25,146.21,156.96,93.91,38.00,52.92,278.64,577.19,149.25,160.39,93.88,40.98,52.92,278.85,547.71,141.24,152.37,93.39,39.44,52.74,278.64,563.38,436.69,469.72,93.72,39.47,158.59,489.30,452.30
2026-04-15 03:00:00,2026-04-15 03:14:59,Q12,485.69,235.69,107.85,114.13,95.38,64.66,16.76,485.37,245.40,112.54,118.83,95.32,67.46,17.32,482.31,235.68,105.95,113.29,94.22,66.56,18.42,484.46,238.92,326.34,346.25,94.97,66.23,52.50,350.50,330.40
2026-04-15 03:15:00,2026-04-15 03:29:59,PQM,266.18,734.86,173.17,196.01,88.39,38.64,55.88,305.85,745.87,191.17,228.38,83.77,40.76,89.10,268.72,716.25,154.43,192.99,80.11,40.43,87.32,280.25,732.33,518.78,617.39,84.09,39.94,232.30,650.63,546.26
2026-04-15 03:15:00,2026-04-15 03:29:59,Q08,486.06,116.47,55.21,56.35,99.90,8.31,-0.25,484.81,110.25,52.20,53.19,99.90,7.95,-0.49,483.84,111.51,52.72,53.72,99.90,7.95,-0.69,484.90,112.74,160.12,163.25,99.90,8.07,-1.42,177.20,173.20
2026-04-15 03:15:00,2026-04-15 03:29:59,Main PF,278.05,723.38,177.06,200.71,88.96,35.91,91.47,278.14,748.70,183.17,207.77,89.06,38.43,91.72,278.31,710.16,172.01,197.20,88.08,37.28,91.35,278.16,727.41,532.24,605.67,88.70,37.21,274.53,624.40,550.30
2026-04-15 03:15:00,2026-04-15 03:29:59,Q12,484.38,225.95,103.20,109.16,95.49,58.30,16.43,484.84,232.90,106.63,112.66,95.55,61.22,16.56,481.74,225.16,101.30,108.19,94.66,60.36,17.55,483.65,228.00,311.13,330.00,95.23,59.96,50.54,337.60,318.10
2026-04-15 03:15:00,2026-04-15 03:29:59,Q09,483.85,65.04,29.72,31.20,97.22,76.12,3.41,487.08,68.71,31.45,33.16,96.60,76.37,3.97,483.14,63.60,28.25,30.44,95.38,77.34,4.25,484.69,65.78,89.42,94.80,96.40,76.61,11.63,108.90,102.30
2026-04-15 03:30:00,2026-04-15 03:44:59,Q09,485.79,74.94,34.49,36.18,97.22,77.75,3.90,488.57,79.39,36.71,38.54,96.52,77.78,4.61,484.47,73.42,33.06,35.30,95.19,78.66,4.96,486.28,75.92,104.26,110.02,96.31,78.06,13.47,126.20,119.20
2026-04-15 03:30:00,2026-04-15 03:44:59,PQM,266.99,594.24,143.80,158.46,90.75,40.48,28.48,306.65,596.00,159.26,182.80,87.12,43.14,53.06,269.46,574.77,131.01,154.84,84.61,42.71,54.11,281.03,588.33,434.06,496.10,87.49,42.11,135.64,510.30,446.32
2026-04-15 03:30:00,2026-04-15 03:44:59,Q08,488.18,121.48,58.05,59.15,99.90,8.67,-0.30,485.69,115.33,54.61,55.72,99.90,8.25,-0.42,484.87,116.28,55.10,56.10,99.90,8.11,-0.57,486.24,117.70,167.75,170.97,99.90,8.34,-1.29,180.70,177.20
2026-04-15 03:30:00,2026-04-15 03:44:59,Main PF,278.76,571.69,148.30,158.98,94.03,38.22,53.08,278.96,586.34,152.36,163.22,94.00,40.91,53.38,279.43,557.91,144.13,155.48,93.56,39.95,53.03,279.05,571.98,444.78,477.68,93.86,39.69,159.49,499.10,461.50
2026-04-15 03:30:00,2026-04-15 03:44:59,Q12,486.47,229.94,105.49,111.57,95.40,65.32,16.33,486.19,240.42,110.25,116.58,95.39,68.04,16.89,483.23,231.57,104.56,111.66,94.08,67.09,18.25,485.30,233.97,320.30,339.80,94.96,66.82,51.47,344.60,324.70
2026-04-15 03:45:00,2026-04-15 03:59:59,PQM,266.90,635.13,153.77,169.60,90.66,40.67,30.53,306.58,639.45,170.96,195.99,87.23,43.22,56.35,269.44,619.09,141.31,166.86,84.68,42.72,58.00,280.97,631.23,466.04,532.44,87.52,42.20,144.89,562.81,497.27
2026-04-15 03:45:00,2026-04-15 03:59:59,Q08,488.03,116.86,55.71,56.74,99.90,8.40,-0.29,485.48,111.31,52.87,53.79,99.90,8.04,-0.42,485.04,112.28,53.09,54.19,99.89,7.83,-0.57,486.19,113.48,161.68,164.73,99.90,8.09,-1.28,173.50,170.20
2026-04-15 03:45:00,2026-04-15 03:59:59,Main PF,278.64,614.27,158.61,170.69,93.83,38.16,58.16,278.74,630.31,163.22,175.25,93.85,40.63,58.36,279.32,600.68,154.95,167.32,93.38,39.56,58.18,278.90,615.09,476.78,513.26,93.68,39.45,174.70,537.70,498.40
2026-04-15 03:45:00,2026-04-15 03:59:59,Q12,485.79,228.54,104.73,110.77,95.45,63.22,16.32,486.19,239.29,109.80,116.10,95.54,65.98,16.54,483.37,228.91,103.26,110.38,94.44,65.05,17.78,485.12,232.25,317.79,337.25,95.14,64.75,50.63,342.00,321.90
2026-04-15 03:45:00,2026-04-15 03:59:59,Q09,485.66,106.68,48.86,51.56,96.24,66.90,6.87,488.28,112.26,51.59,54.55,95.94,68.08,7.43,484.12,105.57,47.34,50.87,94.67,68.04,7.92,486.02,108.17,147.78,156.98,95.62,67.67,22.21,186.90,175.80
2026-04-15 04:00:00,2026-04-15 04:14:59,Q09,484.67,96.83,44.38,46.69,96.52,71.36,5.92,487.64,102.49,47.02,49.70,96.08,71.35,6.58,483.81,95.62,42.84,46.02,94.69,71.69,7.07,485.37,98.31,134.24,142.41,95.76,71.47,19.57,183.50,172.90
2026-04-15 04:00:00,2026-04-15 04:14:59,PQM,266.50,627.39,152.15,167.26,90.96,39.41,30.84,306.09,630.99,168.55,193.20,87.24,41.98,57.36,268.98,607.49,138.45,163.51,84.67,41.78,57.94,280.52,621.96,459.15,523.97,87.63,41.06,146.15,540.73,474.97
2026-04-15 04:00:00,2026-04-15 04:14:59,Q08,486.97,116.11,55.23,56.30,99.90,8.72,-0.25,484.94,111.31,52.59,53.71,99.90,8.38,-0.45,484.24,111.87,53.01,53.98,99.90,8.24,-0.39,485.38,113.09,160.83,163.98,99.90,8.45,-1.08,174.10,171.20
2026-04-15 04:00:00,2026-04-15 04:14:59,Main PF,278.30,604.76,156.26,167.82,93.86,37.58,56.93,278.35,619.44,160.28,172.04,93.89,40.36,56.93,278.69,587.60,151.41,163.37,93.33,39.13,56.90,278.45,603.94,467.95,503.22,93.70,39.02,170.75,518.90,485.30
2026-04-15 04:00:00,2026-04-15 04:14:59,Q12,485.59,230.48,105.63,111.59,95.57,63.75,16.17,485.56,241.56,110.69,117.03,95.48,66.16,16.81,482.23,229.38,103.31,110.27,94.27,66.13,18.00,484.46,233.81,319.63,338.89,95.11,65.35,50.97,340.70,321.00
2026-04-15 04:15:00,2026-04-15 04:29:59,PQM,266.08,620.16,149.61,164.91,90.71,40.02,30.52,305.65,626.58,167.35,191.65,87.32,42.48,55.53,268.53,605.72,137.69,162.80,84.58,41.92,57.60,280.09,617.48,454.64,519.36,87.54,41.47,143.65,555.00,487.78
2026-04-15 04:15:00,2026-04-15 04:29:59,Q08,486.41,114.11,54.12,55.28,99.90,8.80,-0.28,484.30,108.77,51.44,52.39,99.90,8.35,-0.46,483.57,110.13,51.94,52.99,99.90,8.38,-0.40,484.76,111.00,157.50,160.67,99.90,8.51,-1.15,172.80,170.20
2026-04-15 04:15:00,2026-04-15 04:29:59,Main PF,277.80,599.58,154.14,166.15,93.69,37.76,57.49,278.13,619.13,160.04,171.85,93.83,40.16,57.47,278.52,591.71,152.11,164.39,93.33,38.91,57.32,278.15,603.47,466.29,502.39,93.62,38.94,172.27,526.80,486.50
2026-04-15 04:15:00,2026-04-15 04:29:59,Q12,484.84,227.84,104.22,110.14,95.69,63.86,15.79,484.80,238.86,109.27,115.60,95.44,66.62,16.77,481.72,228.21,102.52,109.62,94.23,66.84,17.88,483.79,231.64,316.02,335.35,95.12,65.77,50.44,337.90,318.20
2026-04-15 04:15:00,2026-04-15 04:29:59,Q09,484.34,95.39,43.59,45.85,96.46,72.12,5.76,487.08,101.25,46.51,49.04,96.01,72.15,6.49,482.85,94.22,41.98,45.19,94.36,72.88,7.11,484.75,96.95,132.08,140.09,95.61,72.38,19.37,151.50,142.50
2026-04-15 04:30:00,2026-04-15 04:44:59,Q09,483.97,88.07,40.40,42.37,96.78,72.73,5.05,486.44,93.50,42.88,45.26,96.16,73.04,5.83,482.48,86.35,38.67,41.41,94.68,73.61,6.30,484.30,89.31,121.95,129.03,95.87,73.13,17.18,157.20,148.20
2026-04-15 04:30:00,2026-04-15 04:44:59,PQM,266.04,619.35,149.57,164.65,90.84,39.39,31.05,305.54,622.73,165.92,190.38,87.15,41.93,56.91,268.43,600.27,136.27,161.20,84.54,41.57,57.73,280.01,614.11,451.75,516.22,87.51,40.96,145.69,538.32,470.67
2026-04-15 04:30:00,2026-04-15 04:44:59,Q08,486.03,113.94,54.08,55.09,99.90,8.76,-0.26,484.22,109.02,51.39,52.56,99.90,8.51,-0.48,482.93,110.05,51.88,52.91,99.90,8.58,-0.35,484.39,111.00,157.35,160.56,99.90,8.61,-1.09,170.80,167.30
2026-04-15 04:30:00,2026-04-15 04:44:59,Main PF,277.78,604.61,155.81,167.60,93.74,36.90,57.51,277.81,618.55,159.43,171.39,93.71,39.71,57.91,278.24,587.27,150.63,163.00,93.20,38.41,57.54,277.94,603.48,465.86,501.99,93.55,38.34,172.96,532.00,491.10
2026-04-15 04:30:00,2026-04-15 04:44:59,Q12,484.20,229.38,104.72,110.80,95.64,63.79,16.01,484.35,239.83,109.47,115.84,95.50,66.37,16.76,481.48,229.41,102.85,110.08,94.34,66.41,17.87,483.34,232.88,317.04,336.71,95.16,65.52,50.64,343.20,323.70
2026-04-15 04:45:00,2026-04-15 04:59:59,PQM,265.94,601.73,145.18,159.81,90.85,39.81,29.07,305.35,601.71,159.99,183.69,87.10,42.52,54.23,268.35,579.77,132.04,155.64,84.84,42.02,54.17,279.88,594.40,437.21,499.14,87.60,41.45,137.47,571.63,497.67
2026-04-15 04:45:00,2026-04-15 04:59:59,Q08,485.62,119.84,56.74,57.88,99.90,8.61,-0.25,483.54,112.96,53.37,54.33,99.90,8.31,-0.46,483.31,114.56,54.09,55.11,99.89,8.14,-0.76,484.16,115.79,164.19,167.32,99.90,8.35,-1.47,183.00,179.20
2026-04-15 04:45:00,2026-04-15 04:59:59,Main PF,277.54,592.77,153.12,164.16,93.90,36.86,55.77,277.93,603.49,155.78,167.36,93.78,39.72,56.10,278.00,573.96,147.42,159.20,93.39,38.14,55.68,277.83,590.07,456.32,490.72,93.69,38.24,167.55,546.80,503.20
2026-04-15 04:45:00,2026-04-15 04:59:59,Q12,483.98,228.86,104.45,110.44,95.48,65.26,16.11,484.15,238.43,108.77,115.12,95.42,67.69,16.62,481.56,227.96,102.21,109.52,94.37,66.75,17.63,483.23,231.75,315.43,335.07,95.09,66.57,50.35,339.80,320.90
2026-04-15 04:45:00,2026-04-15 04:59:59,Q09,483.93,73.12,33.71,35.16,97.54,77.22,3.75,486.36,77.06,35.34,37.24,96.61,77.96,4.55,482.66,70.62,31.78,33.85,95.59,79.04,4.71,484.32,73.60,100.82,106.25,96.58,78.07,13.01,174.80,164.30
2026-04-15 05:00:00,2026-04-15 05:14:59,Q09,481.79,111.27,50.77,53.40,96.38,57.37,7.35,484.19,115.46,52.47,55.66,95.83,59.19,8.04,480.88,108.26,48.73,51.82,95.07,59.32,8.16,482.29,111.66,151.97,160.87,95.76,58.63,23.55,183.00,174.10
2026-04-15 05:00:00,2026-04-15 05:14:59,PQM,264.94,804.61,190.11,213.29,89.13,37.74,58.12,304.45,814.02,209.89,248.17,84.57,39.91,94.27,267.43,782.04,169.89,209.34,81.15,39.59,91.95,278.94,800.22,569.89,670.80,84.95,39.08,244.34,694.12,593.17
2026-04-15 05:00:00,2026-04-15 05:14:59,Q08,483.82,121.43,57.48,58.51,99.90,7.84,-0.26,482.16,113.06,53.29,54.32,99.90,7.65,-0.48,481.56,115.09,53.98,55.16,99.85,7.46,-1.24,482.51,116.53,164.75,167.99,99.88,7.65,-1.98,182.70,179.20
2026-04-15 05:00:00,2026-04-15 05:14:59,Main PF,276.74,783.81,193.05,216.33,89.80,35.09,95.12,276.86,807.50,199.22,223.08,89.89,37.51,95.39,277.14,766.91,187.08,211.99,88.93,36.26,95.23,276.92,786.07,579.35,651.40,89.54,36.29,285.74,693.00,619.70
2026-04-15 05:00:00,2026-04-15 05:14:59,Q12,482.55,222.87,101.64,107.22,95.78,55.00,15.81,482.63,230.51,105.01,110.94,95.72,58.15,16.25,479.51,221.34,99.39,105.87,94.90,57.25,17.01,481.56,224.90,306.04,324.04,95.47,56.80,49.07,328.30,309.70
2026-04-15 05:15:00,2026-04-15 05:29:59,PQM,264.84,713.93,168.56,188.97,89.27,39.62,46.73,304.32,724.10,186.43,220.22,84.77,41.81,79.61,267.22,690.94,150.14,184.40,81.58,41.57,77.32,278.79,709.66,505.12,593.58,85.21,41.00,203.66,655.53,556.50
2026-04-15 05:15:00,2026-04-15 05:29:59,Q08,484.08,123.05,58.11,59.30,99.90,7.88,-0.32,481.98,114.48,53.82,54.88,99.90,7.86,-0.48,481.07,116.99,54.93,56.01,99.86,7.86,-1.30,482.38,118.17,166.86,170.19,99.89,7.87,-2.09,180.30,177.20
2026-04-15 05:15:00,2026-04-15 05:29:59,Main PF,276.72,686.60,171.23,189.62,91.43,36.49,77.14,276.77,711.26,177.86,196.42,91.49,39.05,77.27,276.92,666.90,165.58,184.39,90.57,37.86,77.26,276.80,688.25,514.66,570.42,91.16,37.80,231.66,642.50,569.40
2026-04-15 05:15:00,2026-04-15 05:29:59,Q12,482.56,228.83,104.34,110.07,95.85,59.65,15.78,482.55,237.13,107.89,114.09,95.39,62.51,17.05,479.63,225.42,100.93,107.82,94.47,62.64,17.64,481.58,230.46,313.16,331.98,95.24,61.60,50.48,342.90,323.80
2026-04-15 05:15:00,2026-04-15 05:29:59,Q09,481.95,78.10,35.44,37.29,96.92,72.73,4.38,484.33,83.01,37.90,39.99,96.05,72.99,5.23,480.59,76.49,33.75,36.50,94.78,74.12,5.48,482.29,79.20,107.09,113.78,95.92,73.28,15.09,125.20,116.80
2026-04-15 05:30:00,2026-04-15 05:44:59,Q09,481.89,64.69,29.55,30.96,97.89,79.91,2.89,484.34,69.18,31.43,33.33,96.59,80.15,3.90,480.72,62.05,27.64,29.61,95.57,82.52,3.97,482.32,65.31,88.62,93.90,96.69,80.86,10.76,107.30,102.80
2026-04-15 05:30:00,2026-04-15 05:44:59,PQM,264.87,583.06,140.61,154.51,91.00,39.87,26.75,304.16,586.93,155.77,178.65,87.19,42.32,52.62,267.18,561.92,127.18,150.08,84.74,42.19,52.37,278.74,577.31,423.56,483.24,87.65,41.46,131.75,505.10,443.05
2026-04-15 05:30:00,2026-04-15 05:44:59,Q08,484.06,118.85,56.19,57.20,99.90,8.81,-0.29,481.29,112.34,52.77,53.81,99.90,8.36,-0.43,481.19,113.34,53.36,54.25,99.89,8.31,-0.80,482.18,114.85,162.32,165.26,99.90,8.50,-1.53,175.30,172.20
2026-04-15 05:30:00,2026-04-15 05:44:59,Main PF,276.57,562.32,144.80,155.17,94.11,37.22,52.28,276.83,578.81,149.25,159.90,94.14,39.71,52.26,276.93,545.66,139.72,150.75,93.55,38.57,52.16,276.78,562.26,433.77,465.83,93.93,38.50,156.69,492.80,456.70
2026-04-15 05:30:00,2026-04-15 05:44:59,Q12,482.60,231.25,105.38,111.34,95.58,65.75,16.06,482.53,242.31,110.20,116.57,95.39,67.81,17.07,479.16,231.29,103.04,110.51,93.97,68.18,18.45,481.43,234.95,318.62,338.42,94.98,67.25,51.58,343.20,323.80
2026-04-15 05:45:00,2026-04-15 05:59:59,PQM,264.58,614.22,146.89,162.26,90.62,39.75,31.66,303.88,618.93,162.97,187.93,86.90,42.17,57.76,266.95,594.73,133.48,158.61,84.40,41.74,57.62,278.47,609.29,443.33,508.79,87.31,41.22,147.05,643.54,548.18
2026-04-15 05:45:00,2026-04-15 05:59:59,Q08,483.28,120.95,57.24,58.20,99.90,8.57,-0.27,480.96,113.72,53.29,54.43,99.90,8.09,-0.46,480.57,114.84,53.96,54.89,99.90,8.38,-0.86,481.60,116.50,164.49,167.52,99.90,8.35,-1.58,185.40,182.20
2026-04-15 05:45:00,2026-04-15 05:59:59,Main PF,276.42,592.17,150.95,163.26,93.42,37.19,58.22,276.39,607.61,154.95,167.60,93.42,39.79,58.55,276.65,574.67,145.37,158.58,92.87,38.48,58.16,276.49,591.48,451.27,489.44,93.24,38.49,174.93,626.70,554.20
2026-04-15 05:45:00,2026-04-15 05:59:59,Q12,481.82,228.02,103.66,109.50,95.73,61.10,15.85,481.21,237.76,107.80,114.11,95.52,63.94,16.83,478.25,228.71,101.88,109.07,94.26,63.50,18.04,480.43,231.49,313.34,332.68,95.17,62.85,50.72,341.40,321.90
2026-04-15 05:45:00,2026-04-15 05:59:59,Q09,481.58,63.59,28.96,30.33,97.86,78.89,2.87,483.63,68.12,30.84,32.71,96.65,78.54,3.84,479.79,60.74,26.90,28.95,95.52,81.31,3.95,481.67,64.15,86.71,91.99,96.68,79.58,10.67,104.70,98.60
2026-04-15 06:00:00,2026-04-15 06:14:59,Q09,480.62,61.93,27.91,29.48,97.49,76.85,3.08,483.29,65.72,29.69,31.54,96.57,76.66,3.84,479.94,60.22,26.71,28.69,95.24,78.36,4.08,481.28,62.62,84.31,89.71,96.43,77.29,11.00,102.60,96.70
2026-04-15 06:00:00,2026-04-15 06:14:59,PQM,264.08,751.76,176.05,197.77,89.02,38.76,53.00,303.51,770.48,197.21,233.15,84.59,40.42,87.96,266.62,735.76,157.33,195.49,80.49,40.71,87.02,278.07,752.66,530.60,626.41,84.70,39.96,227.99,646.20,551.16
2026-04-15 06:00:00,2026-04-15 06:14:59,Q08,482.26,119.57,56.29,57.46,99.90,8.09,-0.27,480.75,115.02,53.91,54.96,99.90,7.73,-0.49,479.71,115.24,53.97,55.03,99.90,8.05,-0.33,480.91,116.61,164.17,167.45,99.90,7.96,-1.09,179.10,175.20
2026-04-15 06:00:00,2026-04-15 06:14:59,Main PF,275.67,723.44,177.79,198.86,89.88,36.26,87.60,275.93,755.08,186.29,207.97,90.24,38.36,87.59,276.03,710.70,173.06,195.69,89.13,37.67,87.23,275.87,729.74,537.14,602.51,89.75,37.43,262.41,625.50,559.60
2026-04-15 06:00:00,2026-04-15 06:14:59,Q12,481.06,223.19,101.37,107.03,95.81,56.38,15.77,481.49,234.22,106.44,112.49,95.71,58.47,16.54,477.79,223.57,99.84,106.62,94.37,59.08,18.04,480.11,226.99,307.66,326.14,95.30,57.98,50.35,330.50,311.40
2026-04-15 06:15:00,2026-04-15 06:29:59,PQM,264.89,604.47,145.59,160.18,90.89,39.26,30.13,304.34,618.46,164.73,188.32,87.47,41.19,56.14,267.41,593.59,133.69,158.89,84.14,41.44,58.50,278.88,605.51,444.00,507.39,87.50,40.63,144.78,527.20,463.07
2026-04-15 06:15:00,2026-04-15 06:29:59,Q08,484.16,113.02,53.47,54.42,99.90,8.65,-0.30,481.96,109.66,51.49,52.55,99.90,8.13,-0.45,481.04,109.16,51.19,52.17,99.90,8.56,-0.00,482.38,110.62,156.15,159.14,99.90,8.45,-0.75,173.30,170.20
2026-04-15 06:15:00,2026-04-15 06:29:59,Main PF,276.65,581.74,149.13,160.53,93.63,36.98,56.06,276.76,607.83,156.16,167.76,93.83,39.19,56.51,277.33,576.14,147.31,159.42,93.22,38.54,56.12,276.91,588.57,452.61,487.71,93.56,38.24,168.69,515.20,475.40
2026-04-15 06:15:00,2026-04-15 06:29:59,Q12,482.44,229.94,104.56,110.64,95.68,64.29,15.94,482.61,242.44,110.21,116.62,95.59,65.84,16.92,479.49,233.31,103.19,111.51,93.79,66.82,18.95,481.51,235.23,317.96,338.78,95.02,65.65,51.82,344.90,324.50
2026-04-15 06:15:00,2026-04-15 06:29:59,Q09,482.00,74.74,34.13,35.74,97.28,76.79,3.85,484.65,79.79,36.48,38.45,96.46,76.45,4.72,480.69,73.20,32.44,34.88,94.80,78.08,5.18,482.45,75.91,103.05,109.06,96.18,77.11,13.76,129.80,123.00
2026-04-15 06:30:00,2026-04-15 06:44:59,Q09,480.78,87.19,39.56,41.62,96.69,73.40,5.11,483.67,93.24,42.41,44.83,96.24,73.11,5.82,479.82,86.92,38.56,41.51,94.38,74.52,6.53,481.43,89.12,120.53,127.95,95.77,73.68,17.45,161.70,152.60
2026-04-15 06:30:00,2026-04-15 06:44:59,PQM,264.25,609.90,146.72,161.14,91.04,39.95,27.40,303.55,625.87,167.04,189.87,87.97,41.68,52.97,266.74,602.35,135.98,160.55,84.69,42.02,56.33,278.18,612.70,449.73,511.56,87.90,41.22,136.71,533.69,470.35
2026-04-15 06:30:00,2026-04-15 06:44:59,Q08,482.54,115.29,54.45,55.38,99.90,8.54,-0.24,480.98,111.21,52.19,53.24,99.90,8.19,-0.49,480.48,111.60,52.14,53.30,99.90,8.58,-0.31,481.33,112.70,158.77,161.92,99.90,8.44,-1.03,175.00,172.20
2026-04-15 06:30:00,2026-04-15 06:44:59,Main PF,276.01,594.30,152.45,163.64,93.94,37.69,55.75,276.36,621.04,159.88,171.15,94.24,39.56,55.73,276.54,588.59,150.68,162.41,93.62,39.25,55.63,276.31,601.31,463.01,497.20,93.93,38.83,167.12,519.80,481.70
2026-04-15 06:30:00,2026-04-15 06:44:59,Q12,481.41,229.01,103.89,109.97,95.69,62.88,15.95,481.84,243.23,110.48,116.86,95.69,64.35,16.75,478.56,232.54,102.88,110.98,93.88,64.86,18.88,480.60,234.93,317.25,337.81,95.09,64.03,51.58,342.00,321.70
2026-04-15 06:45:00,2026-04-15 06:59:59,PQM,264.66,611.95,147.44,162.10,90.95,38.90,30.96,304.04,621.19,165.97,189.06,87.79,40.98,55.16,267.32,603.60,137.08,161.61,84.83,40.88,57.87,278.67,612.25,450.49,512.77,87.86,40.25,143.98,535.18,469.56
2026-04-15 06:45:00,2026-04-15 06:59:59,Q08,483.73,115.20,54.48,55.43,99.90,8.47,-0.30,481.67,110.49,51.93,53.01,99.90,7.98,-0.45,480.92,110.72,51.99,52.97,99.90,8.26,-0.22,482.11,112.14,158.39,161.41,99.90,8.24,-0.97,175.50,172.20
2026-04-15 06:45:00,2026-04-15 06:59:59,Main PF,276.43,587.79,150.64,162.12,93.66,36.56,56.55,276.73,608.89,156.68,168.18,93.88,38.79,56.58,277.11,584.39,149.64,161.56,93.40,37.89,56.43,276.76,593.69,456.96,491.85,93.65,37.75,169.56,522.40,483.70
2026-04-15 06:45:00,2026-04-15 06:59:59,Q12,481.85,228.63,103.94,109.86,95.39,64.32,16.37,482.60,240.98,109.69,116.02,95.75,65.88,16.44,479.03,233.08,103.83,111.31,94.00,65.93,18.70,481.16,234.23,317.46,337.18,95.05,65.37,51.51,342.50,322.80
2026-04-15 06:45:00,2026-04-15 06:59:59,Q09,481.66,79.44,36.15,37.98,96.84,75.90,4.49,484.59,84.99,38.79,40.96,96.53,75.46,5.01,480.68,79.46,35.16,37.94,94.73,76.52,5.70,482.31,81.30,110.11,116.88,96.03,75.96,15.19,132.40,124.90
2026-04-15 07:00:00,2026-04-15 07:14:59,Q09,480.94,71.44,32.38,34.05,97.23,76.81,3.81,483.46,75.64,34.29,36.31,96.48,76.70,4.52,479.93,69.25,30.58,32.99,95.00,78.45,4.92,481.45,72.11,97.25,103.35,96.24,77.32,13.25,143.60,134.80
2026-04-15 07:00:00,2026-04-15 07:14:59,PQM,264.34,656.34,157.36,177.02,89.28,37.36,40.78,303.68,667.85,175.91,206.63,85.58,39.51,69.11,266.90,644.15,143.46,175.70,82.22,39.45,69.68,278.31,656.12,476.73,559.35,85.69,38.77,179.57,711.09,540.91
2026-04-15 07:00:00,2026-04-15 07:14:59,Q08,483.18,112.81,53.22,54.17,99.90,8.63,-0.29,481.26,109.48,51.43,52.44,99.90,8.24,-0.45,480.28,108.87,51.09,52.03,99.91,8.42,-0.10,481.57,110.39,155.74,158.64,99.90,8.43,-0.85,169.20,166.30
2026-04-15 07:00:00,2026-04-15 07:14:59,Main PF,276.09,621.11,157.12,170.95,92.77,36.41,64.17,276.20,643.61,163.11,177.29,92.94,38.47,64.39,276.74,612.80,154.83,169.19,92.33,37.86,64.12,276.34,625.84,475.06,517.43,92.68,37.58,192.68,623.00,549.50
2026-04-15 07:00:00,2026-04-15 07:14:59,Q12,481.66,231.40,105.16,111.21,95.50,60.69,16.57,482.03,243.06,110.48,116.83,95.66,62.66,16.95,478.58,234.18,104.04,111.75,94.09,62.97,18.87,480.76,236.22,319.69,339.79,95.08,62.11,52.40,347.20,326.40
2026-04-15 07:15:00,2026-04-15 07:29:59,PQM,263.99,720.24,169.60,190.29,89.22,37.97,51.12,303.36,736.84,190.11,223.52,85.19,39.74,82.99,266.62,711.25,153.80,189.54,81.35,39.79,83.07,277.99,722.78,513.51,603.34,85.25,39.17,217.18,680.83,576.92
2026-04-15 07:15:00,2026-04-15 07:29:59,Q08,482.13,113.59,53.42,54.43,99.90,8.08,-0.30,480.57,108.66,50.96,52.02,99.90,7.76,-0.46,479.54,109.31,51.09,52.14,99.90,8.01,-0.27,480.75,110.52,155.48,158.59,99.90,7.95,-1.03,170.30,166.30
2026-04-15 07:15:00,2026-04-15 07:29:59,Main PF,275.78,691.81,170.38,190.26,90.33,35.42,82.61,275.74,721.35,178.46,198.57,90.63,37.40,83.00,276.47,687.62,168.43,189.67,89.79,36.55,82.45,276.00,700.26,517.27,578.49,90.25,36.46,248.06,655.60,573.30
2026-04-15 07:15:00,2026-04-15 07:29:59,Q12,480.65,229.72,104.06,110.08,95.58,58.36,16.54,480.92,240.79,109.09,115.46,95.72,60.25,16.82,477.64,232.95,103.75,110.88,94.30,60.49,18.60,479.74,234.49,316.91,336.42,95.20,59.70,51.96,350.60,330.40
2026-04-15 07:15:00,2026-04-15 07:29:59,Q09,480.25,59.98,27.21,28.57,97.59,78.71,2.88,482.98,63.65,28.63,30.52,96.76,78.58,3.55,479.49,58.63,25.92,27.87,95.49,80.70,3.81,480.91,60.75,81.76,86.96,96.61,79.33,10.24,98.80,94.00
2026-04-15 07:30:00,2026-04-15 07:44:59,Q09,481.56,70.00,31.99,33.42,97.26,79.14,3.62,484.97,74.94,34.21,36.06,96.76,78.72,4.19,481.15,69.52,30.98,33.19,95.16,80.58,4.70,482.56,71.49,97.19,102.67,96.39,79.48,12.51,121.00,114.40
2026-04-15 07:30:00,2026-04-15 07:44:59,PQM,264.89,588.29,141.17,155.85,90.59,40.62,28.04,304.29,600.09,159.96,182.57,87.62,42.54,51.24,267.58,582.81,131.70,155.91,84.47,42.49,54.89,278.92,590.40,432.84,494.33,87.56,41.89,134.16,513.88,448.53
2026-04-15 07:30:00,2026-04-15 07:44:59,Q08,483.81,113.02,53.31,54.34,99.90,8.43,-0.28,481.99,108.28,50.83,51.90,99.90,8.40,-0.46,481.21,108.51,50.98,52.03,99.90,8.33,-0.30,482.34,109.94,155.12,158.27,99.90,8.39,-1.03,173.50,170.20
2026-04-15 07:30:00,2026-04-15 07:44:59,Main PF,276.63,570.31,146.33,157.50,93.73,38.14,54.14,276.84,591.93,152.10,163.44,93.97,40.07,54.35,277.37,567.89,145.67,157.04,93.51,39.30,54.03,276.95,576.71,444.10,477.98,93.74,39.17,162.52,500.40,463.10
2026-04-15 07:30:00,2026-04-15 07:44:59,Q12,482.24,237.46,107.92,114.09,95.35,63.35,17.04,482.75,249.63,113.71,120.17,95.67,65.36,17.11,479.59,241.13,107.44,115.32,94.04,65.66,19.27,481.53,242.74,329.06,349.57,95.02,64.79,53.42,352.10,331.30
2026-04-15 07:45:00,2026-04-15 07:59:59,PQM,264.90,594.04,142.67,157.47,90.60,41.07,27.70,304.28,602.04,160.74,183.32,87.68,43.31,50.05,267.67,588.74,133.71,157.66,84.81,43.08,53.81,278.95,594.94,437.12,498.45,87.70,42.49,131.57,521.86,457.24
2026-04-15 07:45:00,2026-04-15 07:59:59,Q08,484.06,114.57,54.10,55.14,99.90,8.26,-0.27,482.31,110.24,51.96,52.85,99.90,7.99,-0.44,481.76,110.68,52.06,53.04,99.91,7.96,-0.27,482.71,111.83,158.12,161.02,99.90,8.07,-0.98,173.50,170.20
2026-04-15 07:45:00,2026-04-15 07:59:59,Main PF,276.58,579.25,148.93,159.81,94.14,38.88,53.13,276.95,598.51,154.59,165.40,94.30,40.89,53.40,277.37,575.80,148.42,159.32,93.95,40.24,53.09,276.97,584.52,451.94,484.53,94.13,40.00,159.62,521.30,488.70
2026-04-15 07:45:00,2026-04-15 07:59:59,Q12,482.26,237.76,108.11,114.27,95.22,62.58,17.48,483.19,247.37,112.81,119.16,95.84,64.16,16.82,479.92,241.21,108.06,115.46,94.29,63.66,19.16,481.79,242.11,328.97,348.90,95.12,63.46,53.46,352.00,332.60
2026-04-15 07:45:00,2026-04-15 07:59:59,Q09,481.94,73.83,33.67,35.36,96.98,77.79,4.02,484.84,78.42,35.96,37.74,96.74,77.80,4.44,481.35,73.39,32.83,35.05,95.11,79.19,5.05,482.71,75.21,102.46,108.15,96.27,78.26,13.50,125.70,118.30
2026-04-15 08:00:00,2026-04-15 08:14:59,Q09,481.57,56.52,25.93,26.97,97.87,83.37,2.51,484.41,60.42,27.59,29.04,97.41,82.94,2.97,480.96,56.24,25.04,26.77,95.89,84.87,3.43,482.31,57.73,78.56,82.78,97.06,83.72,8.91,114.20,107.70
2026-04-15 08:00:00,2026-04-15 08:14:59,PQM,264.66,589.60,141.91,155.95,90.99,39.14,29.10,303.91,594.28,158.75,180.57,87.91,41.58,51.07,267.49,582.56,132.86,155.86,85.24,41.24,53.94,278.69,588.81,433.51,492.39,88.05,40.66,134.11,510.25,449.00
2026-04-15 08:00:00,2026-04-15 08:14:59,Q08,483.42,117.07,55.34,56.34,99.90,8.34,-0.28,481.65,112.41,52.87,53.92,99.90,8.22,-0.44,481.19,112.44,52.71,53.79,99.90,7.94,-0.39,482.09,113.97,160.92,164.05,99.90,8.16,-1.11,178.10,175.20
2026-04-15 08:00:00,2026-04-15 08:14:59,Main PF,276.32,566.53,145.81,156.16,93.95,36.99,53.13,276.60,582.18,149.87,160.66,94.09,39.07,53.24,277.32,564.14,145.44,156.09,93.80,38.04,53.03,276.75,570.95,441.13,472.91,93.94,38.03,159.40,489.60,455.40
2026-04-15 08:00:00,2026-04-15 08:14:59,Q12,481.86,242.70,109.66,116.65,94.97,64.58,18.05,482.58,251.96,114.56,121.19,95.80,66.52,17.01,479.64,246.53,110.40,117.99,94.19,65.12,19.55,481.36,247.06,334.62,355.83,94.99,65.41,54.61,359.30,338.00
2026-04-15 08:15:00,2026-04-15 08:29:59,PQM,264.75,598.48,143.65,158.20,90.80,40.37,27.57,304.06,605.90,162.35,184.24,88.12,42.66,48.55,267.65,596.20,136.11,159.51,85.33,42.13,53.47,278.82,600.19,442.11,501.94,88.08,41.72,129.59,525.07,461.85
2026-04-15 08:15:00,2026-04-15 08:29:59,Q08,483.69,122.32,57.82,58.89,99.90,7.98,-0.29,481.92,116.35,54.81,55.74,99.90,7.91,-0.44,481.21,117.14,55.03,56.06,99.90,7.77,-0.58,482.27,118.60,167.66,170.69,99.90,7.88,-1.30,184.60,182.20
2026-04-15 08:15:00,2026-04-15 08:29:59,Main PF,276.50,577.80,148.64,159.28,94.17,37.49,53.22,276.77,598.47,154.68,165.24,94.35,39.78,53.35,277.06,577.65,148.84,159.59,94.07,38.69,53.14,276.78,584.64,452.16,484.10,94.19,38.65,159.71,507.60,470.60
2026-04-15 08:15:00,2026-04-15 08:29:59,Q12,481.92,241.17,109.41,115.87,95.04,62.72,17.94,482.72,249.98,114.51,120.38,95.97,64.50,16.63,479.43,244.64,109.41,116.91,94.35,62.93,19.33,481.36,245.26,333.32,353.17,95.12,63.38,53.90,356.40,335.40
2026-04-15 08:15:00,2026-04-15 08:29:59,Q09,481.19,71.39,32.52,34.13,97.02,78.09,3.85,484.94,76.43,35.05,36.85,97.04,78.06,4.10,480.79,71.73,31.98,34.22,95.25,79.06,4.85,482.31,73.18,99.55,105.20,96.44,78.41,12.79,118.90,111.60
2026-04-15 08:30:00,2026-04-15 08:44:59,Q09,480.02,69.99,31.69,33.34,96.66,76.02,4.03,483.74,73.82,33.72,35.46,96.93,75.56,4.07,479.98,70.64,31.66,33.65,95.31,75.72,4.79,481.25,71.48,97.07,102.44,96.30,75.76,12.88,108.20,102.70
2026-04-15 08:30:00,2026-04-15 08:44:59,PQM,264.04,739.19,174.00,195.28,89.19,38.34,51.92,303.35,750.72,195.50,227.94,85.89,40.27,79.75,267.06,738.77,161.78,197.33,82.15,39.78,83.37,278.15,742.89,531.28,620.55,85.75,39.46,215.05,679.46,576.61
2026-04-15 08:30:00,2026-04-15 08:44:59,Q08,482.27,120.86,57.07,58.08,99.90,7.58,-0.27,481.13,113.94,53.51,54.51,99.90,7.81,-0.44,480.69,115.64,54.33,55.26,99.89,7.26,-0.91,481.36,116.81,164.91,167.85,99.90,7.55,-1.61,186.40,184.10
2026-04-15 08:30:00,2026-04-15 08:44:59,Main PF,275.78,712.59,175.60,196.09,90.40,36.39,83.68,275.90,736.61,182.51,202.74,90.79,38.19,84.06,276.76,716.00,177.10,197.86,90.27,37.16,83.69,276.15,721.74,535.20,596.68,90.49,37.24,251.42,661.30,585.10
2026-04-15 08:30:00,2026-04-15 08:44:59,Q12,480.57,237.37,107.16,113.75,94.98,58.00,18.17,481.72,243.19,111.31,116.83,96.03,60.56,16.35,478.52,240.75,107.90,114.83,94.81,58.01,18.58,480.27,240.44,326.36,345.40,95.27,58.85,53.10,356.40,335.10
2026-04-15 08:45:00,2026-04-15 08:59:59,PQM,264.30,679.81,161.40,179.25,90.16,38.24,41.71,303.52,687.25,180.97,207.95,87.18,40.42,65.88,267.31,679.51,151.84,181.05,84.10,39.74,69.83,278.38,682.19,494.20,568.26,87.15,39.47,177.43,681.58,581.37
2026-04-15 08:45:00,2026-04-15 08:59:59,Q08,482.45,121.09,56.97,58.14,99.90,7.97,-0.26,481.24,114.33,53.46,54.69,99.90,7.77,-0.45,480.74,115.84,54.47,55.43,99.91,7.29,-0.87,481.48,117.09,164.90,168.27,99.90,7.68,-1.58,190.70,186.10
2026-04-15 08:45:00,2026-04-15 08:59:59,Main PF,276.02,634.63,159.90,174.68,92.54,36.21,66.27,276.09,653.53,165.52,180.06,92.81,38.14,66.40,277.10,637.58,161.28,176.20,92.47,37.11,66.29,276.40,641.91,486.70,530.94,92.61,37.15,198.96,658.80,586.10
2026-04-15 08:45:00,2026-04-15 08:59:59,Q12,480.66,238.79,107.64,114.50,94.86,60.08,18.41,481.57,244.11,111.27,117.21,95.94,63.10,16.46,479.10,242.38,108.67,115.81,94.84,60.05,18.53,480.45,241.76,327.59,347.52,95.21,61.08,53.40,356.90,334.90
2026-04-15 08:45:00,2026-04-15 08:59:59,Q09,480.49,72.15,32.71,34.38,96.66,75.86,4.14,483.83,75.98,34.83,36.55,96.94,76.30,4.16,479.99,72.46,32.28,34.53,95.36,76.37,4.87,481.44,73.53,99.81,105.46,96.32,76.18,13.17,124.20,116.70
2026-04-15 09:00:00,2026-04-15 09:14:59,Q09,481.46,59.73,27.20,28.54,97.43,81.31,2.95,484.68,63.88,29.26,30.67,97.52,80.91,3.08,480.81,60.26,26.89,28.72,95.79,82.26,3.76,482.32,61.29,83.34,87.94,96.92,81.49,9.79,106.60,100.70
2026-04-15 09:00:00,2026-04-15 09:14:59,PQM,264.68,604.84,145.61,159.90,91.06,38.33,30.90,303.89,607.93,163.20,184.76,88.33,40.80,51.29,267.62,603.94,138.17,161.46,85.57,40.09,56.04,278.73,605.57,446.98,506.13,88.32,39.74,138.23,544.81,481.46
2026-04-15 09:00:00,2026-04-15 09:14:59,Q08,483.36,119.93,56.59,57.66,99.90,7.88,-0.27,481.85,113.99,53.52,54.65,99.90,7.98,-0.43,481.58,114.80,53.94,55.04,99.90,7.48,-0.54,482.27,116.24,164.05,167.36,99.90,7.78,-1.24,177.70,174.20
2026-04-15 09:00:00,2026-04-15 09:14:59,Main PF,276.33,575.48,147.47,158.66,93.64,36.17,55.48,276.53,591.76,152.09,163.16,93.82,38.65,55.58,277.32,579.15,148.89,160.20,93.62,37.35,55.35,276.72,582.13,448.45,482.02,93.69,37.39,166.41,515.20,478.00
2026-04-15 09:00:00,2026-04-15 09:14:59,Q12,481.44,242.16,108.73,116.21,94.68,63.87,18.60,482.74,249.48,114.51,120.09,96.02,66.41,16.34,479.87,247.55,111.04,118.43,94.57,63.72,19.11,481.35,246.40,334.27,354.73,95.09,64.67,54.05,358.30,338.10
2026-04-15 09:15:00,2026-04-15 09:29:59,PQM,263.75,708.23,166.87,186.31,89.70,37.03,49.18,303.00,719.80,187.43,217.52,86.34,39.23,75.99,266.69,705.77,154.61,187.98,82.52,38.90,79.46,277.81,711.26,508.91,591.81,86.19,38.39,204.63,675.92,572.45
2026-04-15 09:15:00,2026-04-15 09:29:59,Q08,481.83,115.24,54.34,55.24,99.90,8.07,-0.25,480.40,110.54,51.80,52.85,99.90,8.04,-0.43,480.29,110.58,51.68,52.83,99.90,7.59,-0.23,480.84,112.12,157.82,160.91,99.90,7.90,-0.91,176.20,173.20
2026-04-15 09:15:00,2026-04-15 09:29:59,Main PF,275.51,689.26,170.35,189.36,90.78,34.73,80.60,275.65,717.33,178.19,197.31,91.15,36.95,80.85,276.28,693.53,171.15,190.98,90.57,35.91,80.66,275.82,700.04,519.68,577.65,90.83,35.87,242.10,649.80,575.50
2026-04-15 09:15:00,2026-04-15 09:29:59,Q12,480.18,235.07,105.78,112.52,94.96,60.15,17.98,481.16,244.27,111.60,117.14,96.05,62.31,16.21,478.44,240.61,107.47,114.82,94.68,60.34,18.68,479.93,239.98,324.85,344.48,95.23,60.94,52.87,355.00,335.30
2026-04-15 09:15:00,2026-04-15 09:29:59,Q09,479.85,57.53,26.14,27.45,97.42,80.13,2.87,483.35,61.29,27.99,29.39,97.45,80.04,3.05,479.41,57.77,25.76,27.50,95.71,81.09,3.70,480.87,58.87,79.89,84.34,96.86,80.42,9.62,98.80,94.20
2026-04-15 09:30:00,2026-04-15 09:44:59,Q09,478.46,59.62,27.06,28.28,97.28,78.66,3.03,482.03,63.84,29.08,30.52,97.40,78.53,3.17,478.30,60.43,26.79,28.66,95.63,79.90,3.86,479.60,61.29,82.94,87.46,96.77,79.03,10.06,94.90,89.60
2026-04-15 09:30:00,2026-04-15 09:44:59,PQM,263.25,680.14,161.72,179.11,90.41,37.12,41.97,302.38,691.83,182.55,209.06,87.50,39.29,66.10,266.23,683.17,152.80,182.34,84.04,38.73,71.46,277.29,685.05,497.07,570.51,87.32,38.38,179.53,662.01,565.64
2026-04-15 09:30:00,2026-04-15 09:44:59,Q08,480.44,114.54,53.66,54.78,99.90,7.95,-0.24,479.29,110.59,51.73,52.72,99.90,8.10,-0.45,478.91,109.85,51.29,52.36,99.90,7.76,-0.13,479.55,111.66,156.69,159.86,99.90,7.94,-0.81,176.20,173.20
2026-04-15 09:30:00,2026-04-15 09:44:59,Main PF,274.91,656.61,164.17,180.09,92.18,34.29,70.30,275.11,678.22,170.38,186.18,92.55,36.34,70.36,276.02,663.51,166.70,182.80,92.19,35.33,70.19,275.35,666.11,501.26,549.07,92.31,35.32,210.84,631.30,559.90
2026-04-15 09:30:00,2026-04-15 09:44:59,Q12,479.15,247.78,111.32,118.38,94.99,58.85,18.91,479.75,254.75,116.56,121.93,96.14,60.97,16.96,477.19,252.45,112.39,120.05,94.73,58.91,19.66,478.70,251.66,340.27,360.36,95.29,59.58,55.53,370.70,350.50
2026-04-15 09:45:00,2026-04-15 09:59:59,PQM,262.95,594.79,143.11,156.33,91.53,37.42,28.79,301.88,600.73,161.05,181.25,88.86,39.78,49.40,265.88,593.33,135.60,157.81,85.93,39.43,54.24,276.90,596.28,439.76,495.38,88.77,38.88,132.43,509.40,453.47
2026-04-15 09:45:00,2026-04-15 09:59:59,Q08,480.24,125.70,58.99,60.05,99.90,7.79,-0.24,478.65,119.29,55.68,56.82,99.90,8.05,-0.41,478.56,120.51,56.36,57.39,99.90,7.55,-0.76,479.15,121.84,171.04,174.26,99.90,7.80,-1.41,185.10,182.20
2026-04-15 09:45:00,2026-04-15 09:59:59,Main PF,274.52,572.12,146.12,156.65,94.08,35.15,53.31,274.99,588.15,150.50,161.38,94.25,37.54,53.48,275.31,572.89,146.49,157.36,93.98,36.39,53.24,274.94,577.72,443.11,475.39,94.10,36.36,160.03,488.10,455.00
2026-04-15 09:45:00,2026-04-15 09:59:59,Q12,478.62,245.28,109.68,117.13,94.84,63.38,18.60,479.68,253.26,115.87,121.20,96.11,65.37,16.58,476.14,252.13,112.06,119.63,94.48,62.95,19.63,478.15,250.22,337.61,357.96,95.15,63.90,54.81,372.10,351.30
2026-04-15 09:45:00,2026-04-15 09:59:59,Q09,478.37,49.80,22.55,23.58,98.11,84.74,2.04,481.45,53.42,24.23,25.40,97.92,84.99,2.31,477.93,49.85,22.02,23.60,96.28,87.03,2.84,479.25,51.03,68.80,72.58,97.44,85.59,7.19,85.80,81.20
2026-04-15 10:00:00,2026-04-15 10:14:59,Q09,478.12,45.49,20.68,21.57,98.43,87.29,1.67,481.57,49.51,22.73,23.66,98.14,86.58,2.00,477.45,46.02,20.21,21.74,96.28,90.02,2.59,479.05,47.01,63.62,66.97,97.62,87.96,6.26,75.10,70.70
2026-04-15 10:00:00,2026-04-15 10:14:59,PQM,262.88,567.09,135.89,148.96,91.22,38.62,26.71,301.90,575.53,153.90,173.73,88.58,41.00,46.25,265.78,567.59,128.83,150.74,85.46,40.75,51.70,276.86,570.07,418.62,473.44,88.42,40.12,124.66,498.66,441.40
2026-04-15 10:00:00,2026-04-15 10:14:59,Q08,480.08,123.80,58.11,59.11,99.90,8.13,-0.26,478.61,117.19,54.89,55.79,99.90,8.34,-0.43,478.29,117.86,55.07,56.12,99.90,8.02,-0.74,478.99,119.61,168.06,171.01,99.90,8.16,-1.42,180.50,177.20
2026-04-15 10:00:00,2026-04-15 10:14:59,Main PF,274.27,552.09,141.06,151.08,94.04,35.97,51.57,274.75,570.27,146.04,156.22,94.27,38.15,51.68,275.57,555.56,142.53,152.71,94.02,37.45,51.26,274.87,559.31,429.63,460.01,94.11,37.19,154.51,480.10,445.40
2026-04-15 10:00:00,2026-04-15 10:14:59,Q12,478.58,237.47,106.50,113.29,94.91,65.60,17.64,479.76,248.04,113.48,118.69,96.23,66.44,15.83,475.91,244.78,108.34,116.20,94.12,65.08,19.51,478.09,243.43,328.33,348.18,95.09,65.71,52.98,352.10,331.50
2026-04-15 10:15:00,2026-04-15 10:29:59,PQM,262.30,576.55,138.16,151.10,91.43,37.86,27.13,301.19,580.42,154.55,174.74,88.45,40.37,48.34,265.12,570.31,129.35,151.06,85.63,40.26,51.67,276.20,575.76,422.05,476.89,88.50,39.50,127.15,493.11,436.89
2026-04-15 10:15:00,2026-04-15 10:29:59,Q08,479.11,125.31,58.59,59.71,99.90,8.14,-0.29,477.89,117.96,55.01,56.09,99.90,8.48,-0.48,476.99,119.31,55.56,56.68,99.89,7.99,-0.94,478.00,120.86,169.16,172.49,99.90,8.20,-1.71,181.20,177.20
2026-04-15 10:15:00,2026-04-15 10:29:59,Main PF,273.67,553.37,140.92,151.14,94.20,36.12,51.18,274.26,569.19,145.66,155.66,94.28,38.82,51.29,274.86,552.70,141.16,151.53,94.01,37.76,51.09,274.26,558.42,427.74,458.34,94.16,37.57,153.57,479.40,444.50
2026-04-15 10:15:00,2026-04-15 10:29:59,Q12,477.61,235.18,105.26,111.99,94.93,64.64,17.53,478.43,243.41,110.43,116.14,95.99,66.45,16.07,475.11,240.29,106.58,113.85,94.30,64.41,18.88,477.05,239.63,322.27,341.98,95.07,65.17,52.49,345.60,326.70
2026-04-15 10:15:00,2026-04-15 10:29:59,Q09,477.47,46.79,21.08,22.11,98.31,86.23,1.82,480.59,50.85,23.18,24.22,97.97,85.44,2.15,476.32,47.23,20.77,22.29,96.28,88.15,2.68,478.13,48.29,65.03,68.62,97.52,86.61,6.66,73.20,69.80
2026-04-15 10:30:00,2026-04-15 10:44:59,Q09,475.59,49.17,21.95,23.19,97.93,85.19,2.11,479.28,51.99,23.27,24.67,97.86,85.67,2.28,475.34,49.19,21.82,23.19,96.47,87.29,2.74,476.74,50.12,67.04,71.06,97.42,86.05,7.13,78.10,74.40
2026-04-15 10:30:00,2026-04-15 10:44:59,PQM,261.57,588.87,140.60,153.96,91.31,38.39,27.45,300.19,587.27,156.01,176.21,88.54,40.90,47.48,264.46,582.20,132.44,153.88,86.07,40.43,50.85,275.41,586.11,429.05,484.05,88.64,39.91,125.77,503.41,447.06
2026-04-15 10:30:00,2026-04-15 10:44:59,Q08,477.61,125.08,58.34,59.41,99.90,7.78,-0.26,476.39,117.64,54.64,55.78,99.90,8.12,-0.46,475.85,119.45,55.50,56.66,99.89,7.42,-1.06,476.62,120.73,168.48,171.85,99.90,7.77,-1.78,179.60,176.20
2026-04-15 10:30:00,2026-04-15 10:44:59,Main PF,272.96,567.20,144.43,154.48,94.31,35.93,51.50,273.30,575.80,147.08,156.97,94.38,38.35,51.55,274.11,563.50,143.64,153.98,94.22,37.16,51.45,273.46,568.84,435.15,465.42,94.30,37.15,154.50,487.10,455.20
2026-04-15 10:30:00,2026-04-15 10:44:59,Q12,475.88,238.88,106.24,113.32,94.76,63.81,18.18,477.02,244.79,110.80,116.43,95.93,66.32,16.28,474.18,243.26,107.65,115.04,94.62,63.99,18.62,475.69,242.31,324.69,344.79,95.10,64.71,53.08,349.30,329.30
2026-04-15 10:45:00,2026-04-15 10:59:59,PQM,261.34,601.73,143.75,157.31,91.38,37.82,28.82,300.03,601.50,160.20,180.59,88.71,40.20,48.87,264.27,597.90,136.12,158.00,86.16,39.71,52.92,275.22,600.38,440.07,495.90,88.75,39.25,130.60,511.90,455.36
2026-04-15 10:45:00,2026-04-15 10:59:59,Q08,477.27,126.98,59.33,60.34,99.90,7.90,-0.33,475.83,119.10,55.43,56.31,99.90,8.22,-0.46,474.64,120.87,55.93,57.09,99.89,7.57,-0.95,475.91,122.32,170.68,173.75,99.90,7.90,-1.74,186.20,183.10
2026-04-15 10:45:00,2026-04-15 10:59:59,Main PF,272.90,580.23,147.89,157.95,94.30,36.05,52.89,273.04,593.11,151.19,161.56,94.44,38.22,52.88,273.93,579.14,148.05,158.30,94.25,37.00,52.79,273.29,584.16,447.12,477.81,94.33,37.09,158.56,496.00,465.30
2026-04-15 10:45:00,2026-04-15 10:59:59,Q12,475.17,240.20,106.62,113.81,94.76,62.32,18.39,476.45,245.17,111.16,116.49,96.11,64.32,16.16,473.59,246.14,108.87,116.26,94.59,62.02,19.04,475.07,243.84,326.65,346.56,95.15,62.89,53.59,349.90,330.40
2026-04-15 10:45:00,2026-04-15 10:59:59,Q09,474.66,59.71,26.71,28.05,97.34,81.01,2.97,478.53,64.12,29.05,30.36,97.49,80.58,3.07,474.76,60.21,26.45,28.31,95.84,81.88,3.73,475.99,61.35,82.21,86.72,96.89,81.16,9.77,102.60,98.00
2026-04-15 11:00:00,2026-04-15 11:14:59,Q09,475.17,59.93,26.93,28.24,97.32,81.42,2.98,478.96,63.87,29.05,30.38,97.56,80.56,3.06,475.03,60.94,26.83,28.66,95.65,81.96,3.85,476.39,61.58,82.81,87.27,96.84,81.32,9.89,96.50,91.50
2026-04-15 11:00:00,2026-04-15 11:14:59,PQM,261.39,607.58,145.23,158.89,91.40,37.67,29.74,300.19,613.32,164.17,184.46,89.00,39.69,49.42,264.40,605.53,137.22,160.20,85.66,39.62,55.82,275.33,608.81,446.63,503.54,88.69,38.99,134.99,518.48,460.30
2026-04-15 11:00:00,2026-04-15 11:14:59,Q08,477.14,124.13,57.91,58.96,99.90,7.77,-0.24,476.52,119.81,55.80,56.81,99.90,7.84,-0.49,475.14,119.29,55.42,56.43,99.91,7.42,-0.36,476.27,121.08,169.12,172.20,99.90,7.68,-1.09,187.50,184.20
2026-04-15 11:00:00,2026-04-15 11:14:59,Main PF,272.92,589.16,149.45,160.48,93.92,34.91,55.43,273.19,607.20,154.59,165.53,94.16,36.75,55.67,273.95,591.34,150.29,161.54,93.84,36.26,55.57,273.35,595.90,454.34,487.55,93.97,35.97,166.68,506.40,471.30
2026-04-15 11:00:00,2026-04-15 11:14:59,Q12,475.63,240.96,107.07,114.32,94.78,62.37,18.42,476.96,248.02,112.86,118.01,96.23,63.77,16.04,473.65,247.19,109.27,116.73,94.48,61.84,19.45,475.41,245.39,329.19,349.06,95.16,62.66,53.91,360.60,340.00
2026-04-15 11:15:00,2026-04-15 11:29:59,PQM,260.32,749.53,173.15,195.43,88.72,36.84,56.71,299.08,764.13,194.60,228.74,85.23,38.62,85.80,263.37,748.41,158.83,197.21,80.76,38.70,89.04,274.26,754.02,526.58,621.39,84.90,38.05,231.55,690.43,587.90
2026-04-15 11:15:00,2026-04-15 11:29:59,Q08,475.18,124.78,55.33,59.03,95.61,16.29,6.82,474.08,121.14,52.28,57.15,93.76,17.27,7.89,473.88,117.60,51.39,55.48,94.31,17.63,6.87,474.38,121.18,159.00,171.66,94.56,17.06,21.58,190.10,169.20
2026-04-15 11:15:00,2026-04-15 11:29:59,Main PF,272.11,692.26,166.91,187.95,89.68,35.65,84.91,272.12,719.03,173.78,195.14,90.06,37.72,85.19,273.06,690.71,166.30,188.02,89.30,37.44,84.93,272.43,700.67,506.99,571.10,89.68,36.93,255.03,662.60,577.30
2026-04-15 11:15:00,2026-04-15 11:29:59,Q12,473.69,247.40,110.13,116.86,95.02,55.14,19.13,475.36,253.94,114.92,120.36,96.36,56.62,16.65,471.74,252.81,112.00,118.96,94.91,54.35,19.73,473.60,251.38,337.05,356.19,95.43,55.37,55.51,366.60,347.70
2026-04-15 11:15:00,2026-04-15 11:29:59,Q09,473.75,61.83,27.53,29.00,97.01,76.70,3.35,477.04,65.92,29.69,31.18,97.28,76.27,3.40,473.62,63.04,27.71,29.65,95.47,77.69,4.16,474.80,63.59,84.93,89.83,96.59,76.89,10.91,100.10,95.10
2026-04-15 11:30:00,2026-04-15 11:44:59,Q09,472.74,62.61,27.76,29.31,96.86,77.88,3.50,476.30,66.49,29.86,31.44,97.28,78.08,3.45,472.62,64.13,28.27,30.09,95.62,78.84,4.16,473.89,64.41,85.89,90.83,96.59,78.27,11.11,112.70,106.20
2026-04-15 11:30:00,2026-04-15 11:44:59,PQM,259.81,715.21,163.39,185.43,88.21,38.33,54.70,298.34,722.77,181.72,215.28,84.51,40.33,82.29,262.87,708.88,149.09,185.95,80.38,40.40,83.80,273.67,715.62,494.21,586.67,84.37,39.69,220.79,708.45,586.71
2026-04-15 11:30:00,2026-04-15 11:44:59,Q08,473.95,136.55,57.03,64.42,89.67,27.26,16.59,472.89,136.11,54.34,64.05,86.00,28.99,18.94,472.58,126.68,51.25,59.59,87.01,30.02,16.96,473.14,133.11,162.61,188.06,87.56,28.76,52.49,201.90,175.30
2026-04-15 11:30:00,2026-04-15 11:44:59,Main PF,271.42,707.21,168.60,191.49,88.88,35.44,90.19,271.46,729.42,174.32,197.62,89.23,37.56,90.46,272.41,702.51,166.78,190.91,88.48,37.06,90.21,271.76,713.04,509.71,580.02,88.86,36.69,270.86,687.00,587.70
2026-04-15 11:30:00,2026-04-15 11:44:59,Q12,472.62,252.83,112.18,119.19,94.95,54.03,19.82,473.77,257.92,116.61,121.89,96.39,56.11,16.90,471.31,258.77,115.07,121.65,95.16,53.01,19.75,472.57,256.51,343.85,362.73,95.50,54.38,56.48,368.70,348.70
2026-04-15 11:45:00,2026-04-15 11:59:59,PQM,259.50,777.13,175.87,201.80,87.22,37.97,65.31,298.05,787.21,196.26,234.80,83.67,39.77,94.33,262.67,777.23,161.16,204.27,79.03,39.63,97.06,273.41,780.52,533.29,640.88,83.31,39.12,256.71,717.61,593.63
2026-04-15 11:45:00,2026-04-15 11:59:59,Q08,472.71,135.76,56.41,63.96,89.56,25.49,16.63,471.86,134.43,54.04,63.18,86.87,27.32,18.26,471.89,127.78,51.73,59.98,87.56,27.46,16.84,472.15,132.66,162.18,187.11,88.00,26.76,51.74,200.80,175.20
2026-04-15 11:45:00,2026-04-15 11:59:59,Main PF,271.01,763.79,177.88,206.49,87.04,34.74,104.70,271.04,790.27,185.18,213.68,87.61,36.39,104.97,272.16,769.77,179.77,209.06,86.87,35.82,104.68,271.41,774.61,542.84,629.24,87.17,35.65,314.35,683.70,584.20
2026-04-15 11:45:00,2026-04-15 11:59:59,Q12,235.35,13.50,0.67,3.14,46.65,16.56,1.94,237.11,12.58,0.24,2.86,47.24,28.56,2.64,472.52,13.07,0.25,5.92,6.21,21.01,1.94,314.99,13.05,1.15,11.92,33.36,22.05,6.52,77.50,5.70
2026-04-15 11:45:00,2026-04-15 11:59:59,Q10 - no CTs,472.23,250.74,111.46,118.14,94.98,52.51,19.55,473.44,252.83,114.25,119.42,96.53,54.28,16.37,470.30,255.93,113.50,120.06,95.25,51.44,19.42,471.99,253.17,339.21,357.62,95.59,52.74,55.34,363.90,346.10
2026-04-15 12:00:00,2026-04-15 12:14:59,Q09,470.83,63.06,27.79,29.41,96.64,76.71,3.62,475.21,66.73,30.03,31.49,97.30,75.83,3.43,471.16,64.24,28.10,30.03,95.47,76.47,4.28,472.40,64.68,85.91,90.93,96.47,76.34,11.33,96.60,91.30
2026-04-15 12:00:00,2026-04-15 12:14:59,Q10 - no CTs,472.71,251.96,111.26,118.71,94.90,55.13,19.56,473.39,256.27,116.06,121.17,96.33,57.19,16.74,470.69,258.07,114.91,121.19,95.06,53.84,19.67,472.26,255.43,342.23,361.07,95.43,55.39,55.98,361.50,343.30
2026-04-15 12:00:00,2026-04-15 12:14:59,PQM,259.53,685.52,157.66,178.10,88.57,38.45,49.90,298.03,691.91,175.21,206.50,84.91,40.48,76.12,262.64,680.27,144.61,178.87,80.95,40.66,77.90,273.40,685.90,477.47,563.47,84.81,39.86,203.92,696.62,574.75
2026-04-15 12:00:00,2026-04-15 12:14:59,Q08,473.48,136.94,57.29,64.53,89.95,27.75,16.46,472.10,136.92,54.86,64.34,86.38,29.57,18.84,471.86,127.55,51.67,59.89,87.33,30.68,16.87,472.48,133.81,163.83,188.77,87.89,29.33,52.17,195.30,169.90
2026-04-15 12:00:00,2026-04-15 12:14:59,Main PF,271.00,663.58,159.57,179.48,89.79,36.26,80.64,271.08,683.29,164.89,184.76,90.05,38.35,80.87,272.26,661.02,159.05,179.51,89.44,37.66,80.56,271.45,669.30,483.51,543.74,89.76,37.42,242.06,666.30,569.70
2026-04-15 12:00:00,2026-04-15 12:14:59,Q12,235.11,23.81,0.61,5.54,48.75,17.91,4.66,236.85,22.85,0.16,5.28,51.53,31.77,5.50,472.02,23.75,0.19,10.98,6.21,22.02,4.73,314.66,23.47,0.96,21.80,35.50,23.90,14.89,99.20,2.20
2026-04-15 12:15:00,2026-04-15 12:29:59,PQM,259.50,661.65,151.32,171.36,88.33,39.48,47.78,298.06,671.37,169.52,199.54,85.00,41.42,72.05,262.66,661.29,139.97,173.43,80.80,41.58,75.15,273.41,664.77,460.81,544.33,84.71,40.82,194.98,694.70,578.34
2026-04-15 12:15:00,2026-04-15 12:29:59,Q08,473.15,138.07,57.55,65.04,89.44,27.89,16.92,472.35,137.64,55.42,64.70,86.68,29.46,18.74,471.53,130.51,52.46,61.25,87.06,30.15,17.41,472.35,135.41,165.42,190.99,87.72,29.17,53.08,199.80,174.50
2026-04-15 12:15:00,2026-04-15 12:29:59,Main PF,270.95,626.47,151.38,169.38,90.10,37.27,74.79,271.27,648.52,157.43,175.51,90.46,39.09,74.95,272.24,629.61,152.53,171.07,89.88,38.84,74.68,271.49,634.87,461.34,515.96,90.15,38.40,224.41,665.50,572.00
2026-04-15 12:15:00,2026-04-15 12:29:59,Q12,235.19,12.91,0.70,3.00,52.70,18.28,1.42,236.96,11.29,0.22,2.56,54.90,33.06,2.14,472.21,12.49,0.18,5.66,5.15,22.76,1.44,314.79,12.23,1.10,11.22,37.59,24.70,5.00,100.10,7.50
2026-04-15 12:15:00,2026-04-15 12:29:59,Q09,471.37,56.52,24.99,26.39,97.16,79.02,2.97,475.55,60.39,27.15,28.51,97.67,78.51,2.88,471.53,57.96,25.18,27.04,95.69,79.23,3.71,472.82,58.29,77.32,81.94,96.84,78.92,9.56,92.70,87.40
2026-04-15 12:30:00,2026-04-15 12:44:59,Q09,470.71,55.91,24.68,26.07,97.02,77.01,3.02,474.23,59.21,26.41,27.82,97.52,76.22,2.95,470.66,57.19,25.11,26.76,95.53,77.42,3.77,471.87,57.44,76.20,80.65,96.69,76.88,9.74,92.20,87.40
2026-04-15 12:30:00,2026-04-15 12:44:59,PQM,258.72,776.34,174.59,200.31,87.21,37.55,66.15,297.30,793.93,196.32,235.41,83.47,39.11,97.11,261.94,781.60,160.09,204.28,78.50,39.26,99.53,272.65,783.96,531.00,639.99,83.06,38.64,262.80,686.68,569.05
2026-04-15 12:30:00,2026-04-15 12:44:59,Q08,471.64,132.91,55.41,62.39,90.04,24.92,16.03,470.78,132.12,52.77,61.92,86.46,26.68,18.30,470.29,123.18,49.63,57.58,87.38,27.62,16.42,470.91,129.40,157.80,181.90,87.96,26.41,50.74,193.20,169.00
2026-04-15 12:30:00,2026-04-15 12:44:59,Main PF,270.41,748.83,174.15,201.95,86.97,35.03,103.07,270.51,779.61,183.02,210.43,87.69,36.79,103.36,271.50,759.42,176.87,205.67,86.84,36.53,102.87,270.80,762.62,534.04,618.05,87.16,36.12,309.30,672.80,580.10
2026-04-15 12:30:00,2026-04-15 12:44:59,Q12,234.31,84.48,1.13,19.60,12.52,6.33,23.75,236.12,89.92,1.52,21.07,13.79,10.34,25.41,470.47,87.64,1.05,40.89,3.21,9.57,24.65,313.63,87.35,3.70,81.57,9.84,8.75,73.81,95.60,6.50
2026-04-15 12:45:00,2026-04-15 12:59:59,PQM,258.74,660.13,151.73,171.25,88.60,39.62,46.13,297.23,672.19,171.03,200.29,85.44,41.41,70.57,261.96,664.63,141.56,174.57,81.16,41.52,74.52,272.64,665.65,464.32,546.11,85.07,40.85,191.21,704.41,583.80
2026-04-15 12:45:00,2026-04-15 12:59:59,Q08,471.80,136.06,56.21,63.95,88.93,27.50,17.05,471.16,136.20,54.86,63.95,86.66,28.84,18.58,470.28,129.79,51.96,60.81,86.59,29.72,17.68,471.08,134.02,163.03,188.71,87.39,28.68,53.31,203.80,178.50
2026-04-15 12:45:00,2026-04-15 12:59:59,Main PF,270.21,629.06,152.00,169.67,90.23,37.38,74.73,270.78,654.10,158.78,176.69,90.69,39.05,74.88,271.40,637.96,154.14,172.80,90.12,38.56,74.62,270.80,640.37,464.92,519.16,90.35,38.33,224.23,676.00,579.70
2026-04-15 12:45:00,2026-04-15 12:59:59,Q12,234.61,9.99,0.65,2.32,54.23,19.92,0.47,236.37,8.10,0.11,1.80,57.51,35.40,1.17,471.03,9.50,0.06,4.29,4.68,24.65,0.50,314.01,9.20,0.82,8.40,38.80,26.66,2.15,94.70,3.90
2026-04-15 12:45:00,2026-04-15 12:59:59,Q09,470.05,59.99,26.53,28.01,96.89,78.46,3.26,474.61,63.96,28.55,30.15,97.63,77.38,3.08,470.52,62.06,27.07,28.99,95.42,78.06,4.08,471.73,62.00,82.15,87.14,96.65,77.96,10.41,98.10,93.20
2026-04-15 13:00:00,2026-04-15 13:14:59,Q09,469.84,61.41,27.16,28.53,96.86,77.27,3.37,474.06,65.92,29.48,31.03,97.59,77.30,3.19,469.98,63.49,27.79,29.63,95.36,77.64,4.22,471.29,63.61,84.43,89.19,96.60,77.40,10.78,103.60,98.00
2026-04-15 13:00:00,2026-04-15 13:14:59,PQM,258.53,664.99,152.10,171.83,88.54,38.95,47.30,296.97,677.50,171.00,201.00,85.12,40.72,72.71,261.76,669.02,141.25,174.92,80.82,41.03,76.03,272.42,670.50,464.35,547.76,84.83,40.24,196.05,681.58,561.59
2026-04-15 13:00:00,2026-04-15 13:14:59,Q08,470.94,134.45,55.97,63.09,89.85,28.86,16.13,470.53,134.70,54.03,63.13,86.83,30.17,18.20,470.07,126.62,51.03,59.22,87.12,31.69,16.82,470.51,131.92,161.04,185.43,87.94,30.24,51.14,196.10,172.90
2026-04-15 13:00:00,2026-04-15 13:14:59,Main PF,270.21,637.62,153.54,171.90,89.98,36.47,76.74,270.18,662.91,159.84,178.67,90.38,38.36,77.01,270.99,645.91,155.79,174.56,89.84,38.06,76.71,270.46,648.81,469.17,525.13,90.07,37.63,230.47,653.60,562.90
2026-04-15 13:00:00,2026-04-15 13:14:59,Q12,234.13,16.20,0.75,3.74,51.20,17.73,2.47,235.89,14.90,0.33,3.40,54.52,32.19,3.23,470.05,15.92,0.30,7.29,6.92,22.16,2.55,313.35,15.68,1.39,14.44,37.54,24.02,8.25,94.30,5.30
2026-04-15 13:15:00,2026-04-15 13:29:59,PQM,258.18,710.74,160.85,183.66,87.64,38.42,56.53,296.60,727.44,181.87,216.08,84.27,39.91,83.89,261.43,718.75,149.12,188.11,79.46,40.13,87.61,272.07,718.97,491.83,587.85,83.79,39.49,228.02,695.33,575.65
2026-04-15 13:15:00,2026-04-15 13:29:59,Q08,470.66,137.75,57.02,64.52,89.44,26.40,16.96,470.14,137.65,55.47,64.50,87.03,27.81,18.66,469.42,131.05,52.58,61.18,87.01,28.68,17.65,470.07,135.48,165.07,190.20,87.83,27.63,53.26,201.90,178.00
2026-04-15 13:15:00,2026-04-15 13:29:59,Main PF,269.59,685.04,161.58,184.28,88.50,36.37,88.42,269.87,713.87,169.58,192.16,89.14,37.81,88.55,271.09,696.49,164.81,188.24,88.44,37.60,88.16,270.18,698.47,495.97,564.68,88.69,37.26,265.13,677.60,584.50
2026-04-15 13:15:00,2026-04-15 13:29:59,Q12,234.03,42.85,0.94,9.89,30.79,8.78,11.57,235.85,45.81,0.98,10.66,26.24,13.62,12.74,469.94,43.82,1.14,20.37,9.79,42.94,11.99,313.27,44.16,3.07,40.92,22.28,21.78,36.30,95.00,6.50
2026-04-15 13:15:00,2026-04-15 13:29:59,Q09,469.25,49.75,21.90,23.17,97.56,79.44,2.38,473.38,53.87,24.21,25.23,97.89,78.76,2.39,469.23,51.08,21.95,23.72,95.79,80.53,3.21,470.62,51.57,68.06,72.12,97.08,79.58,7.99,79.20,75.10
2026-04-15 13:30:00,2026-04-15 13:44:59,Q09,468.83,56.76,24.89,26.32,96.79,76.05,3.22,472.65,60.23,26.88,28.21,97.51,75.23,3.00,469.03,58.35,25.26,27.13,95.61,76.31,3.84,470.17,58.45,77.02,81.66,96.64,75.86,10.05,93.90,88.30
2026-04-15 13:30:00,2026-04-15 13:44:59,PQM,257.91,806.35,181.26,207.86,87.22,36.91,69.09,296.33,820.94,204.06,243.15,83.93,38.34,98.74,261.29,815.09,167.66,212.63,78.88,38.45,102.93,271.84,814.13,552.98,663.63,83.34,37.90,270.75,717.85,598.69
2026-04-15 13:30:00,2026-04-15 13:44:59,Q08,470.15,135.36,56.52,63.30,90.45,24.64,15.98,469.64,134.27,54.20,62.78,87.68,26.26,17.79,468.85,126.65,51.50,59.09,88.45,26.98,16.23,469.55,132.09,162.22,185.16,88.86,25.96,50.00,194.70,171.80
2026-04-15 13:30:00,2026-04-15 13:44:59,Main PF,269.42,784.26,181.50,210.77,86.82,34.62,107.57,269.40,812.71,190.01,218.50,87.55,35.97,107.94,270.94,794.49,184.76,214.76,86.80,35.62,107.55,269.92,797.15,556.27,644.03,87.06,35.40,323.06,693.50,597.40
2026-04-15 13:30:00,2026-04-15 13:44:59,Q12,233.73,87.91,1.44,20.41,8.31,4.38,24.87,235.56,93.18,2.29,21.81,11.20,7.12,26.38,469.37,91.56,1.89,42.66,5.15,7.23,25.97,312.89,90.89,5.63,84.87,8.22,6.24,77.22,91.90,11.00
2026-04-15 13:45:00,2026-04-15 13:59:59,PQM,258.45,671.87,154.11,173.56,88.81,37.81,48.32,296.76,675.62,171.54,200.52,85.56,39.69,72.10,261.78,673.95,144.04,176.28,81.73,39.74,75.26,272.33,673.81,469.70,550.36,85.37,39.08,195.68,689.09,581.44
2026-04-15 13:45:00,2026-04-15 13:59:59,Q08,471.10,140.19,57.84,65.80,88.95,27.35,17.49,470.38,137.80,55.25,64.56,86.54,29.11,18.87,470.11,131.92,53.24,61.80,87.26,29.75,17.53,470.53,136.64,166.33,192.17,87.58,28.73,53.90,207.00,184.00
2026-04-15 13:45:00,2026-04-15 13:59:59,Main PF,269.99,648.37,155.93,174.64,90.05,35.73,77.56,270.22,665.55,160.74,179.39,90.36,37.56,77.76,271.36,653.51,157.89,176.95,90.01,37.19,77.42,270.53,655.81,474.56,530.97,90.14,36.82,232.74,619.50,552.10
2026-04-15 13:45:00,2026-04-15 13:59:59,Q12,234.35,7.61,0.65,1.76,57.42,20.35,0.02,236.13,5.59,0.16,1.22,57.96,33.77,0.66,470.56,6.81,0.26,3.02,8.54,41.44,-0.03,313.68,6.67,1.06,5.99,41.31,31.85,0.64,27.30,4.90
2026-04-15 13:45:00,2026-04-15 13:59:59,Q09,469.69,58.02,25.45,27.05,96.88,78.12,3.17,473.85,61.65,27.78,28.94,97.73,78.12,2.88,470.17,59.65,26.06,27.82,95.84,78.92,3.77,471.24,59.78,79.29,83.80,96.82,78.39,9.83,103.10,97.10
2026-04-15 14:00:00,2026-04-15 14:14:59,Q09,470.48,54.49,24.14,25.40,97.48,80.37,2.71,474.52,58.41,26.20,27.49,97.78,79.34,2.72,470.61,55.99,24.42,26.14,95.75,81.65,3.54,471.87,56.30,74.75,79.03,97.00,80.45,8.96,106.50,100.70
2026-04-15 14:00:00,2026-04-15 14:14:59,PQM,258.79,630.49,144.56,163.04,88.65,39.31,43.22,297.27,641.14,162.55,190.38,85.38,41.07,66.74,262.01,632.89,134.65,165.77,81.22,41.40,70.12,272.69,634.84,441.76,519.18,85.08,40.59,180.08,549.97,470.87
2026-04-15 14:00:00,2026-04-15 14:14:59,Q08,471.87,134.00,55.60,62.94,89.57,29.11,16.23,471.18,134.18,54.06,62.91,87.00,30.33,17.94,470.38,127.20,51.32,59.58,87.15,31.95,16.84,471.14,131.79,160.99,185.43,87.91,30.47,51.01,197.10,172.30
2026-04-15 14:00:00,2026-04-15 14:14:59,Main PF,270.39,618.12,149.29,166.74,90.17,36.53,73.45,270.56,640.06,155.26,172.81,90.53,38.03,73.74,271.63,621.58,150.35,168.46,89.99,38.16,73.38,270.86,626.58,454.91,508.02,90.23,37.57,220.57,531.30,475.30
2026-04-15 14:00:00,2026-04-15 14:14:59,Q12,234.61,5.21,0.59,1.20,58.49,21.60,-1.15,236.35,2.52,0.00,0.50,62.47,38.13,-0.52,470.98,4.44,0.05,1.90,5.43,25.68,-1.20,313.98,4.06,0.64,3.60,42.13,28.47,-2.87,3.60,0.70
2026-04-15 14:15:00,2026-04-15 14:29:59,PQM,258.84,646.68,149.21,167.92,88.86,37.70,46.39,297.34,657.23,167.78,195.89,85.65,39.45,70.12,262.13,650.39,139.16,170.87,81.44,39.71,73.63,272.77,651.44,456.15,534.68,85.32,38.95,190.14,580.64,495.35
2026-04-15 14:15:00,2026-04-15 14:29:59,Q08,471.64,137.18,56.75,64.49,89.10,27.57,17.01,471.72,136.46,54.73,64.04,86.53,29.08,18.71,470.30,129.56,51.76,60.64,86.68,30.12,17.55,471.22,134.40,163.24,189.18,87.43,28.92,53.27,200.90,174.50
2026-04-15 14:15:00,2026-04-15 14:29:59,Main PF,270.33,623.37,150.28,168.09,90.12,35.79,74.30,270.58,644.82,156.69,174.12,90.57,37.46,74.55,271.74,629.36,152.31,170.67,90.04,37.29,74.27,270.88,632.51,459.29,512.87,90.24,36.85,223.12,520.30,464.50
2026-04-15 14:15:00,2026-04-15 14:29:59,Q12,234.61,5.22,0.60,1.20,60.33,21.47,-1.13,236.40,2.56,0.00,0.50,63.87,37.51,-0.51,471.06,4.44,0.07,1.90,7.43,25.40,-1.19,314.02,4.07,0.67,3.60,43.88,28.13,-2.83,3.60,0.70
2026-04-15 14:15:00,2026-04-15 14:29:59,Q09,470.58,141.51,62.37,66.41,96.24,68.13,10.17,474.03,147.01,66.24,69.21,97.28,68.69,8.74,470.17,146.36,63.99,68.42,95.39,68.87,10.94,471.59,144.96,192.60,204.05,96.30,68.56,29.85,352.30,332.30
2026-04-15 14:30:00,2026-04-15 14:44:59,Q09,470.02,243.08,106.97,113.91,94.92,56.66,18.96,471.94,248.57,111.98,117.06,96.59,57.56,15.82,468.94,251.27,110.94,117.54,94.99,55.49,19.42,470.30,247.64,329.89,348.51,95.50,56.57,54.21,352.70,333.50
2026-04-15 14:30:00,2026-04-15 14:44:59,PQM,258.55,650.67,149.05,168.01,88.73,38.41,46.42,296.96,660.73,167.35,195.91,85.45,40.14,70.50,261.86,651.30,138.04,170.18,81.16,40.56,73.63,272.46,654.23,454.45,534.10,85.11,39.70,190.56,695.30,579.37
2026-04-15 14:30:00,2026-04-15 14:44:59,Q08,471.15,131.35,54.16,61.61,89.17,28.96,16.30,470.55,131.11,52.67,61.53,86.70,30.53,17.82,469.96,124.71,49.93,58.35,86.91,31.71,16.76,470.55,129.06,156.76,181.48,87.59,30.40,50.88,190.30,166.30
2026-04-15 14:30:00,2026-04-15 14:44:59,Main PF,269.83,637.28,152.66,171.51,89.76,35.72,77.84,270.11,661.26,159.25,178.25,90.21,37.49,77.92,271.41,642.01,154.09,173.81,89.58,37.39,77.73,270.45,646.85,466.00,523.57,89.85,36.87,233.49,672.70,575.70
2026-04-15 14:30:00,2026-04-15 14:44:59,Q12,234.33,15.36,0.75,3.55,51.32,18.98,2.24,236.10,14.06,0.32,3.20,53.98,32.11,2.99,470.49,15.16,0.30,6.92,6.76,22.67,2.33,313.64,14.86,1.37,13.67,37.35,24.59,7.56,94.20,6.30
2026-04-15 14:45:00,2026-04-15 14:59:59,PQM,258.01,750.79,169.41,193.69,87.55,36.74,62.86,296.43,766.45,190.40,226.85,84.04,38.17,91.67,261.30,755.76,156.21,197.53,79.25,38.35,94.48,271.92,757.67,516.02,618.07,83.62,37.75,249.02,706.17,587.24
2026-04-15 14:45:00,2026-04-15 14:59:59,Q08,470.21,129.52,53.00,60.64,88.86,26.23,16.35,469.76,129.83,51.99,60.76,86.62,27.69,17.84,468.95,123.94,49.28,57.83,86.31,28.29,17.08,469.64,127.76,154.27,179.24,87.26,27.40,51.27,197.00,170.90
2026-04-15 14:45:00,2026-04-15 14:59:59,Main PF,269.54,704.13,164.41,189.25,87.84,34.96,93.75,269.55,729.63,172.06,196.09,88.48,36.38,93.80,270.92,710.20,166.75,191.88,87.79,35.85,93.44,270.00,714.65,503.22,577.22,88.04,35.73,280.99,666.10,574.20
2026-04-15 14:45:00,2026-04-15 14:59:59,Q12,233.80,50.67,0.70,11.77,31.20,11.86,13.22,235.62,52.41,0.80,12.21,33.23,20.64,14.36,469.48,52.15,0.68,24.22,5.54,15.43,13.73,312.96,51.74,2.19,48.21,23.32,15.98,41.30,96.10,6.80
2026-04-15 14:45:00,2026-04-15 14:59:59,Q09,469.33,240.72,106.31,112.63,95.12,52.60,18.62,471.07,245.69,110.25,115.37,96.61,53.31,15.79,467.42,247.31,108.81,115.26,95.15,51.74,19.02,469.27,244.57,325.37,343.26,95.62,52.55,53.43,352.90,334.40
2026-04-15 14:45:00,2026-04-15 14:59:59,Q11,469.53,40.19,17.74,18.64,98.40,85.84,1.52,473.31,43.20,19.30,20.31,98.24,85.56,1.71,469.87,40.44,17.60,18.86,96.79,88.89,2.16,470.90,41.28,54.64,57.81,97.81,86.76,5.39,70.50,66.90
2026-04-15 15:00:00,2026-04-15 15:14:59,Q09,469.41,244.61,108.05,114.49,95.04,54.83,18.82,471.53,248.70,111.92,116.99,96.69,55.39,15.68,468.11,251.53,110.83,117.47,95.05,53.49,19.43,469.68,248.28,330.80,348.95,95.59,54.57,53.92,357.50,339.40
2026-04-15 15:00:00,2026-04-15 15:14:59,Q11,469.33,47.86,21.10,22.22,97.72,80.40,2.19,473.44,50.83,22.84,23.83,97.94,79.58,2.25,469.44,48.51,21.20,22.57,96.10,82.02,2.91,470.74,49.07,65.14,68.62,97.25,80.67,7.35,76.10,72.30
2026-04-15 15:00:00,2026-04-15 15:14:59,PQM,258.09,666.99,151.79,172.47,88.10,38.64,49.88,296.45,677.72,170.89,201.29,85.00,40.18,73.83,261.31,672.58,141.68,176.09,80.63,40.31,77.75,271.95,672.43,464.36,549.85,84.58,39.71,201.46,682.53,568.65
2026-04-15 15:00:00,2026-04-15 15:14:59,Q08,470.66,131.38,54.07,61.59,88.79,28.16,16.50,469.74,131.55,53.01,61.55,87.13,29.44,17.61,469.34,127.17,50.79,59.42,86.63,29.92,17.16,469.92,130.04,157.87,182.56,87.52,29.17,51.27,199.20,173.50
2026-04-15 15:00:00,2026-04-15 15:14:59,Main PF,269.81,644.73,153.06,173.48,89.21,36.72,80.85,269.96,669.44,159.92,180.24,89.73,38.21,81.09,270.86,655.68,156.61,177.17,89.20,38.04,80.88,270.21,656.62,469.59,530.89,89.38,37.66,242.81,656.90,563.20
2026-04-15 15:00:00,2026-04-15 15:14:59,Q12,233.91,40.36,0.93,9.37,37.02,13.61,9.98,235.70,41.29,0.88,9.62,39.45,23.47,11.05,469.68,41.28,0.49,19.18,5.12,16.63,10.37,313.10,40.97,2.30,38.16,27.20,17.90,31.40,94.40,5.50
2026-04-15 15:15:00,2026-04-15 15:29:59,PQM,258.99,723.49,164.16,187.49,87.66,37.14,59.63,297.58,736.41,184.88,219.43,84.40,38.46,86.68,262.34,729.75,152.36,191.80,79.62,38.75,90.23,272.97,729.88,501.39,598.71,83.89,38.12,236.54,685.27,569.76
2026-04-15 15:15:00,2026-04-15 15:29:59,Q08,472.05,131.22,54.18,61.63,89.21,25.92,16.36,471.66,131.83,53.29,61.90,86.92,26.61,17.94,470.97,125.99,50.50,59.12,86.66,27.71,17.11,471.56,129.68,157.97,182.65,87.60,26.75,51.40,195.80,170.30
2026-04-15 15:15:00,2026-04-15 15:29:59,Main PF,270.76,670.03,158.12,180.91,88.39,35.35,87.35,271.15,696.86,166.49,188.36,89.10,36.62,87.29,272.08,681.84,162.04,185.08,88.49,36.45,87.00,271.33,682.91,486.65,554.35,88.66,36.14,261.64,658.30,562.80
2026-04-15 15:15:00,2026-04-15 15:29:59,Q12,234.78,52.03,0.83,12.09,30.19,12.05,13.61,236.56,54.17,0.95,12.66,32.56,20.17,14.86,471.36,53.87,0.75,25.09,5.00,15.35,14.23,314.23,53.36,2.53,49.84,22.59,15.86,42.70,96.50,6.60
2026-04-15 15:15:00,2026-04-15 15:29:59,Q09,470.90,239.46,106.05,112.49,94.92,52.86,18.90,473.29,243.28,109.87,114.91,96.78,53.57,15.33,469.66,248.28,110.02,116.35,95.17,51.37,19.12,471.28,243.67,325.93,343.75,95.63,52.60,53.35,352.10,332.50
2026-04-15 15:15:00,2026-04-15 15:29:59,Q11,470.92,48.17,21.44,22.47,97.44,79.71,2.38,474.81,51.66,23.29,24.29,97.95,78.32,2.27,471.11,49.75,21.60,23.20,95.99,80.06,3.05,472.28,49.86,66.33,69.96,97.13,79.36,7.70,74.20,70.80
2026-04-15 15:30:00,2026-04-15 15:44:59,Q09,471.22,243.44,107.56,114.44,94.96,54.41,18.98,473.21,247.37,111.69,116.81,96.64,55.97,15.71,470.06,249.69,110.74,117.09,95.17,53.27,19.12,471.49,246.83,329.99,348.34,95.59,54.55,53.81,353.60,334.50
2026-04-15 15:30:00,2026-04-15 15:44:59,Q11,471.06,45.75,20.49,21.41,97.72,81.52,2.11,475.27,48.75,21.83,22.88,98.10,81.06,2.05,471.21,46.79,20.45,21.83,96.35,82.45,2.71,472.51,47.09,62.77,66.12,97.39,81.68,6.87,72.90,69.30
2026-04-15 15:30:00,2026-04-15 15:44:59,PQM,259.13,664.45,151.89,172.32,88.21,38.34,50.25,297.62,672.68,170.24,200.25,85.11,39.89,74.12,262.42,669.77,141.50,175.59,80.75,40.06,77.86,273.06,668.97,463.63,548.16,84.69,39.43,202.23,682.33,568.70
2026-04-15 15:30:00,2026-04-15 15:44:59,Q08,472.41,130.76,53.96,61.53,88.49,27.71,16.67,471.94,130.93,52.71,61.56,86.91,28.66,17.73,471.11,126.72,50.84,59.46,86.35,28.78,17.38,471.82,129.47,157.51,182.54,87.25,28.38,51.78,201.10,175.30
2026-04-15 15:30:00,2026-04-15 15:44:59,Main PF,270.85,622.83,149.50,168.29,89.59,36.27,76.22,270.80,642.60,154.71,173.55,90.05,37.94,76.26,271.91,629.05,151.51,170.70,89.58,37.91,76.05,271.19,631.49,455.71,512.55,89.74,37.37,228.53,657.70,566.40
2026-04-15 15:30:00,2026-04-15 15:44:59,Q12,234.91,17.96,0.64,4.18,51.68,18.54,2.87,236.68,16.48,0.23,3.79,55.10,32.44,3.63,471.62,17.86,0.10,8.19,6.47,23.10,2.97,314.40,17.43,0.97,16.16,37.75,24.69,9.47,92.50,3.80
2026-04-15 15:45:00,2026-04-15 15:59:59,PQM,258.69,720.70,163.01,186.22,87.62,37.42,59.06,297.10,728.55,182.25,216.26,84.38,38.89,84.85,261.98,723.36,150.95,189.50,79.82,38.97,88.25,272.59,724.20,496.21,591.98,83.94,38.43,232.16,673.68,560.50
2026-04-15 15:45:00,2026-04-15 15:59:59,Q08,471.36,129.34,53.24,60.68,89.01,25.83,16.20,470.69,128.87,51.50,60.42,86.32,27.14,17.85,470.31,122.12,48.93,57.18,86.49,27.74,16.76,470.79,126.77,153.67,178.28,87.27,26.90,50.81,197.00,174.30
2026-04-15 15:45:00,2026-04-15 15:59:59,Main PF,270.07,716.14,167.18,192.97,87.44,34.70,96.52,270.13,738.27,173.81,198.99,88.00,36.07,96.72,271.53,724.50,169.97,196.21,87.36,35.88,96.47,270.57,726.30,510.95,588.18,87.60,35.55,289.70,657.70,567.20
2026-04-15 15:45:00,2026-04-15 15:59:59,Q12,234.25,63.94,1.34,14.84,27.44,10.35,17.44,236.07,66.78,1.84,15.62,27.66,15.69,18.58,470.37,66.05,1.68,30.81,6.66,29.89,18.14,313.56,65.59,4.86,61.28,20.59,18.64,54.16,92.00,11.50
2026-04-15 15:45:00,2026-04-15 15:59:59,Q09,470.19,244.06,107.91,114.45,94.99,52.03,19.13,472.11,245.25,110.30,115.40,96.65,53.12,15.76,469.25,248.56,110.04,116.31,95.35,50.74,18.89,470.52,245.96,328.25,346.15,95.67,51.96,53.78,355.60,336.40
2026-04-15 15:45:00,2026-04-15 15:59:59,Q11,470.16,41.57,18.37,19.32,97.89,82.07,1.84,474.29,44.36,19.89,20.80,98.26,80.89,1.78,470.36,42.50,18.47,19.74,96.53,82.84,2.40,471.60,42.81,56.73,59.86,97.56,81.93,6.02,69.80,66.90
2026-04-15 16:00:00,2026-04-15 16:14:59,Q09,469.98,238.48,105.54,111.74,95.07,56.67,18.22,471.39,244.15,109.85,114.85,96.63,57.75,15.43,468.33,246.93,108.63,115.32,94.98,56.00,18.92,469.90,243.19,324.02,341.91,95.56,56.81,52.58,353.00,335.60
2026-04-15 16:00:00,2026-04-15 16:14:59,Q11,469.66,41.39,18.26,19.24,98.30,85.15,1.63,473.49,44.82,19.93,21.02,98.19,84.18,1.81,469.89,42.16,18.17,19.56,96.57,87.16,2.33,471.01,42.79,56.36,59.83,97.69,85.50,5.77,79.20,74.10
2026-04-15 16:00:00,2026-04-15 16:14:59,PQM,258.47,603.24,138.13,155.93,88.58,39.41,41.72,296.72,611.54,154.80,181.56,85.25,40.99,64.44,261.56,603.29,127.95,157.92,81.01,41.40,67.55,272.25,606.02,420.89,495.40,84.95,40.60,173.70,537.36,460.28
2026-04-15 16:00:00,2026-04-15 16:14:59,Q08,470.67,131.79,54.01,61.71,88.71,27.92,16.59,469.93,132.64,53.08,62.06,86.58,29.03,18.06,469.72,126.89,50.37,59.32,86.10,30.03,17.43,470.11,130.44,157.46,183.09,87.13,28.99,52.08,200.20,174.90
2026-04-15 16:00:00,2026-04-15 16:14:59,Main PF,269.68,587.54,141.61,158.09,90.22,36.66,69.73,270.08,608.53,147.20,164.01,90.58,38.42,69.91,271.09,591.39,142.66,159.88,90.05,38.18,69.57,270.28,595.82,431.47,481.98,90.28,37.75,209.20,499.80,446.60
2026-04-15 16:00:00,2026-04-15 16:14:59,Q12,234.20,5.21,0.59,1.20,58.71,21.26,-1.15,235.97,2.52,0.00,0.50,62.30,37.06,-0.52,470.21,4.45,0.04,1.90,5.68,25.05,-1.19,313.46,4.06,0.63,3.60,42.23,27.79,-2.86,3.60,0.70
2026-04-15 16:15:00,2026-04-15 16:29:59,PQM,258.28,613.29,140.78,158.77,88.66,38.10,44.31,296.47,620.33,157.05,184.23,85.24,39.78,67.24,261.42,612.83,130.27,160.73,81.04,40.02,70.13,272.06,615.49,428.10,503.73,84.98,39.30,181.67,531.22,453.62
2026-04-15 16:15:00,2026-04-15 16:29:59,Q08,470.48,132.18,54.33,61.88,88.91,29.17,16.58,470.38,132.28,52.89,61.98,86.39,30.11,18.20,469.77,126.34,50.42,59.09,86.43,31.12,17.18,470.21,130.27,157.64,182.96,87.24,30.13,51.95,196.40,171.80
2026-04-15 16:15:00,2026-04-15 16:29:59,Main PF,269.88,596.17,143.06,160.52,89.97,36.04,71.60,269.88,613.21,147.96,165.13,90.30,37.80,71.73,271.20,598.62,144.26,162.01,89.77,37.48,71.55,270.32,602.67,435.28,487.66,90.01,37.11,214.88,510.60,455.50
2026-04-15 16:15:00,2026-04-15 16:29:59,Q12,234.17,5.23,0.60,1.20,58.01,20.49,-1.15,235.93,2.54,0.00,0.50,61.99,36.77,-0.53,470.14,4.49,0.03,1.90,4.42,24.51,-1.20,313.41,4.09,0.63,3.60,41.47,27.26,-2.88,3.60,0.70
2026-04-15 16:15:00,2026-04-15 16:29:59,Q09,470.23,233.63,103.14,109.52,94.97,58.41,17.83,471.74,240.52,108.23,113.23,96.70,58.59,14.87,468.64,240.97,105.73,112.57,94.93,57.22,18.56,470.20,238.37,317.11,335.32,95.53,58.07,51.26,339.60,321.10
2026-04-15 16:15:00,2026-04-15 16:29:59,Q11,469.99,39.39,17.36,18.31,98.44,86.08,1.47,473.36,42.63,19.10,19.99,98.37,84.91,1.61,469.95,39.79,17.32,18.42,96.72,87.81,2.14,471.10,40.60,53.78,56.73,97.84,86.26,5.22,68.60,65.70
2026-04-15 16:30:00,2026-04-15 16:44:59,Q09,471.14,233.74,103.32,109.75,95.01,57.79,17.85,473.21,241.34,108.75,113.87,96.74,58.09,14.94,469.54,243.54,106.64,114.04,94.78,56.43,19.03,471.30,239.54,318.71,337.66,95.51,57.44,51.82,340.10,321.00
2026-04-15 16:30:00,2026-04-15 16:44:59,Q11,470.99,42.47,18.75,19.75,98.31,84.63,1.68,474.97,46.74,21.01,21.98,98.25,83.38,1.87,471.01,43.81,19.02,20.51,96.21,86.29,2.55,472.32,44.34,58.78,62.24,97.59,84.77,6.10,73.60,69.40
2026-04-15 16:30:00,2026-04-15 16:44:59,PQM,259.01,618.62,141.93,159.95,88.73,38.56,43.65,297.44,628.95,160.00,187.03,85.55,40.17,66.33,262.20,622.08,132.26,163.11,81.08,40.33,70.72,272.88,623.22,434.20,510.10,85.12,39.68,180.70,529.57,451.91
2026-04-15 16:30:00,2026-04-15 16:44:59,Q08,472.11,129.44,53.01,60.86,88.63,29.76,16.37,471.61,130.96,52.86,61.53,87.13,30.65,17.46,470.86,126.04,50.21,59.04,86.26,31.52,17.26,471.52,128.81,156.07,181.43,87.34,30.65,51.09,192.00,165.30
2026-04-15 16:30:00,2026-04-15 16:44:59,Main PF,270.51,599.06,144.16,161.70,89.84,35.89,72.49,270.90,621.76,150.32,168.08,90.31,37.69,72.80,271.79,605.66,146.55,164.18,89.75,37.45,72.37,271.07,608.83,441.04,493.95,89.97,37.01,217.67,512.70,454.80
2026-04-15 16:30:00,2026-04-15 16:44:59,Q12,234.83,5.25,0.59,1.20,58.78,21.25,-1.15,236.61,2.54,0.00,0.50,63.06,37.54,-0.52,471.49,4.49,0.04,1.90,4.98,24.91,-1.20,314.31,4.09,0.64,3.60,42.27,27.90,-2.87,3.60,0.70
2026-04-15 16:45:00,2026-04-15 16:59:59,PQM,258.39,775.04,176.15,201.79,87.38,35.86,69.60,296.83,792.64,198.17,237.37,83.59,37.12,101.56,261.60,778.85,160.46,205.33,78.32,37.41,103.85,272.27,782.18,534.78,644.49,83.10,36.80,275.01,777.60,630.76
2026-04-15 16:45:00,2026-04-15 16:59:59,Q08,470.92,134.27,55.81,62.95,89.84,24.57,16.29,470.20,135.39,54.42,63.37,87.17,25.69,18.29,469.59,127.36,51.04,59.54,86.95,26.69,17.26,470.24,132.34,161.27,185.86,87.99,25.65,51.84,197.80,172.80
2026-04-15 16:45:00,2026-04-15 16:59:59,Main PF,270.02,724.05,168.46,195.12,87.10,33.80,99.86,270.14,756.59,177.17,203.88,87.74,35.29,100.13,271.05,730.38,169.46,197.51,86.83,35.24,99.70,270.41,737.00,515.09,596.51,87.22,34.77,299.68,671.00,571.80
2026-04-15 16:45:00,2026-04-15 16:59:59,Q12,234.13,78.47,0.90,18.24,14.69,7.23,21.80,235.95,82.51,1.33,19.32,16.34,12.03,23.22,470.17,80.54,0.55,37.60,2.42,9.95,22.48,313.42,80.51,2.77,75.16,11.15,9.74,67.49,99.60,7.50
2026-04-15 16:45:00,2026-04-15 16:59:59,Q09,470.18,232.26,102.93,108.91,95.29,51.84,17.65,471.23,237.21,106.39,111.40,96.70,52.14,15.12,468.42,236.73,104.56,110.63,95.17,50.58,18.30,469.94,235.40,313.88,330.94,95.72,51.52,51.08,341.90,325.00
2026-04-15 16:45:00,2026-04-15 16:59:59,Q11,469.62,47.01,20.90,21.82,97.73,79.24,2.17,473.85,50.39,22.61,23.65,97.85,78.33,2.28,469.97,47.66,20.72,22.15,96.03,80.52,2.91,471.15,48.35,64.23,67.62,97.20,79.36,7.36,77.80,73.30
2026-04-15 17:00:00,2026-04-15 17:14:59,Q09,471.04,237.64,105.32,111.63,95.02,55.64,18.27,472.46,241.81,108.84,113.96,96.58,56.79,15.41,469.79,242.80,107.36,113.73,95.15,54.22,18.52,471.10,240.75,321.52,339.32,95.58,55.55,52.19,344.70,326.90
2026-04-15 17:00:00,2026-04-15 17:14:59,Q11,470.64,50.12,22.24,23.25,97.57,79.77,2.40,474.35,53.38,24.06,25.08,97.79,79.10,2.44,471.11,51.11,22.37,23.81,96.17,80.34,3.04,472.03,51.54,68.67,72.15,97.18,79.74,7.88,84.50,80.00
2026-04-15 17:00:00,2026-04-15 17:14:59,PQM,259.00,691.79,158.27,179.29,88.33,36.86,54.25,297.40,700.45,176.86,208.45,84.94,38.36,80.05,262.22,691.45,145.63,181.37,80.44,38.64,83.07,272.88,694.57,480.76,569.11,84.57,37.95,217.37,692.13,572.57
2026-04-15 17:00:00,2026-04-15 17:14:59,Q08,472.01,129.06,52.86,60.68,88.34,28.21,16.62,471.27,129.06,51.88,60.57,86.64,29.33,17.66,470.92,124.89,49.64,58.51,86.22,29.89,17.21,471.40,127.67,154.38,179.76,87.07,29.14,51.50,190.30,164.40
2026-04-15 17:00:00,2026-04-15 17:14:59,Main PF,270.63,645.12,153.41,174.14,89.08,35.06,81.44,270.63,666.02,159.36,179.82,89.46,36.57,81.75,271.66,647.08,154.26,175.36,88.87,36.15,81.42,270.97,652.74,467.03,529.32,89.14,35.93,244.61,668.20,569.20
2026-04-15 17:00:00,2026-04-15 17:14:59,Q12,234.64,20.05,0.67,4.66,48.64,17.75,3.70,236.44,18.99,0.31,4.38,50.48,30.45,4.46,471.14,19.99,0.22,9.16,5.64,21.83,3.77,314.07,19.68,1.20,18.21,34.92,23.34,11.93,99.80,5.60
2026-04-15 17:15:00,2026-04-15 17:29:59,PQM,258.64,656.17,149.54,169.61,88.24,38.36,48.79,296.94,665.15,167.25,197.51,84.78,39.84,73.97,261.78,654.77,137.85,171.59,80.47,40.09,76.43,272.45,658.70,454.64,538.71,84.50,39.43,199.19,649.17,530.49
2026-04-15 17:15:00,2026-04-15 17:29:59,Q08,471.53,131.86,54.30,61.96,88.69,27.39,16.72,470.76,131.98,52.58,61.88,86.18,28.54,18.43,470.06,125.93,49.88,58.91,85.96,29.25,17.50,470.78,129.92,156.76,182.75,86.95,28.39,52.65,191.40,164.50
2026-04-15 17:15:00,2026-04-15 17:29:59,Main PF,269.83,654.27,154.63,176.13,88.73,35.52,83.74,269.98,678.20,161.15,182.65,89.19,37.10,83.84,271.30,658.02,156.06,177.96,88.52,36.73,83.54,270.37,663.50,471.84,536.75,88.81,36.45,251.13,637.60,544.90
2026-04-15 17:15:00,2026-04-15 17:29:59,Q12,234.34,24.13,0.74,5.56,47.72,17.04,5.12,236.13,23.64,0.49,5.44,46.06,27.98,5.93,470.49,24.05,0.39,11.05,7.65,50.66,5.26,313.65,23.94,1.62,22.06,33.81,31.89,16.31,93.70,5.70
2026-04-15 17:15:00,2026-04-15 17:29:59,Q09,470.61,237.03,105.18,111.21,95.12,56.05,18.03,471.73,241.84,108.63,113.73,96.56,56.93,15.50,468.96,242.61,106.94,113.48,95.03,55.07,18.63,470.43,240.49,320.75,338.42,95.57,56.02,52.17,343.80,325.90
2026-04-15 17:15:00,2026-04-15 17:29:59,Q11,469.82,49.16,21.67,22.85,97.64,79.64,2.30,473.53,52.00,23.24,24.35,97.72,79.57,2.41,469.89,49.42,21.44,22.98,96.17,81.28,2.95,471.08,50.19,66.36,70.18,97.18,80.16,7.66,76.90,72.30
2026-04-15 17:30:00,2026-04-15 17:44:59,Q09,469.99,240.03,106.39,112.56,95.16,56.35,18.24,471.02,246.14,110.39,115.53,96.49,56.99,15.88,467.74,246.30,108.24,114.85,94.98,55.09,18.98,469.58,244.16,325.02,342.94,95.55,56.14,53.11,351.70,332.80
2026-04-15 17:30:00,2026-04-15 17:44:59,Q11,469.53,52.89,23.52,24.65,97.58,79.64,2.53,472.91,55.63,24.73,26.08,97.59,79.07,2.69,469.54,53.16,23.19,24.71,96.14,81.26,3.19,470.66,53.89,71.44,75.44,97.10,79.99,8.41,82.80,79.30
2026-04-15 17:30:00,2026-04-15 17:44:59,PQM,258.10,626.68,143.67,161.75,88.81,38.69,43.10,296.24,632.47,160.04,187.44,85.38,40.28,66.95,261.14,622.41,132.58,162.77,81.45,40.57,69.02,271.83,627.18,436.29,511.97,85.21,39.85,179.07,530.62,452.30
2026-04-15 17:30:00,2026-04-15 17:44:59,Q08,470.14,131.36,53.27,61.47,87.98,27.83,17.07,469.32,130.74,51.64,61.07,85.78,29.01,18.30,469.54,125.43,49.79,58.60,85.85,29.87,17.43,469.66,129.18,154.71,181.14,86.54,28.90,52.81,191.70,166.60
2026-04-15 17:30:00,2026-04-15 17:44:59,Main PF,269.62,606.14,145.90,163.03,90.25,36.52,71.71,269.79,623.31,150.62,167.79,90.54,38.04,71.84,270.81,606.89,146.13,163.90,90.02,37.85,71.66,270.07,612.11,442.65,494.72,90.27,37.47,215.20,514.10,455.70
2026-04-15 17:30:00,2026-04-15 17:44:59,Q12,234.04,5.22,0.60,1.20,60.61,21.86,-1.12,235.80,2.51,0.00,0.50,63.09,37.24,-0.51,469.89,4.52,0.07,1.90,7.25,25.12,-1.20,313.24,4.09,0.67,3.60,43.65,28.07,-2.83,3.60,0.70
2026-04-15 17:45:00,2026-04-15 17:59:59,PQM,258.62,625.83,143.92,161.75,88.98,39.14,41.74,296.80,629.26,159.42,186.67,85.40,41.02,65.55,261.60,618.74,132.53,161.97,81.82,41.12,66.95,272.34,624.61,435.86,510.39,85.40,40.43,174.25,521.71,446.23
2026-04-15 17:45:00,2026-04-15 17:59:59,Q08,471.69,131.59,54.33,61.77,89.16,27.78,16.27,470.32,130.33,51.84,61.01,86.12,29.57,18.06,470.52,122.98,49.30,57.59,86.93,30.66,16.49,470.84,128.30,155.47,180.36,87.40,29.34,50.81,198.50,174.10
2026-04-15 17:45:00,2026-04-15 17:59:59,Main PF,270.19,602.81,146.44,162.55,90.88,36.98,69.08,270.16,618.32,150.76,166.69,91.02,39.06,69.21,271.24,598.47,145.40,161.92,90.54,38.29,69.05,270.53,606.54,442.60,491.16,90.81,38.11,207.34,513.20,460.80
2026-04-15 17:45:00,2026-04-15 17:59:59,Q12,234.22,5.19,0.60,1.20,60.25,22.44,-1.13,235.98,2.46,0.00,0.50,62.79,36.69,-0.51,470.24,4.50,0.06,1.90,6.62,25.55,-1.20,313.48,4.05,0.66,3.60,43.22,28.23,-2.85,3.60,0.70
2026-04-15 17:45:00,2026-04-15 17:59:59,Q09,470.72,246.92,109.57,115.90,95.26,54.77,18.63,471.53,252.94,113.75,118.90,96.43,55.78,16.47,468.93,252.04,111.50,117.85,95.09,54.02,19.25,470.39,250.63,334.83,352.66,95.59,54.86,54.36,355.90,338.50
2026-04-15 17:45:00,2026-04-15 17:59:59,Q11,470.09,54.97,24.40,25.65,97.47,79.36,2.73,474.04,58.09,26.01,27.31,97.44,78.77,2.89,470.20,55.01,24.09,25.65,96.03,80.23,3.38,471.44,56.02,74.50,78.61,96.98,79.45,9.00,90.90,86.70
2026-04-15 18:00:00,2026-04-15 18:14:59,Q12,239.00,26.06,0.57,6.12,46.72,18.62,5.45,240.84,25.31,0.19,5.97,46.72,28.93,6.29,479.88,25.93,0.33,12.12,5.51,21.30,5.51,319.91,25.76,1.09,24.21,32.98,22.95,17.25,100.20,4.40
2026-04-15 18:00:00,2026-04-15 18:14:59,Q09,479.71,238.14,107.62,113.85,95.55,53.64,17.51,480.53,243.38,111.56,116.65,96.29,55.51,16.28,477.89,240.26,107.90,114.53,95.10,54.15,18.45,479.38,240.59,327.07,345.03,95.64,54.43,52.23,351.60,333.70
2026-04-15 18:00:00,2026-04-15 18:14:59,Q11,479.52,63.30,28.55,30.15,96.95,74.95,3.55,483.33,66.19,30.20,31.74,96.85,74.93,3.79,479.44,63.02,27.95,30.01,95.39,76.55,4.29,480.76,64.17,86.69,91.89,96.40,75.48,11.62,112.40,105.80
2026-04-15 18:00:00,2026-04-15 18:14:59,PQM,263.85,698.72,162.17,184.20,88.12,37.51,55.64,302.99,709.12,179.47,214.60,83.74,39.10,86.61,266.76,685.67,144.87,182.81,79.41,40.05,85.14,277.86,697.84,486.51,581.61,83.75,38.88,227.38,730.95,600.63
2026-04-15 18:00:00,2026-04-15 18:14:59,Q08,480.41,133.36,56.15,63.76,89.05,25.45,16.77,479.99,132.18,53.40,63.16,85.64,27.25,18.83,479.18,124.26,50.79,59.35,86.56,28.63,17.02,479.86,129.94,160.34,186.26,87.08,27.11,52.62,195.90,170.90
2026-04-15 18:00:00,2026-04-15 18:14:59,Main PF,275.76,660.67,159.99,181.77,88.92,35.58,84.14,275.92,681.99,165.47,187.76,89.14,37.76,84.40,276.77,651.98,156.81,179.92,88.19,37.74,84.04,276.15,664.88,482.28,549.45,88.75,37.03,252.58,692.50,586.40
2026-04-15 18:15:00,2026-04-15 18:29:59,PQM,263.53,637.03,149.30,167.74,88.99,39.44,42.61,302.62,644.25,164.88,194.81,84.63,41.30,71.48,266.31,618.67,132.64,164.48,80.63,42.64,69.80,277.49,633.31,446.82,527.04,84.75,41.13,183.89,562.09,481.14
2026-04-15 18:15:00,2026-04-15 18:29:59,Q08,480.41,130.06,54.90,62.27,89.18,26.05,16.17,479.05,130.63,52.14,62.28,84.67,28.12,19.03,478.47,119.12,47.82,56.75,85.55,29.87,16.82,479.31,126.60,154.86,181.30,86.46,28.01,52.02,190.80,165.70
2026-04-15 18:15:00,2026-04-15 18:29:59,Main PF,275.38,610.13,150.85,167.72,90.68,37.65,70.55,275.30,629.38,155.34,172.86,90.72,39.69,70.90,275.98,595.02,145.99,163.76,89.82,39.78,70.51,275.55,611.51,452.18,504.35,90.41,39.04,211.97,536.30,478.90
2026-04-15 18:15:00,2026-04-15 18:29:59,Q12,238.67,5.28,0.60,1.20,60.13,24.61,-1.15,240.46,2.43,0.00,0.50,60.43,37.28,-0.51,479.18,4.58,0.03,1.90,4.97,25.63,-1.24,319.43,4.09,0.63,3.60,41.84,29.17,-2.90,3.60,0.70
2026-04-15 18:15:00,2026-04-15 18:29:59,Q09,479.63,240.15,108.58,114.84,95.68,53.77,17.46,480.19,247.58,113.43,118.55,96.22,55.33,16.79,477.13,242.40,108.48,115.29,94.93,54.85,18.88,478.98,243.38,330.49,348.67,95.61,54.65,53.13,353.70,336.60
2026-04-15 18:15:00,2026-04-15 18:29:59,Q11,478.97,67.66,30.77,32.23,96.91,74.91,3.78,482.24,71.39,32.37,34.26,96.54,74.11,4.22,479.03,67.16,29.76,31.91,95.11,76.21,4.64,480.08,68.74,92.90,98.39,96.19,75.07,12.63,125.40,117.80
2026-04-15 18:30:00,2026-04-15 18:44:59,Q12,238.40,5.44,0.60,1.20,60.48,24.94,-1.15,240.18,2.49,0.00,0.50,61.55,38.16,-0.51,478.67,4.68,0.06,1.90,5.16,25.78,-1.24,319.08,4.20,0.66,3.60,42.40,29.63,-2.90,3.60,0.70
2026-04-15 18:30:00,2026-04-15 18:44:59,Q09,479.14,241.81,109.18,115.49,95.79,51.53,17.41,479.87,248.94,113.82,119.08,96.34,52.91,16.66,477.08,242.68,109.11,115.38,95.13,52.71,18.74,478.70,244.48,332.11,349.96,95.75,52.38,52.81,354.70,337.50
2026-04-15 18:30:00,2026-04-15 18:44:59,Q11,478.65,104.29,47.13,49.68,96.36,59.46,6.84,482.04,109.03,49.71,52.24,96.42,59.32,7.01,478.27,103.92,46.28,49.46,95.01,60.08,7.84,479.65,105.75,143.12,151.38,95.93,59.62,21.69,192.10,182.80
2026-04-15 18:30:00,2026-04-15 18:44:59,PQM,263.31,703.28,166.19,185.28,89.69,38.06,45.11,302.47,714.11,185.29,216.13,85.72,39.72,76.31,266.13,689.26,149.73,183.28,81.68,40.72,76.17,277.30,702.22,501.20,584.70,85.69,39.50,197.59,621.22,535.42
2026-04-15 18:30:00,2026-04-15 18:44:59,Q08,479.96,130.40,55.06,62.33,89.51,24.86,16.07,478.62,130.32,52.07,62.04,84.99,26.63,18.88,478.34,120.09,48.59,57.22,86.16,28.67,16.57,478.98,126.94,155.72,181.60,86.89,26.72,51.52,192.30,167.30
2026-04-15 18:30:00,2026-04-15 18:44:59,Main PF,275.02,677.08,167.92,185.82,91.07,34.95,76.98,275.12,699.86,173.72,192.05,91.25,37.15,77.23,275.96,665.53,164.67,183.28,90.37,37.29,76.98,275.36,680.82,506.31,561.15,90.90,36.46,231.19,605.10,547.70
2026-04-15 18:45:00,2026-04-15 18:59:59,PQM,263.76,685.84,162.00,180.66,89.66,37.28,45.81,302.91,695.86,179.65,210.51,85.33,39.03,77.53,266.49,668.00,144.46,177.60,81.33,40.06,76.14,277.72,683.23,486.11,568.78,85.44,38.79,199.48,625.35,537.97
2026-04-15 18:45:00,2026-04-15 18:59:59,Q08,480.71,130.74,55.25,62.61,89.43,24.83,16.13,479.61,131.62,52.79,62.87,84.93,26.57,19.16,478.94,120.81,48.59,57.60,85.49,28.46,17.04,479.75,127.73,156.63,183.07,86.61,26.62,52.34,194.40,168.20
2026-04-15 18:45:00,2026-04-15 18:59:59,Main PF,275.48,659.94,163.19,181.41,90.75,35.28,76.81,275.68,683.59,169.41,188.06,90.80,37.11,77.26,276.45,646.93,158.92,178.48,89.90,37.12,76.80,275.87,663.49,491.52,547.95,90.48,36.50,230.87,607.50,543.40
2026-04-15 18:45:00,2026-04-15 18:59:59,Q12,238.78,5.39,0.60,1.20,59.34,24.05,-1.16,240.59,2.46,0.00,0.50,60.22,37.46,-0.51,479.43,4.67,0.02,1.90,3.38,25.01,-1.25,319.60,4.17,0.62,3.60,40.98,28.84,-2.92,3.60,0.70
2026-04-15 18:45:00,2026-04-15 18:59:59,Q09,480.09,242.74,110.03,116.15,95.87,51.39,17.36,480.85,249.95,114.67,119.93,96.29,53.03,16.81,477.98,244.59,110.31,116.63,95.13,52.21,18.72,479.64,245.76,335.01,352.71,95.77,52.21,52.88,359.30,341.50
2026-04-15 18:45:00,2026-04-15 18:59:59,Q11,479.57,96.58,43.66,46.10,96.48,61.95,6.14,482.64,101.61,46.23,48.81,96.27,62.05,6.56,479.25,96.06,42.78,45.75,94.89,63.32,7.19,480.49,98.08,132.66,140.66,95.88,62.44,19.89,196.20,187.60
2026-04-15 19:00:00,2026-04-15 19:14:59,Q12,239.17,5.53,0.60,1.20,60.41,25.39,-1.15,240.95,2.48,0.00,0.50,61.24,39.48,-0.51,480.15,4.81,0.05,1.93,4.62,26.29,-1.25,320.09,4.27,0.65,3.63,42.09,30.39,-2.91,4.10,0.80
2026-04-15 19:00:00,2026-04-15 19:14:59,Q09,480.73,242.44,110.67,116.14,96.02,50.40,17.14,481.21,249.33,114.45,119.62,96.14,52.88,17.12,478.49,242.37,109.21,115.62,95.30,51.94,18.32,480.14,244.71,334.33,351.38,95.82,51.74,52.58,356.40,338.70
2026-04-15 19:00:00,2026-04-15 19:14:59,Q11,480.23,126.67,57.60,60.58,96.44,50.88,8.53,482.99,130.09,59.36,62.50,96.27,51.66,8.91,479.46,124.24,55.93,59.38,95.43,52.04,9.34,480.89,127.00,172.89,182.45,96.05,51.53,26.78,226.40,215.20
2026-04-15 19:00:00,2026-04-15 19:14:59,PQM,263.95,742.60,176.89,196.03,90.22,36.32,48.21,303.21,751.85,195.54,227.59,85.89,38.27,82.27,266.62,720.92,157.71,191.89,82.17,39.12,80.36,277.93,738.46,530.14,615.51,86.09,37.90,210.84,641.54,555.69
2026-04-15 19:00:00,2026-04-15 19:14:59,Q08,481.21,126.39,53.49,60.61,89.50,25.14,15.64,479.89,126.79,50.69,60.56,84.90,26.99,18.57,479.62,116.14,46.90,55.41,85.71,28.86,16.39,480.24,123.11,151.09,176.57,86.70,27.00,50.60,186.50,160.10
2026-04-15 19:00:00,2026-04-15 19:14:59,Main PF,275.82,721.58,179.79,198.66,91.12,33.53,82.54,276.05,742.26,185.04,204.55,91.08,35.66,83.14,276.65,701.78,174.02,193.83,90.28,35.52,82.39,276.17,721.88,538.85,597.05,90.83,34.91,248.06,642.00,581.20
2026-04-15 19:15:00,2026-04-15 19:29:59,PQM,264.33,784.87,187.12,207.48,90.21,36.11,51.65,303.74,798.30,209.25,242.57,86.31,37.76,86.51,267.12,769.14,168.43,205.29,82.11,38.66,86.88,278.40,784.10,564.81,655.34,86.21,37.51,225.04,811.18,690.39
2026-04-15 19:15:00,2026-04-15 19:29:59,Q08,481.98,129.48,54.74,62.12,89.16,23.78,16.22,480.58,131.41,52.80,62.84,84.96,25.26,19.15,479.99,120.55,48.17,57.57,84.99,27.03,17.39,480.85,127.15,155.71,182.53,86.37,25.36,52.76,195.60,169.00
2026-04-15 19:15:00,2026-04-15 19:29:59,Main PF,275.97,755.37,187.73,208.02,90.86,33.13,88.18,276.24,781.84,195.01,215.48,91.13,35.17,88.22,276.91,743.67,183.86,205.48,90.19,35.22,88.09,276.37,760.29,566.59,628.97,90.73,34.51,264.50,765.80,669.00
2026-04-15 19:15:00,2026-04-15 19:29:59,Q12,239.33,20.40,1.09,4.73,53.01,21.67,2.96,241.11,18.86,0.52,4.44,53.97,33.84,3.67,480.49,19.80,0.68,9.19,6.31,22.89,2.87,320.31,19.69,2.29,18.36,37.77,26.14,9.51,96.70,19.70
2026-04-15 19:15:00,2026-04-15 19:29:59,Q09,481.20,243.71,111.28,116.96,95.96,49.31,17.37,481.81,251.01,115.19,120.66,96.39,51.19,16.82,478.72,244.62,110.61,116.81,95.22,50.15,18.81,480.58,246.45,337.08,354.44,95.86,50.22,53.00,361.00,343.50
2026-04-15 19:15:00,2026-04-15 19:29:59,Q11,480.63,148.74,67.78,71.26,96.15,45.97,10.63,483.27,153.58,70.56,74.02,96.46,46.88,10.47,479.96,148.42,66.85,70.88,95.34,46.66,11.52,481.29,150.25,205.19,216.15,95.99,46.51,32.61,256.30,243.10
2026-04-15 19:30:00,2026-04-15 19:44:59,Q12,238.23,85.29,1.28,20.15,15.36,8.59,23.93,240.08,90.32,1.23,21.52,11.90,10.73,25.60,478.34,86.01,0.88,40.85,5.19,26.21,24.27,318.88,87.20,3.39,82.52,10.82,15.17,73.81,96.80,9.20
2026-04-15 19:30:00,2026-04-15 19:44:59,Q09,479.58,243.85,111.28,116.62,95.99,45.92,17.69,480.63,251.34,115.15,120.55,96.36,47.92,17.21,477.16,245.65,110.34,116.90,95.30,47.44,19.00,479.12,246.95,336.76,354.07,95.88,47.09,53.90,360.00,341.30
2026-04-15 19:30:00,2026-04-15 19:44:59,Q11,478.86,164.37,74.38,78.39,96.01,40.89,12.17,482.16,168.55,77.22,80.94,96.36,41.85,11.87,478.04,163.32,73.45,77.80,95.34,41.37,12.93,479.69,165.42,225.06,237.14,95.90,41.37,36.97,276.90,262.10
2026-04-15 19:30:00,2026-04-15 19:44:59,PQM,263.53,928.32,218.02,244.27,89.28,34.12,72.38,302.95,949.47,243.82,287.31,84.89,35.48,115.55,266.30,910.77,194.20,242.37,80.17,36.38,113.84,277.59,929.52,656.04,773.95,84.78,35.33,301.77,825.42,705.28
2026-04-15 19:30:00,2026-04-15 19:44:59,Q08,480.38,123.06,52.21,58.85,89.83,22.40,15.04,479.03,124.83,50.04,59.50,85.28,24.04,18.10,478.31,113.83,45.75,54.20,85.52,25.98,16.19,479.24,120.57,148.01,172.55,86.88,24.14,49.33,179.10,156.10
2026-04-15 19:30:00,2026-04-15 19:44:59,Main PF,275.23,906.33,218.68,248.96,88.51,31.60,118.69,275.38,945.39,229.09,259.72,88.90,33.42,118.98,275.89,895.90,214.82,246.58,87.66,33.23,118.68,275.50,915.87,662.59,755.26,88.36,32.75,356.35,816.80,714.60
2026-04-15 19:45:00,2026-04-15 19:59:59,PQM,264.71,764.05,183.05,202.47,90.40,37.06,46.11,304.35,788.65,208.15,240.07,86.70,38.31,81.79,267.48,752.68,165.14,201.45,81.97,39.94,83.62,278.84,768.46,556.34,643.99,86.36,38.44,211.52,682.81,591.77
2026-04-15 19:45:00,2026-04-15 19:59:59,Q08,482.74,127.38,53.92,61.22,89.06,24.83,16.02,481.13,131.54,52.42,62.98,84.51,25.59,19.40,480.69,119.06,47.20,56.91,83.89,28.19,17.71,481.52,125.99,153.55,181.11,85.82,26.20,53.14,192.20,165.00
2026-04-15 19:45:00,2026-04-15 19:59:59,Main PF,276.58,745.82,187.18,205.83,91.52,33.91,83.72,276.85,784.82,197.51,216.80,91.89,35.65,84.12,277.13,738.41,184.18,204.09,90.85,36.26,83.50,276.85,756.35,568.87,626.72,91.42,35.27,251.34,673.90,612.40
2026-04-15 19:45:00,2026-04-15 19:59:59,Q12,239.63,5.63,0.61,1.20,60.59,25.98,-1.16,241.44,2.58,0.00,0.50,63.34,41.34,-0.50,481.12,4.89,0.05,1.99,4.41,26.09,-1.25,320.73,4.37,0.65,3.69,42.78,31.14,-2.91,4.10,0.80
2026-04-15 19:45:00,2026-04-15 19:59:59,Q09,482.16,247.31,113.65,119.00,96.05,50.75,17.37,482.91,258.49,119.03,124.50,96.41,52.20,17.25,479.26,251.65,112.71,120.33,94.80,52.48,19.95,481.44,252.48,345.40,363.82,95.75,51.81,54.57,366.80,348.00
2026-04-15 19:45:00,2026-04-15 19:59:59,Q11,481.39,165.05,75.25,79.21,96.13,44.55,11.82,484.27,171.83,79.14,82.89,96.46,44.77,11.74,480.44,166.20,74.81,79.55,94.98,45.29,13.35,482.04,167.69,229.20,241.65,95.85,44.87,36.92,294.10,278.40
2026-04-15 20:00:00,2026-04-15 20:14:59,Q12,239.89,5.71,0.60,1.20,60.75,25.28,-1.16,241.70,2.58,0.00,0.50,63.68,40.46,-0.50,481.66,4.95,0.06,2.16,4.92,25.79,-1.24,321.09,4.41,0.66,3.86,43.11,30.51,-2.90,4.10,0.80
2026-04-15 20:00:00,2026-04-15 20:14:59,Q09,482.50,250.16,114.66,120.37,95.98,49.22,17.79,483.11,261.37,120.36,125.90,96.38,50.82,17.56,480.25,254.63,114.63,122.09,94.83,50.76,20.20,481.95,255.39,349.65,368.36,95.73,50.27,55.56,373.30,354.70
2026-04-15 20:00:00,2026-04-15 20:14:59,Q11,481.51,169.73,77.53,81.52,95.96,43.83,12.43,484.88,176.61,81.36,85.29,96.44,44.14,12.07,480.81,170.47,76.89,81.69,95.02,44.15,13.73,482.40,172.27,235.78,248.50,95.81,44.04,38.23,297.80,282.30
2026-04-15 20:00:00,2026-04-15 20:14:59,PQM,264.82,789.73,189.57,209.47,90.49,36.75,48.07,304.50,813.23,215.81,247.95,87.03,38.09,83.39,267.66,781.15,172.18,209.22,82.29,39.45,86.33,278.99,794.70,577.56,666.63,86.60,38.09,217.79,710.47,618.84
2026-04-15 20:00:00,2026-04-15 20:14:59,Q08,483.14,124.44,52.75,59.81,89.43,25.36,15.33,481.67,127.95,51.74,61.37,85.10,26.60,18.46,480.89,116.31,46.46,55.63,84.68,28.94,16.87,481.90,122.90,150.95,176.81,86.40,26.97,50.66,190.30,164.50
2026-04-15 20:00:00,2026-04-15 20:14:59,Main PF,276.91,755.92,190.05,208.94,91.61,33.88,84.15,277.13,793.07,200.13,219.27,91.98,35.75,84.62,277.55,751.39,187.99,208.05,91.10,36.52,83.88,277.20,766.80,578.16,636.26,91.56,35.38,252.65,695.30,629.30
2026-04-15 20:15:00,2026-04-15 20:29:59,PQM,265.75,790.98,190.06,210.28,90.38,36.31,50.06,305.48,806.78,213.82,246.35,86.79,37.77,84.94,268.64,777.18,172.01,208.63,82.44,39.04,86.42,279.95,791.65,575.89,665.26,86.54,37.71,221.42,691.94,603.70
2026-04-15 20:15:00,2026-04-15 20:29:59,Q08,484.82,130.08,54.92,62.81,88.76,24.77,16.59,483.74,132.49,53.22,63.80,84.45,25.98,19.63,482.74,121.74,48.70,58.49,84.39,28.11,17.81,483.77,128.10,156.84,185.10,85.87,26.29,54.02,202.10,173.60
2026-04-15 20:15:00,2026-04-15 20:29:59,Main PF,277.85,759.31,191.03,210.45,91.38,33.84,85.47,278.01,788.95,198.80,218.81,91.60,35.65,85.99,278.45,749.42,187.34,208.21,90.71,36.08,85.53,278.10,765.89,577.17,637.47,91.23,35.19,256.98,679.70,614.70
2026-04-15 20:15:00,2026-04-15 20:29:59,Q12,240.84,5.62,0.60,1.20,59.62,25.18,-1.17,242.68,2.54,0.00,0.50,61.01,38.88,-0.52,483.54,4.93,0.05,2.15,4.40,26.29,-1.25,322.35,4.36,0.65,3.85,41.68,30.11,-2.94,4.10,0.80
2026-04-15 20:15:00,2026-04-15 20:29:59,Q09,484.00,254.22,116.15,122.69,95.77,50.55,18.60,484.71,263.34,121.76,127.33,96.16,52.13,18.10,481.92,256.54,116.37,123.30,95.00,52.03,20.05,483.54,258.03,354.27,373.31,95.64,51.57,56.76,377.90,358.40
2026-04-15 20:15:00,2026-04-15 20:29:59,Q11,483.20,175.36,79.91,84.47,95.77,44.17,13.20,486.39,180.03,83.27,87.27,96.24,44.67,12.70,482.86,175.29,79.56,84.31,95.14,44.31,13.97,484.15,176.89,242.74,256.05,95.72,44.38,39.87,308.20,291.70
2026-04-15 20:30:00,2026-04-15 20:44:59,Q12,241.45,23.99,0.54,5.64,55.17,22.79,4.97,243.29,23.43,0.17,5.57,45.54,28.94,5.92,484.82,23.61,0.37,11.17,15.14,69.68,4.98,323.19,23.68,1.08,22.38,38.62,40.47,15.87,101.00,3.30
2026-04-15 20:30:00,2026-04-15 20:44:59,Q09,485.46,255.50,117.46,123.69,95.93,48.59,18.37,486.49,263.03,121.88,127.65,96.15,50.75,18.28,483.23,256.25,116.40,123.48,95.07,50.86,20.00,485.06,258.26,355.73,374.81,95.72,50.07,56.65,380.70,362.60
2026-04-15 20:30:00,2026-04-15 20:44:59,Q11,485.01,181.32,82.84,87.60,95.88,42.98,13.49,488.36,186.41,86.57,90.74,96.19,43.45,13.35,483.97,180.57,82.14,87.07,95.06,43.15,14.55,485.78,182.77,251.55,265.41,95.71,43.19,41.39,314.00,297.50
2026-04-15 20:30:00,2026-04-15 20:44:59,PQM,266.82,817.23,196.21,218.04,90.04,36.29,55.08,306.76,834.29,219.94,256.02,85.99,37.68,93.38,269.65,798.93,175.74,215.53,81.66,39.06,92.61,281.08,816.82,591.90,689.59,85.90,37.67,241.07,822.71,695.55
2026-04-15 20:30:00,2026-04-15 20:44:59,Q08,486.69,127.97,54.51,61.98,89.00,24.11,16.18,485.31,129.81,52.07,62.73,84.17,25.72,19.37,484.62,118.04,47.65,56.91,84.62,28.11,17.25,485.54,125.27,154.23,181.62,85.93,25.98,52.80,194.60,168.10
2026-04-15 20:30:00,2026-04-15 20:44:59,Main PF,278.65,798.17,199.67,221.94,90.75,33.71,93.67,278.96,831.16,208.89,231.21,91.05,35.47,93.94,279.55,784.67,195.33,218.86,90.03,36.02,93.53,279.05,804.67,603.89,672.01,90.61,35.06,281.14,805.70,702.20
2026-04-15 20:45:00,2026-04-15 20:59:59,PQM,266.61,794.52,192.09,211.62,90.77,36.12,48.49,306.46,807.92,215.02,247.27,86.95,37.71,84.71,269.39,777.23,173.50,208.99,83.02,38.92,84.64,280.82,793.22,580.61,667.88,86.91,37.58,217.84,698.40,607.45
2026-04-15 20:45:00,2026-04-15 20:59:59,Q08,486.37,125.17,52.56,60.62,87.97,24.91,16.44,484.88,127.29,50.65,61.40,83.39,26.38,19.32,483.93,116.46,46.25,56.12,83.55,28.75,17.44,485.06,122.97,149.46,178.14,84.97,26.68,53.20,196.10,168.40
2026-04-15 20:45:00,2026-04-15 20:59:59,Main PF,278.42,760.67,193.00,211.29,91.85,34.37,83.53,278.89,785.68,200.00,218.78,91.99,36.22,83.89,279.22,746.14,187.79,207.70,91.17,36.29,83.51,278.84,764.16,580.79,637.77,91.67,35.63,250.94,683.60,618.50
2026-04-15 20:45:00,2026-04-15 20:59:59,Q12,241.27,5.55,0.60,1.20,60.25,25.07,-1.17,243.10,2.52,0.00,0.50,60.95,37.56,-0.51,484.43,4.85,0.04,1.92,5.15,26.09,-1.26,322.93,4.31,0.64,3.62,42.12,29.57,-2.94,4.10,0.70
2026-04-15 20:45:00,2026-04-15 20:59:59,Q09,485.52,255.28,118.02,123.66,96.05,49.49,18.07,486.13,263.74,122.30,127.80,96.21,51.51,18.08,482.69,254.59,115.86,122.62,95.18,51.18,19.65,484.78,257.87,356.18,374.09,95.82,50.73,55.80,381.00,362.60
2026-04-15 20:45:00,2026-04-15 20:59:59,Q11,484.55,197.96,90.69,95.61,95.88,41.37,14.63,487.68,202.47,93.91,98.40,96.18,42.24,14.38,484.01,195.57,89.19,94.38,95.19,42.22,15.50,485.41,198.67,273.79,288.39,95.75,41.94,44.51,331.60,313.70
2026-04-15 21:00:00,2026-04-15 21:14:59,Q12,242.22,5.55,0.60,1.20,59.72,25.09,-1.17,244.05,2.52,0.00,0.50,60.34,37.39,-0.53,486.29,4.88,0.05,1.99,4.99,26.74,-1.26,324.19,4.32,0.65,3.69,41.68,29.74,-2.95,4.10,0.80
2026-04-15 21:00:00,2026-04-15 21:14:59,Q09,487.09,253.53,116.80,123.18,95.83,51.31,18.25,488.05,261.26,121.88,127.33,96.14,53.43,17.97,484.40,254.62,115.80,122.88,95.06,53.00,19.68,486.51,256.47,354.48,373.39,95.68,52.58,55.90,376.70,356.60
2026-04-15 21:00:00,2026-04-15 21:14:59,Q11,486.11,196.21,90.04,95.07,95.69,41.90,14.86,489.32,200.02,93.06,97.54,96.14,42.74,14.32,485.73,195.70,89.55,94.71,95.17,42.06,15.50,487.05,197.31,272.65,287.32,95.67,42.23,44.68,334.80,316.40
2026-04-15 21:00:00,2026-04-15 21:14:59,PQM,267.49,806.27,195.47,216.21,90.41,35.90,52.17,307.45,816.67,217.92,251.59,86.61,37.50,88.04,270.37,788.93,176.86,213.80,82.72,38.59,87.99,281.77,803.96,590.25,681.60,86.58,37.33,228.20,714.15,620.96
2026-04-15 21:00:00,2026-04-15 21:14:59,Q08,487.77,122.31,51.40,59.42,87.79,26.24,16.09,486.37,123.64,49.54,59.89,83.78,28.09,18.43,485.47,114.91,45.83,55.44,84.01,29.98,16.87,486.54,120.29,146.77,174.76,85.19,28.10,51.38,186.30,159.10
2026-04-15 21:00:00,2026-04-15 21:14:59,Main PF,279.37,771.92,194.98,215.12,91.31,33.91,87.73,279.63,796.12,201.77,222.12,91.51,35.49,87.71,280.26,757.26,190.42,211.61,90.67,35.88,87.46,279.75,775.10,587.17,648.85,91.16,35.09,262.90,696.00,629.30
2026-04-15 21:15:00,2026-04-15 21:29:59,PQM,267.77,832.87,201.97,223.20,90.48,35.93,53.57,307.90,845.94,226.20,260.53,86.81,37.49,89.99,270.63,817.59,183.52,221.48,82.86,38.37,91.09,282.10,832.13,611.69,705.20,86.72,37.26,234.65,782.57,678.41
2026-04-15 21:15:00,2026-04-15 21:29:59,Q08,488.91,127.19,53.72,61.89,87.61,24.92,16.90,487.53,128.54,51.44,62.41,83.31,26.34,19.61,486.77,118.80,47.36,57.53,83.47,28.09,17.83,487.74,124.84,152.53,181.83,84.80,26.45,54.34,199.20,169.70
2026-04-15 21:15:00,2026-04-15 21:29:59,Main PF,279.87,788.68,200.41,220.26,91.52,34.02,88.30,280.12,814.11,207.29,227.54,91.75,35.67,88.34,280.71,777.41,196.73,217.88,90.98,35.74,88.07,280.23,793.40,604.43,665.69,91.42,35.14,264.72,699.10,635.30
2026-04-15 21:15:00,2026-04-15 21:29:59,Q12,242.50,5.59,0.60,1.20,60.19,24.66,-1.17,244.32,2.56,0.00,0.50,61.17,37.35,-0.53,486.89,4.93,0.06,2.14,5.67,26.66,-1.26,324.57,4.36,0.66,3.84,42.34,29.56,-2.95,4.10,0.70
2026-04-15 21:15:00,2026-04-15 21:29:59,Q09,487.56,253.73,116.61,123.42,95.78,50.55,18.47,488.68,263.39,122.76,128.37,96.14,52.31,18.05,485.10,254.46,116.26,123.15,95.04,52.32,19.89,487.11,257.19,355.64,374.94,95.65,51.73,56.42,378.60,358.50
2026-04-15 21:15:00,2026-04-15 21:29:59,Q11,487.01,199.69,91.59,96.95,95.69,41.36,15.22,490.16,204.26,95.21,99.78,96.14,42.33,14.73,486.04,198.28,90.74,96.03,95.10,42.16,15.99,487.74,200.74,277.54,292.76,95.64,41.95,45.93,337.50,319.10
2026-04-15 21:30:00,2026-04-15 21:44:59,Q12,242.61,5.59,0.60,1.20,58.98,25.04,-1.18,244.41,2.58,0.00,0.50,59.31,37.04,-0.53,487.09,4.86,0.02,1.99,4.03,26.98,-1.26,324.70,4.35,0.62,3.69,40.77,29.68,-2.97,4.10,0.70
2026-04-15 21:30:00,2026-04-15 21:44:59,Q09,487.99,254.20,116.97,123.74,95.77,51.80,18.38,488.68,261.38,121.43,127.41,96.04,53.83,18.16,485.55,254.79,116.35,123.38,95.03,53.43,19.68,487.41,256.79,354.75,374.53,95.61,53.02,56.21,382.00,363.30
2026-04-15 21:30:00,2026-04-15 21:44:59,Q11,487.26,203.54,93.48,98.86,95.65,42.29,15.54,490.29,208.19,97.06,101.73,96.09,42.88,15.03,486.47,202.19,92.57,98.02,95.06,42.64,16.30,488.01,204.64,283.11,298.62,95.60,42.61,46.87,359.70,341.40
2026-04-15 21:30:00,2026-04-15 21:44:59,PQM,267.91,832.90,201.65,223.14,90.36,35.96,54.54,308.03,845.90,225.25,260.24,86.54,37.51,91.67,270.71,813.68,181.79,220.30,82.51,38.66,91.78,282.22,830.83,608.69,703.69,86.47,37.38,238.00,764.95,664.97
2026-04-15 21:30:00,2026-04-15 21:44:59,Q08,489.02,124.87,52.97,60.82,88.11,26.63,16.20,487.38,125.97,50.54,61.10,83.81,28.26,18.82,486.77,116.36,46.85,56.35,84.22,30.12,17.00,487.72,122.40,150.36,178.27,85.38,28.34,52.02,202.80,177.10
2026-04-15 21:30:00,2026-04-15 21:44:59,Main PF,280.05,808.27,204.36,225.85,91.06,33.47,92.61,280.21,835.50,211.58,233.50,91.22,35.31,92.98,280.82,792.66,199.41,222.20,90.37,35.58,92.54,280.36,812.14,615.35,681.55,90.88,34.79,278.13,722.40,653.80
2026-04-15 21:45:00,2026-04-15 21:59:59,PQM,265.87,834.27,201.11,221.58,90.75,35.85,51.56,305.82,852.11,227.28,260.55,87.21,37.22,88.42,268.78,821.69,183.32,220.75,83.03,38.19,90.53,280.16,836.03,611.70,702.88,87.00,37.08,230.51,733.31,641.34
2026-04-15 21:45:00,2026-04-15 21:59:59,Q08,485.99,128.54,54.62,62.18,88.72,25.02,16.37,484.22,130.57,52.11,62.98,83.91,26.59,19.56,483.32,118.62,47.46,57.06,84.23,28.64,17.44,484.51,125.91,154.19,182.22,85.62,26.75,53.37,194.80,167.30
2026-04-15 21:45:00,2026-04-15 21:59:59,Main PF,277.42,795.06,200.14,219.96,91.67,33.62,88.49,277.76,827.39,209.86,229.35,92.00,35.20,88.79,278.33,787.16,197.77,218.54,91.16,35.47,88.38,277.84,803.20,607.77,667.86,91.61,34.76,265.66,707.60,644.90
2026-04-15 21:45:00,2026-04-15 21:59:59,Q12,240.63,5.58,0.60,1.20,59.81,25.44,-1.17,242.43,2.54,0.00,0.50,62.76,39.94,-0.51,483.09,4.83,0.04,1.94,4.35,26.36,-1.24,322.05,4.32,0.64,3.64,42.31,30.58,-2.93,4.10,0.70
2026-04-15 21:45:00,2026-04-15 21:59:59,Q09,484.75,249.71,114.29,120.72,95.86,51.95,17.94,486.11,259.91,120.41,125.98,96.36,53.07,17.40,482.45,252.59,113.77,121.43,94.80,53.17,20.15,484.44,254.07,348.48,368.12,95.67,52.73,55.49,372.30,351.60
2026-04-15 21:45:00,2026-04-15 21:59:59,Q11,483.25,196.54,89.51,94.64,95.63,42.15,15.06,486.49,202.97,94.08,98.44,96.32,42.51,14.25,482.24,198.36,89.84,95.45,94.99,42.14,16.15,483.99,199.29,273.43,288.54,95.65,42.26,45.45,359.40,340.20
2026-04-15 22:00:00,2026-04-15 22:14:59,Q12,239.49,5.45,0.60,1.20,60.06,24.14,-1.16,241.30,2.56,0.00,0.50,62.79,38.79,-0.52,480.88,4.71,0.04,1.90,5.60,26.71,-1.23,320.56,4.24,0.64,3.60,42.82,29.88,-2.91,3.60,0.70
2026-04-15 22:00:00,2026-04-15 22:14:59,Q09,481.74,252.01,114.75,121.15,95.54,51.75,18.70,482.69,260.45,119.90,125.40,96.45,53.25,17.13,479.13,255.48,115.32,122.08,95.02,51.85,19.99,481.19,255.98,349.96,368.63,95.67,52.29,55.82,373.60,355.60
2026-04-15 22:00:00,2026-04-15 22:14:59,Q11,480.45,220.91,99.81,105.80,95.20,40.26,17.83,484.44,224.44,103.68,108.36,96.18,40.97,16.09,480.49,221.23,100.27,105.99,95.11,39.45,17.96,481.80,222.19,303.76,320.15,95.50,40.23,51.89,380.50,360.10
2026-04-15 22:00:00,2026-04-15 22:14:59,PQM,264.65,828.09,198.62,219.05,90.66,35.76,51.83,304.26,840.62,223.22,255.45,87.37,37.33,85.68,267.71,817.26,182.82,218.89,83.50,37.77,88.50,278.87,828.66,604.66,693.39,87.18,36.96,226.01,737.57,647.35
2026-04-15 22:00:00,2026-04-15 22:14:59,Q08,482.31,129.08,54.97,62.05,89.54,25.93,15.82,481.33,131.01,52.66,62.70,84.89,27.46,18.98,480.79,119.02,47.97,56.91,85.42,29.44,16.84,481.48,126.37,155.59,181.66,86.61,27.61,51.64,199.60,172.80
2026-04-15 22:00:00,2026-04-15 22:14:59,Main PF,276.42,804.26,202.11,221.81,91.62,33.49,89.51,276.61,831.97,209.01,229.60,91.88,35.06,89.89,277.43,798.32,200.43,221.12,91.22,34.72,89.48,276.82,811.52,611.56,672.53,91.58,34.42,268.89,713.00,648.00
2026-04-15 22:15:00,2026-04-15 22:29:59,PQM,263.71,714.85,167.71,189.03,88.74,39.07,49.21,302.88,713.63,183.15,217.15,84.38,41.48,79.67,266.61,694.50,150.76,185.67,81.25,41.78,77.38,277.73,707.66,501.62,591.85,84.79,40.78,206.26,720.27,591.22
2026-04-15 22:15:00,2026-04-15 22:29:59,Q08,480.82,134.45,56.63,64.34,89.26,25.84,16.69,479.53,133.22,52.89,63.62,84.23,27.90,19.74,479.22,121.88,49.46,58.20,86.06,29.60,16.89,479.86,129.85,158.98,186.16,86.52,27.78,53.32,208.60,182.30
2026-04-15 22:15:00,2026-04-15 22:29:59,Main PF,275.53,697.19,172.27,191.64,90.66,37.33,80.71,275.22,710.80,175.33,195.13,90.60,39.98,80.94,276.27,680.16,167.24,187.49,89.96,39.41,80.70,275.68,696.05,514.85,574.26,90.41,38.90,242.35,700.40,598.80
2026-04-15 22:15:00,2026-04-15 22:29:59,Q12,238.79,12.14,0.72,2.81,55.11,21.28,1.05,240.59,10.07,0.18,2.29,55.84,32.88,1.75,479.43,11.56,0.21,5.19,6.81,24.82,1.01,319.60,11.26,1.11,10.30,39.25,26.33,3.80,99.10,5.60
2026-04-15 22:15:00,2026-04-15 22:29:59,Q09,480.08,245.53,111.21,117.52,95.34,54.12,18.38,480.55,249.23,114.19,119.43,96.07,56.70,17.01,477.95,244.88,110.38,116.68,95.22,54.69,18.54,479.53,246.55,335.78,353.64,95.54,55.17,53.92,363.20,345.10
2026-04-15 22:15:00,2026-04-15 22:29:59,Q11,479.03,114.59,51.46,54.65,95.81,58.94,8.06,482.58,116.85,53.30,56.15,96.04,60.56,7.90,479.23,112.84,50.67,53.79,95.38,59.80,8.25,480.28,114.76,155.43,164.59,95.74,59.77,24.21,253.70,241.20
2026-04-15 22:30:00,2026-04-15 22:44:59,Q12,236.99,52.66,0.83,12.38,34.59,14.09,14.01,238.80,54.31,0.78,12.83,28.55,18.09,15.06,475.85,53.00,0.49,24.88,9.01,90.84,14.22,317.22,53.32,2.09,50.08,24.05,41.01,43.28,99.60,5.00
2026-04-15 22:30:00,2026-04-15 22:44:59,Q09,475.41,246.87,110.65,117.04,95.25,50.07,19.03,476.76,246.52,111.97,117.24,96.14,53.17,16.98,474.12,245.65,109.86,116.18,95.69,50.37,17.96,475.43,246.35,332.48,350.47,95.69,51.20,53.97,368.50,349.90
2026-04-15 22:30:00,2026-04-15 22:44:59,Q11,475.58,137.44,61.45,65.05,95.65,50.17,10.27,478.73,137.47,62.30,65.52,96.07,52.77,9.61,475.56,134.69,60.22,63.78,95.85,50.74,9.71,476.62,136.53,183.97,194.35,95.86,51.23,29.60,261.70,247.10
2026-04-15 22:30:00,2026-04-15 22:44:59,PQM,261.76,825.25,191.28,215.89,88.67,37.51,61.00,300.55,818.20,207.31,246.02,84.37,39.96,93.81,264.68,803.25,172.67,212.31,81.46,39.74,90.95,275.66,815.57,571.26,674.22,84.83,39.07,245.76,748.34,621.96
2026-04-15 22:30:00,2026-04-15 22:44:59,Q08,476.97,137.28,58.21,65.17,90.16,23.80,16.49,475.65,134.41,53.82,63.68,85.65,26.51,19.13,475.82,124.20,50.96,58.88,88.03,27.32,16.12,476.15,131.96,163.00,187.73,87.95,25.88,51.74,195.40,172.10
2026-04-15 22:30:00,2026-04-15 22:44:59,Main PF,273.26,809.07,196.56,220.64,89.77,35.61,98.00,273.34,818.93,198.71,223.23,89.64,38.22,98.02,274.14,791.64,191.39,216.44,89.16,36.66,97.96,273.58,806.55,586.65,660.30,89.52,36.83,293.99,747.00,648.10
2026-04-15 22:45:00,2026-04-15 22:59:59,PQM,262.56,777.79,183.16,203.99,89.78,38.55,47.93,301.49,773.38,200.66,232.80,86.18,41.11,77.23,265.43,759.14,167.78,201.34,83.33,40.82,77.39,276.49,770.10,551.60,638.13,86.43,40.16,202.55,673.76,585.81
2026-04-15 22:45:00,2026-04-15 22:59:59,Q08,478.83,136.31,57.43,64.95,89.41,26.13,16.78,477.56,134.93,54.53,64.17,85.86,28.57,18.96,476.73,126.41,51.70,59.97,87.03,29.16,16.94,477.71,132.55,163.67,189.10,87.43,27.95,52.68,202.90,177.80
2026-04-15 22:45:00,2026-04-15 22:59:59,Main PF,274.35,771.04,193.03,211.02,92.08,36.15,81.96,274.18,777.41,194.11,212.66,92.00,38.61,82.10,275.18,753.48,188.04,206.87,91.64,37.34,82.01,274.57,767.31,575.17,630.55,91.91,37.37,246.06,653.20,598.00
2026-04-15 22:45:00,2026-04-15 22:59:59,Q12,237.78,5.43,0.61,1.20,59.64,23.78,-1.15,239.56,2.55,0.00,0.50,60.24,36.45,-0.53,477.39,4.80,0.06,1.93,6.09,27.41,-1.23,318.24,4.26,0.67,3.63,41.99,29.21,-2.91,4.10,0.80
2026-04-15 22:45:00,2026-04-15 22:59:59,Q09,477.55,256.60,115.53,122.23,95.30,51.45,19.57,478.70,258.43,118.19,123.40,96.19,54.78,17.54,475.57,256.75,115.38,121.80,95.59,51.68,18.83,477.28,257.26,349.09,367.42,95.69,52.64,55.94,372.60,353.80
2026-04-15 22:45:00,2026-04-15 22:59:59,Q11,477.14,172.11,77.36,81.91,95.59,44.42,13.12,480.14,173.07,78.97,82.79,96.11,46.54,12.27,476.69,169.66,76.29,80.69,95.71,44.77,12.66,477.99,171.61,232.63,245.39,95.80,45.25,38.06,298.40,284.20
2026-04-15 23:00:00,2026-04-15 23:14:59,Q12,238.07,5.38,0.60,1.20,60.04,23.91,-1.14,239.84,2.57,0.00,0.50,61.65,36.66,-0.53,477.94,4.73,0.06,1.90,6.73,27.11,-1.23,318.62,4.22,0.66,3.60,42.80,29.23,-2.90,3.60,0.70
2026-04-15 23:00:00,2026-04-15 23:14:59,Q09,478.30,255.70,115.41,121.95,95.37,51.41,19.31,479.12,258.12,117.76,123.25,96.13,54.39,17.67,476.25,254.98,114.68,121.13,95.41,52.27,19.09,477.89,256.27,347.85,366.34,95.64,52.69,56.06,369.90,351.80
2026-04-15 23:00:00,2026-04-15 23:14:59,Q11,477.21,195.26,87.76,92.84,95.34,42.02,15.41,480.99,196.20,89.63,94.06,96.07,43.72,14.19,477.34,192.87,86.75,91.74,95.49,41.83,14.94,478.52,194.78,264.13,278.64,95.63,42.52,44.54,307.10,291.70
2026-04-15 23:00:00,2026-04-15 23:14:59,PQM,263.02,802.55,189.81,211.09,89.91,37.90,49.94,302.08,802.80,209.37,242.54,86.32,40.15,81.46,265.91,785.14,173.97,208.96,83.25,40.07,81.68,277.01,796.83,573.14,662.59,86.49,39.37,213.08,692.18,600.26
2026-04-15 23:00:00,2026-04-15 23:14:59,Q08,479.24,135.94,57.04,64.81,89.35,26.44,16.76,477.65,134.44,54.03,64.02,85.39,28.81,19.15,477.90,125.29,51.04,59.54,86.73,29.48,16.93,478.26,131.89,162.11,188.38,87.16,28.24,52.85,195.80,168.90
2026-04-15 23:00:00,2026-04-15 23:14:59,Main PF,274.61,781.13,194.47,213.99,91.76,35.51,85.19,274.59,795.27,198.06,217.84,91.76,37.86,85.49,275.63,767.07,191.17,210.90,91.28,36.44,85.25,274.94,781.15,583.69,642.73,91.60,36.60,255.93,681.00,617.90
2026-04-15 23:15:00,2026-04-15 23:29:59,PQM,263.10,801.71,189.49,210.56,89.99,37.83,49.88,302.19,801.58,209.30,241.96,86.49,40.19,80.44,265.99,788.24,174.49,209.22,83.39,39.93,81.74,277.09,797.18,573.28,661.74,86.62,39.32,212.06,693.10,602.55
2026-04-15 23:15:00,2026-04-15 23:29:59,Q08,479.73,132.19,55.42,63.11,88.90,26.90,16.59,478.25,131.75,52.88,62.73,85.41,29.33,18.72,477.81,123.19,49.83,58.64,86.14,30.02,17.01,478.60,129.04,158.13,184.47,86.82,28.75,52.32,194.80,168.20
2026-04-15 23:15:00,2026-04-15 23:29:59,Main PF,274.92,771.81,192.78,211.67,91.79,35.93,84.12,274.68,784.65,195.92,215.07,91.84,38.39,84.16,275.62,758.62,189.51,208.69,91.39,37.04,84.00,275.07,771.69,578.20,635.43,91.67,37.12,252.27,678.10,616.10
2026-04-15 23:15:00,2026-04-15 23:29:59,Q12,238.35,5.38,0.59,1.20,58.58,23.63,-1.16,240.14,2.56,0.00,0.50,60.30,36.89,-0.53,478.55,4.74,0.03,1.90,4.81,26.59,-1.23,319.01,4.22,0.63,3.60,41.23,29.04,-2.92,3.60,0.70
2026-04-15 23:15:00,2026-04-15 23:29:59,Q09,478.85,253.91,114.68,121.25,95.35,52.76,19.18,479.61,257.96,117.95,123.43,96.13,55.91,17.51,476.50,255.20,114.77,121.35,95.35,53.33,19.07,478.32,255.69,347.39,366.03,95.61,54.00,55.76,371.60,352.60
2026-04-15 23:15:00,2026-04-15 23:29:59,Q11,477.87,190.19,85.56,90.57,95.41,42.88,14.84,481.21,191.58,87.59,91.93,96.06,44.84,13.75,477.44,188.38,84.83,89.65,95.44,42.93,14.51,478.84,190.05,257.97,272.15,95.64,43.55,43.10,314.70,298.30
2026-04-15 23:30:00,2026-04-15 23:44:59,Q12,238.64,5.45,0.60,1.20,58.78,23.36,-1.16,240.44,2.55,0.00,0.50,60.39,36.32,-0.53,479.16,4.75,0.02,1.90,4.66,25.52,-1.23,319.41,4.25,0.62,3.60,41.28,28.40,-2.92,3.60,0.70
2026-04-15 23:30:00,2026-04-15 23:44:59,Q09,479.34,254.71,115.05,121.72,95.43,53.41,18.97,480.35,259.29,118.05,124.25,95.93,56.12,17.97,477.00,253.88,114.10,120.73,95.22,54.33,19.13,478.90,255.96,347.20,366.70,95.53,54.62,56.08,369.60,349.90
2026-04-15 23:30:00,2026-04-15 23:44:59,Q11,479.13,140.18,63.31,66.80,95.91,51.32,10.03,481.87,142.48,64.85,68.39,95.94,53.08,10.06,478.59,137.48,61.71,65.46,95.44,52.53,10.28,479.86,140.05,189.86,200.65,95.76,52.31,30.36,250.20,237.30
2026-04-15 23:30:00,2026-04-15 23:44:59,PQM,263.59,739.39,174.65,195.16,89.49,38.87,47.52,302.71,741.67,191.30,224.69,85.13,41.30,79.88,266.29,716.50,156.81,190.96,82.11,41.60,77.27,277.53,732.52,522.77,610.81,85.58,40.59,204.67,648.74,559.56
2026-04-15 23:30:00,2026-04-15 23:44:59,Q08,480.30,136.46,57.56,65.27,89.19,27.20,16.90,479.14,135.72,54.14,64.71,84.86,29.57,19.57,478.62,124.89,50.65,59.48,86.28,30.57,17.14,479.35,132.35,162.34,189.46,86.78,29.11,53.61,198.00,171.90
2026-04-15 23:30:00,2026-04-15 23:44:59,Main PF,275.10,715.44,178.19,196.51,91.31,36.83,80.27,275.37,731.17,181.89,200.95,91.21,39.63,80.38,276.05,695.78,172.37,191.66,90.58,38.59,80.14,275.51,714.13,532.45,589.11,91.03,38.35,240.80,611.00,551.30
2026-04-15 23:45:00,2026-04-15 23:59:59,PQM,264.49,715.66,168.57,189.42,88.94,39.43,48.50,303.83,721.77,185.10,219.34,84.32,41.77,81.20,267.11,693.21,150.00,185.13,80.94,42.27,78.10,278.48,710.21,503.67,593.89,84.73,41.16,207.80,778.61,681.75
2026-04-15 23:45:00,2026-04-15 23:59:59,Q08,482.24,137.03,57.93,65.74,89.31,26.87,16.92,480.46,138.18,55.47,66.13,84.76,29.08,19.98,479.89,125.97,50.83,60.27,85.71,30.59,17.60,480.86,133.73,164.23,192.14,86.59,28.85,54.50,199.20,170.60
2026-04-15 23:45:00,2026-04-15 23:59:59,Main PF,276.10,689.84,171.26,189.95,90.82,37.26,78.98,276.09,705.85,175.38,194.48,90.74,39.93,79.18,276.83,668.46,164.77,184.70,89.93,39.08,78.94,276.34,688.05,511.42,569.13,90.49,38.76,237.11,708.70,649.00
2026-04-15 23:45:00,2026-04-15 23:59:59,Q12,239.28,5.36,0.60,1.20,59.92,23.35,-1.15,241.09,2.49,0.00,0.50,61.18,36.78,-0.52,480.46,4.66,0.06,1.93,5.46,25.12,-1.24,320.28,4.17,0.66,3.63,42.19,28.42,-2.91,4.10,0.70
2026-04-15 23:45:00,2026-04-15 23:59:59,Q09,481.28,255.14,115.84,122.45,95.69,53.54,18.46,481.58,259.79,118.28,124.69,95.81,56.67,18.35,478.92,253.42,114.22,121.05,95.15,55.31,19.16,480.59,256.12,348.33,368.19,95.55,55.17,55.97,378.80,356.90
2026-04-15 23:45:00,2026-04-15 23:59:59,Q11,480.75,88.43,40.19,42.27,96.46,68.41,5.46,484.01,91.97,41.83,44.23,96.03,69.53,5.94,480.16,86.49,38.63,41.27,95.19,70.05,6.10,481.64,88.96,120.64,127.77,95.89,69.33,17.51,165.00,156.90
2026-04-16 00:00:00,2026-04-16 00:14:59,Q12,238.56,5.79,0.60,1.21,61.07,25.48,-1.14,240.36,2.63,0.00,0.50,62.32,38.03,-0.51,478.98,5.18,0.11,2.37,6.59,27.41,-1.23,319.30,4.53,0.71,4.08,43.33,30.30,-2.89,4.30,0.80
2026-04-16 00:00:00,2026-04-16 00:14:59,Q09,479.52,236.38,107.03,113.05,95.80,51.37,17.06,480.03,241.20,110.30,115.47,96.20,54.31,16.36,477.20,235.39,105.90,111.93,95.43,52.21,17.54,478.92,237.66,323.24,340.45,95.81,52.63,50.96,365.30,346.10
2026-04-16 00:00:00,2026-04-16 00:14:59,Q11,479.19,168.36,76.16,80.38,95.81,43.21,12.60,481.75,170.51,78.02,81.87,96.16,44.90,12.17,477.93,165.91,74.62,78.98,95.43,43.56,12.90,479.62,168.26,228.80,241.23,95.80,43.89,37.66,304.50,287.90
2026-04-16 00:00:00,2026-04-16 00:14:59,PQM,263.41,908.78,216.51,239.46,90.37,37.97,51.46,302.78,914.06,240.97,277.10,86.89,40.40,87.54,266.06,888.92,198.45,236.72,83.76,40.35,88.66,277.42,903.92,655.93,753.28,87.01,39.57,227.66,842.13,740.23
2026-04-16 00:00:00,2026-04-16 00:14:59,Q08,480.84,119.14,49.95,57.06,88.88,27.79,14.82,478.57,119.92,47.17,57.12,83.68,30.11,17.81,478.33,108.62,43.18,51.71,84.61,31.95,15.54,479.24,115.89,140.30,165.88,85.73,29.95,48.17,190.90,167.30
2026-04-16 00:00:00,2026-04-16 00:14:59,Main PF,275.26,864.20,218.04,237.28,92.55,36.62,89.62,275.32,882.99,223.18,242.60,92.62,39.27,89.83,276.08,845.18,212.85,232.75,92.07,38.15,89.60,275.55,864.13,654.06,712.63,92.42,38.02,269.05,820.00,753.40
2026-04-16 00:15:00,2026-04-16 00:29:59,PQM,263.29,1016.85,243.88,267.67,91.11,36.14,56.95,302.50,1017.12,270.92,307.77,88.02,38.61,93.94,265.92,1000.01,226.37,265.91,85.13,38.08,97.00,277.24,1011.33,741.18,841.36,88.09,37.61,247.89,865.14,765.44
2026-04-16 00:15:00,2026-04-16 00:29:59,Q08,480.12,121.92,51.41,58.27,89.08,27.89,15.06,478.26,121.43,48.55,57.84,84.90,30.66,17.39,478.20,112.57,45.49,53.62,85.95,31.54,15.45,478.86,118.64,145.45,169.73,86.64,30.03,47.90,185.10,162.50
2026-04-16 00:15:00,2026-04-16 00:29:59,Main PF,275.08,987.98,250.67,271.23,92.92,34.01,100.64,275.08,1007.91,255.32,276.63,93.01,36.18,100.74,275.69,976.76,247.46,268.70,92.66,34.70,100.62,275.29,990.89,753.45,816.56,92.86,34.96,302.00,838.20,774.70
2026-04-16 00:15:00,2026-04-16 00:29:59,Q12,238.33,5.82,0.60,1.20,60.33,26.25,-1.15,240.12,2.65,0.00,0.50,62.15,39.35,-0.51,478.48,5.16,0.11,2.40,5.61,28.45,-1.23,318.98,4.55,0.71,4.10,42.70,31.35,-2.89,4.10,0.80
2026-04-16 00:15:00,2026-04-16 00:29:59,Q09,479.10,194.14,87.88,92.73,95.89,58.73,13.44,479.75,199.21,90.90,95.26,96.28,62.25,12.94,476.84,193.74,87.02,92.05,95.39,59.65,14.05,478.56,195.69,265.80,280.04,95.85,60.21,40.43,298.10,282.30
2026-04-16 00:15:00,2026-04-16 00:29:59,Q11,478.19,219.15,98.74,104.46,95.31,38.01,17.65,481.08,221.47,101.26,106.25,95.98,39.59,16.42,477.72,217.24,97.78,103.43,95.28,37.93,17.41,479.00,219.29,297.77,314.14,95.52,38.51,51.47,324.30,307.00
2026-04-16 00:30:00,2026-04-16 00:44:59,Q12,238.97,5.81,0.60,1.20,59.89,25.72,-1.16,240.78,2.61,0.00,0.50,62.14,39.68,-0.51,479.82,5.14,0.09,2.36,5.13,27.79,-1.23,319.86,4.52,0.69,4.06,42.39,31.06,-2.91,4.10,0.80
2026-04-16 00:30:00,2026-04-16 00:44:59,Q09,480.53,203.47,92.46,97.35,95.96,56.00,14.26,481.00,211.67,96.77,101.40,96.36,59.27,13.72,477.87,205.26,92.33,97.75,95.44,56.79,14.97,479.80,206.80,281.56,296.50,95.92,57.36,42.96,298.40,284.20
2026-04-16 00:30:00,2026-04-16 00:44:59,Q11,479.17,230.22,103.97,109.96,95.22,37.14,18.72,482.48,233.07,106.46,112.14,95.94,38.86,17.35,478.87,228.24,103.14,108.96,95.23,36.51,18.42,480.17,230.51,313.56,331.05,95.46,37.50,54.49,338.50,320.00
2026-04-16 00:30:00,2026-04-16 00:44:59,PQM,264.02,1036.01,249.86,273.41,91.37,36.70,52.72,303.36,1041.90,279.97,315.91,88.60,39.06,89.89,266.68,1022.19,233.60,272.43,85.73,38.52,94.54,278.02,1033.37,763.43,861.74,88.57,38.09,237.14,922.80,827.12
2026-04-16 00:30:00,2026-04-16 00:44:59,Q08,481.71,118.03,50.26,56.59,90.05,29.45,14.00,479.50,118.81,47.67,56.73,85.35,32.17,16.77,479.11,107.86,43.77,51.44,86.49,33.85,14.60,480.11,114.90,141.70,164.76,87.29,31.82,45.36,174.50,152.30
2026-04-16 00:30:00,2026-04-16 00:44:59,Main PF,275.82,998.39,255.55,274.79,93.68,34.52,95.81,275.81,1018.73,260.99,280.50,93.78,36.69,96.16,276.41,986.26,252.69,272.04,93.46,35.38,95.76,276.01,1001.13,769.24,827.33,93.64,35.53,287.74,889.60,832.70
2026-04-16 00:45:00,2026-04-16 00:59:59,PQM,264.36,1066.18,258.52,282.08,91.63,35.88,54.66,303.73,1071.80,290.14,325.73,89.05,38.17,91.26,267.05,1056.58,243.51,282.50,86.18,37.44,97.53,278.38,1064.85,792.17,890.31,88.95,37.17,243.45,941.20,848.09
2026-04-16 00:45:00,2026-04-16 00:59:59,Q08,482.32,117.47,49.78,56.45,89.47,29.89,14.28,480.29,117.28,47.38,56.04,85.56,32.85,16.40,479.88,108.44,44.22,51.82,86.62,33.69,14.59,480.83,114.39,141.37,164.31,87.22,32.14,45.26,170.30,146.20
2026-04-16 00:45:00,2026-04-16 00:59:59,Main PF,276.19,1029.35,264.44,283.67,93.79,33.72,98.36,276.11,1053.31,270.65,290.34,93.92,35.89,98.65,276.69,1024.26,263.58,282.85,93.65,34.36,98.25,276.33,1035.64,798.67,856.86,93.79,34.66,295.26,900.50,846.00
2026-04-16 00:45:00,2026-04-16 00:59:59,Q12,239.14,5.69,0.60,1.20,60.13,25.54,-1.16,240.93,2.61,0.00,0.50,62.39,39.19,-0.52,480.11,5.02,0.10,2.31,4.96,27.73,-1.24,320.06,4.44,0.70,4.01,42.49,30.82,-2.92,4.10,0.80
2026-04-16 00:45:00,2026-04-16 00:59:59,Q09,481.24,205.84,93.95,98.71,95.95,55.69,14.29,481.66,212.53,97.63,102.09,96.46,58.78,13.62,478.45,205.90,92.79,98.23,95.47,56.75,15.02,480.45,208.09,284.36,299.04,95.96,57.07,42.94,301.20,287.00
2026-04-16 00:45:00,2026-04-16 00:59:59,Q11,479.65,238.32,107.84,114.02,95.13,36.58,19.62,483.25,240.53,110.03,115.90,95.93,38.19,17.97,479.47,237.19,107.27,113.38,95.22,36.19,19.21,480.79,238.68,325.15,343.30,95.43,36.98,56.81,350.90,331.60
2026-04-16 01:00:00,2026-04-16 01:14:59,Q12,240.12,5.50,0.60,1.20,59.98,22.65,-1.16,241.93,2.54,0.00,0.50,62.14,37.97,-0.51,482.09,4.78,0.04,2.01,4.41,23.61,-1.25,321.38,4.27,0.64,3.71,42.18,28.08,-2.92,4.10,0.80
2026-04-16 01:00:00,2026-04-16 01:14:59,Q09,482.89,215.35,98.50,103.69,95.89,65.59,14.44,482.86,223.93,102.31,107.79,95.88,67.74,14.83,479.92,214.05,96.30,102.47,94.77,66.13,15.96,481.89,217.78,297.11,313.96,95.52,66.49,45.22,327.80,308.60
2026-04-16 01:00:00,2026-04-16 01:14:59,Q11,482.18,88.54,39.31,42.25,54.46,31.72,6.75,485.09,88.92,39.79,42.72,54.30,35.24,6.30,481.49,86.49,38.38,41.21,42.30,27.44,6.60,482.92,87.98,117.49,126.18,50.35,31.46,19.65,353.70,334.40
2026-04-16 01:00:00,2026-04-16 01:14:59,PQM,265.32,719.59,171.60,190.57,89.11,40.55,41.79,304.46,725.08,189.92,220.65,84.55,42.77,72.18,267.69,698.99,155.70,187.03,81.52,43.27,71.13,279.16,714.55,517.22,598.25,85.06,42.20,185.10,935.20,840.72
2026-04-16 01:00:00,2026-04-16 01:14:59,Q08,483.11,119.93,51.24,57.58,90.13,35.07,13.93,481.76,122.16,48.73,58.57,84.09,37.84,17.55,481.29,108.84,43.73,52.07,85.33,41.06,14.76,482.05,116.98,143.70,168.22,86.52,37.99,46.25,182.70,155.10
2026-04-16 01:00:00,2026-04-16 01:14:59,Main PF,277.16,666.11,167.56,183.92,90.88,38.40,71.46,276.99,684.64,171.82,188.96,90.78,41.00,71.67,277.44,648.97,162.22,179.40,89.85,40.22,71.34,277.20,666.58,501.60,552.28,90.51,39.87,214.47,892.70,837.60
2026-04-16 01:15:00,2026-04-16 01:29:59,PQM,264.86,1049.00,254.70,277.58,91.44,36.03,53.37,304.22,1055.80,286.16,321.02,88.62,38.26,90.12,267.44,1036.25,238.94,277.12,85.67,37.77,96.18,278.84,1047.02,779.80,875.72,88.58,37.35,239.66,978.45,882.16
2026-04-16 01:15:00,2026-04-16 01:29:59,Q08,483.34,98.69,41.03,47.41,87.80,27.09,12.93,481.28,99.02,38.61,47.38,82.80,29.74,15.18,480.92,91.19,35.82,43.62,83.85,31.37,13.36,481.85,96.30,115.46,138.41,84.82,29.40,41.47,151.50,130.00
2026-04-16 01:15:00,2026-04-16 01:29:59,Main PF,276.86,1036.25,266.77,286.33,93.69,33.67,98.70,276.60,1059.25,272.57,292.33,93.81,35.78,98.87,277.37,1027.25,264.67,284.33,93.45,34.34,98.75,276.94,1040.92,804.01,862.98,93.65,34.60,296.32,942.30,883.50
2026-04-16 01:15:00,2026-04-16 01:29:59,Q12,239.84,5.75,0.60,1.21,60.82,25.76,-1.16,241.63,2.61,0.00,0.50,63.00,39.71,-0.50,481.48,5.06,0.08,2.34,4.99,27.15,-1.26,320.98,4.48,0.68,4.05,42.94,30.87,-2.92,4.30,0.80
2026-04-16 01:15:00,2026-04-16 01:29:59,Q09,482.38,210.17,96.25,101.07,95.99,58.66,14.35,482.53,216.63,99.39,104.23,96.20,61.75,14.17,479.65,208.89,94.43,99.86,95.29,59.23,15.29,481.52,211.90,290.07,305.16,95.83,59.88,43.81,325.10,305.80
2026-04-16 01:15:00,2026-04-16 01:29:59,Q11,481.24,224.61,101.74,107.69,91.44,37.44,18.14,484.11,226.40,103.74,109.34,91.98,39.61,16.94,480.33,222.26,100.53,106.40,90.14,37.23,18.06,481.90,224.42,306.01,323.44,91.19,38.09,53.15,363.20,343.90
2026-04-16 01:30:00,2026-04-16 01:44:59,Q12,239.41,5.83,0.60,1.20,60.03,25.73,-1.17,241.23,2.66,0.00,0.50,63.03,40.42,-0.51,480.64,5.12,0.08,2.40,4.45,27.65,-1.24,320.42,4.54,0.68,4.10,42.50,31.27,-2.92,4.10,0.80
2026-04-16 01:30:00,2026-04-16 01:44:59,Q09,481.44,208.74,95.09,100.17,95.88,57.13,14.59,482.01,215.31,98.87,103.53,96.59,60.04,13.54,479.30,211.14,95.47,100.93,95.44,57.02,15.38,480.92,211.73,289.43,304.62,95.97,58.06,43.51,308.10,293.70
2026-04-16 01:30:00,2026-04-16 01:44:59,Q11,480.28,257.65,116.35,123.40,94.98,35.89,21.52,483.47,260.08,119.27,125.39,95.92,37.16,19.52,479.69,256.55,116.28,122.71,95.09,35.10,21.13,481.15,258.10,351.90,371.49,95.33,36.05,62.17,380.70,358.90
2026-04-16 01:30:00,2026-04-16 01:44:59,PQM,264.66,1153.90,280.84,305.07,92.04,34.57,58.97,304.05,1155.98,315.10,351.45,89.64,36.83,97.02,267.41,1145.65,265.82,306.14,86.81,35.93,105.03,278.71,1151.84,861.76,962.67,89.49,35.78,261.02,1010.69,912.62
2026-04-16 01:30:00,2026-04-16 01:44:59,Q08,482.40,104.25,44.18,49.96,89.66,24.36,12.76,480.87,104.23,40.98,49.83,83.40,26.56,15.82,480.66,92.66,37.35,44.23,85.63,28.87,13.03,481.31,100.38,122.51,144.01,86.23,26.60,41.61,156.90,135.40
2026-04-16 01:30:00,2026-04-16 01:44:59,Main PF,276.52,1120.74,288.94,309.31,93.92,32.48,106.33,276.42,1146.32,295.44,316.14,94.09,34.18,106.58,277.14,1119.57,289.26,309.74,93.86,32.71,106.35,276.69,1128.88,873.64,935.19,93.96,33.12,319.26,971.20,911.80
2026-04-16 01:45:00,2026-04-16 01:59:59,PQM,265.17,1096.79,266.98,290.55,91.57,35.65,56.49,304.57,1099.82,298.92,334.95,88.74,37.96,94.32,267.83,1086.26,251.33,290.45,85.99,37.21,100.32,279.19,1094.29,817.24,915.95,88.76,36.94,251.13,1024.12,924.36
2026-04-16 01:45:00,2026-04-16 01:59:59,Q08,483.22,94.12,39.01,45.18,87.79,26.42,12.37,482.12,94.75,36.00,45.45,80.49,29.02,15.28,481.09,83.50,32.48,39.85,82.89,31.24,12.51,482.14,90.79,107.49,130.48,83.72,28.89,40.16,152.90,131.40
2026-04-16 01:45:00,2026-04-16 01:59:59,Main PF,276.95,1075.08,277.21,297.02,93.67,32.79,102.27,276.86,1098.05,283.38,303.58,93.78,34.86,102.43,277.50,1068.73,276.03,295.99,93.48,33.24,102.00,277.10,1080.62,836.61,896.59,93.64,33.63,306.71,985.60,924.90
2026-04-16 01:45:00,2026-04-16 01:59:59,Q12,240.02,5.83,0.60,1.21,60.83,26.44,-1.16,241.82,2.66,0.00,0.50,63.53,40.83,-0.50,481.87,5.17,0.10,2.37,5.35,28.37,-1.25,321.24,4.55,0.70,4.08,43.24,31.88,-2.91,4.30,0.80
2026-04-16 01:45:00,2026-04-16 01:59:59,Q09,482.25,211.84,96.51,101.89,95.88,58.00,14.69,483.02,217.51,99.99,104.78,96.54,60.77,13.62,479.91,211.77,95.76,101.39,95.52,58.35,15.26,481.73,213.71,292.27,308.06,95.98,59.04,43.56,333.30,314.30
2026-04-16 01:45:00,2026-04-16 01:59:59,Q11,481.33,242.67,109.59,116.38,90.54,34.80,20.12,484.24,244.11,111.47,117.75,91.19,36.62,18.37,480.59,240.84,108.98,115.37,89.84,34.83,19.63,482.05,242.54,330.04,349.50,90.53,35.42,58.12,388.00,365.70
2026-04-16 02:00:00,2026-04-16 02:14:59,Q12,241.52,5.40,0.60,1.20,60.38,18.99,-1.17,243.34,2.49,0.00,0.50,63.24,37.11,-0.51,484.87,4.63,0.06,1.90,4.58,20.24,-1.26,323.25,4.17,0.66,3.60,42.73,25.45,-2.94,3.60,0.70
2026-04-16 02:00:00,2026-04-16 02:14:59,Q09,485.71,224.12,103.12,108.62,95.91,73.17,14.50,485.85,236.14,108.38,114.32,95.85,73.79,15.25,483.01,224.65,101.29,108.27,94.25,73.37,16.98,484.86,228.31,312.79,331.21,95.34,73.44,46.73,334.00,315.30
2026-04-16 02:00:00,2026-04-16 02:14:59,Q11,485.47,2.89,0.11,1.17,30.73,32.61,-0.62,487.89,2.45,0.00,1.00,30.87,38.40,-0.51,484.62,2.49,0.00,1.00,13.99,21.90,-0.57,486.00,2.61,0.11,3.17,25.19,30.97,-1.70,3.50,0.40
2026-04-16 02:00:00,2026-04-16 02:14:59,PQM,266.93,462.79,107.87,123.62,87.09,43.07,34.71,306.11,468.44,116.99,143.38,81.40,45.35,58.06,269.23,446.26,94.61,120.12,78.55,45.65,53.77,280.75,459.16,319.47,387.12,82.35,44.69,146.54,427.74,365.61
2026-04-16 02:00:00,2026-04-16 02:14:59,Q08,487.03,104.80,43.79,50.78,87.33,34.90,13.56,484.20,106.84,39.76,51.47,78.43,37.09,17.65,484.41,91.59,34.96,44.05,80.67,41.01,14.12,485.21,101.07,118.50,146.30,82.14,37.67,45.33,170.60,143.20
2026-04-16 02:00:00,2026-04-16 02:14:59,Main PF,278.50,458.16,113.16,127.28,89.58,39.47,54.98,278.62,472.03,116.48,131.21,89.35,42.52,55.22,279.01,442.94,108.25,123.29,88.35,41.77,55.04,278.71,457.71,337.88,381.77,89.09,41.25,165.24,426.10,385.40
2026-04-16 02:15:00,2026-04-16 02:29:59,PQM,267.13,459.08,106.32,122.36,86.73,43.64,34.88,306.43,467.64,116.35,143.09,81.12,45.71,58.21,269.44,443.98,93.34,119.52,77.89,46.21,54.28,281.00,456.90,316.01,384.97,81.91,45.19,147.37,429.03,364.37
2026-04-16 02:15:00,2026-04-16 02:29:59,Q08,487.40,93.53,38.68,45.28,86.71,38.91,12.24,484.90,96.46,35.83,46.53,77.99,41.21,15.87,484.76,83.29,31.45,40.13,79.43,45.36,12.98,485.68,91.09,105.96,131.94,81.37,41.83,41.09,158.80,134.60
2026-04-16 02:15:00,2026-04-16 02:29:59,Main PF,278.89,455.02,112.04,126.52,89.23,39.77,55.27,278.90,472.89,116.51,131.54,89.18,42.48,55.57,279.42,441.41,107.74,123.04,88.07,41.68,55.29,279.07,456.44,336.29,381.11,88.83,41.31,166.12,419.10,374.00
2026-04-16 02:15:00,2026-04-16 02:29:59,Q12,241.84,5.38,0.60,1.20,59.20,18.83,-1.19,243.68,2.52,0.00,0.50,62.44,38.36,-0.51,485.58,4.61,0.02,1.90,3.14,19.71,-1.26,323.70,4.17,0.62,3.60,41.59,25.63,-2.95,3.60,0.70
2026-04-16 02:15:00,2026-04-16 02:29:59,Q09,486.56,225.04,103.54,109.19,95.89,73.68,14.50,486.48,238.24,109.59,115.48,95.90,74.35,15.30,483.12,226.61,101.66,109.05,94.06,73.89,17.39,485.39,229.96,314.79,333.71,95.29,73.97,47.20,338.10,318.20
2026-04-16 02:15:00,2026-04-16 02:29:59,Q11,486.40,2.75,0.00,1.00,23.15,34.08,-0.58,488.59,2.48,0.00,1.00,20.00,37.87,-0.54,484.84,2.46,0.00,1.00,11.89,20.06,-0.57,486.61,2.57,0.00,3.00,18.35,30.67,-1.69,3.00,0.00
2026-04-16 02:30:00,2026-04-16 02:44:59,Q12,242.05,5.37,0.60,1.20,59.95,18.52,-1.18,243.88,2.49,0.00,0.50,63.49,38.14,-0.50,485.95,4.60,0.05,1.90,4.20,19.86,-1.26,323.96,4.15,0.65,3.60,42.55,25.51,-2.94,3.60,0.70
2026-04-16 02:30:00,2026-04-16 02:44:59,Q09,486.96,227.62,104.76,110.55,95.85,73.54,14.67,487.00,239.55,110.93,116.38,95.97,74.42,15.27,483.87,227.22,102.17,109.62,94.04,73.78,17.57,485.94,231.46,317.86,336.54,95.29,73.91,47.51,339.50,321.20
2026-04-16 02:30:00,2026-04-16 02:44:59,Q11,486.67,2.78,0.00,1.00,23.03,34.63,-0.59,488.97,2.50,0.00,1.00,20.26,38.86,-0.54,485.51,2.47,0.00,1.00,11.62,19.79,-0.57,487.05,2.58,0.00,3.00,18.30,31.09,-1.70,3.00,0.00
2026-04-16 02:30:00,2026-04-16 02:44:59,PQM,267.40,465.57,108.37,124.31,87.03,43.46,34.78,306.78,474.96,119.05,145.53,81.64,45.58,58.26,269.74,450.59,95.43,121.60,78.28,46.05,54.72,281.31,463.70,322.84,391.43,82.32,45.03,147.76,431.60,366.64
2026-04-16 02:30:00,2026-04-16 02:44:59,Q08,487.69,102.65,42.44,49.84,86.20,35.41,13.96,485.75,105.82,39.45,51.15,78.20,37.25,17.61,485.10,91.93,34.75,44.27,79.56,40.78,14.66,486.18,100.13,116.64,145.26,81.32,37.82,46.22,157.90,132.90
2026-04-16 02:30:00,2026-04-16 02:44:59,Main PF,279.23,452.56,111.33,126.03,89.29,39.95,55.20,279.27,471.07,116.15,131.15,89.33,42.97,55.24,279.59,442.53,108.03,123.45,88.19,41.83,55.22,279.37,455.38,335.51,380.63,88.93,41.58,165.66,411.60,370.40
2026-04-16 02:45:00,2026-04-16 02:59:59,PQM,266.37,467.28,108.64,124.64,86.99,43.63,34.66,305.62,474.81,119.60,145.16,82.19,45.88,55.80,268.72,457.42,97.45,123.13,78.94,45.80,54.18,280.24,466.50,325.70,392.92,82.70,45.10,144.64,437.20,372.60
2026-04-16 02:45:00,2026-04-16 02:59:59,Q08,485.65,98.73,41.21,47.72,87.65,38.51,12.55,484.02,101.31,38.55,48.75,80.17,40.78,15.92,483.62,88.87,34.35,42.74,81.69,45.10,13.20,484.43,96.30,114.11,139.21,83.17,41.47,41.68,149.50,125.40
2026-04-16 02:45:00,2026-04-16 02:59:59,Main PF,278.01,454.54,112.01,126.09,89.56,40.00,54.70,278.19,470.44,116.03,130.49,89.65,42.54,54.88,278.49,447.89,109.72,124.48,88.83,41.19,54.61,278.23,457.63,337.76,381.06,89.35,41.24,164.18,425.40,380.20
2026-04-16 02:45:00,2026-04-16 02:59:59,Q12,240.83,5.33,0.60,1.20,60.20,19.20,-1.18,242.66,2.51,0.00,0.50,64.27,38.83,-0.50,483.55,4.55,0.05,1.90,4.17,20.72,-1.24,322.35,4.13,0.65,3.60,42.88,26.25,-2.92,3.60,0.70
2026-04-16 02:45:00,2026-04-16 02:59:59,Q09,485.00,228.97,104.74,110.68,95.79,74.03,14.90,485.16,242.10,111.76,117.23,96.04,74.17,15.29,482.04,230.39,103.16,110.74,94.01,73.50,17.88,484.07,233.82,319.66,338.64,95.28,73.90,48.06,342.20,324.00
2026-04-16 02:45:00,2026-04-16 02:59:59,Q11,485.19,2.79,0.00,1.00,23.30,34.46,-0.58,486.99,2.48,0.00,1.00,20.45,38.74,-0.54,483.42,2.45,0.00,1.00,11.12,19.30,-0.57,485.20,2.57,0.00,3.00,18.29,30.83,-1.69,3.00,0.00
2026-04-16 03:00:00,2026-04-16 03:14:59,Q12,240.89,5.38,0.60,1.20,59.38,19.04,-1.19,242.74,2.51,0.00,0.50,63.99,40.46,-0.50,483.69,4.55,0.01,1.90,3.17,20.39,-1.25,322.44,4.15,0.61,3.60,42.18,26.63,-2.94,3.60,0.70
2026-04-16 03:00:00,2026-04-16 03:14:59,Q09,485.19,229.02,105.04,110.78,95.81,73.48,14.91,485.11,245.18,113.26,118.59,96.08,73.49,15.42,481.94,232.89,103.68,111.89,93.71,73.18,18.50,484.08,235.70,321.98,341.26,95.20,73.38,48.83,346.10,326.70
2026-04-16 03:00:00,2026-04-16 03:14:59,Q11,484.91,2.73,0.00,1.00,17.86,27.78,-0.58,487.52,2.46,0.00,1.00,14.87,29.93,-0.55,483.27,2.42,0.00,1.00,9.40,17.34,-0.57,485.23,2.54,0.00,3.00,14.04,25.02,-1.70,3.00,0.00
2026-04-16 03:00:00,2026-04-16 03:14:59,PQM,266.41,478.79,112.35,127.36,88.09,42.41,32.96,305.82,489.47,125.22,149.66,83.54,44.46,55.19,268.76,471.42,101.48,126.49,80.07,44.64,54.41,280.33,479.90,339.05,403.52,83.90,43.84,142.57,438.95,375.25
2026-04-16 03:00:00,2026-04-16 03:14:59,Q08,486.06,103.50,43.42,50.08,87.82,35.94,13.27,483.91,108.49,41.29,52.24,80.03,37.13,17.29,483.28,93.98,35.77,45.20,80.47,42.20,14.50,484.42,101.99,120.48,147.52,82.77,38.42,45.07,166.10,138.60
2026-04-16 03:00:00,2026-04-16 03:14:59,Main PF,278.15,459.23,113.97,127.44,90.29,39.96,53.34,278.19,478.51,119.46,132.76,90.51,42.64,53.56,278.66,454.01,112.17,126.14,89.67,42.00,53.25,278.33,463.92,345.60,386.34,90.16,41.53,160.14,418.90,377.60
2026-04-16 03:15:00,2026-04-16 03:29:59,PQM,266.44,489.61,115.10,130.62,88.01,41.98,34.79,305.81,501.19,128.33,153.44,83.52,43.92,57.40,268.76,480.88,103.71,129.47,79.96,44.20,56.35,280.34,490.56,347.13,413.53,83.83,43.37,148.54,445.15,379.54
2026-04-16 03:15:00,2026-04-16 03:29:59,Q08,486.20,100.28,41.84,48.45,87.33,38.64,12.85,483.81,104.57,39.89,50.34,80.34,40.17,16.34,483.45,91.53,35.12,44.04,80.73,44.67,13.95,484.49,98.79,116.85,142.83,82.80,41.16,43.15,162.10,135.60
2026-04-16 03:15:00,2026-04-16 03:29:59,Main PF,277.96,471.42,116.54,130.79,89.96,38.85,55.85,278.35,490.29,121.62,136.07,90.22,41.49,55.93,278.71,465.22,114.78,129.33,89.35,40.83,55.75,278.34,475.64,352.94,396.19,89.84,40.39,167.53,424.00,381.70
2026-04-16 03:15:00,2026-04-16 03:29:59,Q12,240.88,5.38,0.60,1.20,59.78,18.80,-1.19,242.70,2.53,0.00,0.50,64.12,39.59,-0.50,483.63,4.55,0.02,1.90,3.17,19.24,-1.25,322.40,4.15,0.62,3.60,42.36,25.88,-2.94,3.60,0.70
2026-04-16 03:15:00,2026-04-16 03:29:59,Q09,485.04,231.65,106.23,112.03,95.83,73.81,15.05,485.33,248.32,114.87,120.15,96.09,73.65,15.52,482.09,234.45,104.31,112.67,93.83,73.83,18.48,484.15,238.14,325.41,344.86,95.25,73.76,49.05,348.70,329.80
2026-04-16 03:15:00,2026-04-16 03:29:59,Q11,485.01,2.61,0.00,1.00,8.79,15.32,-0.54,487.44,2.41,0.00,1.00,4.40,11.75,-0.57,483.54,2.42,0.00,1.00,7.01,14.56,-0.57,485.33,2.48,0.00,3.00,6.73,13.88,-1.68,3.00,0.00
2026-04-16 03:30:00,2026-04-16 03:44:59,Q12,241.06,5.38,0.59,1.20,58.33,18.84,-1.20,242.87,2.52,0.00,0.50,62.69,40.86,-0.51,483.99,4.57,0.01,1.90,2.41,19.52,-1.25,322.64,4.16,0.61,3.60,41.14,26.41,-2.96,3.60,0.70
2026-04-16 03:30:00,2026-04-16 03:44:59,Q09,485.44,235.18,107.56,113.81,95.84,74.27,15.17,485.33,250.29,115.53,121.13,96.06,74.47,15.81,482.39,239.97,107.03,115.43,93.79,74.22,18.71,484.39,241.81,330.12,350.37,95.23,74.32,49.69,354.30,333.30
2026-04-16 03:30:00,2026-04-16 03:44:59,Q11,485.19,2.61,0.00,1.00,8.84,15.43,-0.54,487.69,2.42,0.00,1.00,4.52,11.75,-0.57,483.70,2.42,0.00,1.00,7.09,14.10,-0.56,485.53,2.48,0.00,3.00,6.82,13.76,-1.68,3.00,0.00
2026-04-16 03:30:00,2026-04-16 03:44:59,PQM,266.48,501.13,118.64,133.28,89.01,41.81,32.10,305.80,515.11,132.81,157.01,84.58,43.59,56.12,268.75,488.14,106.18,131.01,81.04,44.43,54.89,280.34,501.46,357.63,421.30,84.88,43.27,143.11,443.89,378.21
2026-04-16 03:30:00,2026-04-16 03:44:59,Q08,486.28,104.49,43.78,50.52,88.05,37.28,13.09,484.14,108.64,41.73,52.38,80.47,38.54,17.00,483.73,94.79,36.40,45.61,81.15,43.52,14.26,484.72,102.64,121.91,148.51,83.22,39.78,44.35,168.80,143.90
2026-04-16 03:30:00,2026-04-16 03:44:59,Main PF,278.13,483.27,121.20,134.07,91.12,39.26,53.96,278.58,506.32,127.41,140.71,91.32,41.60,54.27,278.71,474.64,118.11,131.92,90.19,41.53,54.25,278.47,488.08,366.72,406.71,90.88,40.80,162.49,459.40,412.20
2026-04-16 03:45:00,2026-04-16 03:59:59,PQM,266.83,495.68,117.52,132.45,88.73,42.32,32.26,306.19,506.54,130.70,155.43,84.09,44.27,56.24,269.17,483.65,105.30,130.35,80.78,44.67,54.84,280.73,495.29,353.52,418.22,84.53,43.75,143.34,434.78,368.34
2026-04-16 03:45:00,2026-04-16 03:59:59,Q08,486.72,95.42,39.43,46.20,86.69,41.07,12.52,484.70,99.00,37.23,47.71,79.05,42.31,15.96,484.27,86.69,32.75,41.74,79.75,47.45,13.46,485.23,93.70,109.41,135.65,81.83,43.61,41.95,159.90,135.40
2026-04-16 03:45:00,2026-04-16 03:59:59,Main PF,278.54,479.16,120.04,133.16,91.00,39.47,54.15,278.89,499.17,125.38,138.92,91.03,41.93,54.64,278.99,469.67,116.84,130.64,90.20,41.10,54.20,278.81,482.67,362.27,402.72,90.74,40.83,163.00,418.00,375.30
2026-04-16 03:45:00,2026-04-16 03:59:59,Q12,241.23,5.42,0.60,1.20,58.77,17.95,-1.20,243.04,2.53,0.00,0.50,63.16,38.82,-0.50,484.32,4.55,0.01,1.90,2.43,19.45,-1.25,322.86,4.17,0.61,3.60,41.45,25.41,-2.95,3.60,0.70
2026-04-16 03:45:00,2026-04-16 03:59:59,Q09,485.87,238.52,109.41,115.65,95.76,73.84,15.53,486.18,252.39,116.56,122.25,96.03,73.92,15.94,482.98,240.47,107.11,115.78,93.84,73.59,18.86,485.01,243.79,333.08,353.69,95.21,73.78,50.34,357.00,337.50
2026-04-16 03:45:00,2026-04-16 03:59:59,Q11,485.97,2.62,0.00,1.00,8.92,15.25,-0.54,488.13,2.42,0.00,1.00,4.51,11.56,-0.57,484.33,2.42,0.00,1.00,7.24,14.23,-0.56,486.14,2.49,0.00,3.00,6.89,13.68,-1.68,3.00,0.00
2026-04-16 04:00:00,2026-04-16 04:14:59,Q12,240.63,5.43,0.60,1.20,60.98,18.47,-1.18,242.47,2.52,0.00,0.50,65.91,41.77,-0.49,483.15,4.55,0.05,1.90,4.31,18.76,-1.25,322.09,4.17,0.65,3.60,43.73,26.33,-2.92,3.60,0.70
2026-04-16 04:00:00,2026-04-16 04:14:59,Q09,485.14,243.25,111.52,117.70,95.90,73.34,15.73,484.54,260.24,120.12,125.81,96.03,72.78,16.60,481.48,246.98,109.97,118.62,93.69,72.62,19.69,483.72,250.15,341.61,362.12,95.21,72.91,52.02,370.70,350.40
2026-04-16 04:00:00,2026-04-16 04:14:59,Q11,484.91,2.59,0.00,1.00,8.90,15.25,-0.54,486.52,2.48,0.00,1.00,4.43,12.04,-0.57,483.20,2.44,0.00,1.00,6.90,13.90,-0.57,484.88,2.50,0.00,3.00,6.74,13.73,-1.68,3.00,0.00
2026-04-16 04:00:00,2026-04-16 04:14:59,PQM,266.34,516.03,122.84,137.41,89.40,40.98,32.18,305.55,530.26,137.39,162.11,84.75,42.71,58.15,268.56,502.88,109.92,135.15,81.33,43.43,56.65,280.15,516.39,370.15,434.67,85.16,42.37,146.98,454.76,388.84
2026-04-16 04:00:00,2026-04-16 04:14:59,Q08,485.61,101.20,42.61,48.93,88.40,38.24,12.45,483.32,104.74,40.11,50.37,80.71,40.09,16.30,483.35,90.96,35.28,43.74,81.88,44.65,13.43,484.10,98.97,118.00,143.03,83.66,40.99,42.18,157.20,130.60
2026-04-16 04:00:00,2026-04-16 04:14:59,Main PF,277.86,493.70,123.44,136.82,91.14,38.03,55.74,278.26,516.33,129.75,143.33,91.35,40.36,55.89,278.26,485.30,120.58,134.68,90.39,39.77,55.67,278.13,498.44,373.77,414.82,90.96,39.39,167.30,432.00,390.80
2026-04-16 04:15:00,2026-04-16 04:29:59,PQM,266.27,498.96,119.06,132.91,89.57,43.20,26.49,305.53,514.92,134.62,157.33,85.56,45.01,50.22,268.46,488.24,107.76,131.17,82.15,45.78,50.57,280.09,500.71,361.43,421.42,85.76,44.66,127.28,433.89,372.29
2026-04-16 04:15:00,2026-04-16 04:29:59,Q08,485.84,92.04,41.59,44.47,94.77,43.43,7.62,483.29,95.01,39.94,45.70,88.79,45.63,11.31,483.10,82.55,35.02,39.62,89.92,52.09,9.04,484.08,89.87,116.55,129.78,91.16,47.05,27.97,144.20,130.60
2026-04-16 04:15:00,2026-04-16 04:29:59,Main PF,277.82,481.30,122.49,133.39,92.79,40.34,48.80,278.31,506.25,129.74,140.49,93.07,42.67,48.97,278.24,475.82,120.91,132.04,92.17,42.59,48.80,278.12,487.79,373.13,405.91,92.68,41.87,146.57,417.90,382.30
2026-04-16 04:15:00,2026-04-16 04:29:59,Q12,240.82,5.41,0.60,1.20,59.62,18.95,-1.19,242.68,2.51,0.00,0.50,64.67,40.91,-0.49,483.57,4.57,0.02,1.90,2.79,18.99,-1.26,322.36,4.16,0.62,3.60,42.36,26.28,-2.94,3.60,0.70
2026-04-16 04:15:00,2026-04-16 04:29:59,Q09,484.89,249.66,114.88,120.74,95.91,72.33,16.09,484.44,266.41,122.37,128.74,95.93,72.11,17.19,481.69,251.90,112.14,121.04,93.56,72.39,20.32,483.67,255.99,349.39,370.52,95.13,72.28,53.60,373.10,352.50
2026-04-16 04:15:00,2026-04-16 04:29:59,Q11,484.79,2.60,0.00,1.00,8.91,15.48,-0.54,486.70,2.47,0.00,1.00,4.45,12.21,-0.57,483.06,2.46,0.00,1.00,7.21,14.45,-0.57,484.85,2.51,0.00,3.00,6.86,14.05,-1.68,3.00,0.00
2026-04-16 04:30:00,2026-04-16 04:44:59,Q12,240.70,5.38,0.60,1.20,59.36,19.22,-1.19,242.54,2.49,0.00,0.50,64.02,41.59,-0.49,483.29,4.55,0.02,1.90,2.59,19.11,-1.25,322.18,4.14,0.62,3.60,41.99,26.64,-2.94,3.60,0.70
2026-04-16 04:30:00,2026-04-16 04:44:59,Q09,484.99,253.11,115.97,122.40,95.83,71.88,16.54,484.51,269.86,123.57,130.39,95.89,71.80,17.54,481.49,255.54,113.78,122.76,93.54,71.95,20.69,483.66,259.50,353.32,375.55,95.09,71.88,54.76,380.80,358.40
2026-04-16 04:30:00,2026-04-16 04:44:59,Q11,484.77,2.62,0.00,1.00,9.19,15.21,-0.54,486.41,2.44,0.00,1.00,4.35,11.93,-0.57,483.34,2.44,0.00,1.00,7.31,13.99,-0.57,484.84,2.50,0.00,3.00,6.95,13.71,-1.68,3.00,0.00
2026-04-16 04:30:00,2026-04-16 04:44:59,PQM,266.29,498.84,118.76,132.80,89.43,43.42,26.51,305.48,513.28,133.58,156.58,85.31,45.31,50.33,268.45,486.79,107.29,130.52,82.20,45.90,49.98,280.08,499.64,359.64,419.90,85.65,44.87,126.82,434.58,372.32
2026-04-16 04:30:00,2026-04-16 04:44:59,Q08,485.67,86.79,39.01,41.85,94.45,44.41,7.37,483.46,89.12,37.14,42.83,87.89,47.14,10.90,483.03,76.81,32.50,36.87,89.63,52.73,8.48,484.05,84.24,108.66,121.55,90.66,48.09,26.76,129.60,120.40
2026-04-16 04:30:00,2026-04-16 04:44:59,Main PF,277.79,482.77,122.98,133.75,92.82,40.13,48.85,278.09,505.01,129.25,140.11,93.01,42.66,49.08,278.36,473.49,120.18,131.44,92.14,42.35,48.92,278.08,487.09,372.41,405.30,92.66,41.71,146.85,421.90,386.00
2026-04-16 04:45:00,2026-04-16 04:59:59,PQM,266.28,498.02,118.80,132.99,89.33,43.38,26.98,305.41,510.71,133.33,156.13,85.39,45.51,49.47,268.41,488.01,108.14,131.22,82.41,45.58,49.83,280.03,498.91,360.27,420.35,85.71,44.82,126.28,428.45,368.35
2026-04-16 04:45:00,2026-04-16 04:59:59,Q08,486.00,85.77,38.47,41.53,94.09,43.90,7.49,483.13,87.59,35.83,42.05,86.87,46.95,11.16,483.19,74.94,31.36,35.92,89.09,52.85,8.47,484.10,82.77,105.65,119.50,90.02,47.90,27.12,130.60,116.60
2026-04-16 04:45:00,2026-04-16 04:59:59,Main PF,277.94,482.91,123.02,133.88,92.75,40.19,48.96,278.08,502.68,128.29,139.41,92.92,42.82,49.22,278.21,474.05,120.34,131.53,92.19,41.98,48.97,278.07,486.55,371.65,404.82,92.62,41.66,147.16,414.80,380.90
2026-04-16 04:45:00,2026-04-16 04:59:59,Q12,240.69,5.44,0.60,1.20,59.42,18.55,-1.19,242.49,2.51,0.00,0.50,64.13,41.02,-0.49,483.26,4.57,0.02,1.90,2.71,18.34,-1.26,322.15,4.17,0.62,3.60,42.09,25.97,-2.94,3.60,0.70
2026-04-16 04:45:00,2026-04-16 04:59:59,Q09,484.77,255.32,116.83,123.37,95.88,71.84,16.64,484.42,271.33,124.36,131.10,95.91,71.91,17.70,481.94,257.07,114.42,123.49,93.66,72.14,20.69,483.71,261.24,355.61,377.97,95.15,71.96,55.03,381.40,361.90
2026-04-16 04:45:00,2026-04-16 04:59:59,Q11,484.68,2.62,0.00,1.00,8.80,15.22,-0.54,487.12,2.44,0.00,1.00,4.65,11.79,-0.57,482.88,2.42,0.00,1.00,7.10,14.03,-0.56,484.90,2.49,0.00,3.00,6.85,13.68,-1.68,3.00,0.00
2026-04-16 05:00:00,2026-04-16 05:14:59,Q12,240.38,5.38,0.60,1.20,61.70,18.60,-1.17,242.21,2.51,0.00,0.50,66.88,42.41,-0.48,482.62,4.53,0.06,1.90,4.62,17.60,-1.25,321.74,4.14,0.66,3.60,44.40,26.20,-2.89,3.60,0.70
2026-04-16 05:00:00,2026-04-16 05:14:59,Q09,484.38,253.97,116.52,122.68,95.93,71.16,16.45,483.77,272.88,125.75,131.66,96.05,70.84,17.46,480.64,259.11,115.04,124.22,93.52,71.32,20.98,482.93,261.99,357.31,378.56,95.16,71.11,54.89,382.40,362.00
2026-04-16 05:00:00,2026-04-16 05:14:59,Q11,483.99,2.60,0.00,1.00,8.74,15.06,-0.54,486.13,2.46,0.00,1.00,4.61,11.43,-0.57,482.18,2.41,0.00,1.00,7.12,13.88,-0.56,484.10,2.49,0.00,3.00,6.83,13.46,-1.67,3.00,0.00
2026-04-16 05:00:00,2026-04-16 05:14:59,PQM,265.80,495.31,117.96,131.75,89.53,43.31,25.89,304.93,508.96,132.57,155.29,85.36,45.48,49.50,267.84,482.40,106.32,129.31,82.21,46.01,49.36,279.53,495.55,356.85,416.36,85.70,44.94,124.75,423.40,366.38
2026-04-16 05:00:00,2026-04-16 05:14:59,Q08,485.28,83.62,37.70,40.26,94.81,43.82,6.80,482.36,85.31,35.20,40.88,87.83,47.46,10.41,482.02,72.41,30.73,34.61,90.51,52.50,7.63,483.22,80.45,103.63,115.75,91.05,47.93,24.83,123.20,111.10
2026-04-16 05:00:00,2026-04-16 05:14:59,Main PF,277.44,479.16,121.91,132.60,92.95,40.58,48.00,277.64,501.66,128.11,138.97,93.05,43.53,48.43,277.67,469.64,119.32,130.11,92.26,42.96,48.00,277.59,483.49,369.34,401.68,92.75,42.36,144.42,409.90,380.40
2026-04-16 05:15:00,2026-04-16 05:29:59,PQM,265.11,659.09,157.88,176.87,89.28,43.59,34.69,304.27,675.66,176.33,208.14,84.73,45.67,68.35,267.23,634.07,140.09,171.41,81.74,46.68,65.27,278.87,656.28,474.29,556.42,85.25,45.31,168.31,595.88,504.58
2026-04-16 05:15:00,2026-04-16 05:29:59,Q08,483.75,84.51,37.74,40.65,94.43,36.66,7.42,481.47,83.82,33.72,40.09,85.86,40.75,11.33,480.85,70.05,29.77,33.44,90.53,46.19,7.67,482.02,79.46,101.23,114.18,90.27,41.20,26.42,123.90,110.60
2026-04-16 05:15:00,2026-04-16 05:29:59,Main PF,276.69,648.56,164.75,179.07,92.79,40.93,65.00,276.79,674.16,171.36,186.16,92.83,43.77,65.56,277.12,617.74,155.51,170.79,91.87,43.25,64.95,276.87,646.82,491.62,536.02,92.49,42.65,195.52,590.80,540.00
2026-04-16 05:15:00,2026-04-16 05:29:59,Q12,239.60,24.78,1.65,5.83,32.51,5.11,6.54,241.48,26.93,1.12,6.39,22.65,9.69,7.44,481.12,23.16,1.71,10.98,15.46,7.81,6.29,320.73,24.95,4.48,23.21,23.54,7.54,20.28,25.70,6.10
2026-04-16 05:15:00,2026-04-16 05:29:59,Q09,482.94,250.11,115.23,120.55,96.45,61.67,15.74,482.32,262.02,119.45,126.01,95.58,62.78,18.44,479.19,245.44,109.52,117.26,94.27,64.62,19.32,481.48,252.52,344.20,363.83,95.43,63.02,53.50,380.80,358.80
2026-04-16 05:15:00,2026-04-16 05:29:59,Q11,482.59,2.63,0.00,1.00,8.91,18.93,-0.54,484.50,2.47,0.00,1.00,4.89,16.35,-0.57,480.81,2.46,0.00,1.00,7.67,17.93,-0.57,482.63,2.52,0.00,3.00,7.16,17.74,-1.68,3.00,0.00
2026-04-16 05:30:00,2026-04-16 05:44:59,Q12,239.67,9.19,0.76,2.11,56.98,16.26,0.46,241.49,7.45,0.21,1.71,54.29,34.27,1.21,481.21,8.14,0.32,3.64,8.83,24.34,0.35,320.79,8.26,1.29,7.46,40.04,24.96,2.01,25.50,5.10
2026-04-16 05:30:00,2026-04-16 05:44:59,Q09,482.62,252.43,115.71,121.45,96.07,68.80,16.28,482.45,270.33,123.55,130.03,95.89,68.90,17.82,479.41,255.17,113.29,122.03,93.68,69.69,20.60,481.49,259.31,352.54,373.51,95.21,69.13,54.71,382.10,360.60
2026-04-16 05:30:00,2026-04-16 05:44:59,Q11,482.43,2.60,0.00,1.00,8.84,15.44,-0.54,484.42,2.42,0.00,1.00,4.78,12.73,-0.57,481.19,2.42,0.00,1.00,7.64,15.04,-0.55,482.68,2.48,0.00,3.00,7.09,14.40,-1.67,3.00,0.00
2026-04-16 05:30:00,2026-04-16 05:44:59,PQM,265.15,520.02,124.11,138.53,89.63,42.86,26.99,304.20,531.64,138.48,162.53,85.25,45.23,52.22,267.20,503.58,111.43,135.30,82.40,45.67,51.23,278.85,518.41,374.02,436.36,85.76,44.59,130.44,561.45,476.33
2026-04-16 05:30:00,2026-04-16 05:44:59,Q08,483.79,82.35,36.91,39.61,94.69,41.01,6.89,481.30,81.56,33.42,38.96,87.35,45.99,10.27,480.61,69.86,29.99,33.39,91.42,50.53,7.10,481.90,77.93,100.32,111.96,91.15,45.84,24.26,120.20,109.00
2026-04-16 05:30:00,2026-04-16 05:44:59,Main PF,276.82,502.43,127.72,138.80,92.97,40.19,50.81,277.01,526.89,134.39,145.61,93.03,43.01,51.09,276.82,490.15,124.07,135.29,92.29,42.55,50.67,276.88,506.49,386.18,419.70,92.76,41.92,152.57,526.00,483.90
2026-04-16 05:45:00,2026-04-16 05:59:59,PQM,264.96,498.57,118.25,131.93,89.63,42.81,26.51,303.88,508.90,131.88,154.43,85.40,44.89,50.05,267.11,483.83,106.51,129.12,82.49,45.26,49.28,278.65,497.10,356.65,415.48,85.84,44.32,125.84,422.05,362.91
2026-04-16 05:45:00,2026-04-16 05:59:59,Q08,483.56,85.60,38.12,41.16,94.04,40.88,7.54,480.98,84.88,34.41,40.63,86.26,44.91,11.12,480.41,72.03,30.56,34.38,90.25,49.68,7.85,481.65,80.84,103.09,116.17,90.18,45.15,26.51,127.20,118.90
2026-04-16 05:45:00,2026-04-16 05:59:59,Main PF,276.54,481.64,122.09,132.89,92.89,40.16,48.55,276.74,502.63,127.59,138.66,92.95,42.61,48.98,276.67,470.05,118.97,129.73,92.21,42.14,48.51,276.65,484.77,368.66,401.28,92.68,41.64,146.05,407.60,377.60
2026-04-16 05:45:00,2026-04-16 05:59:59,Q12,239.68,5.36,0.60,1.20,59.94,18.69,-1.18,241.48,2.49,0.00,0.50,63.89,39.33,-0.50,481.18,4.54,0.03,1.90,3.16,18.44,-1.24,320.78,4.13,0.63,3.60,42.33,25.49,-2.92,3.60,0.70
2026-04-16 05:45:00,2026-04-16 05:59:59,Q09,482.20,254.32,115.66,122.34,95.84,71.27,16.78,482.10,272.60,124.72,131.12,95.88,71.06,17.75,479.43,257.52,114.06,123.09,93.72,70.81,20.64,481.24,261.48,354.45,376.55,95.15,71.05,55.16,383.10,359.40
2026-04-16 05:45:00,2026-04-16 05:59:59,Q11,482.07,2.59,0.00,1.00,8.58,14.87,-0.54,484.21,2.42,0.00,1.00,4.67,11.46,-0.57,480.69,2.40,0.00,1.00,7.46,13.92,-0.55,482.33,2.47,0.00,3.00,6.90,13.41,-1.66,3.00,0.00
2026-04-16 06:00:00,2026-04-16 06:14:59,Q12,239.19,5.36,0.60,1.20,59.11,18.33,-1.18,241.02,2.51,0.00,0.50,63.82,39.88,-0.49,480.24,4.50,0.02,1.90,2.69,18.52,-1.24,320.15,4.12,0.62,3.60,41.87,25.58,-2.91,3.60,0.70
2026-04-16 06:00:00,2026-04-16 06:14:59,Q09,481.89,253.68,115.26,121.91,95.70,71.92,16.97,481.30,273.25,124.87,131.19,95.96,71.28,17.64,478.45,259.19,114.48,123.67,93.49,71.66,21.20,480.55,262.04,354.61,376.78,95.05,71.62,55.81,380.30,357.90
2026-04-16 06:00:00,2026-04-16 06:14:59,Q11,481.28,2.59,0.00,1.00,9.15,14.75,-0.54,483.08,2.41,0.00,1.00,4.62,11.40,-0.57,479.41,2.39,0.00,1.00,7.18,13.81,-0.55,481.26,2.46,0.00,3.00,6.98,13.32,-1.66,3.00,0.00
2026-04-16 06:00:00,2026-04-16 06:14:59,PQM,264.32,487.78,114.86,128.83,89.15,43.85,26.32,303.11,500.70,129.43,151.73,85.30,45.87,48.08,266.42,480.75,105.14,127.99,82.14,45.88,49.10,277.95,489.74,349.42,408.56,85.53,45.20,123.49,417.76,359.60
2026-04-16 06:00:00,2026-04-16 06:14:59,Q08,482.21,76.91,33.91,36.78,93.44,46.06,6.99,479.59,77.14,31.11,36.75,86.56,50.11,9.82,479.44,67.36,28.16,32.03,89.36,54.38,7.48,480.42,73.80,93.18,105.56,89.79,50.18,24.28,113.70,101.60
2026-04-16 06:00:00,2026-04-16 06:14:59,Main PF,275.75,471.69,118.96,129.76,92.64,40.75,48.16,276.07,494.09,125.07,136.05,92.84,43.37,48.55,276.38,467.32,117.86,128.85,92.18,42.11,48.18,276.07,477.70,361.90,394.67,92.55,42.08,144.89,401.90,368.90
2026-04-16 06:15:00,2026-04-16 06:29:59,PQM,265.81,496.11,118.26,131.94,89.63,42.81,26.16,305.07,508.44,133.27,155.26,85.84,44.86,48.52,268.21,488.66,108.23,131.03,82.60,45.45,49.37,279.70,497.74,359.76,418.23,86.02,44.37,124.04,425.84,366.86
2026-04-16 06:15:00,2026-04-16 06:29:59,Q08,484.83,84.72,37.89,40.82,94.20,39.96,7.43,483.19,85.31,34.99,40.97,86.79,43.43,11.05,482.70,72.68,30.74,34.82,90.00,48.89,8.06,483.57,80.90,103.62,116.61,90.33,44.09,26.54,127.50,114.30
2026-04-16 06:15:00,2026-04-16 06:29:59,Main PF,277.55,478.37,121.92,132.36,93.13,39.85,47.33,277.91,498.95,127.79,138.26,93.28,42.43,47.72,278.11,473.04,120.15,131.16,92.65,42.20,47.43,277.86,483.45,369.87,401.78,93.02,41.50,142.47,410.70,375.40
2026-04-16 06:15:00,2026-04-16 06:29:59,Q12,240.56,5.34,0.60,1.20,59.08,18.88,-1.18,242.35,2.54,0.00,0.50,63.24,39.60,-0.51,482.95,4.51,0.03,1.90,2.68,19.83,-1.24,321.95,4.13,0.63,3.60,41.67,26.10,-2.92,3.60,0.70
2026-04-16 06:15:00,2026-04-16 06:29:59,Q09,484.33,254.49,116.29,122.86,95.39,72.09,17.46,484.49,271.73,125.48,131.17,96.07,71.74,17.28,480.62,261.40,116.07,125.28,93.38,71.60,21.47,483.15,262.54,357.83,379.31,94.94,71.81,56.21,385.70,364.40
2026-04-16 06:15:00,2026-04-16 06:29:59,Q11,483.90,2.58,0.00,1.00,9.05,15.06,-0.54,486.64,2.40,0.00,1.00,4.51,11.65,-0.57,482.56,2.41,0.00,1.00,7.32,14.29,-0.55,484.37,2.46,0.00,3.00,6.96,13.66,-1.66,3.00,0.00
2026-04-16 06:30:00,2026-04-16 06:44:59,Q12,240.69,5.33,0.60,1.20,58.74,18.59,-1.19,242.50,2.52,0.00,0.50,63.15,38.40,-0.51,483.24,4.51,0.02,1.90,2.24,19.67,-1.24,322.14,4.12,0.62,3.60,41.38,25.55,-2.93,3.60,0.70
2026-04-16 06:30:00,2026-04-16 06:44:59,Q09,484.21,253.67,115.87,122.50,95.40,72.13,17.50,484.61,271.62,124.77,131.24,95.96,71.87,17.50,481.63,261.81,116.54,125.75,93.51,71.27,21.18,483.48,262.37,357.18,379.48,94.96,71.76,56.18,384.80,361.70
2026-04-16 06:30:00,2026-04-16 06:44:59,Q11,484.37,2.59,0.00,1.00,8.80,14.89,-0.54,486.96,2.39,0.00,1.00,4.46,11.58,-0.57,482.77,2.38,0.00,1.00,7.29,13.51,-0.56,484.70,2.46,0.00,3.00,6.85,13.33,-1.67,3.00,0.00
2026-04-16 06:30:00,2026-04-16 06:44:59,PQM,266.18,477.69,114.10,127.10,89.77,45.44,18.65,305.36,491.17,130.05,149.75,86.84,47.40,38.55,268.54,471.83,106.08,126.43,83.90,47.90,41.35,280.03,480.23,350.23,403.28,86.84,46.91,98.55,408.41,355.45
2026-04-16 06:30:00,2026-04-16 06:44:59,Q08,485.54,75.56,33.20,36.45,92.99,46.84,7.08,483.29,76.73,31.39,36.86,86.36,50.69,9.77,483.06,66.66,27.54,31.90,88.50,54.91,7.71,483.96,72.98,92.13,105.21,89.28,50.81,24.57,111.70,99.00
2026-04-16 06:30:00,2026-04-16 06:44:59,Main PF,277.71,459.48,119.35,127.24,94.81,42.23,39.23,277.87,481.52,125.73,133.41,95.05,43.73,39.34,278.33,455.32,118.31,126.35,94.58,44.00,39.04,277.97,465.44,363.39,387.01,94.81,43.32,117.61,395.30,370.40
2026-04-16 06:45:00,2026-04-16 06:59:59,PQM,266.22,476.79,113.98,126.96,89.77,45.35,18.99,305.38,489.01,129.89,149.53,86.87,47.20,38.64,268.62,471.47,106.78,126.97,84.09,47.52,41.41,280.07,479.09,350.65,403.47,86.91,46.69,99.04,413.19,361.05
2026-04-16 06:45:00,2026-04-16 06:59:59,Q08,485.53,78.21,34.42,37.72,93.31,44.21,7.24,483.60,79.96,32.67,38.45,86.36,47.16,10.34,483.26,68.72,28.39,32.93,88.22,51.99,8.12,484.13,75.63,95.49,109.10,89.30,47.79,25.69,116.60,102.40
2026-04-16 06:45:00,2026-04-16 06:59:59,Main PF,277.80,462.16,120.31,128.05,94.79,42.16,39.39,277.90,482.33,125.89,133.70,94.99,44.24,39.75,278.42,459.79,119.67,127.66,94.55,43.59,39.47,278.04,468.09,365.87,389.41,94.78,43.33,118.62,400.10,374.10
2026-04-16 06:45:00,2026-04-16 06:59:59,Q12,240.80,5.33,0.60,1.20,59.96,18.38,-1.17,242.62,2.54,0.00,0.50,64.34,39.42,-0.50,483.47,4.51,0.04,1.90,3.82,19.73,-1.23,322.30,4.12,0.64,3.60,42.71,25.85,-2.91,3.60,0.70
2026-04-16 06:45:00,2026-04-16 06:59:59,Q09,484.44,256.62,117.19,123.99,95.39,72.10,17.58,484.55,272.08,125.42,131.52,95.98,72.16,17.42,481.83,262.07,116.81,125.97,93.65,71.74,20.98,483.61,263.59,359.42,381.47,95.01,72.00,55.99,385.40,363.50
2026-04-16 06:45:00,2026-04-16 06:59:59,Q11,484.02,2.58,0.00,1.00,8.78,14.48,-0.54,487.16,2.39,0.00,1.00,4.39,11.09,-0.57,483.19,2.38,0.00,1.00,7.12,14.14,-0.56,484.79,2.45,0.00,3.00,6.76,13.24,-1.67,3.00,0.00
2026-04-16 07:00:00,2026-04-16 07:14:59,Q12,240.74,5.30,0.60,1.20,58.92,17.61,-1.18,242.56,2.50,0.00,0.50,62.50,36.47,-0.51,483.36,4.53,0.03,1.90,3.08,19.45,-1.24,322.22,4.11,0.63,3.60,41.50,24.51,-2.93,3.60,0.70
2026-04-16 07:00:00,2026-04-16 07:14:59,Q09,483.99,256.40,117.07,123.75,95.37,72.31,17.72,484.30,269.76,123.47,130.34,95.91,72.11,17.46,481.68,260.94,116.77,125.43,93.95,71.89,20.44,483.32,262.36,357.31,379.52,95.08,72.10,55.62,383.70,361.70
2026-04-16 07:00:00,2026-04-16 07:14:59,Q11,483.88,2.61,0.00,1.00,8.91,15.16,-0.54,486.43,2.39,0.00,1.00,4.33,11.18,-0.57,483.12,2.43,0.00,1.00,7.16,13.96,-0.56,484.48,2.48,0.00,3.00,6.80,13.43,-1.67,3.00,0.00
2026-04-16 07:00:00,2026-04-16 07:14:59,PQM,266.02,474.68,113.23,126.46,89.54,46.02,18.71,305.02,485.00,128.39,148.08,86.71,47.81,37.79,268.48,467.99,105.84,125.80,84.13,48.19,40.20,279.84,475.89,347.46,400.34,86.79,47.34,96.70,408.27,355.65
2026-04-16 07:00:00,2026-04-16 07:14:59,Q08,485.00,74.65,32.41,35.95,92.49,47.87,7.21,483.20,75.98,30.82,36.43,86.20,50.86,9.71,483.11,66.60,27.55,31.94,88.29,54.83,7.76,483.77,72.41,90.79,104.32,88.99,51.19,24.68,116.00,101.50
2026-04-16 07:00:00,2026-04-16 07:14:59,Main PF,277.69,459.45,119.52,127.33,94.89,42.79,38.80,277.65,478.22,124.97,132.39,95.11,44.84,38.86,278.30,455.24,118.52,126.29,94.68,43.98,38.71,277.88,464.30,363.01,386.01,94.89,43.87,116.37,392.70,369.80
2026-04-16 07:15:00,2026-04-16 07:29:59,PQM,266.25,478.78,114.07,127.34,89.58,45.88,19.15,305.20,485.72,128.60,148.09,86.83,47.54,37.80,268.78,470.85,106.82,126.42,84.49,47.74,39.91,280.08,478.45,349.48,401.86,86.97,47.06,96.86,411.65,359.29
2026-04-16 07:15:00,2026-04-16 07:29:59,Q08,485.34,77.26,33.99,37.19,93.07,45.45,7.28,483.17,77.99,31.51,37.42,85.80,47.96,10.29,483.63,67.61,28.06,32.46,88.40,52.95,7.89,484.05,74.29,93.55,107.07,89.09,48.79,25.47,113.80,99.00
2026-04-16 07:15:00,2026-04-16 07:29:59,Main PF,277.79,463.24,120.60,128.32,94.87,42.54,39.27,277.69,478.39,124.79,132.48,95.04,44.17,39.34,278.65,456.72,118.93,126.94,94.64,43.55,39.10,278.04,466.12,364.32,387.74,94.85,43.42,117.71,395.90,371.70
2026-04-16 07:15:00,2026-04-16 07:29:59,Q12,240.92,5.32,0.60,1.20,59.53,17.74,-1.17,242.75,2.48,0.00,0.50,62.04,36.30,-0.52,483.71,4.56,0.03,1.90,4.26,19.66,-1.25,322.46,4.12,0.63,3.60,41.94,24.57,-2.94,3.60,0.70
2026-04-16 07:15:00,2026-04-16 07:29:59,Q09,484.08,259.21,118.42,125.07,95.27,72.47,17.99,484.90,268.35,122.98,129.82,95.86,72.95,17.43,481.98,261.16,117.61,125.59,94.25,72.06,19.93,483.65,262.90,359.01,380.49,95.13,72.49,55.36,384.80,362.60
2026-04-16 07:15:00,2026-04-16 07:29:59,Q11,484.17,2.59,0.00,1.00,9.01,14.62,-0.54,486.77,2.41,0.00,1.00,4.46,11.36,-0.57,483.46,2.42,0.00,1.00,6.98,13.52,-0.56,484.80,2.48,0.00,3.00,6.82,13.17,-1.68,3.00,0.00
2026-04-16 07:30:00,2026-04-16 07:44:59,Q12,241.01,5.28,0.60,1.20,59.17,17.14,-1.18,242.82,2.56,0.00,0.50,62.41,34.86,-0.53,483.89,4.54,0.04,1.90,4.59,20.01,-1.24,322.57,4.13,0.64,3.60,42.06,24.00,-2.94,3.60,0.70
2026-04-16 07:30:00,2026-04-16 07:44:59,Q09,484.48,257.59,117.86,124.52,95.18,72.34,18.06,485.34,268.34,123.89,129.83,96.03,73.02,17.05,482.48,262.01,118.03,126.09,94.31,72.14,19.93,484.10,262.65,359.78,380.44,95.17,72.50,55.04,383.50,363.00
2026-04-16 07:30:00,2026-04-16 07:44:59,Q11,484.59,2.61,0.00,1.00,9.06,14.31,-0.54,487.34,2.43,0.00,1.00,4.41,10.96,-0.57,483.96,2.42,0.00,1.00,6.85,13.02,-0.57,485.30,2.49,0.00,3.00,6.77,12.76,-1.68,3.00,0.00
2026-04-16 07:30:00,2026-04-16 07:44:59,PQM,266.33,476.54,114.01,127.24,89.60,45.76,19.47,305.40,483.98,128.44,147.92,86.83,47.53,38.01,268.97,470.30,106.85,126.68,84.34,47.92,40.35,280.23,476.94,349.29,401.83,86.92,47.07,97.84,407.97,355.51
2026-04-16 07:30:00,2026-04-16 07:44:59,Q08,485.77,76.28,33.51,36.80,93.00,45.98,7.17,483.96,76.80,31.31,36.87,86.63,48.74,9.79,483.59,68.00,28.30,32.62,88.89,53.28,7.73,484.44,73.69,93.13,106.30,89.51,49.33,24.70,113.30,101.30
2026-04-16 07:30:00,2026-04-16 07:44:59,Main PF,278.14,461.19,120.23,127.96,94.95,42.79,38.61,278.05,475.46,124.31,131.82,95.10,44.23,38.71,278.72,455.68,118.93,126.66,94.71,43.94,38.73,278.30,464.11,363.46,386.44,94.92,43.65,116.06,393.70,371.20
2026-04-16 07:45:00,2026-04-16 07:59:59,PQM,266.17,478.05,114.05,127.51,89.44,45.88,20.06,305.17,481.24,127.66,147.12,86.77,47.79,37.37,268.95,473.80,107.70,127.49,84.47,47.75,40.16,280.09,477.69,349.40,402.13,86.89,47.14,97.59,412.00,359.34
2026-04-16 07:45:00,2026-04-16 07:59:59,Q08,484.99,75.97,33.31,36.61,92.98,46.87,7.12,483.33,75.92,31.16,36.40,86.96,49.63,9.51,483.65,67.73,28.42,32.56,89.41,54.40,7.49,483.99,73.21,92.90,105.58,89.78,50.30,24.13,113.10,99.70
2026-04-16 07:45:00,2026-04-16 07:59:59,Main PF,277.75,461.88,120.44,127.96,94.97,43.08,38.72,277.72,475.41,124.12,131.65,95.06,44.72,38.80,278.64,459.12,119.98,127.61,94.78,44.16,38.71,278.04,465.47,364.54,387.23,94.94,43.99,116.24,397.30,372.20
2026-04-16 07:45:00,2026-04-16 07:59:59,Q12,241.04,5.28,0.60,1.20,58.79,17.27,-1.18,242.87,2.55,0.00,0.50,60.99,34.94,-0.53,483.96,4.56,0.04,1.90,4.18,20.75,-1.24,322.62,4.13,0.64,3.60,41.32,24.32,-2.95,3.60,0.70
2026-04-16 07:45:00,2026-04-16 07:59:59,Q09,484.12,258.41,118.10,124.79,95.18,72.11,18.15,484.88,268.21,123.86,129.64,96.04,72.79,16.90,482.19,261.32,117.68,125.66,94.55,71.72,19.54,483.73,262.64,359.64,380.09,95.26,72.20,54.59,382.80,362.00
2026-04-16 07:45:00,2026-04-16 07:59:59,Q11,484.01,2.61,0.00,1.00,8.84,14.75,-0.54,486.82,2.43,0.00,1.00,4.17,11.25,-0.57,483.81,2.45,0.00,1.00,6.91,13.07,-0.57,484.88,2.50,0.00,3.00,6.64,13.02,-1.68,3.00,0.00
2026-04-16 08:00:00,2026-04-16 08:14:59,Q12,241.21,5.23,0.59,1.20,58.67,16.83,-1.18,243.04,2.52,0.00,0.50,60.69,33.81,-0.53,484.30,4.51,0.05,1.90,4.62,21.53,-1.23,322.85,4.09,0.64,3.60,41.33,24.06,-2.95,3.60,0.70
2026-04-16 08:00:00,2026-04-16 08:14:59,Q09,484.34,259.18,118.16,125.17,94.98,72.02,18.57,485.25,266.71,123.52,129.06,96.11,72.88,16.71,482.39,263.58,118.79,126.82,94.57,71.14,19.57,484.00,263.16,360.46,381.05,95.22,72.01,54.84,385.90,365.80
2026-04-16 08:00:00,2026-04-16 08:14:59,Q11,484.14,2.60,0.00,1.00,8.97,14.76,-0.54,487.36,2.41,0.00,1.00,4.15,10.81,-0.57,483.99,2.40,0.00,1.00,6.84,12.97,-0.57,485.16,2.47,0.00,3.00,6.65,12.84,-1.68,3.00,0.00
2026-04-16 08:00:00,2026-04-16 08:14:59,PQM,266.32,477.80,113.73,127.29,89.35,45.84,20.48,305.29,479.18,127.19,146.58,86.77,47.55,37.46,269.30,474.19,107.97,127.82,84.47,47.61,40.29,280.30,477.06,348.89,401.69,86.86,47.00,98.23,408.33,355.51
2026-04-16 08:00:00,2026-04-16 08:14:59,Q08,484.97,75.45,32.79,36.36,92.21,46.66,7.47,484.14,74.99,30.35,36.02,86.05,49.02,9.75,484.17,67.45,28.16,32.49,88.64,54.16,7.75,484.43,72.63,91.31,104.87,88.97,49.95,24.97,114.80,100.80
2026-04-16 08:00:00,2026-04-16 08:14:59,Main PF,277.94,462.61,120.41,128.20,94.88,43.17,38.88,277.96,473.65,123.30,131.31,94.98,44.57,39.01,278.96,462.46,120.79,128.65,94.79,43.55,38.82,278.28,466.24,364.50,388.16,94.88,43.76,116.72,410.40,384.40
2026-04-16 08:15:00,2026-04-16 08:29:59,PQM,266.08,476.62,113.67,126.93,89.55,46.00,18.97,304.97,476.62,126.69,145.47,87.09,47.83,35.33,269.05,471.49,108.07,127.09,85.03,47.77,38.27,280.03,474.91,348.43,399.50,87.22,47.20,92.57,405.06,353.54
2026-04-16 08:15:00,2026-04-16 08:29:59,Q08,484.75,73.28,32.55,35.27,94.34,47.39,6.16,483.52,72.16,30.19,34.62,89.12,50.84,8.25,483.67,65.51,28.11,31.45,91.98,55.45,6.30,483.98,70.32,90.85,101.34,91.81,51.23,20.72,105.40,97.50
2026-04-16 08:15:00,2026-04-16 08:29:59,Main PF,277.64,460.81,120.72,127.60,95.27,42.46,37.30,277.62,469.96,123.21,130.13,95.34,44.22,37.39,278.72,458.40,120.54,127.46,95.17,43.60,37.32,277.99,463.06,364.47,385.19,95.26,43.43,112.02,391.30,370.50
2026-04-16 08:15:00,2026-04-16 08:29:59,Q12,240.89,5.20,0.60,1.20,59.41,16.37,-1.16,242.70,2.52,0.00,0.50,61.28,32.54,-0.53,483.63,4.56,0.06,1.90,5.73,20.53,-1.23,322.41,4.09,0.66,3.60,42.14,23.15,-2.93,3.60,0.70
2026-04-16 08:15:00,2026-04-16 08:29:59,Q09,483.55,258.44,117.68,124.59,95.02,72.38,18.52,485.00,265.68,123.22,128.61,96.17,73.84,16.55,482.08,262.96,118.34,126.46,94.79,71.86,19.19,483.54,262.36,359.24,379.65,95.33,72.69,54.26,385.20,364.90
2026-04-16 08:15:00,2026-04-16 08:29:59,Q11,483.58,2.61,0.00,1.00,8.94,14.28,-0.54,487.24,2.41,0.00,1.00,4.27,10.86,-0.57,483.37,2.43,0.00,1.00,6.67,12.70,-0.56,484.73,2.48,0.00,3.00,6.63,12.61,-1.68,3.00,0.00
2026-04-16 08:30:00,2026-04-16 08:44:59,Q12,241.13,5.25,0.60,1.20,57.59,16.49,-1.19,242.96,2.52,0.00,0.50,60.57,34.66,-0.54,484.13,4.48,0.02,1.90,3.11,20.85,-1.23,322.74,4.09,0.62,3.60,40.42,24.00,-2.95,3.60,0.70
2026-04-16 08:30:00,2026-04-16 08:44:59,Q09,484.07,257.09,117.22,124.12,95.02,72.52,18.39,485.49,267.18,123.78,129.45,96.20,73.13,16.50,482.47,262.99,118.48,126.55,94.54,71.76,19.64,484.01,262.42,359.48,380.12,95.25,72.47,54.53,386.10,365.80
2026-04-16 08:30:00,2026-04-16 08:44:59,Q11,484.16,2.59,0.00,1.00,8.80,14.22,-0.54,487.42,2.42,0.00,1.00,3.97,10.57,-0.57,484.03,2.42,0.00,1.00,6.81,12.66,-0.57,485.20,2.47,0.00,3.00,6.53,12.49,-1.68,3.00,0.00
2026-04-16 08:30:00,2026-04-16 08:44:59,PQM,266.34,473.94,113.25,126.40,89.59,46.10,18.56,305.39,476.47,126.75,145.77,86.95,48.01,35.95,269.28,469.39,107.23,126.60,84.69,48.25,38.72,280.34,473.26,347.23,398.77,87.08,47.45,93.23,409.40,357.43
2026-04-16 08:30:00,2026-04-16 08:44:59,Q08,485.16,75.36,33.37,36.28,94.18,45.67,6.45,483.90,74.12,30.41,35.57,87.34,49.00,9.21,483.95,65.29,27.91,31.41,90.80,55.27,6.74,484.34,71.59,91.70,103.26,90.77,49.98,22.39,109.80,98.00
2026-04-16 08:30:00,2026-04-16 08:44:59,Main PF,278.00,462.54,121.27,128.19,95.15,42.69,37.98,277.83,472.48,123.88,130.97,95.24,44.84,38.07,278.96,458.96,120.09,127.70,94.98,44.49,37.95,278.26,464.66,365.24,386.86,95.12,44.01,113.99,394.90,373.00
2026-04-16 08:45:00,2026-04-16 08:59:59,PQM,265.66,478.38,114.07,127.14,89.71,45.68,18.58,304.55,478.73,127.27,145.97,87.18,47.53,35.49,268.65,473.54,108.31,127.25,85.11,47.69,38.08,279.62,476.88,349.65,400.36,87.34,46.96,92.15,410.32,360.01
2026-04-16 08:45:00,2026-04-16 08:59:59,Q08,484.27,76.25,34.18,36.63,95.16,45.50,5.83,482.96,73.85,31.05,35.42,89.24,49.45,8.44,482.58,65.35,28.47,31.27,93.18,54.91,5.80,483.27,71.81,93.70,103.32,92.53,49.95,20.08,109.60,103.20
2026-04-16 08:45:00,2026-04-16 08:59:59,Main PF,277.38,462.59,121.17,127.97,95.32,43.05,37.20,277.11,470.88,123.26,130.19,95.39,44.53,37.30,278.49,460.21,120.90,127.75,95.23,43.86,37.16,277.66,464.56,365.32,385.91,95.31,43.81,111.66,395.20,373.30
2026-04-16 08:45:00,2026-04-16 08:59:59,Q12,240.77,5.17,0.60,1.20,57.84,16.75,-1.18,242.58,2.51,0.00,0.50,59.88,33.56,-0.54,483.40,4.49,0.03,1.90,3.93,21.02,-1.23,322.25,4.06,0.63,3.60,40.55,23.78,-2.95,3.60,0.70
2026-04-16 08:45:00,2026-04-16 08:59:59,Q09,482.98,258.84,117.68,124.65,94.99,72.44,18.59,484.39,265.46,122.58,128.31,96.16,73.08,16.61,481.47,263.17,118.26,126.37,94.67,71.48,19.45,482.94,262.49,358.51,379.33,95.27,72.33,54.64,382.50,362.00
2026-04-16 08:45:00,2026-04-16 08:59:59,Q11,483.21,2.60,0.00,1.00,9.38,14.40,-0.54,486.52,2.42,0.00,1.00,4.19,10.60,-0.57,482.73,2.42,0.00,1.00,6.57,12.64,-0.56,484.15,2.48,0.00,3.00,6.71,12.55,-1.67,3.00,0.00
2026-04-16 09:00:00,2026-04-16 09:14:59,Q12,240.21,5.18,0.59,1.20,58.66,16.48,-1.17,242.03,2.52,0.00,0.50,61.14,33.45,-0.53,482.28,4.48,0.04,1.90,5.22,21.61,-1.23,321.50,4.06,0.64,3.60,41.67,23.85,-2.93,3.60,0.70
2026-04-16 09:00:00,2026-04-16 09:14:59,Q09,481.81,258.70,116.54,124.28,94.86,72.18,18.84,483.32,266.31,122.61,128.37,96.13,73.43,16.68,480.59,265.82,119.37,127.46,94.64,71.70,19.56,481.91,263.61,358.52,380.11,95.21,72.44,55.08,383.90,362.50
2026-04-16 09:00:00,2026-04-16 09:14:59,Q11,482.06,2.61,0.00,1.00,9.31,14.51,-0.54,485.24,2.42,0.00,1.00,4.16,10.80,-0.57,482.04,2.41,0.00,1.00,7.01,13.29,-0.56,483.11,2.48,0.00,3.00,6.83,12.87,-1.67,3.00,0.00
2026-04-16 09:00:00,2026-04-16 09:14:59,PQM,265.02,481.41,114.70,127.77,89.77,45.17,19.30,303.76,483.84,128.31,147.16,87.19,46.88,36.94,268.01,475.36,108.56,127.80,84.95,47.35,39.21,278.93,480.20,351.58,402.73,87.30,46.47,95.45,405.64,354.89
2026-04-16 09:00:00,2026-04-16 09:14:59,Q08,483.03,77.13,34.37,36.99,94.45,44.19,6.53,481.72,75.84,31.31,36.26,87.67,47.11,9.35,481.81,66.84,28.58,31.96,91.48,53.55,6.70,482.19,73.27,94.26,105.22,91.20,48.28,22.58,117.40,106.10
2026-04-16 09:00:00,2026-04-16 09:14:59,Main PF,276.72,464.83,121.45,128.26,95.19,42.24,38.05,276.67,474.98,124.14,131.09,95.24,43.94,38.23,277.89,461.34,120.45,127.92,95.02,43.64,38.04,277.09,467.05,366.05,387.28,95.15,43.27,114.32,394.20,372.40
2026-04-16 09:15:00,2026-04-16 09:29:59,PQM,264.84,477.57,113.71,126.87,89.62,45.41,19.53,303.56,477.96,126.95,145.78,87.08,47.27,36.14,267.84,473.02,107.96,127.09,84.95,47.53,38.79,278.74,476.18,348.61,399.74,87.22,46.74,94.47,404.06,353.42
2026-04-16 09:15:00,2026-04-16 09:29:59,Q08,482.50,71.42,31.70,34.22,94.04,48.65,6.16,481.68,70.08,29.13,33.51,88.43,52.36,8.24,481.38,63.56,27.14,30.30,91.70,57.63,6.19,481.85,68.35,87.96,98.04,91.39,52.88,20.58,105.40,97.00
2026-04-16 09:15:00,2026-04-16 09:29:59,Main PF,276.32,462.00,120.12,127.39,95.06,42.69,38.23,276.44,470.64,122.79,129.80,95.19,44.14,38.18,277.48,458.49,119.65,126.91,94.96,43.93,38.15,276.75,463.71,362.56,384.11,95.07,43.59,114.57,389.80,369.60
2026-04-16 09:15:00,2026-04-16 09:29:59,Q12,239.93,5.15,0.59,1.20,58.36,16.61,-1.17,241.74,2.54,0.00,0.50,61.22,33.69,-0.53,481.74,4.49,0.04,1.90,5.23,21.41,-1.23,321.14,4.06,0.64,3.60,41.61,23.90,-2.93,3.60,0.70
2026-04-16 09:15:00,2026-04-16 09:29:59,Q09,481.35,259.01,116.76,124.36,94.88,71.57,18.86,482.71,264.24,121.64,127.21,96.12,72.47,16.74,480.13,264.34,118.36,126.51,94.66,71.10,19.55,481.40,262.53,356.76,378.08,95.22,71.71,55.16,380.50,359.10
2026-04-16 09:15:00,2026-04-16 09:29:59,Q11,481.50,2.61,0.00,1.00,9.32,14.53,-0.54,484.86,2.44,0.00,1.00,4.38,10.76,-0.57,481.57,2.45,0.00,1.00,6.92,12.67,-0.55,482.64,2.50,0.00,3.00,6.87,12.65,-1.67,3.00,0.00
2026-04-16 09:30:00,2026-04-16 09:44:59,Q12,239.55,5.20,0.60,1.20,59.85,16.90,-1.16,241.35,2.50,0.00,0.50,62.30,33.25,-0.53,480.95,4.30,0.05,1.90,6.70,21.95,-1.23,320.62,4.00,0.65,3.60,42.95,24.03,-2.91,3.60,0.70
2026-04-16 09:30:00,2026-04-16 09:44:59,PQM,264.57,480.86,114.27,127.41,89.69,44.86,20.64,303.27,482.99,127.90,146.79,87.13,46.65,37.39,267.56,475.87,108.16,127.64,84.74,46.82,40.33,278.47,479.91,350.33,401.84,87.18,46.11,98.36,411.06,359.95
2026-04-16 09:30:00,2026-04-16 09:44:59,Q08,481.82,77.00,34.18,36.81,94.06,44.24,6.65,480.64,75.81,31.41,36.23,88.36,47.30,9.13,480.72,68.10,29.18,32.50,91.31,52.18,6.89,481.06,73.63,94.76,105.55,91.24,47.90,22.67,117.00,105.90
2026-04-16 09:30:00,2026-04-16 09:44:59,Main PF,276.01,462.38,119.42,127.27,94.73,42.16,39.77,275.99,474.82,122.66,130.71,94.88,43.92,39.86,277.18,461.42,119.59,127.52,94.61,42.89,39.73,276.39,466.21,361.68,385.51,94.74,42.99,119.36,396.40,371.30
2026-04-16 09:45:00,2026-04-16 09:59:59,PQM,263.92,471.28,111.16,124.64,89.18,46.12,20.18,302.40,475.09,125.01,143.79,86.93,47.66,35.62,266.81,471.35,106.52,125.79,84.67,47.25,39.30,277.71,472.57,342.69,394.23,86.93,47.01,95.10,402.84,350.18
2026-04-16 09:45:00,2026-04-16 09:59:59,Q08,480.55,68.95,30.25,32.89,93.52,51.77,6.05,479.46,68.32,28.30,32.48,88.49,54.43,7.89,479.47,61.80,26.13,29.32,90.61,58.83,6.36,479.83,66.36,84.68,94.69,90.87,55.01,20.30,101.10,91.30
2026-04-16 09:45:00,2026-04-16 09:59:59,Main PF,275.37,454.52,117.38,124.82,94.81,43.64,38.54,275.11,465.61,120.08,127.72,94.99,45.09,38.56,276.41,456.92,118.44,125.96,94.85,43.69,38.42,275.63,459.02,355.89,378.50,94.89,44.14,115.51,392.00,367.60
2026-04-16 10:00:00,2026-04-16 10:14:59,PQM,263.34,480.14,113.49,126.38,89.80,45.38,18.37,301.72,479.53,126.65,144.79,87.47,47.09,34.56,266.27,476.09,108.11,126.57,85.41,47.01,37.66,277.11,478.59,348.25,397.75,87.56,46.49,90.59,404.29,355.32
2026-04-16 10:00:00,2026-04-16 10:14:59,Q08,479.80,75.65,33.49,36.08,94.24,45.12,6.47,478.40,74.05,30.23,35.15,88.22,48.29,8.92,479.23,65.92,28.21,31.33,91.63,53.50,6.57,479.14,71.88,91.93,102.56,91.36,48.97,21.96,112.90,101.90
2026-04-16 10:00:00,2026-04-16 10:14:59,Main PF,275.07,465.23,120.87,127.65,95.37,42.81,37.34,274.62,473.12,122.81,129.67,95.45,44.26,37.38,276.00,461.86,120.39,127.22,95.29,43.41,37.29,275.23,466.73,364.07,384.55,95.37,43.50,112.01,391.40,369.50
2026-04-16 10:00:00,2026-04-16 10:14:59,Q09,478.89,261.59,117.45,124.91,94.92,71.20,18.91,479.94,268.37,122.21,128.47,95.96,72.55,17.16,477.40,264.79,118.09,126.09,94.67,71.13,19.52,478.74,264.92,357.74,379.47,95.19,71.62,55.59,382.90,361.70
2026-04-16 10:00:00,2026-04-16 10:14:59,Q11,478.56,2.40,0.00,1.00,8.81,14.20,-0.54,482.03,2.31,0.00,1.00,4.86,11.35,-0.57,479.19,2.40,0.00,1.00,7.96,13.44,-0.57,479.93,2.37,0.00,3.00,7.21,13.00,-1.67,3.00,0.00
2026-04-16 10:00:00,2026-04-16 10:14:59,Q10 - no CTs,480.71,3.29,0.20,1.40,19.25,25.92,-0.88,481.72,3.49,0.20,1.40,18.18,30.01,-0.90,477.91,3.24,0.19,1.40,16.09,25.89,-0.86,480.11,3.34,0.59,4.20,17.84,27.28,-2.65,4.20,0.60
2026-04-16 10:15:00,2026-04-16 10:29:59,Q09,478.27,261.22,117.29,124.58,94.99,70.89,18.81,479.26,268.27,121.96,128.28,95.95,71.79,17.25,476.72,263.27,117.25,125.23,94.62,70.49,19.60,478.09,264.25,356.51,378.08,95.19,71.06,55.65,382.40,361.10
2026-04-16 10:15:00,2026-04-16 10:29:59,Q11,478.24,2.86,0.01,1.02,8.26,13.73,-0.54,481.18,2.59,0.00,1.00,4.86,11.58,-0.55,478.28,2.72,0.00,1.00,7.82,13.04,-0.56,479.23,2.73,0.01,3.02,6.98,12.78,-1.66,3.40,0.10
2026-04-16 10:15:00,2026-04-16 10:29:59,Q10 - no CTs,479.97,3.34,0.20,1.40,19.65,26.63,-0.88,480.87,3.51,0.20,1.40,18.13,30.11,-0.89,476.91,3.23,0.17,1.40,15.51,25.45,-0.87,479.25,3.36,0.57,4.20,17.76,27.40,-2.64,4.20,0.60
2026-04-16 10:15:00,2026-04-16 10:29:59,PQM,263.05,477.06,112.59,125.61,89.63,45.53,18.78,301.38,477.33,125.81,143.96,87.39,47.30,34.30,265.96,475.29,108.00,126.51,85.36,46.81,37.87,276.79,476.56,346.39,396.08,87.46,46.55,90.96,402.45,353.28
2026-04-16 10:15:00,2026-04-16 10:29:59,Q08,479.15,70.68,31.21,33.62,94.25,49.54,5.93,477.74,69.76,28.68,33.10,88.68,52.68,8.13,478.01,63.12,26.84,29.92,91.31,57.74,6.26,478.30,67.86,86.72,96.65,91.41,53.32,20.32,106.10,96.00
2026-04-16 10:15:00,2026-04-16 10:29:59,Main PF,274.58,456.83,118.39,125.13,95.31,42.87,36.89,274.28,467.09,120.99,127.77,95.41,44.41,37.01,275.73,459.34,119.45,126.33,95.31,43.09,36.88,274.86,461.09,358.83,379.23,95.34,43.46,110.78,389.80,368.60
2026-04-16 10:30:00,2026-04-16 10:44:59,PQM,262.86,489.22,115.83,128.57,90.08,44.21,19.06,301.17,488.96,129.56,147.42,87.88,45.82,34.88,265.80,486.57,111.25,129.50,85.90,45.54,38.46,276.61,488.25,356.64,405.49,87.95,45.19,92.40,421.69,372.42
2026-04-16 10:30:00,2026-04-16 10:44:59,Q08,478.64,86.91,38.24,41.36,94.01,38.87,7.76,477.78,83.60,34.96,39.61,89.90,42.29,9.56,477.79,77.36,33.50,36.68,92.95,44.41,7.36,478.07,82.62,106.70,117.64,92.29,41.85,24.69,126.00,115.90
2026-04-16 10:30:00,2026-04-16 10:44:59,Main PF,274.29,473.26,122.55,129.45,95.36,41.54,38.16,274.21,482.29,124.72,131.87,95.44,42.49,38.27,275.41,473.25,122.98,130.08,95.35,42.00,38.14,274.64,476.27,370.25,391.40,95.39,42.01,114.57,407.50,384.30
2026-04-16 10:30:00,2026-04-16 10:44:59,Q09,477.70,260.72,116.69,124.26,94.91,70.97,18.90,478.69,265.25,120.54,126.61,95.97,72.28,17.08,476.47,264.93,117.81,125.84,94.72,70.74,19.39,477.62,263.63,355.04,376.71,95.20,71.33,55.37,383.40,361.70
2026-04-16 10:30:00,2026-04-16 10:44:59,Q11,477.67,2.98,0.07,1.28,7.84,14.42,-0.54,480.74,2.64,0.00,1.00,4.55,11.81,-0.55,478.41,2.79,0.00,1.00,7.64,13.11,-0.56,478.94,2.81,0.07,3.28,6.68,13.11,-1.65,3.40,0.10
2026-04-16 10:30:00,2026-04-16 10:44:59,Q10 - no CTs,479.52,3.36,0.20,1.40,19.57,26.93,-0.88,480.84,3.54,0.20,1.40,17.85,29.28,-0.89,476.89,3.31,0.20,1.40,16.33,25.64,-0.87,479.08,3.40,0.60,4.20,17.92,27.28,-2.64,4.20,0.60
2026-04-16 10:45:00,2026-04-16 10:59:59,Q09,476.72,256.21,115.10,121.76,95.06,71.31,18.36,477.55,261.05,118.27,124.34,95.96,72.35,16.96,475.56,257.84,114.45,122.27,94.65,71.34,19.18,476.61,258.37,347.82,368.38,95.22,71.67,54.50,372.40,352.50
2026-04-16 10:45:00,2026-04-16 10:59:59,Q11,476.63,3.08,0.10,1.40,8.23,14.13,-0.54,479.88,2.66,0.00,1.00,4.52,11.81,-0.55,477.26,2.86,0.00,0.99,7.69,13.56,-0.56,477.92,2.86,0.10,3.39,6.81,13.16,-1.65,3.40,0.10
2026-04-16 10:45:00,2026-04-16 10:59:59,Q10 - no CTs,478.57,3.38,0.20,1.40,20.16,28.11,-0.89,479.98,3.49,0.20,1.40,18.07,30.28,-0.89,475.68,3.27,0.17,1.40,15.14,24.04,-0.87,478.07,3.38,0.57,4.20,17.79,27.48,-2.64,4.20,0.60
2026-04-16 10:45:00,2026-04-16 10:59:59,PQM,262.28,492.95,116.72,129.07,90.43,43.47,18.58,300.52,494.71,130.94,148.39,88.24,45.04,34.88,265.17,489.72,111.75,129.68,86.17,44.77,38.46,275.99,492.46,359.41,407.13,88.28,44.43,91.93,421.02,372.67
2026-04-16 10:45:00,2026-04-16 10:59:59,Q08,477.63,86.31,38.49,40.99,95.13,39.66,6.98,476.77,84.17,35.81,39.92,91.43,42.78,8.88,476.91,77.08,33.75,36.56,93.92,44.76,6.85,477.10,82.52,108.04,117.47,93.49,42.40,22.71,124.60,114.80
2026-04-16 10:45:00,2026-04-16 10:59:59,Main PF,273.70,475.09,122.83,129.69,95.55,41.01,37.70,273.64,485.32,125.46,132.42,95.65,42.64,37.74,274.80,474.30,123.11,130.06,95.51,41.56,37.65,274.05,478.24,371.40,392.18,95.57,41.74,113.09,398.70,377.10
2026-04-16 11:00:00,2026-04-16 11:14:59,PQM,262.12,491.77,116.44,128.93,90.30,43.64,19.10,300.27,492.18,130.23,147.71,88.16,45.12,34.99,265.05,486.76,110.90,129.00,85.97,45.13,38.48,275.81,490.23,357.57,405.65,88.14,44.63,92.57,419.35,370.40
2026-04-16 11:00:00,2026-04-16 11:14:59,Q08,477.17,83.25,36.66,39.45,94.61,41.64,6.97,476.46,81.27,34.56,38.48,91.14,44.71,8.70,476.22,75.67,32.73,35.81,93.12,46.86,7.05,476.62,80.06,103.94,113.74,92.96,44.41,22.71,120.10,110.70
2026-04-16 11:00:00,2026-04-16 11:14:59,Main PF,273.48,472.15,121.73,128.76,95.41,41.31,37.95,273.42,482.62,124.88,131.61,95.54,42.42,37.99,274.65,472.42,122.17,129.35,95.36,41.82,37.92,273.85,475.73,368.78,389.72,95.44,41.85,113.86,402.10,378.60
2026-04-16 11:00:00,2026-04-16 11:14:59,Q09,476.32,257.44,115.02,122.26,94.97,71.02,18.52,477.28,262.87,119.05,125.20,95.96,72.11,16.79,475.04,259.56,115.12,123.04,94.80,70.60,18.88,476.21,259.96,349.19,370.50,95.24,71.25,54.19,374.90,352.50
2026-04-16 11:00:00,2026-04-16 11:14:59,Q11,476.26,3.08,0.10,1.40,7.86,13.91,-0.54,479.80,2.66,0.00,1.00,4.98,11.55,-0.54,476.29,2.87,0.00,0.96,7.41,13.49,-0.56,477.45,2.87,0.10,3.36,6.75,12.98,-1.65,3.40,0.10
2026-04-16 11:00:00,2026-04-16 11:14:59,Q10 - no CTs,478.09,3.32,0.20,1.40,19.48,26.88,-0.87,479.71,3.52,0.20,1.40,17.69,29.00,-0.89,475.18,3.25,0.19,1.40,16.07,25.64,-0.87,477.66,3.36,0.59,4.20,17.75,27.17,-2.63,4.20,0.60
2026-04-16 11:15:00,2026-04-16 11:29:59,Q09,475.76,255.65,113.85,121.35,94.91,71.03,18.61,477.41,259.95,118.41,123.73,96.06,72.12,16.57,474.92,258.33,114.70,122.38,94.83,70.35,18.94,476.03,257.98,346.96,367.46,95.27,71.17,54.13,372.70,351.50
2026-04-16 11:15:00,2026-04-16 11:29:59,Q11,475.68,3.08,0.10,1.40,7.63,14.32,-0.54,479.21,2.65,0.00,1.00,4.69,11.91,-0.54,476.35,2.87,0.00,0.96,7.40,13.72,-0.56,477.08,2.87,0.10,3.36,6.57,13.32,-1.64,3.40,0.10
2026-04-16 11:15:00,2026-04-16 11:29:59,Q10 - no CTs,477.90,3.37,0.20,1.40,19.08,26.79,-0.88,479.04,3.52,0.20,1.40,18.14,29.87,-0.89,475.04,3.27,0.17,1.40,15.79,25.49,-0.86,477.33,3.39,0.57,4.20,17.67,27.38,-2.63,4.20,0.60
2026-04-16 11:15:00,2026-04-16 11:29:59,PQM,261.83,485.03,114.24,126.77,90.11,44.27,18.53,299.99,485.70,128.19,145.51,88.10,45.69,33.70,264.80,482.12,109.53,127.52,85.88,45.59,37.75,275.54,484.28,351.96,399.80,88.03,45.18,89.98,415.94,367.59
2026-04-16 11:15:00,2026-04-16 11:29:59,Q08,476.84,84.57,37.42,40.05,94.84,40.58,6.99,475.90,81.98,34.76,38.72,91.23,43.76,8.73,476.28,75.52,32.87,35.70,93.69,45.92,6.81,476.34,80.69,105.04,114.47,93.25,43.42,22.53,119.80,110.10
2026-04-16 11:15:00,2026-04-16 11:29:59,Main PF,273.34,469.29,121.04,127.92,95.43,41.84,37.60,273.24,480.58,124.11,130.98,95.54,42.61,37.71,274.39,467.97,121.02,128.07,95.36,41.93,37.60,273.66,472.61,366.17,386.97,95.44,42.12,112.91,400.90,380.00
2026-04-16 11:30:00,2026-04-16 11:44:59,PQM,261.57,475.86,111.76,124.39,89.82,45.43,17.55,299.78,476.92,125.69,143.08,87.83,47.01,32.21,264.52,471.36,106.50,124.62,85.44,47.11,36.62,275.29,474.71,343.95,392.09,87.70,46.52,86.38,415.48,367.41
2026-04-16 11:30:00,2026-04-16 11:44:59,Q08,476.70,73.76,32.96,34.85,96.63,50.13,4.78,475.68,71.59,30.95,33.81,93.64,54.38,6.31,475.25,66.98,29.32,31.56,95.70,57.28,4.79,475.88,70.78,93.23,100.22,95.32,53.93,15.88,121.20,111.10
2026-04-16 11:30:00,2026-04-16 11:44:59,Main PF,273.03,458.00,118.59,124.71,95.63,42.62,35.64,272.72,468.47,121.21,127.35,95.77,43.96,35.71,274.41,455.33,118.55,124.63,95.57,43.39,35.54,273.39,460.60,358.35,376.69,95.66,43.32,106.89,400.00,379.00
2026-04-16 11:30:00,2026-04-16 11:44:59,Q09,475.48,256.42,114.22,121.59,94.93,70.68,18.48,477.16,261.83,119.03,124.55,96.09,71.59,16.62,474.22,258.60,114.55,122.32,94.66,70.53,19.30,475.62,258.95,347.80,368.46,95.23,70.93,54.40,372.70,351.30
2026-04-16 11:30:00,2026-04-16 11:44:59,Q11,475.24,3.11,0.10,1.40,7.88,14.25,-0.54,479.21,2.65,0.00,1.00,4.76,11.50,-0.54,475.68,2.88,0.00,0.94,7.57,13.19,-0.55,476.71,2.88,0.10,3.34,6.74,12.98,-1.63,3.40,0.10
2026-04-16 11:30:00,2026-04-16 11:44:59,Q10 - no CTs,477.49,3.39,0.20,1.40,19.71,28.39,-0.89,478.74,3.49,0.20,1.40,18.60,30.87,-0.88,474.57,3.28,0.14,1.40,15.02,24.42,-0.86,476.93,3.39,0.54,4.20,17.78,27.89,-2.63,4.20,0.60
2026-04-16 11:45:00,2026-04-16 11:59:59,Q09,475.18,257.27,114.44,121.88,94.93,70.43,18.61,476.39,262.00,118.62,124.45,96.04,71.71,16.69,474.22,260.23,115.18,123.06,94.72,70.25,19.23,475.26,259.83,348.23,369.39,95.23,70.80,54.53,373.40,352.30
2026-04-16 11:45:00,2026-04-16 11:59:59,Q11,474.96,3.11,0.10,1.40,7.54,14.34,-0.54,478.68,2.67,0.00,1.00,5.07,12.13,-0.54,475.69,2.88,0.01,1.00,7.66,13.56,-0.56,476.44,2.89,0.11,3.40,6.76,13.34,-1.64,3.80,0.20
2026-04-16 11:45:00,2026-04-16 11:59:59,Q10 - no CTs,476.86,3.39,0.20,1.40,19.19,27.64,-0.88,478.84,3.48,0.20,1.40,18.54,30.81,-0.89,474.09,3.27,0.19,1.40,15.51,25.69,-0.86,476.60,3.38,0.59,4.20,17.75,28.04,-2.63,4.20,0.60
2026-04-16 11:45:00,2026-04-16 11:59:59,PQM,261.45,463.72,108.38,121.16,89.44,46.59,16.19,299.63,465.91,122.22,139.42,87.66,48.16,29.69,264.45,461.71,104.00,121.98,85.26,48.17,34.80,275.18,463.78,334.60,382.56,87.45,47.64,80.68,399.98,351.60
2026-04-16 11:45:00,2026-04-16 11:59:59,Q08,476.18,67.13,30.09,31.72,97.15,55.02,3.90,475.09,66.13,28.70,31.15,94.04,59.37,5.43,475.39,61.46,27.11,28.95,96.00,63.15,4.06,475.55,64.91,85.89,91.81,95.73,59.18,13.39,99.40,94.10
2026-04-16 11:45:00,2026-04-16 11:59:59,Main PF,272.77,445.37,115.24,121.13,95.86,44.57,33.53,272.93,454.72,117.74,123.77,96.00,45.74,33.65,274.10,444.93,115.88,121.66,95.82,45.21,33.51,273.26,448.34,348.86,366.57,95.89,45.17,100.68,386.20,365.80
2026-04-16 12:00:00,2026-04-16 12:14:59,PQM,261.68,472.92,111.01,123.91,89.59,45.62,17.75,299.97,473.75,124.98,142.26,87.86,47.16,30.95,264.71,475.03,107.63,125.69,85.63,46.82,36.11,275.46,473.90,343.62,391.85,87.69,46.53,84.82,404.85,357.29
2026-04-16 12:00:00,2026-04-16 12:14:59,Q08,476.61,68.51,30.78,32.44,97.03,53.39,4.05,475.59,66.99,29.12,31.61,94.25,57.89,5.46,475.50,62.73,27.76,29.56,96.35,60.95,4.01,475.90,66.08,87.67,93.61,95.88,57.41,13.52,103.30,97.90
2026-04-16 12:00:00,2026-04-16 12:14:59,Main PF,273.03,454.61,117.41,123.81,95.63,43.32,35.39,272.93,465.73,120.30,126.75,95.81,44.25,35.47,274.36,460.82,119.34,126.07,95.71,43.52,35.40,273.44,460.39,357.05,376.63,95.72,43.70,106.25,390.80,369.50
2026-04-16 12:00:00,2026-04-16 12:14:59,Q09,475.36,255.33,113.48,121.04,94.79,71.05,18.90,476.52,262.88,118.88,124.87,95.95,71.77,16.95,474.50,261.32,115.76,123.73,94.58,70.68,19.53,475.46,259.84,348.11,369.65,95.10,71.17,55.38,373.90,352.10
2026-04-16 12:00:00,2026-04-16 12:14:59,Q11,475.72,3.12,0.10,1.40,7.97,14.50,-0.54,479.11,2.64,0.00,1.00,4.85,11.68,-0.54,475.58,2.88,0.00,0.92,7.78,13.96,-0.55,476.80,2.88,0.10,3.32,6.86,13.38,-1.63,3.40,0.10
2026-04-16 12:00:00,2026-04-16 12:14:59,Q10 - no CTs,477.41,3.37,0.20,1.40,20.19,28.74,-0.88,478.96,3.51,0.20,1.40,18.33,31.16,-0.88,474.61,3.25,0.17,1.40,15.37,25.50,-0.87,476.99,3.38,0.57,4.20,17.96,28.46,-2.63,4.20,0.60
2026-04-16 12:15:00,2026-04-16 12:29:59,Q09,474.68,255.75,113.24,120.99,94.71,70.74,19.07,476.17,262.93,119.01,124.77,95.99,71.89,16.89,473.72,261.90,115.78,123.76,94.60,70.22,19.57,474.86,260.20,348.03,369.52,95.10,70.95,55.53,376.90,355.00
2026-04-16 12:15:00,2026-04-16 12:29:59,Q11,474.62,3.13,0.10,1.40,7.96,13.84,-0.54,478.28,2.65,0.00,1.00,4.61,11.93,-0.54,475.14,2.85,0.00,0.92,7.54,13.82,-0.55,476.01,2.88,0.10,3.32,6.70,13.20,-1.63,3.40,0.10
2026-04-16 12:15:00,2026-04-16 12:29:59,Q10 - no CTs,476.42,3.35,0.20,1.40,19.25,27.65,-0.88,477.95,3.51,0.20,1.40,18.32,30.93,-0.89,474.19,3.28,0.18,1.40,15.65,25.82,-0.86,476.19,3.38,0.58,4.20,17.74,28.14,-2.62,4.20,0.60
2026-04-16 12:15:00,2026-04-16 12:29:59,PQM,261.23,470.99,110.31,122.94,89.72,45.81,16.40,299.39,472.87,124.13,141.32,87.83,47.34,30.97,264.26,472.14,106.95,124.55,85.86,47.13,34.78,274.96,472.00,341.39,388.81,87.80,46.76,82.15,402.06,354.00
2026-04-16 12:15:00,2026-04-16 12:29:59,Q08,475.93,71.71,32.51,33.94,97.66,49.73,3.84,474.96,68.80,29.82,32.44,93.61,54.00,6.03,474.67,62.86,28.00,29.59,96.90,59.72,3.73,475.19,67.79,90.33,95.97,96.06,54.48,13.60,102.60,98.00
2026-04-16 12:15:00,2026-04-16 12:29:59,Main PF,272.69,454.06,116.89,123.48,95.79,43.40,34.73,272.59,463.86,119.62,126.08,95.91,44.47,34.81,273.72,457.57,118.53,124.88,95.83,43.50,34.72,273.00,458.50,355.04,374.44,95.84,43.79,104.26,385.40,364.80
2026-04-16 12:30:00,2026-04-16 12:44:59,PQM,261.03,473.62,110.79,123.32,89.84,45.41,16.86,299.18,472.65,124.27,141.31,87.94,46.91,31.19,264.17,471.70,106.99,124.54,85.91,46.88,34.94,274.79,472.66,342.05,389.17,87.90,46.40,82.99,398.18,350.87
2026-04-16 12:30:00,2026-04-16 12:44:59,Q08,475.55,71.55,32.25,33.78,97.42,50.49,4.01,474.59,68.22,29.64,32.15,93.65,55.54,5.93,474.86,63.16,28.23,29.77,96.95,59.71,3.70,475.00,67.64,90.12,95.70,96.00,55.25,13.64,102.00,97.00
2026-04-16 12:30:00,2026-04-16 12:44:59,Main PF,272.52,454.66,117.05,123.61,95.77,43.33,34.93,272.28,463.17,119.28,125.80,95.86,44.24,35.00,273.82,456.69,118.19,124.74,95.77,43.39,34.92,272.87,458.17,354.52,374.15,95.80,43.65,104.86,382.20,362.10
2026-04-16 12:30:00,2026-04-16 12:44:59,Q09,474.42,258.22,114.49,122.23,94.65,70.21,19.17,475.71,263.05,118.91,124.80,95.99,71.45,16.87,473.53,262.10,115.79,123.74,94.64,69.77,19.48,474.55,261.12,349.19,370.77,95.10,70.48,55.52,373.80,353.10
2026-04-16 12:30:00,2026-04-16 12:44:59,Q11,474.36,3.12,0.10,1.40,7.58,13.86,-0.54,477.96,2.65,0.00,1.00,4.96,12.51,-0.54,474.86,2.89,0.00,0.92,7.76,13.66,-0.55,475.73,2.89,0.10,3.32,6.77,13.34,-1.64,3.40,0.10
2026-04-16 12:30:00,2026-04-16 12:44:59,Q10 - no CTs,476.29,3.35,0.20,1.40,19.27,28.01,-0.87,477.87,3.55,0.20,1.40,18.12,31.01,-0.89,473.76,3.25,0.20,1.40,16.20,26.70,-0.86,475.97,3.38,0.60,4.20,17.86,28.57,-2.62,4.20,0.60
2026-04-16 12:45:00,2026-04-16 12:59:59,Q09,474.09,256.63,113.54,121.34,94.62,70.38,19.20,475.60,260.60,117.91,123.62,95.98,71.67,16.81,473.02,261.26,115.28,123.27,94.73,69.88,19.30,474.24,259.50,346.74,368.23,95.11,70.64,55.31,372.10,350.40
2026-04-16 12:45:00,2026-04-16 12:59:59,Q11,473.71,3.13,0.10,1.40,7.66,14.22,-0.53,477.72,2.65,0.00,1.00,5.07,12.17,-0.54,474.68,2.87,0.00,0.91,7.59,13.88,-0.55,475.37,2.88,0.10,3.31,6.78,13.42,-1.63,3.40,0.10
2026-04-16 12:45:00,2026-04-16 12:59:59,Q10 - no CTs,476.02,3.35,0.20,1.40,19.09,27.13,-0.87,477.62,3.51,0.20,1.40,18.19,31.02,-0.89,473.26,3.28,0.19,1.40,16.39,27.56,-0.86,475.63,3.38,0.59,4.20,17.89,28.57,-2.62,4.20,0.60
2026-04-16 12:45:00,2026-04-16 12:59:59,PQM,260.88,480.96,113.26,125.53,90.23,44.30,16.80,298.95,478.55,126.14,142.99,88.21,46.03,31.80,264.00,478.69,108.92,126.14,86.35,45.87,35.03,274.61,479.40,348.32,394.66,88.26,45.40,83.63,402.57,355.34
2026-04-16 12:45:00,2026-04-16 12:59:59,Q08,475.23,79.06,35.94,37.29,97.91,45.30,4.08,474.28,74.20,32.08,34.91,93.56,50.14,6.60,474.66,67.88,30.53,32.04,97.74,54.70,3.44,474.73,73.71,98.55,104.24,96.40,50.05,14.13,110.20,104.60
2026-04-16 12:45:00,2026-04-16 12:59:59,Main PF,272.31,462.93,119.41,125.68,95.91,41.99,35.00,272.19,469.83,121.61,127.57,95.96,43.21,35.08,273.61,461.55,119.42,126.03,95.88,42.20,35.00,272.71,464.77,360.44,379.27,95.92,42.47,105.09,391.50,370.50
2026-04-16 13:00:00,2026-04-16 13:14:59,PQM,260.68,474.33,111.14,123.52,89.97,45.10,16.64,298.76,475.42,125.03,141.98,88.06,46.44,31.54,263.78,474.17,107.42,124.97,85.95,46.50,35.44,274.41,474.64,343.59,390.47,88.00,46.01,83.62,400.33,352.71
2026-04-16 13:00:00,2026-04-16 13:14:59,Q08,474.79,70.82,32.22,33.39,97.56,50.88,3.84,473.70,69.15,29.89,32.46,93.86,55.05,5.89,473.86,62.92,27.71,29.53,96.72,60.10,3.85,474.12,67.63,89.82,95.38,96.05,55.34,13.57,100.10,94.60
2026-04-16 13:00:00,2026-04-16 13:14:59,Main PF,272.11,457.63,117.47,124.21,95.78,42.62,35.12,272.09,467.13,120.59,126.80,95.89,43.61,35.15,273.26,459.59,118.66,125.29,95.79,42.97,35.09,272.48,461.45,356.73,376.30,95.82,43.07,105.37,388.40,368.60
2026-04-16 13:00:00,2026-04-16 13:14:59,Q09,473.90,256.82,113.64,121.38,94.68,70.61,19.05,475.14,261.28,118.07,123.85,96.08,71.88,16.61,472.91,261.38,115.46,123.33,94.67,70.32,19.42,473.98,259.83,347.17,368.56,95.14,70.94,55.07,373.00,352.10
2026-04-16 13:00:00,2026-04-16 13:14:59,Q11,473.67,3.15,0.10,1.40,7.55,14.49,-0.54,477.40,2.66,0.00,1.00,4.99,11.55,-0.54,474.34,2.89,0.01,0.92,7.46,13.77,-0.55,475.13,2.90,0.11,3.32,6.66,13.27,-1.63,3.80,0.20
2026-04-16 13:00:00,2026-04-16 13:14:59,Q10 - no CTs,475.16,3.39,0.20,1.40,19.07,27.26,-0.88,477.36,3.54,0.20,1.40,19.01,31.49,-0.89,473.34,3.22,0.19,1.40,15.77,26.58,-0.86,475.29,3.38,0.59,4.20,17.95,28.45,-2.62,4.20,0.60
2026-04-16 13:15:00,2026-04-16 13:29:59,Q09,473.24,256.23,113.29,121.03,94.76,69.89,18.82,474.63,260.82,118.13,123.52,96.17,70.74,16.51,472.10,261.37,115.19,123.03,94.57,69.58,19.59,473.32,259.47,346.62,367.58,95.16,70.07,54.92,372.30,352.40
2026-04-16 13:15:00,2026-04-16 13:29:59,Q11,472.81,3.12,0.10,1.40,8.14,14.27,-0.54,476.92,2.65,0.00,0.99,4.55,12.04,-0.54,473.83,2.86,0.01,0.93,7.60,13.70,-0.54,474.52,2.88,0.11,3.32,6.76,13.34,-1.62,3.80,0.20
2026-04-16 13:15:00,2026-04-16 13:29:59,Q10 - no CTs,475.02,3.38,0.20,1.40,19.03,27.82,-0.89,476.92,3.55,0.20,1.40,19.04,31.64,-0.89,472.38,3.23,0.17,1.40,15.20,26.23,-0.86,474.77,3.39,0.57,4.20,17.76,28.57,-2.63,4.20,0.60
2026-04-16 13:15:00,2026-04-16 13:29:59,PQM,260.39,470.55,110.11,122.48,89.90,45.17,16.60,298.47,473.33,124.74,141.52,88.14,46.42,30.92,263.49,473.10,107.14,124.81,85.85,46.38,35.65,274.11,472.32,341.99,388.81,87.96,45.99,83.17,402.48,355.50
2026-04-16 13:15:00,2026-04-16 13:29:59,Q08,474.71,68.28,30.81,32.20,97.52,52.65,3.70,473.26,67.47,29.22,31.65,94.05,55.75,5.66,473.25,61.91,27.34,29.04,96.12,61.54,4.07,473.74,65.89,87.36,92.89,95.90,56.65,13.43,96.60,90.50
2026-04-16 13:15:00,2026-04-16 13:29:59,Main PF,271.73,453.84,116.28,122.97,95.71,42.79,35.04,271.78,468.13,120.52,126.87,95.88,43.78,35.14,272.91,460.19,118.51,125.25,95.79,43.13,34.96,272.14,460.72,355.31,375.09,95.79,43.23,105.14,387.20,366.70
2026-04-16 13:30:00,2026-04-16 13:44:59,PQM,260.73,288.44,70.05,75.10,93.96,32.80,9.99,298.32,285.79,77.58,85.18,91.68,34.14,19.79,263.56,285.50,67.20,75.19,90.12,34.25,21.27,274.20,286.58,214.83,235.47,91.92,33.73,51.06,392.14,345.99
2026-04-16 13:30:00,2026-04-16 13:44:59,Q08,474.74,36.37,16.31,17.03,98.67,33.22,1.49,473.46,33.33,13.80,15.57,91.63,37.56,3.40,473.79,28.70,12.37,13.43,98.02,45.71,1.50,473.99,32.80,42.47,46.03,96.11,38.83,6.39,97.90,92.90
2026-04-16 13:30:00,2026-04-16 13:44:59,Main PF,271.86,289.69,74.44,78.52,96.15,31.09,22.06,271.85,293.82,75.88,79.64,96.19,32.53,22.07,273.00,288.01,74.43,78.36,96.13,31.90,22.01,272.24,290.51,224.75,236.52,96.16,31.84,66.14,378.00,359.40
2026-04-16 13:30:00,2026-04-16 13:44:59,Q09,473.99,95.52,42.48,45.00,97.62,100.62,5.20,474.66,98.19,44.42,46.38,98.15,101.21,4.64,472.57,96.79,42.99,45.50,97.22,102.13,5.53,473.74,96.83,129.89,136.89,97.67,101.32,15.37,376.70,355.00
2026-04-16 13:30:00,2026-04-16 13:44:59,Q11,473.54,3.09,0.10,1.40,7.42,11.95,-0.53,476.96,2.65,0.00,0.99,4.82,8.24,-0.54,474.04,2.82,0.00,0.90,7.38,10.62,-0.54,474.85,2.85,0.10,3.29,6.54,10.27,-1.62,3.30,0.10
2026-04-16 13:30:00,2026-04-16 13:44:59,Q10 - no CTs,474.81,3.31,0.20,1.40,18.79,25.30,-0.86,477.02,3.48,0.20,1.40,17.69,27.96,-0.89,473.08,3.23,0.19,1.40,17.08,26.46,-0.86,474.97,3.34,0.59,4.20,17.85,26.57,-2.61,4.20,0.60
2026-04-16 13:45:00,2026-04-16 13:59:59,Q09,474.71,58.17,26.30,27.38,98.11,105.94,2.14,476.05,59.81,27.38,28.27,98.65,106.30,1.83,473.05,59.12,26.35,27.65,97.80,106.00,2.32,474.60,59.03,80.04,83.30,98.19,106.08,6.30,85.40,82.30
2026-04-16 13:45:00,2026-04-16 13:59:59,Q11,474.28,3.10,0.10,1.40,7.20,11.57,-0.54,477.76,2.61,0.00,1.00,4.68,7.17,-0.54,474.66,2.83,0.00,0.91,7.32,9.54,-0.55,475.57,2.85,0.10,3.31,6.40,9.43,-1.62,3.40,0.10
2026-04-16 13:45:00,2026-04-16 13:59:59,Q10 - no CTs,476.17,3.18,0.20,1.40,18.93,23.46,-0.86,477.84,3.48,0.20,1.40,16.92,26.01,-0.89,473.38,3.25,0.20,1.40,17.86,26.67,-0.86,475.80,3.31,0.60,4.20,17.90,25.38,-2.60,4.20,0.60
2026-04-16 13:45:00,2026-04-16 13:59:59,PQM,261.02,234.19,58.26,61.13,95.30,28.81,7.84,298.62,231.36,63.81,68.88,92.63,30.02,17.29,263.90,226.10,54.46,59.77,91.11,30.79,17.13,274.51,230.55,176.53,189.78,93.02,29.87,42.26,193.60,180.25
2026-04-16 13:45:00,2026-04-16 13:59:59,Q08,475.40,29.87,13.31,14.04,98.94,33.37,0.97,474.41,27.72,11.21,12.89,90.48,37.45,3.08,474.37,21.77,9.19,10.08,97.95,49.46,1.09,474.73,26.46,33.70,37.01,95.79,40.09,5.15,41.70,38.40
2026-04-16 13:45:00,2026-04-16 13:59:59,Main PF,272.23,222.98,57.58,60.47,96.26,26.73,17.04,272.48,225.07,58.25,61.11,96.18,28.13,17.09,273.37,219.65,56.97,59.87,96.07,27.80,17.05,272.69,222.57,172.80,181.44,96.17,27.55,51.17,185.50,176.70
2026-04-16 14:00:00,2026-04-16 14:14:59,PQM,260.57,230.61,57.32,60.23,95.16,29.13,7.71,298.09,229.32,63.40,68.26,92.88,30.54,16.17,263.39,227.50,54.62,59.85,91.26,30.65,16.91,274.02,229.14,175.35,188.35,93.10,30.11,40.80,199.22,185.22
2026-04-16 14:00:00,2026-04-16 14:14:59,Q08,474.76,28.35,12.38,13.22,98.28,36.24,1.20,473.39,25.84,10.41,12.05,91.64,41.09,2.71,473.21,22.14,9.28,10.25,97.79,48.49,1.13,473.78,25.44,32.06,35.51,95.90,41.94,5.04,44.00,41.20
2026-04-16 14:00:00,2026-04-16 14:14:59,Main PF,271.65,222.21,57.25,60.13,96.38,26.84,16.63,271.77,224.69,57.97,60.82,96.37,28.24,16.66,273.05,220.31,57.01,59.97,96.30,27.56,16.61,272.16,222.40,172.23,180.92,96.35,27.55,49.91,188.60,179.50
2026-04-16 14:00:00,2026-04-16 14:14:59,Q09,474.02,58.97,26.77,27.77,98.31,105.50,2.01,474.73,60.33,27.31,28.44,98.67,105.88,1.83,472.23,57.86,25.62,27.08,97.72,107.93,2.37,473.66,59.05,79.70,83.29,98.23,106.44,6.22,84.80,81.10
2026-04-16 14:00:00,2026-04-16 14:14:59,Q11,473.01,3.09,0.10,1.40,7.24,11.06,-0.54,476.96,2.60,0.00,1.00,4.44,7.76,-0.54,473.86,2.79,0.00,0.90,7.06,9.48,-0.54,474.61,2.83,0.10,3.30,6.25,9.44,-1.62,3.30,0.10
2026-04-16 14:00:00,2026-04-16 14:14:59,Q10 - no CTs,475.45,3.22,0.20,1.40,18.77,23.61,-0.86,476.38,3.41,0.20,1.40,16.64,26.77,-0.89,472.61,3.19,0.20,1.40,17.05,25.34,-0.86,474.81,3.27,0.60,4.20,17.49,25.24,-2.60,4.20,0.60
2026-04-16 14:15:00,2026-04-16 14:29:59,Q12,472.66,5.43,0.40,2.40,19.26,19.13,-1.51,473.60,5.44,0.50,2.40,25.04,21.07,-1.49,473.33,5.13,0.40,2.40,19.64,21.39,-1.40,473.20,5.33,1.30,7.20,21.31,20.53,-4.39,7.20,1.30
2026-04-16 14:15:00,2026-04-16 14:29:59,Q09,473.20,58.55,26.28,27.49,98.30,105.70,2.02,474.61,59.99,27.12,28.28,98.60,105.91,1.89,472.17,58.68,26.18,27.49,97.67,106.50,2.39,473.33,59.07,79.58,83.25,98.19,106.04,6.30,86.10,82.00
2026-04-16 14:15:00,2026-04-16 14:29:59,Q11,473.13,3.09,0.10,1.40,7.39,11.69,-0.53,476.50,2.60,0.00,0.98,4.64,7.50,-0.54,473.46,2.86,0.00,0.90,7.09,9.96,-0.54,474.36,2.85,0.10,3.28,6.37,9.72,-1.61,3.30,0.10
2026-04-16 14:15:00,2026-04-16 14:29:59,Q10 - no CTs,474.94,3.24,0.20,1.40,18.91,23.79,-0.86,476.52,3.49,0.20,1.40,17.12,27.12,-0.89,472.14,3.22,0.20,1.40,17.27,26.04,-0.86,474.53,3.32,0.60,4.20,17.76,25.65,-2.60,4.20,0.60
2026-04-16 14:15:00,2026-04-16 14:29:59,PQM,260.40,233.74,58.18,60.96,95.44,28.85,7.09,297.95,231.77,64.08,69.01,92.85,30.30,16.57,263.23,228.15,54.94,60.05,91.50,30.57,16.57,273.86,231.22,177.20,190.02,93.26,29.91,40.23,202.52,188.67
2026-04-16 14:15:00,2026-04-16 14:29:59,Q08,474.15,30.89,13.68,14.42,98.96,32.47,1.03,473.06,28.03,11.49,13.02,91.18,37.26,3.06,473.09,23.06,9.79,10.65,98.19,46.73,1.07,473.43,27.33,34.97,38.09,96.11,38.82,5.16,47.20,45.60
2026-04-16 14:15:00,2026-04-16 14:29:59,Main PF,271.51,224.93,58.02,60.83,96.57,26.61,16.42,271.54,227.29,58.60,61.47,96.53,28.20,16.50,272.81,220.84,57.11,60.02,96.41,27.77,16.45,271.95,224.35,173.74,182.32,96.50,27.53,49.38,194.50,185.00
2026-04-16 14:30:00,2026-04-16 14:44:59,PQM,260.54,228.27,56.71,59.53,95.25,29.50,6.98,298.21,225.46,62.62,67.39,92.92,31.18,15.33,263.42,224.92,54.27,59.31,91.51,30.99,16.21,274.05,226.22,173.60,186.24,93.23,30.56,38.51,198.26,184.21
2026-04-16 14:30:00,2026-04-16 14:44:59,Q08,474.73,27.24,11.97,12.76,98.68,36.41,1.03,473.29,25.35,10.22,11.75,91.19,41.16,2.71,473.03,21.14,8.92,9.82,97.06,51.00,1.23,473.68,24.57,31.11,34.34,95.64,42.86,4.97,37.90,34.50
2026-04-16 14:30:00,2026-04-16 14:44:59,Main PF,271.65,220.29,56.79,59.56,96.59,27.13,16.01,271.78,222.02,57.31,60.10,96.57,28.67,16.06,273.01,218.27,56.59,59.35,96.54,27.79,15.99,272.15,220.20,170.70,179.01,96.57,27.87,48.05,190.70,179.50
2026-04-16 14:30:00,2026-04-16 14:44:59,Q12,473.35,5.44,0.40,2.40,18.88,19.74,-1.51,473.60,5.43,0.50,2.40,24.74,21.54,-1.49,473.25,5.14,0.40,2.40,19.43,21.44,-1.40,473.40,5.34,1.30,7.20,21.02,20.91,-4.40,7.20,1.30
2026-04-16 14:30:00,2026-04-16 14:44:59,Q09,473.56,57.37,25.96,26.97,98.34,104.61,2.01,475.01,61.47,27.73,28.97,98.63,105.76,1.90,472.12,59.21,26.41,27.77,97.55,107.06,2.46,473.56,59.35,80.10,83.71,98.17,105.81,6.37,85.30,81.10
2026-04-16 14:30:00,2026-04-16 14:44:59,Q11,473.51,3.09,0.10,1.40,6.98,11.42,-0.53,477.03,2.64,0.00,0.99,5.06,7.47,-0.54,473.08,2.84,0.00,0.90,6.95,9.72,-0.54,474.54,2.85,0.10,3.29,6.33,9.54,-1.62,3.30,0.10
2026-04-16 14:30:00,2026-04-16 14:44:59,Q10 - no CTs,475.72,3.28,0.20,1.40,18.84,24.05,-0.86,476.27,3.47,0.20,1.40,17.41,27.56,-0.89,472.31,3.16,0.19,1.40,16.77,24.81,-0.86,474.77,3.31,0.59,4.20,17.67,25.47,-2.60,4.20,0.60
2026-04-16 14:45:00,2026-04-16 14:59:59,Q12,471.99,5.44,0.40,2.39,18.66,19.31,-1.51,472.94,5.44,0.50,2.40,25.03,21.83,-1.48,472.31,5.14,0.40,2.40,19.34,21.34,-1.40,472.41,5.34,1.30,7.19,21.01,20.83,-4.39,7.20,1.30
2026-04-16 14:45:00,2026-04-16 14:59:59,Q09,472.65,58.30,26.25,27.27,98.44,105.32,1.93,473.73,60.04,26.98,28.22,98.65,106.14,1.89,471.17,59.70,26.56,27.89,97.42,107.01,2.53,472.52,59.35,79.79,83.38,98.17,106.15,6.34,85.40,82.10
2026-04-16 14:45:00,2026-04-16 14:59:59,Q11,472.39,3.09,0.10,1.40,6.90,11.16,-0.53,475.66,2.61,0.00,0.94,4.81,7.22,-0.54,472.45,2.82,0.00,0.90,7.35,9.62,-0.54,473.50,2.84,0.10,3.24,6.35,9.33,-1.62,3.30,0.10
2026-04-16 14:45:00,2026-04-16 14:59:59,Q10 - no CTs,473.99,3.29,0.20,1.40,18.17,22.18,-0.86,475.72,3.47,0.20,1.40,17.96,27.75,-0.89,471.49,3.16,0.20,1.40,17.01,26.92,-0.85,473.74,3.30,0.60,4.20,17.71,25.62,-2.60,4.20,0.60
2026-04-16 14:45:00,2026-04-16 14:59:59,PQM,259.97,236.62,58.56,61.35,95.45,28.29,7.50,297.55,231.94,64.04,69.06,92.75,30.41,16.62,262.86,231.29,55.72,60.73,91.76,30.20,16.51,273.46,233.28,178.32,191.14,93.32,29.64,40.62,211.35,196.59
2026-04-16 14:45:00,2026-04-16 14:59:59,Q08,473.69,33.71,15.05,15.73,99.13,28.79,1.10,472.56,30.21,12.41,14.05,91.33,33.91,3.27,472.29,24.69,10.83,11.46,98.69,42.92,0.93,472.85,29.54,38.29,41.24,96.38,35.21,5.30,51.00,47.40
2026-04-16 14:45:00,2026-04-16 14:59:59,Main PF,271.08,226.67,58.31,61.19,96.57,25.91,16.53,271.23,227.67,58.70,61.53,96.50,28.51,16.59,272.38,223.97,57.59,60.69,96.48,27.39,16.52,271.56,226.10,174.60,183.42,96.52,27.27,49.64,202.00,190.10
2026-04-16 15:00:00,2026-04-16 15:14:59,PQM,259.49,231.46,57.29,60.13,95.26,28.90,7.61,296.92,228.58,62.92,67.80,92.80,30.78,16.03,262.35,229.77,55.16,60.17,91.67,30.45,16.32,272.92,229.93,175.37,188.10,93.24,30.04,39.96,206.28,193.20
2026-04-16 15:00:00,2026-04-16 15:14:59,Q08,472.59,30.01,13.16,13.96,98.47,33.27,1.31,471.86,26.69,10.73,12.35,91.54,39.61,2.80,471.95,23.25,10.03,10.83,98.46,46.34,0.92,472.13,26.65,33.92,37.14,96.15,39.74,5.03,44.40,40.40
2026-04-16 15:00:00,2026-04-16 15:14:59,Main PF,270.63,222.49,56.91,60.03,96.41,26.76,16.64,270.89,224.72,57.53,60.67,96.37,28.47,16.66,271.97,223.64,57.47,60.54,96.42,27.51,16.63,271.17,223.62,171.90,181.23,96.40,27.58,49.94,193.20,182.00
2026-04-16 15:00:00,2026-04-16 15:14:59,Q12,471.19,5.44,0.40,2.36,18.61,19.36,-1.50,471.87,5.44,0.50,2.39,24.58,21.48,-1.49,471.85,5.19,0.40,2.40,19.42,21.90,-1.40,471.64,5.36,1.30,7.15,20.87,20.91,-4.39,7.20,1.30
2026-04-16 15:00:00,2026-04-16 15:14:59,Q09,471.79,58.56,26.41,27.40,98.30,105.01,2.02,473.24,61.98,27.96,29.15,98.75,106.06,1.80,470.58,58.70,26.10,27.38,97.59,106.32,2.45,471.87,59.74,80.47,83.92,98.21,105.80,6.28,86.20,83.10
2026-04-16 15:00:00,2026-04-16 15:14:59,Q11,471.48,3.09,0.10,1.40,7.13,10.94,-0.53,475.07,2.59,0.00,0.90,4.49,7.09,-0.54,471.85,2.82,0.00,0.90,6.79,9.68,-0.54,472.80,2.83,0.10,3.20,6.14,9.24,-1.62,3.20,0.10
2026-04-16 15:00:00,2026-04-16 15:14:59,Q10 - no CTs,473.38,3.23,0.20,1.40,18.14,22.49,-0.86,474.82,3.52,0.20,1.40,17.62,27.74,-0.89,470.69,3.16,0.20,1.40,17.54,27.19,-0.85,472.96,3.30,0.60,4.20,17.77,25.81,-2.60,4.20,0.60
2026-04-16 15:15:00,2026-04-16 15:29:59,Q12,473.82,5.46,0.40,2.40,18.84,18.61,-1.51,474.45,5.52,0.50,2.40,24.70,20.89,-1.49,473.53,5.25,0.40,2.40,19.54,21.71,-1.40,473.93,5.41,1.30,7.20,21.03,20.40,-4.40,7.20,1.30
2026-04-16 15:15:00,2026-04-16 15:29:59,Q09,473.58,57.76,26.03,27.01,98.20,105.96,2.06,475.63,59.61,27.14,28.08,98.90,105.42,1.69,472.00,61.04,27.28,28.68,97.54,106.98,2.49,473.74,59.47,80.46,83.77,98.21,106.12,6.24,85.30,82.10
2026-04-16 15:15:00,2026-04-16 15:29:59,Q11,473.81,3.10,0.10,1.40,7.46,11.32,-0.54,477.24,2.63,0.00,0.99,4.73,7.16,-0.54,474.18,2.87,0.00,0.90,7.37,9.66,-0.54,475.08,2.87,0.10,3.29,6.52,9.38,-1.62,3.30,0.10
2026-04-16 15:15:00,2026-04-16 15:29:59,Q10 - no CTs,475.57,3.21,0.20,1.40,18.09,22.44,-0.86,477.30,3.48,0.20,1.40,17.46,27.57,-0.91,472.84,3.20,0.20,1.40,17.93,26.70,-0.85,475.24,3.30,0.60,4.20,17.83,25.57,-2.62,4.20,0.60
2026-04-16 15:15:00,2026-04-16 15:29:59,PQM,260.72,226.21,56.27,59.04,95.31,29.53,6.50,298.42,221.22,61.56,66.31,92.84,31.68,14.88,263.65,223.17,53.88,58.77,91.69,31.74,15.33,274.27,223.53,171.72,184.12,93.28,30.98,36.71,190.43,178.01
2026-04-16 15:15:00,2026-04-16 15:29:59,Q08,475.20,29.61,13.05,13.85,99.14,33.03,0.94,474.04,27.49,11.07,12.82,90.48,37.57,3.09,474.05,21.33,9.07,9.86,97.97,50.67,1.08,474.43,26.14,33.19,36.53,95.86,40.42,5.11,41.70,38.40
2026-04-16 15:15:00,2026-04-16 15:29:59,Main PF,272.00,217.25,56.05,58.93,96.87,27.10,15.12,272.10,216.80,56.15,58.72,96.77,29.06,15.13,273.30,215.48,55.91,58.62,96.81,28.75,15.13,272.47,216.51,168.11,176.27,96.82,28.30,45.38,181.90,173.80
